# Blender 4.3.2
# www.blender.org
mtllib cofre.mtl
o Body_Cube.001
v 0.082252 -0.337166 -2.401700
v 0.332760 -0.351302 -2.362832
v 1.766663 -0.160670 -0.724383
v 1.282663 -0.364710 -2.293549
v 1.731429 -0.307440 -1.854408
v 0.868547 -0.357389 -2.323139
v 1.707977 -0.119787 0.385362
v 0.083516 -0.339166 -2.418809
v 0.334641 -0.353292 -2.379851
v 1.783737 -0.160779 -0.725318
v 1.285993 -0.367985 -2.309451
v 1.744797 -0.308817 -1.866189
v 0.874168 -0.359348 -2.339891
v 1.723808 -0.116060 0.417242
v -0.082252 -0.337166 -2.401700
v -0.332760 -0.351302 -2.362832
v 0.000000 -0.337166 -2.401700
v -1.766663 -0.160670 -0.724383
v -1.282663 -0.364710 -2.293549
v -1.731429 -0.307440 -1.854408
v -0.868547 -0.357389 -2.323139
v -1.707977 -0.119787 0.385362
v -0.083516 -0.339166 -2.418809
v -0.334641 -0.353292 -2.379851
v 0.000000 -0.339166 -2.418809
v -1.783737 -0.160779 -0.725318
v -1.285993 -0.367985 -2.309451
v -1.744797 -0.308817 -1.866189
v -0.874168 -0.359348 -2.339891
v -1.723808 -0.116060 0.417242
v 0.144879 -0.340700 -2.391982
v 0.207506 -0.344233 -2.382265
v 0.270133 -0.347768 -2.372548
v 0.020563 -0.337166 -2.401699
v 0.041126 -0.337166 -2.401700
v 0.061689 -0.337166 -2.401699
v 1.394855 -0.350392 -2.183764
v 1.507046 -0.336075 -2.073978
v 1.619237 -0.321757 -1.964193
v 0.466707 -0.352824 -2.352907
v 0.600654 -0.354346 -2.342984
v 0.734600 -0.355867 -2.333061
v 1.740237 -0.270748 -1.571902
v 1.749046 -0.234054 -1.289396
v 1.757854 -0.197362 -1.006890
v 0.972076 -0.359220 -2.315740
v 1.075605 -0.361049 -2.308343
v 1.179134 -0.362880 -2.300946
v 0.146297 -0.342697 -2.409070
v 0.209078 -0.346229 -2.399331
v 0.271859 -0.349760 -2.389591
v 0.020879 -0.339166 -2.418809
v 0.041758 -0.339166 -2.418809
v 0.062637 -0.339166 -2.418809
v 1.400694 -0.353193 -2.198634
v 1.515395 -0.338402 -2.087820
v 1.630096 -0.323610 -1.977004
v 0.469523 -0.354806 -2.369861
v 0.604404 -0.356320 -2.359871
v 0.739286 -0.357834 -2.349881
v 1.754532 -0.271808 -1.580971
v 1.764267 -0.234798 -1.295753
v 1.774002 -0.197789 -1.010536
v 0.977124 -0.361507 -2.332280
v 1.080080 -0.363666 -2.324671
v 1.183037 -0.365826 -2.317061
v 1.722648 -0.130007 0.107926
v 1.737320 -0.140228 -0.169510
v 1.751991 -0.150449 -0.446947
v 0.083200 -0.338666 -2.414532
v 0.333230 -0.351800 -2.367086
v 0.333700 -0.352297 -2.371341
v 0.334170 -0.352794 -2.375597
v 0.000000 -0.338666 -2.414532
v 0.000000 -0.338165 -2.410254
v 0.000000 -0.337666 -2.405977
v 1.779469 -0.160752 -0.725083
v 1.775200 -0.160724 -0.724850
v 1.770931 -0.160697 -0.724616
v 1.285160 -0.367166 -2.305475
v 1.284328 -0.366347 -2.301499
v 1.283496 -0.365528 -2.297524
v 1.734771 -0.307785 -1.857353
v 1.738113 -0.308129 -1.860298
v 1.741455 -0.308473 -1.863244
v 0.869952 -0.357880 -2.327326
v 0.871358 -0.358369 -2.331515
v 0.872763 -0.358859 -2.335702
v 1.719850 -0.116991 0.409273
v 1.715892 -0.117923 0.401303
v 1.711935 -0.118855 0.393333
v 1.811509 -0.129511 -0.728285
v 1.789086 -0.145091 -0.726333
v 1.750894 -0.291192 -1.871662
v 1.774091 -0.055812 0.422705
v 1.752053 -0.077136 0.410257
v 1.730015 -0.098461 0.397810
v 1.806381 -0.145202 -0.727280
v 1.829024 -0.129623 -0.729243
v 0.085671 -0.313759 -2.466318
v 0.084593 -0.326462 -2.442564
v 0.338959 -0.340770 -2.403103
v 0.343276 -0.328249 -2.426354
v 0.347594 -0.315728 -2.449606
v 0.000000 -0.313759 -2.466318
v 0.000000 -0.326462 -2.442564
v 1.296948 -0.352216 -2.313534
v 0.879754 -0.344921 -2.345658
v 0.890961 -0.332453 -2.368178
v 1.764435 -0.292587 -1.883595
v 0.885447 -0.346905 -2.362626
v 0.896727 -0.334462 -2.385362
v 0.000000 -0.311707 -2.448766
v 0.000000 -0.324436 -2.425233
v 0.345641 -0.313660 -2.431926
v 0.341347 -0.326208 -2.408895
v 0.337054 -0.338755 -2.385863
v 0.083313 -0.324436 -2.425233
v 0.084374 -0.311707 -2.448766
v 1.768755 -0.149599 -0.439678
v -0.144879 -0.340700 -2.391982
v -0.207506 -0.344233 -2.382265
v -0.270133 -0.347768 -2.372548
v -0.020563 -0.337166 -2.401700
v -0.041126 -0.337166 -2.401700
v -0.061689 -0.337166 -2.401699
v -1.394855 -0.350392 -2.183764
v -1.507046 -0.336075 -2.073978
v -1.619237 -0.321757 -1.964193
v -0.466707 -0.352824 -2.352908
v -0.600654 -0.354346 -2.342984
v -0.734600 -0.355867 -2.333061
v -1.740237 -0.270748 -1.571902
v -1.749046 -0.234054 -1.289396
v -1.757854 -0.197362 -1.006890
v -0.972076 -0.359220 -2.315742
v -1.075605 -0.361049 -2.308343
v -1.179134 -0.362880 -2.300946
v -0.146297 -0.342697 -2.409070
v -0.209078 -0.346229 -2.399331
v -0.271859 -0.349760 -2.389591
v -0.020879 -0.339166 -2.418809
v -0.041758 -0.339166 -2.418809
v -0.062637 -0.339166 -2.418809
v -1.400694 -0.353193 -2.198634
v -1.515395 -0.338402 -2.087820
v -1.630096 -0.323610 -1.977004
v -0.469523 -0.354806 -2.369861
v -0.604404 -0.356320 -2.359871
v -0.739286 -0.357834 -2.349881
v -1.754532 -0.271808 -1.580971
v -1.764267 -0.234798 -1.295753
v -1.774002 -0.197789 -1.010536
v -0.977124 -0.361507 -2.332280
v -1.080080 -0.363666 -2.324671
v -1.183037 -0.365826 -2.317061
v -1.722648 -0.130007 0.107926
v -1.737320 -0.140228 -0.169510
v -1.751992 -0.150449 -0.446947
v -0.083200 -0.338666 -2.414532
v -0.082884 -0.338165 -2.410254
v -0.082568 -0.337666 -2.405977
v -0.333230 -0.351800 -2.367086
v -0.333700 -0.352297 -2.371341
v -0.334170 -0.352794 -2.375597
v -1.779469 -0.160752 -0.725083
v -1.775200 -0.160724 -0.724850
v -1.770931 -0.160697 -0.724616
v -1.285160 -0.367166 -2.305475
v -1.284328 -0.366347 -2.301499
v -1.283496 -0.365528 -2.297523
v -1.734771 -0.307785 -1.857353
v -1.738113 -0.308129 -1.860298
v -1.741455 -0.308473 -1.863244
v -0.869952 -0.357880 -2.327326
v -0.871358 -0.358369 -2.331515
v -0.872763 -0.358859 -2.335702
v -1.719850 -0.116991 0.409273
v -1.715892 -0.117923 0.401303
v -1.711935 -0.118855 0.393333
v -1.811509 -0.129511 -0.728285
v -1.789086 -0.145091 -0.726333
v -1.750894 -0.291192 -1.871662
v -1.774091 -0.055812 0.422705
v -1.752053 -0.077136 0.410257
v -1.730015 -0.098461 0.397810
v -1.806381 -0.145202 -0.727280
v -1.829024 -0.129623 -0.729243
v -0.085671 -0.313759 -2.466318
v -0.084593 -0.326462 -2.442564
v -0.338959 -0.340770 -2.403103
v -0.343276 -0.328249 -2.426354
v -0.347594 -0.315728 -2.449605
v -1.296948 -0.352216 -2.313534
v -0.879754 -0.344921 -2.345658
v -0.890961 -0.332453 -2.368178
v -1.764435 -0.292587 -1.883595
v -0.885447 -0.346905 -2.362626
v -0.896727 -0.334462 -2.385362
v -1.790535 -0.051939 0.455819
v -1.768292 -0.073313 0.442960
v -1.746050 -0.094686 0.430101
v -0.345641 -0.313660 -2.431926
v -0.341347 -0.326208 -2.408895
v -0.337054 -0.338755 -2.385863
v -0.083313 -0.324436 -2.425233
v -0.084374 -0.311707 -2.448766
v -1.738790 -0.127240 0.131602
v -1.753773 -0.138420 -0.154037
v -1.768755 -0.149599 -0.439678
v 0.207899 -0.344732 -2.386532
v 0.270564 -0.348266 -2.376808
v 0.208292 -0.345231 -2.390798
v 0.270996 -0.348764 -2.381069
v 0.145942 -0.342199 -2.404799
v 0.208685 -0.345730 -2.395064
v 0.271428 -0.349262 -2.385329
v 0.020642 -0.337666 -2.405977
v 0.041284 -0.337666 -2.405977
v 0.061926 -0.337666 -2.405977
v 0.020721 -0.338165 -2.410254
v 0.041442 -0.338165 -2.410254
v 0.062163 -0.338165 -2.410254
v 0.020800 -0.338666 -2.414532
v 0.041600 -0.338666 -2.414532
v 0.062400 -0.338666 -2.414532
v 1.396315 -0.351092 -2.187482
v 1.509133 -0.336657 -2.077438
v 1.621952 -0.322221 -1.967396
v 1.397774 -0.351793 -2.191199
v 1.511220 -0.337238 -2.080899
v 1.624666 -0.322683 -1.970598
v 1.399234 -0.352494 -2.194916
v 1.513308 -0.337820 -2.084359
v 1.627381 -0.323147 -1.973801
v 0.467411 -0.353320 -2.357146
v 0.601591 -0.354840 -2.347206
v 0.735772 -0.356360 -2.337266
v 0.468115 -0.353815 -2.361385
v 0.602529 -0.355333 -2.351428
v 0.736943 -0.356851 -2.341472
v 0.468819 -0.354311 -2.365623
v 0.603467 -0.355827 -2.355649
v 0.738115 -0.357343 -2.345675
v 1.743811 -0.271012 -1.574169
v 1.752851 -0.234241 -1.290984
v 1.761891 -0.197469 -1.007801
v 1.747385 -0.271278 -1.576437
v 1.756656 -0.234427 -1.292574
v 1.765928 -0.197576 -1.008712
v 1.750958 -0.271542 -1.578704
v 1.760462 -0.234613 -1.294165
v 1.769965 -0.197682 -1.009624
v 1.756182 -0.150236 -0.445129
v 1.741433 -0.139776 -0.165642
v 1.726684 -0.129316 0.113845
v 1.760373 -0.150024 -0.443312
v 1.745546 -0.139324 -0.161775
v 1.730719 -0.128623 0.119765
v 1.764564 -0.149811 -0.441495
v 1.749659 -0.138872 -0.157906
v 1.734755 -0.127931 0.125683
v 0.973338 -0.359791 -2.319875
v 1.076724 -0.361704 -2.312426
v 1.180110 -0.363617 -2.304974
v 0.974600 -0.360364 -2.324010
v 1.077843 -0.362358 -2.316507
v 1.181085 -0.364353 -2.309003
v 0.975862 -0.360936 -2.328145
v 1.078962 -0.363013 -2.320589
v 1.182061 -0.365089 -2.313032
v 1.800852 -0.222505 -1.612188
v 1.811879 -0.186314 -1.318204
v 1.822905 -0.150123 -1.024219
v 1.780647 -0.238586 -1.598759
v 1.790935 -0.202228 -1.308601
v 1.801222 -0.165869 -1.018443
v 1.760442 -0.254666 -1.585331
v 1.769990 -0.218141 -1.298999
v 1.779538 -0.181616 -1.012666
v 1.789051 -0.070342 0.134470
v 1.796645 -0.116418 -0.443649
v 1.781781 -0.103324 -0.159014
v 1.766917 -0.090230 0.125622
v 1.774318 -0.133434 -0.445298
v 1.759550 -0.121776 -0.164262
v 1.744783 -0.110118 0.116774
v 0.282383 -0.312060 -2.459722
v 0.278875 -0.324627 -2.436346
v 0.214474 -0.321004 -2.446335
v 0.150072 -0.317382 -2.456326
v 0.275367 -0.337193 -2.412968
v 0.211776 -0.333617 -2.422833
v 0.148185 -0.330040 -2.432698
v 0.064253 -0.313759 -2.466317
v 0.042836 -0.313759 -2.466317
v 0.021418 -0.313759 -2.466318
v 0.063445 -0.326462 -2.442564
v 0.042297 -0.326462 -2.442564
v 0.021148 -0.326462 -2.442564
v 1.192649 -0.350393 -2.321565
v 1.667508 -0.292828 -2.013009
v 1.550942 -0.309300 -2.125016
v 1.648802 -0.308219 -1.995006
v 1.533169 -0.323851 -2.106418
v 1.417535 -0.339482 -2.217829
v 0.487697 -0.317300 -2.439228
v 0.758364 -0.332909 -2.395609
v 0.620002 -0.331356 -2.405857
v 0.481639 -0.329802 -2.416106
v 0.748825 -0.345372 -2.372745
v 0.612203 -0.343838 -2.382865
v 0.475581 -0.342305 -2.392983
v 1.839678 -0.150566 -1.028007
v 1.827689 -0.187087 -1.324807
v 1.817786 -0.166307 -1.022183
v 1.806548 -0.202990 -1.315123
v 1.795311 -0.239674 -1.608062
v 1.795894 -0.182048 -1.016359
v 1.785408 -0.218894 -1.305439
v 1.774921 -0.255741 -1.594517
v 1.813841 -0.115546 -0.436192
v 1.791298 -0.132572 -0.437935
v 0.150487 -0.302648 -2.462206
v 0.215538 -0.306319 -2.452113
v 0.280589 -0.309990 -2.442019
v 0.148617 -0.315332 -2.438799
v 0.212861 -0.318958 -2.428829
v 0.277104 -0.322583 -2.418863
v 0.146748 -0.328015 -2.415390
v 0.210183 -0.331596 -2.405547
v 0.273618 -0.335176 -2.395705
v 0.021094 -0.311707 -2.448766
v 0.042187 -0.311707 -2.448766
v 0.063281 -0.311707 -2.448766
v 0.020828 -0.324436 -2.425233
v 0.041656 -0.324436 -2.425233
v 0.062485 -0.324436 -2.425233
v 1.426015 -0.323528 -2.222370
v 1.540796 -0.307334 -2.111219
v 1.655578 -0.291138 -2.000068
v 1.410435 -0.336960 -2.203066
v 1.523921 -0.321705 -2.092599
v 1.637408 -0.306448 -1.982131
v 1.001998 -0.336407 -2.376278
v 1.197788 -0.353062 -2.337586
v 1.093675 -0.351010 -2.345932
v 0.989561 -0.348957 -2.354280
v 0.484772 -0.315242 -2.421619
v 0.623904 -0.316823 -2.411311
v 0.763036 -0.318403 -2.401004
v 0.478751 -0.327769 -2.398716
v 0.616154 -0.329330 -2.388535
v 0.753557 -0.330891 -2.378357
v 0.472729 -0.340297 -2.375811
v 0.608404 -0.341838 -2.365761
v 0.744079 -0.343379 -2.355709
v 1.778202 -0.054843 0.430983
v 1.782313 -0.053875 0.439261
v 1.786424 -0.052907 0.447539
v 1.756113 -0.076180 0.418433
v 1.760173 -0.075225 0.426608
v 1.764232 -0.074269 0.434784
v 1.734024 -0.097518 0.405882
v 1.738033 -0.096574 0.413956
v 1.742041 -0.095630 0.422029
v -0.145233 -0.341199 -2.396254
v -0.145588 -0.341699 -2.400526
v -0.145942 -0.342199 -2.404799
v -0.207899 -0.344732 -2.386532
v -0.208292 -0.345231 -2.390798
v -0.208685 -0.345730 -2.395064
v -0.270564 -0.348266 -2.376808
v -0.270996 -0.348764 -2.381069
v -0.271428 -0.349262 -2.385329
v -0.020642 -0.337666 -2.405977
v -0.020721 -0.338165 -2.410254
v -0.020800 -0.338666 -2.414532
v -0.041284 -0.337666 -2.405977
v -0.041442 -0.338165 -2.410254
v -0.041600 -0.338666 -2.414532
v -0.061926 -0.337666 -2.405977
v -0.062163 -0.338165 -2.410254
v -0.062400 -0.338666 -2.414532
v -1.396314 -0.351092 -2.187481
v -1.397774 -0.351793 -2.191199
v -1.399234 -0.352494 -2.194916
v -1.509133 -0.336657 -2.077438
v -1.511220 -0.337238 -2.080899
v -1.513308 -0.337820 -2.084359
v -1.621952 -0.322221 -1.967396
v -1.624666 -0.322683 -1.970598
v -1.627381 -0.323147 -1.973802
v -0.467411 -0.353320 -2.357146
v -0.468115 -0.353815 -2.361384
v -0.468819 -0.354311 -2.365623
v -0.601591 -0.354840 -2.347206
v -0.602529 -0.355333 -2.351428
v -0.603467 -0.355827 -2.355649
v -0.735772 -0.356360 -2.337266
v -0.736943 -0.356851 -2.341472
v -0.738115 -0.357343 -2.345675
v -1.743811 -0.271012 -1.574169
v -1.747384 -0.271278 -1.576437
v -1.750958 -0.271543 -1.578704
v -1.752851 -0.234241 -1.290985
v -1.756656 -0.234427 -1.292574
v -1.760462 -0.234613 -1.294164
v -1.761891 -0.197469 -1.007801
v -1.765928 -0.197576 -1.008712
v -1.769965 -0.197682 -1.009624
v -1.756182 -0.150236 -0.445129
v -1.760373 -0.150024 -0.443312
v -1.764564 -0.149811 -0.441495
v -1.741433 -0.139776 -0.165642
v -1.745546 -0.139324 -0.161775
v -1.749659 -0.138872 -0.157906
v -1.726684 -0.129316 0.113845
v -1.730719 -0.128623 0.119765
v -1.734755 -0.127931 0.125683
v -0.973338 -0.359791 -2.319875
v -0.974600 -0.360364 -2.324010
v -0.975862 -0.360936 -2.328145
v -1.076724 -0.361704 -2.312426
v -1.077843 -0.362358 -2.316507
v -1.078962 -0.363013 -2.320588
v -1.180110 -0.363617 -2.304974
v -1.181085 -0.364353 -2.309003
v -1.182061 -0.365089 -2.313032
v -1.800852 -0.222505 -1.612188
v -1.780647 -0.238586 -1.598759
v -1.760442 -0.254666 -1.585331
v -1.811879 -0.186314 -1.318204
v -1.790934 -0.202228 -1.308601
v -1.769990 -0.218141 -1.298998
v -1.822905 -0.150123 -1.024220
v -1.801222 -0.165869 -1.018443
v -1.779538 -0.181616 -1.012666
v -1.796645 -0.116418 -0.443649
v -1.774318 -0.133434 -0.445297
v -1.781781 -0.103324 -0.159014
v -1.759550 -0.121777 -0.164262
v -1.789051 -0.070342 0.134470
v -1.766917 -0.090230 0.125622
v -1.744783 -0.110118 0.116774
v -0.282383 -0.312060 -2.459722
v -0.278875 -0.324627 -2.436344
v -0.275367 -0.337193 -2.412968
v -0.214474 -0.321004 -2.446335
v -0.211776 -0.333617 -2.422833
v -0.150072 -0.317382 -2.456326
v -0.148185 -0.330040 -2.432698
v -0.064253 -0.313759 -2.466317
v -0.063445 -0.326462 -2.442564
v -0.042836 -0.313759 -2.466318
v -0.042297 -0.326462 -2.442564
v -0.021418 -0.313759 -2.466318
v -0.021148 -0.326462 -2.442564
v -0.996029 -0.334270 -2.359513
v -0.984052 -0.346745 -2.337627
v -1.101097 -0.336087 -2.350849
v -1.088351 -0.348569 -2.329596
v -1.192649 -0.350393 -2.321565
v -1.667508 -0.292828 -2.013009
v -1.648802 -0.308219 -1.995006
v -1.550942 -0.309300 -2.125016
v -1.533168 -0.323851 -2.106418
v -1.417535 -0.339482 -2.217829
v -0.758364 -0.332909 -2.395609
v -0.748825 -0.345372 -2.372745
v -0.620002 -0.331356 -2.405857
v -0.612203 -0.343838 -2.382865
v -0.487697 -0.317300 -2.439228
v -0.481639 -0.329802 -2.416106
v -0.475581 -0.342305 -2.392983
v -1.839678 -0.150566 -1.028007
v -1.817786 -0.166307 -1.022183
v -1.795894 -0.182048 -1.016359
v -1.827689 -0.187086 -1.324807
v -1.806548 -0.202990 -1.315123
v -1.785408 -0.218894 -1.305437
v -1.774921 -0.255741 -1.594517
v -1.805818 -0.067466 0.159063
v -1.783475 -0.087390 0.149910
v -1.761133 -0.107315 0.140755
v -1.798658 -0.101469 -0.143142
v -1.776215 -0.119944 -0.148589
v -1.813841 -0.115546 -0.436192
v -1.791298 -0.132572 -0.437935
v -0.150487 -0.302648 -2.462206
v -0.148617 -0.315332 -2.438798
v -0.146748 -0.328015 -2.415390
v -0.215538 -0.306319 -2.452113
v -0.212861 -0.318958 -2.428829
v -0.210183 -0.331596 -2.405547
v -0.280589 -0.309990 -2.442020
v -0.277104 -0.322583 -2.418863
v -0.273618 -0.335176 -2.395705
v -0.021094 -0.311707 -2.448766
v -0.020828 -0.324436 -2.425233
v -0.042187 -0.311707 -2.448766
v -0.041656 -0.324436 -2.425233
v -0.063281 -0.311707 -2.448766
v -0.062485 -0.324436 -2.425233
v -1.426014 -0.323528 -2.222370
v -1.410435 -0.336960 -2.203066
v -1.540796 -0.307334 -2.111219
v -1.523921 -0.321705 -2.092599
v -1.655578 -0.291138 -2.000069
v -1.637408 -0.306448 -1.982131
v -1.197789 -0.353062 -2.337586
v -1.093675 -0.351010 -2.345932
v -1.001998 -0.336407 -2.376279
v -0.989561 -0.348957 -2.354280
v -0.484772 -0.315242 -2.421619
v -0.478751 -0.327769 -2.398716
v -0.472729 -0.340297 -2.375812
v -0.623904 -0.316823 -2.411311
v -0.616154 -0.329330 -2.388535
v -0.608404 -0.341838 -2.365760
v -0.763036 -0.318403 -2.401005
v -0.753557 -0.330891 -2.378357
v -0.744079 -0.343379 -2.355709
v -1.778202 -0.054843 0.430983
v -1.756113 -0.076180 0.418433
v -1.734024 -0.097518 0.405882
v -1.782313 -0.053875 0.439261
v -1.760173 -0.075225 0.426608
v -1.738032 -0.096574 0.413956
v -1.786424 -0.052907 0.447539
v -1.764232 -0.074269 0.434784
v -1.742041 -0.095630 0.422029
v 1.596316 -0.023502 0.287258
v 0.780034 -0.009502 -0.093205
v 1.266017 -0.005586 0.090272
v 0.436252 0.015862 -0.090777
v 1.587877 -0.256125 -1.980116
v 1.273288 -0.200438 -1.958921
v 1.644556 -0.045373 0.250900
v 0.739750 -0.024516 -0.002396
v 0.380045 -0.029906 -0.023870
v 1.217419 -0.019488 0.062978
v 1.023449 -0.206841 -2.084694
v 0.534875 -0.197413 -2.176274
v 0.291841 -0.189666 -2.211386
v 1.535781 -0.107598 -1.213986
v 1.576298 -0.061674 -0.395330
v 0.582897 -0.000483 -0.188893
v 1.033150 -0.015244 -0.161265
v 0.265875 0.018932 -0.187197
v 1.432321 -0.219408 -1.924404
v 1.756476 -0.201863 -1.602918
v 1.457782 -0.154033 -1.616771
v 1.555495 -0.082228 -0.799918
v 1.740993 -0.041584 0.306524
v 1.278684 -0.073052 -0.998938
v 0.769697 -0.067121 -1.012121
v 0.763022 -0.188044 -2.078663
v 0.444669 -0.045240 -1.022125
v 0.432148 -0.179224 -2.139074
v 0.171947 -0.172423 -2.155383
v 1.712095 -0.138790 -1.191132
v 1.596604 -0.038632 -0.037226
v 1.723996 -0.090910 -0.344014
v 1.738280 -0.060357 0.026324
v 0.280505 -0.041126 -1.024290
v 0.580902 -0.056408 -1.020767
v 1.052323 -0.069256 -0.976654
v 1.631050 -0.179351 -1.595749
v 1.720737 -0.114278 -0.763936
v 1.379760 -0.020117 -0.163866
v 1.384254 -0.038177 -0.442838
v 1.369632 -0.058338 -0.751667
v 1.333675 -0.098090 -1.276163
v 1.205372 -0.137965 -1.649083
v 0.537436 -0.119751 -1.736786
v 0.688455 -0.126034 -1.717941
v 0.243500 -0.110276 -1.752369
v 0.399808 -0.113144 -1.746051
v 0.928967 -0.129480 -1.675630
v 1.330922 -0.320148 -2.253644
v -1.596316 -0.023502 0.287258
v 0.000000 0.022024 -0.091206
v -0.780034 -0.009502 -0.093205
v -1.266017 -0.005586 0.090272
v -0.436252 0.015862 -0.090777
v -1.587877 -0.256125 -1.980115
v -1.273288 -0.200438 -1.958921
v -1.644556 -0.045373 0.250900
v 0.000000 -0.031771 -0.028300
v -0.739750 -0.024516 -0.002396
v -0.380045 -0.029906 -0.023870
v -1.217419 -0.019488 0.062978
v -1.023449 -0.206841 -2.084695
v -0.534875 -0.197413 -2.176274
v -0.291841 -0.189666 -2.211386
v 0.000000 -0.186396 -2.219506
v -1.535781 -0.107598 -1.213985
v -1.576297 -0.061675 -0.395330
v -0.582897 -0.000483 -0.188893
v -1.033150 -0.015244 -0.161265
v -0.265875 0.018932 -0.187197
v -1.432321 -0.219408 -1.924404
v -1.756476 -0.201863 -1.602918
v -1.457781 -0.154033 -1.616771
v -1.555495 -0.082228 -0.799918
v -1.740993 -0.041584 0.306524
v -1.278684 -0.073052 -0.998938
v -0.769697 -0.067121 -1.012120
v -0.763022 -0.188044 -2.078662
v -0.444669 -0.045240 -1.022125
v -0.432148 -0.179224 -2.139074
v 0.000000 -0.039733 -1.027280
v -0.171947 -0.172423 -2.155383
v -1.712095 -0.138790 -1.191132
v -1.596604 -0.038632 -0.037226
v -1.723996 -0.090910 -0.344014
v -1.738280 -0.060357 0.026324
v -0.280505 -0.041126 -1.024290
v -0.580902 -0.056408 -1.020766
v -1.052323 -0.069256 -0.976654
v -1.631050 -0.179351 -1.595749
v -1.720737 -0.114278 -0.763936
v -1.379760 -0.020117 -0.163866
v -1.384254 -0.038177 -0.442838
v -1.369632 -0.058338 -0.751668
v -1.333675 -0.098090 -1.276163
v -1.205372 -0.137965 -1.649083
v -0.537436 -0.119751 -1.736786
v -0.688455 -0.126034 -1.717941
v -0.243500 -0.110276 -1.752369
v 0.000000 -0.109678 -1.761731
v -0.399808 -0.113144 -1.746052
v -0.928967 -0.129480 -1.675630
v -1.330922 -0.320148 -2.253644
v 0.607801 -0.001102 -0.145410
v 0.650596 -0.003593 -0.111964
v 0.709787 -0.006829 -0.098039
v 1.658492 -0.279303 -1.993793
v 1.068045 -0.012294 -0.109880
v 1.121957 -0.009287 -0.049455
v 1.188660 -0.006594 0.019470
v 0.293243 0.020408 -0.138793
v 0.334613 0.020080 -0.104381
v 0.384292 0.018408 -0.091689
v 1.441306 -0.224950 -1.945098
v 1.468216 -0.232493 -1.964486
v 1.520268 -0.241849 -1.973872
v 0.000000 -0.208621 -2.298391
v 0.000000 -0.236156 -2.368147
v 0.000000 -0.272847 -2.433605
v 0.507430 -0.218411 -2.255528
v 0.487293 -0.244260 -2.325775
v 0.474978 -0.278400 -2.392907
v 0.255072 -0.211357 -2.291329
v 0.219533 -0.238094 -2.361504
v 0.191195 -0.273832 -2.427377
v 1.786677 -0.199219 -1.547047
v 1.819388 -0.192616 -1.454923
v 1.368966 -0.303144 -2.208690
v 1.430305 -0.284268 -2.145137
v 1.507254 -0.269249 -2.070434
v 0.993213 -0.229236 -2.164431
v 0.971217 -0.256150 -2.236886
v 0.956560 -0.289376 -2.309383
v 1.405794 -0.166744 -1.722290
v 1.349466 -0.179244 -1.821718
v 1.301773 -0.191199 -1.904923
v 1.549268 -0.087218 -0.904989
v 1.543632 -0.092753 -1.009381
v 1.539654 -0.099404 -1.112514
v 1.603614 -0.025918 0.309368
v 1.614993 -0.030948 0.304737
v 1.629094 -0.037725 0.282276
v 0.000000 0.019944 0.007980
v 0.000000 0.008818 0.037333
v 0.000000 -0.009563 0.017150
v 0.775948 -0.005545 0.010099
v 0.768063 -0.007542 0.046347
v 0.755316 -0.014655 0.034336
v 0.424942 0.014508 0.008302
v 0.411023 0.004918 0.038193
v 0.395818 -0.010881 0.019509
v 1.242344 -0.005357 0.130769
v 1.226145 -0.008220 0.130960
v 1.219135 -0.013290 0.103835
v 0.849185 -0.021693 0.006063
v 0.967749 -0.019135 0.018065
v 1.091731 -0.018010 0.036181
v 1.340814 -0.024276 0.100128
v 1.456764 -0.031245 0.145710
v 1.559825 -0.038808 0.196907
v 0.098209 -0.031614 -0.028165
v 0.195139 -0.031198 -0.027570
v 0.289511 -0.030602 -0.026233
v 0.466424 -0.029141 -0.020257
v 0.552175 -0.028135 -0.015419
v 0.641787 -0.026666 -0.009437
v 1.707412 -0.049724 0.305344
v 1.752893 -0.043609 0.326374
v 1.769156 -0.047067 0.351138
v 1.159553 -0.152917 -1.768107
v 1.110757 -0.169165 -1.883314
v 1.063787 -0.187032 -1.990308
v 0.651412 -0.142114 -1.851062
v 0.610627 -0.159466 -1.973021
v 0.570361 -0.177948 -2.082025
v 0.716206 -0.192866 -2.110133
v 0.655334 -0.197366 -2.142612
v 0.592802 -0.198555 -2.163894
v 0.379116 -0.130870 -1.881843
v 0.354267 -0.149645 -2.005741
v 0.325198 -0.169299 -2.116127
v 0.406197 -0.183799 -2.165694
v 0.370532 -0.188222 -2.191486
v 0.331855 -0.189962 -2.205782
v 0.000000 -0.127471 -1.896801
v 0.000000 -0.146188 -2.018589
v 0.000000 -0.165829 -2.126391
v 0.139760 -0.178045 -2.182441
v 0.095998 -0.183323 -2.206015
v 0.048687 -0.185862 -2.217154
v 1.672787 -0.131652 -1.195471
v 1.631571 -0.123346 -1.200357
v 1.586538 -0.114964 -1.206343
v 1.593949 -0.044587 -0.129275
v 1.588896 -0.050432 -0.217390
v 1.582620 -0.056137 -0.304949
v 1.692709 -0.085401 -0.356495
v 1.659092 -0.078267 -0.369122
v 1.621003 -0.070146 -0.382024
v 0.484556 0.012715 -0.093218
v 0.526497 0.008869 -0.107524
v 0.560330 0.004196 -0.143174
v 0.854522 -0.010771 -0.088625
v 0.926185 -0.011565 -0.094245
v 0.988528 -0.013066 -0.121441
v 0.086319 0.022130 -0.092529
v 0.164111 0.022062 -0.105113
v 0.225965 0.021155 -0.139155
v 1.292171 -0.207859 -1.971292
v 1.330611 -0.215541 -1.971759
v 1.385015 -0.219028 -1.950761
v 1.659457 -0.242152 -1.872103
v 1.713120 -0.227193 -1.761581
v 1.743707 -0.212361 -1.666411
v 1.529505 -0.117573 -1.313758
v 1.517099 -0.128975 -1.413090
v 1.494535 -0.141297 -1.513567
v 1.570814 -0.067026 -0.491088
v 1.565895 -0.072213 -0.591481
v 1.560977 -0.077269 -0.694946
v 1.653940 -0.028915 0.308659
v 1.696246 -0.033779 0.317864
v 1.724970 -0.038208 0.315495
v 1.350545 -0.059398 -0.782890
v 1.325195 -0.062296 -0.838346
v 1.299169 -0.067775 -0.923471
v 0.781763 -0.019446 -0.273100
v 0.780982 -0.033738 -0.506796
v 0.777144 -0.050316 -0.763427
v 0.933037 -0.205103 -2.102933
v 0.851806 -0.200836 -2.108036
v 0.794104 -0.194120 -2.096519
v 0.443773 0.008000 -0.270205
v 0.447494 -0.006837 -0.506590
v 0.447699 -0.025599 -0.767906
v 0.487175 -0.195275 -2.182829
v 0.454091 -0.191367 -2.178969
v 0.437674 -0.185090 -2.160962
v 0.000000 0.014421 -0.271008
v 0.000000 -0.000491 -0.508150
v 0.000000 -0.019584 -0.770838
v 0.252076 -0.188220 -2.211759
v 0.216478 -0.184751 -2.202836
v 0.188870 -0.178630 -2.181109
v 1.822135 -0.154779 -1.182263
v 1.788022 -0.148898 -1.183777
v 1.750828 -0.144130 -1.187024
v 1.593859 -0.024283 0.232767
v 1.594591 -0.027659 0.153361
v 1.596257 -0.032740 0.059782
v 1.784642 -0.097042 -0.319341
v 1.754658 -0.094476 -0.331597
v 1.741432 -0.053543 0.116934
v 1.743093 -0.047883 0.200050
v 1.742644 -0.043779 0.266729
v 1.726896 -0.083569 -0.248004
v 1.730534 -0.075767 -0.155383
v 1.734475 -0.067898 -0.064492
v 1.762320 -0.064417 0.041692
v 1.783924 -0.068104 0.057325
v 1.643778 -0.045027 -0.018366
v 1.681360 -0.050734 -0.002462
v 1.711983 -0.055821 0.011947
v 0.285229 -0.021211 -0.771423
v 0.285276 -0.002752 -0.525820
v 0.277752 0.011041 -0.326922
v 0.256984 -0.093367 -1.604231
v 0.266966 -0.076752 -1.438151
v 0.274466 -0.059614 -1.247159
v 0.323791 -0.041739 -1.023685
v 0.366179 -0.042518 -1.023105
v 0.406771 -0.043630 -1.022577
v 0.070126 -0.039852 -1.027022
v 0.140253 -0.040169 -1.026345
v 0.210379 -0.040615 -1.025388
v 0.581982 -0.038293 -0.770631
v 0.582004 -0.021156 -0.522475
v 0.582345 -0.007789 -0.315479
v 0.556563 -0.104024 -1.590868
v 0.569405 -0.088771 -1.427690
v 0.577130 -0.073172 -1.240056
v 0.619866 -0.059589 -1.020205
v 0.663682 -0.062564 -1.018959
v 0.713307 -0.065140 -1.016456
v 0.479436 -0.047458 -1.021762
v 0.512482 -0.050172 -1.021451
v 0.545680 -0.053212 -1.021136
v 1.059459 -0.052238 -0.733831
v 1.057076 -0.035940 -0.491233
v 1.045188 -0.022863 -0.286977
v 0.975124 -0.114267 -1.530671
v 1.011801 -0.099647 -1.370352
v 1.037007 -0.084942 -1.188499
v 1.127425 -0.069275 -0.967331
v 1.194282 -0.069912 -0.968078
v 1.245863 -0.071517 -0.984001
v 0.833345 -0.068378 -1.005559
v 0.902885 -0.069031 -0.997112
v 0.976488 -0.069262 -0.987304
v 1.665881 -0.167632 -1.495344
v 1.689136 -0.156900 -1.394959
v 1.703610 -0.147252 -1.293814
v 1.474168 -0.213068 -1.869762
v 1.528746 -0.203418 -1.789382
v 1.583508 -0.191716 -1.695659
v 1.668557 -0.184644 -1.593674
v 1.703727 -0.189835 -1.593791
v 1.734440 -0.195776 -1.597237
v 1.507908 -0.160036 -1.609059
v 1.552254 -0.166623 -1.603226
v 1.592680 -0.173245 -1.598910
v 1.720817 -0.108970 -0.655802
v 1.721190 -0.103448 -0.548931
v 1.722152 -0.097499 -0.444581
v 1.717052 -0.131540 -1.086360
v 1.719612 -0.125251 -0.979850
v 1.720574 -0.119604 -0.872183
v 1.756485 -0.118521 -0.755917
v 1.789448 -0.121161 -0.748440
v 1.816896 -0.123229 -0.742063
v 1.603499 -0.090598 -0.789746
v 1.645766 -0.099438 -0.780586
v 1.684208 -0.107684 -0.772096
v 1.294257 -0.009137 0.006880
v 1.324985 -0.013811 -0.080983
v 1.355794 -0.017454 -0.136051
v 1.539010 -0.031742 -0.060567
v 1.477381 -0.025584 -0.090183
v 1.420122 -0.021507 -0.127142
v 1.367872 -0.023203 -0.233633
v 1.362135 -0.028247 -0.321512
v 1.370729 -0.033735 -0.395054
v 1.524274 -0.053514 -0.409019
v 1.469990 -0.046431 -0.422482
v 1.420002 -0.041139 -0.434668
v 1.367173 -0.040821 -0.498141
v 1.355196 -0.045860 -0.581172
v 1.359295 -0.052644 -0.677236
v 1.501487 -0.075098 -0.809258
v 1.447786 -0.068834 -0.807203
v 1.401549 -0.062970 -0.784518
v 1.289040 -0.079586 -1.078915
v 1.303666 -0.087062 -1.164423
v 1.320157 -0.093521 -1.232651
v 1.478892 -0.102178 -1.224151
v 1.421465 -0.098985 -1.238959
v 1.370205 -0.097938 -1.259019
v 1.310905 -0.103535 -1.335908
v 1.279336 -0.112450 -1.424258
v 1.244719 -0.124211 -1.531524
v 1.400687 -0.149026 -1.626343
v 1.338132 -0.144869 -1.636214
v 1.272300 -0.141277 -1.644441
v 0.453835 -0.168167 -2.079943
v 0.482501 -0.153013 -1.986905
v 0.511713 -0.136410 -1.870301
v 0.758026 -0.082569 -1.228382
v 0.741235 -0.096995 -1.413199
v 0.718366 -0.111212 -1.573932
v 0.188862 -0.159401 -2.089451
v 0.207159 -0.144671 -2.001283
v 0.226144 -0.127854 -1.886856
v 0.000000 -0.058455 -1.252040
v 0.000000 -0.075855 -1.445126
v 0.000000 -0.092680 -1.612901
v 0.438593 -0.063357 -1.243762
v 0.429281 -0.080149 -1.433487
v 0.416447 -0.096462 -1.598513
v 0.787310 -0.176824 -2.018861
v 0.827356 -0.161806 -1.925382
v 0.877166 -0.145615 -1.808770
v 1.138758 -0.134790 -1.649756
v 1.070765 -0.132174 -1.652311
v 0.999951 -0.130508 -1.662027
v 0.644211 -0.124748 -1.724419
v 0.605590 -0.123232 -1.729505
v 0.570646 -0.121546 -1.733520
v 0.362217 -0.112109 -1.747780
v 0.323353 -0.111347 -1.749380
v 0.283639 -0.110766 -1.750895
v 0.861044 -0.128667 -1.688608
v 0.797640 -0.127896 -1.700017
v 0.739772 -0.127055 -1.709812
v 0.504276 -0.117915 -1.739583
v 0.470532 -0.116133 -1.742016
v 0.435834 -0.114508 -1.744151
v 0.182625 -0.110056 -1.755806
v 0.121750 -0.109864 -1.758804
v 0.060875 -0.109728 -1.760926
v 1.351455 -0.007539 0.154352
v 1.439291 -0.011873 0.209200
v 1.523065 -0.017543 0.253831
v 1.073665 -0.324490 -2.340194
v 1.178407 -0.319786 -2.300038
v 1.268143 -0.318502 -2.270130
v 1.235018 -0.202422 -1.990182
v 1.179189 -0.204888 -2.026587
v 1.107670 -0.206585 -2.058687
v -0.607801 -0.001102 -0.145410
v -0.650596 -0.003593 -0.111964
v -0.709787 -0.006829 -0.098040
v -1.658493 -0.279303 -1.993793
v -1.068045 -0.012294 -0.109880
v -1.121957 -0.009287 -0.049455
v -1.188660 -0.006594 0.019470
v -0.293243 0.020408 -0.138793
v -0.334613 0.020080 -0.104381
v -0.384292 0.018408 -0.091689
v -1.441306 -0.224950 -1.945098
v -1.468216 -0.232493 -1.964486
v -1.520268 -0.241849 -1.973872
v -0.507430 -0.218411 -2.255528
v -0.487293 -0.244260 -2.325775
v -0.474978 -0.278400 -2.392907
v -0.255072 -0.211357 -2.291329
v -0.219533 -0.238094 -2.361504
v -0.191195 -0.273832 -2.427376
v -0.347534 -0.026629 0.024507
v -1.786677 -0.199219 -1.547048
v -1.819388 -0.192616 -1.454923
v -1.368966 -0.303144 -2.208690
v -1.430305 -0.284268 -2.145137
v -1.507254 -0.269249 -2.070434
v -0.993213 -0.229236 -2.164431
v -0.971217 -0.256150 -2.236885
v -0.956560 -0.289376 -2.309383
v -1.405794 -0.166744 -1.722290
v -1.349466 -0.179244 -1.821718
v -1.301773 -0.191199 -1.904923
v -1.549268 -0.087218 -0.904989
v -1.543632 -0.092753 -1.009381
v -1.539654 -0.099404 -1.112514
v -1.603614 -0.025918 0.309368
v -1.614993 -0.030948 0.304737
v -1.629094 -0.037725 0.282276
v -0.775948 -0.005545 0.010099
v -0.768063 -0.007542 0.046347
v -0.755316 -0.014655 0.034336
v -0.424942 0.014508 0.008302
v -0.411023 0.004918 0.038193
v -0.395818 -0.010881 0.019509
v -1.242344 -0.005357 0.130769
v -1.226145 -0.008220 0.130960
v -1.219135 -0.013290 0.103835
v -0.849185 -0.021693 0.006063
v -0.967749 -0.019135 0.018065
v -1.091731 -0.018010 0.036181
v -1.340814 -0.024276 0.100128
v -1.456764 -0.031245 0.145710
v -1.559825 -0.038808 0.196907
v -0.098209 -0.031614 -0.028165
v -0.195139 -0.031198 -0.027570
v -0.289511 -0.030602 -0.026233
v -0.466424 -0.029141 -0.020257
v -0.552175 -0.028135 -0.015419
v -0.641787 -0.026666 -0.009437
v -1.752439 -0.052137 0.359772
v -1.707412 -0.049724 0.305344
v -1.752893 -0.043609 0.326374
v -1.769156 -0.047067 0.351138
v -1.159553 -0.152917 -1.768107
v -1.110757 -0.169165 -1.883314
v -1.063787 -0.187032 -1.990308
v -0.651412 -0.142114 -1.851062
v -0.610627 -0.159466 -1.973021
v -0.570361 -0.177948 -2.082025
v -0.716206 -0.192866 -2.110133
v -0.655334 -0.197366 -2.142612
v -0.592802 -0.198555 -2.163894
v -0.379116 -0.130870 -1.881843
v -0.354267 -0.149645 -2.005741
v -0.325198 -0.169299 -2.116127
v -0.406197 -0.183799 -2.165694
v -0.370532 -0.188222 -2.191486
v -0.331855 -0.189962 -2.205782
v -0.139760 -0.178045 -2.182441
v -0.095998 -0.183323 -2.206014
v -0.048687 -0.185862 -2.217154
v -1.672787 -0.131652 -1.195471
v -1.631570 -0.123346 -1.200357
v -1.586538 -0.114964 -1.206343
v -1.593949 -0.044587 -0.129275
v -1.588896 -0.050432 -0.217390
v -1.582620 -0.056137 -0.304948
v -1.692709 -0.085401 -0.356495
v -1.659092 -0.078267 -0.369122
v -1.621003 -0.070146 -0.382024
v -0.484556 0.012715 -0.093218
v -0.526497 0.008869 -0.107524
v -0.560330 0.004196 -0.143174
v -0.854522 -0.010771 -0.088625
v -0.926185 -0.011565 -0.094245
v -0.988528 -0.013066 -0.121441
v -0.086319 0.022130 -0.092529
v -0.164111 0.022062 -0.105113
v -0.225965 0.021155 -0.139155
v -1.292172 -0.207859 -1.971292
v -1.330611 -0.215541 -1.971759
v -1.385015 -0.219028 -1.950761
v -1.659457 -0.242152 -1.872104
v -1.713120 -0.227193 -1.761581
v -1.743707 -0.212361 -1.666412
v -1.529505 -0.117573 -1.313758
v -1.517099 -0.128975 -1.413091
v -1.494535 -0.141297 -1.513567
v -1.570814 -0.067026 -0.491088
v -1.565895 -0.072213 -0.591481
v -1.560977 -0.077269 -0.694946
v -1.653939 -0.028915 0.308659
v -1.696246 -0.033779 0.317864
v -1.724969 -0.038208 0.315495
v -1.350545 -0.059398 -0.782890
v -1.325195 -0.062296 -0.838346
v -1.299169 -0.067775 -0.923471
v -0.781763 -0.019446 -0.273098
v -0.780982 -0.033738 -0.506796
v -0.777144 -0.050316 -0.763426
v -0.933037 -0.205103 -2.102934
v -0.851806 -0.200836 -2.108036
v -0.794104 -0.194120 -2.096519
v -0.443773 0.008000 -0.270205
v -0.447494 -0.006837 -0.506590
v -0.447699 -0.025599 -0.767906
v -0.487175 -0.195275 -2.182829
v -0.454091 -0.191367 -2.178969
v -0.437674 -0.185090 -2.160962
v -0.252076 -0.188220 -2.211759
v -0.216478 -0.184751 -2.202836
v -0.188870 -0.178630 -2.181109
v -1.822135 -0.154779 -1.182263
v -1.788022 -0.148898 -1.183777
v -1.750828 -0.144130 -1.187023
v -1.593859 -0.024283 0.232767
v -1.594591 -0.027659 0.153361
v -1.596257 -0.032740 0.059782
v -1.784642 -0.097042 -0.319341
v -1.754658 -0.094476 -0.331597
v -1.741432 -0.053543 0.116934
v -1.743093 -0.047883 0.200050
v -1.742645 -0.043779 0.266729
v -1.726895 -0.083569 -0.248004
v -1.730534 -0.075767 -0.155383
v -1.734475 -0.067898 -0.064492
v -1.762320 -0.064417 0.041692
v -1.783924 -0.068104 0.057325
v -1.643778 -0.045027 -0.018366
v -1.681360 -0.050734 -0.002462
v -1.711983 -0.055821 0.011947
v -0.285229 -0.021211 -0.771422
v -0.285276 -0.002752 -0.525820
v -0.277752 0.011041 -0.326922
v -0.256984 -0.093367 -1.604231
v -0.266966 -0.076752 -1.438151
v -0.274466 -0.059614 -1.247159
v -0.323791 -0.041739 -1.023685
v -0.366179 -0.042518 -1.023105
v -0.406771 -0.043630 -1.022577
v -0.070126 -0.039852 -1.027022
v -0.140253 -0.040169 -1.026345
v -0.210379 -0.040615 -1.025388
v -0.581982 -0.038293 -0.770631
v -0.582004 -0.021156 -0.522475
v -0.582345 -0.007789 -0.315479
v -0.556563 -0.104024 -1.590868
v -0.569405 -0.088771 -1.427691
v -0.577129 -0.073172 -1.240056
v -0.619866 -0.059589 -1.020205
v -0.663682 -0.062564 -1.018960
v -0.713307 -0.065140 -1.016456
v -0.479436 -0.047458 -1.021762
v -0.512482 -0.050172 -1.021451
v -0.545680 -0.053212 -1.021136
v -1.059459 -0.052238 -0.733831
v -1.057076 -0.035940 -0.491233
v -1.045188 -0.022862 -0.286977
v -0.975124 -0.114267 -1.530671
v -1.011801 -0.099647 -1.370352
v -1.037007 -0.084942 -1.188499
v -1.127425 -0.069275 -0.967331
v -1.194282 -0.069912 -0.968078
v -1.245863 -0.071517 -0.984002
v -0.833345 -0.068378 -1.005559
v -0.902885 -0.069031 -0.997112
v -0.976488 -0.069262 -0.987303
v -1.665881 -0.167632 -1.495344
v -1.689137 -0.156900 -1.394959
v -1.703610 -0.147252 -1.293814
v -1.474168 -0.213068 -1.869763
v -1.528746 -0.203418 -1.789382
v -1.583507 -0.191716 -1.695659
v -1.668557 -0.184644 -1.593674
v -1.703727 -0.189835 -1.593791
v -1.734441 -0.195776 -1.597236
v -1.507908 -0.160036 -1.609059
v -1.552254 -0.166623 -1.603226
v -1.592680 -0.173245 -1.598910
v -1.720817 -0.108970 -0.655802
v -1.721190 -0.103448 -0.548931
v -1.722152 -0.097499 -0.444580
v -1.717052 -0.131540 -1.086360
v -1.719612 -0.125251 -0.979850
v -1.720574 -0.119604 -0.872183
v -1.756485 -0.118521 -0.755917
v -1.789448 -0.121161 -0.748440
v -1.816896 -0.123229 -0.742063
v -1.603499 -0.090598 -0.789746
v -1.645766 -0.099438 -0.780586
v -1.684208 -0.107684 -0.772095
v -1.294257 -0.009137 0.006880
v -1.324985 -0.013811 -0.080982
v -1.355794 -0.017454 -0.136051
v -1.539010 -0.031742 -0.060567
v -1.477381 -0.025584 -0.090183
v -1.420122 -0.021507 -0.127142
v -1.367872 -0.023203 -0.233633
v -1.362135 -0.028247 -0.321512
v -1.370729 -0.033735 -0.395054
v -1.524274 -0.053514 -0.409018
v -1.469990 -0.046431 -0.422482
v -1.420002 -0.041139 -0.434668
v -1.367173 -0.040821 -0.498141
v -1.355196 -0.045860 -0.581172
v -1.359295 -0.052644 -0.677236
v -1.501487 -0.075099 -0.809258
v -1.447786 -0.068834 -0.807203
v -1.401549 -0.062970 -0.784517
v -1.289040 -0.079586 -1.078914
v -1.303666 -0.087062 -1.164423
v -1.320157 -0.093521 -1.232651
v -1.478892 -0.102178 -1.224150
v -1.421465 -0.098985 -1.238959
v -1.370205 -0.097938 -1.259019
v -1.310905 -0.103535 -1.335908
v -1.279336 -0.112450 -1.424258
v -1.244719 -0.124211 -1.531523
v -1.400687 -0.149026 -1.626343
v -1.338132 -0.144869 -1.636214
v -1.272300 -0.141277 -1.644441
v -0.453835 -0.168167 -2.079943
v -0.482501 -0.153013 -1.986905
v -0.511713 -0.136410 -1.870301
v -0.758026 -0.082569 -1.228381
v -0.741235 -0.096995 -1.413198
v -0.718366 -0.111212 -1.573931
v -0.188862 -0.159401 -2.089451
v -0.207159 -0.144671 -2.001283
v -0.226144 -0.127854 -1.886856
v -0.438593 -0.063357 -1.243762
v -0.429281 -0.080149 -1.433487
v -0.416447 -0.096462 -1.598513
v -0.787310 -0.176824 -2.018860
v -0.827356 -0.161806 -1.925382
v -0.877166 -0.145615 -1.808770
v -1.138758 -0.134790 -1.649756
v -1.070765 -0.132174 -1.652311
v -0.999951 -0.130508 -1.662027
v -0.644211 -0.124748 -1.724419
v -0.605590 -0.123232 -1.729505
v -0.570646 -0.121546 -1.733520
v -0.362217 -0.112109 -1.747780
v -0.323352 -0.111347 -1.749380
v -0.283639 -0.110767 -1.750895
v -0.861044 -0.128667 -1.688608
v -0.797640 -0.127896 -1.700017
v -0.739772 -0.127055 -1.709812
v -0.504276 -0.117915 -1.739583
v -0.470532 -0.116133 -1.742016
v -0.435834 -0.114508 -1.744151
v -0.182625 -0.110056 -1.755807
v -0.121750 -0.109864 -1.758804
v -0.060875 -0.109729 -1.760926
v -1.351455 -0.007539 0.154352
v -1.439291 -0.011873 0.209200
v -1.523065 -0.017543 0.253831
v -1.073665 -0.324490 -2.340194
v -1.178407 -0.319786 -2.300038
v -1.268143 -0.318502 -2.270130
v -1.359417 -0.343805 -2.285135
v -1.235018 -0.202422 -1.990182
v -1.179189 -0.204888 -2.026587
v -1.107670 -0.206585 -2.058686
v 0.345174 -0.232401 -2.329129
v 0.248762 -0.273546 -2.420088
v 0.274629 -0.237585 -2.352897
v 0.302524 -0.211156 -2.283608
v 0.351049 -0.207170 -2.262317
v 0.396918 -0.197481 -2.219823
v 0.406897 -0.208990 -2.253878
v 0.446531 -0.215339 -2.262443
v 0.410729 -0.240614 -2.334037
v 0.388271 -0.275470 -2.402519
v 0.314558 -0.273265 -2.410058
v 0.115753 -0.228692 -2.348382
v 0.045985 -0.272268 -2.431916
v 0.052025 -0.234945 -2.364827
v 0.050974 -0.207605 -2.294947
v 0.101777 -0.202758 -2.278052
v 0.149197 -0.192061 -2.238572
v 0.172401 -0.203610 -2.276416
v 0.210241 -0.209424 -2.291053
v 0.169401 -0.236073 -2.361804
v 0.140586 -0.272826 -2.429346
v 0.093157 -0.271540 -2.429023
v 1.685542 -0.102632 -0.664962
v 1.648392 -0.094578 -0.674369
v 1.607494 -0.085794 -0.684279
v 1.687186 -0.097373 -0.559123
v 1.651244 -0.089542 -0.569490
v 1.611452 -0.080855 -0.580216
v 1.689466 -0.091698 -0.455868
v 1.654689 -0.084162 -0.467293
v 1.615809 -0.075675 -0.478988
v 1.728165 -0.260965 -1.865003
v 1.778310 -0.239785 -1.727672
v 1.793094 -0.217177 -1.618803
v 1.628391 -0.161265 -1.498123
v 1.588730 -0.154363 -1.501744
v 1.544807 -0.147511 -1.506722
v 1.651346 -0.150224 -1.397915
v 1.611458 -0.142852 -1.401540
v 1.567400 -0.135524 -1.406408
v 1.664994 -0.140295 -1.297346
v 1.624413 -0.132408 -1.301462
v 1.579904 -0.124523 -1.306740
v 0.708261 -0.243659 -2.273873
v 0.579265 -0.281242 -2.378396
v 0.582191 -0.246256 -2.309089
v 0.582856 -0.219821 -2.240264
v 0.663553 -0.217035 -2.211089
v 0.734723 -0.207194 -2.161134
v 0.789898 -0.219662 -2.189124
v 0.884397 -0.226791 -2.186996
v 0.844803 -0.253441 -2.264293
v 0.827824 -0.288043 -2.338956
v 0.699075 -0.284148 -2.359481
v 1.473140 -0.030648 0.190628
v 1.592931 -0.039946 0.246349
v 0.994195 -0.006208 0.068539
v 1.148555 -0.004563 0.084596
v 1.068301 -0.005576 0.036571
v 1.015944 -0.007941 -0.024420
v 0.948331 -0.006631 0.011505
v 0.863763 -0.006435 0.016099
v 0.870466 -0.007577 0.055339
v 0.863064 -0.013446 0.043579
v 0.979519 -0.011860 0.057356
v 1.099429 -0.011494 0.076639
v 1.115474 -0.006482 0.098696
v 1.526858 -0.019902 0.272080
v 1.437267 -0.013824 0.227463
v 1.340532 -0.008654 0.179148
v 1.535239 -0.024794 0.262494
v 1.440421 -0.018244 0.216498
v 1.335678 -0.012364 0.171177
v 1.546745 -0.031378 0.234342
v 1.447554 -0.024326 0.185994
v 1.336643 -0.017867 0.141176
v 0.226862 0.012216 0.037324
v 0.357427 0.017448 0.007791
v 0.294721 0.020421 -0.004795
v 0.251022 0.022846 -0.047609
v 0.186187 0.021627 -0.005179
v 0.098008 0.020397 0.007202
v 0.107944 0.009527 0.038285
v 0.105676 -0.009160 0.017989
v 0.209323 -0.008710 0.019195
v 0.306070 -0.009634 0.019119
v 0.327264 0.007713 0.038895
v 0.580062 0.000332 0.037044
v 0.694208 -0.002785 0.004938
v 0.626618 0.001247 -0.009709
v 0.583734 0.004800 -0.052810
v 0.544168 0.008332 -0.007697
v 0.488623 0.011478 0.006543
v 0.490456 0.002525 0.038947
v 0.481133 -0.011955 0.021840
v 0.567158 -0.013022 0.025228
v 0.657667 -0.014348 0.028827
v 0.674462 -0.005265 0.041825
v 1.691088 -0.042386 0.326146
v 1.735651 -0.045626 0.363486
v 1.767032 -0.048126 0.389588
v 1.675941 -0.035899 0.339016
v 1.719913 -0.039865 0.361995
v 1.750048 -0.043361 0.369250
v 1.663154 -0.031120 0.335954
v 1.706331 -0.035627 0.349506
v 1.735394 -0.039736 0.347679
v 1.524626 -0.018269 0.201979
v 1.529598 -0.021468 0.124779
v 1.535326 -0.026246 0.033747
v 1.446894 -0.012882 0.156336
v 1.457975 -0.016109 0.080665
v 1.469522 -0.020576 -0.003653
v 1.367757 -0.009412 0.092482
v 1.387361 -0.013088 0.014677
v 1.407106 -0.017239 -0.057436
v 0.983218 -0.052402 -0.742029
v 0.910074 -0.052265 -0.749938
v 0.841013 -0.051646 -0.757399
v 0.983881 -0.036085 -0.494886
v 0.913309 -0.035790 -0.496757
v 0.845346 -0.035123 -0.501407
v 0.982153 -0.022533 -0.280368
v 0.916637 -0.021655 -0.269203
v 0.848908 -0.020836 -0.268403
v 0.546563 -0.034651 -0.769791
v 0.513883 -0.031179 -0.768681
v 0.481662 -0.028099 -0.768067
v 0.547151 -0.017094 -0.517853
v 0.514783 -0.013097 -0.510972
v 0.482247 -0.009618 -0.507480
v 0.550314 -0.003416 -0.301025
v 0.517918 0.001140 -0.281202
v 0.482691 0.004978 -0.272047
v 0.214267 -0.020598 -0.770931
v 0.143117 -0.020072 -0.770659
v 0.071653 -0.019715 -0.770727
v 0.216723 -0.001797 -0.517113
v 0.146662 -0.001035 -0.510783
v 0.074085 -0.000612 -0.508378
v 0.218122 0.012732 -0.299425
v 0.152376 0.013888 -0.279596
v 0.078512 0.014353 -0.271881
v 1.715652 -0.049040 0.104612
v 1.684679 -0.044153 0.092681
v 1.645771 -0.038762 0.078533
v 1.718291 -0.043436 0.191210
v 1.687279 -0.038646 0.183418
v 1.646906 -0.033432 0.171836
v 1.720445 -0.039606 0.263297
v 1.690446 -0.034942 0.260986
v 1.648992 -0.029870 0.251754
v 1.784877 -0.062063 0.144514
v 1.764333 -0.057804 0.131195
v 1.784365 -0.056600 0.227862
v 1.764622 -0.052129 0.213446
v 1.779857 -0.051528 0.300819
v 1.761522 -0.047506 0.280652
v 1.784063 -0.089732 -0.216840
v 1.755882 -0.087139 -0.233845
v 1.783779 -0.082229 -0.120415
v 1.757759 -0.079437 -0.139940
v 1.783583 -0.074904 -0.030123
v 1.759981 -0.071741 -0.048645
v 1.697088 -0.078367 -0.261737
v 1.664629 -0.071763 -0.275680
v 1.627234 -0.064203 -0.290020
v 1.702159 -0.070858 -0.170108
v 1.670708 -0.064834 -0.185097
v 1.633760 -0.057943 -0.200730
v 1.707323 -0.063224 -0.079562
v 1.676546 -0.057739 -0.094862
v 1.639601 -0.051505 -0.111172
v 0.410353 -0.023803 -0.768036
v 0.370152 -0.022596 -0.768633
v 0.328137 -0.021799 -0.769847
v 0.409237 -0.004839 -0.506701
v 0.368606 -0.003596 -0.509429
v 0.327100 -0.003000 -0.516366
v 0.401269 0.010224 -0.270734
v 0.357961 0.011480 -0.278597
v 0.316734 0.011642 -0.298863
v 0.288058 -0.168194 -2.117268
v 0.252027 -0.166250 -2.113585
v 0.219189 -0.163097 -2.103276
v 0.317833 -0.148691 -2.007395
v 0.280683 -0.147613 -2.007319
v 0.243794 -0.146235 -2.004964
v 0.342295 -0.129920 -1.883662
v 0.304203 -0.129154 -1.885076
v 0.265355 -0.128482 -1.886080
v 0.144285 -0.162298 -2.105826
v 0.097685 -0.164599 -2.118718
v 0.049296 -0.165638 -2.124984
v 0.155936 -0.145434 -2.008641
v 0.104404 -0.145982 -2.014488
v 0.052357 -0.146177 -2.017685
v 0.169679 -0.127738 -1.890632
v 0.113175 -0.127624 -1.893857
v 0.056607 -0.127519 -1.896020
v 0.719388 -0.048116 -0.767186
v 0.667791 -0.045220 -0.769274
v 0.622131 -0.041880 -0.770441
v 0.721470 -0.031340 -0.510381
v 0.668123 -0.028257 -0.514210
v 0.621867 -0.024871 -0.519863
v 0.718629 -0.016902 -0.277161
v 0.663266 -0.013823 -0.285981
v 0.618460 -0.010920 -0.303788
v 0.529585 -0.176432 -2.088660
v 0.497758 -0.174052 -2.089447
v 0.474683 -0.170665 -2.083409
v 0.571538 -0.158237 -1.979781
v 0.538373 -0.156655 -1.983790
v 0.509815 -0.154708 -1.985057
v 0.610596 -0.140925 -1.857775
v 0.574942 -0.139542 -1.862966
v 0.542663 -0.137998 -1.866912
v 0.427028 -0.168596 -2.090097
v 0.395311 -0.169834 -2.103834
v 0.361158 -0.169997 -2.112266
v 0.453291 -0.152094 -1.992177
v 0.421986 -0.151485 -1.998505
v 0.389001 -0.150635 -2.002978
v 0.480299 -0.134884 -1.873723
v 0.447891 -0.133434 -1.876949
v 0.414260 -0.132067 -1.879642
v 1.239295 -0.034203 -0.462391
v 1.260842 -0.060257 -0.830500
v 1.208629 -0.054022 -0.750244
v 1.137080 -0.052165 -0.728613
v 1.134887 -0.035252 -0.480892
v 1.108088 -0.021439 -0.264675
v 1.172573 -0.018193 -0.207271
v 1.231208 -0.012780 -0.100776
v 1.276250 -0.019550 -0.217380
v 1.321864 -0.021931 -0.247302
v 1.310455 -0.028969 -0.368906
v 1.331103 -0.035323 -0.451967
v 1.308555 -0.040812 -0.542180
v 1.320710 -0.050068 -0.668678
v 1.285798 -0.051501 -0.702947
v 0.984801 -0.185522 -2.005742
v 0.908774 -0.182892 -2.014486
v 0.844056 -0.179315 -2.015621
v 1.037662 -0.167384 -1.896053
v 0.963871 -0.165401 -1.906613
v 0.893544 -0.163339 -1.915444
v 1.089728 -0.150523 -1.776456
v 1.018375 -0.148430 -1.785097
v 0.946707 -0.146810 -1.796201
v 0.730011 -0.177476 -2.035825
v 0.672724 -0.178901 -2.056553
v 0.618724 -0.178966 -2.071829
v 0.765280 -0.161256 -1.938650
v 0.707972 -0.161047 -1.952592
v 0.656218 -0.160448 -1.964088
v 0.812128 -0.144721 -1.821204
v 0.752483 -0.143943 -1.832689
v 0.698747 -0.143102 -1.842692
v 1.766097 -0.187231 -1.511291
v 1.736793 -0.179231 -1.497200
v 1.702549 -0.173229 -1.493763
v 1.793356 -0.178230 -1.415546
v 1.761613 -0.169009 -1.397856
v 1.726265 -0.162617 -1.393234
v 1.811708 -0.166812 -1.304042
v 1.778181 -0.158677 -1.293018
v 1.741646 -0.152853 -1.291142
v 1.597160 -0.230772 -1.878503
v 1.546246 -0.223413 -1.878730
v 1.508797 -0.217732 -1.872519
v 1.657913 -0.218751 -1.779159
v 1.610565 -0.212814 -1.786121
v 1.569126 -0.208057 -1.787530
v 1.701355 -0.206543 -1.684777
v 1.662319 -0.201290 -1.690402
v 1.623261 -0.196626 -1.692982
v 1.429110 -0.209095 -1.881142
v 1.381431 -0.204046 -1.894404
v 1.340419 -0.197220 -1.899409
v 1.485286 -0.198077 -1.796091
v 1.440343 -0.191903 -1.804818
v 1.395865 -0.185191 -1.812410
v 1.542776 -0.185834 -1.699983
v 1.500328 -0.179288 -1.705910
v 1.455178 -0.172682 -1.713181
v 1.816428 -0.118457 -0.646315
v 1.787911 -0.115692 -0.642497
v 1.755423 -0.112995 -0.647297
v 1.786921 -0.110038 -0.535249
v 1.754656 -0.107280 -0.539596
v 1.785731 -0.103839 -0.426554
v 1.754313 -0.101164 -0.433880
v 1.826661 -0.144335 -1.058392
v 1.792876 -0.140422 -1.072362
v 1.755792 -0.136589 -1.080741
v 1.826067 -0.135746 -0.941084
v 1.793821 -0.133174 -0.961748
v 1.757706 -0.130012 -0.973002
v 1.821467 -0.128794 -0.836868
v 1.791995 -0.126866 -0.854202
v 1.757567 -0.124093 -0.864608
v 1.677703 -0.124380 -1.091599
v 1.636353 -0.115862 -1.097354
v 1.591004 -0.107149 -1.104151
v 1.680840 -0.118205 -0.986038
v 1.639978 -0.109664 -0.992700
v 1.594939 -0.100792 -1.000319
v 1.682816 -0.112761 -0.879349
v 1.643030 -0.104334 -0.886925
v 1.599190 -0.095446 -0.895332
v 1.242659 -0.248023 -2.125194
v 1.079779 -0.286670 -2.267535
v 1.094785 -0.254194 -2.194016
v 1.097524 -0.228118 -2.129204
v 1.186803 -0.223816 -2.083538
v 1.246307 -0.216426 -2.030295
v 1.290658 -0.227234 -2.038609
v 1.364352 -0.228872 -2.003516
v 1.374668 -0.239937 -2.041470
v 1.431866 -0.252284 -2.057753
v 1.347027 -0.266433 -2.134146
v 1.291098 -0.289671 -2.206566
v 1.194257 -0.284502 -2.226356
v 1.420264 -0.025862 -0.204972
v 1.478601 -0.030635 -0.175167
v 1.538578 -0.037258 -0.150100
v 1.417425 -0.030682 -0.285767
v 1.476174 -0.035753 -0.257834
v 1.534999 -0.042697 -0.235773
v 1.419187 -0.035939 -0.361416
v 1.473541 -0.041044 -0.338952
v 1.529871 -0.048108 -0.320858
v 1.412583 -0.045980 -0.513771
v 1.464468 -0.051842 -0.512174
v 1.518946 -0.058932 -0.503118
v 1.404998 -0.051291 -0.601888
v 1.458702 -0.057405 -0.607771
v 1.513768 -0.064358 -0.602395
v 1.403652 -0.057336 -0.695893
v 1.454074 -0.063193 -0.707457
v 1.508277 -0.069772 -0.705113
v 1.413746 -0.080742 -1.024746
v 1.388810 -0.067249 -0.861563
v 1.436186 -0.074158 -0.905892
v 1.492757 -0.080401 -0.913626
v 1.484542 -0.086360 -1.019313
v 1.481602 -0.093632 -1.123601
v 1.422014 -0.090435 -1.143193
v 1.368170 -0.090664 -1.181048
v 1.354631 -0.083309 -1.098887
v 1.329823 -0.075583 -1.013755
v 1.364967 -0.071322 -0.937957
v 1.358310 -0.106169 -1.340873
v 1.413642 -0.108637 -1.332814
v 1.472560 -0.112293 -1.322781
v 1.336763 -0.116129 -1.432215
v 1.398040 -0.119633 -1.429186
v 1.459554 -0.123752 -1.421537
v 1.308630 -0.128001 -1.534442
v 1.373671 -0.131839 -1.530195
v 1.436709 -0.136143 -1.522203
v 1.226948 -0.155470 -1.757762
v 1.291033 -0.158405 -1.745852
v 1.350934 -0.162044 -1.733554
v 1.178961 -0.170811 -1.868612
v 1.241442 -0.172667 -1.852424
v 1.298231 -0.175219 -1.835788
v 1.136507 -0.187710 -1.970903
v 1.200627 -0.188020 -1.948202
v 1.255711 -0.188646 -1.923661
v 1.174486 -0.100062 -1.335209
v 1.183563 -0.120197 -1.519834
v 1.120112 -0.116653 -1.508901
v 1.048560 -0.114999 -1.515959
v 1.088127 -0.099930 -1.354274
v 1.112272 -0.084963 -1.174012
v 1.182666 -0.084400 -1.154678
v 1.241534 -0.082406 -1.122559
v 1.249191 -0.092039 -1.234321
v 1.274364 -0.098992 -1.302813
v 1.227705 -0.107703 -1.397902
v 0.670443 -0.109787 -1.580015
v 0.628793 -0.108056 -1.584625
v 0.591478 -0.106106 -1.588122
v 0.689886 -0.095406 -1.418766
v 0.645317 -0.093427 -1.422754
v 0.605750 -0.091175 -1.425588
v 0.703765 -0.080794 -1.233353
v 0.656501 -0.078534 -1.236623
v 0.614776 -0.075942 -1.238690
v 0.378270 -0.095312 -1.600014
v 0.338646 -0.094485 -1.601456
v 0.298056 -0.093871 -1.602854
v 0.390838 -0.078864 -1.434679
v 0.350564 -0.077952 -1.435848
v 0.309070 -0.077290 -1.437003
v 0.400234 -0.061918 -1.244592
v 0.359584 -0.060910 -1.245438
v 0.317407 -0.060190 -1.246297
v 0.903779 -0.113690 -1.544512
v 0.836223 -0.113065 -1.556283
v 0.773927 -0.112277 -1.566064
v 0.937636 -0.099318 -1.384341
v 0.866617 -0.098848 -1.396093
v 0.800548 -0.098115 -1.405687
v 0.961681 -0.084793 -1.201218
v 0.888723 -0.084446 -1.212210
v 0.820161 -0.083753 -1.221318
v 0.522334 -0.101904 -1.593174
v 0.487971 -0.099858 -1.595165
v 0.452875 -0.098004 -1.596919
v 0.534638 -0.086334 -1.429427
v 0.500341 -0.083996 -1.430925
v 0.465546 -0.081890 -1.432256
v 0.542111 -0.070379 -1.241146
v 0.508295 -0.067712 -1.242089
v 0.474261 -0.065322 -1.242942
v 0.192738 -0.093114 -1.607414
v 0.128492 -0.092895 -1.610191
v 0.064246 -0.092739 -1.612156
v 0.200224 -0.076424 -1.440712
v 0.133483 -0.076135 -1.442946
v 0.066742 -0.075932 -1.444526
v 0.205849 -0.059189 -1.248952
v 0.137233 -0.058817 -1.250515
v 0.068617 -0.058556 -1.251621
v -0.345174 -0.232401 -2.329129
v -0.248762 -0.273546 -2.420089
v -0.314558 -0.273265 -2.410058
v -0.388271 -0.275470 -2.402519
v -0.410729 -0.240614 -2.334038
v -0.446531 -0.215339 -2.262443
v -0.406897 -0.208990 -2.253878
v -0.396918 -0.197481 -2.219823
v -0.351049 -0.207170 -2.262317
v -0.302524 -0.211156 -2.283608
v -0.274629 -0.237585 -2.352897
v -0.115753 -0.228692 -2.348383
v -0.045985 -0.272268 -2.431916
v -0.093157 -0.271540 -2.429023
v -0.140586 -0.272826 -2.429346
v -0.169401 -0.236073 -2.361804
v -0.210241 -0.209424 -2.291053
v -0.172401 -0.203610 -2.276416
v -0.149197 -0.192061 -2.238572
v -0.101777 -0.202758 -2.278052
v -0.050974 -0.207605 -2.294948
v -0.052025 -0.234945 -2.364827
v -0.428251 -0.025682 0.027218
v -0.264008 -0.027504 0.022733
v -1.685542 -0.102632 -0.664962
v -1.687186 -0.097373 -0.559123
v -1.689466 -0.091698 -0.455868
v -1.648392 -0.094578 -0.674369
v -1.651245 -0.089542 -0.569490
v -1.654689 -0.084162 -0.467293
v -1.607494 -0.085794 -0.684278
v -1.611452 -0.080855 -0.580216
v -1.615809 -0.075675 -0.478988
v -1.793094 -0.217177 -1.618802
v -1.778310 -0.239785 -1.727673
v -1.728165 -0.260965 -1.865003
v -1.628391 -0.161265 -1.498123
v -1.651346 -0.150224 -1.397915
v -1.664994 -0.140295 -1.297346
v -1.588730 -0.154363 -1.501744
v -1.611458 -0.142852 -1.401540
v -1.624413 -0.132408 -1.301462
v -1.544807 -0.147511 -1.506722
v -1.567400 -0.135524 -1.406408
v -1.579904 -0.124523 -1.306740
v -0.708261 -0.243659 -2.273874
v -0.579265 -0.281242 -2.378396
v -0.699075 -0.284148 -2.359481
v -0.827824 -0.288043 -2.338955
v -0.844803 -0.253441 -2.264292
v -0.884397 -0.226791 -2.186996
v -0.789898 -0.219662 -2.189124
v -0.734723 -0.207194 -2.161134
v -0.663553 -0.217035 -2.211090
v -0.582856 -0.219821 -2.240263
v -0.582191 -0.246256 -2.309089
v -1.346071 -0.022675 0.141455
v -1.473140 -0.030648 0.190628
v -1.592931 -0.039946 0.246349
v -1.621621 -0.040604 0.295788
v -1.644822 -0.040666 0.345221
v -0.994195 -0.006208 0.068539
v -1.148555 -0.004563 0.084596
v -1.115474 -0.006482 0.098696
v -1.099429 -0.011494 0.076639
v -0.979519 -0.011860 0.057356
v -0.863064 -0.013446 0.043579
v -0.870466 -0.007577 0.055338
v -0.863763 -0.006435 0.016099
v -0.948331 -0.006631 0.011505
v -1.015944 -0.007941 -0.024420
v -1.068301 -0.005576 0.036571
v -1.526858 -0.019902 0.272080
v -1.535239 -0.024794 0.262494
v -1.546745 -0.031378 0.234342
v -1.437267 -0.013824 0.227463
v -1.440422 -0.018244 0.216498
v -1.447554 -0.024327 0.185994
v -1.340532 -0.008654 0.179148
v -1.335678 -0.012364 0.171177
v -1.336643 -0.017867 0.141176
v -0.226862 0.012216 0.037324
v -0.357427 0.017448 0.007791
v -0.327264 0.007713 0.038895
v -0.306070 -0.009634 0.019119
v -0.209323 -0.008710 0.019195
v -0.105676 -0.009161 0.017989
v -0.107944 0.009527 0.038285
v -0.098008 0.020397 0.007202
v -0.186187 0.021627 -0.005179
v -0.251022 0.022846 -0.047609
v -0.294721 0.020421 -0.004795
v -0.580062 0.000332 0.037044
v -0.694208 -0.002785 0.004938
v -0.674462 -0.005265 0.041825
v -0.657667 -0.014348 0.028827
v -0.567158 -0.013022 0.025228
v -0.481133 -0.011955 0.021840
v -0.490456 0.002525 0.038947
v -0.488623 0.011478 0.006543
v -0.544168 0.008332 -0.007697
v -0.583734 0.004800 -0.052810
v -0.626618 0.001247 -0.009709
v -1.691088 -0.042386 0.326146
v -1.675941 -0.035900 0.339016
v -1.663154 -0.031120 0.335954
v -1.735651 -0.045626 0.363486
v -1.719912 -0.039865 0.361995
v -1.706331 -0.035627 0.349506
v -1.767032 -0.048126 0.389588
v -1.750049 -0.043361 0.369250
v -1.735394 -0.039736 0.347680
v -1.524626 -0.018269 0.201979
v -1.446894 -0.012882 0.156336
v -1.367757 -0.009412 0.092482
v -1.529598 -0.021468 0.124779
v -1.457975 -0.016109 0.080665
v -1.387362 -0.013088 0.014677
v -1.535325 -0.026246 0.033747
v -1.469522 -0.020576 -0.003653
v -1.407105 -0.017239 -0.057436
v -0.983218 -0.052402 -0.742029
v -0.983881 -0.036085 -0.494886
v -0.982153 -0.022533 -0.280368
v -0.910074 -0.052265 -0.749938
v -0.913309 -0.035790 -0.496756
v -0.916637 -0.021655 -0.269203
v -0.841013 -0.051646 -0.757399
v -0.845347 -0.035123 -0.501407
v -0.848908 -0.020836 -0.268403
v -0.546563 -0.034651 -0.769791
v -0.547151 -0.017094 -0.517853
v -0.550314 -0.003417 -0.301025
v -0.513883 -0.031179 -0.768681
v -0.514783 -0.013097 -0.510972
v -0.517918 0.001140 -0.281202
v -0.481662 -0.028099 -0.768067
v -0.482247 -0.009618 -0.507480
v -0.482691 0.004978 -0.272047
v -0.214267 -0.020598 -0.770931
v -0.216723 -0.001797 -0.517112
v -0.218122 0.012732 -0.299425
v -0.143117 -0.020072 -0.770659
v -0.146662 -0.001035 -0.510783
v -0.152376 0.013888 -0.279596
v -0.071653 -0.019715 -0.770727
v -0.074085 -0.000612 -0.508378
v -0.078512 0.014353 -0.271881
v -1.715652 -0.049040 0.104612
v -1.718291 -0.043436 0.191210
v -1.720445 -0.039606 0.263297
v -1.684679 -0.044153 0.092681
v -1.687279 -0.038646 0.183418
v -1.690446 -0.034942 0.260986
v -1.645771 -0.038762 0.078533
v -1.646905 -0.033432 0.171836
v -1.648992 -0.029870 0.251754
v -1.784877 -0.062063 0.144514
v -1.784365 -0.056600 0.227862
v -1.779857 -0.051528 0.300819
v -1.764333 -0.057804 0.131195
v -1.764622 -0.052129 0.213446
v -1.761522 -0.047506 0.280652
v -1.784063 -0.089732 -0.216840
v -1.783779 -0.082229 -0.120415
v -1.783583 -0.074904 -0.030123
v -1.755882 -0.087139 -0.233845
v -1.757759 -0.079437 -0.139940
v -1.759981 -0.071741 -0.048645
v -1.697088 -0.078367 -0.261737
v -1.702159 -0.070858 -0.170108
v -1.707323 -0.063224 -0.079562
v -1.664629 -0.071763 -0.275680
v -1.670708 -0.064834 -0.185097
v -1.676546 -0.057739 -0.094862
v -1.627234 -0.064203 -0.290020
v -1.633760 -0.057943 -0.200730
v -1.639601 -0.051505 -0.111172
v -0.410353 -0.023803 -0.768036
v -0.409237 -0.004839 -0.506701
v -0.401269 0.010224 -0.270734
v -0.370152 -0.022596 -0.768632
v -0.368606 -0.003596 -0.509429
v -0.357961 0.011480 -0.278597
v -0.328137 -0.021799 -0.769847
v -0.327100 -0.003000 -0.516366
v -0.316734 0.011642 -0.298863
v -0.288058 -0.168194 -2.117269
v -0.317833 -0.148691 -2.007395
v -0.342295 -0.129920 -1.883663
v -0.252027 -0.166250 -2.113585
v -0.280683 -0.147613 -2.007319
v -0.304203 -0.129154 -1.885076
v -0.219189 -0.163097 -2.103275
v -0.243794 -0.146235 -2.004964
v -0.265355 -0.128482 -1.886080
v -0.144285 -0.162298 -2.105825
v -0.155936 -0.145434 -2.008641
v -0.169679 -0.127739 -1.890634
v -0.097685 -0.164599 -2.118718
v -0.104404 -0.145982 -2.014488
v -0.113175 -0.127625 -1.893857
v -0.049296 -0.165638 -2.124983
v -0.052357 -0.146177 -2.017684
v -0.056607 -0.127519 -1.896019
v -0.719388 -0.048116 -0.767186
v -0.721470 -0.031340 -0.510381
v -0.718629 -0.016902 -0.277161
v -0.667791 -0.045220 -0.769275
v -0.668123 -0.028257 -0.514210
v -0.663266 -0.013823 -0.285981
v -0.622131 -0.041880 -0.770441
v -0.621867 -0.024871 -0.519863
v -0.618460 -0.010920 -0.303788
v -0.529585 -0.176432 -2.088660
v -0.571538 -0.158237 -1.979781
v -0.610596 -0.140925 -1.857775
v -0.497758 -0.174052 -2.089447
v -0.538373 -0.156655 -1.983790
v -0.574942 -0.139542 -1.862966
v -0.474683 -0.170665 -2.083408
v -0.509815 -0.154708 -1.985058
v -0.542663 -0.137998 -1.866912
v -0.427028 -0.168596 -2.090097
v -0.453291 -0.152094 -1.992177
v -0.480299 -0.134884 -1.873723
v -0.395311 -0.169834 -2.103834
v -0.421986 -0.151485 -1.998505
v -0.447892 -0.133434 -1.876949
v -0.361158 -0.169997 -2.112266
v -0.389001 -0.150635 -2.002978
v -0.414260 -0.132067 -1.879642
v -1.239295 -0.034203 -0.462391
v -1.260842 -0.060257 -0.830499
v -1.285798 -0.051501 -0.702947
v -1.320709 -0.050068 -0.668678
v -1.308555 -0.040812 -0.542180
v -1.331103 -0.035323 -0.451968
v -1.310455 -0.028969 -0.368906
v -1.321864 -0.021931 -0.247302
v -1.276250 -0.019550 -0.217380
v -1.231208 -0.012780 -0.100778
v -1.172573 -0.018193 -0.207271
v -1.108088 -0.021439 -0.264675
v -1.134886 -0.035252 -0.480892
v -1.137080 -0.052165 -0.728613
v -1.208629 -0.054022 -0.750244
v -0.984801 -0.185522 -2.005742
v -1.037662 -0.167384 -1.896053
v -1.089728 -0.150523 -1.776457
v -0.908774 -0.182892 -2.014487
v -0.963871 -0.165401 -1.906613
v -1.018375 -0.148430 -1.785097
v -0.844056 -0.179315 -2.015621
v -0.893544 -0.163339 -1.915444
v -0.946707 -0.146810 -1.796201
v -0.730011 -0.177476 -2.035825
v -0.765280 -0.161256 -1.938650
v -0.812128 -0.144721 -1.821205
v -0.672724 -0.178901 -2.056553
v -0.707972 -0.161047 -1.952592
v -0.752483 -0.143943 -1.832689
v -0.618724 -0.178966 -2.071829
v -0.656218 -0.160448 -1.964088
v -0.698747 -0.143102 -1.842692
v -1.766097 -0.187231 -1.511291
v -1.793356 -0.178230 -1.415545
v -1.811708 -0.166812 -1.304043
v -1.736793 -0.179231 -1.497200
v -1.761613 -0.169009 -1.397856
v -1.778181 -0.158677 -1.293019
v -1.702549 -0.173229 -1.493764
v -1.726265 -0.162617 -1.393234
v -1.741646 -0.152853 -1.291142
v -1.597160 -0.230772 -1.878503
v -1.657913 -0.218751 -1.779159
v -1.701355 -0.206543 -1.684777
v -1.546246 -0.223413 -1.878730
v -1.610565 -0.212814 -1.786121
v -1.662319 -0.201290 -1.690402
v -1.508797 -0.217732 -1.872519
v -1.569126 -0.208057 -1.787530
v -1.623261 -0.196626 -1.692982
v -1.429110 -0.209095 -1.881142
v -1.485286 -0.198077 -1.796092
v -1.542776 -0.185834 -1.699983
v -1.381431 -0.204046 -1.894404
v -1.440343 -0.191903 -1.804818
v -1.500328 -0.179288 -1.705910
v -1.340419 -0.197220 -1.899409
v -1.395864 -0.185191 -1.812410
v -1.455178 -0.172682 -1.713181
v -1.816428 -0.118457 -0.646314
v -1.787911 -0.115692 -0.642497
v -1.786921 -0.110038 -0.535249
v -1.785731 -0.103839 -0.426554
v -1.755423 -0.112995 -0.647297
v -1.754656 -0.107280 -0.539596
v -1.754313 -0.101164 -0.433879
v -1.826661 -0.144335 -1.058392
v -1.826067 -0.135746 -0.941083
v -1.821467 -0.128794 -0.836868
v -1.792876 -0.140422 -1.072361
v -1.793821 -0.133173 -0.961748
v -1.791995 -0.126866 -0.854203
v -1.755792 -0.136589 -1.080741
v -1.757706 -0.130012 -0.973002
v -1.757567 -0.124093 -0.864608
v -1.677703 -0.124380 -1.091599
v -1.680840 -0.118205 -0.986038
v -1.682816 -0.112761 -0.879349
v -1.636353 -0.115862 -1.097355
v -1.639978 -0.109664 -0.992700
v -1.643030 -0.104334 -0.886925
v -1.591003 -0.107149 -1.104151
v -1.594939 -0.100792 -1.000319
v -1.599190 -0.095446 -0.895332
v -1.242659 -0.248023 -2.125194
v -1.079778 -0.286670 -2.267533
v -1.194257 -0.284502 -2.226356
v -1.291098 -0.289671 -2.206566
v -1.347027 -0.266433 -2.134146
v -1.431866 -0.252284 -2.057753
v -1.374668 -0.239937 -2.041470
v -1.364352 -0.228872 -2.003516
v -1.290658 -0.227234 -2.038609
v -1.246307 -0.216426 -2.030295
v -1.186803 -0.223816 -2.083538
v -1.097524 -0.228118 -2.129204
v -1.094785 -0.254194 -2.194014
v -1.420264 -0.025862 -0.204972
v -1.417425 -0.030682 -0.285767
v -1.419187 -0.035939 -0.361416
v -1.478601 -0.030635 -0.175167
v -1.476174 -0.035753 -0.257834
v -1.473541 -0.041044 -0.338952
v -1.538578 -0.037258 -0.150100
v -1.534999 -0.042697 -0.235773
v -1.529871 -0.048108 -0.320858
v -1.412583 -0.045981 -0.513770
v -1.404998 -0.051291 -0.601888
v -1.403652 -0.057336 -0.695893
v -1.464468 -0.051842 -0.512174
v -1.458702 -0.057405 -0.607771
v -1.454074 -0.063193 -0.707457
v -1.518946 -0.058932 -0.503119
v -1.513768 -0.064358 -0.602395
v -1.508276 -0.069772 -0.705113
v -1.413746 -0.080742 -1.024745
v -1.388810 -0.067249 -0.861563
v -1.364967 -0.071322 -0.937958
v -1.329823 -0.075583 -1.013755
v -1.354631 -0.083309 -1.098888
v -1.368169 -0.090664 -1.181048
v -1.422014 -0.090435 -1.143193
v -1.481602 -0.093632 -1.123601
v -1.484542 -0.086360 -1.019313
v -1.492757 -0.080401 -0.913627
v -1.436187 -0.074158 -0.905892
v -1.358310 -0.106169 -1.340873
v -1.336763 -0.116129 -1.432215
v -1.308630 -0.128001 -1.534442
v -1.413642 -0.108637 -1.332814
v -1.398041 -0.119633 -1.429187
v -1.373671 -0.131839 -1.530195
v -1.472560 -0.112293 -1.322781
v -1.459554 -0.123752 -1.421537
v -1.436709 -0.136143 -1.522203
v -1.226948 -0.155470 -1.757761
v -1.178961 -0.170811 -1.868612
v -1.136507 -0.187710 -1.970904
v -1.291033 -0.158405 -1.745852
v -1.241442 -0.172667 -1.852424
v -1.200627 -0.188020 -1.948203
v -1.350934 -0.162044 -1.733554
v -1.298231 -0.175219 -1.835789
v -1.255711 -0.188646 -1.923661
v -1.174486 -0.100062 -1.335209
v -1.183563 -0.120197 -1.519834
v -1.227705 -0.107703 -1.397902
v -1.274364 -0.098992 -1.302813
v -1.249191 -0.092039 -1.234321
v -1.241534 -0.082406 -1.122558
v -1.182666 -0.084400 -1.154677
v -1.112272 -0.084963 -1.174012
v -1.088127 -0.099930 -1.354274
v -1.048559 -0.114999 -1.515959
v -1.120112 -0.116653 -1.508901
v -0.670443 -0.109787 -1.580015
v -0.689886 -0.095406 -1.418766
v -0.703765 -0.080794 -1.233353
v -0.628793 -0.108056 -1.584625
v -0.645317 -0.093427 -1.422754
v -0.656501 -0.078534 -1.236623
v -0.591478 -0.106106 -1.588122
v -0.605750 -0.091175 -1.425588
v -0.614775 -0.075942 -1.238690
v -0.378270 -0.095312 -1.600014
v -0.390838 -0.078864 -1.434679
v -0.400234 -0.061918 -1.244592
v -0.338646 -0.094484 -1.601455
v -0.350564 -0.077952 -1.435848
v -0.359584 -0.060910 -1.245438
v -0.298056 -0.093871 -1.602854
v -0.309070 -0.077290 -1.437003
v -0.317407 -0.060190 -1.246296
v -0.903779 -0.113690 -1.544512
v -0.937636 -0.099318 -1.384341
v -0.961681 -0.084793 -1.201217
v -0.836223 -0.113065 -1.556283
v -0.866617 -0.098848 -1.396093
v -0.888723 -0.084446 -1.212210
v -0.773927 -0.112277 -1.566062
v -0.800548 -0.098115 -1.405687
v -0.820161 -0.083753 -1.221318
v -0.522334 -0.101904 -1.593174
v -0.534638 -0.086334 -1.429427
v -0.542111 -0.070379 -1.241146
v -0.487971 -0.099858 -1.595165
v -0.500341 -0.083995 -1.430925
v -0.508295 -0.067712 -1.242089
v -0.452875 -0.098004 -1.596919
v -0.465546 -0.081890 -1.432255
v -0.474262 -0.065322 -1.242942
v -0.192738 -0.093114 -1.607414
v -0.200224 -0.076424 -1.440712
v -0.205849 -0.059189 -1.248952
v -0.128492 -0.092895 -1.610191
v -0.133483 -0.076135 -1.442946
v -0.137233 -0.058817 -1.250515
v -0.064246 -0.092738 -1.612156
v -0.066741 -0.075932 -1.444526
v -0.068616 -0.058556 -1.251621
v -1.430301 -0.328953 -2.235609
v -1.000824 -0.329276 -2.368277
v -1.077620 -0.334391 -2.355114
v -1.103059 -0.342273 -2.360610
v -1.101180 -0.336006 -2.350988
v -1.102781 -0.336117 -2.350710
v -1.187418 -0.348493 -2.345801
v -1.201853 -0.349546 -2.343240
v -1.185459 -0.342252 -2.335853
v -1.200289 -0.343334 -2.333221
v -1.298835 -0.357596 -2.325424
v -1.279284 -0.349260 -2.319396
v -1.298643 -0.350734 -2.315906
v -1.321422 -0.352477 -2.310433
v -1.353005 -0.338483 -2.278049
v -1.413750 -0.325259 -2.234246
v -1.358704 -0.343889 -2.285499
v -1.359345 -0.343747 -2.285056
v -1.429403 -0.328576 -2.235214
v -1.431409 -0.328189 -2.233639
v -1.418838 -0.324129 -2.230578
v -1.427199 -0.322506 -2.223838
v -1.444196 -0.325688 -2.223711
v -1.467423 -0.321103 -2.205268
v -1.494848 -0.308819 -2.170284
v -1.549637 -0.299804 -2.120974
v -1.578920 -0.294989 -2.094613
v -1.590719 -0.293602 -2.082374
v -1.661942 -0.285777 -2.006350
v -1.668827 -0.285046 -1.999012
v -1.714010 -0.282895 -1.943486
v -1.762954 -0.281126 -1.882353
v -1.789298 -0.242551 -1.719027
v -1.799840 -0.225826 -1.639164
v -1.803179 -0.220653 -1.613734
v -1.764419 -0.279079 -1.874773
v -1.772692 -0.266700 -1.823129
v -1.805741 -0.216687 -1.593354
v -1.819594 -0.192846 -1.455630
v -1.819848 -0.192330 -1.452207
v -1.838617 -0.178865 -1.329814
v -1.827161 -0.174703 -1.325210
v -1.838760 -0.178540 -1.327391
v -1.827586 -0.173696 -1.317747
v -1.832374 -0.157793 -1.182641
v -1.845110 -0.146661 -1.029451
v -1.832818 -0.145458 -1.053555
v -1.832197 -0.143376 -1.026695
v -1.843527 -0.138843 -0.932730
v -1.843304 -0.137547 -0.917009
v -1.826296 -0.129083 -0.829404
v -1.828198 -0.132752 -0.883109
v -1.830429 -0.136201 -0.934990
v -1.839841 -0.129894 -0.808471
v -1.821551 -0.123716 -0.740939
v -1.820730 -0.123105 -0.729087
v -1.832384 -0.121384 -0.662291
v -1.817028 -0.118567 -0.646914
v -1.816485 -0.117890 -0.634719
v -1.812357 -0.112820 -0.540497
v -1.808704 -0.107228 -0.442758
v -1.808135 -0.106240 -0.426175
v -1.804516 -0.098996 -0.311100
v -1.801524 -0.091345 -0.202080
v -1.800695 -0.087625 -0.154549
v -1.799589 -0.083769 -0.102141
v -1.798816 -0.079826 -0.053676
v -1.798050 -0.076712 -0.013258
v -1.796584 -0.070445 0.067431
v -1.794701 -0.065264 0.136728
v -1.806954 -0.068620 0.137000
v -1.806536 -0.067729 0.150102
v -1.808701 -0.072858 0.077483
v -1.806185 -0.067138 0.159213
v -1.788812 -0.053745 0.311192
v -1.794385 -0.064434 0.148331
v -1.791903 -0.058653 0.231589
v -1.784774 -0.050522 0.379080
v -1.778874 -0.052657 0.410903
v -1.779245 -0.053043 0.403787
v -1.778152 -0.051881 0.424998
v -1.780255 -0.051784 0.407126
v -1.783939 -0.050625 0.385540
v -1.792086 -0.053370 0.427206
v -1.795580 -0.051987 0.410626
v -1.790664 -0.051815 0.455893
v -1.781285 -0.051865 0.432735
v -1.784415 -0.051848 0.440463
v -1.787541 -0.051831 0.448182
v 0.063943 -0.301123 -2.468334
v 0.042635 -0.300968 -2.468619
v 0.042555 -0.300968 -2.468620
v 0.021320 -0.300835 -2.468866
v 0.000000 -0.300761 -2.469002
v -0.021320 -0.300835 -2.468866
v 0.000000 -0.300761 -2.469002
v -0.042555 -0.300968 -2.468621
v -0.042635 -0.300968 -2.468619
v -0.063943 -0.301123 -2.468334
v -0.085235 -0.301380 -2.467856
v -0.086231 -0.301377 -2.467811
v -0.123366 -0.301118 -2.466413
v -0.132317 -0.301054 -2.466079
v -0.150718 -0.301081 -2.465099
v -0.183187 -0.301189 -2.463253
v -0.216533 -0.301622 -2.460767
v -0.241691 -0.302150 -2.458515
v -0.282549 -0.302912 -2.455035
v -0.348780 -0.304489 -2.448765
v -0.309417 -0.303675 -2.452262
v -0.387205 -0.305449 -2.444946
v -0.478361 -0.307838 -2.435684
v -0.488153 -0.308210 -2.434476
v -0.479112 -0.314371 -2.445178
v -0.488937 -0.314742 -2.443962
v -0.627697 -0.319039 -2.428546
v -0.619829 -0.318784 -2.429442
v -0.587091 -0.317553 -2.433485
v -0.585716 -0.311174 -2.423807
v -0.626381 -0.312826 -2.418590
v -0.705857 -0.315421 -2.409566
v -0.707201 -0.321619 -2.419493
v -0.765299 -0.323849 -2.412232
v -0.763607 -0.317650 -2.402370
v -0.791487 -0.318727 -2.398896
v -0.832409 -0.320474 -2.393487
v -0.898847 -0.323679 -2.384024
v -0.833262 -0.326510 -2.403637
v -0.957479 -0.326577 -2.375624
v -0.980896 -0.327983 -2.371748
v 1.427199 -0.322506 -2.223838
v 1.549637 -0.299804 -2.120974
v 1.494848 -0.308819 -2.170284
v 1.431409 -0.328189 -2.233639
v 1.668995 -0.291605 -2.014441
v 1.661942 -0.285777 -2.006350
v 1.590718 -0.293602 -2.082376
v 1.578920 -0.294989 -2.094613
v 1.413752 -0.325258 -2.234246
v 1.418838 -0.324130 -2.230577
v 1.298643 -0.350734 -2.315906
v 1.353006 -0.338483 -2.278049
v 1.429403 -0.328576 -2.235214
v 1.359345 -0.343747 -2.285056
v 1.279284 -0.349260 -2.319396
v 1.200289 -0.343334 -2.333221
v 1.102779 -0.336117 -2.350710
v 1.101180 -0.336006 -2.350987
v 1.185459 -0.342252 -2.335853
v 1.077620 -0.334391 -2.355112
v 1.000824 -0.329276 -2.368277
v 0.957479 -0.326577 -2.375624
v 0.980896 -0.327983 -2.371748
v 0.898847 -0.323679 -2.384024
v 0.791490 -0.318727 -2.398896
v 0.763608 -0.317650 -2.402370
v 0.832409 -0.320474 -2.393487
v 0.705857 -0.315421 -2.409566
v 0.626381 -0.312826 -2.418590
v 0.585716 -0.311174 -2.423807
v 0.488153 -0.308210 -2.434476
v 0.478361 -0.307838 -2.435684
v 0.387205 -0.305449 -2.444946
v 0.348780 -0.304489 -2.448764
v 0.309417 -0.303675 -2.452262
v 0.282549 -0.302912 -2.455035
v 0.241691 -0.302150 -2.458515
v 0.216533 -0.301622 -2.460767
v 0.183188 -0.301189 -2.463253
v 0.150718 -0.301081 -2.465099
v 0.123367 -0.301118 -2.466413
v 0.132317 -0.301054 -2.466079
v 0.085235 -0.301380 -2.467856
v 0.086231 -0.301377 -2.467811
v 1.668827 -0.285046 -1.999012
v 1.714010 -0.282894 -1.943484
v 1.762954 -0.281126 -1.882352
v 1.764419 -0.279079 -1.874773
v 1.772692 -0.266700 -1.823129
v 1.789298 -0.242551 -1.719027
v 1.799840 -0.225826 -1.639164
v 1.800695 -0.087625 -0.154549
v 1.799589 -0.083769 -0.102142
v 1.798816 -0.079826 -0.053676
v 1.788812 -0.053745 0.311192
v 1.794701 -0.065264 0.136728
v 1.794384 -0.064434 0.148331
v 1.791903 -0.058653 0.231589
v 1.784774 -0.050522 0.379080
v 1.783939 -0.050625 0.385540
v 1.780255 -0.051784 0.407127
v 1.803179 -0.220653 -1.613734
v 1.805741 -0.216687 -1.593354
v 1.819594 -0.192846 -1.455629
v 1.819848 -0.192330 -1.452206
v 1.827161 -0.174703 -1.325210
v 1.828198 -0.132752 -0.883108
v 1.826297 -0.129083 -0.829404
v 1.820730 -0.123105 -0.729087
v 1.821551 -0.123716 -0.740939
v 1.817028 -0.118567 -0.646915
v 1.816485 -0.117889 -0.634714
v 1.812357 -0.112820 -0.540497
v 1.808703 -0.107228 -0.442758
v 1.808135 -0.106240 -0.426175
v 1.804516 -0.098996 -0.311100
v 1.801524 -0.091345 -0.202080
v 1.798050 -0.076712 -0.013258
v 1.796584 -0.070445 0.067431
v 1.795580 -0.051987 0.410626
v 1.838617 -0.178865 -1.329814
v 1.838760 -0.178540 -1.327391
v 1.844523 -0.161370 -1.183089
v 1.827585 -0.173696 -1.317746
v 1.832374 -0.157793 -1.182641
v 1.845413 -0.147757 -1.043661
v 1.845110 -0.146661 -1.029451
v 1.832818 -0.145458 -1.053555
v 1.832197 -0.143376 -1.026695
v 1.843527 -0.138843 -0.932731
v 1.830429 -0.136201 -0.934991
vn -0.0728 -0.9913 0.1092
vn -0.0727 -0.9914 0.1085
vn -0.0728 -0.9914 0.1086
vn -0.0728 -0.9914 0.1092
vn -0.0729 -0.9913 0.1092
vn -0.0728 -0.9914 0.1087
vn -0.0727 -0.9915 0.1079
vn -0.0727 -0.9915 0.1080
vn -0.0726 -0.9915 0.1079
vn -0.0726 -0.9915 0.1080
vn -0.0727 -0.9914 0.1092
vn -0.0726 -0.9914 0.1085
vn -0.0728 -0.9913 0.1097
vn -0.0729 -0.9912 0.1104
vn -0.0000 -0.9932 0.1162
vn -0.0000 -0.9932 0.1161
vn -0.0392 -0.9847 0.1699
vn -0.0223 -0.9880 0.1528
vn -0.0228 -0.9880 0.1525
vn -0.0219 -0.9880 0.1526
vn -0.0070 -0.9905 0.1375
vn -0.0074 -0.9905 0.1371
vn -0.0386 -0.9846 0.1702
vn -0.0218 -0.9880 0.1531
vn -0.0214 -0.9880 0.1529
vn -0.0066 -0.9904 0.1379
vn -0.0591 -0.9802 0.1892
vn -0.0402 -0.9847 0.1698
vn -0.0402 -0.9847 0.1695
vn -0.0394 -0.9847 0.1695
vn -0.0229 -0.9881 0.1523
vn -0.0222 -0.9881 0.1523
vn -0.0076 -0.9906 0.1369
vn -0.0069 -0.9905 0.1370
vn 0.0086 -0.9920 0.1259
vn 0.0040 -0.9919 0.1268
vn -0.0067 -0.9905 0.1372
vn 0.0088 -0.9920 0.1261
vn -0.0063 -0.9905 0.1376
vn 0.0090 -0.9919 0.1264
vn -0.0060 -0.9905 0.1377
vn -0.0063 -0.9904 0.1379
vn -0.0209 -0.9880 0.1532
vn -0.0065 -0.9904 0.1382
vn -0.0382 -0.9847 0.1702
vn -0.0216 -0.9879 0.1534
vn -0.0572 -0.9802 0.1897
vn -0.0385 -0.9846 0.1704
vn -0.0390 -0.9846 0.1703
vn -0.0582 -0.9802 0.1894
vn -0.0397 -0.9846 0.1702
vn -0.0587 -0.9801 0.1894
vn -0.0196 -0.9934 0.1129
vn -0.0195 -0.9935 0.1118
vn -0.0195 -0.9937 0.1107
vn -0.0196 -0.9934 0.1130
vn -0.0194 -0.9937 0.1107
vn -0.0197 -0.9933 0.1139
vn -0.0197 -0.9935 0.1124
vn -0.0197 -0.9933 0.1141
vn -0.0194 -0.9936 0.1112
vn -0.0194 -0.9937 0.1104
vn -0.0254 -0.9933 0.1131
vn -0.0225 -0.9938 0.1088
vn -0.0194 -0.9937 0.1108
vn -0.0229 -0.9938 0.1086
vn -0.0194 -0.9937 0.1106
vn -0.0233 -0.9938 0.1085
vn -0.0194 -0.9936 0.1117
vn -0.0195 -0.9934 0.1130
vn -0.0196 -0.9933 0.1141
vn -0.0196 -0.9933 0.1140
vn 0.0080 -0.9917 0.1285
vn 0.0053 -0.9917 0.1286
vn 0.0052 -0.9917 0.1286
vn 0.0029 -0.9917 0.1286
vn 0.0028 -0.9917 0.1287
vn 0.0053 -0.9917 0.1285
vn 0.0096 -0.9917 0.1286
vn 0.0063 -0.9917 0.1286
vn 0.0038 -0.9917 0.1286
vn 0.0007 -0.9917 0.1288
vn 0.0006 -0.9917 0.1287
vn 0.0007 -0.9917 0.1287
vn 0.0028 -0.9917 0.1286
vn 0.0080 -0.9917 0.1284
vn 0.0040 -0.9917 0.1287
vn 0.0064 -0.9917 0.1286
vn 0.0337 -0.9987 0.0394
vn 0.0704 -0.9967 0.0414
vn 0.0340 -0.9987 0.0388
vn 0.0707 -0.9966 0.0414
vn 0.1067 -0.9933 0.0433
vn 0.0713 -0.9966 0.0409
vn 0.0338 -0.9986 0.0397
vn 0.0699 -0.9967 0.0420
vn 0.0707 -0.9966 0.0416
vn 0.1063 -0.9934 0.0435
vn -0.0042 -0.9993 0.0369
vn 0.0335 -0.9987 0.0391
vn -0.0044 -0.9993 0.0366
vn 0.0707 -0.9967 0.0410
vn 0.0340 -0.9987 0.0386
vn 0.1071 -0.9933 0.0428
vn 0.0715 -0.9966 0.0405
vn 0.1077 -0.9933 0.0428
vn 0.1430 -0.9887 0.0445
vn 0.1081 -0.9932 0.0423
vn 0.1070 -0.9933 0.0434
vn 0.1421 -0.9888 0.0450
vn 0.1066 -0.9933 0.0437
vn 0.1415 -0.9889 0.0452
vn -0.0039 -0.9993 0.0384
vn 0.0328 -0.9986 0.0406
vn -0.0042 -0.9993 0.0381
vn 0.0331 -0.9986 0.0400
vn -0.0043 -0.9993 0.0375
vn 0.0333 -0.9987 0.0395
vn -0.0282 -0.9913 0.1286
vn -0.0296 -0.9882 0.1501
vn -0.0271 -0.9913 0.1291
vn -0.0295 -0.9881 0.1507
vn -0.0311 -0.9846 0.1722
vn -0.0287 -0.9881 0.1509
vn -0.0289 -0.9913 0.1286
vn -0.0305 -0.9882 0.1498
vn -0.0304 -0.9882 0.1503
vn -0.0320 -0.9846 0.1718
vn -0.0275 -0.9914 0.1281
vn -0.0291 -0.9883 0.1499
vn -0.0267 -0.9913 0.1288
vn -0.0306 -0.9846 0.1721
vn -0.0282 -0.9882 0.1507
vn -0.0302 -0.9845 0.1730
vn -0.0321 -0.9804 0.1946
vn -0.0297 -0.9845 0.1728
vn -0.0311 -0.9845 0.1727
vn -0.0327 -0.9803 0.1948
vn -0.0320 -0.9845 0.1724
vn -0.0336 -0.9803 0.1946
vn -0.0325 -0.9844 0.1727
vn -0.0345 -0.9803 0.1944
vn -0.0309 -0.9882 0.1503
vn -0.0329 -0.9846 0.1717
vn -0.0294 -0.9913 0.1285
vn -0.0314 -0.9883 0.1494
vn -0.0190 -0.9943 0.1053
vn -0.0298 -0.9914 0.1277
vn -0.0290 -0.9913 0.1281
vn -0.0281 -0.9913 0.1282
vn -0.6489 0.7575 -0.0716
vn -0.6204 0.7808 -0.0735
vn -0.6525 0.7548 -0.0677
vn -0.6240 0.7778 -0.0752
vn -0.6000 0.7963 -0.0768
vn -0.6240 0.7781 -0.0721
vn -0.6501 0.7562 -0.0745
vn -0.6256 0.7765 -0.0752
vn -0.6247 0.7769 -0.0780
vn -0.6004 0.7957 -0.0800
vn -0.5797 0.8108 -0.0808
vn -0.5993 0.7971 -0.0739
vn -0.5985 0.7974 -0.0772
vn -0.5990 0.7965 -0.0816
vn -0.5744 0.8144 -0.0827
vn -0.5983 0.7971 -0.0819
vn -0.5743 0.8141 -0.0861
vn -0.6243 0.7773 -0.0785
vn -0.6008 0.7951 -0.0830
vn -0.6497 0.7565 -0.0750
vn -0.6265 0.7755 -0.0783
vn -0.6745 0.7348 -0.0714
vn -0.6517 0.7549 -0.0739
vn -0.6749 0.7344 -0.0714
vn -0.6026 0.7953 -0.0666
vn -0.6272 0.7761 -0.0654
vn -0.6278 0.7753 -0.0689
vn -0.6287 0.7745 -0.0692
vn -0.6513 0.7559 -0.0662
vn -0.6506 0.7563 -0.0687
vn -0.6452 0.7607 -0.0707
vn -0.6724 0.7369 -0.0691
vn -0.6723 0.7368 -0.0720
vn -0.6521 0.7550 -0.0686
vn -0.6735 0.7362 -0.0661
vn -0.6532 0.7544 -0.0652
vn -0.6732 0.7365 -0.0657
vn -0.6290 0.7747 -0.0651
vn -0.6510 0.7563 -0.0654
vn -0.6029 0.7953 -0.0630
vn -0.6267 0.7766 -0.0649
vn -0.5749 0.8157 -0.0638
vn -0.6011 0.7967 -0.0630
vn -0.5746 0.8159 -0.0642
vn -0.6009 0.7966 -0.0665
vn -0.5704 0.8186 -0.0678
vn 0.0234 -0.8820 -0.4706
vn 0.0234 -0.8820 -0.4707
vn 0.0242 -0.8821 -0.4705
vn -0.0000 -0.8818 -0.4716
vn -0.0203 0.8668 0.4982
vn -0.0244 0.8563 0.5159
vn -0.0257 0.8549 0.5181
vn 0.4118 -0.8588 -0.3047
vn 0.3973 -0.8713 -0.2881
vn 0.4135 -0.8582 -0.3041
vn 0.3999 -0.8682 -0.2938
vn 0.3868 -0.8784 -0.2808
vn 0.4025 -0.8670 -0.2937
vn 0.4100 -0.8594 -0.3055
vn 0.4009 -0.8668 -0.2967
vn 0.4195 -0.8508 -0.3166
vn 0.4105 -0.8582 -0.3082
vn 0.4208 -0.8498 -0.3175
vn 0.0249 -0.8821 -0.4704
vn 0.0186 -0.8790 -0.4765
vn 0.0264 -0.8824 -0.4697
vn 0.0235 -0.8840 -0.4670
vn 0.5969 -0.7986 0.0769
vn 0.6200 -0.7810 0.0744
vn 0.6202 -0.7812 0.0711
vn 0.5965 -0.7988 0.0787
vn 0.6207 -0.7803 0.0768
vn 0.6219 -0.7796 0.0739
vn 0.6458 -0.7600 0.0733
vn 0.6453 -0.7609 0.0688
vn 0.6466 -0.7592 0.0738
vn 0.6704 -0.7387 0.0700
vn 0.6715 -0.7378 0.0697
vn 0.6222 -0.7790 0.0771
vn 0.6457 -0.7601 0.0736
vn 0.5965 -0.7986 0.0802
vn 0.6203 -0.7806 0.0772
vn 0.5705 -0.8169 0.0848
vn 0.5944 -0.8001 0.0806
vn 0.5947 -0.7999 0.0803
vn 0.5686 -0.8192 0.0754
vn 0.5957 -0.7996 0.0757
vn 0.5964 -0.8000 0.0662
vn 0.5701 -0.8189 0.0655
vn 0.5655 -0.8214 0.0740
vn 0.5974 -0.7993 0.0645
vn 0.5711 -0.8183 0.0653
vn -0.0240 0.8798 0.4748
vn -0.0240 0.8798 0.4747
vn -0.0246 0.8798 0.4747
vn -0.0000 0.8796 0.4758
vn -0.3981 0.8715 0.2866
vn -0.4076 0.8635 0.2971
vn -0.4000 0.8712 0.2846
vn -0.4161 0.8558 0.3073
vn -0.4203 0.8531 0.3092
vn -0.4248 0.8478 0.3176
vn -0.4264 0.8473 0.3168
vn -0.4205 0.8514 0.3135
vn -0.4166 0.8545 0.3104
vn -0.4233 0.8483 0.3182
vn -0.4060 0.8633 0.2998
vn -0.4145 0.8564 0.3080
vn -0.3973 0.8712 0.2884
vn -0.4049 0.8642 0.2986
vn -0.3867 0.8798 0.2763
vn -0.3949 0.8730 0.2863
vn -0.3851 0.8815 0.2732
vn 0.0216 -0.8744 -0.4847
vn 0.0256 -0.8748 -0.4838
vn 0.0210 -0.8746 -0.4843
vn 0.0223 -0.8665 -0.4987
vn 0.0217 -0.8730 -0.4872
vn 0.0231 -0.8655 -0.5004
vn 0.0237 -0.8578 -0.5135
vn 0.0218 -0.8660 -0.4995
vn 0.0246 -0.8570 -0.5146
vn -0.0252 0.8798 0.4746
vn -0.0251 0.8800 0.4744
vn -0.0270 0.8789 0.4763
vn -0.0258 0.8797 0.4748
vn -0.0208 0.8766 0.4808
vn -0.7455 0.5949 0.3006
vn -0.7455 0.5950 0.3005
vn -0.7454 0.5949 0.3006
vn -0.7455 0.5949 0.3007
vn 0.0729 -0.9913 0.1098
vn 0.0728 -0.9913 0.1092
vn 0.0729 -0.9913 0.1099
vn 0.0727 -0.9914 0.1092
vn 0.0728 -0.9913 0.1098
vn 0.0727 -0.9914 0.1085
vn 0.0730 -0.9912 0.1104
vn 0.0730 -0.9912 0.1105
vn 0.0729 -0.9912 0.1105
vn 0.0728 -0.9913 0.1097
vn 0.0729 -0.9912 0.1104
vn 0.0726 -0.9914 0.1085
vn 0.0726 -0.9915 0.1080
vn 0.0728 -0.9914 0.1086
vn 0.0726 -0.9915 0.1079
vn 0.0728 -0.9914 0.1087
vn 0.0727 -0.9915 0.1079
vn 0.0729 -0.9913 0.1092
vn 0.0729 -0.9913 0.1097
vn 0.0392 -0.9847 0.1699
vn 0.0223 -0.9880 0.1528
vn 0.0386 -0.9847 0.1702
vn 0.0218 -0.9880 0.1531
vn 0.0379 -0.9847 0.1703
vn 0.0219 -0.9880 0.1526
vn 0.0070 -0.9905 0.1375
vn 0.0214 -0.9880 0.1529
vn 0.0066 -0.9904 0.1379
vn 0.0209 -0.9880 0.1532
vn 0.0592 -0.9801 0.1892
vn 0.0402 -0.9847 0.1698
vn 0.0590 -0.9801 0.1893
vn 0.0397 -0.9846 0.1702
vn 0.0580 -0.9802 0.1896
vn 0.0390 -0.9846 0.1703
vn 0.0572 -0.9802 0.1897
vn 0.0385 -0.9846 0.1704
vn 0.0571 -0.9801 0.1899
vn 0.0216 -0.9879 0.1534
vn 0.0377 -0.9846 0.1705
vn 0.0065 -0.9904 0.1382
vn 0.0208 -0.9879 0.1534
vn -0.0090 -0.9919 0.1264
vn 0.0060 -0.9905 0.1377
vn 0.0063 -0.9904 0.1380
vn 0.0063 -0.9905 0.1376
vn 0.0067 -0.9905 0.1372
vn -0.0088 -0.9920 0.1261
vn 0.0069 -0.9905 0.1370
vn -0.0086 -0.9920 0.1259
vn 0.0222 -0.9881 0.1523
vn 0.0074 -0.9905 0.1371
vn 0.0394 -0.9847 0.1696
vn 0.0228 -0.9880 0.1525
vn 0.0195 -0.9935 0.1118
vn 0.0196 -0.9934 0.1129
vn 0.0196 -0.9934 0.1130
vn 0.0195 -0.9937 0.1107
vn 0.0194 -0.9937 0.1107
vn 0.0197 -0.9935 0.1125
vn 0.0197 -0.9933 0.1139
vn 0.0197 -0.9933 0.1141
vn 0.0196 -0.9933 0.1140
vn 0.0195 -0.9934 0.1130
vn 0.0194 -0.9937 0.1108
vn 0.0194 -0.9936 0.1117
vn 0.0233 -0.9938 0.1085
vn 0.0194 -0.9937 0.1106
vn 0.0229 -0.9938 0.1086
vn 0.0225 -0.9938 0.1088
vn 0.0254 -0.9933 0.1131
vn 0.0194 -0.9937 0.1104
vn 0.0195 -0.9936 0.1114
vn -0.0080 -0.9917 0.1285
vn -0.0053 -0.9917 0.1286
vn -0.0079 -0.9917 0.1285
vn -0.0053 -0.9917 0.1285
vn -0.0080 -0.9917 0.1284
vn -0.0052 -0.9917 0.1286
vn -0.0029 -0.9917 0.1286
vn -0.0043 -0.9919 0.1267
vn -0.0081 -0.9917 0.1284
vn -0.0132 -0.9921 0.1245
vn -0.0040 -0.9917 0.1285
vn -0.0018 -0.9917 0.1283
vn -0.0007 -0.9917 0.1287
vn -0.0006 -0.9917 0.1287
vn -0.0028 -0.9917 0.1287
vn -0.0039 -0.9917 0.1286
vn -0.0007 -0.9917 0.1288
vn -0.0067 -0.9917 0.1286
vn -0.0094 -0.9917 0.1286
vn -0.0704 -0.9967 0.0414
vn -0.0337 -0.9987 0.0394
vn -0.0340 -0.9987 0.0388
vn -0.0699 -0.9967 0.0420
vn -0.0335 -0.9986 0.0399
vn -0.1072 -0.9933 0.0429
vn -0.0707 -0.9966 0.0414
vn -0.0715 -0.9966 0.0407
vn -0.1063 -0.9934 0.0435
vn -0.0705 -0.9966 0.0418
vn -0.0335 -0.9987 0.0391
vn 0.0042 -0.9993 0.0369
vn 0.0044 -0.9993 0.0366
vn -0.0333 -0.9987 0.0395
vn 0.0043 -0.9993 0.0375
vn -0.0331 -0.9986 0.0400
vn 0.0042 -0.9993 0.0381
vn -0.0328 -0.9986 0.0406
vn 0.0039 -0.9993 0.0384
vn -0.0694 -0.9967 0.0425
vn -0.0334 -0.9986 0.0403
vn -0.1056 -0.9934 0.0441
vn -0.0702 -0.9966 0.0421
vn -0.1406 -0.9890 0.0458
vn -0.1061 -0.9934 0.0439
vn -0.1064 -0.9934 0.0438
vn -0.1410 -0.9890 0.0455
vn -0.1073 -0.9933 0.0432
vn -0.1421 -0.9888 0.0450
vn -0.1082 -0.9932 0.0424
vn -0.1430 -0.9887 0.0445
vn -0.1081 -0.9932 0.0423
vn -0.1071 -0.9933 0.0428
vn -0.0715 -0.9966 0.0405
vn -0.0707 -0.9967 0.0410
vn -0.0340 -0.9987 0.0386
vn 0.0296 -0.9882 0.1501
vn 0.0280 -0.9913 0.1289
vn 0.0271 -0.9913 0.1291
vn 0.0305 -0.9882 0.1498
vn 0.0289 -0.9913 0.1286
vn 0.0311 -0.9846 0.1722
vn 0.0295 -0.9881 0.1507
vn 0.0287 -0.9881 0.1509
vn 0.0320 -0.9846 0.1718
vn 0.0304 -0.9882 0.1503
vn 0.0275 -0.9914 0.1281
vn 0.0281 -0.9913 0.1283
vn 0.0290 -0.9913 0.1281
vn 0.0298 -0.9914 0.1277
vn 0.0189 -0.9943 0.1053
vn 0.0314 -0.9883 0.1494
vn 0.0294 -0.9913 0.1285
vn 0.0329 -0.9846 0.1717
vn 0.0309 -0.9882 0.1502
vn 0.0345 -0.9803 0.1944
vn 0.0325 -0.9844 0.1727
vn 0.0320 -0.9845 0.1724
vn 0.0336 -0.9803 0.1946
vn 0.0311 -0.9845 0.1727
vn 0.0327 -0.9803 0.1948
vn 0.0302 -0.9845 0.1730
vn 0.0321 -0.9803 0.1946
vn 0.0297 -0.9845 0.1728
vn 0.0306 -0.9846 0.1721
vn 0.0282 -0.9882 0.1507
vn 0.0291 -0.9883 0.1500
vn 0.0267 -0.9913 0.1288
vn 0.6203 0.7809 -0.0735
vn 0.6490 0.7574 -0.0717
vn 0.6525 0.7548 -0.0677
vn 0.6256 0.7765 -0.0754
vn 0.6500 0.7562 -0.0745
vn 0.6000 0.7963 -0.0768
vn 0.6240 0.7779 -0.0749
vn 0.6241 0.7780 -0.0722
vn 0.6004 0.7957 -0.0800
vn 0.6247 0.7770 -0.0780
vn 0.6517 0.7549 -0.0739
vn 0.6745 0.7348 -0.0714
vn 0.6749 0.7345 -0.0712
vn 0.6264 0.7755 -0.0782
vn 0.6497 0.7565 -0.0750
vn 0.6008 0.7951 -0.0830
vn 0.6243 0.7773 -0.0785
vn 0.5743 0.8141 -0.0861
vn 0.5983 0.7971 -0.0819
vn 0.5990 0.7966 -0.0815
vn 0.5751 0.8137 -0.0844
vn 0.5994 0.7966 -0.0786
vn 0.5693 0.8192 -0.0693
vn 0.5976 0.7982 -0.0760
vn 0.5797 0.8108 -0.0808
vn 0.6026 0.7953 -0.0666
vn 0.6272 0.7761 -0.0652
vn 0.6029 0.7953 -0.0630
vn 0.6290 0.7744 -0.0676
vn 0.6514 0.7559 -0.0656
vn 0.6290 0.7747 -0.0650
vn 0.6008 0.7966 -0.0665
vn 0.5746 0.8159 -0.0642
vn 0.6011 0.7967 -0.0630
vn 0.5749 0.8157 -0.0638
vn 0.6267 0.7766 -0.0649
vn 0.6022 0.7960 -0.0612
vn 0.6510 0.7563 -0.0654
vn 0.6288 0.7751 -0.0618
vn 0.6531 0.7544 -0.0652
vn 0.6732 0.7365 -0.0657
vn 0.6531 0.7547 -0.0623
vn 0.6521 0.7550 -0.0686
vn 0.6735 0.7362 -0.0661
vn 0.6477 0.7586 -0.0711
vn 0.6724 0.7370 -0.0694
vn -0.0234 -0.8820 -0.4706
vn -0.0234 -0.8820 -0.4707
vn -0.0242 -0.8821 -0.4705
vn -0.0241 -0.8820 -0.4705
vn 0.0211 0.8764 0.4812
vn 0.0218 0.8708 0.4912
vn 0.0221 0.8737 0.4859
vn 0.0247 0.8637 0.5035
vn 0.0215 0.8648 0.5017
vn 0.0250 0.8806 0.4732
vn 0.0263 0.8799 0.4745
vn 0.0212 0.8711 0.4907
vn 0.0201 0.8776 0.4791
vn 0.0220 0.8652 0.5010
vn 0.0229 0.8589 0.5117
vn 0.0244 0.8563 0.5159
vn -0.4027 -0.8661 -0.2960
vn -0.4160 -0.8549 -0.3100
vn -0.4157 -0.8571 -0.3044
vn -0.3912 -0.8753 -0.2843
vn -0.4017 -0.8675 -0.2932
vn -0.3945 -0.8735 -0.2853
vn -0.4062 -0.8622 -0.3027
vn -0.4195 -0.8508 -0.3166
vn -0.4208 -0.8498 -0.3175
vn -0.4009 -0.8668 -0.2967
vn -0.4100 -0.8594 -0.3055
vn -0.3999 -0.8682 -0.2938
vn -0.3852 -0.8800 -0.2781
vn -0.3795 -0.8842 -0.2724
vn -0.3893 -0.8770 -0.2817
vn -0.0249 -0.8821 -0.4704
vn -0.0264 -0.8824 -0.4697
vn -0.0235 -0.8839 -0.4670
vn -0.0186 -0.8790 -0.4765
vn -0.5907 -0.8032 0.0766
vn -0.6200 -0.7811 0.0739
vn -0.5965 -0.7988 0.0787
vn -0.6207 -0.7803 0.0768
vn -0.5965 -0.7986 0.0802
vn -0.5686 -0.8192 0.0754
vn -0.5947 -0.7999 0.0803
vn -0.5705 -0.8169 0.0848
vn -0.5944 -0.8001 0.0806
vn -0.5697 -0.8173 0.0866
vn -0.6203 -0.7806 0.0772
vn -0.5963 -0.7985 0.0833
vn -0.6229 -0.7785 0.0770
vn -0.6457 -0.7601 0.0736
vn -0.6223 -0.7787 0.0798
vn -0.6466 -0.7592 0.0738
vn -0.6704 -0.7387 0.0700
vn -0.6479 -0.7579 0.0762
vn -0.6249 -0.7776 0.0696
vn -0.6479 -0.7587 0.0671
vn -0.6478 -0.7586 0.0700
vn -0.5977 -0.7989 0.0675
vn -0.6236 -0.7789 0.0666
vn -0.6239 -0.7784 0.0697
vn -0.6490 -0.7575 0.0702
vn -0.6689 -0.7400 0.0704
vn -0.6687 -0.7399 0.0732
vn -0.6485 -0.7580 0.0699
vn -0.6699 -0.7393 0.0674
vn -0.6494 -0.7575 0.0668
vn -0.6697 -0.7396 0.0670
vn -0.6255 -0.7774 0.0660
vn -0.6474 -0.7592 0.0667
vn -0.5991 -0.7980 0.0644
vn -0.6231 -0.7794 0.0663
vn -0.5974 -0.7993 0.0645
vn -0.5711 -0.8183 0.0653
vn -0.5984 -0.7987 0.0626
vn -0.5964 -0.8000 0.0662
vn -0.5702 -0.8189 0.0658
vn 0.0240 0.8798 0.4748
vn 0.0240 0.8798 0.4747
vn 0.0246 0.8798 0.4747
vn 0.4055 0.8646 0.2967
vn 0.3965 0.8722 0.2864
vn 0.3988 0.8717 0.2848
vn 0.4083 0.8631 0.2972
vn 0.4161 0.8558 0.3073
vn 0.4060 0.8633 0.2998
vn 0.3867 0.8798 0.2763
vn 0.3851 0.8815 0.2732
vn 0.4049 0.8642 0.2986
vn 0.3973 0.8712 0.2884
vn 0.4145 0.8564 0.3080
vn 0.4042 0.8639 0.3004
vn 0.4166 0.8545 0.3104
vn 0.4233 0.8483 0.3182
vn 0.4137 0.8556 0.3112
vn 0.4184 0.8540 0.3093
vn 0.4247 0.8478 0.3175
vn -0.0197 -0.8634 -0.5041
vn -0.0237 -0.8578 -0.5135
vn -0.0244 -0.8567 -0.5152
vn -0.0185 -0.8718 -0.4896
vn -0.0223 -0.8665 -0.4987
vn -0.0231 -0.8655 -0.5004
vn -0.0210 -0.8746 -0.4843
vn -0.0229 -0.8694 -0.4935
vn -0.0269 -0.8733 -0.4864
vn 0.0252 0.8798 0.4746
vn 0.7455 0.5949 0.3006
vn 0.7455 0.5949 0.3007
vn 0.7455 0.5948 0.3007
vn 0.7455 0.5948 0.3006
vn 0.0868 0.8712 -0.4832
vn 0.0821 0.8702 -0.4858
vn 0.0713 0.8677 -0.4919
vn 0.0708 0.9277 -0.3666
vn 0.0676 0.9269 -0.3692
vn 0.0589 0.9246 -0.3764
vn 0.0791 0.9441 -0.3201
vn 0.0824 0.9356 -0.3432
vn 0.0762 0.9512 -0.2991
vn 0.0860 0.9261 -0.3673
vn 0.0771 0.9287 -0.3627
vn 0.0780 0.9285 -0.3631
vn 0.0838 0.8781 -0.4711
vn 0.0747 0.8786 -0.4717
vn 0.0755 0.8786 -0.4715
vn 0.0649 0.8678 -0.4927
vn 0.0622 0.8673 -0.4938
vn 0.0584 0.8667 -0.4953
vn 0.0400 0.9598 -0.2777
vn 0.0458 0.9599 -0.2767
vn 0.0424 0.9594 -0.2788
vn 0.0479 0.9595 -0.2775
vn 0.0497 0.9620 -0.2684
vn 0.0550 0.9248 -0.3765
vn 0.0526 0.9246 -0.3772
vn 0.0505 0.9245 -0.3778
vn 0.0766 0.9662 -0.2463
vn 0.0775 0.9645 -0.2525
vn 0.0758 0.9678 -0.2402
vn 0.0852 0.9578 -0.2744
vn 0.1022 0.9529 -0.2857
vn 0.0828 0.9621 -0.2599
vn 0.0535 0.9628 -0.2648
vn 0.0550 0.9611 -0.2706
vn 0.0647 0.9648 -0.2550
vn 0.0760 0.9572 -0.2793
vn 0.0835 0.9558 -0.2820
vn 0.0806 0.9563 -0.2811
vn 0.0853 0.9276 -0.3638
vn 0.0867 0.9263 -0.3666
vn 0.0832 0.9558 -0.2820
vn 0.0909 0.8825 -0.4615
vn 0.0890 0.8797 -0.4671
vn 0.0306 0.8767 -0.4801
vn 0.0246 0.8752 -0.4831
vn 0.0164 0.8731 -0.4872
vn 0.0146 0.9360 -0.3517
vn 0.0112 0.9347 -0.3553
vn 0.0026 0.9313 -0.3643
vn 0.0187 0.9505 -0.3100
vn 0.0189 0.9464 -0.3226
vn 0.0181 0.9593 -0.2817
vn 0.0307 0.9339 -0.3561
vn 0.0172 0.9344 -0.3558
vn 0.0061 0.9346 -0.3555
vn 0.0143 0.8798 -0.4752
vn 0.0076 0.8790 -0.4768
vn 0.0012 0.8782 -0.4783
vn 0.0095 0.8730 -0.4876
vn 0.0084 0.8727 -0.4881
vn 0.0070 0.8723 -0.4889
vn -0.0000 0.9629 -0.2698
vn 0.0002 0.9636 -0.2672
vn -0.0000 0.9625 -0.2712
vn 0.0024 0.9632 -0.2686
vn 0.0016 0.9663 -0.2575
vn -0.0000 0.9309 -0.3654
vn 0.0034 0.9306 -0.3661
vn -0.0000 0.9302 -0.3672
vn 0.0179 0.9727 -0.2312
vn 0.0179 0.9720 -0.2342
vn 0.0177 0.9745 -0.2235
vn 0.0288 0.9665 -0.2552
vn 0.0352 0.9640 -0.2635
vn 0.0237 0.9697 -0.2430
vn 0.0044 0.9676 -0.2525
vn 0.0066 0.9655 -0.2604
vn 0.0124 0.9706 -0.2403
vn 0.0312 0.9619 -0.2717
vn 0.0391 0.9273 -0.3722
vn 0.0383 0.9273 -0.3723
vn 0.0377 0.9273 -0.3724
vn 0.0412 0.9600 -0.2771
vn 0.0369 0.8713 -0.4894
vn 0.0375 0.8713 -0.4893
vn 0.0381 0.8714 -0.4891
vn 0.2225 0.9737 -0.0497
vn 0.2275 0.9722 -0.0558
vn 0.2262 0.9726 -0.0528
vn 0.2229 0.9735 -0.0515
vn 0.2291 0.9717 -0.0586
vn 0.2309 0.9709 -0.0634
vn 0.2298 0.9714 -0.0595
vn 0.2317 0.9705 -0.0670
vn 0.1880 0.9810 -0.0485
vn 0.1898 0.9805 -0.0513
vn 0.1884 0.9809 -0.0487
vn 0.2185 0.9746 -0.0498
vn 0.2177 0.9747 -0.0505
vn 0.2239 0.9731 -0.0537
vn 0.1791 0.9823 -0.0542
vn 0.1950 0.9792 -0.0556
vn 0.1887 0.9806 -0.0537
vn 0.2017 0.9777 -0.0592
vn 0.1971 0.9788 -0.0555
vn 0.2054 0.9765 -0.0656
vn 0.2030 0.9774 -0.0598
vn 0.2055 0.9758 -0.0742
vn 0.2057 0.9763 -0.0672
vn 0.2311 0.9698 -0.0781
vn 0.2371 0.9683 -0.0784
vn 0.2330 0.9700 -0.0701
vn 0.1936 0.9793 -0.0588
vn 0.1988 0.9777 -0.0678
vn 0.1992 0.9776 -0.0677
vn 0.1903 0.9803 -0.0520
vn 0.1977 0.9780 -0.0670
vn 0.1928 0.9796 -0.0573
vn 0.4212 0.8662 -0.2690
vn 0.4284 0.8628 -0.2685
vn 0.3724 0.8873 -0.2721
vn 0.4108 0.8802 -0.2377
vn 0.4093 0.8807 -0.2385
vn 0.2718 0.9198 -0.2830
vn 0.2576 0.9236 -0.2840
vn 0.2488 0.9258 -0.2846
vn 0.3019 0.9183 -0.2560
vn 0.2876 0.9220 -0.2592
vn 0.2799 0.9239 -0.2610
vn 0.3568 0.8816 -0.3090
vn 0.3410 0.8877 -0.3095
vn 0.3525 0.8830 -0.3099
vn 0.2985 0.9311 -0.2097
vn 0.2982 0.9311 -0.2102
vn 0.2966 0.9308 -0.2136
vn 0.3601 0.9121 -0.1958
vn 0.3627 0.9114 -0.1945
vn 0.3586 0.9134 -0.1928
vn 0.3114 0.9205 -0.2361
vn 0.3070 0.9212 -0.2390
vn 0.3035 0.9218 -0.2412
vn 0.1773 0.9730 -0.1481
vn 0.1908 0.9699 -0.1515
vn 0.1905 0.9700 -0.1511
vn 0.1715 0.9731 -0.1539
vn 0.1763 0.9724 -0.1527
vn 0.1785 0.9721 -0.1522
vn 0.1824 0.9757 -0.1213
vn 0.1991 0.9721 -0.1240
vn 0.1986 0.9723 -0.1236
vn 0.1794 0.9753 -0.1289
vn 0.1848 0.9745 -0.1269
vn 0.1875 0.9742 -0.1259
vn 0.1704 0.9697 -0.1750
vn 0.1832 0.9665 -0.1797
vn 0.1774 0.9685 -0.1746
vn 0.1711 0.9695 -0.1757
vn 0.1729 0.9686 -0.1789
vn 0.1778 0.9674 -0.1805
vn 0.1706 0.9690 -0.1787
vn 0.1432 0.9748 -0.1712
vn 0.1436 0.9747 -0.1712
vn 0.1438 0.9747 -0.1711
vn 0.1431 0.9781 -0.1513
vn 0.1457 0.9778 -0.1505
vn 0.1472 0.9777 -0.1500
vn 0.1473 0.9805 -0.1297
vn 0.1507 0.9802 -0.1283
vn 0.1529 0.9800 -0.1273
vn 0.1527 0.9825 -0.1066
vn 0.1560 0.9822 -0.1050
vn 0.1582 0.9819 -0.1039
vn 0.2001 0.9745 -0.1015
vn 0.1926 0.9759 -0.1023
vn 0.1943 0.9756 -0.1018
vn 0.2016 0.9743 -0.1008
vn 0.2078 0.9732 -0.0985
vn 0.1858 0.9778 -0.0969
vn 0.1874 0.9775 -0.0963
vn 0.1881 0.9774 -0.0961
vn 0.1829 0.9757 -0.1207
vn 0.1866 0.9751 -0.1197
vn 0.1777 0.9730 -0.1473
vn 0.1832 0.9721 -0.1464
vn 0.0968 0.8903 -0.4449
vn 0.0965 0.8957 -0.4341
vn 0.0929 0.8873 -0.4518
vn 0.0828 0.9341 -0.3473
vn 0.0871 0.9325 -0.3504
vn 0.0972 0.9288 -0.3577
vn 0.0697 0.9443 -0.3218
vn 0.0810 0.9426 -0.3239
vn 0.0998 0.9396 -0.3274
vn 0.0848 0.9305 -0.3562
vn 0.0859 0.9307 -0.3555
vn 0.0782 0.9295 -0.3605
vn 0.0953 0.8952 -0.4354
vn 0.1001 0.8933 -0.4382
vn 0.0947 0.8948 -0.4362
vn 0.0942 0.8845 -0.4570
vn 0.0689 0.9592 -0.2743
vn 0.0761 0.9579 -0.2770
vn 0.0694 0.9599 -0.2718
vn 0.0869 0.9284 -0.3614
vn 0.0577 0.9688 -0.2410
vn 0.0585 0.9675 -0.2459
vn 0.0563 0.9710 -0.2325
vn 0.0659 0.9611 -0.2681
vn 0.0730 0.9606 -0.2683
vn 0.0807 0.9599 -0.2684
vn 0.0590 0.9642 -0.2587
vn 0.0582 0.9634 -0.2617
vn 0.0615 0.9665 -0.2492
vn 0.0893 0.9495 -0.3008
vn 0.0731 0.9554 -0.2862
vn 0.0813 0.9515 -0.2966
vn 0.0987 0.9232 -0.3715
vn 0.0993 0.9234 -0.3707
vn 0.0980 0.9228 -0.3725
vn 0.0802 0.9529 -0.2925
vn 0.0728 0.9560 -0.2842
vn 0.1120 0.8936 -0.4347
vn 0.1110 0.8928 -0.4365
vn 0.1130 0.8944 -0.4328
vn 0.0997 0.9939 -0.0464
vn 0.1085 0.9930 -0.0465
vn 0.1056 0.9934 -0.0455
vn 0.0970 0.9941 -0.0476
vn 0.0971 0.9941 -0.0486
vn -0.0082 0.9997 0.0208
vn -0.0289 0.9989 0.0365
vn -0.0391 0.9983 0.0442
vn -0.0045 0.9998 -0.0197
vn -0.0040 0.9998 -0.0196
vn -0.0184 0.9996 -0.0229
vn -0.0012 0.9998 0.0194
vn -0.0081 0.9999 0.0072
vn 0.0039 0.9996 0.0284
vn -0.0432 -0.8683 0.4941
vn -0.0433 -0.8821 0.4691
vn -0.0433 -0.8828 0.4678
vn -0.0696 -0.9575 0.2801
vn -0.0827 -0.8511 0.5184
vn -0.0834 -0.8410 0.5345
vn 0.0092 0.9999 -0.0101
vn 0.0096 0.9998 -0.0183
vn 0.0087 1.0000 -0.0005
vn 0.0035 0.9994 -0.0352
vn 0.0028 0.9991 -0.0433
vn 0.0044 0.9996 -0.0285
vn -0.0198 0.9936 0.1114
vn -0.1470 0.9360 0.3198
vn -0.1597 0.9266 0.3404
vn -0.0054 0.9985 -0.0544
vn 0.0014 0.9985 -0.0544
vn -0.0016 0.9985 -0.0555
vn 0.0004 0.9983 -0.0579
vn -0.0018 0.9987 -0.0513
vn -0.0032 0.9988 -0.0498
vn 0.0155 0.9991 -0.0405
vn 0.0060 0.9991 -0.0424
vn 0.0193 0.9991 -0.0375
vn 0.0039 0.9988 0.0490
vn -0.0005 0.9994 0.0351
vn 0.0063 0.9984 0.0564
vn 0.0137 0.9991 -0.0412
vn 0.0044 0.9990 -0.0440
vn -0.0053 -0.9743 0.2251
vn 0.0026 -0.9683 0.2498
vn 0.0050 -0.9663 0.2573
vn -0.0071 -0.9818 0.1899
vn -0.0021 -0.9778 0.2095
vn -0.0007 -0.9766 0.2149
vn -0.0410 -0.8810 0.4714
vn -0.0369 -0.8447 0.5339
vn -0.0367 -0.8423 0.5377
vn -0.0489 -0.9868 0.1547
vn -0.0477 -0.9852 0.1649
vn -0.0473 -0.9847 0.1676
vn -0.0744 -0.9753 0.2081
vn -0.0763 -0.9608 0.2666
vn -0.0765 -0.9588 0.2735
vn -0.0224 -0.9856 0.1676
vn -0.0193 -0.9829 0.1832
vn -0.0185 -0.9821 0.1874
vn -0.2081 -0.9323 0.2957
vn -0.2165 -0.9261 0.3091
vn -0.2074 -0.9328 0.2947
vn -0.2751 -0.8023 0.5298
vn -0.2094 -0.9229 0.3231
vn -0.2064 -0.9267 0.3141
vn -0.1476 -0.9758 0.1613
vn -0.1483 -0.9749 0.1660
vn -0.1485 -0.9747 0.1673
vn -0.1274 -0.9765 0.1736
vn -0.1267 -0.9778 0.1669
vn -0.1265 -0.9781 0.1655
vn 0.0295 0.9944 0.1010
vn 0.0251 0.9924 0.1205
vn 0.0300 0.9947 0.0988
vn 0.0044 0.9921 0.1257
vn 0.0096 0.9940 0.1090
vn 0.0038 0.9918 0.1274
vn 0.0023 0.9951 0.0992
vn 0.0149 0.9982 0.0578
vn 0.0001 0.9943 0.1062
vn 0.0116 0.9992 0.0386
vn 0.0173 0.9998 0.0125
vn 0.0094 0.9988 0.0490
vn -0.1546 0.8495 0.5045
vn -0.3018 -0.7687 0.5639
vn -0.2949 -0.7849 0.5450
vn -0.1039 -0.9733 0.2047
vn -0.1021 -0.9783 0.1802
vn -0.1018 -0.9791 0.1763
vn -0.0843 -0.9848 0.1515
vn -0.0845 -0.9856 0.1467
vn -0.0846 -0.9858 0.1453
vn -0.1149 -0.9832 0.1420
vn -0.1149 -0.9831 0.1424
vn -0.1149 -0.9831 0.1426
vn -0.1399 -0.9805 0.1383
vn -0.1403 -0.9797 0.1434
vn -0.1404 -0.9794 0.1453
vn -0.1636 -0.9764 0.1409
vn -0.1650 -0.9746 0.1512
vn -0.1657 -0.9738 0.1557
vn -0.1684 -0.9721 0.1634
vn -0.1711 -0.9689 0.1786
vn -0.1721 -0.9678 0.1839
vn -0.2526 -0.9033 0.3467
vn -0.2166 -0.9310 0.2937
vn -0.2554 -0.9009 0.3510
vn 0.0232 0.9644 0.2633
vn 0.0085 0.9619 0.2734
vn -0.0123 0.9576 0.2877
vn -0.0005 0.9923 0.1241
vn 0.0230 0.9912 0.1306
vn -0.0521 0.9926 0.1094
vn 0.0176 0.9546 0.2974
vn -0.0109 0.9682 0.2499
vn 0.0318 0.9466 0.3209
vn 0.0179 -0.6738 0.7387
vn -0.0006 -0.7246 0.6891
vn -0.0047 -0.7354 0.6776
vn -0.0377 -0.7168 0.6962
vn -0.0114 -0.6642 0.7475
vn -0.0056 -0.6521 0.7581
vn 0.0349 0.9993 0.0162
vn 0.0514 0.9985 0.0173
vn 0.0494 0.9986 0.0186
vn 0.0344 0.9993 0.0164
vn 0.0456 0.9988 0.0200
vn 0.0353 0.9444 0.3270
vn 0.0375 0.9455 0.3235
vn 0.0388 0.9461 0.3216
vn 0.0113 0.9996 -0.0277
vn 0.0113 0.9995 -0.0289
vn 0.0113 0.9993 -0.0368
vn -0.0035 1.0000 -0.0084
vn -0.0071 1.0000 -0.0029
vn 0.0039 0.9998 -0.0195
vn 0.0364 0.9993 0.0050
vn 0.0282 0.9996 -0.0072
vn 0.0218 0.9996 -0.0167
vn -0.0000 0.9998 0.0193
vn 0.0004 0.9998 0.0182
vn -0.0000 0.9998 0.0210
vn -0.0000 0.9368 0.3500
vn -0.0079 0.9417 0.3363
vn -0.0000 0.9351 0.3544
vn -0.0053 0.9999 0.0145
vn -0.0040 0.9999 0.0125
vn 0.0007 -0.8997 0.4364
vn -0.0000 -0.8987 0.4386
vn -0.0000 -0.8985 0.4390
vn -0.0026 -0.9027 0.4303
vn 0.0007 -0.8990 0.4380
vn -0.0014 -0.7362 0.6768
vn -0.0000 -0.7388 0.6740
vn -0.0000 -0.7394 0.6733
vn -0.0112 -0.9117 0.4106
vn -0.0072 -0.9092 0.4164
vn -0.0040 -0.9071 0.4209
vn -0.0278 -0.7551 0.6550
vn -0.0143 -0.7463 0.6654
vn -0.0133 -0.7446 0.6674
vn -0.0059 -0.9049 0.4256
vn 0.0001 -0.9002 0.4354
vn 0.0510 0.9956 0.0785
vn 0.0460 0.9955 0.0831
vn 0.0402 0.9953 0.0884
vn 0.0868 0.9947 0.0548
vn 0.0867 0.9950 0.0505
vn 0.0855 0.9963 -0.0030
vn 0.0803 0.9736 0.2137
vn 0.0500 0.9824 0.1798
vn 0.1204 0.9586 0.2580
vn -0.0048 -0.6748 0.7380
vn -0.0311 -0.7431 0.6685
vn -0.0352 -0.7533 0.6568
vn -0.0743 -0.7566 0.6497
vn -0.0434 -0.6528 0.7563
vn -0.0399 -0.6402 0.7671
vn 0.0385 0.9986 -0.0354
vn 0.0376 0.9987 -0.0349
vn 0.0405 0.9985 -0.0366
vn 0.0635 0.9975 -0.0314
vn 0.0646 0.9974 -0.0304
vn 0.0658 0.9974 -0.0292
vn 0.0226 0.9970 0.0743
vn 0.0273 0.9975 0.0659
vn 0.0298 0.9977 0.0615
vn 0.1089 0.9932 -0.0407
vn 0.1089 0.9932 -0.0410
vn 0.1086 0.9929 -0.0480
vn 0.0957 0.9951 -0.0261
vn 0.0851 0.9963 -0.0149
vn 0.1024 0.9942 -0.0332
vn 0.1005 0.9946 -0.0275
vn 0.0942 0.9950 -0.0347
vn 0.0893 0.9952 -0.0402
vn 0.0531 0.9985 0.0164
vn 0.0655 0.9978 0.0097
vn 0.0321 0.9522 0.3036
vn 0.0449 0.9592 0.2790
vn 0.0531 0.9633 0.2631
vn 0.0791 0.9969 -0.0040
vn 0.0667 0.9978 0.0046
vn 0.0879 0.9961 -0.0102
vn -0.0180 -0.9204 0.3906
vn -0.0128 -0.9171 0.3984
vn -0.0088 -0.9146 0.4043
vn -0.0212 -0.9312 0.3639
vn -0.0150 -0.9273 0.3741
vn -0.0107 -0.9245 0.3811
vn -0.0287 -0.7546 0.6555
vn -0.0188 -0.7515 0.6595
vn -0.0143 -0.9612 0.2755
vn -0.0048 -0.9545 0.2981
vn -0.0012 -0.9517 0.3069
vn -0.0459 -0.8340 0.5499
vn -0.0373 -0.7993 0.5998
vn -0.0366 -0.7964 0.6037
vn -0.0216 -0.9453 0.3255
vn -0.0128 -0.9395 0.3422
vn -0.0081 -0.9363 0.3511
vn -0.2268 -0.9417 0.2486
vn -0.3291 -0.8859 0.3269
vn -0.2079 -0.9497 0.2340
vn -0.2975 -0.3595 0.8844
vn -0.3392 0.7658 0.5463
vn -0.2574 -0.4872 0.8345
vn -0.3184 -0.1954 0.9276
vn -0.1844 0.8388 0.5123
vn -0.3137 -0.2528 0.9153
vn 0.1264 0.9812 0.1456
vn 0.1089 0.9859 0.1267
vn 0.1484 0.9743 0.1693
vn -0.1983 -0.9651 0.1712
vn -0.1929 -0.9696 0.1504
vn -0.1908 -0.9712 0.1427
vn 0.1767 0.9834 0.0418
vn 0.1993 0.9799 0.0098
vn 0.1922 0.9807 0.0354
vn 0.2113 0.9774 0.0090
vn 0.2114 0.9774 0.0085
vn 0.2100 0.9775 0.0216
vn 0.1964 0.9804 -0.0173
vn 0.1964 0.9804 -0.0174
vn 0.1963 0.9804 -0.0170
vn 0.1459 0.9893 0.0049
vn 0.1472 0.9891 0.0056
vn 0.1531 0.9882 0.0089
vn 0.1011 0.9941 0.0387
vn 0.0983 0.9946 0.0336
vn 0.1044 0.9935 0.0450
vn 0.0604 0.9947 0.0833
vn 0.0602 0.9961 0.0648
vn 0.0605 0.9942 0.0886
vn -0.2516 -0.8887 0.3832
vn -0.3930 -0.6948 0.6024
vn -0.2444 -0.8954 0.3721
vn -0.1875 -0.9645 0.1859
vn -0.2152 -0.9541 0.2084
vn -0.1794 -0.9673 0.1792
vn 0.0909 0.9953 -0.0326
vn 0.0912 0.9953 -0.0319
vn 0.0898 0.9953 -0.0355
vn 0.1050 0.9936 -0.0416
vn 0.1046 0.9936 -0.0422
vn 0.1025 0.9937 -0.0457
vn 0.0699 0.9971 -0.0311
vn 0.0700 0.9971 -0.0306
vn 0.0698 0.9970 -0.0323
vn 0.0822 0.9959 -0.0386
vn 0.0823 0.9959 -0.0379
vn 0.0815 0.9958 -0.0416
vn 0.0901 0.9958 -0.0158
vn 0.0907 0.9958 -0.0138
vn 0.0894 0.9958 -0.0183
vn 0.1072 0.9935 -0.0376
vn 0.1070 0.9935 -0.0379
vn 0.1047 0.9937 -0.0413
vn 0.1216 0.9915 -0.0472
vn 0.1200 0.9916 -0.0489
vn 0.1172 0.9918 -0.0518
vn 0.1364 0.9891 -0.0549
vn 0.1339 0.9893 -0.0570
vn 0.1310 0.9896 -0.0596
vn 0.1190 0.9917 -0.0493
vn 0.1180 0.9917 -0.0505
vn 0.1157 0.9918 -0.0533
vn 0.0967 0.9943 -0.0458
vn 0.0966 0.9943 -0.0460
vn 0.0953 0.9942 -0.0489
vn 0.0690 0.9966 -0.0449
vn 0.0686 0.9968 -0.0421
vn 0.0694 0.9964 -0.0480
vn 0.0534 0.9977 -0.0408
vn 0.0464 0.9983 -0.0364
vn 0.0519 0.9979 -0.0399
vn 0.0392 0.9988 -0.0286
vn 0.0442 0.9985 -0.0333
vn 0.0381 0.9989 -0.0265
vn 0.0380 0.9991 -0.0202
vn 0.0561 0.9983 -0.0124
vn 0.0562 0.9983 -0.0141
vn 0.0561 0.9984 -0.0110
vn 0.0738 0.9972 -0.0107
vn 0.0740 0.9972 -0.0094
vn 0.0737 0.9972 -0.0117
vn 0.0072 0.9977 -0.0674
vn 0.0099 0.9979 -0.0638
vn 0.0036 0.9979 -0.0649
vn 0.0127 0.9977 -0.0667
vn 0.0262 0.9975 -0.0654
vn 0.0009 0.9981 -0.0613
vn 0.0247 0.9978 -0.0610
vn 0.0055 0.9981 -0.0610
vn 0.0097 0.9973 -0.0725
vn 0.0045 0.9976 -0.0686
vn 0.0113 0.9974 -0.0712
vn 0.0153 0.9974 -0.0704
vn 0.0216 0.9976 -0.0664
vn 0.0225 0.9973 -0.0703
vn 0.0270 0.9974 -0.0666
vn 0.0269 0.9975 -0.0648
vn 0.0139 0.9980 -0.0612
vn 0.0252 0.9978 -0.0615
vn 0.0104 0.9983 -0.0572
vn 0.0214 0.9982 -0.0562
vn 0.0135 0.9983 -0.0563
vn 0.0077 0.9984 -0.0566
vn 0.0114 0.9982 -0.0582
vn -0.0012 0.9982 -0.0601
vn 0.0008 0.9978 -0.0657
vn 0.0981 0.9925 -0.0727
vn 0.1074 0.9920 -0.0670
vn 0.1015 0.9922 -0.0717
vn 0.0940 0.9931 -0.0701
vn 0.1033 0.9924 -0.0668
vn 0.1076 0.9921 -0.0644
vn 0.0991 0.9926 -0.0704
vn 0.0928 0.9938 -0.0619
vn 0.0912 0.9930 -0.0757
vn 0.0999 0.9925 -0.0711
vn 0.0864 0.9935 -0.0746
vn 0.0870 0.9932 -0.0771
vn 0.0832 0.9937 -0.0752
vn 0.0647 0.9947 -0.0797
vn 0.0727 0.9946 -0.0737
vn 0.0728 0.9946 -0.0736
vn 0.0777 0.9947 -0.0666
vn 0.0764 0.9946 -0.0709
vn 0.0747 0.9953 -0.0614
vn 0.0733 0.9964 -0.0434
vn 0.0646 0.9971 -0.0414
vn 0.0753 0.9962 -0.0439
vn 0.0930 0.9945 -0.0483
vn 0.0865 0.9951 -0.0485
vn 0.0952 0.9942 -0.0494
vn 0.0883 0.9949 -0.0492
vn 0.1062 0.9928 -0.0546
vn 0.1071 0.9928 -0.0542
vn 0.1076 0.9926 -0.0558
vn 0.1057 0.9924 -0.0628
vn 0.0060 0.9971 -0.0760
vn 0.0044 0.9975 -0.0706
vn 0.0074 0.9970 -0.0765
vn 0.0034 0.9971 -0.0756
vn 0.0038 0.9976 -0.0691
vn 0.0007 0.9977 -0.0676
vn 0.0022 0.9977 -0.0680
vn -0.0006 0.9980 -0.0638
vn 0.0119 0.9967 -0.0808
vn 0.0123 0.9970 -0.0768
vn 0.0080 0.9967 -0.0807
vn 0.0063 0.9967 -0.0807
vn 0.0036 0.9967 -0.0807
vn -0.0000 0.9972 -0.0754
vn -0.0000 0.9977 -0.0677
vn -0.0000 0.9980 -0.0631
vn -0.0001 0.9980 -0.0631
vn -0.0004 0.9990 -0.0442
vn -0.0000 0.9991 -0.0430
vn -0.0039 0.9991 -0.0432
vn -0.0069 0.9990 -0.0448
vn 0.0014 0.9989 -0.0472
vn -0.0081 0.9988 -0.0475
vn 0.0017 0.9986 -0.0526
vn -0.0053 0.9986 -0.0529
vn -0.0018 0.9984 -0.0563
vn 0.0038 0.9976 -0.0690
vn 0.1777 0.9819 -0.0655
vn 0.1713 0.9829 -0.0679
vn 0.1691 0.9832 -0.0688
vn 0.1548 0.9861 -0.0597
vn 0.1488 0.9869 -0.0626
vn 0.1459 0.9872 -0.0641
vn 0.1638 0.9850 -0.0545
vn 0.1597 0.9856 -0.0563
vn 0.1577 0.9858 -0.0571
vn 0.1389 0.9891 -0.0492
vn 0.1354 0.9895 -0.0512
vn 0.1328 0.9897 -0.0527
vn 0.2182 0.9720 -0.0875
vn 0.2031 0.9766 -0.0713
vn 0.2094 0.9747 -0.0788
vn 0.1952 0.9779 -0.0753
vn 0.1873 0.9792 -0.0782
vn 0.1850 0.9796 -0.0790
vn 0.1742 0.9823 -0.0686
vn 0.1664 0.9834 -0.0722
vn 0.1631 0.9838 -0.0737
vn 0.1539 0.9862 -0.0615
vn 0.1488 0.9868 -0.0647
vn 0.1454 0.9871 -0.0668
vn 0.1365 0.9892 -0.0534
vn 0.1328 0.9896 -0.0560
vn 0.1297 0.9898 -0.0581
vn 0.1212 0.9917 -0.0434
vn 0.1195 0.9918 -0.0449
vn 0.1168 0.9920 -0.0473
vn 0.1050 0.9942 -0.0226
vn 0.1052 0.9942 -0.0222
vn 0.1029 0.9944 -0.0256
vn 0.1249 0.9917 -0.0297
vn 0.1237 0.9918 -0.0307
vn 0.1212 0.9921 -0.0326
vn 0.1541 0.9874 -0.0371
vn 0.1515 0.9877 -0.0383
vn 0.1491 0.9880 -0.0394
vn 0.1892 0.9809 -0.0451
vn 0.1852 0.9818 -0.0431
vn 0.1915 0.9804 -0.0461
vn 0.2012 0.9771 -0.0689
vn 0.1939 0.9793 -0.0587
vn 0.1932 0.9794 -0.0590
vn 0.1953 0.9789 -0.0596
vn 0.2469 0.9667 -0.0668
vn 0.2604 0.9635 -0.0623
vn 0.2629 0.9628 -0.0615
vn 0.2596 0.9642 -0.0538
vn 0.2653 0.9628 -0.0511
vn 0.2666 0.9625 -0.0504
vn 0.2245 0.9715 -0.0759
vn 0.2283 0.9706 -0.0756
vn 0.2456 0.9669 -0.0697
vn 0.2248 0.9714 -0.0762
vn 0.2297 0.9707 -0.0701
vn 0.2315 0.9711 -0.0585
vn 0.2297 0.9709 -0.0675
vn 0.2321 0.9711 -0.0564
vn 0.2330 0.9709 -0.0560
vn 0.2264 0.9731 -0.0431
vn 0.2294 0.9725 -0.0406
vn 0.2309 0.9722 -0.0393
vn 0.2517 0.9672 -0.0342
vn 0.2530 0.9669 -0.0326
vn 0.2539 0.9667 -0.0317
vn 0.1538 0.9851 -0.0769
vn 0.1593 0.9842 -0.0773
vn 0.1637 0.9837 -0.0751
vn 0.1840 0.9797 -0.0801
vn 0.1992 0.9762 -0.0860
vn 0.1931 0.9781 -0.0782
vn 0.1275 0.9893 -0.0704
vn 0.1303 0.9889 -0.0707
vn 0.1347 0.9884 -0.0698
vn 0.1489 0.9857 -0.0792
vn 0.1564 0.9847 -0.0766
vn 0.1583 0.9845 -0.0759
vn 0.1671 0.9820 -0.0883
vn 0.1772 0.9805 -0.0849
vn 0.1798 0.9801 -0.0840
vn 0.1760 0.9806 -0.0866
vn 0.1985 0.9761 -0.0880
vn 0.2016 0.9759 -0.0839
vn 0.2187 0.9722 -0.0832
vn 0.2003 0.9762 -0.0832
vn 0.2212 0.9722 -0.0765
vn 0.2347 0.9685 -0.0829
vn 0.2307 0.9687 -0.0917
vn 0.2295 0.9689 -0.0921
vn 0.2354 0.9680 -0.0876
vn 0.2128 0.9733 -0.0867
vn 0.2226 0.9711 -0.0867
vn 0.2194 0.9711 -0.0942
vn 0.2217 0.9706 -0.0938
vn 0.2229 0.9706 -0.0910
vn 0.2071 0.9743 -0.0885
vn 0.2042 0.9748 -0.0899
vn 0.2049 0.9754 -0.0817
vn 0.2126 0.9730 -0.0896
vn 0.2068 0.9749 -0.0825
vn 0.2252 0.9705 -0.0856
vn 0.2001 0.9766 -0.0793
vn 0.2041 0.9760 -0.0760
vn 0.1887 0.9789 -0.0787
vn 0.1971 0.9771 -0.0803
vn 0.1842 0.9796 -0.0804
vn 0.1811 0.9800 -0.0823
vn 0.1725 0.9825 -0.0708
vn 0.1672 0.9831 -0.0739
vn 0.1637 0.9836 -0.0760
vn 0.1956 0.9775 -0.0787
vn 0.1875 0.9788 -0.0823
vn 0.1842 0.9793 -0.0838
vn 0.2061 0.9745 -0.0885
vn 0.2083 0.9745 -0.0834
vn 0.2096 0.9735 -0.0917
vn 0.2142 0.9725 -0.0912
vn 0.0314 0.9968 -0.0728
vn 0.0263 0.9970 -0.0728
vn 0.0353 0.9968 -0.0722
vn 0.0262 0.9968 -0.0758
vn 0.0229 0.9970 -0.0738
vn 0.0354 0.9974 -0.0634
vn 0.0342 0.9974 -0.0638
vn 0.0402 0.9972 -0.0623
vn 0.0339 0.9974 -0.0637
vn 0.0315 0.9974 -0.0656
vn 0.0437 0.9960 -0.0781
vn 0.0481 0.9961 -0.0746
vn 0.0482 0.9961 -0.0745
vn 0.0334 0.9961 -0.0813
vn 0.0311 0.9965 -0.0781
vn 0.0239 0.9964 -0.0807
vn 0.0189 0.9969 -0.0764
vn 0.0174 0.9966 -0.0809
vn 0.0257 0.9975 -0.0659
vn 0.0308 0.9974 -0.0659
vn 0.0306 0.9983 -0.0498
vn 0.0326 0.9982 -0.0503
vn 0.0356 0.9982 -0.0486
vn 0.0358 0.9983 -0.0451
vn 0.0413 0.9982 -0.0445
vn 0.0452 0.9981 -0.0426
vn 0.0421 0.9982 -0.0429
vn 0.0501 0.9979 -0.0410
vn 0.0527 0.9977 -0.0415
vn 0.0523 0.9964 -0.0668
vn 0.0528 0.9967 -0.0618
vn 0.0520 0.9964 -0.0669
vn 0.0356 0.9824 -0.1836
vn 0.0276 0.9831 -0.1808
vn 0.0301 0.9828 -0.1821
vn 0.0350 0.9830 -0.1800
vn 0.0279 0.9845 -0.1734
vn 0.0332 0.9872 -0.1559
vn 0.0239 0.9878 -0.1541
vn 0.0270 0.9876 -0.1547
vn 0.0287 0.9876 -0.1542
vn 0.0201 0.9883 -0.1510
vn 0.0394 0.9744 -0.2215
vn 0.0331 0.9753 -0.2185
vn 0.0377 0.9746 -0.2209
vn 0.0386 0.9746 -0.2206
vn 0.0333 0.9767 -0.2120
vn 0.0383 0.9769 -0.2104
vn 0.0423 0.9752 -0.2171
vn 0.0366 0.9774 -0.2081
vn 0.0297 0.9784 -0.2046
vn 0.0358 0.9836 -0.1766
vn 0.0385 0.9836 -0.1761
vn 0.0263 0.9882 -0.1512
vn 0.0099 0.9889 -0.1480
vn 0.0206 0.9910 -0.1324
vn 0.0111 0.9913 -0.1309
vn 0.0174 0.9911 -0.1319
vn 0.0248 0.9908 -0.1333
vn 0.0202 0.9910 -0.1327
vn 0.0321 0.9904 -0.1342
vn 0.0257 0.9907 -0.1334
vn 0.0420 0.9899 -0.1354
vn 0.0342 0.9903 -0.1343
vn 0.0408 0.9867 -0.1574
vn 0.0344 0.9871 -0.1561
vn 0.0396 0.9820 -0.1848
vn 0.0358 0.9823 -0.1839
vn 0.0008 0.9853 -0.1707
vn 0.0067 0.9843 -0.1762
vn 0.0076 0.9850 -0.1723
vn 0.0019 0.9844 -0.1757
vn 0.0044 0.9841 -0.1777
vn 0.0076 0.9888 -0.1488
vn 0.0077 0.9885 -0.1508
vn 0.0101 0.9887 -0.1496
vn 0.0064 0.9885 -0.1513
vn 0.0051 0.9885 -0.1514
vn 0.0010 0.9799 -0.1996
vn 0.0049 0.9792 -0.2029
vn 0.0082 0.9806 -0.1958
vn -0.0002 0.9795 -0.2015
vn 0.0046 0.9784 -0.2067
vn -0.0021 0.9780 -0.2086
vn 0.0031 0.9771 -0.2127
vn -0.0004 0.9770 -0.2134
vn -0.0000 0.9767 -0.2147
vn 0.0019 0.9839 -0.1788
vn -0.0000 0.9839 -0.1787
vn 0.0040 0.9884 -0.1518
vn -0.0000 0.9884 -0.1517
vn 0.0046 0.9914 -0.1307
vn -0.0000 0.9914 -0.1306
vn 0.0047 0.9914 -0.1307
vn 0.0081 0.9914 -0.1309
vn 0.0069 0.9914 -0.1308
vn 0.0101 0.9913 -0.1310
vn 0.0103 0.9913 -0.1310
vn 0.0177 0.9911 -0.1318
vn 0.0233 0.9884 -0.1501
vn 0.0016 0.9855 -0.1697
vn 0.0093 0.9860 -0.1666
vn 0.0589 0.9960 -0.0678
vn 0.0619 0.9960 -0.0637
vn 0.0624 0.9960 -0.0635
vn 0.0749 0.9948 -0.0688
vn 0.0840 0.9945 -0.0627
vn 0.0782 0.9947 -0.0672
vn 0.0655 0.9964 -0.0537
vn 0.0640 0.9961 -0.0610
vn 0.0914 0.9943 -0.0549
vn 0.0847 0.9945 -0.0619
vn 0.0398 0.9965 -0.0733
vn 0.0422 0.9968 -0.0672
vn 0.0425 0.9969 -0.0669
vn 0.0539 0.9958 -0.0741
vn 0.0584 0.9960 -0.0680
vn 0.0699 0.9949 -0.0731
vn 0.0743 0.9949 -0.0690
vn 0.0826 0.9938 -0.0742
vn 0.0888 0.9936 -0.0700
vn 0.0895 0.9935 -0.0699
vn 0.0936 0.9933 -0.0685
vn 0.1014 0.9928 -0.0634
vn 0.1181 0.9916 -0.0535
vn 0.0963 0.9940 -0.0519
vn 0.0979 0.9939 -0.0513
vn 0.0663 0.9964 -0.0530
vn 0.0669 0.9964 -0.0527
vn 0.0437 0.9972 -0.0610
vn 0.0421 0.9976 -0.0546
vn 0.0417 0.9976 -0.0547
vn 0.0439 0.9969 -0.0651
vn 0.0439 0.9974 -0.0576
vn 0.0438 0.9970 -0.0632
vn 0.0691 0.9794 -0.1899
vn 0.0774 0.9786 -0.1904
vn 0.0704 0.9791 -0.1906
vn 0.0803 0.9783 -0.1912
vn 0.0735 0.9799 -0.1856
vn 0.0593 0.9856 -0.1587
vn 0.0668 0.9849 -0.1597
vn 0.0612 0.9853 -0.1593
vn 0.0676 0.9849 -0.1596
vn 0.0675 0.9850 -0.1586
vn 0.0689 0.9716 -0.2262
vn 0.0799 0.9701 -0.2294
vn 0.0730 0.9710 -0.2276
vn 0.0774 0.9705 -0.2283
vn 0.0903 0.9695 -0.2279
vn 0.1043 0.9675 -0.2304
vn 0.1036 0.9664 -0.2353
vn 0.1054 0.9676 -0.2293
vn 0.0843 0.9732 -0.2140
vn 0.0906 0.9773 -0.1914
vn 0.0748 0.9798 -0.1853
vn 0.0727 0.9845 -0.1598
vn 0.0632 0.9856 -0.1568
vn 0.0636 0.9888 -0.1353
vn 0.0660 0.9885 -0.1361
vn 0.0660 0.9885 -0.1358
vn 0.0583 0.9892 -0.1343
vn 0.0625 0.9888 -0.1352
vn 0.0512 0.9898 -0.1330
vn 0.0556 0.9894 -0.1341
vn 0.0444 0.9903 -0.1320
vn 0.0475 0.9900 -0.1329
vn 0.0527 0.9861 -0.1578
vn 0.0542 0.9859 -0.1584
vn 0.0613 0.9801 -0.1887
vn 0.0635 0.9798 -0.1895
vn 0.0508 0.9824 -0.1799
vn 0.0509 0.9817 -0.1833
vn 0.0543 0.9821 -0.1804
vn 0.0426 0.9824 -0.1819
vn 0.0440 0.9818 -0.1846
vn 0.0583 0.9859 -0.1567
vn 0.0532 0.9861 -0.1574
vn 0.0589 0.9859 -0.1567
vn 0.0518 0.9862 -0.1571
vn 0.0445 0.9866 -0.1572
vn 0.0444 0.9772 -0.2074
vn 0.0525 0.9761 -0.2108
vn 0.0622 0.9767 -0.2054
vn 0.0431 0.9769 -0.2091
vn 0.0495 0.9749 -0.2172
vn 0.0382 0.9759 -0.2148
vn 0.0454 0.9745 -0.2196
vn 0.0398 0.9747 -0.2199
vn 0.0424 0.9820 -0.1843
vn 0.0473 0.9863 -0.1578
vn 0.0510 0.9893 -0.1364
vn 0.0453 0.9897 -0.1356
vn 0.0578 0.9889 -0.1366
vn 0.0550 0.9892 -0.1361
vn 0.0619 0.9887 -0.1364
vn 0.0621 0.9887 -0.1362
vn 0.0651 0.9886 -0.1361
vn 0.0685 0.9850 -0.1581
vn 0.0538 0.9823 -0.1796
vn 0.0633 0.9817 -0.1794
vn 0.0046 0.9974 -0.0725
vn 0.0294 0.9968 -0.0739
vn 0.0129 0.9974 -0.0705
vn 0.0010 0.9978 -0.0661
vn 0.0061 0.9974 -0.0713
vn 0.0047 0.9981 -0.0616
vn 0.0092 0.9979 -0.0639
vn 0.0088 0.9982 -0.0591
vn 0.0047 0.9986 -0.0534
vn 0.0077 0.9985 -0.0550
vn 0.0071 0.9981 -0.0604
vn 0.0134 0.9982 -0.0590
vn 0.0200 0.9974 -0.0687
vn 0.0191 0.9975 -0.0683
vn 0.0203 0.9973 -0.0713
vn 0.0240 0.9973 -0.0697
vn 0.0179 0.9975 -0.0679
vn 0.0280 0.9971 -0.0703
vn 0.0078 0.9968 -0.0792
vn 0.0183 0.9967 -0.0785
vn 0.0157 0.9971 -0.0743
vn 0.0081 0.9969 -0.0786
vn 0.0123 0.9972 -0.0739
vn 0.0352 0.9968 -0.0724
vn 0.0121 0.9971 -0.0757
vn 0.0207 0.9987 -0.0457
vn 0.0192 0.9990 -0.0409
vn 0.0198 0.9992 -0.0359
vn 0.0239 0.9985 -0.0491
vn 0.0194 0.9989 -0.0435
vn 0.0074 0.9986 -0.0522
vn 0.0094 0.9988 -0.0481
vn 0.0440 0.9972 -0.0600
vn 0.0472 0.9975 -0.0529
vn 0.0498 0.9974 -0.0526
vn 0.0484 0.9966 -0.0661
vn 0.0451 0.9975 -0.0541
vn 0.0252 0.9984 -0.0504
vn 0.0208 0.9986 -0.0478
vn 0.0657 0.9953 -0.0712
vn 0.0562 0.9958 -0.0720
vn 0.0661 0.9951 -0.0738
vn 0.0641 0.9954 -0.0707
vn 0.0510 0.9964 -0.0678
vn 0.0503 0.9966 -0.0657
vn 0.0446 0.9971 -0.0624
vn 0.0540 0.9963 -0.0675
vn 0.0525 0.9963 -0.0684
vn 0.0505 0.9963 -0.0689
vn 0.0356 0.9969 -0.0696
vn 0.0310 0.9968 -0.0733
vn 0.0525 0.9962 -0.0696
vn 0.0560 0.9805 -0.1884
vn 0.0535 0.9811 -0.1859
vn 0.0546 0.9807 -0.1878
vn 0.0556 0.9808 -0.1871
vn 0.0508 0.9820 -0.1820
vn 0.0520 0.9855 -0.1613
vn 0.0475 0.9861 -0.1590
vn 0.0494 0.9858 -0.1602
vn 0.0489 0.9860 -0.1594
vn 0.0457 0.9865 -0.1573
vn 0.0685 0.9703 -0.2322
vn 0.0620 0.9717 -0.2277
vn 0.0653 0.9708 -0.2310
vn 0.0646 0.9713 -0.2291
vn 0.0608 0.9730 -0.2225
vn 0.0652 0.9720 -0.2256
vn 0.0576 0.9752 -0.2136
vn 0.0680 0.9731 -0.2203
vn 0.0583 0.9755 -0.2122
vn 0.0557 0.9813 -0.1845
vn 0.0458 0.9828 -0.1788
vn 0.0478 0.9863 -0.1581
vn 0.0432 0.9868 -0.1559
vn 0.0429 0.9896 -0.1373
vn 0.0383 0.9901 -0.1349
vn 0.0419 0.9896 -0.1373
vn 0.0450 0.9892 -0.1392
vn 0.0424 0.9895 -0.1381
vn 0.0452 0.9892 -0.1393
vn 0.0433 0.9893 -0.1396
vn 0.0587 0.9875 -0.1465
vn 0.0492 0.9885 -0.1428
vn 0.0521 0.9891 -0.1380
vn 0.0588 0.9848 -0.1634
vn 0.0544 0.9853 -0.1618
vn 0.0603 0.9801 -0.1893
vn 0.0579 0.9804 -0.1885
vn 0.0428 0.9828 -0.1798
vn 0.0523 0.9813 -0.1855
vn 0.0463 0.9824 -0.1811
vn 0.0449 0.9821 -0.1830
vn 0.0581 0.9804 -0.1882
vn 0.0419 0.9869 -0.1560
vn 0.0444 0.9866 -0.1568
vn 0.0430 0.9869 -0.1557
vn 0.0430 0.9868 -0.1563
vn 0.0487 0.9863 -0.1578
vn 0.0439 0.9773 -0.2073
vn 0.0495 0.9759 -0.2125
vn 0.0491 0.9779 -0.2034
vn 0.0437 0.9768 -0.2095
vn 0.0592 0.9736 -0.2204
vn 0.0484 0.9749 -0.2174
vn 0.0673 0.9720 -0.2251
vn 0.0599 0.9730 -0.2230
vn 0.0536 0.9810 -0.1867
vn 0.0472 0.9864 -0.1572
vn 0.0402 0.9904 -0.1320
vn 0.0396 0.9904 -0.1322
vn 0.0383 0.9904 -0.1328
vn 0.0366 0.9905 -0.1329
vn 0.0391 0.9902 -0.1343
vn 0.0373 0.9903 -0.1341
vn 0.0411 0.9899 -0.1359
vn 0.0453 0.9866 -0.1567
vn 0.0505 0.9822 -0.1807
vn 0.1952 0.9697 -0.1471
vn 0.1975 0.9690 -0.1487
vn 0.1943 0.9699 -0.1465
vn 0.1575 0.9775 -0.1403
vn 0.1568 0.9776 -0.1404
vn 0.1584 0.9774 -0.1401
vn 0.2049 0.9698 -0.1321
vn 0.1969 0.9720 -0.1279
vn 0.2072 0.9692 -0.1333
vn 0.1593 0.9801 -0.1186
vn 0.1520 0.9814 -0.1170
vn 0.1502 0.9813 -0.1205
vn 0.2276 0.9586 -0.1711
vn 0.2359 0.9549 -0.1801
vn 0.2226 0.9607 -0.1658
vn 0.1725 0.9712 -0.1647
vn 0.1819 0.9694 -0.1646
vn 0.1853 0.9688 -0.1646
vn 0.1456 0.9763 -0.1604
vn 0.1548 0.9742 -0.1641
vn 0.1548 0.9749 -0.1600
vn 0.1453 0.9762 -0.1609
vn 0.1541 0.9743 -0.1644
vn 0.1564 0.9777 -0.1404
vn 0.1567 0.9776 -0.1403
vn 0.1585 0.9804 -0.1171
vn 0.1535 0.9812 -0.1167
vn 0.1483 0.9842 -0.0965
vn 0.1471 0.9846 -0.0950
vn 0.1443 0.9849 -0.0958
vn 0.1483 0.9842 -0.0968
vn 0.1351 0.9857 -0.1004
vn 0.1949 0.9745 -0.1116
vn 0.1787 0.9783 -0.1053
vn 0.1990 0.9734 -0.1132
vn 0.2874 0.9468 -0.1445
vn 0.2959 0.9435 -0.1490
vn 0.2962 0.9436 -0.1477
vn 0.2695 0.9489 -0.1641
vn 0.2713 0.9481 -0.1659
vn 0.2688 0.9492 -0.1635
vn 0.1430 0.9674 -0.2088
vn 0.1544 0.9675 -0.2002
vn 0.1476 0.9670 -0.2076
vn 0.1163 0.9742 -0.1932
vn 0.1173 0.9752 -0.1879
vn 0.1163 0.9745 -0.1921
vn 0.1571 0.9675 -0.1981
vn 0.1587 0.9672 -0.1982
vn 0.1306 0.9726 -0.1924
vn 0.1286 0.9739 -0.1868
vn 0.1828 0.9499 -0.2537
vn 0.1934 0.9476 -0.2541
vn 0.1990 0.9464 -0.2543
vn 0.1347 0.9653 -0.2238
vn 0.1389 0.9645 -0.2248
vn 0.1404 0.9642 -0.2251
vn 0.1197 0.9707 -0.2086
vn 0.1144 0.9743 -0.1943
vn 0.1133 0.9720 -0.2060
vn 0.1208 0.9710 -0.2062
vn 0.1161 0.9736 -0.1965
vn 0.1246 0.9732 -0.1933
vn 0.1309 0.9723 -0.1934
vn 0.1304 0.9755 -0.1772
vn 0.1447 0.9722 -0.1843
vn 0.1452 0.9723 -0.1834
vn 0.1307 0.9756 -0.1763
vn 0.1431 0.9738 -0.1768
vn 0.1586 0.9704 -0.1823
vn 0.1649 0.9693 -0.1823
vn 0.1670 0.9690 -0.1823
vn 0.2170 0.9555 -0.2000
vn 0.2140 0.9560 -0.2005
vn 0.2124 0.9563 -0.2008
vn 0.2183 0.9503 -0.2220
vn 0.2235 0.9493 -0.2210
vn 0.2260 0.9489 -0.2205
vn 0.2030 0.9503 -0.2359
vn 0.2144 0.9480 -0.2351
vn 0.2195 0.9469 -0.2348
vn 0.1634 0.9562 -0.2428
vn 0.1798 0.9568 -0.2285
vn 0.1742 0.9554 -0.2385
vn 0.1888 0.9462 -0.2628
vn 0.1867 0.9497 -0.2513
vn 0.1862 0.9499 -0.2512
vn 0.1797 0.9565 -0.2297
vn 0.1795 0.9567 -0.2293
vn 0.1781 0.9569 -0.2295
vn 0.1237 0.9684 -0.2166
vn 0.1445 0.9651 -0.2184
vn 0.1360 0.9661 -0.2194
vn 0.1591 0.9566 -0.2442
vn 0.1721 0.9552 -0.2408
vn 0.1867 0.9460 -0.2649
vn 0.1885 0.9483 -0.2553
vn 0.1897 0.9454 -0.2651
vn 0.1871 0.9461 -0.2645
vn 0.1805 0.9534 -0.2416
vn 0.1730 0.9550 -0.2411
vn 0.1708 0.9554 -0.2409
vn 0.1644 0.9626 -0.2152
vn 0.1575 0.9639 -0.2147
vn 0.1555 0.9643 -0.2145
vn 0.1507 0.9698 -0.1917
vn 0.1470 0.9704 -0.1917
vn 0.1457 0.9706 -0.1917
vn 0.1780 0.9618 -0.2079
vn 0.1708 0.9637 -0.2049
vn 0.1729 0.9632 -0.2055
vn 0.1778 0.9618 -0.2084
vn 0.1797 0.9614 -0.2085
vn 0.1624 0.9663 -0.1999
vn 0.1684 0.9652 -0.2002
vn 0.1701 0.9649 -0.2003
vn 0.1474 0.9649 -0.2176
vn 0.1601 0.9635 -0.2146
vn 0.1619 0.9631 -0.2149
vn 0.1561 0.9640 -0.2151
vn 0.0912 0.9945 -0.0507
vn 0.1028 0.9933 -0.0527
vn 0.0909 0.9946 -0.0504
vn 0.0880 0.9948 -0.0505
vn 0.0938 0.9940 -0.0567
vn 0.1030 0.9927 -0.0634
vn 0.0974 0.9937 -0.0551
vn 0.0891 0.9946 -0.0532
vn 0.0927 0.9945 -0.0491
vn 0.0895 0.9947 -0.0513
vn 0.0902 0.9946 -0.0510
vn 0.1284 0.9905 -0.0491
vn 0.1278 0.9905 -0.0512
vn 0.1278 0.9906 -0.0495
vn 0.1301 0.9899 -0.0568
vn 0.1279 0.9904 -0.0521
vn 0.1367 0.9884 -0.0656
vn 0.1305 0.9897 -0.0582
vn 0.1401 0.9880 -0.0655
vn 0.1412 0.9878 -0.0651
vn 0.1085 0.9921 -0.0623
vn 0.1115 0.9918 -0.0617
vn 0.1389 0.9880 -0.0669
vn 0.1276 0.9893 -0.0709
vn 0.1249 0.9896 -0.0718
vn 0.1148 0.9914 -0.0632
vn 0.1092 0.9919 -0.0653
vn 0.1074 0.9920 -0.0659
vn 0.1129 0.9920 -0.0571
vn 0.1037 0.9928 -0.0608
vn 0.1013 0.9929 -0.0618
vn 0.1026 0.9932 -0.0546
vn 0.0934 0.9943 -0.0513
vn 0.0957 0.9938 -0.0567
vn 0.1688 0.9821 -0.0834
vn 0.1541 0.9842 -0.0876
vn 0.1507 0.9846 -0.0885
vn 0.1307 0.9884 -0.0772
vn 0.1229 0.9892 -0.0797
vn 0.1205 0.9894 -0.0805
vn 0.1431 0.9868 -0.0754
vn 0.1407 0.9871 -0.0763
vn 0.1398 0.9872 -0.0766
vn 0.1372 0.9886 -0.0619
vn 0.1323 0.9897 -0.0541
vn 0.1356 0.9888 -0.0619
vn 0.1294 0.9904 -0.0496
vn 0.1313 0.9899 -0.0528
vn 0.1284 0.9905 -0.0490
vn 0.0905 0.9946 -0.0503
vn 0.0941 0.9942 -0.0517
vn 0.2110 0.9754 -0.0647
vn 0.2032 0.9769 -0.0655
vn 0.2141 0.9748 -0.0634
vn 0.2098 0.9755 -0.0654
vn 0.2020 0.9772 -0.0655
vn 0.2138 0.9753 -0.0549
vn 0.2079 0.9766 -0.0556
vn 0.2167 0.9748 -0.0537
vn 0.2126 0.9756 -0.0553
vn 0.2070 0.9767 -0.0559
vn 0.1868 0.9794 -0.0772
vn 0.1879 0.9792 -0.0768
vn 0.1884 0.9791 -0.0767
vn 0.2074 0.9750 -0.0799
vn 0.1993 0.9767 -0.0802
vn 0.2116 0.9742 -0.0782
vn 0.2060 0.9753 -0.0799
vn 0.1980 0.9769 -0.0810
vn 0.1574 0.9839 -0.0845
vn 0.1600 0.9836 -0.0832
vn 0.1617 0.9834 -0.0823
vn 0.1616 0.9845 -0.0688
vn 0.1677 0.9840 -0.0602
vn 0.1637 0.9842 -0.0674
vn 0.1761 0.9828 -0.0554
vn 0.1701 0.9837 -0.0584
vn 0.1860 0.9811 -0.0541
vn 0.2158 0.9751 -0.0506
vn 0.2176 0.9747 -0.0515
vn 0.2169 0.9749 -0.0501
vn 0.1873 0.9809 -0.0531
vn 0.1878 0.9810 -0.0486
vn 0.1873 0.9803 -0.0621
vn 0.1874 0.9809 -0.0513
vn 0.1871 0.9803 -0.0628
vn 0.1870 0.9809 -0.0539
vn 0.1397 0.8997 -0.4136
vn 0.1434 0.9029 -0.4052
vn 0.1353 0.8958 -0.4233
vn 0.1363 0.9190 -0.3700
vn 0.1365 0.9220 -0.3624
vn 0.1361 0.9171 -0.3747
vn 0.1680 0.9334 -0.3172
vn 0.1679 0.9334 -0.3172
vn 0.1355 0.9554 -0.2622
vn 0.1335 0.9480 -0.2890
vn 0.1369 0.9604 -0.2427
vn 0.1339 0.9416 -0.3091
vn 0.1243 0.9436 -0.3069
vn 0.1171 0.9451 -0.3051
vn 0.1279 0.9117 -0.3905
vn 0.1278 0.9117 -0.3905
vn 0.1273 0.9116 -0.3908
vn 0.1295 0.8931 -0.4308
vn 0.1311 0.8948 -0.4267
vn 0.1280 0.8915 -0.4345
vn 0.1420 0.8758 -0.4613
vn 0.1395 0.8814 -0.4513
vn 0.1396 0.8735 -0.4664
vn 0.0910 0.9489 -0.3021
vn 0.1109 0.9465 -0.3030
vn 0.1113 0.9468 -0.3019
vn 0.1103 0.9460 -0.3047
vn 0.1163 0.9192 -0.3761
vn 0.1165 0.9195 -0.3755
vn 0.1161 0.9190 -0.3766
vn 0.1834 0.9422 -0.2803
vn 0.1820 0.9428 -0.2794
vn 0.1835 0.9410 -0.2844
vn 0.1803 0.9442 -0.2758
vn 0.1803 0.9432 -0.2789
vn 0.1464 0.9454 -0.2912
vn 0.1463 0.9450 -0.2926
vn 0.1467 0.9460 -0.2890
vn 0.1193 0.9692 -0.2153
vn 0.1322 0.9658 -0.2231
vn 0.1181 0.9673 -0.2245
vn 0.1258 0.9645 -0.2320
vn 0.1474 0.9581 -0.2456
vn 0.1470 0.9581 -0.2460
vn 0.1538 0.9587 -0.2391
vn 0.1660 0.9426 -0.2898
vn 0.1694 0.9419 -0.2901
vn 0.1720 0.9414 -0.2903
vn 0.1526 0.9272 -0.3421
vn 0.1520 0.9273 -0.3421
vn 0.1511 0.9274 -0.3422
vn 0.1324 0.9579 -0.2549
vn 0.1285 0.9588 -0.2535
vn 0.1268 0.9591 -0.2529
vn 0.1408 0.8812 -0.4514
vn 0.1391 0.8817 -0.4509
vn 0.1401 0.8810 -0.4518
vn 0.1406 0.8813 -0.4511
vn 0.1435 0.8783 -0.4560
vn 0.1431 0.9039 -0.4030
vn 0.1426 0.9039 -0.4032
vn 0.1403 0.9040 -0.4039
vn 0.1096 0.9923 -0.0571
vn 0.1182 0.9907 -0.0672
vn 0.1156 0.9912 -0.0643
vn 0.1324 0.9894 -0.0594
vn 0.1438 0.9871 -0.0701
vn 0.1404 0.9878 -0.0668
vn 0.1214 0.9902 -0.0687
vn 0.1198 0.9905 -0.0671
vn 0.1462 0.9868 -0.0697
vn 0.1454 0.9869 -0.0698
vn 0.0838 0.9949 -0.0565
vn 0.0842 0.9945 -0.0618
vn 0.0833 0.9948 -0.0581
vn 0.1085 0.9925 -0.0566
vn 0.1139 0.9915 -0.0631
vn 0.1303 0.9897 -0.0598
vn 0.1382 0.9882 -0.0663
vn 0.1485 0.9867 -0.0658
vn 0.1598 0.9846 -0.0714
vn 0.1519 0.9863 -0.0647
vn 0.1681 0.9830 -0.0743
vn 0.1632 0.9840 -0.0715
vn 0.1719 0.9825 -0.0720
vn 0.1704 0.9826 -0.0737
vn 0.1709 0.9831 -0.0657
vn 0.1438 0.9874 -0.0664
vn 0.1462 0.9868 -0.0693
vn 0.1196 0.9905 -0.0685
vn 0.1220 0.9902 -0.0688
vn 0.0894 0.9939 -0.0653
vn 0.0954 0.9930 -0.0703
vn 0.0964 0.9931 -0.0663
vn 0.0848 0.9944 -0.0631
vn 0.0933 0.9933 -0.0679
vn 0.0873 0.9940 -0.0656
vn 0.1165 0.9907 -0.0700
vn 0.1094 0.9917 -0.0673
vn 0.1024 0.9926 -0.0657
vn 0.1417 0.9877 -0.0666
vn 0.1283 0.9899 -0.0605
vn 0.1339 0.9890 -0.0636
vn 0.0987 0.9930 -0.0641
vn 0.1198 0.9910 -0.0603
vn 0.1257 0.9901 -0.0617
vn 0.0922 0.9931 -0.0729
vn 0.0832 0.9939 -0.0725
vn 0.1113 0.9916 -0.0665
vn 0.1367 0.9886 -0.0629
vn 0.1658 0.9843 -0.0605
vn 0.1698 0.9833 -0.0649
vn 0.1578 0.9858 -0.0574
vn 0.1636 0.9847 -0.0605
vn 0.1477 0.9874 -0.0565
vn 0.1549 0.9862 -0.0581
vn 0.1363 0.9890 -0.0575
vn 0.1442 0.9879 -0.0576
vn 0.1162 0.9913 -0.0618
vn 0.1132 0.9916 -0.0632
vn 0.1025 0.9927 -0.0635
vn 0.0969 0.9933 -0.0632
vn 0.0786 0.9947 -0.0657
vn 0.0687 0.9951 -0.0704
vn 0.0775 0.9949 -0.0652
vn 0.0826 0.9942 -0.0685
vn 0.0796 0.9946 -0.0661
vn 0.0723 0.9947 -0.0726
vn 0.0717 0.9949 -0.0712
vn 0.0738 0.9944 -0.0761
vn 0.0822 0.9939 -0.0737
vn 0.0948 0.9933 -0.0664
vn 0.1008 0.9929 -0.0638
vn 0.0802 0.9930 -0.0864
vn 0.0884 0.9936 -0.0697
vn 0.0516 0.9957 -0.0769
vn 0.0569 0.9945 -0.0884
vn 0.0538 0.9953 -0.0807
vn 0.0287 0.9965 -0.0780
vn 0.0519 0.9956 -0.0774
vn 0.0757 0.9949 -0.0662
vn 0.0674 0.9952 -0.0706
vn 0.0892 0.9937 -0.0678
vn 0.0873 0.9940 -0.0657
vn 0.0915 0.9933 -0.0703
vn 0.0516 0.9961 -0.0712
vn 0.0509 0.9960 -0.0730
vn 0.0502 0.9959 -0.0750
vn 0.1250 0.9903 -0.0615
vn 0.1162 0.9908 -0.0695
vn 0.1323 0.9894 -0.0591
vn 0.1047 0.9925 -0.0636
vn 0.1094 0.9921 -0.0616
vn 0.1134 0.9917 -0.0599
vn 0.1114 0.9900 -0.0862
vn 0.1130 0.9899 -0.0852
vn 0.1145 0.9898 -0.0843
vn 0.0794 0.9929 -0.0882
vn 0.0804 0.9939 -0.0755
vn 0.1144 0.9909 -0.0711
vn 0.1210 0.9906 -0.0636
vn 0.0307 0.9948 -0.0970
vn 0.0393 0.9950 -0.0920
vn 0.0379 0.9950 -0.0923
vn 0.0322 0.9961 -0.0821
vn 0.0337 0.9958 -0.0848
vn 0.0334 0.9957 -0.0862
vn 0.0569 0.9943 -0.0905
vn 0.0560 0.9942 -0.0913
vn 0.0279 0.9965 -0.0784
vn 0.0487 0.9958 -0.0773
vn 0.0336 0.9959 -0.0838
vn 0.0623 0.9905 -0.1230
vn 0.0642 0.9890 -0.1335
vn 0.0623 0.9903 -0.1239
vn 0.0824 0.9886 -0.1258
vn 0.0822 0.9886 -0.1259
vn 0.0819 0.9886 -0.1261
vn 0.0688 0.9874 -0.1426
vn 0.0658 0.9887 -0.1348
vn 0.0840 0.9866 -0.1402
vn 0.0872 0.9848 -0.1501
vn 0.0847 0.9864 -0.1412
vn 0.0453 0.9933 -0.1068
vn 0.0443 0.9921 -0.1177
vn 0.0441 0.9932 -0.1079
vn 0.0615 0.9923 -0.1076
vn 0.0608 0.9923 -0.1081
vn 0.0601 0.9923 -0.1085
vn 0.0818 0.9908 -0.1075
vn 0.0809 0.9909 -0.1080
vn 0.0800 0.9909 -0.1086
vn 0.1117 0.9880 -0.1067
vn 0.1102 0.9881 -0.1075
vn 0.1088 0.9881 -0.1083
vn 0.1105 0.9857 -0.1276
vn 0.1094 0.9857 -0.1281
vn 0.1084 0.9858 -0.1286
vn 0.1102 0.9832 -0.1455
vn 0.1098 0.9832 -0.1457
vn 0.1094 0.9832 -0.1459
vn 0.1118 0.9807 -0.1606
vn 0.1125 0.9806 -0.1604
vn 0.1129 0.9806 -0.1604
vn 0.0914 0.9829 -0.1598
vn 0.0886 0.9843 -0.1525
vn 0.0731 0.9857 -0.1516
vn 0.0707 0.9870 -0.1445
vn 0.0508 0.9906 -0.1272
vn 0.0596 0.9875 -0.1457
vn 0.0456 0.9920 -0.1181
vn 0.0545 0.9893 -0.1354
vn 0.0480 0.9908 -0.1267
vn 0.0752 0.9831 -0.1671
vn 0.0735 0.9832 -0.1674
vn 0.0726 0.9832 -0.1675
vn 0.0955 0.9798 -0.1755
vn 0.0657 0.9798 -0.1891
vn 0.0743 0.9787 -0.1914
vn 0.0717 0.9789 -0.1911
vn 0.1013 0.9749 -0.1984
vn 0.1002 0.9749 -0.1986
vn 0.0996 0.9750 -0.1987
vn 0.0597 0.9873 -0.1472
vn 0.0734 0.9855 -0.1529
vn 0.0736 0.9855 -0.1529
vn 0.0923 0.9826 -0.1612
vn 0.0928 0.9826 -0.1612
vn 0.1160 0.9778 -0.1744
vn 0.1185 0.9776 -0.1742
vn 0.1195 0.9774 -0.1741
vn 0.1241 0.9735 -0.1920
vn 0.1278 0.9730 -0.1920
vn 0.1291 0.9729 -0.1919
vn 0.1367 0.9667 -0.2164
vn 0.1400 0.9663 -0.2162
vn 0.1414 0.9661 -0.2161
vn 0.1518 0.9577 -0.2446
vn 0.1513 0.9577 -0.2449
vn 0.1506 0.9577 -0.2452
vn 0.1147 0.9647 -0.2370
vn 0.1141 0.9647 -0.2374
vn 0.1129 0.9646 -0.2384
vn 0.0851 0.9686 -0.2336
vn 0.0843 0.9685 -0.2341
vn 0.0827 0.9684 -0.2354
vn 0.0698 0.9701 -0.2326
vn 0.0600 0.9847 -0.1637
vn 0.0308 0.9937 -0.1076
vn 0.0207 0.9949 -0.0992
vn 0.0357 0.9928 -0.1146
vn 0.0250 0.9948 -0.0991
vn 0.0307 0.9944 -0.1007
vn 0.0197 0.9968 -0.0775
vn 0.0132 0.9962 -0.0861
vn 0.0201 0.9961 -0.0853
vn 0.0162 0.9963 -0.0850
vn 0.0066 0.9965 -0.0830
vn 0.0083 0.9967 -0.0814
vn 0.0222 0.9956 -0.0915
vn 0.0261 0.9942 -0.1044
vn 0.0209 0.9952 -0.0958
vn 0.0464 0.9906 -0.1284
vn 0.0355 0.9921 -0.1200
vn 0.0446 0.9904 -0.1310
vn 0.0468 0.9907 -0.1276
vn 0.0352 0.9922 -0.1197
vn 0.0318 0.9934 -0.1099
vn 0.0311 0.9930 -0.1140
vn 0.0384 0.9922 -0.1182
vn 0.0357 0.9927 -0.1155
vn 0.0256 0.9948 -0.0984
vn 0.0294 0.9948 -0.0975
vn 0.0340 0.9926 -0.1168
vn 0.0409 0.9917 -0.1218
vn 0.0155 0.9967 -0.0791
vn 0.0206 0.9963 -0.0835
vn 0.0173 0.9964 -0.0833
vn 0.0101 0.9967 -0.0801
vn 0.0178 0.9963 -0.0844
vn 0.0303 0.9938 -0.1072
vn 0.0294 0.9945 -0.1004
vn 0.0357 0.9926 -0.1164
vn 0.0229 0.9956 -0.0904
vn 0.0229 0.9958 -0.0887
vn 0.0520 0.9941 -0.0951
vn 0.0623 0.9934 -0.0963
vn 0.0526 0.9941 -0.0950
vn 0.0522 0.9941 -0.0953
vn 0.0703 0.9927 -0.0976
vn 0.0519 0.9952 -0.0827
vn 0.0594 0.9951 -0.0792
vn 0.0522 0.9952 -0.0823
vn 0.0519 0.9952 -0.0831
vn 0.0709 0.9942 -0.0804
vn 0.0376 0.9932 -0.1102
vn 0.0527 0.9923 -0.1123
vn 0.0428 0.9929 -0.1112
vn 0.0455 0.9928 -0.1111
vn 0.0615 0.9916 -0.1136
vn 0.0541 0.9922 -0.1125
vn 0.0671 0.9911 -0.1150
vn 0.0610 0.9916 -0.1142
vn 0.0684 0.9910 -0.1154
vn 0.0610 0.9934 -0.0968
vn 0.0736 0.9924 -0.0988
vn 0.0627 0.9945 -0.0843
vn 0.0790 0.9935 -0.0817
vn 0.0694 0.9949 -0.0733
vn 0.0560 0.9960 -0.0702
vn 0.0395 0.9965 -0.0736
vn 0.0410 0.9968 -0.0692
vn 0.0294 0.9963 -0.0804
vn 0.0400 0.9959 -0.0814
vn 0.0391 0.9959 -0.0813
vn 0.0326 0.9951 -0.0929
vn 0.0410 0.9947 -0.0938
vn 0.0400 0.9948 -0.0939
vn 0.0246 0.9946 -0.1010
vn 0.0219 0.9952 -0.0955
vn 0.0250 0.9946 -0.1007
vn 0.0243 0.9945 -0.1016
vn 0.0169 0.9953 -0.0953
vn 0.0226 0.9960 -0.0866
vn 0.0328 0.9957 -0.0866
vn 0.0169 0.9961 -0.0865
vn 0.0438 0.9922 -0.1169
vn 0.0255 0.9930 -0.1151
vn 0.0352 0.9926 -0.1160
vn 0.0327 0.9927 -0.1159
vn 0.0196 0.9931 -0.1152
vn 0.0242 0.9930 -0.1157
vn 0.0162 0.9932 -0.1152
vn 0.0175 0.9932 -0.1150
vn 0.0099 0.9934 -0.1145
vn 0.0169 0.9948 -0.1006
vn 0.0120 0.9954 -0.0950
vn 0.0118 0.9962 -0.0864
vn 0.0383 0.9952 -0.0904
vn 0.0433 0.9956 -0.0826
vn 0.0344 0.9943 -0.1013
vn 0.0468 0.9937 -0.1018
vn 0.0380 0.9951 -0.0908
vn 0.0247 0.9953 -0.0934
vn 0.0224 0.9960 -0.0869
vn 0.0222 0.9956 -0.0906
vn 0.0251 0.9953 -0.0932
vn 0.0301 0.9952 -0.0930
vn 0.0184 0.9969 -0.0767
vn 0.0159 0.9969 -0.0775
vn 0.0240 0.9968 -0.0765
vn 0.0294 0.9933 -0.1120
vn 0.0329 0.9931 -0.1130
vn 0.0302 0.9934 -0.1105
vn 0.0323 0.9934 -0.1105
vn 0.0344 0.9933 -0.1105
vn 0.0330 0.9934 -0.1103
vn 0.0300 0.9953 -0.0926
vn 0.0228 0.9965 -0.0801
vn 0.0270 0.9973 -0.0684
vn 0.0255 0.9951 -0.0951
vn 0.0234 0.9951 -0.0957
vn 0.0225 0.9951 -0.0959
vn 0.0685 0.9926 -0.1000
vn 0.0640 0.9928 -0.1012
vn 0.0729 0.9924 -0.0992
vn 0.0653 0.9927 -0.1012
vn 0.0516 0.9935 -0.1014
vn 0.0733 0.9934 -0.0879
vn 0.0719 0.9935 -0.0884
vn 0.0813 0.9932 -0.0832
vn 0.0720 0.9935 -0.0884
vn 0.0557 0.9944 -0.0896
vn 0.0651 0.9911 -0.1159
vn 0.0656 0.9910 -0.1167
vn 0.0644 0.9911 -0.1166
vn 0.0584 0.9914 -0.1171
vn 0.0609 0.9912 -0.1174
vn 0.0476 0.9920 -0.1169
vn 0.0537 0.9916 -0.1176
vn 0.0579 0.9931 -0.1018
vn 0.0643 0.9939 -0.0898
vn 0.0603 0.9947 -0.0832
vn 0.0639 0.9948 -0.0798
vn 0.0812 0.9934 -0.0809
vn 0.0813 0.9934 -0.0807
vn 0.0707 0.9938 -0.0857
vn 0.0680 0.9928 -0.0988
vn 0.0086 0.9942 -0.1071
vn 0.0064 0.9955 -0.0949
vn 0.0080 0.9955 -0.0949
vn 0.0053 0.9935 -0.1135
vn 0.0036 0.9955 -0.0948
vn 0.0063 0.9962 -0.0864
vn 0.0079 0.9962 -0.0864
vn 0.0036 0.9963 -0.0864
vn 0.0159 0.9932 -0.1150
vn 0.0093 0.9934 -0.1140
vn 0.0077 0.9949 -0.1003
vn 0.0061 0.9935 -0.1136
vn 0.0045 0.9950 -0.1001
vn 0.0023 0.9935 -0.1135
vn -0.0000 0.9935 -0.1135
vn 0.0022 0.9935 -0.1135
vn 0.0021 0.9950 -0.0998
vn -0.0000 0.9955 -0.0948
vn -0.0000 0.9963 -0.0864
vn -0.0000 0.9967 -0.0807
vn 0.0154 0.9948 -0.1004
vn -0.0821 0.8702 -0.4858
vn -0.0868 0.8712 -0.4832
vn -0.0713 0.8678 -0.4919
vn -0.0837 0.8781 -0.4711
vn -0.0746 0.8786 -0.4717
vn -0.0745 0.8785 -0.4718
vn -0.0771 0.9287 -0.3627
vn -0.0861 0.9261 -0.3673
vn -0.0780 0.9285 -0.3631
vn -0.0824 0.9356 -0.3432
vn -0.0791 0.9441 -0.3201
vn -0.0762 0.9512 -0.2991
vn -0.0708 0.9277 -0.3666
vn -0.0676 0.9269 -0.3692
vn -0.0808 0.9301 -0.3583
vn -0.0622 0.8673 -0.4938
vn -0.0649 0.8678 -0.4927
vn -0.0584 0.8667 -0.4954
vn -0.0909 0.8825 -0.4615
vn -0.0755 0.8786 -0.4715
vn -0.0836 0.9558 -0.2820
vn -0.0760 0.9572 -0.2792
vn -0.0806 0.9563 -0.2810
vn -0.0852 0.9578 -0.2744
vn -0.0831 0.9558 -0.2820
vn -0.0853 0.9276 -0.3638
vn -0.0868 0.9265 -0.3662
vn -0.0775 0.9645 -0.2525
vn -0.0766 0.9662 -0.2463
vn -0.0758 0.9678 -0.2402
vn -0.0550 0.9611 -0.2706
vn -0.0535 0.9628 -0.2648
vn -0.0647 0.9648 -0.2550
vn -0.1022 0.9529 -0.2857
vn -0.0828 0.9621 -0.2599
vn -0.0399 0.9598 -0.2777
vn -0.0458 0.9599 -0.2767
vn -0.0479 0.9595 -0.2775
vn -0.0550 0.9248 -0.3765
vn -0.0526 0.9246 -0.3772
vn -0.0572 0.9249 -0.3758
vn -0.0497 0.9620 -0.2685
vn -0.0246 0.8752 -0.4831
vn -0.0306 0.8767 -0.4801
vn -0.0164 0.8731 -0.4872
vn -0.0143 0.8798 -0.4752
vn -0.0076 0.8790 -0.4768
vn -0.0206 0.8805 -0.4736
vn -0.0172 0.9344 -0.3558
vn -0.0307 0.9339 -0.3561
vn -0.0061 0.9346 -0.3555
vn -0.0189 0.9464 -0.3226
vn -0.0187 0.9505 -0.3100
vn -0.0181 0.9593 -0.2817
vn -0.0146 0.9360 -0.3517
vn -0.0112 0.9347 -0.3553
vn -0.0240 0.9395 -0.3417
vn -0.0084 0.8727 -0.4881
vn -0.0095 0.8730 -0.4876
vn -0.0070 0.8723 -0.4889
vn -0.0369 0.8713 -0.4894
vn -0.0375 0.8713 -0.4893
vn -0.0364 0.8712 -0.4896
vn -0.0312 0.9619 -0.2717
vn -0.0425 0.9594 -0.2788
vn -0.0288 0.9665 -0.2552
vn -0.0413 0.9600 -0.2771
vn -0.0383 0.9273 -0.3723
vn -0.0391 0.9273 -0.3722
vn -0.0377 0.9273 -0.3724
vn -0.0179 0.9720 -0.2342
vn -0.0179 0.9727 -0.2312
vn -0.0177 0.9745 -0.2235
vn -0.0066 0.9655 -0.2604
vn -0.0044 0.9676 -0.2525
vn -0.0124 0.9706 -0.2403
vn -0.0352 0.9640 -0.2635
vn -0.0237 0.9697 -0.2430
vn -0.0002 0.9636 -0.2672
vn -0.0024 0.9632 -0.2686
vn -0.0034 0.9306 -0.3661
vn -0.0060 0.9313 -0.3643
vn -0.0016 0.9663 -0.2575
vn 0.0092 0.9967 -0.0808
vn 0.0072 0.9974 -0.0718
vn 0.0056 0.9970 -0.0771
vn 0.0093 0.9972 -0.0736
vn 0.0072 0.9979 -0.0644
vn -0.2226 0.9736 -0.0498
vn -0.2275 0.9722 -0.0558
vn -0.2229 0.9735 -0.0515
vn -0.2262 0.9726 -0.0528
vn -0.2309 0.9709 -0.0634
vn -0.2291 0.9717 -0.0585
vn -0.2240 0.9731 -0.0537
vn -0.2317 0.9705 -0.0670
vn -0.1880 0.9810 -0.0485
vn -0.1896 0.9805 -0.0511
vn -0.1878 0.9810 -0.0486
vn -0.1885 0.9809 -0.0488
vn -0.1928 0.9796 -0.0573
vn -0.1903 0.9803 -0.0520
vn -0.1977 0.9780 -0.0670
vn -0.1936 0.9793 -0.0588
vn -0.1988 0.9777 -0.0678
vn -0.2298 0.9714 -0.0595
vn -0.2346 0.9688 -0.0804
vn -0.2311 0.9698 -0.0781
vn -0.2030 0.9773 -0.0598
vn -0.2055 0.9758 -0.0742
vn -0.2055 0.9765 -0.0656
vn -0.1971 0.9788 -0.0555
vn -0.2017 0.9777 -0.0592
vn -0.1887 0.9806 -0.0537
vn -0.1950 0.9792 -0.0556
vn -0.1791 0.9823 -0.0542
vn -0.1860 0.9811 -0.0541
vn -0.2177 0.9747 -0.0505
vn -0.2175 0.9747 -0.0515
vn -0.2185 0.9746 -0.0498
vn -0.4108 0.8802 -0.2377
vn -0.4174 0.8799 -0.2272
vn -0.4170 0.8788 -0.2319
vn -0.3724 0.8873 -0.2721
vn -0.4284 0.8628 -0.2685
vn -0.4212 0.8661 -0.2690
vn -0.2985 0.9311 -0.2097
vn -0.2982 0.9311 -0.2102
vn -0.3000 0.9314 -0.2063
vn -0.3114 0.9205 -0.2361
vn -0.3070 0.9212 -0.2390
vn -0.3151 0.9198 -0.2338
vn -0.3585 0.9134 -0.1928
vn -0.3627 0.9114 -0.1945
vn -0.3601 0.9121 -0.1958
vn -0.2576 0.9236 -0.2840
vn -0.2718 0.9198 -0.2830
vn -0.2487 0.9258 -0.2846
vn -0.3568 0.8816 -0.3090
vn -0.3578 0.8818 -0.3073
vn -0.3525 0.8830 -0.3099
vn -0.2876 0.9220 -0.2592
vn -0.3019 0.9183 -0.2560
vn -0.2799 0.9239 -0.2610
vn -0.1772 0.9730 -0.1481
vn -0.1908 0.9699 -0.1515
vn -0.1830 0.9711 -0.1531
vn -0.1824 0.9757 -0.1213
vn -0.1991 0.9721 -0.1240
vn -0.1914 0.9734 -0.1264
vn -0.1715 0.9731 -0.1539
vn -0.1763 0.9724 -0.1527
vn -0.1693 0.9734 -0.1545
vn -0.1794 0.9753 -0.1289
vn -0.1848 0.9745 -0.1269
vn -0.1766 0.9757 -0.1298
vn -0.1704 0.9697 -0.1750
vn -0.1832 0.9665 -0.1797
vn -0.1711 0.9695 -0.1757
vn -0.1777 0.9730 -0.1473
vn -0.1905 0.9700 -0.1511
vn -0.1829 0.9757 -0.1207
vn -0.1986 0.9723 -0.1236
vn -0.1858 0.9778 -0.0969
vn -0.1874 0.9775 -0.0963
vn -0.1851 0.9779 -0.0971
vn -0.2016 0.9743 -0.1008
vn -0.1943 0.9756 -0.1018
vn -0.2001 0.9745 -0.1015
vn -0.1926 0.9759 -0.1023
vn -0.1856 0.9770 -0.1053
vn -0.1527 0.9825 -0.1066
vn -0.1560 0.9822 -0.1050
vn -0.1505 0.9827 -0.1077
vn -0.1473 0.9805 -0.1297
vn -0.1507 0.9802 -0.1283
vn -0.1451 0.9808 -0.1307
vn -0.1431 0.9781 -0.1513
vn -0.1457 0.9778 -0.1505
vn -0.1416 0.9782 -0.1518
vn -0.1432 0.9748 -0.1712
vn -0.1436 0.9747 -0.1712
vn -0.1431 0.9748 -0.1713
vn -0.1778 0.9674 -0.1805
vn -0.1706 0.9690 -0.1787
vn -0.1676 0.9695 -0.1791
vn -0.1729 0.9686 -0.1789
vn -0.0965 0.8957 -0.4341
vn -0.0968 0.8903 -0.4449
vn -0.0929 0.8873 -0.4518
vn -0.0953 0.8952 -0.4354
vn -0.1001 0.8933 -0.4382
vn -0.0859 0.9307 -0.3555
vn -0.0848 0.9305 -0.3562
vn -0.0782 0.9295 -0.3605
vn -0.0697 0.9443 -0.3218
vn -0.0810 0.9426 -0.3239
vn -0.0524 0.9465 -0.3184
vn -0.0871 0.9326 -0.3504
vn -0.0828 0.9341 -0.3473
vn -0.0972 0.9288 -0.3577
vn -0.0942 0.8845 -0.4570
vn -0.0889 0.8797 -0.4671
vn -0.1120 0.8936 -0.4347
vn -0.1109 0.8928 -0.4365
vn -0.1099 0.8920 -0.4384
vn -0.0731 0.9554 -0.2862
vn -0.0893 0.9495 -0.3008
vn -0.0813 0.9515 -0.2966
vn -0.0728 0.9560 -0.2842
vn -0.0802 0.9529 -0.2925
vn -0.0993 0.9234 -0.3707
vn -0.0987 0.9232 -0.3715
vn -0.0980 0.9228 -0.3725
vn -0.0585 0.9675 -0.2459
vn -0.0577 0.9688 -0.2410
vn -0.0563 0.9710 -0.2325
vn -0.0582 0.9634 -0.2617
vn -0.0590 0.9642 -0.2587
vn -0.0615 0.9665 -0.2492
vn -0.0659 0.9611 -0.2681
vn -0.0730 0.9606 -0.2683
vn -0.0585 0.9617 -0.2679
vn -0.0689 0.9592 -0.2743
vn -0.0761 0.9579 -0.2770
vn -0.0869 0.9284 -0.3614
vn -0.0898 0.9294 -0.3579
vn -0.0694 0.9599 -0.2718
vn -0.0727 0.9609 -0.2673
vn -0.0788 0.9960 -0.0429
vn -0.0809 0.9955 -0.0484
vn -0.0790 0.9957 -0.0486
vn -0.0967 0.9944 -0.0428
vn -0.0996 0.9938 -0.0493
vn -0.0971 0.9941 -0.0486
vn -0.1085 0.9930 -0.0465
vn -0.1092 0.9928 -0.0497
vn -0.1088 0.9928 -0.0500
vn -0.1091 0.9929 -0.0469
vn -0.1026 0.9936 -0.0473
vn -0.1111 0.9926 -0.0481
vn -0.1131 0.9924 -0.0481
vn -0.1039 0.9934 -0.0489
vn 0.0289 0.9989 0.0365
vn 0.0082 0.9997 0.0208
vn 0.0391 0.9983 0.0442
vn 0.0696 -0.9575 0.2801
vn 0.0827 -0.8511 0.5184
vn 0.0689 -0.9608 0.2685
vn 0.0433 -0.8821 0.4692
vn 0.0432 -0.8683 0.4941
vn 0.0433 -0.8827 0.4679
vn 0.0081 0.9999 0.0072
vn 0.0012 0.9998 0.0194
vn -0.0039 0.9996 0.0284
vn 0.0045 0.9998 -0.0197
vn 0.0040 0.9998 -0.0196
vn -0.0108 0.9998 -0.0161
vn -0.0092 0.9999 -0.0101
vn -0.0096 0.9998 -0.0183
vn -0.0099 0.9996 -0.0251
vn 0.1470 0.9360 0.3198
vn 0.0198 0.9936 0.1114
vn 0.1597 0.9266 0.3404
vn -0.0035 0.9994 -0.0352
vn -0.0034 0.9994 -0.0358
vn -0.0026 0.9991 -0.0415
vn 0.0489 -0.9868 0.1547
vn 0.0477 -0.9852 0.1649
vn 0.0493 -0.9872 0.1518
vn 0.0224 -0.9856 0.1676
vn 0.0193 -0.9829 0.1832
vn 0.0232 -0.9863 0.1633
vn 0.0744 -0.9753 0.2081
vn 0.0763 -0.9608 0.2666
vn 0.0741 -0.9766 0.2017
vn -0.0026 -0.9683 0.2498
vn 0.0053 -0.9743 0.2251
vn -0.0050 -0.9663 0.2573
vn 0.0369 -0.8447 0.5339
vn 0.0410 -0.8809 0.4714
vn 0.0367 -0.8423 0.5377
vn 0.0021 -0.9778 0.2095
vn 0.0071 -0.9818 0.1899
vn 0.0007 -0.9766 0.2149
vn -0.0049 0.9986 -0.0525
vn -0.0155 0.9991 -0.0405
vn -0.0193 0.9991 -0.0375
vn -0.0073 0.9984 -0.0568
vn -0.0136 0.9991 -0.0412
vn 0.0005 0.9994 0.0351
vn -0.0039 0.9988 0.0490
vn -0.0063 0.9984 0.0564
vn -0.0014 0.9985 -0.0544
vn 0.0040 0.9982 -0.0592
vn 0.0016 0.9985 -0.0554
vn -0.0038 0.9985 -0.0547
vn 0.0018 0.9987 -0.0513
vn 0.2081 -0.9323 0.2957
vn 0.2165 -0.9261 0.3091
vn 0.2174 -0.9254 0.3105
vn 0.1483 -0.9749 0.1660
vn 0.1476 -0.9758 0.1613
vn 0.1485 -0.9747 0.1673
vn 0.2094 -0.9229 0.3231
vn 0.2751 -0.8023 0.5298
vn 0.2064 -0.9267 0.3141
vn 0.1267 -0.9778 0.1669
vn 0.1274 -0.9765 0.1736
vn 0.1265 -0.9781 0.1655
vn -0.0295 0.9944 0.1010
vn -0.0251 0.9924 0.1205
vn -0.0245 0.9921 0.1231
vn 0.2526 -0.9033 0.3467
vn 0.2166 -0.9310 0.2937
vn 0.2137 -0.9331 0.2893
vn 0.1711 -0.9689 0.1786
vn 0.1684 -0.9721 0.1634
vn 0.1721 -0.9678 0.1839
vn 0.1650 -0.9746 0.1512
vn 0.1636 -0.9764 0.1409
vn 0.1657 -0.9738 0.1557
vn 0.1403 -0.9797 0.1434
vn 0.1399 -0.9805 0.1382
vn 0.1404 -0.9794 0.1453
vn 0.1149 -0.9831 0.1424
vn 0.1149 -0.9832 0.1420
vn 0.1149 -0.9831 0.1426
vn 0.0845 -0.9856 0.1467
vn 0.0843 -0.9848 0.1515
vn 0.0846 -0.9858 0.1453
vn 0.1021 -0.9783 0.1802
vn 0.1039 -0.9733 0.2047
vn 0.1018 -0.9791 0.1763
vn 0.3018 -0.7688 0.5638
vn 0.1546 0.8495 0.5045
vn 0.2949 -0.7849 0.5450
vn -0.0116 0.9992 0.0386
vn -0.0173 0.9998 0.0125
vn -0.0188 0.9998 0.0054
vn -0.0023 0.9951 0.0992
vn -0.0149 0.9982 0.0578
vn -0.0167 0.9985 0.0522
vn -0.0044 0.9921 0.1257
vn -0.0096 0.9940 0.1090
vn -0.0101 0.9942 0.1073
vn -0.0085 0.9619 0.2734
vn -0.0232 0.9644 0.2633
vn 0.0123 0.9576 0.2877
vn 0.0377 -0.7168 0.6962
vn 0.0114 -0.6642 0.7475
vn 0.0433 -0.7276 0.6847
vn 0.0006 -0.7246 0.6892
vn -0.0179 -0.6738 0.7387
vn 0.0047 -0.7354 0.6776
vn 0.0109 0.9682 0.2499
vn -0.0176 0.9546 0.2974
vn -0.0318 0.9466 0.3209
vn 0.0005 0.9923 0.1241
vn -0.0230 0.9912 0.1306
vn -0.0765 0.9864 0.1452
vn -0.0512 0.9985 0.0170
vn -0.0349 0.9993 0.0162
vn -0.0493 0.9986 0.0183
vn -0.0375 0.9455 0.3235
vn -0.0353 0.9444 0.3270
vn -0.0388 0.9461 0.3216
vn -0.0456 0.9988 0.0200
vn -0.0344 0.9993 0.0164
vn 0.0112 -0.9117 0.4106
vn 0.0072 -0.9092 0.4164
vn 0.0145 -0.9138 0.4060
vn 0.0059 -0.9049 0.4256
vn -0.0001 -0.9003 0.4354
vn 0.0083 -0.9065 0.4221
vn 0.0278 -0.7552 0.6549
vn 0.0143 -0.7463 0.6654
vn 0.0188 -0.7515 0.6594
vn -0.0007 -0.8998 0.4364
vn 0.0014 -0.7362 0.6768
vn -0.0007 -0.8989 0.4382
vn 0.0027 -0.9027 0.4304
vn -0.0004 0.9998 0.0182
vn 0.0040 0.9999 0.0125
vn 0.0053 0.9999 0.0145
vn 0.0079 0.9417 0.3363
vn -0.0113 0.9995 -0.0289
vn -0.0113 0.9996 -0.0277
vn -0.0113 0.9993 -0.0368
vn -0.0282 0.9996 -0.0072
vn -0.0364 0.9993 0.0050
vn -0.0218 0.9996 -0.0167
vn 0.0071 1.0000 -0.0029
vn 0.0035 1.0000 -0.0084
vn -0.0039 0.9998 -0.0195
vn -0.0460 0.9955 0.0831
vn -0.0510 0.9956 0.0785
vn -0.0402 0.9953 0.0884
vn 0.0743 -0.7566 0.6497
vn 0.0434 -0.6528 0.7563
vn 0.0777 -0.7673 0.6366
vn 0.0311 -0.7431 0.6685
vn 0.0048 -0.6748 0.7380
vn 0.0352 -0.7533 0.6568
vn -0.0500 0.9824 0.1798
vn -0.0803 0.9736 0.2137
vn -0.1204 0.9586 0.2580
vn -0.0867 0.9950 0.0505
vn -0.0868 0.9947 0.0548
vn -0.0855 0.9963 -0.0030
vn -0.0376 0.9987 -0.0349
vn -0.0385 0.9986 -0.0354
vn -0.0405 0.9985 -0.0366
vn -0.0273 0.9975 0.0659
vn -0.0226 0.9970 0.0743
vn -0.0298 0.9977 0.0615
vn -0.0635 0.9975 -0.0314
vn -0.0646 0.9974 -0.0304
vn -0.0622 0.9975 -0.0326
vn 0.0143 -0.9612 0.2755
vn 0.0048 -0.9545 0.2981
vn 0.0181 -0.9637 0.2664
vn 0.0216 -0.9453 0.3255
vn 0.0128 -0.9395 0.3422
vn 0.0265 -0.9483 0.3163
vn 0.0459 -0.8340 0.5499
vn 0.0373 -0.7993 0.5998
vn 0.0467 -0.8370 0.5452
vn 0.0128 -0.9171 0.3984
vn 0.0180 -0.9204 0.3906
vn 0.0088 -0.9146 0.4043
vn 0.0287 -0.7546 0.6555
vn 0.0150 -0.9273 0.3741
vn 0.0212 -0.9312 0.3639
vn 0.0107 -0.9245 0.3811
vn -0.0531 0.9985 0.0164
vn -0.0791 0.9969 -0.0040
vn -0.0667 0.9978 0.0046
vn -0.0591 0.9982 0.0100
vn -0.0321 0.9522 0.3036
vn -0.0449 0.9592 0.2790
vn -0.0256 0.9484 0.3162
vn -0.1089 0.9932 -0.0410
vn -0.1089 0.9932 -0.0407
vn -0.1086 0.9929 -0.0480
vn -0.0942 0.9950 -0.0347
vn -0.1005 0.9946 -0.0275
vn -0.0893 0.9952 -0.0402
vn -0.0851 0.9963 -0.0149
vn -0.0957 0.9951 -0.0261
vn -0.1024 0.9942 -0.0332
vn 0.2268 -0.9417 0.2486
vn 0.3291 -0.8859 0.3269
vn 0.3513 -0.8709 0.3437
vn 0.3184 -0.1953 0.9276
vn 0.1844 0.8388 0.5123
vn 0.1736 0.8596 0.4805
vn 0.2975 -0.3595 0.8844
vn 0.3391 0.7659 0.5463
vn 0.3139 0.8322 0.4570
vn -0.1264 0.9812 0.1456
vn -0.1089 0.9859 0.1267
vn -0.0894 0.9904 0.1057
vn 0.1929 -0.9696 0.1504
vn 0.1983 -0.9651 0.1712
vn 0.1908 -0.9712 0.1427
vn 0.1875 -0.9645 0.1859
vn 0.2152 -0.9541 0.2084
vn 0.2239 -0.9505 0.2155
vn 0.2516 -0.8887 0.3832
vn 0.3930 -0.6947 0.6025
vn 0.4011 -0.6789 0.6150
vn -0.0604 0.9947 0.0833
vn -0.0602 0.9961 0.0648
vn -0.0602 0.9964 0.0602
vn -0.1011 0.9941 0.0387
vn -0.0983 0.9946 0.0336
vn -0.0951 0.9951 0.0278
vn -0.1459 0.9893 0.0049
vn -0.1472 0.9891 0.0056
vn -0.1401 0.9901 0.0016
vn -0.1964 0.9804 -0.0174
vn -0.1964 0.9804 -0.0173
vn -0.1963 0.9804 -0.0170
vn -0.2114 0.9774 0.0085
vn -0.2113 0.9774 0.0090
vn -0.2100 0.9775 0.0216
vn -0.1922 0.9807 0.0354
vn -0.1993 0.9799 0.0098
vn -0.1767 0.9834 0.0418
vn 0.3370 -0.8971 0.2856
vn 0.6713 -0.6164 0.4115
vn 0.7168 -0.5526 0.4252
vn 0.2322 -0.9558 0.1801
vn 0.2920 -0.9336 0.2076
vn 0.3110 -0.9255 0.2163
vn -0.0912 0.9953 -0.0319
vn -0.0909 0.9953 -0.0326
vn -0.0898 0.9953 -0.0355
vn -0.0700 0.9971 -0.0306
vn -0.0699 0.9971 -0.0311
vn -0.0698 0.9970 -0.0323
vn -0.1046 0.9936 -0.0422
vn -0.1050 0.9936 -0.0416
vn -0.1025 0.9937 -0.0457
vn -0.0823 0.9959 -0.0379
vn -0.0822 0.9959 -0.0386
vn -0.0815 0.9958 -0.0416
vn -0.0907 0.9958 -0.0138
vn -0.0901 0.9958 -0.0158
vn -0.0894 0.9958 -0.0183
vn -0.0740 0.9972 -0.0094
vn -0.0738 0.9972 -0.0107
vn -0.0737 0.9972 -0.0117
vn -0.0562 0.9983 -0.0141
vn -0.0561 0.9983 -0.0124
vn -0.0561 0.9984 -0.0110
vn -0.0381 0.9989 -0.0265
vn -0.0442 0.9985 -0.0333
vn -0.0380 0.9991 -0.0202
vn -0.0392 0.9988 -0.0285
vn -0.0519 0.9979 -0.0399
vn -0.0465 0.9983 -0.0364
vn -0.0534 0.9977 -0.0408
vn -0.0686 0.9968 -0.0421
vn -0.0690 0.9966 -0.0449
vn -0.0694 0.9964 -0.0480
vn -0.0966 0.9943 -0.0460
vn -0.0967 0.9943 -0.0458
vn -0.0953 0.9942 -0.0489
vn -0.1180 0.9917 -0.0505
vn -0.1190 0.9917 -0.0493
vn -0.1157 0.9918 -0.0533
vn -0.1339 0.9893 -0.0570
vn -0.1364 0.9891 -0.0549
vn -0.1310 0.9896 -0.0596
vn -0.1200 0.9916 -0.0489
vn -0.1216 0.9915 -0.0472
vn -0.1172 0.9918 -0.0518
vn -0.1070 0.9935 -0.0379
vn -0.1072 0.9935 -0.0376
vn -0.1047 0.9937 -0.0413
vn -0.0072 0.9977 -0.0674
vn -0.0099 0.9979 -0.0638
vn -0.0127 0.9977 -0.0667
vn -0.0009 0.9981 -0.0613
vn -0.0036 0.9979 -0.0649
vn -0.0143 0.9979 -0.0633
vn -0.0216 0.9976 -0.0664
vn -0.0110 0.9981 -0.0599
vn -0.0097 0.9973 -0.0725
vn -0.0113 0.9974 -0.0712
vn -0.0045 0.9976 -0.0686
vn 0.0007 0.9981 -0.0623
vn -0.0008 0.9978 -0.0657
vn -0.0070 0.9982 -0.0603
vn -0.0263 0.9978 -0.0607
vn -0.0214 0.9982 -0.0562
vn -0.0239 0.9982 -0.0553
vn -0.0275 0.9975 -0.0645
vn -0.0267 0.9978 -0.0614
vn -0.0270 0.9974 -0.0666
vn -0.0225 0.9973 -0.0703
vn -0.0374 0.9969 -0.0692
vn -0.0153 0.9974 -0.0704
vn -0.1074 0.9920 -0.0670
vn -0.0981 0.9925 -0.0727
vn -0.1015 0.9922 -0.0717
vn -0.1042 0.9925 -0.0637
vn -0.1033 0.9924 -0.0668
vn -0.0937 0.9929 -0.0733
vn -0.1006 0.9929 -0.0628
vn -0.0991 0.9926 -0.0704
vn -0.0940 0.9929 -0.0724
vn -0.0912 0.9929 -0.0757
vn -0.0864 0.9935 -0.0746
vn -0.0960 0.9929 -0.0695
vn -0.0947 0.9931 -0.0686
vn -0.1077 0.9926 -0.0558
vn -0.1018 0.9927 -0.0643
vn -0.1071 0.9928 -0.0542
vn -0.1034 0.9932 -0.0541
vn -0.0942 0.9942 -0.0528
vn -0.0952 0.9942 -0.0494
vn -0.0865 0.9951 -0.0485
vn -0.0930 0.9945 -0.0483
vn -0.0646 0.9971 -0.0414
vn -0.0733 0.9964 -0.0434
vn -0.0753 0.9962 -0.0439
vn -0.0747 0.9953 -0.0614
vn -0.0764 0.9946 -0.0709
vn -0.0777 0.9947 -0.0666
vn -0.0727 0.9946 -0.0737
vn -0.0728 0.9946 -0.0736
vn -0.0647 0.9947 -0.0797
vn -0.0639 0.9948 -0.0798
vn -0.0823 0.9936 -0.0780
vn -0.0823 0.9936 -0.0778
vn -0.0916 0.9929 -0.0765
vn -0.0044 0.9975 -0.0706
vn -0.0060 0.9971 -0.0760
vn -0.0074 0.9970 -0.0765
vn 0.0014 0.9979 -0.0655
vn -0.0038 0.9976 -0.0691
vn -0.0034 0.9971 -0.0756
vn 0.0006 0.9980 -0.0638
vn -0.0022 0.9977 -0.0680
vn -0.0119 0.9967 -0.0808
vn -0.0080 0.9967 -0.0807
vn -0.0027 0.9977 -0.0684
vn -0.0123 0.9970 -0.0768
vn 0.0011 0.9978 -0.0670
vn 0.0053 0.9986 -0.0529
vn 0.0002 0.9987 -0.0518
vn -0.0024 0.9984 -0.0562
vn 0.0063 0.9987 -0.0515
vn -0.0014 0.9989 -0.0471
vn 0.0075 0.9989 -0.0464
vn 0.0004 0.9990 -0.0442
vn -0.0000 0.9991 -0.0422
vn -0.0036 0.9967 -0.0807
vn -0.0063 0.9967 -0.0807
vn -0.1777 0.9819 -0.0655
vn -0.1713 0.9829 -0.0679
vn -0.1798 0.9816 -0.0647
vn -0.1638 0.9850 -0.0545
vn -0.1597 0.9856 -0.0563
vn -0.1656 0.9847 -0.0538
vn -0.1548 0.9861 -0.0597
vn -0.1488 0.9869 -0.0626
vn -0.1578 0.9858 -0.0582
vn -0.1389 0.9891 -0.0492
vn -0.1354 0.9895 -0.0512
vn -0.1414 0.9888 -0.0478
vn -0.2181 0.9720 -0.0875
vn -0.2031 0.9766 -0.0712
vn -0.2083 0.9745 -0.0836
vn -0.2094 0.9747 -0.0788
vn -0.1953 0.9789 -0.0596
vn -0.2012 0.9771 -0.0689
vn -0.1939 0.9793 -0.0587
vn -0.1852 0.9818 -0.0431
vn -0.1892 0.9809 -0.0451
vn -0.1914 0.9804 -0.0461
vn -0.1541 0.9874 -0.0371
vn -0.1515 0.9877 -0.0383
vn -0.1562 0.9871 -0.0361
vn -0.1249 0.9917 -0.0297
vn -0.1237 0.9918 -0.0307
vn -0.1275 0.9915 -0.0277
vn -0.1050 0.9942 -0.0226
vn -0.1052 0.9942 -0.0222
vn -0.1073 0.9940 -0.0191
vn -0.1212 0.9917 -0.0434
vn -0.1195 0.9918 -0.0449
vn -0.1239 0.9914 -0.0410
vn -0.1365 0.9892 -0.0534
vn -0.1328 0.9896 -0.0560
vn -0.1397 0.9889 -0.0512
vn -0.1539 0.9862 -0.0615
vn -0.1488 0.9868 -0.0647
vn -0.1573 0.9858 -0.0593
vn -0.1742 0.9823 -0.0686
vn -0.1664 0.9834 -0.0722
vn -0.1775 0.9818 -0.0671
vn -0.1952 0.9779 -0.0753
vn -0.1873 0.9792 -0.0782
vn -0.1974 0.9775 -0.0745
vn -0.2469 0.9667 -0.0668
vn -0.2604 0.9635 -0.0623
vn -0.2444 0.9673 -0.0676
vn -0.2596 0.9642 -0.0538
vn -0.2653 0.9628 -0.0511
vn -0.2582 0.9646 -0.0544
vn -0.2517 0.9672 -0.0342
vn -0.2530 0.9669 -0.0326
vn -0.2508 0.9674 -0.0351
vn -0.2264 0.9731 -0.0431
vn -0.2294 0.9725 -0.0406
vn -0.2249 0.9734 -0.0444
vn -0.2297 0.9709 -0.0676
vn -0.2321 0.9711 -0.0564
vn -0.2315 0.9711 -0.0585
vn -0.2231 0.9717 -0.0774
vn -0.2297 0.9707 -0.0701
vn -0.2177 0.9727 -0.0802
vn -0.2159 0.9731 -0.0807
vn -0.2245 0.9715 -0.0759
vn -0.2424 0.9676 -0.0706
vn -0.2215 0.9721 -0.0768
vn -0.1537 0.9851 -0.0769
vn -0.1593 0.9842 -0.0773
vn -0.1413 0.9864 -0.0837
vn -0.1841 0.9797 -0.0800
vn -0.1992 0.9762 -0.0860
vn -0.1760 0.9806 -0.0866
vn -0.2003 0.9762 -0.0832
vn -0.2187 0.9722 -0.0832
vn -0.2016 0.9759 -0.0839
vn -0.2097 0.9735 -0.0916
vn -0.1985 0.9761 -0.0880
vn -0.1845 0.9785 -0.0927
vn -0.1671 0.9820 -0.0883
vn -0.1772 0.9805 -0.0849
vn -0.1646 0.9823 -0.0892
vn -0.1489 0.9857 -0.0792
vn -0.1564 0.9847 -0.0766
vn -0.1470 0.9859 -0.0798
vn -0.1276 0.9893 -0.0704
vn -0.1303 0.9889 -0.0707
vn -0.1158 0.9904 -0.0758
vn -0.2347 0.9685 -0.0829
vn -0.2224 0.9708 -0.0903
vn -0.2354 0.9680 -0.0876
vn -0.2322 0.9684 -0.0910
vn -0.2217 0.9706 -0.0938
vn -0.2211 0.9713 -0.0880
vn -0.2252 0.9705 -0.0856
vn -0.2140 0.9731 -0.0854
vn -0.2071 0.9743 -0.0885
vn -0.2170 0.9726 -0.0841
vn -0.2049 0.9754 -0.0817
vn -0.2126 0.9730 -0.0896
vn -0.2044 0.9755 -0.0819
vn -0.2068 0.9749 -0.0825
vn -0.2178 0.9715 -0.0934
vn -0.2142 0.9725 -0.0912
vn -0.2207 0.9713 -0.0882
vn -0.2061 0.9745 -0.0885
vn -0.2156 0.9728 -0.0850
vn -0.1956 0.9775 -0.0787
vn -0.1875 0.9788 -0.0823
vn -0.1989 0.9770 -0.0772
vn -0.1725 0.9825 -0.0708
vn -0.1672 0.9831 -0.0739
vn -0.1760 0.9820 -0.0686
vn -0.1971 0.9771 -0.0803
vn -0.1842 0.9796 -0.0804
vn -0.1887 0.9789 -0.0787
vn -0.2041 0.9760 -0.0759
vn -0.2001 0.9766 -0.0794
vn -0.2057 0.9763 -0.0672
vn -0.2315 0.9704 -0.0692
vn -0.2330 0.9700 -0.0701
vn -0.0313 0.9967 -0.0754
vn -0.0364 0.9974 -0.0630
vn -0.0262 0.9968 -0.0758
vn -0.0326 0.9969 -0.0720
vn -0.0397 0.9973 -0.0624
vn -0.0290 0.9974 -0.0654
vn -0.0189 0.9969 -0.0764
vn -0.0232 0.9970 -0.0733
vn -0.0342 0.9974 -0.0638
vn -0.0435 0.9958 -0.0803
vn -0.0481 0.9961 -0.0746
vn -0.0358 0.9961 -0.0805
vn -0.0520 0.9964 -0.0669
vn -0.0482 0.9961 -0.0745
vn -0.0528 0.9967 -0.0618
vn -0.0523 0.9964 -0.0668
vn -0.0501 0.9979 -0.0410
vn -0.0452 0.9981 -0.0426
vn -0.0527 0.9977 -0.0415
vn -0.0413 0.9982 -0.0445
vn -0.0358 0.9983 -0.0451
vn -0.0355 0.9982 -0.0486
vn -0.0306 0.9983 -0.0498
vn -0.0326 0.9982 -0.0503
vn -0.0237 0.9982 -0.0544
vn -0.0189 0.9971 -0.0742
vn -0.0308 0.9974 -0.0659
vn -0.0253 0.9974 -0.0677
vn -0.0174 0.9966 -0.0809
vn -0.0239 0.9964 -0.0807
vn -0.0356 0.9824 -0.1835
vn -0.0274 0.9834 -0.1794
vn -0.0350 0.9830 -0.1800
vn -0.0332 0.9872 -0.1559
vn -0.0225 0.9880 -0.1530
vn -0.0287 0.9876 -0.1542
vn -0.0279 0.9844 -0.1735
vn -0.0385 0.9837 -0.1759
vn -0.0204 0.9882 -0.1518
vn -0.0263 0.9882 -0.1512
vn -0.0394 0.9744 -0.2215
vn -0.0333 0.9752 -0.2188
vn -0.0385 0.9746 -0.2204
vn -0.0396 0.9820 -0.1848
vn -0.0303 0.9828 -0.1822
vn -0.0408 0.9867 -0.1574
vn -0.0269 0.9876 -0.1547
vn -0.0420 0.9899 -0.1354
vn -0.0257 0.9907 -0.1334
vn -0.0321 0.9904 -0.1342
vn -0.0202 0.9909 -0.1327
vn -0.0247 0.9908 -0.1333
vn -0.0174 0.9911 -0.1320
vn -0.0206 0.9910 -0.1324
vn -0.0111 0.9913 -0.1309
vn -0.0177 0.9911 -0.1318
vn -0.0099 0.9889 -0.1480
vn -0.0233 0.9884 -0.1501
vn -0.0358 0.9836 -0.1766
vn -0.0297 0.9784 -0.2046
vn -0.0367 0.9774 -0.2081
vn -0.0382 0.9769 -0.2103
vn -0.0333 0.9767 -0.2119
vn -0.0424 0.9753 -0.2169
vn -0.0008 0.9853 -0.1707
vn -0.0067 0.9843 -0.1762
vn -0.0019 0.9845 -0.1754
vn -0.0075 0.9888 -0.1488
vn -0.0087 0.9886 -0.1504
vn -0.0064 0.9885 -0.1513
vn -0.0044 0.9841 -0.1777
vn -0.0019 0.9839 -0.1788
vn -0.0051 0.9885 -0.1514
vn -0.0040 0.9884 -0.1518
vn -0.0010 0.9799 -0.1996
vn -0.0049 0.9792 -0.2029
vn 0.0002 0.9795 -0.2015
vn -0.0016 0.9855 -0.1697
vn -0.0076 0.9850 -0.1723
vn -0.0106 0.9889 -0.1485
vn -0.0103 0.9913 -0.1310
vn -0.0101 0.9913 -0.1310
vn -0.0071 0.9914 -0.1308
vn -0.0081 0.9914 -0.1309
vn -0.0047 0.9914 -0.1307
vn -0.0000 0.9884 -0.1519
vn -0.0000 0.9838 -0.1792
vn 0.0006 0.9766 -0.2148
vn -0.0000 0.9765 -0.2157
vn 0.0021 0.9780 -0.2086
vn -0.0031 0.9771 -0.2127
vn -0.0051 0.9778 -0.2096
vn -0.0591 0.9961 -0.0662
vn -0.0619 0.9960 -0.0637
vn -0.0586 0.9961 -0.0663
vn -0.0624 0.9960 -0.0635
vn -0.0655 0.9964 -0.0537
vn -0.0749 0.9948 -0.0688
vn -0.0802 0.9946 -0.0664
vn -0.0792 0.9944 -0.0697
vn -0.0815 0.9947 -0.0627
vn -0.0877 0.9943 -0.0612
vn -0.0805 0.9948 -0.0630
vn -0.0406 0.9968 -0.0690
vn -0.0422 0.9968 -0.0672
vn -0.0403 0.9968 -0.0691
vn -0.0425 0.9969 -0.0669
vn -0.0438 0.9970 -0.0632
vn -0.0439 0.9969 -0.0651
vn -0.0439 0.9974 -0.0576
vn -0.0437 0.9972 -0.0609
vn -0.0421 0.9976 -0.0546
vn -0.0640 0.9961 -0.0610
vn -0.0663 0.9964 -0.0530
vn -0.0885 0.9946 -0.0551
vn -0.0963 0.9940 -0.0519
vn -0.0866 0.9947 -0.0558
vn -0.1014 0.9928 -0.0634
vn -0.0978 0.9931 -0.0641
vn -0.0899 0.9936 -0.0685
vn -0.0759 0.9944 -0.0738
vn -0.0701 0.9950 -0.0711
vn -0.0538 0.9958 -0.0742
vn -0.0583 0.9959 -0.0695
vn -0.0658 0.9953 -0.0711
vn -0.0693 0.9793 -0.1900
vn -0.0774 0.9786 -0.1904
vn -0.0803 0.9783 -0.1912
vn -0.0593 0.9856 -0.1587
vn -0.0665 0.9849 -0.1597
vn -0.0673 0.9849 -0.1596
vn -0.0735 0.9799 -0.1856
vn -0.0906 0.9773 -0.1914
vn -0.0675 0.9850 -0.1587
vn -0.0727 0.9845 -0.1597
vn -0.0689 0.9716 -0.2262
vn -0.0799 0.9701 -0.2294
vn -0.0774 0.9705 -0.2283
vn -0.0613 0.9801 -0.1887
vn -0.0704 0.9792 -0.1906
vn -0.0527 0.9861 -0.1578
vn -0.0613 0.9853 -0.1593
vn -0.0444 0.9903 -0.1320
vn -0.0556 0.9894 -0.1341
vn -0.0512 0.9898 -0.1330
vn -0.0625 0.9888 -0.1352
vn -0.0583 0.9892 -0.1343
vn -0.0662 0.9885 -0.1358
vn -0.0640 0.9887 -0.1354
vn -0.0665 0.9885 -0.1360
vn -0.0654 0.9885 -0.1360
vn -0.0632 0.9856 -0.1568
vn -0.0685 0.9850 -0.1581
vn -0.0748 0.9798 -0.1853
vn -0.0864 0.9787 -0.1860
vn -0.0842 0.9732 -0.2140
vn -0.1055 0.9676 -0.2293
vn -0.1043 0.9675 -0.2305
vn -0.0903 0.9695 -0.2279
vn -0.1036 0.9664 -0.2353
vn -0.0508 0.9824 -0.1799
vn -0.0508 0.9817 -0.1833
vn -0.0427 0.9824 -0.1818
vn -0.0583 0.9859 -0.1567
vn -0.0533 0.9861 -0.1574
vn -0.0518 0.9862 -0.1572
vn -0.0440 0.9818 -0.1846
vn -0.0423 0.9820 -0.1843
vn -0.0445 0.9866 -0.1572
vn -0.0473 0.9863 -0.1578
vn -0.0444 0.9772 -0.2074
vn -0.0525 0.9761 -0.2108
vn -0.0431 0.9769 -0.2091
vn -0.0538 0.9823 -0.1796
vn -0.0543 0.9821 -0.1804
vn -0.0589 0.9859 -0.1567
vn -0.0625 0.9887 -0.1362
vn -0.0626 0.9887 -0.1364
vn -0.0550 0.9892 -0.1361
vn -0.0578 0.9889 -0.1366
vn -0.0453 0.9897 -0.1356
vn -0.0510 0.9893 -0.1364
vn -0.0342 0.9903 -0.1343
vn -0.0344 0.9871 -0.1562
vn -0.0357 0.9823 -0.1839
vn -0.0398 0.9747 -0.2199
vn -0.0377 0.9746 -0.2209
vn -0.0382 0.9759 -0.2148
vn -0.0447 0.9744 -0.2203
vn -0.0495 0.9749 -0.2172
vn -0.0189 0.9974 -0.0694
vn -0.0046 0.9974 -0.0725
vn -0.0094 0.9975 -0.0707
vn -0.0179 0.9975 -0.0679
vn -0.0280 0.9971 -0.0703
vn -0.0200 0.9974 -0.0687
vn -0.0132 0.9975 -0.0694
vn -0.0085 0.9982 -0.0587
vn -0.0071 0.9981 -0.0604
vn -0.0134 0.9982 -0.0590
vn -0.0008 0.9984 -0.0569
vn -0.0073 0.9983 -0.0570
vn -0.0000 0.9983 -0.0585
vn -0.0063 0.9981 -0.0610
vn -0.0010 0.9978 -0.0661
vn -0.0060 0.9974 -0.0713
vn -0.0211 0.9971 -0.0725
vn -0.0077 0.9968 -0.0793
vn -0.0120 0.9971 -0.0758
vn -0.0323 0.9970 -0.0706
vn -0.0164 0.9971 -0.0738
vn -0.0091 0.9969 -0.0784
vn -0.0540 0.9963 -0.0675
vn -0.0525 0.9963 -0.0684
vn -0.0545 0.9963 -0.0672
vn -0.0524 0.9962 -0.0695
vn -0.0506 0.9963 -0.0689
vn -0.0356 0.9969 -0.0696
vn -0.0238 0.9970 -0.0733
vn -0.0657 0.9953 -0.0712
vn -0.0562 0.9958 -0.0720
vn -0.0641 0.9954 -0.0707
vn -0.0503 0.9966 -0.0657
vn -0.0446 0.9971 -0.0624
vn -0.0513 0.9967 -0.0635
vn -0.0510 0.9964 -0.0678
vn -0.0472 0.9975 -0.0529
vn -0.0440 0.9972 -0.0600
vn -0.0498 0.9974 -0.0526
vn -0.0252 0.9984 -0.0504
vn -0.0207 0.9986 -0.0478
vn -0.0215 0.9987 -0.0467
vn -0.0448 0.9975 -0.0554
vn -0.0484 0.9966 -0.0661
vn -0.0192 0.9990 -0.0409
vn -0.0207 0.9987 -0.0457
vn -0.0198 0.9992 -0.0359
vn -0.0094 0.9988 -0.0481
vn -0.0194 0.9989 -0.0436
vn -0.0239 0.9985 -0.0491
vn -0.0122 0.9971 -0.0751
vn -0.0560 0.9805 -0.1884
vn -0.0534 0.9811 -0.1862
vn -0.0555 0.9808 -0.1872
vn -0.0521 0.9855 -0.1613
vn -0.0476 0.9861 -0.1591
vn -0.0491 0.9859 -0.1597
vn -0.0510 0.9820 -0.1821
vn -0.0558 0.9813 -0.1845
vn -0.0457 0.9865 -0.1573
vn -0.0479 0.9862 -0.1583
vn -0.0688 0.9702 -0.2323
vn -0.0620 0.9717 -0.2278
vn -0.0649 0.9711 -0.2297
vn -0.0603 0.9801 -0.1893
vn -0.0545 0.9807 -0.1877
vn -0.0588 0.9848 -0.1634
vn -0.0494 0.9858 -0.1602
vn -0.0587 0.9875 -0.1465
vn -0.0443 0.9892 -0.1399
vn -0.0499 0.9886 -0.1421
vn -0.0424 0.9895 -0.1382
vn -0.0449 0.9893 -0.1391
vn -0.0413 0.9897 -0.1369
vn -0.0429 0.9896 -0.1374
vn -0.0383 0.9901 -0.1349
vn -0.0411 0.9899 -0.1360
vn -0.0432 0.9868 -0.1558
vn -0.0453 0.9866 -0.1567
vn -0.0458 0.9828 -0.1788
vn -0.0505 0.9822 -0.1807
vn -0.0680 0.9731 -0.2203
vn -0.0583 0.9755 -0.2122
vn -0.0693 0.9750 -0.2111
vn -0.0654 0.9727 -0.2228
vn -0.0576 0.9752 -0.2136
vn -0.0608 0.9730 -0.2225
vn -0.0428 0.9828 -0.1796
vn -0.0523 0.9813 -0.1855
vn -0.0449 0.9821 -0.1830
vn -0.0419 0.9869 -0.1560
vn -0.0450 0.9866 -0.1570
vn -0.0431 0.9868 -0.1563
vn -0.0581 0.9804 -0.1882
vn -0.0536 0.9810 -0.1867
vn -0.0487 0.9863 -0.1578
vn -0.0473 0.9864 -0.1572
vn -0.0439 0.9773 -0.2073
vn -0.0495 0.9759 -0.2125
vn -0.0437 0.9768 -0.2095
vn -0.0463 0.9824 -0.1810
vn -0.0430 0.9869 -0.1557
vn -0.0371 0.9903 -0.1339
vn -0.0389 0.9902 -0.1341
vn -0.0376 0.9905 -0.1320
vn -0.0383 0.9904 -0.1328
vn -0.0406 0.9904 -0.1321
vn -0.0404 0.9904 -0.1320
vn -0.0475 0.9900 -0.1329
vn -0.0543 0.9859 -0.1584
vn -0.0635 0.9798 -0.1895
vn -0.0599 0.9730 -0.2230
vn -0.0730 0.9710 -0.2276
vn -0.0484 0.9749 -0.2174
vn -0.0673 0.9720 -0.2251
vn -0.0592 0.9736 -0.2204
vn -0.1975 0.9690 -0.1487
vn -0.1952 0.9697 -0.1471
vn -0.1943 0.9699 -0.1465
vn -0.1969 0.9720 -0.1279
vn -0.2050 0.9698 -0.1322
vn -0.2072 0.9692 -0.1333
vn -0.1575 0.9775 -0.1403
vn -0.1567 0.9776 -0.1404
vn -0.1564 0.9777 -0.1404
vn -0.1593 0.9801 -0.1186
vn -0.1520 0.9814 -0.1171
vn -0.1585 0.9804 -0.1171
vn -0.2359 0.9549 -0.1801
vn -0.2276 0.9586 -0.1711
vn -0.2226 0.9607 -0.1658
vn -0.2713 0.9481 -0.1659
vn -0.2695 0.9489 -0.1641
vn -0.2688 0.9492 -0.1635
vn -0.2874 0.9469 -0.1445
vn -0.2863 0.9472 -0.1441
vn -0.2962 0.9436 -0.1477
vn -0.1787 0.9783 -0.1053
vn -0.1949 0.9745 -0.1116
vn -0.1990 0.9734 -0.1132
vn -0.1483 0.9842 -0.0968
vn -0.1442 0.9849 -0.0959
vn -0.1483 0.9842 -0.0965
vn -0.1471 0.9846 -0.0950
vn -0.1515 0.9840 -0.0936
vn -0.1535 0.9812 -0.1167
vn -0.1564 0.9809 -0.1159
vn -0.1567 0.9776 -0.1403
vn -0.1553 0.9778 -0.1405
vn -0.1453 0.9762 -0.1609
vn -0.1541 0.9743 -0.1644
vn -0.1468 0.9754 -0.1648
vn -0.1456 0.9763 -0.1604
vn -0.1548 0.9742 -0.1642
vn -0.1725 0.9712 -0.1647
vn -0.1819 0.9694 -0.1646
vn -0.1695 0.9717 -0.1647
vn -0.1430 0.9674 -0.2088
vn -0.1544 0.9675 -0.2002
vn -0.1408 0.9678 -0.2086
vn -0.1477 0.9670 -0.2076
vn -0.1571 0.9675 -0.1981
vn -0.1163 0.9742 -0.1932
vn -0.1173 0.9752 -0.1879
vn -0.1158 0.9743 -0.1931
vn -0.1163 0.9745 -0.1921
vn -0.1306 0.9726 -0.1924
vn -0.1828 0.9499 -0.2537
vn -0.1934 0.9476 -0.2541
vn -0.1774 0.9509 -0.2535
vn -0.2030 0.9503 -0.2359
vn -0.2144 0.9480 -0.2351
vn -0.1980 0.9513 -0.2362
vn -0.2183 0.9503 -0.2220
vn -0.2235 0.9493 -0.2210
vn -0.2162 0.9507 -0.2225
vn -0.2170 0.9555 -0.2000
vn -0.2140 0.9560 -0.2005
vn -0.2179 0.9553 -0.1998
vn -0.1586 0.9704 -0.1823
vn -0.1649 0.9693 -0.1823
vn -0.1569 0.9706 -0.1823
vn -0.1307 0.9756 -0.1763
vn -0.1452 0.9723 -0.1833
vn -0.1304 0.9755 -0.1772
vn -0.1447 0.9722 -0.1843
vn -0.1327 0.9740 -0.1837
vn -0.1309 0.9723 -0.1934
vn -0.1246 0.9732 -0.1933
vn -0.1149 0.9717 -0.2064
vn -0.1161 0.9736 -0.1965
vn -0.1208 0.9710 -0.2062
vn -0.1228 0.9707 -0.2067
vn -0.1197 0.9707 -0.2086
vn -0.1347 0.9653 -0.2238
vn -0.1389 0.9645 -0.2248
vn -0.1333 0.9656 -0.2235
vn -0.1634 0.9562 -0.2428
vn -0.1798 0.9568 -0.2286
vn -0.1721 0.9552 -0.2408
vn -0.1742 0.9554 -0.2385
vn -0.1797 0.9565 -0.2297
vn -0.1888 0.9462 -0.2628
vn -0.1867 0.9498 -0.2513
vn -0.1886 0.9483 -0.2552
vn -0.1781 0.9569 -0.2295
vn -0.1835 0.9557 -0.2302
vn -0.1238 0.9684 -0.2166
vn -0.1445 0.9651 -0.2184
vn -0.1322 0.9658 -0.2231
vn -0.1360 0.9661 -0.2194
vn -0.1561 0.9640 -0.2151
vn -0.1474 0.9649 -0.2176
vn -0.1601 0.9635 -0.2146
vn -0.1624 0.9663 -0.1999
vn -0.1684 0.9652 -0.2002
vn -0.1608 0.9666 -0.1998
vn -0.1778 0.9618 -0.2084
vn -0.1729 0.9632 -0.2055
vn -0.1780 0.9618 -0.2079
vn -0.1708 0.9637 -0.2049
vn -0.1740 0.9632 -0.2051
vn -0.1507 0.9698 -0.1917
vn -0.1470 0.9704 -0.1917
vn -0.1519 0.9696 -0.1917
vn -0.1644 0.9626 -0.2152
vn -0.1575 0.9639 -0.2147
vn -0.1665 0.9622 -0.2153
vn -0.1805 0.9534 -0.2416
vn -0.1730 0.9550 -0.2411
vn -0.1829 0.9529 -0.2418
vn -0.1904 0.9454 -0.2645
vn -0.1871 0.9461 -0.2645
vn -0.1970 0.9438 -0.2654
vn -0.1829 0.9441 -0.2742
vn -0.1591 0.9566 -0.2442
vn -0.1557 0.9571 -0.2445
vn -0.0909 0.9946 -0.0504
vn -0.0911 0.9945 -0.0507
vn -0.0878 0.9948 -0.0508
vn -0.0935 0.9940 -0.0561
vn -0.0902 0.9946 -0.0510
vn -0.1030 0.9927 -0.0635
vn -0.1076 0.9928 -0.0530
vn -0.1085 0.9921 -0.0623
vn -0.1305 0.9897 -0.0582
vn -0.1401 0.9880 -0.0655
vn -0.1367 0.9884 -0.0656
vn -0.1279 0.9904 -0.0521
vn -0.1301 0.9899 -0.0568
vn -0.1278 0.9906 -0.0495
vn -0.1278 0.9905 -0.0512
vn -0.1284 0.9905 -0.0491
vn -0.1288 0.9905 -0.0491
vn -0.0895 0.9947 -0.0513
vn -0.0901 0.9947 -0.0502
vn -0.0893 0.9946 -0.0530
vn -0.1389 0.9880 -0.0669
vn -0.1276 0.9893 -0.0709
vn -0.1417 0.9877 -0.0659
vn -0.1130 0.9920 -0.0571
vn -0.0911 0.9944 -0.0530
vn -0.1113 0.9922 -0.0569
vn -0.1148 0.9914 -0.0632
vn -0.1091 0.9919 -0.0653
vn -0.1166 0.9912 -0.0626
vn -0.0934 0.9943 -0.0513
vn -0.1038 0.9931 -0.0541
vn -0.0941 0.9942 -0.0517
vn -0.1316 0.9899 -0.0533
vn -0.1294 0.9904 -0.0496
vn -0.1356 0.9888 -0.0619
vn -0.1323 0.9897 -0.0541
vn -0.1372 0.9886 -0.0619
vn -0.1378 0.9885 -0.0617
vn -0.1431 0.9868 -0.0754
vn -0.1407 0.9871 -0.0763
vn -0.1440 0.9867 -0.0751
vn -0.1307 0.9884 -0.0772
vn -0.1229 0.9892 -0.0797
vn -0.1333 0.9881 -0.0763
vn -0.1688 0.9821 -0.0834
vn -0.1541 0.9842 -0.0876
vn -0.1729 0.9815 -0.0822
vn -0.2110 0.9754 -0.0647
vn -0.2143 0.9752 -0.0551
vn -0.2100 0.9755 -0.0650
vn -0.2124 0.9751 -0.0636
vn -0.2178 0.9747 -0.0503
vn -0.1994 0.9777 -0.0667
vn -0.2045 0.9772 -0.0574
vn -0.1980 0.9779 -0.0674
vn -0.2012 0.9774 -0.0654
vn -0.2104 0.9762 -0.0522
vn -0.1868 0.9794 -0.0772
vn -0.1879 0.9792 -0.0768
vn -0.1864 0.9794 -0.0774
vn -0.1871 0.9803 -0.0628
vn -0.1870 0.9809 -0.0539
vn -0.1868 0.9804 -0.0629
vn -0.1873 0.9803 -0.0621
vn -0.1874 0.9811 -0.0490
vn -0.1873 0.9809 -0.0530
vn -0.2156 0.9750 -0.0542
vn -0.2063 0.9769 -0.0556
vn -0.1701 0.9837 -0.0584
vn -0.1761 0.9828 -0.0554
vn -0.1636 0.9842 -0.0674
vn -0.1677 0.9840 -0.0602
vn -0.1616 0.9845 -0.0688
vn -0.1599 0.9847 -0.0697
vn -0.1574 0.9839 -0.0845
vn -0.1600 0.9836 -0.0832
vn -0.1557 0.9841 -0.0854
vn -0.2060 0.9753 -0.0799
vn -0.1980 0.9769 -0.0810
vn -0.1930 0.9777 -0.0832
vn -0.2074 0.9750 -0.0799
vn -0.1993 0.9767 -0.0802
vn -0.1434 0.9029 -0.4052
vn -0.1397 0.8997 -0.4136
vn -0.1353 0.8958 -0.4233
vn -0.1279 0.9117 -0.3905
vn -0.1278 0.9117 -0.3905
vn -0.1284 0.9117 -0.3902
vn -0.1243 0.9436 -0.3069
vn -0.1339 0.9416 -0.3091
vn -0.1171 0.9451 -0.3051
vn -0.1335 0.9480 -0.2890
vn -0.1355 0.9554 -0.2622
vn -0.1369 0.9604 -0.2427
vn -0.1680 0.9334 -0.3172
vn -0.1679 0.9334 -0.3172
vn -0.1363 0.9190 -0.3700
vn -0.1365 0.9220 -0.3624
vn -0.1367 0.9251 -0.3543
vn -0.1395 0.8814 -0.4512
vn -0.1420 0.8758 -0.4613
vn -0.1396 0.8735 -0.4664
vn -0.1311 0.8948 -0.4267
vn -0.1295 0.8931 -0.4308
vn -0.1280 0.8915 -0.4345
vn -0.1408 0.8812 -0.4514
vn -0.1391 0.8817 -0.4509
vn -0.1407 0.8813 -0.4511
vn -0.1431 0.9039 -0.4030
vn -0.1426 0.9039 -0.4032
vn -0.1454 0.9039 -0.4023
vn -0.1435 0.8783 -0.4560
vn -0.1694 0.9419 -0.2901
vn -0.1660 0.9426 -0.2898
vn -0.1720 0.9414 -0.2903
vn -0.1285 0.9588 -0.2535
vn -0.1324 0.9579 -0.2549
vn -0.1268 0.9591 -0.2529
vn -0.1520 0.9273 -0.3421
vn -0.1526 0.9272 -0.3421
vn -0.1511 0.9274 -0.3422
vn -0.1193 0.9692 -0.2153
vn -0.1470 0.9581 -0.2460
vn -0.1474 0.9581 -0.2456
vn -0.1538 0.9587 -0.2391
vn -0.1258 0.9645 -0.2320
vn -0.1181 0.9673 -0.2245
vn -0.1820 0.9428 -0.2794
vn -0.1828 0.9419 -0.2818
vn -0.1835 0.9410 -0.2844
vn -0.1463 0.9450 -0.2926
vn -0.1464 0.9454 -0.2912
vn -0.1467 0.9460 -0.2890
vn -0.1803 0.9442 -0.2758
vn -0.0910 0.9489 -0.3021
vn -0.0906 0.9488 -0.3027
vn -0.1163 0.9192 -0.3761
vn -0.1166 0.9194 -0.3755
vn -0.1168 0.9197 -0.3750
vn -0.1109 0.9465 -0.3030
vn -0.1113 0.9468 -0.3019
vn -0.1121 0.9474 -0.2999
vn -0.1096 0.9923 -0.0571
vn -0.1182 0.9907 -0.0672
vn -0.1139 0.9915 -0.0631
vn -0.1157 0.9912 -0.0644
vn -0.1214 0.9902 -0.0687
vn -0.1391 0.9880 -0.0672
vn -0.1438 0.9871 -0.0701
vn -0.1377 0.9881 -0.0685
vn -0.1404 0.9878 -0.0668
vn -0.1461 0.9868 -0.0697
vn -0.0838 0.9949 -0.0565
vn -0.0842 0.9945 -0.0617
vn -0.0848 0.9949 -0.0555
vn -0.0833 0.9948 -0.0581
vn -0.0873 0.9940 -0.0656
vn -0.0848 0.9944 -0.0631
vn -0.0933 0.9933 -0.0679
vn -0.0897 0.9938 -0.0654
vn -0.0956 0.9930 -0.0699
vn -0.1198 0.9905 -0.0670
vn -0.1214 0.9902 -0.0682
vn -0.1452 0.9869 -0.0699
vn -0.1438 0.9874 -0.0664
vn -0.1703 0.9826 -0.0736
vn -0.1708 0.9831 -0.0656
vn -0.1719 0.9825 -0.0720
vn -0.1632 0.9840 -0.0715
vn -0.1681 0.9830 -0.0743
vn -0.1519 0.9863 -0.0647
vn -0.1598 0.9846 -0.0714
vn -0.1485 0.9867 -0.0658
vn -0.1457 0.9870 -0.0681
vn -0.1303 0.9897 -0.0598
vn -0.1312 0.9896 -0.0588
vn -0.1285 0.9898 -0.0616
vn -0.1085 0.9925 -0.0566
vn -0.1077 0.9925 -0.0574
vn -0.1165 0.9907 -0.0700
vn -0.1094 0.9917 -0.0673
vn -0.1113 0.9916 -0.0665
vn -0.0987 0.9930 -0.0641
vn -0.1024 0.9926 -0.0658
vn -0.1417 0.9877 -0.0666
vn -0.1283 0.9899 -0.0605
vn -0.1367 0.9886 -0.0629
vn -0.1339 0.9890 -0.0636
vn -0.1198 0.9910 -0.0603
vn -0.0964 0.9931 -0.0663
vn -0.0923 0.9931 -0.0730
vn -0.0796 0.9946 -0.0661
vn -0.0831 0.9939 -0.0725
vn -0.0777 0.9948 -0.0653
vn -0.0825 0.9942 -0.0685
vn -0.0687 0.9951 -0.0704
vn -0.0785 0.9948 -0.0656
vn -0.0898 0.9937 -0.0673
vn -0.1026 0.9927 -0.0635
vn -0.1257 0.9901 -0.0617
vn -0.1093 0.9921 -0.0616
vn -0.1549 0.9862 -0.0581
vn -0.1363 0.9890 -0.0575
vn -0.1477 0.9874 -0.0565
vn -0.1636 0.9847 -0.0604
vn -0.1578 0.9858 -0.0575
vn -0.1698 0.9833 -0.0650
vn -0.1658 0.9843 -0.0605
vn -0.1724 0.9825 -0.0708
vn -0.1462 0.9868 -0.0693
vn -0.1220 0.9902 -0.0687
vn -0.0717 0.9949 -0.0712
vn -0.0723 0.9947 -0.0726
vn -0.0738 0.9944 -0.0761
vn -0.0511 0.9957 -0.0776
vn -0.0533 0.9955 -0.0781
vn -0.0508 0.9955 -0.0795
vn -0.0569 0.9945 -0.0884
vn -0.0522 0.9956 -0.0773
vn -0.0539 0.9953 -0.0807
vn -0.0802 0.9930 -0.0864
vn -0.0881 0.9937 -0.0699
vn -0.0804 0.9939 -0.0755
vn -0.0948 0.9933 -0.0664
vn -0.0822 0.9939 -0.0737
vn -0.1008 0.9929 -0.0638
vn -0.0674 0.9952 -0.0706
vn -0.0757 0.9949 -0.0662
vn -0.0509 0.9960 -0.0730
vn -0.0516 0.9961 -0.0712
vn -0.0502 0.9959 -0.0750
vn -0.0873 0.9940 -0.0657
vn -0.0966 0.9932 -0.0643
vn -0.0269 0.9966 -0.0774
vn -0.0353 0.9966 -0.0749
vn -0.0292 0.9966 -0.0769
vn -0.0318 0.9962 -0.0814
vn -0.0336 0.9959 -0.0838
vn -0.0319 0.9962 -0.0811
vn -0.0374 0.9965 -0.0743
vn -0.0371 0.9965 -0.0755
vn -0.0393 0.9950 -0.0920
vn -0.0345 0.9957 -0.0863
vn -0.0392 0.9950 -0.0923
vn -0.0569 0.9943 -0.0905
vn -0.0560 0.9942 -0.0913
vn -0.0384 0.9951 -0.0906
vn -0.0322 0.9961 -0.0821
vn -0.1114 0.9900 -0.0862
vn -0.1130 0.9899 -0.0852
vn -0.1099 0.9901 -0.0871
vn -0.1144 0.9909 -0.0711
vn -0.1211 0.9906 -0.0635
vn -0.1123 0.9910 -0.0723
vn -0.0794 0.9929 -0.0882
vn -0.0782 0.9929 -0.0891
vn -0.1442 0.9879 -0.0576
vn -0.1250 0.9903 -0.0615
vn -0.1168 0.9913 -0.0614
vn -0.1047 0.9925 -0.0636
vn -0.1324 0.9894 -0.0591
vn -0.1162 0.9908 -0.0695
vn -0.0623 0.9905 -0.1230
vn -0.0625 0.9905 -0.1229
vn -0.0621 0.9905 -0.1231
vn -0.0645 0.9888 -0.1343
vn -0.0658 0.9888 -0.1338
vn -0.0632 0.9889 -0.1347
vn -0.0824 0.9886 -0.1258
vn -0.0822 0.9886 -0.1259
vn -0.0827 0.9886 -0.1256
vn -0.0840 0.9866 -0.1402
vn -0.0872 0.9848 -0.1501
vn -0.0835 0.9866 -0.1404
vn -0.0453 0.9933 -0.1068
vn -0.0446 0.9933 -0.1070
vn -0.0459 0.9932 -0.1065
vn -0.0443 0.9920 -0.1178
vn -0.0460 0.9920 -0.1174
vn -0.0427 0.9921 -0.1183
vn -0.0482 0.9907 -0.1270
vn -0.0545 0.9893 -0.1354
vn -0.0458 0.9908 -0.1277
vn -0.0461 0.9908 -0.1270
vn -0.0566 0.9891 -0.1357
vn -0.0689 0.9872 -0.1436
vn -0.0731 0.9857 -0.1516
vn -0.0677 0.9873 -0.1440
vn -0.0847 0.9864 -0.1412
vn -0.0914 0.9829 -0.1598
vn -0.1118 0.9807 -0.1606
vn -0.1125 0.9806 -0.1605
vn -0.1114 0.9807 -0.1607
vn -0.1102 0.9832 -0.1455
vn -0.1098 0.9832 -0.1457
vn -0.1106 0.9832 -0.1454
vn -0.1105 0.9857 -0.1276
vn -0.1094 0.9857 -0.1281
vn -0.1115 0.9856 -0.1271
vn -0.1117 0.9880 -0.1067
vn -0.1102 0.9881 -0.1075
vn -0.1130 0.9879 -0.1059
vn -0.0818 0.9908 -0.1075
vn -0.0809 0.9909 -0.1080
vn -0.0827 0.9908 -0.1069
vn -0.0615 0.9923 -0.1076
vn -0.0608 0.9923 -0.1081
vn -0.0622 0.9923 -0.1072
vn -0.0752 0.9831 -0.1671
vn -0.0735 0.9832 -0.1674
vn -0.0761 0.9830 -0.1669
vn -0.0657 0.9798 -0.1891
vn -0.0743 0.9787 -0.1914
vn -0.0784 0.9786 -0.1903
vn -0.0955 0.9798 -0.1755
vn -0.0956 0.9798 -0.1755
vn -0.1013 0.9749 -0.1984
vn -0.1002 0.9749 -0.1986
vn -0.1019 0.9748 -0.1983
vn -0.0503 0.9884 -0.1433
vn -0.0597 0.9873 -0.1472
vn -0.0591 0.9873 -0.1473
vn -0.0544 0.9853 -0.1618
vn -0.0600 0.9847 -0.1637
vn -0.0624 0.9846 -0.1633
vn -0.0579 0.9804 -0.1885
vn -0.0717 0.9789 -0.1911
vn -0.0653 0.9708 -0.2310
vn -0.0698 0.9701 -0.2326
vn -0.0709 0.9701 -0.2319
vn -0.0851 0.9686 -0.2336
vn -0.0843 0.9685 -0.2341
vn -0.0869 0.9688 -0.2322
vn -0.1148 0.9647 -0.2370
vn -0.1141 0.9647 -0.2374
vn -0.1161 0.9648 -0.2359
vn -0.1518 0.9577 -0.2446
vn -0.1513 0.9577 -0.2449
vn -0.1525 0.9576 -0.2443
vn -0.1367 0.9667 -0.2164
vn -0.1400 0.9663 -0.2162
vn -0.1354 0.9668 -0.2165
vn -0.1241 0.9735 -0.1920
vn -0.1278 0.9730 -0.1920
vn -0.1228 0.9737 -0.1920
vn -0.1160 0.9778 -0.1744
vn -0.1185 0.9776 -0.1742
vn -0.1150 0.9779 -0.1745
vn -0.0886 0.9843 -0.1525
vn -0.0923 0.9826 -0.1612
vn -0.0707 0.9870 -0.1444
vn -0.0734 0.9855 -0.1529
vn -0.0252 0.9942 -0.1046
vn -0.0307 0.9937 -0.1078
vn -0.0357 0.9928 -0.1146
vn -0.0207 0.9951 -0.0967
vn -0.0215 0.9948 -0.0993
vn -0.0225 0.9945 -0.1021
vn -0.0105 0.9970 -0.0767
vn -0.0162 0.9963 -0.0850
vn -0.0083 0.9967 -0.0814
vn -0.0100 0.9969 -0.0786
vn -0.0132 0.9962 -0.0860
vn -0.0249 0.9948 -0.0991
vn -0.0307 0.9944 -0.1007
vn -0.0566 0.9893 -0.1347
vn -0.0359 0.9917 -0.1234
vn -0.0468 0.9907 -0.1276
vn -0.0318 0.9934 -0.1099
vn -0.0391 0.9921 -0.1196
vn -0.0417 0.9916 -0.1222
vn -0.0352 0.9922 -0.1196
vn -0.0407 0.9918 -0.1212
vn -0.0288 0.9948 -0.0979
vn -0.0241 0.9954 -0.0932
vn -0.0309 0.9943 -0.1024
vn -0.0278 0.9949 -0.0965
vn -0.0229 0.9956 -0.0910
vn -0.0301 0.9938 -0.1072
vn -0.0357 0.9926 -0.1164
vn -0.0174 0.9964 -0.0833
vn -0.0178 0.9963 -0.0844
vn -0.0155 0.9967 -0.0791
vn -0.0203 0.9962 -0.0845
vn -0.0384 0.9922 -0.1182
vn -0.0311 0.9930 -0.1140
vn -0.0357 0.9927 -0.1155
vn -0.0340 0.9926 -0.1168
vn -0.0245 0.9949 -0.0975
vn -0.0281 0.9948 -0.0974
vn -0.0419 0.9947 -0.0941
vn -0.0525 0.9941 -0.0950
vn -0.0519 0.9941 -0.0951
vn -0.0519 0.9952 -0.0827
vn -0.0594 0.9951 -0.0792
vn -0.0516 0.9952 -0.0827
vn -0.0613 0.9934 -0.0966
vn -0.0638 0.9944 -0.0843
vn -0.0610 0.9935 -0.0966
vn -0.0621 0.9935 -0.0959
vn -0.0682 0.9951 -0.0719
vn -0.0376 0.9932 -0.1102
vn -0.0527 0.9923 -0.1123
vn -0.0455 0.9928 -0.1111
vn -0.0326 0.9951 -0.0929
vn -0.0516 0.9941 -0.0952
vn -0.0294 0.9963 -0.0804
vn -0.0395 0.9965 -0.0740
vn -0.0397 0.9959 -0.0814
vn -0.0337 0.9965 -0.0771
vn -0.0405 0.9965 -0.0734
vn -0.0523 0.9952 -0.0823
vn -0.0759 0.9941 -0.0771
vn -0.0713 0.9938 -0.0854
vn -0.0786 0.9933 -0.0853
vn -0.0707 0.9938 -0.0857
vn -0.0675 0.9929 -0.0980
vn -0.0735 0.9924 -0.0987
vn -0.0680 0.9928 -0.0988
vn -0.0610 0.9916 -0.1142
vn -0.0684 0.9910 -0.1154
vn -0.0651 0.9911 -0.1159
vn -0.0541 0.9922 -0.1125
vn -0.0669 0.9911 -0.1149
vn -0.0614 0.9916 -0.1136
vn -0.0340 0.9942 -0.1018
vn -0.0219 0.9952 -0.0955
vn -0.0243 0.9945 -0.1017
vn -0.0363 0.9952 -0.0910
vn -0.0226 0.9960 -0.0866
vn -0.0169 0.9953 -0.0953
vn -0.0169 0.9948 -0.1006
vn -0.0169 0.9961 -0.0865
vn -0.0438 0.9922 -0.1169
vn -0.0256 0.9930 -0.1151
vn -0.0327 0.9927 -0.1159
vn -0.0343 0.9943 -0.1014
vn -0.0259 0.9945 -0.1012
vn -0.0365 0.9952 -0.0904
vn -0.0328 0.9957 -0.0866
vn -0.0383 0.9952 -0.0904
vn -0.0118 0.9962 -0.0864
vn -0.0120 0.9954 -0.0950
vn -0.0154 0.9948 -0.1004
vn -0.0175 0.9932 -0.1150
vn -0.0099 0.9934 -0.1145
vn -0.0160 0.9932 -0.1150
vn -0.0242 0.9930 -0.1156
vn -0.0164 0.9932 -0.1151
vn -0.0194 0.9932 -0.1151
vn -0.0255 0.9952 -0.0948
vn -0.0224 0.9960 -0.0869
vn -0.0251 0.9953 -0.0932
vn -0.0195 0.9965 -0.0810
vn -0.0184 0.9969 -0.0767
vn -0.0221 0.9964 -0.0813
vn -0.0271 0.9954 -0.0924
vn -0.0240 0.9968 -0.0765
vn -0.0294 0.9933 -0.1120
vn -0.0329 0.9930 -0.1130
vn -0.0229 0.9952 -0.0950
vn -0.0206 0.9963 -0.0835
vn -0.0159 0.9969 -0.0775
vn -0.0288 0.9963 -0.0804
vn -0.0319 0.9952 -0.0927
vn -0.0400 0.9948 -0.0939
vn -0.0331 0.9934 -0.1103
vn -0.0428 0.9929 -0.1112
vn -0.0318 0.9933 -0.1109
vn -0.0344 0.9933 -0.1105
vn -0.0301 0.9934 -0.1106
vn -0.0658 0.9927 -0.1007
vn -0.0616 0.9930 -0.1006
vn -0.0653 0.9927 -0.1012
vn -0.0733 0.9934 -0.0879
vn -0.0849 0.9932 -0.0797
vn -0.0716 0.9935 -0.0887
vn -0.0672 0.9937 -0.0899
vn -0.0575 0.9932 -0.1016
vn -0.0765 0.9937 -0.0820
vn -0.0657 0.9910 -0.1167
vn -0.0645 0.9911 -0.1166
vn -0.0737 0.9924 -0.0987
vn -0.0682 0.9927 -0.0995
vn -0.0813 0.9932 -0.0832
vn -0.0683 0.9936 -0.0896
vn -0.0545 0.9944 -0.0904
vn -0.0603 0.9947 -0.0832
vn -0.0487 0.9937 -0.1011
vn -0.0530 0.9945 -0.0904
vn -0.0471 0.9937 -0.1018
vn -0.0465 0.9937 -0.1018
vn -0.0535 0.9916 -0.1176
vn -0.0352 0.9926 -0.1160
vn -0.0608 0.9912 -0.1174
vn -0.0476 0.9920 -0.1170
vn -0.0584 0.9914 -0.1171
vn -0.0082 0.9950 -0.1000
vn -0.0064 0.9955 -0.0949
vn -0.0065 0.9950 -0.0999
vn -0.0080 0.9955 -0.0949
vn -0.0063 0.9962 -0.0864
vn -0.0036 0.9955 -0.0948
vn -0.0037 0.9950 -0.0998
vn -0.0036 0.9963 -0.0864
vn -0.0090 0.9934 -0.1141
vn -0.0093 0.9934 -0.1140
vn -0.0079 0.9962 -0.0864
vn -0.0000 0.9950 -0.0998
vn -0.0042 0.9935 -0.1135
vn -0.0073 0.9935 -0.1137
vn -0.0041 0.9935 -0.1136
vn -0.0072 0.9935 -0.1138
vn -0.1745 0.8808 -0.4401
vn -0.1675 0.8836 -0.4372
vn -0.1766 0.8800 -0.4409
vn -0.1615 0.8576 -0.4883
vn -0.1536 0.8641 -0.4794
vn -0.1613 0.8579 -0.4878
vn -0.2771 0.9565 -0.0909
vn -0.2500 0.9638 -0.0929
vn -0.2781 0.9562 -0.0908
vn 0.1529 0.8514 -0.5018
vn 0.1547 0.8489 -0.5054
vn 0.1531 0.8530 -0.4990
vn 0.2771 0.9565 -0.0909
vn 0.2500 0.9638 -0.0929
vn 0.2489 0.9641 -0.0930
vn -0.1006 0.8403 -0.5327
vn -0.0938 0.8456 -0.5256
vn -0.1041 0.8376 -0.5362
vn 0.1452 0.8417 -0.5201
vn 0.1452 0.8416 -0.5201
vn -0.0249 -0.8822 -0.4703
vn 0.0663 0.7915 -0.6075
vn 0.0663 0.7911 -0.6081
vn 0.0720 0.7933 -0.6046
vn 0.4166 0.8569 0.3037
vn 0.4177 0.8552 0.3068
vn 0.1952 0.9777 -0.0774
vn -0.0793 0.8003 -0.5943
vn -0.0856 0.8028 -0.5901
vn -0.0779 0.7991 -0.5962
vn -0.0771 0.8096 -0.5819
vn -0.0811 0.8116 -0.5786
vn -0.0776 0.8084 -0.5835
vn 0.0252 0.8799 0.4746
vn 0.1618 0.9840 -0.0749
vn 0.0793 0.8003 -0.5943
vn 0.0779 0.7991 -0.5961
vn 0.0856 0.8028 -0.5901
vn -0.6327 0.7711 -0.0708
vn -0.6226 0.7792 -0.0730
vn 0.3882 0.8804 0.2725
vn 0.3940 0.8741 0.2839
vn -0.1542 0.8647 -0.4781
vn -0.1534 0.8643 -0.4791
vn -0.1628 0.8634 -0.4776
vn -0.1307 0.9903 -0.0481
vn -0.1317 0.9901 -0.0485
vn -0.1193 0.9917 -0.0476
vn 0.0865 0.8202 -0.5655
vn 0.0831 0.8166 -0.5712
vn 0.0899 0.8238 -0.5598
vn 0.0771 0.8096 -0.5819
vn 0.0776 0.8084 -0.5835
vn 0.0811 0.8116 -0.5786
vn -0.0031 0.8796 0.4757
vn -0.0000 0.8796 0.4757
vn 0.0245 0.8783 0.4775
vn 0.0275 0.8749 0.4836
vn 0.1381 0.9891 -0.0514
vn 0.1194 0.9917 -0.0477
vn 0.1152 0.9921 -0.0504
vn 0.2590 0.9635 -0.0672
vn 0.2360 0.9695 -0.0667
vn 0.2619 0.9629 -0.0654
vn -0.2315 0.9703 -0.0699
vn -0.2039 0.9763 -0.0724
vn -0.2319 0.9702 -0.0698
vn 0.5977 0.7981 -0.0763
vn 0.5746 0.8147 -0.0787
vn 0.5993 0.7971 -0.0739
vn 0.5940 0.8016 -0.0680
vn 0.6074 0.7914 -0.0691
vn -0.6078 0.7906 -0.0744
vn -0.6235 0.7787 -0.0696
vn 0.6743 0.7353 -0.0683
vn 0.6743 0.7353 -0.0682
vn 0.0251 0.8799 0.4745
vn 0.0251 0.8799 0.4744
vn -0.0000 0.8795 0.4758
vn 0.0051 0.8796 0.4756
vn 0.1647 0.9830 0.0809
vn -0.0000 0.6680 0.7442
vn -0.0663 0.7915 -0.6075
vn -0.0720 0.7933 -0.6046
vn -0.0663 0.7911 -0.6081
vn -0.3988 0.8717 0.2848
vn -0.3994 0.8712 0.2856
vn -0.1618 0.9840 -0.0749
vn -0.1637 0.9837 -0.0751
vn -0.2854 0.9572 -0.0488
vn -0.2912 0.9555 -0.0476
vn -0.2850 0.9573 -0.0489
vn -0.0173 0.7909 -0.6117
vn -0.0232 0.7896 -0.6131
vn 0.6513 0.7554 -0.0720
vn 0.6712 0.7375 -0.0750
vn 0.6751 0.7342 -0.0727
vn -0.1082 0.9924 -0.0584
vn -0.1115 0.9918 -0.0617
vn -0.6503 0.7565 -0.0695
vn -0.6477 0.7588 -0.0678
vn -0.6489 0.7577 -0.0689
vn -0.1169 0.8629 -0.4917
vn -0.1175 0.8648 -0.4882
vn -0.1173 0.8606 -0.4956
vn -0.2697 0.9625 -0.0282
vn -0.2670 0.9633 -0.0297
vn -0.2704 0.9623 -0.0278
vn 0.1542 0.8474 -0.5081
vn 0.1486 0.8416 -0.5193
vn 0.1521 0.8448 -0.5130
vn -0.4089 0.8631 0.2964
vn -0.4085 0.8634 0.2960
vn 0.2659 0.9620 -0.0613
vn 0.2874 0.9561 -0.0580
vn 0.2889 0.9556 -0.0577
vn -0.1381 0.9891 -0.0514
vn -0.1386 0.9890 -0.0514
vn -0.6073 0.7916 -0.0683
vn -0.6008 0.7964 -0.0688
vn -0.1529 0.8514 -0.5018
vn -0.1531 0.8530 -0.4990
vn -0.1546 0.8489 -0.5054
vn -0.2251 0.9181 -0.3262
vn -0.2305 0.9157 -0.3292
vn -0.2209 0.9183 -0.3286
vn 0.1700 0.8617 -0.4781
vn 0.1828 0.8583 -0.4794
vn 0.1628 0.8634 -0.4775
vn 0.1323 0.9900 -0.0492
vn 0.1336 0.9898 -0.0493
vn 0.1317 0.9901 -0.0483
vn 0.3990 0.8715 0.2851
vn 0.6518 0.7550 -0.0720
vn 0.6270 0.7757 -0.0716
vn 0.6278 0.7750 -0.0717
vn -0.4253 0.8898 -0.1656
vn -0.4254 0.8897 -0.1656
vn -0.4252 0.8898 -0.1656
vn 0.7457 0.5945 0.3007
vn 0.2130 0.9741 -0.0762
vn 0.2336 0.9697 -0.0715
vn 0.2359 0.9692 -0.0710
vn -0.2788 0.9530 -0.1183
vn -0.3032 0.9451 -0.1218
vn -0.3043 0.9447 -0.1220
vn 0.1762 0.8826 -0.4358
vn 0.1799 0.8820 -0.4356
vn 0.1717 0.8834 -0.4360
vn 0.3000 0.8789 -0.3707
vn 0.3002 0.8789 -0.3707
vn 0.3013 0.8787 -0.3703
vn -0.0272 -0.8526 -0.5218
vn -0.0284 -0.8571 -0.5143
vn -0.0246 -0.8604 -0.5090
vn -0.1954 0.9032 -0.3822
vn -0.1955 0.9032 -0.3821
vn -0.1952 0.9032 -0.3822
vn -0.1818 0.9817 -0.0576
vn -0.1558 0.9859 -0.0617
vn -0.1826 0.9815 -0.0574
vn -0.5941 0.8015 -0.0680
vn -0.5733 0.8163 -0.0709
vn -0.0252 0.8799 0.4744
vn 0.0103 0.7864 -0.6176
vn 0.0076 0.8982 0.4395
vn 0.0111 0.7865 -0.6175
vn -0.6506 0.7562 -0.0704
vn -0.6505 0.7561 -0.0717
vn -0.2130 0.9741 -0.0762
vn -0.2336 0.9697 -0.0715
vn -0.2111 0.9745 -0.0766
vn 0.0240 0.8799 0.4745
vn 0.5951 -0.8002 0.0744
vn 0.5988 -0.7975 0.0735
vn 0.5913 -0.8030 0.0753
vn 0.2697 0.9625 -0.0282
vn 0.2670 0.9633 -0.0297
vn 0.2665 0.9634 -0.0299
vn -0.0252 0.8799 0.4745
vn 0.0123 0.7866 -0.6173
vn 0.0232 0.7896 -0.6131
vn 0.0203 0.7889 -0.6142
vn -0.4177 0.8552 0.3067
vn -0.4185 0.8552 0.3058
vn -0.1647 0.9830 0.0809
vn 0.6073 0.7915 -0.0683
vn 0.6277 0.7754 -0.0689
vn 0.1065 0.9928 -0.0553
vn 0.0359 0.7890 -0.6134
vn 0.0338 0.7888 -0.6138
vn 0.0376 0.7896 -0.6125
vn 0.1017 0.8554 -0.5079
vn 0.1022 0.8527 -0.5123
vn 0.1035 0.8575 -0.5040
vn -0.1521 0.8448 -0.5130
vn -0.1542 0.8474 -0.5081
vn 0.2315 0.9703 -0.0699
vn 0.2319 0.9702 -0.0698
vn 0.2039 0.9763 -0.0724
vn -0.0000 -0.0033 1.0000
vn 0.0254 0.8646 0.5019
vn 0.0242 0.8615 0.5072
vn -0.1336 0.9898 -0.0492
vn -0.1325 0.9900 -0.0492
vn -0.5953 -0.8000 0.0744
vn -0.6019 -0.7952 0.0738
vn -0.5951 -0.8002 0.0744
vn -0.5977 0.7981 -0.0762
vn -0.5746 0.8147 -0.0787
vn -0.5988 0.7975 -0.0739
vn 0.6506 0.7562 -0.0704
vn 0.6503 0.7563 -0.0717
vn 0.6505 0.7561 -0.0717
vn -0.0386 0.7898 -0.6122
vn -0.0395 0.7903 -0.6114
vn -0.0376 0.7896 -0.6125
vn -0.3901 -0.8764 -0.2822
vn -0.3908 -0.8760 -0.2827
vn -0.3909 -0.8760 -0.2827
vn -0.1065 0.9928 -0.0553
vn 0.1006 0.8403 -0.5327
vn 0.1041 0.8376 -0.5362
vn 0.0938 0.8456 -0.5256
vn 0.0051 0.8796 0.4757
vn -0.1452 0.8417 -0.5201
vn 0.6489 0.7577 -0.0689
vn 0.6478 0.7588 -0.0679
vn 0.6503 0.7565 -0.0695
vn 0.4249 0.8900 -0.1656
vn -0.1952 0.9777 -0.0774
vn -0.1931 0.9781 -0.0782
vn 0.1950 0.9033 -0.3822
vn 0.1947 0.9033 -0.3822
vn 0.1952 0.9032 -0.3822
vn 0.1346 0.8681 -0.4778
vn 0.1392 0.8736 -0.4664
vn 0.1368 0.8707 -0.4724
vn 0.5966 -0.7991 0.0741
vn 0.5949 -0.8003 0.0743
vn 0.1818 0.9817 -0.0576
vn 0.1826 0.9815 -0.0574
vn 0.1557 0.9859 -0.0617
vn -0.0865 0.8202 -0.5655
vn -0.0831 0.8166 -0.5712
vn -0.0799 0.8131 -0.5766
vn -0.0123 0.7866 -0.6173
vn -0.0203 0.7889 -0.6142
vn -0.2659 0.9621 -0.0613
vn -0.2874 0.9561 -0.0580
vn -0.2646 0.9624 -0.0615
vn 0.0173 0.7909 -0.6117
vn -0.1762 0.8826 -0.4358
vn -0.1717 0.8834 -0.4360
vn -0.1799 0.8820 -0.4356
vn -0.1544 0.8531 -0.4984
vn -0.1546 0.8527 -0.4990
vn -0.1545 0.8531 -0.4983
vn -0.1546 0.8530 -0.4985
vn -0.1546 0.8530 -0.4984
vn 0.6261 0.7764 -0.0720
vn 0.6190 0.7821 -0.0719
vn -0.1368 0.8707 -0.4724
vn -0.1392 0.8736 -0.4664
vn -0.1346 0.8681 -0.4778
vn 0.2854 0.9572 -0.0488
vn 0.2912 0.9555 -0.0476
vn 0.2916 0.9554 -0.0476
vn -0.0103 0.7864 -0.6176
vn -0.0111 0.7865 -0.6175
vn 0.7459 0.5943 0.3008
vn 0.7459 0.5943 0.3007
vn 0.2305 0.9157 -0.3292
vn 0.2251 0.9181 -0.3262
vn 0.2209 0.9183 -0.3286
vn 0.1544 0.8531 -0.4984
vn 0.1546 0.8527 -0.4990
vn -0.0276 0.8565 0.5153
vn -0.0242 0.8615 0.5072
vn 0.2788 0.9530 -0.1183
vn 0.3032 0.9451 -0.1218
vn 0.2764 0.9538 -0.1179
vn -0.1282 0.9893 -0.0694
vn -0.1347 0.9884 -0.0698
vn -0.6519 0.7549 -0.0719
vn -0.6278 0.7750 -0.0717
vn -0.6270 0.7757 -0.0716
vn -0.0241 0.8795 0.4753
vn 0.0258 0.8766 0.4806
vn 0.0248 0.8743 0.4847
vn -0.0976 0.8257 -0.5556
vn -0.0894 0.8331 -0.5458
vn -0.1002 0.8233 -0.5587
vn 0.1169 0.8629 -0.4917
vn 0.1173 0.8606 -0.4956
vn 0.1175 0.8648 -0.4882
vn 0.0976 0.8257 -0.5556
vn 0.1002 0.8233 -0.5587
vn 0.0894 0.8331 -0.5458
vn 0.6272 0.7757 -0.0703
vn 0.6226 0.7792 -0.0730
vn 0.1307 0.9903 -0.0481
vn 0.0261 0.8704 0.4917
vn 0.0282 0.8697 0.4928
vn 0.0256 0.8697 0.4930
vn -0.6261 0.7764 -0.0720
vn -0.6479 0.7588 -0.0662
vn -0.6697 0.7391 -0.0715
vn -0.6743 0.7353 -0.0682
vn -0.3940 0.8741 0.2839
vn 0.4089 0.8631 0.2964
vn 0.4085 0.8634 0.2960
vn -0.2590 0.9635 -0.0672
vn -0.2619 0.9629 -0.0654
vn -0.2360 0.9695 -0.0667
vn -0.6466 -0.7594 0.0727
vn -0.6238 -0.7782 0.0729
vn -0.6239 -0.7781 0.0723
vn -0.4085 0.8634 0.2961
vn 0.4012 0.8708 0.2843
vn 0.4005 0.8715 0.2832
vn 0.0241 0.8797 0.4749
vn 0.6078 0.7906 -0.0744
vn 0.5965 0.7991 -0.0745
vn 0.1282 0.9893 -0.0694
vn 0.1463 0.9871 -0.0653
vn -0.3000 0.8789 -0.3708
vn -0.3003 0.8789 -0.3707
vn -0.2994 0.8790 -0.3710
vn 0.1082 0.9924 -0.0584
vn 0.1217 0.9908 -0.0586
vn -0.1035 0.8575 -0.5040
vn -0.1022 0.8527 -0.5123
vn -0.1018 0.8554 -0.5079
vn -0.0730 -0.9911 0.1109
vn 0.0132 -0.9921 0.1246
vn -0.0208 -0.9879 0.1534
vn -0.0377 -0.9846 0.1705
vn -0.0571 -0.9801 0.1899
vn 0.0699 -0.9967 0.0421
vn 0.1055 -0.9934 0.0443
vn 0.1410 -0.9890 0.0456
vn 0.0328 -0.9986 0.0408
vn -0.0349 -0.9803 0.1946
vn -0.0334 -0.9845 0.1720
vn -0.0318 -0.9882 0.1495
vn -0.0302 -0.9913 0.1277
vn -0.5735 0.8151 -0.0818
vn -0.5724 0.8160 -0.0806
vn -0.5735 0.8145 -0.0879
vn -0.6001 0.7954 -0.0846
vn -0.6263 0.7753 -0.0812
vn -0.6519 0.7543 -0.0776
vn -0.6531 0.7547 -0.0623
vn -0.6288 0.7751 -0.0618
vn -0.6022 0.7960 -0.0612
vn 0.0241 -0.8820 -0.4705
vn -0.0211 0.8612 0.5078
vn 0.3884 -0.8763 -0.2851
vn 0.3991 -0.8674 -0.2973
vn 0.4092 -0.8586 -0.3089
vn 0.6479 -0.7579 0.0762
vn 0.6223 -0.7787 0.0798
vn 0.5963 -0.7985 0.0833
vn 0.5697 -0.8173 0.0866
vn 0.5984 -0.7987 0.0626
vn -0.4177 0.8552 0.3068
vn -0.4137 0.8556 0.3112
vn -0.4042 0.8639 0.3004
vn -0.3941 0.8724 0.2890
vn 0.0178 -0.8728 -0.4878
vn 0.0190 -0.8644 -0.5024
vn 0.0726 -0.9915 0.1075
vn 0.0403 -0.9847 0.1695
vn 0.0076 -0.9906 0.1369
vn 0.0229 -0.9881 0.1523
vn -0.0328 -0.9986 0.0408
vn -0.0694 -0.9967 0.0426
vn -0.1051 -0.9935 0.0444
vn -0.1401 -0.9891 0.0461
vn 0.0302 -0.9913 0.1277
vn 0.0318 -0.9883 0.1495
vn 0.0334 -0.9845 0.1720
vn 0.0349 -0.9803 0.1946
vn 0.6519 0.7543 -0.0776
vn 0.6263 0.7753 -0.0812
vn 0.6001 0.7954 -0.0846
vn 0.5735 0.8145 -0.0879
vn 0.5724 0.8160 -0.0806
vn 0.5781 0.8128 -0.0722
vn 0.6505 0.7563 -0.0690
vn 0.0257 0.8681 0.4957
vn 0.0257 0.8549 0.5181
vn -0.4064 -0.8652 -0.2938
vn -0.3922 -0.8767 -0.2784
vn -0.4092 -0.8586 -0.3089
vn -0.3991 -0.8674 -0.2973
vn -0.3884 -0.8763 -0.2851
vn -0.3798 -0.8848 -0.2701
vn -0.6202 -0.7812 0.0711
vn -0.5957 -0.7996 0.0757
vn -0.6469 -0.7591 0.0733
vn -0.6715 -0.7378 0.0697
vn -0.6495 -0.7576 0.0637
vn -0.6251 -0.7780 0.0632
vn -0.5656 -0.8214 0.0739
vn 0.4181 0.8556 0.3054
vn 0.3941 0.8724 0.2890
vn 0.4264 0.8473 0.3168
vn -0.0190 -0.8644 -0.5024
vn -0.0178 -0.8728 -0.4878
vn 0.0251 0.8805 0.4734
vn 0.0967 0.8733 -0.4775
vn 0.0808 0.9301 -0.3583
vn 0.0845 0.9297 -0.3585
vn 0.0892 0.9280 -0.3618
vn 0.0745 0.8785 -0.4718
vn 0.0687 0.8683 -0.4912
vn 0.0572 0.9249 -0.3758
vn 0.0781 0.9633 -0.2569
vn 0.1023 0.9536 -0.2833
vn 0.0369 0.8782 -0.4769
vn 0.0240 0.9395 -0.3417
vn 0.0193 0.9393 -0.3425
vn 0.0393 0.9335 -0.3563
vn 0.0206 0.8805 -0.4736
vn 0.0107 0.8734 -0.4869
vn 0.0061 0.9313 -0.3643
vn 0.0181 0.9708 -0.2394
vn 0.0401 0.9635 -0.2645
vn 0.0396 0.9273 -0.3722
vn 0.0364 0.8712 -0.4896
vn 0.3704 0.8881 -0.2722
vn 0.4170 0.8788 -0.2319
vn 0.4162 0.8813 -0.2238
vn 0.4174 0.8799 -0.2272
vn 0.2804 0.9174 -0.2823
vn 0.3093 0.9164 -0.2542
vn 0.3378 0.8890 -0.3093
vn 0.3578 0.8818 -0.3073
vn 0.3000 0.9314 -0.2063
vn 0.3594 0.9123 -0.1962
vn 0.3582 0.9136 -0.1926
vn 0.3151 0.9198 -0.2338
vn 0.1830 0.9711 -0.1531
vn 0.1693 0.9734 -0.1545
vn 0.1914 0.9734 -0.1264
vn 0.1766 0.9757 -0.1298
vn 0.1676 0.9695 -0.1791
vn 0.1431 0.9748 -0.1713
vn 0.1416 0.9782 -0.1518
vn 0.1451 0.9808 -0.1307
vn 0.1505 0.9827 -0.1077
vn 0.1856 0.9770 -0.1053
vn 0.1851 0.9779 -0.0971
vn 0.0764 0.9364 -0.3426
vn 0.0523 0.9465 -0.3184
vn 0.0914 0.9316 -0.3518
vn 0.0981 0.8867 -0.4518
vn 0.0727 0.9609 -0.2673
vn 0.0898 0.9294 -0.3579
vn 0.0592 0.9664 -0.2500
vn 0.0585 0.9617 -0.2679
vn 0.0562 0.9614 -0.2694
vn 0.0999 0.9238 -0.3697
vn 0.0785 0.9562 -0.2819
vn 0.1099 0.8920 -0.4384
vn 0.1084 0.9930 -0.0458
vn -0.0017 0.9999 0.0159
vn 0.0108 0.9998 -0.0161
vn -0.0112 0.9999 0.0016
vn -0.0432 -0.8677 0.4953
vn -0.0689 -0.9608 0.2685
vn 0.0099 0.9996 -0.0251
vn -0.0142 0.9947 0.1021
vn -0.0049 0.9989 -0.0456
vn -0.0022 0.9996 0.0295
vn -0.0002 0.9989 -0.0466
vn -0.0077 -0.9761 0.2174
vn -0.0084 -0.9828 0.1845
vn -0.0413 -0.8834 0.4669
vn -0.0493 -0.9872 0.1518
vn -0.0741 -0.9766 0.2017
vn -0.0232 -0.9863 0.1633
vn -0.2174 -0.9254 0.3105
vn -0.2780 -0.7949 0.5393
vn -0.1474 -0.9760 0.1602
vn -0.1276 -0.9763 0.1750
vn 0.0245 0.9921 0.1231
vn 0.0101 0.9942 0.1073
vn 0.0167 0.9985 0.0522
vn 0.0188 0.9998 0.0054
vn -0.1464 0.8608 0.4874
vn -0.1042 -0.9724 0.2087
vn -0.0842 -0.9846 0.1529
vn -0.1149 -0.9832 0.1418
vn -0.1398 -0.9807 0.1365
vn -0.1630 -0.9771 0.1370
vn -0.1676 -0.9729 0.1590
vn -0.2137 -0.9331 0.2893
vn 0.0394 0.9670 0.2519
vn 0.0765 0.9864 0.1452
vn -0.0201 0.9719 0.2344
vn 0.0211 -0.6647 0.7468
vn -0.0433 -0.7276 0.6847
vn 0.0445 0.9989 0.0144
vn 0.0343 0.9438 0.3286
vn 0.0112 0.9997 -0.0215
vn -0.0139 0.9999 0.0074
vn 0.0422 0.9990 0.0135
vn -0.0091 0.9430 0.3327
vn -0.0129 0.9999 0.0072
vn -0.0011 -0.7356 0.6774
vn -0.0145 -0.9138 0.4060
vn -0.0083 -0.9065 0.4221
vn 0.0553 0.9957 0.0745
vn 0.0877 0.9904 0.1067
vn 0.0275 0.9876 0.1546
vn -0.0003 -0.6625 0.7491
vn -0.0777 -0.7673 0.6366
vn 0.0359 0.9988 -0.0338
vn 0.0622 0.9975 -0.0326
vn 0.0205 0.9967 0.0780
vn 0.1092 0.9934 -0.0349
vn 0.0791 0.9968 -0.0086
vn 0.1049 0.9942 -0.0225
vn 0.0256 0.9484 0.3162
vn 0.0591 0.9982 0.0100
vn -0.0221 -0.9229 0.3845
vn -0.0256 -0.9339 0.3567
vn -0.0290 -0.7551 0.6550
vn -0.0181 -0.9637 0.2664
vn -0.0467 -0.8370 0.5452
vn -0.0265 -0.9483 0.3163
vn -0.3513 -0.8709 0.3437
vn -0.3139 0.8322 0.4571
vn -0.1736 0.8597 0.4805
vn 0.0895 0.9904 0.1057
vn -0.2010 -0.9626 0.1818
vn 0.1760 0.9817 0.0733
vn 0.1545 0.9873 0.0358
vn 0.2125 0.9772 -0.0031
vn 0.1966 0.9803 -0.0178
vn 0.1401 0.9901 0.0016
vn 0.0951 0.9951 0.0278
vn 0.0602 0.9964 0.0602
vn -0.4010 -0.6790 0.6150
vn -0.2240 -0.9505 0.2155
vn 0.0923 0.9953 -0.0289
vn 0.1072 0.9935 -0.0380
vn 0.0702 0.9971 -0.0294
vn 0.0830 0.9959 -0.0346
vn 0.0915 0.9957 -0.0112
vn 0.1096 0.9934 -0.0341
vn 0.1245 0.9912 -0.0442
vn 0.1395 0.9889 -0.0522
vn 0.1214 0.9915 -0.0464
vn 0.0982 0.9943 -0.0425
vn 0.0679 0.9970 -0.0369
vn 0.0522 0.9980 -0.0368
vn 0.0562 0.9983 -0.0154
vn 0.0740 0.9972 -0.0084
vn 0.0266 0.9978 -0.0611
vn 0.0245 0.9982 -0.0549
vn 0.1012 0.9929 -0.0629
vn 0.0922 0.9938 -0.0618
vn 0.0934 0.9927 -0.0766
vn 0.0744 0.9953 -0.0613
vn 0.0629 0.9972 -0.0411
vn 0.0764 0.9961 -0.0439
vn 0.0966 0.9939 -0.0541
vn -0.0071 0.9986 -0.0521
vn 0.1798 0.9816 -0.0647
vn 0.1578 0.9858 -0.0582
vn 0.1656 0.9847 -0.0538
vn 0.1414 0.9888 -0.0478
vn 0.1974 0.9775 -0.0745
vn 0.1775 0.9818 -0.0671
vn 0.1573 0.9858 -0.0593
vn 0.1397 0.9889 -0.0512
vn 0.1239 0.9914 -0.0410
vn 0.1073 0.9940 -0.0191
vn 0.1275 0.9915 -0.0277
vn 0.1562 0.9871 -0.0361
vn 0.1833 0.9821 -0.0422
vn 0.2444 0.9673 -0.0676
vn 0.2582 0.9646 -0.0544
vn 0.2159 0.9731 -0.0807
vn 0.2249 0.9734 -0.0444
vn 0.2508 0.9674 -0.0351
vn 0.1413 0.9864 -0.0837
vn 0.1158 0.9904 -0.0758
vn 0.1470 0.9859 -0.0798
vn 0.1646 0.9823 -0.0892
vn 0.1845 0.9785 -0.0927
vn 0.2290 0.9692 -0.0910
vn 0.2044 0.9755 -0.0819
vn 0.1760 0.9820 -0.0686
vn 0.1989 0.9770 -0.0772
vn 0.2156 0.9728 -0.0850
vn 0.0432 0.9960 -0.0782
vn 0.0214 0.9974 -0.0684
vn 0.0237 0.9982 -0.0544
vn 0.0529 0.9967 -0.0618
vn 0.0279 0.9793 -0.2006
vn 0.0250 0.9852 -0.1698
vn 0.0815 0.9739 -0.2120
vn 0.0864 0.9787 -0.1860
vn 0.0215 0.9987 -0.0467
vn 0.0513 0.9967 -0.0635
vn 0.0545 0.9963 -0.0672
vn 0.0693 0.9750 -0.2111
vn 0.0509 0.9885 -0.1425
vn 0.1982 0.9687 -0.1492
vn 0.1944 0.9727 -0.1266
vn 0.2383 0.9539 -0.1826
vn 0.1695 0.9717 -0.1647
vn 0.1468 0.9754 -0.1648
vn 0.1553 0.9778 -0.1405
vn 0.1564 0.9809 -0.1159
vn 0.1515 0.9840 -0.0936
vn 0.1734 0.9794 -0.1033
vn 0.2955 0.9436 -0.1493
vn 0.2863 0.9472 -0.1441
vn 0.2719 0.9478 -0.1665
vn 0.1408 0.9678 -0.2086
vn 0.1774 0.9509 -0.2535
vn 0.1333 0.9656 -0.2235
vn 0.1228 0.9707 -0.2067
vn 0.1327 0.9740 -0.1837
vn 0.1569 0.9706 -0.1823
vn 0.2179 0.9553 -0.1998
vn 0.2162 0.9507 -0.2225
vn 0.1981 0.9513 -0.2362
vn 0.1835 0.9557 -0.2302
vn 0.1557 0.9571 -0.2445
vn 0.1970 0.9438 -0.2654
vn 0.1829 0.9529 -0.2418
vn 0.1665 0.9622 -0.2153
vn 0.1519 0.9696 -0.1917
vn 0.1740 0.9632 -0.2051
vn 0.1608 0.9666 -0.1998
vn 0.1417 0.9877 -0.0659
vn 0.1166 0.9912 -0.0626
vn 0.1151 0.9918 -0.0562
vn 0.1038 0.9931 -0.0541
vn 0.1729 0.9815 -0.0822
vn 0.1333 0.9881 -0.0763
vn 0.1440 0.9867 -0.0751
vn 0.1378 0.9885 -0.0617
vn 0.1980 0.9779 -0.0674
vn 0.2024 0.9776 -0.0580
vn 0.1864 0.9794 -0.0774
vn 0.1930 0.9777 -0.0832
vn 0.1557 0.9841 -0.0854
vn 0.1599 0.9847 -0.0697
vn 0.2082 0.9766 -0.0533
vn 0.1868 0.9804 -0.0629
vn 0.1470 0.9060 -0.3970
vn 0.1367 0.9251 -0.3543
vn 0.1326 0.9446 -0.3003
vn 0.1392 0.9404 -0.3104
vn 0.1284 0.9117 -0.3902
vn 0.1326 0.8964 -0.4230
vn 0.0906 0.9488 -0.3027
vn 0.1121 0.9474 -0.2999
vn 0.1168 0.9197 -0.3749
vn 0.1851 0.9433 -0.2756
vn 0.1461 0.9445 -0.2944
vn 0.1259 0.9611 -0.2459
vn 0.1412 0.9574 -0.2519
vn 0.1635 0.9431 -0.2896
vn 0.1534 0.9271 -0.3421
vn 0.1340 0.9575 -0.2554
vn 0.1454 0.9039 -0.4023
vn 0.0848 0.9949 -0.0555
vn 0.1077 0.9925 -0.0574
vn 0.1285 0.9898 -0.0616
vn 0.1457 0.9870 -0.0681
vn 0.0955 0.9935 -0.0622
vn 0.0704 0.9952 -0.0684
vn 0.0676 0.9955 -0.0665
vn 0.0854 0.9943 -0.0637
vn 0.0522 0.9962 -0.0694
vn 0.1006 0.9928 -0.0654
vn 0.1099 0.9901 -0.0871
vn 0.0782 0.9929 -0.0891
vn 0.1123 0.9910 -0.0723
vn 0.0395 0.9950 -0.0918
vn 0.0621 0.9905 -0.1231
vn 0.0827 0.9886 -0.1256
vn 0.0835 0.9866 -0.1404
vn 0.0459 0.9932 -0.1065
vn 0.0622 0.9923 -0.1072
vn 0.0827 0.9908 -0.1069
vn 0.1130 0.9879 -0.1059
vn 0.1115 0.9856 -0.1271
vn 0.1106 0.9832 -0.1454
vn 0.1114 0.9807 -0.1607
vn 0.0761 0.9830 -0.1669
vn 0.0956 0.9798 -0.1755
vn 0.0784 0.9786 -0.1903
vn 0.1019 0.9748 -0.1983
vn 0.1150 0.9779 -0.1745
vn 0.1228 0.9737 -0.1920
vn 0.1354 0.9668 -0.2165
vn 0.1525 0.9576 -0.2443
vn 0.1161 0.9648 -0.2359
vn 0.0869 0.9688 -0.2322
vn 0.0709 0.9702 -0.2319
vn 0.0624 0.9846 -0.1633
vn 0.0393 0.9965 -0.0737
vn 0.0397 0.9959 -0.0814
vn 0.0415 0.9947 -0.0937
vn 0.0339 0.9943 -0.1015
vn 0.0273 0.9970 -0.0727
vn 0.0265 0.9951 -0.0949
vn 0.0508 0.9946 -0.0905
vn 0.0719 0.9940 -0.0820
vn 0.0087 0.9935 -0.1138
vn 0.0062 0.9935 -0.1136
vn -0.0967 0.8733 -0.4775
vn -0.0892 0.9280 -0.3618
vn -0.0845 0.9297 -0.3585
vn -0.0589 0.9246 -0.3764
vn -0.0687 0.8683 -0.4912
vn -0.1019 0.9536 -0.2835
vn -0.0781 0.9633 -0.2569
vn -0.0505 0.9245 -0.3778
vn -0.0369 0.8782 -0.4769
vn -0.0012 0.8782 -0.4783
vn -0.0393 0.9335 -0.3563
vn -0.0193 0.9393 -0.3425
vn -0.0026 0.9313 -0.3643
vn -0.0107 0.8734 -0.4869
vn -0.0381 0.8714 -0.4891
vn -0.0401 0.9635 -0.2645
vn -0.0396 0.9273 -0.3722
vn -0.0181 0.9708 -0.2394
vn 0.0102 0.9978 -0.0659
vn -0.1992 0.9776 -0.0677
vn -0.4162 0.8813 -0.2238
vn -0.4093 0.8807 -0.2385
vn -0.3704 0.8881 -0.2722
vn -0.2966 0.9308 -0.2136
vn -0.3035 0.9218 -0.2412
vn -0.3580 0.9136 -0.1926
vn -0.3594 0.9123 -0.1962
vn -0.2804 0.9174 -0.2823
vn -0.3378 0.8889 -0.3093
vn -0.3410 0.8877 -0.3095
vn -0.3093 0.9164 -0.2542
vn -0.1785 0.9721 -0.1522
vn -0.1875 0.9742 -0.1259
vn -0.1774 0.9685 -0.1746
vn -0.1832 0.9721 -0.1464
vn -0.1866 0.9751 -0.1197
vn -0.1881 0.9774 -0.0961
vn -0.2078 0.9732 -0.0985
vn -0.1582 0.9819 -0.1039
vn -0.1529 0.9800 -0.1273
vn -0.1472 0.9777 -0.1500
vn -0.1438 0.9747 -0.1711
vn -0.0947 0.8948 -0.4362
vn -0.0914 0.9316 -0.3518
vn -0.0998 0.9396 -0.3274
vn -0.0764 0.9364 -0.3426
vn -0.0981 0.8867 -0.4518
vn -0.1130 0.8944 -0.4327
vn -0.0785 0.9562 -0.2819
vn -0.0999 0.9238 -0.3697
vn -0.0592 0.9664 -0.2500
vn -0.0562 0.9614 -0.2694
vn -0.0807 0.9599 -0.2684
vn -0.0790 0.9960 -0.0421
vn -0.0969 0.9944 -0.0420
vn -0.1122 0.9925 -0.0479
vn 0.0017 0.9999 0.0159
vn 0.0834 -0.8410 0.5345
vn 0.0432 -0.8677 0.4953
vn 0.0112 0.9999 0.0016
vn 0.0184 0.9996 -0.0229
vn -0.0087 1.0000 -0.0005
vn 0.0142 0.9947 0.1021
vn -0.0044 0.9996 -0.0285
vn 0.0473 -0.9847 0.1676
vn 0.0185 -0.9821 0.1874
vn 0.0765 -0.9588 0.2735
vn 0.0077 -0.9761 0.2174
vn 0.0413 -0.8833 0.4669
vn 0.0084 -0.9828 0.1845
vn 0.0056 0.9988 -0.0479
vn 0.0022 0.9996 0.0295
vn -0.0029 0.9991 -0.0413
vn 0.2074 -0.9328 0.2947
vn 0.1475 -0.9760 0.1602
vn 0.2780 -0.7949 0.5393
vn 0.1276 -0.9763 0.1750
vn -0.0300 0.9947 0.0988
vn 0.2554 -0.9009 0.3510
vn 0.1676 -0.9729 0.1590
vn 0.1630 -0.9771 0.1370
vn 0.1398 -0.9807 0.1365
vn 0.1149 -0.9832 0.1418
vn 0.0842 -0.9846 0.1529
vn 0.1042 -0.9724 0.2087
vn 0.1464 0.8608 0.4874
vn -0.0094 0.9988 0.0490
vn -0.0001 0.9943 0.1062
vn -0.0038 0.9918 0.1274
vn -0.0394 0.9670 0.2519
vn 0.0056 -0.6521 0.7581
vn -0.0211 -0.6647 0.7468
vn 0.0201 0.9719 0.2344
vn 0.0521 0.9926 0.1094
vn -0.0343 0.9438 0.3286
vn -0.0445 0.9989 0.0144
vn 0.0040 -0.9071 0.4209
vn 0.0133 -0.7446 0.6674
vn 0.0011 -0.7356 0.6774
vn 0.0129 0.9999 0.0072
vn 0.0091 0.9430 0.3327
vn -0.0112 0.9997 -0.0215
vn -0.0422 0.9990 0.0135
vn 0.0139 0.9999 0.0074
vn -0.0553 0.9957 0.0745
vn 0.0399 -0.6402 0.7671
vn 0.0003 -0.6625 0.7491
vn -0.0275 0.9876 0.1546
vn -0.0877 0.9904 0.1067
vn -0.0359 0.9988 -0.0338
vn -0.0205 0.9967 0.0780
vn -0.0658 0.9974 -0.0292
vn 0.0012 -0.9517 0.3069
vn 0.0081 -0.9363 0.3511
vn 0.0366 -0.7964 0.6037
vn 0.0221 -0.9229 0.3845
vn 0.0290 -0.7551 0.6550
vn 0.0256 -0.9339 0.3567
vn -0.0655 0.9978 0.0097
vn -0.0879 0.9961 -0.0102
vn -0.0531 0.9633 0.2631
vn -0.1092 0.9934 -0.0349
vn -0.1049 0.9942 -0.0225
vn -0.0791 0.9968 -0.0086
vn 0.2079 -0.9498 0.2340
vn 0.3137 -0.2527 0.9153
vn 0.2574 -0.4872 0.8345
vn -0.1484 0.9743 0.1693
vn 0.2010 -0.9626 0.1818
vn 0.1794 -0.9673 0.1792
vn 0.2444 -0.8954 0.3721
vn -0.0605 0.9942 0.0886
vn -0.1044 0.9935 0.0450
vn -0.1531 0.9882 0.0089
vn -0.1966 0.9803 -0.0178
vn -0.2125 0.9772 -0.0031
vn -0.1545 0.9873 0.0358
vn -0.1760 0.9817 0.0733
vn 0.2962 -0.9167 0.2683
vn 0.2137 -0.9617 0.1716
vn -0.0923 0.9953 -0.0289
vn -0.0702 0.9971 -0.0294
vn -0.1072 0.9935 -0.0380
vn -0.0830 0.9959 -0.0346
vn -0.0915 0.9957 -0.0112
vn -0.0740 0.9972 -0.0084
vn -0.0562 0.9983 -0.0154
vn -0.0522 0.9980 -0.0368
vn -0.0679 0.9970 -0.0369
vn -0.0982 0.9943 -0.0425
vn -0.1214 0.9915 -0.0464
vn -0.1395 0.9889 -0.0522
vn -0.1245 0.9912 -0.0442
vn -0.1096 0.9934 -0.0341
vn -0.0205 0.9982 -0.0565
vn -0.0922 0.9938 -0.0618
vn -0.0764 0.9961 -0.0439
vn -0.0629 0.9972 -0.0411
vn -0.0744 0.9953 -0.0613
vn 0.0001 0.9980 -0.0631
vn 0.0039 0.9991 -0.0432
vn -0.1691 0.9832 -0.0688
vn -0.1577 0.9858 -0.0571
vn -0.1459 0.9872 -0.0641
vn -0.1328 0.9897 -0.0527
vn -0.1932 0.9794 -0.0590
vn -0.1833 0.9821 -0.0422
vn -0.1491 0.9880 -0.0394
vn -0.1212 0.9921 -0.0326
vn -0.1029 0.9944 -0.0256
vn -0.1168 0.9920 -0.0473
vn -0.1297 0.9898 -0.0581
vn -0.1454 0.9871 -0.0668
vn -0.1631 0.9838 -0.0737
vn -0.1850 0.9796 -0.0790
vn -0.2629 0.9628 -0.0615
vn -0.2666 0.9625 -0.0504
vn -0.2539 0.9667 -0.0317
vn -0.2309 0.9722 -0.0393
vn -0.2330 0.9709 -0.0560
vn -0.2456 0.9669 -0.0697
vn -0.2212 0.9722 -0.0765
vn -0.1798 0.9801 -0.0840
vn -0.1583 0.9845 -0.0759
vn -0.2200 0.9709 -0.0944
vn -0.2042 0.9748 -0.0899
vn -0.1842 0.9793 -0.0838
vn -0.1637 0.9836 -0.0760
vn -0.1811 0.9800 -0.0823
vn -0.0402 0.9972 -0.0623
vn -0.0351 0.9974 -0.0635
vn -0.0529 0.9967 -0.0618
vn -0.0421 0.9982 -0.0429
vn -0.0319 0.9973 -0.0656
vn -0.0250 0.9852 -0.1698
vn -0.0279 0.9793 -0.2006
vn -0.0082 0.9806 -0.1958
vn -0.0093 0.9860 -0.1666
vn -0.0809 0.9945 -0.0662
vn -0.0887 0.9942 -0.0610
vn -0.0417 0.9976 -0.0547
vn -0.0669 0.9964 -0.0527
vn -0.0979 0.9939 -0.0513
vn -0.1181 0.9916 -0.0535
vn -0.0969 0.9930 -0.0673
vn -0.0587 0.9959 -0.0694
vn -0.0815 0.9739 -0.2120
vn -0.0622 0.9767 -0.2054
vn -0.0633 0.9817 -0.1794
vn -0.0203 0.9973 -0.0713
vn -0.0310 0.9968 -0.0733
vn -0.0661 0.9951 -0.0738
vn -0.0491 0.9779 -0.2034
vn -0.1982 0.9687 -0.1492
vn -0.1944 0.9727 -0.1266
vn -0.1584 0.9774 -0.1401
vn -0.1502 0.9813 -0.1205
vn -0.2383 0.9539 -0.1826
vn -0.2719 0.9478 -0.1665
vn -0.2955 0.9436 -0.1494
vn -0.2958 0.9435 -0.1491
vn -0.2863 0.9473 -0.1441
vn -0.1734 0.9794 -0.1033
vn -0.1351 0.9857 -0.1004
vn -0.1548 0.9749 -0.1600
vn -0.1853 0.9688 -0.1646
vn -0.1587 0.9672 -0.1982
vn -0.1286 0.9739 -0.1868
vn -0.1990 0.9464 -0.2543
vn -0.2195 0.9469 -0.2348
vn -0.2260 0.9489 -0.2205
vn -0.2124 0.9563 -0.2008
vn -0.1670 0.9690 -0.1823
vn -0.1431 0.9738 -0.1768
vn -0.1133 0.9720 -0.2060
vn -0.1404 0.9642 -0.2251
vn -0.1795 0.9567 -0.2293
vn -0.1862 0.9499 -0.2512
vn -0.1619 0.9631 -0.2149
vn -0.1701 0.9649 -0.2003
vn -0.1797 0.9614 -0.2085
vn -0.1457 0.9706 -0.1917
vn -0.1555 0.9643 -0.2145
vn -0.1708 0.9554 -0.2409
vn -0.0927 0.9945 -0.0491
vn -0.1029 0.9933 -0.0527
vn -0.1412 0.9878 -0.0651
vn -0.1250 0.9896 -0.0718
vn -0.1013 0.9929 -0.0618
vn -0.1074 0.9920 -0.0659
vn -0.1398 0.9872 -0.0766
vn -0.1205 0.9894 -0.0805
vn -0.1506 0.9846 -0.0885
vn -0.1884 0.9791 -0.0767
vn -0.1617 0.9834 -0.0823
vn -0.2116 0.9742 -0.0782
vn -0.1470 0.9060 -0.3970
vn -0.1273 0.9116 -0.3908
vn -0.1392 0.9404 -0.3104
vn -0.1326 0.9446 -0.3003
vn -0.1361 0.9171 -0.3747
vn -0.1326 0.8964 -0.4230
vn -0.1401 0.8810 -0.4518
vn -0.1403 0.9040 -0.4039
vn -0.1635 0.9431 -0.2896
vn -0.1340 0.9575 -0.2554
vn -0.1534 0.9271 -0.3421
vn -0.1412 0.9574 -0.2519
vn -0.1259 0.9611 -0.2459
vn -0.1817 0.9432 -0.2782
vn -0.1461 0.9445 -0.2944
vn -0.1785 0.9445 -0.2758
vn -0.1161 0.9190 -0.3767
vn -0.1103 0.9460 -0.3047
vn -0.1330 0.9895 -0.0569
vn -0.0704 0.9952 -0.0684
vn -0.0676 0.9955 -0.0665
vn -0.0522 0.9962 -0.0694
vn -0.0854 0.9943 -0.0637
vn -0.0267 0.9966 -0.0780
vn -0.1145 0.9898 -0.0843
vn -0.1006 0.9928 -0.0654
vn -0.0627 0.9904 -0.1228
vn -0.0671 0.9888 -0.1333
vn -0.0819 0.9886 -0.1261
vn -0.0440 0.9933 -0.1073
vn -0.0473 0.9920 -0.1170
vn -0.1129 0.9806 -0.1604
vn -0.1094 0.9832 -0.1459
vn -0.1084 0.9858 -0.1286
vn -0.1088 0.9881 -0.1083
vn -0.0800 0.9909 -0.1086
vn -0.0601 0.9923 -0.1085
vn -0.0726 0.9832 -0.1675
vn -0.0996 0.9750 -0.1987
vn -0.0827 0.9684 -0.2354
vn -0.1129 0.9646 -0.2384
vn -0.1506 0.9577 -0.2452
vn -0.1414 0.9661 -0.2161
vn -0.1291 0.9729 -0.1919
vn -0.1195 0.9774 -0.1741
vn -0.0928 0.9826 -0.1612
vn -0.0735 0.9855 -0.1529
vn -0.0234 0.9945 -0.1023
vn -0.0198 0.9954 -0.0938
vn -0.0229 0.9958 -0.0887
vn -0.0284 0.9941 -0.1050
vn -0.0762 0.9935 -0.0847
vn -0.0713 0.9927 -0.0975
vn -0.0364 0.9942 -0.1011
vn -0.0306 0.9952 -0.0930
vn -0.0720 0.9924 -0.0998
vn -0.1661 0.8842 -0.4367
vn -0.1536 0.8641 -0.4793
vn -0.2489 0.9641 -0.0930
vn 0.1531 0.8534 -0.4982
vn 0.1528 0.8489 -0.5060
vn 0.2781 0.9562 -0.0908
vn -0.1029 0.8372 -0.5372
vn -0.0867 0.8503 -0.5192
vn -0.0250 -0.8821 -0.4704
vn 0.0707 0.7939 -0.6040
vn 0.0559 0.7879 -0.6133
vn 0.4178 0.8552 0.3067
vn 0.0246 0.8798 0.4746
vn 0.2051 0.9761 -0.0713
vn 0.1842 0.9799 -0.0768
vn -0.0662 0.7945 -0.6036
vn -0.0836 0.8036 -0.5892
vn -0.0690 0.8054 -0.5887
vn -0.0777 0.8133 -0.5766
vn 0.1749 0.9822 -0.0686
vn 0.1539 0.9853 -0.0744
vn 0.0836 0.8036 -0.5892
vn 0.0662 0.7945 -0.6036
vn -0.6272 0.7757 -0.0703
vn 0.3995 0.8711 0.2856
vn -0.1828 0.8583 -0.4794
vn -0.1700 0.8617 -0.4782
vn -0.1151 0.9921 -0.0504
vn 0.0799 0.8131 -0.5766
vn 0.0776 0.8133 -0.5766
vn 0.0690 0.8054 -0.5887
vn 0.1385 0.9890 -0.0514
vn 0.2647 0.9624 -0.0617
vn 0.2323 0.9704 -0.0662
vn -0.2318 0.9702 -0.0698
vn -0.2031 0.9765 -0.0725
vn 0.5988 0.7975 -0.0739
vn 0.6016 0.7959 -0.0680
vn 0.5734 0.8162 -0.0709
vn -0.6235 0.7787 -0.0697
vn -0.5990 0.7972 -0.0756
vn -0.5965 0.7991 -0.0745
vn 0.6697 0.7391 -0.0715
vn 0.6499 0.7566 -0.0718
vn -0.0559 0.7879 -0.6133
vn -0.0707 0.7939 -0.6040
vn -0.3989 0.8716 0.2849
vn -0.1539 0.9853 -0.0744
vn -0.1750 0.9822 -0.0686
vn -0.0240 0.8799 0.4746
vn -0.2916 0.9554 -0.0476
vn -0.0197 0.7913 -0.6112
vn -0.0172 0.7909 -0.6117
vn 0.6713 0.7374 -0.0749
vn 0.6713 0.7374 -0.0750
vn 0.6507 0.7560 -0.0719
vn 0.6507 0.7560 -0.0718
vn 0.6506 0.7560 -0.0719
vn 0.6712 0.7375 -0.0749
vn -0.1217 0.9908 -0.0586
vn -0.1127 0.8581 -0.5009
vn -0.1124 0.8671 -0.4854
vn -0.2665 0.9634 -0.0299
vn 0.1486 0.8416 -0.5192
vn 0.2647 0.9624 -0.0615
vn -0.6016 0.7959 -0.0680
vn -0.6270 0.7757 -0.0717
vn -0.1528 0.8489 -0.5060
vn -0.1531 0.8534 -0.4982
vn -0.2230 0.9210 -0.3194
vn -0.2365 0.9144 -0.3285
vn 0.1536 0.8644 -0.4787
vn 0.1543 0.8648 -0.4779
vn 0.6500 0.7563 -0.0742
vn 0.6328 0.7711 -0.0708
vn 0.2111 0.9745 -0.0766
vn -0.2764 0.9538 -0.1179
vn 0.1664 0.8843 -0.4362
vn 0.1799 0.8819 -0.4357
vn 0.2994 0.8791 -0.3710
vn -0.0239 -0.8720 -0.4890
vn -0.0240 -0.8661 -0.4992
vn -0.1947 0.9033 -0.3822
vn -0.1950 0.9033 -0.3822
vn -0.1546 0.9860 -0.0619
vn -0.6074 0.7914 -0.0691
vn 0.0158 0.7885 -0.6148
vn -0.6503 0.7563 -0.0717
vn -0.2359 0.9692 -0.0710
vn 0.2704 0.9623 -0.0278
vn 0.0192 0.7915 -0.6109
vn 0.0241 0.7903 -0.6122
vn 0.0108 0.7872 -0.6165
vn 0.6270 0.7757 -0.0717
vn 0.6016 0.7959 -0.0681
vn 0.6008 0.7964 -0.0688
vn 0.0395 0.7903 -0.6114
vn 0.0385 0.7898 -0.6122
vn 0.1030 0.8587 -0.5020
vn 0.0978 0.8606 -0.4998
vn 0.0973 0.8501 -0.5176
vn -0.1486 0.8416 -0.5192
vn -0.1487 0.8417 -0.5191
vn 0.2031 0.9765 -0.0725
vn 0.2318 0.9702 -0.0698
vn 0.0276 0.8565 0.5153
vn -0.0338 0.7888 -0.6138
vn -0.0359 0.7890 -0.6134
vn -0.3909 -0.8759 -0.2827
vn 0.0867 0.8503 -0.5192
vn 0.1029 0.8372 -0.5372
vn -0.0239 0.8798 0.4748
vn -0.1842 0.9799 -0.0768
vn -0.2051 0.9761 -0.0713
vn 0.1955 0.9032 -0.3821
vn 0.1954 0.9032 -0.3822
vn 0.1320 0.8651 -0.4840
vn 0.1321 0.8651 -0.4840
vn 0.6184 -0.7829 0.0686
vn 0.6196 -0.7820 0.0683
vn 0.1546 0.9860 -0.0619
vn -0.0899 0.8238 -0.5598
vn -0.0196 0.7883 -0.6150
vn -0.0150 0.7870 -0.6167
vn -0.0240 0.7903 -0.6122
vn -0.2889 0.9556 -0.0577
vn -0.1664 0.8843 -0.4362
vn -0.1557 0.8523 -0.4994
vn 0.6241 0.7780 -0.0720
vn 0.6479 0.7589 -0.0662
vn 0.6479 0.7588 -0.0662
vn -0.1320 0.8651 -0.4840
vn 0.2850 0.9573 -0.0489
vn -0.0066 0.7852 -0.6192
vn 0.2365 0.9144 -0.3285
vn 0.2230 0.9210 -0.3194
vn 0.1557 0.8523 -0.4994
vn -0.0244 0.8660 0.4995
vn 0.3043 0.9447 -0.1220
vn -0.1463 0.9871 -0.0653
vn -0.6500 0.7563 -0.0742
vn 0.0267 0.8701 0.4922
vn -0.0845 0.8374 -0.5400
vn 0.1124 0.8671 -0.4854
vn 0.1127 0.8581 -0.5009
vn 0.0845 0.8374 -0.5400
vn -0.6479 0.7589 -0.0662
vn -0.6241 0.7780 -0.0720
vn -0.6192 0.7819 -0.0719
vn -0.6743 0.7353 -0.0683
vn -0.6499 0.7566 -0.0718
vn -0.3882 0.8804 0.2726
vn 0.4194 0.8551 0.3049
vn 0.4086 0.8634 0.2961
vn -0.2323 0.9704 -0.0662
vn -0.2647 0.9624 -0.0617
vn -0.6468 -0.7591 0.0742
vn -0.4006 0.8713 0.2833
vn 0.5990 0.7972 -0.0756
vn 0.6235 0.7787 -0.0696
vn -0.3013 0.8787 -0.3703
vn -0.0973 0.8501 -0.5176
vn -0.0978 0.8606 -0.4998
vn -0.1030 0.8587 -0.5020
vt 0.000000 0.000000
vt 0.602301 0.413632
vt 0.597614 0.421875
vt 0.597481 0.414022
vt 0.605806 0.412488
vt 0.603183 0.421875
vt 0.606436 0.425720
vt 0.606457 0.418030
vt 0.607776 0.421875
vt 0.602272 0.430118
vt 0.605762 0.431262
vt 0.597465 0.429728
vt 0.602116 0.406250
vt 0.597386 0.406250
vt 0.608211 0.406250
vt 0.605655 0.406250
vt 0.608289 0.411370
vt 0.609183 0.424177
vt 0.609198 0.419573
vt 0.609705 0.421875
vt 0.608574 0.427789
vt 0.608609 0.415961
vt 0.605589 0.437500
vt 0.608232 0.432380
vt 0.608135 0.437500
vt 0.602066 0.437500
vt 0.597354 0.437500
vt 0.601973 0.382382
vt 0.597555 0.390625
vt 0.597217 0.382772
vt 0.605536 0.381238
vt 0.603139 0.390625
vt 0.606477 0.394470
vt 0.606400 0.386780
vt 0.607803 0.390625
vt 0.602307 0.398868
vt 0.605819 0.400012
vt 0.597482 0.398478
vt 0.601304 0.375000
vt 0.596734 0.375000
vt 0.607825 0.375000
vt 0.604992 0.375000
vt 0.608127 0.380120
vt 0.609234 0.392927
vt 0.609220 0.388323
vt 0.609782 0.390625
vt 0.608633 0.396539
vt 0.608572 0.384711
vt 0.608302 0.401130
vt 0.383676 0.328662
vt 0.329725 0.279168
vt 0.366906 0.314180
vt 0.349539 0.295948
vt 0.311489 0.258984
vt 0.310748 0.263079
vt 0.350799 0.300257
vt 0.290991 0.241821
vt 0.439982 0.380140
vt 0.426642 0.368262
vt 0.400787 0.343430
vt 0.369849 0.313126
vt 0.333059 0.277003
vt 0.355425 0.295632
vt 0.343065 0.278715
vt 0.321674 0.261042
vt 0.301676 0.244443
vt 0.283152 0.229024
vt 0.271840 0.225761
vt 0.292950 0.247972
vt 0.335676 0.287166
vt 0.400997 0.345394
vt 0.389209 0.334850
vt 0.413561 0.356605
vt 0.586258 0.511557
vt 0.585011 0.512056
vt 0.582189 0.508891
vt 0.587331 0.514952
vt 0.594189 0.505005
vt 0.585700 0.501922
vt 0.594791 0.502604
vt 0.593880 0.508138
vt 0.585587 0.506807
vt 0.580764 0.507052
vt 0.582775 0.504338
vt 0.593750 0.515625
vt 0.589452 0.515566
vt 0.593766 0.511760
vt 0.588336 0.516431
vt 0.593489 0.519221
vt 0.591598 0.520935
vt 0.519010 0.439206
vt 0.488675 0.411020
vt 0.502807 0.427404
vt 0.508005 0.426041
vt 0.482532 0.400671
vt 0.469603 0.396154
vt 0.487138 0.416135
vt 0.461785 0.383880
vt 0.546756 0.463901
vt 0.533525 0.454969
vt 0.535486 0.451325
vt 0.527081 0.440880
vt 0.503979 0.418015
vt 0.524678 0.434888
vt 0.509345 0.416557
vt 0.487830 0.398773
vt 0.467978 0.382353
vt 0.449323 0.366760
vt 0.441553 0.367331
vt 0.450462 0.380882
vt 0.471284 0.404229
vt 0.509111 0.439510
vt 0.501298 0.437100
vt 0.520768 0.446593
vt 0.602241 0.444881
vt 0.597499 0.453023
vt 0.597437 0.445259
vt 0.606382 0.449284
vt 0.605735 0.443739
vt 0.607711 0.453144
vt 0.603083 0.453143
vt 0.602003 0.461417
vt 0.606431 0.457126
vt 0.605864 0.462986
vt 0.597151 0.460631
vt 0.608209 0.442620
vt 0.609133 0.455455
vt 0.609121 0.450823
vt 0.609632 0.453125
vt 0.608530 0.447211
vt 0.605648 0.469387
vt 0.608736 0.464412
vt 0.610111 0.471354
vt 0.601375 0.468677
vt 0.608664 0.459258
vt 0.596643 0.467904
vt 0.632813 0.519531
vt 0.625000 0.515625
vt 0.632813 0.515625
vt 0.640625 0.519531
vt 0.640625 0.515625
vt 0.667497 0.502762
vt 0.663869 0.507094
vt 0.662252 0.503403
vt 0.671883 0.501487
vt 0.671953 0.506156
vt 0.680252 0.506952
vt 0.676332 0.502737
vt 0.681751 0.503303
vt 0.671946 0.511080
vt 0.679750 0.511167
vt 0.664259 0.511265
vt 0.656250 0.500000
vt 0.656847 0.503668
vt 0.660156 0.500000
vt 0.657118 0.507465
vt 0.675781 0.500000
vt 0.667969 0.500000
vt 0.671875 0.500000
vt 0.679688 0.500000
vt 0.664063 0.500000
vt 0.687500 0.503429
vt 0.683594 0.500000
vt 0.687500 0.500000
vt 0.687500 0.507118
vt 0.679688 0.515625
vt 0.687500 0.511241
vt 0.687500 0.515625
vt 0.671875 0.515625
vt 0.656250 0.515625
vt 0.664063 0.515625
vt 0.656847 0.511480
vt 0.641611 0.503903
vt 0.644640 0.507769
vt 0.638686 0.507807
vt 0.651619 0.503806
vt 0.646559 0.503876
vt 0.635752 0.511715
vt 0.650757 0.507666
vt 0.642653 0.511689
vt 0.640625 0.500000
vt 0.636719 0.503906
vt 0.644531 0.500000
vt 0.648438 0.500000
vt 0.652344 0.500000
vt 0.649666 0.511618
vt 0.648438 0.515625
vt 0.628906 0.511719
vt 0.632813 0.507813
vt 0.729926 0.502740
vt 0.726006 0.506956
vt 0.724501 0.503304
vt 0.734375 0.501491
vt 0.734375 0.506187
vt 0.742744 0.507239
vt 0.738824 0.502790
vt 0.744249 0.503504
vt 0.734375 0.511109
vt 0.742242 0.511365
vt 0.726508 0.511171
vt 0.722656 0.500000
vt 0.718750 0.503429
vt 0.718750 0.500000
vt 0.726563 0.500000
vt 0.718750 0.507118
vt 0.738281 0.500000
vt 0.730469 0.500000
vt 0.734375 0.500000
vt 0.742188 0.500000
vt 0.750000 0.503906
vt 0.746094 0.500000
vt 0.750000 0.500000
vt 0.750000 0.507813
vt 0.742188 0.515625
vt 0.750000 0.511719
vt 0.750000 0.515625
vt 0.734375 0.515625
vt 0.718750 0.515625
vt 0.726563 0.515625
vt 0.718750 0.511241
vt 0.698676 0.502733
vt 0.694757 0.506949
vt 0.693251 0.503303
vt 0.707574 0.502733
vt 0.703125 0.501484
vt 0.711494 0.506949
vt 0.712999 0.503303
vt 0.703125 0.511052
vt 0.710992 0.511164
vt 0.695258 0.511164
vt 0.703125 0.506125
vt 0.691406 0.500000
vt 0.707031 0.500000
vt 0.699219 0.500000
vt 0.703125 0.500000
vt 0.710938 0.500000
vt 0.695313 0.500000
vt 0.714844 0.500000
vt 0.710938 0.515625
vt 0.703125 0.515625
vt 0.695313 0.515625
vt 0.488098 0.406090
vt 0.387706 0.325598
vt 0.351198 0.292653
vt 0.506344 0.424497
vt 0.419682 0.354625
vt 0.269098 0.226766
vt 0.214301 0.179225
vt 0.317368 0.268738
vt 0.625000 0.519531
vt 0.468750 0.386719
vt 0.517051 0.439305
vt 0.444174 0.377203
vt 0.355760 0.302283
vt 0.215002 0.182892
vt 0.150510 0.127975
vt 0.077407 0.065802
vt 0.156250 0.128906
vt 0.312500 0.257813
vt 0.256936 0.199380
vt 0.356788 0.272980
vt 0.244562 0.189110
vt 0.269294 0.209636
vt 0.365254 0.279998
vt 0.498250 0.379944
vt 0.373692 0.286993
vt 0.501769 0.382877
vt 0.176189 0.139882
vt 0.232178 0.178833
vt 0.161458 0.127604
vt 0.190915 0.152155
vt 0.205631 0.164421
vt 0.220334 0.176677
vt 0.281624 0.219871
vt 0.382086 0.293953
vt 0.505247 0.385777
vt 0.508662 0.388627
vt 0.650380 0.495275
vt 0.652383 0.496887
vt 0.654330 0.498455
vt 0.494710 0.376994
vt 0.348307 0.265951
vt 0.619571 0.449532
vt 0.621296 0.445414
vt 0.621296 0.449561
vt 0.619571 0.445405
vt 0.621297 0.441419
vt 0.623123 0.449438
vt 0.623123 0.441414
vt 0.623123 0.445378
vt 0.618007 0.453671
vt 0.619576 0.453867
vt 0.618001 0.449449
vt 0.618000 0.445381
vt 0.619573 0.441418
vt 0.618002 0.441415
vt 0.619577 0.437500
vt 0.621300 0.437500
vt 0.623125 0.437500
vt 0.625000 0.437500
vt 0.625000 0.441406
vt 0.625000 0.445313
vt 0.625000 0.449219
vt 0.625000 0.453125
vt 0.623125 0.453645
vt 0.621300 0.453937
vt 0.619605 0.414063
vt 0.621317 0.417969
vt 0.619600 0.417969
vt 0.619609 0.410156
vt 0.621320 0.414063
vt 0.623133 0.417969
vt 0.621323 0.410156
vt 0.623135 0.414063
vt 0.618034 0.417969
vt 0.619595 0.421875
vt 0.618028 0.421875
vt 0.618040 0.414063
vt 0.618046 0.410156
vt 0.619612 0.406250
vt 0.621325 0.406250
vt 0.623136 0.410156
vt 0.623138 0.406250
vt 0.625000 0.410156
vt 0.625000 0.414063
vt 0.625000 0.417969
vt 0.625000 0.421875
vt 0.623131 0.421875
vt 0.621313 0.421875
vt 0.619606 0.382813
vt 0.621325 0.386719
vt 0.619609 0.386719
vt 0.619603 0.378906
vt 0.621324 0.382813
vt 0.623138 0.386719
vt 0.621323 0.378906
vt 0.623138 0.382813
vt 0.618046 0.390625
vt 0.619612 0.390625
vt 0.618040 0.386719
vt 0.618034 0.382813
vt 0.618028 0.378906
vt 0.619601 0.375000
vt 0.621322 0.375000
vt 0.623137 0.375000
vt 0.623137 0.378906
vt 0.625000 0.375000
vt 0.625000 0.378906
vt 0.625000 0.382813
vt 0.625000 0.386719
vt 0.625000 0.390625
vt 0.623138 0.390625
vt 0.621325 0.390625
vt 0.272635 0.232342
vt 0.204556 0.172723
vt 0.260723 0.221965
vt 0.218617 0.184702
vt 0.176588 0.145743
vt 0.190495 0.160743
vt 0.248810 0.211589
vt 0.161415 0.132992
vt 0.349475 0.299051
vt 0.340231 0.290695
vt 0.284547 0.242718
vt 0.232676 0.196680
vt 0.191756 0.158491
vt 0.206919 0.171234
vt 0.146240 0.120239
vt 0.176432 0.148763
vt 0.236898 0.201213
vt 0.312500 0.265625
vt 0.321744 0.273982
vt 0.330987 0.282338
vt 0.471367 0.404236
vt 0.398490 0.340288
vt 0.467113 0.399666
vt 0.382038 0.325490
vt 0.459180 0.391586
vt 0.474856 0.408051
vt 0.408521 0.349568
vt 0.415475 0.356214
vt 0.339514 0.290090
vt 0.325247 0.277501
vt 0.302371 0.257655
vt 0.266579 0.226925
vt 0.489949 0.424147
vt 0.429026 0.369262
vt 0.485059 0.418883
vt 0.422127 0.362624
vt 0.479665 0.413167
vt 0.494675 0.429240
vt 0.436209 0.376149
vt 0.443893 0.383474
vt 0.378370 0.325122
vt 0.368307 0.316061
vt 0.358762 0.307445
vt 0.321751 0.275087
vt 0.261295 0.221055
vt 0.308806 0.263837
vt 0.276553 0.234036
vt 0.237766 0.197155
vt 0.246796 0.208709
vt 0.296513 0.253140
vt 0.222143 0.184028
vt 0.254196 0.210953
vt 0.266101 0.214820
vt 0.250209 0.201578
vt 0.235084 0.188972
vt 0.619614 0.402344
vt 0.621326 0.398438
vt 0.621326 0.402344
vt 0.619614 0.398438
vt 0.621326 0.394531
vt 0.623138 0.398438
vt 0.623138 0.402344
vt 0.623138 0.394531
vt 0.618049 0.406250
vt 0.618051 0.402344
vt 0.618050 0.398438
vt 0.619613 0.394531
vt 0.618048 0.394531
vt 0.625000 0.394531
vt 0.625000 0.398438
vt 0.625000 0.402344
vt 0.625000 0.406250
vt 0.610105 0.401838
vt 0.611476 0.398221
vt 0.611439 0.402195
vt 0.610241 0.397685
vt 0.611548 0.394382
vt 0.612482 0.398410
vt 0.612481 0.402325
vt 0.612485 0.394513
vt 0.610067 0.406250
vt 0.610491 0.393985
vt 0.610781 0.390625
vt 0.612489 0.390625
vt 0.613392 0.390625
vt 0.613400 0.394531
vt 0.613407 0.398438
vt 0.613411 0.402344
vt 0.612479 0.406250
vt 0.613411 0.406250
vt 0.611426 0.406250
vt 0.610473 0.387266
vt 0.611426 0.383030
vt 0.611524 0.386868
vt 0.610192 0.383565
vt 0.611357 0.379056
vt 0.612426 0.382840
vt 0.612457 0.386737
vt 0.612399 0.378925
vt 0.609999 0.379412
vt 0.609864 0.375000
vt 0.611303 0.375000
vt 0.612373 0.375000
vt 0.613303 0.375000
vt 0.613325 0.378906
vt 0.613347 0.382813
vt 0.613369 0.386719
vt 0.611639 0.390625
vt 0.619581 0.433594
vt 0.621306 0.429688
vt 0.621303 0.433594
vt 0.619586 0.429688
vt 0.621309 0.425781
vt 0.623128 0.429688
vt 0.623126 0.433594
vt 0.623130 0.425781
vt 0.618007 0.437500
vt 0.618012 0.433594
vt 0.618016 0.429688
vt 0.619590 0.425781
vt 0.618022 0.425781
vt 0.625000 0.425781
vt 0.625000 0.429688
vt 0.625000 0.433594
vt 0.610034 0.433088
vt 0.611420 0.429471
vt 0.611372 0.433445
vt 0.610180 0.428935
vt 0.611496 0.425632
vt 0.612433 0.429660
vt 0.612422 0.433575
vt 0.612448 0.425763
vt 0.609988 0.437500
vt 0.610425 0.425234
vt 0.611544 0.421875
vt 0.612461 0.421875
vt 0.613377 0.421875
vt 0.613370 0.425781
vt 0.613365 0.429688
vt 0.613360 0.433594
vt 0.612414 0.437500
vt 0.613355 0.437500
vt 0.611354 0.437500
vt 0.610446 0.418516
vt 0.611460 0.414280
vt 0.611517 0.418118
vt 0.610221 0.414815
vt 0.611430 0.410305
vt 0.612470 0.414090
vt 0.612467 0.417987
vt 0.612474 0.410175
vt 0.610577 0.421875
vt 0.610095 0.410662
vt 0.613406 0.410156
vt 0.613397 0.414063
vt 0.613387 0.417969
vt 0.619314 0.462675
vt 0.619345 0.466689
vt 0.618601 0.465966
vt 0.621302 0.458639
vt 0.619555 0.458401
vt 0.623149 0.458003
vt 0.621278 0.464388
vt 0.623115 0.466608
vt 0.623345 0.462202
vt 0.623932 0.465650
vt 0.622061 0.467163
vt 0.622948 0.467706
vt 0.621425 0.467760
vt 0.620592 0.467165
vt 0.619518 0.467714
vt 0.617694 0.465603
vt 0.617731 0.468750
vt 0.617381 0.468750
vt 0.617921 0.462097
vt 0.618069 0.468750
vt 0.618006 0.458012
vt 0.625000 0.457031
vt 0.624626 0.468750
vt 0.625000 0.464844
vt 0.625000 0.468750
vt 0.624253 0.468750
vt 0.625000 0.460938
vt 0.623045 0.468750
vt 0.623879 0.468750
vt 0.623505 0.468750
vt 0.622585 0.468750
vt 0.621665 0.468750
vt 0.622125 0.468750
vt 0.620930 0.468750
vt 0.618724 0.468750
vt 0.619459 0.468750
vt 0.618398 0.468750
vt 0.620195 0.468750
vt 0.610394 0.464857
vt 0.611421 0.460821
vt 0.611464 0.464894
vt 0.610250 0.460347
vt 0.611454 0.456928
vt 0.612404 0.461073
vt 0.612375 0.464948
vt 0.612418 0.457145
vt 0.610803 0.469849
vt 0.610380 0.456509
vt 0.610509 0.453128
vt 0.611487 0.453147
vt 0.612418 0.453198
vt 0.613350 0.453299
vt 0.613358 0.457343
vt 0.613330 0.461306
vt 0.613238 0.465085
vt 0.612337 0.468791
vt 0.613106 0.468750
vt 0.611557 0.469076
vt 0.610371 0.449767
vt 0.611388 0.445532
vt 0.611451 0.449377
vt 0.610142 0.446066
vt 0.611356 0.441556
vt 0.612408 0.445349
vt 0.612413 0.449268
vt 0.612409 0.441426
vt 0.610014 0.441912
vt 0.613349 0.441409
vt 0.613345 0.445334
vt 0.613344 0.449292
vt 0.563618 0.487228
vt 0.575367 0.504065
vt 0.578677 0.503371
vt 0.539003 0.465801
vt 0.557105 0.484838
vt 0.572082 0.504790
vt 0.530090 0.461285
vt 0.550794 0.482691
vt 0.582002 0.502694
vt 0.593750 0.519531
vt 0.570253 0.489763
vt 0.548580 0.471109
vt 0.558505 0.476832
vt 0.521857 0.457587
vt 0.544605 0.480688
vt 0.568813 0.505533
vt 0.584630 0.517608
vt 0.593750 0.523522
vt 0.593750 0.523438
vt 0.591985 0.500674
vt 0.583564 0.494882
vt 0.588657 0.501347
vt 0.590219 0.497441
vt 0.578471 0.488416
vt 0.576908 0.492322
vt 0.585329 0.502021
vt 0.568488 0.482624
vt 0.593750 0.500000
vt 0.593750 0.503906
vt 0.595312 0.500000
vt 0.596874 0.500000
vt 0.588454 0.494208
vt 0.598437 0.500000
vt 0.586688 0.490975
vt 0.573378 0.481951
vt 0.560067 0.472926
vt 0.593750 0.511719
vt 0.593750 0.507813
vt 0.584934 0.487751
vt 0.563937 0.469575
vt 0.568378 0.475555
vt 0.583250 0.484579
vt 0.560429 0.464290
vt 0.545474 0.455204
vt 0.551927 0.463437
vt 0.542100 0.449265
vt 0.599999 0.500000
vt 0.601561 0.500000
vt 0.603123 0.500000
vt 0.581683 0.481494
vt 0.604685 0.500000
vt 0.580186 0.478461
vt 0.557479 0.459422
vt 0.541485 0.445384
vt 0.535558 0.438847
vt 0.504954 0.440026
vt 0.535750 0.469294
vt 0.541888 0.475605
vt 0.510079 0.445286
vt 0.461160 0.399779
vt 0.452258 0.391394
vt 0.499749 0.434611
vt 0.543465 0.477776
vt 0.541961 0.475734
vt 0.515654 0.450996
vt 0.470399 0.408450
vt 0.479869 0.417330
vt 0.557973 0.493810
vt 0.528929 0.464593
vt 0.553660 0.489388
vt 0.535371 0.471005
vt 0.499132 0.435414
vt 0.522135 0.457666
vt 0.548205 0.483271
vt 0.489481 0.426356
vt 0.561643 0.497016
vt 0.541544 0.477045
vt 0.508739 0.444407
vt 0.518312 0.453354
vt 0.480131 0.415887
vt 0.466748 0.403971
vt 0.453365 0.392056
vt 0.453620 0.389325
vt 0.410731 0.347674
vt 0.435584 0.373576
vt 0.430828 0.364633
vt 0.400403 0.333026
vt 0.390331 0.330431
vt 0.418022 0.358317
vt 0.378181 0.314535
vt 0.483415 0.419809
vt 0.421350 0.350537
vt 0.431196 0.351404
vt 0.411680 0.334994
vt 0.389321 0.316590
vt 0.365771 0.297354
vt 0.453486 0.392201
vt 0.467721 0.405133
vt 0.600656 0.475756
vt 0.594720 0.480738
vt 0.596004 0.474767
vt 0.605149 0.475028
vt 0.599455 0.484638
vt 0.605298 0.484458
vt 0.604819 0.480183
vt 0.598092 0.493472
vt 0.602341 0.488939
vt 0.600202 0.494376
vt 0.594570 0.488713
vt 0.595392 0.494525
vt 0.592153 0.484771
vt 0.590013 0.478574
vt 0.590817 0.473373
vt 0.609509 0.473755
vt 0.606035 0.488281
vt 0.608501 0.480509
vt 0.608047 0.484375
vt 0.608980 0.476888
vt 0.598453 0.500041
vt 0.602011 0.496094
vt 0.597005 0.500326
vt 0.604023 0.492188
vt 0.591500 0.495996
vt 0.595752 0.501099
vt 0.590163 0.490877
vt 0.586955 0.484714
vt 0.588546 0.487071
vt 0.588527 0.482407
vt 0.512011 0.391424
vt 0.399001 0.307982
vt 0.515365 0.394228
vt 0.390462 0.300899
vt 0.306619 0.240618
vt 0.407925 0.315385
vt 0.518810 0.397110
vt 0.319882 0.251627
vt 0.648294 0.493597
vt 0.646093 0.491825
vt 0.293976 0.230123
vt 0.334092 0.263420
vt 0.417455 0.323291
vt 0.522433 0.400144
vt 0.641115 0.487819
vt 0.638219 0.485488
vt 0.643720 0.489915
vt 0.526379 0.403439
vt 0.439550 0.341504
vt 0.531022 0.407257
vt 0.427853 0.331903
vt 0.366546 0.290251
vt 0.536794 0.411894
vt 0.385282 0.305561
vt 0.453017 0.352397
vt 0.635017 0.482910
vt 0.349562 0.276246
vt 0.406010 0.322301
vt 0.468724 0.364885
vt 0.544126 0.417649
vt 0.625489 0.475242
vt 0.628432 0.477610
vt 0.631681 0.480226
vt 0.487415 0.379427
vt 0.568631 0.435720
vt 0.553803 0.425025
vt 0.449370 0.357151
vt 0.428468 0.340250
vt 0.463805 0.369690
vt 0.513674 0.399040
vt 0.570299 0.437461
vt 0.511710 0.399906
vt 0.563748 0.433979
vt 0.591565 0.451481
vt 0.623013 0.473249
vt 0.620931 0.471573
vt 0.476549 0.381031
vt 0.616179 0.468750
vt 0.565127 0.436119
vt 0.615686 0.468750
vt 0.616622 0.468750
vt 0.517498 0.405890
vt 0.617031 0.468750
vt 0.619112 0.470109
vt 0.568833 0.439879
vt 0.536537 0.422811
vt 0.573699 0.444393
vt 0.526073 0.413737
vt 0.506681 0.406740
vt 0.548328 0.432640
vt 0.579343 0.449342
vt 0.524180 0.421226
vt 0.615129 0.468750
vt 0.490717 0.393278
vt 0.541399 0.434934
vt 0.560381 0.442219
vt 0.585320 0.454338
vt 0.613834 0.468750
vt 0.614510 0.468750
vt 0.591268 0.459073
vt 0.583472 0.458960
vt 0.597221 0.463626
vt 0.571877 0.450770
vt 0.570649 0.455056
vt 0.595928 0.467594
vt 0.603275 0.468143
vt 0.588697 0.467139
vt 0.555540 0.444982
vt 0.541935 0.441478
vt 0.558379 0.451610
vt 0.581535 0.466742
vt 0.608947 0.476563
vt 0.609397 0.472656
vt 0.610691 0.468750
vt 0.609847 0.468750
vt 0.611524 0.468750
vt 0.614302 0.461698
vt 0.614923 0.465996
vt 0.614097 0.465352
vt 0.615451 0.457885
vt 0.614355 0.457624
vt 0.616656 0.457896
vt 0.615483 0.462669
vt 0.616145 0.466050
vt 0.616714 0.462021
vt 0.616859 0.465568
vt 0.615625 0.467267
vt 0.614341 0.453446
vt 0.615426 0.453562
vt 0.616634 0.453597
vt 0.615865 0.468750
vt 0.616254 0.468750
vt 0.615204 0.468750
vt 0.614339 0.433594
vt 0.615423 0.429688
vt 0.615418 0.433594
vt 0.614344 0.429688
vt 0.615428 0.425781
vt 0.616636 0.429688
vt 0.616631 0.433594
vt 0.616641 0.425781
vt 0.614335 0.437500
vt 0.614349 0.425781
vt 0.614355 0.421875
vt 0.615434 0.421875
vt 0.616647 0.421875
vt 0.616626 0.437500
vt 0.615414 0.437500
vt 0.614386 0.402344
vt 0.615460 0.398438
vt 0.615463 0.402344
vt 0.614383 0.398438
vt 0.615455 0.394531
vt 0.616672 0.398438
vt 0.616673 0.402344
vt 0.616668 0.394531
vt 0.614386 0.406250
vt 0.614376 0.394531
vt 0.614368 0.390625
vt 0.615449 0.390625
vt 0.616664 0.390625
vt 0.616672 0.406250
vt 0.615463 0.406250
vt 0.614330 0.449354
vt 0.615407 0.445367
vt 0.615411 0.449403
vt 0.614327 0.445353
vt 0.615409 0.441413
vt 0.616619 0.445371
vt 0.616622 0.449418
vt 0.616621 0.441414
vt 0.614330 0.441411
vt 0.614364 0.417969
vt 0.615451 0.414063
vt 0.615442 0.417969
vt 0.614373 0.414062
vt 0.615458 0.410156
vt 0.616662 0.414063
vt 0.616654 0.417969
vt 0.616668 0.410156
vt 0.614381 0.410156
vt 0.614348 0.386719
vt 0.615417 0.382812
vt 0.615433 0.386719
vt 0.614327 0.382813
vt 0.615400 0.378906
vt 0.616643 0.382813
vt 0.616653 0.386719
vt 0.616632 0.378906
vt 0.614307 0.378906
vt 0.614287 0.375000
vt 0.615384 0.375000
vt 0.616621 0.375000
vt 0.618022 0.375000
vt 0.597464 0.429728
vt 0.710938 0.519531
vt 0.718750 0.519531
vt 0.329724 0.279168
vt 0.283152 0.229023
vt 0.587971 0.515821
vt 0.589451 0.515566
vt 0.581011 0.507297
vt 0.482532 0.400672
vt 0.606431 0.457127
vt 0.608663 0.459258
vt 0.648438 0.519531
vt 0.632812 0.519531
vt 0.632812 0.523438
vt 0.625000 0.523438
vt 0.625372 0.527344
vt 0.632813 0.527344
vt 0.679750 0.511168
vt 0.707574 0.502734
vt 0.522062 0.440709
vt 0.625000 0.526597
vt 0.244561 0.189110
vt 0.623122 0.445378
vt 0.618003 0.441415
vt 0.621320 0.414062
vt 0.618040 0.414062
vt 0.621324 0.386719
vt 0.621323 0.382812
vt 0.618034 0.382812
vt 0.276552 0.234036
vt 0.611426 0.383029
vt 0.611357 0.379055
vt 0.613347 0.382812
vt 0.618017 0.429688
vt 0.611430 0.410306
vt 0.613397 0.414062
vt 0.618601 0.465967
vt 0.606247 0.500000
vt 0.493514 0.427802
vt 0.590014 0.478574
vt 0.631681 0.480225
vt 0.544126 0.417650
vt 0.511710 0.399907
vt 0.541400 0.434934
vt 0.583473 0.458960
vt 0.615462 0.406250
vt 0.615451 0.414062
vt 0.616662 0.414062
vt 0.583626 0.487991
vt 0.583711 0.488083
vt 0.583698 0.487978
vt 0.583156 0.484588
vt 0.583166 0.484588
vt 0.566990 0.502011
vt 0.586430 0.478394
vt 0.561393 0.497521
vt 0.593375 0.447881
vt 0.590770 0.469378
vt 0.589434 0.473146
vt 0.593919 0.410688
vt 0.513176 0.443846
vt 0.593767 0.418760
vt 0.593626 0.425826
vt 0.517433 0.448952
vt 0.584503 0.487572
vt 0.584545 0.487819
vt 0.546771 0.481046
vt 0.593465 0.437500
vt 0.593626 0.425827
vt 0.551985 0.487157
vt 0.547626 0.481968
vt 0.499073 0.429023
vt 0.560203 0.496283
vt 0.595450 0.502474
vt 0.529682 0.449529
vt 0.593918 0.410688
vt 0.517434 0.448953
vt 0.490356 0.420277
vt 0.593992 0.396941
vt 0.529573 0.462716
vt 0.592058 0.463979
vt 0.492116 0.420288
vt 0.588830 0.474246
vt 0.588868 0.474176
vt 0.497771 0.427762
vt 0.551985 0.487156
vt 0.585254 0.497381
vt 0.584011 0.484616
vt 0.542513 0.476299
vt 0.591555 0.520914
vt 0.591662 0.520957
vt 0.511773 0.441993
vt 0.506901 0.436601
vt 0.577470 0.514462
vt 0.583955 0.517148
vt 0.584614 0.488267
vt 0.584540 0.501538
vt 0.584441 0.501932
vt 0.585281 0.495016
vt 0.585355 0.496701
vt 0.553980 0.489559
vt 0.593655 0.378910
vt 0.593517 0.375000
vt 0.593852 0.386641
vt 0.530487 0.463683
vt 0.594002 0.401275
vt 0.594011 0.398454
vt 0.592984 0.456322
vt 0.593991 0.406250
vt 0.530488 0.463684
vt 0.591115 0.468394
vt 0.585091 0.491829
vt 0.593560 0.429701
vt 0.497771 0.427763
vt 0.584615 0.488267
vt 0.583529 0.481982
vt 0.583160 0.484557
vt 0.585253 0.497381
vt 0.524315 0.456862
vt 0.593465 0.438213
vt 0.499074 0.429024
vt 0.519481 0.451340
vt 0.587971 0.515822
vt 0.726562 0.519531
vt 0.583785 0.488749
vt 0.584143 0.481331
vt 0.586856 0.477836
vt 0.593422 0.445279
vt 0.593242 0.452951
vt 0.593876 0.414047
vt 0.515580 0.446638
vt 0.593711 0.421875
vt 0.556524 0.492453
vt 0.515581 0.446639
vt 0.593921 0.390625
vt 0.592692 0.460339
vt 0.591506 0.467185
vt 0.585090 0.491829
vt 0.593796 0.382796
vt 0.593916 0.390449
vt 0.593796 0.382811
vt 0.592861 0.457948
vt 0.585354 0.496701
s 1
usemtl Gloss_Red.002
f 211/1/1 214/1/2 212/1/3
f 213/1/4 217/1/2 214/1/2
f 32/1/5 212/1/3 33/1/6
f 33/1/6 71/1/7 2/1/8
f 212/1/3 72/1/9 71/1/7
f 214/1/2 73/1/10 72/1/9
f 217/1/2 9/1/10 73/1/10
f 216/1/11 51/1/12 217/1/2
f 215/1/13 50/1/11 216/1/11
f 70/1/14 49/1/13 215/1/13
f 221/1/15 219/1/16 218/1/16
f 222/1/15 220/1/16 219/1/16
f 224/1/15 222/1/15 221/1/15
f 225/1/15 223/1/15 222/1/15
f 76/1/16 34/1/16 17/1/16
f 218/1/16 35/1/16 34/1/16
f 219/1/16 36/1/16 35/1/16
f 54/1/16 70/1/16 226/1/16
f 53/1/16 226/1/16 225/1/15
f 52/1/16 225/1/15 224/1/15
f 25/1/16 224/1/15 74/1/15
f 74/1/15 221/1/15 75/1/15
f 75/1/15 218/1/16 76/1/16
f 227/1/17 231/1/18 228/1/19
f 228/1/20 232/1/21 229/1/22
f 230/1/23 234/1/24 231/1/18
f 231/1/25 235/1/26 232/1/21
f 4/1/27 227/1/28 37/1/29
f 37/1/30 228/1/19 38/1/31
f 38/1/32 229/1/22 39/1/33
f 39/1/34 83/1/35 5/1/36
f 229/1/37 84/1/38 83/1/35
f 232/1/39 85/1/40 84/1/38
f 57/1/41 85/1/40 235/1/42
f 234/1/43 57/1/44 235/1/26
f 233/1/45 56/1/46 234/1/24
f 80/1/47 55/1/48 233/1/49
f 81/1/50 233/1/49 230/1/51
f 82/1/52 230/1/51 227/1/28
f 239/1/53 237/1/54 236/1/53
f 240/1/54 238/1/55 237/1/54
f 242/1/56 240/1/54 239/1/53
f 243/1/54 241/1/57 240/1/54
f 71/1/58 40/1/59 2/1/60
f 236/1/53 41/1/61 40/1/59
f 237/1/54 42/1/62 41/1/61
f 238/1/55 6/1/63 42/1/62
f 241/1/57 86/1/64 238/1/55
f 244/1/65 87/1/66 241/1/57
f 60/1/67 88/1/68 244/1/65
f 59/1/69 244/1/65 243/1/54
f 58/1/70 243/1/54 242/1/56
f 9/1/71 242/1/56 73/1/72
f 73/1/72 239/1/53 72/1/58
f 72/1/58 236/1/53 71/1/58
f 245/1/73 249/1/74 246/1/75
f 246/1/75 250/1/76 247/1/77
f 248/1/73 252/1/78 249/1/74
f 249/1/74 253/1/76 250/1/76
f 5/1/36 245/1/73 43/1/79
f 43/1/79 246/1/75 44/1/80
f 44/1/80 247/1/77 45/1/81
f 45/1/81 79/1/82 3/1/82
f 247/1/77 78/1/83 79/1/82
f 250/1/76 77/1/83 78/1/83
f 253/1/76 10/1/84 77/1/83
f 252/1/78 63/1/85 253/1/76
f 251/1/86 62/1/87 252/1/78
f 85/1/40 61/1/88 251/1/86
f 84/1/38 251/1/86 248/1/73
f 83/1/35 248/1/73 245/1/73
f 257/1/89 255/1/90 254/1/91
f 258/1/92 256/1/93 255/1/94
f 260/1/95 258/1/96 257/1/89
f 261/1/97 259/1/98 258/1/92
f 79/1/99 69/1/100 3/1/101
f 254/1/91 68/1/102 69/1/103
f 255/1/94 67/1/104 68/1/105
f 256/1/106 7/1/107 67/1/108
f 259/1/109 91/1/110 256/1/106
f 262/1/111 90/1/112 259/1/109
f 10/1/113 260/1/114 77/1/115
f 77/1/115 257/1/116 78/1/117
f 78/1/117 254/1/118 79/1/99
f 266/1/119 264/1/120 263/1/121
f 267/1/122 265/1/123 264/1/124
f 269/1/125 267/1/126 266/1/119
f 270/1/127 268/1/128 267/1/122
f 86/1/64 46/1/129 6/1/63
f 263/1/121 47/1/130 46/1/131
f 264/1/124 48/1/132 47/1/133
f 265/1/134 4/1/135 48/1/136
f 268/1/137 82/1/138 265/1/134
f 271/1/139 81/1/140 268/1/137
f 66/1/141 80/1/142 271/1/139
f 65/1/143 271/1/144 270/1/127
f 64/1/145 270/1/146 269/1/125
f 13/1/147 269/1/148 88/1/68
f 88/1/68 266/1/149 87/1/66
f 87/1/66 263/1/150 86/1/64
f 275/1/151 273/1/152 272/1/153
f 276/1/154 274/1/155 273/1/156
f 278/1/157 276/1/158 275/1/151
f 279/1/159 277/1/160 276/1/154
f 2272/1/161 2271/1/162 277/1/163
f 280/1/164 92/1/165 277/1/163
f 45/1/166 93/1/167 280/1/164
f 44/1/168 280/1/169 279/1/159
f 43/1/170 279/1/171 278/1/157
f 5/1/172 278/1/173 94/1/174
f 282/1/175 286/1/176 283/1/177
f 283/1/178 287/1/179 284/1/180
f 281/1/181 96/1/182 95/1/183
f 284/1/184 97/1/185 96/1/182
f 287/1/186 7/1/187 97/1/185
f 286/1/188 67/1/189 287/1/179
f 285/1/190 68/1/191 286/1/176
f 3/1/192 285/1/193 93/1/194
f 93/1/194 282/1/195 92/1/196
f 289/1/197 293/1/197 290/1/198
f 290/1/198 294/1/197 291/1/197
f 291/1/197 101/1/197 100/1/197
f 294/1/197 8/1/197 101/1/197
f 293/1/197 49/1/197 294/1/197
f 292/1/197 50/1/197 293/1/197
f 102/1/199 51/1/197 292/1/197
f 103/1/199 292/1/197 289/1/197
f 104/1/199 289/1/197 288/1/197
f 298/1/200 296/1/200 295/1/200
f 299/1/200 297/1/200 296/1/200
f 300/1/200 105/1/200 297/1/200
f 52/1/200 106/1/200 300/1/200
f 53/1/200 300/1/200 299/1/200
f 54/1/200 299/1/200 298/1/200
f 8/1/200 298/1/200 101/1/200
f 101/1/200 295/1/200 100/1/200
f 301/1/201 4/1/202 107/1/203
f 304/1/204 303/1/205 302/1/206
f 56/1/207 306/1/208 305/1/209
f 57/1/210 305/1/211 304/1/204
f 12/1/212 304/1/213 110/1/214
f 311/1/215 309/1/215 308/1/215
f 312/1/215 310/1/215 309/1/215
f 310/1/215 104/1/199 307/1/215
f 313/1/215 103/1/199 310/1/215
f 58/1/215 102/1/199 313/1/215
f 59/1/215 313/1/215 312/1/215
f 60/1/215 312/1/215 311/1/215
f 13/1/216 311/1/215 111/1/217
f 111/1/217 308/1/215 112/1/218
f 314/1/219 317/1/220 315/1/221
f 316/1/222 320/1/223 317/1/220
f 317/1/224 321/1/225 318/1/226
f 321/1/227 12/1/228 110/1/229
f 320/1/230 61/1/231 321/1/225
f 319/1/232 62/1/233 320/1/223
f 98/1/234 63/1/235 319/1/236
f 99/1/237 319/1/236 316/1/238
f 322/1/239 98/1/240 99/1/241
f 323/1/242 10/1/243 98/1/240
f 327/1/244 325/1/244 324/1/245
f 328/1/244 326/1/244 325/1/244
f 330/1/244 328/1/244 327/1/244
f 331/1/244 329/1/244 328/1/244
f 329/1/244 115/1/246 326/1/244
f 332/1/244 116/1/246 329/1/244
f 33/1/244 117/1/246 332/1/244
f 32/1/244 332/1/244 331/1/244
f 31/1/244 331/1/244 330/1/244
f 1/1/244 330/1/244 118/1/244
f 118/1/244 327/1/244 119/1/244
f 333/1/247 337/1/247 334/1/247
f 334/1/247 338/1/247 335/1/247
f 335/1/247 118/1/247 119/1/247
f 338/1/247 1/1/247 118/1/247
f 337/1/247 36/1/247 338/1/247
f 336/1/247 35/1/247 337/1/247
f 114/1/247 34/1/247 336/1/247
f 113/1/247 336/1/247 333/1/247
f 342/1/248 340/1/249 339/1/250
f 340/1/249 344/1/251 341/1/252
f 94/1/253 2251/1/254 2250/1/255
f 344/1/256 5/1/257 94/1/253
f 343/1/258 39/1/259 344/1/251
f 37/1/260 343/1/261 342/1/248
f 4/1/262 342/1/263 107/1/264
f 348/1/265 112/1/218 345/1/266
f 64/1/267 111/1/217 348/1/265
f 65/1/268 348/1/269 347/1/270
f 66/1/271 347/1/272 346/1/273
f 349/1/274 353/1/274 350/1/274
f 350/1/274 354/1/274 351/1/275
f 352/1/274 356/1/274 353/1/274
f 353/1/274 357/1/274 354/1/274
f 2231/1/274 2229/1/274 354/1/274
f 354/1/274 108/1/276 109/1/277
f 357/1/274 6/1/278 108/1/276
f 356/1/274 42/1/274 357/1/274
f 355/1/274 41/1/274 356/1/274
f 117/1/246 40/1/274 355/1/274
f 116/1/246 355/1/274 352/1/274
f 115/1/246 352/1/274 349/1/274
f 358/1/279 362/1/279 359/1/279
f 359/1/279 363/1/279 360/1/279
f 361/1/279 365/1/279 362/1/279
f 362/1/279 366/1/280 363/1/279
f 365/1/279 89/1/281 366/1/280
f 364/1/282 90/1/281 365/1/279
f 97/1/282 91/1/279 364/1/282
f 96/1/279 364/1/282 361/1/279
f 95/1/279 361/1/279 358/1/279
f 367/1/283 371/1/284 368/1/285
f 368/1/285 372/1/286 369/1/287
f 370/1/284 374/1/288 371/1/284
f 371/1/284 375/1/288 372/1/286
f 15/1/289 367/1/283 162/1/289
f 162/1/289 368/1/285 161/1/290
f 161/1/290 369/1/287 160/1/291
f 160/1/291 139/1/292 23/1/293
f 369/1/287 140/1/286 139/1/292
f 372/1/286 141/1/294 140/1/286
f 375/1/288 24/1/295 141/1/294
f 374/1/288 165/1/295 375/1/288
f 373/1/296 164/1/297 374/1/288
f 123/1/298 163/1/299 373/1/296
f 122/1/300 373/1/296 370/1/284
f 121/1/301 370/1/284 367/1/283
f 379/1/16 377/1/15 376/1/16
f 380/1/15 378/1/15 377/1/15
f 382/1/16 380/1/15 379/1/16
f 383/1/15 381/1/15 380/1/15
f 124/1/16 76/1/16 17/1/16
f 376/1/16 75/1/15 76/1/16
f 377/1/15 74/1/15 75/1/15
f 378/1/15 25/1/16 74/1/15
f 381/1/15 142/1/16 378/1/15
f 384/1/15 143/1/16 381/1/15
f 160/1/15 144/1/16 384/1/15
f 161/1/15 384/1/15 383/1/15
f 162/1/16 383/1/15 382/1/16
f 15/1/16 382/1/16 126/1/16
f 126/1/16 379/1/16 125/1/16
f 125/1/16 376/1/16 124/1/16
f 385/1/302 389/1/303 386/1/304
f 386/1/304 390/1/305 387/1/306
f 388/1/307 392/1/308 389/1/309
f 389/1/309 393/1/310 390/1/311
f 19/1/312 385/1/313 171/1/314
f 171/1/314 386/1/315 170/1/316
f 170/1/316 387/1/317 169/1/318
f 169/1/318 145/1/319 27/1/320
f 387/1/306 146/1/321 145/1/322
f 390/1/311 147/1/323 146/1/324
f 174/1/325 147/1/326 393/1/327
f 392/1/328 174/1/325 393/1/327
f 391/1/329 173/1/330 392/1/328
f 129/1/331 172/1/332 391/1/329
f 128/1/333 391/1/334 388/1/307
f 127/1/335 388/1/336 385/1/302
f 397/1/337 395/1/338 394/1/338
f 398/1/337 396/1/339 395/1/338
f 400/1/340 398/1/337 397/1/337
f 401/1/341 399/1/337 398/1/337
f 130/1/342 163/1/343 16/1/344
f 394/1/338 164/1/343 163/1/343
f 395/1/338 165/1/345 164/1/343
f 396/1/339 24/1/345 165/1/345
f 399/1/337 148/1/346 396/1/339
f 402/1/347 149/1/348 399/1/337
f 177/1/349 150/1/350 402/1/347
f 176/1/351 402/1/347 401/1/341
f 175/1/352 401/1/341 400/1/340
f 21/1/353 400/1/340 132/1/354
f 132/1/354 397/1/337 131/1/355
f 131/1/355 394/1/338 130/1/342
f 403/1/356 407/1/357 404/1/358
f 404/1/358 408/1/359 405/1/360
f 406/1/361 410/1/362 407/1/357
f 407/1/357 411/1/362 408/1/359
f 20/1/363 403/1/356 172/1/332
f 172/1/332 404/1/358 173/1/330
f 173/1/330 405/1/360 174/1/325
f 174/1/325 151/1/364 28/1/365
f 405/1/360 152/1/366 151/1/364
f 408/1/359 153/1/367 152/1/366
f 411/1/362 26/1/368 153/1/367
f 410/1/362 166/1/369 411/1/362
f 409/1/370 167/1/369 410/1/362
f 135/1/371 168/1/372 409/1/370
f 134/1/373 409/1/370 406/1/361
f 133/1/374 406/1/361 403/1/356
f 415/1/375 413/1/376 412/1/377
f 416/1/378 414/1/379 413/1/376
f 418/1/380 416/1/381 415/1/382
f 419/1/383 417/1/384 416/1/381
f 159/1/385 168/1/386 18/1/387
f 412/1/388 167/1/389 168/1/386
f 413/1/390 166/1/391 167/1/389
f 414/1/392 26/1/393 166/1/391
f 417/1/394 210/1/395 414/1/379
f 420/1/396 209/1/397 417/1/384
f 178/1/398 208/1/399 420/1/400
f 179/1/401 420/1/400 419/1/402
f 180/1/403 419/1/402 418/1/404
f 22/1/405 418/1/404 157/1/406
f 157/1/407 415/1/382 158/1/408
f 158/1/409 412/1/377 159/1/410
f 424/1/411 422/1/412 421/1/413
f 425/1/414 423/1/415 422/1/412
f 427/1/416 425/1/417 424/1/418
f 428/1/419 426/1/420 425/1/417
f 136/1/421 175/1/352 21/1/353
f 421/1/422 176/1/351 175/1/352
f 422/1/423 177/1/349 176/1/351
f 423/1/424 29/1/425 177/1/349
f 426/1/426 154/1/427 423/1/415
f 429/1/428 155/1/429 426/1/420
f 169/1/430 156/1/431 429/1/432
f 170/1/433 429/1/432 428/1/434
f 171/1/435 428/1/434 427/1/436
f 19/1/437 427/1/436 138/1/438
f 138/1/439 424/1/418 137/1/440
f 137/1/441 421/1/413 136/1/442
f 433/1/443 431/1/444 430/1/445
f 434/1/446 432/1/447 431/1/444
f 436/1/448 434/1/449 433/1/450
f 437/1/451 435/1/452 434/1/449
f 432/1/453 20/1/454 183/1/455
f 435/1/456 133/1/457 432/1/447
f 438/1/458 134/1/459 435/1/452
f 182/1/460 135/1/461 438/1/462
f 181/1/463 438/1/462 437/1/464
f 181/1/465 437/1/466 2125/1/467
f 439/1/468 442/1/469 440/1/470
f 441/1/471 445/1/472 442/1/473
f 439/1/474 182/1/475 181/1/465
f 440/1/476 18/1/477 182/1/475
f 440/1/470 158/1/478 159/1/479
f 442/1/473 157/1/480 158/1/481
f 445/1/482 22/1/483 157/1/484
f 444/1/485 186/1/486 445/1/482
f 443/1/487 185/1/488 444/1/485
f 447/1/489 450/1/489 448/1/489
f 449/1/490 452/1/489 450/1/489
f 193/1/491 447/1/489 192/1/491
f 192/1/491 448/1/489 191/1/491
f 191/1/491 141/1/489 24/1/492
f 448/1/489 140/1/489 141/1/489
f 450/1/489 139/1/489 140/1/489
f 452/1/489 23/1/489 139/1/489
f 451/1/489 190/1/489 452/1/489
f 455/1/200 454/1/200 453/1/200
f 457/1/200 456/1/200 455/1/200
f 453/1/200 190/1/200 189/1/200
f 454/1/200 23/1/200 190/1/200
f 456/1/200 144/1/200 454/1/200
f 458/1/200 143/1/200 456/1/200
f 106/1/200 142/1/200 458/1/200
f 105/1/200 458/1/200 457/1/200
f 459/1/493 462/1/494 460/1/495
f 2083/1/496 463/1/497 462/1/494
f 196/1/498 460/1/495 195/1/499
f 195/1/499 136/1/500 21/1/501
f 460/1/495 137/1/502 136/1/500
f 462/1/494 138/1/503 137/1/502
f 463/1/497 19/1/504 138/1/503
f 466/1/505 465/1/506 464/1/507
f 468/1/508 467/1/509 2098/1/510
f 465/1/511 28/1/512 197/1/513
f 467/1/514 147/1/515 465/1/506
f 468/1/508 146/1/516 467/1/509
f 2088/1/517 27/1/518 145/1/519
f 471/1/520 470/1/520 469/1/520
f 474/1/520 472/1/520 471/1/520
f 469/1/520 198/1/521 199/1/522
f 470/1/520 29/1/523 198/1/521
f 472/1/520 150/1/520 470/1/520
f 475/1/520 149/1/520 472/1/520
f 191/1/491 148/1/520 475/1/520
f 192/1/491 475/1/520 474/1/520
f 193/1/491 474/1/520 473/1/520
f 476/1/524 480/1/525 477/1/526
f 477/1/526 481/1/527 478/1/528
f 188/1/529 478/1/530 187/1/531
f 187/1/531 153/1/532 26/1/533
f 478/1/528 152/1/534 153/1/535
f 481/1/536 151/1/537 152/1/538
f 482/1/539 28/1/540 151/1/541
f 486/1/542 485/1/543 484/1/544
f 488/1/545 487/1/546 486/1/547
f 483/1/548 201/1/549 200/1/550
f 484/1/551 202/1/552 201/1/549
f 485/1/553 30/1/554 202/1/552
f 487/1/555 208/1/556 485/1/543
f 489/1/557 209/1/558 487/1/546
f 489/1/559 26/1/560 210/1/561
f 488/1/562 187/1/563 489/1/559
f 493/1/564 491/1/564 490/1/565
f 494/1/564 492/1/564 491/1/564
f 496/1/564 494/1/564 493/1/564
f 497/1/564 495/1/564 494/1/564
f 491/1/564 206/1/564 207/1/564
f 492/1/564 15/1/564 206/1/564
f 495/1/564 121/1/564 492/1/564
f 498/1/564 122/1/564 495/1/564
f 205/1/566 123/1/564 498/1/564
f 204/1/566 498/1/564 497/1/564
f 203/1/566 497/1/564 496/1/564
f 499/1/247 502/1/247 500/1/247
f 501/1/247 504/1/247 502/1/247
f 113/1/247 500/1/247 114/1/247
f 114/1/247 124/1/247 17/1/247
f 500/1/247 125/1/247 124/1/247
f 502/1/247 126/1/247 125/1/247
f 504/1/247 15/1/247 126/1/247
f 503/1/247 206/1/247 504/1/247
f 507/1/567 506/1/568 505/1/569
f 507/1/570 510/1/571 508/1/572
f 506/1/568 19/1/573 194/1/574
f 508/1/575 127/1/576 506/1/568
f 508/1/572 129/1/577 128/1/578
f 510/1/579 20/1/580 129/1/581
f 2105/1/582 183/1/583 510/1/579
f 512/1/584 156/1/585 511/1/586
f 514/1/587 155/1/588 512/1/589
f 198/1/521 154/1/590 514/1/591
f 199/1/522 514/1/591 513/1/592
f 515/1/593 519/1/593 516/1/593
f 516/1/593 520/1/593 517/1/593
f 518/1/593 522/1/593 519/1/593
f 519/1/593 523/1/593 520/1/593
f 203/1/566 516/1/593 204/1/566
f 204/1/566 517/1/593 205/1/566
f 205/1/566 130/1/593 16/1/566
f 517/1/593 131/1/593 130/1/593
f 520/1/593 132/1/593 131/1/593
f 523/1/593 21/1/501 132/1/593
f 522/1/593 195/1/499 523/1/593
f 522/1/593 2200/1/593 196/1/498
f 524/1/594 528/1/594 525/1/594
f 525/1/594 529/1/594 526/1/594
f 527/1/594 531/1/594 528/1/594
f 528/1/594 532/1/595 529/1/594
f 184/1/594 525/1/594 185/1/594
f 185/1/594 526/1/594 186/1/595
f 186/1/595 180/1/594 22/1/594
f 526/1/594 179/1/594 180/1/594
f 529/1/594 178/1/595 179/1/594
f 532/1/595 30/1/596 178/1/595
f 531/1/594 202/1/595 532/1/595
f 530/1/597 201/1/594 531/1/594
f 1216/2/598 1224/3/599 1215/4/600
f 1217/5/601 1214/6/602 1216/2/603
f 1220/7/604 1218/8/605 1219/9/606
f 1222/10/607 1220/7/608 1221/11/609
f 1223/12/610 1214/6/611 1222/10/612
f 656/13/613 1215/4/614 657/14/615
f 545/15/616 1217/5/617 655/16/618
f 716/17/619 1218/8/620 1217/5/617
f 655/16/621 1216/2/622 656/13/623
f 770/18/624 714/19/625 560/20/626
f 769/21/627 1219/9/628 770/18/629
f 1219/9/630 715/22/631 714/19/632
f 652/23/633 768/24/634 544/25/635
f 653/26/636 1221/11/609 652/23/637
f 1221/11/638 769/21/627 768/24/634
f 654/27/639 1222/10/612 653/26/640
f 1227/28/641 1235/29/642 1226/30/643
f 1228/31/644 1225/32/645 1227/28/646
f 1231/33/647 1229/34/648 1230/35/649
f 1233/36/650 1231/33/651 1232/37/652
f 1234/38/653 1225/32/654 1233/36/655
f 650/39/656 1226/30/657 651/40/658
f 597/41/659 1228/31/660 649/42/661
f 722/43/662 1229/34/663 1228/31/660
f 649/42/664 1227/28/665 650/39/666
f 776/44/667 720/45/668 561/46/669
f 775/47/670 1230/35/671 776/44/672
f 1230/35/673 721/48/674 720/45/675
f 655/16/618 774/49/676 545/15/616
f 656/13/677 1232/37/678 655/16/679
f 1232/37/680 775/47/670 774/49/676
f 657/14/681 1233/36/682 656/13/683
f 1236/50/684 1240/51/685 1239/52/686
f 1237/53/687 1241/54/688 1240/51/685
f 1239/52/686 1243/55/689 1242/56/690
f 1240/51/685 1244/57/691 1243/55/689
f 570/58/692 1236/50/693 844/59/694
f 855/60/695 1237/53/687 1236/50/684
f 854/61/696 1238/62/697 1237/53/687
f 853/63/698 752/64/699 1238/62/700
f 1238/62/700 751/65/701 1241/54/702
f 1241/54/702 750/66/703 1244/57/704
f 1244/57/704 547/67/705 731/68/706
f 1243/55/689 731/68/707 730/69/708
f 1242/56/690 730/69/708 729/70/709
f 846/71/710 729/70/711 564/72/712
f 845/73/713 1242/56/714 846/71/710
f 844/59/694 1239/52/715 845/73/713
f 1246/74/716 2254/75/717 2253/76/718
f 2255/77/719 2254/75/720 1246/74/720
f 744/78/721 639/79/722 537/80/723
f 745/81/724 1245/82/725 744/78/726
f 2251/83/727 2250/84/728 1245/82/729
f 552/85/730 1247/86/731 746/87/732
f 2267/88/733 658/89/734 2268/90/735
f 746/87/736 1246/74/737 745/81/738
f 1248/91/739 1252/92/740 1251/93/741
f 1249/94/742 1253/95/743 1252/92/744
f 1251/93/745 1255/96/746 1254/97/747
f 1252/92/748 1256/98/749 1255/96/750
f 569/99/751 1248/91/752 832/100/753
f 843/101/754 1249/94/755 1248/91/752
f 842/102/756 1250/103/757 1249/94/755
f 841/104/758 749/105/759 1250/103/760
f 1250/103/761 748/106/762 1253/95/763
f 1253/95/764 747/107/765 1256/98/766
f 1256/98/767 546/108/768 725/109/769
f 1255/96/770 725/109/771 724/110/772
f 1254/97/773 724/110/772 723/111/774
f 834/112/775 723/111/776 562/113/777
f 833/114/778 1254/97/747 834/112/779
f 832/100/780 1251/93/741 833/114/781
f 1259/115/782 1267/116/783 1258/117/784
f 1261/118/785 1259/115/786 1260/119/787
f 1262/120/788 1257/121/789 1261/118/790
f 1265/122/791 1263/123/792 1264/124/793
f 1266/125/794 1257/121/795 1265/122/796
f 653/26/640 1258/117/797 654/27/639
f 544/25/635 1260/119/798 652/23/633
f 710/126/799 1261/118/800 1260/119/798
f 652/23/637 1259/115/801 653/26/636
f 764/127/802 708/128/803 558/129/804
f 764/127/805 1263/123/806 1262/120/807
f 1262/120/808 709/130/809 708/128/810
f 663/131/811 762/132/812 543/133/813
f 664/134/814 1264/124/815 663/131/816
f 1264/124/817 763/135/818 762/132/812
f 665/136/819 1265/122/820 664/134/821
f 1269/137/822 539/138/823 692/139/824
f 1268/140/825 692/139/824 691/141/826
f 1272/142/827 1280/143/828 1271/144/829
f 1273/145/830 1270/146/831 1272/142/832
f 1276/147/833 1274/148/834 1275/149/835
f 1278/150/836 1276/147/837 1277/151/838
f 1279/152/839 1270/146/840 1278/150/841
f 535/153/842 1271/144/843 684/154/844
f 642/155/845 1272/142/846 1271/144/847
f 1271/144/848 685/156/849 684/154/850
f 737/157/851 640/158/852 549/159/853
f 736/160/854 1273/145/855 737/157/851
f 1273/145/855 641/161/856 640/158/852
f 678/162/857 735/163/858 534/164/859
f 679/165/860 1275/149/861 678/162/862
f 1275/149/863 736/160/864 735/163/858
f 687/166/865 680/167/866 540/168/867
f 688/169/868 1277/151/869 687/166/870
f 1277/151/871 679/165/872 680/167/873
f 542/170/874 1279/152/875 689/171/876
f 686/172/877 1280/143/878 1279/152/879
f 689/171/880 1278/150/881 688/169/882
f 1281/173/883 1285/174/884 1284/175/885
f 1283/176/886 1285/174/887 1282/177/888
f 1285/174/889 1287/178/890 1284/175/891
f 1286/179/892 1288/180/893 1285/174/894
f 533/181/895 1281/173/896 672/182/897
f 924/183/898 1282/177/899 1281/173/900
f 923/184/901 1283/176/902 1282/177/903
f 922/185/904 684/154/905 1283/176/906
f 684/154/907 1286/179/908 1283/176/909
f 685/156/910 1289/186/911 1286/179/912
f 686/172/913 690/187/914 1289/186/915
f 1289/186/916 691/141/917 1288/180/918
f 1288/180/919 692/139/920 1287/178/921
f 1287/178/922 539/138/923 674/188/924
f 1284/175/925 674/188/926 673/189/927
f 672/182/928 1284/175/929 673/189/930
f 1292/190/931 1300/191/932 1291/192/933
f 1293/193/934 1290/194/935 1292/190/936
f 1296/195/937 1294/196/938 1295/197/939
f 1298/198/940 1296/195/941 1297/199/942
f 1299/200/943 1290/194/944 1298/198/945
f 645/201/946 681/202/947 536/203/948
f 644/204/949 1291/192/950 645/201/946
f 1291/192/951 682/205/952 681/202/953
f 740/206/954 643/207/955 550/208/956
f 739/209/957 1293/193/958 740/206/959
f 1293/193/960 644/204/961 643/207/962
f 675/210/963 738/211/964 583/212/965
f 676/213/966 1295/197/967 675/210/968
f 1295/197/969 739/209/970 738/211/964
f 693/214/971 677/215/972 590/216/973
f 694/217/974 1297/199/975 693/214/971
f 1297/199/976 676/213/977 677/215/978
f 541/218/979 1299/200/980 695/219/981
f 683/220/982 1300/191/983 1299/200/984
f 695/219/985 1298/198/986 694/217/974
f 1303/221/987 1311/222/988 1302/223/989
f 1305/224/990 1303/221/991 1304/225/992
f 1307/226/993 1305/224/994 1306/227/995
f 1309/228/996 1307/226/997 1308/229/998
f 1310/230/999 1301/231/1000 1309/228/1001
f 638/232/1002 678/162/1003 534/164/1004
f 638/232/1005 1303/221/1006 1302/223/1007
f 1302/223/1008 679/165/1009 678/162/1010
f 734/233/1011 636/234/1012 548/235/1013
f 733/236/1014 1304/225/1015 734/233/1016
f 1304/225/1017 637/237/1018 636/234/1019
f 536/203/948 1306/227/1020 732/238/1021
f 681/202/1022 1307/226/1023 1306/227/1024
f 732/238/1025 1305/224/1026 733/236/1027
f 696/239/1028 683/220/1029 541/218/1030
f 697/240/1031 1308/229/1032 696/239/1033
f 1308/229/1034 682/205/1035 683/220/982
f 540/168/1036 1310/230/1037 698/241/1038
f 680/167/1039 1311/222/1040 1310/230/1041
f 698/241/1042 1309/228/1043 697/240/1044
f 1312/242/1045 1316/243/1046 1315/244/1047
f 1313/245/1048 1317/246/1049 1316/243/1050
f 1315/244/1051 1319/247/1052 1318/248/1053
f 1316/243/1054 1320/249/1055 1319/247/1056
f 699/250/1057 674/251/1058 539/138/1059
f 2263/252/1060 701/253/1061 1317/246/1062
f 701/253/1063 1320/249/1064 1317/246/1065
f 700/254/1066 755/255/1067 1320/249/1068
f 1319/247/1069 755/255/1070 754/256/1071
f 1318/248/1072 754/256/1073 753/257/1074
f 672/258/1075 753/257/1076 533/1/1077
f 673/259/1078 1318/248/1079 672/258/1080
f 674/251/1081 1315/244/1082 673/259/1083
f 1322/260/1084 1324/261/1085 1321/262/1086
f 1323/263/1087 1325/264/1088 1322/260/1089
f 1325/264/1090 1327/265/1091 1324/261/1092
f 1326/266/1093 1328/267/1094 1325/264/1095
f 780/268/1096 924/269/1097 533/270/1098
f 781/271/1099 1321/262/1100 780/268/1101
f 782/272/1102 1322/260/1103 781/271/1104
f 563/273/1105 1323/263/1106 782/272/1107
f 859/274/1108 1326/266/1109 1323/263/1110
f 860/275/1111 1329/276/1112 1326/266/1113
f 861/277/1114 858/278/1115 1329/276/1116
f 1329/276/1117 857/279/1118 1328/267/1119
f 1328/267/1119 856/280/1120 1327/265/1121
f 1327/265/1121 535/153/1122 922/281/1123
f 1324/261/1124 922/281/1125 923/282/1126
f 1321/262/1127 923/282/1128 924/269/1129
f 1330/283/1130 1334/284/1131 1333/285/1132
f 1331/286/1133 1335/287/1134 1334/284/1131
f 1334/284/1131 1336/288/1135 1333/285/1132
f 1334/284/1131 1338/289/1136 1337/290/1137
f 568/291/1138 1330/283/1130 820/292/1139
f 831/293/1140 1331/286/1133 1330/283/1130
f 830/294/1141 1332/295/1142 1331/286/1133
f 829/296/1143 761/297/1144 1332/295/1142
f 1332/295/1142 760/298/1145 1335/287/1134
f 1335/287/1146 759/299/1147 1338/289/1136
f 1338/289/1148 534/300/1149 735/301/1150
f 1338/289/1148 736/302/1151 1337/290/1152
f 1337/290/1137 737/303/851 1336/288/1135
f 1336/288/1135 549/304/853 822/305/1153
f 1333/285/1132 822/305/1153 821/306/1154
f 820/292/1139 1333/285/1132 821/306/1154
f 1340/307/1155 1342/308/1156 1339/309/1157
f 1341/310/1158 1343/311/1159 1340/307/1155
f 1343/311/1159 1345/312/1160 1342/308/1156
f 1344/313/1161 1346/314/1162 1343/311/1159
f 819/315/1163 808/316/1164 567/317/1165
f 818/318/1166 1339/309/1157 819/315/1163
f 817/319/1167 1340/307/1155 818/318/1166
f 817/319/1168 767/320/1169 1341/310/1170
f 767/320/1169 1344/313/1171 1341/310/1170
f 766/321/1172 1347/322/1173 1344/313/1171
f 765/323/1174 732/324/1175 1347/322/1176
f 1347/322/1177 733/325/1178 1346/314/1179
f 1346/314/1179 734/326/1180 1345/312/1181
f 1345/312/1160 548/327/1182 810/328/1183
f 1342/308/1156 810/328/1183 809/329/1184
f 1339/309/1157 809/329/1184 808/316/1164
f 1349/330/1185 1351/331/1186 1348/332/1187
f 1350/333/1188 1352/334/1189 1349/330/1185
f 1352/334/1189 1354/335/1190 1351/331/1186
f 1353/336/1191 1355/337/1192 1352/334/1189
f 566/338/1193 1348/332/1187 796/339/1194
f 807/340/1195 1349/330/1185 1348/332/1187
f 806/341/1196 1350/333/1188 1349/330/1185
f 805/342/1197 773/343/1198 1350/333/1188
f 1350/333/1188 772/344/1199 1353/336/1191
f 1353/336/1191 771/345/1200 1356/346/1201
f 1356/346/1202 583/347/1203 738/348/1204
f 1356/346/1202 739/349/1205 1355/337/1206
f 1355/337/1206 740/350/1207 1354/335/1208
f 1354/335/1190 550/351/1209 798/352/1210
f 1351/331/1186 798/352/1210 797/353/1211
f 1348/332/1187 797/353/1211 796/339/1194
f 1357/354/1212 1361/355/1213 1360/356/1214
f 1358/357/1215 1362/358/1216 1361/355/1217
f 1360/356/1218 1364/359/1219 1363/360/1220
f 1361/355/1221 1365/361/1222 1364/359/1223
f 565/362/1224 1357/354/1225 785/363/1226
f 795/364/1227 1358/357/1228 1357/354/1229
f 794/365/1230 1359/366/1231 1358/357/1232
f 793/367/1233 782/272/1234 1359/366/1235
f 1359/366/1236 781/271/1237 1362/358/1238
f 1362/358/1239 780/268/1240 1365/361/1241
f 1365/361/1242 533/270/1243 753/368/1244
f 1364/359/1245 753/368/1246 754/369/1247
f 1363/360/1248 754/369/1249 755/370/1250
f 1363/360/1251 555/371/1252 787/372/1253
f 786/373/1254 1363/360/1255 787/372/1256
f 785/363/1226 1360/356/1257 786/373/1254
f 1366/374/1258 1369/375/1259 1368/376/1260
f 1368/376/1261 1371/377/1262 1370/378/1263
f 792/379/1264 1367/380/1265 1366/374/1266
f 791/381/1267 785/382/1268 1367/380/1265
f 1367/380/1265 786/383/1269 1369/375/1270
f 1369/375/1270 787/384/1271 1371/377/1272
f 1371/377/1273 555/385/1274 700/254/1275
f 1370/378/1276 700/254/1277 701/253/1278
f 1372/386/1279 1375/387/1280 1374/388/1281
f 1374/388/1282 1377/389/1283 1376/390/1284
f 783/391/1285 1373/392/1286 1372/386/1287
f 784/393/1288 788/394/1289 1373/392/1290
f 1373/392/1291 789/395/1292 1375/387/1293
f 1375/387/1294 790/396/1295 1377/389/1283
f 1377/389/1296 565/362/1224 791/381/1297
f 1376/390/1298 791/381/1297 792/379/1299
f 1378/397/1300 1382/398/1301 1381/399/1302
f 1379/400/1303 1383/401/1304 1382/398/1305
f 1381/399/1306 1385/402/1307 1384/403/1308
f 1382/398/1305 1386/404/1309 1385/402/1310
f 564/72/1311 1378/397/1312 788/394/1313
f 729/70/709 1379/400/1303 1378/397/1300
f 730/69/708 1380/405/1314 1379/400/1303
f 731/68/706 728/406/1315 1380/405/1316
f 1380/405/1316 727/407/1317 1383/401/1318
f 1383/401/1318 726/408/1319 1386/404/1320
f 1386/404/1321 563/273/1322 793/367/1323
f 1385/402/1324 793/367/1325 794/365/1326
f 1384/403/1308 794/365/1327 795/364/1328
f 790/396/1329 795/364/1328 565/362/1224
f 789/395/1330 1384/403/1308 790/396/1329
f 788/394/1313 1381/399/1306 789/395/1330
f 1387/409/1331 1391/410/1332 1390/411/1333
f 1388/412/1334 1392/413/1335 1391/410/1332
f 1390/411/1336 1394/414/1337 1393/415/1338
f 1391/410/1339 1395/416/1340 1394/414/1337
f 559/417/1341 1387/409/1342 767/320/1343
f 804/418/1344 1388/412/1334 1387/409/1345
f 803/419/1346 1389/420/1347 1388/412/1334
f 802/421/1348 796/339/1194 1389/420/1347
f 1389/420/1347 797/353/1211 1392/413/1335
f 1392/413/1349 798/352/1350 1395/416/1340
f 1395/416/1351 550/351/1352 643/422/1353
f 1394/414/1354 643/422/1353 644/423/1355
f 1393/415/1356 644/423/1355 645/424/1357
f 1393/415/1356 536/425/1358 765/323/1359
f 1390/411/1360 765/323/1361 766/321/1362
f 1387/409/1342 766/321/1362 767/320/1343
f 1396/426/1363 1400/427/1364 1399/428/1365
f 1397/429/1366 1401/430/1367 1400/427/1364
f 1399/428/1368 1403/431/1369 1402/432/1370
f 1400/427/1371 1404/433/1372 1403/431/1369
f 545/15/1373 1396/426/1374 713/434/1375
f 774/49/1376 1397/429/1377 1396/426/1374
f 776/44/1378 1397/429/1377 775/47/1379
f 561/46/1380 1398/435/1381 776/44/1378
f 892/436/1382 1401/430/1367 1398/435/1383
f 1401/430/1384 894/437/1385 1404/433/1372
f 1404/433/1386 578/438/1387 912/439/1388
f 1403/431/1389 912/439/1388 911/440/1390
f 1402/432/1391 911/440/1390 910/441/1392
f 711/442/1393 910/441/1392 579/443/1394
f 712/444/1395 1402/432/1370 711/442/1396
f 713/434/1397 1399/428/1365 712/444/1398
f 1405/445/1399 1409/446/1400 1408/447/1401
f 1406/448/1402 1410/449/1403 1409/446/1400
f 1408/447/1404 1412/450/1405 1411/451/1406
f 1409/446/1407 1413/452/1408 1412/450/1405
f 561/46/1409 1405/445/1410 892/436/1411
f 720/45/1412 1406/448/1413 1405/445/1410
f 721/48/1414 1407/453/1415 1406/448/1413
f 722/43/1416 719/454/1417 1407/453/1415
f 1407/453/1418 718/455/1419 1410/449/1403
f 1410/449/1420 717/456/1421 1413/452/1408
f 1413/452/1422 632/457/1423 921/458/1424
f 1412/450/1425 921/458/1424 920/459/1426
f 1411/451/1427 920/459/1426 919/460/1428
f 894/437/1429 919/460/1428 578/438/1387
f 893/461/1430 1411/451/1406 894/437/1385
f 892/436/1431 1408/447/1401 893/461/1432
f 1414/462/1433 1418/463/1434 1417/464/1435
f 1415/465/1436 1419/466/1437 1418/463/1438
f 1417/464/1435 1421/467/1439 1420/468/1440
f 1418/463/1438 1422/469/1441 1421/467/1442
f 557/470/1443 1414/462/1444 761/297/1445
f 816/471/1446 1415/465/1447 1414/462/1433
f 815/472/1448 1416/473/1449 1415/465/1436
f 814/474/1450 808/316/1451 1416/473/1452
f 1416/473/1452 809/329/1184 1419/466/1453
f 1419/466/1453 810/328/1183 1422/469/1454
f 1422/469/1454 548/327/1182 636/475/1455
f 1421/467/1442 636/475/1456 637/476/1457
f 1420/468/1440 637/476/1458 638/477/1459
f 759/299/1460 638/477/1461 534/300/1462
f 760/298/1463 1420/468/1464 759/299/1460
f 761/297/1445 1417/464/1465 760/298/1463
f 1423/478/1466 1427/479/1467 1426/480/1468
f 1424/481/1469 1428/482/1470 1427/479/1467
f 1426/480/1471 1430/483/1472 1429/484/1473
f 1427/479/1474 1431/485/1475 1430/483/1472
f 544/25/1476 1423/478/1477 707/486/1478
f 768/24/1479 1424/481/1480 1423/478/1477
f 770/18/1481 1424/481/1480 769/21/1482
f 560/20/1483 1425/487/1484 770/18/1481
f 1425/487/1485 887/488/1486 1428/482/1470
f 1428/482/1487 888/489/1488 1431/485/1475
f 1431/485/1489 576/490/1490 909/491/1491
f 1430/483/1492 909/491/1491 908/492/1493
f 1429/484/1494 908/492/1493 907/493/1495
f 705/494/1496 907/493/1495 577/495/1497
f 706/496/1498 1429/484/1473 705/494/1499
f 707/486/1500 1426/480/1468 706/496/1501
f 1432/497/1502 1436/498/1503 1435/499/1504
f 1433/500/1505 1437/501/1506 1436/498/1503
f 1435/499/1507 1439/502/1508 1438/503/1509
f 1436/498/1510 1440/504/1511 1439/502/1508
f 560/20/1512 1432/497/1513 886/505/1514
f 714/19/1515 1433/500/1516 1432/497/1513
f 715/22/1517 1434/506/1518 1433/500/1516
f 716/17/1519 713/434/1375 1434/506/1518
f 1434/506/1520 712/444/1398 1437/501/1506
f 1437/501/1521 711/442/1396 1440/504/1511
f 1440/504/1522 579/443/1394 918/507/1523
f 1439/502/1524 918/507/1523 917/508/1525
f 1438/503/1526 917/508/1525 916/509/1527
f 888/489/1528 916/509/1527 576/490/1490
f 887/488/1529 1438/503/1509 888/489/1488
f 886/505/1530 1435/499/1504 887/488/1531
f 1443/510/1532 1455/511/1533 1442/512/1534
f 1445/513/1535 1443/510/1532 1444/514/1536
f 1446/515/1537 1441/516/1538 1445/513/1535
f 1449/517/1539 1447/518/1540 1448/519/1541
f 1451/520/1542 1449/517/1539 1450/521/1543
f 1452/522/1544 1441/516/1545 1451/520/1546
f 1455/511/1547 1453/523/1548 1454/524/1549
f 828/525/1550 758/526/1551 556/527/1552
f 827/528/1553 1442/512/1554 828/525/1550
f 1442/512/1534 757/529/1555 758/526/1551
f 820/292/1139 826/530/1556 568/291/1138
f 821/306/1154 1444/514/1536 820/292/1139
f 826/530/1556 1443/510/1532 827/528/1553
f 549/304/853 1446/515/1537 822/305/1153
f 640/531/852 1447/518/1540 1446/515/1537
f 822/305/1153 1445/513/1535 821/306/1154
f 856/532/1557 642/533/1558 535/534/1559
f 857/535/1560 1448/519/1561 856/532/1557
f 1448/519/1562 641/536/856 642/533/1563
f 862/537/1564 858/538/1565 571/539/1566
f 863/540/1567 1450/521/1568 862/537/1564
f 858/538/1569 1449/517/1570 857/535/1560
f 572/541/1571 1452/522/1572 864/542/1573
f 868/543/1574 1453/523/1575 1452/522/1572
f 864/542/1576 1451/520/1577 863/540/1567
f 573/544/1578 1454/524/1579 870/545/1580
f 756/546/1581 1455/511/1533 1454/524/1582
f 1454/524/1579 869/547/1583 870/545/1580
f 1456/548/1584 1460/549/1585 1459/550/1586
f 1457/551/1587 1461/552/1588 1460/549/1585
f 1459/550/1589 1463/553/1590 1462/554/1591
f 1460/549/1592 1464/555/1593 1463/553/1590
f 543/133/1594 1456/548/1595 704/556/1596
f 762/132/1597 1457/551/1598 1456/548/1595
f 763/135/1599 1458/557/1600 1457/551/1598
f 764/127/1601 901/558/1602 1458/557/1600
f 1458/557/1603 902/559/1604 1461/552/1588
f 1461/552/1605 903/560/1606 1464/555/1593
f 1464/555/1607 580/561/1608 906/562/1609
f 1463/553/1610 906/562/1609 905/563/1611
f 1462/554/1612 905/563/1611 904/564/1613
f 702/565/1614 904/564/1615 575/566/1616
f 703/567/1617 1462/554/1591 702/565/1618
f 704/556/1619 1459/550/1586 703/567/1620
f 1465/568/1621 1469/569/1622 1468/570/1623
f 1466/571/1624 1470/572/1625 1469/569/1622
f 1468/570/1626 1472/573/1627 1471/574/1628
f 1469/569/1629 1473/575/1630 1472/573/1627
f 558/129/1631 1465/568/1632 901/558/1633
f 708/128/1634 1466/571/1635 1465/568/1632
f 709/130/1636 1467/576/1637 1466/571/1635
f 710/126/1638 707/486/1478 1467/576/1637
f 1467/576/1639 706/496/1501 1470/572/1625
f 1470/572/1640 705/494/1499 1473/575/1630
f 1473/575/1641 577/495/1497 915/577/1642
f 1472/573/1643 915/577/1642 914/578/1644
f 1471/574/1645 914/578/1644 913/579/1646
f 903/560/1647 913/579/1646 580/561/1608
f 902/559/1648 1471/574/1628 903/560/1606
f 901/558/1649 1468/570/1623 902/559/1604
f 1475/580/1650 1477/581/1651 1474/582/1652
f 1475/580/1653 1479/583/1654 1478/584/1655
f 1478/584/1656 1480/585/1657 1477/581/1658
f 1478/584/1659 1482/586/1660 1481/587/1661
f 840/588/1662 658/589/1663 552/85/1664
f 840/588/1665 1475/580/1666 1474/582/1667
f 839/590/1668 1476/591/1669 1475/580/1670
f 838/592/1671 832/100/1672 1476/591/1669
f 1476/591/1673 833/114/1674 1479/583/1654
f 1479/583/1675 834/112/1676 1482/586/1660
f 1482/586/1677 562/113/1678 779/593/1679
f 1481/587/1680 779/593/1679 778/594/1681
f 1481/587/1682 777/595/1683 1480/585/1684
f 2270/596/1685 2269/597/1686 1477/581/1687
f 1474/582/1688 659/598/1689 658/589/1690
f 1483/599/1691 1487/600/1692 1486/601/1693
f 1484/602/1694 1488/603/1695 1487/600/1696
f 1486/601/1693 1490/604/1697 1489/605/1698
f 1487/600/1696 1491/606/1699 1490/604/1700
f 537/607/1701 1483/599/1702 744/608/1703
f 648/609/1704 1484/602/1705 1483/599/1706
f 647/610/1707 1485/611/1708 1484/602/1709
f 646/612/1710 835/613/1711 1485/611/1708
f 1485/611/1708 836/614/1712 1488/603/1695
f 1488/603/1695 837/615/1713 1491/606/1699
f 1491/606/1714 569/99/1715 838/592/1716
f 1490/604/1717 838/592/1716 839/590/1718
f 1489/605/1719 839/590/1720 840/588/1721
f 746/616/1722 840/588/1723 552/85/1724
f 745/617/1725 1489/605/1726 746/616/1727
f 744/608/1728 1486/601/1729 745/617/1730
f 1492/618/1731 1496/619/1732 1495/620/1733
f 1493/621/1734 1497/622/1735 1496/619/1736
f 1495/620/1733 1499/623/1737 1498/624/1738
f 1496/619/1732 1500/625/1739 1499/623/1737
f 551/626/1740 1492/618/1741 835/613/1742
f 743/627/1743 1493/621/1744 1492/618/1731
f 742/628/1745 1494/629/1746 1493/621/1734
f 741/630/1747 668/631/1748 1494/629/1746
f 1494/629/1749 667/632/1750 1497/622/1751
f 1497/622/1752 666/633/1753 1500/625/1754
f 1500/625/1755 553/634/1756 841/104/1757
f 1499/623/1758 841/104/1759 842/102/1760
f 1498/624/1761 842/102/1760 843/101/1762
f 837/615/1763 843/101/1764 569/99/1765
f 836/614/1766 1498/624/1767 837/615/1768
f 835/613/1742 1495/620/1769 836/614/1766
f 1504/635/1770 2277/636/1771 2276/637/1772
f 1502/638/1773 1505/639/1774 1504/635/1770
f 1504/635/1770 1507/640/1775 1506/641/1776
f 852/642/1777 1502/638/1773 1501/643/1778
f 851/644/1779 1503/645/1780 1502/638/1773
f 850/646/1781 844/59/1782 1503/645/1783
f 1503/645/1783 845/73/1784 1505/639/1785
f 1505/639/1785 846/71/1786 1507/640/1787
f 1507/640/1787 564/72/1788 784/393/1789
f 1506/641/1776 784/393/1790 783/391/1791
f 1508/647/1792 1512/648/1793 1511/649/1794
f 1509/650/1795 1513/651/1796 1512/648/1797
f 1511/649/1798 1515/652/1799 1514/653/1800
f 1512/648/1801 1516/654/1802 1515/652/1803
f 777/655/1804 1509/650/1805 1508/647/1806
f 778/656/1807 1510/657/1808 1509/650/1809
f 779/658/1810 847/659/1811 1510/657/1812
f 1510/657/1813 848/660/1814 1513/651/1815
f 1513/651/1815 849/661/1816 1516/654/1817
f 1516/654/1817 570/58/1818 850/646/1781
f 1515/652/1803 850/646/1819 851/644/1779
f 1514/653/1820 851/644/1779 852/642/1777
f 1517/662/1821 1521/663/1822 1520/664/1823
f 1518/665/1824 1522/666/1825 1521/663/1822
f 1520/664/1826 1524/667/1827 1523/668/1828
f 1521/663/1829 1525/669/1830 1524/667/1827
f 562/113/1831 1517/662/1832 847/670/1833
f 723/111/1834 1518/665/1835 1517/662/1836
f 724/110/1837 1519/671/1838 1518/665/1835
f 725/109/1839 671/672/1840 1519/671/1841
f 1519/671/1842 670/673/1843 1522/666/1844
f 1522/666/1844 669/674/1845 1525/669/1846
f 1525/669/1846 554/675/1847 853/63/698
f 1524/667/1848 853/63/1849 854/61/696
f 1523/668/1850 854/61/696 855/60/695
f 849/676/1851 855/60/1852 570/58/692
f 848/677/1853 1523/668/1854 849/676/1851
f 847/670/1855 1520/664/1856 848/677/1853
f 1528/678/1857 1538/679/1858 1527/680/1859
f 1529/681/1860 1526/682/1861 1528/678/1862
f 1531/683/1863 1526/682/1864 1530/684/1864
f 1534/685/1865 1532/686/1866 1533/687/1867
f 1536/688/1868 1534/685/1869 1535/689/1870
f 1537/690/1871 1526/682/1872 1536/688/1873
f 664/134/1874 1527/680/1875 665/136/1876
f 1527/680/1877 926/691/1878 925/692/1879
f 543/133/813 1529/681/1880 663/131/811
f 930/693/1881 1530/684/1882 1529/681/1883
f 663/131/1884 1528/678/1885 664/134/1886
f 741/694/1887 928/695/1888 538/696/1889
f 741/694/1887 1532/686/1890 1531/683/1891
f 1531/683/1892 929/697/1893 928/695/1894
f 646/698/1895 743/699/1896 551/626/1740
f 647/700/1897 1533/687/1898 646/698/1895
f 1533/687/1899 742/701/1900 743/699/1901
f 662/702/1902 648/703/1903 537/80/1904
f 661/704/1905 1535/689/1906 662/702/1907
f 1535/689/1908 647/700/1909 648/703/1910
f 581/705/1911 1537/690/1912 660/706/1913
f 927/707/1914 1538/679/1915 1537/690/1912
f 660/706/1916 1536/688/1917 661/704/1918
f 1539/708/1919 1543/709/1920 1542/710/1921
f 1540/711/1922 1544/712/1923 1543/709/1924
f 1542/710/1921 1546/713/1925 1545/714/1926
f 1543/709/1924 1547/715/1927 1546/713/1928
f 571/716/1929 1539/708/1930 862/717/1931
f 861/277/1932 1540/711/1933 1539/708/1919
f 860/275/1934 1541/718/1935 1540/711/1922
f 859/274/1936 726/408/1937 1541/718/1938
f 1541/718/1938 727/407/1939 1544/712/1940
f 1544/712/1940 728/406/1941 1547/715/1942
f 1547/715/1942 547/67/1943 865/719/1321
f 1546/713/1928 865/719/1944 866/720/1945
f 1545/714/1926 866/720/1946 867/721/1947
f 864/722/1948 867/721/1949 572/723/1950
f 863/724/1951 1545/714/1952 864/722/1948
f 862/717/1931 1542/710/1953 863/724/1951
f 1548/725/1954 1552/726/1955 1551/727/1956
f 1549/728/1957 1553/729/1958 1552/726/1959
f 1552/726/1955 1554/730/1960 1551/727/1956
f 1552/726/1959 1556/731/1961 1555/732/1962
f 572/723/1950 1548/725/1963 868/733/1964
f 867/721/1947 1549/728/1965 1548/725/1954
f 866/720/1945 1550/734/1966 1549/728/1957
f 865/719/1321 750/66/1967 1550/734/1968
f 1550/734/1968 751/65/1969 1553/729/1970
f 1553/729/1970 752/64/1971 1556/731/1972
f 1556/731/1972 554/675/1973 871/735/1974
f 1555/732/1962 871/735/1975 872/736/1976
f 1555/732/1977 873/737/1978 1554/730/1960
f 1554/730/1979 573/738/1980 870/739/1981
f 1551/727/1982 870/739/1981 869/740/1983
f 1548/725/1963 869/740/1983 868/733/1964
f 1559/741/1984 1567/742/1985 1558/743/1986
f 1561/744/1987 1559/741/1988 1560/745/1989
f 1562/746/1990 1557/747/1991 1561/744/1987
f 1565/748/1992 1563/749/1993 1564/750/1994
f 1566/751/1995 1557/747/1996 1565/748/1992
f 873/737/1997 756/752/1998 573/738/1980
f 872/736/1999 1558/743/2000 873/737/2001
f 1558/743/2002 757/753/2003 756/752/2004
f 669/674/2005 871/735/1974 554/675/1973
f 670/673/2006 1560/745/2007 669/674/2005
f 1560/745/2008 872/736/2009 871/735/2010
f 546/108/2011 1562/746/2012 671/672/2013
f 877/754/2014 1563/749/2015 1562/746/1990
f 671/672/2016 1561/744/2017 670/673/2006
f 876/755/2018 879/756/2019 574/757/2020
f 875/758/2021 1564/750/2022 876/755/2023
f 1564/750/1994 878/759/2024 879/756/2025
f 556/527/1552 1566/751/1995 874/760/2026
f 758/761/1551 1567/742/2027 1566/751/1995
f 874/760/2026 1565/748/2028 875/758/2021
f 1568/762/2029 1572/763/2030 1571/764/2031
f 1569/765/2032 1573/766/2033 1572/763/2034
f 1571/764/2031 1575/767/2035 1574/768/2036
f 1572/763/2037 1576/769/2038 1575/767/2039
f 574/757/2040 1568/762/2041 880/770/2042
f 879/756/2043 1569/765/2044 1568/762/2045
f 878/759/2046 1570/771/2047 1569/765/2048
f 877/754/2049 747/107/2050 1570/771/2051
f 1570/771/2052 748/106/2053 1573/766/2054
f 1573/766/2055 749/105/2056 1576/769/2057
f 1576/769/2058 553/634/2059 883/772/2060
f 1575/767/2039 883/772/2061 884/773/2062
f 1574/768/2036 884/773/2063 885/774/2064
f 882/775/2065 885/774/2066 575/566/1616
f 881/776/2067 1574/768/2068 882/775/2065
f 880/770/2042 1571/764/2069 881/776/2067
f 1577/777/2070 1581/778/2071 1580/779/2072
f 1578/780/2073 1582/781/2073 1581/778/2073
f 1580/779/2074 1584/782/2075 1583/783/2076
f 1581/778/2077 1585/784/2078 1584/782/2079
f 575/566/1616 1577/777/2080 702/565/1614
f 885/774/2064 1578/780/2081 1577/777/2082
f 884/773/2062 1579/785/2083 1578/780/2084
f 883/772/2085 666/786/2086 1579/785/2087
f 1579/785/2088 667/787/2089 1582/781/2090
f 1582/781/2091 668/788/2092 1585/784/2093
f 1585/784/2094 538/696/2095 928/695/2096
f 1584/782/2097 928/695/2098 929/789/2099
f 1583/783/2100 929/789/2101 930/790/2102
f 704/791/1596 930/790/2103 543/792/1594
f 703/793/1620 1583/783/2076 704/791/1619
f 702/565/1618 1580/779/2104 703/793/1617
f 1588/794/2105 1596/795/2106 1587/796/2107
f 1590/797/2108 1588/794/2105 1589/798/2109
f 1591/799/2110 1586/800/2111 1590/797/2112
f 1594/801/2113 1592/802/2114 1593/803/2115
f 1595/804/2116 1586/800/2117 1594/801/2118
f 575/566/2119 1587/796/2120 882/775/2121
f 904/564/2122 1588/794/2123 1587/796/2120
f 1587/796/2120 881/776/2124 882/775/2121
f 823/805/2125 906/562/2126 580/561/2127
f 824/806/2128 1589/798/2109 823/805/2129
f 1589/798/2130 905/563/2131 906/562/2126
f 568/291/1138 1591/799/2110 825/807/2132
f 826/530/1556 1592/802/2114 1591/799/2110
f 825/807/2132 1590/797/2112 824/806/2133
f 874/760/2134 828/525/1550 556/527/2135
f 875/758/2136 1593/803/2115 874/760/2134
f 1593/803/2115 827/528/1553 828/525/1550
f 574/808/2020 1595/804/2137 876/809/2018
f 880/810/2138 1596/795/2139 1595/804/2137
f 876/809/2140 1594/801/2118 875/758/2141
f 1597/811/2142 1601/812/2143 1600/813/2144
f 1598/814/2145 1602/815/2146 1601/812/2143
f 1600/813/2147 1604/816/2148 1603/817/2149
f 1601/812/2150 1605/818/2151 1604/816/2148
f 577/495/2152 1597/811/2153 891/819/2154
f 907/493/2155 1598/814/2156 1597/811/2153
f 908/492/2157 1599/820/2158 1598/814/2156
f 909/491/2159 811/821/2160 1599/820/2158
f 1599/820/2161 812/822/2162 1602/815/2146
f 1602/815/2163 813/823/2164 1605/818/2151
f 1605/818/2151 567/317/1165 814/474/1450
f 1604/816/2148 814/474/2165 815/472/1448
f 1603/817/2149 815/472/2166 816/471/1446
f 889/824/2167 816/471/2168 557/470/1443
f 890/825/2169 1603/817/2170 889/824/2171
f 891/819/2172 1600/813/2173 890/825/2174
f 1606/826/2175 1610/827/2176 1609/828/2177
f 1607/829/2178 1611/830/2179 1610/827/2176
f 1609/828/2177 1613/831/2180 1612/832/2181
f 1610/827/2176 1614/833/2182 1613/831/2180
f 579/443/2183 1606/826/2184 900/834/2185
f 910/441/2186 1607/829/2187 1606/826/2184
f 911/440/2188 1608/835/2189 1607/829/2187
f 912/439/2190 799/836/2191 1608/835/2189
f 1608/835/2192 800/837/2193 1611/830/2179
f 1611/830/2179 801/838/2194 1614/833/2182
f 1614/833/2182 566/338/1193 802/421/1348
f 1613/831/2180 802/421/1348 803/419/1346
f 1612/832/2181 803/419/1346 804/418/1344
f 898/839/2195 804/418/1344 559/417/2196
f 899/840/2197 1612/832/2181 898/839/2195
f 900/834/2198 1609/828/2199 899/840/2197
f 1615/841/2200 1619/842/2201 1618/843/2202
f 1616/844/2203 1620/845/2204 1619/842/2201
f 1618/843/2202 1622/846/2205 1621/847/2206
f 1619/842/2201 1623/848/2207 1622/846/2205
f 580/561/2127 1615/841/2208 823/805/2125
f 913/579/2209 1616/844/2210 1615/841/2208
f 914/578/2211 1617/849/2212 1616/844/2210
f 915/577/2213 891/819/2154 1617/849/2212
f 1617/849/2214 890/825/2174 1620/845/2204
f 1620/845/2215 889/824/2171 1623/848/2207
f 1623/848/2207 557/470/2216 829/296/1143
f 1622/846/2205 829/296/1143 830/294/1141
f 1621/847/2206 830/294/1141 831/293/1140
f 825/807/2132 831/293/1140 568/291/1138
f 824/806/2133 1621/847/2206 825/807/2132
f 823/805/2217 1618/843/2218 824/806/2219
f 1624/850/2220 1628/851/2221 1627/852/2222
f 1625/853/2223 1629/854/2224 1628/851/2221
f 1627/852/2225 1631/855/2226 1630/856/2227
f 1628/851/2228 1632/857/2229 1631/855/2226
f 576/490/2230 1624/850/2231 811/821/2160
f 916/509/2232 1625/853/2233 1624/850/2231
f 917/508/2234 1626/858/2235 1625/853/2233
f 918/507/2236 900/834/2185 1626/858/2235
f 1626/858/2237 899/840/2197 1629/854/2224
f 1629/854/2238 898/839/2239 1632/857/2229
f 1632/857/2229 559/417/2240 817/319/1168
f 1631/855/2241 817/319/2242 818/318/1166
f 1630/856/2227 818/318/1166 819/315/1163
f 813/823/2164 819/315/1163 567/317/1165
f 812/822/2243 1630/856/2227 813/823/2164
f 811/821/2244 1627/852/2222 812/822/2162
f 1633/859/2245 1637/860/2246 1636/861/2247
f 1634/862/2248 1638/863/2249 1637/860/2246
f 1636/861/2247 1640/864/2250 1639/865/2251
f 1637/860/2246 1641/866/2252 1640/864/2250
f 578/438/2253 1633/859/2245 799/836/2191
f 919/460/2254 1634/862/2255 1633/859/2245
f 920/459/2256 1635/867/2257 1634/862/2248
f 921/458/2258 897/868/2259 1635/867/2260
f 1635/867/2261 896/869/2262 1638/863/2249
f 1638/863/2249 895/870/2263 1641/866/2252
f 1641/866/2252 613/871/2264 805/342/1197
f 1640/864/2250 805/342/1197 806/341/1196
f 1639/865/2251 806/341/1196 807/340/1195
f 801/838/2194 807/340/1195 566/338/1193
f 800/837/2193 1639/865/2251 801/838/2194
f 799/836/2265 1636/861/2247 800/837/2193
f 1644/3/2266 1652/2/2267 1643/4/2268
f 1645/872/2269 1642/6/2270 1644/3/2271
f 1648/7/2272 1646/10/2273 1647/11/2274
f 1650/8/2275 1648/7/2276 1649/9/2277
f 1651/5/2278 1642/6/2279 1650/8/2280
f 1643/4/2281 948/13/2282 949/14/2283
f 946/27/2284 1646/10/2285 1645/872/2269
f 1056/24/2286 944/23/2287 595/25/2288
f 1057/21/2289 1647/11/2290 1056/24/2286
f 1647/11/2274 945/26/2291 944/23/2292
f 1005/19/2293 1058/18/2294 612/20/2295
f 1006/22/2296 1649/9/2297 1005/19/2298
f 1649/9/2299 1057/21/2289 1058/18/2300
f 596/15/2301 1651/5/2302 1007/17/2303
f 947/16/2304 1652/2/2305 1651/5/2306
f 1007/17/2303 1650/8/2307 1006/22/2296
f 1655/29/2308 1663/28/2309 1654/30/2310
f 1656/38/2311 1653/32/2312 1655/29/2313
f 1659/33/2314 1657/36/2315 1658/37/2316
f 1661/34/2317 1659/33/2318 1660/35/2319
f 1662/31/2320 1653/32/2321 1661/34/2322
f 1654/30/2323 650/39/2324 651/40/2325
f 949/14/2326 1657/36/2327 1656/38/2328
f 1059/49/2329 947/16/2330 596/15/2301
f 1060/47/2331 1658/37/2332 1059/49/2329
f 1658/37/2333 948/13/2334 947/16/2335
f 1008/45/2336 1061/44/2337 614/46/2338
f 1009/48/2339 1660/35/2340 1008/45/2341
f 1660/35/2342 1060/47/2331 1061/44/2343
f 597/41/659 1662/31/2344 1010/43/2345
f 649/42/664 1663/28/2346 1662/31/2347
f 1010/43/2345 1661/34/2348 1009/48/2339
f 1664/873/2349 592/218/2350 986/239/2351
f 950/874/2352 985/219/2353 592/218/2350
f 1666/50/2354 1670/875/2355 1669/53/2356
f 1667/52/2357 1671/55/2358 1670/875/2355
f 1669/53/2356 1673/54/2359 1672/62/2360
f 1670/875/2355 1674/57/2361 1673/54/2359
f 623/58/2362 1666/50/2363 1140/60/2364
f 1129/59/2365 1667/52/2366 1666/50/2363
f 1130/73/2367 1668/56/2368 1667/52/2366
f 1131/71/2369 1017/70/2370 1668/56/2368
f 1668/56/2371 1018/69/2372 1671/55/2358
f 1671/55/2358 1019/68/2373 1674/57/2361
f 1674/57/2374 599/876/2375 1038/66/2376
f 1673/54/2377 1038/66/2376 1039/65/2378
f 1672/62/2379 1039/65/2378 1040/64/2380
f 1138/63/2381 1040/64/2380 606/675/2382
f 1139/61/2383 1672/62/2360 1138/63/2384
f 1140/60/2385 1669/53/2356 1139/61/2383
f 2108/77/2386 2109/877/2387 1675/878/2388
f 2111/76/2389 2107/75/2390 1676/74/2391
f 604/85/2392 1675/878/2393 951/89/2394
f 1034/87/2395 1676/74/2396 1675/878/2397
f 2113/90/2398 951/89/2399 2112/88/2400
f 934/79/2401 1032/78/2402 587/80/2403
f 2106/83/2404 2110/879/2405 1677/82/2406
f 1677/82/2407 1033/81/2408 1032/78/2409
f 1678/91/2410 1682/92/2411 1681/94/2412
f 1679/93/2413 1683/96/2414 1682/92/2415
f 1681/94/2416 1685/880/2417 1684/103/2418
f 1682/92/2419 1686/98/2420 1685/880/2421
f 622/99/2422 1678/91/2423 1128/101/2424
f 1117/100/2425 1679/93/2426 1678/91/2410
f 1118/114/2427 1680/97/2428 1679/93/2413
f 1119/112/2429 1011/111/2430 1680/97/2431
f 1680/97/2432 1012/110/2433 1683/96/2434
f 1683/96/2434 1013/109/2435 1686/98/2436
f 1686/98/2437 598/108/2438 1035/107/2439
f 1685/880/2440 1035/107/2441 1036/106/2442
f 1684/103/2443 1036/106/2444 1037/105/2445
f 1126/104/2446 1037/105/2447 605/634/2448
f 1127/102/2449 1684/103/2450 1126/104/2451
f 1128/101/2424 1681/94/2452 1127/102/2449
f 1689/116/2453 1697/115/2454 1688/117/2455
f 1690/125/2456 1687/121/2457 1689/116/2453
f 1693/881/2458 1691/122/2459 1692/124/2460
f 1694/120/2461 1687/121/2462 1693/881/2463
f 1697/115/2464 1695/118/2465 1696/119/2466
f 1688/117/2467 945/26/2468 946/27/2284
f 958/136/2469 1691/122/2470 1690/125/2471
f 1050/132/2472 956/131/2473 594/133/2474
f 1051/882/2475 1692/124/2476 1050/132/2472
f 1692/124/2477 957/134/2478 956/131/2479
f 999/128/2480 1052/127/2481 610/129/2482
f 1000/130/2483 1694/120/2484 999/128/2485
f 1052/127/2486 1693/881/2487 1051/882/2488
f 595/25/2288 1696/119/2489 1001/126/2490
f 944/23/2292 1697/115/2491 1696/119/2492
f 1001/126/2490 1695/118/2493 1000/130/2494
f 981/141/2495 1698/883/2496 980/187/2497
f 982/139/2498 1699/140/2499 981/141/2500
f 589/138/2501 1700/884/2502 982/139/2503
f 990/250/2504 1701/885/2505 1700/884/2502
f 989/886/2506 2153/887/2507 1702/888/2508
f 1705/143/2509 1713/142/2510 1704/144/2511
f 1706/152/2512 1703/146/2513 1705/143/2514
f 1709/147/2515 1707/150/2516 1708/889/2517
f 1711/148/2518 1709/147/2519 1710/149/2520
f 1712/145/2521 1703/146/2522 1711/148/2523
f 585/153/2524 1704/144/2525 937/155/2526
f 975/156/2527 1704/144/2528 974/154/2529
f 937/155/2530 1713/142/2531 936/161/2532
f 593/170/2533 1706/152/2534 976/172/2535
f 979/171/2536 1707/150/2537 1706/152/2538
f 976/172/2539 1705/143/2540 975/156/2541
f 970/167/2542 977/166/2543 591/168/2544
f 969/165/2545 1708/889/2546 970/167/2547
f 1708/889/2548 978/169/2549 977/166/2550
f 1023/163/2551 968/162/2552 584/164/2553
f 1024/160/2554 1710/149/2555 1023/163/2551
f 1710/149/2556 969/165/2557 968/162/2558
f 935/158/2559 1025/157/2560 601/159/2561
f 936/161/2562 1712/145/2563 935/158/2559
f 1712/145/2563 1024/160/2554 1025/157/2560
f 1714/173/2564 1718/174/2565 1717/177/2566
f 1716/178/2567 1718/174/2568 1715/175/2569
f 1718/174/2570 1720/176/2571 1717/177/2572
f 1719/180/2573 1721/179/2574 1718/174/2575
f 582/181/2576 1714/173/2577 1206/183/2578
f 965/182/2579 1715/175/2580 1714/173/2581
f 967/188/2582 1715/175/2583 966/189/2584
f 589/138/2585 1716/178/2586 967/188/2587
f 982/139/2588 1719/180/2589 1716/178/2590
f 981/141/2591 1722/186/2592 1719/180/2593
f 980/187/2594 976/172/2595 1722/186/2596
f 1722/186/2597 975/156/2598 1721/179/2599
f 1721/179/2600 974/154/2601 1720/176/2602
f 1204/185/2603 974/154/2604 585/153/2605
f 1205/184/2606 1720/176/2607 1204/185/2608
f 1206/183/2609 1717/177/2610 1205/184/2611
f 1725/191/2612 1733/190/2613 1724/192/2614
f 1726/200/2615 1723/194/2616 1725/191/2617
f 1729/195/2618 1727/198/2619 1728/199/2620
f 1731/196/2621 1729/195/2622 1730/197/2623
f 1732/193/2624 1723/194/2625 1731/196/2626
f 971/202/2627 940/201/2628 586/203/2629
f 972/205/2630 1724/192/2631 971/202/2632
f 1724/192/2633 939/204/2634 940/201/2628
f 592/218/2635 1726/200/2636 973/220/2637
f 985/219/2638 1727/198/2639 1726/200/2640
f 973/220/2641 1725/191/2642 972/205/2643
f 677/215/972 983/214/2644 590/216/973
f 676/213/977 1728/199/2645 677/215/978
f 1728/199/2646 984/217/2647 983/214/2644
f 1026/211/2648 675/210/963 583/212/965
f 1027/209/2649 1730/197/2650 1026/211/2648
f 1730/197/2651 676/213/966 675/210/968
f 938/207/2652 1028/206/2653 602/208/2654
f 939/204/2655 1732/193/2656 938/207/2657
f 1732/193/2658 1027/209/2659 1028/206/2660
f 1736/222/2661 1744/221/2662 1735/223/2663
f 1737/230/2664 1734/231/2665 1736/222/2666
f 1740/226/2667 1738/228/2668 1739/229/2669
f 1742/890/2670 1740/226/2671 1741/227/2672
f 1744/221/2673 1742/890/2674 1743/225/2675
f 968/162/2676 933/232/2677 584/164/2678
f 969/165/2679 1735/223/2680 968/162/2681
f 933/232/2682 1744/221/2683 932/237/2684
f 591/168/2685 1737/230/2686 970/167/2687
f 988/241/2688 1738/228/2689 1737/230/2690
f 970/167/2691 1736/222/2692 969/165/2693
f 973/220/2694 986/239/2695 592/218/2696
f 972/205/2643 1739/229/2697 973/220/2641
f 1739/229/2698 987/240/2699 986/239/2700
f 586/203/2629 1741/227/2701 971/202/2627
f 1020/238/2702 1742/890/2703 1741/227/2704
f 971/202/2705 1740/226/2706 972/205/2707
f 931/234/2708 1022/233/2709 600/235/2710
f 932/237/2711 1743/225/2712 931/234/2713
f 1743/225/2714 1021/236/2715 1022/233/2716
f 1745/242/2717 1749/243/2718 1748/245/2719
f 1746/244/2720 1750/247/2721 1749/243/2722
f 1748/245/2723 1752/246/2724 1751/891/2725
f 1749/243/2726 1753/249/2727 1752/246/2728
f 967/251/2729 990/250/2730 589/138/2731
f 967/251/2732 1746/244/2733 1745/242/2734
f 966/259/2735 1747/248/2736 1746/244/2737
f 965/258/2738 1041/257/2739 1747/248/2740
f 1747/248/2741 1042/256/2742 1750/247/2743
f 1750/247/2744 1043/255/2745 1753/249/2746
f 1043/255/2747 991/254/2748 1753/249/2749
f 1753/249/2750 992/253/2751 1752/246/2752
f 1752/246/2753 992/253/2754 2152/252/2755
f 989/886/2756 1751/891/2757 2154/892/2758
f 990/250/2759 1748/245/2760 989/886/2761
f 1755/261/2762 1757/260/2763 1754/893/2764
f 1756/265/2765 1758/264/2766 1755/261/2767
f 1758/264/2768 1760/263/2769 1757/260/2770
f 1759/267/2771 1761/266/2772 1758/264/2773
f 1206/269/2774 1065/268/2775 582/270/2776
f 1205/282/2777 1754/893/2778 1206/269/2779
f 1204/281/2780 1755/261/2781 1205/282/2782
f 585/153/2783 1756/265/2784 1204/281/2785
f 1141/280/2786 1759/267/2787 1756/265/2784
f 1142/279/2788 1762/276/2789 1759/267/2787
f 1143/278/2790 1146/277/2791 1762/276/2792
f 1762/276/2793 1145/275/2794 1761/266/2795
f 1761/266/2796 1144/274/2797 1760/263/2798
f 1760/263/2799 616/273/2800 1067/272/2801
f 1757/260/2802 1067/272/2803 1066/271/2804
f 1754/893/2805 1066/271/2806 1065/268/2807
f 1763/283/2808 1767/284/2809 1766/286/2810
f 1765/288/2811 1767/284/2809 1764/285/2812
f 1766/286/2810 1770/287/2813 1769/295/2814
f 1767/284/2809 1771/289/2815 1770/287/2813
f 621/291/2816 1763/283/2808 1116/293/2817
f 1105/292/2818 1764/285/2812 1763/283/2808
f 1107/305/2819 1764/285/2812 1106/306/2820
f 601/304/2561 1765/288/2811 1107/305/2819
f 1025/303/2560 1768/894/2821 1765/288/2811
f 1024/302/2554 1771/289/2815 1768/894/2821
f 1771/289/2822 584/300/2823 1047/299/2824
f 1770/287/2825 1047/299/2824 1048/298/2826
f 1769/295/2814 1048/298/2826 1049/297/2827
f 1114/895/2828 1049/297/2827 609/470/2829
f 1115/294/2830 1769/295/2814 1114/895/2828
f 1116/293/2817 1766/286/2810 1115/294/2830
f 1773/308/2831 1775/307/2832 1772/309/2833
f 1774/312/2834 1776/896/2835 1773/308/2831
f 1776/896/2835 1778/310/2836 1775/307/2832
f 1777/314/2837 1779/313/2838 1776/896/2835
f 1093/316/2839 1104/315/2840 620/317/2841
f 1094/329/2842 1772/309/2833 1093/316/2843
f 1095/328/2844 1773/308/2831 1094/329/2845
f 600/327/2846 1774/312/2847 1095/328/2844
f 1022/326/2848 1777/314/2849 1774/312/2847
f 1021/325/2850 1780/322/2851 1777/314/2849
f 1020/324/2852 1053/323/2853 1780/322/2854
f 1780/322/2855 1054/321/2856 1779/313/2857
f 1779/313/2857 1055/320/2858 1778/310/2859
f 1102/319/2860 1055/320/2858 611/417/2861
f 1775/307/2832 1102/319/2862 1103/897/2863
f 1772/309/2833 1103/897/2864 1104/315/2840
f 1782/898/2865 1784/330/2866 1781/332/2867
f 1783/335/2868 1785/899/2869 1782/898/2865
f 1785/899/2869 1787/333/2870 1784/330/2866
f 1786/337/2871 1788/336/2872 1785/899/2869
f 619/338/2873 1781/332/2867 1092/340/2874
f 1082/353/2875 1781/332/2867 1081/339/2876
f 1083/352/2877 1782/898/2865 1082/353/2875
f 602/351/2878 1783/335/2879 1083/352/2880
f 1028/350/2881 1786/337/2882 1783/335/2879
f 1027/349/2883 1789/346/2884 1786/337/2882
f 1789/346/2884 583/347/1203 771/345/2885
f 1788/336/2872 771/345/1200 772/344/1199
f 1787/333/2870 772/344/1199 773/343/1198
f 1090/342/2886 773/343/1198 613/871/2264
f 1091/900/2887 1787/333/2870 1090/342/2886
f 1092/340/2874 1784/330/2866 1091/900/2887
f 1790/354/2888 1794/355/2889 1793/357/2890
f 1791/356/2891 1795/359/2892 1794/355/2893
f 1793/357/2894 1797/358/2895 1796/366/2896
f 1794/355/2897 1798/361/2898 1797/358/2899
f 618/362/2900 1790/354/2901 1080/364/2902
f 1070/363/2903 1791/356/2904 1790/354/2901
f 1071/373/2905 1792/360/2906 1791/356/2904
f 607/371/2907 1792/360/2908 1072/372/2909
f 1792/360/2910 1042/369/2911 1795/359/2912
f 1795/359/2913 1041/368/2914 1798/361/2915
f 1798/361/2916 582/270/2917 1065/268/2918
f 1797/358/2919 1065/268/2920 1066/271/2921
f 1796/366/2922 1066/271/2923 1067/272/2924
f 1078/367/2925 1067/272/2926 616/273/2927
f 1079/365/2928 1796/366/2929 1078/367/2930
f 1080/364/2931 1793/357/2932 1079/365/2933
f 1799/374/2934 1803/375/2935 1802/380/2936
f 1800/376/2937 1804/377/2938 1803/375/2939
f 1801/378/2940 991/254/2941 1804/377/2942
f 1804/377/2943 607/385/2944 1072/384/2945
f 1803/375/2946 1072/384/2947 1071/383/2948
f 1802/380/2949 1071/383/2948 1070/382/2950
f 1076/381/2951 1070/382/2950 618/362/2952
f 1077/379/2953 1802/380/2954 1076/381/2955
f 1805/386/2956 1809/387/2957 1808/392/2958
f 1806/388/2959 1810/389/2960 1809/387/2961
f 1807/390/2962 1076/381/2963 1810/389/2964
f 1810/389/2964 618/362/2900 1075/396/2965
f 1809/387/2961 1075/396/2966 1074/395/2967
f 1808/392/2968 1074/395/2969 1073/394/2970
f 1069/393/2971 1073/394/2972 617/72/2973
f 1068/391/2974 1808/392/2975 1069/393/2976
f 1811/397/2977 1815/398/2978 1814/901/2979
f 1812/399/2980 1816/402/2981 1815/398/2978
f 1814/901/2979 1818/401/2982 1817/405/2983
f 1815/398/2984 1819/404/2985 1818/401/2986
f 617/72/2987 1811/397/2988 1017/70/2989
f 1073/394/2990 1812/399/2991 1811/397/2988
f 1074/395/2992 1813/403/2993 1812/399/2991
f 1075/396/2965 1080/364/2902 1813/403/2993
f 1813/403/2993 1079/365/2994 1816/402/2995
f 1816/402/2996 1078/367/2997 1819/404/2998
f 1819/404/2999 616/273/3000 1014/408/3001
f 1818/401/3002 1014/408/3003 1015/407/3004
f 1817/405/3005 1015/407/3004 1016/406/3006
f 1019/68/3007 1016/406/3006 599/876/2375
f 1018/69/3008 1817/405/2983 1019/68/2373
f 1017/70/3009 1814/901/2979 1018/69/2372
f 1820/409/3010 1824/410/3011 1823/412/3012
f 1821/411/3013 1825/414/3014 1824/410/3011
f 1823/412/3012 1827/413/3015 1826/420/3016
f 1824/410/3017 1828/416/3018 1827/413/3015
f 611/417/3019 1820/409/3020 1089/418/3021
f 1054/321/3022 1820/409/3020 1055/320/3023
f 1053/323/3024 1821/411/3025 1054/321/3022
f 586/425/3026 1822/415/3027 1053/323/3028
f 1822/415/3027 939/423/3029 1825/414/3030
f 1825/414/3030 938/422/3031 1828/416/3032
f 1828/416/3032 602/351/3033 1083/352/3034
f 1827/413/3035 1083/352/3036 1082/353/3037
f 1826/420/3016 1082/353/3037 1081/339/2876
f 1087/421/3038 1081/339/2876 619/338/2873
f 1088/419/3039 1826/420/3016 1087/421/3038
f 1089/418/3021 1823/412/3012 1088/419/3039
f 1829/426/3040 1833/427/3041 1832/429/3042
f 1830/428/3043 1834/431/3044 1833/427/3045
f 1832/429/3042 1836/430/3046 1835/435/3047
f 1833/427/3045 1837/433/3048 1836/430/3049
f 596/15/3050 1829/426/3051 1059/49/3052
f 1004/434/3053 1830/428/3054 1829/426/3040
f 1003/444/3055 1831/432/3056 1830/428/3043
f 1002/442/3057 1192/441/3058 1831/432/3059
f 1831/432/3059 1193/440/3060 1834/431/3061
f 1834/431/3061 1194/439/3062 1837/433/3063
f 1837/433/3063 631/438/3064 1179/437/3065
f 1836/430/3049 1179/437/3066 1178/461/3067
f 1836/430/3046 1177/436/3068 1835/435/3047
f 1835/435/3069 614/46/3070 1061/44/3071
f 1832/429/3072 1061/44/3071 1060/47/3073
f 1059/49/3052 1832/429/3072 1060/47/3073
f 1838/445/3074 1842/902/3075 1841/448/3076
f 1839/447/3077 1843/450/3078 1842/902/3079
f 1841/448/3076 1845/903/3080 1844/453/3081
f 1842/902/3079 1846/452/3082 1845/903/3083
f 614/46/3084 1838/445/3085 1008/45/3086
f 1177/436/3087 1839/447/3088 1838/445/3074
f 1178/461/3067 1840/451/3089 1839/447/3077
f 1179/437/3065 1201/460/3090 1840/451/3091
f 1840/451/3091 1202/904/3092 1843/450/3093
f 1843/450/3093 1203/458/3094 1846/452/3094
f 1846/452/3094 632/457/1423 717/456/1423
f 1845/903/3083 717/456/1421 718/455/3095
f 1844/453/3081 718/455/1419 719/454/3096
f 1010/43/3097 719/454/1417 597/41/3098
f 1009/48/3099 1844/453/3100 1010/43/3097
f 1008/45/3086 1841/448/3101 1009/48/3099
f 1847/462/3102 1851/463/3103 1850/465/3104
f 1848/464/3105 1852/467/3106 1851/463/3103
f 1850/465/3107 1854/466/3108 1853/473/3109
f 1851/463/3110 1855/469/3111 1854/466/3112
f 609/470/3113 1847/462/3114 1101/471/3115
f 1049/297/3116 1848/464/3117 1847/462/3114
f 1048/298/3118 1849/468/3119 1848/464/3117
f 1047/299/3120 933/477/3121 1849/468/3119
f 1849/468/3122 932/476/3123 1852/467/3106
f 1852/467/3124 931/475/3125 1855/469/3126
f 1855/469/3127 600/327/2846 1095/328/2844
f 1854/466/3128 1095/328/2844 1094/329/2845
f 1853/473/3129 1094/329/2842 1093/316/2843
f 1099/474/3130 1093/316/2839 620/317/2841
f 1100/905/3131 1853/473/3109 1099/474/3130
f 1101/471/3132 1850/465/3133 1100/905/3134
f 1856/478/3135 1860/479/3136 1859/481/3137
f 1857/480/3138 1861/483/3139 1860/479/3140
f 1859/481/3137 1863/482/3141 1862/487/3142
f 1860/479/3140 1864/485/3143 1863/482/3144
f 595/25/3145 1856/478/3146 1056/24/3147
f 998/486/3148 1857/480/3149 1856/478/3135
f 997/496/3150 1858/484/3151 1857/480/3138
f 996/494/3152 1189/493/3153 1858/484/3154
f 1858/484/3154 1190/492/3155 1861/483/3156
f 1861/483/3156 1191/491/3157 1864/485/3158
f 1864/485/3158 629/490/3159 1173/489/3160
f 1863/482/3144 1173/489/3161 1172/488/3162
f 1862/487/3142 1172/488/3163 1171/505/3164
f 1862/487/3165 612/20/3166 1058/18/3167
f 1859/481/3168 1058/18/3167 1057/21/3169
f 1056/24/3147 1859/481/3168 1057/21/3169
f 1865/497/3170 1869/498/3171 1868/500/3172
f 1866/499/3173 1870/502/3174 1869/498/3175
f 1868/500/3172 1872/906/3176 1871/506/3177
f 1869/498/3175 1873/504/3178 1872/906/3179
f 612/20/3180 1865/497/3181 1005/19/3182
f 1171/505/3183 1866/499/3184 1865/497/3170
f 1172/488/3162 1867/503/3185 1866/499/3173
f 1173/489/3160 1198/509/3186 1867/503/3187
f 1867/503/3187 1199/907/3188 1870/502/3189
f 1870/502/3189 1200/507/3190 1873/504/3191
f 1873/504/3191 633/443/3192 1002/442/3057
f 1872/906/3179 1002/442/3193 1003/444/3055
f 1871/506/3177 1003/444/3194 1004/434/3053
f 1007/17/3195 1004/434/3196 596/15/3050
f 1006/22/3197 1871/506/3198 1007/17/3195
f 1005/19/3182 1868/500/3199 1006/22/3197
f 1876/511/3200 1888/510/3201 1875/908/3202
f 1878/523/3203 1876/511/3200 1877/524/3204
f 1879/522/3205 1874/516/3206 1878/523/3203
f 1882/517/3207 1880/520/3208 1881/521/3209
f 1884/518/3210 1882/517/3207 1883/519/3211
f 1885/515/3212 1874/516/3213 1884/518/3210
f 1888/510/3201 1886/513/3214 1887/514/3215
f 1046/526/3216 1113/525/3217 608/527/3218
f 1045/529/3219 1875/908/3220 1046/526/3216
f 1875/908/3202 1112/528/3221 1113/525/3217
f 626/544/3222 1877/524/3223 1044/546/3224
f 1154/547/3225 1877/524/3223 1155/545/3226
f 1044/546/3227 1876/511/3228 1045/529/3219
f 625/541/3229 1879/522/3230 1153/543/3231
f 1149/542/3232 1880/520/3233 1879/522/3234
f 1153/543/3231 1878/523/3235 1154/547/3225
f 1143/538/3236 1147/537/3237 624/539/3238
f 1143/538/3239 1882/517/3240 1881/521/3241
f 1881/521/3242 1148/540/3243 1147/537/3237
f 937/533/3244 1141/532/3245 585/534/3246
f 936/536/2562 1883/519/3211 937/533/3247
f 1883/519/3248 1142/535/3249 1141/532/3245
f 601/304/2561 1885/515/3212 935/531/2559
f 1107/305/2819 1886/513/3214 1885/515/3212
f 935/531/2559 1884/518/3210 936/536/2562
f 1111/530/3250 1105/292/2818 621/291/2816
f 1111/530/3250 1888/510/3201 1887/514/3215
f 1887/514/3215 1106/306/2820 1105/292/2818
f 1889/548/3251 1893/549/3252 1892/551/3253
f 1890/550/3254 1894/553/3255 1893/549/3256
f 1892/551/3253 1896/552/3257 1895/557/3258
f 1893/549/3256 1897/555/3259 1896/552/3260
f 594/133/3261 1889/548/3262 1050/132/3263
f 995/556/3264 1890/550/3265 1889/548/3251
f 994/567/3266 1891/554/3267 1890/550/3254
f 993/565/3268 1186/564/3269 1891/554/3270
f 1891/554/3270 1187/563/3271 1894/553/3272
f 1894/553/3272 1188/562/3273 1897/555/3274
f 1897/555/3274 634/561/3275 1185/560/3276
f 1896/552/3260 1185/560/3277 1184/559/3278
f 1895/557/3258 1184/559/3279 1183/558/3280
f 1052/127/3281 1183/558/3282 610/129/3283
f 1051/882/3284 1895/557/3285 1052/127/3281
f 1050/132/3263 1892/551/3286 1051/882/3284
f 1898/568/3287 1902/569/3288 1901/571/3289
f 1899/570/3290 1903/573/3291 1902/569/3292
f 1901/571/3289 1905/572/3293 1904/576/3294
f 1902/569/3292 1906/575/3295 1905/572/3296
f 610/129/3297 1898/568/3298 999/128/3299
f 1183/558/3280 1899/570/3300 1898/568/3287
f 1184/559/3278 1900/574/3301 1899/570/3290
f 1185/560/3276 1195/579/3302 1900/574/3303
f 1900/574/3303 1196/578/3304 1903/573/3305
f 1903/573/3305 1197/577/3306 1906/575/3307
f 1906/575/3307 630/495/3308 996/494/3152
f 1905/572/3296 996/494/3309 997/496/3150
f 1904/576/3294 997/496/3310 998/486/3148
f 1001/126/3311 998/486/3312 595/25/3145
f 1000/130/3313 1904/576/3314 1001/126/3311
f 999/128/3299 1901/571/3315 1000/130/3313
f 1908/581/3316 1910/580/3317 1907/582/3318
f 1909/585/3319 1911/584/3320 1908/581/3321
f 1910/580/3322 1914/583/3323 1913/591/3324
f 1911/584/3325 1915/586/3326 1914/583/3327
f 951/589/3328 1125/588/3329 604/85/3330
f 952/598/3331 1907/582/3332 951/589/3333
f 2116/596/3334 1909/585/3335 1908/581/3336
f 1062/595/3337 1912/587/3338 1909/585/3339
f 1912/587/3340 1064/593/3341 1915/586/3342
f 1915/586/3342 615/113/3343 1119/112/3344
f 1914/583/3327 1119/112/3345 1118/114/3346
f 1913/591/3324 1118/114/3347 1117/100/3348
f 1123/592/3349 1117/100/3350 622/99/3351
f 1124/590/3352 1913/591/3353 1123/592/3349
f 1125/588/3354 1910/580/3355 1124/590/3356
f 1916/599/3357 1920/600/3358 1919/602/3359
f 1917/601/3360 1921/604/3361 1920/600/3358
f 1919/602/3362 1923/603/3363 1922/611/3364
f 1920/600/3365 1924/606/3366 1923/603/3363
f 587/607/3367 1916/599/3368 943/609/3369
f 1032/608/3370 1917/601/3371 1916/599/3372
f 1033/617/3373 1918/605/3374 1917/601/3375
f 1034/616/3376 1125/588/3377 1918/605/3378
f 1918/605/3379 1124/590/3380 1921/604/3381
f 1921/604/3382 1123/592/3383 1924/606/3384
f 1924/606/3384 622/99/3385 1122/615/3386
f 1923/603/3363 1122/615/3387 1121/614/3388
f 1922/611/3389 1121/614/3388 1120/613/3390
f 941/612/3391 1120/613/3390 603/626/3392
f 942/610/3393 1922/611/3389 941/612/3391
f 943/609/3394 1919/602/3395 942/610/3396
f 1925/618/3397 1929/619/3398 1928/621/3399
f 1926/620/3400 1930/623/3401 1929/619/3398
f 1928/621/3402 1932/622/3403 1931/629/3404
f 1929/619/3398 1933/625/3405 1932/622/3406
f 603/626/3407 1925/618/3408 1031/627/3409
f 1120/613/3410 1926/620/3411 1925/618/3408
f 1121/614/3412 1927/624/3413 1926/620/3411
f 1122/615/3414 1128/101/3415 1927/624/3416
f 1927/624/3417 1127/102/3418 1930/623/3419
f 1930/623/3419 1126/104/3420 1933/625/3421
f 1933/625/3422 605/634/3423 959/633/3424
f 1932/622/3425 959/633/3426 960/632/3427
f 1931/629/3428 960/632/3429 961/631/3430
f 1029/630/3431 961/631/3432 588/909/3433
f 1030/628/3434 1931/629/3404 1029/630/3431
f 1031/627/3435 1928/621/3399 1030/628/3436
f 2133/637/3437 1936/635/3438 1935/638/3439
f 1935/638/3439 1939/639/3440 1938/645/3441
f 1936/635/3438 1940/640/3442 1939/639/3440
f 1937/641/3443 1069/393/3444 1940/640/3442
f 1940/640/3445 617/72/3446 1131/71/3447
f 1939/639/3448 1131/71/3447 1130/73/3449
f 1938/645/3450 1130/73/3449 1129/59/3451
f 1135/646/3452 1129/59/3451 623/58/3453
f 1136/644/3454 1938/645/3441 1135/646/3455
f 1137/642/3456 1935/638/3439 1136/644/3454
f 1941/647/3457 1945/648/3458 1944/650/3459
f 1942/649/3460 1946/652/3461 1945/648/3462
f 1944/650/3463 1948/651/3464 1947/657/3465
f 1945/648/3462 1949/654/3466 1948/651/3467
f 1943/653/3468 1136/644/3454 1946/652/3461
f 1946/652/3461 1135/646/3455 1949/654/3466
f 1949/654/3469 623/58/3453 1134/661/3470
f 1948/651/3471 1134/661/3470 1133/660/3472
f 1947/657/3473 1133/660/3472 1132/659/3474
f 1064/658/3475 1132/659/3476 615/910/3477
f 1063/656/3478 1947/657/3479 1064/658/3480
f 1062/655/3481 1944/650/3482 1063/656/3483
f 1950/662/3484 1954/663/3485 1953/665/3486
f 1951/664/3487 1955/667/3488 1954/663/3485
f 1953/665/3489 1957/666/3490 1956/671/3491
f 1954/663/3492 1958/669/3493 1957/666/3490
f 615/113/3494 1950/662/3495 1011/111/3496
f 1132/670/3497 1951/664/3498 1950/662/3499
f 1133/677/3500 1952/668/3501 1951/664/3498
f 1134/676/3502 1140/60/2364 1952/668/3501
f 1952/668/3503 1139/61/2383 1955/667/3488
f 1955/667/3504 1138/63/2384 1958/669/3493
f 1958/669/3505 606/675/2382 962/674/3506
f 1957/666/3507 962/674/3506 963/673/3508
f 1956/671/3509 963/673/3508 964/672/3510
f 1013/109/3511 964/672/3512 598/108/3513
f 1012/110/3514 1956/671/3515 1013/109/3516
f 1011/111/3517 1953/665/3518 1012/110/3514
f 1961/679/3519 1971/678/3520 1960/680/3521
f 1962/690/3522 1959/682/3523 1961/679/3524
f 1965/685/3525 1963/688/3526 1964/689/3527
f 1967/686/3528 1965/685/3529 1966/687/3530
f 1968/683/3531 1959/682/3532 1967/686/3531
f 1970/681/3533 1959/682/3534 1969/684/3535
f 1208/911/3536 1960/680/3537 1207/692/3538
f 1960/680/3539 957/134/3540 958/136/3541
f 635/705/3542 1962/690/3543 1209/707/3544
f 953/706/3545 1963/688/3546 1962/690/3547
f 1209/707/3544 1961/679/3548 1208/911/3536
f 943/703/3549 955/702/3550 587/80/3551
f 942/700/3552 1964/689/3553 943/703/3554
f 1964/689/3555 954/704/3556 955/702/3557
f 1031/699/3409 941/698/3558 603/626/3407
f 1030/701/3559 1966/687/3560 1031/699/3561
f 1966/687/3562 942/700/3563 941/698/3558
f 1211/695/3564 1029/694/3565 588/696/3566
f 1212/697/3567 1968/683/3568 1211/695/3569
f 1029/694/3431 1967/686/3570 1030/701/3434
f 594/133/2474 1970/681/3571 1213/693/3572
f 956/131/3573 1971/678/3574 1970/681/3575
f 1213/693/3576 1969/684/3577 1212/697/3578
f 1972/708/3579 1976/709/3580 1975/711/3581
f 1973/710/3582 1977/713/3583 1976/709/3580
f 1975/711/3584 1979/712/3585 1978/718/3586
f 1976/709/3587 1980/715/3588 1979/712/3585
f 624/716/3589 1972/708/3590 1146/277/3591
f 1147/717/3592 1973/710/3593 1972/708/3590
f 1148/724/3594 1974/714/3595 1973/710/3593
f 1149/722/3596 1152/721/3597 1974/714/3595
f 1974/714/3598 1151/720/3599 1977/713/3583
f 1977/713/3600 1150/719/3601 1980/715/3588
f 1980/715/3602 599/876/3603 1016/406/3604
f 1979/712/3605 1016/406/3604 1015/407/3606
f 1978/718/3607 1015/407/3606 1014/408/3608
f 1144/274/3609 1014/408/3608 616/273/3610
f 1145/275/3611 1978/718/3612 1144/274/3613
f 1146/277/3614 1975/711/3581 1145/275/3615
f 1981/725/3616 1985/726/3617 1984/728/3618
f 1983/730/3619 1985/726/3617 1982/727/3620
f 1984/728/3621 1988/729/3622 1987/734/3623
f 1985/726/3624 1989/731/3625 1988/729/3622
f 625/723/3626 1981/725/3627 1152/721/3597
f 1154/912/3628 1981/725/3627 1153/733/3629
f 1155/739/3630 1982/727/3631 1154/912/3628
f 626/738/3632 1983/730/3633 1155/739/3630
f 1158/913/3634 1986/732/3635 1983/730/3619
f 1986/732/3636 1156/735/3637 1989/731/3625
f 1989/731/3638 606/675/3639 1040/64/3640
f 1988/729/3641 1040/64/3640 1039/65/3642
f 1987/734/3643 1039/65/3642 1038/66/3644
f 1150/719/3645 1038/66/3644 599/876/3603
f 1151/720/3646 1987/734/3623 1150/719/3601
f 1152/721/3647 1984/728/3618 1151/720/3599
f 1992/742/3648 2000/741/3649 1991/743/3650
f 1993/751/3651 1990/747/3652 1992/742/3653
f 1996/914/3654 1994/748/3655 1995/750/3656
f 1997/746/3657 1990/747/3658 1996/914/3659
f 2000/741/3660 1998/744/3661 1999/745/3662
f 1044/752/3663 1158/913/3664 626/738/3632
f 1045/753/3665 1991/743/3666 1044/752/3667
f 1991/743/3668 1157/736/3669 1158/913/3634
f 608/527/3670 1993/751/3671 1046/761/3672
f 1159/760/3673 1994/748/3674 1993/751/3675
f 1046/761/3672 1992/742/3676 1045/753/3677
f 1164/756/3678 1161/755/3679 627/757/3680
f 1163/759/3681 1995/750/3656 1164/756/3682
f 1995/750/3683 1160/758/3684 1161/755/3679
f 598/108/3685 1997/746/3686 1162/754/3687
f 964/672/3688 1998/744/3689 1997/746/3690
f 1162/754/3691 1996/914/3659 1163/759/3692
f 1156/735/3693 962/674/3694 606/675/3639
f 1157/736/3695 1999/745/3696 1156/735/3637
f 1999/745/3697 963/673/3698 962/674/3694
f 2001/762/3699 2005/763/3700 2004/765/3701
f 2002/764/3702 2006/767/3703 2005/763/3704
f 2004/765/3705 2008/766/3706 2007/771/3707
f 2005/763/3708 2009/769/3709 2008/766/3710
f 627/757/3711 2001/762/3712 1164/756/3713
f 1165/770/3714 2002/764/3715 2001/762/3716
f 1166/776/3717 2003/768/3718 2002/764/3719
f 1167/775/3720 1170/774/3721 2003/768/3718
f 2003/768/3722 1169/773/3723 2006/767/3724
f 2006/767/3725 1168/915/3726 2009/769/3709
f 2009/769/3727 605/634/3728 1037/105/3729
f 2008/766/3730 1037/105/3731 1036/106/3732
f 2007/771/3733 1036/106/3734 1035/107/3735
f 1162/754/3736 1035/107/3737 598/108/3738
f 1163/759/3739 2007/771/3740 1162/754/3741
f 1164/756/3742 2004/765/3743 1163/759/3744
f 2010/777/3745 2014/916/3746 2013/780/3747
f 2011/779/3748 2015/782/3749 2014/916/3750
f 2013/780/3751 2017/781/3751 2016/785/3752
f 2014/916/3753 2018/784/3754 2017/781/3755
f 628/566/3756 2010/777/3757 1170/774/3758
f 993/565/3759 2011/779/3760 2010/777/3761
f 994/793/3762 2012/783/3763 2011/779/3748
f 995/791/3764 1213/790/3765 2012/783/3766
f 2012/783/3767 1212/789/3768 2015/782/3769
f 2015/782/3770 1211/695/3771 2018/784/3772
f 2018/784/3773 588/696/3774 961/788/3775
f 2017/781/3776 961/788/3777 960/787/3778
f 2016/785/3779 960/787/3780 959/786/3781
f 1168/915/3782 959/786/3783 605/634/3784
f 1169/773/3785 2016/785/3786 1168/915/3726
f 1170/774/3787 2013/780/3788 1169/773/3723
f 2021/795/3789 2029/794/3790 2020/796/3791
f 2022/804/3792 2019/800/3793 2021/795/3794
f 2025/802/3795 2023/801/3796 2024/803/3797
f 2026/799/3798 2019/800/3799 2025/802/3795
f 2029/794/3790 2027/797/3800 2028/798/3801
f 628/566/3802 2020/796/3803 1186/564/3804
f 1166/776/3805 2020/796/3806 1167/775/3807
f 1186/564/3804 2029/794/3808 1187/563/3809
f 627/808/3810 2022/804/3811 1165/810/3812
f 1161/809/3813 2023/801/3814 2022/804/3811
f 1165/810/3815 2021/795/3816 1166/776/3805
f 1113/525/3217 1159/760/3817 608/527/3218
f 1112/528/3221 2024/803/3797 1113/525/3217
f 2024/803/3797 1160/758/3818 1159/760/3817
f 621/291/2816 2026/799/3798 1111/530/3250
f 1110/807/3819 2027/797/3820 2026/799/3798
f 1111/530/3250 2025/802/3795 1112/528/3221
f 1188/562/3821 1108/805/3822 634/561/3823
f 1187/563/3809 2028/798/3824 1188/562/3821
f 2028/798/3801 1109/806/3825 1108/805/3826
f 2030/811/3827 2034/812/3828 2033/814/3829
f 2031/813/3830 2035/816/3831 2034/812/3832
f 2033/814/3833 2037/815/3834 2036/820/3835
f 2034/812/3836 2038/818/3837 2037/815/3834
f 630/495/3838 2030/811/3839 1189/493/3840
f 1176/819/3841 2031/813/3842 2030/811/3827
f 1175/825/3843 2032/817/3844 2031/813/3845
f 1174/824/3846 1101/471/3847 2032/817/3844
f 2032/817/3848 1100/905/3134 2035/816/3831
f 2035/816/3831 1099/474/3130 2038/818/3837
f 2038/818/3837 620/317/2841 1098/823/3849
f 2037/815/3850 1098/823/3851 1097/822/3852
f 2036/820/3853 1097/822/3854 1096/821/3855
f 1191/491/3856 1096/821/3857 629/490/3858
f 1190/492/3859 2036/820/3860 1191/491/3856
f 1189/493/3840 2033/814/3861 1190/492/3859
f 2039/826/3862 2043/827/3863 2042/829/3864
f 2040/828/3865 2044/831/3866 2043/827/3863
f 2042/829/3864 2046/830/3867 2045/835/3868
f 2043/827/3863 2047/833/3869 2046/830/3867
f 633/443/3870 2039/826/3871 1192/441/3872
f 1182/834/3873 2040/828/3874 2039/826/3862
f 1181/917/3875 2041/832/3876 2040/828/3865
f 1180/839/3877 1089/418/3021 2041/832/3876
f 2041/832/3876 1088/419/3039 2044/831/3866
f 2044/831/3866 1087/421/3038 2047/833/3869
f 2047/833/3869 619/338/2873 1086/838/3878
f 2046/830/3867 1086/838/3878 1085/837/3879
f 2045/835/3868 1085/837/3879 1084/836/3880
f 1194/439/3881 1084/836/3882 631/438/3883
f 1193/440/3884 2045/835/3885 1194/439/3881
f 1192/441/3872 2042/829/3886 1193/440/3884
f 2048/841/3887 2052/842/3888 2051/844/3889
f 2049/843/3890 2053/846/3891 2052/842/3888
f 2051/844/3889 2055/845/3892 2054/849/3893
f 2052/842/3888 2056/848/3894 2055/845/3892
f 634/561/3823 2048/841/3895 1195/579/3896
f 1108/805/3826 2049/843/3897 2048/841/3887
f 1109/806/3898 2050/847/3899 2049/843/3890
f 1110/807/3819 1116/293/2817 2050/847/3899
f 2050/847/3899 1115/294/2830 2053/846/3891
f 2053/846/3891 1114/895/2828 2056/848/3894
f 2056/848/3894 609/470/2829 1174/824/3846
f 2055/845/3900 1174/824/3846 1175/825/3843
f 2054/849/3901 1175/825/3902 1176/819/3841
f 1197/577/3903 1176/819/3904 630/495/3838
f 1196/578/3905 2054/849/3906 1197/577/3903
f 1195/579/3896 2051/844/3907 1196/578/3905
f 2057/850/3908 2061/918/3909 2060/853/3910
f 2058/852/3911 2062/919/3912 2061/918/3913
f 2060/853/3910 2064/854/3914 2063/858/3915
f 2061/918/3909 2065/857/3916 2064/854/3914
f 629/490/3858 2057/850/3917 1198/509/3918
f 1096/821/3855 2058/852/3919 2057/850/3920
f 1097/822/3852 2059/856/3921 2058/852/3911
f 1098/823/3849 1104/315/2840 2059/856/3921
f 2059/856/3921 1103/897/2864 2062/919/3912
f 2062/919/3922 1102/319/2862 2065/857/3916
f 2065/857/3923 611/417/2861 1180/839/3924
f 2064/854/3925 1180/839/3924 1181/917/3926
f 2063/858/3927 1181/917/3926 1182/834/3928
f 1200/507/3929 1182/834/3930 633/443/3870
f 1199/907/3931 2063/858/3932 1200/507/3929
f 1198/509/3918 2060/853/3933 1199/907/3931
f 2066/859/3934 2070/860/3935 2069/862/3936
f 2067/861/3937 2071/864/3938 2070/860/3935
f 2069/862/3936 2073/863/3939 2072/867/3940
f 2070/860/3935 2074/866/3941 2073/863/3939
f 631/438/3883 2066/859/3942 1201/460/3943
f 1084/836/3880 2067/861/3937 2066/859/3934
f 1085/837/3879 2068/865/3944 2067/861/3937
f 1086/838/3878 1092/340/2874 2068/865/3944
f 2068/865/3944 1091/900/2887 2071/864/3938
f 2071/864/3938 1090/342/2886 2074/866/3941
f 2074/866/3941 613/871/2264 895/870/2263
f 2073/863/3939 895/870/2263 896/869/2262
f 2072/867/3940 896/869/2262 897/868/3945
f 1203/458/3946 897/868/2259 632/457/2259
f 1202/904/3947 2072/867/3948 1203/458/3946
f 1201/460/3943 2069/862/3949 1202/904/3947
f 2075/920/3950 2094/921/3951 2093/922/3952
f 1210/923/3953 2093/922/3954 2092/924/3955
f 2119/925/3956 1941/647/3957 1062/655/3958
f 2220/926/3959 926/691/3960 927/707/3961
f 2289/925/3962 1508/647/3963 2292/927/3964
f 2194/928/3965 1689/116/3966 1688/117/3967
f 2225/929/3968 925/692/3969 2224/930/3969
f 473/1/520 2192/1/520 2189/1/3970
f 2242/931/3971 657/14/3972 1215/4/3973
f 509/1/3974 2104/1/3975 2105/1/582
f 496/1/564 2182/1/564 2184/1/564
f 2258/932/3976 1374/388/1282 1376/390/1284
f 2182/933/3977 1644/3/3978 1643/4/3979
f 115/1/246 2238/1/246 2239/1/244
f 2183/934/3980 1645/872/3981 1644/3/3982
f 518/1/593 2194/1/593 2195/1/3983
f 2256/935/3984 1372/386/1279 1374/388/1281
f 2240/933/3985 1215/4/3986 1224/3/3987
f 2258/1/3988 2257/1/3989 283/1/178
f 194/1/574 2087/1/3990 2089/1/3991
f 2090/936/3992 2095/937/3993 953/706/3994
f 2130/938/3995 1934/643/3996 1137/642/3997
f 2236/939/3998 1223/12/3999 654/27/4000
f 2238/940/4001 1224/3/4002 1223/12/4003
f 2165/1/4004 335/1/247 2164/1/4005
f 2203/1/4006 2204/1/4007 459/1/493
f 2272/941/4008 852/642/4009 2274/942/4010
f 2260/943/4011 792/379/4012 1366/374/4013
f 2237/1/274 349/1/274 2236/1/274
f 2122/944/4014 1942/649/4015 1941/647/4016
f 436/1/4017 2127/1/4018 2126/1/4019
f 2133/1/4020 2134/1/4021 439/1/474
f 2289/1/4022 2288/1/4023 273/1/156
f 183/1/455 2106/1/4024 2110/1/4025
f 2199/1/593 521/1/4026 2198/1/4027
f 501/1/247 2169/1/4028 2171/1/4029
f 2265/945/4030 2264/946/4030 1314/891/4030
f 2168/1/4031 333/1/247 2167/1/4005
f 2180/947/4032 1643/4/4033 949/14/4034
f 339/1/4035 2214/1/4035 2213/1/4036
f 2139/948/4037 1806/388/4038 1805/386/2956
f 325/1/244 2242/1/244 2243/1/244
f 2151/949/4039 1801/378/4040 1800/376/4041
f 2176/950/4042 1656/38/4042 1655/29/4043
f 2149/1/4044 2154/1/4045 184/1/4046
f 2136/951/4047 1068/391/4048 1937/641/3443
f 2255/1/4049 272/1/4050 2266/1/4051
f 2201/952/4052 958/136/4053 1690/125/4054
f 2149/953/4055 992/253/4056 1801/378/4057
f 2221/954/4058 2222/955/4059 925/692/4060
f 207/1/564 2174/1/564 2175/1/564
f 2211/1/4061 2212/1/4062 340/1/249
f 2261/956/4063 1368/376/4064 2262/949/4065
f 2125/957/4066 1137/642/3997 1943/653/4067
f 2280/1/4068 2279/1/4069 282/1/175
f 2084/926/4070 1209/707/4071 1208/911/4072
f 2102/958/4073 587/80/4074 955/702/4075
f 2216/959/4076 581/705/4077 660/706/4078
f 2276/637/4079 2275/960/4080 1501/643/4081
f 505/1/569 2095/1/4082 2096/1/569
f 524/1/594 2155/1/594 2161/1/595
f 443/1/4083 2142/1/4084 2143/1/4085
f 2113/90/4086 2114/961/4087 952/962/4088
f 473/1/520 474/1/520 471/1/520
f 530/1/597 2162/1/597 2163/1/4089
f 334/1/247 2165/1/4004 2166/1/4004
f 2282/963/4090 792/379/4091 2283/964/4092
f 2119/965/4093 1909/585/4094 2118/966/4095
f 350/1/274 2233/1/274 2234/1/274
f 2205/967/4096 660/706/4097 661/704/4098
f 2210/968/4099 639/79/4100 2249/969/4101
f 511/1/4102 2082/1/4103 2081/1/4104
f 2100/970/4105 2101/971/4106 955/702/4107
f 2126/972/4108 1943/653/4109 1942/649/4110
f 2276/1/4111 2275/1/4112 92/1/196
f 2230/1/4113 351/1/275 2229/1/274
f 2167/973/4114 2170/974/4115 651/40/4116
f 275/1/4117 2255/1/4049 2254/1/4118
f 2142/963/4119 1077/379/4120 1807/390/4121
f 490/1/565 2178/1/4122 2179/1/564
f 2294/1/4123 314/1/4124 2291/1/4125
f 207/1/247 2173/1/4005 2174/1/247
f 2259/953/4126 701/253/4127 2263/252/4128
f 351/1/275 2230/1/4113 2232/1/4129
f 1226/30/4130 1235/29/4131 2164/975/4132
f 341/1/252 2249/1/4133 2210/1/4134
f 527/1/594 2161/1/595 2162/1/597
f 2157/946/4135 2156/945/4135 1751/891/4135
f 2137/1/4136 2138/1/4084 441/1/4137
f 2278/976/4138 1504/635/1770 1506/641/1776
f 2244/977/4139 2246/978/4140 1234/38/4141
f 2230/979/4142 1267/116/4143 1266/125/4144
f 1208/911/4072 1207/692/4145 2080/954/4146
f 2293/944/4147 1508/647/4148 1511/649/4149
f 2168/1/4031 2170/1/4150 2169/1/4028
f 463/1/497 2084/1/4151 2086/1/4152
f 2132/960/4153 2133/637/4154 1934/643/3996
f 493/1/564 2180/1/564 2181/1/564
f 2120/1/4155 476/1/4156 2123/1/4157
f 2164/1/4005 119/1/247 2247/1/247
f 274/1/4158 2295/1/4159 2293/1/4160
f 431/1/4161 2111/1/4162 2107/1/4163
f 326/1/244 2240/1/244 2241/1/244
f 2179/980/4164 949/14/4165 1656/38/4166
f 2092/1/4167 2091/1/4168 468/1/4169
f 2135/981/4170 1937/641/3443 1936/635/3438
f 2233/928/4171 1258/117/4172 1267/116/4173
f 503/1/247 2172/1/4174 2173/1/4005
f 2076/929/4175 1207/692/4175 2204/982/4175
f 2109/1/4176 430/1/4177 2108/1/4178
f 2245/1/244 2248/1/244 119/1/244
f 2269/961/4179 2268/90/4179 659/962/4179
f 2141/932/4180 1807/390/4181 1806/388/2959
f 2207/983/4182 661/704/4183 662/702/4184
f 665/136/4185 1527/680/4186 925/692/4187
f 469/1/520 2197/1/520 2196/1/520
f 2287/1/4188 2290/1/4189 314/1/4124
f 2271/972/4190 1511/649/4191 1514/653/4192
f 2186/939/4193 1645/872/4194 2185/984/4195
f 1655/29/4043 1654/30/4196 2173/975/4197
f 2150/985/4198 1800/376/4199 1799/374/4200
f 2245/950/4201 1235/29/4131 1234/38/4201
f 2185/1/593 2186/1/593 515/1/593
f 2096/986/4202 954/704/4203 953/706/4204
f 2087/987/4205 635/705/4206 1209/707/4071
f 2092/924/4207 2091/988/4208 1210/923/4209
f 2113/1/4210 2114/1/4211 433/1/443
f 1207/692/4212 1960/680/4213 958/136/4214
f 2262/949/4215 1370/378/4216 2259/953/4217
f 2169/973/4218 1654/30/4196 651/40/4219
f 200/1/4220 2163/1/4089 2160/1/4221
f 537/80/4222 2211/989/4223 662/702/4224
f 2215/987/4225 927/707/3961 581/705/4226
f 107/1/203 2215/1/4227 2219/1/4228
f 2289/965/4229 1480/585/4230 777/595/4231
f 2137/990/4232 1805/386/4233 1068/391/2974
f 281/1/4234 2283/1/4235 2282/1/4236
f 324/1/245 2246/1/4237 2245/1/244
f 459/1/493 2076/1/4238 2077/1/4239
f 2187/991/4240 1688/117/4241 946/27/4242
f 2228/952/4243 1266/125/4244 665/136/4245
f 2235/991/4246 654/27/4247 1258/117/4248
f 441/1/471 2139/1/4249 2140/1/4250
f 2273/938/4251 852/642/4009 1501/643/4081
f 2080/1/4252 461/1/4253 2079/1/4254
f 2268/1/4255 2267/1/4256 272/1/153
f 2253/1/4257 2252/1/4258 94/1/174
f 2216/1/4259 342/1/263 2213/1/4036
f 2102/1/4260 507/1/570 2101/1/4261
f 2144/992/4262 1799/374/4263 1077/379/4264
f 483/1/4265 2146/1/4266 2145/1/4267
f 340/1/249 2206/1/4268 2207/1/4062
f 505/1/4269 2096/1/4270 2099/1/4261
f 490/1/565 2177/1/4271 2178/1/4122
f 2119/1/4272 2121/1/4273 436/1/448
f 2280/990/4274 1372/386/1287 2281/993/4275
f 2103/968/4276 934/79/4277 2102/958/4278
f 2279/951/4279 783/391/1791 2280/990/4280
f 515/1/593 2187/1/593 2193/1/593
f 1690/125/4281 1689/116/4282 2198/979/4283
f 211/1/1 213/1/4 214/1/2
f 213/1/4 216/1/11 217/1/2
f 32/1/5 211/1/1 212/1/3
f 33/1/6 212/1/3 71/1/7
f 212/1/3 214/1/2 72/1/9
f 214/1/2 217/1/2 73/1/10
f 217/1/2 51/1/12 9/1/10
f 216/1/11 50/1/11 51/1/12
f 215/1/13 49/1/13 50/1/11
f 70/1/14 8/1/4284 49/1/13
f 221/1/15 222/1/15 219/1/16
f 222/1/15 223/1/15 220/1/16
f 224/1/15 225/1/15 222/1/15
f 225/1/15 226/1/16 223/1/15
f 76/1/16 218/1/16 34/1/16
f 218/1/16 219/1/16 35/1/16
f 219/1/16 220/1/16 36/1/16
f 54/1/16 8/1/16 70/1/16
f 53/1/16 54/1/16 226/1/16
f 52/1/16 53/1/16 225/1/15
f 25/1/16 52/1/16 224/1/15
f 74/1/15 224/1/15 221/1/15
f 75/1/15 221/1/15 218/1/16
f 227/1/17 230/1/23 231/1/18
f 228/1/20 231/1/25 232/1/21
f 230/1/23 233/1/45 234/1/24
f 231/1/25 234/1/43 235/1/26
f 4/1/27 82/1/52 227/1/28
f 37/1/30 227/1/17 228/1/19
f 38/1/32 228/1/20 229/1/22
f 39/1/34 229/1/37 83/1/35
f 229/1/37 232/1/39 84/1/38
f 232/1/39 235/1/42 85/1/40
f 57/1/41 12/1/4285 85/1/40
f 234/1/43 56/1/4286 57/1/44
f 233/1/45 55/1/4287 56/1/46
f 80/1/47 11/1/4288 55/1/48
f 81/1/50 80/1/47 233/1/49
f 82/1/52 81/1/50 230/1/51
f 239/1/53 240/1/54 237/1/54
f 240/1/54 241/1/57 238/1/55
f 242/1/56 243/1/54 240/1/54
f 243/1/54 244/1/65 241/1/57
f 71/1/58 236/1/53 40/1/59
f 236/1/53 237/1/54 41/1/61
f 237/1/54 238/1/55 42/1/62
f 238/1/55 86/1/64 6/1/63
f 241/1/57 87/1/66 86/1/64
f 244/1/65 88/1/68 87/1/66
f 60/1/67 13/1/147 88/1/68
f 59/1/69 60/1/67 244/1/65
f 58/1/70 59/1/69 243/1/54
f 9/1/71 58/1/70 242/1/56
f 73/1/72 242/1/56 239/1/53
f 72/1/58 239/1/53 236/1/53
f 245/1/73 248/1/73 249/1/74
f 246/1/75 249/1/74 250/1/76
f 248/1/73 251/1/86 252/1/78
f 249/1/74 252/1/78 253/1/76
f 5/1/36 83/1/35 245/1/73
f 43/1/79 245/1/73 246/1/75
f 44/1/80 246/1/75 247/1/77
f 45/1/81 247/1/77 79/1/82
f 247/1/77 250/1/76 78/1/83
f 250/1/76 253/1/76 77/1/83
f 253/1/76 63/1/85 10/1/84
f 252/1/78 62/1/87 63/1/85
f 251/1/86 61/1/88 62/1/87
f 85/1/40 12/1/4285 61/1/88
f 84/1/38 85/1/40 251/1/86
f 83/1/35 84/1/38 248/1/73
f 257/1/89 258/1/96 255/1/90
f 258/1/92 259/1/98 256/1/93
f 260/1/95 261/1/4289 258/1/96
f 261/1/97 262/1/4290 259/1/98
f 79/1/99 254/1/118 69/1/100
f 254/1/91 255/1/90 68/1/102
f 255/1/94 256/1/93 67/1/104
f 256/1/106 91/1/110 7/1/107
f 259/1/109 90/1/112 91/1/110
f 262/1/111 89/1/4291 90/1/112
f 10/1/113 120/1/4292 260/1/114
f 77/1/115 260/1/114 257/1/116
f 78/1/117 257/1/116 254/1/118
f 266/1/119 267/1/126 264/1/120
f 267/1/122 268/1/128 265/1/123
f 269/1/125 270/1/146 267/1/126
f 270/1/127 271/1/144 268/1/128
f 86/1/64 263/1/150 46/1/129
f 263/1/121 264/1/120 47/1/130
f 264/1/124 265/1/123 48/1/132
f 265/1/134 82/1/138 4/1/135
f 268/1/137 81/1/140 82/1/138
f 271/1/139 80/1/142 81/1/140
f 66/1/141 11/1/4293 80/1/142
f 65/1/143 66/1/4294 271/1/144
f 64/1/145 65/1/4295 270/1/146
f 13/1/147 64/1/4296 269/1/148
f 88/1/68 269/1/148 266/1/149
f 87/1/66 266/1/149 263/1/150
f 275/1/151 276/1/158 273/1/152
f 276/1/154 277/1/160 274/1/155
f 278/1/157 279/1/171 276/1/158
f 279/1/159 280/1/169 277/1/160
f 2271/1/162 274/1/4158 277/1/163
f 277/1/163 92/1/165 2272/1/161
f 92/1/165 2273/1/4297 2274/1/4298
f 2272/1/161 92/1/165 2274/1/4298
f 280/1/164 93/1/167 92/1/165
f 45/1/166 3/1/4299 93/1/167
f 44/1/168 45/1/4300 280/1/169
f 43/1/170 44/1/4301 279/1/171
f 5/1/172 43/1/4302 278/1/173
f 282/1/175 285/1/190 286/1/176
f 283/1/178 286/1/188 287/1/179
f 281/1/181 284/1/184 96/1/182
f 284/1/184 287/1/186 97/1/185
f 287/1/186 67/1/4303 7/1/187
f 286/1/188 68/1/4304 67/1/189
f 285/1/190 69/1/4305 68/1/191
f 3/1/192 69/1/4305 285/1/193
f 93/1/194 285/1/193 282/1/195
f 289/1/197 292/1/197 293/1/197
f 290/1/198 293/1/197 294/1/197
f 291/1/197 294/1/197 101/1/197
f 294/1/197 49/1/197 8/1/197
f 293/1/197 50/1/197 49/1/197
f 292/1/197 51/1/197 50/1/197
f 102/1/199 9/1/4306 51/1/197
f 103/1/199 102/1/199 292/1/197
f 104/1/199 103/1/199 289/1/197
f 298/1/200 299/1/200 296/1/200
f 299/1/200 300/1/200 297/1/200
f 300/1/200 106/1/200 105/1/200
f 52/1/200 25/1/200 106/1/200
f 53/1/200 52/1/200 300/1/200
f 54/1/200 53/1/200 299/1/200
f 8/1/200 54/1/200 298/1/200
f 101/1/200 298/1/200 295/1/200
f 301/1/201 48/1/4307 4/1/202
f 304/1/204 305/1/211 303/1/205
f 56/1/207 55/1/4308 306/1/208
f 57/1/210 56/1/4309 305/1/211
f 12/1/212 57/1/4310 304/1/213
f 311/1/215 312/1/215 309/1/215
f 312/1/215 313/1/215 310/1/215
f 310/1/215 103/1/199 104/1/199
f 313/1/215 102/1/199 103/1/199
f 58/1/215 9/1/4306 102/1/199
f 59/1/215 58/1/215 313/1/215
f 60/1/215 59/1/215 312/1/215
f 13/1/216 60/1/215 311/1/215
f 111/1/217 311/1/215 308/1/215
f 314/1/219 316/1/222 317/1/220
f 316/1/222 319/1/232 320/1/223
f 317/1/224 320/1/230 321/1/225
f 321/1/227 61/1/4311 12/1/228
f 320/1/230 62/1/4312 61/1/231
f 319/1/232 63/1/4313 62/1/233
f 98/1/234 10/1/4314 63/1/235
f 99/1/237 98/1/234 319/1/236
f 322/1/239 323/1/242 98/1/240
f 323/1/242 120/1/4315 10/1/243
f 327/1/244 328/1/244 325/1/244
f 328/1/244 329/1/244 326/1/244
f 330/1/244 331/1/244 328/1/244
f 331/1/244 332/1/244 329/1/244
f 329/1/244 116/1/246 115/1/246
f 332/1/244 117/1/246 116/1/246
f 33/1/244 2/1/246 117/1/246
f 32/1/244 33/1/244 332/1/244
f 31/1/244 32/1/244 331/1/244
f 1/1/244 31/1/244 330/1/244
f 118/1/244 330/1/244 327/1/244
f 333/1/247 336/1/247 337/1/247
f 334/1/247 337/1/247 338/1/247
f 335/1/247 338/1/247 118/1/247
f 338/1/247 36/1/247 1/1/247
f 337/1/247 35/1/247 36/1/247
f 336/1/247 34/1/247 35/1/247
f 114/1/247 17/1/247 34/1/247
f 113/1/247 114/1/247 336/1/247
f 342/1/248 343/1/261 340/1/249
f 340/1/249 343/1/258 344/1/251
f 2250/1/255 341/1/4316 344/1/256
f 344/1/256 94/1/253 2250/1/255
f 344/1/256 39/1/4317 5/1/257
f 343/1/258 38/1/4318 39/1/259
f 37/1/260 38/1/4318 343/1/261
f 4/1/262 37/1/4319 342/1/263
f 348/1/265 111/1/217 112/1/218
f 64/1/267 13/1/216 111/1/217
f 65/1/268 64/1/4320 348/1/269
f 66/1/271 65/1/4321 347/1/272
f 349/1/274 352/1/274 353/1/274
f 350/1/274 353/1/274 354/1/274
f 352/1/274 355/1/274 356/1/274
f 353/1/274 356/1/274 357/1/274
f 2229/1/274 351/1/275 354/1/274
f 354/1/274 109/1/277 2231/1/274
f 109/1/277 2228/1/274 2231/1/274
f 354/1/274 357/1/274 108/1/276
f 357/1/274 42/1/274 6/1/278
f 356/1/274 41/1/274 42/1/274
f 355/1/274 40/1/274 41/1/274
f 117/1/246 2/1/246 40/1/274
f 116/1/246 117/1/246 355/1/274
f 115/1/246 116/1/246 352/1/274
f 358/1/279 361/1/279 362/1/279
f 359/1/279 362/1/279 363/1/279
f 361/1/279 364/1/282 365/1/279
f 362/1/279 365/1/279 366/1/280
f 365/1/279 90/1/281 89/1/281
f 364/1/282 91/1/279 90/1/281
f 97/1/282 7/1/279 91/1/279
f 96/1/279 97/1/282 364/1/282
f 95/1/279 96/1/279 361/1/279
f 367/1/283 370/1/284 371/1/284
f 368/1/285 371/1/284 372/1/286
f 370/1/284 373/1/296 374/1/288
f 371/1/284 374/1/288 375/1/288
f 15/1/289 121/1/301 367/1/283
f 162/1/289 367/1/283 368/1/285
f 161/1/290 368/1/285 369/1/287
f 160/1/291 369/1/287 139/1/292
f 369/1/287 372/1/286 140/1/286
f 372/1/286 375/1/288 141/1/294
f 375/1/288 165/1/295 24/1/295
f 374/1/288 164/1/297 165/1/295
f 373/1/296 163/1/299 164/1/297
f 123/1/298 16/1/4322 163/1/299
f 122/1/300 123/1/298 373/1/296
f 121/1/301 122/1/300 370/1/284
f 379/1/16 380/1/15 377/1/15
f 380/1/15 381/1/15 378/1/15
f 382/1/16 383/1/15 380/1/15
f 383/1/15 384/1/15 381/1/15
f 124/1/16 376/1/16 76/1/16
f 376/1/16 377/1/15 75/1/15
f 377/1/15 378/1/15 74/1/15
f 378/1/15 142/1/16 25/1/16
f 381/1/15 143/1/16 142/1/16
f 384/1/15 144/1/16 143/1/16
f 160/1/15 23/1/16 144/1/16
f 161/1/15 160/1/15 384/1/15
f 162/1/16 161/1/15 383/1/15
f 15/1/16 162/1/16 382/1/16
f 126/1/16 382/1/16 379/1/16
f 125/1/16 379/1/16 376/1/16
f 385/1/302 388/1/336 389/1/303
f 386/1/304 389/1/303 390/1/305
f 388/1/307 391/1/334 392/1/308
f 389/1/309 392/1/308 393/1/310
f 19/1/312 127/1/4323 385/1/313
f 171/1/314 385/1/313 386/1/315
f 170/1/316 386/1/315 387/1/317
f 169/1/318 387/1/317 145/1/319
f 387/1/306 390/1/305 146/1/321
f 390/1/311 393/1/310 147/1/323
f 174/1/325 28/1/365 147/1/326
f 392/1/328 173/1/330 174/1/325
f 391/1/329 172/1/332 173/1/330
f 129/1/331 20/1/363 172/1/332
f 128/1/333 129/1/4324 391/1/334
f 127/1/335 128/1/4325 388/1/336
f 397/1/337 398/1/337 395/1/338
f 398/1/337 399/1/337 396/1/339
f 400/1/340 401/1/341 398/1/337
f 401/1/341 402/1/347 399/1/337
f 130/1/342 394/1/338 163/1/343
f 394/1/338 395/1/338 164/1/343
f 395/1/338 396/1/339 165/1/345
f 396/1/339 148/1/346 24/1/345
f 399/1/337 149/1/348 148/1/346
f 402/1/347 150/1/350 149/1/348
f 177/1/349 29/1/425 150/1/350
f 176/1/351 177/1/349 402/1/347
f 175/1/352 176/1/351 401/1/341
f 21/1/353 175/1/352 400/1/340
f 132/1/354 400/1/340 397/1/337
f 131/1/355 397/1/337 394/1/338
f 403/1/356 406/1/361 407/1/357
f 404/1/358 407/1/357 408/1/359
f 406/1/361 409/1/370 410/1/362
f 407/1/357 410/1/362 411/1/362
f 20/1/363 133/1/374 403/1/356
f 172/1/332 403/1/356 404/1/358
f 173/1/330 404/1/358 405/1/360
f 174/1/325 405/1/360 151/1/364
f 405/1/360 408/1/359 152/1/366
f 408/1/359 411/1/362 153/1/367
f 411/1/362 166/1/369 26/1/368
f 410/1/362 167/1/369 166/1/369
f 409/1/370 168/1/372 167/1/369
f 135/1/371 18/1/372 168/1/372
f 134/1/373 135/1/371 409/1/370
f 133/1/374 134/1/373 406/1/361
f 415/1/375 416/1/378 413/1/376
f 416/1/378 417/1/394 414/1/379
f 418/1/380 419/1/383 416/1/381
f 419/1/383 420/1/396 417/1/384
f 159/1/385 412/1/388 168/1/386
f 412/1/388 413/1/390 167/1/389
f 413/1/390 414/1/392 166/1/391
f 414/1/392 210/1/4326 26/1/393
f 417/1/394 209/1/4327 210/1/395
f 420/1/396 208/1/4328 209/1/397
f 178/1/398 30/1/4329 208/1/399
f 179/1/401 178/1/398 420/1/400
f 180/1/403 179/1/401 419/1/402
f 22/1/405 180/1/403 418/1/404
f 157/1/407 418/1/380 415/1/382
f 158/1/409 415/1/375 412/1/377
f 424/1/411 425/1/414 422/1/412
f 425/1/414 426/1/426 423/1/415
f 427/1/416 428/1/419 425/1/417
f 428/1/419 429/1/428 426/1/420
f 136/1/421 421/1/422 175/1/352
f 421/1/422 422/1/423 176/1/351
f 422/1/423 423/1/424 177/1/349
f 423/1/424 154/1/4330 29/1/425
f 426/1/426 155/1/4331 154/1/427
f 429/1/428 156/1/4332 155/1/429
f 169/1/430 27/1/4333 156/1/431
f 170/1/433 169/1/430 429/1/432
f 171/1/435 170/1/433 428/1/434
f 19/1/437 171/1/435 427/1/436
f 138/1/439 427/1/416 424/1/418
f 137/1/441 424/1/411 421/1/413
f 433/1/443 434/1/446 431/1/444
f 434/1/446 435/1/456 432/1/447
f 436/1/448 437/1/451 434/1/449
f 437/1/451 438/1/458 435/1/452
f 432/1/453 133/1/4334 20/1/454
f 435/1/456 134/1/4335 133/1/457
f 438/1/458 135/1/4336 134/1/459
f 182/1/460 18/1/4337 135/1/461
f 181/1/463 182/1/460 438/1/462
f 437/1/466 436/1/4017 2126/1/4019
f 2126/1/4019 2125/1/467 437/1/466
f 2125/1/467 2129/1/4338 181/1/465
f 2129/1/4338 2130/1/4339 181/1/465
f 439/1/468 441/1/4137 442/1/469
f 441/1/471 444/1/4340 445/1/472
f 439/1/474 440/1/476 182/1/475
f 440/1/476 159/1/479 18/1/477
f 440/1/470 442/1/469 158/1/478
f 442/1/473 445/1/472 157/1/480
f 445/1/482 186/1/486 22/1/483
f 444/1/485 185/1/488 186/1/486
f 443/1/487 184/1/4046 185/1/488
f 447/1/489 449/1/490 450/1/489
f 449/1/490 451/1/489 452/1/489
f 193/1/491 446/1/489 447/1/489
f 192/1/491 447/1/489 448/1/489
f 191/1/491 448/1/489 141/1/489
f 448/1/489 450/1/489 140/1/489
f 450/1/489 452/1/489 139/1/489
f 452/1/489 190/1/489 23/1/489
f 451/1/489 189/1/489 190/1/489
f 455/1/200 456/1/200 454/1/200
f 457/1/200 458/1/200 456/1/200
f 453/1/200 454/1/200 190/1/200
f 454/1/200 144/1/200 23/1/200
f 456/1/200 143/1/200 144/1/200
f 458/1/200 142/1/200 143/1/200
f 106/1/200 25/1/200 142/1/200
f 105/1/200 106/1/200 458/1/200
f 459/1/493 461/1/4341 462/1/494
f 462/1/494 461/1/4253 2080/1/4252
f 2083/1/496 2084/1/4151 463/1/497
f 462/1/494 2080/1/4252 2083/1/496
f 196/1/498 459/1/493 460/1/495
f 195/1/499 460/1/495 136/1/500
f 460/1/495 462/1/494 137/1/502
f 462/1/494 463/1/497 138/1/503
f 463/1/497 194/1/4342 19/1/504
f 466/1/505 467/1/514 465/1/506
f 467/1/509 466/1/4343 2098/1/510
f 2098/1/510 2097/1/4344 468/1/508
f 2097/1/4344 2094/1/4168 468/1/508
f 465/1/511 147/1/4345 28/1/512
f 467/1/514 146/1/4346 147/1/515
f 468/1/508 145/1/4347 146/1/516
f 145/1/519 468/1/4169 2088/1/517
f 2088/1/517 2085/1/4348 27/1/518
f 471/1/520 472/1/520 470/1/520
f 474/1/520 475/1/520 472/1/520
f 469/1/520 470/1/520 198/1/521
f 470/1/520 150/1/520 29/1/523
f 472/1/520 149/1/520 150/1/520
f 475/1/520 148/1/520 149/1/520
f 191/1/491 24/1/492 148/1/520
f 192/1/491 191/1/491 475/1/520
f 193/1/491 192/1/491 474/1/520
f 476/1/524 479/1/4349 480/1/525
f 477/1/526 480/1/525 481/1/527
f 188/1/529 477/1/4350 478/1/530
f 187/1/531 478/1/530 153/1/532
f 478/1/528 481/1/527 152/1/534
f 481/1/536 482/1/4351 151/1/537
f 482/1/539 197/1/4352 28/1/540
f 486/1/542 487/1/555 485/1/543
f 488/1/545 489/1/557 487/1/546
f 483/1/548 484/1/551 201/1/549
f 484/1/551 485/1/553 202/1/552
f 485/1/553 208/1/4353 30/1/554
f 487/1/555 209/1/4354 208/1/556
f 489/1/557 210/1/561 209/1/558
f 489/1/559 187/1/563 26/1/560
f 488/1/562 188/1/4355 187/1/563
f 493/1/564 494/1/564 491/1/564
f 494/1/564 495/1/564 492/1/564
f 496/1/564 497/1/564 494/1/564
f 497/1/564 498/1/564 495/1/564
f 491/1/564 492/1/564 206/1/564
f 492/1/564 121/1/564 15/1/564
f 495/1/564 122/1/564 121/1/564
f 498/1/564 123/1/564 122/1/564
f 205/1/566 16/1/566 123/1/564
f 204/1/566 205/1/566 498/1/564
f 203/1/566 204/1/566 497/1/564
f 499/1/247 501/1/247 502/1/247
f 501/1/247 503/1/247 504/1/247
f 113/1/247 499/1/247 500/1/247
f 114/1/247 500/1/247 124/1/247
f 500/1/247 502/1/247 125/1/247
f 502/1/247 504/1/247 126/1/247
f 504/1/247 206/1/247 15/1/247
f 503/1/247 207/1/247 206/1/247
f 507/1/567 508/1/575 506/1/568
f 507/1/570 509/1/4356 510/1/571
f 506/1/568 127/1/4357 19/1/573
f 508/1/575 128/1/578 127/1/576
f 508/1/572 510/1/571 129/1/577
f 510/1/579 183/1/583 20/1/580
f 510/1/579 509/1/3974 2105/1/582
f 2105/1/582 2106/1/4358 183/1/583
f 512/1/584 155/1/4359 156/1/585
f 514/1/587 154/1/4360 155/1/588
f 198/1/521 29/1/523 154/1/590
f 199/1/522 198/1/521 514/1/591
f 515/1/593 518/1/593 519/1/593
f 516/1/593 519/1/593 520/1/593
f 518/1/593 521/1/4026 522/1/593
f 519/1/593 522/1/593 523/1/593
f 203/1/566 515/1/593 516/1/593
f 204/1/566 516/1/593 517/1/593
f 205/1/566 517/1/593 130/1/593
f 517/1/593 520/1/593 131/1/593
f 520/1/593 523/1/593 132/1/593
f 523/1/593 195/1/499 21/1/501
f 522/1/593 196/1/498 195/1/499
f 522/1/593 521/1/4026 2199/1/593
f 2199/1/593 2200/1/593 522/1/593
f 2200/1/593 2201/1/4361 196/1/498
f 524/1/594 527/1/594 528/1/594
f 525/1/594 528/1/594 529/1/594
f 527/1/594 530/1/597 531/1/594
f 528/1/594 531/1/594 532/1/595
f 184/1/594 524/1/594 525/1/594
f 185/1/594 525/1/594 526/1/594
f 186/1/595 526/1/594 180/1/594
f 526/1/594 529/1/594 179/1/594
f 529/1/594 532/1/595 178/1/595
f 532/1/595 202/1/595 30/1/596
f 531/1/594 201/1/594 202/1/595
f 530/1/597 200/1/4220 201/1/594
f 1216/2/598 1214/6/4362 1224/3/599
f 1217/5/601 1218/8/4363 1214/6/602
f 1220/7/604 1214/6/4364 1218/8/605
f 1222/10/607 1214/6/4365 1220/7/608
f 1223/12/610 1224/3/4366 1214/6/611
f 656/13/613 1216/2/4367 1215/4/614
f 545/15/616 716/17/619 1217/5/617
f 716/17/619 715/22/631 1218/8/620
f 655/16/621 1217/5/4368 1216/2/622
f 770/18/624 1219/9/4369 714/19/625
f 769/21/627 1220/7/4370 1219/9/628
f 1219/9/630 1218/8/620 715/22/631
f 652/23/633 1221/11/638 768/24/634
f 653/26/636 1222/10/607 1221/11/609
f 1221/11/638 1220/7/4370 769/21/627
f 654/27/639 1223/12/610 1222/10/612
f 1227/28/641 1225/32/4371 1235/29/642
f 1228/31/644 1229/34/4372 1225/32/645
f 1231/33/647 1225/32/4373 1229/34/648
f 1233/36/650 1225/32/4374 1231/33/651
f 1234/38/653 1235/29/4375 1225/32/654
f 650/39/656 1227/28/4376 1226/30/657
f 597/41/659 722/43/662 1228/31/660
f 722/43/662 721/48/674 1229/34/663
f 649/42/664 1228/31/4377 1227/28/665
f 776/44/667 1230/35/4378 720/45/668
f 775/47/670 1231/33/4379 1230/35/671
f 1230/35/673 1229/34/663 721/48/674
f 655/16/618 1232/37/680 774/49/676
f 656/13/677 1233/36/4380 1232/37/678
f 1232/37/680 1231/33/4379 775/47/670
f 657/14/681 1234/38/4381 1233/36/682
f 1236/50/684 1237/53/687 1240/51/685
f 1237/53/687 1238/62/697 1241/54/688
f 1239/52/686 1240/51/685 1243/55/689
f 1240/51/685 1241/54/688 1244/57/691
f 570/58/692 855/60/1852 1236/50/693
f 855/60/695 854/61/696 1237/53/687
f 854/61/696 853/63/1849 1238/62/697
f 853/63/698 554/675/1847 752/64/699
f 1238/62/700 752/64/699 751/65/701
f 1241/54/702 751/65/701 750/66/703
f 1244/57/704 750/66/703 547/67/705
f 1243/55/689 1244/57/691 731/68/707
f 1242/56/690 1243/55/689 730/69/708
f 846/71/710 1242/56/714 729/70/711
f 845/73/713 1239/52/715 1242/56/714
f 844/59/694 1236/50/693 1239/52/715
f 2252/879/4382 1245/82/4382 2253/76/718
f 1245/82/4382 1246/74/716 2253/76/718
f 1246/74/720 1247/86/4383 2255/77/719
f 1247/86/4383 2267/88/4384 2266/994/4385
f 2255/77/719 1247/86/4383 2266/994/4385
f 744/78/721 1245/82/4386 639/79/722
f 745/81/724 1246/74/4387 1245/82/725
f 2249/969/4388 639/79/4388 2250/84/728
f 639/79/4388 1245/82/729 2250/84/728
f 1245/82/729 2252/879/4389 2251/83/727
f 552/85/730 658/89/4390 1247/86/731
f 1247/86/4391 658/89/734 2267/88/733
f 658/89/734 659/962/4392 2268/90/735
f 746/87/736 1247/86/4393 1246/74/737
f 1248/91/739 1249/94/4394 1252/92/740
f 1249/94/742 1250/103/4395 1253/95/743
f 1251/93/745 1252/92/4396 1255/96/746
f 1252/92/748 1253/95/4397 1256/98/749
f 569/99/751 843/101/754 1248/91/752
f 843/101/754 842/102/756 1249/94/755
f 842/102/756 841/104/4398 1250/103/757
f 841/104/758 553/634/4399 749/105/759
f 1250/103/761 749/105/4400 748/106/762
f 1253/95/764 748/106/4401 747/107/765
f 1256/98/767 747/107/4402 546/108/768
f 1255/96/770 1256/98/4403 725/109/771
f 1254/97/773 1255/96/770 724/110/772
f 834/112/775 1254/97/4404 723/111/776
f 833/114/778 1251/93/745 1254/97/747
f 832/100/780 1248/91/739 1251/93/741
f 1259/115/782 1257/121/795 1267/116/783
f 1261/118/785 1257/121/4405 1259/115/786
f 1262/120/788 1263/123/4406 1257/121/789
f 1265/122/791 1257/121/4407 1263/123/792
f 1266/125/794 1267/116/783 1257/121/795
f 653/26/640 1259/115/4408 1258/117/797
f 544/25/635 710/126/799 1260/119/798
f 710/126/799 709/130/4409 1261/118/800
f 652/23/637 1260/119/4410 1259/115/801
f 764/127/802 1262/120/4411 708/128/803
f 764/127/805 763/135/4412 1263/123/806
f 1262/120/808 1261/118/4413 709/130/809
f 663/131/811 1264/124/817 762/132/812
f 664/134/814 1265/122/4414 1264/124/815
f 1264/124/817 1263/123/4415 763/135/818
f 665/136/819 1266/125/4416 1265/122/820
f 1269/137/822 699/250/4417 539/138/823
f 1268/140/825 1269/137/822 692/139/824
f 1272/142/827 1270/146/4418 1280/143/828
f 1273/145/830 1274/148/4419 1270/146/831
f 1276/147/833 1270/146/4420 1274/148/834
f 1278/150/836 1270/146/4421 1276/147/837
f 1279/152/839 1280/143/4422 1270/146/840
f 535/153/842 642/155/4423 1271/144/843
f 642/155/845 641/161/856 1272/142/846
f 1271/144/848 1280/143/4424 685/156/849
f 737/157/851 1273/145/855 640/158/852
f 736/160/854 1274/148/4425 1273/145/855
f 1273/145/855 1272/142/846 641/161/856
f 678/162/857 1275/149/863 735/163/858
f 679/165/860 1276/147/4426 1275/149/861
f 1275/149/863 1274/148/4427 736/160/864
f 687/166/865 1277/151/4428 680/167/866
f 688/169/868 1278/150/4429 1277/151/869
f 1277/151/871 1276/147/4430 679/165/872
f 542/170/874 686/172/4431 1279/152/875
f 686/172/877 685/156/4432 1280/143/878
f 689/171/880 1279/152/4433 1278/150/881
f 1281/173/883 1282/177/4434 1285/174/884
f 1283/176/886 1286/179/4435 1285/174/887
f 1285/174/889 1288/180/4436 1287/178/890
f 1286/179/892 1289/186/4437 1288/180/893
f 533/181/895 924/183/4438 1281/173/896
f 924/183/898 923/184/4439 1282/177/899
f 923/184/901 922/185/4440 1283/176/902
f 922/185/904 535/153/4441 684/154/905
f 684/154/907 685/156/4442 1286/179/908
f 685/156/910 686/172/4443 1289/186/911
f 686/172/913 542/170/4444 690/187/914
f 1289/186/916 690/187/4445 691/141/917
f 1288/180/919 691/141/4446 692/139/920
f 1287/178/922 692/139/4447 539/138/923
f 1284/175/925 1287/178/4448 674/188/926
f 672/182/928 1281/173/4449 1284/175/929
f 1292/190/931 1290/194/4450 1300/191/932
f 1293/193/934 1294/196/4451 1290/194/935
f 1296/195/937 1290/194/4452 1294/196/938
f 1298/198/940 1290/194/4453 1296/195/941
f 1299/200/943 1300/191/4454 1290/194/944
f 645/201/946 1291/192/950 681/202/947
f 644/204/949 1292/190/4455 1291/192/950
f 1291/192/951 1300/191/4456 682/205/952
f 740/206/954 1293/193/4457 643/207/955
f 739/209/957 1294/196/4458 1293/193/958
f 1293/193/960 1292/190/4459 644/204/961
f 675/210/963 1295/197/969 738/211/964
f 676/213/966 1296/195/4460 1295/197/967
f 1295/197/969 1294/196/4461 739/209/970
f 693/214/971 1297/199/975 677/215/972
f 694/217/974 1298/198/986 1297/199/975
f 1297/199/976 1296/195/4462 676/213/977
f 541/218/979 683/220/4463 1299/200/980
f 683/220/982 682/205/1035 1300/191/983
f 695/219/985 1299/200/4464 1298/198/986
f 1303/221/987 1301/231/4465 1311/222/988
f 1305/224/990 1301/231/4466 1303/221/991
f 1307/226/993 1301/231/4467 1305/224/994
f 1309/228/996 1301/231/4468 1307/226/997
f 1310/230/999 1311/222/4469 1301/231/1000
f 638/232/1002 1302/223/4470 678/162/1003
f 638/232/1005 637/237/4471 1303/221/1006
f 1302/223/1008 1311/222/4472 679/165/1009
f 734/233/1011 1304/225/4473 636/234/1012
f 733/236/1014 1305/224/4474 1304/225/1015
f 1304/225/1017 1303/221/4475 637/237/1018
f 536/203/948 681/202/947 1306/227/1020
f 681/202/1022 682/205/4476 1307/226/1023
f 732/238/1025 1306/227/4477 1305/224/1026
f 696/239/1028 1308/229/4478 683/220/1029
f 697/240/1031 1309/228/4479 1308/229/1032
f 1308/229/1034 1307/226/4480 682/205/1035
f 540/168/1036 680/167/4481 1310/230/1037
f 680/167/1039 679/165/4482 1311/222/1040
f 698/241/1042 1310/230/4483 1309/228/1043
f 1312/242/1045 1313/245/4484 1316/243/1046
f 1313/245/1048 1314/891/4485 1317/246/1049
f 1315/244/1051 1316/243/4486 1319/247/1052
f 1316/243/1054 1317/246/4487 1320/249/1055
f 699/250/1057 1312/242/4488 674/251/1058
f 1317/246/1062 1314/891/4489 2263/252/1060
f 1314/891/4489 2264/946/4490 2263/252/1060
f 701/253/1063 700/254/4491 1320/249/1064
f 700/254/1066 555/385/4492 755/255/1067
f 1319/247/1069 1320/249/4493 755/255/1070
f 1318/248/1072 1319/247/4494 754/256/1073
f 672/258/1075 1318/248/4495 753/257/1076
f 673/259/1078 1315/244/4496 1318/248/1079
f 674/251/1081 1312/242/4497 1315/244/1082
f 1322/260/1084 1325/264/4498 1324/261/1085
f 1323/263/1087 1326/266/4499 1325/264/1088
f 1325/264/1090 1328/267/4500 1327/265/1091
f 1326/266/1093 1329/276/4501 1328/267/1094
f 780/268/1096 1321/262/4502 924/269/1097
f 781/271/1099 1322/260/4503 1321/262/1100
f 782/272/1102 1323/263/4504 1322/260/1103
f 563/273/1105 859/274/4505 1323/263/1106
f 859/274/1108 860/275/4506 1326/266/1109
f 860/275/1111 861/277/4507 1329/276/1112
f 861/277/1114 571/716/4508 858/278/1115
f 1329/276/1117 858/278/4509 857/279/1118
f 1328/267/1119 857/279/1118 856/280/1120
f 1327/265/1121 856/280/1120 535/153/1122
f 1324/261/1124 1327/265/4510 922/281/1125
f 1321/262/1127 1324/261/4511 923/282/1128
f 1330/283/1130 1331/286/1133 1334/284/1131
f 1331/286/1133 1332/295/1142 1335/287/1134
f 1334/284/1131 1337/290/1137 1336/288/1135
f 1334/284/1131 1335/287/1146 1338/289/1136
f 568/291/1138 831/293/1140 1330/283/1130
f 831/293/1140 830/294/1141 1331/286/1133
f 830/294/1141 829/296/1143 1332/295/1142
f 829/296/1143 557/470/2216 761/297/1144
f 1332/295/1142 761/297/1144 760/298/1145
f 1335/287/1146 760/298/4512 759/299/1147
f 1338/289/1148 759/299/4513 534/300/1149
f 1338/289/1148 735/301/1150 736/302/1151
f 1337/290/1137 736/302/854 737/303/851
f 1336/288/1135 737/303/851 549/304/853
f 1333/285/1132 1336/288/1135 822/305/1153
f 820/292/1139 1330/283/1130 1333/285/1132
f 1340/307/1155 1343/311/1159 1342/308/1156
f 1341/310/1158 1344/313/1161 1343/311/1159
f 1343/311/1159 1346/314/4514 1345/312/1160
f 1344/313/1161 1347/322/4515 1346/314/1162
f 819/315/1163 1339/309/1157 808/316/1164
f 818/318/1166 1340/307/1155 1339/309/1157
f 817/319/1167 1341/310/4516 1340/307/1155
f 817/319/1168 559/417/2240 767/320/1169
f 767/320/1169 766/321/1172 1344/313/1171
f 766/321/1172 765/323/4517 1347/322/1173
f 765/323/1174 536/425/4518 732/324/1175
f 1347/322/1177 732/324/4519 733/325/1178
f 1346/314/1179 733/325/1178 734/326/1180
f 1345/312/1160 734/326/4520 548/327/1182
f 1342/308/1156 1345/312/1160 810/328/1183
f 1339/309/1157 1342/308/1156 809/329/1184
f 1349/330/1185 1352/334/1189 1351/331/1186
f 1350/333/1188 1353/336/1191 1352/334/1189
f 1352/334/1189 1355/337/1192 1354/335/1190
f 1353/336/1191 1356/346/1201 1355/337/1192
f 566/338/1193 807/340/1195 1348/332/1187
f 807/340/1195 806/341/1196 1349/330/1185
f 806/341/1196 805/342/1197 1350/333/1188
f 805/342/1197 613/871/2264 773/343/1198
f 1350/333/1188 773/343/1198 772/344/1199
f 1353/336/1191 772/344/1199 771/345/1200
f 1356/346/1202 771/345/2885 583/347/1203
f 1356/346/1202 738/348/1204 739/349/1205
f 1355/337/1206 739/349/1205 740/350/1207
f 1354/335/1190 740/350/4521 550/351/1209
f 1351/331/1186 1354/335/1190 798/352/1210
f 1348/332/1187 1351/331/1186 797/353/1211
f 1357/354/1212 1358/357/4522 1361/355/1213
f 1358/357/1215 1359/366/4523 1362/358/1216
f 1360/356/1218 1361/355/4524 1364/359/1219
f 1361/355/1221 1362/358/4525 1365/361/1222
f 565/362/1224 795/364/1328 1357/354/1225
f 795/364/1227 794/365/4526 1358/357/1228
f 794/365/1230 793/367/4527 1359/366/1231
f 793/367/1233 563/273/4528 782/272/1234
f 1359/366/1236 782/272/4529 781/271/1237
f 1362/358/1239 781/271/4530 780/268/1240
f 1365/361/1242 780/268/4531 533/270/1243
f 1364/359/1245 1365/361/4532 753/368/1246
f 1363/360/1248 1364/359/4533 754/369/1249
f 1363/360/1251 755/370/4534 555/371/1252
f 786/373/1254 1360/356/1257 1363/360/1255
f 785/363/1226 1357/354/1225 1360/356/1257
f 1366/374/1258 1367/380/4535 1369/375/1259
f 1368/376/1261 1369/375/4536 1371/377/1262
f 792/379/1264 791/381/1267 1367/380/1265
f 791/381/1267 565/362/4537 785/382/1268
f 1367/380/1265 785/382/1268 786/383/1269
f 1369/375/1270 786/383/1269 787/384/1271
f 1371/377/1273 787/384/4538 555/385/1274
f 1370/378/1276 1371/377/4539 700/254/1277
f 1372/386/1279 1373/392/4540 1375/387/1280
f 1374/388/1282 1375/387/1294 1377/389/1283
f 783/391/1285 784/393/4541 1373/392/1286
f 784/393/1288 564/72/4542 788/394/1289
f 1373/392/1291 788/394/4543 789/395/1292
f 1375/387/1294 789/395/4544 790/396/1295
f 1377/389/1296 790/396/1329 565/362/1224
f 1376/390/1298 1377/389/1296 791/381/1297
f 1378/397/1300 1379/400/1303 1382/398/1301
f 1379/400/1303 1380/405/1314 1383/401/1304
f 1381/399/1306 1382/398/4545 1385/402/1307
f 1382/398/1305 1383/401/1304 1386/404/1309
f 564/72/1311 729/70/4546 1378/397/1312
f 729/70/709 730/69/708 1379/400/1303
f 730/69/708 731/68/707 1380/405/1314
f 731/68/706 547/67/705 728/406/1315
f 1380/405/1316 728/406/1315 727/407/1317
f 1383/401/1318 727/407/1317 726/408/1319
f 1386/404/1321 726/408/4547 563/273/1322
f 1385/402/1324 1386/404/4548 793/367/1325
f 1384/403/1308 1385/402/4549 794/365/1327
f 790/396/1329 1384/403/1308 795/364/1328
f 789/395/1330 1381/399/1306 1384/403/1308
f 788/394/1313 1378/397/1312 1381/399/1306
f 1387/409/1331 1388/412/1334 1391/410/1332
f 1388/412/1334 1389/420/1347 1392/413/1335
f 1390/411/1336 1391/410/1339 1394/414/1337
f 1391/410/1339 1392/413/1349 1395/416/1340
f 559/417/1341 804/418/4550 1387/409/1342
f 804/418/1344 803/419/1346 1388/412/1334
f 803/419/1346 802/421/1348 1389/420/1347
f 802/421/1348 566/338/1193 796/339/1194
f 1389/420/1347 796/339/1194 797/353/1211
f 1392/413/1349 797/353/4551 798/352/1350
f 1395/416/1351 798/352/4552 550/351/1352
f 1394/414/1354 1395/416/1351 643/422/1353
f 1393/415/1356 1394/414/1354 644/423/1355
f 1393/415/1356 645/424/1357 536/425/1358
f 1390/411/1360 1393/415/4553 765/323/1361
f 1387/409/1342 1390/411/1360 766/321/1362
f 1396/426/1363 1397/429/1366 1400/427/1364
f 1397/429/1366 1398/435/1383 1401/430/1367
f 1399/428/1368 1400/427/1371 1403/431/1369
f 1400/427/1371 1401/430/1384 1404/433/1372
f 545/15/1373 774/49/1376 1396/426/1374
f 774/49/1376 775/47/1379 1397/429/1377
f 776/44/1378 1398/435/1381 1397/429/1377
f 561/46/1380 892/436/4554 1398/435/1381
f 892/436/1382 893/461/4555 1401/430/1367
f 1401/430/1384 893/461/1430 894/437/1385
f 1404/433/1386 894/437/1429 578/438/1387
f 1403/431/1389 1404/433/1386 912/439/1388
f 1402/432/1391 1403/431/1389 911/440/1390
f 711/442/1393 1402/432/1391 910/441/1392
f 712/444/1395 1399/428/1368 1402/432/1370
f 713/434/1397 1396/426/1363 1399/428/1365
f 1405/445/1399 1406/448/1402 1409/446/1400
f 1406/448/1402 1407/453/1418 1410/449/1403
f 1408/447/1404 1409/446/1407 1412/450/1405
f 1409/446/1407 1410/449/1420 1413/452/1408
f 561/46/1409 720/45/1412 1405/445/1410
f 720/45/1412 721/48/1414 1406/448/1413
f 721/48/1414 722/43/1416 1407/453/1415
f 722/43/1416 597/41/3098 719/454/1417
f 1407/453/1418 719/454/3096 718/455/1419
f 1410/449/1420 718/455/3095 717/456/1421
f 1413/452/1422 717/456/1423 632/457/1423
f 1412/450/1425 1413/452/1422 921/458/1424
f 1411/451/1427 1412/450/1425 920/459/1426
f 894/437/1429 1411/451/1427 919/460/1428
f 893/461/1430 1408/447/1404 1411/451/1406
f 892/436/1431 1405/445/1399 1408/447/1401
f 1414/462/1433 1415/465/1447 1418/463/1434
f 1415/465/1436 1416/473/1449 1419/466/1437
f 1417/464/1435 1418/463/1434 1421/467/1439
f 1418/463/1438 1419/466/1437 1422/469/1441
f 557/470/1443 816/471/2168 1414/462/1444
f 816/471/1446 815/472/2166 1415/465/1447
f 815/472/1448 814/474/2165 1416/473/1449
f 814/474/1450 567/317/1165 808/316/1451
f 1416/473/1452 808/316/1451 809/329/1184
f 1419/466/1453 809/329/1184 810/328/1183
f 1422/469/1454 810/328/1183 548/327/1182
f 1421/467/1442 1422/469/1441 636/475/1456
f 1420/468/1440 1421/467/1439 637/476/1458
f 759/299/1460 1420/468/1464 638/477/1461
f 760/298/1463 1417/464/1465 1420/468/1464
f 761/297/1445 1414/462/1444 1417/464/1465
f 1423/478/1466 1424/481/1469 1427/479/1467
f 1424/481/1469 1425/487/1485 1428/482/1470
f 1426/480/1471 1427/479/1474 1430/483/1472
f 1427/479/1474 1428/482/1487 1431/485/1475
f 544/25/1476 768/24/1479 1423/478/1477
f 768/24/1479 769/21/1482 1424/481/1480
f 770/18/1481 1425/487/1484 1424/481/1480
f 560/20/1483 886/505/4556 1425/487/1484
f 1425/487/1485 886/505/4557 887/488/1486
f 1428/482/1487 887/488/1529 888/489/1488
f 1431/485/1489 888/489/1528 576/490/1490
f 1430/483/1492 1431/485/1489 909/491/1491
f 1429/484/1494 1430/483/1492 908/492/1493
f 705/494/1496 1429/484/1494 907/493/1495
f 706/496/1498 1426/480/1471 1429/484/1473
f 707/486/1500 1423/478/1466 1426/480/1468
f 1432/497/1502 1433/500/1505 1436/498/1503
f 1433/500/1505 1434/506/1520 1437/501/1506
f 1435/499/1507 1436/498/1510 1439/502/1508
f 1436/498/1510 1437/501/1521 1440/504/1511
f 560/20/1512 714/19/1515 1432/497/1513
f 714/19/1515 715/22/1517 1433/500/1516
f 715/22/1517 716/17/1519 1434/506/1518
f 716/17/1519 545/15/1373 713/434/1375
f 1434/506/1520 713/434/1397 712/444/1398
f 1437/501/1521 712/444/1395 711/442/1396
f 1440/504/1522 711/442/1393 579/443/1394
f 1439/502/1524 1440/504/1522 918/507/1523
f 1438/503/1526 1439/502/1524 917/508/1525
f 888/489/1528 1438/503/1526 916/509/1527
f 887/488/1529 1435/499/1507 1438/503/1509
f 886/505/1530 1432/497/1502 1435/499/1504
f 1443/510/1532 1441/516/1538 1455/511/1533
f 1445/513/1535 1441/516/1538 1443/510/1532
f 1446/515/1537 1447/518/1540 1441/516/1538
f 1449/517/1539 1441/516/1538 1447/518/1540
f 1451/520/1542 1441/516/1538 1449/517/1539
f 1452/522/1544 1453/523/1548 1441/516/1545
f 1455/511/1547 1441/516/1545 1453/523/1548
f 828/525/1550 1442/512/1554 758/526/1551
f 827/528/1553 1443/510/1532 1442/512/1554
f 1442/512/1534 1455/511/1533 757/529/1555
f 820/292/1139 1444/514/1536 826/530/1556
f 821/306/1154 1445/513/1535 1444/514/1536
f 826/530/1556 1444/514/1536 1443/510/1532
f 549/304/853 640/531/852 1446/515/1537
f 640/531/852 641/536/856 1447/518/1540
f 822/305/1153 1446/515/1537 1445/513/1535
f 856/532/1557 1448/519/1561 642/533/1558
f 857/535/1560 1449/517/1570 1448/519/1561
f 1448/519/1562 1447/518/1540 641/536/856
f 862/537/1564 1450/521/1568 858/538/1565
f 863/540/1567 1451/520/1577 1450/521/1568
f 858/538/1569 1450/521/4558 1449/517/1570
f 572/541/1571 868/543/1574 1452/522/1572
f 868/543/1574 869/547/1583 1453/523/1575
f 864/542/1576 1452/522/4559 1451/520/1577
f 573/544/1578 756/546/4560 1454/524/1579
f 756/546/1581 757/529/1555 1455/511/1533
f 1454/524/1579 1453/523/1575 869/547/1583
f 1456/548/1584 1457/551/1587 1460/549/1585
f 1457/551/1587 1458/557/1603 1461/552/1588
f 1459/550/1589 1460/549/1592 1463/553/1590
f 1460/549/1592 1461/552/1605 1464/555/1593
f 543/133/1594 762/132/1597 1456/548/1595
f 762/132/1597 763/135/1599 1457/551/1598
f 763/135/1599 764/127/1601 1458/557/1600
f 764/127/1601 558/129/4561 901/558/1602
f 1458/557/1603 901/558/1649 902/559/1604
f 1461/552/1605 902/559/1648 903/560/1606
f 1464/555/1607 903/560/1647 580/561/1608
f 1463/553/1610 1464/555/1607 906/562/1609
f 1462/554/1612 1463/553/1610 905/563/1611
f 702/565/1614 1462/554/4562 904/564/1615
f 703/567/1617 1459/550/1589 1462/554/1591
f 704/556/1619 1456/548/1584 1459/550/1586
f 1465/568/1621 1466/571/1624 1469/569/1622
f 1466/571/1624 1467/576/1639 1470/572/1625
f 1468/570/1626 1469/569/1629 1472/573/1627
f 1469/569/1629 1470/572/1640 1473/575/1630
f 558/129/1631 708/128/1634 1465/568/1632
f 708/128/1634 709/130/1636 1466/571/1635
f 709/130/1636 710/126/1638 1467/576/1637
f 710/126/1638 544/25/1476 707/486/1478
f 1467/576/1639 707/486/1500 706/496/1501
f 1470/572/1640 706/496/1498 705/494/1499
f 1473/575/1641 705/494/1496 577/495/1497
f 1472/573/1643 1473/575/1641 915/577/1642
f 1471/574/1645 1472/573/1643 914/578/1644
f 903/560/1647 1471/574/1645 913/579/1646
f 902/559/1648 1468/570/1626 1471/574/1628
f 901/558/1649 1465/568/1621 1468/570/1623
f 1475/580/1650 1478/584/4563 1477/581/1651
f 1475/580/1653 1476/591/1673 1479/583/1654
f 1478/584/1656 1481/587/4564 1480/585/1657
f 1478/584/1659 1479/583/1675 1482/586/1660
f 840/588/1662 1474/582/4565 658/589/1663
f 840/588/1665 839/590/4566 1475/580/1666
f 839/590/1668 838/592/1671 1476/591/1669
f 838/592/1671 569/99/4567 832/100/1672
f 1476/591/1673 832/100/4568 833/114/1674
f 1479/583/1675 833/114/4569 834/112/1676
f 1482/586/1677 834/112/4570 562/113/1678
f 1481/587/1680 1482/586/1677 779/593/1679
f 1481/587/1682 778/594/4571 777/595/1683
f 2269/597/1686 659/598/4572 1477/581/1687
f 1477/581/1687 1480/585/4573 2270/596/1685
f 1480/585/4573 2288/966/4573 2270/596/1685
f 1474/582/1688 1477/581/4574 659/598/1689
f 1483/599/1691 1484/602/4575 1487/600/1692
f 1484/602/1694 1485/611/1708 1488/603/1695
f 1486/601/1693 1487/600/1692 1490/604/1697
f 1487/600/1696 1488/603/1695 1491/606/1699
f 537/607/1701 648/609/4576 1483/599/1702
f 648/609/1704 647/610/4577 1484/602/1705
f 647/610/1707 646/612/1710 1485/611/1708
f 646/612/1710 551/626/4578 835/613/1711
f 1485/611/1708 835/613/1711 836/614/1712
f 1488/603/1695 836/614/1712 837/615/1713
f 1491/606/1714 837/615/4579 569/99/1715
f 1490/604/1717 1491/606/1714 838/592/1716
f 1489/605/1719 1490/604/4580 839/590/1720
f 746/616/1722 1489/605/4581 840/588/1723
f 745/617/1725 1486/601/4582 1489/605/1726
f 744/608/1728 1483/599/4583 1486/601/1729
f 1492/618/1731 1493/621/1744 1496/619/1732
f 1493/621/1734 1494/629/1746 1497/622/1735
f 1495/620/1733 1496/619/1732 1499/623/1737
f 1496/619/1732 1497/622/4584 1500/625/1739
f 551/626/1740 743/627/1896 1492/618/1741
f 743/627/1743 742/628/4585 1493/621/1744
f 742/628/1745 741/630/1747 1494/629/1746
f 741/630/1747 538/909/4586 668/631/1748
f 1494/629/1749 668/631/4587 667/632/1750
f 1497/622/1752 667/632/4588 666/633/1753
f 1500/625/1755 666/633/4589 553/634/1756
f 1499/623/1758 1500/625/4590 841/104/1759
f 1498/624/1761 1499/623/1758 842/102/1760
f 837/615/1763 1498/624/4591 843/101/1764
f 836/614/1766 1495/620/1769 1498/624/1767
f 835/613/1742 1492/618/1741 1495/620/1769
f 2276/637/1772 1501/643/1778 1502/638/1773
f 1502/638/1773 1504/635/1770 2276/637/1772
f 1502/638/1773 1503/645/1780 1505/639/1774
f 1504/635/1770 1505/639/1774 1507/640/1775
f 852/642/1777 851/644/1779 1502/638/1773
f 851/644/1779 850/646/1819 1503/645/1780
f 850/646/1781 570/58/1818 844/59/1782
f 1503/645/1783 844/59/1782 845/73/1784
f 1505/639/1785 845/73/1784 846/71/1786
f 1507/640/1787 846/71/1786 564/72/1788
f 1506/641/1776 1507/640/1775 784/393/1790
f 1508/647/1792 1509/650/4592 1512/648/1793
f 1509/650/1795 1510/657/4593 1513/651/1796
f 1511/649/1798 1512/648/4594 1515/652/1799
f 1512/648/1801 1513/651/4595 1516/654/1802
f 777/655/1804 778/656/4596 1509/650/1805
f 778/656/1807 779/658/4597 1510/657/1808
f 779/658/1810 562/910/4598 847/659/1811
f 1510/657/1813 847/659/4599 848/660/1814
f 1513/651/1815 848/660/1814 849/661/1816
f 1516/654/1817 849/661/1816 570/58/1818
f 1515/652/1803 1516/654/1802 850/646/1819
f 1514/653/1820 1515/652/1803 851/644/1779
f 1517/662/1821 1518/665/1824 1521/663/1822
f 1518/665/1824 1519/671/4600 1522/666/1825
f 1520/664/1826 1521/663/1829 1524/667/1827
f 1521/663/1829 1522/666/4601 1525/669/1830
f 562/113/1831 723/111/4602 1517/662/1832
f 723/111/1834 724/110/1837 1518/665/1835
f 724/110/1837 725/109/4603 1519/671/1838
f 725/109/1839 546/108/4604 671/672/1840
f 1519/671/1842 671/672/4605 670/673/1843
f 1522/666/1844 670/673/1843 669/674/1845
f 1525/669/1846 669/674/1845 554/675/1847
f 1524/667/1848 1525/669/4606 853/63/1849
f 1523/668/1850 1524/667/1848 854/61/696
f 849/676/1851 1523/668/1854 855/60/1852
f 848/677/1853 1520/664/1856 1523/668/1854
f 847/670/1855 1517/662/4607 1520/664/1856
f 1528/678/1857 1526/682/4608 1538/679/1858
f 1529/681/1860 1530/684/4609 1526/682/1861
f 1531/683/1863 1532/686/1863 1526/682/1864
f 1534/685/1865 1526/682/4610 1532/686/1866
f 1536/688/1868 1526/682/4611 1534/685/1869
f 1537/690/1871 1538/679/4612 1526/682/1872
f 664/134/1874 1528/678/4613 1527/680/1875
f 1527/680/1877 1538/679/1915 926/691/1878
f 543/133/813 930/693/4614 1529/681/1880
f 930/693/1881 929/697/4615 1530/684/1882
f 663/131/1884 1529/681/4616 1528/678/1885
f 741/694/1887 1531/683/1891 928/695/1888
f 741/694/1887 742/701/4617 1532/686/1890
f 1531/683/1892 1530/684/4618 929/697/1893
f 646/698/1895 1533/687/1898 743/699/1896
f 647/700/1897 1534/685/4619 1533/687/1898
f 1533/687/1899 1532/686/4620 742/701/1900
f 662/702/1902 1535/689/4621 648/703/1903
f 661/704/1905 1536/688/4622 1535/689/1906
f 1535/689/1908 1534/685/4623 647/700/1909
f 581/705/1911 927/707/1914 1537/690/1912
f 927/707/1914 926/691/1878 1538/679/1915
f 660/706/1916 1537/690/4624 1536/688/1917
f 1539/708/1919 1540/711/1933 1543/709/1920
f 1540/711/1922 1541/718/1935 1544/712/1923
f 1542/710/1921 1543/709/1920 1546/713/1925
f 1543/709/1924 1544/712/1923 1547/715/1927
f 571/716/1929 861/277/4625 1539/708/1930
f 861/277/1932 860/275/4626 1540/711/1933
f 860/275/1934 859/274/4627 1541/718/1935
f 859/274/1936 563/273/4628 726/408/1937
f 1541/718/1938 726/408/1937 727/407/1939
f 1544/712/1940 727/407/1939 728/406/1941
f 1547/715/1942 728/406/1941 547/67/1943
f 1546/713/1928 1547/715/1927 865/719/1944
f 1545/714/1926 1546/713/1925 866/720/1946
f 864/722/1948 1545/714/1952 867/721/1949
f 863/724/1951 1542/710/1953 1545/714/1952
f 862/717/1931 1539/708/1930 1542/710/1953
f 1548/725/1954 1549/728/1965 1552/726/1955
f 1549/728/1957 1550/734/1966 1553/729/1958
f 1552/726/1955 1555/732/1977 1554/730/1960
f 1552/726/1959 1553/729/1958 1556/731/1961
f 572/723/1950 867/721/1949 1548/725/1963
f 867/721/1947 866/720/1946 1549/728/1965
f 866/720/1945 865/719/1944 1550/734/1966
f 865/719/1321 547/67/1943 750/66/1967
f 1550/734/1968 750/66/1967 751/65/1969
f 1553/729/1970 751/65/1969 752/64/1971
f 1556/731/1972 752/64/1971 554/675/1973
f 1555/732/1962 1556/731/1961 871/735/1975
f 1555/732/1977 872/736/4629 873/737/1978
f 1554/730/1979 873/737/1997 573/738/1980
f 1551/727/1982 1554/730/1979 870/739/1981
f 1548/725/1963 1551/727/1982 869/740/1983
f 1559/741/1984 1557/747/4630 1567/742/1985
f 1561/744/1987 1557/747/1991 1559/741/1988
f 1562/746/1990 1563/749/2015 1557/747/1991
f 1565/748/1992 1557/747/1996 1563/749/1993
f 1566/751/1995 1567/742/2027 1557/747/1996
f 873/737/1997 1558/743/4631 756/752/1998
f 872/736/1999 1559/741/4632 1558/743/2000
f 1558/743/2002 1567/742/4633 757/753/2003
f 669/674/2005 1560/745/2007 871/735/1974
f 670/673/2006 1561/744/2017 1560/745/2007
f 1560/745/2008 1559/741/4634 872/736/2009
f 546/108/2011 877/754/4635 1562/746/2012
f 877/754/2014 878/759/4636 1563/749/2015
f 671/672/2016 1562/746/4637 1561/744/2017
f 876/755/2018 1564/750/4638 879/756/2019
f 875/758/2021 1565/748/2028 1564/750/2022
f 1564/750/1994 1563/749/1993 878/759/2024
f 556/527/1552 758/761/1551 1566/751/1995
f 758/761/1551 757/753/1555 1567/742/2027
f 874/760/2026 1566/751/1995 1565/748/2028
f 1568/762/2029 1569/765/4639 1572/763/2030
f 1569/765/2032 1570/771/4640 1573/766/2033
f 1571/764/2031 1572/763/2030 1575/767/2035
f 1572/763/2037 1573/766/4641 1576/769/2038
f 574/757/2040 879/756/4642 1568/762/2041
f 879/756/2043 878/759/4643 1569/765/2044
f 878/759/2046 877/754/4644 1570/771/2047
f 877/754/2049 546/108/4645 747/107/2050
f 1570/771/2052 747/107/4646 748/106/2053
f 1573/766/2055 748/106/4647 749/105/2056
f 1576/769/2058 749/105/4648 553/634/2059
f 1575/767/2039 1576/769/2038 883/772/2061
f 1574/768/2036 1575/767/2035 884/773/2063
f 882/775/2065 1574/768/2068 885/774/2066
f 881/776/2067 1571/764/2069 1574/768/2068
f 880/770/2042 1568/762/2041 1571/764/2069
f 1577/777/2070 1578/780/4649 1581/778/2071
f 1578/780/2073 1579/785/4650 1582/781/2073
f 1580/779/2074 1581/778/4651 1584/782/2075
f 1581/778/2077 1582/781/4652 1585/784/2078
f 575/566/1616 885/774/2066 1577/777/2080
f 885/774/2064 884/773/2063 1578/780/2081
f 884/773/2062 883/772/2061 1579/785/2083
f 883/772/2085 553/634/4653 666/786/2086
f 1579/785/2088 666/786/4654 667/787/2089
f 1582/781/2091 667/787/4655 668/788/2092
f 1585/784/2094 668/788/4656 538/696/2095
f 1584/782/2097 1585/784/4657 928/695/2098
f 1583/783/2100 1584/782/4658 929/789/2101
f 704/791/1596 1583/783/4659 930/790/2103
f 703/793/1620 1580/779/2074 1583/783/2076
f 702/565/1618 1577/777/4660 1580/779/2104
f 1588/794/2105 1586/800/2117 1596/795/2106
f 1590/797/2108 1586/800/2117 1588/794/2105
f 1591/799/2110 1592/802/2114 1586/800/2111
f 1594/801/2113 1586/800/2111 1592/802/2114
f 1595/804/2116 1596/795/2106 1586/800/2117
f 575/566/2119 904/564/2122 1587/796/2120
f 904/564/2122 905/563/2131 1588/794/2123
f 1587/796/2120 1596/795/2139 881/776/2124
f 823/805/2125 1589/798/2130 906/562/2126
f 824/806/2128 1590/797/2108 1589/798/2109
f 1589/798/2130 1588/794/2123 905/563/2131
f 568/291/1138 826/530/1556 1591/799/2110
f 826/530/1556 827/528/1553 1592/802/2114
f 825/807/2132 1591/799/2110 1590/797/2112
f 874/760/2134 1593/803/2115 828/525/1550
f 875/758/2136 1594/801/2113 1593/803/2115
f 1593/803/2115 1592/802/2114 827/528/1553
f 574/808/2020 880/810/2138 1595/804/2137
f 880/810/2138 881/776/2124 1596/795/2139
f 876/809/2140 1595/804/2116 1594/801/2118
f 1597/811/2142 1598/814/2145 1601/812/2143
f 1598/814/2145 1599/820/2161 1602/815/2146
f 1600/813/2147 1601/812/2150 1604/816/2148
f 1601/812/2150 1602/815/2163 1605/818/2151
f 577/495/2152 907/493/2155 1597/811/2153
f 907/493/2155 908/492/2157 1598/814/2156
f 908/492/2157 909/491/2159 1599/820/2158
f 909/491/2159 576/490/2230 811/821/2160
f 1599/820/2161 811/821/2244 812/822/2162
f 1602/815/2163 812/822/2243 813/823/2164
f 1605/818/2151 813/823/2164 567/317/1165
f 1604/816/2148 1605/818/2151 814/474/2165
f 1603/817/2149 1604/816/2148 815/472/2166
f 889/824/2167 1603/817/4661 816/471/2168
f 890/825/2169 1600/813/4662 1603/817/2170
f 891/819/2172 1597/811/4663 1600/813/2173
f 1606/826/2175 1607/829/2178 1610/827/2176
f 1607/829/2178 1608/835/2192 1611/830/2179
f 1609/828/2177 1610/827/2176 1613/831/2180
f 1610/827/2176 1611/830/2179 1614/833/2182
f 579/443/2183 910/441/2186 1606/826/2184
f 910/441/2186 911/440/2188 1607/829/2187
f 911/440/2188 912/439/2190 1608/835/2189
f 912/439/2190 578/438/2253 799/836/2191
f 1608/835/2192 799/836/2265 800/837/2193
f 1611/830/2179 800/837/2193 801/838/2194
f 1614/833/2182 801/838/2194 566/338/1193
f 1613/831/2180 1614/833/2182 802/421/1348
f 1612/832/2181 1613/831/2180 803/419/1346
f 898/839/2195 1612/832/2181 804/418/1344
f 899/840/2197 1609/828/2199 1612/832/2181
f 900/834/2198 1606/826/4664 1609/828/2199
f 1615/841/2200 1616/844/2203 1619/842/2201
f 1616/844/2203 1617/849/2214 1620/845/2204
f 1618/843/2202 1619/842/2201 1622/846/2205
f 1619/842/2201 1620/845/2215 1623/848/2207
f 580/561/2127 913/579/2209 1615/841/2208
f 913/579/2209 914/578/2211 1616/844/2210
f 914/578/2211 915/577/2213 1617/849/2212
f 915/577/2213 577/495/2152 891/819/2154
f 1617/849/2214 891/819/2172 890/825/2174
f 1620/845/2215 890/825/2169 889/824/2171
f 1623/848/2207 889/824/4665 557/470/2216
f 1622/846/2205 1623/848/2207 829/296/1143
f 1621/847/2206 1622/846/2205 830/294/1141
f 825/807/2132 1621/847/2206 831/293/1140
f 824/806/2133 1618/843/2202 1621/847/2206
f 823/805/2217 1615/841/4666 1618/843/2218
f 1624/850/2220 1625/853/2223 1628/851/2221
f 1625/853/2223 1626/858/2237 1629/854/2224
f 1627/852/2225 1628/851/2228 1631/855/2226
f 1628/851/2228 1629/854/2238 1632/857/2229
f 576/490/2230 916/509/2232 1624/850/2231
f 916/509/2232 917/508/2234 1625/853/2233
f 917/508/2234 918/507/2236 1626/858/2235
f 918/507/2236 579/443/2183 900/834/2185
f 1626/858/2237 900/834/2198 899/840/2197
f 1629/854/2238 899/840/4667 898/839/2239
f 1632/857/2229 898/839/2239 559/417/2240
f 1631/855/2241 1632/857/4668 817/319/2242
f 1630/856/2227 1631/855/2241 818/318/1166
f 813/823/2164 1630/856/2227 819/315/1163
f 812/822/2243 1627/852/2225 1630/856/2227
f 811/821/2244 1624/850/2220 1627/852/2222
f 1633/859/2245 1634/862/2255 1637/860/2246
f 1634/862/2248 1635/867/2257 1638/863/2249
f 1636/861/2247 1637/860/2246 1640/864/2250
f 1637/860/2246 1638/863/2249 1641/866/2252
f 578/438/2253 919/460/2254 1633/859/2245
f 919/460/2254 920/459/4669 1634/862/2255
f 920/459/2256 921/458/4670 1635/867/2257
f 921/458/2258 632/457/2259 897/868/2259
f 1635/867/2261 897/868/3945 896/869/2262
f 1638/863/2249 896/869/2262 895/870/2263
f 1641/866/2252 895/870/2263 613/871/2264
f 1640/864/2250 1641/866/2252 805/342/1197
f 1639/865/2251 1640/864/2250 806/341/1196
f 801/838/2194 1639/865/2251 807/340/1195
f 800/837/2193 1636/861/2247 1639/865/2251
f 799/836/2265 1633/859/2245 1636/861/2247
f 1644/3/2266 1642/6/4671 1652/2/2267
f 1645/872/2269 1646/10/2285 1642/6/2270
f 1648/7/2272 1642/6/4672 1646/10/2273
f 1650/8/2275 1642/6/4673 1648/7/2276
f 1651/5/2278 1652/2/4674 1642/6/2279
f 1643/4/2281 1652/2/4675 948/13/2282
f 946/27/2284 945/26/2468 1646/10/2285
f 1056/24/2286 1647/11/2290 944/23/2287
f 1057/21/2289 1648/7/4676 1647/11/2290
f 1647/11/2274 1646/10/2273 945/26/2291
f 1005/19/2293 1649/9/4677 1058/18/2294
f 1006/22/2296 1650/8/2307 1649/9/2297
f 1649/9/2299 1648/7/4676 1057/21/2289
f 596/15/2301 947/16/2330 1651/5/2302
f 947/16/2304 948/13/4678 1652/2/2305
f 1007/17/2303 1651/5/2302 1650/8/2307
f 1655/29/2308 1653/32/4679 1663/28/2309
f 1656/38/2311 1657/36/4680 1653/32/2312
f 1659/33/2314 1653/32/4681 1657/36/2315
f 1661/34/2317 1653/32/4682 1659/33/2318
f 1662/31/2320 1663/28/4683 1653/32/2321
f 1654/30/2323 1663/28/4684 650/39/2324
f 949/14/2326 948/13/4685 1657/36/2327
f 1059/49/2329 1658/37/2332 947/16/2330
f 1060/47/2331 1659/33/4686 1658/37/2332
f 1658/37/2333 1657/36/4687 948/13/2334
f 1008/45/2336 1660/35/4688 1061/44/2337
f 1009/48/2339 1661/34/2348 1660/35/2340
f 1660/35/2342 1659/33/4686 1060/47/2331
f 597/41/659 649/42/661 1662/31/2344
f 649/42/664 650/39/666 1663/28/2346
f 1010/43/2345 1662/31/2344 1661/34/2348
f 1664/873/2349 950/874/2352 592/218/2350
f 950/874/2352 1665/995/4689 985/219/2353
f 1666/50/2354 1667/52/2357 1670/875/2355
f 1667/52/2357 1668/56/2371 1671/55/2358
f 1669/53/2356 1670/875/2355 1673/54/2359
f 1670/875/2355 1671/55/2358 1674/57/2361
f 623/58/2362 1129/59/2365 1666/50/2363
f 1129/59/2365 1130/73/2367 1667/52/2366
f 1130/73/2367 1131/71/2369 1668/56/2368
f 1131/71/2369 617/72/4690 1017/70/2370
f 1668/56/2371 1017/70/3009 1018/69/2372
f 1671/55/2358 1018/69/3008 1019/68/2373
f 1674/57/2374 1019/68/3007 599/876/2375
f 1673/54/2377 1674/57/2374 1038/66/2376
f 1672/62/2379 1673/54/2377 1039/65/2378
f 1138/63/2381 1672/62/2379 1040/64/2380
f 1139/61/2383 1669/53/2356 1672/62/2360
f 1140/60/2385 1666/50/2354 1669/53/2356
f 2112/88/4691 1675/878/2388 2109/877/2387
f 1675/878/2388 1676/74/4692 2108/77/2386
f 1676/74/4692 2107/75/4692 2108/77/2386
f 1676/74/2391 1677/82/4693 2111/76/2389
f 1677/82/4693 2110/879/4693 2111/76/2389
f 604/85/2392 1034/87/4694 1675/878/2393
f 1034/87/2395 1033/81/4695 1676/74/2396
f 952/962/4696 951/89/2399 2113/90/2398
f 951/89/2399 1675/878/4697 2112/88/2400
f 934/79/2401 1677/82/4698 1032/78/2402
f 1677/82/2406 934/79/4699 2105/84/4700
f 934/79/4699 2104/969/4699 2105/84/4700
f 2105/84/4700 2106/83/2404 1677/82/2406
f 1677/82/2407 1676/74/4701 1033/81/2408
f 1678/91/2410 1679/93/2426 1682/92/2411
f 1679/93/2413 1680/97/2428 1683/96/2414
f 1681/94/2416 1682/92/4702 1685/880/2417
f 1682/92/2419 1683/96/4703 1686/98/2420
f 622/99/2422 1117/100/4704 1678/91/2423
f 1117/100/2425 1118/114/4705 1679/93/2426
f 1118/114/2427 1119/112/4706 1680/97/2428
f 1119/112/2429 615/113/4707 1011/111/2430
f 1680/97/2432 1011/111/4708 1012/110/2433
f 1683/96/2434 1012/110/2433 1013/109/2435
f 1686/98/2437 1013/109/4709 598/108/2438
f 1685/880/2440 1686/98/4710 1035/107/2441
f 1684/103/2443 1685/880/4711 1036/106/2444
f 1126/104/2446 1684/103/4712 1037/105/2447
f 1127/102/2449 1681/94/2452 1684/103/2450
f 1128/101/2424 1678/91/2423 1681/94/2452
f 1689/116/2453 1687/121/2457 1697/115/2454
f 1690/125/2456 1691/122/4713 1687/121/2457
f 1693/881/2458 1687/121/4714 1691/122/2459
f 1694/120/2461 1695/118/4715 1687/121/2462
f 1697/115/2464 1687/121/4716 1695/118/2465
f 1688/117/2467 1697/115/4717 945/26/2468
f 958/136/2469 957/134/4718 1691/122/2470
f 1050/132/2472 1692/124/2476 956/131/2473
f 1051/882/2475 1693/881/4719 1692/124/2476
f 1692/124/2477 1691/122/4720 957/134/2478
f 999/128/2480 1694/120/4721 1052/127/2481
f 1000/130/2483 1695/118/4722 1694/120/2484
f 1052/127/2486 1694/120/4723 1693/881/2487
f 595/25/2288 944/23/2287 1696/119/2489
f 944/23/2292 945/26/2291 1697/115/2491
f 1001/126/2490 1696/119/2489 1695/118/2493
f 981/141/2495 1699/140/4724 1698/883/2496
f 982/139/2498 1700/884/4725 1699/140/2499
f 589/138/2501 990/250/2504 1700/884/2502
f 990/250/2504 989/886/2506 1701/885/2505
f 1702/888/2508 1701/885/2505 989/886/2506
f 989/886/2506 2154/892/4726 2153/887/2507
f 1705/143/2509 1703/146/4727 1713/142/2510
f 1706/152/2512 1707/150/4728 1703/146/2513
f 1709/147/2515 1703/146/4729 1707/150/2516
f 1711/148/2518 1703/146/4730 1709/147/2519
f 1712/145/2521 1713/142/4731 1703/146/2522
f 585/153/2524 974/154/4732 1704/144/2525
f 975/156/2527 1705/143/4733 1704/144/2528
f 937/155/2530 1704/144/4734 1713/142/2531
f 593/170/2533 979/171/4735 1706/152/2534
f 979/171/2536 978/169/4736 1707/150/2537
f 976/172/2539 1706/152/4737 1705/143/2540
f 970/167/2542 1708/889/4738 977/166/2543
f 969/165/2545 1709/147/4739 1708/889/2546
f 1708/889/2548 1707/150/4740 978/169/2549
f 1023/163/2551 1710/149/2555 968/162/2552
f 1024/160/2554 1711/148/4741 1710/149/2555
f 1710/149/2556 1709/147/4742 969/165/2557
f 935/158/2559 1712/145/2563 1025/157/2560
f 936/161/2562 1713/142/4743 1712/145/2563
f 1712/145/2563 1711/148/4741 1024/160/2554
f 1714/173/2564 1715/175/4744 1718/174/2565
f 1716/178/2567 1719/180/4745 1718/174/2568
f 1718/174/2570 1721/179/4746 1720/176/2571
f 1719/180/2573 1722/186/4747 1721/179/2574
f 582/181/2576 965/182/4748 1714/173/2577
f 965/182/2579 966/189/4749 1715/175/2580
f 967/188/2582 1716/178/4750 1715/175/2583
f 589/138/2585 982/139/4751 1716/178/2586
f 982/139/2588 981/141/4752 1719/180/2589
f 981/141/2591 980/187/4753 1722/186/2592
f 980/187/2594 593/170/4754 976/172/2595
f 1722/186/2597 976/172/4755 975/156/2598
f 1721/179/2600 975/156/4756 974/154/2601
f 1204/185/2603 1720/176/4757 974/154/2604
f 1205/184/2606 1717/177/4758 1720/176/2607
f 1206/183/2609 1714/173/4759 1717/177/2610
f 1725/191/2612 1723/194/4760 1733/190/2613
f 1726/200/2615 1727/198/4761 1723/194/2616
f 1729/195/2618 1723/194/4762 1727/198/2619
f 1731/196/2621 1723/194/4763 1729/195/2622
f 1732/193/2624 1733/190/4764 1723/194/2625
f 971/202/2627 1724/192/2633 940/201/2628
f 972/205/2630 1725/191/4765 1724/192/2631
f 1724/192/2633 1733/190/4766 939/204/2634
f 592/218/2635 985/219/4767 1726/200/2636
f 985/219/2638 984/217/2647 1727/198/2639
f 973/220/2641 1726/200/4768 1725/191/2642
f 677/215/972 1728/199/2646 983/214/2644
f 676/213/977 1729/195/4769 1728/199/2645
f 1728/199/2646 1727/198/2639 984/217/2647
f 1026/211/2648 1730/197/2650 675/210/963
f 1027/209/2649 1731/196/4770 1730/197/2650
f 1730/197/2651 1729/195/4771 676/213/966
f 938/207/2652 1732/193/4772 1028/206/2653
f 939/204/2655 1733/190/4773 1732/193/2656
f 1732/193/2658 1731/196/4774 1027/209/2659
f 1736/222/2661 1734/231/4775 1744/221/2662
f 1737/230/2664 1738/228/4776 1734/231/2665
f 1740/226/2667 1734/231/4777 1738/228/2668
f 1742/890/2670 1734/231/4778 1740/226/2671
f 1744/221/2673 1734/231/4779 1742/890/2674
f 968/162/2676 1735/223/4780 933/232/2677
f 969/165/2679 1736/222/4781 1735/223/2680
f 933/232/2682 1735/223/4782 1744/221/2683
f 591/168/2685 988/241/4783 1737/230/2686
f 988/241/2688 987/240/4784 1738/228/2689
f 970/167/2691 1737/230/4785 1736/222/2692
f 973/220/2694 1739/229/4786 986/239/2695
f 972/205/2643 1740/226/4787 1739/229/2697
f 1739/229/2698 1738/228/4788 987/240/2699
f 586/203/2629 1020/238/4789 1741/227/2701
f 1020/238/2702 1021/236/4790 1742/890/2703
f 971/202/2705 1741/227/4791 1740/226/2706
f 931/234/2708 1743/225/4792 1022/233/2709
f 932/237/2711 1744/221/4793 1743/225/2712
f 1743/225/2714 1742/890/4794 1021/236/2715
f 1745/242/2717 1746/244/4795 1749/243/2718
f 1746/244/2720 1747/248/4796 1750/247/2721
f 1748/245/2723 1749/243/4797 1752/246/2724
f 1749/243/2726 1750/247/4798 1753/249/2727
f 967/251/2729 1745/242/4799 990/250/2730
f 967/251/2732 966/259/4800 1746/244/2733
f 966/259/2735 965/258/4801 1747/248/2736
f 965/258/2738 582/1/4802 1041/257/2739
f 1747/248/2741 1041/257/4803 1042/256/2742
f 1750/247/2744 1042/256/4804 1043/255/2745
f 1043/255/2747 607/385/4805 991/254/2748
f 1753/249/2750 991/254/4806 992/253/2751
f 2157/946/4807 1751/891/4808 2152/252/2755
f 1751/891/4808 1752/246/2753 2152/252/2755
f 989/886/2756 1748/245/4809 1751/891/2757
f 1751/891/2757 2156/945/2758 2154/892/2758
f 990/250/2759 1745/242/4810 1748/245/2760
f 1755/261/2762 1758/264/4811 1757/260/2763
f 1756/265/2765 1759/267/4812 1758/264/2766
f 1758/264/2768 1761/266/4813 1760/263/2769
f 1759/267/2771 1762/276/4814 1761/266/2772
f 1206/269/2774 1754/893/4815 1065/268/2775
f 1205/282/2777 1755/261/4816 1754/893/2778
f 1204/281/2780 1756/265/4817 1755/261/2781
f 585/153/2783 1141/280/2786 1756/265/2784
f 1141/280/2786 1142/279/2788 1759/267/2787
f 1142/279/2788 1143/278/4818 1762/276/2789
f 1143/278/2790 624/716/4819 1146/277/2791
f 1762/276/2793 1146/277/4820 1145/275/2794
f 1761/266/2796 1145/275/4821 1144/274/2797
f 1760/263/2799 1144/274/4822 616/273/2800
f 1757/260/2802 1760/263/4823 1067/272/2803
f 1754/893/2805 1757/260/4824 1066/271/2806
f 1763/283/2808 1764/285/2812 1767/284/2809
f 1765/288/2811 1768/894/2821 1767/284/2809
f 1766/286/2810 1767/284/2809 1770/287/2813
f 1767/284/2809 1768/894/2821 1771/289/2815
f 621/291/2816 1105/292/2818 1763/283/2808
f 1105/292/2818 1106/306/2820 1764/285/2812
f 1107/305/2819 1765/288/2811 1764/285/2812
f 601/304/2561 1025/303/2560 1765/288/2811
f 1025/303/2560 1024/302/2554 1768/894/2821
f 1024/302/2554 1023/301/2551 1771/289/2815
f 1771/289/2822 1023/301/4825 584/300/2823
f 1770/287/2825 1771/289/2822 1047/299/2824
f 1769/295/2814 1770/287/2825 1048/298/2826
f 1114/895/2828 1769/295/2814 1049/297/2827
f 1115/294/2830 1766/286/2810 1769/295/2814
f 1116/293/2817 1763/283/2808 1766/286/2810
f 1773/308/2831 1776/896/2835 1775/307/2832
f 1774/312/2834 1777/314/2837 1776/896/2835
f 1776/896/2835 1779/313/2838 1778/310/2836
f 1777/314/2837 1780/322/4826 1779/313/2838
f 1093/316/2839 1772/309/2833 1104/315/2840
f 1094/329/2842 1773/308/2831 1772/309/2833
f 1095/328/2844 1774/312/2834 1773/308/2831
f 600/327/2846 1022/326/2848 1774/312/2847
f 1022/326/2848 1021/325/2850 1777/314/2849
f 1021/325/2850 1020/324/4827 1780/322/2851
f 1020/324/2852 586/425/4828 1053/323/2853
f 1780/322/2855 1053/323/4829 1054/321/2856
f 1779/313/2857 1054/321/2856 1055/320/2858
f 1102/319/2860 1778/310/2859 1055/320/2858
f 1775/307/2832 1778/310/2836 1102/319/2862
f 1772/309/2833 1775/307/2832 1103/897/2864
f 1782/898/2865 1785/899/2869 1784/330/2866
f 1783/335/2868 1786/337/2871 1785/899/2869
f 1785/899/2869 1788/336/2872 1787/333/2870
f 1786/337/2871 1789/346/4830 1788/336/2872
f 619/338/2873 1081/339/2876 1781/332/2867
f 1082/353/2875 1782/898/2865 1781/332/2867
f 1083/352/2877 1783/335/2868 1782/898/2865
f 602/351/2878 1028/350/2881 1783/335/2879
f 1028/350/2881 1027/349/2883 1786/337/2882
f 1027/349/2883 1026/348/4831 1789/346/2884
f 1789/346/2884 1026/348/4831 583/347/1203
f 1788/336/2872 1789/346/4830 771/345/1200
f 1787/333/2870 1788/336/2872 772/344/1199
f 1090/342/2886 1787/333/2870 773/343/1198
f 1091/900/2887 1784/330/2866 1787/333/2870
f 1092/340/2874 1781/332/2867 1784/330/2866
f 1790/354/2888 1791/356/4832 1794/355/2889
f 1791/356/2891 1792/360/4833 1795/359/2892
f 1793/357/2894 1794/355/4834 1797/358/2895
f 1794/355/2897 1795/359/4835 1798/361/2898
f 618/362/2900 1070/363/2903 1790/354/2901
f 1070/363/2903 1071/373/2905 1791/356/2904
f 1071/373/2905 1072/372/4836 1792/360/2906
f 607/371/2907 1043/370/4837 1792/360/2908
f 1792/360/2910 1043/370/4838 1042/369/2911
f 1795/359/2913 1042/369/4839 1041/368/2914
f 1798/361/2916 1041/368/4840 582/270/2917
f 1797/358/2919 1798/361/4841 1065/268/2920
f 1796/366/2922 1797/358/4842 1066/271/2923
f 1078/367/2925 1796/366/4843 1067/272/2926
f 1079/365/2928 1793/357/4844 1796/366/2929
f 1080/364/2931 1790/354/4845 1793/357/2932
f 1799/374/2934 1800/376/4846 1803/375/2935
f 1800/376/2937 1801/378/4847 1804/377/2938
f 1801/378/2940 992/253/4848 991/254/2941
f 1804/377/2943 991/254/4849 607/385/2944
f 1803/375/2946 1804/377/4850 1072/384/2947
f 1802/380/2949 1803/375/2946 1071/383/2948
f 1076/381/2951 1802/380/2949 1070/382/2950
f 1077/379/2953 1799/374/4851 1802/380/2954
f 1805/386/2956 1806/388/4038 1809/387/2957
f 1806/388/2959 1807/390/4181 1810/389/2960
f 1807/390/2962 1077/379/4852 1076/381/2963
f 1810/389/2964 1076/381/2963 618/362/2900
f 1809/387/2961 1810/389/2960 1075/396/2966
f 1808/392/2968 1809/387/4853 1074/395/2969
f 1069/393/2971 1808/392/4854 1073/394/2972
f 1068/391/2974 1805/386/4233 1808/392/2975
f 1811/397/2977 1812/399/2980 1815/398/2978
f 1812/399/2980 1813/403/4855 1816/402/2981
f 1814/901/2979 1815/398/2978 1818/401/2982
f 1815/398/2984 1816/402/4856 1819/404/2985
f 617/72/2987 1073/394/2990 1811/397/2988
f 1073/394/2990 1074/395/2992 1812/399/2991
f 1074/395/2992 1075/396/2965 1813/403/2993
f 1075/396/2965 618/362/2900 1080/364/2902
f 1813/403/2993 1080/364/2902 1079/365/2994
f 1816/402/2996 1079/365/4857 1078/367/2997
f 1819/404/2999 1078/367/4858 616/273/3000
f 1818/401/3002 1819/404/4859 1014/408/3003
f 1817/405/3005 1818/401/3002 1015/407/3004
f 1019/68/3007 1817/405/3005 1016/406/3006
f 1018/69/3008 1814/901/2979 1817/405/2983
f 1017/70/3009 1811/397/2977 1814/901/2979
f 1820/409/3010 1821/411/3013 1824/410/3011
f 1821/411/3013 1822/415/4860 1825/414/3014
f 1823/412/3012 1824/410/3017 1827/413/3015
f 1824/410/3017 1825/414/4861 1828/416/3018
f 611/417/3019 1055/320/3023 1820/409/3020
f 1054/321/3022 1821/411/3025 1820/409/3020
f 1053/323/3024 1822/415/4862 1821/411/3025
f 586/425/3026 940/424/4863 1822/415/3027
f 1822/415/3027 940/424/4863 939/423/3029
f 1825/414/3030 939/423/3029 938/422/3031
f 1828/416/3032 938/422/3031 602/351/3033
f 1827/413/3035 1828/416/4864 1083/352/3036
f 1826/420/3016 1827/413/3035 1082/353/3037
f 1087/421/3038 1826/420/3016 1081/339/2876
f 1088/419/3039 1823/412/3012 1826/420/3016
f 1089/418/3021 1820/409/3010 1823/412/3012
f 1829/426/3040 1830/428/3054 1833/427/3041
f 1830/428/3043 1831/432/3056 1834/431/3044
f 1832/429/3042 1833/427/3041 1836/430/3046
f 1833/427/3045 1834/431/3044 1837/433/3048
f 596/15/3050 1004/434/3196 1829/426/3051
f 1004/434/3053 1003/444/3194 1830/428/3054
f 1003/444/3055 1002/442/3193 1831/432/3056
f 1002/442/3057 633/443/3192 1192/441/3058
f 1831/432/3059 1192/441/3058 1193/440/3060
f 1834/431/3061 1193/440/3060 1194/439/3062
f 1837/433/3063 1194/439/3062 631/438/3064
f 1836/430/3049 1837/433/3048 1179/437/3066
f 1836/430/3046 1178/461/4865 1177/436/3068
f 1835/435/3069 1177/436/4866 614/46/3070
f 1832/429/3072 1835/435/3069 1061/44/3071
f 1059/49/3052 1829/426/3051 1832/429/3072
f 1838/445/3074 1839/447/3088 1842/902/3075
f 1839/447/3077 1840/451/3089 1843/450/3078
f 1841/448/3076 1842/902/3075 1845/903/3080
f 1842/902/3079 1843/450/3078 1846/452/3082
f 614/46/3084 1177/436/4867 1838/445/3085
f 1177/436/3087 1178/461/4868 1839/447/3088
f 1178/461/3067 1179/437/3066 1840/451/3089
f 1179/437/3065 631/438/3064 1201/460/3090
f 1840/451/3091 1201/460/3090 1202/904/3092
f 1843/450/3093 1202/904/3092 1203/458/3094
f 1846/452/3094 1203/458/3094 632/457/1423
f 1845/903/3083 1846/452/3082 717/456/1421
f 1844/453/3081 1845/903/3080 718/455/1419
f 1010/43/3097 1844/453/3100 719/454/1417
f 1009/48/3099 1841/448/3101 1844/453/3100
f 1008/45/3086 1838/445/3085 1841/448/3101
f 1847/462/3102 1848/464/3105 1851/463/3103
f 1848/464/3105 1849/468/3122 1852/467/3106
f 1850/465/3107 1851/463/4869 1854/466/3108
f 1851/463/3110 1852/467/4870 1855/469/3111
f 609/470/3113 1049/297/3116 1847/462/3114
f 1049/297/3116 1048/298/3118 1848/464/3117
f 1048/298/3118 1047/299/3120 1849/468/3119
f 1047/299/3120 584/300/4871 933/477/3121
f 1849/468/3122 933/477/4872 932/476/3123
f 1852/467/3124 932/476/4873 931/475/3125
f 1855/469/3127 931/475/4874 600/327/2846
f 1854/466/3128 1855/469/3127 1095/328/2844
f 1853/473/3129 1854/466/4875 1094/329/2842
f 1099/474/3130 1853/473/3109 1093/316/2839
f 1100/905/3131 1850/465/3107 1853/473/3109
f 1101/471/3132 1847/462/4876 1850/465/3133
f 1856/478/3135 1857/480/3149 1860/479/3136
f 1857/480/3138 1858/484/3151 1861/483/3139
f 1859/481/3137 1860/479/3136 1863/482/3141
f 1860/479/3140 1861/483/3139 1864/485/3143
f 595/25/3145 998/486/3312 1856/478/3146
f 998/486/3148 997/496/3310 1857/480/3149
f 997/496/3150 996/494/3309 1858/484/3151
f 996/494/3152 630/495/3308 1189/493/3153
f 1858/484/3154 1189/493/3153 1190/492/3155
f 1861/483/3156 1190/492/3155 1191/491/3157
f 1864/485/3158 1191/491/3157 629/490/3159
f 1863/482/3144 1864/485/3143 1173/489/3161
f 1862/487/3142 1863/482/3141 1172/488/3163
f 1862/487/3165 1171/505/4877 612/20/3166
f 1859/481/3168 1862/487/3165 1058/18/3167
f 1056/24/3147 1856/478/3146 1859/481/3168
f 1865/497/3170 1866/499/3184 1869/498/3171
f 1866/499/3173 1867/503/3185 1870/502/3174
f 1868/500/3172 1869/498/3171 1872/906/3176
f 1869/498/3175 1870/502/3174 1873/504/3178
f 612/20/3180 1171/505/4878 1865/497/3181
f 1171/505/3183 1172/488/4879 1866/499/3184
f 1172/488/3162 1173/489/3161 1867/503/3185
f 1173/489/3160 629/490/3159 1198/509/3186
f 1867/503/3187 1198/509/3186 1199/907/3188
f 1870/502/3189 1199/907/3188 1200/507/3190
f 1873/504/3191 1200/507/3190 633/443/3192
f 1872/906/3179 1873/504/3178 1002/442/3193
f 1871/506/3177 1872/906/3176 1003/444/3194
f 1007/17/3195 1871/506/3198 1004/434/3196
f 1006/22/3197 1868/500/3199 1871/506/3198
f 1005/19/3182 1865/497/3181 1868/500/3199
f 1876/511/3200 1874/516/3206 1888/510/3201
f 1878/523/3203 1874/516/3206 1876/511/3200
f 1879/522/3205 1880/520/4880 1874/516/3206
f 1882/517/3207 1874/516/3213 1880/520/3208
f 1884/518/3210 1874/516/3213 1882/517/3207
f 1885/515/3212 1886/513/3214 1874/516/3213
f 1888/510/3201 1874/516/3213 1886/513/3214
f 1046/526/3216 1875/908/3220 1113/525/3217
f 1045/529/3219 1876/511/3228 1875/908/3220
f 1875/908/3202 1888/510/3201 1112/528/3221
f 626/544/3222 1155/545/3226 1877/524/3223
f 1154/547/3225 1878/523/3235 1877/524/3223
f 1044/546/3227 1877/524/4881 1876/511/3228
f 625/541/3229 1149/542/4882 1879/522/3230
f 1149/542/3232 1148/540/3243 1880/520/3233
f 1153/543/3231 1879/522/3230 1878/523/3235
f 1143/538/3236 1881/521/3242 1147/537/3237
f 1143/538/3239 1142/535/3249 1882/517/3240
f 1881/521/3242 1880/520/3233 1148/540/3243
f 937/533/3244 1883/519/3248 1141/532/3245
f 936/536/2562 1884/518/3210 1883/519/3211
f 1883/519/3248 1882/517/3240 1142/535/3249
f 601/304/2561 1107/305/2819 1885/515/3212
f 1107/305/2819 1106/306/2820 1886/513/3214
f 935/531/2559 1885/515/3212 1884/518/3210
f 1111/530/3250 1887/514/3215 1105/292/2818
f 1111/530/3250 1112/528/3221 1888/510/3201
f 1887/514/3215 1886/513/3214 1106/306/2820
f 1889/548/3251 1890/550/3265 1893/549/3252
f 1890/550/3254 1891/554/3267 1894/553/3255
f 1892/551/3253 1893/549/3252 1896/552/3257
f 1893/549/3256 1894/553/3255 1897/555/3259
f 594/133/3261 995/556/3764 1889/548/3262
f 995/556/3264 994/567/3762 1890/550/3265
f 994/567/3266 993/565/3759 1891/554/3267
f 993/565/3268 628/566/3756 1186/564/3269
f 1891/554/3270 1186/564/3269 1187/563/3271
f 1894/553/3272 1187/563/3271 1188/562/3273
f 1897/555/3274 1188/562/3273 634/561/3275
f 1896/552/3260 1897/555/3259 1185/560/3277
f 1895/557/3258 1896/552/3257 1184/559/3279
f 1052/127/3281 1895/557/3285 1183/558/3282
f 1051/882/3284 1892/551/3286 1895/557/3285
f 1050/132/3263 1889/548/3262 1892/551/3286
f 1898/568/3287 1899/570/3300 1902/569/3288
f 1899/570/3290 1900/574/3301 1903/573/3291
f 1901/571/3289 1902/569/3288 1905/572/3293
f 1902/569/3292 1903/573/3291 1906/575/3295
f 610/129/3297 1183/558/4883 1898/568/3298
f 1183/558/3280 1184/559/3279 1899/570/3300
f 1184/559/3278 1185/560/3277 1900/574/3301
f 1185/560/3276 634/561/3275 1195/579/3302
f 1900/574/3303 1195/579/3302 1196/578/3304
f 1903/573/3305 1196/578/3304 1197/577/3306
f 1906/575/3307 1197/577/3306 630/495/3308
f 1905/572/3296 1906/575/3295 996/494/3309
f 1904/576/3294 1905/572/3293 997/496/3310
f 1001/126/3311 1904/576/3314 998/486/3312
f 1000/130/3313 1901/571/3315 1904/576/3314
f 999/128/3299 1898/568/3298 1901/571/3315
f 1908/581/3316 1911/584/4884 1910/580/3317
f 1909/585/3319 1912/587/4885 1911/584/3320
f 1910/580/3322 1911/584/4886 1914/583/3323
f 1911/584/3325 1912/587/4887 1915/586/3326
f 951/589/3328 1907/582/4888 1125/588/3329
f 952/598/3331 1908/581/4889 1907/582/3332
f 1908/581/3336 952/598/4890 2114/597/4891
f 2116/596/3334 2118/966/4892 1909/585/3335
f 1908/581/3336 2114/597/4891 2116/596/3334
f 1062/595/3337 1063/594/4893 1912/587/3338
f 1912/587/3340 1063/594/4894 1064/593/3341
f 1915/586/3342 1064/593/3341 615/113/3343
f 1914/583/3327 1915/586/3326 1119/112/3345
f 1913/591/3324 1914/583/3323 1118/114/3347
f 1123/592/3349 1913/591/3353 1117/100/3350
f 1124/590/3352 1910/580/4895 1913/591/3353
f 1125/588/3354 1907/582/4896 1910/580/3355
f 1916/599/3357 1917/601/3360 1920/600/3358
f 1917/601/3360 1918/605/4897 1921/604/3361
f 1919/602/3362 1920/600/3365 1923/603/3363
f 1920/600/3365 1921/604/4898 1924/606/3366
f 587/607/3367 1032/608/4899 1916/599/3368
f 1032/608/3370 1033/617/4900 1917/601/3371
f 1033/617/3373 1034/616/4901 1918/605/3374
f 1034/616/3376 604/85/4902 1125/588/3377
f 1918/605/3379 1125/588/4903 1124/590/3380
f 1921/604/3382 1124/590/4904 1123/592/3383
f 1924/606/3384 1123/592/3383 622/99/3385
f 1923/603/3363 1924/606/3366 1122/615/3387
f 1922/611/3389 1923/603/3363 1121/614/3388
f 941/612/3391 1922/611/3389 1120/613/3390
f 942/610/3393 1919/602/4905 1922/611/3389
f 943/609/3394 1916/599/4906 1919/602/3395
f 1925/618/3397 1926/620/3400 1929/619/3398
f 1926/620/3400 1927/624/4907 1930/623/3401
f 1928/621/3402 1929/619/4908 1932/622/3403
f 1929/619/3398 1930/623/3401 1933/625/3405
f 603/626/3407 1120/613/3410 1925/618/3408
f 1120/613/3410 1121/614/3412 1926/620/3411
f 1121/614/3412 1122/615/4909 1927/624/3413
f 1122/615/3414 622/99/4910 1128/101/3415
f 1927/624/3417 1128/101/4911 1127/102/3418
f 1930/623/3419 1127/102/3418 1126/104/3420
f 1933/625/3422 1126/104/4912 605/634/3423
f 1932/622/3425 1933/625/4913 959/633/3426
f 1931/629/3428 1932/622/4914 960/632/3429
f 1029/630/3431 1931/629/3404 961/631/3432
f 1030/628/3434 1928/621/3402 1931/629/3404
f 1031/627/3435 1925/618/3397 1928/621/3399
f 1935/638/3439 1934/643/4915 2133/637/3437
f 2133/637/3437 2134/636/4916 1936/635/3438
f 1935/638/3439 1936/635/3438 1939/639/3440
f 1936/635/3438 1937/641/3443 1940/640/3442
f 1937/641/3443 1068/391/4048 1069/393/3444
f 1940/640/3445 1069/393/4917 617/72/3446
f 1939/639/3448 1940/640/3445 1131/71/3447
f 1938/645/3450 1939/639/3448 1130/73/3449
f 1135/646/3452 1938/645/3450 1129/59/3451
f 1136/644/3454 1935/638/3439 1938/645/3441
f 1137/642/3456 1934/643/4915 1935/638/3439
f 1941/647/3457 1942/649/4918 1945/648/3458
f 1942/649/3460 1943/653/4919 1946/652/3461
f 1944/650/3463 1945/648/4920 1948/651/3464
f 1945/648/3462 1946/652/3461 1949/654/3466
f 1943/653/3468 1137/642/3456 1136/644/3454
f 1946/652/3461 1136/644/3454 1135/646/3455
f 1949/654/3469 1135/646/3452 623/58/3453
f 1948/651/3471 1949/654/3469 1134/661/3470
f 1947/657/3473 1948/651/3471 1133/660/3472
f 1064/658/3475 1947/657/4921 1132/659/3476
f 1063/656/3478 1944/650/4922 1947/657/3479
f 1062/655/3481 1941/647/4923 1944/650/3482
f 1950/662/3484 1951/664/3487 1954/663/3485
f 1951/664/3487 1952/668/3503 1955/667/3488
f 1953/665/3489 1954/663/3492 1957/666/3490
f 1954/663/3492 1955/667/3504 1958/669/3493
f 615/113/3494 1132/670/4924 1950/662/3495
f 1132/670/3497 1133/677/3500 1951/664/3498
f 1133/677/3500 1134/676/3502 1952/668/3501
f 1134/676/3502 623/58/2362 1140/60/2364
f 1952/668/3503 1140/60/2385 1139/61/2383
f 1955/667/3504 1139/61/2383 1138/63/2384
f 1958/669/3505 1138/63/2381 606/675/2382
f 1957/666/3507 1958/669/3505 962/674/3506
f 1956/671/3509 1957/666/3507 963/673/3508
f 1013/109/3511 1956/671/4925 964/672/3512
f 1012/110/3514 1953/665/3518 1956/671/3515
f 1011/111/3517 1950/662/4926 1953/665/3518
f 1961/679/3519 1959/682/4927 1971/678/3520
f 1962/690/3522 1963/688/4928 1959/682/3523
f 1965/685/3525 1959/682/4929 1963/688/3526
f 1967/686/3528 1959/682/4930 1965/685/3529
f 1968/683/3531 1969/684/3532 1959/682/3532
f 1970/681/3533 1971/678/4931 1959/682/3534
f 1208/911/3536 1961/679/3548 1960/680/3537
f 1960/680/3539 1971/678/4932 957/134/3540
f 635/705/3542 953/706/4933 1962/690/3543
f 953/706/3545 954/704/4934 1963/688/3546
f 1209/707/3544 1962/690/3543 1961/679/3548
f 943/703/3549 1964/689/4935 955/702/3550
f 942/700/3552 1965/685/4936 1964/689/3553
f 1964/689/3555 1963/688/4937 954/704/3556
f 1031/699/3409 1966/687/3562 941/698/3558
f 1030/701/3559 1967/686/4938 1966/687/3560
f 1966/687/3562 1965/685/4939 942/700/3563
f 1211/695/3564 1968/683/4940 1029/694/3565
f 1212/697/3567 1969/684/4941 1968/683/3568
f 1029/694/3431 1968/683/4942 1967/686/3570
f 594/133/2474 956/131/2473 1970/681/3571
f 956/131/3573 957/134/4943 1971/678/3574
f 1213/693/3576 1970/681/4944 1969/684/3577
f 1972/708/3579 1973/710/3582 1976/709/3580
f 1973/710/3582 1974/714/3598 1977/713/3583
f 1975/711/3584 1976/709/3587 1979/712/3585
f 1976/709/3587 1977/713/3600 1980/715/3588
f 624/716/3589 1147/717/3592 1972/708/3590
f 1147/717/3592 1148/724/3594 1973/710/3593
f 1148/724/3594 1149/722/3596 1974/714/3595
f 1149/722/3596 625/723/3626 1152/721/3597
f 1974/714/3598 1152/721/3647 1151/720/3599
f 1977/713/3600 1151/720/3646 1150/719/3601
f 1980/715/3602 1150/719/3645 599/876/3603
f 1979/712/3605 1980/715/3602 1016/406/3604
f 1978/718/3607 1979/712/3605 1015/407/3606
f 1144/274/3609 1978/718/3607 1014/408/3608
f 1145/275/3611 1975/711/4945 1978/718/3612
f 1146/277/3614 1972/708/3579 1975/711/3581
f 1981/725/3616 1982/727/3620 1985/726/3617
f 1983/730/3619 1986/732/3635 1985/726/3617
f 1984/728/3621 1985/726/3624 1988/729/3622
f 1985/726/3624 1986/732/3636 1989/731/3625
f 625/723/3626 1153/733/3629 1981/725/3627
f 1154/912/3628 1982/727/3631 1981/725/3627
f 1155/739/3630 1983/730/3633 1982/727/3631
f 626/738/3632 1158/913/3664 1983/730/3633
f 1158/913/3634 1157/736/3669 1986/732/3635
f 1986/732/3636 1157/736/3695 1156/735/3637
f 1989/731/3638 1156/735/3693 606/675/3639
f 1988/729/3641 1989/731/3638 1040/64/3640
f 1987/734/3643 1988/729/3641 1039/65/3642
f 1150/719/3645 1987/734/3643 1038/66/3644
f 1151/720/3646 1984/728/3621 1987/734/3623
f 1152/721/3647 1981/725/3616 1984/728/3618
f 1992/742/3648 1990/747/4946 2000/741/3649
f 1993/751/3651 1994/748/3655 1990/747/3652
f 1996/914/3654 1990/747/3652 1994/748/3655
f 1997/746/3657 1998/744/3661 1990/747/3658
f 2000/741/3660 1990/747/3658 1998/744/3661
f 1044/752/3663 1991/743/4947 1158/913/3664
f 1045/753/3665 1992/742/4948 1991/743/3666
f 1991/743/3668 2000/741/4949 1157/736/3669
f 608/527/3670 1159/760/4950 1993/751/3671
f 1159/760/3673 1160/758/3684 1994/748/3674
f 1046/761/3672 1993/751/3671 1992/742/3676
f 1164/756/3678 1995/750/3683 1161/755/3679
f 1163/759/3681 1996/914/3654 1995/750/3656
f 1995/750/3683 1994/748/3674 1160/758/3684
f 598/108/3685 964/672/4951 1997/746/3686
f 964/672/3688 963/673/3698 1998/744/3689
f 1162/754/3691 1997/746/3657 1996/914/3659
f 1156/735/3693 1999/745/3697 962/674/3694
f 1157/736/3695 2000/741/4952 1999/745/3696
f 1999/745/3697 1998/744/3689 963/673/3698
f 2001/762/3699 2002/764/4953 2005/763/3700
f 2002/764/3702 2003/768/4954 2006/767/3703
f 2004/765/3705 2005/763/4955 2008/766/3706
f 2005/763/3708 2006/767/3725 2009/769/3709
f 627/757/3711 1165/770/4956 2001/762/3712
f 1165/770/3714 1166/776/4957 2002/764/3715
f 1166/776/3717 1167/775/3720 2003/768/3718
f 1167/775/3720 628/566/3802 1170/774/3721
f 2003/768/3722 1170/774/3787 1169/773/3723
f 2006/767/3725 1169/773/3785 1168/915/3726
f 2009/769/3727 1168/915/4958 605/634/3728
f 2008/766/3730 2009/769/4959 1037/105/3731
f 2007/771/3733 2008/766/4960 1036/106/3734
f 1162/754/3736 2007/771/4961 1035/107/3737
f 1163/759/3739 2004/765/4962 2007/771/3740
f 1164/756/3742 2001/762/4963 2004/765/3743
f 2010/777/3745 2011/779/4964 2014/916/3746
f 2011/779/3748 2012/783/3763 2015/782/3749
f 2013/780/3751 2014/916/3751 2017/781/3751
f 2014/916/3753 2015/782/4965 2018/784/3754
f 628/566/3756 993/565/3268 2010/777/3757
f 993/565/3759 994/793/3266 2011/779/3760
f 994/793/3762 995/791/3264 2012/783/3763
f 995/791/3764 594/792/3261 1213/790/3765
f 2012/783/3767 1213/790/4966 1212/789/3768
f 2015/782/3770 1212/789/4967 1211/695/3771
f 2018/784/3773 1211/695/4968 588/696/3774
f 2017/781/3776 2018/784/4969 961/788/3777
f 2016/785/3779 2017/781/4970 960/787/3780
f 1168/915/3782 2016/785/4971 959/786/3783
f 1169/773/3785 2013/780/4972 2016/785/3786
f 1170/774/3787 2010/777/4973 2013/780/3788
f 2021/795/3789 2019/800/4974 2029/794/3790
f 2022/804/3792 2023/801/4975 2019/800/3793
f 2025/802/3795 2019/800/3799 2023/801/3796
f 2026/799/3798 2027/797/3820 2019/800/3799
f 2029/794/3790 2019/800/4974 2027/797/3800
f 628/566/3802 1167/775/3720 2020/796/3803
f 1166/776/3805 2021/795/3816 2020/796/3806
f 1186/564/3804 2020/796/3803 2029/794/3808
f 627/808/3810 1161/809/3813 2022/804/3811
f 1161/809/3813 1160/758/4976 2023/801/3814
f 1165/810/3815 2022/804/4977 2021/795/3816
f 1113/525/3217 2024/803/3797 1159/760/3817
f 1112/528/3221 2025/802/3795 2024/803/3797
f 2024/803/3797 2023/801/3796 1160/758/3818
f 621/291/2816 1110/807/3819 2026/799/3798
f 1110/807/3819 1109/806/3898 2027/797/3820
f 1111/530/3250 2026/799/3798 2025/802/3795
f 1188/562/3821 2028/798/3824 1108/805/3822
f 1187/563/3809 2029/794/3808 2028/798/3824
f 2028/798/3801 2027/797/3800 1109/806/3825
f 2030/811/3827 2031/813/3842 2034/812/3828
f 2031/813/3830 2032/817/3848 2035/816/3831
f 2033/814/3833 2034/812/3836 2037/815/3834
f 2034/812/3836 2035/816/3831 2038/818/3837
f 630/495/3838 1176/819/3904 2030/811/3839
f 1176/819/3841 1175/825/3902 2031/813/3842
f 1175/825/3843 1174/824/3846 2032/817/3844
f 1174/824/3846 609/470/2829 1101/471/3847
f 2032/817/3848 1101/471/3132 1100/905/3134
f 2035/816/3831 1100/905/3134 1099/474/3130
f 2038/818/3837 1099/474/3130 620/317/2841
f 2037/815/3850 2038/818/4978 1098/823/3851
f 2036/820/3853 2037/815/4979 1097/822/3854
f 1191/491/3856 2036/820/3860 1096/821/3857
f 1190/492/3859 2033/814/3861 2036/820/3860
f 1189/493/3840 2030/811/3839 2033/814/3861
f 2039/826/3862 2040/828/3874 2043/827/3863
f 2040/828/3865 2041/832/3876 2044/831/3866
f 2042/829/3864 2043/827/3863 2046/830/3867
f 2043/827/3863 2044/831/3866 2047/833/3869
f 633/443/3870 1182/834/3930 2039/826/3871
f 1182/834/3873 1181/917/4980 2040/828/3874
f 1181/917/3875 1180/839/3877 2041/832/3876
f 1180/839/3877 611/417/3019 1089/418/3021
f 2041/832/3876 1089/418/3021 1088/419/3039
f 2044/831/3866 1088/419/3039 1087/421/3038
f 2047/833/3869 1087/421/3038 619/338/2873
f 2046/830/3867 2047/833/3869 1086/838/3878
f 2045/835/3868 2046/830/3867 1085/837/3879
f 1194/439/3881 2045/835/3885 1084/836/3882
f 1193/440/3884 2042/829/3886 2045/835/3885
f 1192/441/3872 2039/826/3871 2042/829/3886
f 2048/841/3887 2049/843/3897 2052/842/3888
f 2049/843/3890 2050/847/3899 2053/846/3891
f 2051/844/3889 2052/842/3888 2055/845/3892
f 2052/842/3888 2053/846/3891 2056/848/3894
f 634/561/3823 1108/805/3822 2048/841/3895
f 1108/805/3826 1109/806/3825 2049/843/3897
f 1109/806/3898 1110/807/3819 2050/847/3899
f 1110/807/3819 621/291/2816 1116/293/2817
f 2050/847/3899 1116/293/2817 1115/294/2830
f 2053/846/3891 1115/294/2830 1114/895/2828
f 2056/848/3894 1114/895/2828 609/470/2829
f 2055/845/3900 2056/848/3894 1174/824/3846
f 2054/849/3901 2055/845/4981 1175/825/3902
f 1197/577/3903 2054/849/3906 1176/819/3904
f 1196/578/3905 2051/844/3907 2054/849/3906
f 1195/579/3896 2048/841/3895 2051/844/3907
f 2057/850/3908 2058/852/4982 2061/918/3909
f 2058/852/3911 2059/856/3921 2062/919/3912
f 2060/853/3910 2061/918/3909 2064/854/3914
f 2061/918/3909 2062/919/3922 2065/857/3916
f 629/490/3858 1096/821/3857 2057/850/3917
f 1096/821/3855 1097/822/3854 2058/852/3919
f 1097/822/3852 1098/823/3851 2059/856/3921
f 1098/823/3849 620/317/2841 1104/315/2840
f 2059/856/3921 1104/315/2840 1103/897/2864
f 2062/919/3922 1103/897/2863 1102/319/2862
f 2065/857/3923 1102/319/2860 611/417/2861
f 2064/854/3925 2065/857/3923 1180/839/3924
f 2063/858/3927 2064/854/3925 1181/917/3926
f 1200/507/3929 2063/858/3932 1182/834/3930
f 1199/907/3931 2060/853/3933 2063/858/3932
f 1198/509/3918 2057/850/3917 2060/853/3933
f 2066/859/3934 2067/861/3937 2070/860/3935
f 2067/861/3937 2068/865/3944 2071/864/3938
f 2069/862/3936 2070/860/3935 2073/863/3939
f 2070/860/3935 2071/864/3938 2074/866/3941
f 631/438/3883 1084/836/3882 2066/859/3942
f 1084/836/3880 1085/837/3879 2067/861/3937
f 1085/837/3879 1086/838/3878 2068/865/3944
f 1086/838/3878 619/338/2873 1092/340/2874
f 2068/865/3944 1092/340/2874 1091/900/2887
f 2071/864/3938 1091/900/2887 1090/342/2886
f 2074/866/3941 1090/342/2886 613/871/2264
f 2073/863/3939 2074/866/3941 895/870/2263
f 2072/867/3940 2073/863/3939 896/869/2262
f 1203/458/3946 2072/867/3948 897/868/2259
f 1202/904/3947 2069/862/3949 2072/867/3948
f 1201/460/3943 2066/859/3942 2069/862/3949
f 2075/920/3950 2097/996/4983 2094/921/3951
f 1210/923/3953 2075/920/4984 2093/922/3954
f 2119/925/3956 2121/927/4985 1941/647/3957
f 927/707/3961 2219/997/4986 2220/926/3959
f 2220/926/3959 2223/998/4987 926/691/3960
f 2289/925/3962 777/655/4988 1508/647/3963
f 1688/117/3967 2193/999/4989 2194/928/3965
f 2194/928/3965 2195/1000/4990 1689/116/3966
f 2225/929/3968 2227/982/3968 925/692/3969
f 473/1/520 2191/1/4991 2192/1/520
f 1215/4/3973 2241/1001/4992 2242/931/3971
f 2242/931/3971 2243/980/4993 657/14/3972
f 509/1/3974 2103/1/4994 2104/1/3975
f 2184/1/564 2183/1/4995 203/1/566
f 203/1/566 496/1/564 2184/1/564
f 1376/390/1284 2282/963/4996 2258/932/3976
f 2258/932/3976 2257/1002/4997 1374/388/1282
f 1643/4/3979 2181/1001/4998 2182/933/3977
f 2182/933/3977 2184/1003/4999 1644/3/3978
f 2239/1/244 2240/1/244 326/1/244
f 326/1/244 115/1/246 2239/1/244
f 1644/3/3982 2184/1003/5000 2183/934/3980
f 2183/934/3980 2185/984/5001 1645/872/3981
f 2195/1/3983 2198/1/4027 521/1/4026
f 521/1/4026 518/1/593 2195/1/3983
f 1374/388/1281 2257/1002/5002 2256/935/3984
f 2256/935/3984 2281/993/5003 1372/386/1279
f 1224/3/3987 2239/1003/5004 2240/933/3985
f 2240/933/3985 2241/1001/5005 1215/4/3986
f 2257/1/3989 2256/1/5006 283/1/178
f 283/1/178 284/1/180 2258/1/3988
f 284/1/180 281/1/4234 2258/1/3988
f 2089/1/3991 2090/1/5007 506/1/568
f 2090/1/5007 505/1/569 506/1/568
f 506/1/568 194/1/574 2089/1/3991
f 635/705/5008 2089/959/5009 953/706/3994
f 2089/959/5009 2090/936/3992 953/706/3994
f 1137/642/3997 2129/942/5010 2130/938/3995
f 2130/938/3995 2132/960/4153 1934/643/3996
f 2236/939/3998 2237/984/5011 1223/12/3999
f 1223/12/4003 2237/984/5012 2238/940/4001
f 2238/940/4001 2239/1003/5013 1224/3/4002
f 2165/1/4004 334/1/247 335/1/247
f 2204/1/4007 2076/1/4238 459/1/493
f 459/1/493 196/1/498 2203/1/4006
f 196/1/498 2201/1/4361 2203/1/4006
f 2272/941/4008 1514/653/5014 852/642/4009
f 1366/374/4013 2261/956/5015 2260/943/4011
f 2260/943/4011 2283/964/5016 792/379/4012
f 2237/1/274 2238/1/246 115/1/246
f 115/1/246 349/1/274 2237/1/274
f 349/1/274 2235/1/274 2236/1/274
f 1941/647/4016 2121/927/5017 2122/944/4014
f 2122/944/4014 2127/1004/5018 1942/649/4015
f 436/1/4017 2122/1/5019 2127/1/4018
f 2134/1/4021 2135/1/5020 439/1/474
f 439/1/474 181/1/465 2133/1/4020
f 181/1/465 2130/1/4339 2132/1/5021
f 2132/1/5021 2133/1/4020 181/1/465
f 2288/1/4023 2270/1/5022 273/1/156
f 273/1/156 274/1/155 2289/1/4022
f 274/1/155 2293/1/5023 2292/1/5024
f 2289/1/4022 274/1/155 2292/1/5024
f 2110/1/4025 2111/1/5025 183/1/455
f 2111/1/5025 431/1/5026 432/1/453
f 183/1/455 2111/1/5025 432/1/453
f 2171/1/4029 2172/1/4174 501/1/247
f 501/1/247 499/1/247 2169/1/4028
f 2168/1/4031 113/1/247 333/1/247
f 949/14/4034 2179/980/5027 2180/947/4032
f 2180/947/4032 2181/1001/5028 1643/4/4033
f 339/1/4035 2205/1/5029 2214/1/4035
f 1805/386/2956 2138/993/5030 2139/948/4037
f 2139/948/4037 2140/1005/5031 1806/388/4038
f 2243/1/244 2244/1/5032 324/1/245
f 324/1/245 325/1/244 2243/1/244
f 2151/949/4039 2149/953/5033 1801/378/4040
f 1655/29/4043 2175/1006/5034 2176/950/4042
f 2176/950/4042 2177/978/5035 1656/38/4042
f 2153/1/5036 2155/1/5037 184/1/4046
f 184/1/4046 443/1/487 2151/1/5038
f 443/1/487 2144/1/5039 2150/1/5040
f 2151/1/5038 443/1/487 2150/1/5040
f 2151/1/5038 2149/1/4044 184/1/4046
f 2149/1/4044 2152/1/5041 2154/1/4045
f 2152/1/5041 2157/1/5041 2154/1/4045
f 2157/1/5041 2156/1/5037 2154/1/4045
f 2154/1/4045 2153/1/5036 184/1/4046
f 2136/951/4047 2137/990/5042 1068/391/4048
f 1690/125/4054 2200/1007/5043 2201/952/4052
f 2201/952/4052 2203/1008/5044 958/136/4053
f 2149/953/4055 2152/252/5045 992/253/4056
f 926/691/3960 2223/998/4987 2221/954/4058
f 2222/955/4059 2224/930/5046 925/692/4060
f 926/691/3960 2221/954/4058 925/692/4060
f 2175/1/564 2176/1/564 207/1/564
f 2176/1/564 490/1/565 491/1/564
f 207/1/564 2176/1/564 491/1/564
f 2212/1/4062 2206/1/4268 340/1/249
f 340/1/249 341/1/252 2211/1/4061
f 341/1/252 2210/1/4134 2211/1/4061
f 2261/956/4063 1366/374/5047 1368/376/4064
f 2125/957/4066 2129/942/5010 1137/642/3997
f 2279/1/4069 2278/1/5048 282/1/175
f 282/1/175 283/1/177 2280/1/4068
f 283/1/177 2256/1/5049 2281/1/4236
f 283/1/177 2281/1/4236 2280/1/4068
f 1208/911/4072 2083/998/5050 2084/926/4070
f 2084/926/4070 2086/997/5051 1209/707/4071
f 955/702/4075 2101/971/5052 2102/958/4073
f 2102/958/4073 934/79/5053 587/80/4074
f 660/706/4078 2214/937/5054 2213/936/5055
f 2213/936/5055 2216/959/4076 660/706/4078
f 505/1/569 2090/1/5007 2095/1/4082
f 524/1/594 184/1/594 2155/1/594
f 2143/1/4085 2144/1/5056 443/1/4083
f 443/1/4083 2141/1/5057 2142/1/4084
f 2190/1/4991 2191/1/4991 471/1/520
f 2191/1/4991 473/1/520 471/1/520
f 530/1/597 527/1/594 2162/1/597
f 2166/1/4004 2167/1/4005 334/1/247
f 2167/1/4005 333/1/247 334/1/247
f 2282/963/4090 1376/390/5058 792/379/4091
f 2119/965/4093 1062/595/5059 1909/585/4094
f 2234/1/274 2235/1/274 349/1/274
f 349/1/274 350/1/274 2234/1/274
f 661/704/4098 2207/983/5060 2205/967/4096
f 2205/967/4096 2214/937/5061 660/706/4097
f 2210/968/4099 2211/989/5062 639/79/4100
f 2081/1/4104 2078/1/5063 512/1/5064
f 512/1/5064 511/1/4102 2081/1/4104
f 954/704/5065 2099/1009/5066 955/702/4107
f 2099/1009/5066 2100/970/4105 955/702/4107
f 1942/649/4110 2127/1004/4110 2126/972/4108
f 2126/972/4108 2125/957/5067 1943/653/4109
f 2275/1/4112 2273/1/4112 92/1/196
f 92/1/196 282/1/195 2276/1/4111
f 282/1/195 2278/1/5048 2277/1/5068
f 2277/1/5068 2276/1/4111 282/1/195
f 1226/30/4130 2166/1010/5069 2167/973/4114
f 651/40/4116 1226/30/4130 2167/973/4114
f 2167/973/4114 2168/974/4150 2170/974/4115
f 2254/1/4118 2253/1/5070 275/1/4117
f 275/1/4117 272/1/4050 2255/1/4049
f 2142/963/4119 2143/964/5071 1077/379/4120
f 2179/1/564 2180/1/564 493/1/564
f 493/1/564 490/1/565 2179/1/564
f 207/1/247 503/1/247 2173/1/4005
f 2259/953/4126 1370/378/5072 701/253/4127
f 2232/1/4129 2233/1/274 350/1/274
f 350/1/274 351/1/275 2232/1/4129
f 1235/29/4131 2248/1006/5073 2247/1011/5074
f 2247/1011/5074 2164/975/4132 1235/29/4131
f 2164/975/4132 2165/1012/5075 1226/30/4130
f 2165/1012/5075 2166/1010/5069 1226/30/4130
f 341/1/252 2250/1/4316 2249/1/4133
f 527/1/594 524/1/594 2161/1/595
f 2138/1/4084 2139/1/5076 441/1/4137
f 441/1/4137 439/1/468 2137/1/4136
f 439/1/468 2135/1/5077 2136/1/5078
f 439/1/468 2136/1/5078 2137/1/4136
f 1506/641/1776 2279/951/4279 2278/976/4138
f 2278/976/4138 2277/636/1771 1504/635/1770
f 657/14/5079 2243/980/5080 1234/38/4141
f 2243/980/5080 2244/977/4139 1234/38/4141
f 1266/125/4144 2231/1007/5081 2229/1013/5082
f 2230/979/4142 2232/1000/5083 1267/116/4143
f 1266/125/4144 2229/1013/5082 2230/979/4142
f 1207/692/4145 2077/930/5084 2079/955/5085
f 2079/955/5085 2080/954/4146 1207/692/4145
f 2080/954/4146 2083/998/5050 1208/911/4072
f 1511/649/4149 2295/1004/5086 2293/944/4147
f 2293/944/4147 2292/927/5087 1508/647/4148
f 2169/1/4028 499/1/247 2168/1/4031
f 499/1/247 113/1/247 2168/1/4031
f 2086/1/4152 2087/1/5088 194/1/4342
f 194/1/4342 463/1/497 2086/1/4152
f 2181/1/564 2182/1/564 496/1/564
f 496/1/564 493/1/564 2181/1/564
f 2164/1/4005 335/1/247 119/1/247
f 274/1/4158 2271/1/162 2295/1/4159
f 2107/1/4163 2108/1/4178 431/1/4161
f 2108/1/4178 430/1/4177 431/1/4161
f 2241/1/244 2242/1/244 325/1/244
f 325/1/244 326/1/244 2241/1/244
f 1656/38/4166 2177/978/5089 2178/977/5090
f 2178/977/5090 2179/980/4164 1656/38/4166
f 2091/1/4168 2088/1/517 468/1/4169
f 468/1/4169 2094/1/5091 2093/1/5091
f 2093/1/5091 2092/1/4167 468/1/4169
f 1936/635/3438 2134/636/4916 2135/981/4170
f 2135/981/4170 2136/951/4047 1937/641/3443
f 1267/116/4173 2232/1000/5092 2233/928/4171
f 2233/928/4171 2234/999/5093 1258/117/4172
f 503/1/247 501/1/247 2172/1/4174
f 2076/929/4175 2077/930/4175 1207/692/4175
f 2248/1/244 2247/1/5094 119/1/244
f 119/1/244 327/1/244 2245/1/244
f 327/1/244 324/1/245 2245/1/244
f 1806/388/2959 2140/1005/5095 2141/932/4180
f 2141/932/4180 2142/963/5096 1807/390/4181
f 662/702/4184 2212/1014/5097 2206/970/5098
f 2206/970/5098 2207/983/4182 662/702/4184
f 925/692/4187 2227/982/5099 665/136/4185
f 2227/982/5099 2226/1008/5100 665/136/4185
f 2196/1/520 2190/1/4991 471/1/520
f 471/1/520 469/1/520 2196/1/520
f 2290/1/4189 2291/1/4125 314/1/4124
f 314/1/4124 315/1/5101 2287/1/4188
f 315/1/5101 2285/1/5102 2286/1/5102
f 2287/1/4188 315/1/5101 2286/1/5102
f 1514/653/4192 2272/941/5103 2271/972/4190
f 2271/972/4190 2295/1004/4191 1511/649/4191
f 2186/939/4193 946/27/5104 1645/872/4194
f 1654/30/4196 2171/1010/5105 2172/1012/5106
f 2172/1012/5106 2173/975/4197 1654/30/4196
f 2173/975/4197 2174/1011/5107 1655/29/4043
f 2174/1011/5107 2175/1006/5034 1655/29/4043
f 2150/985/4198 2151/949/5108 1800/376/4199
f 1234/38/4201 2246/978/4201 2245/950/4201
f 2245/950/4201 2248/1006/5073 1235/29/4131
f 2186/1/593 2187/1/593 515/1/593
f 515/1/593 203/1/566 2185/1/593
f 203/1/566 2183/1/4995 2185/1/593
f 953/706/4204 2095/937/4204 2096/986/4202
f 2096/986/4202 2099/1009/5109 954/704/4203
f 1209/707/4071 2086/997/5051 2087/987/4205
f 2087/987/4205 2089/959/5110 635/705/4206
f 2114/1/4211 2116/1/5111 433/1/443
f 433/1/443 430/1/445 2113/1/4210
f 430/1/445 2109/1/5112 2112/1/5113
f 2113/1/4210 430/1/445 2112/1/5113
f 958/136/4214 2203/1008/5114 2204/982/5114
f 2204/982/5114 1207/692/4212 958/136/4214
f 2262/949/4215 1368/376/5115 1370/378/4216
f 651/40/4219 2170/974/5116 2169/973/4218
f 2169/973/4218 2171/1010/5105 1654/30/4196
f 200/1/4220 530/1/597 2163/1/4089
f 639/79/5117 2211/989/4223 537/80/4222
f 2211/989/4223 2212/1014/5118 662/702/4224
f 581/705/4226 2216/959/5119 2215/987/4225
f 2215/987/4225 2219/997/4986 927/707/3961
f 2219/1/4228 2220/1/5120 301/1/201
f 301/1/201 107/1/203 2219/1/4228
f 2289/965/4229 2288/966/5121 1480/585/4230
f 2137/990/4232 2138/993/5122 1805/386/4233
f 2282/1/4236 2258/1/3988 281/1/4234
f 281/1/4234 2260/1/5123 2283/1/4235
f 324/1/245 2244/1/5032 2246/1/4237
f 2077/1/4239 2079/1/5124 461/1/4341
f 461/1/4341 459/1/493 2077/1/4239
f 946/27/4242 2186/939/4242 2187/991/4240
f 2187/991/4240 2193/999/5125 1688/117/4241
f 665/136/4245 2226/1008/5126 2228/952/4243
f 2228/952/4243 2231/1007/5127 1266/125/4244
f 1258/117/4248 2234/999/5128 2235/991/4246
f 2235/991/4246 2236/939/4247 654/27/4247
f 2140/1/4250 2141/1/5057 441/1/471
f 2141/1/5057 443/1/4083 444/1/4340
f 441/1/471 2141/1/5057 444/1/4340
f 1501/643/4081 2275/960/4080 2273/938/4251
f 2273/938/4251 2274/942/4010 852/642/4009
f 2267/1/4256 2266/1/5129 272/1/153
f 272/1/153 273/1/152 2268/1/4255
f 273/1/152 2270/1/5130 2269/1/5131
f 2268/1/4255 273/1/152 2269/1/5131
f 2252/1/4258 2251/1/5132 94/1/174
f 94/1/174 278/1/173 2253/1/4257
f 278/1/173 275/1/5133 2253/1/4257
f 2216/1/4259 2215/1/5134 107/1/264
f 107/1/264 342/1/263 2216/1/4259
f 342/1/263 339/1/4035 2213/1/4036
f 2102/1/4260 2103/1/5135 509/1/4356
f 509/1/4356 507/1/570 2102/1/4260
f 507/1/570 2100/1/5136 2101/1/4261
f 1077/379/4264 2143/964/5137 2144/992/4262
f 2144/992/4262 2150/985/5138 1799/374/4263
f 483/1/4265 2148/1/5139 2146/1/4266
f 2207/1/4062 2205/1/5140 339/1/250
f 339/1/250 340/1/249 2207/1/4062
f 2099/1/4261 2100/1/5136 507/1/570
f 507/1/570 505/1/4269 2099/1/4261
f 490/1/565 2176/1/564 2177/1/4271
f 2121/1/4273 2122/1/5141 436/1/448
f 436/1/448 433/1/450 2119/1/4272
f 433/1/450 2116/1/5142 2118/1/5142
f 2119/1/4272 433/1/450 2118/1/5142
f 2280/990/4274 783/391/1285 1372/386/1287
f 2103/968/4276 2104/969/5143 934/79/4277
f 2279/951/4279 1506/641/1776 783/391/1791
f 2193/1/593 2194/1/593 518/1/593
f 518/1/593 515/1/593 2193/1/593
f 1689/116/4282 2195/1000/5144 2198/979/4283
f 2198/979/4283 2199/1013/5145 1690/125/4281
f 2199/1013/5145 2200/1007/5146 1690/125/4281
l 2124 2128
l 479 2115
l 2217 2218
l 2115 2117
l 302 2209
l 2188 2189
l 2197 2202
l 14 89
l 2158 2160
l 2158 2159
l 306 2208
l 2208 2217
l 2145 2147
l 2123 2124
