# Blender 4.3.2
# www.blender.org
mtllib cofrem.mtl
o Body_Cube.001
v 2.401700 -0.337166 0.082252
v 2.362832 -0.351302 0.332760
v 0.724383 -0.160670 1.766663
v 2.293549 -0.364710 1.282663
v 1.854408 -0.307440 1.731429
v 2.323139 -0.357389 0.868547
v -0.385362 -0.119787 1.707977
v 2.418809 -0.339166 0.083516
v 2.379851 -0.353292 0.334641
v 0.725318 -0.160779 1.783737
v 2.309451 -0.367985 1.285993
v 1.866189 -0.308817 1.744797
v 2.339891 -0.359348 0.874168
v -0.417242 -0.116060 1.723808
v 2.401700 -0.337166 -0.082252
v 2.362832 -0.351302 -0.332760
v 2.401700 -0.337166 0.000000
v 0.724383 -0.160670 -1.766663
v 2.293549 -0.364710 -1.282663
v 1.854408 -0.307440 -1.731429
v 2.323139 -0.357389 -0.868547
v -0.385362 -0.119787 -1.707977
v 2.418809 -0.339166 -0.083516
v 2.379851 -0.353292 -0.334641
v 2.418809 -0.339166 0.000000
v 0.725318 -0.160779 -1.783737
v 2.309451 -0.367985 -1.285993
v 1.866189 -0.308817 -1.744797
v 2.339891 -0.359348 -0.874168
v -0.417242 -0.116060 -1.723808
v 2.391982 -0.340700 0.144879
v 2.382265 -0.344233 0.207506
v 2.372548 -0.347768 0.270133
v 2.401699 -0.337166 0.020563
v 2.401700 -0.337166 0.041126
v 2.401699 -0.337166 0.061689
v 2.183764 -0.350392 1.394855
v 2.073978 -0.336075 1.507046
v 1.964193 -0.321757 1.619237
v 2.352907 -0.352824 0.466707
v 2.342984 -0.354346 0.600654
v 2.333061 -0.355867 0.734600
v 1.571902 -0.270748 1.740237
v 1.289396 -0.234054 1.749046
v 1.006890 -0.197362 1.757854
v 2.315740 -0.359220 0.972076
v 2.308343 -0.361049 1.075605
v 2.300946 -0.362880 1.179134
v 2.409070 -0.342697 0.146297
v 2.399331 -0.346229 0.209078
v 2.389591 -0.349760 0.271859
v 2.418809 -0.339166 0.020879
v 2.418809 -0.339166 0.041758
v 2.418809 -0.339166 0.062637
v 2.198634 -0.353193 1.400694
v 2.087820 -0.338402 1.515395
v 1.977004 -0.323610 1.630096
v 2.369861 -0.354806 0.469523
v 2.359871 -0.356320 0.604404
v 2.349881 -0.357834 0.739286
v 1.580971 -0.271808 1.754532
v 1.295753 -0.234798 1.764267
v 1.010536 -0.197789 1.774002
v 2.332280 -0.361507 0.977124
v 2.324671 -0.363666 1.080080
v 2.317061 -0.365826 1.183037
v -0.107926 -0.130007 1.722648
v 0.169510 -0.140228 1.737320
v 0.446947 -0.150449 1.751991
v 2.414532 -0.338666 0.083200
v 2.367086 -0.351800 0.333230
v 2.371341 -0.352297 0.333700
v 2.375597 -0.352794 0.334170
v 2.414532 -0.338666 0.000000
v 2.410254 -0.338165 0.000000
v 2.405977 -0.337666 0.000000
v 0.725083 -0.160752 1.779469
v 0.724850 -0.160724 1.775200
v 0.724616 -0.160697 1.770931
v 2.305475 -0.367166 1.285160
v 2.301499 -0.366347 1.284328
v 2.297524 -0.365528 1.283496
v 1.857353 -0.307785 1.734771
v 1.860298 -0.308129 1.738113
v 1.863244 -0.308473 1.741455
v 2.327326 -0.357880 0.869952
v 2.331515 -0.358369 0.871358
v 2.335702 -0.358859 0.872763
v -0.409273 -0.116991 1.719850
v -0.401303 -0.117923 1.715892
v -0.393333 -0.118855 1.711935
v 0.728285 -0.129511 1.811509
v 0.726333 -0.145091 1.789086
v 1.871662 -0.291192 1.750894
v -0.422705 -0.055812 1.774091
v -0.410257 -0.077136 1.752053
v -0.397810 -0.098461 1.730015
v 0.727280 -0.145202 1.806381
v 0.729243 -0.129623 1.829024
v 2.466318 -0.313759 0.085671
v 2.442564 -0.326462 0.084593
v 2.403103 -0.340770 0.338959
v 2.426354 -0.328249 0.343276
v 2.449606 -0.315728 0.347594
v 2.466318 -0.313759 0.000000
v 2.442564 -0.326462 0.000000
v 2.313534 -0.352216 1.296948
v 2.345658 -0.344921 0.879754
v 2.368178 -0.332453 0.890961
v 1.883595 -0.292587 1.764435
v 2.362626 -0.346905 0.885447
v 2.385362 -0.334462 0.896727
v 2.448766 -0.311707 0.000000
v 2.425233 -0.324436 0.000000
v 2.431926 -0.313660 0.345641
v 2.408895 -0.326208 0.341347
v 2.385863 -0.338755 0.337054
v 2.425233 -0.324436 0.083313
v 2.448766 -0.311707 0.084374
v 0.439678 -0.149599 1.768755
v 2.391982 -0.340700 -0.144879
v 2.382265 -0.344233 -0.207506
v 2.372548 -0.347768 -0.270133
v 2.401700 -0.337166 -0.020563
v 2.401700 -0.337166 -0.041126
v 2.401699 -0.337166 -0.061689
v 2.183764 -0.350392 -1.394855
v 2.073978 -0.336075 -1.507046
v 1.964193 -0.321757 -1.619237
v 2.352908 -0.352824 -0.466707
v 2.342984 -0.354346 -0.600654
v 2.333061 -0.355867 -0.734600
v 1.571902 -0.270748 -1.740237
v 1.289396 -0.234054 -1.749046
v 1.006890 -0.197362 -1.757854
v 2.315742 -0.359220 -0.972076
v 2.308343 -0.361049 -1.075605
v 2.300946 -0.362880 -1.179134
v 2.409070 -0.342697 -0.146297
v 2.399331 -0.346229 -0.209078
v 2.389591 -0.349760 -0.271859
v 2.418809 -0.339166 -0.020879
v 2.418809 -0.339166 -0.041758
v 2.418809 -0.339166 -0.062637
v 2.198634 -0.353193 -1.400694
v 2.087820 -0.338402 -1.515395
v 1.977004 -0.323610 -1.630096
v 2.369861 -0.354806 -0.469523
v 2.359871 -0.356320 -0.604404
v 2.349881 -0.357834 -0.739286
v 1.580971 -0.271808 -1.754532
v 1.295753 -0.234798 -1.764267
v 1.010536 -0.197789 -1.774002
v 2.332280 -0.361507 -0.977124
v 2.324671 -0.363666 -1.080080
v 2.317061 -0.365826 -1.183037
v -0.107926 -0.130007 -1.722648
v 0.169510 -0.140228 -1.737320
v 0.446947 -0.150449 -1.751992
v 2.414532 -0.338666 -0.083200
v 2.410254 -0.338165 -0.082884
v 2.405977 -0.337666 -0.082568
v 2.367086 -0.351800 -0.333230
v 2.371341 -0.352297 -0.333700
v 2.375597 -0.352794 -0.334170
v 0.725083 -0.160752 -1.779469
v 0.724850 -0.160724 -1.775200
v 0.724616 -0.160697 -1.770931
v 2.305475 -0.367166 -1.285160
v 2.301499 -0.366347 -1.284328
v 2.297523 -0.365528 -1.283496
v 1.857353 -0.307785 -1.734771
v 1.860298 -0.308129 -1.738113
v 1.863244 -0.308473 -1.741455
v 2.327326 -0.357880 -0.869952
v 2.331515 -0.358369 -0.871358
v 2.335702 -0.358859 -0.872763
v -0.409273 -0.116991 -1.719850
v -0.401303 -0.117923 -1.715892
v -0.393333 -0.118855 -1.711935
v 0.728285 -0.129511 -1.811509
v 0.726333 -0.145091 -1.789086
v 1.871662 -0.291192 -1.750894
v -0.422705 -0.055812 -1.774091
v -0.410257 -0.077136 -1.752053
v -0.397810 -0.098461 -1.730015
v 0.727280 -0.145202 -1.806381
v 0.729243 -0.129623 -1.829024
v 2.466318 -0.313759 -0.085671
v 2.442564 -0.326462 -0.084593
v 2.403103 -0.340770 -0.338959
v 2.426354 -0.328249 -0.343276
v 2.449605 -0.315728 -0.347594
v 2.313534 -0.352216 -1.296948
v 2.345658 -0.344921 -0.879754
v 2.368178 -0.332453 -0.890961
v 1.883595 -0.292587 -1.764435
v 2.362626 -0.346905 -0.885447
v 2.385362 -0.334462 -0.896727
v -0.455819 -0.051939 -1.790535
v -0.442960 -0.073313 -1.768292
v -0.430101 -0.094686 -1.746050
v 2.431926 -0.313660 -0.345641
v 2.408895 -0.326208 -0.341347
v 2.385863 -0.338755 -0.337054
v 2.425233 -0.324436 -0.083313
v 2.448766 -0.311707 -0.084374
v -0.131602 -0.127240 -1.738790
v 0.154037 -0.138420 -1.753773
v 0.439678 -0.149599 -1.768755
v 2.386532 -0.344732 0.207899
v 2.376808 -0.348266 0.270564
v 2.390798 -0.345231 0.208292
v 2.381069 -0.348764 0.270996
v 2.404799 -0.342199 0.145942
v 2.395064 -0.345730 0.208685
v 2.385329 -0.349262 0.271428
v 2.405977 -0.337666 0.020642
v 2.405977 -0.337666 0.041284
v 2.405977 -0.337666 0.061926
v 2.410254 -0.338165 0.020721
v 2.410254 -0.338165 0.041442
v 2.410254 -0.338165 0.062163
v 2.414532 -0.338666 0.020800
v 2.414532 -0.338666 0.041600
v 2.414532 -0.338666 0.062400
v 2.187482 -0.351092 1.396315
v 2.077438 -0.336657 1.509133
v 1.967396 -0.322221 1.621952
v 2.191199 -0.351793 1.397774
v 2.080899 -0.337238 1.511220
v 1.970598 -0.322683 1.624666
v 2.194916 -0.352494 1.399234
v 2.084359 -0.337820 1.513308
v 1.973801 -0.323147 1.627381
v 2.357146 -0.353320 0.467411
v 2.347206 -0.354840 0.601591
v 2.337266 -0.356360 0.735772
v 2.361385 -0.353815 0.468115
v 2.351428 -0.355333 0.602529
v 2.341472 -0.356851 0.736943
v 2.365623 -0.354311 0.468819
v 2.355649 -0.355827 0.603467
v 2.345675 -0.357343 0.738115
v 1.574169 -0.271012 1.743811
v 1.290984 -0.234241 1.752851
v 1.007801 -0.197469 1.761891
v 1.576437 -0.271278 1.747385
v 1.292574 -0.234427 1.756656
v 1.008712 -0.197576 1.765928
v 1.578704 -0.271542 1.750958
v 1.294165 -0.234613 1.760462
v 1.009624 -0.197682 1.769965
v 0.445129 -0.150236 1.756182
v 0.165642 -0.139776 1.741433
v -0.113845 -0.129316 1.726684
v 0.443312 -0.150024 1.760373
v 0.161775 -0.139324 1.745546
v -0.119765 -0.128623 1.730719
v 0.441495 -0.149811 1.764564
v 0.157906 -0.138872 1.749659
v -0.125683 -0.127931 1.734755
v 2.319875 -0.359791 0.973338
v 2.312426 -0.361704 1.076724
v 2.304974 -0.363617 1.180110
v 2.324010 -0.360364 0.974600
v 2.316507 -0.362358 1.077843
v 2.309003 -0.364353 1.181085
v 2.328145 -0.360936 0.975862
v 2.320589 -0.363013 1.078962
v 2.313032 -0.365089 1.182061
v 1.612188 -0.222505 1.800852
v 1.318204 -0.186314 1.811879
v 1.024219 -0.150123 1.822905
v 1.598759 -0.238586 1.780647
v 1.308601 -0.202228 1.790935
v 1.018443 -0.165869 1.801222
v 1.585331 -0.254666 1.760442
v 1.298999 -0.218141 1.769990
v 1.012666 -0.181616 1.779538
v -0.134470 -0.070342 1.789051
v 0.443649 -0.116418 1.796645
v 0.159014 -0.103324 1.781781
v -0.125622 -0.090230 1.766917
v 0.445298 -0.133434 1.774318
v 0.164262 -0.121776 1.759550
v -0.116774 -0.110118 1.744783
v 2.459722 -0.312060 0.282383
v 2.436346 -0.324627 0.278875
v 2.446335 -0.321004 0.214474
v 2.456326 -0.317382 0.150072
v 2.412968 -0.337193 0.275367
v 2.422833 -0.333617 0.211776
v 2.432698 -0.330040 0.148185
v 2.466317 -0.313759 0.064253
v 2.466317 -0.313759 0.042836
v 2.466318 -0.313759 0.021418
v 2.442564 -0.326462 0.063445
v 2.442564 -0.326462 0.042297
v 2.442564 -0.326462 0.021148
v 2.321565 -0.350393 1.192649
v 2.013009 -0.292828 1.667508
v 2.125016 -0.309300 1.550942
v 1.995006 -0.308219 1.648802
v 2.106418 -0.323851 1.533169
v 2.217829 -0.339482 1.417535
v 2.439228 -0.317300 0.487697
v 2.395609 -0.332909 0.758364
v 2.405857 -0.331356 0.620002
v 2.416106 -0.329802 0.481639
v 2.372745 -0.345372 0.748825
v 2.382865 -0.343838 0.612203
v 2.392983 -0.342305 0.475581
v 1.028007 -0.150566 1.839678
v 1.324807 -0.187087 1.827689
v 1.022183 -0.166307 1.817786
v 1.315123 -0.202990 1.806548
v 1.608062 -0.239674 1.795311
v 1.016359 -0.182048 1.795894
v 1.305439 -0.218894 1.785408
v 1.594517 -0.255741 1.774921
v 0.436192 -0.115546 1.813841
v 0.437935 -0.132572 1.791298
v 2.462206 -0.302648 0.150487
v 2.452113 -0.306319 0.215538
v 2.442019 -0.309990 0.280589
v 2.438799 -0.315332 0.148617
v 2.428829 -0.318958 0.212861
v 2.418863 -0.322583 0.277104
v 2.415390 -0.328015 0.146748
v 2.405547 -0.331596 0.210183
v 2.395705 -0.335176 0.273618
v 2.448766 -0.311707 0.021094
v 2.448766 -0.311707 0.042187
v 2.448766 -0.311707 0.063281
v 2.425233 -0.324436 0.020828
v 2.425233 -0.324436 0.041656
v 2.425233 -0.324436 0.062485
v 2.222370 -0.323528 1.426015
v 2.111219 -0.307334 1.540796
v 2.000068 -0.291138 1.655578
v 2.203066 -0.336960 1.410435
v 2.092599 -0.321705 1.523921
v 1.982131 -0.306448 1.637408
v 2.376278 -0.336407 1.001998
v 2.337586 -0.353062 1.197788
v 2.345932 -0.351010 1.093675
v 2.354280 -0.348957 0.989561
v 2.421619 -0.315242 0.484772
v 2.411311 -0.316823 0.623904
v 2.401004 -0.318403 0.763036
v 2.398716 -0.327769 0.478751
v 2.388535 -0.329330 0.616154
v 2.378357 -0.330891 0.753557
v 2.375811 -0.340297 0.472729
v 2.365761 -0.341838 0.608404
v 2.355709 -0.343379 0.744079
v -0.430983 -0.054843 1.778202
v -0.439261 -0.053875 1.782313
v -0.447539 -0.052907 1.786424
v -0.418433 -0.076180 1.756113
v -0.426608 -0.075225 1.760173
v -0.434784 -0.074269 1.764232
v -0.405882 -0.097518 1.734024
v -0.413956 -0.096574 1.738033
v -0.422029 -0.095630 1.742041
v 2.396254 -0.341199 -0.145233
v 2.400526 -0.341699 -0.145588
v 2.404799 -0.342199 -0.145942
v 2.386532 -0.344732 -0.207899
v 2.390798 -0.345231 -0.208292
v 2.395064 -0.345730 -0.208685
v 2.376808 -0.348266 -0.270564
v 2.381069 -0.348764 -0.270996
v 2.385329 -0.349262 -0.271428
v 2.405977 -0.337666 -0.020642
v 2.410254 -0.338165 -0.020721
v 2.414532 -0.338666 -0.020800
v 2.405977 -0.337666 -0.041284
v 2.410254 -0.338165 -0.041442
v 2.414532 -0.338666 -0.041600
v 2.405977 -0.337666 -0.061926
v 2.410254 -0.338165 -0.062163
v 2.414532 -0.338666 -0.062400
v 2.187481 -0.351092 -1.396314
v 2.191199 -0.351793 -1.397774
v 2.194916 -0.352494 -1.399234
v 2.077438 -0.336657 -1.509133
v 2.080899 -0.337238 -1.511220
v 2.084359 -0.337820 -1.513308
v 1.967396 -0.322221 -1.621952
v 1.970598 -0.322683 -1.624666
v 1.973802 -0.323147 -1.627381
v 2.357146 -0.353320 -0.467411
v 2.361384 -0.353815 -0.468115
v 2.365623 -0.354311 -0.468819
v 2.347206 -0.354840 -0.601591
v 2.351428 -0.355333 -0.602529
v 2.355649 -0.355827 -0.603467
v 2.337266 -0.356360 -0.735772
v 2.341472 -0.356851 -0.736943
v 2.345675 -0.357343 -0.738115
v 1.574169 -0.271012 -1.743811
v 1.576437 -0.271278 -1.747384
v 1.578704 -0.271543 -1.750958
v 1.290985 -0.234241 -1.752851
v 1.292574 -0.234427 -1.756656
v 1.294164 -0.234613 -1.760462
v 1.007801 -0.197469 -1.761891
v 1.008712 -0.197576 -1.765928
v 1.009624 -0.197682 -1.769965
v 0.445129 -0.150236 -1.756182
v 0.443312 -0.150024 -1.760373
v 0.441495 -0.149811 -1.764564
v 0.165642 -0.139776 -1.741433
v 0.161775 -0.139324 -1.745546
v 0.157906 -0.138872 -1.749659
v -0.113845 -0.129316 -1.726684
v -0.119765 -0.128623 -1.730719
v -0.125683 -0.127931 -1.734755
v 2.319875 -0.359791 -0.973338
v 2.324010 -0.360364 -0.974600
v 2.328145 -0.360936 -0.975862
v 2.312426 -0.361704 -1.076724
v 2.316507 -0.362358 -1.077843
v 2.320588 -0.363013 -1.078962
v 2.304974 -0.363617 -1.180110
v 2.309003 -0.364353 -1.181085
v 2.313032 -0.365089 -1.182061
v 1.612188 -0.222505 -1.800852
v 1.598759 -0.238586 -1.780647
v 1.585331 -0.254666 -1.760442
v 1.318204 -0.186314 -1.811879
v 1.308601 -0.202228 -1.790934
v 1.298998 -0.218141 -1.769990
v 1.024220 -0.150123 -1.822905
v 1.018443 -0.165869 -1.801222
v 1.012666 -0.181616 -1.779538
v 0.443649 -0.116418 -1.796645
v 0.445297 -0.133434 -1.774318
v 0.159014 -0.103324 -1.781781
v 0.164262 -0.121777 -1.759550
v -0.134470 -0.070342 -1.789051
v -0.125622 -0.090230 -1.766917
v -0.116774 -0.110118 -1.744783
v 2.459722 -0.312060 -0.282383
v 2.436344 -0.324627 -0.278875
v 2.412968 -0.337193 -0.275367
v 2.446335 -0.321004 -0.214474
v 2.422833 -0.333617 -0.211776
v 2.456326 -0.317382 -0.150072
v 2.432698 -0.330040 -0.148185
v 2.466317 -0.313759 -0.064253
v 2.442564 -0.326462 -0.063445
v 2.466318 -0.313759 -0.042836
v 2.442564 -0.326462 -0.042297
v 2.466318 -0.313759 -0.021418
v 2.442564 -0.326462 -0.021148
v 2.359513 -0.334270 -0.996029
v 2.337627 -0.346745 -0.984052
v 2.350849 -0.336087 -1.101097
v 2.329596 -0.348569 -1.088351
v 2.321565 -0.350393 -1.192649
v 2.013009 -0.292828 -1.667508
v 1.995006 -0.308219 -1.648802
v 2.125016 -0.309300 -1.550942
v 2.106418 -0.323851 -1.533168
v 2.217829 -0.339482 -1.417535
v 2.395609 -0.332909 -0.758364
v 2.372745 -0.345372 -0.748825
v 2.405857 -0.331356 -0.620002
v 2.382865 -0.343838 -0.612203
v 2.439228 -0.317300 -0.487697
v 2.416106 -0.329802 -0.481639
v 2.392983 -0.342305 -0.475581
v 1.028007 -0.150566 -1.839678
v 1.022183 -0.166307 -1.817786
v 1.016359 -0.182048 -1.795894
v 1.324807 -0.187086 -1.827689
v 1.315123 -0.202990 -1.806548
v 1.305437 -0.218894 -1.785408
v 1.594517 -0.255741 -1.774921
v -0.159063 -0.067466 -1.805818
v -0.149910 -0.087390 -1.783475
v -0.140755 -0.107315 -1.761133
v 0.143142 -0.101469 -1.798658
v 0.148589 -0.119944 -1.776215
v 0.436192 -0.115546 -1.813841
v 0.437935 -0.132572 -1.791298
v 2.462206 -0.302648 -0.150487
v 2.438798 -0.315332 -0.148617
v 2.415390 -0.328015 -0.146748
v 2.452113 -0.306319 -0.215538
v 2.428829 -0.318958 -0.212861
v 2.405547 -0.331596 -0.210183
v 2.442020 -0.309990 -0.280589
v 2.418863 -0.322583 -0.277104
v 2.395705 -0.335176 -0.273618
v 2.448766 -0.311707 -0.021094
v 2.425233 -0.324436 -0.020828
v 2.448766 -0.311707 -0.042187
v 2.425233 -0.324436 -0.041656
v 2.448766 -0.311707 -0.063281
v 2.425233 -0.324436 -0.062485
v 2.222370 -0.323528 -1.426014
v 2.203066 -0.336960 -1.410435
v 2.111219 -0.307334 -1.540796
v 2.092599 -0.321705 -1.523921
v 2.000069 -0.291138 -1.655578
v 1.982131 -0.306448 -1.637408
v 2.337586 -0.353062 -1.197789
v 2.345932 -0.351010 -1.093675
v 2.376279 -0.336407 -1.001998
v 2.354280 -0.348957 -0.989561
v 2.421619 -0.315242 -0.484772
v 2.398716 -0.327769 -0.478751
v 2.375812 -0.340297 -0.472729
v 2.411311 -0.316823 -0.623904
v 2.388535 -0.329330 -0.616154
v 2.365760 -0.341838 -0.608404
v 2.401005 -0.318403 -0.763036
v 2.378357 -0.330891 -0.753557
v 2.355709 -0.343379 -0.744079
v -0.430983 -0.054843 -1.778202
v -0.418433 -0.076180 -1.756113
v -0.405882 -0.097518 -1.734024
v -0.439261 -0.053875 -1.782313
v -0.426608 -0.075225 -1.760173
v -0.413956 -0.096574 -1.738032
v -0.447539 -0.052907 -1.786424
v -0.434784 -0.074269 -1.764232
v -0.422029 -0.095630 -1.742041
v -0.287258 -0.023502 1.596316
v 0.093205 -0.009502 0.780034
v -0.090272 -0.005586 1.266017
v 0.090777 0.015862 0.436252
v 1.980116 -0.256125 1.587877
v 1.958921 -0.200438 1.273288
v -0.250900 -0.045373 1.644556
v 0.002396 -0.024516 0.739750
v 0.023870 -0.029906 0.380045
v -0.062978 -0.019488 1.217419
v 2.084694 -0.206841 1.023449
v 2.176274 -0.197413 0.534875
v 2.211386 -0.189666 0.291841
v 1.213986 -0.107598 1.535781
v 0.395330 -0.061674 1.576298
v 0.188893 -0.000483 0.582897
v 0.161265 -0.015244 1.033150
v 0.187197 0.018932 0.265875
v 1.924404 -0.219408 1.432321
v 1.602918 -0.201863 1.756476
v 1.616771 -0.154033 1.457782
v 0.799918 -0.082228 1.555495
v -0.306524 -0.041584 1.740993
v 0.998938 -0.073052 1.278684
v 1.012121 -0.067121 0.769697
v 2.078663 -0.188044 0.763022
v 1.022125 -0.045240 0.444669
v 2.139074 -0.179224 0.432148
v 2.155383 -0.172423 0.171947
v 1.191132 -0.138790 1.712095
v 0.037226 -0.038632 1.596604
v 0.344014 -0.090910 1.723996
v -0.026324 -0.060357 1.738280
v 1.024290 -0.041126 0.280505
v 1.020767 -0.056408 0.580902
v 0.976654 -0.069256 1.052323
v 1.595749 -0.179351 1.631050
v 0.763936 -0.114278 1.720737
v 0.163866 -0.020117 1.379760
v 0.442838 -0.038177 1.384254
v 0.751667 -0.058338 1.369632
v 1.276163 -0.098090 1.333675
v 1.649083 -0.137965 1.205372
v 1.736786 -0.119751 0.537436
v 1.717941 -0.126034 0.688455
v 1.752369 -0.110276 0.243500
v 1.746051 -0.113144 0.399808
v 1.675630 -0.129480 0.928967
v 2.253644 -0.320148 1.330922
v -0.287258 -0.023502 -1.596316
v 0.091206 0.022024 0.000000
v 0.093205 -0.009502 -0.780034
v -0.090272 -0.005586 -1.266017
v 0.090777 0.015862 -0.436252
v 1.980115 -0.256125 -1.587877
v 1.958921 -0.200438 -1.273288
v -0.250900 -0.045373 -1.644556
v 0.028300 -0.031771 0.000000
v 0.002396 -0.024516 -0.739750
v 0.023870 -0.029906 -0.380045
v -0.062978 -0.019488 -1.217419
v 2.084695 -0.206841 -1.023449
v 2.176274 -0.197413 -0.534875
v 2.211386 -0.189666 -0.291841
v 2.219506 -0.186396 0.000000
v 1.213985 -0.107598 -1.535781
v 0.395330 -0.061675 -1.576297
v 0.188893 -0.000483 -0.582897
v 0.161265 -0.015244 -1.033150
v 0.187197 0.018932 -0.265875
v 1.924404 -0.219408 -1.432321
v 1.602918 -0.201863 -1.756476
v 1.616771 -0.154033 -1.457781
v 0.799918 -0.082228 -1.555495
v -0.306524 -0.041584 -1.740993
v 0.998938 -0.073052 -1.278684
v 1.012120 -0.067121 -0.769697
v 2.078662 -0.188044 -0.763022
v 1.022125 -0.045240 -0.444669
v 2.139074 -0.179224 -0.432148
v 1.027280 -0.039733 0.000000
v 2.155383 -0.172423 -0.171947
v 1.191132 -0.138790 -1.712095
v 0.037226 -0.038632 -1.596604
v 0.344014 -0.090910 -1.723996
v -0.026324 -0.060357 -1.738280
v 1.024290 -0.041126 -0.280505
v 1.020766 -0.056408 -0.580902
v 0.976654 -0.069256 -1.052323
v 1.595749 -0.179351 -1.631050
v 0.763936 -0.114278 -1.720737
v 0.163866 -0.020117 -1.379760
v 0.442838 -0.038177 -1.384254
v 0.751668 -0.058338 -1.369632
v 1.276163 -0.098090 -1.333675
v 1.649083 -0.137965 -1.205372
v 1.736786 -0.119751 -0.537436
v 1.717941 -0.126034 -0.688455
v 1.752369 -0.110276 -0.243500
v 1.761731 -0.109678 0.000000
v 1.746052 -0.113144 -0.399808
v 1.675630 -0.129480 -0.928967
v 2.253644 -0.320148 -1.330922
v 0.145410 -0.001102 0.607801
v 0.111964 -0.003593 0.650596
v 0.098039 -0.006829 0.709787
v 1.993793 -0.279303 1.658492
v 0.109880 -0.012294 1.068045
v 0.049455 -0.009287 1.121957
v -0.019470 -0.006594 1.188660
v 0.138793 0.020408 0.293243
v 0.104381 0.020080 0.334613
v 0.091689 0.018408 0.384292
v 1.945098 -0.224950 1.441306
v 1.964486 -0.232493 1.468216
v 1.973872 -0.241849 1.520268
v 2.298391 -0.208621 0.000000
v 2.368147 -0.236156 0.000000
v 2.433605 -0.272847 0.000000
v 2.255528 -0.218411 0.507430
v 2.325775 -0.244260 0.487293
v 2.392907 -0.278400 0.474978
v 2.291329 -0.211357 0.255072
v 2.361504 -0.238094 0.219533
v 2.427377 -0.273832 0.191195
v 1.547047 -0.199219 1.786677
v 1.454923 -0.192616 1.819388
v 2.208690 -0.303144 1.368966
v 2.145137 -0.284268 1.430305
v 2.070434 -0.269249 1.507254
v 2.164431 -0.229236 0.993213
v 2.236886 -0.256150 0.971217
v 2.309383 -0.289376 0.956560
v 1.722290 -0.166744 1.405794
v 1.821718 -0.179244 1.349466
v 1.904923 -0.191199 1.301773
v 0.904989 -0.087218 1.549268
v 1.009381 -0.092753 1.543632
v 1.112514 -0.099404 1.539654
v -0.309368 -0.025918 1.603614
v -0.304737 -0.030948 1.614993
v -0.282276 -0.037725 1.629094
v -0.007980 0.019944 -0.000000
v -0.037333 0.008818 -0.000000
v -0.017150 -0.009563 -0.000000
v -0.010099 -0.005545 0.775948
v -0.046347 -0.007542 0.768063
v -0.034336 -0.014655 0.755316
v -0.008302 0.014508 0.424942
v -0.038193 0.004918 0.411023
v -0.019509 -0.010881 0.395818
v -0.130769 -0.005357 1.242344
v -0.130960 -0.008220 1.226145
v -0.103835 -0.013290 1.219135
v -0.006063 -0.021693 0.849185
v -0.018065 -0.019135 0.967749
v -0.036181 -0.018010 1.091731
v -0.100128 -0.024276 1.340814
v -0.145710 -0.031245 1.456764
v -0.196907 -0.038808 1.559825
v 0.028165 -0.031614 0.098209
v 0.027570 -0.031198 0.195139
v 0.026233 -0.030602 0.289511
v 0.020257 -0.029141 0.466424
v 0.015419 -0.028135 0.552175
v 0.009437 -0.026666 0.641787
v -0.305344 -0.049724 1.707412
v -0.326374 -0.043609 1.752893
v -0.351138 -0.047067 1.769156
v 1.768107 -0.152917 1.159553
v 1.883314 -0.169165 1.110757
v 1.990308 -0.187032 1.063787
v 1.851062 -0.142114 0.651412
v 1.973021 -0.159466 0.610627
v 2.082025 -0.177948 0.570361
v 2.110133 -0.192866 0.716206
v 2.142612 -0.197366 0.655334
v 2.163894 -0.198555 0.592802
v 1.881843 -0.130870 0.379116
v 2.005741 -0.149645 0.354267
v 2.116127 -0.169299 0.325198
v 2.165694 -0.183799 0.406197
v 2.191486 -0.188222 0.370532
v 2.205782 -0.189962 0.331855
v 1.896801 -0.127471 0.000000
v 2.018589 -0.146188 0.000000
v 2.126391 -0.165829 0.000000
v 2.182441 -0.178045 0.139760
v 2.206015 -0.183323 0.095998
v 2.217154 -0.185862 0.048687
v 1.195471 -0.131652 1.672787
v 1.200357 -0.123346 1.631571
v 1.206343 -0.114964 1.586538
v 0.129275 -0.044587 1.593949
v 0.217390 -0.050432 1.588896
v 0.304949 -0.056137 1.582620
v 0.356495 -0.085401 1.692709
v 0.369122 -0.078267 1.659092
v 0.382024 -0.070146 1.621003
v 0.093218 0.012715 0.484556
v 0.107524 0.008869 0.526497
v 0.143174 0.004196 0.560330
v 0.088625 -0.010771 0.854522
v 0.094245 -0.011565 0.926185
v 0.121441 -0.013066 0.988528
v 0.092529 0.022130 0.086319
v 0.105113 0.022062 0.164111
v 0.139155 0.021155 0.225965
v 1.971292 -0.207859 1.292171
v 1.971759 -0.215541 1.330611
v 1.950761 -0.219028 1.385015
v 1.872103 -0.242152 1.659457
v 1.761581 -0.227193 1.713120
v 1.666411 -0.212361 1.743707
v 1.313758 -0.117573 1.529505
v 1.413090 -0.128975 1.517099
v 1.513567 -0.141297 1.494535
v 0.491088 -0.067026 1.570814
v 0.591481 -0.072213 1.565895
v 0.694946 -0.077269 1.560977
v -0.308659 -0.028915 1.653940
v -0.317864 -0.033779 1.696246
v -0.315495 -0.038208 1.724970
v 0.782890 -0.059398 1.350545
v 0.838346 -0.062296 1.325195
v 0.923471 -0.067775 1.299169
v 0.273100 -0.019446 0.781763
v 0.506796 -0.033738 0.780982
v 0.763427 -0.050316 0.777144
v 2.102933 -0.205103 0.933037
v 2.108036 -0.200836 0.851806
v 2.096519 -0.194120 0.794104
v 0.270205 0.008000 0.443773
v 0.506590 -0.006837 0.447494
v 0.767906 -0.025599 0.447699
v 2.182829 -0.195275 0.487175
v 2.178969 -0.191367 0.454091
v 2.160962 -0.185090 0.437674
v 0.271008 0.014421 0.000000
v 0.508150 -0.000491 0.000000
v 0.770838 -0.019584 0.000000
v 2.211759 -0.188220 0.252076
v 2.202836 -0.184751 0.216478
v 2.181109 -0.178630 0.188870
v 1.182263 -0.154779 1.822135
v 1.183777 -0.148898 1.788022
v 1.187024 -0.144130 1.750828
v -0.232767 -0.024283 1.593859
v -0.153361 -0.027659 1.594591
v -0.059782 -0.032740 1.596257
v 0.319341 -0.097042 1.784642
v 0.331597 -0.094476 1.754658
v -0.116934 -0.053543 1.741432
v -0.200050 -0.047883 1.743093
v -0.266729 -0.043779 1.742644
v 0.248004 -0.083569 1.726896
v 0.155383 -0.075767 1.730534
v 0.064492 -0.067898 1.734475
v -0.041692 -0.064417 1.762320
v -0.057325 -0.068104 1.783924
v 0.018366 -0.045027 1.643778
v 0.002462 -0.050734 1.681360
v -0.011947 -0.055821 1.711983
v 0.771423 -0.021211 0.285229
v 0.525820 -0.002752 0.285276
v 0.326922 0.011041 0.277752
v 1.604231 -0.093367 0.256984
v 1.438151 -0.076752 0.266966
v 1.247159 -0.059614 0.274466
v 1.023685 -0.041739 0.323791
v 1.023105 -0.042518 0.366179
v 1.022577 -0.043630 0.406771
v 1.027022 -0.039852 0.070126
v 1.026345 -0.040169 0.140253
v 1.025388 -0.040615 0.210379
v 0.770631 -0.038293 0.581982
v 0.522475 -0.021156 0.582004
v 0.315479 -0.007789 0.582345
v 1.590868 -0.104024 0.556563
v 1.427690 -0.088771 0.569405
v 1.240056 -0.073172 0.577130
v 1.020205 -0.059589 0.619866
v 1.018959 -0.062564 0.663682
v 1.016456 -0.065140 0.713307
v 1.021762 -0.047458 0.479436
v 1.021451 -0.050172 0.512482
v 1.021136 -0.053212 0.545680
v 0.733831 -0.052238 1.059459
v 0.491233 -0.035940 1.057076
v 0.286977 -0.022863 1.045188
v 1.530671 -0.114267 0.975124
v 1.370352 -0.099647 1.011801
v 1.188499 -0.084942 1.037007
v 0.967331 -0.069275 1.127425
v 0.968078 -0.069912 1.194282
v 0.984001 -0.071517 1.245863
v 1.005559 -0.068378 0.833345
v 0.997112 -0.069031 0.902885
v 0.987304 -0.069262 0.976488
v 1.495344 -0.167632 1.665881
v 1.394959 -0.156900 1.689136
v 1.293814 -0.147252 1.703610
v 1.869762 -0.213068 1.474168
v 1.789382 -0.203418 1.528746
v 1.695659 -0.191716 1.583508
v 1.593674 -0.184644 1.668557
v 1.593791 -0.189835 1.703727
v 1.597237 -0.195776 1.734440
v 1.609059 -0.160036 1.507908
v 1.603226 -0.166623 1.552254
v 1.598910 -0.173245 1.592680
v 0.655802 -0.108970 1.720817
v 0.548931 -0.103448 1.721190
v 0.444581 -0.097499 1.722152
v 1.086360 -0.131540 1.717052
v 0.979850 -0.125251 1.719612
v 0.872183 -0.119604 1.720574
v 0.755917 -0.118521 1.756485
v 0.748440 -0.121161 1.789448
v 0.742063 -0.123229 1.816896
v 0.789746 -0.090598 1.603499
v 0.780586 -0.099438 1.645766
v 0.772096 -0.107684 1.684208
v -0.006880 -0.009137 1.294257
v 0.080983 -0.013811 1.324985
v 0.136051 -0.017454 1.355794
v 0.060567 -0.031742 1.539010
v 0.090183 -0.025584 1.477381
v 0.127142 -0.021507 1.420122
v 0.233633 -0.023203 1.367872
v 0.321512 -0.028247 1.362135
v 0.395054 -0.033735 1.370729
v 0.409019 -0.053514 1.524274
v 0.422482 -0.046431 1.469990
v 0.434668 -0.041139 1.420002
v 0.498141 -0.040821 1.367173
v 0.581172 -0.045860 1.355196
v 0.677236 -0.052644 1.359295
v 0.809258 -0.075098 1.501487
v 0.807203 -0.068834 1.447786
v 0.784518 -0.062970 1.401549
v 1.078915 -0.079586 1.289040
v 1.164423 -0.087062 1.303666
v 1.232651 -0.093521 1.320157
v 1.224151 -0.102178 1.478892
v 1.238959 -0.098985 1.421465
v 1.259019 -0.097938 1.370205
v 1.335908 -0.103535 1.310905
v 1.424258 -0.112450 1.279336
v 1.531524 -0.124211 1.244719
v 1.626343 -0.149026 1.400687
v 1.636214 -0.144869 1.338132
v 1.644441 -0.141277 1.272300
v 2.079943 -0.168167 0.453835
v 1.986905 -0.153013 0.482501
v 1.870301 -0.136410 0.511713
v 1.228382 -0.082569 0.758026
v 1.413199 -0.096995 0.741235
v 1.573932 -0.111212 0.718366
v 2.089451 -0.159401 0.188862
v 2.001283 -0.144671 0.207159
v 1.886856 -0.127854 0.226144
v 1.252040 -0.058455 0.000000
v 1.445126 -0.075855 0.000000
v 1.612901 -0.092680 0.000000
v 1.243762 -0.063357 0.438593
v 1.433487 -0.080149 0.429281
v 1.598513 -0.096462 0.416447
v 2.018861 -0.176824 0.787310
v 1.925382 -0.161806 0.827356
v 1.808770 -0.145615 0.877166
v 1.649756 -0.134790 1.138758
v 1.652311 -0.132174 1.070765
v 1.662027 -0.130508 0.999951
v 1.724419 -0.124748 0.644211
v 1.729505 -0.123232 0.605590
v 1.733520 -0.121546 0.570646
v 1.747780 -0.112109 0.362217
v 1.749380 -0.111347 0.323353
v 1.750895 -0.110766 0.283639
v 1.688608 -0.128667 0.861044
v 1.700017 -0.127896 0.797640
v 1.709812 -0.127055 0.739772
v 1.739583 -0.117915 0.504276
v 1.742016 -0.116133 0.470532
v 1.744151 -0.114508 0.435834
v 1.755806 -0.110056 0.182625
v 1.758804 -0.109864 0.121750
v 1.760926 -0.109728 0.060875
v -0.154352 -0.007539 1.351455
v -0.209200 -0.011873 1.439291
v -0.253831 -0.017543 1.523065
v 2.340194 -0.324490 1.073665
v 2.300038 -0.319786 1.178407
v 2.270130 -0.318502 1.268143
v 1.990182 -0.202422 1.235018
v 2.026587 -0.204888 1.179189
v 2.058687 -0.206585 1.107670
v 0.145410 -0.001102 -0.607801
v 0.111964 -0.003593 -0.650596
v 0.098040 -0.006829 -0.709787
v 1.993793 -0.279303 -1.658493
v 0.109880 -0.012294 -1.068045
v 0.049455 -0.009287 -1.121957
v -0.019470 -0.006594 -1.188660
v 0.138793 0.020408 -0.293243
v 0.104381 0.020080 -0.334613
v 0.091689 0.018408 -0.384292
v 1.945098 -0.224950 -1.441306
v 1.964486 -0.232493 -1.468216
v 1.973872 -0.241849 -1.520268
v 2.255528 -0.218411 -0.507430
v 2.325775 -0.244260 -0.487293
v 2.392907 -0.278400 -0.474978
v 2.291329 -0.211357 -0.255072
v 2.361504 -0.238094 -0.219533
v 2.427376 -0.273832 -0.191195
v -0.024507 -0.026629 -0.347534
v 1.547048 -0.199219 -1.786677
v 1.454923 -0.192616 -1.819388
v 2.208690 -0.303144 -1.368966
v 2.145137 -0.284268 -1.430305
v 2.070434 -0.269249 -1.507254
v 2.164431 -0.229236 -0.993213
v 2.236885 -0.256150 -0.971217
v 2.309383 -0.289376 -0.956560
v 1.722290 -0.166744 -1.405794
v 1.821718 -0.179244 -1.349466
v 1.904923 -0.191199 -1.301773
v 0.904989 -0.087218 -1.549268
v 1.009381 -0.092753 -1.543632
v 1.112514 -0.099404 -1.539654
v -0.309368 -0.025918 -1.603614
v -0.304737 -0.030948 -1.614993
v -0.282276 -0.037725 -1.629094
v -0.010099 -0.005545 -0.775948
v -0.046347 -0.007542 -0.768063
v -0.034336 -0.014655 -0.755316
v -0.008302 0.014508 -0.424942
v -0.038193 0.004918 -0.411023
v -0.019509 -0.010881 -0.395818
v -0.130769 -0.005357 -1.242344
v -0.130960 -0.008220 -1.226145
v -0.103835 -0.013290 -1.219135
v -0.006063 -0.021693 -0.849185
v -0.018065 -0.019135 -0.967749
v -0.036181 -0.018010 -1.091731
v -0.100128 -0.024276 -1.340814
v -0.145710 -0.031245 -1.456764
v -0.196907 -0.038808 -1.559825
v 0.028165 -0.031614 -0.098209
v 0.027570 -0.031198 -0.195139
v 0.026233 -0.030602 -0.289511
v 0.020257 -0.029141 -0.466424
v 0.015419 -0.028135 -0.552175
v 0.009437 -0.026666 -0.641787
v -0.359772 -0.052137 -1.752439
v -0.305344 -0.049724 -1.707412
v -0.326374 -0.043609 -1.752893
v -0.351138 -0.047067 -1.769156
v 1.768107 -0.152917 -1.159553
v 1.883314 -0.169165 -1.110757
v 1.990308 -0.187032 -1.063787
v 1.851062 -0.142114 -0.651412
v 1.973021 -0.159466 -0.610627
v 2.082025 -0.177948 -0.570361
v 2.110133 -0.192866 -0.716206
v 2.142612 -0.197366 -0.655334
v 2.163894 -0.198555 -0.592802
v 1.881843 -0.130870 -0.379116
v 2.005741 -0.149645 -0.354267
v 2.116127 -0.169299 -0.325198
v 2.165694 -0.183799 -0.406197
v 2.191486 -0.188222 -0.370532
v 2.205782 -0.189962 -0.331855
v 2.182441 -0.178045 -0.139760
v 2.206014 -0.183323 -0.095998
v 2.217154 -0.185862 -0.048687
v 1.195471 -0.131652 -1.672787
v 1.200357 -0.123346 -1.631570
v 1.206343 -0.114964 -1.586538
v 0.129275 -0.044587 -1.593949
v 0.217390 -0.050432 -1.588896
v 0.304948 -0.056137 -1.582620
v 0.356495 -0.085401 -1.692709
v 0.369122 -0.078267 -1.659092
v 0.382024 -0.070146 -1.621003
v 0.093218 0.012715 -0.484556
v 0.107524 0.008869 -0.526497
v 0.143174 0.004196 -0.560330
v 0.088625 -0.010771 -0.854522
v 0.094245 -0.011565 -0.926185
v 0.121441 -0.013066 -0.988528
v 0.092529 0.022130 -0.086319
v 0.105113 0.022062 -0.164111
v 0.139155 0.021155 -0.225965
v 1.971292 -0.207859 -1.292172
v 1.971759 -0.215541 -1.330611
v 1.950761 -0.219028 -1.385015
v 1.872104 -0.242152 -1.659457
v 1.761581 -0.227193 -1.713120
v 1.666412 -0.212361 -1.743707
v 1.313758 -0.117573 -1.529505
v 1.413091 -0.128975 -1.517099
v 1.513567 -0.141297 -1.494535
v 0.491088 -0.067026 -1.570814
v 0.591481 -0.072213 -1.565895
v 0.694946 -0.077269 -1.560977
v -0.308659 -0.028915 -1.653939
v -0.317864 -0.033779 -1.696246
v -0.315495 -0.038208 -1.724969
v 0.782890 -0.059398 -1.350545
v 0.838346 -0.062296 -1.325195
v 0.923471 -0.067775 -1.299169
v 0.273098 -0.019446 -0.781763
v 0.506796 -0.033738 -0.780982
v 0.763426 -0.050316 -0.777144
v 2.102934 -0.205103 -0.933037
v 2.108036 -0.200836 -0.851806
v 2.096519 -0.194120 -0.794104
v 0.270205 0.008000 -0.443773
v 0.506590 -0.006837 -0.447494
v 0.767906 -0.025599 -0.447699
v 2.182829 -0.195275 -0.487175
v 2.178969 -0.191367 -0.454091
v 2.160962 -0.185090 -0.437674
v 2.211759 -0.188220 -0.252076
v 2.202836 -0.184751 -0.216478
v 2.181109 -0.178630 -0.188870
v 1.182263 -0.154779 -1.822135
v 1.183777 -0.148898 -1.788022
v 1.187023 -0.144130 -1.750828
v -0.232767 -0.024283 -1.593859
v -0.153361 -0.027659 -1.594591
v -0.059782 -0.032740 -1.596257
v 0.319341 -0.097042 -1.784642
v 0.331597 -0.094476 -1.754658
v -0.116934 -0.053543 -1.741432
v -0.200050 -0.047883 -1.743093
v -0.266729 -0.043779 -1.742645
v 0.248004 -0.083569 -1.726895
v 0.155383 -0.075767 -1.730534
v 0.064492 -0.067898 -1.734475
v -0.041692 -0.064417 -1.762320
v -0.057325 -0.068104 -1.783924
v 0.018366 -0.045027 -1.643778
v 0.002462 -0.050734 -1.681360
v -0.011947 -0.055821 -1.711983
v 0.771422 -0.021211 -0.285229
v 0.525820 -0.002752 -0.285276
v 0.326922 0.011041 -0.277752
v 1.604231 -0.093367 -0.256984
v 1.438151 -0.076752 -0.266966
v 1.247159 -0.059614 -0.274466
v 1.023685 -0.041739 -0.323791
v 1.023105 -0.042518 -0.366179
v 1.022577 -0.043630 -0.406771
v 1.027022 -0.039852 -0.070126
v 1.026345 -0.040169 -0.140253
v 1.025388 -0.040615 -0.210379
v 0.770631 -0.038293 -0.581982
v 0.522475 -0.021156 -0.582004
v 0.315479 -0.007789 -0.582345
v 1.590868 -0.104024 -0.556563
v 1.427691 -0.088771 -0.569405
v 1.240056 -0.073172 -0.577129
v 1.020205 -0.059589 -0.619866
v 1.018960 -0.062564 -0.663682
v 1.016456 -0.065140 -0.713307
v 1.021762 -0.047458 -0.479436
v 1.021451 -0.050172 -0.512482
v 1.021136 -0.053212 -0.545680
v 0.733831 -0.052238 -1.059459
v 0.491233 -0.035940 -1.057076
v 0.286977 -0.022862 -1.045188
v 1.530671 -0.114267 -0.975124
v 1.370352 -0.099647 -1.011801
v 1.188499 -0.084942 -1.037007
v 0.967331 -0.069275 -1.127425
v 0.968078 -0.069912 -1.194282
v 0.984002 -0.071517 -1.245863
v 1.005559 -0.068378 -0.833345
v 0.997112 -0.069031 -0.902885
v 0.987303 -0.069262 -0.976488
v 1.495344 -0.167632 -1.665881
v 1.394959 -0.156900 -1.689137
v 1.293814 -0.147252 -1.703610
v 1.869763 -0.213068 -1.474168
v 1.789382 -0.203418 -1.528746
v 1.695659 -0.191716 -1.583507
v 1.593674 -0.184644 -1.668557
v 1.593791 -0.189835 -1.703727
v 1.597236 -0.195776 -1.734441
v 1.609059 -0.160036 -1.507908
v 1.603226 -0.166623 -1.552254
v 1.598910 -0.173245 -1.592680
v 0.655802 -0.108970 -1.720817
v 0.548931 -0.103448 -1.721190
v 0.444580 -0.097499 -1.722152
v 1.086360 -0.131540 -1.717052
v 0.979850 -0.125251 -1.719612
v 0.872183 -0.119604 -1.720574
v 0.755917 -0.118521 -1.756485
v 0.748440 -0.121161 -1.789448
v 0.742063 -0.123229 -1.816896
v 0.789746 -0.090598 -1.603499
v 0.780586 -0.099438 -1.645766
v 0.772095 -0.107684 -1.684208
v -0.006880 -0.009137 -1.294257
v 0.080982 -0.013811 -1.324985
v 0.136051 -0.017454 -1.355794
v 0.060567 -0.031742 -1.539010
v 0.090183 -0.025584 -1.477381
v 0.127142 -0.021507 -1.420122
v 0.233633 -0.023203 -1.367872
v 0.321512 -0.028247 -1.362135
v 0.395054 -0.033735 -1.370729
v 0.409018 -0.053514 -1.524274
v 0.422482 -0.046431 -1.469990
v 0.434668 -0.041139 -1.420002
v 0.498141 -0.040821 -1.367173
v 0.581172 -0.045860 -1.355196
v 0.677236 -0.052644 -1.359295
v 0.809258 -0.075099 -1.501487
v 0.807203 -0.068834 -1.447786
v 0.784517 -0.062970 -1.401549
v 1.078914 -0.079586 -1.289040
v 1.164423 -0.087062 -1.303666
v 1.232651 -0.093521 -1.320157
v 1.224150 -0.102178 -1.478892
v 1.238959 -0.098985 -1.421465
v 1.259019 -0.097938 -1.370205
v 1.335908 -0.103535 -1.310905
v 1.424258 -0.112450 -1.279336
v 1.531523 -0.124211 -1.244719
v 1.626343 -0.149026 -1.400687
v 1.636214 -0.144869 -1.338132
v 1.644441 -0.141277 -1.272300
v 2.079943 -0.168167 -0.453835
v 1.986905 -0.153013 -0.482501
v 1.870301 -0.136410 -0.511713
v 1.228381 -0.082569 -0.758026
v 1.413198 -0.096995 -0.741235
v 1.573931 -0.111212 -0.718366
v 2.089451 -0.159401 -0.188862
v 2.001283 -0.144671 -0.207159
v 1.886856 -0.127854 -0.226144
v 1.243762 -0.063357 -0.438593
v 1.433487 -0.080149 -0.429281
v 1.598513 -0.096462 -0.416447
v 2.018860 -0.176824 -0.787310
v 1.925382 -0.161806 -0.827356
v 1.808770 -0.145615 -0.877166
v 1.649756 -0.134790 -1.138758
v 1.652311 -0.132174 -1.070765
v 1.662027 -0.130508 -0.999951
v 1.724419 -0.124748 -0.644211
v 1.729505 -0.123232 -0.605590
v 1.733520 -0.121546 -0.570646
v 1.747780 -0.112109 -0.362217
v 1.749380 -0.111347 -0.323352
v 1.750895 -0.110767 -0.283639
v 1.688608 -0.128667 -0.861044
v 1.700017 -0.127896 -0.797640
v 1.709812 -0.127055 -0.739772
v 1.739583 -0.117915 -0.504276
v 1.742016 -0.116133 -0.470532
v 1.744151 -0.114508 -0.435834
v 1.755807 -0.110056 -0.182625
v 1.758804 -0.109864 -0.121750
v 1.760926 -0.109729 -0.060875
v -0.154352 -0.007539 -1.351455
v -0.209200 -0.011873 -1.439291
v -0.253831 -0.017543 -1.523065
v 2.340194 -0.324490 -1.073665
v 2.300038 -0.319786 -1.178407
v 2.270130 -0.318502 -1.268143
v 2.285135 -0.343805 -1.359417
v 1.990182 -0.202422 -1.235018
v 2.026587 -0.204888 -1.179189
v 2.058686 -0.206585 -1.107670
v 2.329129 -0.232401 0.345174
v 2.420088 -0.273546 0.248762
v 2.352897 -0.237585 0.274629
v 2.283608 -0.211156 0.302524
v 2.262317 -0.207170 0.351049
v 2.219823 -0.197481 0.396918
v 2.253878 -0.208990 0.406897
v 2.262443 -0.215339 0.446531
v 2.334037 -0.240614 0.410729
v 2.402519 -0.275470 0.388271
v 2.410058 -0.273265 0.314558
v 2.348382 -0.228692 0.115753
v 2.431916 -0.272268 0.045985
v 2.364827 -0.234945 0.052025
v 2.294947 -0.207605 0.050974
v 2.278052 -0.202758 0.101777
v 2.238572 -0.192061 0.149197
v 2.276416 -0.203610 0.172401
v 2.291053 -0.209424 0.210241
v 2.361804 -0.236073 0.169401
v 2.429346 -0.272826 0.140586
v 2.429023 -0.271540 0.093157
v 0.664962 -0.102632 1.685542
v 0.674369 -0.094578 1.648392
v 0.684279 -0.085794 1.607494
v 0.559123 -0.097373 1.687186
v 0.569490 -0.089542 1.651244
v 0.580216 -0.080855 1.611452
v 0.455868 -0.091698 1.689466
v 0.467293 -0.084162 1.654689
v 0.478988 -0.075675 1.615809
v 1.865003 -0.260965 1.728165
v 1.727672 -0.239785 1.778310
v 1.618803 -0.217177 1.793094
v 1.498123 -0.161265 1.628391
v 1.501744 -0.154363 1.588730
v 1.506722 -0.147511 1.544807
v 1.397915 -0.150224 1.651346
v 1.401540 -0.142852 1.611458
v 1.406408 -0.135524 1.567400
v 1.297346 -0.140295 1.664994
v 1.301462 -0.132408 1.624413
v 1.306740 -0.124523 1.579904
v 2.273873 -0.243659 0.708261
v 2.378396 -0.281242 0.579265
v 2.309089 -0.246256 0.582191
v 2.240264 -0.219821 0.582856
v 2.211089 -0.217035 0.663553
v 2.161134 -0.207194 0.734723
v 2.189124 -0.219662 0.789898
v 2.186996 -0.226791 0.884397
v 2.264293 -0.253441 0.844803
v 2.338956 -0.288043 0.827824
v 2.359481 -0.284148 0.699075
v -0.190628 -0.030648 1.473140
v -0.246349 -0.039946 1.592931
v -0.068539 -0.006208 0.994195
v -0.084596 -0.004563 1.148555
v -0.036571 -0.005576 1.068301
v 0.024420 -0.007941 1.015944
v -0.011505 -0.006631 0.948331
v -0.016099 -0.006435 0.863763
v -0.055339 -0.007577 0.870466
v -0.043579 -0.013446 0.863064
v -0.057356 -0.011860 0.979519
v -0.076639 -0.011494 1.099429
v -0.098696 -0.006482 1.115474
v -0.272080 -0.019902 1.526858
v -0.227463 -0.013824 1.437267
v -0.179148 -0.008654 1.340532
v -0.262494 -0.024794 1.535239
v -0.216498 -0.018244 1.440421
v -0.171177 -0.012364 1.335678
v -0.234342 -0.031378 1.546745
v -0.185994 -0.024326 1.447554
v -0.141176 -0.017867 1.336643
v -0.037324 0.012216 0.226862
v -0.007791 0.017448 0.357427
v 0.004795 0.020421 0.294721
v 0.047609 0.022846 0.251022
v 0.005179 0.021627 0.186187
v -0.007202 0.020397 0.098008
v -0.038285 0.009527 0.107944
v -0.017989 -0.009160 0.105676
v -0.019195 -0.008710 0.209323
v -0.019119 -0.009634 0.306070
v -0.038895 0.007713 0.327264
v -0.037044 0.000332 0.580062
v -0.004938 -0.002785 0.694208
v 0.009709 0.001247 0.626618
v 0.052810 0.004800 0.583734
v 0.007697 0.008332 0.544168
v -0.006543 0.011478 0.488623
v -0.038947 0.002525 0.490456
v -0.021840 -0.011955 0.481133
v -0.025228 -0.013022 0.567158
v -0.028827 -0.014348 0.657667
v -0.041825 -0.005265 0.674462
v -0.326146 -0.042386 1.691088
v -0.363486 -0.045626 1.735651
v -0.389588 -0.048126 1.767032
v -0.339016 -0.035899 1.675941
v -0.361995 -0.039865 1.719913
v -0.369250 -0.043361 1.750048
v -0.335954 -0.031120 1.663154
v -0.349506 -0.035627 1.706331
v -0.347679 -0.039736 1.735394
v -0.201979 -0.018269 1.524626
v -0.124779 -0.021468 1.529598
v -0.033747 -0.026246 1.535326
v -0.156336 -0.012882 1.446894
v -0.080665 -0.016109 1.457975
v 0.003653 -0.020576 1.469522
v -0.092482 -0.009412 1.367757
v -0.014677 -0.013088 1.387361
v 0.057436 -0.017239 1.407106
v 0.742029 -0.052402 0.983218
v 0.749938 -0.052265 0.910074
v 0.757399 -0.051646 0.841013
v 0.494886 -0.036085 0.983881
v 0.496757 -0.035790 0.913309
v 0.501407 -0.035123 0.845346
v 0.280368 -0.022533 0.982153
v 0.269203 -0.021655 0.916637
v 0.268403 -0.020836 0.848908
v 0.769791 -0.034651 0.546563
v 0.768681 -0.031179 0.513883
v 0.768067 -0.028099 0.481662
v 0.517853 -0.017094 0.547151
v 0.510972 -0.013097 0.514783
v 0.507480 -0.009618 0.482247
v 0.301025 -0.003416 0.550314
v 0.281202 0.001140 0.517918
v 0.272047 0.004978 0.482691
v 0.770931 -0.020598 0.214267
v 0.770659 -0.020072 0.143117
v 0.770727 -0.019715 0.071653
v 0.517113 -0.001797 0.216723
v 0.510783 -0.001035 0.146662
v 0.508378 -0.000612 0.074085
v 0.299425 0.012732 0.218122
v 0.279596 0.013888 0.152376
v 0.271881 0.014353 0.078512
v -0.104612 -0.049040 1.715652
v -0.092681 -0.044153 1.684679
v -0.078533 -0.038762 1.645771
v -0.191210 -0.043436 1.718291
v -0.183418 -0.038646 1.687279
v -0.171836 -0.033432 1.646906
v -0.263297 -0.039606 1.720445
v -0.260986 -0.034942 1.690446
v -0.251754 -0.029870 1.648992
v -0.144514 -0.062063 1.784877
v -0.131195 -0.057804 1.764333
v -0.227862 -0.056600 1.784365
v -0.213446 -0.052129 1.764622
v -0.300819 -0.051528 1.779857
v -0.280652 -0.047506 1.761522
v 0.216840 -0.089732 1.784063
v 0.233845 -0.087139 1.755882
v 0.120415 -0.082229 1.783779
v 0.139940 -0.079437 1.757759
v 0.030123 -0.074904 1.783583
v 0.048645 -0.071741 1.759981
v 0.261737 -0.078367 1.697088
v 0.275680 -0.071763 1.664629
v 0.290020 -0.064203 1.627234
v 0.170108 -0.070858 1.702159
v 0.185097 -0.064834 1.670708
v 0.200730 -0.057943 1.633760
v 0.079562 -0.063224 1.707323
v 0.094862 -0.057739 1.676546
v 0.111172 -0.051505 1.639601
v 0.768036 -0.023803 0.410353
v 0.768633 -0.022596 0.370152
v 0.769847 -0.021799 0.328137
v 0.506701 -0.004839 0.409237
v 0.509429 -0.003596 0.368606
v 0.516366 -0.003000 0.327100
v 0.270734 0.010224 0.401269
v 0.278597 0.011480 0.357961
v 0.298863 0.011642 0.316734
v 2.117268 -0.168194 0.288058
v 2.113585 -0.166250 0.252027
v 2.103276 -0.163097 0.219189
v 2.007395 -0.148691 0.317833
v 2.007319 -0.147613 0.280683
v 2.004964 -0.146235 0.243794
v 1.883662 -0.129920 0.342295
v 1.885076 -0.129154 0.304203
v 1.886080 -0.128482 0.265355
v 2.105826 -0.162298 0.144285
v 2.118718 -0.164599 0.097685
v 2.124984 -0.165638 0.049296
v 2.008641 -0.145434 0.155936
v 2.014488 -0.145982 0.104404
v 2.017685 -0.146177 0.052357
v 1.890632 -0.127738 0.169679
v 1.893857 -0.127624 0.113175
v 1.896020 -0.127519 0.056607
v 0.767186 -0.048116 0.719388
v 0.769274 -0.045220 0.667791
v 0.770441 -0.041880 0.622131
v 0.510381 -0.031340 0.721470
v 0.514210 -0.028257 0.668123
v 0.519863 -0.024871 0.621867
v 0.277161 -0.016902 0.718629
v 0.285981 -0.013823 0.663266
v 0.303788 -0.010920 0.618460
v 2.088660 -0.176432 0.529585
v 2.089447 -0.174052 0.497758
v 2.083409 -0.170665 0.474683
v 1.979781 -0.158237 0.571538
v 1.983790 -0.156655 0.538373
v 1.985057 -0.154708 0.509815
v 1.857775 -0.140925 0.610596
v 1.862966 -0.139542 0.574942
v 1.866912 -0.137998 0.542663
v 2.090097 -0.168596 0.427028
v 2.103834 -0.169834 0.395311
v 2.112266 -0.169997 0.361158
v 1.992177 -0.152094 0.453291
v 1.998505 -0.151485 0.421986
v 2.002978 -0.150635 0.389001
v 1.873723 -0.134884 0.480299
v 1.876949 -0.133434 0.447891
v 1.879642 -0.132067 0.414260
v 0.462391 -0.034203 1.239295
v 0.830500 -0.060257 1.260842
v 0.750244 -0.054022 1.208629
v 0.728613 -0.052165 1.137080
v 0.480892 -0.035252 1.134887
v 0.264675 -0.021439 1.108088
v 0.207271 -0.018193 1.172573
v 0.100776 -0.012780 1.231208
v 0.217380 -0.019550 1.276250
v 0.247302 -0.021931 1.321864
v 0.368906 -0.028969 1.310455
v 0.451967 -0.035323 1.331103
v 0.542180 -0.040812 1.308555
v 0.668678 -0.050068 1.320710
v 0.702947 -0.051501 1.285798
v 2.005742 -0.185522 0.984801
v 2.014486 -0.182892 0.908774
v 2.015621 -0.179315 0.844056
v 1.896053 -0.167384 1.037662
v 1.906613 -0.165401 0.963871
v 1.915444 -0.163339 0.893544
v 1.776456 -0.150523 1.089728
v 1.785097 -0.148430 1.018375
v 1.796201 -0.146810 0.946707
v 2.035825 -0.177476 0.730011
v 2.056553 -0.178901 0.672724
v 2.071829 -0.178966 0.618724
v 1.938650 -0.161256 0.765280
v 1.952592 -0.161047 0.707972
v 1.964088 -0.160448 0.656218
v 1.821204 -0.144721 0.812128
v 1.832689 -0.143943 0.752483
v 1.842692 -0.143102 0.698747
v 1.511291 -0.187231 1.766097
v 1.497200 -0.179231 1.736793
v 1.493763 -0.173229 1.702549
v 1.415546 -0.178230 1.793356
v 1.397856 -0.169009 1.761613
v 1.393234 -0.162617 1.726265
v 1.304042 -0.166812 1.811708
v 1.293018 -0.158677 1.778181
v 1.291142 -0.152853 1.741646
v 1.878503 -0.230772 1.597160
v 1.878730 -0.223413 1.546246
v 1.872519 -0.217732 1.508797
v 1.779159 -0.218751 1.657913
v 1.786121 -0.212814 1.610565
v 1.787530 -0.208057 1.569126
v 1.684777 -0.206543 1.701355
v 1.690402 -0.201290 1.662319
v 1.692982 -0.196626 1.623261
v 1.881142 -0.209095 1.429110
v 1.894404 -0.204046 1.381431
v 1.899409 -0.197220 1.340419
v 1.796091 -0.198077 1.485286
v 1.804818 -0.191903 1.440343
v 1.812410 -0.185191 1.395865
v 1.699983 -0.185834 1.542776
v 1.705910 -0.179288 1.500328
v 1.713181 -0.172682 1.455178
v 0.646315 -0.118457 1.816428
v 0.642497 -0.115692 1.787911
v 0.647297 -0.112995 1.755423
v 0.535249 -0.110038 1.786921
v 0.539596 -0.107280 1.754656
v 0.426554 -0.103839 1.785731
v 0.433880 -0.101164 1.754313
v 1.058392 -0.144335 1.826661
v 1.072362 -0.140422 1.792876
v 1.080741 -0.136589 1.755792
v 0.941084 -0.135746 1.826067
v 0.961748 -0.133174 1.793821
v 0.973002 -0.130012 1.757706
v 0.836868 -0.128794 1.821467
v 0.854202 -0.126866 1.791995
v 0.864608 -0.124093 1.757567
v 1.091599 -0.124380 1.677703
v 1.097354 -0.115862 1.636353
v 1.104151 -0.107149 1.591004
v 0.986038 -0.118205 1.680840
v 0.992700 -0.109664 1.639978
v 1.000319 -0.100792 1.594939
v 0.879349 -0.112761 1.682816
v 0.886925 -0.104334 1.643030
v 0.895332 -0.095446 1.599190
v 2.125194 -0.248023 1.242659
v 2.267535 -0.286670 1.079779
v 2.194016 -0.254194 1.094785
v 2.129204 -0.228118 1.097524
v 2.083538 -0.223816 1.186803
v 2.030295 -0.216426 1.246307
v 2.038609 -0.227234 1.290658
v 2.003516 -0.228872 1.364352
v 2.041470 -0.239937 1.374668
v 2.057753 -0.252284 1.431866
v 2.134146 -0.266433 1.347027
v 2.206566 -0.289671 1.291098
v 2.226356 -0.284502 1.194257
v 0.204972 -0.025862 1.420264
v 0.175167 -0.030635 1.478601
v 0.150100 -0.037258 1.538578
v 0.285767 -0.030682 1.417425
v 0.257834 -0.035753 1.476174
v 0.235773 -0.042697 1.534999
v 0.361416 -0.035939 1.419187
v 0.338952 -0.041044 1.473541
v 0.320858 -0.048108 1.529871
v 0.513771 -0.045980 1.412583
v 0.512174 -0.051842 1.464468
v 0.503118 -0.058932 1.518946
v 0.601888 -0.051291 1.404998
v 0.607771 -0.057405 1.458702
v 0.602395 -0.064358 1.513768
v 0.695893 -0.057336 1.403652
v 0.707457 -0.063193 1.454074
v 0.705113 -0.069772 1.508277
v 1.024746 -0.080742 1.413746
v 0.861563 -0.067249 1.388810
v 0.905892 -0.074158 1.436186
v 0.913626 -0.080401 1.492757
v 1.019313 -0.086360 1.484542
v 1.123601 -0.093632 1.481602
v 1.143193 -0.090435 1.422014
v 1.181048 -0.090664 1.368170
v 1.098887 -0.083309 1.354631
v 1.013755 -0.075583 1.329823
v 0.937957 -0.071322 1.364967
v 1.340873 -0.106169 1.358310
v 1.332814 -0.108637 1.413642
v 1.322781 -0.112293 1.472560
v 1.432215 -0.116129 1.336763
v 1.429186 -0.119633 1.398040
v 1.421537 -0.123752 1.459554
v 1.534442 -0.128001 1.308630
v 1.530195 -0.131839 1.373671
v 1.522203 -0.136143 1.436709
v 1.757762 -0.155470 1.226948
v 1.745852 -0.158405 1.291033
v 1.733554 -0.162044 1.350934
v 1.868612 -0.170811 1.178961
v 1.852424 -0.172667 1.241442
v 1.835788 -0.175219 1.298231
v 1.970903 -0.187710 1.136507
v 1.948202 -0.188020 1.200627
v 1.923661 -0.188646 1.255711
v 1.335209 -0.100062 1.174486
v 1.519834 -0.120197 1.183563
v 1.508901 -0.116653 1.120112
v 1.515959 -0.114999 1.048560
v 1.354274 -0.099930 1.088127
v 1.174012 -0.084963 1.112272
v 1.154678 -0.084400 1.182666
v 1.122559 -0.082406 1.241534
v 1.234321 -0.092039 1.249191
v 1.302813 -0.098992 1.274364
v 1.397902 -0.107703 1.227705
v 1.580015 -0.109787 0.670443
v 1.584625 -0.108056 0.628793
v 1.588122 -0.106106 0.591478
v 1.418766 -0.095406 0.689886
v 1.422754 -0.093427 0.645317
v 1.425588 -0.091175 0.605750
v 1.233353 -0.080794 0.703765
v 1.236623 -0.078534 0.656501
v 1.238690 -0.075942 0.614776
v 1.600014 -0.095312 0.378270
v 1.601456 -0.094485 0.338646
v 1.602854 -0.093871 0.298056
v 1.434679 -0.078864 0.390838
v 1.435848 -0.077952 0.350564
v 1.437003 -0.077290 0.309070
v 1.244592 -0.061918 0.400234
v 1.245438 -0.060910 0.359584
v 1.246297 -0.060190 0.317407
v 1.544512 -0.113690 0.903779
v 1.556283 -0.113065 0.836223
v 1.566064 -0.112277 0.773927
v 1.384341 -0.099318 0.937636
v 1.396093 -0.098848 0.866617
v 1.405687 -0.098115 0.800548
v 1.201218 -0.084793 0.961681
v 1.212210 -0.084446 0.888723
v 1.221318 -0.083753 0.820161
v 1.593174 -0.101904 0.522334
v 1.595165 -0.099858 0.487971
v 1.596919 -0.098004 0.452875
v 1.429427 -0.086334 0.534638
v 1.430925 -0.083996 0.500341
v 1.432256 -0.081890 0.465546
v 1.241146 -0.070379 0.542111
v 1.242089 -0.067712 0.508295
v 1.242942 -0.065322 0.474261
v 1.607414 -0.093114 0.192738
v 1.610191 -0.092895 0.128492
v 1.612156 -0.092739 0.064246
v 1.440712 -0.076424 0.200224
v 1.442946 -0.076135 0.133483
v 1.444526 -0.075932 0.066742
v 1.248952 -0.059189 0.205849
v 1.250515 -0.058817 0.137233
v 1.251621 -0.058556 0.068617
v 2.329129 -0.232401 -0.345174
v 2.420089 -0.273546 -0.248762
v 2.410058 -0.273265 -0.314558
v 2.402519 -0.275470 -0.388271
v 2.334038 -0.240614 -0.410729
v 2.262443 -0.215339 -0.446531
v 2.253878 -0.208990 -0.406897
v 2.219823 -0.197481 -0.396918
v 2.262317 -0.207170 -0.351049
v 2.283608 -0.211156 -0.302524
v 2.352897 -0.237585 -0.274629
v 2.348383 -0.228692 -0.115753
v 2.431916 -0.272268 -0.045985
v 2.429023 -0.271540 -0.093157
v 2.429346 -0.272826 -0.140586
v 2.361804 -0.236073 -0.169401
v 2.291053 -0.209424 -0.210241
v 2.276416 -0.203610 -0.172401
v 2.238572 -0.192061 -0.149197
v 2.278052 -0.202758 -0.101777
v 2.294948 -0.207605 -0.050974
v 2.364827 -0.234945 -0.052025
v -0.027218 -0.025682 -0.428251
v -0.022733 -0.027504 -0.264008
v 0.664962 -0.102632 -1.685542
v 0.559123 -0.097373 -1.687186
v 0.455868 -0.091698 -1.689466
v 0.674369 -0.094578 -1.648392
v 0.569490 -0.089542 -1.651245
v 0.467293 -0.084162 -1.654689
v 0.684278 -0.085794 -1.607494
v 0.580216 -0.080855 -1.611452
v 0.478988 -0.075675 -1.615809
v 1.618802 -0.217177 -1.793094
v 1.727673 -0.239785 -1.778310
v 1.865003 -0.260965 -1.728165
v 1.498123 -0.161265 -1.628391
v 1.397915 -0.150224 -1.651346
v 1.297346 -0.140295 -1.664994
v 1.501744 -0.154363 -1.588730
v 1.401540 -0.142852 -1.611458
v 1.301462 -0.132408 -1.624413
v 1.506722 -0.147511 -1.544807
v 1.406408 -0.135524 -1.567400
v 1.306740 -0.124523 -1.579904
v 2.273874 -0.243659 -0.708261
v 2.378396 -0.281242 -0.579265
v 2.359481 -0.284148 -0.699075
v 2.338955 -0.288043 -0.827824
v 2.264292 -0.253441 -0.844803
v 2.186996 -0.226791 -0.884397
v 2.189124 -0.219662 -0.789898
v 2.161134 -0.207194 -0.734723
v 2.211090 -0.217035 -0.663553
v 2.240263 -0.219821 -0.582856
v 2.309089 -0.246256 -0.582191
v -0.141455 -0.022675 -1.346071
v -0.190628 -0.030648 -1.473140
v -0.246349 -0.039946 -1.592931
v -0.295788 -0.040604 -1.621621
v -0.345221 -0.040666 -1.644822
v -0.068539 -0.006208 -0.994195
v -0.084596 -0.004563 -1.148555
v -0.098696 -0.006482 -1.115474
v -0.076639 -0.011494 -1.099429
v -0.057356 -0.011860 -0.979519
v -0.043579 -0.013446 -0.863064
v -0.055338 -0.007577 -0.870466
v -0.016099 -0.006435 -0.863763
v -0.011505 -0.006631 -0.948331
v 0.024420 -0.007941 -1.015944
v -0.036571 -0.005576 -1.068301
v -0.272080 -0.019902 -1.526858
v -0.262494 -0.024794 -1.535239
v -0.234342 -0.031378 -1.546745
v -0.227463 -0.013824 -1.437267
v -0.216498 -0.018244 -1.440422
v -0.185994 -0.024327 -1.447554
v -0.179148 -0.008654 -1.340532
v -0.171177 -0.012364 -1.335678
v -0.141176 -0.017867 -1.336643
v -0.037324 0.012216 -0.226862
v -0.007791 0.017448 -0.357427
v -0.038895 0.007713 -0.327264
v -0.019119 -0.009634 -0.306070
v -0.019195 -0.008710 -0.209323
v -0.017989 -0.009161 -0.105676
v -0.038285 0.009527 -0.107944
v -0.007202 0.020397 -0.098008
v 0.005179 0.021627 -0.186187
v 0.047609 0.022846 -0.251022
v 0.004795 0.020421 -0.294721
v -0.037044 0.000332 -0.580062
v -0.004938 -0.002785 -0.694208
v -0.041825 -0.005265 -0.674462
v -0.028827 -0.014348 -0.657667
v -0.025228 -0.013022 -0.567158
v -0.021840 -0.011955 -0.481133
v -0.038947 0.002525 -0.490456
v -0.006543 0.011478 -0.488623
v 0.007697 0.008332 -0.544168
v 0.052810 0.004800 -0.583734
v 0.009709 0.001247 -0.626618
v -0.326146 -0.042386 -1.691088
v -0.339016 -0.035900 -1.675941
v -0.335954 -0.031120 -1.663154
v -0.363486 -0.045626 -1.735651
v -0.361995 -0.039865 -1.719912
v -0.349506 -0.035627 -1.706331
v -0.389588 -0.048126 -1.767032
v -0.369250 -0.043361 -1.750049
v -0.347680 -0.039736 -1.735394
v -0.201979 -0.018269 -1.524626
v -0.156336 -0.012882 -1.446894
v -0.092482 -0.009412 -1.367757
v -0.124779 -0.021468 -1.529598
v -0.080665 -0.016109 -1.457975
v -0.014677 -0.013088 -1.387362
v -0.033747 -0.026246 -1.535325
v 0.003653 -0.020576 -1.469522
v 0.057436 -0.017239 -1.407105
v 0.742029 -0.052402 -0.983218
v 0.494886 -0.036085 -0.983881
v 0.280368 -0.022533 -0.982153
v 0.749938 -0.052265 -0.910074
v 0.496756 -0.035790 -0.913309
v 0.269203 -0.021655 -0.916637
v 0.757399 -0.051646 -0.841013
v 0.501407 -0.035123 -0.845347
v 0.268403 -0.020836 -0.848908
v 0.769791 -0.034651 -0.546563
v 0.517853 -0.017094 -0.547151
v 0.301025 -0.003417 -0.550314
v 0.768681 -0.031179 -0.513883
v 0.510972 -0.013097 -0.514783
v 0.281202 0.001140 -0.517918
v 0.768067 -0.028099 -0.481662
v 0.507480 -0.009618 -0.482247
v 0.272047 0.004978 -0.482691
v 0.770931 -0.020598 -0.214267
v 0.517112 -0.001797 -0.216723
v 0.299425 0.012732 -0.218122
v 0.770659 -0.020072 -0.143117
v 0.510783 -0.001035 -0.146662
v 0.279596 0.013888 -0.152376
v 0.770727 -0.019715 -0.071653
v 0.508378 -0.000612 -0.074085
v 0.271881 0.014353 -0.078512
v -0.104612 -0.049040 -1.715652
v -0.191210 -0.043436 -1.718291
v -0.263297 -0.039606 -1.720445
v -0.092681 -0.044153 -1.684679
v -0.183418 -0.038646 -1.687279
v -0.260986 -0.034942 -1.690446
v -0.078533 -0.038762 -1.645771
v -0.171836 -0.033432 -1.646905
v -0.251754 -0.029870 -1.648992
v -0.144514 -0.062063 -1.784877
v -0.227862 -0.056600 -1.784365
v -0.300819 -0.051528 -1.779857
v -0.131195 -0.057804 -1.764333
v -0.213446 -0.052129 -1.764622
v -0.280652 -0.047506 -1.761522
v 0.216840 -0.089732 -1.784063
v 0.120415 -0.082229 -1.783779
v 0.030123 -0.074904 -1.783583
v 0.233845 -0.087139 -1.755882
v 0.139940 -0.079437 -1.757759
v 0.048645 -0.071741 -1.759981
v 0.261737 -0.078367 -1.697088
v 0.170108 -0.070858 -1.702159
v 0.079562 -0.063224 -1.707323
v 0.275680 -0.071763 -1.664629
v 0.185097 -0.064834 -1.670708
v 0.094862 -0.057739 -1.676546
v 0.290020 -0.064203 -1.627234
v 0.200730 -0.057943 -1.633760
v 0.111172 -0.051505 -1.639601
v 0.768036 -0.023803 -0.410353
v 0.506701 -0.004839 -0.409237
v 0.270734 0.010224 -0.401269
v 0.768632 -0.022596 -0.370152
v 0.509429 -0.003596 -0.368606
v 0.278597 0.011480 -0.357961
v 0.769847 -0.021799 -0.328137
v 0.516366 -0.003000 -0.327100
v 0.298863 0.011642 -0.316734
v 2.117269 -0.168194 -0.288058
v 2.007395 -0.148691 -0.317833
v 1.883663 -0.129920 -0.342295
v 2.113585 -0.166250 -0.252027
v 2.007319 -0.147613 -0.280683
v 1.885076 -0.129154 -0.304203
v 2.103275 -0.163097 -0.219189
v 2.004964 -0.146235 -0.243794
v 1.886080 -0.128482 -0.265355
v 2.105825 -0.162298 -0.144285
v 2.008641 -0.145434 -0.155936
v 1.890634 -0.127739 -0.169679
v 2.118718 -0.164599 -0.097685
v 2.014488 -0.145982 -0.104404
v 1.893857 -0.127625 -0.113175
v 2.124983 -0.165638 -0.049296
v 2.017684 -0.146177 -0.052357
v 1.896019 -0.127519 -0.056607
v 0.767186 -0.048116 -0.719388
v 0.510381 -0.031340 -0.721470
v 0.277161 -0.016902 -0.718629
v 0.769275 -0.045220 -0.667791
v 0.514210 -0.028257 -0.668123
v 0.285981 -0.013823 -0.663266
v 0.770441 -0.041880 -0.622131
v 0.519863 -0.024871 -0.621867
v 0.303788 -0.010920 -0.618460
v 2.088660 -0.176432 -0.529585
v 1.979781 -0.158237 -0.571538
v 1.857775 -0.140925 -0.610596
v 2.089447 -0.174052 -0.497758
v 1.983790 -0.156655 -0.538373
v 1.862966 -0.139542 -0.574942
v 2.083408 -0.170665 -0.474683
v 1.985058 -0.154708 -0.509815
v 1.866912 -0.137998 -0.542663
v 2.090097 -0.168596 -0.427028
v 1.992177 -0.152094 -0.453291
v 1.873723 -0.134884 -0.480299
v 2.103834 -0.169834 -0.395311
v 1.998505 -0.151485 -0.421986
v 1.876949 -0.133434 -0.447892
v 2.112266 -0.169997 -0.361158
v 2.002978 -0.150635 -0.389001
v 1.879642 -0.132067 -0.414260
v 0.462391 -0.034203 -1.239295
v 0.830499 -0.060257 -1.260842
v 0.702947 -0.051501 -1.285798
v 0.668678 -0.050068 -1.320709
v 0.542180 -0.040812 -1.308555
v 0.451968 -0.035323 -1.331103
v 0.368906 -0.028969 -1.310455
v 0.247302 -0.021931 -1.321864
v 0.217380 -0.019550 -1.276250
v 0.100778 -0.012780 -1.231208
v 0.207271 -0.018193 -1.172573
v 0.264675 -0.021439 -1.108088
v 0.480892 -0.035252 -1.134886
v 0.728613 -0.052165 -1.137080
v 0.750244 -0.054022 -1.208629
v 2.005742 -0.185522 -0.984801
v 1.896053 -0.167384 -1.037662
v 1.776457 -0.150523 -1.089728
v 2.014487 -0.182892 -0.908774
v 1.906613 -0.165401 -0.963871
v 1.785097 -0.148430 -1.018375
v 2.015621 -0.179315 -0.844056
v 1.915444 -0.163339 -0.893544
v 1.796201 -0.146810 -0.946707
v 2.035825 -0.177476 -0.730011
v 1.938650 -0.161256 -0.765280
v 1.821205 -0.144721 -0.812128
v 2.056553 -0.178901 -0.672724
v 1.952592 -0.161047 -0.707972
v 1.832689 -0.143943 -0.752483
v 2.071829 -0.178966 -0.618724
v 1.964088 -0.160448 -0.656218
v 1.842692 -0.143102 -0.698747
v 1.511291 -0.187231 -1.766097
v 1.415545 -0.178230 -1.793356
v 1.304043 -0.166812 -1.811708
v 1.497200 -0.179231 -1.736793
v 1.397856 -0.169009 -1.761613
v 1.293019 -0.158677 -1.778181
v 1.493764 -0.173229 -1.702549
v 1.393234 -0.162617 -1.726265
v 1.291142 -0.152853 -1.741646
v 1.878503 -0.230772 -1.597160
v 1.779159 -0.218751 -1.657913
v 1.684777 -0.206543 -1.701355
v 1.878730 -0.223413 -1.546246
v 1.786121 -0.212814 -1.610565
v 1.690402 -0.201290 -1.662319
v 1.872519 -0.217732 -1.508797
v 1.787530 -0.208057 -1.569126
v 1.692982 -0.196626 -1.623261
v 1.881142 -0.209095 -1.429110
v 1.796092 -0.198077 -1.485286
v 1.699983 -0.185834 -1.542776
v 1.894404 -0.204046 -1.381431
v 1.804818 -0.191903 -1.440343
v 1.705910 -0.179288 -1.500328
v 1.899409 -0.197220 -1.340419
v 1.812410 -0.185191 -1.395864
v 1.713181 -0.172682 -1.455178
v 0.646314 -0.118457 -1.816428
v 0.642497 -0.115692 -1.787911
v 0.535249 -0.110038 -1.786921
v 0.426554 -0.103839 -1.785731
v 0.647297 -0.112995 -1.755423
v 0.539596 -0.107280 -1.754656
v 0.433879 -0.101164 -1.754313
v 1.058392 -0.144335 -1.826661
v 0.941083 -0.135746 -1.826067
v 0.836868 -0.128794 -1.821467
v 1.072361 -0.140422 -1.792876
v 0.961748 -0.133173 -1.793821
v 0.854203 -0.126866 -1.791995
v 1.080741 -0.136589 -1.755792
v 0.973002 -0.130012 -1.757706
v 0.864608 -0.124093 -1.757567
v 1.091599 -0.124380 -1.677703
v 0.986038 -0.118205 -1.680840
v 0.879349 -0.112761 -1.682816
v 1.097355 -0.115862 -1.636353
v 0.992700 -0.109664 -1.639978
v 0.886925 -0.104334 -1.643030
v 1.104151 -0.107149 -1.591003
v 1.000319 -0.100792 -1.594939
v 0.895332 -0.095446 -1.599190
v 2.125194 -0.248023 -1.242659
v 2.267533 -0.286670 -1.079778
v 2.226356 -0.284502 -1.194257
v 2.206566 -0.289671 -1.291098
v 2.134146 -0.266433 -1.347027
v 2.057753 -0.252284 -1.431866
v 2.041470 -0.239937 -1.374668
v 2.003516 -0.228872 -1.364352
v 2.038609 -0.227234 -1.290658
v 2.030295 -0.216426 -1.246307
v 2.083538 -0.223816 -1.186803
v 2.129204 -0.228118 -1.097524
v 2.194014 -0.254194 -1.094785
v 0.204972 -0.025862 -1.420264
v 0.285767 -0.030682 -1.417425
v 0.361416 -0.035939 -1.419187
v 0.175167 -0.030635 -1.478601
v 0.257834 -0.035753 -1.476174
v 0.338952 -0.041044 -1.473541
v 0.150100 -0.037258 -1.538578
v 0.235773 -0.042697 -1.534999
v 0.320858 -0.048108 -1.529871
v 0.513770 -0.045981 -1.412583
v 0.601888 -0.051291 -1.404998
v 0.695893 -0.057336 -1.403652
v 0.512174 -0.051842 -1.464468
v 0.607771 -0.057405 -1.458702
v 0.707457 -0.063193 -1.454074
v 0.503119 -0.058932 -1.518946
v 0.602395 -0.064358 -1.513768
v 0.705113 -0.069772 -1.508276
v 1.024745 -0.080742 -1.413746
v 0.861563 -0.067249 -1.388810
v 0.937958 -0.071322 -1.364967
v 1.013755 -0.075583 -1.329823
v 1.098888 -0.083309 -1.354631
v 1.181048 -0.090664 -1.368169
v 1.143193 -0.090435 -1.422014
v 1.123601 -0.093632 -1.481602
v 1.019313 -0.086360 -1.484542
v 0.913627 -0.080401 -1.492757
v 0.905892 -0.074158 -1.436187
v 1.340873 -0.106169 -1.358310
v 1.432215 -0.116129 -1.336763
v 1.534442 -0.128001 -1.308630
v 1.332814 -0.108637 -1.413642
v 1.429187 -0.119633 -1.398041
v 1.530195 -0.131839 -1.373671
v 1.322781 -0.112293 -1.472560
v 1.421537 -0.123752 -1.459554
v 1.522203 -0.136143 -1.436709
v 1.757761 -0.155470 -1.226948
v 1.868612 -0.170811 -1.178961
v 1.970904 -0.187710 -1.136507
v 1.745852 -0.158405 -1.291033
v 1.852424 -0.172667 -1.241442
v 1.948203 -0.188020 -1.200627
v 1.733554 -0.162044 -1.350934
v 1.835789 -0.175219 -1.298231
v 1.923661 -0.188646 -1.255711
v 1.335209 -0.100062 -1.174486
v 1.519834 -0.120197 -1.183563
v 1.397902 -0.107703 -1.227705
v 1.302813 -0.098992 -1.274364
v 1.234321 -0.092039 -1.249191
v 1.122558 -0.082406 -1.241534
v 1.154677 -0.084400 -1.182666
v 1.174012 -0.084963 -1.112272
v 1.354274 -0.099930 -1.088127
v 1.515959 -0.114999 -1.048559
v 1.508901 -0.116653 -1.120112
v 1.580015 -0.109787 -0.670443
v 1.418766 -0.095406 -0.689886
v 1.233353 -0.080794 -0.703765
v 1.584625 -0.108056 -0.628793
v 1.422754 -0.093427 -0.645317
v 1.236623 -0.078534 -0.656501
v 1.588122 -0.106106 -0.591478
v 1.425588 -0.091175 -0.605750
v 1.238690 -0.075942 -0.614775
v 1.600014 -0.095312 -0.378270
v 1.434679 -0.078864 -0.390838
v 1.244592 -0.061918 -0.400234
v 1.601455 -0.094484 -0.338646
v 1.435848 -0.077952 -0.350564
v 1.245438 -0.060910 -0.359584
v 1.602854 -0.093871 -0.298056
v 1.437003 -0.077290 -0.309070
v 1.246296 -0.060190 -0.317407
v 1.544512 -0.113690 -0.903779
v 1.384341 -0.099318 -0.937636
v 1.201217 -0.084793 -0.961681
v 1.556283 -0.113065 -0.836223
v 1.396093 -0.098848 -0.866617
v 1.212210 -0.084446 -0.888723
v 1.566062 -0.112277 -0.773927
v 1.405687 -0.098115 -0.800548
v 1.221318 -0.083753 -0.820161
v 1.593174 -0.101904 -0.522334
v 1.429427 -0.086334 -0.534638
v 1.241146 -0.070379 -0.542111
v 1.595165 -0.099858 -0.487971
v 1.430925 -0.083995 -0.500341
v 1.242089 -0.067712 -0.508295
v 1.596919 -0.098004 -0.452875
v 1.432255 -0.081890 -0.465546
v 1.242942 -0.065322 -0.474262
v 1.607414 -0.093114 -0.192738
v 1.440712 -0.076424 -0.200224
v 1.248952 -0.059189 -0.205849
v 1.610191 -0.092895 -0.128492
v 1.442946 -0.076135 -0.133483
v 1.250515 -0.058817 -0.137233
v 1.612156 -0.092738 -0.064246
v 1.444526 -0.075932 -0.066741
v 1.251621 -0.058556 -0.068616
v 2.235609 -0.328953 -1.430301
v 2.368277 -0.329276 -1.000824
v 2.355114 -0.334391 -1.077620
v 2.360610 -0.342273 -1.103059
v 2.350988 -0.336006 -1.101180
v 2.350710 -0.336117 -1.102781
v 2.345801 -0.348493 -1.187418
v 2.343240 -0.349546 -1.201853
v 2.335853 -0.342252 -1.185459
v 2.333221 -0.343334 -1.200289
v 2.325424 -0.357596 -1.298835
v 2.319396 -0.349260 -1.279284
v 2.315906 -0.350734 -1.298643
v 2.310433 -0.352477 -1.321422
v 2.278049 -0.338483 -1.353005
v 2.234246 -0.325259 -1.413750
v 2.285499 -0.343889 -1.358704
v 2.285056 -0.343747 -1.359345
v 2.235214 -0.328576 -1.429403
v 2.233639 -0.328189 -1.431409
v 2.230578 -0.324129 -1.418838
v 2.223838 -0.322506 -1.427199
v 2.223711 -0.325688 -1.444196
v 2.205268 -0.321103 -1.467423
v 2.170284 -0.308819 -1.494848
v 2.120974 -0.299804 -1.549637
v 2.094613 -0.294989 -1.578920
v 2.082374 -0.293602 -1.590719
v 2.006350 -0.285777 -1.661942
v 1.999012 -0.285046 -1.668827
v 1.943486 -0.282895 -1.714010
v 1.882353 -0.281126 -1.762954
v 1.719027 -0.242551 -1.789298
v 1.639164 -0.225826 -1.799840
v 1.613734 -0.220653 -1.803179
v 1.874773 -0.279079 -1.764419
v 1.823129 -0.266700 -1.772692
v 1.593354 -0.216687 -1.805741
v 1.455630 -0.192846 -1.819594
v 1.452207 -0.192330 -1.819848
v 1.329814 -0.178865 -1.838617
v 1.325210 -0.174703 -1.827161
v 1.327391 -0.178540 -1.838760
v 1.317747 -0.173696 -1.827586
v 1.182641 -0.157793 -1.832374
v 1.029451 -0.146661 -1.845110
v 1.053555 -0.145458 -1.832818
v 1.026695 -0.143376 -1.832197
v 0.932730 -0.138843 -1.843527
v 0.917009 -0.137547 -1.843304
v 0.829404 -0.129083 -1.826296
v 0.883109 -0.132752 -1.828198
v 0.934990 -0.136201 -1.830429
v 0.808471 -0.129894 -1.839841
v 0.740939 -0.123716 -1.821551
v 0.729087 -0.123105 -1.820730
v 0.646914 -0.118567 -1.817028
v 0.634719 -0.117890 -1.816485
v 0.540497 -0.112820 -1.812357
v 0.442758 -0.107228 -1.808704
v 0.426175 -0.106240 -1.808135
v 0.311100 -0.098996 -1.804516
v 0.202080 -0.091345 -1.801524
v 0.154549 -0.087625 -1.800695
v 0.102141 -0.083769 -1.799589
v 0.053676 -0.079826 -1.798816
v 0.013258 -0.076712 -1.798050
v -0.067431 -0.070445 -1.796584
v -0.136728 -0.065264 -1.794701
v -0.137000 -0.068620 -1.806954
v -0.150102 -0.067729 -1.806536
v -0.077483 -0.072858 -1.808701
v -0.159213 -0.067138 -1.806185
v -0.311192 -0.053745 -1.788812
v -0.148331 -0.064434 -1.794385
v -0.231589 -0.058653 -1.791903
v -0.379080 -0.050522 -1.784774
v -0.410903 -0.052657 -1.778874
v -0.403787 -0.053043 -1.779245
v -0.424998 -0.051881 -1.778152
v -0.407126 -0.051784 -1.780255
v -0.385540 -0.050625 -1.783939
v -0.427206 -0.053370 -1.792086
v -0.410626 -0.051987 -1.795580
v -0.455893 -0.051815 -1.790664
v -0.432735 -0.051865 -1.781285
v -0.440463 -0.051848 -1.784415
v -0.448182 -0.051831 -1.787541
v 2.468334 -0.301123 0.063943
v 2.468619 -0.300968 0.042635
v 2.468620 -0.300968 0.042555
v 2.468866 -0.300835 0.021320
v 2.469002 -0.300761 0.000000
v 2.468866 -0.300835 -0.021320
v 2.469002 -0.300761 0.000000
v 2.468621 -0.300968 -0.042555
v 2.468619 -0.300968 -0.042635
v 2.468334 -0.301123 -0.063943
v 2.467856 -0.301380 -0.085235
v 2.467811 -0.301377 -0.086231
v 2.466413 -0.301118 -0.123366
v 2.466079 -0.301054 -0.132317
v 2.465099 -0.301081 -0.150718
v 2.463253 -0.301189 -0.183187
v 2.460767 -0.301622 -0.216533
v 2.458515 -0.302150 -0.241691
v 2.455035 -0.302912 -0.282549
v 2.448765 -0.304489 -0.348780
v 2.452262 -0.303675 -0.309417
v 2.444946 -0.305449 -0.387205
v 2.435684 -0.307838 -0.478361
v 2.434476 -0.308210 -0.488153
v 2.445178 -0.314371 -0.479112
v 2.443962 -0.314742 -0.488937
v 2.428546 -0.319039 -0.627697
v 2.429442 -0.318784 -0.619829
v 2.433485 -0.317553 -0.587091
v 2.423807 -0.311174 -0.585716
v 2.418590 -0.312826 -0.626381
v 2.409566 -0.315421 -0.705857
v 2.419493 -0.321619 -0.707201
v 2.412232 -0.323849 -0.765299
v 2.402370 -0.317650 -0.763607
v 2.398896 -0.318727 -0.791487
v 2.393487 -0.320474 -0.832409
v 2.384024 -0.323679 -0.898847
v 2.403637 -0.326510 -0.833262
v 2.375624 -0.326577 -0.957479
v 2.371748 -0.327983 -0.980896
v 2.223838 -0.322506 1.427199
v 2.120974 -0.299804 1.549637
v 2.170284 -0.308819 1.494848
v 2.233639 -0.328189 1.431409
v 2.014441 -0.291605 1.668995
v 2.006350 -0.285777 1.661942
v 2.082376 -0.293602 1.590718
v 2.094613 -0.294989 1.578920
v 2.234246 -0.325258 1.413752
v 2.230577 -0.324130 1.418838
v 2.315906 -0.350734 1.298643
v 2.278049 -0.338483 1.353006
v 2.235214 -0.328576 1.429403
v 2.285056 -0.343747 1.359345
v 2.319396 -0.349260 1.279284
v 2.333221 -0.343334 1.200289
v 2.350710 -0.336117 1.102779
v 2.350987 -0.336006 1.101180
v 2.335853 -0.342252 1.185459
v 2.355112 -0.334391 1.077620
v 2.368277 -0.329276 1.000824
v 2.375624 -0.326577 0.957479
v 2.371748 -0.327983 0.980896
v 2.384024 -0.323679 0.898847
v 2.398896 -0.318727 0.791490
v 2.402370 -0.317650 0.763608
v 2.393487 -0.320474 0.832409
v 2.409566 -0.315421 0.705857
v 2.418590 -0.312826 0.626381
v 2.423807 -0.311174 0.585716
v 2.434476 -0.308210 0.488153
v 2.435684 -0.307838 0.478361
v 2.444946 -0.305449 0.387205
v 2.448764 -0.304489 0.348780
v 2.452262 -0.303675 0.309417
v 2.455035 -0.302912 0.282549
v 2.458515 -0.302150 0.241691
v 2.460767 -0.301622 0.216533
v 2.463253 -0.301189 0.183188
v 2.465099 -0.301081 0.150718
v 2.466413 -0.301118 0.123367
v 2.466079 -0.301054 0.132317
v 2.467856 -0.301380 0.085235
v 2.467811 -0.301377 0.086231
v 1.999012 -0.285046 1.668827
v 1.943484 -0.282894 1.714010
v 1.882352 -0.281126 1.762954
v 1.874773 -0.279079 1.764419
v 1.823129 -0.266700 1.772692
v 1.719027 -0.242551 1.789298
v 1.639164 -0.225826 1.799840
v 0.154549 -0.087625 1.800695
v 0.102142 -0.083769 1.799589
v 0.053676 -0.079826 1.798816
v -0.311192 -0.053745 1.788812
v -0.136728 -0.065264 1.794701
v -0.148331 -0.064434 1.794384
v -0.231589 -0.058653 1.791903
v -0.379080 -0.050522 1.784774
v -0.385540 -0.050625 1.783939
v -0.407127 -0.051784 1.780255
v 1.613734 -0.220653 1.803179
v 1.593354 -0.216687 1.805741
v 1.455629 -0.192846 1.819594
v 1.452206 -0.192330 1.819848
v 1.325210 -0.174703 1.827161
v 0.883108 -0.132752 1.828198
v 0.829404 -0.129083 1.826297
v 0.729087 -0.123105 1.820730
v 0.740939 -0.123716 1.821551
v 0.646915 -0.118567 1.817028
v 0.634714 -0.117889 1.816485
v 0.540497 -0.112820 1.812357
v 0.442758 -0.107228 1.808703
v 0.426175 -0.106240 1.808135
v 0.311100 -0.098996 1.804516
v 0.202080 -0.091345 1.801524
v 0.013258 -0.076712 1.798050
v -0.067431 -0.070445 1.796584
v 1.329814 -0.178865 1.838617
v 1.327391 -0.178540 1.838760
v 1.183089 -0.161370 1.844523
v 1.317746 -0.173696 1.827585
v 1.182641 -0.157793 1.832374
v 1.043661 -0.147757 1.845413
v 1.029451 -0.146661 1.845110
v 1.053555 -0.145458 1.832818
v 1.026695 -0.143376 1.832197
v 0.932731 -0.138843 1.843527
v 0.934991 -0.136201 1.830429
vn -0.1092 -0.9913 -0.0728
vn -0.1085 -0.9914 -0.0727
vn -0.1085 -0.9914 -0.0728
vn -0.1079 -0.9915 -0.0727
vn -0.1081 -0.9915 -0.0727
vn -0.1078 -0.9915 -0.0726
vn -0.1079 -0.9915 -0.0726
vn -0.1081 -0.9915 -0.0726
vn -0.1092 -0.9914 -0.0727
vn -0.1085 -0.9914 -0.0726
vn -0.1095 -0.9913 -0.0728
vn -0.1104 -0.9912 -0.0729
vn -0.1161 -0.9932 -0.0000
vn -0.1160 -0.9932 -0.0000
vn -0.1160 -0.9933 -0.0000
vn -0.1162 -0.9932 -0.0000
vn -0.1699 -0.9847 -0.0398
vn -0.1528 -0.9880 -0.0219
vn -0.1525 -0.9880 -0.0224
vn -0.1375 -0.9905 -0.0067
vn -0.1372 -0.9905 -0.0071
vn -0.1703 -0.9846 -0.0392
vn -0.1532 -0.9880 -0.0214
vn -0.1379 -0.9904 -0.0065
vn -0.1895 -0.9801 -0.0593
vn -0.1696 -0.9847 -0.0397
vn -0.1524 -0.9881 -0.0226
vn -0.1371 -0.9905 -0.0073
vn -0.1259 -0.9920 0.0086
vn -0.1268 -0.9919 0.0041
vn -0.1260 -0.9920 0.0089
vn -0.1264 -0.9919 0.0090
vn -0.1379 -0.9904 -0.0062
vn -0.1703 -0.9846 -0.0384
vn -0.1535 -0.9879 -0.0213
vn -0.1893 -0.9802 -0.0574
vn -0.1702 -0.9847 -0.0380
vn -0.1894 -0.9802 -0.0582
vn -0.1894 -0.9801 -0.0587
vn -0.1129 -0.9934 -0.0196
vn -0.1118 -0.9935 -0.0195
vn -0.1108 -0.9936 -0.0195
vn -0.1129 -0.9934 -0.0195
vn -0.1107 -0.9937 -0.0194
vn -0.1140 -0.9933 -0.0197
vn -0.1130 -0.9934 -0.0196
vn -0.1141 -0.9933 -0.0197
vn -0.1116 -0.9936 -0.0195
vn -0.1111 -0.9936 -0.0195
vn -0.1131 -0.9933 -0.0254
vn -0.1089 -0.9938 -0.0225
vn -0.1108 -0.9937 -0.0194
vn -0.1086 -0.9938 -0.0229
vn -0.1106 -0.9937 -0.0194
vn -0.1085 -0.9938 -0.0233
vn -0.1117 -0.9936 -0.0194
vn -0.1128 -0.9934 -0.0195
vn -0.1141 -0.9933 -0.0196
vn -0.1139 -0.9933 -0.0196
vn -0.1138 -0.9933 -0.0197
vn -0.1285 -0.9917 0.0080
vn -0.1286 -0.9917 0.0053
vn -0.1286 -0.9917 0.0051
vn -0.1286 -0.9917 0.0029
vn -0.1287 -0.9917 0.0028
vn -0.1285 -0.9917 0.0053
vn -0.1286 -0.9917 0.0096
vn -0.1286 -0.9917 0.0061
vn -0.1286 -0.9917 0.0039
vn -0.1288 -0.9917 0.0008
vn -0.1287 -0.9917 0.0007
vn -0.1287 -0.9917 0.0008
vn -0.1286 -0.9917 0.0028
vn -0.1284 -0.9917 0.0079
vn -0.1287 -0.9917 0.0040
vn -0.1286 -0.9917 0.0065
vn -0.0397 -0.9987 0.0334
vn -0.0410 -0.9966 0.0709
vn -0.0392 -0.9987 0.0337
vn -0.0416 -0.9967 0.0704
vn -0.0430 -0.9933 0.1072
vn -0.0403 -0.9986 0.0332
vn -0.0417 -0.9966 0.0704
vn -0.0434 -0.9933 0.1068
vn -0.0369 -0.9993 -0.0041
vn -0.0389 -0.9987 0.0337
vn -0.0366 -0.9993 -0.0043
vn -0.0409 -0.9966 0.0709
vn -0.0426 -0.9933 0.1075
vn -0.0445 -0.9887 0.1429
vn -0.0450 -0.9888 0.1421
vn -0.0440 -0.9934 0.1061
vn -0.0455 -0.9890 0.1411
vn -0.0384 -0.9993 -0.0038
vn -0.0381 -0.9993 -0.0042
vn -0.0375 -0.9993 -0.0042
vn -0.1283 -0.9913 -0.0287
vn -0.1505 -0.9882 -0.0291
vn -0.1287 -0.9913 -0.0276
vn -0.1502 -0.9882 -0.0300
vn -0.1726 -0.9845 -0.0306
vn -0.1281 -0.9913 -0.0294
vn -0.1499 -0.9882 -0.0309
vn -0.1722 -0.9846 -0.0315
vn -0.1283 -0.9914 -0.0272
vn -0.1501 -0.9883 -0.0288
vn -0.1725 -0.9845 -0.0302
vn -0.1945 -0.9804 -0.0321
vn -0.1947 -0.9803 -0.0326
vn -0.1721 -0.9845 -0.0324
vn -0.1946 -0.9803 -0.0336
vn -0.1724 -0.9845 -0.0329
vn -0.1944 -0.9803 -0.0345
vn -0.1501 -0.9882 -0.0312
vn -0.1285 -0.9913 -0.0295
vn -0.1053 -0.9943 -0.0190
vn 0.0715 0.7564 -0.6502
vn 0.0730 0.7801 -0.6214
vn 0.0676 0.7555 -0.6517
vn 0.0750 0.7776 -0.6242
vn 0.0773 0.7970 -0.5990
vn 0.0741 0.7554 -0.6511
vn 0.0782 0.7762 -0.6256
vn 0.0771 0.7973 -0.5986
vn 0.0808 0.8108 -0.5797
vn 0.0740 0.7971 -0.5993
vn 0.0830 0.7957 -0.6000
vn 0.0827 0.8144 -0.5744
vn 0.0819 0.7970 -0.5983
vn 0.0861 0.8141 -0.5743
vn 0.0785 0.7773 -0.6243
vn 0.0749 0.7567 -0.6495
vn 0.0714 0.7348 -0.6745
vn 0.0714 0.7344 -0.6749
vn 0.0666 0.7959 -0.6017
vn 0.0652 0.7753 -0.6282
vn 0.0691 0.7748 -0.6284
vn 0.0667 0.7554 -0.6519
vn 0.0687 0.7556 -0.6514
vn 0.0713 0.7587 -0.6475
vn 0.0692 0.7369 -0.6724
vn 0.0720 0.7368 -0.6722
vn 0.0661 0.7362 -0.6735
vn 0.0657 0.7365 -0.6732
vn 0.0656 0.7564 -0.6508
vn 0.0630 0.7960 -0.6020
vn 0.0650 0.7767 -0.6266
vn 0.0638 0.8157 -0.5749
vn 0.0642 0.8159 -0.5746
vn 0.0678 0.8186 -0.5704
vn 0.4706 -0.8820 0.0234
vn 0.4707 -0.8820 0.0234
vn 0.4705 -0.8821 0.0242
vn 0.4716 -0.8818 -0.0000
vn -0.4982 0.8668 -0.0203
vn -0.5159 0.8563 -0.0244
vn -0.5181 0.8549 -0.0257
vn 0.3047 -0.8591 0.4111
vn 0.2881 -0.8713 0.3973
vn 0.3041 -0.8582 0.4135
vn 0.2938 -0.8682 0.3999
vn 0.2808 -0.8784 0.3868
vn 0.2953 -0.8666 0.4022
vn 0.3055 -0.8594 0.4101
vn 0.3166 -0.8507 0.4195
vn 0.3175 -0.8497 0.4208
vn 0.4704 -0.8821 0.0249
vn 0.4765 -0.8790 0.0186
vn 0.4697 -0.8824 0.0264
vn 0.4670 -0.8840 0.0235
vn -0.0745 -0.7976 0.5986
vn -0.0748 -0.7807 0.6205
vn -0.0686 -0.7829 0.6184
vn -0.0769 -0.7988 0.5967
vn -0.0772 -0.7800 0.6210
vn -0.0735 -0.7597 0.6461
vn -0.0689 -0.7608 0.6453
vn -0.0700 -0.7387 0.6704
vn -0.0697 -0.7377 0.6715
vn -0.0732 -0.7601 0.6456
vn -0.0803 -0.7998 0.5949
vn -0.0772 -0.7807 0.6201
vn -0.0849 -0.8169 0.5705
vn -0.0806 -0.8002 0.5943
vn -0.0754 -0.8192 0.5686
vn -0.0662 -0.8000 0.5964
vn -0.0655 -0.8189 0.5701
vn -0.0740 -0.8214 0.5655
vn -0.0645 -0.7993 0.5974
vn -0.0653 -0.8183 0.5711
vn -0.4748 0.8798 -0.0240
vn -0.4747 0.8798 -0.0240
vn -0.4747 0.8798 -0.0246
vn -0.4758 0.8796 -0.0000
vn -0.2864 0.8730 -0.3949
vn -0.2971 0.8635 -0.4076
vn -0.2847 0.8714 -0.3995
vn -0.3104 0.8545 -0.4166
vn -0.3090 0.8533 -0.4200
vn -0.3175 0.8478 -0.4247
vn -0.3168 0.8473 -0.4263
vn -0.3100 0.8534 -0.4191
vn -0.3182 0.8483 -0.4233
vn -0.2992 0.8638 -0.4054
vn -0.3079 0.8563 -0.4146
vn -0.2884 0.8712 -0.3973
vn -0.2763 0.8798 -0.3867
vn -0.2732 0.8815 -0.3851
vn 0.4849 -0.8743 0.0215
vn 0.4840 -0.8747 0.0256
vn 0.4840 -0.8748 0.0212
vn 0.4981 -0.8668 0.0224
vn 0.4999 -0.8658 0.0225
vn 0.5134 -0.8578 0.0237
vn 0.4995 -0.8660 0.0218
vn 0.5147 -0.8570 0.0246
vn -0.4746 0.8798 -0.0252
vn -0.4746 0.8799 -0.0252
vn -0.4763 0.8789 -0.0270
vn -0.4748 0.8798 -0.0255
vn -0.4808 0.8766 -0.0208
vn -0.3006 0.5949 -0.7455
vn -0.3005 0.5949 -0.7455
vn -0.3007 0.5949 -0.7455
vn -0.3005 0.5950 -0.7454
vn -0.3006 0.5949 -0.7454
vn -0.1099 -0.9913 0.0729
vn -0.1093 -0.9913 0.0728
vn -0.1100 -0.9913 0.0729
vn -0.1092 -0.9913 0.0728
vn -0.1097 -0.9913 0.0728
vn -0.1085 -0.9914 0.0727
vn -0.1105 -0.9912 0.0730
vn -0.1104 -0.9912 0.0730
vn -0.1106 -0.9912 0.0729
vn -0.1096 -0.9913 0.0728
vn -0.1105 -0.9912 0.0729
vn -0.1092 -0.9914 0.0727
vn -0.1085 -0.9914 0.0726
vn -0.1081 -0.9915 0.0726
vn -0.1079 -0.9915 0.0726
vn -0.1078 -0.9915 0.0726
vn -0.1085 -0.9914 0.0728
vn -0.1079 -0.9915 0.0727
vn -0.1092 -0.9913 0.0729
vn -0.1097 -0.9913 0.0729
vn -0.1699 -0.9847 0.0398
vn -0.1528 -0.9880 0.0219
vn -0.1703 -0.9846 0.0392
vn -0.1532 -0.9880 0.0214
vn -0.1703 -0.9846 0.0384
vn -0.1525 -0.9880 0.0224
vn -0.1375 -0.9905 0.0066
vn -0.1379 -0.9904 0.0065
vn -0.1891 -0.9802 0.0590
vn -0.1894 -0.9801 0.0587
vn -0.1896 -0.9801 0.0580
vn -0.1897 -0.9802 0.0572
vn -0.1706 -0.9846 0.0384
vn -0.1899 -0.9801 0.0571
vn -0.1535 -0.9879 0.0213
vn -0.1379 -0.9904 0.0062
vn -0.1264 -0.9919 -0.0090
vn -0.1372 -0.9905 0.0071
vn -0.1260 -0.9920 -0.0089
vn -0.1371 -0.9905 0.0073
vn -0.1259 -0.9920 -0.0086
vn -0.1524 -0.9881 0.0226
vn -0.1696 -0.9847 0.0398
vn -0.1118 -0.9935 0.0195
vn -0.1129 -0.9934 0.0196
vn -0.1129 -0.9934 0.0195
vn -0.1108 -0.9936 0.0195
vn -0.1107 -0.9937 0.0194
vn -0.1124 -0.9935 0.0197
vn -0.1140 -0.9933 0.0197
vn -0.1141 -0.9933 0.0197
vn -0.1138 -0.9933 0.0197
vn -0.1139 -0.9933 0.0196
vn -0.1141 -0.9933 0.0196
vn -0.1128 -0.9934 0.0195
vn -0.1108 -0.9937 0.0194
vn -0.1117 -0.9936 0.0194
vn -0.1085 -0.9938 0.0233
vn -0.1106 -0.9937 0.0194
vn -0.1086 -0.9938 0.0229
vn -0.1089 -0.9938 0.0225
vn -0.1131 -0.9933 0.0254
vn -0.1116 -0.9936 0.0195
vn -0.1285 -0.9917 -0.0080
vn -0.1286 -0.9917 -0.0052
vn -0.1285 -0.9917 -0.0079
vn -0.1285 -0.9917 -0.0053
vn -0.1284 -0.9917 -0.0079
vn -0.1286 -0.9917 -0.0051
vn -0.1286 -0.9917 -0.0029
vn -0.1267 -0.9919 -0.0043
vn -0.1284 -0.9917 -0.0084
vn -0.1245 -0.9921 -0.0132
vn -0.1285 -0.9917 -0.0040
vn -0.1283 -0.9917 -0.0019
vn -0.1287 -0.9917 -0.0008
vn -0.1287 -0.9917 -0.0007
vn -0.1287 -0.9917 -0.0028
vn -0.1286 -0.9917 -0.0039
vn -0.1288 -0.9917 -0.0008
vn -0.1286 -0.9917 -0.0067
vn -0.1286 -0.9917 -0.0094
vn -0.0410 -0.9966 -0.0709
vn -0.0397 -0.9987 -0.0334
vn -0.0392 -0.9987 -0.0337
vn -0.0419 -0.9967 -0.0701
vn -0.0403 -0.9986 -0.0332
vn -0.0428 -0.9933 -0.1075
vn -0.0434 -0.9933 -0.1068
vn -0.0421 -0.9967 -0.0699
vn -0.0389 -0.9987 -0.0337
vn -0.0369 -0.9993 0.0041
vn -0.0366 -0.9993 0.0043
vn -0.0375 -0.9993 0.0042
vn -0.0381 -0.9993 0.0042
vn -0.0384 -0.9993 0.0038
vn -0.0405 -0.9986 -0.0331
vn -0.0439 -0.9934 -0.1059
vn -0.0423 -0.9967 -0.0699
vn -0.0458 -0.9890 -0.1407
vn -0.0440 -0.9934 -0.1058
vn -0.0455 -0.9890 -0.1411
vn -0.0450 -0.9888 -0.1421
vn -0.0445 -0.9887 -0.1429
vn -0.0426 -0.9933 -0.1075
vn -0.0409 -0.9966 -0.0709
vn -0.1505 -0.9882 0.0291
vn -0.1285 -0.9913 0.0285
vn -0.1287 -0.9913 0.0276
vn -0.1502 -0.9882 0.0300
vn -0.1281 -0.9913 0.0294
vn -0.1726 -0.9845 0.0306
vn -0.1722 -0.9846 0.0315
vn -0.1499 -0.9882 0.0309
vn -0.1284 -0.9914 0.0272
vn -0.1053 -0.9943 0.0189
vn -0.1281 -0.9913 0.0298
vn -0.1721 -0.9845 0.0324
vn -0.1501 -0.9882 0.0311
vn -0.1944 -0.9803 0.0346
vn -0.1721 -0.9845 0.0329
vn -0.1946 -0.9803 0.0336
vn -0.1947 -0.9803 0.0326
vn -0.1945 -0.9804 0.0321
vn -0.1720 -0.9846 0.0304
vn -0.1504 -0.9882 0.0287
vn 0.0731 0.7802 0.6213
vn 0.0714 0.7565 0.6501
vn 0.0676 0.7555 0.6517
vn 0.0747 0.7777 0.6241
vn 0.0743 0.7561 0.6503
vn 0.0774 0.7970 0.5991
vn 0.0767 0.7978 0.5980
vn 0.0782 0.7762 0.6256
vn 0.0714 0.7348 0.6745
vn 0.0712 0.7345 0.6749
vn 0.0749 0.7567 0.6495
vn 0.0830 0.7957 0.6000
vn 0.0783 0.7774 0.6241
vn 0.0861 0.8141 0.5743
vn 0.0819 0.7970 0.5983
vn 0.0844 0.8137 0.5751
vn 0.0693 0.8192 0.5693
vn 0.0808 0.8108 0.5797
vn 0.0666 0.7959 0.6017
vn 0.0652 0.7753 0.6282
vn 0.0630 0.7960 0.6020
vn 0.0680 0.7747 0.6287
vn 0.0645 0.7554 0.6521
vn 0.0642 0.8159 0.5746
vn 0.0638 0.8157 0.5749
vn 0.0650 0.7766 0.6267
vn 0.0612 0.7960 0.6022
vn 0.0654 0.7564 0.6509
vn 0.0657 0.7365 0.6732
vn 0.0692 0.7562 0.6507
vn 0.0661 0.7362 0.6735
vn 0.0713 0.7580 0.6483
vn 0.0696 0.7370 0.6723
vn 0.4706 -0.8820 -0.0234
vn 0.4707 -0.8820 -0.0234
vn 0.4705 -0.8821 -0.0242
vn 0.4705 -0.8821 -0.0241
vn -0.4812 0.8764 0.0211
vn -0.4912 0.8708 0.0218
vn -0.4859 0.8737 0.0221
vn -0.5035 0.8637 0.0247
vn -0.5017 0.8648 0.0215
vn -0.4732 0.8806 0.0250
vn -0.4745 0.8799 0.0263
vn -0.4907 0.8711 0.0212
vn -0.4791 0.8775 0.0201
vn -0.5010 0.8652 0.0220
vn -0.5116 0.8589 0.0229
vn -0.5159 0.8563 0.0244
vn 0.2960 -0.8653 -0.4045
vn 0.3100 -0.8549 -0.4160
vn 0.3044 -0.8571 -0.4155
vn 0.2835 -0.8756 -0.3910
vn 0.2949 -0.8671 -0.4013
vn 0.2853 -0.8735 -0.3945
vn 0.3027 -0.8622 -0.4062
vn 0.3166 -0.8508 -0.4195
vn 0.3175 -0.8497 -0.4208
vn 0.3055 -0.8594 -0.4100
vn 0.2939 -0.8682 -0.3999
vn 0.2781 -0.8800 -0.3852
vn 0.2724 -0.8842 -0.3795
vn 0.2817 -0.8770 -0.3892
vn 0.4704 -0.8821 -0.0249
vn 0.4697 -0.8824 -0.0264
vn 0.4670 -0.8839 -0.0235
vn 0.4765 -0.8790 -0.0186
vn 0.4703 -0.8821 -0.0249
vn -0.0766 -0.8032 -0.5907
vn -0.0737 -0.7811 -0.6200
vn -0.0771 -0.7988 -0.5967
vn -0.0768 -0.7795 -0.6216
vn -0.0803 -0.7996 -0.5951
vn -0.0754 -0.8192 -0.5686
vn -0.0849 -0.8169 -0.5705
vn -0.0806 -0.8002 -0.5943
vn -0.0866 -0.8173 -0.5697
vn -0.0772 -0.7807 -0.6201
vn -0.0732 -0.7601 -0.6456
vn -0.0736 -0.7592 -0.6467
vn -0.0700 -0.7387 -0.6704
vn -0.0698 -0.7779 -0.6245
vn -0.0669 -0.7581 -0.6487
vn -0.0701 -0.7582 -0.6483
vn -0.0670 -0.7996 -0.5968
vn -0.0654 -0.7781 -0.6247
vn -0.0702 -0.7575 -0.6490
vn -0.0706 -0.7400 -0.6689
vn -0.0732 -0.7399 -0.6687
vn -0.0676 -0.7394 -0.6699
vn -0.0670 -0.7396 -0.6697
vn -0.0669 -0.7593 -0.6473
vn -0.0644 -0.7987 -0.5983
vn -0.0663 -0.7794 -0.6230
vn -0.0653 -0.8183 -0.5711
vn -0.0626 -0.7987 -0.5984
vn -0.0658 -0.8189 -0.5702
vn -0.4748 0.8798 0.0240
vn -0.4747 0.8798 0.0240
vn -0.4747 0.8798 0.0246
vn -0.2971 0.8635 0.4076
vn -0.2864 0.8722 0.3965
vn -0.2844 0.8711 0.4004
vn -0.3104 0.8545 0.4166
vn -0.2992 0.8638 0.4054
vn -0.2763 0.8798 0.3867
vn -0.2732 0.8815 0.3851
vn -0.2884 0.8712 0.3972
vn -0.3080 0.8563 0.4146
vn -0.3004 0.8639 0.4042
vn -0.3182 0.8483 0.4233
vn -0.3093 0.8540 0.4184
vn -0.3175 0.8478 0.4247
vn 0.4995 -0.8660 -0.0229
vn 0.5135 -0.8578 -0.0237
vn 0.5204 -0.8535 -0.0263
vn 0.4925 -0.8700 -0.0211
vn 0.4981 -0.8668 -0.0224
vn 0.4840 -0.8748 -0.0212
vn 0.4864 -0.8733 -0.0269
vn -0.4746 0.8798 0.0252
vn -0.3006 0.5949 0.7455
vn -0.3007 0.5949 0.7455
vn -0.3006 0.5948 0.7455
vn -0.3005 0.5950 0.7454
vn -0.3008 0.5948 0.7455
vn -0.3007 0.5947 0.7456
vn 0.4832 0.8712 0.0868
vn 0.4858 0.8702 0.0821
vn 0.4919 0.8678 0.0713
vn 0.3666 0.9277 0.0708
vn 0.3692 0.9269 0.0676
vn 0.3764 0.9246 0.0589
vn 0.3201 0.9441 0.0791
vn 0.3432 0.9356 0.0824
vn 0.2991 0.9512 0.0762
vn 0.3673 0.9261 0.0860
vn 0.3627 0.9287 0.0771
vn 0.3631 0.9285 0.0780
vn 0.4711 0.8781 0.0838
vn 0.4717 0.8786 0.0747
vn 0.4715 0.8786 0.0755
vn 0.4927 0.8678 0.0649
vn 0.4938 0.8673 0.0622
vn 0.4954 0.8667 0.0584
vn 0.2777 0.9598 0.0401
vn 0.2767 0.9599 0.0458
vn 0.2788 0.9594 0.0424
vn 0.2775 0.9595 0.0479
vn 0.2684 0.9620 0.0497
vn 0.3765 0.9248 0.0550
vn 0.3772 0.9246 0.0526
vn 0.3778 0.9245 0.0505
vn 0.2463 0.9662 0.0767
vn 0.2525 0.9645 0.0775
vn 0.2402 0.9678 0.0758
vn 0.2744 0.9578 0.0852
vn 0.2857 0.9529 0.1022
vn 0.2599 0.9621 0.0828
vn 0.2648 0.9628 0.0535
vn 0.2706 0.9611 0.0550
vn 0.2550 0.9648 0.0647
vn 0.2793 0.9572 0.0760
vn 0.2820 0.9558 0.0835
vn 0.2811 0.9563 0.0806
vn 0.3638 0.9276 0.0853
vn 0.3667 0.9263 0.0867
vn 0.2820 0.9558 0.0832
vn 0.4615 0.8825 0.0909
vn 0.4671 0.8797 0.0890
vn 0.4801 0.8767 0.0306
vn 0.4831 0.8752 0.0246
vn 0.4872 0.8731 0.0164
vn 0.3517 0.9360 0.0146
vn 0.3553 0.9347 0.0112
vn 0.3643 0.9313 0.0026
vn 0.3100 0.9505 0.0187
vn 0.3226 0.9464 0.0189
vn 0.2817 0.9593 0.0181
vn 0.3561 0.9339 0.0307
vn 0.3558 0.9344 0.0172
vn 0.3555 0.9346 0.0061
vn 0.4752 0.8798 0.0143
vn 0.4768 0.8790 0.0076
vn 0.4783 0.8782 0.0011
vn 0.4876 0.8730 0.0095
vn 0.4882 0.8727 0.0084
vn 0.4889 0.8723 0.0070
vn 0.2698 0.9629 -0.0000
vn 0.2672 0.9636 0.0002
vn 0.2712 0.9625 -0.0000
vn 0.2685 0.9633 0.0024
vn 0.2575 0.9663 0.0016
vn 0.3654 0.9309 -0.0000
vn 0.3661 0.9306 0.0034
vn 0.3672 0.9302 -0.0000
vn 0.2312 0.9728 0.0179
vn 0.2342 0.9720 0.0179
vn 0.2235 0.9745 0.0177
vn 0.2552 0.9665 0.0288
vn 0.2635 0.9640 0.0352
vn 0.2430 0.9697 0.0237
vn 0.2525 0.9676 0.0044
vn 0.2604 0.9655 0.0066
vn 0.2403 0.9706 0.0124
vn 0.2717 0.9619 0.0312
vn 0.3722 0.9273 0.0391
vn 0.3723 0.9273 0.0383
vn 0.3724 0.9273 0.0377
vn 0.2771 0.9600 0.0412
vn 0.4894 0.8713 0.0369
vn 0.4893 0.8713 0.0375
vn 0.4891 0.8714 0.0381
vn 0.0497 0.9737 0.2225
vn 0.0558 0.9722 0.2275
vn 0.0528 0.9726 0.2262
vn 0.0515 0.9735 0.2229
vn 0.0586 0.9716 0.2291
vn 0.0634 0.9709 0.2309
vn 0.0595 0.9714 0.2298
vn 0.0670 0.9705 0.2317
vn 0.0485 0.9810 0.1880
vn 0.0511 0.9805 0.1898
vn 0.0487 0.9809 0.1884
vn 0.0498 0.9746 0.2185
vn 0.0505 0.9747 0.2177
vn 0.0537 0.9731 0.2239
vn 0.0542 0.9823 0.1791
vn 0.0556 0.9792 0.1950
vn 0.0537 0.9806 0.1887
vn 0.0592 0.9777 0.2017
vn 0.0555 0.9788 0.1971
vn 0.0656 0.9765 0.2054
vn 0.0598 0.9774 0.2030
vn 0.0742 0.9758 0.2055
vn 0.0672 0.9763 0.2057
vn 0.0781 0.9698 0.2311
vn 0.0784 0.9683 0.2371
vn 0.0701 0.9700 0.2330
vn 0.0588 0.9793 0.1936
vn 0.0678 0.9777 0.1988
vn 0.0677 0.9776 0.1992
vn 0.0520 0.9803 0.1903
vn 0.0670 0.9780 0.1977
vn 0.0573 0.9796 0.1928
vn 0.2690 0.8661 0.4212
vn 0.2685 0.8628 0.4284
vn 0.2721 0.8873 0.3724
vn 0.2377 0.8801 0.4109
vn 0.2385 0.8807 0.4093
vn 0.2830 0.9198 0.2718
vn 0.2840 0.9236 0.2576
vn 0.2846 0.9258 0.2488
vn 0.2560 0.9183 0.3019
vn 0.2592 0.9220 0.2876
vn 0.2610 0.9239 0.2799
vn 0.3090 0.8816 0.3568
vn 0.3095 0.8877 0.3410
vn 0.3099 0.8830 0.3525
vn 0.2097 0.9311 0.2984
vn 0.2102 0.9311 0.2982
vn 0.2136 0.9308 0.2966
vn 0.1958 0.9121 0.3601
vn 0.1945 0.9114 0.3627
vn 0.1928 0.9133 0.3587
vn 0.2362 0.9205 0.3114
vn 0.2390 0.9212 0.3070
vn 0.2412 0.9218 0.3035
vn 0.1481 0.9730 0.1773
vn 0.1517 0.9697 0.1917
vn 0.1511 0.9700 0.1905
vn 0.1540 0.9732 0.1707
vn 0.1527 0.9724 0.1763
vn 0.1213 0.9757 0.1824
vn 0.1239 0.9720 0.1997
vn 0.1236 0.9723 0.1985
vn 0.1292 0.9754 0.1789
vn 0.1269 0.9745 0.1848
vn 0.1750 0.9697 0.1704
vn 0.1797 0.9665 0.1832
vn 0.1746 0.9685 0.1774
vn 0.1757 0.9695 0.1711
vn 0.1789 0.9685 0.1729
vn 0.1805 0.9674 0.1778
vn 0.1787 0.9690 0.1706
vn 0.1712 0.9748 0.1433
vn 0.1712 0.9747 0.1436
vn 0.1711 0.9747 0.1438
vn 0.1513 0.9781 0.1431
vn 0.1505 0.9778 0.1457
vn 0.1500 0.9777 0.1472
vn 0.1297 0.9805 0.1473
vn 0.1283 0.9802 0.1507
vn 0.1273 0.9800 0.1529
vn 0.1066 0.9825 0.1527
vn 0.1050 0.9822 0.1560
vn 0.1039 0.9819 0.1582
vn 0.1015 0.9745 0.2001
vn 0.1023 0.9759 0.1926
vn 0.1018 0.9756 0.1943
vn 0.1008 0.9743 0.2016
vn 0.0985 0.9732 0.2078
vn 0.0969 0.9778 0.1857
vn 0.0963 0.9775 0.1874
vn 0.0961 0.9774 0.1881
vn 0.1207 0.9757 0.1829
vn 0.1197 0.9751 0.1866
vn 0.1473 0.9730 0.1777
vn 0.1464 0.9721 0.1832
vn 0.4445 0.8905 0.0966
vn 0.4341 0.8957 0.0965
vn 0.4571 0.8844 0.0944
vn 0.3473 0.9341 0.0828
vn 0.3511 0.9323 0.0871
vn 0.3581 0.9293 0.0904
vn 0.3218 0.9443 0.0697
vn 0.3239 0.9426 0.0810
vn 0.3273 0.9396 0.0998
vn 0.3562 0.9305 0.0848
vn 0.3555 0.9307 0.0859
vn 0.3605 0.9295 0.0782
vn 0.4354 0.8952 0.0953
vn 0.4382 0.8933 0.1001
vn 0.4362 0.8948 0.0947
vn 0.2743 0.9592 0.0689
vn 0.2770 0.9579 0.0761
vn 0.2718 0.9599 0.0694
vn 0.2410 0.9688 0.0577
vn 0.2459 0.9675 0.0583
vn 0.2325 0.9710 0.0563
vn 0.2681 0.9611 0.0659
vn 0.2683 0.9606 0.0730
vn 0.2684 0.9599 0.0807
vn 0.2596 0.9639 0.0587
vn 0.2617 0.9634 0.0582
vn 0.3008 0.9495 0.0893
vn 0.2862 0.9554 0.0731
vn 0.2966 0.9515 0.0813
vn 0.3715 0.9232 0.0987
vn 0.3707 0.9234 0.0993
vn 0.3725 0.9228 0.0980
vn 0.2925 0.9529 0.0802
vn 0.2842 0.9560 0.0728
vn 0.4347 0.8936 0.1120
vn 0.4365 0.8928 0.1110
vn 0.4328 0.8944 0.1130
vn 0.0464 0.9939 0.0997
vn 0.0465 0.9930 0.1085
vn 0.0455 0.9934 0.1056
vn 0.0476 0.9941 0.0970
vn 0.0486 0.9941 0.0971
vn -0.0208 0.9997 -0.0082
vn -0.0365 0.9989 -0.0289
vn -0.0442 0.9983 -0.0391
vn 0.0197 0.9998 -0.0045
vn 0.0196 0.9998 -0.0040
vn 0.0229 0.9996 -0.0184
vn -0.0188 0.9998 -0.0011
vn -0.0072 0.9999 -0.0081
vn -0.0353 0.9994 -0.0006
vn -0.4941 -0.8683 -0.0432
vn -0.4684 -0.8825 -0.0427
vn -0.4685 -0.8825 -0.0425
vn -0.2752 -0.9585 -0.0745
vn -0.5184 -0.8511 -0.0827
vn -0.5345 -0.8410 -0.0834
vn 0.0101 0.9999 0.0092
vn 0.0184 0.9998 0.0096
vn 0.0005 1.0000 0.0087
vn 0.0415 0.9991 0.0031
vn 0.0433 0.9991 0.0028
vn -0.1115 0.9936 -0.0198
vn -0.3198 0.9360 -0.1470
vn -0.3404 0.9266 -0.1598
vn 0.0544 0.9985 -0.0054
vn 0.0544 0.9985 0.0014
vn 0.0555 0.9985 -0.0016
vn 0.0579 0.9983 0.0004
vn 0.0513 0.9987 -0.0018
vn 0.0498 0.9988 -0.0032
vn 0.0405 0.9991 0.0155
vn 0.0424 0.9991 0.0060
vn 0.0375 0.9991 0.0193
vn -0.0490 0.9988 0.0039
vn -0.0564 0.9984 0.0063
vn 0.0412 0.9991 0.0137
vn 0.0440 0.9990 0.0044
vn -0.2261 -0.9741 -0.0061
vn -0.2498 -0.9683 0.0026
vn -0.2573 -0.9663 0.0050
vn -0.1902 -0.9817 -0.0059
vn -0.2084 -0.9780 -0.0020
vn -0.5339 -0.8447 -0.0369
vn -0.5377 -0.8423 -0.0367
vn -0.1547 -0.9867 -0.0489
vn -0.1649 -0.9852 -0.0477
vn -0.1676 -0.9847 -0.0473
vn -0.2081 -0.9753 -0.0744
vn -0.2679 -0.9608 -0.0711
vn -0.1676 -0.9856 -0.0224
vn -0.1804 -0.9835 -0.0131
vn -0.2961 -0.9323 -0.2078
vn -0.3091 -0.9261 -0.2165
vn -0.2937 -0.9309 -0.2172
vn -0.5297 -0.8023 -0.2751
vn -0.3231 -0.9229 -0.2094
vn -0.3142 -0.9267 -0.2064
vn -0.1613 -0.9758 -0.1476
vn -0.1660 -0.9749 -0.1483
vn -0.1673 -0.9747 -0.1485
vn -0.1736 -0.9765 -0.1274
vn -0.1669 -0.9778 -0.1266
vn -0.1654 -0.9781 -0.1265
vn -0.1010 0.9944 0.0295
vn -0.1206 0.9924 0.0251
vn -0.0988 0.9947 0.0300
vn -0.1257 0.9921 0.0044
vn -0.1089 0.9940 0.0105
vn -0.1274 0.9918 0.0038
vn -0.0980 0.9952 0.0019
vn -0.0579 0.9982 0.0149
vn -0.0386 0.9992 0.0116
vn -0.0125 0.9998 0.0173
vn -0.0490 0.9988 0.0094
vn -0.5045 0.8495 -0.1546
vn -0.5638 -0.7688 -0.3018
vn -0.5449 -0.7850 -0.2948
vn -0.2047 -0.9733 -0.1039
vn -0.1802 -0.9783 -0.1021
vn -0.1763 -0.9791 -0.1018
vn -0.1515 -0.9849 -0.0843
vn -0.1467 -0.9856 -0.0845
vn -0.1453 -0.9858 -0.0846
vn -0.1426 -0.9831 -0.1149
vn -0.1383 -0.9805 -0.1399
vn -0.1434 -0.9797 -0.1403
vn -0.1453 -0.9794 -0.1405
vn -0.1409 -0.9764 -0.1636
vn -0.1512 -0.9746 -0.1650
vn -0.1557 -0.9738 -0.1657
vn -0.1634 -0.9721 -0.1684
vn -0.1786 -0.9689 -0.1711
vn -0.1839 -0.9678 -0.1721
vn -0.3467 -0.9033 -0.2525
vn -0.3510 -0.9009 -0.2554
vn -0.2633 0.9644 0.0232
vn -0.2734 0.9619 0.0085
vn -0.2877 0.9576 -0.0124
vn -0.1241 0.9923 -0.0004
vn -0.1306 0.9912 0.0230
vn -0.1094 0.9926 -0.0521
vn -0.2974 0.9546 0.0176
vn -0.2499 0.9682 -0.0109
vn -0.3209 0.9466 0.0318
vn -0.7387 -0.6738 0.0179
vn -0.6891 -0.7246 -0.0006
vn -0.6776 -0.7354 -0.0047
vn -0.6962 -0.7168 -0.0377
vn -0.7475 -0.6641 -0.0114
vn -0.7581 -0.6521 -0.0056
vn -0.0162 0.9993 0.0349
vn -0.0173 0.9985 0.0514
vn -0.0186 0.9986 0.0494
vn -0.0165 0.9993 0.0344
vn -0.0200 0.9988 0.0456
vn -0.3270 0.9444 0.0353
vn -0.3235 0.9455 0.0375
vn -0.3216 0.9461 0.0388
vn 0.0277 0.9996 0.0112
vn 0.0289 0.9995 0.0113
vn 0.0369 0.9993 0.0113
vn 0.0084 1.0000 -0.0035
vn 0.0029 1.0000 -0.0071
vn 0.0195 0.9998 0.0039
vn -0.0050 0.9993 0.0364
vn 0.0072 0.9996 0.0282
vn 0.0166 0.9996 0.0218
vn -0.0193 0.9998 -0.0000
vn -0.0182 0.9998 0.0004
vn -0.0210 0.9998 -0.0000
vn -0.3500 0.9368 -0.0000
vn -0.3363 0.9417 -0.0079
vn -0.3544 0.9351 -0.0000
vn -0.0145 0.9999 -0.0053
vn -0.0125 0.9999 -0.0040
vn -0.4367 -0.8996 0.0007
vn -0.4385 -0.8987 -0.0000
vn -0.4390 -0.8985 -0.0000
vn -0.4303 -0.9027 -0.0026
vn -0.4380 -0.8990 0.0007
vn -0.6768 -0.7362 -0.0014
vn -0.6740 -0.7387 -0.0000
vn -0.6733 -0.7393 -0.0000
vn -0.4112 -0.9115 -0.0115
vn -0.4159 -0.9094 -0.0072
vn -0.4259 -0.9047 -0.0058
vn -0.6550 -0.7551 -0.0278
vn -0.6654 -0.7463 -0.0143
vn -0.6674 -0.7446 -0.0132
vn -0.4354 -0.9002 0.0001
vn -0.0785 0.9956 0.0510
vn -0.0831 0.9955 0.0460
vn -0.0884 0.9953 0.0402
vn -0.0548 0.9947 0.0868
vn -0.0505 0.9950 0.0867
vn 0.0030 0.9963 0.0855
vn -0.2137 0.9736 0.0803
vn -0.1798 0.9824 0.0500
vn -0.2580 0.9586 0.1204
vn -0.7380 -0.6748 -0.0048
vn -0.6685 -0.7431 -0.0311
vn -0.6568 -0.7533 -0.0352
vn -0.6497 -0.7566 -0.0743
vn -0.7563 -0.6528 -0.0434
vn -0.7671 -0.6402 -0.0399
vn 0.0354 0.9986 0.0385
vn 0.0349 0.9987 0.0376
vn 0.0366 0.9985 0.0405
vn 0.0314 0.9975 0.0635
vn 0.0304 0.9974 0.0646
vn 0.0292 0.9974 0.0658
vn -0.0743 0.9970 0.0226
vn -0.0659 0.9975 0.0273
vn -0.0614 0.9977 0.0298
vn 0.0407 0.9932 0.1089
vn 0.0410 0.9932 0.1089
vn 0.0480 0.9929 0.1086
vn 0.0261 0.9951 0.0957
vn 0.0149 0.9963 0.0851
vn 0.0332 0.9942 0.1024
vn 0.0275 0.9946 0.1006
vn 0.0347 0.9950 0.0942
vn 0.0402 0.9952 0.0894
vn -0.0164 0.9985 0.0531
vn -0.0097 0.9978 0.0655
vn -0.3036 0.9522 0.0321
vn -0.2790 0.9592 0.0449
vn -0.2631 0.9633 0.0531
vn 0.0040 0.9969 0.0791
vn -0.0046 0.9978 0.0667
vn 0.0102 0.9961 0.0879
vn -0.3912 -0.9201 -0.0190
vn -0.3978 -0.9174 -0.0127
vn -0.3639 -0.9312 -0.0212
vn -0.3765 -0.9262 -0.0205
vn -0.6555 -0.7546 -0.0287
vn -0.6595 -0.7515 -0.0188
vn -0.2755 -0.9612 -0.0143
vn -0.2981 -0.9545 -0.0048
vn -0.3069 -0.9517 -0.0012
vn -0.5499 -0.8339 -0.0459
vn -0.5998 -0.7993 -0.0373
vn -0.6037 -0.7963 -0.0366
vn -0.3255 -0.9453 -0.0216
vn -0.3422 -0.9395 -0.0128
vn -0.3511 -0.9363 -0.0081
vn -0.2486 -0.9417 -0.2268
vn -0.3270 -0.8859 -0.3291
vn -0.2340 -0.9497 -0.2079
vn -0.8844 -0.3595 -0.2975
vn -0.5463 0.7658 -0.3392
vn -0.8345 -0.4873 -0.2574
vn -0.9276 -0.1954 -0.3184
vn -0.5123 0.8388 -0.1843
vn -0.9153 -0.2528 -0.3137
vn -0.1456 0.9812 0.1264
vn -0.1267 0.9859 0.1089
vn -0.1692 0.9743 0.1484
vn -0.1712 -0.9651 -0.1983
vn -0.1504 -0.9696 -0.1929
vn -0.1427 -0.9712 -0.1908
vn -0.0418 0.9834 0.1767
vn -0.0098 0.9799 0.1993
vn -0.0354 0.9807 0.1922
vn -0.0090 0.9774 0.2113
vn -0.0085 0.9774 0.2114
vn -0.0216 0.9775 0.2100
vn 0.0173 0.9804 0.1964
vn 0.0174 0.9804 0.1964
vn 0.0170 0.9804 0.1963
vn -0.0049 0.9893 0.1459
vn -0.0056 0.9891 0.1472
vn -0.0089 0.9882 0.1531
vn -0.0387 0.9941 0.1011
vn -0.0336 0.9946 0.0983
vn -0.0450 0.9935 0.1044
vn -0.0833 0.9947 0.0604
vn -0.0649 0.9961 0.0602
vn -0.0887 0.9942 0.0605
vn -0.3832 -0.8888 -0.2515
vn -0.6024 -0.6948 -0.3929
vn -0.3721 -0.8954 -0.2444
vn -0.1859 -0.9645 -0.1875
vn -0.2084 -0.9541 -0.2152
vn -0.1792 -0.9673 -0.1794
vn 0.0326 0.9953 0.0909
vn 0.0319 0.9953 0.0912
vn 0.0355 0.9953 0.0898
vn 0.0416 0.9936 0.1050
vn 0.0422 0.9936 0.1046
vn 0.0457 0.9937 0.1025
vn 0.0311 0.9971 0.0699
vn 0.0306 0.9971 0.0700
vn 0.0323 0.9970 0.0698
vn 0.0386 0.9959 0.0822
vn 0.0379 0.9959 0.0823
vn 0.0416 0.9958 0.0815
vn 0.0158 0.9958 0.0901
vn 0.0138 0.9958 0.0907
vn 0.0183 0.9958 0.0894
vn 0.0376 0.9935 0.1072
vn 0.0379 0.9935 0.1070
vn 0.0413 0.9936 0.1047
vn 0.0472 0.9915 0.1216
vn 0.0489 0.9916 0.1200
vn 0.0518 0.9918 0.1172
vn 0.0549 0.9891 0.1363
vn 0.0570 0.9893 0.1339
vn 0.0596 0.9896 0.1310
vn 0.0493 0.9917 0.1190
vn 0.0505 0.9917 0.1180
vn 0.0533 0.9918 0.1157
vn 0.0458 0.9943 0.0967
vn 0.0460 0.9943 0.0966
vn 0.0489 0.9942 0.0953
vn 0.0449 0.9966 0.0690
vn 0.0421 0.9968 0.0686
vn 0.0480 0.9964 0.0694
vn 0.0408 0.9977 0.0534
vn 0.0364 0.9983 0.0464
vn 0.0399 0.9979 0.0519
vn 0.0286 0.9988 0.0392
vn 0.0333 0.9985 0.0442
vn 0.0265 0.9989 0.0381
vn 0.0202 0.9991 0.0380
vn 0.0124 0.9983 0.0561
vn 0.0141 0.9983 0.0562
vn 0.0110 0.9984 0.0561
vn 0.0107 0.9972 0.0738
vn 0.0094 0.9972 0.0739
vn 0.0117 0.9972 0.0737
vn 0.0674 0.9977 0.0072
vn 0.0638 0.9979 0.0099
vn 0.0649 0.9979 0.0036
vn 0.0667 0.9977 0.0127
vn 0.0661 0.9977 0.0146
vn 0.0613 0.9981 0.0009
vn 0.0610 0.9978 0.0247
vn 0.0610 0.9981 0.0055
vn 0.0725 0.9973 0.0097
vn 0.0686 0.9976 0.0045
vn 0.0712 0.9974 0.0113
vn 0.0704 0.9974 0.0153
vn 0.0664 0.9976 0.0216
vn 0.0703 0.9973 0.0225
vn 0.0666 0.9974 0.0270
vn 0.0648 0.9975 0.0269
vn 0.0615 0.9978 0.0252
vn 0.0572 0.9983 0.0104
vn 0.0562 0.9982 0.0214
vn 0.0563 0.9983 0.0135
vn 0.0566 0.9984 0.0077
vn 0.0582 0.9982 0.0114
vn 0.0603 0.9982 -0.0012
vn 0.0657 0.9978 0.0008
vn 0.0727 0.9925 0.0981
vn 0.0670 0.9920 0.1074
vn 0.0717 0.9922 0.1016
vn 0.0701 0.9931 0.0940
vn 0.0668 0.9924 0.1033
vn 0.0640 0.9921 0.1083
vn 0.0704 0.9926 0.0991
vn 0.0546 0.9944 0.0907
vn 0.0757 0.9930 0.0912
vn 0.0705 0.9930 0.0943
vn 0.0746 0.9935 0.0864
vn 0.0771 0.9932 0.0870
vn 0.0780 0.9936 0.0823
vn 0.0797 0.9947 0.0647
vn 0.0737 0.9946 0.0727
vn 0.0736 0.9946 0.0729
vn 0.0666 0.9947 0.0777
vn 0.0709 0.9946 0.0764
vn 0.0614 0.9953 0.0747
vn 0.0434 0.9964 0.0733
vn 0.0414 0.9971 0.0646
vn 0.0439 0.9962 0.0753
vn 0.0475 0.9945 0.0932
vn 0.0485 0.9951 0.0865
vn 0.0526 0.9942 0.0939
vn 0.0542 0.9928 0.1071
vn 0.0558 0.9926 0.1076
vn 0.0628 0.9924 0.1057
vn 0.0760 0.9971 0.0060
vn 0.0706 0.9975 0.0044
vn 0.0765 0.9970 0.0074
vn 0.0756 0.9971 0.0034
vn 0.0691 0.9976 0.0038
vn 0.0676 0.9977 0.0007
vn 0.0680 0.9977 0.0022
vn 0.0638 0.9980 -0.0006
vn 0.0808 0.9967 0.0119
vn 0.0768 0.9970 0.0123
vn 0.0807 0.9967 0.0080
vn 0.0807 0.9967 0.0063
vn 0.0807 0.9967 0.0036
vn 0.0754 0.9972 -0.0000
vn 0.0677 0.9977 -0.0000
vn 0.0631 0.9980 -0.0000
vn 0.0632 0.9980 -0.0001
vn 0.0442 0.9990 -0.0004
vn 0.0430 0.9991 -0.0000
vn 0.0432 0.9991 -0.0039
vn 0.0448 0.9990 -0.0069
vn 0.0472 0.9989 0.0014
vn 0.0475 0.9988 -0.0081
vn 0.0526 0.9986 0.0017
vn 0.0529 0.9986 -0.0053
vn 0.0563 0.9984 -0.0018
vn 0.0690 0.9976 0.0038
vn 0.0655 0.9819 0.1777
vn 0.0679 0.9829 0.1713
vn 0.0688 0.9832 0.1691
vn 0.0597 0.9861 0.1548
vn 0.0626 0.9869 0.1488
vn 0.0641 0.9872 0.1459
vn 0.0545 0.9850 0.1638
vn 0.0563 0.9856 0.1597
vn 0.0571 0.9858 0.1577
vn 0.0492 0.9891 0.1389
vn 0.0512 0.9895 0.1354
vn 0.0527 0.9897 0.1328
vn 0.0869 0.9720 0.2184
vn 0.0713 0.9766 0.2031
vn 0.0788 0.9747 0.2094
vn 0.0753 0.9779 0.1952
vn 0.0782 0.9792 0.1873
vn 0.0790 0.9796 0.1850
vn 0.0686 0.9823 0.1742
vn 0.0722 0.9834 0.1664
vn 0.0737 0.9838 0.1631
vn 0.0615 0.9862 0.1539
vn 0.0647 0.9868 0.1488
vn 0.0668 0.9871 0.1454
vn 0.0534 0.9892 0.1365
vn 0.0560 0.9896 0.1328
vn 0.0581 0.9898 0.1298
vn 0.0434 0.9917 0.1212
vn 0.0449 0.9918 0.1195
vn 0.0473 0.9920 0.1168
vn 0.0226 0.9942 0.1050
vn 0.0222 0.9942 0.1052
vn 0.0256 0.9944 0.1029
vn 0.0297 0.9917 0.1249
vn 0.0307 0.9918 0.1237
vn 0.0326 0.9921 0.1212
vn 0.0371 0.9874 0.1541
vn 0.0383 0.9877 0.1515
vn 0.0394 0.9880 0.1491
vn 0.0451 0.9809 0.1892
vn 0.0431 0.9818 0.1852
vn 0.0461 0.9804 0.1914
vn 0.0689 0.9771 0.2012
vn 0.0587 0.9793 0.1939
vn 0.0590 0.9794 0.1932
vn 0.0596 0.9789 0.1953
vn 0.0668 0.9667 0.2469
vn 0.0562 0.9644 0.2584
vn 0.0600 0.9633 0.2618
vn 0.0511 0.9628 0.2653
vn 0.0504 0.9625 0.2666
vn 0.0759 0.9720 0.2224
vn 0.0756 0.9706 0.2283
vn 0.0697 0.9669 0.2456
vn 0.0799 0.9713 0.2240
vn 0.0701 0.9707 0.2297
vn 0.0585 0.9711 0.2315
vn 0.0675 0.9709 0.2297
vn 0.0564 0.9711 0.2321
vn 0.0560 0.9709 0.2330
vn 0.0431 0.9731 0.2264
vn 0.0405 0.9725 0.2294
vn 0.0393 0.9722 0.2309
vn 0.0342 0.9672 0.2517
vn 0.0326 0.9669 0.2530
vn 0.0317 0.9667 0.2539
vn 0.0769 0.9851 0.1538
vn 0.0773 0.9842 0.1593
vn 0.0751 0.9836 0.1637
vn 0.0801 0.9797 0.1840
vn 0.0850 0.9759 0.2008
vn 0.0782 0.9781 0.1931
vn 0.0704 0.9893 0.1275
vn 0.0707 0.9889 0.1303
vn 0.0698 0.9884 0.1347
vn 0.0791 0.9857 0.1489
vn 0.0766 0.9847 0.1564
vn 0.0759 0.9845 0.1583
vn 0.0883 0.9820 0.1671
vn 0.0874 0.9798 0.1796
vn 0.0858 0.9805 0.1767
vn 0.0913 0.9750 0.2027
vn 0.0783 0.9750 0.2080
vn 0.0829 0.9685 0.2347
vn 0.0891 0.9694 0.2286
vn 0.0961 0.9707 0.2204
vn 0.0876 0.9680 0.2354
vn 0.0867 0.9732 0.2128
vn 0.0955 0.9705 0.2214
vn 0.0910 0.9706 0.2229
vn 0.0885 0.9743 0.2071
vn 0.0899 0.9748 0.2042
vn 0.0817 0.9754 0.2049
vn 0.0896 0.9730 0.2126
vn 0.0825 0.9749 0.2068
vn 0.0856 0.9705 0.2252
vn 0.0793 0.9766 0.2001
vn 0.0760 0.9760 0.2041
vn 0.0787 0.9789 0.1887
vn 0.0803 0.9771 0.1971
vn 0.0804 0.9796 0.1842
vn 0.0823 0.9800 0.1811
vn 0.0708 0.9825 0.1725
vn 0.0739 0.9831 0.1672
vn 0.0760 0.9836 0.1637
vn 0.0787 0.9775 0.1956
vn 0.0823 0.9788 0.1875
vn 0.0838 0.9793 0.1842
vn 0.0885 0.9745 0.2061
vn 0.0834 0.9745 0.2083
vn 0.0912 0.9725 0.2142
vn 0.0728 0.9969 0.0314
vn 0.0664 0.9975 0.0251
vn 0.0633 0.9974 0.0353
vn 0.0758 0.9968 0.0262
vn 0.0663 0.9975 0.0257
vn 0.0638 0.9974 0.0342
vn 0.0623 0.9972 0.0402
vn 0.0656 0.9973 0.0315
vn 0.0781 0.9960 0.0437
vn 0.0746 0.9961 0.0481
vn 0.0745 0.9961 0.0482
vn 0.0818 0.9961 0.0322
vn 0.0807 0.9964 0.0239
vn 0.0764 0.9969 0.0189
vn 0.0809 0.9966 0.0174
vn 0.0659 0.9974 0.0308
vn 0.0498 0.9983 0.0306
vn 0.0503 0.9982 0.0326
vn 0.0486 0.9982 0.0356
vn 0.0451 0.9983 0.0358
vn 0.0445 0.9982 0.0413
vn 0.0426 0.9981 0.0452
vn 0.0429 0.9982 0.0421
vn 0.0410 0.9979 0.0501
vn 0.0415 0.9977 0.0527
vn 0.0668 0.9964 0.0523
vn 0.0618 0.9967 0.0529
vn 0.0669 0.9964 0.0520
vn 0.1836 0.9824 0.0356
vn 0.1808 0.9831 0.0276
vn 0.1821 0.9828 0.0301
vn 0.1800 0.9830 0.0350
vn 0.1734 0.9845 0.0279
vn 0.1559 0.9872 0.0332
vn 0.1541 0.9878 0.0239
vn 0.1547 0.9876 0.0270
vn 0.1542 0.9876 0.0287
vn 0.1511 0.9883 0.0202
vn 0.2215 0.9744 0.0394
vn 0.2185 0.9753 0.0331
vn 0.2209 0.9746 0.0377
vn 0.2206 0.9746 0.0386
vn 0.2120 0.9767 0.0333
vn 0.2104 0.9769 0.0383
vn 0.2172 0.9752 0.0423
vn 0.2081 0.9774 0.0366
vn 0.2046 0.9784 0.0297
vn 0.1766 0.9836 0.0358
vn 0.1761 0.9836 0.0385
vn 0.1512 0.9882 0.0263
vn 0.1480 0.9889 0.0099
vn 0.1324 0.9910 0.0203
vn 0.1309 0.9913 0.0111
vn 0.1319 0.9911 0.0174
vn 0.1333 0.9908 0.0248
vn 0.1327 0.9910 0.0202
vn 0.1342 0.9904 0.0321
vn 0.1334 0.9907 0.0257
vn 0.1354 0.9899 0.0420
vn 0.1343 0.9903 0.0342
vn 0.1574 0.9867 0.0408
vn 0.1561 0.9871 0.0344
vn 0.1848 0.9820 0.0396
vn 0.1839 0.9823 0.0358
vn 0.1709 0.9853 0.0008
vn 0.1762 0.9843 0.0067
vn 0.1723 0.9850 0.0076
vn 0.1757 0.9844 0.0019
vn 0.1777 0.9841 0.0044
vn 0.1486 0.9889 0.0076
vn 0.1507 0.9886 0.0078
vn 0.1496 0.9887 0.0101
vn 0.1513 0.9885 0.0064
vn 0.1514 0.9885 0.0051
vn 0.1996 0.9799 0.0011
vn 0.2029 0.9792 0.0049
vn 0.1958 0.9806 0.0082
vn 0.2015 0.9795 -0.0002
vn 0.2067 0.9784 0.0047
vn 0.2086 0.9780 -0.0021
vn 0.2127 0.9771 0.0031
vn 0.2135 0.9769 -0.0004
vn 0.2147 0.9767 -0.0000
vn 0.1788 0.9839 0.0019
vn 0.1787 0.9839 -0.0000
vn 0.1518 0.9884 0.0040
vn 0.1517 0.9884 -0.0000
vn 0.1307 0.9914 0.0047
vn 0.1306 0.9914 -0.0000
vn 0.1309 0.9914 0.0081
vn 0.1308 0.9914 0.0069
vn 0.1310 0.9913 0.0101
vn 0.1310 0.9913 0.0103
vn 0.1318 0.9911 0.0177
vn 0.1501 0.9884 0.0233
vn 0.1697 0.9855 0.0016
vn 0.1666 0.9860 0.0093
vn 0.0678 0.9960 0.0589
vn 0.0637 0.9960 0.0619
vn 0.0635 0.9960 0.0624
vn 0.0688 0.9948 0.0749
vn 0.0708 0.9936 0.0883
vn 0.0672 0.9947 0.0782
vn 0.0537 0.9964 0.0655
vn 0.0610 0.9961 0.0640
vn 0.0577 0.9942 0.0903
vn 0.0619 0.9945 0.0847
vn 0.0711 0.9971 0.0269
vn 0.0672 0.9969 0.0422
vn 0.0669 0.9969 0.0425
vn 0.0708 0.9966 0.0411
vn 0.0680 0.9960 0.0584
vn 0.0731 0.9949 0.0699
vn 0.0690 0.9949 0.0743
vn 0.0738 0.9944 0.0759
vn 0.0699 0.9935 0.0895
vn 0.0535 0.9916 0.1181
vn 0.0519 0.9940 0.0963
vn 0.0513 0.9939 0.0979
vn 0.0529 0.9964 0.0663
vn 0.0527 0.9964 0.0669
vn 0.0610 0.9972 0.0437
vn 0.0546 0.9976 0.0421
vn 0.0547 0.9976 0.0417
vn 0.0651 0.9969 0.0439
vn 0.0576 0.9974 0.0439
vn 0.0632 0.9970 0.0439
vn 0.1899 0.9794 0.0691
vn 0.1904 0.9786 0.0774
vn 0.1906 0.9791 0.0704
vn 0.1912 0.9783 0.0803
vn 0.1856 0.9799 0.0735
vn 0.1587 0.9855 0.0593
vn 0.1597 0.9849 0.0668
vn 0.1593 0.9853 0.0612
vn 0.1596 0.9849 0.0676
vn 0.1588 0.9850 0.0675
vn 0.2262 0.9716 0.0690
vn 0.2294 0.9701 0.0799
vn 0.2276 0.9710 0.0730
vn 0.2283 0.9705 0.0774
vn 0.2279 0.9695 0.0903
vn 0.2304 0.9675 0.1043
vn 0.2353 0.9664 0.1036
vn 0.2293 0.9676 0.1054
vn 0.2140 0.9732 0.0843
vn 0.1914 0.9773 0.0906
vn 0.1853 0.9798 0.0748
vn 0.1595 0.9845 0.0726
vn 0.1568 0.9856 0.0632
vn 0.1353 0.9888 0.0637
vn 0.1361 0.9885 0.0660
vn 0.1358 0.9885 0.0660
vn 0.1343 0.9892 0.0583
vn 0.1352 0.9889 0.0624
vn 0.1330 0.9898 0.0512
vn 0.1341 0.9894 0.0556
vn 0.1320 0.9903 0.0444
vn 0.1329 0.9900 0.0475
vn 0.1578 0.9861 0.0527
vn 0.1584 0.9859 0.0542
vn 0.1887 0.9801 0.0613
vn 0.1895 0.9798 0.0634
vn 0.1799 0.9824 0.0508
vn 0.1833 0.9817 0.0509
vn 0.1804 0.9821 0.0543
vn 0.1819 0.9824 0.0426
vn 0.1846 0.9818 0.0440
vn 0.1567 0.9859 0.0583
vn 0.1574 0.9861 0.0532
vn 0.1567 0.9859 0.0589
vn 0.1571 0.9862 0.0518
vn 0.1572 0.9866 0.0445
vn 0.2074 0.9772 0.0444
vn 0.2108 0.9761 0.0525
vn 0.2054 0.9767 0.0622
vn 0.2091 0.9769 0.0431
vn 0.2172 0.9749 0.0495
vn 0.2148 0.9759 0.0382
vn 0.2196 0.9745 0.0454
vn 0.2199 0.9747 0.0398
vn 0.1843 0.9820 0.0424
vn 0.1578 0.9863 0.0473
vn 0.1364 0.9893 0.0510
vn 0.1356 0.9897 0.0453
vn 0.1366 0.9889 0.0578
vn 0.1361 0.9892 0.0550
vn 0.1364 0.9887 0.0619
vn 0.1362 0.9887 0.0621
vn 0.1361 0.9886 0.0651
vn 0.1581 0.9850 0.0685
vn 0.1796 0.9823 0.0538
vn 0.1794 0.9817 0.0633
vn 0.0725 0.9974 0.0046
vn 0.0728 0.9969 0.0284
vn 0.0721 0.9973 0.0120
vn 0.0661 0.9978 0.0010
vn 0.0713 0.9974 0.0061
vn 0.0616 0.9981 0.0047
vn 0.0647 0.9978 0.0152
vn 0.0587 0.9982 0.0085
vn 0.0534 0.9986 0.0047
vn 0.0543 0.9985 0.0075
vn 0.0604 0.9981 0.0071
vn 0.0590 0.9982 0.0134
vn 0.0687 0.9974 0.0200
vn 0.0713 0.9973 0.0203
vn 0.0679 0.9975 0.0179
vn 0.0729 0.9969 0.0305
vn 0.0792 0.9968 0.0078
vn 0.0785 0.9967 0.0183
vn 0.0753 0.9971 0.0131
vn 0.0786 0.9969 0.0081
vn 0.0724 0.9968 0.0352
vn 0.0757 0.9971 0.0121
vn 0.0457 0.9987 0.0207
vn 0.0409 0.9990 0.0192
vn 0.0358 0.9992 0.0198
vn 0.0491 0.9985 0.0239
vn 0.0435 0.9989 0.0194
vn 0.0600 0.9972 0.0440
vn 0.0529 0.9975 0.0471
vn 0.0526 0.9974 0.0498
vn 0.0661 0.9966 0.0484
vn 0.0541 0.9975 0.0451
vn 0.0504 0.9984 0.0252
vn 0.0478 0.9986 0.0208
vn 0.0712 0.9953 0.0657
vn 0.0720 0.9958 0.0562
vn 0.0738 0.9951 0.0661
vn 0.0707 0.9954 0.0641
vn 0.0678 0.9964 0.0510
vn 0.0657 0.9966 0.0503
vn 0.0624 0.9971 0.0446
vn 0.0675 0.9963 0.0540
vn 0.0684 0.9963 0.0523
vn 0.0689 0.9963 0.0505
vn 0.0696 0.9969 0.0357
vn 0.0696 0.9962 0.0525
vn 0.1884 0.9805 0.0559
vn 0.1860 0.9811 0.0535
vn 0.1879 0.9807 0.0547
vn 0.1871 0.9808 0.0556
vn 0.1820 0.9820 0.0508
vn 0.1613 0.9855 0.0518
vn 0.1591 0.9861 0.0476
vn 0.1602 0.9858 0.0494
vn 0.1594 0.9860 0.0489
vn 0.1573 0.9865 0.0457
vn 0.2322 0.9703 0.0685
vn 0.2277 0.9717 0.0620
vn 0.2310 0.9708 0.0653
vn 0.2290 0.9713 0.0646
vn 0.2225 0.9730 0.0608
vn 0.2256 0.9720 0.0652
vn 0.2136 0.9752 0.0576
vn 0.2203 0.9731 0.0680
vn 0.2122 0.9755 0.0583
vn 0.1845 0.9813 0.0557
vn 0.1788 0.9828 0.0458
vn 0.1581 0.9863 0.0478
vn 0.1559 0.9868 0.0432
vn 0.1373 0.9896 0.0428
vn 0.1349 0.9901 0.0384
vn 0.1373 0.9896 0.0419
vn 0.1392 0.9892 0.0450
vn 0.1381 0.9895 0.0424
vn 0.1393 0.9892 0.0452
vn 0.1396 0.9893 0.0433
vn 0.1465 0.9875 0.0587
vn 0.1428 0.9885 0.0492
vn 0.1330 0.9899 0.0487
vn 0.1634 0.9848 0.0588
vn 0.1618 0.9853 0.0544
vn 0.1893 0.9801 0.0603
vn 0.1885 0.9804 0.0579
vn 0.1798 0.9828 0.0428
vn 0.1855 0.9813 0.0523
vn 0.1811 0.9824 0.0463
vn 0.1830 0.9821 0.0449
vn 0.1882 0.9804 0.0581
vn 0.1560 0.9869 0.0419
vn 0.1568 0.9866 0.0442
vn 0.1557 0.9869 0.0430
vn 0.1563 0.9868 0.0430
vn 0.1578 0.9863 0.0485
vn 0.2073 0.9773 0.0439
vn 0.2125 0.9759 0.0495
vn 0.2034 0.9779 0.0491
vn 0.2095 0.9768 0.0437
vn 0.2204 0.9736 0.0592
vn 0.2174 0.9749 0.0484
vn 0.2251 0.9720 0.0673
vn 0.2230 0.9730 0.0599
vn 0.1867 0.9810 0.0536
vn 0.1572 0.9864 0.0472
vn 0.1320 0.9904 0.0402
vn 0.1322 0.9904 0.0394
vn 0.1328 0.9904 0.0384
vn 0.1329 0.9905 0.0366
vn 0.1343 0.9902 0.0391
vn 0.1341 0.9903 0.0373
vn 0.1359 0.9899 0.0412
vn 0.1567 0.9866 0.0452
vn 0.1807 0.9822 0.0505
vn 0.1471 0.9697 0.1952
vn 0.1487 0.9690 0.1975
vn 0.1465 0.9699 0.1943
vn 0.1403 0.9775 0.1575
vn 0.1404 0.9776 0.1569
vn 0.1401 0.9774 0.1584
vn 0.1322 0.9698 0.2050
vn 0.1279 0.9721 0.1969
vn 0.1333 0.9692 0.2072
vn 0.1186 0.9801 0.1592
vn 0.1170 0.9814 0.1520
vn 0.1205 0.9813 0.1502
vn 0.1711 0.9586 0.2276
vn 0.1801 0.9549 0.2359
vn 0.1658 0.9607 0.2226
vn 0.1647 0.9712 0.1724
vn 0.1646 0.9694 0.1819
vn 0.1646 0.9688 0.1853
vn 0.1604 0.9763 0.1457
vn 0.1641 0.9742 0.1548
vn 0.1600 0.9749 0.1548
vn 0.1610 0.9762 0.1453
vn 0.1644 0.9743 0.1541
vn 0.1404 0.9777 0.1564
vn 0.1403 0.9776 0.1567
vn 0.1171 0.9804 0.1585
vn 0.1167 0.9812 0.1535
vn 0.0965 0.9842 0.1483
vn 0.0950 0.9846 0.1471
vn 0.0958 0.9849 0.1443
vn 0.0968 0.9842 0.1483
vn 0.1004 0.9857 0.1351
vn 0.1116 0.9745 0.1949
vn 0.1053 0.9783 0.1787
vn 0.1132 0.9734 0.1990
vn 0.1445 0.9468 0.2874
vn 0.1490 0.9435 0.2959
vn 0.1477 0.9436 0.2962
vn 0.1642 0.9489 0.2695
vn 0.1659 0.9481 0.2713
vn 0.1635 0.9492 0.2689
vn 0.2088 0.9674 0.1430
vn 0.2002 0.9675 0.1544
vn 0.2076 0.9670 0.1476
vn 0.1975 0.9735 0.1153
vn 0.1879 0.9752 0.1173
vn 0.1921 0.9745 0.1163
vn 0.1981 0.9675 0.1570
vn 0.1982 0.9672 0.1587
vn 0.1924 0.9726 0.1306
vn 0.1868 0.9739 0.1286
vn 0.2537 0.9499 0.1828
vn 0.2541 0.9476 0.1934
vn 0.2543 0.9464 0.1990
vn 0.2238 0.9653 0.1347
vn 0.2248 0.9645 0.1389
vn 0.2252 0.9642 0.1404
vn 0.2086 0.9707 0.1197
vn 0.1943 0.9743 0.1144
vn 0.2074 0.9708 0.1202
vn 0.1965 0.9736 0.1161
vn 0.1933 0.9732 0.1246
vn 0.1934 0.9723 0.1309
vn 0.1772 0.9755 0.1304
vn 0.1843 0.9722 0.1447
vn 0.1834 0.9723 0.1452
vn 0.1763 0.9756 0.1307
vn 0.1768 0.9738 0.1431
vn 0.1823 0.9704 0.1586
vn 0.1823 0.9693 0.1649
vn 0.1823 0.9690 0.1670
vn 0.2000 0.9555 0.2170
vn 0.2005 0.9560 0.2141
vn 0.2008 0.9563 0.2124
vn 0.2318 0.9478 0.2189
vn 0.2210 0.9493 0.2235
vn 0.2205 0.9489 0.2260
vn 0.2359 0.9503 0.2030
vn 0.2258 0.9500 0.2158
vn 0.2428 0.9562 0.1634
vn 0.2285 0.9568 0.1798
vn 0.2385 0.9554 0.1742
vn 0.2628 0.9462 0.1888
vn 0.2513 0.9498 0.1867
vn 0.2512 0.9499 0.1862
vn 0.2297 0.9565 0.1797
vn 0.2293 0.9567 0.1795
vn 0.2295 0.9569 0.1781
vn 0.2148 0.9690 0.1217
vn 0.2184 0.9651 0.1445
vn 0.2194 0.9661 0.1360
vn 0.2403 0.9582 0.1553
vn 0.2408 0.9552 0.1721
vn 0.2649 0.9460 0.1867
vn 0.2553 0.9483 0.1885
vn 0.2651 0.9454 0.1898
vn 0.2645 0.9461 0.1871
vn 0.2416 0.9534 0.1805
vn 0.2411 0.9550 0.1730
vn 0.2409 0.9554 0.1708
vn 0.2152 0.9626 0.1644
vn 0.2147 0.9639 0.1575
vn 0.2145 0.9643 0.1555
vn 0.1917 0.9698 0.1507
vn 0.1917 0.9704 0.1470
vn 0.1917 0.9706 0.1457
vn 0.2079 0.9618 0.1780
vn 0.2049 0.9638 0.1708
vn 0.2055 0.9633 0.1729
vn 0.2084 0.9617 0.1778
vn 0.2085 0.9614 0.1797
vn 0.1999 0.9663 0.1624
vn 0.2002 0.9652 0.1684
vn 0.2003 0.9649 0.1700
vn 0.2176 0.9648 0.1474
vn 0.2146 0.9635 0.1601
vn 0.2148 0.9631 0.1619
vn 0.2151 0.9640 0.1561
vn 0.0507 0.9945 0.0912
vn 0.0527 0.9933 0.1028
vn 0.0504 0.9946 0.0909
vn 0.0505 0.9948 0.0882
vn 0.0567 0.9940 0.0938
vn 0.0634 0.9927 0.1030
vn 0.0551 0.9937 0.0974
vn 0.0532 0.9946 0.0891
vn 0.0491 0.9945 0.0927
vn 0.0513 0.9947 0.0895
vn 0.0510 0.9946 0.0902
vn 0.0491 0.9905 0.1284
vn 0.0512 0.9905 0.1278
vn 0.0495 0.9906 0.1278
vn 0.0568 0.9899 0.1301
vn 0.0521 0.9904 0.1279
vn 0.0656 0.9884 0.1367
vn 0.0582 0.9897 0.1305
vn 0.0655 0.9880 0.1401
vn 0.0651 0.9878 0.1412
vn 0.0623 0.9921 0.1084
vn 0.0617 0.9918 0.1115
vn 0.0669 0.9880 0.1389
vn 0.0709 0.9893 0.1276
vn 0.0718 0.9896 0.1250
vn 0.0632 0.9914 0.1148
vn 0.0660 0.9918 0.1097
vn 0.0519 0.9931 0.1047
vn 0.0571 0.9920 0.1129
vn 0.0603 0.9933 0.0985
vn 0.0502 0.9943 0.0936
vn 0.0513 0.9943 0.0934
vn 0.0834 0.9821 0.1688
vn 0.0876 0.9842 0.1541
vn 0.0885 0.9846 0.1506
vn 0.0772 0.9884 0.1307
vn 0.0797 0.9892 0.1229
vn 0.0805 0.9894 0.1205
vn 0.0754 0.9868 0.1431
vn 0.0763 0.9871 0.1407
vn 0.0766 0.9872 0.1398
vn 0.0619 0.9886 0.1372
vn 0.0541 0.9897 0.1323
vn 0.0619 0.9888 0.1356
vn 0.0496 0.9904 0.1294
vn 0.0528 0.9899 0.1313
vn 0.0491 0.9905 0.1288
vn 0.0503 0.9946 0.0906
vn 0.0647 0.9754 0.2110
vn 0.0613 0.9775 0.2016
vn 0.0546 0.9753 0.2139
vn 0.0654 0.9756 0.2098
vn 0.0659 0.9772 0.2019
vn 0.0529 0.9767 0.2079
vn 0.0500 0.9749 0.2169
vn 0.0559 0.9768 0.2069
vn 0.0772 0.9794 0.1868
vn 0.0773 0.9791 0.1879
vn 0.0623 0.9803 0.1872
vn 0.0799 0.9750 0.2074
vn 0.0802 0.9767 0.1993
vn 0.0782 0.9742 0.2116
vn 0.0799 0.9753 0.2060
vn 0.0810 0.9769 0.1980
vn 0.0845 0.9839 0.1574
vn 0.0837 0.9835 0.1601
vn 0.0682 0.9845 0.1615
vn 0.0602 0.9840 0.1677
vn 0.0674 0.9842 0.1637
vn 0.0554 0.9828 0.1761
vn 0.0584 0.9837 0.1701
vn 0.0541 0.9811 0.1860
vn 0.0515 0.9747 0.2175
vn 0.0531 0.9809 0.1873
vn 0.0486 0.9810 0.1878
vn 0.0621 0.9803 0.1873
vn 0.0513 0.9809 0.1874
vn 0.0539 0.9809 0.1870
vn 0.4167 0.8986 0.1373
vn 0.4052 0.9029 0.1434
vn 0.4256 0.8952 0.1325
vn 0.3700 0.9190 0.1363
vn 0.3624 0.9220 0.1365
vn 0.3747 0.9171 0.1361
vn 0.3172 0.9334 0.1680
vn 0.3172 0.9334 0.1679
vn 0.2622 0.9554 0.1355
vn 0.2890 0.9480 0.1335
vn 0.2428 0.9604 0.1369
vn 0.3091 0.9416 0.1339
vn 0.3069 0.9436 0.1243
vn 0.3051 0.9451 0.1171
vn 0.3905 0.9117 0.1279
vn 0.3905 0.9117 0.1278
vn 0.3908 0.9116 0.1273
vn 0.4308 0.8931 0.1295
vn 0.4345 0.8915 0.1280
vn 0.4607 0.8761 0.1419
vn 0.4513 0.8814 0.1395
vn 0.4730 0.8704 0.1366
vn 0.3021 0.9489 0.0910
vn 0.3030 0.9465 0.1109
vn 0.3019 0.9468 0.1113
vn 0.3047 0.9460 0.1103
vn 0.3761 0.9192 0.1163
vn 0.3755 0.9195 0.1165
vn 0.3766 0.9191 0.1161
vn 0.2803 0.9422 0.1834
vn 0.2794 0.9428 0.1820
vn 0.2844 0.9410 0.1835
vn 0.2758 0.9442 0.1803
vn 0.2789 0.9432 0.1803
vn 0.2912 0.9454 0.1464
vn 0.2926 0.9450 0.1463
vn 0.2890 0.9460 0.1467
vn 0.2231 0.9658 0.1322
vn 0.2245 0.9673 0.1181
vn 0.2320 0.9645 0.1258
vn 0.2456 0.9581 0.1474
vn 0.2449 0.9574 0.1530
vn 0.2898 0.9426 0.1660
vn 0.2901 0.9419 0.1694
vn 0.2903 0.9414 0.1720
vn 0.3421 0.9272 0.1526
vn 0.3421 0.9273 0.1520
vn 0.3421 0.9274 0.1511
vn 0.2549 0.9579 0.1324
vn 0.2535 0.9588 0.1285
vn 0.2529 0.9591 0.1268
vn 0.4514 0.8812 0.1408
vn 0.4509 0.8817 0.1392
vn 0.4518 0.8810 0.1401
vn 0.4511 0.8813 0.1406
vn 0.4560 0.8783 0.1435
vn 0.4030 0.9039 0.1431
vn 0.4032 0.9039 0.1426
vn 0.4039 0.9040 0.1403
vn 0.0571 0.9923 0.1096
vn 0.0672 0.9907 0.1182
vn 0.0643 0.9912 0.1156
vn 0.0594 0.9894 0.1324
vn 0.0701 0.9871 0.1438
vn 0.0668 0.9878 0.1404
vn 0.0687 0.9902 0.1214
vn 0.0671 0.9905 0.1198
vn 0.0698 0.9868 0.1458
vn 0.0698 0.9869 0.1454
vn 0.0565 0.9949 0.0838
vn 0.0618 0.9945 0.0842
vn 0.0581 0.9948 0.0833
vn 0.0566 0.9925 0.1085
vn 0.0631 0.9915 0.1139
vn 0.0598 0.9897 0.1303
vn 0.0663 0.9882 0.1382
vn 0.0658 0.9867 0.1485
vn 0.0714 0.9846 0.1598
vn 0.0647 0.9863 0.1519
vn 0.0743 0.9830 0.1681
vn 0.0715 0.9840 0.1632
vn 0.0720 0.9825 0.1719
vn 0.0737 0.9826 0.1704
vn 0.0657 0.9831 0.1709
vn 0.0664 0.9874 0.1438
vn 0.0693 0.9868 0.1462
vn 0.0685 0.9904 0.1198
vn 0.0688 0.9902 0.1218
vn 0.0653 0.9939 0.0894
vn 0.0703 0.9930 0.0954
vn 0.0663 0.9931 0.0964
vn 0.0631 0.9944 0.0848
vn 0.0679 0.9933 0.0933
vn 0.0656 0.9940 0.0873
vn 0.0700 0.9907 0.1165
vn 0.0673 0.9917 0.1094
vn 0.0657 0.9926 0.1024
vn 0.0666 0.9877 0.1417
vn 0.0605 0.9899 0.1283
vn 0.0636 0.9890 0.1339
vn 0.0641 0.9930 0.0987
vn 0.0603 0.9910 0.1198
vn 0.0617 0.9901 0.1257
vn 0.0729 0.9931 0.0922
vn 0.0725 0.9939 0.0832
vn 0.0665 0.9916 0.1113
vn 0.0629 0.9886 0.1367
vn 0.0605 0.9843 0.1658
vn 0.0649 0.9833 0.1698
vn 0.0574 0.9858 0.1578
vn 0.0605 0.9847 0.1636
vn 0.0565 0.9874 0.1477
vn 0.0581 0.9862 0.1549
vn 0.0575 0.9890 0.1363
vn 0.0576 0.9879 0.1442
vn 0.0618 0.9913 0.1163
vn 0.0632 0.9921 0.1087
vn 0.0635 0.9927 0.1025
vn 0.0628 0.9932 0.0976
vn 0.0657 0.9947 0.0786
vn 0.0704 0.9951 0.0687
vn 0.0652 0.9949 0.0775
vn 0.0685 0.9942 0.0826
vn 0.0661 0.9946 0.0796
vn 0.0726 0.9947 0.0723
vn 0.0712 0.9949 0.0717
vn 0.0761 0.9944 0.0738
vn 0.0737 0.9939 0.0822
vn 0.0658 0.9938 0.0893
vn 0.0636 0.9925 0.1047
vn 0.0864 0.9930 0.0802
vn 0.0697 0.9936 0.0884
vn 0.0769 0.9957 0.0516
vn 0.0884 0.9945 0.0569
vn 0.0807 0.9953 0.0538
vn 0.0780 0.9965 0.0287
vn 0.0774 0.9956 0.0519
vn 0.0662 0.9949 0.0757
vn 0.0706 0.9952 0.0674
vn 0.0657 0.9940 0.0873
vn 0.0712 0.9961 0.0516
vn 0.0730 0.9960 0.0509
vn 0.0750 0.9959 0.0502
vn 0.0615 0.9903 0.1250
vn 0.0695 0.9908 0.1162
vn 0.0591 0.9894 0.1323
vn 0.0862 0.9900 0.1114
vn 0.0858 0.9899 0.1129
vn 0.0704 0.9909 0.1144
vn 0.0882 0.9929 0.0794
vn 0.0755 0.9939 0.0804
vn 0.0636 0.9906 0.1210
vn 0.0948 0.9951 0.0263
vn 0.0920 0.9950 0.0393
vn 0.0923 0.9950 0.0379
vn 0.0844 0.9959 0.0318
vn 0.0900 0.9952 0.0379
vn 0.0905 0.9943 0.0569
vn 0.0913 0.9942 0.0560
vn 0.0855 0.9960 0.0255
vn 0.0773 0.9958 0.0487
vn 0.0837 0.9959 0.0336
vn 0.1230 0.9905 0.0623
vn 0.1335 0.9890 0.0642
vn 0.1239 0.9903 0.0623
vn 0.1258 0.9886 0.0824
vn 0.1259 0.9886 0.0822
vn 0.1261 0.9886 0.0819
vn 0.1426 0.9874 0.0688
vn 0.1317 0.9892 0.0644
vn 0.1402 0.9866 0.0840
vn 0.1501 0.9848 0.0872
vn 0.1412 0.9864 0.0847
vn 0.1068 0.9933 0.0453
vn 0.1177 0.9921 0.0443
vn 0.1079 0.9932 0.0441
vn 0.1076 0.9923 0.0615
vn 0.1081 0.9923 0.0608
vn 0.1085 0.9923 0.0601
vn 0.1075 0.9908 0.0818
vn 0.1080 0.9909 0.0809
vn 0.1086 0.9909 0.0800
vn 0.1067 0.9880 0.1117
vn 0.1075 0.9881 0.1102
vn 0.1083 0.9881 0.1088
vn 0.1276 0.9857 0.1105
vn 0.1281 0.9857 0.1094
vn 0.1287 0.9858 0.1084
vn 0.1455 0.9832 0.1102
vn 0.1457 0.9832 0.1098
vn 0.1459 0.9832 0.1094
vn 0.1606 0.9807 0.1118
vn 0.1604 0.9806 0.1125
vn 0.1604 0.9806 0.1129
vn 0.1598 0.9829 0.0914
vn 0.1525 0.9843 0.0886
vn 0.1516 0.9857 0.0731
vn 0.1502 0.9866 0.0643
vn 0.1287 0.9904 0.0511
vn 0.1181 0.9920 0.0456
vn 0.1267 0.9908 0.0480
vn 0.1645 0.9842 0.0649
vn 0.1674 0.9832 0.0735
vn 0.1663 0.9836 0.0698
vn 0.1755 0.9798 0.0955
vn 0.1891 0.9798 0.0657
vn 0.1914 0.9787 0.0743
vn 0.1911 0.9789 0.0717
vn 0.1984 0.9749 0.1013
vn 0.1986 0.9749 0.1002
vn 0.1987 0.9750 0.0996
vn 0.1472 0.9873 0.0597
vn 0.1529 0.9855 0.0734
vn 0.1529 0.9855 0.0735
vn 0.1612 0.9826 0.0923
vn 0.1612 0.9826 0.0928
vn 0.1744 0.9778 0.1160
vn 0.1742 0.9776 0.1185
vn 0.1741 0.9774 0.1195
vn 0.1920 0.9735 0.1241
vn 0.1920 0.9730 0.1278
vn 0.1919 0.9729 0.1291
vn 0.2164 0.9667 0.1368
vn 0.2162 0.9663 0.1400
vn 0.2161 0.9661 0.1414
vn 0.2446 0.9577 0.1518
vn 0.2449 0.9577 0.1513
vn 0.2452 0.9577 0.1506
vn 0.2370 0.9647 0.1147
vn 0.2374 0.9647 0.1141
vn 0.2384 0.9646 0.1129
vn 0.2336 0.9686 0.0851
vn 0.2341 0.9685 0.0844
vn 0.2354 0.9684 0.0827
vn 0.2326 0.9701 0.0698
vn 0.1147 0.9930 0.0271
vn 0.0992 0.9949 0.0207
vn 0.1187 0.9923 0.0352
vn 0.0991 0.9948 0.0250
vn 0.1007 0.9944 0.0307
vn 0.0775 0.9968 0.0197
vn 0.0861 0.9962 0.0132
vn 0.0852 0.9962 0.0201
vn 0.0935 0.9954 0.0214
vn 0.0830 0.9965 0.0066
vn 0.0814 0.9966 0.0083
vn 0.0915 0.9956 0.0222
vn 0.1044 0.9942 0.0261
vn 0.1276 0.9907 0.0468
vn 0.1099 0.9934 0.0318
vn 0.1140 0.9930 0.0311
vn 0.1182 0.9923 0.0384
vn 0.1155 0.9927 0.0357
vn 0.0939 0.9952 0.0262
vn 0.0950 0.9952 0.0251
vn 0.1168 0.9926 0.0340
vn 0.1217 0.9917 0.0409
vn 0.0791 0.9967 0.0155
vn 0.1072 0.9938 0.0303
vn 0.1004 0.9945 0.0294
vn 0.1164 0.9926 0.0357
vn 0.0951 0.9941 0.0520
vn 0.0963 0.9934 0.0623
vn 0.0950 0.9941 0.0526
vn 0.0953 0.9941 0.0522
vn 0.0976 0.9927 0.0703
vn 0.0827 0.9952 0.0518
vn 0.0792 0.9951 0.0594
vn 0.0853 0.9953 0.0452
vn 0.0831 0.9952 0.0519
vn 0.0804 0.9942 0.0709
vn 0.1102 0.9932 0.0376
vn 0.1123 0.9923 0.0527
vn 0.1112 0.9929 0.0428
vn 0.1111 0.9928 0.0455
vn 0.1136 0.9916 0.0615
vn 0.1125 0.9922 0.0541
vn 0.1150 0.9911 0.0671
vn 0.1142 0.9916 0.0610
vn 0.1154 0.9910 0.0684
vn 0.0968 0.9934 0.0610
vn 0.0930 0.9935 0.0660
vn 0.0843 0.9945 0.0627
vn 0.0817 0.9935 0.0790
vn 0.0702 0.9960 0.0560
vn 0.0775 0.9962 0.0407
vn 0.0804 0.9963 0.0294
vn 0.0929 0.9951 0.0326
vn 0.0938 0.9947 0.0410
vn 0.0939 0.9948 0.0400
vn 0.1010 0.9946 0.0246
vn 0.0955 0.9952 0.0219
vn 0.1007 0.9946 0.0250
vn 0.1016 0.9945 0.0243
vn 0.0953 0.9953 0.0169
vn 0.0866 0.9960 0.0226
vn 0.0866 0.9957 0.0329
vn 0.0865 0.9961 0.0169
vn 0.1169 0.9922 0.0438
vn 0.1151 0.9930 0.0255
vn 0.1160 0.9926 0.0352
vn 0.1159 0.9927 0.0327
vn 0.1152 0.9931 0.0196
vn 0.1157 0.9930 0.0242
vn 0.1152 0.9932 0.0162
vn 0.1150 0.9932 0.0175
vn 0.1145 0.9934 0.0099
vn 0.1006 0.9948 0.0169
vn 0.0950 0.9954 0.0120
vn 0.0864 0.9962 0.0118
vn 0.0904 0.9952 0.0383
vn 0.1013 0.9943 0.0344
vn 0.1018 0.9937 0.0468
vn 0.0908 0.9951 0.0380
vn 0.0939 0.9953 0.0253
vn 0.0869 0.9960 0.0224
vn 0.0929 0.9954 0.0228
vn 0.0931 0.9953 0.0253
vn 0.0930 0.9952 0.0301
vn 0.0767 0.9969 0.0184
vn 0.0775 0.9969 0.0158
vn 0.0765 0.9968 0.0240
vn 0.1120 0.9933 0.0294
vn 0.1129 0.9931 0.0328
vn 0.1106 0.9934 0.0302
vn 0.1105 0.9934 0.0323
vn 0.1105 0.9933 0.0344
vn 0.1103 0.9934 0.0330
vn 0.0926 0.9953 0.0300
vn 0.0801 0.9965 0.0228
vn 0.1000 0.9926 0.0685
vn 0.1012 0.9928 0.0640
vn 0.0936 0.9929 0.0731
vn 0.1012 0.9927 0.0653
vn 0.1014 0.9935 0.0516
vn 0.0851 0.9930 0.0822
vn 0.0832 0.9932 0.0813
vn 0.0884 0.9935 0.0720
vn 0.0896 0.9944 0.0557
vn 0.1159 0.9911 0.0651
vn 0.1167 0.9910 0.0656
vn 0.1166 0.9911 0.0644
vn 0.1171 0.9914 0.0584
vn 0.1174 0.9912 0.0609
vn 0.1169 0.9920 0.0476
vn 0.1176 0.9916 0.0537
vn 0.1018 0.9931 0.0579
vn 0.0898 0.9939 0.0643
vn 0.0832 0.9947 0.0603
vn 0.0798 0.9948 0.0639
vn 0.0988 0.9928 0.0680
vn 0.1071 0.9942 0.0087
vn 0.0949 0.9955 0.0064
vn 0.0949 0.9955 0.0080
vn 0.1071 0.9942 0.0001
vn 0.0948 0.9955 0.0036
vn 0.0864 0.9962 0.0063
vn 0.0864 0.9962 0.0079
vn 0.0864 0.9963 0.0036
vn 0.1150 0.9932 0.0159
vn 0.1140 0.9934 0.0093
vn 0.1135 0.9935 0.0061
vn 0.0999 0.9950 0.0030
vn 0.1135 0.9935 0.0023
vn 0.1135 0.9935 -0.0000
vn 0.0948 0.9955 -0.0000
vn 0.0864 0.9963 -0.0000
vn 0.0807 0.9967 -0.0000
vn 0.1004 0.9948 0.0154
vn 0.4858 0.8702 -0.0821
vn 0.4832 0.8712 -0.0868
vn 0.4919 0.8678 -0.0713
vn 0.4711 0.8781 -0.0837
vn 0.4717 0.8786 -0.0747
vn 0.4718 0.8785 -0.0745
vn 0.3627 0.9287 -0.0771
vn 0.3673 0.9261 -0.0861
vn 0.3631 0.9285 -0.0780
vn 0.3432 0.9356 -0.0824
vn 0.3201 0.9441 -0.0791
vn 0.2991 0.9512 -0.0762
vn 0.3666 0.9277 -0.0708
vn 0.3692 0.9269 -0.0676
vn 0.3583 0.9301 -0.0808
vn 0.4938 0.8673 -0.0622
vn 0.4927 0.8678 -0.0649
vn 0.4954 0.8667 -0.0584
vn 0.4615 0.8825 -0.0909
vn 0.4715 0.8786 -0.0755
vn 0.2820 0.9558 -0.0836
vn 0.2792 0.9572 -0.0760
vn 0.2810 0.9563 -0.0805
vn 0.2744 0.9578 -0.0852
vn 0.2820 0.9558 -0.0831
vn 0.3638 0.9276 -0.0853
vn 0.3662 0.9265 -0.0868
vn 0.2525 0.9645 -0.0775
vn 0.2463 0.9662 -0.0767
vn 0.2402 0.9678 -0.0758
vn 0.2706 0.9611 -0.0550
vn 0.2648 0.9628 -0.0535
vn 0.2550 0.9648 -0.0647
vn 0.2857 0.9529 -0.1022
vn 0.2599 0.9621 -0.0828
vn 0.2777 0.9598 -0.0399
vn 0.2767 0.9599 -0.0458
vn 0.2775 0.9595 -0.0479
vn 0.3765 0.9248 -0.0550
vn 0.3772 0.9246 -0.0526
vn 0.3758 0.9249 -0.0572
vn 0.2685 0.9620 -0.0497
vn 0.4831 0.8752 -0.0246
vn 0.4801 0.8767 -0.0306
vn 0.4872 0.8731 -0.0164
vn 0.4752 0.8798 -0.0143
vn 0.4768 0.8790 -0.0076
vn 0.4736 0.8805 -0.0206
vn 0.3558 0.9344 -0.0172
vn 0.3561 0.9339 -0.0307
vn 0.3555 0.9346 -0.0061
vn 0.3226 0.9464 -0.0189
vn 0.3100 0.9505 -0.0186
vn 0.2817 0.9593 -0.0181
vn 0.3517 0.9360 -0.0146
vn 0.3553 0.9347 -0.0112
vn 0.3417 0.9395 -0.0240
vn 0.4882 0.8727 -0.0084
vn 0.4876 0.8730 -0.0095
vn 0.4889 0.8723 -0.0070
vn 0.4894 0.8713 -0.0369
vn 0.4893 0.8713 -0.0375
vn 0.4896 0.8712 -0.0364
vn 0.2717 0.9619 -0.0312
vn 0.2788 0.9594 -0.0425
vn 0.2552 0.9665 -0.0288
vn 0.2771 0.9600 -0.0413
vn 0.3723 0.9273 -0.0383
vn 0.3722 0.9273 -0.0391
vn 0.3724 0.9273 -0.0377
vn 0.2342 0.9720 -0.0179
vn 0.2312 0.9728 -0.0179
vn 0.2235 0.9745 -0.0177
vn 0.2604 0.9655 -0.0066
vn 0.2525 0.9676 -0.0044
vn 0.2403 0.9706 -0.0124
vn 0.2635 0.9640 -0.0352
vn 0.2430 0.9697 -0.0237
vn 0.2672 0.9636 -0.0002
vn 0.2686 0.9632 -0.0024
vn 0.3661 0.9306 -0.0034
vn 0.3643 0.9313 -0.0060
vn 0.2575 0.9663 -0.0016
vn 0.0808 0.9967 0.0092
vn 0.0718 0.9974 0.0072
vn 0.0771 0.9970 0.0056
vn 0.0736 0.9972 0.0093
vn 0.0644 0.9979 0.0072
vn 0.0498 0.9736 -0.2226
vn 0.0558 0.9722 -0.2275
vn 0.0515 0.9735 -0.2229
vn 0.0528 0.9726 -0.2262
vn 0.0634 0.9709 -0.2309
vn 0.0585 0.9717 -0.2291
vn 0.0537 0.9731 -0.2240
vn 0.0670 0.9705 -0.2317
vn 0.0485 0.9810 -0.1880
vn 0.0511 0.9805 -0.1896
vn 0.0486 0.9810 -0.1878
vn 0.0490 0.9808 -0.1885
vn 0.0573 0.9796 -0.1928
vn 0.0520 0.9803 -0.1903
vn 0.0670 0.9780 -0.1977
vn 0.0588 0.9793 -0.1936
vn 0.0678 0.9777 -0.1988
vn 0.0595 0.9714 -0.2298
vn 0.0777 0.9684 -0.2371
vn 0.0781 0.9698 -0.2311
vn 0.0598 0.9773 -0.2030
vn 0.0742 0.9758 -0.2055
vn 0.0656 0.9765 -0.2055
vn 0.0555 0.9788 -0.1971
vn 0.0592 0.9777 -0.2017
vn 0.0537 0.9806 -0.1887
vn 0.0556 0.9792 -0.1950
vn 0.0542 0.9823 -0.1791
vn 0.0541 0.9811 -0.1860
vn 0.0505 0.9747 -0.2177
vn 0.0515 0.9747 -0.2175
vn 0.0498 0.9746 -0.2185
vn 0.2377 0.8802 -0.4109
vn 0.2272 0.8799 -0.4174
vn 0.2319 0.8788 -0.4170
vn 0.2721 0.8873 -0.3724
vn 0.2685 0.8628 -0.4284
vn 0.2690 0.8661 -0.4212
vn 0.2097 0.9311 -0.2985
vn 0.2102 0.9311 -0.2982
vn 0.2063 0.9314 -0.3000
vn 0.2361 0.9205 -0.3114
vn 0.2390 0.9212 -0.3070
vn 0.2338 0.9198 -0.3151
vn 0.1928 0.9134 -0.3585
vn 0.1945 0.9114 -0.3627
vn 0.1958 0.9121 -0.3601
vn 0.2840 0.9236 -0.2576
vn 0.2830 0.9198 -0.2718
vn 0.2846 0.9258 -0.2487
vn 0.3090 0.8816 -0.3568
vn 0.3073 0.8818 -0.3578
vn 0.3099 0.8830 -0.3525
vn 0.2592 0.9220 -0.2876
vn 0.2560 0.9183 -0.3019
vn 0.2610 0.9239 -0.2799
vn 0.1481 0.9730 -0.1772
vn 0.1517 0.9697 -0.1917
vn 0.1540 0.9732 -0.1707
vn 0.1213 0.9757 -0.1824
vn 0.1239 0.9720 -0.1997
vn 0.1292 0.9754 -0.1789
vn 0.1527 0.9724 -0.1763
vn 0.1545 0.9734 -0.1694
vn 0.1269 0.9745 -0.1848
vn 0.1299 0.9757 -0.1766
vn 0.1750 0.9697 -0.1704
vn 0.1797 0.9665 -0.1832
vn 0.1757 0.9695 -0.1711
vn 0.1473 0.9730 -0.1776
vn 0.1511 0.9700 -0.1905
vn 0.1207 0.9757 -0.1829
vn 0.1236 0.9723 -0.1986
vn 0.0969 0.9778 -0.1857
vn 0.0963 0.9775 -0.1874
vn 0.0971 0.9779 -0.1851
vn 0.1008 0.9743 -0.2016
vn 0.1018 0.9756 -0.1943
vn 0.1015 0.9745 -0.2001
vn 0.1023 0.9759 -0.1926
vn 0.1053 0.9770 -0.1856
vn 0.1066 0.9825 -0.1527
vn 0.1050 0.9822 -0.1560
vn 0.1077 0.9827 -0.1505
vn 0.1297 0.9805 -0.1473
vn 0.1283 0.9802 -0.1507
vn 0.1307 0.9808 -0.1451
vn 0.1513 0.9781 -0.1431
vn 0.1505 0.9778 -0.1457
vn 0.1518 0.9782 -0.1416
vn 0.1712 0.9748 -0.1432
vn 0.1712 0.9747 -0.1436
vn 0.1713 0.9748 -0.1431
vn 0.1805 0.9674 -0.1778
vn 0.1787 0.9690 -0.1706
vn 0.1791 0.9695 -0.1676
vn 0.1789 0.9685 -0.1729
vn 0.4341 0.8957 -0.0965
vn 0.4445 0.8905 -0.0967
vn 0.4571 0.8844 -0.0944
vn 0.4354 0.8952 -0.0953
vn 0.4382 0.8933 -0.1001
vn 0.3555 0.9307 -0.0859
vn 0.3562 0.9305 -0.0848
vn 0.3605 0.9295 -0.0782
vn 0.3218 0.9443 -0.0697
vn 0.3239 0.9426 -0.0810
vn 0.3184 0.9465 -0.0523
vn 0.3511 0.9323 -0.0871
vn 0.3473 0.9341 -0.0828
vn 0.3581 0.9293 -0.0904
vn 0.4671 0.8797 -0.0889
vn 0.4347 0.8936 -0.1120
vn 0.4365 0.8928 -0.1109
vn 0.4384 0.8920 -0.1099
vn 0.2862 0.9554 -0.0731
vn 0.3008 0.9495 -0.0893
vn 0.2966 0.9515 -0.0813
vn 0.2842 0.9560 -0.0728
vn 0.2925 0.9529 -0.0802
vn 0.3707 0.9234 -0.0993
vn 0.3715 0.9232 -0.0987
vn 0.3725 0.9228 -0.0980
vn 0.2458 0.9676 -0.0583
vn 0.2410 0.9688 -0.0577
vn 0.2325 0.9710 -0.0563
vn 0.2617 0.9634 -0.0582
vn 0.2596 0.9639 -0.0587
vn 0.2681 0.9611 -0.0659
vn 0.2683 0.9606 -0.0730
vn 0.2679 0.9617 -0.0585
vn 0.2743 0.9592 -0.0689
vn 0.2770 0.9579 -0.0761
vn 0.2718 0.9599 -0.0694
vn 0.2673 0.9609 -0.0727
vn 0.0429 0.9960 -0.0788
vn 0.0484 0.9955 -0.0809
vn 0.0486 0.9957 -0.0790
vn 0.0428 0.9944 -0.0967
vn 0.0493 0.9938 -0.0996
vn 0.0486 0.9941 -0.0971
vn 0.0465 0.9930 -0.1085
vn 0.0497 0.9928 -0.1092
vn 0.0500 0.9928 -0.1088
vn 0.0469 0.9929 -0.1091
vn 0.0473 0.9936 -0.1026
vn 0.0497 0.9928 -0.1093
vn 0.0481 0.9926 -0.1113
vn 0.0481 0.9924 -0.1131
vn 0.0489 0.9934 -0.1039
vn -0.0365 0.9989 0.0289
vn -0.0208 0.9997 0.0082
vn -0.0442 0.9983 0.0391
vn -0.2752 -0.9585 0.0745
vn -0.5184 -0.8511 0.0827
vn -0.2679 -0.9608 0.0711
vn -0.4684 -0.8825 0.0427
vn -0.4941 -0.8683 0.0432
vn -0.4703 -0.8815 0.0417
vn -0.0072 0.9999 0.0081
vn -0.0188 0.9998 0.0011
vn -0.0353 0.9994 0.0006
vn 0.0197 0.9998 0.0045
vn 0.0196 0.9998 0.0040
vn 0.0161 0.9998 -0.0108
vn 0.0101 0.9999 -0.0092
vn 0.0184 0.9998 -0.0096
vn 0.0358 0.9994 -0.0032
vn -0.3198 0.9360 0.1470
vn -0.1115 0.9936 0.0198
vn -0.3404 0.9266 0.1598
vn 0.0356 0.9994 -0.0034
vn 0.0546 0.9985 -0.0031
vn -0.1547 -0.9868 0.0489
vn -0.1649 -0.9852 0.0477
vn -0.1518 -0.9872 0.0493
vn -0.1676 -0.9856 0.0224
vn -0.1831 -0.9829 0.0203
vn -0.1633 -0.9863 0.0232
vn -0.2081 -0.9753 0.0744
vn -0.2017 -0.9766 0.0741
vn -0.2498 -0.9683 -0.0026
vn -0.2261 -0.9741 0.0061
vn -0.2573 -0.9663 -0.0050
vn -0.5339 -0.8447 0.0369
vn -0.5377 -0.8423 0.0367
vn -0.2084 -0.9780 0.0020
vn -0.1902 -0.9817 0.0059
vn 0.0525 0.9986 -0.0049
vn 0.0405 0.9991 -0.0155
vn 0.0375 0.9991 -0.0193
vn 0.0568 0.9984 -0.0073
vn 0.0412 0.9991 -0.0136
vn -0.0490 0.9988 -0.0039
vn -0.0564 0.9984 -0.0063
vn 0.0544 0.9985 -0.0014
vn 0.0592 0.9982 0.0040
vn 0.0554 0.9985 0.0016
vn 0.0513 0.9987 0.0018
vn -0.2962 -0.9323 0.2078
vn -0.3091 -0.9261 0.2165
vn -0.3105 -0.9254 0.2174
vn -0.1660 -0.9749 0.1483
vn -0.1613 -0.9758 0.1476
vn -0.1673 -0.9747 0.1485
vn -0.3231 -0.9229 0.2094
vn -0.5297 -0.8023 0.2751
vn -0.3141 -0.9267 0.2064
vn -0.1669 -0.9778 0.1267
vn -0.1736 -0.9765 0.1274
vn -0.1655 -0.9781 0.1265
vn -0.1010 0.9944 -0.0295
vn -0.1206 0.9924 -0.0251
vn -0.1232 0.9921 -0.0245
vn -0.3467 -0.9033 0.2525
vn -0.2937 -0.9309 0.2172
vn -0.1786 -0.9689 0.1711
vn -0.1634 -0.9721 0.1684
vn -0.1839 -0.9678 0.1721
vn -0.1512 -0.9746 0.1650
vn -0.1409 -0.9764 0.1636
vn -0.1557 -0.9738 0.1657
vn -0.1434 -0.9797 0.1403
vn -0.1383 -0.9805 0.1399
vn -0.1453 -0.9794 0.1404
vn -0.1424 -0.9831 0.1149
vn -0.1420 -0.9832 0.1149
vn -0.1426 -0.9831 0.1149
vn -0.1467 -0.9856 0.0845
vn -0.1516 -0.9848 0.0843
vn -0.1453 -0.9858 0.0846
vn -0.1802 -0.9783 0.1021
vn -0.2047 -0.9733 0.1039
vn -0.1763 -0.9791 0.1018
vn -0.5638 -0.7688 0.3018
vn -0.5045 0.8495 0.1546
vn -0.5449 -0.7850 0.2948
vn -0.0386 0.9992 -0.0116
vn -0.0125 0.9998 -0.0173
vn -0.0054 0.9998 -0.0188
vn -0.0980 0.9952 -0.0019
vn -0.0579 0.9982 -0.0149
vn -0.0522 0.9985 -0.0167
vn -0.1257 0.9921 -0.0044
vn -0.1089 0.9940 -0.0105
vn -0.2734 0.9619 -0.0085
vn -0.2633 0.9644 -0.0232
vn -0.2877 0.9576 0.0124
vn -0.6962 -0.7168 0.0377
vn -0.7475 -0.6641 0.0114
vn -0.6847 -0.7276 0.0433
vn -0.6892 -0.7246 0.0006
vn -0.7387 -0.6738 -0.0179
vn -0.6776 -0.7354 0.0047
vn -0.2499 0.9682 0.0109
vn -0.2974 0.9546 -0.0176
vn -0.3209 0.9466 -0.0318
vn -0.1241 0.9923 0.0004
vn -0.1306 0.9912 -0.0230
vn -0.1452 0.9864 -0.0765
vn -0.0170 0.9985 -0.0512
vn -0.0162 0.9993 -0.0349
vn -0.0183 0.9986 -0.0493
vn -0.3235 0.9455 -0.0375
vn -0.3270 0.9444 -0.0353
vn -0.3216 0.9461 -0.0388
vn -0.0200 0.9988 -0.0456
vn -0.0165 0.9993 -0.0344
vn -0.4112 -0.9115 0.0115
vn -0.4159 -0.9094 0.0072
vn -0.3978 -0.9174 0.0127
vn -0.4260 -0.9047 0.0058
vn -0.4354 -0.9003 -0.0001
vn -0.6549 -0.7552 0.0278
vn -0.6654 -0.7463 0.0143
vn -0.6594 -0.7515 0.0188
vn -0.4364 -0.8997 -0.0007
vn -0.6768 -0.7362 0.0014
vn -0.4382 -0.8989 -0.0007
vn -0.4304 -0.9026 0.0027
vn -0.0182 0.9998 -0.0004
vn -0.0125 0.9999 0.0040
vn -0.0145 0.9999 0.0053
vn -0.3363 0.9417 0.0079
vn 0.0289 0.9995 -0.0113
vn 0.0277 0.9996 -0.0112
vn 0.0369 0.9993 -0.0113
vn 0.0072 0.9996 -0.0282
vn -0.0050 0.9993 -0.0364
vn 0.0166 0.9996 -0.0218
vn 0.0029 1.0000 0.0071
vn 0.0084 1.0000 0.0035
vn 0.0195 0.9998 -0.0039
vn -0.0831 0.9955 -0.0460
vn -0.0785 0.9956 -0.0510
vn -0.0884 0.9953 -0.0402
vn -0.6497 -0.7566 0.0743
vn -0.7563 -0.6528 0.0434
vn -0.6366 -0.7673 0.0777
vn -0.6685 -0.7431 0.0311
vn -0.7380 -0.6748 0.0048
vn -0.6568 -0.7533 0.0352
vn -0.1798 0.9824 -0.0500
vn -0.2137 0.9736 -0.0803
vn -0.2580 0.9586 -0.1204
vn -0.0505 0.9950 -0.0867
vn -0.0548 0.9947 -0.0868
vn 0.0030 0.9963 -0.0855
vn 0.0349 0.9987 -0.0376
vn 0.0354 0.9986 -0.0385
vn 0.0366 0.9985 -0.0405
vn -0.0659 0.9975 -0.0273
vn -0.0743 0.9970 -0.0226
vn -0.0614 0.9977 -0.0298
vn 0.0314 0.9975 -0.0635
vn 0.0304 0.9974 -0.0646
vn 0.0326 0.9975 -0.0622
vn -0.2755 -0.9612 0.0143
vn -0.2981 -0.9545 0.0048
vn -0.2664 -0.9637 0.0181
vn -0.3255 -0.9453 0.0216
vn -0.3422 -0.9395 0.0128
vn -0.3163 -0.9483 0.0265
vn -0.5499 -0.8339 0.0459
vn -0.5998 -0.7993 0.0373
vn -0.5452 -0.8370 0.0467
vn -0.3907 -0.9204 0.0180
vn -0.6555 -0.7546 0.0287
vn -0.3741 -0.9273 0.0150
vn -0.3639 -0.9312 0.0212
vn -0.3811 -0.9245 0.0107
vn -0.0164 0.9985 -0.0531
vn 0.0040 0.9969 -0.0791
vn -0.0046 0.9978 -0.0667
vn -0.0100 0.9982 -0.0591
vn -0.3036 0.9522 -0.0321
vn -0.2790 0.9592 -0.0449
vn -0.3162 0.9484 -0.0256
vn 0.0410 0.9932 -0.1089
vn 0.0407 0.9932 -0.1089
vn 0.0480 0.9929 -0.1086
vn 0.0347 0.9950 -0.0942
vn 0.0275 0.9946 -0.1006
vn 0.0402 0.9952 -0.0894
vn 0.0149 0.9963 -0.0851
vn 0.0261 0.9951 -0.0957
vn 0.0332 0.9942 -0.1024
vn -0.2486 -0.9417 0.2268
vn -0.3269 -0.8859 0.3291
vn -0.3437 -0.8709 0.3513
vn -0.9276 -0.1953 0.3184
vn -0.5123 0.8388 0.1844
vn -0.4805 0.8597 0.1736
vn -0.8844 -0.3595 0.2975
vn -0.5463 0.7658 0.3392
vn -0.4571 0.8322 0.3139
vn -0.1456 0.9812 -0.1264
vn -0.1267 0.9859 -0.1089
vn -0.1057 0.9904 -0.0894
vn -0.1504 -0.9696 0.1929
vn -0.1712 -0.9651 0.1983
vn -0.1427 -0.9712 0.1908
vn -0.1859 -0.9645 0.1875
vn -0.2084 -0.9541 0.2152
vn -0.2155 -0.9505 0.2239
vn -0.3832 -0.8888 0.2515
vn -0.6024 -0.6947 0.3930
vn -0.6150 -0.6789 0.4011
vn -0.0833 0.9947 -0.0604
vn -0.0648 0.9961 -0.0602
vn -0.0602 0.9964 -0.0602
vn -0.0387 0.9941 -0.1011
vn -0.0336 0.9946 -0.0983
vn -0.0278 0.9951 -0.0951
vn -0.0049 0.9893 -0.1459
vn -0.0056 0.9891 -0.1472
vn -0.0016 0.9901 -0.1401
vn 0.0174 0.9804 -0.1964
vn 0.0173 0.9804 -0.1964
vn 0.0170 0.9804 -0.1963
vn -0.0085 0.9774 -0.2114
vn -0.0090 0.9774 -0.2113
vn -0.0216 0.9775 -0.2100
vn -0.0354 0.9807 -0.1922
vn -0.0098 0.9799 -0.1993
vn -0.0418 0.9834 -0.1767
vn -0.2856 -0.8971 0.3370
vn -0.4115 -0.6164 0.6713
vn -0.4252 -0.5526 0.7168
vn -0.1801 -0.9558 0.2322
vn -0.2076 -0.9336 0.2920
vn -0.2163 -0.9254 0.3111
vn 0.0319 0.9953 -0.0912
vn 0.0326 0.9953 -0.0909
vn 0.0355 0.9953 -0.0898
vn 0.0306 0.9971 -0.0700
vn 0.0311 0.9971 -0.0699
vn 0.0323 0.9970 -0.0698
vn 0.0422 0.9936 -0.1046
vn 0.0416 0.9936 -0.1050
vn 0.0457 0.9937 -0.1025
vn 0.0379 0.9959 -0.0823
vn 0.0386 0.9959 -0.0822
vn 0.0416 0.9958 -0.0815
vn 0.0138 0.9958 -0.0907
vn 0.0158 0.9958 -0.0901
vn 0.0183 0.9958 -0.0894
vn 0.0094 0.9972 -0.0739
vn 0.0107 0.9972 -0.0738
vn 0.0117 0.9972 -0.0737
vn 0.0141 0.9983 -0.0562
vn 0.0124 0.9983 -0.0561
vn 0.0110 0.9984 -0.0561
vn 0.0265 0.9989 -0.0381
vn 0.0333 0.9985 -0.0442
vn 0.0202 0.9991 -0.0380
vn 0.0285 0.9988 -0.0392
vn 0.0399 0.9979 -0.0519
vn 0.0364 0.9983 -0.0465
vn 0.0408 0.9977 -0.0534
vn 0.0421 0.9968 -0.0686
vn 0.0449 0.9966 -0.0690
vn 0.0480 0.9964 -0.0694
vn 0.0460 0.9943 -0.0966
vn 0.0458 0.9943 -0.0967
vn 0.0489 0.9942 -0.0953
vn 0.0505 0.9917 -0.1180
vn 0.0493 0.9917 -0.1190
vn 0.0533 0.9918 -0.1157
vn 0.0570 0.9893 -0.1339
vn 0.0549 0.9891 -0.1363
vn 0.0596 0.9896 -0.1309
vn 0.0489 0.9916 -0.1200
vn 0.0472 0.9915 -0.1216
vn 0.0518 0.9918 -0.1172
vn 0.0379 0.9935 -0.1070
vn 0.0376 0.9935 -0.1072
vn 0.0413 0.9936 -0.1047
vn 0.0674 0.9977 -0.0072
vn 0.0638 0.9979 -0.0099
vn 0.0667 0.9977 -0.0127
vn 0.0613 0.9981 -0.0009
vn 0.0649 0.9979 -0.0036
vn 0.0688 0.9973 -0.0239
vn 0.0664 0.9976 -0.0216
vn 0.0599 0.9981 -0.0110
vn 0.0725 0.9973 -0.0097
vn 0.0712 0.9974 -0.0113
vn 0.0686 0.9976 -0.0045
vn 0.0623 0.9981 0.0007
vn 0.0657 0.9978 -0.0008
vn 0.0603 0.9982 -0.0070
vn 0.0607 0.9978 -0.0263
vn 0.0562 0.9982 -0.0214
vn 0.0553 0.9982 -0.0239
vn 0.0616 0.9977 -0.0267
vn 0.0666 0.9974 -0.0270
vn 0.0703 0.9973 -0.0225
vn 0.0691 0.9969 -0.0387
vn 0.0704 0.9974 -0.0153
vn 0.0670 0.9920 -0.1074
vn 0.0727 0.9925 -0.0981
vn 0.0717 0.9922 -0.1016
vn 0.0569 0.9932 -0.1012
vn 0.0668 0.9924 -0.1033
vn 0.0733 0.9929 -0.0937
vn 0.0628 0.9929 -0.1006
vn 0.0704 0.9926 -0.0991
vn 0.0726 0.9929 -0.0940
vn 0.0757 0.9930 -0.0912
vn 0.0746 0.9935 -0.0864
vn 0.0683 0.9930 -0.0966
vn 0.0558 0.9926 -0.1077
vn 0.0542 0.9928 -0.1071
vn 0.0528 0.9942 -0.0942
vn 0.0494 0.9942 -0.0952
vn 0.0485 0.9951 -0.0865
vn 0.0483 0.9945 -0.0929
vn 0.0414 0.9971 -0.0646
vn 0.0434 0.9964 -0.0733
vn 0.0439 0.9962 -0.0753
vn 0.0614 0.9953 -0.0747
vn 0.0709 0.9946 -0.0764
vn 0.0666 0.9947 -0.0777
vn 0.0737 0.9946 -0.0727
vn 0.0736 0.9946 -0.0729
vn 0.0797 0.9947 -0.0647
vn 0.0798 0.9948 -0.0639
vn 0.0780 0.9936 -0.0823
vn 0.0765 0.9929 -0.0916
vn 0.0706 0.9975 -0.0044
vn 0.0760 0.9971 -0.0060
vn 0.0765 0.9970 -0.0074
vn 0.0540 0.9985 0.0042
vn 0.0691 0.9976 -0.0038
vn 0.0756 0.9971 -0.0034
vn 0.0638 0.9980 0.0006
vn 0.0680 0.9977 -0.0022
vn 0.0808 0.9967 -0.0119
vn 0.0807 0.9967 -0.0080
vn 0.0684 0.9977 -0.0027
vn 0.0768 0.9970 -0.0123
vn 0.0633 0.9980 -0.0001
vn 0.0529 0.9986 0.0053
vn 0.0515 0.9987 0.0063
vn 0.0471 0.9989 -0.0014
vn 0.0462 0.9989 0.0075
vn 0.0442 0.9990 0.0004
vn 0.0422 0.9991 -0.0000
vn 0.0807 0.9967 -0.0036
vn 0.0807 0.9967 -0.0063
vn 0.0655 0.9819 -0.1777
vn 0.0679 0.9829 -0.1713
vn 0.0647 0.9816 -0.1798
vn 0.0545 0.9850 -0.1638
vn 0.0563 0.9856 -0.1597
vn 0.0538 0.9847 -0.1656
vn 0.0597 0.9861 -0.1548
vn 0.0626 0.9869 -0.1488
vn 0.0582 0.9858 -0.1578
vn 0.0492 0.9891 -0.1389
vn 0.0512 0.9895 -0.1354
vn 0.0478 0.9888 -0.1414
vn 0.0868 0.9720 -0.2183
vn 0.0712 0.9766 -0.2031
vn 0.0836 0.9745 -0.2083
vn 0.0788 0.9747 -0.2094
vn 0.0596 0.9789 -0.1953
vn 0.0689 0.9771 -0.2012
vn 0.0587 0.9793 -0.1939
vn 0.0431 0.9818 -0.1852
vn 0.0451 0.9809 -0.1892
vn 0.0461 0.9804 -0.1914
vn 0.0371 0.9874 -0.1541
vn 0.0383 0.9877 -0.1515
vn 0.0361 0.9871 -0.1562
vn 0.0297 0.9917 -0.1249
vn 0.0307 0.9918 -0.1237
vn 0.0277 0.9915 -0.1275
vn 0.0226 0.9942 -0.1050
vn 0.0222 0.9942 -0.1052
vn 0.0191 0.9940 -0.1073
vn 0.0434 0.9917 -0.1212
vn 0.0449 0.9918 -0.1195
vn 0.0410 0.9914 -0.1239
vn 0.0534 0.9892 -0.1365
vn 0.0560 0.9896 -0.1328
vn 0.0512 0.9889 -0.1397
vn 0.0615 0.9862 -0.1539
vn 0.0647 0.9868 -0.1488
vn 0.0593 0.9858 -0.1573
vn 0.0686 0.9823 -0.1742
vn 0.0722 0.9834 -0.1664
vn 0.0671 0.9818 -0.1775
vn 0.0753 0.9779 -0.1952
vn 0.0782 0.9792 -0.1873
vn 0.0745 0.9775 -0.1974
vn 0.0677 0.9668 -0.2465
vn 0.0562 0.9644 -0.2584
vn 0.0697 0.9675 -0.2430
vn 0.0600 0.9633 -0.2618
vn 0.0511 0.9628 -0.2653
vn 0.0342 0.9672 -0.2517
vn 0.0326 0.9669 -0.2530
vn 0.0351 0.9674 -0.2508
vn 0.0431 0.9731 -0.2264
vn 0.0405 0.9725 -0.2294
vn 0.0444 0.9734 -0.2249
vn 0.0676 0.9709 -0.2297
vn 0.0564 0.9711 -0.2321
vn 0.0585 0.9711 -0.2315
vn 0.0774 0.9717 -0.2231
vn 0.0701 0.9707 -0.2297
vn 0.0825 0.9722 -0.2192
vn 0.0763 0.9721 -0.2219
vn 0.0769 0.9851 -0.1537
vn 0.0773 0.9842 -0.1593
vn 0.0837 0.9864 -0.1413
vn 0.0800 0.9797 -0.1841
vn 0.0850 0.9759 -0.2008
vn 0.0858 0.9805 -0.1767
vn 0.0819 0.9775 -0.1946
vn 0.0912 0.9750 -0.2027
vn 0.0874 0.9798 -0.1796
vn 0.0884 0.9820 -0.1671
vn 0.0892 0.9823 -0.1646
vn 0.0791 0.9857 -0.1489
vn 0.0766 0.9847 -0.1564
vn 0.0798 0.9859 -0.1470
vn 0.0704 0.9893 -0.1276
vn 0.0707 0.9889 -0.1303
vn 0.0758 0.9904 -0.1157
vn 0.0829 0.9685 -0.2347
vn 0.0884 0.9721 -0.2173
vn 0.0876 0.9680 -0.2354
vn 0.0910 0.9684 -0.2322
vn 0.0942 0.9703 -0.2227
vn 0.0866 0.9717 -0.2196
vn 0.0856 0.9705 -0.2252
vn 0.0885 0.9743 -0.2071
vn 0.0817 0.9754 -0.2049
vn 0.0896 0.9730 -0.2126
vn 0.0819 0.9755 -0.2044
vn 0.0825 0.9749 -0.2068
vn 0.0934 0.9715 -0.2178
vn 0.0912 0.9725 -0.2142
vn 0.0890 0.9712 -0.2212
vn 0.0885 0.9745 -0.2061
vn 0.0787 0.9775 -0.1956
vn 0.0823 0.9788 -0.1875
vn 0.0771 0.9770 -0.1989
vn 0.0708 0.9825 -0.1725
vn 0.0739 0.9831 -0.1672
vn 0.0686 0.9820 -0.1760
vn 0.0803 0.9771 -0.1971
vn 0.0804 0.9796 -0.1842
vn 0.0787 0.9789 -0.1887
vn 0.0759 0.9760 -0.2041
vn 0.0794 0.9766 -0.2001
vn 0.0672 0.9763 -0.2057
vn 0.0701 0.9700 -0.2330
vn 0.0754 0.9967 -0.0313
vn 0.0630 0.9973 -0.0364
vn 0.0758 0.9968 -0.0262
vn 0.0720 0.9969 -0.0326
vn 0.0624 0.9973 -0.0397
vn 0.0644 0.9977 -0.0208
vn 0.0764 0.9969 -0.0189
vn 0.0733 0.9970 -0.0232
vn 0.0644 0.9974 -0.0334
vn 0.0803 0.9958 -0.0435
vn 0.0746 0.9961 -0.0481
vn 0.0805 0.9961 -0.0358
vn 0.0669 0.9964 -0.0520
vn 0.0745 0.9961 -0.0482
vn 0.0618 0.9967 -0.0529
vn 0.0668 0.9964 -0.0523
vn 0.0410 0.9979 -0.0501
vn 0.0426 0.9981 -0.0452
vn 0.0415 0.9977 -0.0527
vn 0.0445 0.9982 -0.0413
vn 0.0451 0.9983 -0.0358
vn 0.0486 0.9982 -0.0355
vn 0.0498 0.9983 -0.0306
vn 0.0503 0.9982 -0.0326
vn 0.0544 0.9982 -0.0237
vn 0.0659 0.9974 -0.0308
vn 0.0677 0.9974 -0.0253
vn 0.0809 0.9966 -0.0174
vn 0.0807 0.9964 -0.0239
vn 0.1835 0.9824 -0.0356
vn 0.1794 0.9834 -0.0274
vn 0.1800 0.9830 -0.0350
vn 0.1559 0.9872 -0.0332
vn 0.1530 0.9880 -0.0225
vn 0.1542 0.9876 -0.0287
vn 0.1735 0.9844 -0.0279
vn 0.1759 0.9837 -0.0385
vn 0.1522 0.9881 -0.0207
vn 0.1512 0.9882 -0.0263
vn 0.2215 0.9744 -0.0394
vn 0.2189 0.9752 -0.0333
vn 0.2204 0.9747 -0.0385
vn 0.1848 0.9820 -0.0396
vn 0.1822 0.9828 -0.0304
vn 0.1574 0.9867 -0.0408
vn 0.1547 0.9876 -0.0269
vn 0.1354 0.9899 -0.0420
vn 0.1334 0.9907 -0.0257
vn 0.1342 0.9904 -0.0321
vn 0.1327 0.9909 -0.0202
vn 0.1333 0.9908 -0.0247
vn 0.1320 0.9911 -0.0174
vn 0.1324 0.9910 -0.0205
vn 0.1309 0.9913 -0.0111
vn 0.1318 0.9911 -0.0177
vn 0.1480 0.9889 -0.0099
vn 0.1501 0.9884 -0.0233
vn 0.1766 0.9836 -0.0358
vn 0.2046 0.9784 -0.0297
vn 0.2081 0.9774 -0.0366
vn 0.2103 0.9769 -0.0382
vn 0.2120 0.9767 -0.0333
vn 0.2169 0.9753 -0.0424
vn 0.1707 0.9853 -0.0008
vn 0.1762 0.9843 -0.0067
vn 0.1754 0.9845 -0.0019
vn 0.1490 0.9888 -0.0075
vn 0.1504 0.9886 -0.0087
vn 0.1513 0.9885 -0.0064
vn 0.1777 0.9841 -0.0044
vn 0.1788 0.9839 -0.0019
vn 0.1514 0.9885 -0.0051
vn 0.1518 0.9884 -0.0040
vn 0.1996 0.9799 -0.0011
vn 0.2029 0.9792 -0.0049
vn 0.2015 0.9795 0.0002
vn 0.1697 0.9855 -0.0016
vn 0.1723 0.9850 -0.0076
vn 0.1485 0.9889 -0.0106
vn 0.1310 0.9913 -0.0103
vn 0.1310 0.9913 -0.0101
vn 0.1308 0.9914 -0.0073
vn 0.1309 0.9914 -0.0081
vn 0.1307 0.9914 -0.0047
vn 0.1519 0.9884 -0.0000
vn 0.1792 0.9838 -0.0000
vn 0.2148 0.9766 0.0006
vn 0.2157 0.9765 -0.0000
vn 0.2086 0.9780 0.0021
vn 0.2127 0.9771 -0.0031
vn 0.2096 0.9778 -0.0051
vn 0.0663 0.9960 -0.0591
vn 0.0637 0.9960 -0.0619
vn 0.0694 0.9959 -0.0583
vn 0.0635 0.9960 -0.0624
vn 0.0537 0.9964 -0.0655
vn 0.0688 0.9948 -0.0749
vn 0.0665 0.9946 -0.0802
vn 0.0688 0.9938 -0.0870
vn 0.0627 0.9947 -0.0815
vn 0.0617 0.9943 -0.0875
vn 0.0672 0.9969 -0.0422
vn 0.0733 0.9965 -0.0405
vn 0.0669 0.9969 -0.0425
vn 0.0632 0.9970 -0.0439
vn 0.0651 0.9969 -0.0439
vn 0.0576 0.9974 -0.0439
vn 0.0609 0.9972 -0.0437
vn 0.0546 0.9976 -0.0421
vn 0.0610 0.9961 -0.0640
vn 0.0529 0.9964 -0.0663
vn 0.0546 0.9946 -0.0887
vn 0.0519 0.9940 -0.0963
vn 0.0634 0.9928 -0.1014
vn 0.0641 0.9931 -0.0978
vn 0.0738 0.9944 -0.0759
vn 0.0710 0.9952 -0.0676
vn 0.0742 0.9958 -0.0538
vn 0.1900 0.9793 -0.0693
vn 0.1904 0.9786 -0.0774
vn 0.1912 0.9783 -0.0803
vn 0.1587 0.9855 -0.0593
vn 0.1597 0.9849 -0.0664
vn 0.1596 0.9849 -0.0673
vn 0.1856 0.9799 -0.0735
vn 0.1914 0.9773 -0.0906
vn 0.1586 0.9850 -0.0674
vn 0.1595 0.9845 -0.0727
vn 0.2262 0.9716 -0.0690
vn 0.2294 0.9701 -0.0799
vn 0.2283 0.9705 -0.0774
vn 0.1887 0.9801 -0.0613
vn 0.1906 0.9791 -0.0704
vn 0.1578 0.9861 -0.0527
vn 0.1593 0.9853 -0.0613
vn 0.1320 0.9903 -0.0444
vn 0.1341 0.9894 -0.0556
vn 0.1330 0.9898 -0.0512
vn 0.1352 0.9889 -0.0624
vn 0.1343 0.9892 -0.0583
vn 0.1358 0.9885 -0.0661
vn 0.1355 0.9887 -0.0644
vn 0.1360 0.9885 -0.0665
vn 0.1360 0.9885 -0.0654
vn 0.1568 0.9856 -0.0632
vn 0.1581 0.9850 -0.0685
vn 0.1853 0.9798 -0.0748
vn 0.1860 0.9787 -0.0864
vn 0.2140 0.9732 -0.0842
vn 0.2293 0.9676 -0.1054
vn 0.2305 0.9675 -0.1043
vn 0.2279 0.9695 -0.0903
vn 0.2353 0.9664 -0.1036
vn 0.1799 0.9824 -0.0508
vn 0.1833 0.9817 -0.0508
vn 0.1818 0.9824 -0.0427
vn 0.1567 0.9859 -0.0583
vn 0.1574 0.9861 -0.0533
vn 0.1572 0.9862 -0.0518
vn 0.1846 0.9818 -0.0440
vn 0.1843 0.9820 -0.0422
vn 0.1572 0.9866 -0.0446
vn 0.1578 0.9863 -0.0473
vn 0.2074 0.9772 -0.0444
vn 0.2108 0.9761 -0.0525
vn 0.2091 0.9769 -0.0431
vn 0.1796 0.9823 -0.0538
vn 0.1804 0.9821 -0.0543
vn 0.1567 0.9859 -0.0589
vn 0.1362 0.9887 -0.0625
vn 0.1364 0.9887 -0.0626
vn 0.1361 0.9892 -0.0550
vn 0.1366 0.9889 -0.0578
vn 0.1356 0.9897 -0.0453
vn 0.1364 0.9893 -0.0510
vn 0.1343 0.9903 -0.0342
vn 0.1562 0.9871 -0.0344
vn 0.1839 0.9823 -0.0357
vn 0.2199 0.9747 -0.0398
vn 0.2209 0.9746 -0.0377
vn 0.2148 0.9759 -0.0382
vn 0.2203 0.9744 -0.0447
vn 0.2172 0.9749 -0.0495
vn 0.0716 0.9972 -0.0236
vn 0.0725 0.9974 -0.0046
vn 0.0717 0.9974 -0.0104
vn 0.0679 0.9975 -0.0179
vn 0.0729 0.9969 -0.0305
vn 0.0687 0.9974 -0.0200
vn 0.0606 0.9981 -0.0095
vn 0.0587 0.9982 -0.0085
vn 0.0604 0.9981 -0.0071
vn 0.0590 0.9982 -0.0134
vn 0.0569 0.9984 -0.0008
vn 0.0570 0.9983 -0.0073
vn 0.0585 0.9983 -0.0000
vn 0.0661 0.9978 -0.0010
vn 0.0713 0.9974 -0.0060
vn 0.0725 0.9971 -0.0211
vn 0.0793 0.9968 -0.0077
vn 0.0758 0.9970 -0.0120
vn 0.0706 0.9970 -0.0323
vn 0.0784 0.9969 -0.0091
vn 0.0675 0.9963 -0.0540
vn 0.0684 0.9963 -0.0522
vn 0.0671 0.9963 -0.0545
vn 0.0695 0.9962 -0.0524
vn 0.0689 0.9963 -0.0506
vn 0.0696 0.9969 -0.0357
vn 0.0712 0.9953 -0.0657
vn 0.0720 0.9958 -0.0562
vn 0.0707 0.9954 -0.0641
vn 0.0657 0.9966 -0.0503
vn 0.0624 0.9971 -0.0446
vn 0.0635 0.9967 -0.0513
vn 0.0678 0.9964 -0.0510
vn 0.0529 0.9975 -0.0471
vn 0.0600 0.9972 -0.0440
vn 0.0526 0.9974 -0.0498
vn 0.0504 0.9984 -0.0252
vn 0.0478 0.9986 -0.0208
vn 0.0467 0.9987 -0.0215
vn 0.0554 0.9975 -0.0448
vn 0.0661 0.9966 -0.0484
vn 0.0409 0.9990 -0.0192
vn 0.0457 0.9987 -0.0207
vn 0.0358 0.9992 -0.0198
vn 0.0481 0.9988 -0.0094
vn 0.0436 0.9989 -0.0194
vn 0.0491 0.9985 -0.0239
vn 0.0751 0.9971 -0.0122
vn 0.1884 0.9805 -0.0560
vn 0.1866 0.9810 -0.0534
vn 0.1874 0.9807 -0.0555
vn 0.1613 0.9855 -0.0521
vn 0.1591 0.9861 -0.0476
vn 0.1597 0.9859 -0.0491
vn 0.1821 0.9820 -0.0510
vn 0.1845 0.9812 -0.0558
vn 0.1573 0.9865 -0.0457
vn 0.1582 0.9863 -0.0477
vn 0.2323 0.9702 -0.0688
vn 0.2278 0.9717 -0.0620
vn 0.2297 0.9711 -0.0649
vn 0.1893 0.9801 -0.0603
vn 0.1877 0.9807 -0.0545
vn 0.1634 0.9848 -0.0588
vn 0.1602 0.9858 -0.0494
vn 0.1465 0.9875 -0.0587
vn 0.1391 0.9892 -0.0469
vn 0.1421 0.9886 -0.0499
vn 0.1382 0.9895 -0.0424
vn 0.1391 0.9893 -0.0449
vn 0.1370 0.9897 -0.0415
vn 0.1374 0.9896 -0.0429
vn 0.1349 0.9901 -0.0384
vn 0.1360 0.9899 -0.0411
vn 0.1558 0.9868 -0.0433
vn 0.1567 0.9866 -0.0452
vn 0.1788 0.9828 -0.0458
vn 0.1807 0.9822 -0.0505
vn 0.2203 0.9731 -0.0680
vn 0.2122 0.9755 -0.0583
vn 0.2111 0.9750 -0.0693
vn 0.2228 0.9727 -0.0654
vn 0.2136 0.9752 -0.0576
vn 0.2226 0.9730 -0.0608
vn 0.1796 0.9828 -0.0428
vn 0.1855 0.9813 -0.0523
vn 0.1830 0.9821 -0.0449
vn 0.1560 0.9869 -0.0419
vn 0.1570 0.9866 -0.0450
vn 0.1563 0.9868 -0.0431
vn 0.1882 0.9804 -0.0581
vn 0.1867 0.9810 -0.0536
vn 0.1578 0.9863 -0.0485
vn 0.1572 0.9864 -0.0473
vn 0.2073 0.9773 -0.0439
vn 0.2125 0.9759 -0.0495
vn 0.2095 0.9768 -0.0437
vn 0.1810 0.9824 -0.0463
vn 0.1557 0.9869 -0.0430
vn 0.1341 0.9903 -0.0373
vn 0.1339 0.9902 -0.0387
vn 0.1320 0.9905 -0.0376
vn 0.1326 0.9904 -0.0385
vn 0.1321 0.9904 -0.0406
vn 0.1320 0.9904 -0.0405
vn 0.1329 0.9900 -0.0475
vn 0.1584 0.9859 -0.0543
vn 0.1895 0.9798 -0.0634
vn 0.2230 0.9730 -0.0599
vn 0.2276 0.9710 -0.0730
vn 0.2174 0.9749 -0.0484
vn 0.2251 0.9720 -0.0673
vn 0.2204 0.9736 -0.0592
vn 0.1487 0.9690 -0.1975
vn 0.1471 0.9697 -0.1952
vn 0.1465 0.9699 -0.1943
vn 0.1279 0.9721 -0.1969
vn 0.1322 0.9698 -0.2050
vn 0.1334 0.9692 -0.2072
vn 0.1403 0.9775 -0.1575
vn 0.1404 0.9776 -0.1567
vn 0.1404 0.9777 -0.1564
vn 0.1186 0.9801 -0.1592
vn 0.1171 0.9814 -0.1520
vn 0.1171 0.9804 -0.1585
vn 0.1801 0.9549 -0.2359
vn 0.1711 0.9586 -0.2276
vn 0.1658 0.9607 -0.2226
vn 0.1659 0.9481 -0.2713
vn 0.1641 0.9489 -0.2695
vn 0.1635 0.9492 -0.2689
vn 0.1445 0.9468 -0.2874
vn 0.1441 0.9472 -0.2863
vn 0.1477 0.9436 -0.2962
vn 0.1053 0.9783 -0.1787
vn 0.1116 0.9745 -0.1949
vn 0.1132 0.9734 -0.1990
vn 0.0968 0.9842 -0.1483
vn 0.0959 0.9849 -0.1442
vn 0.0965 0.9842 -0.1483
vn 0.0950 0.9846 -0.1471
vn 0.0936 0.9840 -0.1515
vn 0.1167 0.9812 -0.1535
vn 0.1159 0.9809 -0.1564
vn 0.1403 0.9776 -0.1567
vn 0.1405 0.9778 -0.1553
vn 0.1609 0.9762 -0.1453
vn 0.1644 0.9743 -0.1541
vn 0.1648 0.9754 -0.1468
vn 0.1604 0.9763 -0.1457
vn 0.1642 0.9742 -0.1548
vn 0.1647 0.9712 -0.1724
vn 0.1646 0.9694 -0.1819
vn 0.1647 0.9717 -0.1695
vn 0.2088 0.9674 -0.1430
vn 0.2002 0.9675 -0.1544
vn 0.2086 0.9678 -0.1408
vn 0.2076 0.9670 -0.1477
vn 0.1981 0.9675 -0.1570
vn 0.1975 0.9735 -0.1153
vn 0.1879 0.9752 -0.1173
vn 0.2065 0.9717 -0.1148
vn 0.1921 0.9745 -0.1163
vn 0.1924 0.9726 -0.1306
vn 0.2537 0.9499 -0.1828
vn 0.2541 0.9476 -0.1934
vn 0.2535 0.9509 -0.1774
vn 0.2359 0.9503 -0.2030
vn 0.2258 0.9500 -0.2158
vn 0.2362 0.9513 -0.1980
vn 0.2318 0.9478 -0.2190
vn 0.2210 0.9493 -0.2235
vn 0.2000 0.9555 -0.2170
vn 0.2005 0.9560 -0.2141
vn 0.1998 0.9553 -0.2179
vn 0.1823 0.9704 -0.1586
vn 0.1823 0.9693 -0.1649
vn 0.1823 0.9706 -0.1569
vn 0.1763 0.9756 -0.1307
vn 0.1833 0.9723 -0.1452
vn 0.1773 0.9755 -0.1304
vn 0.1843 0.9722 -0.1447
vn 0.1837 0.9740 -0.1327
vn 0.1934 0.9723 -0.1309
vn 0.1933 0.9732 -0.1246
vn 0.1965 0.9736 -0.1161
vn 0.2074 0.9708 -0.1202
vn 0.2148 0.9690 -0.1218
vn 0.2086 0.9707 -0.1197
vn 0.2238 0.9653 -0.1347
vn 0.2248 0.9645 -0.1389
vn 0.2235 0.9656 -0.1333
vn 0.2428 0.9562 -0.1634
vn 0.2286 0.9568 -0.1798
vn 0.2408 0.9552 -0.1721
vn 0.2385 0.9554 -0.1742
vn 0.2297 0.9565 -0.1797
vn 0.2628 0.9462 -0.1888
vn 0.2513 0.9498 -0.1867
vn 0.2552 0.9483 -0.1886
vn 0.2295 0.9569 -0.1781
vn 0.2302 0.9557 -0.1835
vn 0.2184 0.9651 -0.1445
vn 0.2231 0.9658 -0.1322
vn 0.2194 0.9661 -0.1360
vn 0.2151 0.9640 -0.1561
vn 0.2176 0.9648 -0.1474
vn 0.2146 0.9635 -0.1601
vn 0.1999 0.9663 -0.1624
vn 0.2002 0.9652 -0.1684
vn 0.1998 0.9666 -0.1608
vn 0.2084 0.9617 -0.1778
vn 0.2055 0.9633 -0.1729
vn 0.2079 0.9618 -0.1780
vn 0.2049 0.9638 -0.1708
vn 0.2051 0.9632 -0.1739
vn 0.1917 0.9698 -0.1507
vn 0.1917 0.9704 -0.1470
vn 0.1917 0.9696 -0.1519
vn 0.2152 0.9626 -0.1644
vn 0.2147 0.9639 -0.1575
vn 0.2153 0.9622 -0.1665
vn 0.2416 0.9534 -0.1805
vn 0.2411 0.9550 -0.1730
vn 0.2418 0.9529 -0.1830
vn 0.2645 0.9454 -0.1904
vn 0.2645 0.9461 -0.1871
vn 0.2654 0.9438 -0.1970
vn 0.2742 0.9441 -0.1829
vn 0.2403 0.9582 -0.1553
vn 0.2449 0.9574 -0.1530
vn 0.0503 0.9946 -0.0909
vn 0.0507 0.9945 -0.0911
vn 0.0508 0.9948 -0.0880
vn 0.0561 0.9940 -0.0935
vn 0.0510 0.9946 -0.0902
vn 0.0635 0.9927 -0.1030
vn 0.0530 0.9928 -0.1076
vn 0.0623 0.9921 -0.1084
vn 0.0582 0.9897 -0.1305
vn 0.0655 0.9880 -0.1401
vn 0.0656 0.9884 -0.1367
vn 0.0521 0.9904 -0.1279
vn 0.0568 0.9899 -0.1301
vn 0.0495 0.9906 -0.1278
vn 0.0512 0.9905 -0.1278
vn 0.0491 0.9905 -0.1284
vn 0.0491 0.9905 -0.1288
vn 0.0513 0.9947 -0.0895
vn 0.0502 0.9947 -0.0902
vn 0.0530 0.9946 -0.0892
vn 0.0669 0.9880 -0.1389
vn 0.0709 0.9893 -0.1276
vn 0.0659 0.9877 -0.1417
vn 0.0571 0.9920 -0.1130
vn 0.0530 0.9944 -0.0911
vn 0.0596 0.9919 -0.1124
vn 0.0632 0.9914 -0.1148
vn 0.0661 0.9918 -0.1094
vn 0.0626 0.9912 -0.1166
vn 0.0513 0.9943 -0.0934
vn 0.0502 0.9943 -0.0936
vn 0.0532 0.9899 -0.1316
vn 0.0496 0.9904 -0.1294
vn 0.0619 0.9888 -0.1356
vn 0.0541 0.9897 -0.1323
vn 0.0619 0.9886 -0.1372
vn 0.0617 0.9885 -0.1378
vn 0.0754 0.9868 -0.1431
vn 0.0763 0.9871 -0.1407
vn 0.0751 0.9867 -0.1440
vn 0.0772 0.9884 -0.1307
vn 0.0797 0.9892 -0.1229
vn 0.0763 0.9881 -0.1333
vn 0.0834 0.9821 -0.1688
vn 0.0876 0.9842 -0.1541
vn 0.0822 0.9815 -0.1729
vn 0.0647 0.9754 -0.2110
vn 0.0551 0.9752 -0.2143
vn 0.0650 0.9755 -0.2100
vn 0.0636 0.9751 -0.2124
vn 0.0511 0.9771 -0.2067
vn 0.0747 0.9778 -0.1957
vn 0.0574 0.9772 -0.2045
vn 0.0815 0.9768 -0.1981
vn 0.0654 0.9774 -0.2012
vn 0.0522 0.9762 -0.2104
vn 0.0772 0.9794 -0.1868
vn 0.0773 0.9791 -0.1879
vn 0.0774 0.9794 -0.1864
vn 0.0623 0.9803 -0.1872
vn 0.0539 0.9809 -0.1870
vn 0.0621 0.9803 -0.1873
vn 0.0490 0.9811 -0.1874
vn 0.0530 0.9809 -0.1873
vn 0.0542 0.9750 -0.2156
vn 0.0584 0.9837 -0.1701
vn 0.0554 0.9828 -0.1761
vn 0.0674 0.9842 -0.1636
vn 0.0602 0.9840 -0.1677
vn 0.0682 0.9845 -0.1615
vn 0.0837 0.9835 -0.1601
vn 0.0845 0.9839 -0.1574
vn 0.0854 0.9841 -0.1557
vn 0.0799 0.9753 -0.2060
vn 0.0832 0.9777 -0.1930
vn 0.0799 0.9750 -0.2074
vn 0.4052 0.9029 -0.1434
vn 0.4167 0.8986 -0.1373
vn 0.4256 0.8952 -0.1325
vn 0.3905 0.9117 -0.1279
vn 0.3905 0.9117 -0.1278
vn 0.3902 0.9117 -0.1284
vn 0.3069 0.9436 -0.1243
vn 0.3091 0.9416 -0.1339
vn 0.3051 0.9451 -0.1171
vn 0.2890 0.9480 -0.1335
vn 0.2622 0.9554 -0.1355
vn 0.2428 0.9604 -0.1369
vn 0.3172 0.9334 -0.1680
vn 0.3172 0.9334 -0.1679
vn 0.3700 0.9190 -0.1363
vn 0.3624 0.9220 -0.1365
vn 0.3543 0.9251 -0.1367
vn 0.4512 0.8814 -0.1395
vn 0.4607 0.8761 -0.1420
vn 0.4730 0.8704 -0.1367
vn 0.4308 0.8931 -0.1295
vn 0.4345 0.8915 -0.1280
vn 0.4514 0.8812 -0.1408
vn 0.4509 0.8817 -0.1392
vn 0.4511 0.8813 -0.1408
vn 0.4030 0.9039 -0.1431
vn 0.4032 0.9039 -0.1426
vn 0.4023 0.9039 -0.1454
vn 0.4560 0.8783 -0.1435
vn 0.2901 0.9419 -0.1694
vn 0.2898 0.9426 -0.1660
vn 0.2903 0.9414 -0.1720
vn 0.2535 0.9588 -0.1285
vn 0.2549 0.9579 -0.1324
vn 0.2529 0.9591 -0.1268
vn 0.3421 0.9273 -0.1520
vn 0.3421 0.9272 -0.1526
vn 0.3421 0.9274 -0.1511
vn 0.2456 0.9581 -0.1474
vn 0.2320 0.9645 -0.1258
vn 0.2245 0.9673 -0.1181
vn 0.2794 0.9428 -0.1820
vn 0.2818 0.9419 -0.1828
vn 0.2844 0.9410 -0.1835
vn 0.2926 0.9450 -0.1463
vn 0.2912 0.9454 -0.1464
vn 0.2890 0.9460 -0.1467
vn 0.2758 0.9442 -0.1803
vn 0.3021 0.9489 -0.0910
vn 0.3027 0.9488 -0.0906
vn 0.3761 0.9192 -0.1163
vn 0.3755 0.9195 -0.1165
vn 0.3750 0.9197 -0.1168
vn 0.3030 0.9465 -0.1109
vn 0.3019 0.9468 -0.1113
vn 0.2999 0.9474 -0.1121
vn 0.0571 0.9923 -0.1096
vn 0.0672 0.9907 -0.1182
vn 0.0631 0.9915 -0.1139
vn 0.0644 0.9912 -0.1157
vn 0.0687 0.9902 -0.1214
vn 0.0681 0.9878 -0.1399
vn 0.0701 0.9871 -0.1438
vn 0.0578 0.9898 -0.1305
vn 0.0668 0.9878 -0.1404
vn 0.0699 0.9869 -0.1454
vn 0.0565 0.9949 -0.0838
vn 0.0617 0.9945 -0.0842
vn 0.0555 0.9949 -0.0848
vn 0.0581 0.9948 -0.0833
vn 0.0656 0.9940 -0.0873
vn 0.0631 0.9944 -0.0848
vn 0.0679 0.9933 -0.0933
vn 0.0654 0.9938 -0.0897
vn 0.0697 0.9930 -0.0956
vn 0.0670 0.9905 -0.1198
vn 0.0683 0.9902 -0.1214
vn 0.0699 0.9869 -0.1452
vn 0.0664 0.9874 -0.1438
vn 0.0736 0.9826 -0.1703
vn 0.0656 0.9831 -0.1708
vn 0.0720 0.9825 -0.1719
vn 0.0715 0.9840 -0.1632
vn 0.0743 0.9830 -0.1681
vn 0.0647 0.9863 -0.1519
vn 0.0714 0.9846 -0.1598
vn 0.0658 0.9867 -0.1485
vn 0.0681 0.9870 -0.1457
vn 0.0598 0.9897 -0.1303
vn 0.0616 0.9898 -0.1285
vn 0.0566 0.9925 -0.1085
vn 0.0574 0.9925 -0.1077
vn 0.0700 0.9907 -0.1165
vn 0.0673 0.9917 -0.1094
vn 0.0665 0.9916 -0.1113
vn 0.0641 0.9930 -0.0987
vn 0.0658 0.9926 -0.1024
vn 0.0666 0.9877 -0.1417
vn 0.0605 0.9899 -0.1283
vn 0.0629 0.9886 -0.1367
vn 0.0636 0.9890 -0.1339
vn 0.0603 0.9910 -0.1198
vn 0.0663 0.9931 -0.0964
vn 0.0730 0.9931 -0.0923
vn 0.0661 0.9946 -0.0796
vn 0.0725 0.9939 -0.0831
vn 0.0653 0.9948 -0.0778
vn 0.0685 0.9942 -0.0825
vn 0.0704 0.9951 -0.0687
vn 0.0655 0.9948 -0.0783
vn 0.0673 0.9937 -0.0898
vn 0.0635 0.9927 -0.1026
vn 0.0617 0.9901 -0.1257
vn 0.0616 0.9921 -0.1093
vn 0.0581 0.9862 -0.1549
vn 0.0575 0.9890 -0.1363
vn 0.0565 0.9874 -0.1477
vn 0.0604 0.9847 -0.1636
vn 0.0575 0.9858 -0.1578
vn 0.0650 0.9833 -0.1698
vn 0.0605 0.9843 -0.1658
vn 0.0708 0.9825 -0.1724
vn 0.0693 0.9868 -0.1462
vn 0.0687 0.9901 -0.1220
vn 0.0712 0.9949 -0.0717
vn 0.0726 0.9947 -0.0723
vn 0.0761 0.9944 -0.0738
vn 0.0776 0.9957 -0.0511
vn 0.0781 0.9955 -0.0533
vn 0.0795 0.9955 -0.0508
vn 0.0884 0.9945 -0.0569
vn 0.0773 0.9956 -0.0522
vn 0.0807 0.9953 -0.0539
vn 0.0864 0.9930 -0.0802
vn 0.0699 0.9937 -0.0881
vn 0.0755 0.9939 -0.0804
vn 0.0664 0.9933 -0.0948
vn 0.0737 0.9939 -0.0822
vn 0.0636 0.9925 -0.1047
vn 0.0706 0.9952 -0.0674
vn 0.0662 0.9949 -0.0757
vn 0.0730 0.9960 -0.0509
vn 0.0712 0.9961 -0.0516
vn 0.0750 0.9959 -0.0502
vn 0.0657 0.9940 -0.0873
vn 0.0643 0.9932 -0.0966
vn 0.0774 0.9966 -0.0269
vn 0.0749 0.9966 -0.0353
vn 0.0769 0.9966 -0.0292
vn 0.0814 0.9962 -0.0318
vn 0.0837 0.9959 -0.0336
vn 0.0811 0.9962 -0.0318
vn 0.0743 0.9965 -0.0374
vn 0.0755 0.9965 -0.0371
vn 0.0920 0.9950 -0.0393
vn 0.0952 0.9948 -0.0352
vn 0.0983 0.9948 -0.0276
vn 0.0905 0.9943 -0.0569
vn 0.0913 0.9942 -0.0560
vn 0.0906 0.9951 -0.0384
vn 0.0780 0.9967 -0.0245
vn 0.0862 0.9900 -0.1114
vn 0.0858 0.9899 -0.1129
vn 0.0871 0.9901 -0.1099
vn 0.0704 0.9909 -0.1144
vn 0.0635 0.9906 -0.1211
vn 0.0882 0.9929 -0.0794
vn 0.0891 0.9929 -0.0782
vn 0.0576 0.9879 -0.1442
vn 0.0615 0.9903 -0.1250
vn 0.0614 0.9913 -0.1168
vn 0.0591 0.9894 -0.1324
vn 0.0695 0.9908 -0.1162
vn 0.1230 0.9905 -0.0623
vn 0.1222 0.9905 -0.0624
vn 0.1231 0.9905 -0.0621
vn 0.1350 0.9887 -0.0646
vn 0.1330 0.9889 -0.0656
vn 0.1258 0.9886 -0.0824
vn 0.1259 0.9886 -0.0822
vn 0.1256 0.9886 -0.0827
vn 0.1402 0.9866 -0.0840
vn 0.1501 0.9848 -0.0872
vn 0.1404 0.9866 -0.0835
vn 0.1068 0.9933 -0.0453
vn 0.1070 0.9933 -0.0446
vn 0.1065 0.9932 -0.0459
vn 0.1178 0.9920 -0.0443
vn 0.1171 0.9920 -0.0461
vn 0.1183 0.9921 -0.0427
vn 0.1274 0.9907 -0.0483
vn 0.1354 0.9893 -0.0545
vn 0.1254 0.9911 -0.0447
vn 0.1357 0.9891 -0.0566
vn 0.1444 0.9871 -0.0692
vn 0.1516 0.9857 -0.0731
vn 0.1412 0.9864 -0.0847
vn 0.1598 0.9829 -0.0914
vn 0.1606 0.9807 -0.1118
vn 0.1604 0.9806 -0.1125
vn 0.1607 0.9807 -0.1114
vn 0.1455 0.9832 -0.1102
vn 0.1457 0.9832 -0.1098
vn 0.1454 0.9832 -0.1106
vn 0.1276 0.9857 -0.1105
vn 0.1281 0.9857 -0.1094
vn 0.1271 0.9856 -0.1115
vn 0.1067 0.9880 -0.1117
vn 0.1075 0.9881 -0.1102
vn 0.1059 0.9879 -0.1130
vn 0.1075 0.9908 -0.0818
vn 0.1080 0.9909 -0.0809
vn 0.1069 0.9908 -0.0827
vn 0.1076 0.9923 -0.0615
vn 0.1081 0.9923 -0.0608
vn 0.1072 0.9923 -0.0622
vn 0.1645 0.9842 -0.0649
vn 0.1674 0.9832 -0.0735
vn 0.1669 0.9830 -0.0760
vn 0.1891 0.9798 -0.0657
vn 0.1914 0.9787 -0.0743
vn 0.1903 0.9786 -0.0784
vn 0.1755 0.9798 -0.0955
vn 0.1755 0.9798 -0.0956
vn 0.1984 0.9749 -0.1013
vn 0.1986 0.9749 -0.1002
vn 0.1983 0.9748 -0.1019
vn 0.1432 0.9881 -0.0555
vn 0.1472 0.9873 -0.0597
vn 0.1473 0.9873 -0.0591
vn 0.1618 0.9853 -0.0544
vn 0.1664 0.9836 -0.0698
vn 0.1885 0.9804 -0.0579
vn 0.1911 0.9789 -0.0717
vn 0.2310 0.9708 -0.0653
vn 0.2326 0.9701 -0.0698
vn 0.2319 0.9701 -0.0709
vn 0.2336 0.9686 -0.0851
vn 0.2341 0.9685 -0.0844
vn 0.2322 0.9688 -0.0869
vn 0.2370 0.9647 -0.1147
vn 0.2374 0.9647 -0.1141
vn 0.2359 0.9648 -0.1161
vn 0.2446 0.9577 -0.1518
vn 0.2449 0.9577 -0.1513
vn 0.2443 0.9576 -0.1524
vn 0.2164 0.9667 -0.1368
vn 0.2162 0.9663 -0.1400
vn 0.2165 0.9668 -0.1354
vn 0.1920 0.9735 -0.1241
vn 0.1920 0.9730 -0.1278
vn 0.1920 0.9737 -0.1228
vn 0.1744 0.9778 -0.1160
vn 0.1742 0.9776 -0.1185
vn 0.1745 0.9779 -0.1150
vn 0.1525 0.9843 -0.0886
vn 0.1612 0.9826 -0.0923
vn 0.1444 0.9870 -0.0707
vn 0.1529 0.9855 -0.0734
vn 0.1037 0.9943 -0.0242
vn 0.1151 0.9930 -0.0274
vn 0.1191 0.9923 -0.0351
vn 0.0939 0.9953 -0.0222
vn 0.1009 0.9946 -0.0225
vn 0.0767 0.9970 -0.0105
vn 0.0877 0.9959 -0.0221
vn 0.0814 0.9966 -0.0083
vn 0.0786 0.9969 -0.0100
vn 0.0860 0.9962 -0.0132
vn 0.0993 0.9947 -0.0249
vn 0.1005 0.9945 -0.0307
vn 0.1099 0.9934 -0.0318
vn 0.1212 0.9918 -0.0407
vn 0.1076 0.9937 -0.0300
vn 0.1164 0.9926 -0.0357
vn 0.0833 0.9964 -0.0174
vn 0.0791 0.9967 -0.0155
vn 0.0845 0.9962 -0.0203
vn 0.1182 0.9923 -0.0384
vn 0.1141 0.9930 -0.0312
vn 0.1155 0.9927 -0.0357
vn 0.1168 0.9926 -0.0340
vn 0.0975 0.9949 -0.0245
vn 0.0974 0.9949 -0.0281
vn 0.0941 0.9947 -0.0419
vn 0.0973 0.9936 -0.0572
vn 0.0967 0.9934 -0.0617
vn 0.0902 0.9944 -0.0552
vn 0.0792 0.9951 -0.0594
vn 0.0837 0.9942 -0.0676
vn 0.0980 0.9929 -0.0678
vn 0.0719 0.9951 -0.0682
vn 0.1102 0.9932 -0.0376
vn 0.1123 0.9923 -0.0527
vn 0.1111 0.9928 -0.0455
vn 0.0929 0.9951 -0.0326
vn 0.0804 0.9963 -0.0294
vn 0.0740 0.9965 -0.0395
vn 0.0815 0.9959 -0.0396
vn 0.0771 0.9965 -0.0337
vn 0.0823 0.9952 -0.0523
vn 0.0804 0.9940 -0.0745
vn 0.0924 0.9935 -0.0660
vn 0.0988 0.9928 -0.0680
vn 0.1142 0.9916 -0.0610
vn 0.1154 0.9910 -0.0684
vn 0.1159 0.9911 -0.0651
vn 0.1125 0.9922 -0.0541
vn 0.1149 0.9911 -0.0668
vn 0.1136 0.9916 -0.0614
vn 0.1018 0.9942 -0.0340
vn 0.0955 0.9952 -0.0219
vn 0.1017 0.9945 -0.0242
vn 0.0910 0.9952 -0.0363
vn 0.0866 0.9960 -0.0226
vn 0.0953 0.9953 -0.0169
vn 0.1006 0.9948 -0.0169
vn 0.0865 0.9961 -0.0169
vn 0.1169 0.9922 -0.0438
vn 0.1151 0.9930 -0.0256
vn 0.1159 0.9927 -0.0327
vn 0.1014 0.9943 -0.0343
vn 0.1012 0.9945 -0.0259
vn 0.0904 0.9952 -0.0365
vn 0.0866 0.9957 -0.0329
vn 0.0904 0.9952 -0.0383
vn 0.0864 0.9962 -0.0118
vn 0.0950 0.9954 -0.0120
vn 0.1004 0.9948 -0.0154
vn 0.1150 0.9932 -0.0175
vn 0.1145 0.9934 -0.0099
vn 0.1150 0.9932 -0.0160
vn 0.1156 0.9930 -0.0241
vn 0.1151 0.9932 -0.0164
vn 0.1151 0.9932 -0.0194
vn 0.0948 0.9952 -0.0255
vn 0.0869 0.9960 -0.0224
vn 0.0932 0.9953 -0.0251
vn 0.0810 0.9965 -0.0195
vn 0.0767 0.9969 -0.0184
vn 0.0813 0.9964 -0.0221
vn 0.0924 0.9954 -0.0271
vn 0.0765 0.9968 -0.0240
vn 0.1120 0.9933 -0.0294
vn 0.1129 0.9931 -0.0328
vn 0.0950 0.9952 -0.0229
vn 0.0835 0.9963 -0.0206
vn 0.0775 0.9969 -0.0158
vn 0.0804 0.9963 -0.0288
vn 0.0927 0.9952 -0.0319
vn 0.0939 0.9948 -0.0400
vn 0.1103 0.9933 -0.0331
vn 0.1112 0.9929 -0.0428
vn 0.1109 0.9933 -0.0318
vn 0.1105 0.9933 -0.0342
vn 0.1107 0.9934 -0.0300
vn 0.1008 0.9927 -0.0659
vn 0.1006 0.9930 -0.0616
vn 0.1012 0.9927 -0.0653
vn 0.0907 0.9928 -0.0780
vn 0.0797 0.9932 -0.0849
vn 0.0887 0.9935 -0.0716
vn 0.0899 0.9937 -0.0672
vn 0.1016 0.9932 -0.0575
vn 0.0820 0.9937 -0.0765
vn 0.1167 0.9910 -0.0657
vn 0.1166 0.9911 -0.0645
vn 0.0832 0.9932 -0.0813
vn 0.0896 0.9936 -0.0683
vn 0.0904 0.9944 -0.0545
vn 0.0832 0.9947 -0.0603
vn 0.1011 0.9937 -0.0487
vn 0.0904 0.9945 -0.0530
vn 0.1018 0.9937 -0.0471
vn 0.1018 0.9937 -0.0465
vn 0.1176 0.9916 -0.0535
vn 0.1160 0.9926 -0.0352
vn 0.1174 0.9912 -0.0608
vn 0.1170 0.9920 -0.0476
vn 0.1171 0.9914 -0.0584
vn 0.1000 0.9950 -0.0083
vn 0.0949 0.9955 -0.0064
vn 0.1069 0.9942 -0.0069
vn 0.0949 0.9955 -0.0080
vn 0.0864 0.9962 -0.0063
vn 0.0948 0.9955 -0.0036
vn 0.1068 0.9943 -0.0039
vn 0.0864 0.9963 -0.0036
vn 0.1141 0.9934 -0.0090
vn 0.1140 0.9934 -0.0093
vn 0.0864 0.9962 -0.0079
vn 0.1135 0.9935 -0.0042
vn 0.1137 0.9935 -0.0073
vn 0.4401 0.8808 -0.1745
vn 0.4372 0.8836 -0.1675
vn 0.4407 0.8802 -0.1764
vn 0.4932 0.8548 -0.1613
vn 0.4794 0.8641 -0.1536
vn 0.4953 0.8539 -0.1596
vn 0.0909 0.9565 -0.2772
vn 0.0929 0.9638 -0.2500
vn 0.0908 0.9562 -0.2781
vn 0.5018 0.8514 0.1529
vn 0.5054 0.8489 0.1547
vn 0.4990 0.8530 0.1531
vn 0.0909 0.9565 0.2771
vn 0.0929 0.9638 0.2500
vn 0.0930 0.9641 0.2489
vn 0.5327 0.8403 -0.1006
vn 0.5256 0.8455 -0.0938
vn 0.5362 0.8376 -0.1041
vn 0.5201 0.8417 0.1452
vn 0.5129 0.8448 0.1524
vn 0.5204 0.8414 0.1455
vn 0.4705 -0.8821 -0.0249
vn 0.4702 -0.8822 -0.0249
vn 0.6076 0.7915 0.0663
vn 0.6081 0.7911 0.0663
vn 0.6039 0.7938 0.0723
vn -0.3043 0.8564 0.4172
vn -0.3068 0.8552 0.4177
vn 0.0774 0.9777 0.1952
vn 0.5943 0.8003 -0.0793
vn 0.5901 0.8028 -0.0856
vn 0.6040 0.7937 -0.0724
vn -0.4746 0.8798 -0.0246
vn 0.5819 0.8096 -0.0771
vn 0.5742 0.8145 -0.0832
vn 0.5835 0.8084 -0.0776
vn -0.4746 0.8799 0.0251
vn -0.4745 0.8799 0.0252
vn 0.0749 0.9840 0.1618
vn 0.5943 0.8003 0.0793
vn 0.5901 0.8028 0.0856
vn 0.0708 0.7711 -0.6327
vn 0.0730 0.7792 -0.6226
vn -0.2726 0.8803 0.3882
vn -0.2839 0.8742 0.3940
vn 0.4781 0.8647 -0.1542
vn 0.4791 0.8643 -0.1534
vn 0.4776 0.8634 -0.1628
vn 0.0481 0.9903 -0.1307
vn 0.0486 0.9901 -0.1319
vn 0.0476 0.9917 -0.1193
vn 0.5655 0.8202 0.0865
vn 0.5783 0.8118 0.0809
vn 0.5598 0.8238 0.0899
vn 0.5819 0.8096 0.0771
vn 0.5835 0.8084 0.0776
vn -0.4757 0.8796 -0.0031
vn -0.4776 0.8782 0.0245
vn -0.4836 0.8749 0.0275
vn 0.0514 0.9891 0.1381
vn 0.0477 0.9917 0.1194
vn 0.0503 0.9921 0.1152
vn 0.0672 0.9635 0.2590
vn 0.0667 0.9694 0.2361
vn 0.0657 0.9629 0.2617
vn 0.0699 0.9703 -0.2314
vn 0.0724 0.9763 -0.2039
vn 0.0698 0.9702 -0.2318
vn 0.0787 0.8147 0.5745
vn 0.0739 0.7971 0.5993
vn 0.0680 0.8016 0.5940
vn 0.0691 0.7914 0.6074
vn 0.0744 0.7906 -0.6078
vn 0.0696 0.7787 -0.6236
vn 0.0683 0.7353 0.6743
vn -0.4747 0.8798 0.0252
vn -0.4742 0.8800 0.0251
vn -0.4757 0.8796 0.0051
vn -0.0809 0.9830 0.1647
vn -0.7442 0.6680 -0.0000
vn 0.6076 0.7915 -0.0663
vn 0.6081 0.7911 -0.0663
vn -0.2847 0.8717 -0.3987
vn -0.2856 0.8712 -0.3994
vn 0.0749 0.9840 -0.1618
vn 0.0751 0.9836 -0.1637
vn -0.4749 0.8797 -0.0240
vn 0.0478 0.9572 -0.2854
vn 0.0474 0.9556 -0.2909
vn 0.0587 0.9558 -0.2881
vn 0.6116 0.7909 -0.0173
vn 0.6117 0.7909 -0.0173
vn 0.6131 0.7896 -0.0232
vn 0.0720 0.7554 0.6513
vn 0.0750 0.7374 0.6713
vn 0.0727 0.7342 0.6751
vn 0.0584 0.9924 -0.1082
vn 0.0617 0.9918 -0.1115
vn 0.0695 0.7565 -0.6503
vn 0.0661 0.7585 -0.6483
vn 0.4917 0.8629 -0.1169
vn 0.4882 0.8648 -0.1175
vn 0.4956 0.8606 -0.1173
vn 0.0282 0.9625 -0.2698
vn 0.0297 0.9632 -0.2670
vn 0.0278 0.9623 -0.2704
vn 0.5082 0.8473 0.1542
vn 0.5194 0.8415 0.1486
vn -0.4748 0.8797 0.0241
vn -0.4748 0.8797 0.0240
vn -0.2964 0.8631 -0.4089
vn -0.2960 0.8634 -0.4085
vn 0.0614 0.9622 0.2655
vn 0.0587 0.9558 0.2881
vn 0.0478 0.9572 0.2854
vn 0.0514 0.9891 -0.1381
vn 0.0514 0.9890 -0.1386
vn 0.0683 0.7916 -0.6073
vn 0.0688 0.7964 -0.6008
vn 0.5018 0.8514 -0.1529
vn 0.4990 0.8530 -0.1531
vn 0.5054 0.8489 -0.1546
vn 0.3262 0.9181 -0.2251
vn 0.3292 0.9157 -0.2305
vn 0.3286 0.9183 -0.2209
vn 0.4781 0.8617 0.1700
vn 0.4794 0.8583 0.1828
vn 0.4775 0.8634 0.1628
vn 0.0491 0.9900 0.1323
vn 0.0493 0.9898 0.1336
vn 0.0484 0.9901 0.1318
vn -0.2851 0.8715 0.3990
vn -0.2840 0.8715 0.3997
vn 0.0716 0.7756 0.6271
vn 0.0717 0.7751 0.6277
vn 0.1657 0.8899 -0.4250
vn -0.3007 0.5948 0.7456
vn -0.3008 0.5944 0.7458
vn 0.0762 0.9741 0.2130
vn 0.0710 0.9692 0.2359
vn 0.1183 0.9530 -0.2788
vn 0.1218 0.9451 -0.3032
vn 0.1220 0.9447 -0.3043
vn -0.4746 0.8799 -0.0251
vn 0.4358 0.8826 0.1762
vn 0.4356 0.8820 0.1799
vn 0.4360 0.8834 0.1717
vn 0.3707 0.8789 0.3000
vn 0.3706 0.8789 0.3002
vn 0.3702 0.8787 0.3013
vn 0.5143 -0.8571 -0.0284
vn 0.5089 -0.8605 -0.0246
vn 0.3822 0.9032 -0.1954
vn 0.3821 0.9032 -0.1955
vn 0.3822 0.9032 -0.1952
vn 0.0576 0.9817 -0.1818
vn 0.0617 0.9859 -0.1558
vn 0.0574 0.9815 -0.1826
vn 0.0680 0.8016 -0.5940
vn 0.0709 0.8162 -0.5735
vn -0.4745 0.8799 -0.0252
vn 0.6176 0.7864 0.0103
vn -0.4394 0.8983 0.0029
vn 0.6175 0.7865 0.0111
vn 0.0717 0.7561 -0.6505
vn 0.0727 0.9756 -0.2073
vn 0.0675 0.9695 -0.2356
vn -0.4746 0.8799 0.0240
vn -0.4749 0.8797 0.0240
vn -0.0744 -0.8002 0.5951
vn -0.0753 -0.8030 0.5913
vn -0.4758 0.8796 0.0001
vn 0.0282 0.9625 0.2697
vn 0.0299 0.9634 0.2666
vn 0.6173 0.7866 0.0123
vn 0.6131 0.7897 0.0231
vn 0.6142 0.7889 0.0203
vn -0.3067 0.8553 -0.4177
vn -0.3058 0.8552 -0.4185
vn -0.0809 0.9830 -0.1647
vn 0.0683 0.7916 0.6073
vn 0.0716 0.7757 0.6270
vn 0.0553 0.9928 0.1065
vn 0.6134 0.7890 0.0359
vn 0.6138 0.7888 0.0338
vn 0.6125 0.7896 0.0376
vn 0.5079 0.8554 0.1018
vn 0.5123 0.8527 0.1022
vn 0.5040 0.8575 0.1035
vn 0.5129 0.8448 -0.1525
vn 0.5081 0.8474 -0.1542
vn 0.0699 0.9703 0.2315
vn 0.0698 0.9702 0.2318
vn 0.0724 0.9763 0.2039
vn -1.0000 -0.0000 -0.0000
vn -1.0000 -0.0033 -0.0000
vn -0.4759 0.8795 -0.0001
vn -0.5019 0.8646 0.0254
vn -0.5072 0.8615 0.0242
vn 0.0492 0.9898 -0.1335
vn 0.0491 0.9900 -0.1325
vn -0.0744 -0.8000 -0.5953
vn -0.0738 -0.7952 -0.6019
vn -0.0744 -0.8002 -0.5951
vn -0.4758 0.8796 -0.0001
vn 0.0787 0.8147 -0.5746
vn 0.0741 0.7974 -0.5989
vn 0.0717 0.7563 0.6503
vn 0.0717 0.7561 0.6505
vn 0.6122 0.7898 -0.0386
vn 0.6114 0.7903 -0.0395
vn 0.6125 0.7896 -0.0376
vn 0.2822 -0.8764 -0.3901
vn 0.2826 -0.8761 -0.3907
vn 0.0553 0.9928 -0.1065
vn 0.5327 0.8403 0.1006
vn 0.5362 0.8376 0.1041
vn 0.5256 0.8455 0.0938
vn 0.5200 0.8417 -0.1452
vn 0.0662 0.7585 0.6483
vn 0.0695 0.7565 0.6503
vn -0.4748 0.8797 -0.0240
vn 0.1656 0.8898 0.4253
vn 0.0774 0.9777 -0.1952
vn 0.3822 0.9032 0.1953
vn 0.3822 0.9033 0.1947
vn 0.3822 0.9032 0.1954
vn 0.4778 0.8681 0.1346
vn -0.0741 -0.7991 0.5966
vn -0.0743 -0.8003 0.5949
vn 0.0576 0.9816 0.1818
vn 0.0574 0.9815 0.1826
vn 0.0617 0.9859 0.1558
vn 0.5655 0.8202 -0.0865
vn 0.5767 0.8131 -0.0796
vn 0.6173 0.7866 -0.0123
vn 0.6142 0.7889 -0.0203
vn 0.0614 0.9622 -0.2654
vn 0.0656 0.9629 -0.2616
vn 0.6116 0.7909 0.0173
vn 0.6117 0.7909 0.0173
vn -0.4746 0.8799 0.0252
vn -0.4746 0.8798 0.0251
vn 0.4358 0.8826 -0.1762
vn 0.4360 0.8834 -0.1717
vn 0.4356 0.8820 -0.1799
vn 0.4984 0.8531 -0.1544
vn 0.4990 0.8527 -0.1546
vn 0.4985 0.8530 -0.1546
vn 0.0720 0.7764 0.6262
vn 0.0719 0.7821 0.6190
vn 0.4778 0.8681 -0.1346
vn 0.0474 0.9556 0.2909
vn 0.0476 0.9553 0.2916
vn 0.6176 0.7864 -0.0103
vn 0.6175 0.7865 -0.0111
vn -0.3008 0.5943 0.7459
vn -0.3007 0.5946 0.7457
vn -0.3007 0.5943 0.7459
vn 0.3292 0.9157 0.2305
vn 0.3263 0.9181 0.2251
vn 0.3286 0.9183 0.2209
vn 0.4984 0.8531 0.1544
vn 0.4990 0.8527 0.1546
vn -0.5154 0.8565 -0.0277
vn -0.5072 0.8615 -0.0242
vn 0.1183 0.9530 0.2788
vn 0.1218 0.9451 0.3032
vn 0.1179 0.9538 0.2764
vn 0.0694 0.9893 -0.1282
vn 0.0698 0.9884 -0.1347
vn 0.0717 0.7751 -0.6277
vn 0.0715 0.7758 -0.6269
vn -0.4750 0.8797 -0.0241
vn -0.4806 0.8766 0.0258
vn -0.4844 0.8745 0.0248
vn 0.5556 0.8257 -0.0976
vn 0.5458 0.8331 -0.0894
vn 0.5587 0.8233 -0.1002
vn 0.4917 0.8629 0.1169
vn 0.4956 0.8606 0.1173
vn 0.4882 0.8648 0.1175
vn 0.5556 0.8257 0.0976
vn 0.5587 0.8233 0.1002
vn 0.5458 0.8331 0.0894
vn 0.0715 0.7757 0.6271
vn 0.0730 0.7792 0.6226
vn 0.0481 0.9903 0.1307
vn -0.4917 0.8704 0.0261
vn -0.4951 0.8684 0.0272
vn -0.4926 0.8698 0.0262
vn 0.0720 0.7764 -0.6262
vn 0.0662 0.7587 -0.6480
vn 0.0715 0.7392 -0.6697
vn 0.0683 0.7353 -0.6743
vn -0.2839 0.8742 -0.3940
vn -0.2964 0.8631 0.4089
vn -0.2960 0.8634 0.4085
vn 0.0672 0.9635 -0.2590
vn -0.0727 -0.7594 -0.6466
vn -0.0729 -0.7780 -0.6240
vn -0.0728 -0.7780 -0.6240
vn -0.2961 0.8633 -0.4086
vn 0.0744 0.7906 0.6078
vn 0.0745 0.7991 0.5965
vn 0.0694 0.9893 0.1282
vn 0.0653 0.9871 0.1463
vn 0.3707 0.8789 -0.3000
vn 0.3707 0.8789 -0.3003
vn 0.3710 0.8791 -0.2994
vn 0.0584 0.9924 0.1082
vn 0.0585 0.9908 0.1217
vn 0.5040 0.8575 -0.1035
vn 0.5123 0.8527 -0.1022
vn 0.5079 0.8554 -0.1018
vn -0.1105 -0.9912 -0.0729
vn -0.1108 -0.9912 -0.0730
vn -0.1099 -0.9913 -0.0728
vn -0.1246 -0.9921 0.0132
vn -0.1899 -0.9801 -0.0571
vn -0.1704 -0.9846 -0.0385
vn -0.0456 -0.9889 0.1411
vn -0.0408 -0.9986 0.0328
vn -0.1946 -0.9803 -0.0349
vn 0.0817 0.8152 -0.5734
vn 0.0806 0.8160 -0.5724
vn 0.0879 0.8145 -0.5735
vn 0.0612 0.7960 -0.6021
vn 0.4705 -0.8821 0.0241
vn -0.5078 0.8612 -0.0211
vn 0.2851 -0.8763 0.3884
vn -0.0866 -0.8173 0.5697
vn -0.0626 -0.7987 0.5984
vn -0.3004 0.8639 -0.4042
vn 0.5135 -0.8578 0.0237
vn -0.1081 -0.9915 0.0727
vn -0.0460 -0.9891 -0.1399
vn -0.1944 -0.9803 0.0343
vn -0.1946 -0.9803 0.0349
vn -0.1727 -0.9844 0.0325
vn 0.0879 0.8145 0.5735
vn 0.0806 0.8160 0.5724
vn 0.0722 0.8128 0.5781
vn -0.5181 0.8549 0.0257
vn 0.2783 -0.8768 -0.3922
vn 0.2827 -0.8760 -0.3909
vn 0.3089 -0.8586 -0.4092
vn 0.2701 -0.8848 -0.3798
vn -0.0711 -0.7812 -0.6202
vn -0.0697 -0.7377 -0.6715
vn -0.0739 -0.8214 -0.5656
vn -0.3168 0.8473 0.4263
vn -0.4734 0.8805 0.0251
vn 0.4775 0.8733 0.0967
vn 0.3583 0.9301 0.0808
vn 0.3585 0.9297 0.0845
vn 0.3618 0.9280 0.0892
vn 0.4718 0.8785 0.0745
vn 0.4912 0.8683 0.0687
vn 0.3758 0.9249 0.0572
vn 0.2569 0.9633 0.0781
vn 0.2833 0.9536 0.1023
vn 0.4769 0.8782 0.0369
vn 0.3417 0.9395 0.0240
vn 0.3425 0.9393 0.0193
vn 0.3563 0.9335 0.0393
vn 0.4736 0.8805 0.0206
vn 0.4869 0.8734 0.0107
vn 0.3643 0.9313 0.0060
vn 0.2394 0.9708 0.0181
vn 0.2645 0.9635 0.0401
vn 0.3722 0.9273 0.0396
vn 0.4896 0.8712 0.0364
vn 0.2722 0.8881 0.3704
vn 0.2319 0.8788 0.4171
vn 0.2238 0.8813 0.4162
vn 0.2272 0.8799 0.4174
vn 0.2823 0.9174 0.2804
vn 0.2542 0.9164 0.3093
vn 0.3093 0.8890 0.3378
vn 0.3093 0.8889 0.3378
vn 0.3073 0.8818 0.3578
vn 0.2063 0.9314 0.3000
vn 0.1962 0.9123 0.3594
vn 0.1958 0.9121 0.3603
vn 0.1926 0.9137 0.3580
vn 0.2338 0.9198 0.3151
vn 0.1545 0.9734 0.1694
vn 0.1299 0.9757 0.1766
vn 0.1791 0.9695 0.1676
vn 0.1712 0.9748 0.1431
vn 0.1518 0.9782 0.1416
vn 0.1307 0.9808 0.1451
vn 0.1077 0.9827 0.1505
vn 0.1053 0.9770 0.1856
vn 0.0971 0.9779 0.1851
vn 0.3426 0.9364 0.0764
vn 0.3184 0.9465 0.0523
vn 0.3518 0.9316 0.0914
vn 0.2673 0.9609 0.0727
vn 0.2679 0.9617 0.0585
vn 0.2694 0.9614 0.0562
vn 0.3697 0.9238 0.0999
vn 0.2819 0.9562 0.0785
vn 0.4384 0.8920 0.1099
vn 0.0458 0.9930 0.1084
vn -0.0159 0.9999 -0.0017
vn 0.0161 0.9998 0.0108
vn -0.0016 0.9999 -0.0112
vn -0.4953 -0.8677 -0.0432
vn -0.1022 0.9947 -0.0142
vn 0.0456 0.9989 -0.0049
vn 0.0466 0.9989 -0.0002
vn -0.1547 -0.9868 -0.0489
vn -0.1518 -0.9872 -0.0493
vn -0.2017 -0.9766 -0.0741
vn -0.1633 -0.9863 -0.0232
vn -0.1832 -0.9829 -0.0193
vn -0.3105 -0.9254 -0.2174
vn -0.5393 -0.7949 -0.2780
vn -0.1601 -0.9760 -0.1474
vn -0.1750 -0.9763 -0.1276
vn -0.1232 0.9921 0.0245
vn -0.0522 0.9985 0.0167
vn -0.0054 0.9998 0.0188
vn -0.4874 0.8608 -0.1464
vn -0.2087 -0.9724 -0.1042
vn -0.1529 -0.9846 -0.0842
vn -0.1418 -0.9832 -0.1149
vn -0.1424 -0.9831 -0.1149
vn -0.1365 -0.9807 -0.1398
vn -0.1370 -0.9771 -0.1630
vn -0.1591 -0.9729 -0.1676
vn -0.2519 0.9670 0.0394
vn -0.1452 0.9864 0.0765
vn -0.2344 0.9719 -0.0201
vn -0.7468 -0.6647 0.0211
vn -0.6847 -0.7276 -0.0433
vn -0.0144 0.9989 0.0445
vn -0.3286 0.9438 0.0342
vn 0.0215 0.9997 0.0112
vn -0.0074 0.9999 -0.0139
vn -0.0135 0.9990 0.0422
vn -0.3327 0.9430 -0.0091
vn -0.0072 0.9999 -0.0129
vn -0.6774 -0.7356 -0.0011
vn -0.0745 0.9957 0.0553
vn -0.1067 0.9904 0.0877
vn -0.1546 0.9876 0.0275
vn -0.7491 -0.6625 -0.0003
vn -0.6366 -0.7673 -0.0777
vn 0.0338 0.9988 0.0359
vn 0.0326 0.9975 0.0622
vn -0.0780 0.9967 0.0205
vn 0.0349 0.9934 0.1092
vn 0.0086 0.9968 0.0791
vn 0.0225 0.9942 0.1049
vn -0.3162 0.9484 0.0256
vn -0.0100 0.9982 0.0591
vn -0.3567 -0.9339 -0.0256
vn -0.3741 -0.9273 -0.0150
vn -0.6549 -0.7551 -0.0290
vn -0.2754 -0.9612 -0.0142
vn -0.2664 -0.9637 -0.0181
vn -0.5452 -0.8370 -0.0467
vn -0.3163 -0.9483 -0.0265
vn -0.3438 -0.8709 -0.3514
vn -0.4571 0.8321 -0.3139
vn -0.4805 0.8597 -0.1735
vn -0.1057 0.9904 0.0895
vn -0.1818 -0.9626 -0.2010
vn -0.0733 0.9817 0.1760
vn -0.0357 0.9873 0.1545
vn 0.0031 0.9772 0.2125
vn 0.0178 0.9803 0.1966
vn -0.0016 0.9901 0.1401
vn -0.0278 0.9951 0.0951
vn -0.0602 0.9964 0.0602
vn -0.6149 -0.6790 -0.4010
vn -0.2155 -0.9505 -0.2240
vn 0.0289 0.9953 0.0923
vn 0.0380 0.9935 0.1072
vn 0.0294 0.9971 0.0702
vn 0.0346 0.9959 0.0831
vn 0.0112 0.9957 0.0915
vn 0.0341 0.9934 0.1096
vn 0.0442 0.9912 0.1245
vn 0.0522 0.9889 0.1394
vn 0.0464 0.9915 0.1214
vn 0.0425 0.9943 0.0982
vn 0.0369 0.9970 0.0679
vn 0.0368 0.9980 0.0522
vn 0.0154 0.9983 0.0562
vn 0.0084 0.9972 0.0740
vn 0.0549 0.9982 0.0245
vn 0.0613 0.9953 0.0744
vn 0.0411 0.9972 0.0629
vn 0.0439 0.9961 0.0764
vn 0.0521 0.9986 -0.0071
vn 0.0647 0.9816 0.1798
vn 0.0582 0.9858 0.1578
vn 0.0538 0.9847 0.1656
vn 0.0478 0.9888 0.1414
vn 0.0745 0.9775 0.1974
vn 0.0671 0.9818 0.1775
vn 0.0593 0.9858 0.1573
vn 0.0512 0.9889 0.1397
vn 0.0410 0.9914 0.1239
vn 0.0191 0.9940 0.1073
vn 0.0277 0.9915 0.1275
vn 0.0361 0.9871 0.1562
vn 0.0422 0.9821 0.1833
vn 0.0676 0.9673 0.2444
vn 0.0444 0.9734 0.2249
vn 0.0351 0.9674 0.2508
vn 0.0837 0.9864 0.1413
vn 0.0758 0.9904 0.1157
vn 0.0798 0.9859 0.1470
vn 0.0892 0.9823 0.1646
vn 0.0819 0.9755 0.2044
vn 0.0686 0.9820 0.1760
vn 0.0771 0.9770 0.1989
vn 0.0684 0.9974 0.0214
vn 0.0544 0.9982 0.0237
vn 0.2006 0.9793 0.0279
vn 0.1698 0.9852 0.0250
vn 0.2120 0.9739 0.0814
vn 0.1860 0.9787 0.0863
vn 0.0467 0.9987 0.0215
vn 0.0635 0.9967 0.0513
vn 0.0671 0.9963 0.0545
vn 0.2111 0.9750 0.0693
vn 0.1425 0.9885 0.0509
vn 0.1492 0.9687 0.1983
vn 0.1266 0.9727 0.1944
vn 0.1826 0.9539 0.2383
vn 0.1647 0.9717 0.1695
vn 0.1648 0.9754 0.1468
vn 0.1405 0.9778 0.1553
vn 0.1159 0.9809 0.1564
vn 0.0936 0.9840 0.1515
vn 0.1033 0.9794 0.1734
vn 0.1493 0.9436 0.2955
vn 0.1441 0.9472 0.2863
vn 0.1665 0.9478 0.2719
vn 0.2086 0.9678 0.1408
vn 0.2535 0.9509 0.1774
vn 0.2235 0.9656 0.1333
vn 0.1837 0.9740 0.1327
vn 0.1823 0.9706 0.1569
vn 0.1998 0.9553 0.2179
vn 0.2362 0.9513 0.1980
vn 0.2302 0.9557 0.1835
vn 0.2654 0.9438 0.1970
vn 0.2418 0.9529 0.1830
vn 0.2153 0.9622 0.1665
vn 0.1917 0.9696 0.1519
vn 0.2051 0.9632 0.1739
vn 0.1998 0.9666 0.1608
vn 0.0659 0.9877 0.1417
vn 0.0626 0.9912 0.1166
vn 0.0822 0.9815 0.1729
vn 0.0763 0.9881 0.1333
vn 0.0751 0.9867 0.1440
vn 0.0617 0.9885 0.1378
vn 0.0674 0.9779 0.1980
vn 0.0774 0.9794 0.1864
vn 0.0832 0.9777 0.1930
vn 0.0854 0.9841 0.1557
vn 0.3970 0.9060 0.1470
vn 0.3543 0.9251 0.1367
vn 0.3003 0.9446 0.1326
vn 0.3104 0.9404 0.1393
vn 0.3902 0.9117 0.1284
vn 0.3027 0.9488 0.0906
vn 0.2999 0.9474 0.1121
vn 0.3749 0.9197 0.1168
vn 0.2756 0.9433 0.1852
vn 0.2944 0.9445 0.1461
vn 0.2460 0.9611 0.1259
vn 0.2519 0.9574 0.1412
vn 0.2896 0.9431 0.1635
vn 0.3421 0.9271 0.1534
vn 0.2554 0.9575 0.1340
vn 0.4023 0.9039 0.1454
vn 0.0555 0.9949 0.0848
vn 0.0574 0.9925 0.1077
vn 0.0616 0.9898 0.1285
vn 0.0681 0.9870 0.1457
vn 0.0684 0.9952 0.0704
vn 0.0665 0.9955 0.0676
vn 0.0694 0.9962 0.0522
vn 0.0871 0.9901 0.1099
vn 0.0891 0.9929 0.0782
vn 0.1231 0.9905 0.0621
vn 0.1256 0.9886 0.0827
vn 0.1404 0.9866 0.0835
vn 0.1065 0.9932 0.0459
vn 0.1072 0.9923 0.0622
vn 0.1069 0.9908 0.0827
vn 0.1059 0.9879 0.1130
vn 0.1271 0.9856 0.1115
vn 0.1454 0.9832 0.1106
vn 0.1607 0.9807 0.1114
vn 0.1669 0.9830 0.0760
vn 0.1755 0.9798 0.0956
vn 0.1903 0.9786 0.0784
vn 0.1983 0.9748 0.1019
vn 0.1745 0.9779 0.1150
vn 0.1920 0.9737 0.1228
vn 0.2165 0.9668 0.1354
vn 0.2443 0.9576 0.1524
vn 0.2359 0.9648 0.1161
vn 0.2322 0.9688 0.0869
vn 0.2319 0.9702 0.0709
vn 0.0815 0.9959 0.0396
vn 0.0937 0.9947 0.0415
vn 0.1015 0.9943 0.0339
vn 0.0905 0.9946 0.0508
vn 0.0820 0.9940 0.0719
vn 0.4775 0.8733 -0.0967
vn 0.3618 0.9280 -0.0892
vn 0.3585 0.9297 -0.0845
vn 0.3764 0.9246 -0.0589
vn 0.4912 0.8683 -0.0687
vn 0.2835 0.9535 -0.1019
vn 0.2569 0.9633 -0.0781
vn 0.3778 0.9245 -0.0505
vn 0.4769 0.8782 -0.0369
vn 0.4783 0.8782 -0.0012
vn 0.3563 0.9335 -0.0393
vn 0.3425 0.9393 -0.0193
vn 0.3643 0.9313 -0.0026
vn 0.4869 0.8734 -0.0107
vn 0.4891 0.8714 -0.0380
vn 0.2645 0.9635 -0.0401
vn 0.3722 0.9273 -0.0396
vn 0.2394 0.9708 -0.0181
vn 0.0659 0.9978 0.0102
vn 0.0677 0.9776 -0.1991
vn 0.2238 0.8813 -0.4162
vn 0.2385 0.8807 -0.4093
vn 0.2722 0.8881 -0.3704
vn 0.2136 0.9308 -0.2966
vn 0.2412 0.9218 -0.3035
vn 0.1927 0.9135 -0.3584
vn 0.1962 0.9123 -0.3594
vn 0.2823 0.9174 -0.2804
vn 0.3093 0.8889 -0.3378
vn 0.3095 0.8876 -0.3410
vn 0.2542 0.9164 -0.3092
vn 0.1746 0.9685 -0.1774
vn 0.1464 0.9721 -0.1832
vn 0.1197 0.9751 -0.1866
vn 0.0961 0.9774 -0.1881
vn 0.0985 0.9732 -0.2078
vn 0.1039 0.9819 -0.1581
vn 0.1273 0.9800 -0.1529
vn 0.1500 0.9777 -0.1472
vn 0.1711 0.9747 -0.1438
vn 0.4362 0.8948 -0.0947
vn 0.3518 0.9316 -0.0914
vn 0.3273 0.9396 -0.0998
vn 0.3426 0.9364 -0.0764
vn 0.4328 0.8944 -0.1130
vn 0.2819 0.9562 -0.0785
vn 0.3697 0.9238 -0.0999
vn 0.2694 0.9614 -0.0562
vn 0.2684 0.9599 -0.0807
vn 0.0421 0.9960 -0.0790
vn 0.0427 0.9944 -0.0967
vn 0.0418 0.9944 -0.0966
vn 0.0480 0.9925 -0.1123
vn -0.0159 0.9999 0.0017
vn -0.5345 -0.8410 0.0834
vn -0.4953 -0.8677 0.0432
vn -0.0016 0.9999 0.0112
vn 0.0229 0.9996 0.0184
vn 0.0005 1.0000 -0.0087
vn -0.1022 0.9947 0.0142
vn -0.1676 -0.9847 0.0473
vn 0.0479 0.9988 0.0056
vn -0.1602 -0.9760 0.1474
vn -0.5393 -0.7950 0.2780
vn -0.1750 -0.9763 0.1276
vn -0.0988 0.9947 -0.0300
vn -0.3510 -0.9009 0.2554
vn -0.1591 -0.9729 0.1676
vn -0.1370 -0.9771 0.1630
vn -0.1365 -0.9807 0.1398
vn -0.1418 -0.9832 0.1149
vn -0.1529 -0.9846 0.0842
vn -0.2087 -0.9724 0.1042
vn -0.4874 0.8608 0.1464
vn -0.0490 0.9988 -0.0094
vn -0.1274 0.9918 -0.0038
vn -0.2519 0.9670 -0.0394
vn -0.7581 -0.6521 0.0056
vn -0.7468 -0.6647 -0.0211
vn -0.2344 0.9719 0.0201
vn -0.1094 0.9926 0.0521
vn -0.3286 0.9438 -0.0342
vn -0.0144 0.9989 -0.0445
vn -0.6674 -0.7446 0.0132
vn -0.6774 -0.7356 0.0011
vn -0.0072 0.9999 0.0129
vn -0.3327 0.9430 0.0091
vn 0.0215 0.9997 -0.0112
vn -0.0135 0.9990 -0.0422
vn -0.0074 0.9999 0.0139
vn -0.0745 0.9957 -0.0553
vn -0.7671 -0.6402 0.0399
vn -0.7491 -0.6625 0.0003
vn -0.1546 0.9876 -0.0275
vn -0.1067 0.9904 -0.0877
vn 0.0338 0.9988 -0.0359
vn -0.0780 0.9967 -0.0205
vn 0.0292 0.9974 -0.0658
vn -0.3069 -0.9517 0.0012
vn -0.3511 -0.9363 0.0081
vn -0.6037 -0.7963 0.0366
vn -0.3845 -0.9229 0.0221
vn -0.6549 -0.7551 0.0290
vn -0.3567 -0.9339 0.0256
vn -0.0097 0.9978 -0.0655
vn 0.0102 0.9961 -0.0879
vn -0.2631 0.9633 -0.0531
vn 0.0349 0.9934 -0.1092
vn 0.0225 0.9942 -0.1049
vn 0.0086 0.9968 -0.0791
vn -0.2340 -0.9498 0.2079
vn -0.9153 -0.2528 0.3137
vn -0.8345 -0.4873 0.2574
vn -0.1693 0.9743 -0.1484
vn -0.1818 -0.9626 0.2010
vn -0.1792 -0.9673 0.1794
vn -0.3721 -0.8954 0.2444
vn -0.0887 0.9942 -0.0605
vn -0.0450 0.9935 -0.1044
vn -0.0089 0.9882 -0.1531
vn 0.0178 0.9803 -0.1966
vn 0.0031 0.9772 -0.2125
vn -0.0357 0.9873 -0.1545
vn -0.0733 0.9817 -0.1760
vn -0.2683 -0.9167 0.2962
vn -0.1716 -0.9617 0.2137
vn 0.0289 0.9953 -0.0923
vn 0.0294 0.9971 -0.0702
vn 0.0380 0.9935 -0.1072
vn 0.0346 0.9959 -0.0831
vn 0.0112 0.9957 -0.0915
vn 0.0084 0.9972 -0.0740
vn 0.0154 0.9983 -0.0562
vn 0.0368 0.9980 -0.0522
vn 0.0369 0.9970 -0.0679
vn 0.0425 0.9943 -0.0982
vn 0.0464 0.9915 -0.1214
vn 0.0522 0.9889 -0.1394
vn 0.0442 0.9912 -0.1245
vn 0.0341 0.9934 -0.1096
vn 0.0565 0.9982 -0.0205
vn 0.0618 0.9938 -0.0922
vn 0.0439 0.9961 -0.0764
vn 0.0411 0.9972 -0.0629
vn 0.0613 0.9953 -0.0744
vn 0.0632 0.9980 0.0001
vn 0.0432 0.9991 0.0039
vn 0.0688 0.9832 -0.1691
vn 0.0571 0.9858 -0.1577
vn 0.0641 0.9872 -0.1459
vn 0.0527 0.9897 -0.1328
vn 0.0590 0.9794 -0.1932
vn 0.0422 0.9822 -0.1833
vn 0.0394 0.9880 -0.1491
vn 0.0326 0.9921 -0.1212
vn 0.0256 0.9944 -0.1029
vn 0.0473 0.9920 -0.1168
vn 0.0581 0.9898 -0.1298
vn 0.0668 0.9871 -0.1454
vn 0.0737 0.9838 -0.1631
vn 0.0790 0.9796 -0.1850
vn 0.0504 0.9625 -0.2666
vn 0.0317 0.9667 -0.2539
vn 0.0393 0.9722 -0.2309
vn 0.0560 0.9709 -0.2330
vn 0.0759 0.9845 -0.1583
vn 0.0838 0.9793 -0.1842
vn 0.0760 0.9836 -0.1637
vn 0.0823 0.9800 -0.1811
vn 0.0623 0.9972 -0.0402
vn 0.0635 0.9974 -0.0351
vn 0.0429 0.9982 -0.0421
vn 0.1698 0.9852 -0.0250
vn 0.2006 0.9793 -0.0279
vn 0.1958 0.9806 -0.0082
vn 0.1666 0.9860 -0.0093
vn 0.0547 0.9976 -0.0417
vn 0.0527 0.9964 -0.0669
vn 0.0513 0.9939 -0.0979
vn 0.0535 0.9916 -0.1181
vn 0.2120 0.9739 -0.0815
vn 0.2054 0.9767 -0.0622
vn 0.1794 0.9817 -0.0633
vn 0.0713 0.9973 -0.0203
vn 0.0738 0.9951 -0.0661
vn 0.2034 0.9779 -0.0491
vn 0.1492 0.9687 -0.1983
vn 0.1266 0.9727 -0.1944
vn 0.1401 0.9774 -0.1584
vn 0.1205 0.9813 -0.1502
vn 0.1826 0.9539 -0.2383
vn 0.1665 0.9478 -0.2719
vn 0.1494 0.9436 -0.2954
vn 0.1491 0.9435 -0.2958
vn 0.1033 0.9794 -0.1734
vn 0.1004 0.9857 -0.1351
vn 0.1600 0.9749 -0.1548
vn 0.1646 0.9688 -0.1853
vn 0.1982 0.9672 -0.1587
vn 0.1868 0.9739 -0.1286
vn 0.2543 0.9464 -0.1990
vn 0.2205 0.9489 -0.2260
vn 0.2008 0.9563 -0.2124
vn 0.1823 0.9690 -0.1670
vn 0.1768 0.9738 -0.1431
vn 0.2252 0.9642 -0.1404
vn 0.2293 0.9567 -0.1795
vn 0.2512 0.9499 -0.1862
vn 0.2148 0.9631 -0.1619
vn 0.2003 0.9649 -0.1700
vn 0.2085 0.9614 -0.1797
vn 0.1917 0.9706 -0.1457
vn 0.2145 0.9643 -0.1555
vn 0.2409 0.9554 -0.1708
vn 0.0491 0.9945 -0.0927
vn 0.0527 0.9933 -0.1029
vn 0.0651 0.9878 -0.1412
vn 0.0718 0.9896 -0.1250
vn 0.0766 0.9872 -0.1398
vn 0.0805 0.9894 -0.1205
vn 0.0885 0.9846 -0.1506
vn 0.0782 0.9742 -0.2116
vn 0.3970 0.9060 -0.1470
vn 0.3908 0.9116 -0.1273
vn 0.3104 0.9404 -0.1393
vn 0.3003 0.9446 -0.1326
vn 0.3747 0.9171 -0.1361
vn 0.4518 0.8810 -0.1401
vn 0.4039 0.9040 -0.1403
vn 0.2896 0.9431 -0.1635
vn 0.2554 0.9575 -0.1340
vn 0.3421 0.9271 -0.1534
vn 0.2519 0.9574 -0.1412
vn 0.2460 0.9611 -0.1259
vn 0.2782 0.9432 -0.1817
vn 0.2944 0.9445 -0.1461
vn 0.2759 0.9445 -0.1785
vn 0.3766 0.9190 -0.1161
vn 0.3047 0.9460 -0.1103
vn 0.0684 0.9952 -0.0704
vn 0.0665 0.9955 -0.0676
vn 0.0694 0.9962 -0.0522
vn 0.0637 0.9943 -0.0854
vn 0.0780 0.9966 -0.0267
vn 0.1261 0.9886 -0.0819
vn 0.1073 0.9933 -0.0440
vn 0.1604 0.9806 -0.1129
vn 0.1459 0.9832 -0.1094
vn 0.1287 0.9858 -0.1084
vn 0.1083 0.9881 -0.1088
vn 0.1086 0.9909 -0.0800
vn 0.1085 0.9923 -0.0601
vn 0.1987 0.9750 -0.0996
vn 0.2354 0.9684 -0.0827
vn 0.2384 0.9646 -0.1129
vn 0.2452 0.9577 -0.1506
vn 0.2161 0.9661 -0.1414
vn 0.1920 0.9729 -0.1291
vn 0.1741 0.9774 -0.1195
vn 0.1612 0.9826 -0.0928
vn 0.1529 0.9855 -0.0735
vn 0.0847 0.9935 -0.0762
vn 0.1011 0.9942 -0.0364
vn 0.0930 0.9952 -0.0306
vn 0.4366 0.8842 -0.1660
vn 0.4793 0.8641 -0.1536
vn 0.0930 0.9641 -0.2489
vn 0.4982 0.8534 0.1531
vn 0.5060 0.8489 0.1528
vn 0.0908 0.9562 0.2781
vn 0.5372 0.8372 -0.1029
vn 0.5192 0.8503 -0.0867
vn 0.5200 0.8417 0.1452
vn 0.4704 -0.8821 -0.0250
vn 0.6037 0.7944 0.0665
vn 0.6133 0.7879 0.0559
vn -0.3058 0.8552 0.4185
vn -0.4746 0.8799 0.0246
vn 0.0713 0.9761 0.2051
vn 0.0768 0.9799 0.1842
vn 0.6037 0.7945 -0.0665
vn 0.5892 0.8036 -0.0836
vn 0.5887 0.8054 -0.0690
vn 0.0686 0.9822 0.1749
vn 0.0744 0.9853 0.1539
vn 0.5892 0.8036 0.0836
vn 0.0715 0.7757 -0.6270
vn -0.2856 0.8711 0.3995
vn 0.4794 0.8583 -0.1828
vn 0.4782 0.8617 -0.1700
vn 0.0504 0.9921 -0.1151
vn 0.5766 0.8132 0.0787
vn 0.5887 0.8054 0.0690
vn 0.0514 0.9890 0.1386
vn 0.0662 0.9704 0.2323
vn -0.4746 0.8798 -0.0251
vn 0.0725 0.9765 -0.2031
vn 0.0741 0.7974 0.5989
vn 0.0680 0.7959 0.6016
vn 0.0708 0.8161 0.5735
vn 0.0700 0.7788 -0.6234
vn 0.0745 0.7991 -0.5965
vn 0.0715 0.7391 0.6697
vn 0.0716 0.7393 0.6696
vn 0.6133 0.7879 -0.0559
vn -0.2841 0.8714 -0.3998
vn 0.0744 0.9853 -0.1539
vn 0.0686 0.9822 -0.1749
vn -0.4746 0.8799 -0.0240
vn 0.0476 0.9553 -0.2916
vn 0.6112 0.7912 -0.0198
vn 0.6117 0.7909 -0.0172
vn 0.0750 0.7372 0.6715
vn 0.0750 0.7373 0.6714
vn 0.0719 0.7560 0.6507
vn 0.0738 0.7563 0.6500
vn 0.0719 0.7560 0.6506
vn 0.0749 0.7375 0.6711
vn 0.0585 0.9908 -0.1217
vn 0.5009 0.8581 -0.1127
vn 0.4854 0.8670 -0.1124
vn 0.0299 0.9634 -0.2666
vn 0.0680 0.7959 -0.6016
vn 0.0716 0.7757 -0.6270
vn 0.5060 0.8489 -0.1528
vn 0.4982 0.8534 -0.1531
vn 0.3194 0.9210 -0.2230
vn 0.3285 0.9144 -0.2365
vn 0.4787 0.8644 0.1536
vn 0.4779 0.8648 0.1543
vn 0.0708 0.7711 0.6328
vn 0.1179 0.9538 -0.2764
vn 0.4362 0.8843 0.1664
vn 0.4357 0.8819 0.1799
vn 0.3710 0.8791 0.2994
vn 0.4890 -0.8720 -0.0239
vn 0.3822 0.9033 -0.1947
vn 0.3822 0.9033 -0.1950
vn 0.0619 0.9860 -0.1547
vn 0.0709 0.8163 -0.5733
vn 0.0691 0.7914 -0.6074
vn 0.6148 0.7885 0.0158
vn -0.4395 0.8982 0.0076
vn 0.0717 0.7563 -0.6503
vn 0.0702 0.9694 -0.2353
vn 0.0281 0.9625 0.2699
vn 0.0278 0.9623 0.2704
vn 0.0297 0.9632 0.2671
vn 0.6109 0.7915 0.0192
vn 0.6122 0.7903 0.0240
vn 0.6165 0.7872 0.0108
vn 0.0688 0.7964 0.6008
vn 0.6115 0.7903 0.0395
vn 0.6122 0.7898 0.0385
vn 0.5020 0.8587 0.1030
vn 0.4998 0.8606 0.0978
vn 0.5176 0.8501 0.0973
vn 0.5206 0.8413 -0.1456
vn 0.5193 0.8415 -0.1487
vn 0.0725 0.9765 0.2031
vn -0.5154 0.8565 0.0277
vn 0.6138 0.7888 -0.0338
vn 0.6134 0.7890 -0.0359
vn 0.5192 0.8503 0.0867
vn 0.5372 0.8372 0.1029
vn -0.4748 0.8798 -0.0238
vn 0.0768 0.9799 -0.1842
vn 0.3821 0.9032 0.1955
vn 0.3822 0.9033 0.1950
vn 0.4840 0.8651 0.1320
vn 0.4840 0.8651 0.1321
vn -0.0683 -0.7819 0.6196
vn 0.0619 0.9860 0.1546
vn 0.0574 0.9815 0.1825
vn 0.5598 0.8238 -0.0899
vn 0.5712 0.8166 -0.0831
vn 0.6150 0.7883 -0.0196
vn 0.6167 0.7870 -0.0150
vn 0.6122 0.7903 -0.0240
vn 0.6117 0.7909 0.0172
vn 0.4362 0.8843 -0.1664
vn 0.4994 0.8523 -0.1557
vn 0.0699 0.7787 0.6235
vn 0.0662 0.7588 0.6480
vn 0.4840 0.8651 -0.1321
vn 0.4840 0.8651 -0.1320
vn 0.6192 0.7852 -0.0067
vn 0.3285 0.9144 0.2365
vn 0.3194 0.9210 0.2230
vn 0.4994 0.8523 0.1557
vn -0.4995 0.8660 -0.0244
vn 0.1220 0.9447 0.3043
vn 0.0653 0.9871 -0.1463
vn 0.0742 0.7562 -0.6501
vn 0.5400 0.8374 -0.0845
vn 0.4854 0.8671 0.1124
vn 0.5009 0.8581 0.1127
vn 0.5400 0.8374 0.0845
vn 0.0719 0.7817 -0.6195
vn 0.0683 0.7353 -0.6742
vn -0.2726 0.8803 -0.3882
vn -0.2961 0.8633 0.4086
vn -0.0742 -0.7588 -0.6470
vn 0.0696 0.7787 0.6235
vn 0.3703 0.8787 -0.3013
vn 0.5176 0.8501 -0.0973
vn 0.4998 0.8606 -0.0978
vn 0.5020 0.8587 -0.1030
vt 0.535740 -0.041015
vt 0.554527 -0.042166
vt 0.554518 -0.040357
vt 0.535690 -0.042849
vt 0.554539 -0.043979
vt 0.535793 -0.039185
vt 0.554512 -0.038552
vt 0.572562 -0.039059
vt 0.572506 -0.037507
vt 0.572623 -0.040621
vt 0.572688 -0.042190
vt 0.572759 -0.043767
vt 0.535639 -0.044684
vt 0.554554 -0.045799
vt 0.516213 -0.044597
vt 0.535591 -0.046522
vt 0.496095 -0.044024
vt 0.516122 -0.046445
vt 0.476208 -0.040444
vt 0.482711 -0.039030
vt 0.476251 -0.038580
vt 0.482688 -0.040917
vt 0.489315 -0.039415
vt 0.476162 -0.042308
vt 0.482660 -0.042805
vt 0.489301 -0.041385
vt 0.469855 -0.038127
vt 0.476291 -0.036716
vt 0.469921 -0.036270
vt 0.482728 -0.037145
vt 0.489322 -0.037521
vt 0.489251 -0.045311
vt 0.489280 -0.043350
vt 0.482625 -0.044692
vt 0.476114 -0.044171
vt 0.469657 -0.043696
vt 0.469723 -0.041840
vt 0.469789 -0.039984
vt 0.877204 0.074306
vt 0.911817 0.110860
vt 0.911324 0.112141
vt 0.941051 0.154942
vt 0.940380 0.155913
vt 0.877421 0.072718
vt 0.912313 0.109573
vt 0.941726 0.153966
vt 0.838223 0.047225
vt 0.876992 0.075886
vt 0.910834 0.113416
vt 0.939710 0.156879
vt 0.964793 0.207248
vt 0.963706 0.208702
vt 0.965867 0.205800
vt 0.966930 0.204358
vt 0.942403 0.152984
vt 0.877644 0.071123
vt 0.912810 0.108279
vt 0.839000 0.042510
vt 0.877870 0.069521
vt 0.838747 0.044051
vt 0.838488 0.045623
vt 0.611097 -0.035557
vt 0.649505 -0.026282
vt 0.610842 -0.033785
vt 0.649878 -0.028015
vt 0.687909 -0.016969
vt 0.611352 -0.037332
vt 0.650251 -0.029749
vt 0.688386 -0.018632
vt 0.610588 -0.032014
vt 0.649134 -0.024551
vt 0.687433 -0.015307
vt 0.725230 -0.004104
vt 0.725817 -0.005696
vt 0.688865 -0.020296
vt 0.726406 -0.007291
vt 0.689344 -0.021962
vt 0.726995 -0.008887
vt 0.650625 -0.031485
vt 0.611607 -0.039111
vt 0.995046 0.310260
vt 1.016622 0.419784
vt 1.015633 0.420672
vt 1.027588 0.538164
vt 1.026379 0.538606
vt 0.995739 0.309038
vt 1.017612 0.418894
vt 1.028798 0.537720
vt 0.994359 0.311481
vt 1.014644 0.421555
vt 1.025171 0.539047
vt 1.026608 0.662305
vt 1.025157 0.662446
vt 1.028057 0.662163
vt 1.029504 0.662022
vt 1.030949 0.661879
vt 1.030010 0.537274
vt 0.996436 0.307814
vt 1.018602 0.418002
vt 0.997138 0.306588
vt 1.029124 0.785047
vt 1.029202 0.901411
vt 1.027875 0.784388
vt 1.030473 0.902874
vt 1.031090 1.013867
vt 1.030372 0.785706
vt 1.031742 0.904339
vt 1.032339 1.016071
vt 1.026625 0.783729
vt 1.027931 0.899946
vt 1.029810 1.011663
vt 1.031701 1.115770
vt 1.031692 1.118540
vt 1.033560 1.018279
vt 1.031775 1.121559
vt 0.755311 0.002941
vt 0.783035 0.016284
vt 0.754732 0.004512
vt 0.783622 0.014776
vt 0.811089 0.029537
vt 0.755893 0.001369
vt 0.784211 0.013266
vt 0.811692 0.028074
vt 0.754154 0.006080
vt 0.782450 0.017791
vt 0.810486 0.030995
vt 0.812295 0.026606
vt 0.812899 0.025133
vt 0.784800 0.011755
vt 0.756476 -0.000205
vt 0.727586 -0.010486
vt 0.978566 0.310480
vt 0.991113 0.419600
vt 0.970815 0.310058
vt 0.998850 0.420250
vt 1.001000 0.537291
vt 0.986410 0.310910
vt 1.006694 0.420902
vt 1.008995 0.537849
vt 1.002138 0.619213
vt 1.000959 0.596607
vt 1.017031 0.538461
vt 1.008260 0.661850
vt 1.016670 0.662153
vt 0.956369 0.212169
vt 1.009805 0.785148
vt 1.019577 0.902152
vt 1.011228 0.904405
vt 1.021647 1.015227
vt 1.013525 1.018892
vt 1.005430 1.022625
vt 1.016371 1.126597
vt 1.008258 1.131725
vt 1.024363 1.121224
vt 1.018213 0.784415
vt 0.555139 -0.068579
vt 0.535241 -0.058055
vt 0.534933 -0.069747
vt 0.515368 -0.058197
vt 0.514663 -0.069965
vt 0.495235 -0.058375
vt 0.494435 -0.070166
vt 0.496033 -0.046214
vt 0.554798 -0.057054
vt 0.573742 -0.054544
vt 0.574793 -0.065574
vt 0.575933 -0.076806
vt 0.555845 -0.080145
vt 0.488682 -0.057341
vt 0.481637 -0.068120
vt 0.488031 -0.069001
vt 0.482168 -0.056539
vt 0.475235 -0.067443
vt 0.475693 -0.055904
vt 0.468826 -0.066915
vt 0.469240 -0.055389
vt 0.811174 0.042121
vt 0.836470 0.056700
vt 0.949016 0.146402
vt 0.924756 0.092623
vt 0.955567 0.139056
vt 0.882931 0.060484
vt 0.918536 0.100154
vt 0.967981 0.202924
vt 0.974438 0.195418
vt 0.693011 -0.032134
vt 0.656504 -0.052604
vt 0.696725 -0.042360
vt 0.653544 -0.042014
vt 0.615790 -0.060789
vt 0.617697 -0.071866
vt 0.613684 -0.049891
vt 0.731983 -0.020263
vt 0.736431 -0.030092
vt 1.054772 0.529967
vt 1.033374 0.407857
vt 1.041247 0.403208
vt 1.046487 0.532956
vt 1.025958 0.412993
vt 1.003336 0.299167
vt 1.010045 0.291933
vt 1.038205 0.535145
vt 1.039459 0.661391
vt 1.047878 0.660906
vt 1.048777 0.787316
vt 1.040188 0.786844
vt 0.515713 -0.016062
vt 0.534526 -0.006013
vt 0.515434 -0.004924
vt 0.534874 -0.016927
vt 0.553415 -0.006065
vt 0.516047 -0.027417
vt 0.535288 -0.027987
vt 0.553714 -0.016832
vt 0.572118 -0.005704
vt 0.554070 -0.027663
vt 0.572236 -0.016328
vt 0.572365 -0.026943
vt 0.516528 -0.038980
vt 0.496276 -0.037746
vt 0.496180 -0.025390
vt 0.496165 -0.013671
vt 0.477072 -0.013503
vt 0.483138 -0.025323
vt 0.483431 -0.013733
vt 0.489628 -0.025475
vt 0.489804 -0.013801
vt 0.476715 -0.025025
vt 0.470332 -0.024624
vt 0.470731 -0.013137
vt 0.872604 0.084736
vt 0.900872 0.129303
vt 0.868260 0.093364
vt 0.933935 0.164188
vt 0.928313 0.171379
vt 0.952177 0.214586
vt 0.939694 0.194934
vt 0.905773 0.121462
vt 0.761418 -0.009398
vt 0.766296 -0.018828
vt 0.790259 0.003249
vt 0.818751 0.017068
vt 0.611371 0.000538
vt 0.650160 -0.002446
vt 0.650657 0.008512
vt 0.688898 0.006924
vt 0.689638 0.017963
vt 0.611129 -0.010251
vt 0.649653 -0.013465
vt 0.688171 -0.004148
vt 0.708979 0.022434
vt 0.697492 0.020165
vt 0.726142 0.007179
vt 0.727026 0.018361
vt 0.610869 -0.021101
vt 1.007321 1.135047
vt 1.014646 1.133389
vt 1.006389 1.138347
vt 1.013709 1.136702
vt 1.005466 1.141631
vt 1.015545 1.130008
vt 1.023232 1.128109
vt 1.022345 1.131738
vt 1.031939 1.124839
vt 1.023878 1.124599
vt 0.423612 -0.034315
vt 0.404464 -0.033609
vt 0.423575 -0.036161
vt 0.404386 -0.035418
vt 0.423535 -0.038012
vt 0.404539 -0.031803
vt 0.385999 -0.030360
vt 0.385863 -0.032137
vt 0.443682 -0.033812
vt 0.443565 -0.036044
vt 0.443462 -0.038237
vt 0.443373 -0.040402
vt 0.423490 -0.039865
vt 0.443296 -0.042547
vt 0.404306 -0.037231
vt 0.385725 -0.033919
vt 0.368036 -0.029463
vt 0.368212 -0.027926
vt 0.386131 -0.028586
vt 0.368382 -0.026394
vt 0.386258 -0.026817
vt 0.368547 -0.024869
vt 0.404611 -0.030001
vt 0.423645 -0.032474
vt 0.457006 -0.037206
vt 0.463371 -0.039534
vt 0.463461 -0.037672
vt 0.456895 -0.039090
vt 0.463284 -0.041395
vt 0.450410 -0.036691
vt 0.450286 -0.038647
vt 0.456790 -0.040975
vt 0.463553 -0.035811
vt 0.000000 0.000000
vt 0.463200 -0.043255
vt 0.450172 -0.040606
vt 0.456690 -0.042858
vt 0.450067 -0.042561
vt 0.450545 -0.034745
vt 0.457124 -0.035325
vt 0.081840 0.123980
vt 0.051805 0.161674
vt 0.081566 0.122634
vt 0.051302 0.160523
vt 0.081285 0.121282
vt 0.052307 0.162820
vt 0.026287 0.205881
vt 0.025582 0.204995
vt 0.116445 0.092395
vt 0.116034 0.090837
vt 0.115631 0.089304
vt 0.115235 0.087796
vt 0.081000 0.119925
vt 0.114846 0.086315
vt 0.050797 0.159367
vt 0.024874 0.204105
vt 0.004396 0.255556
vt 0.026990 0.206762
vt 0.005485 0.256808
vt 0.027690 0.207637
vt 0.006585 0.258065
vt 0.052806 0.163962
vt 0.082108 0.125321
vt 0.294491 -0.002555
vt 0.331230 -0.016311
vt 0.331587 -0.014634
vt 0.294025 -0.004189
vt 0.330872 -0.017991
vt 0.257762 0.011119
vt 0.257199 0.009556
vt 0.293559 -0.005825
vt 0.331944 -0.012958
vt 0.368706 -0.023353
vt 0.330514 -0.019674
vt 0.256634 0.007994
vt 0.293093 -0.007462
vt 0.220353 0.023681
vt 0.256068 0.006429
vt 0.221020 0.025161
vt 0.221687 0.026639
vt 0.222352 0.028115
vt 0.258325 0.012680
vt 0.294955 -0.000921
vt -0.016277 0.358795
vt -0.030663 0.464413
vt -0.016981 0.357731
vt -0.031680 0.463678
vt -0.017691 0.356667
vt -0.029647 0.465145
vt -0.032982 0.576766
vt -0.034129 0.576535
vt 0.007697 0.259327
vt -0.018405 0.355602
vt 0.003318 0.254309
vt -0.032697 0.462940
vt -0.035278 0.576303
vt -0.026885 0.690212
vt -0.025589 0.690096
vt -0.031838 0.576995
vt -0.024291 0.689980
vt -0.030695 0.577223
vt -0.022992 0.689865
vt -0.028632 0.465874
vt -0.015577 0.359856
vt -0.005583 0.891307
vt -0.015373 0.797252
vt -0.014378 0.796484
vt -0.006434 0.892656
vt -0.016366 0.798021
vt 0.001925 0.970169
vt 0.001214 0.971763
vt -0.007282 0.894006
vt -0.013381 0.795718
vt -0.021691 0.689751
vt -0.017358 0.798792
vt 0.000539 0.973344
vt -0.008127 0.895356
vt 0.006996 1.023808
vt -0.000097 0.974910
vt 0.006162 1.023089
vt 0.005471 1.022180
vt 0.004817 1.021086
vt 0.002672 0.968567
vt -0.004730 0.889957
vt 0.167584 0.055077
vt 0.193668 0.038587
vt 0.194332 0.040032
vt 0.166922 0.053691
vt 0.193002 0.037140
vt 0.141263 0.071614
vt 0.140586 0.070277
vt 0.166258 0.052304
vt 0.194994 0.041474
vt 0.219683 0.022199
vt 0.192334 0.035691
vt 0.139906 0.068934
vt 0.165592 0.050914
vt 0.139226 0.067588
vt 0.141941 0.072946
vt 0.168245 0.056462
vt -0.006597 0.461275
vt -0.000756 0.357143
vt 0.006522 0.355880
vt -0.013835 0.462785
vt -0.008121 0.358426
vt -0.008514 0.572317
vt -0.015856 0.573906
vt -0.021179 0.464319
vt 0.014826 0.261818
vt -0.023225 0.575555
vt -0.014153 0.688213
vt -0.006689 0.686723
vt -0.004080 0.647151
vt 0.000859 0.794302
vt 0.001769 0.890300
vt -0.006256 0.794954
vt 0.008242 0.890810
vt 0.007901 0.969836
vt 0.013072 0.971438
vt 0.007331 1.023650
vt 0.018145 0.973293
vt 0.009354 1.027176
vt 0.383581 -0.056172
vt 0.403850 -0.048619
vt 0.384715 -0.044923
vt 0.403333 -0.060153
vt 0.423398 -0.051561
vt 0.362658 -0.061304
vt 0.364558 -0.050492
vt 0.366344 -0.039861
vt 0.423251 -0.063254
vt 0.443232 -0.054650
vt 0.456004 -0.066259
vt 0.449790 -0.054557
vt 0.449595 -0.066199
vt 0.462414 -0.066514
vt 0.456309 -0.054687
vt 0.443173 -0.066407
vt 0.462787 -0.054979
vt 0.194734 0.063194
vt 0.168182 0.067287
vt 0.194855 0.052397
vt 0.146121 0.087806
vt 0.142068 0.083700
vt 0.221960 0.050093
vt 0.222148 0.039157
vt 0.039239 0.145188
vt 0.018270 0.198489
vt 0.011720 0.192013
vt 0.076257 0.111698
vt 0.045097 0.152346
vt 0.062035 0.115152
vt -0.003225 0.247914
vt 0.104999 0.083103
vt 0.286115 -0.027242
vt 0.251896 -0.003005
vt 0.247673 -0.012488
vt 0.325062 -0.040143
vt 0.289624 -0.017327
vt 0.214827 0.013258
vt 0.209916 0.004275
vt 0.327806 -0.029864
vt 0.322277 -0.050501
vt -0.058819 0.573101
vt -0.047638 0.455913
vt -0.050836 0.574712
vt -0.039955 0.459108
vt -0.043008 0.575518
vt -0.042082 0.692139
vt -0.034518 0.691158
vt -0.024643 0.349292
vt -0.020415 0.901328
vt -0.004655 0.978305
vt -0.009065 0.982004
vt -0.031479 0.802520
vt -0.014298 0.898259
vt -0.012237 0.985658
vt 0.005366 1.031176
vt 0.002964 1.036121
vt 0.006616 1.027028
vt 0.007724 1.024295
vt -0.024423 0.800601
vt 0.408079 0.002497
vt 0.425974 -0.009916
vt 0.426985 0.001050
vt 0.407016 -0.008208
vt 0.424889 -0.021094
vt 0.389493 0.004929
vt 0.388494 -0.005606
vt 0.405869 -0.019045
vt 0.444636 -0.021708
vt 0.445451 -0.010148
vt 0.387426 -0.016191
vt 0.369546 -0.013039
vt 0.370368 -0.002668
vt 0.371170 0.007719
vt 0.464399 -0.012623
vt 0.457554 -0.023516
vt 0.463955 -0.024126
vt 0.458068 -0.011970
vt 0.451108 -0.022741
vt 0.451742 -0.011155
vt 0.062946 0.177780
vt 0.086766 0.132946
vt 0.091377 0.140385
vt 0.033533 0.213974
vt 0.057947 0.170957
vt 0.118804 0.101206
vt 0.029702 0.243713
vt 0.159746 0.043368
vt 0.133019 0.060538
vt 0.186966 0.027394
vt 0.181662 0.018854
vt 0.332786 0.008284
vt 0.295123 0.009909
vt 0.332359 -0.002310
vt 0.295474 0.031387
vt 0.258236 0.034437
vt 0.295297 0.020676
vt 0.258279 0.023602
vt 0.239688 0.051895
vt 0.009502 1.034394
vt 0.008060 1.029340
vt 0.008934 1.028203
vt 0.007617 1.025447
vt 0.007654 1.024602
vt 0.007163 1.035785
vt 0.006830 1.030374
vt 0.007309 1.026252
vt 0.011722 1.032041
vt 0.007511 1.024631
vt 0.004918 1.036309
vt 0.550827 0.048598
vt 0.562150 0.021686
vt 0.543466 0.018075
vt 0.558908 0.077997
vt 0.570768 0.057888
vt 0.588297 0.088924
vt 0.572603 0.086234
vt 0.585613 0.103187
vt 0.589237 0.054695
vt 0.599390 0.084773
vt 0.582997 0.024028
vt 0.535230 0.045604
vt 0.527030 0.015512
vt 0.556301 0.107937
vt 0.545556 0.075366
vt 0.567506 0.109746
vt 0.597241 0.126661
vt 0.588438 0.125166
vt 0.595791 0.135613
vt 0.601761 0.119082
vt 0.578372 0.115112
vt 0.616488 0.086833
vt 0.610990 0.117061
vt 0.624323 0.119156
vt 0.610817 0.057118
vt 0.607510 0.027042
vt 0.487567 0.046352
vt 0.498790 0.015800
vt 0.485066 0.015130
vt 0.488032 0.076558
vt 0.505880 0.052682
vt 0.522424 0.082636
vt 0.502524 0.082885
vt 0.516195 0.098609
vt 0.521025 0.046108
vt 0.532964 0.076047
vt 0.512501 0.015136
vt 0.472671 0.045768
vt 0.471682 0.015177
vt 0.474583 0.108566
vt 0.473609 0.075934
vt 0.488232 0.108768
vt 0.527752 0.121562
vt 0.514026 0.121657
vt 0.523234 0.132201
vt 0.535301 0.112360
vt 0.501582 0.112640
vt 0.545189 0.108270
vt 0.964799 0.694146
vt 0.956124 0.735333
vt 0.967212 0.738635
vt 0.953345 0.691522
vt 0.943913 0.732030
vt 0.958619 0.778065
vt 0.969306 0.782020
vt 0.946714 0.774155
vt 0.973086 0.651265
vt 0.975670 0.696779
vt 0.961906 0.649382
vt 0.950154 0.647439
vt 0.940830 0.688818
vt 0.937338 0.645326
vt 0.926781 0.685945
vt 0.930099 0.728664
vt 0.933074 0.770247
vt 0.935899 0.809898
vt 0.949404 0.814439
vt 0.961007 0.818980
vt 0.971271 0.823551
vt 0.979299 0.786065
vt 0.980766 0.828193
vt 0.977670 0.742003
vt 0.959488 0.269486
vt 0.962703 0.271994
vt 0.955949 0.234063
vt 0.968157 0.300967
vt 0.925964 0.223185
vt 0.925139 0.178864
vt 0.907083 0.186109
vt 0.941600 0.261080
vt 0.943526 0.222434
vt 0.957066 0.317725
vt 0.966701 0.309191
vt 0.951917 0.294636
vt 0.970936 0.318018
vt 0.966677 0.337249
vt 0.977887 0.370261
vt 0.925563 0.363708
vt 0.923348 0.401532
vt 0.934339 0.401024
vt 0.914795 0.364115
vt 0.911219 0.401624
vt 0.929539 0.439634
vt 0.940921 0.439234
vt 0.917087 0.439638
vt 0.924022 0.326465
vt 0.935707 0.363022
vt 0.913771 0.326923
vt 0.902925 0.326969
vt 0.902867 0.364061
vt 0.891011 0.326465
vt 0.889234 0.363349
vt 0.897411 0.401080
vt 0.903058 0.439022
vt 0.907199 0.477704
vt 0.921529 0.478549
vt 0.934326 0.478803
vt 0.946068 0.478686
vt 0.951730 0.438644
vt 0.957222 0.478402
vt 0.944718 0.400302
vt 0.637544 0.063057
vt 0.670846 0.039269
vt 0.637026 0.032106
vt 0.660189 0.103641
vt 0.637641 0.092306
vt 0.679940 0.123615
vt 0.672851 0.076899
vt 0.710929 0.079978
vt 0.695282 0.111842
vt 0.721389 0.112234
vt 0.706935 0.047374
vt 0.640498 0.123582
vt 0.696324 0.149348
vt 0.674822 0.144347
vt 0.687772 0.156677
vt 0.657922 0.131666
vt 0.751121 0.121005
vt 0.734428 0.146062
vt 0.758959 0.152954
vt 0.745737 0.090893
vt 0.712196 0.144403
vt 0.742604 0.059582
vt 0.932700 1.123549
vt 0.945789 1.118166
vt 0.921189 1.108365
vt 0.898046 1.110956
vt 0.892073 1.094421
vt 0.792755 0.997796
vt 0.807473 1.022719
vt 0.817034 1.016375
vt 0.776676 0.973107
vt 0.771102 1.012562
vt 0.734438 1.007596
vt 0.757079 0.988901
vt 0.732253 0.991465
vt 0.765894 1.016171
vt 0.731707 1.012273
vt 0.800326 1.027884
vt 0.851723 1.016317
vt 0.845471 1.034046
vt 0.827929 0.988479
vt 0.840527 1.034803
vt 0.767750 0.933111
vt 0.791093 0.936831
vt 0.780398 0.916063
vt 0.749777 0.945094
vt 0.807513 0.961051
vt 0.706497 0.989787
vt 0.728891 0.948123
vt 0.707129 0.946888
vt 0.704418 1.004986
vt 0.726095 1.026751
vt 0.700335 1.010318
vt 0.694885 1.025250
vt 0.759486 1.030455
vt 0.827305 1.056103
vt 0.793365 1.041301
vt 0.834223 1.042742
vt 0.929739 1.079739
vt 0.902816 1.069986
vt 0.929342 1.084725
vt 0.875652 1.050664
vt 0.904448 1.065845
vt 0.925935 1.095186
vt 0.872892 1.052040
vt 0.898116 1.080516
vt 0.948252 1.084164
vt 0.950381 1.092196
vt 0.928321 1.073006
vt 0.904476 1.058614
vt 0.878132 1.040072
vt 0.867188 1.061551
vt 0.860340 1.075039
vt 0.949432 1.106311
vt 0.951441 1.096737
vt 0.566039 0.983812
vt 0.575323 1.002345
vt 0.584041 0.989175
vt 0.553575 0.966254
vt 0.546396 1.001073
vt 0.512163 1.000974
vt 0.534809 0.983140
vt 0.509465 0.987551
vt 0.541240 1.012357
vt 0.511324 1.012150
vt 0.569211 1.013012
vt 0.591964 0.948714
vt 0.603529 0.989686
vt 0.606931 0.949159
vt 0.577708 0.943458
vt 0.599549 1.002670
vt 0.546680 0.929012
vt 0.565914 0.929396
vt 0.558187 0.909728
vt 0.528906 0.942474
vt 0.481344 0.987075
vt 0.506662 0.947057
vt 0.482076 0.946888
vt 0.481090 0.999950
vt 0.508797 1.033056
vt 0.480861 1.011172
vt 0.480426 1.031866
vt 0.536897 1.033574
vt 0.590715 1.032482
vt 0.564331 1.033500
vt 0.595236 1.012903
vt 0.662513 0.982536
vt 0.676893 1.003731
vt 0.682474 0.988218
vt 0.638224 0.983458
vt 0.649815 0.964767
vt 0.622575 1.002793
vt 0.621981 0.989087
vt 0.645163 1.010123
vt 0.620008 1.011950
vt 0.671770 1.009909
vt 0.648898 1.002409
vt 0.686608 0.945413
vt 0.642875 0.927608
vt 0.656708 0.926489
vt 0.649355 0.908791
vt 0.633072 0.942304
vt 0.669281 0.940036
vt 0.620899 0.948183
vt 0.615892 1.030722
vt 0.640791 1.028113
vt 0.666712 1.026142
vt 0.968970 1.114304
vt 0.981561 1.112851
vt 0.968975 1.106010
vt 0.985179 1.116691
vt 0.989718 1.116984
vt 0.977731 1.108218
vt 0.966051 1.102558
vt 0.985850 1.107801
vt 0.967135 1.124838
vt 0.999987 1.120960
vt 0.995496 1.109667
vt 0.990992 1.099591
vt 0.983149 1.095078
vt 0.975160 1.095819
vt 0.963681 1.092077
vt 0.927954 1.022810
vt 0.905337 1.037503
vt 0.927802 1.053153
vt 0.928337 0.986383
vt 0.907024 1.006970
vt 0.881439 1.014287
vt 0.909019 0.972686
vt 0.885688 0.982036
vt 0.947116 1.063611
vt 0.946491 1.032783
vt 0.945976 0.995663
vt 0.945137 0.956645
vt 0.928298 0.948224
vt 0.910157 0.937369
vt 0.890299 0.952164
vt 0.893137 0.923411
vt 0.874407 0.921030
vt 0.866218 0.944235
vt 0.858587 0.981053
vt 0.760244 0.679892
vt 0.742782 0.780092
vt 0.763008 0.779917
vt 0.739448 0.677829
vt 0.723302 0.779035
vt 0.764502 0.867634
vt 0.726063 0.874055
vt 0.745645 0.873000
vt 0.776871 0.584751
vt 0.781966 0.681930
vt 0.755495 0.581885
vt 0.734788 0.579212
vt 0.719849 0.675812
vt 0.715261 0.576933
vt 0.701758 0.674246
vt 0.704872 0.777581
vt 0.706629 0.872781
vt 0.782673 0.864088
vt 0.784031 0.780350
vt 0.627430 0.675283
vt 0.638068 0.775428
vt 0.636644 0.674482
vt 0.618355 0.675856
vt 0.628861 0.778468
vt 0.639694 0.863160
vt 0.619604 0.780116
vt 0.630403 0.871391
vt 0.634774 0.574717
vt 0.646637 0.673743
vt 0.644620 0.574403
vt 0.625499 0.575011
vt 0.616279 0.575282
vt 0.608811 0.676227
vt 0.609734 0.780691
vt 0.620280 0.875258
vt 0.609112 0.876121
vt 0.648888 0.857078
vt 0.647995 0.773252
vt 0.523795 0.676691
vt 0.544611 0.777138
vt 0.543580 0.676353
vt 0.503965 0.676830
vt 0.524954 0.779657
vt 0.544837 0.864321
vt 0.504634 0.780523
vt 0.526176 0.872083
vt 0.561038 0.576066
vt 0.563353 0.675863
vt 0.541632 0.576105
vt 0.522262 0.576153
vt 0.502929 0.576264
vt 0.484129 0.676888
vt 0.483945 0.780438
vt 0.483126 0.874732
vt 0.505271 0.874846
vt 0.561771 0.853366
vt 0.563874 0.773583
vt 0.980284 1.011783
vt 0.972615 1.043379
vt 0.981390 1.046182
vt 0.971377 1.007431
vt 0.961247 1.039264
vt 0.973702 1.073742
vt 0.982065 1.074602
vt 0.962274 1.070337
vt 0.986440 0.980107
vt 0.987739 1.016375
vt 0.978769 0.974692
vt 0.969840 0.969333
vt 0.960211 1.002343
vt 0.958890 0.963492
vt 0.987713 1.091644
vt 0.988337 1.075926
vt 0.988475 1.049487
vt 1.000434 1.026859
vt 0.994697 1.054655
vt 1.000467 1.060280
vt 0.993715 1.081438
vt 0.998975 1.089508
vt 0.999736 0.991945
vt 0.994408 1.021787
vt 0.993444 0.985958
vt 0.999230 0.880544
vt 0.991660 0.912496
vt 0.999295 0.920296
vt 0.992506 0.949604
vt 0.999391 0.956818
vt 0.998967 0.837661
vt 0.990855 0.873728
vt 0.989983 0.832923
vt 0.982212 0.868190
vt 0.983627 0.906434
vt 0.985038 0.943485
vt 0.973239 0.862949
vt 0.965759 0.895094
vt 0.975175 0.900763
vt 0.963411 0.857749
vt 0.954707 0.889292
vt 0.967939 0.931962
vt 0.977036 0.937731
vt 0.957026 0.925898
vt 0.952107 0.852525
vt 0.938708 0.847225
vt 0.941342 0.883238
vt 0.943563 0.919274
vt 0.598340 0.676465
vt 0.587399 0.779904
vt 0.598894 0.780838
vt 0.587084 0.676498
vt 0.575671 0.777257
vt 0.584579 0.872844
vt 0.596948 0.875984
vt 0.572837 0.864674
vt 0.606597 0.575518
vt 0.596061 0.575711
vt 0.584790 0.575862
vt 0.575336 0.676264
vt 0.573033 0.575977
vt 0.555842 0.146071
vt 0.554560 0.190094
vt 0.564845 0.189631
vt 0.545848 0.147990
vt 0.544365 0.191472
vt 0.561937 0.238239
vt 0.572454 0.238366
vt 0.551214 0.238286
vt 0.566176 0.146091
vt 0.536793 0.152549
vt 0.528475 0.158495
vt 0.540394 0.238436
vt 0.546195 0.291162
vt 0.557248 0.291292
vt 0.568186 0.291446
vt 0.578892 0.291640
vt 0.582624 0.238664
vt 0.589251 0.291888
vt 0.574942 0.189869
vt 0.515957 0.152471
vt 0.505714 0.189416
vt 0.520022 0.191082
vt 0.502886 0.147900
vt 0.491289 0.188849
vt 0.509198 0.237030
vt 0.524797 0.237609
vt 0.493599 0.236898
vt 0.489370 0.146059
vt 0.475655 0.146232
vt 0.476810 0.189231
vt 0.478016 0.237335
vt 0.479239 0.290317
vt 0.495942 0.289901
vt 0.512675 0.290016
vt 0.529429 0.290493
vt 0.534254 0.193391
vt 0.685429 0.673474
vt 0.672612 0.775759
vt 0.687858 0.776766
vt 0.670858 0.673272
vt 0.659383 0.773929
vt 0.672350 0.868505
vt 0.688373 0.871670
vt 0.659348 0.861576
vt 0.697419 0.575258
vt 0.681635 0.574329
vt 0.667758 0.574015
vt 0.657968 0.673350
vt 0.655510 0.574110
vt 0.623139 0.154635
vt 0.626034 0.196401
vt 0.635228 0.197617
vt 0.614287 0.154708
vt 0.618121 0.196245
vt 0.636770 0.243760
vt 0.646621 0.245401
vt 0.627846 0.242588
vt 0.634486 0.156848
vt 0.607892 0.157445
vt 0.610547 0.195849
vt 0.619286 0.241627
vt 0.627217 0.293832
vt 0.636384 0.294696
vt 0.646027 0.295839
vt 0.656677 0.297369
vt 0.657888 0.247603
vt 0.668868 0.299391
vt 0.646057 0.199888
vt 0.594615 0.155363
vt 0.593733 0.191955
vt 0.602433 0.194103
vt 0.585733 0.150214
vt 0.584575 0.190564
vt 0.601632 0.239781
vt 0.610596 0.240661
vt 0.592335 0.239121
vt 0.602111 0.159114
vt 0.576195 0.147223
vt 0.599182 0.292207
vt 0.608753 0.292620
vt 0.618064 0.293153
vt 0.824167 0.672484
vt 0.846899 0.690085
vt 0.837792 0.638991
vt 0.806489 0.783352
vt 0.804092 0.682635
vt 0.801107 0.872347
vt 0.836758 0.789121
vt 0.850354 0.889055
vt 0.820430 0.894966
vt 0.838734 0.937874
vt 0.858446 0.826232
vt 0.863203 0.875967
vt 0.863388 0.791736
vt 0.855690 0.755194
vt 0.857418 0.703254
vt 0.831062 0.577724
vt 0.847105 0.600682
vt 0.840022 0.570990
vt 0.816829 0.585256
vt 0.855961 0.634283
vt 0.798065 0.586984
vt 0.876697 0.880747
vt 0.880992 0.909159
vt 0.873985 0.844754
vt 0.878914 0.794433
vt 0.875583 0.814356
vt 0.873238 0.772051
vt 0.870131 0.668282
vt 0.868380 0.698862
vt 0.864138 0.656092
vt 0.868626 0.738243
vt 0.748424 0.184188
vt 0.742979 0.222994
vt 0.762943 0.226455
vt 0.727770 0.181206
vt 0.723856 0.220137
vt 0.758325 0.269542
vt 0.777605 0.272002
vt 0.738861 0.266048
vt 0.769738 0.189740
vt 0.710098 0.181176
vt 0.694545 0.180279
vt 0.705775 0.216790
vt 0.719893 0.261895
vt 0.734883 0.313050
vt 0.754273 0.317370
vt 0.773531 0.320088
vt 0.791898 0.319986
vt 0.796387 0.274258
vt 0.809805 0.319074
vt 0.782614 0.230680
vt 0.678761 0.173940
vt 0.672959 0.207066
vt 0.688742 0.212083
vt 0.662910 0.166100
vt 0.658669 0.202985
vt 0.685719 0.253796
vt 0.702091 0.257700
vt 0.670935 0.250407
vt 0.647928 0.160457
vt 0.682990 0.301987
vt 0.698891 0.305150
vt 0.716285 0.308850
vt 0.954594 0.358941
vt 0.972254 0.386967
vt 0.962029 0.352069
vt 0.954831 0.399119
vt 0.964244 0.395516
vt 0.981411 0.428696
vt 0.962319 0.437721
vt 0.972376 0.435009
vt 0.951302 0.321114
vt 0.943256 0.323952
vt 0.945554 0.361905
vt 0.933979 0.325609
vt 0.968126 0.478052
vt 0.978527 0.477399
vt 0.988006 0.476119
vt 0.985246 0.419307
vt 0.978176 0.371299
vt 0.977997 0.370435
vt 0.910094 0.223024
vt 0.914829 0.256385
vt 0.927055 0.257208
vt 0.897148 0.224290
vt 0.904194 0.257154
vt 0.930054 0.289736
vt 0.940322 0.290080
vt 0.919875 0.290318
vt 0.889877 0.189929
vt 0.876593 0.194291
vt 0.887639 0.227419
vt 0.869758 0.201903
vt 0.878759 0.229187
vt 0.893764 0.257643
vt 0.909481 0.290795
vt 0.866975 0.225962
vt 0.870494 0.254484
vt 0.882377 0.256426
vt 0.854397 0.222060
vt 0.858686 0.252890
vt 0.887450 0.289989
vt 0.898732 0.290682
vt 0.875413 0.288768
vt 0.867549 0.209726
vt 0.855134 0.200653
vt 0.840812 0.193648
vt 0.843528 0.221137
vt 0.830609 0.194590
vt 0.833251 0.219901
vt 0.846342 0.250547
vt 0.862236 0.286795
vt 0.877550 0.325258
vt 0.997673 0.746253
vt 1.005303 0.743422
vt 1.005063 0.702668
vt 0.996226 0.700236
vt 0.987888 0.745135
vt 0.989044 0.790004
vt 0.998514 0.792634
vt 1.002787 0.656398
vt 1.004844 0.697659
vt 0.994186 0.654907
vt 0.986291 0.699236
vt 0.984023 0.653145
vt 0.994324 0.524818
vt 0.988237 0.565994
vt 0.998299 0.572749
vt 0.984088 0.521196
vt 0.977436 0.563247
vt 0.991317 0.610424
vt 1.000535 0.616211
vt 0.980910 0.607741
vt 0.973242 0.519853
vt 0.962050 0.519618
vt 0.966220 0.562358
vt 0.969842 0.606333
vt 0.950649 0.519531
vt 0.942702 0.561017
vt 0.954779 0.561756
vt 0.938643 0.519278
vt 0.929464 0.559979
vt 0.946551 0.603818
vt 0.958509 0.605128
vt 0.933458 0.602265
vt 0.925535 0.518678
vt 0.910819 0.517534
vt 0.914539 0.558466
vt 0.918721 0.600319
vt 0.922974 0.642921
vt 0.779154 0.108217
vt 0.806622 0.094348
vt 0.776183 0.077096
vt 0.779207 0.134817
vt 0.818118 0.135375
vt 0.818486 0.172581
vt 0.802860 0.152461
vt 0.852338 0.166680
vt 0.830313 0.168639
vt 0.849643 0.181099
vt 0.845651 0.131201
vt 0.867174 0.159915
vt 0.831967 0.102486
vt 0.804146 0.062933
vt 0.775956 0.045100
vt 0.781568 0.162838
vt 0.815394 0.188339
vt 0.825576 0.199748
vt 0.800591 0.174890
vt 0.886619 0.154092
vt 0.867382 0.126222
vt 0.843237 0.083147
vt 0.852366 0.101277
vt 0.827297 0.076346
vt 0.892241 0.891523
vt 0.907916 0.868734
vt 0.890473 0.858390
vt 0.909533 0.902621
vt 0.925352 0.876677
vt 0.906238 0.835382
vt 0.890092 0.827230
vt 0.922976 0.841704
vt 0.927245 0.911752
vt 0.920333 0.805368
vt 0.904203 0.800992
vt 0.889429 0.797046
vt 0.886225 0.764633
vt 0.898294 0.724834
vt 0.882753 0.728596
vt 0.901401 0.764093
vt 0.914513 0.725591
vt 0.880873 0.690127
vt 0.911107 0.683397
vt 0.895278 0.684021
vt 0.917539 0.766531
vt 0.907063 0.640942
vt 0.891598 0.643473
vt 0.878719 0.654051
vt 0.886288 0.603845
vt 0.865439 0.593098
vt 0.873652 0.623184
vt 0.897542 0.556698
vt 0.902284 0.598861
vt 0.894299 0.515347
vt 0.877460 0.556892
vt 0.859412 0.529221
vt 0.877264 0.509641
vt 0.861555 0.496408
vt 0.854107 0.563749
vt 0.891222 0.475876
vt 0.847312 0.477524
vt 0.860575 0.465779
vt 0.850223 0.460135
vt 0.844016 0.504764
vt 0.875073 0.472036
vt 0.841505 0.538939
vt 0.855751 0.434238
vt 0.864888 0.398887
vt 0.848264 0.399454
vt 0.870992 0.435703
vt 0.881663 0.399883
vt 0.856549 0.360763
vt 0.839024 0.360818
vt 0.873579 0.361974
vt 0.842914 0.437467
vt 0.887279 0.437637
vt 0.862226 0.323323
vt 0.845441 0.321184
vt 0.827774 0.319528
vt 0.821863 0.363410
vt 0.832839 0.403996
vt 0.814457 0.277162
vt 0.817561 0.240909
vt 0.800882 0.235570
vt 0.831598 0.280531
vt 0.832697 0.246282
vt 0.806316 0.204902
vt 0.789224 0.196757
vt 0.820980 0.213578
vt 0.847596 0.283917
vt 0.788445 0.374623
vt 0.819228 0.415413
vt 0.805505 0.369184
vt 0.781707 0.435292
vt 0.768918 0.373169
vt 0.790857 0.505417
vt 0.805637 0.440958
vt 0.827745 0.478697
vt 0.810656 0.511520
vt 0.827523 0.522845
vt 0.833497 0.451292
vt 0.748760 0.368654
vt 0.760573 0.430431
vt 0.769809 0.501204
vt 0.664920 0.353542
vt 0.659262 0.415399
vt 0.671581 0.416352
vt 0.653433 0.352275
vt 0.648324 0.414832
vt 0.663921 0.488260
vt 0.677044 0.488883
vt 0.652338 0.488029
vt 0.678128 0.355310
vt 0.643138 0.351395
vt 0.633502 0.350781
vt 0.638276 0.414507
vt 0.641887 0.488013
vt 0.692117 0.490065
vt 0.685772 0.417827
vt 0.584354 0.349413
vt 0.577889 0.413996
vt 0.588981 0.414020
vt 0.573449 0.349287
vt 0.566467 0.413975
vt 0.581644 0.488510
vt 0.592871 0.488430
vt 0.570005 0.488576
vt 0.594865 0.349563
vt 0.562282 0.349179
vt 0.550986 0.349081
vt 0.554883 0.413952
vt 0.558163 0.488631
vt 0.603475 0.488338
vt 0.599575 0.414050
vt 0.729154 0.364330
vt 0.720423 0.422729
vt 0.740056 0.426218
vt 0.710576 0.360676
vt 0.702163 0.419939
vt 0.728466 0.494450
vt 0.748792 0.497561
vt 0.709389 0.491930
vt 0.693431 0.357676
vt 0.624057 0.350329
vt 0.619186 0.414169
vt 0.628664 0.414300
vt 0.614577 0.349994
vt 0.609579 0.414093
vt 0.622782 0.488142
vt 0.632165 0.488063
vt 0.613348 0.488238
vt 0.604901 0.349748
vt 0.533318 0.348511
vt 0.518197 0.413361
vt 0.536529 0.413598
vt 0.515667 0.348107
vt 0.499894 0.413369
vt 0.520380 0.488455
vt 0.539257 0.488512
vt 0.501535 0.488549
vt 0.498040 0.348025
vt 0.480446 0.348422
vt 0.481624 0.413748
vt 0.482728 0.488883
vt 0.483639 0.576493
vt 0.382687 0.033306
vt 0.395487 0.058344
vt 0.400826 0.027381
vt 0.362393 0.038210
vt 0.376453 0.069904
vt 0.361093 0.102421
vt 0.358154 0.068998
vt 0.349988 0.099641
vt 0.376331 0.097948
vt 0.364540 0.116089
vt 0.389307 0.088240
vt 0.410668 0.053467
vt 0.416863 0.022745
vt 0.338615 0.044187
vt 0.340480 0.132544
vt 0.333390 0.103635
vt 0.327572 0.136080
vt 0.349619 0.133489
vt 0.337192 0.073950
vt 0.363006 0.137956
vt 0.354463 0.140403
vt 0.356374 0.149008
vt 0.372321 0.126965
vt 0.393612 0.117403
vt 0.382693 0.120462
vt 0.402296 0.084065
vt 0.444803 0.019369
vt 0.457890 0.048239
vt 0.458371 0.016901
vt 0.431189 0.020495
vt 0.440118 0.056816
vt 0.425561 0.088484
vt 0.424724 0.052197
vt 0.414756 0.083232
vt 0.445284 0.086341
vt 0.432664 0.103546
vt 0.459294 0.078309
vt 0.404579 0.116459
vt 0.414569 0.119361
vt 0.436141 0.126120
vt 0.422550 0.127593
vt 0.427616 0.137603
vt 0.447967 0.115751
vt 0.461007 0.110358
vt 0.356098 1.039812
vt 0.371699 1.022326
vt 0.347432 1.018523
vt 0.378958 1.043377
vt 0.397257 1.026013
vt 0.033941 0.709462
vt 0.043754 0.744598
vt 0.043914 0.705888
vt 0.034307 0.748651
vt 0.043745 0.781654
vt 0.054223 0.740513
vt 0.054855 0.702210
vt 0.053729 0.777192
vt 0.024084 0.672351
vt 0.033984 0.669339
vt 0.024511 0.713049
vt 0.025450 0.752764
vt 0.034863 0.786126
vt 0.026630 0.790688
vt 0.035354 0.821092
vt 0.043656 0.816330
vt 0.053154 0.811546
vt 0.064342 0.806705
vt 0.065271 0.772683
vt 0.066142 0.736318
vt 0.067189 0.698322
vt 0.055807 0.663039
vt 0.068611 0.659465
vt 0.044411 0.666283
vt 0.008535 0.347010
vt 0.007472 0.355874
vt 0.010352 0.354606
vt 0.016420 0.282477
vt 0.012104 0.319056
vt 0.014999 0.316339
vt 0.019896 0.361595
vt 0.011900 0.381030
vt 0.023506 0.339260
vt 0.003148 0.413339
vt 0.006843 0.363387
vt 0.042626 0.226975
vt 0.044187 0.268969
vt 0.060068 0.231920
vt 0.018930 0.263648
vt 0.018607 0.265244
vt 0.027538 0.270140
vt 0.031439 0.306462
vt 0.052005 0.401508
vt 0.056062 0.436805
vt 0.062155 0.400762
vt 0.045724 0.437489
vt 0.052257 0.473135
vt 0.067446 0.435632
vt 0.073375 0.399477
vt 0.063897 0.471839
vt 0.051502 0.366281
vt 0.061187 0.365632
vt 0.042428 0.401939
vt 0.035947 0.437926
vt 0.041596 0.473976
vt 0.031456 0.474605
vt 0.038938 0.511324
vt 0.049865 0.510164
vt 0.061755 0.508584
vt 0.075047 0.506343
vt 0.076983 0.469836
vt 0.080377 0.433716
vt 0.086171 0.397417
vt 0.082626 0.362834
vt 0.095269 0.360317
vt 0.071415 0.364542
vt 0.277684 0.063685
vt 0.311468 0.082899
vt 0.310146 0.052696
vt 0.243146 0.075824
vt 0.277932 0.100470
vt 0.258171 0.136932
vt 0.241191 0.107874
vt 0.232935 0.140282
vt 0.273704 0.146619
vt 0.291767 0.125001
vt 0.313067 0.111405
vt 0.209346 0.091891
vt 0.222263 0.174402
vt 0.204762 0.152162
vt 0.199044 0.183784
vt 0.243626 0.170332
vt 0.208190 0.122509
vt 0.279811 0.166164
vt 0.259245 0.173369
vt 0.267923 0.179530
vt 0.295533 0.151990
vt 0.312045 0.142196
vt 0.093580 1.036812
vt 0.118180 1.040833
vt 0.120732 1.027837
vt 0.069844 1.043242
vt 0.087964 1.049320
vt 0.048892 1.047104
vt 0.059402 1.053052
vt 0.031351 1.053347
vt 0.049014 1.062687
vt 0.017289 1.062072
vt 0.007174 1.072483
vt 0.039697 1.073086
vt 0.170161 0.990780
vt 0.184552 0.970327
vt 0.162187 0.984055
vt 0.176158 0.996212
vt 0.203147 0.985820
vt 0.236771 0.985071
vt 0.207658 0.989652
vt 0.239049 0.989645
vt 0.217020 0.965841
vt 0.239560 0.970455
vt 0.200038 0.949841
vt 0.132433 0.979985
vt 0.154222 0.958736
vt 0.904231 1.082055
vt 0.876118 1.064663
vt 0.909809 1.081091
vt 0.173189 0.936605
vt 0.150527 1.017339
vt 0.145556 1.004751
vt 0.181495 1.009019
vt 0.140728 0.997057
vt 0.268211 0.990903
vt 0.243474 1.003564
vt 0.272557 1.005391
vt 0.264666 0.985542
vt 0.212670 1.003326
vt 0.244447 0.930914
vt 0.263434 0.971211
vt 0.264589 0.931318
vt 0.225451 0.926676
vt 0.188552 0.916365
vt 0.209567 0.914620
vt 0.198698 0.898508
vt 0.065550 1.019474
vt 0.087168 1.016106
vt 0.086198 1.012710
vt 0.067165 1.032073
vt 0.065429 1.023343
vt 0.110273 1.005200
vt 0.090016 1.025025
vt 0.112414 1.006731
vt 0.051054 1.019252
vt 0.067194 1.014603
vt 0.048529 1.024888
vt 0.047306 1.036278
vt 0.047159 1.028176
vt 0.116308 1.015443
vt 0.136597 0.995729
vt 0.109019 0.996241
vt 0.086712 1.007141
vt 0.387957 0.994571
vt 0.397776 0.977257
vt 0.380033 0.981030
vt 0.393453 1.005509
vt 0.416321 0.995788
vt 0.450129 0.998492
vt 0.420919 1.007330
vt 0.450504 1.009644
vt 0.428452 0.979077
vt 0.453340 0.985393
vt 0.410635 0.961056
vt 0.361141 0.979937
vt 0.373883 0.941197
vt 0.359405 0.940592
vt 0.364448 0.992795
vt 0.387892 0.937069
vt 0.368185 1.003037
vt 0.452126 1.030611
vt 0.424267 1.028641
vt 0.457595 0.945418
vt 0.435735 0.939416
vt 0.399833 0.924152
vt 0.418671 0.925019
vt 0.407961 0.905422
vt 0.290494 0.986943
vt 0.305007 0.968193
vt 0.285952 0.971846
vt 0.295031 0.993253
vt 0.317062 0.988267
vt 0.342236 0.990982
vt 0.320270 0.995971
vt 0.344306 1.000026
vt 0.328062 0.971124
vt 0.343391 0.977858
vt 0.317757 0.952377
vt 0.283778 0.931387
vt 0.300241 0.927535
vt 0.299015 1.009095
vt 0.323587 1.013589
vt 0.346001 0.938683
vt 0.312560 0.915571
vt 0.325660 0.917533
vt 0.320046 0.899240
vt 0.334541 0.932205
vt 0.488098 0.406090
vt 0.387706 0.325598
vt 0.506344 0.424497
vt 0.032951 1.028511
vt 0.026921 1.026472
vt 0.023372 1.027681
vt 0.021037 1.026704
vt 0.018990 1.025504
vt 0.015567 1.027557
vt 0.023423 1.026658
vt 0.022319 1.022793
vt 1.026805 1.140157
vt 1.044912 1.157151
vt 1.023362 1.150547
vt 1.046767 1.139622
vt 1.046714 1.147248
vt 0.035585 1.027288
vt 0.038948 1.020876
vt 0.030784 1.019785
vt 0.026046 1.016758
vt 0.021027 1.016735
vt 0.017388 1.020406
vt 0.013972 1.024372
vt 0.625000 0.523438
vt 0.522062 0.440709
vt 0.625000 0.526597
vt 0.017453 1.056418
vt 0.087478 0.990545
vt 0.070901 0.976610
vt 0.069133 0.999612
vt 0.107917 0.974891
vt 0.087829 0.966409
vt 0.072080 0.948783
vt 0.105970 0.948281
vt 0.087548 0.939171
vt 0.053949 1.004367
vt 0.128430 0.949688
vt 0.123318 0.918341
vt 0.103160 0.923627
vt 0.116946 0.898543
vt 0.101376 0.899930
vt 0.087354 0.910894
vt 0.072819 0.919161
vt 0.059715 0.925467
vt 0.058499 0.954841
vt 0.056598 0.982054
vt 0.218013 0.683585
vt 0.234826 0.775954
vt 0.237328 0.681085
vt 0.214132 0.855564
vt 0.216236 0.775753
vt 0.252863 0.775088
vt 0.255644 0.678718
vt 0.249174 0.862904
vt 0.200516 0.595751
vt 0.220447 0.591930
vt 0.197969 0.686171
vt 0.197781 0.851794
vt 0.197068 0.776207
vt 0.231210 0.861145
vt 0.267193 0.862536
vt 0.270049 0.773885
vt 0.272648 0.676848
vt 0.258256 0.585314
vt 0.275154 0.582926
vt 0.239856 0.588385
vt 0.333238 0.772659
vt 0.343494 0.676603
vt 0.334628 0.675959
vt 0.330427 0.856321
vt 0.342031 0.775711
vt 0.352245 0.677039
vt 0.339126 0.864591
vt 0.350904 0.777450
vt 0.325039 0.675397
vt 0.335160 0.579856
vt 0.325663 0.579935
vt 0.323777 0.770445
vt 0.321795 0.850152
vt 0.348737 0.868765
vt 0.359454 0.870122
vt 0.360402 0.778182
vt 0.361469 0.677286
vt 0.353056 0.579708
vt 0.362454 0.579585
vt 0.344125 0.579789
vt 0.423829 0.775935
vt 0.444669 0.676970
vt 0.425137 0.676787
vt 0.422214 0.861593
vt 0.443183 0.778804
vt 0.464346 0.676967
vt 0.440420 0.870083
vt 0.463319 0.780084
vt 0.406952 0.578547
vt 0.426048 0.577955
vt 0.404978 0.772101
vt 0.405718 0.676472
vt 0.405849 0.850144
vt 0.461062 0.873796
vt 0.464394 0.576878
vt 0.445196 0.577382
vt 0.033805 0.964987
vt 0.037759 0.986476
vt 0.039960 0.962213
vt 0.031881 0.987320
vt 0.034606 1.006099
vt 0.045731 0.984990
vt 0.047944 0.959037
vt 0.042582 1.006249
vt 0.029461 0.943098
vt 0.034832 0.939041
vt 0.028829 0.968001
vt 0.027258 0.988627
vt 0.029247 1.004809
vt 0.023891 1.013420
vt 0.025342 1.004286
vt 0.049313 0.930602
vt 0.041247 0.935003
vt 0.020891 0.975018
vt 0.023212 0.991024
vt 0.024556 0.971600
vt 0.019503 0.993478
vt 0.021712 1.006263
vt 0.018044 1.009377
vt 0.024695 0.947443
vt 0.020552 0.951859
vt 0.015897 0.870262
vt 0.023471 0.894084
vt 0.022096 0.863859
vt 0.018105 0.900791
vt 0.024329 0.921534
vt 0.019608 0.927136
vt 0.029611 0.916602
vt 0.029338 0.888679
vt 0.028673 0.858524
vt 0.020468 0.830774
vt 0.027762 0.825891
vt 0.013425 0.835665
vt 0.035613 0.853461
vt 0.042817 0.878458
vt 0.043331 0.848417
vt 0.035648 0.883581
vt 0.042135 0.907087
vt 0.051396 0.873183
vt 0.052346 0.843308
vt 0.050388 0.902013
vt 0.035404 0.911879
vt 0.060797 0.896468
vt 0.061967 0.867660
vt 0.063197 0.838084
vt 0.371616 0.677403
vt 0.382015 0.777836
vt 0.382553 0.677321
vt 0.370869 0.778524
vt 0.383241 0.868107
vt 0.393439 0.775478
vt 0.394003 0.676978
vt 0.394830 0.860701
vt 0.372704 0.579398
vt 0.371194 0.870566
vt 0.395192 0.578865
vt 0.383696 0.579153
vt 0.396190 0.154904
vt 0.399777 0.198142
vt 0.406146 0.155704
vt 0.389625 0.198746
vt 0.394889 0.246304
vt 0.409903 0.198450
vt 0.415331 0.159217
vt 0.405458 0.245322
vt 0.386019 0.156053
vt 0.379708 0.200020
vt 0.384548 0.247438
vt 0.374573 0.248706
vt 0.380653 0.300370
vt 0.391166 0.299240
vt 0.401926 0.298129
vt 0.412821 0.297032
vt 0.416145 0.244433
vt 0.419988 0.199306
vt 0.423872 0.164192
vt 0.435939 0.156871
vt 0.448058 0.192425
vt 0.448655 0.150903
vt 0.433953 0.195558
vt 0.446971 0.240044
vt 0.462366 0.190362
vt 0.461986 0.147581
vt 0.462469 0.238408
vt 0.431532 0.242119
vt 0.429363 0.294903
vt 0.445947 0.292961
vt 0.462573 0.291375
vt 0.288079 0.675796
vt 0.300393 0.772518
vt 0.301914 0.675339
vt 0.286010 0.773293
vt 0.299367 0.859993
vt 0.312938 0.770945
vt 0.314200 0.675199
vt 0.311787 0.853995
vt 0.290175 0.581363
vt 0.284250 0.862278
vt 0.315185 0.580082
vt 0.303437 0.580486
vt 0.330665 0.170584
vt 0.330016 0.211652
vt 0.339315 0.169704
vt 0.321114 0.213777
vt 0.321883 0.258881
vt 0.337733 0.210690
vt 0.345713 0.171694
vt 0.330522 0.256881
vt 0.319714 0.173960
vt 0.310684 0.217095
vt 0.312375 0.261425
vt 0.301534 0.264647
vt 0.304998 0.312832
vt 0.315270 0.310398
vt 0.324595 0.308430
vt 0.333482 0.306776
vt 0.338827 0.255122
vt 0.345113 0.209528
vt 0.351457 0.172707
vt 0.358598 0.168231
vt 0.361375 0.203998
vt 0.367031 0.162226
vt 0.352962 0.206992
vt 0.355995 0.251624
vt 0.370285 0.201693
vt 0.376232 0.158256
vt 0.365070 0.250086
vt 0.347270 0.253344
vt 0.342377 0.305303
vt 0.351447 0.303959
vt 0.360788 0.302711
vt 0.370502 0.301524
vt 0.138923 0.696324
vt 0.159123 0.679297
vt 0.145731 0.649376
vt 0.132448 0.755085
vt 0.129765 0.708763
vt 0.126278 0.787593
vt 0.149781 0.784727
vt 0.137832 0.872077
vt 0.130926 0.817547
vt 0.126915 0.860589
vt 0.163778 0.878001
vt 0.146872 0.914418
vt 0.181184 0.858642
vt 0.176781 0.779103
vt 0.177666 0.687656
vt 0.135940 0.614837
vt 0.149950 0.592583
vt 0.141415 0.586970
vt 0.128996 0.646231
vt 0.163382 0.598608
vt 0.117252 0.678034
vt 0.122282 0.666605
vt 0.120609 0.740604
vt 0.119790 0.705450
vt 0.112767 0.790449
vt 0.117298 0.770671
vt 0.115954 0.807619
vt 0.115404 0.864522
vt 0.111601 0.888391
vt 0.117633 0.833790
vt 0.180841 0.599047
vt 0.210885 0.212634
vt 0.218158 0.249343
vt 0.230599 0.207540
vt 0.199187 0.254728
vt 0.205778 0.295524
vt 0.236401 0.244629
vt 0.247641 0.205623
vt 0.224263 0.290269
vt 0.190734 0.220272
vt 0.180586 0.260819
vt 0.187466 0.299781
vt 0.169665 0.303805
vt 0.176160 0.346909
vt 0.193660 0.345280
vt 0.211923 0.340900
vt 0.230288 0.334986
vt 0.242290 0.284434
vt 0.253662 0.239555
vt 0.262625 0.203104
vt 0.277576 0.195294
vt 0.284916 0.226808
vt 0.292545 0.186000
vt 0.269884 0.233272
vt 0.274865 0.273322
vt 0.298578 0.221391
vt 0.306812 0.178913
vt 0.289013 0.268620
vt 0.259240 0.278670
vt 0.247952 0.329263
vt 0.264528 0.324132
vt 0.279732 0.319652
vt 0.293274 0.315879
vt 0.009356 0.428427
vt 0.024444 0.400133
vt 0.017077 0.394476
vt 0.003083 0.468658
vt 0.017355 0.435570
vt 0.026392 0.437916
vt 0.033107 0.401944
vt 0.021497 0.474922
vt 0.025510 0.364163
vt 0.003052 0.413510
vt -0.001075 0.460304
vt -0.000238 0.513735
vt 0.011924 0.473526
vt 0.018382 0.513212
vt 0.028547 0.512297
vt 0.042073 0.366533
vt 0.033243 0.365968
vt 0.059182 0.267125
vt 0.056478 0.299161
vt 0.071488 0.266942
vt 0.044971 0.301243
vt 0.043871 0.332282
vt 0.066568 0.298757
vt 0.080646 0.268884
vt 0.053508 0.331746
vt 0.076528 0.233688
vt 0.034201 0.333707
vt 0.063345 0.331096
vt 0.076453 0.298114
vt 0.089140 0.269607
vt 0.096198 0.242826
vt 0.098710 0.249988
vt 0.089319 0.236371
vt 0.100123 0.265297
vt 0.098298 0.292672
vt 0.111830 0.260252
vt 0.087156 0.295761
vt 0.084110 0.328024
vt 0.109395 0.289920
vt 0.122088 0.258207
vt 0.095425 0.325620
vt 0.109977 0.240045
vt 0.073489 0.329859
vt 0.107788 0.322393
vt 0.120972 0.286402
vt 0.131778 0.255926
vt 0.132917 0.231594
vt 0.137983 0.235941
vt 0.123176 0.231828
vt -0.000944 0.721956
vt 0.008461 0.758947
vt 0.006647 0.718672
vt 0.016820 0.756716
vt 0.015314 0.716515
vt 0.018652 0.795223
vt 0.010868 0.798731
vt 0.014415 0.675409
vt 0.005444 0.678344
vt -0.002141 0.680907
vt -0.003120 0.559853
vt 0.005099 0.596920
vt 0.006126 0.555196
vt -0.003680 0.604389
vt 0.005121 0.637796
vt 0.014823 0.593065
vt 0.016075 0.552626
vt 0.014382 0.634053
vt -0.002848 0.644238
vt 0.024331 0.631432
vt 0.025046 0.590908
vt 0.026408 0.551088
vt 0.008663 0.513811
vt 0.036939 0.549711
vt 0.046525 0.587025
vt 0.048021 0.548159
vt 0.035495 0.589039
vt 0.045318 0.626503
vt 0.058611 0.584671
vt 0.060107 0.546219
vt 0.057129 0.623710
vt 0.034539 0.629021
vt 0.070437 0.620472
vt 0.072237 0.581777
vt 0.073660 0.543668
vt 0.149889 0.133248
vt 0.177057 0.143173
vt 0.178028 0.112898
vt 0.126224 0.144230
vt 0.141414 0.173833
vt 0.110742 0.207564
vt 0.115012 0.173174
vt 0.096330 0.202843
vt 0.131750 0.206893
vt 0.114103 0.220912
vt 0.143222 0.209301
vt 0.178576 0.168693
vt 0.156969 0.188331
vt 0.150258 0.102805
vt 0.176257 0.082046
vt 0.114262 0.127342
vt 0.128960 0.118707
vt 0.106829 0.145714
vt 0.077667 0.199520
vt 0.094191 0.171078
vt 0.147045 0.223957
vt 0.160409 0.209481
vt 0.177918 0.195814
vt 0.102315 0.873529
vt 0.089148 0.854680
vt 0.088028 0.882694
vt 0.103686 0.845663
vt 0.090066 0.826622
vt 0.074853 0.861716
vt 0.073702 0.890217
vt 0.076128 0.832658
vt 0.103660 0.819127
vt 0.103704 0.793139
vt 0.091062 0.797225
vt 0.077391 0.801853
vt 0.105744 0.764774
vt 0.093964 0.730491
vt 0.092480 0.765150
vt 0.108315 0.698416
vt 0.107831 0.732820
vt 0.079695 0.732345
vt 0.078544 0.768315
vt 0.081038 0.694684
vt 0.108995 0.665793
vt 0.095204 0.693982
vt 0.082868 0.656233
vt 0.118822 0.609237
vt 0.100159 0.620769
vt 0.112457 0.637390
vt 0.128118 0.581333
vt 0.106280 0.576923
vt 0.104390 0.533179
vt 0.121807 0.549794
vt 0.118416 0.519469
vt 0.088852 0.540044
vt 0.087779 0.578530
vt 0.085347 0.617609
vt 0.096949 0.657221
vt 0.138826 0.557360
vt 0.117975 0.490798
vt 0.130888 0.500605
vt 0.127409 0.484588
vt 0.104716 0.497969
vt 0.135115 0.525760
vt 0.089837 0.503075
vt 0.121063 0.460812
vt 0.110826 0.428458
vt 0.106838 0.463607
vt 0.126499 0.427417
vt 0.116850 0.391735
vt 0.095106 0.431024
vt 0.091678 0.466980
vt 0.100850 0.394552
vt 0.133261 0.462679
vt 0.141242 0.430275
vt 0.133402 0.390099
vt 0.149754 0.390933
vt 0.142067 0.349931
vt 0.125414 0.353240
vt 0.109645 0.356940
vt 0.152613 0.308387
vt 0.147804 0.274231
vt 0.136502 0.313324
vt 0.163407 0.267397
vt 0.156600 0.238742
vt 0.133698 0.280923
vt 0.121504 0.318166
vt 0.143104 0.248594
vt 0.159094 0.347754
vt 0.172470 0.229108
vt 0.154590 0.439824
vt 0.181939 0.398532
vt 0.165514 0.394898
vt 0.142710 0.474834
vt 0.168499 0.462761
vt 0.166559 0.529463
vt 0.149254 0.500049
vt 0.151224 0.541304
vt 0.184902 0.522299
vt 0.190870 0.455467
vt 0.200434 0.395443
vt 0.204560 0.516864
vt 0.219453 0.389410
vt 0.210713 0.449196
vt 0.299387 0.367955
vt 0.307187 0.427340
vt 0.310458 0.365799
vt 0.295331 0.429135
vt 0.305019 0.497931
vt 0.317747 0.426020
vt 0.320409 0.364115
vt 0.316176 0.497040
vt 0.286695 0.370738
vt 0.281718 0.431575
vt 0.292421 0.499298
vt 0.278007 0.501328
vt 0.326270 0.496429
vt 0.327473 0.425001
vt 0.329746 0.362746
vt 0.377679 0.357513
vt 0.386353 0.420374
vt 0.388377 0.356533
vt 0.375486 0.421144
vt 0.384888 0.493614
vt 0.397567 0.419587
vt 0.399353 0.355552
vt 0.396297 0.493064
vt 0.367389 0.358487
vt 0.365128 0.421891
vt 0.373910 0.494134
vt 0.363563 0.494615
vt 0.407932 0.492497
vt 0.408964 0.418791
vt 0.410477 0.354573
vt 0.238015 0.383621
vt 0.248672 0.438810
vt 0.255676 0.378569
vt 0.230065 0.443614
vt 0.243471 0.507752
vt 0.266053 0.434792
vt 0.272038 0.374270
vt 0.261558 0.504161
vt 0.224293 0.512015
vt 0.338920 0.361550
vt 0.346010 0.423349
vt 0.348146 0.360469
vt 0.336797 0.424132
vt 0.344782 0.495483
vt 0.355367 0.422616
vt 0.357582 0.359461
vt 0.353949 0.495057
vt 0.335680 0.495930
vt 0.427905 0.352635
vt 0.445207 0.415783
vt 0.445376 0.350859
vt 0.427063 0.417228
vt 0.445239 0.490384
vt 0.463395 0.414581
vt 0.462890 0.349403
vt 0.463962 0.489513
vt 0.426562 0.491407
vt 0.072743 0.103948
vt 0.072318 0.104805
vt 0.073014 0.104188
vt 0.093771 0.089876
vt 0.093786 0.089917
vt -0.002836 0.513372
vt 0.811385 0.048401
vt 0.990758 0.475401
vt 0.996296 0.526394
vt 0.295554 0.034929
vt 0.756012 0.032749
vt 0.777465 0.038185
vt 0.294039 -0.041863
vt 0.321673 -0.052604
vt 0.534383 -0.001983
vt 0.039225 0.220200
vt 0.039896 0.225056
vt 0.390049 0.010798
vt 0.382592 0.012614
vt 1.003755 0.947147
vt 0.572051 0.002042
vt 0.560898 0.000771
vt 0.371738 0.015295
vt 0.273890 0.041229
vt 1.004162 0.906256
vt 0.553248 -0.000066
vt 1.003958 0.927573
vt 0.118977 0.102001
vt 0.107662 0.118474
vt 0.094611 0.136958
vt 0.093573 0.138469
vt -0.003313 0.686015
vt -0.001104 0.717566
vt 0.608712 0.006313
vt 0.483652 -0.004155
vt 0.489953 -0.004336
vt 0.206256 0.063357
vt 0.200005 0.065621
vt 1.004317 0.656625
vt 1.003281 1.023598
vt 0.582911 0.003292
vt -0.005197 0.571678
vt -0.004807 0.606636
vt -0.004532 0.626446
vt 0.001691 0.757510
vt 0.985622 0.422142
vt 0.250693 0.048317
vt 0.258180 0.045240
vt 0.258217 0.045940
vt 0.464782 -0.002976
vt 0.458523 -0.002432
vt -0.003495 -0.122376
vt -0.009086 -0.119555
vt -0.008854 -0.126282
vt 0.471063 -0.003445
vt 0.477351 -0.003835
vt 0.408485 0.006448
vt 0.013681 0.890982
vt 0.524795 -0.002787
vt 0.018016 0.993938
vt 0.434976 0.000934
vt 0.016254 1.010788
vt 0.012768 1.028741
vt 0.005256 0.799584
vt 0.969813 0.310172
vt 0.221861 0.057814
vt 0.155920 0.091374
vt 0.156422 0.091255
vt 0.165495 0.096455
vt 0.446011 -0.000996
vt 0.445746 -0.000943
vt 0.907979 0.147797
vt 0.905131 0.143572
vt 1.003233 1.028278
vt 1.002692 1.061725
vt 1.004938 0.840847
vt 1.005227 0.792492
vt 0.142332 0.089803
vt 0.057197 0.195886
vt 0.849474 0.072886
vt 0.541888 0.475605
vt 0.542513 0.476299
vt 0.541961 0.475734
vt -0.001906 -0.119057
vt -0.003360 -0.120578
vt -0.001104 -0.120422
vt 0.016812 0.932073
vt 0.018226 0.954713
vt 0.591598 0.520935
vt 0.591555 0.520914
vt 0.591662 0.520957
vt 1.003638 0.963431
vt 1.003423 0.995822
vt -0.001270 0.463013
vt 0.650801 0.012141
vt 0.639200 0.010444
vt 0.867890 0.094291
vt 0.926273 0.173924
vt 0.927891 0.176539
vt 0.131309 0.058597
vt 0.134862 0.055617
vt 0.065699 0.181561
vt 0.059669 0.191623
vt 1.005028 0.697381
vt 0.689646 0.018684
vt 0.471062 -0.003454
vt 0.427100 0.002435
vt 0.417887 0.004396
vt 1.057943 0.571601
vt 1.056828 0.529329
vt 0.452237 -0.001757
vt 1.001554 1.093686
vt 0.673325 0.015845
vt -0.010948 0.239023
vt -0.010344 0.244342
vt -0.008543 0.241499
vt 0.000781 -0.118871
vt -0.000924 -0.119956
vt 0.001330 -0.119799
vt 0.013718 1.025544
vt 0.012958 1.029526
vt 0.008773 0.838923
vt 0.012205 0.875682
vt 1.005268 0.785448
vt 0.515412 -0.003521
vt 0.510043 -0.003827
vt 0.167763 0.078260
vt 0.997413 0.537158
vt 0.123287 0.099646
vt 0.401425 0.008094
vt -0.035514 -0.121385
vt -0.035098 -0.123942
vt -0.009282 -0.119568
vt 0.496230 -0.004423
vt 0.999695 0.575032
vt 0.541600 -0.001275
vt 0.094012 0.089857
vt 0.004683 0.793722
vt 0.458500 -0.002432
vt 0.194723 0.067546
vt 0.507413 -0.003969
vt 0.496497 -0.004407
vt 0.016056 0.920491
vt 0.884363 0.115588
vt 0.244662 -0.019498
vt 0.260622 -0.027070
vt 1.051912 0.463453
vt 1.056692 0.523118
vt 0.336170 0.024108
vt 0.361188 0.017905
vt 0.019294 0.975942
vt 0.333221 0.018823
vt 0.091788 0.141151
vt 0.583166 0.484588
vt 0.583160 0.484557
vt 0.583156 0.484588
vt 0.836383 0.057526
vt 0.831751 0.055770
vt 0.174392 0.075558
vt 0.333469 0.024781
vt 0.727604 0.026201
vt 0.611508 0.006640
vt 0.014998 0.906550
vt 1.004565 0.661794
vt 0.952611 0.216221
vt 0.864586 0.090248
vt 0.019243 0.973424
vt 0.898163 0.133644
vt 0.077611 0.163069
vt 0.432386 0.001425
vt -0.004844 0.561566
vt 1.004442 0.886547
vt 0.041292 0.222408
vt 0.306731 0.031869
vt 0.839247 0.041000
vt 1.031598 0.786388
vt -0.003516 0.681382
vt -0.003455 0.686046
vt 0.382081 -0.067391
vt 0.168124 0.077991
vt 0.068545 0.108384
vt 0.111636 0.079129
vt -0.055317 0.452718
vt 0.006425 1.023142
vt 0.593489 0.519221
vt 0.994978 1.125088
vt 0.529682 0.449529
vt 0.517051 0.439305
vt 0.402658 1.047021
vt 0.625372 0.527344
vt 0.031192 1.033651
vt 0.269098 0.226766
vt 0.317368 0.268738
vt 0.595450 0.502474
vt 1.063394 1.151746
vt 0.002926 0.414342
vt 0.584630 0.517608
vt 0.583955 0.517148
vt 0.572082 0.504790
vt 0.807384 0.046901
vt 0.750457 0.031433
vt 0.284851 -0.038028
vt 0.543465 0.477776
vt 0.547626 0.481968
vt 0.546771 0.481046
vt -0.001287 0.717348
vt 0.865799 0.091697
vt 1.081390 1.155624
vt 1.081452 1.158224
vt 1.082622 1.165663
vt 1.082040 1.166948
vt 0.012645 1.030033
vt 0.784419 0.040070
vt 0.783971 0.040004
vt 0.282591 -0.037031
vt 0.483629 -0.004148
vt 0.155636 0.038243
vt 0.553660 0.489388
vt 0.556524 0.492453
vt 0.553980 0.489559
vt 1.004655 0.661704
vt 0.593655 0.378910
vt 0.593517 0.375000
vt 0.593796 0.382811
vt 0.593796 0.382796
vt 0.597217 0.382772
vt 0.168149 0.078068
vt 1.077683 0.830945
vt 1.077852 0.837490
vt 1.070828 0.837969
vt 0.743979 0.029918
vt 1.045436 0.401841
vt 0.004653 1.036642
vt 1.082928 1.059703
vt 1.083029 1.064239
vt 1.079942 1.063013
vt 1.075223 0.591851
vt 1.075530 0.602212
vt 1.079192 0.602867
s 1
usemtl Material.016
f 211/1/1 214/2/2 212/3/2
f 213/4/1 217/5/2 214/2/2
f 32/6/1 212/3/2 33/7/3
f 33/7/3 71/8/4 2/9/5
f 212/3/2 72/10/6 71/8/4
f 214/2/2 73/11/7 72/10/6
f 217/5/2 9/12/8 73/11/7
f 216/13/9 51/14/10 217/5/2
f 215/15/11 50/16/9 216/13/9
f 70/17/12 49/18/11 215/15/11
f 221/19/13 219/20/14 218/21/15
f 222/22/13 220/23/15 219/20/14
f 224/24/16 222/22/13 221/19/13
f 225/25/16 223/26/13 222/22/13
f 76/27/15 34/28/13 17/29/13
f 218/21/15 35/30/13 34/28/13
f 219/20/14 36/31/13 35/30/13
f 54/32/13 70/17/13 226/33/16
f 53/34/13 226/33/16 225/25/16
f 52/35/13 225/25/16 224/24/16
f 25/36/13 224/24/16 74/37/16
f 74/37/16 221/19/13 75/38/13
f 75/38/13 218/21/15 76/27/15
f 227/39/17 231/40/18 228/41/19
f 228/41/19 232/42/20 229/43/21
f 230/44/22 234/45/23 231/40/18
f 231/40/18 235/46/24 232/42/20
f 4/47/25 227/39/17 37/48/26
f 37/48/26 228/41/19 38/49/27
f 38/49/27 229/43/21 39/50/28
f 39/50/28 83/51/29 5/52/30
f 229/43/21 84/53/31 83/51/29
f 232/42/20 85/54/32 84/53/31
f 57/55/33 85/54/32 235/46/24
f 234/45/23 57/55/33 235/46/24
f 233/56/34 56/57/35 234/45/23
f 80/58/36 55/59/37 233/56/34
f 81/60/38 233/56/34 230/44/22
f 82/61/39 230/44/22 227/39/17
f 239/62/40 237/63/41 236/64/40
f 240/65/41 238/66/42 237/63/41
f 242/67/43 240/65/41 239/62/40
f 243/68/41 241/69/44 240/65/41
f 71/8/45 40/70/46 2/9/47
f 236/64/40 41/71/48 40/70/46
f 237/63/41 42/72/49 41/71/48
f 238/66/42 6/73/50 42/72/49
f 241/69/44 86/74/51 238/66/42
f 244/75/52 87/76/53 241/69/44
f 60/77/54 88/78/55 244/75/52
f 59/79/56 244/75/52 243/68/41
f 58/80/57 243/68/41 242/67/43
f 9/12/58 242/67/43 73/11/59
f 73/11/59 239/62/40 72/10/60
f 72/10/60 236/64/40 71/8/45
f 245/81/61 249/82/62 246/83/63
f 246/83/63 250/84/64 247/85/65
f 248/86/61 252/87/66 249/82/62
f 249/82/62 253/88/64 250/84/64
f 5/52/30 245/81/61 43/89/67
f 43/89/67 246/83/63 44/90/68
f 44/90/68 247/85/65 45/91/69
f 45/91/69 79/92/70 3/93/70
f 247/85/65 78/94/71 79/92/70
f 250/84/64 77/95/71 78/94/71
f 253/88/64 10/96/72 77/95/71
f 252/87/66 63/97/73 253/88/64
f 251/98/74 62/99/75 252/87/66
f 85/54/32 61/100/76 251/98/74
f 84/53/31 251/98/74 248/86/61
f 83/51/29 248/86/61 245/81/61
f 257/101/77 255/102/78 254/103/79
f 258/104/80 256/105/81 255/102/78
f 260/106/82 258/104/80 257/101/77
f 261/107/83 259/108/84 258/104/80
f 79/92/85 69/109/86 3/93/87
f 254/103/79 68/110/88 69/109/86
f 255/102/78 67/111/89 68/110/88
f 256/105/81 7/112/90 67/111/89
f 259/108/84 91/113/91 256/105/81
f 262/114/92 90/115/93 259/108/84
f 10/96/94 260/106/82 77/95/95
f 77/95/95 257/101/77 78/94/96
f 78/94/96 254/103/79 79/92/85
f 266/116/97 264/117/98 263/118/99
f 267/119/100 265/120/101 264/117/98
f 269/121/102 267/119/100 266/116/97
f 270/122/103 268/123/104 267/119/100
f 86/74/51 46/124/105 6/73/50
f 263/118/99 47/125/106 46/124/105
f 264/117/98 48/126/107 47/125/106
f 265/120/101 4/47/108 48/126/107
f 268/123/104 82/61/109 265/120/101
f 271/127/110 81/60/111 268/123/104
f 66/128/112 80/58/113 271/127/110
f 65/129/114 271/127/110 270/122/103
f 64/130/115 270/122/103 269/121/102
f 13/131/116 269/121/102 88/78/55
f 88/78/55 266/116/97 87/76/53
f 87/76/53 263/118/99 86/74/51
f 275/132/117 273/133/118 272/134/119
f 276/135/120 274/136/121 273/133/118
f 278/137/122 276/135/120 275/132/117
f 279/138/123 277/139/124 276/135/120
f 2271/140/125 2270/141/126 277/139/124
f 280/142/127 92/143/128 277/139/124
f 45/91/129 93/144/130 280/142/127
f 44/90/131 280/142/127 279/138/123
f 43/89/132 279/138/123 278/137/122
f 5/52/133 278/137/122 94/145/134
f 282/146/135 286/147/136 283/148/137
f 283/148/137 287/149/138 284/150/139
f 281/151/140 96/152/141 95/153/142
f 284/150/139 97/154/143 96/152/141
f 287/149/138 7/112/144 97/154/143
f 286/147/136 67/111/145 287/149/138
f 285/155/146 68/110/147 286/147/136
f 3/93/148 285/155/146 93/144/149
f 93/144/149 282/146/135 92/143/150
f 289/156/151 293/157/151 290/158/152
f 290/158/152 294/159/151 291/160/151
f 291/160/151 101/161/151 100/162/151
f 294/159/151 8/163/151 101/161/151
f 293/157/151 49/18/151 294/159/151
f 292/164/151 50/16/151 293/157/151
f 102/165/153 51/14/151 292/164/151
f 103/166/153 292/164/151 289/156/151
f 104/167/153 289/156/151 288/168/152
f 298/169/154 296/170/154 295/171/154
f 299/172/154 297/173/154 296/170/154
f 300/174/154 105/175/154 297/173/154
f 52/35/154 106/176/154 300/174/154
f 53/34/154 300/174/154 299/172/154
f 54/32/154 299/172/154 298/169/154
f 8/163/154 298/169/154 101/161/154
f 101/161/154 295/171/154 100/162/154
f 301/177/155 4/47/156 107/178/157
f 304/179/158 303/180/159 302/181/160
f 56/57/161 306/182/162 305/183/163
f 57/55/164 305/183/163 304/179/158
f 12/184/165 304/179/158 110/185/166
f 311/186/167 309/187/167 308/188/167
f 312/189/167 310/190/167 309/187/167
f 310/190/167 104/167/153 307/191/167
f 313/192/167 103/166/153 310/190/167
f 58/80/167 102/165/153 313/192/167
f 59/79/167 313/192/167 312/189/167
f 60/77/167 312/189/167 311/186/167
f 13/131/168 311/186/167 111/193/169
f 111/193/169 308/188/167 112/194/170
f 314/195/171 317/196/172 315/197/173
f 316/198/174 320/199/175 317/196/172
f 317/196/172 321/200/176 318/201/177
f 321/200/176 12/184/178 110/185/179
f 320/199/175 61/100/180 321/200/176
f 319/202/181 62/99/182 320/199/175
f 98/203/183 63/97/184 319/202/181
f 99/204/185 319/202/181 316/198/174
f 322/205/186 98/203/187 99/204/188
f 323/206/189 10/96/190 98/203/187
f 327/207/191 325/208/191 324/209/192
f 328/210/191 326/211/191 325/208/191
f 330/212/191 328/210/191 327/207/191
f 331/213/191 329/214/191 328/210/191
f 329/214/191 115/215/193 326/211/191
f 332/216/191 116/217/193 329/214/191
f 33/7/191 117/218/193 332/216/191
f 32/6/191 332/216/191 331/213/191
f 31/219/191 331/213/191 330/212/191
f 1/220/191 330/212/191 118/221/191
f 118/221/191 327/207/191 119/222/191
f 333/223/194 337/224/194 334/225/194
f 334/225/194 338/226/194 335/227/194
f 335/227/194 118/221/194 119/222/194
f 338/226/194 1/220/194 118/221/194
f 337/224/194 36/31/194 338/226/194
f 336/228/194 35/30/194 337/224/194
f 114/229/194 34/28/194 336/228/194
f 113/230/194 336/228/194 333/223/194
f 342/231/195 340/232/196 339/233/197
f 340/232/196 344/234/198 341/235/199
f 94/145/200 2250/236/201 2249/237/202
f 344/234/198 5/52/203 94/145/200
f 343/238/204 39/50/205 344/234/198
f 37/48/206 343/238/204 342/231/195
f 4/47/207 342/231/195 107/178/208
f 348/239/209 112/194/170 345/240/210
f 64/130/211 111/193/169 348/239/209
f 65/129/212 348/239/209 347/241/213
f 66/128/214 347/241/215 346/242/216
f 349/243/217 353/244/217 350/245/218
f 350/245/218 354/246/217 351/247/218
f 352/248/217 356/249/217 353/244/217
f 353/244/217 357/250/217 354/246/217
f 2230/251/217 2228/252/217 354/246/217
f 354/246/217 108/253/219 109/254/220
f 357/250/217 6/73/221 108/253/219
f 356/249/217 42/72/217 357/250/217
f 355/255/217 41/71/217 356/249/217
f 117/218/193 40/70/217 355/255/217
f 116/217/193 355/255/217 352/248/217
f 115/215/193 352/248/217 349/243/217
f 358/256/222 362/257/222 359/258/222
f 359/258/222 363/259/223 360/260/222
f 361/261/224 365/262/222 362/257/222
f 362/257/222 366/263/225 363/259/223
f 365/262/222 89/264/226 366/263/225
f 364/265/224 90/115/225 365/262/222
f 97/154/224 91/113/222 364/265/224
f 96/152/222 364/265/224 361/261/224
f 95/153/222 361/261/224 358/256/222
f 367/266/227 371/267/228 368/268/229
f 368/268/229 372/269/230 369/270/231
f 370/271/230 374/272/232 371/267/228
f 371/267/228 375/273/232 372/269/230
f 15/274/233 367/266/227 162/275/234
f 162/275/234 368/268/229 161/276/233
f 161/276/233 369/270/231 160/277/235
f 160/277/235 139/278/236 23/279/237
f 369/270/231 140/280/238 139/278/236
f 372/269/230 141/281/239 140/280/238
f 375/273/232 24/282/240 141/281/239
f 374/272/232 165/283/241 375/273/232
f 373/284/232 164/285/242 374/272/232
f 123/286/243 163/287/244 373/284/232
f 122/288/245 373/284/232 370/271/230
f 121/289/246 370/271/230 367/266/227
f 379/290/14 377/291/13 376/292/14
f 380/293/13 378/294/16 377/291/13
f 382/295/15 380/293/13 379/290/14
f 383/296/13 381/297/16 380/293/13
f 124/298/13 76/27/15 17/29/13
f 376/299/14 75/299/13 76/299/15
f 377/291/13 74/37/16 75/38/13
f 378/294/16 25/36/13 74/37/16
f 381/297/16 142/300/13 378/294/16
f 384/301/16 143/302/13 381/297/16
f 160/277/16 144/303/13 384/301/16
f 161/276/13 384/301/16 383/296/13
f 162/275/14 383/296/13 382/295/15
f 15/274/13 382/295/15 126/304/13
f 126/304/13 379/290/14 125/305/13
f 125/305/13 376/292/14 124/298/13
f 385/306/247 389/307/248 386/308/249
f 386/308/249 390/309/250 387/310/251
f 388/311/252 392/312/253 389/307/248
f 389/307/248 393/313/254 390/309/250
f 19/314/255 385/306/247 171/315/256
f 171/315/256 386/308/249 170/316/257
f 170/316/257 387/310/251 169/317/258
f 169/317/258 145/318/259 27/319/260
f 387/310/251 146/320/261 145/318/259
f 390/309/250 147/321/262 146/320/261
f 174/322/263 147/321/262 393/313/254
f 392/312/253 174/322/263 393/313/254
f 391/323/264 173/324/265 392/312/253
f 129/325/266 172/326/267 391/323/264
f 128/327/268 391/323/264 388/311/252
f 127/328/269 388/311/252 385/306/247
f 397/329/270 395/330/271 394/331/271
f 398/332/270 396/333/272 395/330/271
f 400/334/273 398/332/270 397/329/270
f 401/335/274 399/336/270 398/332/270
f 130/337/275 163/287/276 16/338/277
f 394/331/271 164/285/278 163/287/276
f 395/330/271 165/283/279 164/285/278
f 396/333/272 24/282/280 165/283/279
f 399/336/270 148/339/281 396/333/272
f 402/340/282 149/341/283 399/336/270
f 177/342/284 150/343/285 402/340/282
f 176/344/286 402/340/282 401/335/274
f 175/345/287 401/335/274 400/334/273
f 21/346/288 400/334/273 132/347/285
f 132/347/285 397/329/270 131/348/289
f 131/348/289 394/331/271 130/337/275
f 403/349/290 407/350/291 404/351/292
f 404/351/292 408/352/293 405/353/294
f 406/354/295 410/355/296 407/350/291
f 407/350/291 411/356/296 408/352/293
f 20/357/297 403/349/290 172/326/267
f 172/326/267 404/351/292 173/324/265
f 173/324/265 405/353/294 174/322/263
f 174/322/263 151/358/298 28/359/299
f 405/353/294 152/360/300 151/358/298
f 408/352/293 153/361/301 152/360/300
f 411/356/296 26/362/302 153/361/301
f 410/355/296 166/363/303 411/356/296
f 409/364/304 167/365/303 410/355/296
f 135/366/305 168/367/306 409/364/304
f 134/368/307 409/364/304 406/354/295
f 133/369/308 406/354/295 403/349/290
f 415/370/309 413/371/310 412/372/311
f 416/373/312 414/374/313 413/371/310
f 418/375/314 416/373/312 415/370/309
f 419/376/315 417/377/316 416/373/312
f 159/378/317 168/367/318 18/379/319
f 412/372/311 167/365/320 168/367/318
f 413/371/310 166/363/321 167/365/320
f 414/374/313 26/362/322 166/363/321
f 417/377/316 210/380/323 414/374/313
f 420/381/324 209/382/325 417/377/316
f 178/383/326 208/384/327 420/381/324
f 179/385/328 420/381/324 419/376/315
f 180/386/329 419/376/315 418/375/314
f 22/387/330 418/375/314 157/388/331
f 157/388/331 415/370/309 158/389/332
f 158/389/332 412/372/311 159/378/317
f 424/390/333 422/391/334 421/392/335
f 425/393/336 423/394/337 422/391/334
f 427/395/338 425/393/336 424/390/333
f 428/396/339 426/397/340 425/393/336
f 136/398/341 175/345/287 21/346/288
f 421/392/335 176/344/286 175/345/287
f 422/391/334 177/342/284 176/344/286
f 423/394/337 29/399/342 177/342/284
f 426/397/340 154/400/343 423/394/337
f 429/401/344 155/402/345 426/397/340
f 169/317/346 156/403/347 429/401/344
f 170/316/348 429/401/344 428/396/339
f 171/315/349 428/396/339 427/395/338
f 19/314/350 427/395/338 138/404/351
f 138/404/351 424/390/333 137/405/352
f 137/405/352 421/392/335 136/398/341
f 433/406/353 431/407/354 430/408/355
f 434/409/356 432/410/357 431/407/354
f 436/411/358 434/409/356 433/406/353
f 437/412/359 435/413/360 434/409/356
f 432/410/357 20/357/361 183/414/362
f 435/413/360 133/369/363 432/410/357
f 438/415/364 134/368/365 435/413/360
f 182/416/366 135/366/367 438/415/364
f 181/417/368 438/415/364 437/412/359
f 181/417/369 437/412/359 2125/418/370
f 439/419/371 442/420/372 440/421/373
f 441/422/374 445/423/375 442/420/372
f 439/419/371 182/416/376 181/417/369
f 440/421/373 18/379/377 182/416/376
f 440/421/373 158/389/378 159/378/379
f 442/420/372 157/388/380 158/389/378
f 445/423/375 22/387/381 157/388/380
f 444/424/382 186/425/383 445/423/375
f 443/426/384 185/427/385 444/424/382
f 447/428/386 450/429/386 448/430/386
f 449/431/387 452/432/386 450/429/386
f 193/433/388 447/428/386 192/434/388
f 192/434/388 448/430/386 191/435/388
f 191/435/388 141/281/386 24/282/389
f 448/430/386 140/280/386 141/281/386
f 450/429/386 139/278/386 140/280/386
f 452/432/386 23/279/386 139/278/386
f 451/436/386 190/437/386 452/432/386
f 455/438/154 454/439/154 453/440/154
f 457/441/154 456/442/154 455/438/154
f 453/440/154 190/437/154 189/443/154
f 454/439/154 23/279/154 190/437/154
f 456/442/154 144/303/154 454/439/154
f 458/444/154 143/302/154 456/442/154
f 106/176/154 142/300/154 458/444/154
f 105/175/154 458/444/154 457/441/154
f 459/445/390 462/446/391 460/447/392
f 2083/448/393 463/449/394 462/446/391
f 196/450/395 460/447/392 195/451/396
f 195/451/396 136/398/397 21/346/398
f 460/447/392 137/405/399 136/398/397
f 462/446/391 138/404/400 137/405/399
f 463/449/394 19/314/401 138/404/400
f 466/452/402 465/453/403 464/454/404
f 468/455/405 467/456/406 2098/457/407
f 465/453/408 28/359/409 197/458/410
f 467/456/406 147/321/411 465/453/403
f 468/455/405 146/320/412 467/456/406
f 2088/459/413 27/319/414 145/318/415
f 471/460/416 470/461/416 469/462/416
f 474/463/416 472/464/416 471/460/416
f 469/462/416 198/465/417 199/466/418
f 470/461/416 29/399/419 198/465/417
f 472/464/416 150/343/416 470/461/416
f 475/467/416 149/341/416 472/464/416
f 191/435/388 148/339/416 475/467/416
f 192/434/388 475/467/416 474/463/416
f 193/433/388 474/463/416 473/468/420
f 476/469/421 480/470/422 477/471/423
f 477/471/423 481/472/424 478/473/425
f 188/474/426 478/473/425 187/475/427
f 187/475/427 153/361/428 26/362/429
f 478/473/425 152/360/430 153/361/428
f 481/472/424 151/358/431 152/360/430
f 482/476/432 28/359/433 151/358/431
f 486/477/434 485/478/435 484/479/436
f 488/480/437 487/481/438 486/477/434
f 483/482/439 201/483/440 200/484/441
f 484/479/436 202/485/442 201/483/440
f 485/478/435 30/486/443 202/485/442
f 487/481/438 208/384/444 485/478/435
f 489/487/445 209/382/446 487/481/438
f 489/487/445 26/362/447 210/380/448
f 488/480/437 187/475/449 489/487/445
f 493/488/450 491/489/450 490/490/451
f 494/491/450 492/492/450 491/489/450
f 496/493/450 494/491/450 493/488/450
f 497/494/450 495/495/450 494/491/450
f 491/489/450 206/496/450 207/497/450
f 492/492/450 15/274/450 206/496/450
f 495/495/450 121/289/450 492/492/450
f 498/498/450 122/288/450 495/495/450
f 205/499/452 123/286/450 498/498/450
f 204/500/452 498/498/450 497/494/450
f 203/501/452 497/494/450 496/493/450
f 499/502/194 502/503/194 500/504/194
f 501/505/194 504/506/194 502/503/194
f 113/230/194 500/504/194 114/229/194
f 114/299/194 124/299/194 17/299/194
f 500/504/194 125/305/194 124/298/194
f 502/503/194 126/304/194 125/305/194
f 504/506/194 15/274/194 126/304/194
f 503/507/194 206/496/194 504/506/194
f 507/508/453 506/509/454 505/510/455
f 507/508/453 510/511/456 508/512/457
f 506/509/454 19/314/458 194/513/459
f 508/512/457 127/328/460 506/509/454
f 508/512/457 129/325/461 128/327/462
f 510/511/456 20/357/463 129/325/461
f 2105/514/464 183/414/465 510/511/456
f 512/515/466 156/403/467 511/516/468
f 514/517/469 155/402/470 512/515/466
f 198/465/417 154/400/471 514/517/469
f 199/466/418 514/517/469 513/518/472
f 515/299/473 519/299/473 516/299/473
f 516/519/473 520/520/473 517/521/473
f 518/522/473 522/523/473 519/524/473
f 519/524/473 523/525/473 520/520/473
f 203/501/452 516/519/473 204/500/452
f 204/500/452 517/521/473 205/499/452
f 205/499/452 130/337/473 16/338/452
f 517/521/473 131/348/473 130/337/473
f 520/520/473 132/347/473 131/348/473
f 523/525/473 21/346/398 132/347/473
f 522/523/473 195/451/396 523/525/473
f 522/523/473 2199/526/473 196/450/395
f 524/527/474 528/528/474 525/529/475
f 525/529/475 529/530/474 526/531/474
f 527/532/476 531/533/474 528/528/474
f 528/528/474 532/534/474 529/530/474
f 184/535/474 525/529/475 185/427/474
f 185/427/474 526/536/474 186/425/475
f 186/425/475 180/386/474 22/387/474
f 526/299/474 179/299/477 180/299/474
f 529/299/474 178/299/475 179/299/477
f 532/534/474 30/486/478 178/383/475
f 531/533/474 202/485/475 532/534/474
f 530/537/479 201/483/474 531/533/474
f 1216/538/480 1224/539/481 1215/540/482
f 1217/541/483 1214/542/484 1216/538/485
f 1220/543/486 1218/544/487 1219/545/488
f 1222/546/489 1220/543/490 1221/547/491
f 1223/548/492 1214/542/493 1222/546/494
f 656/549/495 1215/540/496 657/550/497
f 545/551/498 1217/541/499 655/552/500
f 716/553/501 1218/544/502 1217/541/499
f 655/552/503 1216/538/504 656/549/505
f 770/554/506 714/555/507 560/556/508
f 769/557/509 1219/545/510 770/554/511
f 1219/545/512 715/558/513 714/555/514
f 652/559/515 768/560/516 544/561/517
f 653/562/518 1221/547/491 652/559/519
f 1221/547/520 769/557/509 768/560/516
f 654/563/521 1222/546/494 653/562/522
f 1227/564/523 1235/565/524 1226/566/525
f 1228/567/526 1225/568/527 1227/564/528
f 1231/569/529 1229/570/530 1230/571/531
f 1233/572/532 1231/569/533 1232/573/534
f 1234/574/535 1225/568/536 1233/572/537
f 650/575/538 1226/566/539 651/576/540
f 597/577/541 1228/567/542 649/578/543
f 722/579/544 1229/570/545 1228/567/542
f 649/578/546 1227/564/547 650/575/548
f 776/580/549 720/581/550 561/582/551
f 775/583/552 1230/571/553 776/580/554
f 1230/571/555 721/584/556 720/581/557
f 655/552/500 774/585/558 545/551/498
f 656/549/559 1232/573/560 655/552/561
f 1232/573/562 775/583/552 774/585/558
f 657/550/563 1233/572/564 656/549/565
f 1236/586/566 1240/587/567 1239/588/568
f 1237/589/569 1241/590/570 1240/587/567
f 1239/588/568 1243/591/571 1242/592/572
f 1240/587/567 1244/593/573 1243/591/571
f 570/594/574 1236/586/575 844/595/576
f 855/596/577 1237/589/569 1236/586/566
f 854/597/578 1238/598/579 1237/589/569
f 853/599/580 752/600/581 1238/598/582
f 1238/598/582 751/601/583 1241/590/584
f 1241/590/584 750/602/585 1244/593/586
f 1244/593/586 547/603/587 731/604/588
f 1243/591/571 731/604/589 730/605/590
f 1242/592/572 730/605/590 729/606/591
f 846/607/592 729/606/593 564/608/594
f 845/609/595 1242/592/596 846/607/592
f 844/595/576 1239/588/597 845/609/595
f 1246/610/598 2253/611/599 2252/612/600
f 2254/613/601 2253/611/602 1246/610/602
f 744/614/603 639/615/604 537/616/605
f 745/617/606 1245/618/607 744/614/608
f 2250/236/609 2249/237/610 1245/618/611
f 552/619/612 1247/620/613 746/621/614
f 2266/622/615 658/623/616 2267/624/617
f 746/621/618 1246/610/619 745/617/620
f 1248/625/621 1252/626/622 1251/627/623
f 1249/628/624 1253/629/625 1252/626/622
f 1251/627/626 1255/630/627 1254/631/628
f 1252/626/629 1256/632/630 1255/630/627
f 569/633/631 1248/625/632 832/634/633
f 843/635/634 1249/628/635 1248/625/632
f 842/636/636 1250/637/637 1249/628/635
f 841/638/638 749/639/639 1250/637/640
f 1250/637/641 748/640/642 1253/629/643
f 1253/629/644 747/641/645 1256/632/646
f 1256/632/647 546/642/648 725/643/649
f 1255/630/650 725/643/651 724/644/652
f 1254/631/653 724/644/652 723/645/654
f 834/646/655 723/645/656 562/647/657
f 833/648/658 1254/631/628 834/646/659
f 832/634/660 1251/627/623 833/648/661
f 1259/649/662 1267/650/663 1258/651/664
f 1261/652/665 1259/649/666 1260/653/667
f 1262/654/668 1257/655/669 1261/652/670
f 1265/656/671 1263/657/672 1264/658/673
f 1266/659/674 1257/655/675 1265/656/676
f 653/562/522 1258/651/664 654/563/521
f 544/561/517 1260/653/677 652/559/515
f 710/660/678 1261/652/679 1260/653/677
f 652/559/519 1259/649/666 653/562/518
f 764/661/680 708/662/681 558/663/682
f 764/661/683 1263/657/684 1262/654/685
f 1262/654/686 709/664/687 708/662/681
f 663/665/688 762/666/689 543/667/690
f 664/668/691 1264/658/692 663/665/693
f 1264/658/694 763/669/695 762/666/689
f 665/670/696 1265/656/697 664/668/698
f 1269/671/699 539/672/700 692/673/701
f 1268/674/702 692/673/701 691/675/703
f 1272/676/704 1280/677/705 1271/678/706
f 1273/679/707 1270/680/708 1272/676/709
f 1276/681/710 1274/682/711 1275/683/712
f 1278/684/713 1276/681/714 1277/685/715
f 1279/686/716 1270/680/717 1278/684/718
f 535/687/719 1271/678/720 684/688/721
f 642/689/722 1272/676/723 1271/678/720
f 1271/678/724 685/690/725 684/688/726
f 737/691/727 640/692/728 549/693/729
f 736/694/730 1273/679/731 737/691/727
f 1273/679/731 641/695/732 640/692/728
f 678/696/733 735/697/734 534/698/735
f 679/699/736 1275/683/712 678/696/737
f 1275/683/738 736/694/739 735/697/734
f 687/700/740 680/701/741 540/702/742
f 688/703/743 1277/685/744 687/700/740
f 1277/685/715 679/699/745 680/701/746
f 542/704/747 1279/686/748 689/705/749
f 686/706/750 1280/677/751 1279/686/716
f 689/705/752 1278/684/753 688/703/743
f 1281/707/754 1285/708/755 1284/709/756
f 1283/710/757 1285/708/758 1282/711/759
f 1285/708/760 1287/712/761 1284/709/762
f 1286/713/763 1288/714/764 1285/708/765
f 533/715/766 1281/707/767 672/716/768
f 924/717/769 1282/711/770 1281/707/771
f 923/718/772 1283/710/773 1282/711/770
f 922/719/774 684/688/775 1283/710/776
f 684/688/777 1286/713/778 1283/710/779
f 685/690/780 1289/720/781 1286/713/782
f 686/706/783 690/721/784 1289/720/785
f 1289/720/786 691/675/786 1288/714/786
f 1288/714/787 692/673/788 1287/712/789
f 1287/712/790 539/672/791 674/722/792
f 1284/709/793 674/722/794 673/723/795
f 672/716/796 1284/709/756 673/723/797
f 1292/724/798 1300/725/799 1291/726/800
f 1293/727/801 1290/728/802 1292/724/803
f 1296/729/804 1294/730/805 1295/731/806
f 1298/732/807 1296/729/808 1297/733/809
f 1299/734/810 1290/728/811 1298/732/812
f 645/735/813 681/736/814 536/737/815
f 644/738/816 1291/726/817 645/735/813
f 1291/726/818 682/739/819 681/736/820
f 740/740/821 643/741/822 550/742/823
f 739/743/824 1293/727/825 740/740/826
f 1293/727/827 644/738/828 643/741/829
f 675/744/830 738/745/831 583/746/832
f 676/747/833 1295/731/834 675/744/835
f 1295/731/836 739/743/837 738/745/831
f 693/748/838 677/749/839 590/750/840
f 694/751/841 1297/733/842 693/748/838
f 1297/733/843 676/747/844 677/749/845
f 541/752/846 1299/734/847 695/753/848
f 683/754/849 1300/725/850 1299/734/851
f 695/753/848 1298/732/852 694/751/841
f 1303/755/853 1311/756/854 1302/757/855
f 1305/758/856 1303/755/857 1304/759/858
f 1307/760/859 1305/758/860 1306/761/861
f 1309/762/862 1307/760/863 1308/763/864
f 1310/764/865 1301/765/866 1309/762/867
f 638/766/868 678/696/869 534/698/870
f 638/766/871 1303/755/872 1302/757/873
f 1302/757/874 679/699/875 678/696/876
f 734/767/877 636/768/878 548/769/879
f 733/770/880 1304/759/881 734/767/882
f 1304/759/883 637/771/884 636/768/885
f 536/737/815 1306/761/886 732/772/887
f 681/736/888 1307/760/889 1306/761/890
f 732/772/891 1305/758/892 733/770/893
f 696/773/894 683/754/895 541/752/846
f 697/774/896 1308/763/897 696/773/894
f 1308/763/898 682/739/899 683/754/849
f 540/702/900 1310/764/901 698/775/902
f 680/701/903 1311/756/904 1310/764/905
f 698/775/906 1309/762/907 697/774/908
f 1312/776/909 1316/777/910 1315/778/911
f 1313/779/912 1317/780/913 1316/777/914
f 1315/778/915 1319/781/916 1318/782/917
f 1316/777/918 1320/783/919 1319/781/920
f 699/784/921 674/722/922 539/672/923
f 2262/785/924 701/786/925 1317/780/926
f 701/786/927 1320/783/928 1317/780/929
f 700/787/930 755/788/931 1320/783/932
f 1319/781/933 755/788/934 754/789/935
f 1318/782/936 754/789/937 753/790/938
f 672/716/939 753/790/940 533/715/941
f 673/723/942 1318/782/943 672/716/944
f 674/722/945 1315/778/946 673/723/947
f 1322/791/948 1324/792/949 1321/793/950
f 1323/794/951 1325/795/952 1322/791/953
f 1325/795/954 1327/796/955 1324/792/956
f 1326/797/957 1328/798/958 1325/795/959
f 780/799/960 924/717/961 533/715/962
f 781/800/963 1321/793/964 780/799/965
f 782/801/966 1322/791/967 781/800/968
f 563/802/969 1323/794/970 782/801/971
f 859/803/972 1326/797/973 1323/794/974
f 860/804/975 1329/805/976 1326/797/977
f 861/806/978 858/807/979 1329/805/980
f 1329/805/981 857/808/982 1328/798/983
f 1328/798/983 856/809/984 1327/796/985
f 1327/796/985 535/687/986 922/719/987
f 1324/792/988 922/719/989 923/718/990
f 1321/793/991 923/718/992 924/717/993
f 1330/810/994 1334/811/995 1333/812/996
f 1331/813/997 1335/814/998 1334/811/995
f 1334/811/995 1336/815/999 1333/812/996
f 1334/811/995 1338/816/1000 1337/817/1001
f 568/818/1002 1330/810/994 820/819/1003
f 831/820/1004 1331/813/997 1330/810/994
f 830/821/1005 1332/822/1006 1331/813/997
f 829/823/1007 761/824/1008 1332/822/1006
f 1332/822/1006 760/825/1009 1335/814/998
f 1335/814/998 759/826/1010 1338/816/1000
f 1338/816/1011 534/698/1012 735/697/1013
f 1338/816/1011 736/694/1014 1337/817/1015
f 1337/817/1001 737/691/727 1336/815/999
f 1336/815/999 549/693/729 822/827/1016
f 1333/812/996 822/827/1016 821/828/1017
f 820/819/1003 1333/812/996 821/828/1017
f 1340/829/1018 1342/830/1019 1339/831/1020
f 1341/832/1021 1343/833/1022 1340/829/1018
f 1343/833/1022 1345/834/1023 1342/830/1019
f 1344/835/1024 1346/836/1025 1343/833/1022
f 819/837/1026 808/838/1027 567/839/1028
f 818/840/1029 1339/831/1020 819/837/1026
f 817/841/1030 1340/829/1018 818/840/1029
f 817/841/1031 767/842/1032 1341/832/1033
f 767/842/1032 1344/835/1034 1341/832/1033
f 766/843/1035 1347/844/1036 1344/835/1034
f 765/845/1037 732/772/1038 1347/844/1039
f 1347/844/1040 733/770/1041 1346/836/1025
f 1346/836/1025 734/767/1042 1345/834/1023
f 1345/834/1023 548/769/1043 810/846/1044
f 1342/830/1019 810/846/1044 809/847/1045
f 1339/831/1020 809/847/1045 808/838/1027
f 1349/848/1046 1351/849/1047 1348/850/1048
f 1350/851/1049 1352/852/1050 1349/848/1046
f 1352/852/1050 1354/853/1051 1351/849/1047
f 1353/854/1052 1355/855/1053 1352/852/1050
f 566/856/1054 1348/850/1048 796/857/1055
f 807/858/1056 1349/848/1046 1348/850/1048
f 806/859/1057 1350/851/1049 1349/848/1046
f 805/860/1058 773/861/1059 1350/851/1049
f 1350/851/1049 772/862/1060 1353/854/1052
f 1353/854/1052 771/863/1061 1356/864/1062
f 1356/864/1063 583/746/1064 738/745/1065
f 1356/864/1063 739/743/1066 1355/855/1067
f 1355/855/1067 740/740/1068 1354/853/1069
f 1354/853/1051 550/742/1070 798/865/1071
f 1351/849/1047 798/865/1071 797/866/1072
f 1348/850/1048 797/866/1072 796/857/1055
f 1357/867/1073 1361/868/1074 1360/869/1075
f 1358/870/1076 1362/871/1077 1361/868/1078
f 1360/869/1079 1364/872/1080 1363/873/1081
f 1361/868/1082 1365/874/1083 1364/872/1084
f 565/875/1085 1357/867/1086 785/876/1087
f 795/877/1088 1358/870/1089 1357/867/1090
f 794/878/1091 1359/879/1092 1358/870/1093
f 793/880/1094 782/801/1095 1359/879/1096
f 1359/879/1097 781/800/1098 1362/871/1099
f 1362/871/1100 780/799/1101 1365/874/1102
f 1365/874/1103 533/715/1104 753/790/1105
f 1364/872/1106 753/790/1107 754/789/1108
f 1363/873/1109 754/789/1110 755/788/1111
f 1363/873/1112 555/881/1113 787/882/1114
f 786/883/1115 1363/873/1116 787/882/1117
f 785/876/1087 1360/869/1118 786/883/1115
f 1366/884/1119 1369/885/1120 1368/886/1121
f 1368/886/1121 1371/887/1122 1370/888/1123
f 792/889/1124 1367/890/1125 1366/884/1126
f 791/891/1127 785/876/1128 1367/890/1125
f 1367/890/1125 786/883/1129 1369/885/1130
f 1369/885/1130 787/882/1131 1371/887/1132
f 1371/887/1133 555/881/1134 700/787/1135
f 1370/888/1136 700/787/1137 701/786/1138
f 1372/892/1139 1375/893/1140 1374/894/1141
f 1374/894/1142 1377/895/1143 1376/896/1144
f 783/897/1145 1373/898/1146 1372/892/1147
f 784/899/1148 788/900/1149 1373/898/1150
f 1373/898/1151 789/901/1152 1375/893/1153
f 1375/893/1153 790/902/1154 1377/895/1143
f 1377/895/1143 565/875/1085 791/891/1127
f 1376/896/1155 791/891/1127 792/889/1124
f 1378/903/1156 1382/904/1157 1381/905/1158
f 1379/906/1159 1383/907/1160 1382/904/1157
f 1381/905/1158 1385/908/1161 1384/909/1162
f 1382/904/1157 1386/910/1163 1385/908/1164
f 564/608/1165 1378/903/1166 788/900/1167
f 729/606/591 1379/906/1159 1378/903/1156
f 730/605/590 1380/911/1168 1379/906/1159
f 731/604/588 728/912/1169 1380/911/1170
f 1380/911/1170 727/913/1171 1383/907/1172
f 1383/907/1172 726/914/1173 1386/910/1174
f 1386/910/1175 563/802/1176 793/880/1177
f 1385/908/1178 793/880/1179 794/878/1180
f 1384/909/1162 794/878/1181 795/877/1182
f 790/902/1154 795/877/1182 565/875/1085
f 789/901/1183 1384/909/1162 790/902/1154
f 788/900/1167 1381/905/1158 789/901/1183
f 1387/915/1184 1391/916/1185 1390/917/1186
f 1388/918/1187 1392/919/1188 1391/916/1185
f 1390/917/1186 1394/920/1189 1393/921/1190
f 1391/916/1185 1395/922/1191 1394/920/1189
f 559/923/1192 1387/915/1193 767/842/1194
f 804/924/1195 1388/918/1187 1387/915/1184
f 803/925/1196 1389/926/1197 1388/918/1187
f 802/927/1198 796/857/1055 1389/926/1197
f 1389/926/1197 797/866/1072 1392/919/1188
f 1392/919/1188 798/865/1199 1395/922/1191
f 1395/922/1200 550/742/1201 643/741/1202
f 1394/920/1203 643/741/1202 644/738/1204
f 1393/921/1205 644/738/1204 645/735/1206
f 1393/921/1205 536/737/1207 765/845/1208
f 1390/917/1209 765/845/1210 766/843/1211
f 1387/915/1193 766/843/1211 767/842/1194
f 1396/928/1212 1400/929/1213 1399/930/1214
f 1397/931/1215 1401/932/1216 1400/929/1213
f 1399/930/1217 1403/933/1218 1402/934/1219
f 1400/929/1220 1404/935/1221 1403/933/1218
f 545/551/1222 1396/928/1223 713/936/1224
f 774/585/1225 1397/931/1226 1396/928/1223
f 776/580/1227 1397/931/1226 775/583/1228
f 561/582/1229 1398/937/1230 776/580/1227
f 892/938/1231 1401/932/1216 1398/937/1232
f 1401/932/1233 894/939/1234 1404/935/1221
f 1404/935/1235 578/940/1236 912/941/1237
f 1403/933/1238 912/941/1237 911/942/1239
f 1402/934/1240 911/942/1239 910/943/1241
f 711/944/1242 910/943/1241 579/945/1243
f 712/946/1244 1402/934/1219 711/944/1245
f 713/936/1246 1399/930/1214 712/946/1247
f 1405/947/1248 1409/948/1249 1408/949/1250
f 1406/950/1251 1410/951/1252 1409/948/1249
f 1408/949/1253 1412/952/1254 1411/953/1255
f 1409/948/1256 1413/954/1257 1412/952/1254
f 561/582/1258 1405/947/1259 892/938/1260
f 720/581/1261 1406/950/1262 1405/947/1259
f 721/584/1263 1407/955/1264 1406/950/1262
f 722/579/1265 719/956/1266 1407/955/1264
f 1407/955/1267 718/957/1268 1410/951/1252
f 1410/951/1269 717/958/1270 1413/954/1257
f 1413/954/1271 632/959/1272 921/960/1271
f 1412/952/1273 921/960/1271 920/961/1274
f 1411/953/1275 920/961/1274 919/962/1276
f 894/939/1277 919/962/1276 578/940/1236
f 893/963/1278 1411/953/1255 894/939/1234
f 892/938/1279 1408/949/1250 893/963/1280
f 1414/964/1281 1418/965/1282 1417/966/1283
f 1415/967/1284 1419/968/1285 1418/965/1286
f 1417/966/1283 1421/969/1287 1420/970/1288
f 1418/965/1286 1422/971/1289 1421/969/1290
f 557/972/1291 1414/964/1292 761/824/1293
f 816/973/1294 1415/967/1295 1414/964/1281
f 815/974/1296 1416/975/1297 1415/967/1284
f 814/976/1298 808/838/1027 1416/975/1299
f 1416/975/1299 809/847/1045 1419/968/1285
f 1419/968/1285 810/846/1044 1422/971/1289
f 1422/971/1289 548/769/1043 636/768/1300
f 1421/969/1290 636/768/1301 637/771/1302
f 1420/970/1288 637/771/1303 638/766/1304
f 759/826/1305 638/766/1306 534/698/1307
f 760/825/1308 1420/970/1309 759/826/1305
f 761/824/1293 1417/966/1310 760/825/1308
f 1423/977/1311 1427/978/1312 1426/979/1313
f 1424/980/1314 1428/981/1315 1427/978/1312
f 1426/979/1316 1430/982/1317 1429/983/1318
f 1427/978/1319 1431/984/1320 1430/982/1317
f 544/561/1321 1423/977/1322 707/985/1323
f 768/560/1324 1424/980/1325 1423/977/1322
f 770/554/1326 1424/980/1325 769/557/1327
f 560/556/1328 1425/986/1329 770/554/1326
f 1425/986/1330 887/987/1331 1428/981/1315
f 1428/981/1332 888/988/1333 1431/984/1320
f 1431/984/1334 576/989/1335 909/990/1336
f 1430/982/1337 909/990/1336 908/991/1338
f 1429/983/1339 908/991/1338 907/992/1340
f 705/993/1341 907/992/1340 577/994/1342
f 706/995/1343 1429/983/1318 705/993/1344
f 707/985/1345 1426/979/1313 706/995/1346
f 1432/996/1347 1436/997/1348 1435/998/1349
f 1433/999/1350 1437/1000/1351 1436/997/1348
f 1435/998/1352 1439/1001/1353 1438/1002/1354
f 1436/997/1355 1440/1003/1356 1439/1001/1353
f 560/556/1357 1432/996/1358 886/1004/1359
f 714/555/1360 1433/999/1361 1432/996/1358
f 715/558/1362 1434/1005/1363 1433/999/1361
f 716/553/1364 713/936/1224 1434/1005/1363
f 1434/1005/1365 712/946/1247 1437/1000/1351
f 1437/1000/1366 711/944/1245 1440/1003/1356
f 1440/1003/1367 579/945/1243 918/1006/1368
f 1439/1001/1369 918/1006/1368 917/1007/1370
f 1438/1002/1371 917/1007/1370 916/1008/1372
f 888/988/1373 916/1008/1372 576/989/1335
f 887/987/1374 1438/1002/1354 888/988/1333
f 886/1004/1375 1435/998/1349 887/987/1376
f 1443/1009/1377 1455/1010/1378 1442/1011/1379
f 1445/1012/1380 1443/1009/1377 1444/1013/1381
f 1446/1014/1382 1441/1015/1383 1445/1012/1380
f 1449/1016/1384 1447/1017/1385 1448/1018/1386
f 1451/1019/1387 1449/1016/1384 1450/1020/1388
f 1452/1021/1389 1441/1015/1383 1451/1019/1390
f 1455/1010/1378 1453/1022/1391 1454/1023/1392
f 828/1024/1393 758/1025/1394 556/1026/1395
f 827/1027/1396 1442/1011/1379 828/1024/1393
f 1442/1011/1379 757/1028/1397 758/1025/1394
f 820/819/1003 826/1029/1398 568/818/1002
f 821/828/1017 1444/1013/1381 820/819/1003
f 826/1029/1398 1443/1009/1377 827/1027/1396
f 549/693/729 1446/1014/1382 822/827/1016
f 640/692/728 1447/1017/1385 1446/1014/1382
f 822/827/1016 1445/1012/1380 821/828/1017
f 856/809/1399 642/689/1400 535/687/1401
f 857/808/1402 1448/1018/1403 856/809/1399
f 1448/1018/1386 641/695/732 642/689/722
f 862/1030/1404 858/807/1405 571/1031/1406
f 863/1032/1407 1450/1020/1408 862/1030/1404
f 858/807/1409 1449/1016/1410 857/808/1402
f 572/1033/1411 1452/1021/1412 864/1034/1413
f 868/1035/1414 1453/1022/1415 1452/1021/1412
f 864/1034/1416 1451/1019/1417 863/1032/1407
f 573/1036/1418 1454/1023/1419 870/1037/1420
f 756/1038/1421 1455/1010/1378 1454/1023/1392
f 1454/1023/1419 869/1039/1422 870/1037/1420
f 1456/1040/1423 1460/1041/1424 1459/1042/1425
f 1457/1043/1426 1461/1044/1427 1460/1041/1424
f 1459/1042/1428 1463/1045/1429 1462/1046/1430
f 1460/1041/1431 1464/1047/1432 1463/1045/1429
f 543/667/1433 1456/1040/1434 704/1048/1435
f 762/666/1436 1457/1043/1437 1456/1040/1434
f 763/669/1438 1458/1049/1439 1457/1043/1437
f 764/661/1440 901/1050/1441 1458/1049/1439
f 1458/1049/1442 902/1051/1443 1461/1044/1427
f 1461/1044/1444 903/1052/1445 1464/1047/1432
f 1464/1047/1446 580/1053/1447 906/1054/1448
f 1463/1045/1449 906/1054/1448 905/1055/1450
f 1462/1046/1451 905/1055/1450 904/1056/1452
f 702/1057/1453 904/1056/1454 575/1058/1455
f 703/1059/1456 1462/1046/1430 702/1057/1457
f 704/1048/1458 1459/1042/1425 703/1059/1459
f 1465/1060/1460 1469/1061/1461 1468/1062/1462
f 1466/1063/1463 1470/1064/1464 1469/1061/1461
f 1468/1062/1465 1472/1065/1466 1471/1066/1467
f 1469/1061/1468 1473/1067/1469 1472/1065/1466
f 558/663/1470 1465/1060/1471 901/1050/1472
f 708/662/1473 1466/1063/1474 1465/1060/1471
f 709/664/1475 1467/1068/1476 1466/1063/1474
f 710/660/1477 707/985/1323 1467/1068/1476
f 1467/1068/1478 706/995/1346 1470/1064/1464
f 1470/1064/1479 705/993/1344 1473/1067/1469
f 1473/1067/1480 577/994/1342 915/1069/1481
f 1472/1065/1482 915/1069/1481 914/1070/1483
f 1471/1066/1484 914/1070/1483 913/1071/1485
f 903/1052/1486 913/1071/1485 580/1053/1447
f 902/1051/1487 1471/1066/1467 903/1052/1445
f 901/1050/1488 1468/1062/1462 902/1051/1443
f 1475/1072/1489 1477/1073/1490 1474/1074/1491
f 1475/1072/1492 1479/1075/1493 1478/1076/1494
f 1478/1076/1495 1480/1077/1496 1477/1073/1497
f 1478/1076/1498 1482/1078/1499 1481/1079/1500
f 840/1080/1501 658/623/1502 552/619/1503
f 840/1080/1504 1475/1072/1505 1474/1074/1506
f 839/1081/1507 1476/1082/1508 1475/1072/1509
f 838/1083/1510 832/634/1511 1476/1082/1508
f 1476/1082/1512 833/648/1513 1479/1075/1493
f 1479/1075/1514 834/646/1515 1482/1078/1499
f 1482/1078/1516 562/647/1517 779/1084/1518
f 1481/1079/1519 779/1084/1518 778/1085/1520
f 1481/1079/1521 777/1086/1522 1480/1077/1523
f 2269/1087/1524 2268/1088/1525 1477/1073/1526
f 1474/1074/1527 659/1089/1528 658/623/1529
f 1483/1090/1530 1487/1091/1531 1486/1092/1532
f 1484/1093/1533 1488/1094/1534 1487/1091/1535
f 1486/1092/1532 1490/1095/1536 1489/1096/1537
f 1487/1091/1535 1491/1097/1538 1490/1095/1539
f 537/616/1540 1483/1090/1541 744/614/1542
f 648/1098/1543 1484/1093/1544 1483/1090/1545
f 647/1099/1546 1485/1100/1547 1484/1093/1533
f 646/1101/1548 835/1102/1549 1485/1100/1547
f 1485/1100/1547 836/1103/1550 1488/1094/1534
f 1488/1094/1534 837/1104/1551 1491/1097/1538
f 1491/1097/1552 569/633/1553 838/1083/1554
f 1490/1095/1555 838/1083/1554 839/1081/1556
f 1489/1096/1557 839/1081/1558 840/1080/1559
f 746/621/1560 840/1080/1561 552/619/1562
f 745/617/1563 1489/1096/1564 746/621/1565
f 744/614/1566 1486/1092/1567 745/617/1563
f 1492/1105/1568 1496/1106/1569 1495/1107/1570
f 1493/1108/1571 1497/1109/1572 1496/1106/1573
f 1495/1107/1570 1499/1110/1574 1498/1111/1575
f 1496/1106/1569 1500/1112/1576 1499/1110/1574
f 551/1113/1577 1492/1105/1578 835/1102/1579
f 743/1114/1580 1493/1108/1581 1492/1105/1568
f 742/1115/1582 1494/1116/1583 1493/1108/1571
f 741/1117/1584 668/1118/1585 1494/1116/1583
f 1494/1116/1586 667/1119/1587 1497/1109/1588
f 1497/1109/1589 666/1120/1590 1500/1112/1591
f 1500/1112/1592 553/1121/1593 841/638/1594
f 1499/1110/1595 841/638/1596 842/636/1597
f 1498/1111/1598 842/636/1597 843/635/1599
f 837/1104/1600 843/635/1601 569/633/1602
f 836/1103/1603 1498/1111/1604 837/1104/1605
f 835/1102/1579 1495/1107/1606 836/1103/1603
f 1504/1122/1607 2276/1123/1608 2275/1124/1609
f 1502/1125/1610 1505/1126/1611 1504/1122/1607
f 1504/1122/1607 1507/1127/1612 1506/1128/1613
f 852/1129/1614 1502/1125/1610 1501/1130/1615
f 851/1131/1616 1503/1132/1617 1502/1125/1610
f 850/1133/1618 844/595/1619 1503/1132/1620
f 1503/1132/1620 845/609/1621 1505/1126/1622
f 1505/1126/1622 846/607/1623 1507/1127/1624
f 1507/1127/1624 564/608/1625 784/899/1626
f 1506/1128/1613 784/899/1627 783/897/1628
f 1508/1134/1629 1512/1135/1630 1511/1136/1631
f 1509/1137/1632 1513/1138/1633 1512/1135/1634
f 1511/1136/1635 1515/1139/1636 1514/1140/1637
f 1512/1135/1634 1516/1141/1638 1515/1139/1636
f 777/1086/1639 1509/1137/1640 1508/1134/1641
f 778/1085/1642 1510/1142/1643 1509/1137/1644
f 779/1084/1645 847/1143/1646 1510/1142/1647
f 1510/1142/1648 848/1144/1649 1513/1138/1650
f 1513/1138/1650 849/1145/1651 1516/1141/1652
f 1516/1141/1652 570/594/1653 850/1133/1618
f 1515/1139/1636 850/1133/1654 851/1131/1616
f 1514/1140/1637 851/1131/1616 852/1129/1614
f 1517/1146/1655 1521/1147/1656 1520/1148/1657
f 1518/1149/1658 1522/1150/1659 1521/1147/1656
f 1520/1148/1657 1524/1151/1660 1523/1152/1661
f 1521/1147/1656 1525/1153/1662 1524/1151/1660
f 562/647/1663 1517/1146/1664 847/1143/1665
f 723/645/1666 1518/1149/1667 1517/1146/1668
f 724/644/1669 1519/1154/1670 1518/1149/1667
f 725/643/1671 671/1155/1672 1519/1154/1673
f 1519/1154/1673 670/1156/1674 1522/1150/1675
f 1522/1150/1675 669/1157/1676 1525/1153/1677
f 1525/1153/1677 554/1158/1678 853/599/580
f 1524/1151/1660 853/599/1679 854/597/578
f 1523/1152/1661 854/597/578 855/596/577
f 849/1145/1680 855/596/1681 570/594/574
f 848/1144/1682 1523/1152/1683 849/1145/1680
f 847/1143/1665 1520/1148/1684 848/1144/1682
f 1528/1159/1685 1538/1160/1686 1527/1161/1687
f 1529/1162/1688 1526/1163/1689 1528/1159/1690
f 1531/1164/1691 1526/1163/1692 1530/1165/1692
f 1534/1166/1693 1532/1167/1694 1533/1168/1695
f 1536/1169/1696 1534/1166/1697 1535/1170/1698
f 1537/1171/1699 1526/1163/1700 1536/1169/1701
f 664/668/1702 1527/1161/1687 665/670/1703
f 1527/1161/1704 926/1172/1705 925/1173/1706
f 543/667/690 1529/1162/1707 663/665/688
f 930/1174/1708 1530/1165/1709 1529/1162/1710
f 663/665/1711 1528/1159/1712 664/668/1713
f 741/1117/1714 928/1175/1715 538/1176/1716
f 741/1117/1714 1532/1167/1717 1531/1164/1718
f 1531/1164/1719 929/1177/1720 928/1175/1721
f 646/1101/1548 743/1114/1722 551/1113/1577
f 647/1099/1723 1533/1168/1724 646/1101/1548
f 1533/1168/1725 742/1115/1726 743/1114/1580
f 662/1178/1727 648/1098/1728 537/616/1729
f 661/1179/1730 1535/1170/1731 662/1178/1732
f 1535/1170/1733 647/1099/1734 648/1098/1735
f 581/1180/1736 1537/1171/1737 660/1181/1738
f 927/1182/1739 1538/1160/1740 1537/1171/1737
f 660/1181/1741 1536/1169/1742 661/1179/1743
f 1539/1183/1744 1543/1184/1745 1542/1185/1746
f 1540/1186/1747 1544/1187/1748 1543/1184/1749
f 1542/1185/1746 1546/1188/1750 1545/1189/1751
f 1543/1184/1749 1547/1190/1752 1546/1188/1753
f 571/1031/1754 1539/1183/1755 862/1030/1756
f 861/806/1757 1540/1186/1758 1539/1183/1744
f 860/804/1759 1541/1191/1760 1540/1186/1747
f 859/803/1761 726/914/1762 1541/1191/1763
f 1541/1191/1763 727/913/1764 1544/1187/1765
f 1544/1187/1765 728/912/1766 1547/1190/1767
f 1547/1190/1767 547/603/1768 865/1192/1175
f 1546/1188/1753 865/1192/1769 866/1193/1770
f 1545/1189/1751 866/1193/1771 867/1194/1772
f 864/1034/1773 867/1194/1774 572/1033/1775
f 863/1032/1776 1545/1189/1777 864/1034/1773
f 862/1030/1756 1542/1185/1778 863/1032/1776
f 1548/1195/1779 1552/1196/1780 1551/1197/1781
f 1549/1198/1782 1553/1199/1783 1552/1196/1784
f 1552/1196/1780 1554/1200/1785 1551/1197/1781
f 1552/1196/1784 1556/1201/1786 1555/1202/1787
f 572/1033/1775 1548/1195/1788 868/1035/1789
f 867/1194/1772 1549/1198/1790 1548/1195/1779
f 866/1193/1770 1550/1203/1791 1549/1198/1782
f 865/1192/1175 750/602/1792 1550/1203/1793
f 1550/1203/1793 751/601/1794 1553/1199/1795
f 1553/1199/1795 752/600/1796 1556/1201/1797
f 1556/1201/1797 554/1158/1798 871/1204/1799
f 1555/1202/1787 871/1204/1800 872/1205/1801
f 1555/1202/1802 873/1206/1803 1554/1200/1785
f 1554/1200/1804 573/1036/1805 870/1037/1806
f 1551/1197/1807 870/1037/1806 869/1039/1808
f 1548/1195/1788 869/1039/1808 868/1035/1789
f 1559/1207/1809 1567/1208/1810 1558/1209/1811
f 1561/1210/1812 1559/1207/1813 1560/1211/1814
f 1562/1212/1815 1557/1213/1816 1561/1210/1812
f 1565/1214/1817 1563/1215/1818 1564/1216/1819
f 1566/1217/1820 1557/1213/1821 1565/1214/1817
f 873/1206/1822 756/1038/1823 573/1036/1805
f 872/1205/1801 1558/1209/1824 873/1206/1803
f 1558/1209/1825 757/1028/1826 756/1038/1827
f 669/1157/1828 871/1204/1799 554/1158/1798
f 670/1156/1829 1560/1211/1830 669/1157/1828
f 1560/1211/1814 872/1205/1801 871/1204/1800
f 546/642/1831 1562/1212/1832 671/1155/1833
f 877/1218/1834 1563/1215/1835 1562/1212/1815
f 671/1155/1833 1561/1210/1836 670/1156/1829
f 876/1219/1837 879/1220/1838 574/1221/1839
f 875/1222/1840 1564/1216/1841 876/1219/1837
f 1564/1216/1819 878/1223/1842 879/1220/1843
f 556/1026/1395 1566/1217/1820 874/1224/1844
f 758/1025/1394 1567/1208/1845 1566/1217/1820
f 874/1224/1844 1565/1214/1846 875/1222/1840
f 1568/1225/1847 1572/1226/1848 1571/1227/1849
f 1569/1228/1850 1573/1229/1851 1572/1226/1852
f 1571/1227/1849 1575/1230/1853 1574/1231/1854
f 1572/1226/1855 1576/1232/1856 1575/1230/1857
f 574/1221/1858 1568/1225/1859 880/1233/1860
f 879/1220/1861 1569/1228/1862 1568/1225/1863
f 878/1223/1864 1570/1234/1865 1569/1228/1866
f 877/1218/1867 747/641/1868 1570/1234/1869
f 1570/1234/1870 748/640/1871 1573/1229/1872
f 1573/1229/1873 749/639/1874 1576/1232/1875
f 1576/1232/1876 553/1121/1877 883/1235/1878
f 1575/1230/1857 883/1235/1879 884/1236/1880
f 1574/1231/1854 884/1236/1881 885/1237/1882
f 882/1238/1883 885/1237/1882 575/1058/1455
f 881/1239/1884 1574/1231/1854 882/1238/1883
f 880/1233/1860 1571/1227/1885 881/1239/1884
f 1577/1240/1886 1581/1241/1887 1580/1242/1888
f 1578/1243/1889 1582/1244/1889 1581/1241/1889
f 1580/1242/1890 1584/1245/1891 1583/1246/1892
f 1581/1241/1893 1585/1247/1894 1584/1245/1895
f 575/1058/1455 1577/1240/1896 702/1057/1453
f 885/1237/1882 1578/1243/1897 1577/1240/1898
f 884/1236/1880 1579/1248/1899 1578/1243/1900
f 883/1235/1901 666/1120/1902 1579/1248/1903
f 1579/1248/1904 667/1119/1905 1582/1244/1906
f 1582/1244/1907 668/1118/1908 1585/1247/1909
f 1585/1247/1910 538/1176/1911 928/1175/1912
f 1584/1245/1913 928/1175/1914 929/1177/1915
f 1583/1246/1916 929/1177/1917 930/1174/1918
f 704/1048/1435 930/1174/1919 543/667/1433
f 703/1059/1459 1583/1246/1892 704/1048/1458
f 702/1057/1457 1580/1242/1888 703/1059/1456
f 1588/1249/1920 1596/1250/1921 1587/1251/1922
f 1590/1252/1923 1588/1249/1920 1589/1253/1924
f 1591/1254/1925 1586/1255/1926 1590/1252/1927
f 1594/1256/1928 1592/1257/1929 1593/1258/1930
f 1595/1259/1931 1586/1255/1932 1594/1256/1928
f 575/1058/1455 1587/1251/1922 882/1238/1883
f 904/1056/1933 1588/1249/1920 1587/1251/1922
f 1587/1251/1922 881/1239/1934 882/1238/1883
f 823/1260/1935 906/1054/1936 580/1053/1937
f 824/1261/1938 1589/1253/1924 823/1260/1939
f 1589/1253/1940 905/1055/1941 906/1054/1936
f 568/818/1002 1591/1254/1925 825/1262/1942
f 826/1029/1398 1592/1257/1929 1591/1254/1925
f 825/1262/1942 1590/1252/1927 824/1261/1938
f 874/1224/1844 828/1024/1393 556/1026/1395
f 875/1222/1840 1593/1258/1930 874/1224/1844
f 1593/1258/1930 827/1027/1396 828/1024/1393
f 574/1221/1839 1595/1259/1943 876/1219/1837
f 880/1233/1944 1596/1250/1945 1595/1259/1943
f 876/1219/1837 1594/1256/1928 875/1222/1840
f 1597/1263/1946 1601/1264/1947 1600/1265/1948
f 1598/1266/1949 1602/1267/1950 1601/1264/1947
f 1600/1265/1951 1604/1268/1952 1603/1269/1953
f 1601/1264/1954 1605/1270/1955 1604/1268/1952
f 577/994/1956 1597/1263/1957 891/1271/1958
f 907/992/1959 1598/1266/1960 1597/1263/1957
f 908/991/1961 1599/1272/1962 1598/1266/1960
f 909/990/1963 811/1273/1964 1599/1272/1962
f 1599/1272/1965 812/1274/1966 1602/1267/1950
f 1602/1267/1967 813/1275/1968 1605/1270/1955
f 1605/1270/1955 567/839/1028 814/976/1298
f 1604/1268/1952 814/976/1298 815/974/1296
f 1603/1269/1953 815/974/1969 816/973/1294
f 889/1276/1970 816/973/1294 557/972/1291
f 890/1277/1971 1603/1269/1953 889/1276/1970
f 891/1271/1972 1600/1265/1973 890/1277/1974
f 1606/1278/1975 1610/1279/1976 1609/1280/1977
f 1607/1281/1978 1611/1282/1979 1610/1279/1976
f 1609/1280/1977 1613/1283/1980 1612/1284/1981
f 1610/1279/1976 1614/1285/1982 1613/1283/1980
f 579/945/1983 1606/1278/1984 900/1286/1985
f 910/943/1986 1607/1281/1987 1606/1278/1984
f 911/942/1988 1608/1287/1989 1607/1281/1987
f 912/941/1990 799/1288/1991 1608/1287/1989
f 1608/1287/1992 800/1289/1993 1611/1282/1979
f 1611/1282/1979 801/1290/1994 1614/1285/1982
f 1614/1285/1982 566/856/1054 802/927/1198
f 1613/1283/1980 802/927/1198 803/925/1196
f 1612/1284/1981 803/925/1196 804/924/1195
f 898/1291/1995 804/924/1195 559/923/1192
f 899/1292/1996 1612/1284/1981 898/1291/1995
f 900/1286/1997 1609/1280/1998 899/1292/1996
f 1615/1293/1999 1619/1294/2000 1618/1295/2001
f 1616/1296/2002 1620/1297/2003 1619/1294/2000
f 1618/1295/2001 1622/1298/2004 1621/1299/2005
f 1619/1294/2000 1623/1300/2006 1622/1298/2004
f 580/1053/1937 1615/1293/2007 823/1260/1935
f 913/1071/2008 1616/1296/2009 1615/1293/2007
f 914/1070/2010 1617/1301/2011 1616/1296/2009
f 915/1069/2012 891/1271/1958 1617/1301/2011
f 1617/1301/2013 890/1277/1974 1620/1297/2003
f 1620/1297/2014 889/1276/1970 1623/1300/2006
f 1623/1300/2006 557/972/1291 829/823/1007
f 1622/1298/2004 829/823/1007 830/821/1005
f 1621/1299/2005 830/821/1005 831/820/1004
f 825/1262/1942 831/820/1004 568/818/1002
f 824/1261/1938 1621/1299/2005 825/1262/1942
f 823/1260/1939 1618/1295/2001 824/1261/1938
f 1624/1302/2015 1628/1303/2016 1627/1304/2017
f 1625/1305/2018 1629/1306/2019 1628/1303/2016
f 1627/1304/2017 1631/1307/2020 1630/1308/2021
f 1628/1303/2022 1632/1309/2023 1631/1307/2020
f 576/989/2024 1624/1302/2025 811/1273/1964
f 916/1008/2026 1625/1305/2027 1624/1302/2025
f 917/1007/2028 1626/1310/2029 1625/1305/2027
f 918/1006/2030 900/1286/1985 1626/1310/2029
f 1626/1310/2031 899/1292/1996 1629/1306/2019
f 1629/1306/2032 898/1291/2033 1632/1309/2023
f 1632/1309/2023 559/923/2034 817/841/1031
f 1631/1307/2020 817/841/1030 818/840/1029
f 1630/1308/2021 818/840/1029 819/837/1026
f 813/1275/1968 819/837/1026 567/839/1028
f 812/1274/1966 1630/1308/2021 813/1275/1968
f 811/1273/2035 1627/1304/2017 812/1274/1966
f 1633/1311/2036 1637/1312/2037 1636/1313/2038
f 1634/1314/2039 1638/1315/2040 1637/1312/2037
f 1636/1313/2038 1640/1316/2041 1639/1317/2042
f 1637/1312/2037 1641/1318/2043 1640/1316/2041
f 578/940/2044 1633/1311/2036 799/1288/1991
f 919/962/2045 1634/1314/2039 1633/1311/2036
f 920/961/2046 1635/1319/2047 1634/1314/2039
f 921/960/2048 897/1320/2049 1635/1319/2047
f 1635/1319/2047 896/1321/2050 1638/1315/2040
f 1638/1315/2040 895/1322/2051 1641/1318/2043
f 1641/1318/2043 613/1323/2052 805/860/1058
f 1640/1316/2041 805/860/1058 806/859/1057
f 1639/1317/2042 806/859/1057 807/858/1056
f 801/1290/1994 807/858/1056 566/856/1054
f 800/1289/1993 1639/1317/2042 801/1290/1994
f 799/1288/2053 1636/1313/2038 800/1289/1993
f 1644/1324/2054 1652/1325/2055 1643/1326/2056
f 1645/1327/2057 1642/1328/2058 1644/1324/2059
f 1648/1329/2060 1646/1330/2061 1647/1331/2062
f 1650/1332/2063 1648/1329/2064 1649/1333/2065
f 1651/1334/2066 1642/1328/2067 1650/1332/2068
f 1643/1326/2069 948/1335/2070 949/1336/2071
f 946/1337/2072 1646/1330/2073 1645/1327/2057
f 1056/1338/2074 944/1339/2075 595/1340/2076
f 1057/1341/2077 1647/1331/2078 1056/1338/2074
f 1647/1331/2062 945/1342/2079 944/1339/2080
f 1005/1343/2081 1058/1344/2082 612/1345/2083
f 1006/1346/2084 1649/1333/2085 1005/1343/2086
f 1649/1333/2087 1057/1341/2077 1058/1344/2088
f 596/1347/2089 1651/1334/2090 1007/1348/2091
f 947/1349/2092 1652/1325/2093 1651/1334/2094
f 1007/1348/2091 1650/1332/2095 1006/1346/2084
f 1655/1350/2096 1663/1351/2097 1654/1352/2098
f 1656/1353/2099 1653/1354/2100 1655/1350/2101
f 1659/1355/2102 1657/1356/2103 1658/1357/2104
f 1661/1358/2105 1659/1355/2106 1660/1359/2107
f 1662/1360/2108 1653/1354/2109 1661/1358/2110
f 1654/1352/2111 650/575/2112 651/576/2113
f 949/1336/2114 1657/1356/2115 1656/1353/2116
f 1059/1361/2117 947/1349/2118 596/1347/2089
f 1060/1362/2119 1658/1357/2120 1059/1361/2117
f 1658/1357/2121 948/1335/2122 947/1349/2123
f 1008/1363/2124 1061/1364/2125 614/1365/2126
f 1009/1366/2127 1660/1359/2128 1008/1363/2129
f 1660/1359/2130 1060/1362/2119 1061/1364/2131
f 597/577/541 1662/1360/2132 1010/1367/2133
f 649/578/546 1663/1351/2134 1662/1360/2135
f 1010/1367/2133 1661/1358/2136 1009/1366/2127
f 1664/1368/2137 592/1369/2138 986/1370/2139
f 950/1371/2140 985/1372/2141 592/1369/2138
f 1666/1373/2142 1670/1374/2143 1669/1375/2144
f 1667/1376/2145 1671/1377/2146 1670/1374/2143
f 1669/1375/2144 1673/1378/2147 1672/1379/2148
f 1670/1374/2143 1674/1380/2149 1673/1378/2147
f 623/1381/2150 1666/1373/2151 1140/1382/2152
f 1129/1383/2153 1667/1376/2154 1666/1373/2151
f 1130/1384/2155 1668/1385/2156 1667/1376/2154
f 1131/1386/2157 1017/1387/2158 1668/1385/2156
f 1668/1385/2159 1018/1388/2160 1671/1377/2146
f 1671/1377/2146 1019/1389/2161 1674/1380/2149
f 1674/1380/2162 599/1390/2163 1038/1391/2164
f 1673/1378/2165 1038/1391/2164 1039/1392/2166
f 1672/1379/2167 1039/1392/2166 1040/1393/2168
f 1138/1394/2169 1040/1393/2168 606/1395/2170
f 1139/1396/2171 1672/1379/2148 1138/1394/2172
f 1140/1382/2173 1669/1375/2144 1139/1396/2171
f 2108/1397/2174 2109/1398/2175 1675/1399/2176
f 2111/1400/2177 2107/1401/2178 1676/1402/2179
f 604/1403/2180 1675/1399/2181 951/1404/2182
f 1034/1405/2183 1676/1402/2184 1675/1399/2185
f 2113/1406/2186 951/1404/2187 2112/1407/2188
f 934/1408/2189 1032/1409/2190 587/1410/2191
f 2106/1411/2192 2110/1412/2193 1677/1413/2194
f 1677/1413/2195 1033/1414/2196 1032/1409/2197
f 1678/1415/2198 1682/1416/2199 1681/1417/2200
f 1679/1418/2201 1683/1419/2202 1682/1416/2203
f 1681/1417/2200 1685/1420/2204 1684/1421/2205
f 1682/1416/2203 1686/1422/2206 1685/1420/2207
f 622/1423/2208 1678/1415/2209 1128/1424/2210
f 1117/1425/2211 1679/1418/2212 1678/1415/2198
f 1118/1426/2213 1680/1427/2214 1679/1418/2201
f 1119/1428/2215 1011/1429/2216 1680/1427/2217
f 1680/1427/2218 1012/1430/2219 1683/1419/2220
f 1683/1419/2220 1013/1431/2221 1686/1422/2222
f 1686/1422/2223 598/1432/2224 1035/1433/2225
f 1685/1420/2226 1035/1433/2227 1036/1434/2228
f 1684/1421/2229 1036/1434/2230 1037/1435/2231
f 1126/1436/2232 1037/1435/2233 605/1437/2234
f 1127/1438/2235 1684/1421/2236 1126/1436/2237
f 1128/1424/2210 1681/1417/2238 1127/1438/2235
f 1689/1439/2239 1697/1440/2240 1688/1441/2241
f 1690/1442/2242 1687/1443/2243 1689/1439/2239
f 1693/1444/2244 1691/1445/2245 1692/1446/2246
f 1694/1447/2247 1687/1443/2248 1693/1444/2249
f 1697/1440/2250 1695/1448/2251 1696/1449/2252
f 1688/1441/2241 945/1342/2253 946/1337/2072
f 958/1450/2254 1691/1445/2255 1690/1442/2256
f 1050/1451/2257 956/1452/2258 594/1453/2259
f 1051/1454/2260 1692/1446/2261 1050/1451/2257
f 1692/1446/2262 957/1455/2263 956/1452/2264
f 999/1456/2265 1052/1457/2266 610/1458/2267
f 1000/1459/2268 1694/1447/2269 999/1456/2265
f 1052/1457/2270 1693/1444/2271 1051/1454/2272
f 595/1340/2076 1696/1449/2273 1001/1460/2274
f 944/1339/2080 1697/1440/2250 1696/1449/2252
f 1001/1460/2274 1695/1448/2275 1000/1459/2276
f 981/1461/2277 1698/1462/2278 980/1463/2279
f 982/1464/2280 1699/1465/2281 981/1461/2282
f 589/1466/2283 1700/1467/2284 982/1464/2285
f 990/1468/2286 1701/1469/2287 1700/1467/2288
f 989/1470/2289 2152/1471/2290 1702/1472/2291
f 1705/1473/2292 1713/1474/2293 1704/1475/2294
f 1706/1476/2295 1703/1477/2296 1705/1473/2297
f 1709/1478/2298 1707/1479/2299 1708/1480/2300
f 1711/1481/2301 1709/1478/2302 1710/1482/2303
f 1712/1483/2304 1703/1477/2305 1711/1481/2306
f 585/1484/2307 1704/1475/2308 937/1485/2309
f 975/1486/2310 1704/1487/2311 974/1488/2312
f 937/1485/2309 1713/1474/2313 936/1489/2314
f 593/1490/2315 1706/1476/2316 976/1491/2317
f 979/1492/2318 1707/1479/2319 1706/1476/2320
f 976/1491/2321 1705/1473/2297 975/1493/2322
f 970/1494/2323 977/1495/2324 591/1496/2325
f 969/1497/2326 1708/1480/2300 970/1494/2327
f 1708/1480/2328 978/1498/2329 977/1495/2324
f 1023/1499/2330 968/1500/2331 584/1501/2332
f 1024/1502/2333 1710/1482/2334 1023/1499/2330
f 1710/1482/2303 969/1497/2335 968/1500/2336
f 935/1503/2337 1025/1504/2338 601/1505/2339
f 936/1489/2314 1712/1483/2340 935/1503/2337
f 1712/1483/2340 1024/1502/2333 1025/1504/2338
f 1714/1506/2341 1718/1507/2342 1717/1508/2343
f 1716/1509/2344 1718/1507/2345 1715/1510/2346
f 1718/1507/2347 1720/1511/2348 1717/1508/2349
f 1719/1512/2350 1721/1513/2351 1718/1507/2352
f 582/1514/2353 1714/1506/2354 1206/1515/2355
f 965/1516/2356 1715/1510/2357 1714/1506/2341
f 967/1517/2358 1715/1510/2359 966/1518/2360
f 589/1466/2361 1716/1509/2362 967/1517/2363
f 982/1464/2364 1719/1512/2365 1716/1509/2366
f 981/1461/2367 1722/1519/2368 1719/1512/2369
f 980/1463/2370 976/1491/2371 1722/1519/2372
f 1722/1519/2373 975/1493/2374 1721/1513/2375
f 1721/1513/2376 974/1520/2377 1720/1511/2378
f 1204/1521/2379 974/1520/2380 585/1484/2381
f 1205/1522/2382 1720/1511/2383 1204/1521/2384
f 1206/1515/2385 1717/1508/2386 1205/1522/2382
f 1725/1523/2387 1733/1524/2388 1724/1525/2389
f 1726/1526/2390 1723/1527/2391 1725/1523/2392
f 1729/1528/2393 1727/1529/2394 1728/1530/2395
f 1731/1531/2396 1729/1528/2397 1730/1532/2398
f 1732/1533/2399 1723/1527/2400 1731/1531/2401
f 971/1534/2402 940/1535/2403 586/1536/2404
f 972/1537/2405 1724/1525/2406 971/1534/2407
f 1724/1525/2408 939/1538/2409 940/1535/2403
f 592/1369/2410 1726/1526/2411 973/1539/2412
f 985/1372/2413 1727/1529/2414 1726/1526/2411
f 973/1539/2415 1725/1523/2416 972/1537/2417
f 677/749/839 983/1540/2418 590/750/840
f 676/747/844 1728/1530/2419 677/749/845
f 1728/1530/2420 984/1541/2421 983/1540/2418
f 1026/1542/2422 675/744/830 583/746/832
f 1027/1543/2423 1730/1532/2424 1026/1542/2422
f 1730/1532/2425 676/747/833 675/744/835
f 938/1544/2426 1028/1545/2427 602/1546/2428
f 939/1538/2429 1732/1533/2430 938/1544/2431
f 1732/1533/2432 1027/1543/2433 1028/1545/2434
f 1736/1547/2435 1744/1548/2436 1735/1549/2437
f 1737/1550/2438 1734/1551/2439 1736/1547/2440
f 1740/1552/2441 1738/1553/2442 1739/1554/2443
f 1742/1555/2444 1740/1552/2445 1741/1556/2446
f 1744/1548/2447 1742/1555/2448 1743/1557/2449
f 968/1500/2450 933/1558/2451 584/1501/2452
f 969/1497/2453 1735/1549/2454 968/1500/2455
f 933/1558/2456 1744/1548/2457 932/1559/2458
f 591/1496/2459 1737/1550/2460 970/1494/2461
f 988/1560/2462 1738/1553/2463 1737/1550/2464
f 970/1494/2465 1736/1547/2466 969/1497/2467
f 973/1539/2412 986/1370/2468 592/1369/2410
f 972/1537/2417 1739/1554/2469 973/1539/2415
f 1739/1554/2470 987/1561/2471 986/1370/2472
f 586/1536/2404 1741/1556/2473 971/1534/2402
f 1020/1562/2474 1742/1555/2475 1741/1556/2476
f 971/1534/2477 1740/1552/2478 972/1537/2479
f 931/1563/2480 1022/1564/2481 600/1565/2482
f 932/1559/2483 1743/1557/2484 931/1563/2485
f 1743/1557/2486 1021/1566/2487 1022/1564/2488
f 1745/1567/2489 1749/1568/2490 1748/1569/2491
f 1746/1570/2492 1750/1571/2493 1749/1572/2494
f 1748/1573/2495 1752/1574/2496 1751/1575/2497
f 1749/1576/2498 1753/1577/2499 1752/1574/2500
f 967/1578/2501 990/1579/2502 589/1580/2503
f 967/1578/2504 1746/1581/2505 1745/1582/2506
f 966/1518/2507 1747/1583/2508 1746/1570/2509
f 965/1516/2510 1041/1584/2511 1747/1583/2512
f 1747/1583/2513 1042/1585/2514 1750/1571/2515
f 1750/1571/2516 1043/1586/2517 1753/1577/2518
f 1043/1586/2519 991/1587/2520 1753/1577/2521
f 1753/1577/2522 992/1588/2523 1752/1574/2524
f 1752/1574/2525 992/1588/2526 2151/1589/2527
f 989/1590/2528 1751/1591/2529 2153/1592/2530
f 990/1468/2531 1748/1593/2532 989/1470/2533
f 1755/1594/2534 1757/1595/2535 1754/1596/2536
f 1756/1597/2537 1758/1598/2538 1755/1594/2539
f 1758/1598/2540 1760/1599/2541 1757/1595/2542
f 1759/1600/2543 1761/1601/2544 1758/1598/2545
f 1206/1515/2546 1065/1602/2547 582/1514/2548
f 1205/1522/2549 1754/1596/2550 1206/1515/2551
f 1204/1521/2552 1755/1594/2553 1205/1522/2554
f 585/1484/2555 1756/1597/2556 1204/1521/2557
f 1141/1603/2558 1759/1600/2559 1756/1597/2556
f 1142/1604/2560 1762/1605/2561 1759/1600/2559
f 1143/1606/2562 1146/1607/2563 1762/1605/2564
f 1762/1605/2565 1145/1608/2566 1761/1601/2567
f 1761/1601/2568 1144/1609/2569 1760/1599/2570
f 1760/1599/2571 616/1610/2572 1067/1611/2573
f 1757/1595/2574 1067/1611/2575 1066/1612/2576
f 1754/1596/2577 1066/1612/2578 1065/1602/2579
f 1763/1613/2580 1767/1614/2581 1766/1615/2582
f 1765/1616/2583 1767/1614/2581 1764/1617/2584
f 1766/1615/2582 1770/1618/2585 1769/1619/2586
f 1767/1614/2581 1771/1620/2587 1770/1618/2585
f 621/1621/2588 1763/1613/2580 1116/1622/2589
f 1105/1623/2590 1764/1617/2584 1763/1613/2580
f 1107/1624/2591 1764/1617/2584 1106/1625/2592
f 601/1505/2339 1765/1616/2583 1107/1624/2591
f 1025/1504/2338 1768/1626/2593 1765/1616/2583
f 1024/1502/2333 1771/1620/2587 1768/1626/2593
f 1771/1620/2594 584/1501/2595 1047/1627/2596
f 1770/1618/2585 1047/1627/2596 1048/1628/2597
f 1769/1619/2586 1048/1628/2597 1049/1629/2598
f 1114/1630/2599 1049/1629/2598 609/1631/2600
f 1115/1632/2601 1769/1619/2586 1114/1630/2599
f 1116/1622/2589 1766/1615/2582 1115/1632/2601
f 1773/1633/2602 1775/1634/2603 1772/1635/2604
f 1774/1636/2605 1776/1637/2606 1773/1633/2602
f 1776/1637/2606 1778/1638/2607 1775/1634/2603
f 1777/1639/2608 1779/1640/2609 1776/1637/2606
f 1093/1641/2610 1104/1642/2611 620/1643/2612
f 1094/1644/2613 1772/1635/2604 1093/1641/2610
f 1095/1645/2614 1773/1633/2602 1094/1644/2613
f 600/1565/2615 1774/1636/2605 1095/1645/2614
f 1022/1564/2616 1777/1639/2617 1774/1636/2605
f 1021/1566/2618 1780/1646/2619 1777/1639/2617
f 1020/1562/2620 1053/1647/2621 1780/1646/2622
f 1780/1646/2623 1054/1648/2624 1779/1640/2625
f 1779/1640/2625 1055/1649/2626 1778/1638/2627
f 1102/1650/2628 1055/1649/2626 611/1651/2629
f 1775/1634/2603 1102/1650/2630 1103/1652/2631
f 1772/1635/2604 1103/1652/2631 1104/1642/2611
f 1782/1653/2632 1784/1654/2633 1781/1655/2634
f 1783/1656/2635 1785/1657/2636 1782/1653/2632
f 1785/1657/2636 1787/1658/2637 1784/1654/2633
f 1786/1659/2638 1788/1660/2639 1785/1657/2636
f 619/1661/2640 1781/1655/2634 1092/1662/2641
f 1082/1663/2642 1781/1655/2634 1081/1664/2643
f 1083/1665/2644 1782/1653/2632 1082/1663/2642
f 602/1546/2645 1783/1656/2635 1083/1665/2644
f 1028/1545/2646 1786/1659/2647 1783/1656/2635
f 1027/1543/2648 1789/1666/2649 1786/1659/2647
f 1789/1666/2649 583/746/1064 771/863/2650
f 1788/1660/2639 771/863/1061 772/862/1060
f 1787/1658/2637 772/862/1060 773/861/1059
f 1090/1667/2651 773/861/1059 613/1323/2052
f 1091/1668/2652 1787/1658/2637 1090/1667/2651
f 1092/1662/2641 1784/1654/2633 1091/1668/2652
f 1790/1669/2653 1794/1670/2654 1793/1671/2655
f 1791/1672/2656 1795/1673/2657 1794/1670/2658
f 1793/1671/2659 1797/1674/2660 1796/1675/2661
f 1794/1670/2662 1798/1676/2663 1797/1674/2664
f 618/1677/2665 1790/1669/2666 1080/1678/2667
f 1070/1679/2668 1791/1672/2669 1790/1669/2666
f 1071/1680/2670 1792/1681/2671 1791/1672/2669
f 607/1682/2672 1792/1681/2673 1072/1683/2674
f 1792/1681/2675 1042/1585/2676 1795/1673/2677
f 1795/1673/2678 1041/1584/2679 1798/1676/2680
f 1798/1676/2681 582/1514/2682 1065/1602/2683
f 1797/1674/2684 1065/1602/2685 1066/1612/2686
f 1796/1675/2687 1066/1612/2688 1067/1611/2689
f 1078/1684/2690 1067/1611/2691 616/1610/2692
f 1079/1685/2693 1796/1675/2694 1078/1684/2695
f 1080/1678/2696 1793/1671/2697 1079/1685/2698
f 1799/1686/2699 1803/1687/2700 1802/1688/2701
f 1800/1689/2702 1804/1690/2703 1803/1687/2700
f 1801/1691/2704 991/1587/2705 1804/1690/2706
f 1804/1690/2707 607/1682/2708 1072/1683/2709
f 1803/1687/2710 1072/1683/2711 1071/1680/2712
f 1802/1688/2713 1071/1680/2712 1070/1679/2714
f 1076/1692/2715 1070/1679/2714 618/1677/2665
f 1077/1693/2716 1802/1688/2701 1076/1692/2715
f 1805/1694/2717 1809/1695/2718 1808/1696/2719
f 1806/1697/2720 1810/1698/2721 1809/1695/2722
f 1807/1699/2723 1076/1692/2715 1810/1698/2721
f 1810/1698/2721 618/1677/2665 1075/1700/2724
f 1809/1695/2722 1075/1700/2724 1074/1701/2725
f 1808/1696/2726 1074/1701/2725 1073/1702/2727
f 1069/1703/2728 1073/1702/2729 617/1704/2730
f 1068/1705/2731 1808/1696/2732 1069/1703/2733
f 1811/1706/2734 1815/1707/2735 1814/1708/2736
f 1812/1709/2737 1816/1710/2738 1815/1707/2735
f 1814/1708/2736 1818/1711/2739 1817/1712/2740
f 1815/1707/2735 1819/1713/2741 1818/1711/2739
f 617/1704/2742 1811/1706/2743 1017/1387/2744
f 1073/1702/2745 1812/1709/2746 1811/1706/2743
f 1074/1701/2747 1813/1714/2748 1812/1709/2746
f 1075/1700/2724 1080/1678/2667 1813/1714/2748
f 1813/1714/2748 1079/1685/2749 1816/1710/2738
f 1816/1710/2750 1078/1684/2751 1819/1713/2752
f 1819/1713/2753 616/1610/2754 1014/1715/2755
f 1818/1711/2756 1014/1715/2757 1015/1716/2758
f 1817/1712/2759 1015/1716/2758 1016/1717/2760
f 1019/1389/2761 1016/1717/2760 599/1390/2163
f 1018/1388/2160 1817/1712/2740 1019/1389/2161
f 1017/1387/2762 1814/1708/2736 1018/1388/2160
f 1820/1718/2763 1824/1719/2764 1823/1720/2765
f 1821/1721/2766 1825/1722/2767 1824/1719/2764
f 1823/1720/2765 1827/1723/2768 1826/1724/2769
f 1824/1719/2770 1828/1725/2771 1827/1723/2768
f 611/1651/2772 1820/1718/2773 1089/1726/2774
f 1054/1648/2775 1820/1718/2773 1055/1649/2776
f 1053/1647/2777 1821/1721/2778 1054/1648/2775
f 586/1536/2779 1822/1727/2780 1053/1647/2781
f 1822/1727/2780 939/1538/2782 1825/1722/2783
f 1825/1722/2783 938/1544/2784 1828/1725/2785
f 1828/1725/2785 602/1546/2786 1083/1665/2787
f 1827/1723/2768 1083/1665/2788 1082/1663/2789
f 1826/1724/2769 1082/1663/2789 1081/1664/2643
f 1087/1728/2790 1081/1664/2643 619/1661/2640
f 1088/1729/2791 1826/1724/2769 1087/1728/2790
f 1089/1726/2774 1823/1720/2765 1088/1729/2791
f 1829/1730/2792 1833/1731/2793 1832/1732/2794
f 1830/1733/2795 1834/1734/2796 1833/1731/2797
f 1832/1732/2794 1836/1735/2798 1835/1736/2799
f 1833/1731/2797 1837/1737/2800 1836/1735/2801
f 596/1347/2802 1829/1730/2803 1059/1361/2804
f 1004/1738/2805 1830/1733/2806 1829/1730/2792
f 1003/1739/2807 1831/1740/2808 1830/1733/2795
f 1002/1741/2809 1192/1742/2810 1831/1740/2811
f 1831/1740/2811 1193/1743/2812 1834/1734/2813
f 1834/1734/2813 1194/1744/2814 1837/1737/2815
f 1837/1737/2815 631/1745/2816 1179/1746/2817
f 1836/1735/2801 1179/1746/2818 1178/1747/2819
f 1836/1735/2798 1177/1748/2820 1835/1736/2799
f 1835/1736/2821 614/1365/2822 1061/1364/2823
f 1832/1732/2824 1061/1364/2823 1060/1362/2825
f 1059/1361/2804 1832/1732/2824 1060/1362/2825
f 1838/1749/2826 1842/1750/2827 1841/1751/2828
f 1839/1752/2829 1843/1753/2830 1842/1750/2831
f 1841/1751/2828 1845/1754/2832 1844/1755/2833
f 1842/1750/2831 1846/1756/2834 1845/1754/2835
f 614/1365/2836 1838/1749/2837 1008/1363/2838
f 1177/1748/2839 1839/1752/2840 1838/1749/2826
f 1178/1747/2819 1840/1757/2841 1839/1752/2829
f 1179/1746/2817 1201/1758/2842 1840/1757/2843
f 1840/1757/2843 1202/1759/2844 1843/1753/2845
f 1843/1753/2845 1203/1760/2846 1846/1756/2846
f 1846/1756/2846 632/959/1272 717/958/1272
f 1845/1754/2835 717/958/1270 718/957/2847
f 1844/1755/2833 718/957/1268 719/956/2848
f 1010/1367/2849 719/956/1266 597/577/2850
f 1009/1366/2851 1844/1755/2852 1010/1367/2849
f 1008/1363/2838 1841/1751/2853 1009/1366/2851
f 1847/1761/2854 1851/1762/2855 1850/1763/2856
f 1848/1764/2857 1852/1765/2858 1851/1762/2855
f 1850/1763/2859 1854/1766/2860 1853/1767/2861
f 1851/1762/2862 1855/1768/2863 1854/1766/2860
f 609/1631/2600 1847/1761/2864 1101/1769/2865
f 1049/1629/2866 1848/1764/2867 1847/1761/2864
f 1048/1628/2868 1849/1770/2869 1848/1764/2867
f 1047/1627/2870 933/1558/2871 1849/1770/2869
f 1849/1770/2872 932/1559/2873 1852/1765/2858
f 1852/1765/2874 931/1563/2875 1855/1768/2863
f 1855/1768/2876 600/1565/2615 1095/1645/2614
f 1854/1766/2877 1095/1645/2614 1094/1644/2613
f 1853/1767/2861 1094/1644/2613 1093/1641/2610
f 1099/1771/2878 1093/1641/2610 620/1643/2612
f 1100/1772/2879 1853/1767/2861 1099/1771/2878
f 1101/1769/2880 1850/1763/2856 1100/1772/2879
f 1856/1773/2881 1860/1774/2882 1859/1775/2883
f 1857/1776/2884 1861/1777/2885 1860/1774/2886
f 1859/1775/2883 1863/1778/2887 1862/1779/2888
f 1860/1774/2886 1864/1780/2889 1863/1778/2890
f 595/1340/2891 1856/1773/2892 1056/1338/2893
f 998/1781/2894 1857/1776/2895 1856/1773/2881
f 997/1782/2896 1858/1783/2897 1857/1776/2884
f 996/1784/2898 1189/1785/2899 1858/1783/2900
f 1858/1783/2900 1190/1786/2901 1861/1777/2902
f 1861/1777/2902 1191/1787/2903 1864/1780/2904
f 1864/1780/2904 629/1788/2905 1173/1789/2906
f 1863/1778/2890 1173/1789/2907 1172/1790/2908
f 1862/1779/2888 1172/1790/2909 1171/1791/2910
f 1862/1779/2911 612/1345/2912 1058/1344/2913
f 1859/1775/2914 1058/1344/2913 1057/1341/2915
f 1056/1338/2893 1859/1775/2914 1057/1341/2915
f 1865/1792/2916 1869/1793/2917 1868/1794/2918
f 1866/1795/2919 1870/1796/2920 1869/1793/2921
f 1868/1794/2918 1872/1797/2922 1871/1798/2923
f 1869/1793/2921 1873/1799/2924 1872/1797/2925
f 612/1345/2926 1865/1792/2927 1005/1343/2928
f 1171/1791/2929 1866/1795/2930 1865/1792/2916
f 1172/1790/2908 1867/1800/2931 1866/1795/2919
f 1173/1789/2906 1198/1801/2932 1867/1800/2933
f 1867/1800/2933 1199/1802/2934 1870/1796/2935
f 1870/1796/2935 1200/1803/2936 1873/1799/2937
f 1873/1799/2937 633/1804/2938 1002/1741/2809
f 1872/1797/2925 1002/1741/2939 1003/1739/2807
f 1871/1798/2923 1003/1739/2940 1004/1738/2805
f 1007/1348/2941 1004/1738/2942 596/1347/2802
f 1006/1346/2943 1871/1798/2944 1007/1348/2941
f 1005/1343/2928 1868/1794/2945 1006/1346/2943
f 1876/1805/2946 1888/1806/2947 1875/1807/2948
f 1878/1808/2949 1876/1805/2946 1877/1809/2950
f 1879/1810/2951 1874/1811/2952 1878/1808/2949
f 1882/1812/2953 1880/1813/2954 1881/1814/2955
f 1884/1815/2956 1882/1812/2953 1883/1816/2957
f 1885/1817/2958 1874/1811/2952 1884/1815/2956
f 1888/1806/2947 1886/1818/2959 1887/1819/2960
f 1046/1820/2961 1113/1821/2962 608/1822/2963
f 1045/1823/2964 1875/1807/2948 1046/1820/2961
f 1875/1807/2948 1112/1824/2965 1113/1821/2962
f 626/1825/2966 1877/1809/2967 1044/1826/2968
f 1154/1827/2969 1877/1809/2967 1155/1828/2970
f 1044/1826/2971 1876/1805/2946 1045/1823/2964
f 625/1829/2972 1879/1810/2973 1153/1830/2974
f 1149/1831/2975 1880/1813/2976 1879/1810/2977
f 1153/1830/2974 1878/1808/2978 1154/1827/2969
f 1143/1606/2979 1147/1832/2980 624/1833/2981
f 1143/1606/2982 1882/1812/2983 1881/1814/2984
f 1881/1814/2985 1148/1834/2986 1147/1832/2980
f 937/1485/2987 1141/1603/2988 585/1484/2989
f 936/1489/2314 1883/1816/2957 937/1485/2990
f 1883/1816/2991 1142/1604/2992 1141/1603/2988
f 601/1505/2339 1885/1817/2958 935/1503/2337
f 1107/1624/2591 1886/1818/2959 1885/1817/2958
f 935/1503/2337 1884/1815/2956 936/1489/2314
f 1111/1835/2993 1105/1623/2590 621/1621/2588
f 1111/1835/2993 1888/1806/2947 1887/1819/2960
f 1887/1819/2960 1106/1625/2592 1105/1623/2590
f 1889/1836/2994 1893/1837/2995 1892/1838/2996
f 1890/1839/2997 1894/1840/2998 1893/1837/2999
f 1892/1838/2996 1896/1841/3000 1895/1842/3001
f 1893/1837/2999 1897/1843/3002 1896/1841/3003
f 594/1453/3004 1889/1836/3005 1050/1451/3006
f 995/1844/3007 1890/1839/3008 1889/1836/2994
f 994/1845/3009 1891/1846/3010 1890/1839/2997
f 993/1847/3011 1186/1848/3012 1891/1846/3013
f 1891/1846/3013 1187/1849/3014 1894/1840/3015
f 1894/1840/3015 1188/1850/3016 1897/1843/3017
f 1897/1843/3017 634/1851/3018 1185/1852/3019
f 1896/1841/3003 1185/1852/3020 1184/1853/3021
f 1895/1842/3001 1184/1853/3022 1183/1854/3023
f 1052/1457/3024 1183/1854/3025 610/1458/3026
f 1051/1454/3027 1895/1842/3028 1052/1457/3024
f 1050/1451/3006 1892/1838/3029 1051/1454/3027
f 1898/1855/3030 1902/1856/3031 1901/1857/3032
f 1899/1858/3033 1903/1859/3034 1902/1856/3035
f 1901/1857/3032 1905/1860/3036 1904/1861/3037
f 1902/1856/3035 1906/1862/3038 1905/1860/3039
f 610/1458/3040 1898/1855/3041 999/1456/3042
f 1183/1854/3023 1899/1858/3043 1898/1855/3030
f 1184/1853/3021 1900/1863/3044 1899/1858/3033
f 1185/1852/3019 1195/1864/3045 1900/1863/3046
f 1900/1863/3046 1196/1865/3047 1903/1859/3048
f 1903/1859/3048 1197/1866/3049 1906/1862/3050
f 1906/1862/3050 630/1867/3051 996/1784/2898
f 1905/1860/3039 996/1784/3052 997/1782/2896
f 1904/1861/3037 997/1782/3053 998/1781/2894
f 1001/1460/3054 998/1781/3055 595/1340/2891
f 1000/1459/3056 1904/1861/3057 1001/1460/3054
f 999/1456/3042 1901/1857/3058 1000/1459/3056
f 1908/1868/3059 1910/1869/3060 1907/1870/3061
f 1909/1871/3062 1911/1872/3063 1908/1868/3064
f 1910/1869/3065 1914/1873/3066 1913/1874/3067
f 1911/1872/3068 1915/1875/3069 1914/1873/3070
f 951/1404/3071 1125/1876/3072 604/1403/3073
f 952/1877/3074 1907/1870/3075 951/1404/3076
f 2116/1878/3077 1909/1871/3078 1908/1868/3079
f 1062/1879/3080 1912/1880/3081 1909/1871/3082
f 1912/1880/3083 1064/1881/3084 1915/1875/3085
f 1915/1875/3085 615/1882/3086 1119/1428/3087
f 1914/1873/3070 1119/1428/3088 1118/1426/3089
f 1913/1874/3067 1118/1426/3090 1117/1425/3091
f 1123/1883/3092 1117/1425/3093 622/1423/3094
f 1124/1884/3095 1913/1874/3096 1123/1883/3092
f 1125/1876/3097 1910/1869/3098 1124/1884/3099
f 1916/1885/3100 1920/1886/3101 1919/1887/3102
f 1917/1888/3103 1921/1889/3104 1920/1886/3101
f 1919/1887/3105 1923/1890/3106 1922/1891/3107
f 1920/1886/3108 1924/1892/3109 1923/1890/3106
f 587/1410/3110 1916/1885/3111 943/1893/3112
f 1032/1409/3113 1917/1888/3114 1916/1885/3115
f 1033/1414/3116 1918/1894/3117 1917/1888/3114
f 1034/1405/3118 1125/1876/3119 1918/1894/3120
f 1918/1894/3121 1124/1884/3122 1921/1889/3123
f 1921/1889/3124 1123/1883/3125 1924/1892/3126
f 1924/1892/3126 622/1423/3127 1122/1895/3128
f 1923/1890/3106 1122/1895/3129 1121/1896/3130
f 1922/1891/3107 1121/1896/3130 1120/1897/3131
f 941/1898/3132 1120/1897/3131 603/1899/3133
f 942/1900/3134 1922/1891/3107 941/1898/3132
f 943/1893/3135 1919/1887/3136 942/1900/3137
f 1925/1901/3138 1929/1902/3139 1928/1903/3140
f 1926/1904/3141 1930/1905/3142 1929/1902/3139
f 1928/1903/3143 1932/1906/3144 1931/1907/3145
f 1929/1902/3139 1933/1908/3146 1932/1906/3147
f 603/1899/3133 1925/1901/3148 1031/1909/3149
f 1120/1897/3150 1926/1904/3151 1925/1901/3148
f 1121/1896/3152 1927/1910/3153 1926/1904/3151
f 1122/1895/3154 1128/1424/3155 1927/1910/3156
f 1927/1910/3157 1127/1438/3158 1930/1905/3159
f 1930/1905/3159 1126/1436/3160 1933/1908/3161
f 1933/1908/3162 605/1437/3163 959/1911/3164
f 1932/1906/3165 959/1911/3166 960/1912/3167
f 1931/1907/3168 960/1912/3169 961/1913/3170
f 1029/1914/3171 961/1913/3172 588/1915/3173
f 1030/1916/3174 1931/1907/3145 1029/1914/3171
f 1031/1909/3175 1928/1903/3140 1030/1916/3176
f 2132/1917/3177 1936/1918/3178 1935/1919/3179
f 1935/1919/3179 1939/1920/3180 1938/1921/3181
f 1936/1918/3178 1940/1922/3182 1939/1920/3180
f 1937/1923/3183 1069/1703/3184 1940/1922/3182
f 1940/1922/3185 617/1704/3186 1131/1386/3187
f 1939/1920/3188 1131/1386/3187 1130/1384/3189
f 1938/1921/3190 1130/1384/3189 1129/1383/3191
f 1135/1924/3192 1129/1383/3191 623/1381/3193
f 1136/1925/3194 1938/1921/3181 1135/1924/3195
f 1137/1926/3196 1935/1919/3179 1136/1925/3194
f 1941/1927/3197 1945/1928/3198 1944/1929/3199
f 1942/1930/3200 1946/1931/3201 1945/1928/3202
f 1944/1929/3203 1948/1932/3204 1947/1933/3205
f 1945/1928/3202 1949/1934/3206 1948/1932/3204
f 1943/1935/3207 1136/1925/3194 1946/1931/3201
f 1946/1931/3201 1135/1924/3195 1949/1934/3206
f 1949/1934/3208 623/1381/3193 1134/1936/3209
f 1948/1932/3210 1134/1936/3209 1133/1937/3211
f 1947/1933/3212 1133/1937/3211 1132/1938/3213
f 1064/1881/3214 1132/1938/3215 615/1882/3216
f 1063/1939/3217 1947/1933/3218 1064/1881/3219
f 1062/1879/3220 1944/1929/3221 1063/1939/3222
f 1950/1940/3223 1954/1941/3224 1953/1942/3225
f 1951/1943/3226 1955/1944/3227 1954/1941/3224
f 1953/1942/3228 1957/1945/3229 1956/1946/3230
f 1954/1941/3231 1958/1947/3232 1957/1945/3229
f 615/1882/3233 1950/1940/3234 1011/1429/3235
f 1132/1938/3236 1951/1943/3237 1950/1940/3234
f 1133/1937/3238 1952/1948/3239 1951/1943/3237
f 1134/1936/3240 1140/1382/2152 1952/1948/3239
f 1952/1948/3241 1139/1396/2171 1955/1944/3227
f 1955/1944/3227 1138/1394/2172 1958/1947/3232
f 1958/1947/3242 606/1395/2170 962/1949/3243
f 1957/1945/3244 962/1949/3243 963/1950/3245
f 1956/1946/3246 963/1950/3245 964/1951/3247
f 1013/1431/3248 964/1951/3247 598/1432/3249
f 1012/1430/3250 1956/1946/3230 1013/1431/3251
f 1011/1429/3252 1953/1942/3228 1012/1430/3250
f 1961/1952/3253 1971/1953/3254 1960/1954/3255
f 1962/1955/3256 1959/1956/3257 1961/1952/3258
f 1965/1957/3259 1963/1958/3260 1964/1959/3261
f 1967/1960/3262 1965/1957/3263 1966/1961/3264
f 1968/1962/3265 1959/1956/3266 1967/1960/3265
f 1970/1963/3267 1959/1956/3268 1969/1964/3269
f 1208/1965/3270 1960/1954/3271 1207/1966/3272
f 1960/1954/3255 957/1455/3273 958/1450/3274
f 635/1967/3275 1962/1955/3276 1209/1968/3277
f 953/1969/3278 1963/1958/3279 1962/1955/3280
f 1209/1968/3277 1961/1952/3281 1208/1965/3270
f 943/1893/3282 955/1970/3283 587/1410/3284
f 942/1900/3285 1964/1959/3286 943/1893/3287
f 1964/1959/3288 954/1971/3289 955/1970/3290
f 1031/1909/3149 941/1898/3132 603/1899/3133
f 1030/1916/3176 1966/1961/3291 1031/1909/3175
f 1966/1961/3292 942/1900/3293 941/1898/3132
f 1211/1972/3294 1029/1914/3295 588/1915/3296
f 1212/1973/3297 1968/1962/3298 1211/1972/3299
f 1029/1914/3171 1967/1960/3300 1030/1916/3174
f 594/1453/2259 1970/1963/3301 1213/1974/3302
f 956/1452/3303 1971/1953/3304 1970/1963/3305
f 1213/1974/3306 1969/1964/3307 1212/1973/3308
f 1972/1975/3309 1976/1976/3310 1975/1977/3311
f 1973/1978/3312 1977/1979/3313 1976/1976/3310
f 1975/1977/3314 1979/1980/3315 1978/1981/3316
f 1976/1976/3317 1980/1982/3318 1979/1980/3315
f 624/1833/3319 1972/1975/3320 1146/1607/3321
f 1147/1832/3322 1973/1978/3323 1972/1975/3320
f 1148/1834/3324 1974/1983/3325 1973/1978/3323
f 1149/1831/3326 1152/1984/3327 1974/1983/3325
f 1974/1983/3328 1151/1985/3329 1977/1979/3313
f 1977/1979/3330 1150/1986/3331 1980/1982/3318
f 1980/1982/3332 599/1390/3333 1016/1717/3334
f 1979/1980/3335 1016/1717/3334 1015/1716/3336
f 1978/1981/3337 1015/1716/3336 1014/1715/3338
f 1144/1609/3339 1014/1715/3338 616/1610/3340
f 1145/1608/3341 1978/1981/3316 1144/1609/3342
f 1146/1607/3343 1975/1977/3311 1145/1608/3344
f 1981/1987/3345 1985/1988/3346 1984/1989/3347
f 1983/1990/3348 1985/1988/3346 1982/1991/3349
f 1984/1989/3350 1988/1992/3351 1987/1993/3352
f 1985/1988/3353 1989/1994/3354 1988/1992/3351
f 625/1829/3355 1981/1987/3356 1152/1984/3327
f 1154/1827/3357 1981/1987/3356 1153/1830/3358
f 1155/1828/3359 1982/1991/3360 1154/1827/3357
f 626/1825/3361 1983/1990/3362 1155/1828/3359
f 1158/1995/3363 1986/1996/3364 1983/1990/3348
f 1986/1996/3365 1156/1997/3366 1989/1994/3354
f 1989/1994/3367 606/1395/3368 1040/1393/3369
f 1988/1992/3370 1040/1393/3369 1039/1392/3371
f 1987/1993/3372 1039/1392/3371 1038/1391/3373
f 1150/1986/3374 1038/1391/3373 599/1390/3333
f 1151/1985/3375 1987/1993/3352 1150/1986/3331
f 1152/1984/3376 1984/1989/3347 1151/1985/3329
f 1992/1998/3377 2000/1999/3378 1991/2000/3379
f 1993/2001/3380 1990/2002/3381 1992/1998/3382
f 1996/2003/3383 1994/2004/3384 1995/2005/3385
f 1997/2006/3386 1990/2002/3387 1996/2003/3388
f 2000/1999/3389 1998/2007/3390 1999/2008/3391
f 1044/1826/3392 1158/1995/3393 626/1825/3361
f 1045/1823/3394 1991/2000/3395 1044/1826/3396
f 1991/2000/3397 1157/2009/3398 1158/1995/3363
f 608/1822/3399 1993/2001/3400 1046/1820/3401
f 1159/2010/3402 1994/2004/3403 1993/2001/3404
f 1046/1820/3401 1992/1998/3405 1045/1823/3406
f 1164/2011/3407 1161/2012/3408 627/2013/3409
f 1163/2014/3410 1995/2005/3385 1164/2011/3411
f 1995/2005/3412 1160/2015/3413 1161/2012/3408
f 598/1432/3414 1997/2006/3415 1162/2016/3416
f 964/1951/3417 1998/2007/3418 1997/2006/3415
f 1162/2016/3419 1996/2003/3388 1163/2014/3420
f 1156/1997/3421 962/1949/3422 606/1395/3368
f 1157/2009/3423 1999/2008/3391 1156/1997/3366
f 1999/2008/3424 963/1950/3425 962/1949/3422
f 2001/2017/3426 2005/2018/3427 2004/2019/3428
f 2002/2020/3429 2006/2021/3430 2005/2018/3427
f 2004/2019/3431 2008/2022/3432 2007/2023/3433
f 2005/2018/3434 2009/2024/3435 2008/2022/3436
f 627/2013/3437 2001/2017/3438 1164/2011/3439
f 1165/2025/3440 2002/2020/3441 2001/2017/3442
f 1166/2026/3443 2003/2027/3444 2002/2020/3441
f 1167/2028/3445 1170/2029/3446 2003/2027/3444
f 2003/2027/3447 1169/2030/3448 2006/2021/3430
f 2006/2021/3449 1168/2031/3450 2009/2024/3435
f 2009/2024/3451 605/1437/3452 1037/1435/3453
f 2008/2022/3454 1037/1435/3455 1036/1434/3456
f 2007/2023/3457 1036/1434/3458 1035/1433/3459
f 1162/2016/3460 1035/1433/3461 598/1432/3462
f 1163/2014/3463 2007/2023/3464 1162/2016/3465
f 1164/2011/3466 2004/2019/3467 1163/2014/3468
f 2010/2032/3469 2014/2033/3470 2013/2034/3471
f 2011/2035/3472 2015/2036/3473 2014/2033/3474
f 2013/2034/3475 2017/2037/3475 2016/2038/3476
f 2014/2033/3477 2018/2039/3478 2017/2037/3479
f 628/2040/3480 2010/2032/3481 1170/2029/3482
f 993/1847/3483 2011/2035/3484 2010/2032/3469
f 994/1845/3485 2012/2041/3486 2011/2035/3472
f 995/1844/3487 1213/1974/3488 2012/2041/3489
f 2012/2041/3490 1212/1973/3491 2015/2036/3492
f 2015/2036/3493 1211/1972/3494 2018/2039/3495
f 2018/2039/3496 588/1915/3497 961/1913/3498
f 2017/2037/3499 961/1913/3500 960/1912/3501
f 2016/2038/3502 960/1912/3503 959/1911/3504
f 1168/2031/3505 959/1911/3506 605/1437/3507
f 1169/2030/3508 2016/2038/3509 1168/2031/3450
f 1170/2029/3510 2013/2034/3511 1169/2030/3448
f 2021/2042/3512 2029/2043/3513 2020/2044/3514
f 2022/2045/3515 2019/2046/3516 2021/2042/3512
f 2025/2047/3517 2023/2048/3518 2024/2049/3519
f 2026/2050/3520 2019/2046/3521 2025/2047/3517
f 2029/2043/3513 2027/2051/3522 2028/2052/3523
f 628/2040/3480 2020/2044/3514 1186/1848/3012
f 1166/2026/3524 2020/2044/3514 1167/2028/3445
f 1186/1848/3012 2029/2043/3513 1187/1849/3525
f 627/2013/3409 2022/2045/3515 1165/2025/3526
f 1161/2012/3408 2023/2048/3518 2022/2045/3515
f 1165/2025/3526 2021/2042/3527 1166/2026/3524
f 1113/1821/2962 1159/2010/3528 608/1822/2963
f 1112/1824/2965 2024/2049/3519 1113/1821/2962
f 2024/2049/3519 1160/2015/3413 1159/2010/3528
f 621/1621/2588 2026/2050/3520 1111/1835/2993
f 1110/2053/3529 2027/2051/3530 2026/2050/3520
f 1111/1835/2993 2025/2047/3517 1112/1824/2965
f 1188/1850/3531 1108/2054/3532 634/1851/3533
f 1187/1849/3525 2028/2052/3534 1188/1850/3531
f 2028/2052/3523 1109/2055/3535 1108/2054/3536
f 2030/2056/3537 2034/2057/3538 2033/2058/3539
f 2031/2059/3540 2035/2060/3541 2034/2057/3538
f 2033/2058/3539 2037/2061/3542 2036/2062/3543
f 2034/2057/3538 2038/2063/3544 2037/2061/3542
f 630/1867/3545 2030/2056/3546 1189/1785/3547
f 1176/2064/3548 2031/2059/3540 2030/2056/3537
f 1175/2065/3549 2032/2066/3550 2031/2059/3551
f 1174/2067/3552 1101/1769/2865 2032/2066/3550
f 2032/2066/3553 1100/1772/2879 2035/2060/3541
f 2035/2060/3541 1099/1771/2878 2038/2063/3544
f 2038/2063/3544 620/1643/2612 1098/2068/3554
f 2037/2061/3542 1098/2068/3554 1097/2069/3555
f 2036/2062/3543 1097/2069/3555 1096/2070/3556
f 1191/1787/3557 1096/2070/3558 629/1788/3559
f 1190/1786/3560 2036/2062/3561 1191/1787/3557
f 1189/1785/3547 2033/2058/3562 1190/1786/3560
f 2039/2071/3563 2043/2072/3564 2042/2073/3565
f 2040/2074/3566 2044/2075/3567 2043/2072/3564
f 2042/2073/3565 2046/2076/3568 2045/2077/3569
f 2043/2072/3564 2047/2078/3570 2046/2076/3568
f 633/1804/3571 2039/2071/3572 1192/1742/3573
f 1182/2079/3574 2040/2074/3575 2039/2071/3563
f 1181/2080/3576 2041/2081/3577 2040/2074/3566
f 1180/2082/3578 1089/1726/2774 2041/2081/3577
f 2041/2081/3577 1088/1729/2791 2044/2075/3567
f 2044/2075/3567 1087/1728/2790 2047/2078/3570
f 2047/2078/3570 619/1661/2640 1086/2083/3579
f 2046/2076/3568 1086/2083/3579 1085/2084/3580
f 2045/2077/3569 1085/2084/3580 1084/2085/3581
f 1194/1744/3582 1084/2085/3583 631/1745/3584
f 1193/1743/3585 2045/2077/3586 1194/1744/3582
f 1192/1742/3573 2042/2073/3587 1193/1743/3585
f 2048/2086/3588 2052/2087/3589 2051/2088/3590
f 2049/2089/3591 2053/2090/3592 2052/2087/3589
f 2051/2088/3590 2055/2091/3593 2054/2092/3594
f 2052/2087/3589 2056/2093/3595 2055/2091/3593
f 634/1851/3533 2048/2086/3596 1195/1864/3597
f 1108/2054/3536 2049/2089/3598 2048/2086/3588
f 1109/2055/3599 2050/2094/3600 2049/2089/3591
f 1110/2053/3529 1116/1622/2589 2050/2094/3600
f 2050/2094/3600 1115/1632/2601 2053/2090/3592
f 2053/2090/3592 1114/1630/2599 2056/2093/3595
f 2056/2093/3595 609/1631/2600 1174/2067/3552
f 2055/2091/3601 1174/2067/3552 1175/2065/3549
f 2054/2092/3602 1175/2065/3603 1176/2064/3548
f 1197/1866/3604 1176/2064/3605 630/1867/3545
f 1196/1865/3606 2054/2092/3607 1197/1866/3604
f 1195/1864/3597 2051/2088/3608 1196/1865/3606
f 2057/2095/3609 2061/2096/3610 2060/2097/3611
f 2058/2098/3612 2062/2099/3613 2061/2096/3614
f 2060/2097/3611 2064/2100/3615 2063/2101/3616
f 2061/2096/3610 2065/2102/3617 2064/2100/3615
f 629/1788/3559 2057/2095/3618 1198/1801/3619
f 1096/2070/3556 2058/2098/3612 2057/2095/3609
f 1097/2069/3555 2059/2103/3620 2058/2098/3612
f 1098/2068/3554 1104/1642/2611 2059/2103/3620
f 2059/2103/3620 1103/1652/2631 2062/2099/3613
f 2062/2099/3621 1102/1650/2630 2065/2102/3617
f 2065/2102/3622 611/1651/2629 1180/2082/3623
f 2064/2100/3624 1180/2082/3623 1181/2080/3625
f 2063/2101/3626 1181/2080/3625 1182/2079/3627
f 1200/1803/3628 1182/2079/3629 633/1804/3571
f 1199/1802/3630 2063/2101/3631 1200/1803/3628
f 1198/1801/3619 2060/2097/3632 1199/1802/3630
f 2066/2104/3633 2070/2105/3634 2069/2106/3635
f 2067/2107/3636 2071/2108/3637 2070/2105/3634
f 2069/2106/3635 2073/2109/3638 2072/2110/3639
f 2070/2105/3634 2074/2111/3640 2073/2109/3638
f 631/1745/3584 2066/2104/3641 1201/1758/3642
f 1084/2085/3581 2067/2107/3636 2066/2104/3633
f 1085/2084/3580 2068/2112/3643 2067/2107/3636
f 1086/2083/3579 1092/1662/2641 2068/2112/3643
f 2068/2112/3643 1091/1668/2652 2071/2108/3637
f 2071/2108/3637 1090/1667/2651 2074/2111/3640
f 2074/2111/3640 613/1323/2052 895/1322/2051
f 2073/2109/3638 895/1322/2051 896/1321/2050
f 2072/2110/3639 896/1321/2050 897/1320/2049
f 1203/1760/3644 897/1320/2049 632/959/2049
f 1202/1759/3645 2072/2110/3639 1203/1760/3644
f 1201/1758/3642 2069/2106/3635 1202/1759/3645
f 2075/2113/3646 2094/2114/3647 2093/2115/3648
f 1210/2116/3649 2093/2115/3650 2092/2117/3651
f 2119/2118/3652 1941/1927/3653 1062/1879/3654
f 2219/2119/3655 926/1172/3656 927/1182/3657
f 2287/2120/3658 1508/1134/3659 2290/2121/3660
f 2193/2122/3661 1689/1439/3662 1688/1441/3663
f 2224/2123/3664 925/1173/3665 2223/2124/3666
f 473/468/420 2191/2125/3667 2188/2126/3668
f 2241/2127/3669 657/550/3670 1215/540/3671
f 509/2128/3672 2104/2129/3673 2105/514/464
f 496/493/450 2181/2130/450 2183/2131/450
f 2257/2132/3674 1374/894/1142 1376/896/1144
f 2181/2130/3675 1644/1324/3676 1643/1326/3677
f 115/215/193 2237/2133/3678 2238/2134/191
f 2182/2135/3679 1645/1327/3680 1644/1324/3681
f 518/522/473 2193/2122/3682 2194/2136/3683
f 2255/2137/3684 1372/892/1139 1374/894/1141
f 2239/2138/3685 1215/540/3671 1224/539/3686
f 2257/2132/3687 2256/2139/3688 283/148/137
f 194/513/459 2087/2140/3689 2089/2141/3690
f 2090/2142/3691 2095/2143/3692 953/1969/3693
f 2130/2144/3694 1934/2145/3695 1137/1926/3696
f 2235/2146/3697 1223/548/3698 654/563/3699
f 2237/2133/3700 1224/539/3701 1223/548/3698
f 2164/2147/3702 335/227/194 2163/2148/194
f 2202/2149/3703 2203/2150/3704 459/445/390
f 2271/140/3705 852/1129/3706 2273/2151/3707
f 2259/2152/3708 792/889/3709 1366/884/3710
f 2236/2153/218 349/243/217 2235/2146/217
f 2122/2154/3711 1942/1930/3712 1941/1927/3713
f 436/411/358 2127/2155/3714 2126/2156/3715
f 2132/1917/3716 2133/2157/3717 439/419/371
f 2287/2120/3718 2286/2158/3719 273/133/118
f 183/299/362 2106/299/3720 2110/299/3720
f 2198/2159/473 521/2160/3721 2197/2161/3722
f 501/505/194 2168/2162/194 2170/2163/3723
f 2264/2164/3724 2263/2165/3724 1314/2166/3724
f 2167/2167/3725 333/223/194 2166/2168/194
f 2179/2169/3726 1643/1326/3677 949/1336/3727
f 339/299/197 2213/299/3728 2212/299/3729
f 2138/2170/3730 1806/1697/3731 1805/1694/2717
f 325/208/191 2241/2127/192 2242/2171/3732
f 2150/2172/3733 1801/1691/3734 1800/1689/3735
f 2175/2173/3736 1656/1353/3737 1655/1350/3738
f 2148/2174/3739 2153/2175/3740 184/535/3741
f 2135/2176/3742 1068/1705/3743 1937/1923/3183
f 2254/613/3744 272/134/119 2265/2177/3745
f 2200/2178/3746 958/1450/3747 1690/1442/3748
f 2148/2174/3749 992/1588/3750 1801/1691/3751
f 2220/2179/3752 2221/2180/3753 925/2181/3665
f 207/497/450 2173/2182/3754 2174/2183/3755
f 2210/2184/3756 2211/2185/3757 340/232/196
f 2260/2186/3758 1368/886/3759 2261/2187/3760
f 2125/418/3761 1137/1926/3696 1943/1935/3762
f 2279/2188/3763 2278/2189/3764 282/146/135
f 2084/2190/3765 1209/1968/3766 1208/1965/3767
f 2102/2191/3768 587/1410/3769 955/1970/3770
f 2215/2192/3771 581/1180/3772 660/1181/3773
f 2275/2193/3774 2274/2194/3775 1501/2195/3776
f 505/299/455 2095/299/3777 2096/299/3778
f 524/2196/474 2154/2197/476 2160/2198/474
f 443/426/384 2141/2199/3779 2142/2200/3780
f 2113/2201/3781 2114/2202/3781 952/2203/3781
f 473/468/420 474/463/416 471/460/416
f 530/299/479 2161/299/3782 2162/299/3783
f 334/299/194 2164/299/3702 2165/299/3702
f 2281/2204/3784 792/889/1124 2282/2205/3785
f 2119/2118/3786 1909/1871/3787 2118/2206/3788
f 350/245/218 2232/2207/3789 2233/2208/217
f 2204/2209/3790 660/1181/3791 661/1179/3792
f 2209/2210/3793 639/615/3794 2248/2211/3795
f 511/516/468 2082/2212/3796 2081/2213/3797
f 2100/2214/3798 2101/2215/3799 955/1970/3800
f 2126/2156/3801 1943/1935/3802 1942/1930/3803
f 2275/1124/3804 2274/2216/3805 92/143/150
f 2229/2217/3806 351/247/218 2228/252/217
f 2166/2168/3807 2169/2218/3808 651/576/3809
f 275/132/117 2254/613/3744 2253/611/3810
f 2141/2199/3811 1077/1693/3812 1807/1699/2723
f 490/490/451 2177/2219/3813 2178/2220/3814
f 2292/2221/3815 314/195/171 2289/2222/3816
f 207/497/194 2172/2223/194 2173/2182/3817
f 2258/2224/3818 701/786/3819 2262/785/3819
f 351/247/218 2229/2217/3806 2231/2225/3806
f 1226/566/3820 1235/565/3821 2163/2148/3822
f 341/2226/199 2248/2227/3823 2209/2228/3824
f 527/2229/476 2160/2230/474 2161/2231/3782
f 2156/2232/3825 2155/2233/3825 1751/1575/3825
f 2136/2234/3826 2137/2235/3827 441/422/374
f 2277/2236/3828 1504/1122/1607 1506/1128/1613
f 2243/2237/3829 2245/2238/3830 1234/574/3831
f 2229/2217/3832 1267/650/3833 1266/659/3834
f 1208/1965/3767 1207/1966/3835 2080/2239/3836
f 2291/2240/3837 1508/1134/3838 1511/1136/3839
s 0
f 2167/299/3840 2169/299/3841 2168/299/3842
s 1
f 463/449/394 2084/2190/3843 2086/2241/3844
f 2131/2194/3845 2132/2193/3846 1934/2195/3695
f 493/488/450 2179/2169/451 2180/2242/450
f 2120/2243/3847 476/2244/3848 2123/2245/3849
f 2163/2148/194 119/222/194 2246/2246/3850
f 274/136/121 2293/2247/3851 2291/2240/3852
f 431/407/354 2111/1400/3853 2107/1401/3854
f 326/211/191 2239/2138/191 2240/2248/191
f 2178/2220/3855 949/1336/3856 1656/1353/3857
f 2092/2117/3858 2091/2249/3859 468/455/405
f 2134/2250/3860 1937/1923/3183 1936/1918/3178
f 2232/2207/3861 1258/651/3862 1267/650/3863
f 503/507/194 2171/2251/3723 2172/2223/194
f 2076/2252/3864 1207/1966/3835 2203/2150/3864
f 2109/1398/3865 430/408/355 2108/1397/3866
f 2244/2253/191 2247/2254/3867 119/222/191
f 2268/2202/3868 2267/2201/3868 659/2203/3868
f 2140/2255/3869 1807/1699/2723 1806/1697/2720
f 2206/2256/3870 661/1179/3871 662/1178/3872
f 665/670/3873 1527/1161/1704 925/1173/1706
f 469/462/416 2196/2257/416 2195/2258/416
f 2285/2259/3874 2288/2260/3875 314/195/171
f 2270/141/3876 1511/1136/3877 1514/1140/3878
f 2185/2261/3879 1645/1327/3680 2184/2262/3880
f 1655/1350/3738 1654/1352/3881 2172/2223/3882
f 2149/2263/3883 1800/1689/3735 1799/1686/3884
f 2244/2253/3885 1235/565/3821 1234/574/3886
f 2184/2262/3887 2185/2261/3888 515/2264/473
f 2096/2265/3889 954/1971/3890 953/1969/3891
f 2087/2140/3892 635/1967/3893 1209/1968/3766
f 2092/2266/3651 2091/2267/3894 1210/2268/3649
f 2113/299/3895 2114/299/3896 433/299/353
f 1207/1966/3272 1960/1954/3271 958/1450/3897
f 2261/2187/3760 1370/888/3898 2258/2224/3899
f 2168/2162/3900 1654/1352/3881 651/576/3901
f 200/299/3902 2162/299/3903 2159/299/3904
f 537/616/3905 2210/2184/3906 662/1178/3907
f 2214/2269/3908 927/1182/3657 581/1180/3909
f 107/178/157 2214/2269/3910 2218/2270/3911
f 2287/2120/3912 1480/1077/3913 777/1086/3914
f 2136/2234/3915 1805/1694/3916 1068/1705/2731
f 281/151/140 2282/2205/3917 2281/2204/3918
f 324/209/192 2245/2238/3919 2244/2253/191
f 459/445/390 2076/2252/3920 2077/2271/3921
f 2186/2272/3922 1688/1441/3923 946/1337/3924
f 2227/2273/3925 1266/659/3926 665/670/3927
f 2234/2274/3928 654/563/3929 1258/651/3930
f 441/422/374 2138/2170/3931 2139/2275/3932
f 2272/2276/3933 852/1129/3706 1501/1130/3776
f 2080/299/3934 461/299/3935 2079/299/3936
f 2267/624/3937 2266/622/3938 272/134/119
f 2252/612/3939 2251/2277/3940 94/145/134
f 2215/2192/3941 342/231/195 2212/2278/3729
f 2102/2191/3942 507/508/453 2101/2215/3943
f 2143/2279/3944 1799/1686/3884 1077/1693/3812
f 483/299/3945 2145/299/3946 2144/299/3947
f 340/232/196 2205/2280/3948 2206/2256/3757
f 505/510/455 2096/2265/3778 2099/2281/3943
f 490/490/451 2176/2282/451 2177/2219/3813
f 2119/2118/3949 2121/2283/3950 436/411/358
f 2279/2188/3951 1372/892/1147 2280/2284/3952
f 2103/2285/3953 934/1408/3954 2102/2191/3955
f 2278/2189/3956 783/897/1628 2279/2188/3957
f 515/2264/473 2186/2272/3888 2192/2286/473
f 1690/1442/3958 1689/1439/3959 2197/2161/3960
f 211/1/1 213/4/1 214/2/2
f 213/4/1 216/13/9 217/5/2
f 32/6/1 211/1/1 212/3/2
f 33/7/3 212/3/2 71/8/4
f 212/3/2 214/2/2 72/10/6
f 214/2/2 217/5/2 73/11/7
f 217/5/2 51/14/10 9/12/8
f 216/13/9 50/16/9 51/14/10
f 215/15/11 49/18/11 50/16/9
f 70/17/3961 8/163/3962 49/18/3963
f 221/19/13 222/22/13 219/20/14
f 222/22/13 223/26/13 220/23/15
f 224/24/16 225/25/16 222/22/13
f 225/25/16 226/33/16 223/26/13
f 76/27/15 218/21/15 34/28/13
f 218/21/15 219/20/14 35/30/13
f 219/299/14 220/299/15 36/299/13
f 54/32/13 8/163/13 70/17/13
f 53/34/13 54/32/13 226/33/16
f 52/35/13 53/34/13 225/25/16
f 25/36/13 52/35/13 224/24/16
f 74/37/16 224/24/16 221/19/13
f 75/38/13 221/19/13 218/21/15
f 227/39/17 230/44/22 231/40/18
f 228/41/19 231/40/18 232/42/20
f 230/44/22 233/56/34 234/45/23
f 231/40/18 234/45/23 235/46/24
f 4/47/25 82/61/39 227/39/17
f 37/48/26 227/39/17 228/41/19
f 38/49/27 228/41/19 229/43/21
f 39/50/28 229/43/21 83/51/29
f 229/43/21 232/42/20 84/53/31
f 232/42/20 235/46/24 85/54/32
f 57/55/33 12/184/3964 85/54/32
f 234/45/23 56/57/35 57/55/33
f 233/56/34 55/59/37 56/57/35
f 80/58/3965 11/2287/3965 55/59/3966
f 81/60/38 80/58/36 233/56/34
f 82/61/39 81/60/38 230/44/22
f 239/62/40 240/65/41 237/63/41
f 240/65/41 241/69/44 238/66/42
f 242/67/43 243/68/41 240/65/41
f 243/68/41 244/75/52 241/69/44
f 71/8/45 236/64/40 40/70/46
f 236/64/40 237/63/41 41/71/48
f 237/63/41 238/66/42 42/72/49
f 238/66/42 86/74/51 6/73/50
f 241/69/44 87/76/53 86/74/51
f 244/75/52 88/78/55 87/76/53
f 60/77/54 13/131/116 88/78/55
f 59/79/56 60/77/54 244/75/52
f 58/80/57 59/79/56 243/68/41
f 9/12/58 58/80/57 242/67/43
f 73/11/59 242/67/43 239/62/40
f 72/10/60 239/62/40 236/64/40
f 245/81/61 248/86/61 249/82/62
f 246/83/63 249/82/62 250/84/64
f 248/86/61 251/98/74 252/87/66
f 249/82/62 252/87/66 253/88/64
f 5/52/30 83/51/29 245/81/61
f 43/89/67 245/81/61 246/83/63
f 44/90/68 246/83/63 247/85/65
f 45/91/69 247/85/65 79/92/70
f 247/85/65 250/84/64 78/94/71
f 250/84/64 253/88/64 77/95/71
f 253/88/64 63/97/73 10/96/72
f 252/87/66 62/99/75 63/97/73
f 251/98/74 61/100/76 62/99/75
f 85/54/32 12/184/3964 61/100/76
f 84/53/31 85/54/32 251/98/74
f 83/51/29 84/53/31 248/86/61
f 257/101/77 258/104/80 255/102/78
f 258/104/80 259/108/84 256/105/81
f 260/106/82 261/107/83 258/104/80
f 261/107/83 262/114/92 259/108/84
f 79/92/85 254/103/79 69/109/86
f 254/103/79 255/102/78 68/110/88
f 255/102/78 256/105/81 67/111/89
f 256/105/81 91/113/91 7/112/90
f 259/108/84 90/115/93 91/113/91
f 262/114/92 89/264/3967 90/115/93
f 10/96/94 120/2288/3968 260/106/82
f 77/95/95 260/106/82 257/101/77
f 78/94/96 257/101/77 254/103/79
f 266/116/97 267/119/100 264/117/98
f 267/119/100 268/123/104 265/120/101
f 269/121/102 270/122/103 267/119/100
f 270/122/103 271/127/110 268/123/104
f 86/74/51 263/118/99 46/124/105
f 263/118/99 264/117/98 47/125/106
f 264/117/98 265/120/101 48/126/107
f 265/120/101 82/61/109 4/47/108
f 268/123/104 81/60/111 82/61/109
f 271/127/110 80/58/113 81/60/111
f 66/128/112 11/2287/3969 80/58/113
f 65/129/114 66/128/112 271/127/110
f 64/130/115 65/129/114 270/122/103
f 13/131/116 64/130/115 269/121/102
f 88/78/55 269/121/102 266/116/97
f 87/76/53 266/116/97 263/118/99
f 275/132/117 276/135/120 273/133/118
f 276/135/120 277/139/124 274/136/121
f 278/137/122 279/138/123 276/135/120
f 279/138/123 280/142/127 277/139/124
f 2270/141/126 274/136/121 277/139/124
f 277/139/124 92/143/128 2271/140/125
f 92/299/128 2272/299/3970 2273/299/3971
f 2271/140/125 92/143/128 2273/2151/3971
f 280/142/127 93/144/130 92/143/128
f 45/91/129 3/93/3972 93/144/130
f 44/90/131 45/91/129 280/142/127
f 43/89/132 44/90/131 279/138/123
f 5/52/133 43/89/132 278/137/122
f 282/146/135 285/155/146 286/147/136
f 283/148/137 286/147/136 287/149/138
f 281/151/140 284/150/139 96/152/141
f 284/150/139 287/149/138 97/154/143
f 287/149/138 67/111/145 7/112/144
f 286/147/136 68/110/147 67/111/145
f 285/155/146 69/109/3973 68/110/147
f 3/93/148 69/109/3973 285/155/146
f 93/144/149 285/155/146 282/146/135
f 289/156/151 292/164/151 293/157/151
f 290/158/152 293/157/151 294/159/151
f 291/160/151 294/159/151 101/161/151
f 294/159/151 49/18/151 8/163/151
f 293/157/151 50/16/151 49/18/151
f 292/164/151 51/14/151 50/16/151
f 102/165/153 9/12/3974 51/14/151
f 103/166/153 102/165/153 292/164/151
f 104/167/153 103/166/153 289/156/151
f 298/169/154 299/172/154 296/170/154
f 299/172/154 300/174/154 297/173/154
f 300/174/154 106/176/154 105/175/154
f 52/35/154 25/36/154 106/176/154
f 53/34/154 52/35/154 300/174/154
f 54/32/154 53/34/154 299/172/154
f 8/163/154 54/32/154 298/169/154
f 101/161/154 298/169/154 295/171/154
f 301/177/155 48/126/3975 4/47/156
f 304/179/158 305/183/163 303/180/159
f 56/57/161 55/59/3976 306/182/162
f 57/55/164 56/57/161 305/183/163
f 12/184/165 57/55/164 304/179/158
f 311/186/167 312/189/167 309/187/167
f 312/189/167 313/192/167 310/190/167
f 310/190/167 103/166/153 104/167/153
f 313/192/167 102/165/153 103/166/153
f 58/80/167 9/12/3974 102/165/153
f 59/79/167 58/80/167 313/192/167
f 60/77/167 59/79/167 312/189/167
f 13/131/168 60/77/167 311/186/167
f 111/193/169 311/186/167 308/188/167
f 314/195/171 316/198/174 317/196/172
f 316/198/174 319/202/181 320/199/175
f 317/196/172 320/199/175 321/200/176
f 321/200/176 61/100/180 12/184/178
f 320/199/175 62/99/182 61/100/180
f 319/202/181 63/97/184 62/99/182
f 98/203/183 10/96/3977 63/97/184
f 99/204/185 98/203/183 319/202/181
f 322/205/186 323/206/189 98/203/187
f 323/206/189 120/2288/3978 10/96/190
f 327/207/191 328/210/191 325/208/191
f 328/210/191 329/214/191 326/211/191
f 330/212/191 331/213/191 328/210/191
f 331/213/191 332/216/191 329/214/191
f 329/214/191 116/217/193 115/215/193
f 332/216/191 117/218/193 116/217/193
f 33/7/191 2/9/193 117/218/193
f 32/6/191 33/7/191 332/216/191
f 31/219/191 32/6/191 331/213/191
f 1/220/191 31/219/191 330/212/191
f 118/221/191 330/212/191 327/207/191
f 333/223/194 336/228/194 337/224/194
f 334/225/194 337/224/194 338/226/194
f 335/227/194 338/226/194 118/221/194
f 338/226/194 36/31/194 1/220/194
f 337/224/194 35/30/194 36/31/194
f 336/299/194 34/299/194 35/299/194
f 114/229/194 17/29/194 34/28/194
f 113/230/194 114/229/194 336/228/194
f 342/231/195 343/238/204 340/232/196
f 340/232/196 343/238/204 344/234/198
f 2249/237/202 341/235/199 344/234/198
f 344/234/198 94/145/200 2249/237/202
f 344/234/198 39/50/205 5/52/203
f 343/238/204 38/49/3979 39/50/205
f 37/48/206 38/49/3979 343/238/204
f 4/47/207 37/48/206 342/231/195
f 348/239/209 111/193/169 112/194/170
f 64/130/211 13/131/168 111/193/169
f 65/129/212 64/130/211 348/239/209
f 66/128/3980 65/129/212 347/241/213
f 349/243/217 352/248/217 353/244/217
f 350/245/218 353/244/217 354/246/217
f 352/248/217 355/255/217 356/249/217
f 353/244/217 356/249/217 357/250/217
f 2228/252/217 351/247/218 354/246/217
f 354/246/217 109/254/220 2230/251/217
f 109/254/220 2227/2273/217 2230/251/217
f 354/246/217 357/250/217 108/253/219
f 357/250/217 42/72/217 6/73/221
f 356/249/217 41/71/217 42/72/217
f 355/255/217 40/70/217 41/71/217
f 117/218/193 2/9/193 40/70/217
f 116/217/193 117/218/193 355/255/217
f 115/215/193 116/217/193 352/248/217
f 358/256/222 361/261/224 362/257/222
f 359/258/222 362/257/222 363/259/223
f 361/261/224 364/265/224 365/262/222
f 362/257/222 365/262/222 366/263/225
f 365/262/222 90/115/225 89/264/226
f 364/265/224 91/113/222 90/115/225
f 97/154/224 7/112/222 91/113/222
f 96/152/222 97/154/224 364/265/224
f 95/153/226 96/152/222 361/261/224
f 367/266/227 370/271/230 371/267/228
f 368/268/229 371/267/228 372/269/230
f 370/271/230 373/284/232 374/272/232
f 371/267/228 374/272/232 375/273/232
f 15/274/233 121/289/246 367/266/227
f 162/275/234 367/266/227 368/268/229
f 161/276/233 368/268/229 369/270/231
f 160/277/235 369/270/231 139/278/236
f 369/270/231 372/269/230 140/280/238
f 372/269/230 375/273/232 141/281/239
f 375/273/232 165/283/241 24/282/240
f 374/272/232 164/285/242 165/283/241
f 373/284/232 163/287/244 164/285/242
f 123/286/243 16/338/3981 163/287/244
f 122/288/245 123/286/243 373/284/232
f 121/289/246 122/288/245 370/271/230
f 379/290/14 380/293/13 377/291/13
f 380/293/13 381/297/16 378/294/16
f 382/295/15 383/296/13 380/293/13
f 383/296/13 384/301/16 381/297/16
f 124/298/13 376/292/14 76/27/15
f 376/292/14 377/291/13 75/38/13
f 377/291/13 378/294/16 74/37/16
f 378/294/16 142/300/13 25/36/13
f 381/297/16 143/302/13 142/300/13
f 384/301/16 144/303/13 143/302/13
f 160/277/16 23/279/13 144/303/13
f 161/276/13 160/277/16 384/301/16
f 162/275/14 161/276/13 383/296/13
f 15/274/13 162/275/14 382/295/15
f 126/304/13 382/295/15 379/290/14
f 125/305/13 379/290/14 376/292/14
f 385/306/247 388/311/252 389/307/248
f 386/308/249 389/307/248 390/309/250
f 388/311/252 391/323/264 392/312/253
f 389/307/248 392/312/253 393/313/254
f 19/314/255 127/328/269 385/306/247
f 171/315/256 385/306/247 386/308/249
f 170/316/257 386/308/249 387/310/251
f 169/317/258 387/310/251 145/318/259
f 387/310/251 390/309/250 146/320/261
f 390/309/250 393/313/254 147/321/262
f 174/322/263 28/359/299 147/321/262
f 392/312/253 173/324/265 174/322/263
f 391/323/264 172/326/267 173/324/265
f 129/325/266 20/357/297 172/326/267
f 128/327/268 129/325/266 391/323/264
f 127/328/269 128/327/268 388/311/252
f 397/329/270 398/332/270 395/330/271
f 398/332/270 399/336/270 396/333/272
f 400/334/273 401/335/274 398/332/270
f 401/335/274 402/340/282 399/336/270
f 130/337/275 394/331/271 163/287/276
f 394/331/271 395/330/271 164/285/278
f 395/330/271 396/333/272 165/283/279
f 396/333/272 148/339/281 24/282/280
f 399/336/270 149/341/283 148/339/281
f 402/340/282 150/343/285 149/341/283
f 177/342/284 29/399/342 150/343/285
f 176/344/286 177/342/284 402/340/282
f 175/345/287 176/344/286 401/335/274
f 21/346/288 175/345/287 400/334/273
f 132/347/285 400/334/273 397/329/270
f 131/348/289 397/329/270 394/331/271
f 403/349/290 406/354/295 407/350/291
f 404/351/292 407/350/291 408/352/293
f 406/354/295 409/364/304 410/355/296
f 407/350/291 410/355/296 411/356/296
f 20/357/297 133/369/308 403/349/290
f 172/326/267 403/349/290 404/351/292
f 173/324/265 404/351/292 405/353/294
f 174/322/263 405/353/294 151/358/298
f 405/353/294 408/352/293 152/360/300
f 408/352/293 411/356/296 153/361/301
f 411/356/296 166/363/303 26/362/302
f 410/355/296 167/365/303 166/363/303
f 409/364/304 168/367/306 167/365/303
f 135/366/305 18/379/306 168/367/306
f 134/368/307 135/366/305 409/364/304
f 133/369/308 134/368/307 406/354/295
f 415/370/309 416/373/312 413/371/310
f 416/373/312 417/377/316 414/374/313
f 418/375/314 419/376/315 416/373/312
f 419/376/315 420/381/324 417/377/316
f 159/378/317 412/372/311 168/367/318
f 412/372/311 413/371/310 167/365/320
f 413/371/310 414/374/313 166/363/321
f 414/374/313 210/380/323 26/362/322
f 417/377/316 209/382/325 210/380/323
f 420/381/324 208/384/327 209/382/325
f 178/383/326 30/486/3982 208/384/327
f 179/385/328 178/383/326 420/381/324
f 180/386/329 179/385/328 419/376/315
f 22/387/330 180/386/329 418/375/314
f 157/388/331 418/375/314 415/370/309
f 158/389/332 415/370/309 412/372/311
f 424/390/333 425/393/336 422/391/334
f 425/393/336 426/397/340 423/394/337
f 427/395/338 428/396/339 425/393/336
f 428/396/339 429/401/344 426/397/340
f 136/398/341 421/392/335 175/345/287
f 421/392/335 422/391/334 176/344/286
f 422/391/334 423/394/337 177/342/284
f 423/394/337 154/400/343 29/399/342
f 426/397/340 155/402/345 154/400/343
f 429/401/344 156/403/347 155/402/345
f 169/317/3983 27/319/3984 156/403/3985
f 170/316/348 169/317/346 429/401/344
f 171/315/349 170/316/348 428/396/339
f 19/314/350 171/315/349 427/395/338
f 138/404/351 427/395/338 424/390/333
f 137/405/352 424/390/333 421/392/335
f 433/406/353 434/409/356 431/407/354
f 434/409/356 435/413/360 432/410/357
f 436/411/358 437/412/359 434/409/356
f 437/412/359 438/415/364 435/413/360
f 432/410/357 133/369/363 20/357/361
f 435/413/360 134/368/365 133/369/363
f 438/415/364 135/366/367 134/368/365
f 182/416/366 18/379/3986 135/366/367
f 181/417/368 182/416/366 438/415/364
f 437/412/359 436/411/358 2126/2156/3715
f 2126/2156/3715 2125/418/370 437/412/359
f 2125/418/370 2129/2289/3987 181/417/369
f 2129/2289/3987 2130/2290/3988 181/417/369
f 439/419/371 441/422/374 442/420/372
f 441/422/374 444/424/382 445/423/375
f 439/419/371 440/421/373 182/416/376
f 440/421/373 159/378/379 18/379/377
f 440/421/373 442/420/372 158/389/378
f 442/420/372 445/423/375 157/388/380
f 445/423/375 186/425/383 22/387/381
f 444/424/382 185/427/385 186/425/383
f 443/426/384 184/535/3741 185/427/385
f 447/428/386 449/431/387 450/429/386
f 449/431/387 451/436/386 452/432/386
f 193/433/388 446/2291/386 447/428/386
f 192/434/388 447/428/386 448/430/386
f 191/435/388 448/430/386 141/281/386
f 448/430/386 450/429/386 140/280/386
f 450/429/386 452/432/386 139/278/386
f 452/432/386 190/437/386 23/279/386
f 451/436/386 189/443/386 190/437/386
f 455/438/154 456/442/154 454/439/154
f 457/441/154 458/444/154 456/442/154
f 453/440/154 454/439/154 190/437/154
f 454/439/154 144/303/154 23/279/154
f 456/442/154 143/302/154 144/303/154
f 458/444/154 142/300/154 143/302/154
f 106/176/154 25/36/154 142/300/154
f 105/175/154 106/176/154 458/444/154
f 459/445/390 461/2292/3935 462/446/391
f 462/299/391 461/299/3935 2080/299/3934
f 2083/448/393 2084/2190/3843 463/449/394
f 462/446/391 2080/2239/3934 2083/448/393
f 196/450/395 459/445/390 460/447/392
f 195/451/396 460/447/392 136/398/397
f 460/447/392 462/446/391 137/405/399
f 462/446/391 463/449/394 138/404/400
f 463/449/394 194/513/3989 19/314/401
f 466/452/402 467/456/406 465/453/403
f 467/456/406 466/452/402 2098/457/407
f 2098/457/407 2097/2293/3990 468/455/405
f 2097/2293/3990 2094/2114/3991 468/455/405
f 465/453/408 147/321/3992 28/359/409
f 467/456/406 146/320/412 147/321/411
f 468/455/405 145/318/415 146/320/412
f 145/318/415 468/455/405 2088/459/413
f 2088/459/413 2085/2294/3993 27/319/414
f 471/460/416 472/464/416 470/461/416
f 474/463/416 475/467/416 472/464/416
f 469/462/416 470/461/416 198/465/417
f 470/461/416 150/343/416 29/399/419
f 472/464/416 149/341/416 150/343/416
f 475/467/416 148/339/416 149/341/416
f 191/435/388 24/282/389 148/339/416
f 192/434/388 191/435/388 475/467/416
f 193/433/388 192/434/388 474/463/416
f 476/469/421 479/2295/3994 480/470/422
f 477/471/423 480/470/422 481/472/424
f 188/474/426 477/471/423 478/473/425
f 187/475/427 478/473/425 153/361/428
f 478/473/425 481/472/424 152/360/430
f 481/472/424 482/476/432 151/358/431
f 482/476/432 197/458/3995 28/359/433
f 486/477/434 487/481/438 485/478/435
f 488/480/437 489/487/445 487/481/438
f 483/482/439 484/479/436 201/483/440
f 484/479/436 485/478/435 202/485/442
f 485/478/435 208/384/444 30/486/443
f 487/481/438 209/382/446 208/384/444
f 489/487/445 210/380/448 209/382/446
f 489/487/445 187/475/449 26/362/447
f 488/480/437 188/474/3996 187/475/449
f 493/488/450 494/491/450 491/489/450
f 494/491/450 495/495/450 492/492/450
f 496/493/450 497/494/450 494/491/450
f 497/494/450 498/498/450 495/495/450
f 491/489/450 492/492/450 206/496/450
f 492/492/450 121/289/450 15/274/450
f 495/495/450 122/288/450 121/289/450
f 498/498/450 123/286/450 122/288/450
f 205/499/452 16/338/452 123/286/450
f 204/500/452 205/499/452 498/498/450
f 203/501/452 204/500/452 497/494/450
f 499/502/194 501/505/194 502/503/194
f 501/505/194 503/507/194 504/506/194
f 113/230/194 499/502/194 500/504/194
f 114/229/194 500/504/194 124/298/194
f 500/504/194 502/503/194 125/305/194
f 502/503/194 504/506/194 126/304/194
f 504/506/194 206/496/194 15/274/194
f 503/507/194 207/497/194 206/496/194
f 507/508/453 508/512/457 506/509/454
f 507/508/453 509/2128/3672 510/511/456
f 506/509/454 127/328/460 19/314/458
f 508/512/457 128/327/462 127/328/460
f 508/512/457 510/511/456 129/325/461
f 510/511/456 183/414/465 20/357/463
f 510/511/456 509/2128/3672 2105/514/464
f 2105/514/464 2106/1411/3997 183/414/465
f 512/515/466 155/402/470 156/403/467
f 514/517/469 154/400/471 155/402/470
f 198/465/417 29/399/419 154/400/471
f 199/466/418 198/465/417 514/517/469
f 515/2264/473 518/522/473 519/524/473
f 516/519/473 519/524/473 520/520/473
f 518/522/473 521/2160/3721 522/523/473
f 519/524/473 522/523/473 523/525/473
f 203/501/452 515/2264/473 516/519/473
f 204/500/452 516/519/473 517/521/473
f 205/499/452 517/521/473 130/337/473
f 517/521/473 520/520/473 131/348/473
f 520/520/473 523/525/473 132/347/473
f 523/525/473 195/451/396 21/346/398
f 522/523/473 196/450/395 195/451/396
f 522/523/473 521/2160/3721 2198/2159/473
f 2198/2159/473 2199/526/473 522/523/473
f 2199/526/473 2200/2178/3998 196/450/395
f 524/527/474 527/532/476 528/528/474
f 525/529/475 528/528/474 529/530/474
f 527/532/476 530/537/479 531/533/474
f 528/528/474 531/533/474 532/534/474
f 184/535/474 524/527/474 525/529/475
f 185/299/474 525/299/475 526/299/474
f 186/425/475 526/536/474 180/386/474
f 526/531/474 529/530/474 179/2296/477
f 529/530/474 532/534/474 178/383/475
f 532/299/474 202/299/475 30/299/478
f 531/533/474 201/483/474 202/485/475
f 530/537/479 200/484/3902 201/483/474
f 1216/538/480 1214/542/3999 1224/539/481
f 1217/541/483 1218/544/4000 1214/542/484
f 1220/543/486 1214/542/4001 1218/544/487
f 1222/546/489 1214/542/4002 1220/543/490
f 1223/548/492 1224/539/4003 1214/542/493
f 656/549/495 1216/538/4004 1215/540/496
f 545/551/498 716/553/501 1217/541/499
f 716/553/501 715/558/513 1218/544/502
f 655/552/503 1217/541/4005 1216/538/504
f 770/554/506 1219/545/4006 714/555/507
f 769/557/509 1220/543/4007 1219/545/510
f 1219/545/512 1218/544/502 715/558/513
f 652/559/515 1221/547/520 768/560/516
f 653/562/518 1222/546/489 1221/547/491
f 1221/547/520 1220/543/4007 769/557/509
f 654/563/521 1223/548/492 1222/546/494
f 1227/564/523 1225/568/4008 1235/565/524
f 1228/567/526 1229/570/4009 1225/568/527
f 1231/569/529 1225/568/4010 1229/570/530
f 1233/572/532 1225/568/4011 1231/569/533
f 1234/574/535 1235/565/4012 1225/568/536
f 650/575/538 1227/564/4013 1226/566/539
f 597/577/541 722/579/544 1228/567/542
f 722/579/544 721/584/556 1229/570/545
f 649/578/546 1228/567/4014 1227/564/547
f 776/580/549 1230/571/4015 720/581/550
f 775/583/552 1231/569/4016 1230/571/553
f 1230/571/555 1229/570/545 721/584/556
f 655/552/500 1232/573/562 774/585/558
f 656/549/559 1233/572/4017 1232/573/560
f 1232/573/562 1231/569/4016 775/583/552
f 657/550/563 1234/574/4018 1233/572/564
f 1236/586/566 1237/589/569 1240/587/567
f 1237/589/569 1238/598/579 1241/590/570
f 1239/588/568 1240/587/567 1243/591/571
f 1240/587/567 1241/590/570 1244/593/573
f 570/594/574 855/596/1681 1236/586/575
f 855/596/577 854/597/578 1237/589/569
f 854/597/578 853/599/1679 1238/598/579
f 853/599/580 554/1158/1678 752/600/581
f 1238/598/582 752/600/581 751/601/583
f 1241/590/584 751/601/583 750/602/585
f 1244/593/586 750/602/585 547/603/587
f 1243/591/571 1244/593/573 731/604/589
f 1242/592/572 1243/591/571 730/605/590
f 846/607/592 1242/592/596 729/606/593
f 845/609/595 1239/588/597 1242/592/596
f 844/595/576 1236/586/575 1239/588/597
f 2251/2277/4019 1245/618/4019 2252/612/600
f 1245/618/4019 1246/610/598 2252/612/600
f 1246/610/602 1247/620/4020 2254/613/601
f 1247/620/4020 2266/622/4021 2265/2177/4022
f 2254/613/601 1247/620/4020 2265/2177/4022
f 744/614/603 1245/618/4023 639/615/604
f 745/617/606 1246/610/4024 1245/618/607
f 2248/2211/4025 639/615/4026 2249/237/610
f 639/615/4026 1245/618/611 2249/237/610
f 1245/618/611 2251/2277/4027 2250/236/609
f 552/619/612 658/623/4028 1247/620/613
f 1247/620/4029 658/623/616 2266/622/4030
f 658/2297/616 659/2203/4031 2267/2201/617
f 746/621/618 1247/620/4032 1246/610/619
f 1248/625/621 1249/628/624 1252/626/622
f 1249/628/624 1250/637/4033 1253/629/625
f 1251/627/626 1252/626/629 1255/630/627
f 1252/626/629 1253/629/4034 1256/632/630
f 569/633/631 843/635/634 1248/625/632
f 843/635/634 842/636/636 1249/628/635
f 842/636/636 841/638/4035 1250/637/637
f 841/638/638 553/1121/4036 749/639/639
f 1250/637/641 749/639/4037 748/640/642
f 1253/629/644 748/640/4038 747/641/645
f 1256/632/647 747/641/4039 546/642/648
f 1255/630/650 1256/632/4040 725/643/651
f 1254/631/653 1255/630/650 724/644/652
f 834/646/655 1254/631/4041 723/645/656
f 833/648/658 1251/627/626 1254/631/628
f 832/634/660 1248/625/621 1251/627/623
f 1259/649/662 1257/655/675 1267/650/663
f 1261/652/665 1257/655/4042 1259/649/666
f 1262/654/668 1263/657/4043 1257/655/669
f 1265/656/671 1257/655/4044 1263/657/672
f 1266/659/674 1267/650/663 1257/655/675
f 653/562/522 1259/649/662 1258/651/664
f 544/561/517 710/660/678 1260/653/677
f 710/660/678 709/664/4045 1261/652/679
f 652/559/519 1260/653/667 1259/649/666
f 764/661/680 1262/654/686 708/662/681
f 764/661/683 763/669/4046 1263/657/684
f 1262/654/686 1261/652/4047 709/664/687
f 663/665/688 1264/658/694 762/666/689
f 664/668/691 1265/656/4048 1264/658/692
f 1264/658/694 1263/657/4049 763/669/695
f 665/670/696 1266/659/4050 1265/656/697
f 1269/671/699 699/784/4051 539/672/700
f 1268/674/702 1269/671/699 692/673/701
f 1272/676/704 1270/680/4052 1280/677/705
f 1273/679/707 1274/682/4053 1270/680/708
f 1276/681/710 1270/680/4054 1274/682/711
f 1278/684/713 1270/680/4055 1276/681/714
f 1279/686/716 1280/677/751 1270/680/717
f 535/687/719 642/689/722 1271/678/720
f 642/689/722 641/695/732 1272/676/723
f 1271/678/724 1280/677/4056 685/690/725
f 737/691/727 1273/679/731 640/692/728
f 736/694/730 1274/682/4057 1273/679/731
f 1273/679/731 1272/676/723 641/695/732
f 678/696/733 1275/683/738 735/697/734
f 679/699/736 1276/681/710 1275/683/712
f 1275/683/738 1274/682/4058 736/694/739
f 687/700/740 1277/685/744 680/701/741
f 688/703/743 1278/684/753 1277/685/744
f 1277/685/715 1276/681/714 679/699/745
f 542/704/4059 686/706/4060 1279/686/748
f 686/706/750 685/690/4061 1280/677/751
f 689/705/752 1279/686/4062 1278/684/4063
f 1281/707/754 1282/711/4064 1285/708/755
f 1283/710/757 1286/713/4065 1285/708/758
f 1285/708/760 1288/714/4066 1287/712/761
f 1286/713/763 1289/720/4067 1288/714/764
f 533/715/766 924/717/4068 1281/707/767
f 924/717/769 923/718/772 1282/711/770
f 923/718/772 922/719/4069 1283/710/773
f 922/719/774 535/687/4070 684/688/775
f 684/688/777 685/690/4071 1286/713/778
f 685/690/780 686/706/4072 1289/720/781
f 686/706/783 542/704/4073 690/721/784
f 1289/720/4074 690/721/4074 691/675/4075
f 1288/714/787 691/675/4076 692/673/788
f 1287/712/790 692/673/4077 539/672/791
f 1284/709/793 1287/712/4078 674/722/794
f 672/716/796 1281/707/754 1284/709/756
f 1292/724/798 1290/728/4079 1300/725/799
f 1293/727/801 1294/730/4080 1290/728/802
f 1296/729/804 1290/728/4081 1294/730/805
f 1298/732/807 1290/728/4082 1296/729/808
f 1299/734/810 1300/725/4083 1290/728/811
f 645/735/813 1291/726/817 681/736/814
f 644/738/816 1292/724/4084 1291/726/817
f 1291/726/818 1300/725/4085 682/739/819
f 740/740/821 1293/727/4086 643/741/822
f 739/743/824 1294/730/4087 1293/727/825
f 1293/727/827 1292/724/4088 644/738/828
f 675/744/830 1295/731/836 738/745/831
f 676/747/833 1296/729/4089 1295/731/834
f 1295/731/836 1294/730/4090 739/743/837
f 693/748/838 1297/733/842 677/749/839
f 694/751/841 1298/732/852 1297/733/842
f 1297/733/843 1296/729/4091 676/747/844
f 541/752/846 683/754/895 1299/734/847
f 683/754/849 682/739/899 1300/725/850
f 695/753/848 1299/734/847 1298/732/852
f 1303/755/853 1301/765/4092 1311/756/854
f 1305/758/856 1301/765/4093 1303/755/857
f 1307/760/859 1301/765/4094 1305/758/860
f 1309/762/862 1301/765/4095 1307/760/863
f 1310/764/865 1311/756/4096 1301/765/866
f 638/766/868 1302/757/4097 678/696/869
f 638/766/871 637/771/4098 1303/755/872
f 1302/757/874 1311/756/4099 679/699/875
f 734/767/877 1304/759/4100 636/768/878
f 733/770/880 1305/758/4101 1304/759/881
f 1304/759/883 1303/755/4102 637/771/884
f 536/737/815 681/736/814 1306/761/886
f 681/736/888 682/739/4103 1307/760/889
f 732/772/891 1306/761/4104 1305/758/892
f 696/773/894 1308/763/897 683/754/895
f 697/774/896 1309/762/4105 1308/763/4106
f 1308/763/898 1307/760/4107 682/739/899
f 540/702/4108 680/701/4109 1310/764/901
f 680/701/903 679/699/4110 1311/756/904
f 698/775/906 1310/764/4111 1309/762/907
f 1312/776/909 1313/779/4112 1316/777/910
f 1313/779/912 1314/2298/4113 1317/780/913
f 1315/778/915 1316/777/4114 1319/781/916
f 1316/777/918 1317/780/4115 1320/783/919
f 699/784/921 1312/776/4116 674/722/922
f 1317/780/926 1314/2298/4117 2262/785/924
f 1314/1591/4117 2263/2299/4118 2262/2300/924
f 701/786/927 700/787/4119 1320/783/928
f 700/787/930 555/881/4120 755/788/931
f 1319/781/933 1320/783/4121 755/788/934
f 1318/782/936 1319/781/4122 754/789/937
f 672/716/939 1318/782/4123 753/790/940
f 673/723/942 1315/778/4124 1318/782/943
f 674/722/945 1312/776/4125 1315/778/946
f 1322/791/948 1325/795/4126 1324/792/949
f 1323/794/951 1326/797/4127 1325/795/952
f 1325/795/954 1328/798/4128 1327/796/955
f 1326/797/957 1329/805/4129 1328/798/958
f 780/799/960 1321/793/4130 924/717/961
f 781/800/963 1322/791/4131 1321/793/964
f 782/801/966 1323/794/4132 1322/791/967
f 563/802/969 859/803/4133 1323/794/970
f 859/803/972 860/804/4134 1326/797/973
f 860/804/975 861/806/4135 1329/805/976
f 861/806/978 571/1031/4136 858/807/979
f 1329/805/981 858/807/4137 857/808/982
f 1328/798/983 857/808/982 856/809/984
f 1327/796/985 856/809/984 535/687/986
f 1324/792/988 1327/796/4138 922/719/989
f 1321/793/991 1324/792/4139 923/718/992
f 1330/810/994 1331/813/997 1334/811/995
f 1331/813/997 1332/822/1006 1335/814/998
f 1334/811/995 1337/817/1001 1336/815/999
f 1334/811/995 1335/814/998 1338/816/1000
f 568/818/1002 831/820/1004 1330/810/994
f 831/820/1004 830/821/1005 1331/813/997
f 830/821/1005 829/823/1007 1332/822/1006
f 829/823/1007 557/972/1291 761/824/1008
f 1332/822/1006 761/824/1008 760/825/1009
f 1335/814/998 760/825/1009 759/826/1010
f 1338/816/1011 759/826/4140 534/698/1012
f 1338/816/1011 735/697/1013 736/694/1014
f 1337/817/1001 736/694/730 737/691/727
f 1336/815/999 737/691/727 549/693/729
f 1333/812/996 1336/815/999 822/827/1016
f 820/819/1003 1330/810/994 1333/812/996
f 1340/829/1018 1343/833/1022 1342/830/1019
f 1341/832/1021 1344/835/1024 1343/833/1022
f 1343/833/1022 1346/836/1025 1345/834/1023
f 1344/835/1024 1347/844/1040 1346/836/1025
f 819/837/1026 1339/831/1020 808/838/1027
f 818/840/1029 1340/829/1018 1339/831/1020
f 817/841/1030 1341/832/1021 1340/829/1018
f 817/841/1031 559/923/2034 767/842/1032
f 767/842/1032 766/843/1035 1344/835/1034
f 766/843/1035 765/845/4141 1347/844/1036
f 765/845/1037 536/737/4142 732/772/1038
f 1347/844/1040 732/772/4143 733/770/1041
f 1346/836/1025 733/770/1041 734/767/1042
f 1345/834/1023 734/767/1042 548/769/1043
f 1342/830/1019 1345/834/1023 810/846/1044
f 1339/831/1020 1342/830/1019 809/847/1045
f 1349/848/1046 1352/852/1050 1351/849/1047
f 1350/851/1049 1353/854/1052 1352/852/1050
f 1352/852/1050 1355/855/1053 1354/853/1051
f 1353/854/1052 1356/864/1062 1355/855/1053
f 566/856/1054 807/858/1056 1348/850/1048
f 807/858/1056 806/859/1057 1349/848/1046
f 806/859/1057 805/860/1058 1350/851/1049
f 805/860/1058 613/1323/2052 773/861/1059
f 1350/851/1049 773/861/1059 772/862/1060
f 1353/854/1052 772/862/1060 771/863/1061
f 1356/864/1063 771/863/2650 583/746/1064
f 1356/864/1063 738/745/1065 739/743/1066
f 1355/855/1067 739/743/1066 740/740/1068
f 1354/853/1051 740/740/4144 550/742/1070
f 1351/849/1047 1354/853/1051 798/865/1071
f 1348/850/1048 1351/849/1047 797/866/1072
f 1357/867/1073 1358/870/4145 1361/868/1074
f 1358/870/1076 1359/879/4146 1362/871/1077
f 1360/869/1079 1361/868/4147 1364/872/1080
f 1361/868/1082 1362/871/4148 1365/874/1083
f 565/875/1085 795/877/1182 1357/867/1086
f 795/877/1088 794/878/4149 1358/870/1089
f 794/878/1091 793/880/4150 1359/879/1092
f 793/880/1094 563/802/4151 782/801/1095
f 1359/879/1097 782/801/4152 781/800/1098
f 1362/871/1100 781/800/4153 780/799/1101
f 1365/874/1103 780/799/4154 533/715/1104
f 1364/872/1106 1365/874/4155 753/790/1107
f 1363/873/1109 1364/872/4156 754/789/1110
f 1363/873/1112 755/788/4157 555/881/1113
f 786/883/1115 1360/869/1118 1363/873/1116
f 785/876/1087 1357/867/1086 1360/869/1118
f 1366/884/1119 1367/890/4158 1369/885/1120
f 1368/886/1121 1369/885/1120 1371/887/1122
f 792/889/1124 791/891/1127 1367/890/1125
f 791/891/1127 565/875/1085 785/876/1128
f 1367/890/1125 785/876/1128 786/883/1129
f 1369/885/1130 786/883/1129 787/882/1131
f 1371/887/1133 787/882/4159 555/881/1134
f 1370/888/1136 1371/887/4160 700/787/1137
f 1372/892/1139 1373/898/4161 1375/893/1140
f 1374/894/1142 1375/893/1153 1377/895/1143
f 783/897/1145 784/899/4162 1373/898/1146
f 784/899/1148 564/608/4163 788/900/1149
f 1373/898/1151 788/900/4164 789/901/1152
f 1375/893/1153 789/901/1152 790/902/1154
f 1377/895/1143 790/902/1154 565/875/1085
f 1376/896/1155 1377/895/1143 791/891/1127
f 1378/903/1156 1379/906/1159 1382/904/1157
f 1379/906/1159 1380/911/1168 1383/907/1160
f 1381/905/1158 1382/904/1157 1385/908/1161
f 1382/904/1157 1383/907/1160 1386/910/1163
f 564/608/1165 729/606/4165 1378/903/1166
f 729/606/591 730/605/590 1379/906/1159
f 730/605/590 731/604/589 1380/911/1168
f 731/604/588 547/603/587 728/912/1169
f 1380/911/1170 728/912/1169 727/913/1171
f 1383/907/1172 727/913/1171 726/914/1173
f 1386/910/1175 726/914/4166 563/802/1176
f 1385/908/1178 1386/910/4167 793/880/1179
f 1384/909/1162 1385/908/1161 794/878/1181
f 790/902/1154 1384/909/1162 795/877/1182
f 789/901/1183 1381/905/1158 1384/909/1162
f 788/900/1167 1378/903/1166 1381/905/1158
f 1387/915/1184 1388/918/1187 1391/916/1185
f 1388/918/1187 1389/926/1197 1392/919/1188
f 1390/917/1186 1391/916/1185 1394/920/1189
f 1391/916/1185 1392/919/1188 1395/922/1191
f 559/923/1192 804/924/1195 1387/915/1193
f 804/924/1195 803/925/1196 1388/918/1187
f 803/925/1196 802/927/1198 1389/926/1197
f 802/927/1198 566/856/1054 796/857/1055
f 1389/926/1197 796/857/1055 797/866/1072
f 1392/919/1188 797/866/4168 798/865/1199
f 1395/922/1200 798/865/4169 550/742/1201
f 1394/920/1203 1395/922/1200 643/741/1202
f 1393/921/1205 1394/920/1203 644/738/1204
f 1393/921/1205 645/735/1206 536/737/1207
f 1390/917/1209 1393/921/1210 765/845/1210
f 1387/915/1193 1390/917/1209 766/843/1211
f 1396/928/1212 1397/931/1215 1400/929/1213
f 1397/931/1215 1398/937/1232 1401/932/1216
f 1399/930/1217 1400/929/1220 1403/933/1218
f 1400/929/1220 1401/932/1233 1404/935/1221
f 545/551/1222 774/585/1225 1396/928/1223
f 774/585/1225 775/583/1228 1397/931/1226
f 776/580/1227 1398/937/1230 1397/931/1226
f 561/582/1229 892/938/4170 1398/937/1230
f 892/938/1231 893/963/4171 1401/932/1216
f 1401/932/1233 893/963/1278 894/939/1234
f 1404/935/1235 894/939/1277 578/940/1236
f 1403/933/1238 1404/935/1235 912/941/1237
f 1402/934/1240 1403/933/1238 911/942/1239
f 711/944/1242 1402/934/1240 910/943/1241
f 712/946/1244 1399/930/1217 1402/934/1219
f 713/936/1246 1396/928/1212 1399/930/1214
f 1405/947/1248 1406/950/1251 1409/948/1249
f 1406/950/1251 1407/955/1267 1410/951/1252
f 1408/949/1253 1409/948/1256 1412/952/1254
f 1409/948/1256 1410/951/1269 1413/954/1257
f 561/582/1258 720/581/1261 1405/947/1259
f 720/581/1261 721/584/1263 1406/950/1262
f 721/584/1263 722/579/1265 1407/955/1264
f 722/579/1265 597/577/2850 719/956/1266
f 1407/955/1267 719/956/2848 718/957/1268
f 1410/951/1269 718/957/2847 717/958/1270
f 1413/954/1271 717/958/1272 632/959/1272
f 1412/952/1273 1413/954/1271 921/960/1271
f 1411/953/1275 1412/952/1273 920/961/1274
f 894/939/1277 1411/953/1275 919/962/1276
f 893/963/1278 1408/949/1253 1411/953/1255
f 892/938/1279 1405/947/1248 1408/949/1250
f 1414/964/1281 1415/967/1295 1418/965/1282
f 1415/967/1284 1416/975/1297 1419/968/1285
f 1417/966/1283 1418/965/1282 1421/969/1287
f 1418/965/1286 1419/968/1285 1422/971/1289
f 557/972/1291 816/973/1294 1414/964/1292
f 816/973/1294 815/974/1969 1415/967/1295
f 815/974/1296 814/976/1298 1416/975/1297
f 814/976/1298 567/839/1028 808/838/1027
f 1416/975/1299 808/838/1027 809/847/1045
f 1419/968/1285 809/847/1045 810/846/1044
f 1422/971/1289 810/846/1044 548/769/1043
f 1421/969/1290 1422/971/1289 636/768/1301
f 1420/970/1288 1421/969/1287 637/771/1303
f 759/826/1305 1420/970/1309 638/766/1306
f 760/825/1308 1417/966/1310 1420/970/1309
f 761/824/1293 1414/964/1292 1417/966/1310
f 1423/977/1311 1424/980/1314 1427/978/1312
f 1424/980/1314 1425/986/1330 1428/981/1315
f 1426/979/1316 1427/978/1319 1430/982/1317
f 1427/978/1319 1428/981/1332 1431/984/1320
f 544/561/1321 768/560/1324 1423/977/1322
f 768/560/1324 769/557/1327 1424/980/1325
f 770/554/1326 1425/986/1329 1424/980/1325
f 560/556/1328 886/1004/4172 1425/986/1329
f 1425/986/1330 886/1004/4173 887/987/1331
f 1428/981/1332 887/987/1374 888/988/1333
f 1431/984/1334 888/988/1373 576/989/1335
f 1430/982/1337 1431/984/1334 909/990/1336
f 1429/983/1339 1430/982/1337 908/991/1338
f 705/993/1341 1429/983/1339 907/992/1340
f 706/995/1343 1426/979/1316 1429/983/1318
f 707/985/1345 1423/977/1311 1426/979/1313
f 1432/996/1347 1433/999/1350 1436/997/1348
f 1433/999/1350 1434/1005/1365 1437/1000/1351
f 1435/998/1352 1436/997/1355 1439/1001/1353
f 1436/997/1355 1437/1000/1366 1440/1003/1356
f 560/556/1357 714/555/1360 1432/996/1358
f 714/555/1360 715/558/1362 1433/999/1361
f 715/558/1362 716/553/1364 1434/1005/1363
f 716/553/1364 545/551/1222 713/936/1224
f 1434/1005/1365 713/936/1246 712/946/1247
f 1437/1000/1366 712/946/1244 711/944/1245
f 1440/1003/1367 711/944/1242 579/945/1243
f 1439/1001/1369 1440/1003/1367 918/1006/1368
f 1438/1002/1371 1439/1001/1369 917/1007/1370
f 888/988/1373 1438/1002/1371 916/1008/1372
f 887/987/1374 1435/998/1352 1438/1002/1354
f 886/1004/1375 1432/996/1347 1435/998/1349
f 1443/1009/1377 1441/1015/1383 1455/1010/1378
f 1445/1012/1380 1441/1015/1383 1443/1009/1377
f 1446/1014/1382 1447/1017/1385 1441/1015/1383
f 1449/1016/1384 1441/1015/1383 1447/1017/1385
f 1451/1019/1387 1441/1015/1383 1449/1016/1384
f 1452/1021/1389 1453/1022/1391 1441/1015/1383
f 1455/1010/1378 1441/1015/1383 1453/1022/1391
f 828/1024/1393 1442/1011/1379 758/1025/1394
f 827/1027/1396 1443/1009/1377 1442/1011/1379
f 1442/1011/1379 1455/1010/1378 757/1028/1397
f 820/819/1003 1444/1013/1381 826/1029/1398
f 821/828/1017 1445/1012/1380 1444/1013/1381
f 826/1029/1398 1444/1013/1381 1443/1009/1377
f 549/693/729 640/692/728 1446/1014/1382
f 640/692/728 641/695/732 1447/1017/1385
f 822/827/1016 1446/1014/1382 1445/1012/1380
f 856/809/1399 1448/1018/1403 642/689/1400
f 857/808/1402 1449/1016/1410 1448/1018/1403
f 1448/1018/1386 1447/1017/1385 641/695/732
f 862/1030/1404 1450/1020/1408 858/807/1405
f 863/1032/1407 1451/1019/1417 1450/1020/1408
f 858/807/1409 1450/1020/4174 1449/1016/1410
f 572/1033/1411 868/1035/1414 1452/1021/1412
f 868/1035/1414 869/1039/1422 1453/1022/1415
f 864/1034/1416 1452/1021/4175 1451/1019/1417
f 573/1036/1418 756/1038/4176 1454/1023/1419
f 756/1038/1421 757/1028/1397 1455/1010/1378
f 1454/1023/1419 1453/1022/1415 869/1039/1422
f 1456/1040/1423 1457/1043/1426 1460/1041/1424
f 1457/1043/1426 1458/1049/1442 1461/1044/1427
f 1459/1042/1428 1460/1041/1431 1463/1045/1429
f 1460/1041/1431 1461/1044/1444 1464/1047/1432
f 543/667/1433 762/666/1436 1456/1040/1434
f 762/666/1436 763/669/1438 1457/1043/1437
f 763/669/1438 764/661/1440 1458/1049/1439
f 764/661/1440 558/663/4177 901/1050/1441
f 1458/1049/1442 901/1050/1488 902/1051/1443
f 1461/1044/1444 902/1051/1487 903/1052/1445
f 1464/1047/1446 903/1052/1486 580/1053/1447
f 1463/1045/1449 1464/1047/1446 906/1054/1448
f 1462/1046/1451 1463/1045/1449 905/1055/1450
f 702/1057/1453 1462/1046/4178 904/1056/1454
f 703/1059/1456 1459/1042/1428 1462/1046/1430
f 704/1048/1458 1456/1040/1423 1459/1042/1425
f 1465/1060/1460 1466/1063/1463 1469/1061/1461
f 1466/1063/1463 1467/1068/1478 1470/1064/1464
f 1468/1062/1465 1469/1061/1468 1472/1065/1466
f 1469/1061/1468 1470/1064/1479 1473/1067/1469
f 558/663/1470 708/662/1473 1465/1060/1471
f 708/662/1473 709/664/1475 1466/1063/1474
f 709/664/1475 710/660/1477 1467/1068/1476
f 710/660/1477 544/561/1321 707/985/1323
f 1467/1068/1478 707/985/1345 706/995/1346
f 1470/1064/1479 706/995/1343 705/993/1344
f 1473/1067/1480 705/993/1341 577/994/1342
f 1472/1065/1482 1473/1067/1480 915/1069/1481
f 1471/1066/1484 1472/1065/1482 914/1070/1483
f 903/1052/1486 1471/1066/1484 913/1071/1485
f 902/1051/1487 1468/1062/1465 1471/1066/1467
f 901/1050/1488 1465/1060/1460 1468/1062/1462
f 1475/1072/1489 1478/1076/4179 1477/1073/1490
f 1475/1072/1492 1476/1082/1512 1479/1075/1493
f 1478/1076/1495 1481/1079/4180 1480/1077/1496
f 1478/1076/1498 1479/1075/1514 1482/1078/1499
f 840/1080/1501 1474/1074/4181 658/623/1502
f 840/1080/1504 839/1081/4182 1475/1072/1505
f 839/1081/1507 838/1083/1510 1476/1082/1508
f 838/1083/1510 569/633/4183 832/634/1511
f 1476/1082/1512 832/634/4184 833/648/1513
f 1479/1075/1514 833/648/4185 834/646/1515
f 1482/1078/1516 834/646/4186 562/647/1517
f 1481/1079/1519 1482/1078/1516 779/1084/1518
f 1481/1079/1521 778/1085/4187 777/1086/1522
f 2268/1088/1525 659/1089/4188 1477/1073/1526
f 1477/1073/1526 1480/1077/4189 2269/1087/1524
f 1480/1077/4189 2286/2158/4189 2269/1087/1524
f 1474/1074/1527 1477/1073/4190 659/1089/1528
f 1483/1090/1530 1484/1093/4191 1487/1091/1531
f 1484/1093/1533 1485/1100/1547 1488/1094/1534
f 1486/1092/1532 1487/1091/1531 1490/1095/1536
f 1487/1091/1535 1488/1094/1534 1491/1097/1538
f 537/616/1540 648/1098/4192 1483/1090/1541
f 648/1098/1543 647/1099/4193 1484/1093/1544
f 647/1099/1546 646/1101/1548 1485/1100/1547
f 646/1101/1548 551/1113/1577 835/1102/1549
f 1485/1100/1547 835/1102/1549 836/1103/1550
f 1488/1094/1534 836/1103/1550 837/1104/1551
f 1491/1097/1552 837/1104/4194 569/633/1553
f 1490/1095/1555 1491/1097/1552 838/1083/1554
f 1489/1096/1557 1490/1095/4195 839/1081/1558
f 746/621/1560 1489/1096/4196 840/1080/1561
f 745/617/1563 1486/1092/1567 1489/1096/1564
f 744/614/1566 1483/1090/4197 1486/1092/1567
f 1492/1105/1568 1493/1108/1581 1496/1106/1569
f 1493/1108/1571 1494/1116/1583 1497/1109/1572
f 1495/1107/1570 1496/1106/1569 1499/1110/1574
f 1496/1106/1569 1497/1109/4198 1500/1112/1576
f 551/1113/1577 743/1114/1722 1492/1105/1578
f 743/1114/1580 742/1115/1726 1493/1108/1581
f 742/1115/1582 741/1117/1584 1494/1116/1583
f 741/1117/1584 538/1176/4199 668/1118/1585
f 1494/1116/1586 668/1118/4200 667/1119/1587
f 1497/1109/1589 667/1119/4201 666/1120/1590
f 1500/1112/1592 666/1120/4202 553/1121/1593
f 1499/1110/1595 1500/1112/4203 841/638/1596
f 1498/1111/1598 1499/1110/1595 842/636/1597
f 837/1104/1600 1498/1111/4204 843/635/1601
f 836/1103/1603 1495/1107/1606 1498/1111/1604
f 835/1102/1579 1492/1105/1578 1495/1107/1606
f 2275/1124/1609 1501/1130/1615 1502/1125/1610
f 1502/1125/1610 1504/1122/1607 2275/1124/1609
f 1502/1125/1610 1503/1132/1617 1505/1126/1611
f 1504/1122/1607 1505/1126/1611 1507/1127/1612
f 852/1129/1614 851/1131/1616 1502/1125/1610
f 851/1131/1616 850/1133/1654 1503/1132/1617
f 850/1133/1618 570/594/1653 844/595/1619
f 1503/1132/1620 844/595/1619 845/609/1621
f 1505/1126/1622 845/609/1621 846/607/1623
f 1507/1127/1624 846/607/1623 564/608/1625
f 1506/1128/1613 1507/1127/1612 784/899/1627
f 1508/1134/1629 1509/1137/4205 1512/1135/1630
f 1509/1137/1632 1510/1142/4206 1513/1138/1633
f 1511/1136/1635 1512/1135/1634 1515/1139/1636
f 1512/1135/1634 1513/1138/1633 1516/1141/1638
f 777/1086/1639 778/1085/4207 1509/1137/1640
f 778/1085/1642 779/1084/4208 1510/1142/1643
f 779/1084/1645 562/647/4209 847/1143/1646
f 1510/1142/1648 847/1143/4210 848/1144/1649
f 1513/1138/1650 848/1144/1649 849/1145/1651
f 1516/1141/1652 849/1145/1651 570/594/1653
f 1515/1139/1636 1516/1141/1638 850/1133/1654
f 1514/1140/1637 1515/1139/1636 851/1131/1616
f 1517/1146/1655 1518/1149/1658 1521/1147/1656
f 1518/1149/1658 1519/1154/4211 1522/1150/1659
f 1520/1148/1657 1521/1147/1656 1524/1151/1660
f 1521/1147/1656 1522/1150/1659 1525/1153/1662
f 562/647/1663 723/645/4212 1517/1146/1664
f 723/645/1666 724/644/1669 1518/1149/1667
f 724/644/1669 725/643/4213 1519/1154/1670
f 725/643/1671 546/642/4214 671/1155/1672
f 1519/1154/1673 671/1155/1672 670/1156/1674
f 1522/1150/1675 670/1156/1674 669/1157/1676
f 1525/1153/1677 669/1157/1676 554/1158/1678
f 1524/1151/1660 1525/1153/1662 853/599/1679
f 1523/1152/1661 1524/1151/1660 854/597/578
f 849/1145/1680 1523/1152/1683 855/596/1681
f 848/1144/1682 1520/1148/1684 1523/1152/1683
f 847/1143/1665 1517/1146/1664 1520/1148/1684
f 1528/1159/1685 1526/1163/4215 1538/1160/1686
f 1529/1162/1688 1530/1165/4216 1526/1163/1689
f 1531/1164/1691 1532/1167/1691 1526/1163/1692
f 1534/1166/1693 1526/1163/4217 1532/1167/1694
f 1536/1169/1696 1526/1163/4218 1534/1166/1697
f 1537/1171/1699 1538/1160/4219 1526/1163/1700
f 664/668/1702 1528/1159/1685 1527/1161/1687
f 1527/1161/1704 1538/1160/1740 926/1172/1705
f 543/667/690 930/1174/4220 1529/1162/1707
f 930/1174/1708 929/1177/4221 1530/1165/1709
f 663/665/1711 1529/1162/4222 1528/1159/1712
f 741/1117/1714 1531/1164/1718 928/1175/1715
f 741/1117/1714 742/1115/4223 1532/1167/1717
f 1531/1164/1719 1530/1165/4224 929/1177/1720
f 646/1101/1548 1533/1168/1724 743/1114/1722
f 647/1099/1723 1534/1166/4225 1533/1168/1724
f 1533/1168/1725 1532/1167/4226 742/1115/1726
f 662/1178/1727 1535/1170/4227 648/1098/1728
f 661/1179/1730 1536/1169/4228 1535/1170/1731
f 1535/1170/1733 1534/1166/4229 647/1099/1734
f 581/1180/1736 927/1182/1739 1537/1171/1737
f 927/1182/1739 926/1172/1705 1538/1160/1740
f 660/1181/1741 1537/1171/4230 1536/1169/1742
f 1539/1183/1744 1540/1186/1758 1543/1184/1745
f 1540/1186/1747 1541/1191/1760 1544/1187/1748
f 1542/1185/1746 1543/1184/1745 1546/1188/1750
f 1543/1184/1749 1544/1187/1748 1547/1190/1752
f 571/1031/1754 861/806/4231 1539/1183/1755
f 861/806/1757 860/804/4232 1540/1186/1758
f 860/804/1759 859/803/4233 1541/1191/1760
f 859/803/1761 563/802/4234 726/914/1762
f 1541/1191/1763 726/914/1762 727/913/1764
f 1544/1187/1765 727/913/1764 728/912/1766
f 1547/1190/1767 728/912/1766 547/603/1768
f 1546/1188/1753 1547/1190/1752 865/1192/1769
f 1545/1189/1751 1546/1188/1750 866/1193/1771
f 864/1034/1773 1545/1189/1777 867/1194/1774
f 863/1032/1776 1542/1185/1778 1545/1189/1777
f 862/1030/1756 1539/1183/1755 1542/1185/1778
f 1548/1195/1779 1549/1198/1790 1552/1196/1780
f 1549/1198/1782 1550/1203/1791 1553/1199/1783
f 1552/1196/1780 1555/1202/1802 1554/1200/1785
f 1552/1196/1784 1553/1199/1783 1556/1201/1786
f 572/1033/1775 867/1194/1774 1548/1195/1788
f 867/1194/1772 866/1193/1771 1549/1198/1790
f 866/1193/1770 865/1192/1769 1550/1203/1791
f 865/1192/1175 547/603/1768 750/602/1792
f 1550/1203/1793 750/602/1792 751/601/1794
f 1553/1199/1795 751/601/1794 752/600/1796
f 1556/1201/1797 752/600/1796 554/1158/1798
f 1555/1202/1787 1556/1201/1786 871/1204/1800
f 1555/1202/1802 872/1205/1801 873/1206/1803
f 1554/1200/1804 873/1206/1822 573/1036/1805
f 1551/1197/1807 1554/1200/1804 870/1037/1806
f 1548/1195/1788 1551/1197/1807 869/1039/1808
f 1559/1207/1809 1557/1213/4235 1567/1208/1810
f 1561/1210/1812 1557/1213/1816 1559/1207/1813
f 1562/1212/1815 1563/1215/1835 1557/1213/1816
f 1565/1214/1817 1557/1213/1821 1563/1215/1818
f 1566/1217/1820 1567/1208/1845 1557/1213/1821
f 873/1206/1822 1558/1209/4236 756/1038/1823
f 872/1205/1801 1559/1207/1813 1558/1209/1824
f 1558/1209/1825 1567/1208/4237 757/1028/1826
f 669/1157/1828 1560/1211/1830 871/1204/1799
f 670/1156/1829 1561/1210/1836 1560/1211/1830
f 1560/1211/1814 1559/1207/1813 872/1205/1801
f 546/642/1831 877/1218/4238 1562/1212/1832
f 877/1218/1834 878/1223/4239 1563/1215/1835
f 671/1155/1833 1562/1212/1832 1561/1210/1836
f 876/1219/1837 1564/1216/1841 879/1220/1838
f 875/1222/1840 1565/1214/1846 1564/1216/1841
f 1564/1216/1819 1563/1215/1818 878/1223/1842
f 556/1026/1395 758/1025/1394 1566/1217/1820
f 758/1025/1394 757/1028/1397 1567/1208/1845
f 874/1224/1844 1566/1217/1820 1565/1214/1846
f 1568/1225/1847 1569/1228/4240 1572/1226/1848
f 1569/1228/1850 1570/1234/4241 1573/1229/1851
f 1571/1227/1849 1572/1226/1848 1575/1230/1853
f 1572/1226/1855 1573/1229/4242 1576/1232/1856
f 574/1221/1858 879/1220/4243 1568/1225/1859
f 879/1220/1861 878/1223/4244 1569/1228/1862
f 878/1223/1864 877/1218/4245 1570/1234/1865
f 877/1218/1867 546/642/4246 747/641/1868
f 1570/1234/1870 747/641/4247 748/640/1871
f 1573/1229/1873 748/640/4248 749/639/1874
f 1576/1232/1876 749/639/4249 553/1121/1877
f 1575/1230/1857 1576/1232/1856 883/1235/1879
f 1574/1231/1854 1575/1230/1853 884/1236/1881
f 882/1238/1883 1574/1231/1854 885/1237/1882
f 881/1239/1884 1571/1227/1885 1574/1231/1854
f 880/1233/1860 1568/1225/1859 1571/1227/1885
f 1577/1240/1886 1578/1243/4250 1581/1241/1887
f 1578/1243/1889 1579/1248/4251 1582/1244/1889
f 1580/1242/1890 1581/1241/4252 1584/1245/1891
f 1581/1241/1893 1582/1244/4253 1585/1247/1894
f 575/1058/1455 885/1237/1882 1577/1240/1896
f 885/1237/1882 884/1236/1881 1578/1243/1897
f 884/1236/1880 883/1235/1879 1579/1248/1899
f 883/1235/1901 553/1121/4254 666/1120/1902
f 1579/1248/1904 666/1120/4255 667/1119/1905
f 1582/1244/1907 667/1119/4256 668/1118/1908
f 1585/1247/1910 668/1118/4257 538/1176/1911
f 1584/1245/1913 1585/1247/4258 928/1175/1914
f 1583/1246/1916 1584/1245/4259 929/1177/1917
f 704/1048/1435 1583/1246/4260 930/1174/1919
f 703/1059/1459 1580/1242/1890 1583/1246/1892
f 702/1057/1457 1577/1240/1886 1580/1242/1888
f 1588/1249/1920 1586/1255/1932 1596/1250/1921
f 1590/1252/1923 1586/1255/1932 1588/1249/1920
f 1591/1254/1925 1592/1257/1929 1586/1255/1926
f 1594/1256/1928 1586/1255/1926 1592/1257/1929
f 1595/1259/1931 1596/1250/1921 1586/1255/1932
f 575/1058/1455 904/1056/1933 1587/1251/1922
f 904/1056/1933 905/1055/1941 1588/1249/1920
f 1587/1251/1922 1596/1250/1945 881/1239/1934
f 823/1260/1935 1589/1253/1940 906/1054/1936
f 824/1261/1938 1590/1252/1923 1589/1253/1924
f 1589/1253/1940 1588/1249/1920 905/1055/1941
f 568/818/1002 826/1029/1398 1591/1254/1925
f 826/1029/1398 827/1027/1396 1592/1257/1929
f 825/1262/1942 1591/1254/1925 1590/1252/1927
f 874/1224/1844 1593/1258/1930 828/1024/1393
f 875/1222/1840 1594/1256/1928 1593/1258/1930
f 1593/1258/1930 1592/1257/1929 827/1027/1396
f 574/1221/1839 880/1233/1944 1595/1259/1943
f 880/1233/1944 881/1239/1934 1596/1250/1945
f 876/1219/1837 1595/1259/1931 1594/1256/1928
f 1597/1263/1946 1598/1266/1949 1601/1264/1947
f 1598/1266/1949 1599/1272/1965 1602/1267/1950
f 1600/1265/1951 1601/1264/1954 1604/1268/1952
f 1601/1264/1954 1602/1267/1967 1605/1270/1955
f 577/994/1956 907/992/1959 1597/1263/1957
f 907/992/1959 908/991/1961 1598/1266/1960
f 908/991/1961 909/990/1963 1599/1272/1962
f 909/990/1963 576/989/2024 811/1273/1964
f 1599/1272/1965 811/1273/2035 812/1274/1966
f 1602/1267/1967 812/1274/1966 813/1275/1968
f 1605/1270/1955 813/1275/1968 567/839/1028
f 1604/1268/1952 1605/1270/1955 814/976/1298
f 1603/1269/1953 1604/1268/1952 815/974/1969
f 889/1276/1970 1603/1269/1953 816/973/1294
f 890/1277/1971 1600/1265/4261 1603/1269/1953
f 891/1271/1972 1597/1263/4262 1600/1265/1973
f 1606/1278/1975 1607/1281/1978 1610/1279/1976
f 1607/1281/1978 1608/1287/1992 1611/1282/1979
f 1609/1280/1977 1610/1279/1976 1613/1283/1980
f 1610/1279/1976 1611/1282/1979 1614/1285/1982
f 579/945/1983 910/943/1986 1606/1278/1984
f 910/943/1986 911/942/1988 1607/1281/1987
f 911/942/1988 912/941/1990 1608/1287/1989
f 912/941/1990 578/940/2044 799/1288/1991
f 1608/1287/1992 799/1288/2053 800/1289/1993
f 1611/1282/1979 800/1289/1993 801/1290/1994
f 1614/1285/1982 801/1290/1994 566/856/1054
f 1613/1283/1980 1614/1285/1982 802/927/1198
f 1612/1284/1981 1613/1283/1980 803/925/1196
f 898/1291/1995 1612/1284/1981 804/924/1195
f 899/1292/1996 1609/1280/1998 1612/1284/1981
f 900/1286/1997 1606/1278/4263 1609/1280/1998
f 1615/1293/1999 1616/1296/2002 1619/1294/2000
f 1616/1296/2002 1617/1301/2013 1620/1297/2003
f 1618/1295/2001 1619/1294/2000 1622/1298/2004
f 1619/1294/2000 1620/1297/2014 1623/1300/2006
f 580/1053/1937 913/1071/2008 1615/1293/2007
f 913/1071/2008 914/1070/2010 1616/1296/2009
f 914/1070/2010 915/1069/2012 1617/1301/2011
f 915/1069/2012 577/994/1956 891/1271/1958
f 1617/1301/2013 891/1271/1972 890/1277/1974
f 1620/1297/2014 890/1277/1971 889/1276/1970
f 1623/1300/2006 889/1276/1970 557/972/1291
f 1622/1298/2004 1623/1300/2006 829/823/1007
f 1621/1299/2005 1622/1298/2004 830/821/1005
f 825/1262/1942 1621/1299/2005 831/820/1004
f 824/1261/1938 1618/1295/2001 1621/1299/2005
f 823/1260/1939 1615/1293/1999 1618/1295/2001
f 1624/1302/2015 1625/1305/2018 1628/1303/2016
f 1625/1305/2018 1626/1310/2031 1629/1306/2019
f 1627/1304/2017 1628/1303/2022 1631/1307/2020
f 1628/1303/2022 1629/1306/2032 1632/1309/2023
f 576/989/2024 916/1008/2026 1624/1302/2025
f 916/1008/2026 917/1007/2028 1625/1305/2027
f 917/1007/2028 918/1006/2030 1626/1310/2029
f 918/1006/2030 579/945/1983 900/1286/1985
f 1626/1310/2031 900/1286/1997 899/1292/1996
f 1629/1306/2032 899/1292/4264 898/1291/2033
f 1632/1309/2023 898/1291/2033 559/923/2034
f 1631/1307/2020 1632/1309/4265 817/841/1030
f 1630/1308/2021 1631/1307/2020 818/840/1029
f 813/1275/1968 1630/1308/2021 819/837/1026
f 812/1274/1966 1627/1304/2017 1630/1308/2021
f 811/1273/2035 1624/1302/2015 1627/1304/2017
f 1633/1311/2036 1634/1314/2039 1637/1312/2037
f 1634/1314/2039 1635/1319/2047 1638/1315/2040
f 1636/1313/2038 1637/1312/2037 1640/1316/2041
f 1637/1312/2037 1638/1315/2040 1641/1318/2043
f 578/940/2044 919/962/2045 1633/1311/2036
f 919/962/2045 920/961/2046 1634/1314/2039
f 920/961/2046 921/960/2048 1635/1319/2047
f 921/960/2048 632/959/2049 897/1320/2049
f 1635/1319/2047 897/1320/2049 896/1321/2050
f 1638/1315/2040 896/1321/2050 895/1322/2051
f 1641/1318/2043 895/1322/2051 613/1323/2052
f 1640/1316/2041 1641/1318/2043 805/860/1058
f 1639/1317/2042 1640/1316/2041 806/859/1057
f 801/1290/1994 1639/1317/2042 807/858/1056
f 800/1289/1993 1636/1313/2038 1639/1317/2042
f 799/1288/2053 1633/1311/2036 1636/1313/2038
f 1644/1324/2054 1642/1328/4266 1652/1325/2055
f 1645/1327/2057 1646/1330/2073 1642/1328/2058
f 1648/1329/2060 1642/1328/4267 1646/1330/2061
f 1650/1332/2063 1642/1328/4268 1648/1329/2064
f 1651/1334/2066 1652/1325/4269 1642/1328/2067
f 1643/1326/2069 1652/1325/4270 948/1335/2070
f 946/1337/2072 945/1342/2253 1646/1330/2073
f 1056/1338/2074 1647/1331/2078 944/1339/2075
f 1057/1341/2077 1648/1329/4271 1647/1331/2078
f 1647/1331/2062 1646/1330/2061 945/1342/2079
f 1005/1343/2081 1649/1333/4272 1058/1344/2082
f 1006/1346/2084 1650/1332/2095 1649/1333/2085
f 1649/1333/2087 1648/1329/4271 1057/1341/2077
f 596/1347/2089 947/1349/2118 1651/1334/2090
f 947/1349/2092 948/1335/4273 1652/1325/2093
f 1007/1348/2091 1651/1334/2090 1650/1332/2095
f 1655/1350/2096 1653/1354/4274 1663/1351/2097
f 1656/1353/2099 1657/1356/4275 1653/1354/2100
f 1659/1355/2102 1653/1354/4276 1657/1356/2103
f 1661/1358/2105 1653/1354/4277 1659/1355/2106
f 1662/1360/2108 1663/1351/4278 1653/1354/2109
f 1654/1352/2111 1663/1351/4279 650/575/2112
f 949/1336/2114 948/1335/4280 1657/1356/2115
f 1059/1361/2117 1658/1357/2120 947/1349/2118
f 1060/1362/2119 1659/1355/4281 1658/1357/2120
f 1658/1357/2121 1657/1356/4282 948/1335/2122
f 1008/1363/2124 1660/1359/4283 1061/1364/2125
f 1009/1366/2127 1661/1358/2136 1660/1359/2128
f 1660/1359/2130 1659/1355/4281 1060/1362/2119
f 597/577/541 649/578/543 1662/1360/2132
f 649/578/546 650/575/548 1663/1351/2134
f 1010/1367/2133 1662/1360/2132 1661/1358/2136
f 1664/1368/2137 950/1371/2140 592/1369/2138
f 950/1371/2140 1665/2301/4284 985/1372/2141
f 1666/1373/2142 1667/1376/2145 1670/1374/2143
f 1667/1376/2145 1668/1385/2159 1671/1377/2146
f 1669/1375/2144 1670/1374/2143 1673/1378/2147
f 1670/1374/2143 1671/1377/2146 1674/1380/2149
f 623/1381/2150 1129/1383/2153 1666/1373/2151
f 1129/1383/2153 1130/1384/2155 1667/1376/2154
f 1130/1384/2155 1131/1386/2157 1668/1385/2156
f 1131/1386/2157 617/1704/4285 1017/1387/2158
f 1668/1385/2159 1017/1387/2762 1018/1388/2160
f 1671/1377/2146 1018/1388/2160 1019/1389/2161
f 1674/1380/2162 1019/1389/2761 599/1390/2163
f 1673/1378/2165 1674/1380/2162 1038/1391/2164
f 1672/1379/2167 1673/1378/2165 1039/1392/2166
f 1138/1394/2169 1672/1379/2167 1040/1393/2168
f 1139/1396/2171 1669/1375/2144 1672/1379/2148
f 1140/1382/2173 1666/1373/2142 1669/1375/2144
f 2112/1407/4286 1675/1399/2176 2109/1398/2175
f 1675/1399/2176 1676/1402/4287 2108/1397/2174
f 1676/1402/4287 2107/1401/4287 2108/1397/2174
f 1676/1402/2179 1677/1413/4288 2111/1400/2177
f 1677/1413/4288 2110/1412/4288 2111/1400/2177
f 604/1403/2180 1034/1405/4289 1675/1399/2181
f 1034/1405/2183 1033/1414/4290 1676/1402/2184
f 952/1877/4291 951/1404/2187 2113/1406/4291
f 951/1404/2187 1675/1399/4292 2112/1407/2188
f 934/1408/2189 1677/1413/4293 1032/1409/2190
f 1677/1413/2194 934/1408/4294 2105/514/4295
f 934/1408/4294 2104/2129/4294 2105/514/4295
f 2105/514/4295 2106/1411/2192 1677/1413/2194
f 1677/1413/2195 1676/1402/4296 1033/1414/2196
f 1678/1415/2198 1679/1418/2212 1682/1416/2199
f 1679/1418/2201 1680/1427/2214 1683/1419/2202
f 1681/1417/2200 1682/1416/2199 1685/1420/2204
f 1682/1416/2203 1683/1419/2202 1686/1422/2206
f 622/1423/2208 1117/1425/4297 1678/1415/2209
f 1117/1425/2211 1118/1426/4298 1679/1418/2212
f 1118/1426/2213 1119/1428/4299 1680/1427/2214
f 1119/1428/2215 615/1882/4300 1011/1429/2216
f 1680/1427/2218 1011/1429/4301 1012/1430/2219
f 1683/1419/2220 1012/1430/2219 1013/1431/2221
f 1686/1422/2223 1013/1431/4302 598/1432/2224
f 1685/1420/2226 1686/1422/4303 1035/1433/2227
f 1684/1421/2229 1685/1420/4304 1036/1434/2230
f 1126/1436/2232 1684/1421/4305 1037/1435/2233
f 1127/1438/2235 1681/1417/2238 1684/1421/2236
f 1128/1424/2210 1678/1415/2209 1681/1417/2238
f 1689/1439/2239 1687/1443/2243 1697/1440/2240
f 1690/1442/2242 1691/1445/4306 1687/1443/2243
f 1693/1444/2244 1687/1443/4307 1691/1445/2245
f 1694/1447/2247 1695/1448/4308 1687/1443/2248
f 1697/1440/2250 1687/1443/4309 1695/1448/2251
f 1688/1441/2241 1697/1440/2240 945/1342/2253
f 958/1450/2254 957/1455/4310 1691/1445/2255
f 1050/1451/2257 1692/1446/2261 956/1452/2258
f 1051/1454/2260 1693/1444/4311 1692/1446/2261
f 1692/1446/2262 1691/1445/4312 957/1455/2263
f 999/1456/2265 1694/1447/2269 1052/1457/2266
f 1000/1459/2268 1695/1448/4313 1694/1447/2269
f 1052/1457/2270 1694/1447/4314 1693/1444/2271
f 595/1340/2076 944/1339/2075 1696/1449/2273
f 944/1339/2080 945/1342/2079 1697/1440/2250
f 1001/1460/2274 1696/1449/2273 1695/1448/2275
f 981/1461/2277 1699/1465/4315 1698/1462/2278
f 982/1464/4316 1700/1467/4317 1699/1465/2281
f 589/1466/2283 990/1468/2286 1700/1467/2284
f 990/1468/2286 989/1470/2289 1701/1469/2287
f 1702/1472/2291 1701/1469/2287 989/1470/2289
f 989/1590/2289 2153/1592/4318 2152/2302/2290
f 1705/1473/2292 1703/1477/4319 1713/1474/2293
f 1706/1476/2295 1707/1479/4320 1703/1477/2296
f 1709/1478/2298 1703/1477/4321 1707/1479/2299
f 1711/1481/2301 1703/1477/4322 1709/1478/2302
f 1712/1483/2304 1713/1474/4323 1703/1477/2305
f 585/1484/2307 974/1520/4324 1704/1475/2308
f 975/1493/2310 1705/1473/4325 1704/1475/2311
f 937/1485/2309 1704/1475/2308 1713/1474/2313
f 593/1490/2315 979/1492/4326 1706/1476/2316
f 979/1492/2318 978/1498/2329 1707/1479/2319
f 976/1491/2321 1706/1476/2295 1705/1473/2297
f 970/1494/2323 1708/1480/2328 977/1495/2324
f 969/1497/2326 1709/1478/2298 1708/1480/2300
f 1708/1480/2328 1707/1479/2319 978/1498/2329
f 1023/1499/2330 1710/1482/2334 968/1500/2331
f 1024/1502/2333 1711/1481/4327 1710/1482/2334
f 1710/1482/2303 1709/1478/2302 969/1497/2335
f 935/1503/2337 1712/1483/2340 1025/1504/2338
f 936/1489/2314 1713/1474/2313 1712/1483/2340
f 1712/1483/2340 1711/1481/4327 1024/1502/2333
f 1714/1506/2341 1715/1510/2357 1718/1507/2342
f 1716/1509/2344 1719/1512/4328 1718/1507/2345
f 1718/1507/2347 1721/1513/4329 1720/1511/2348
f 1719/1512/2350 1722/1519/4330 1721/1513/2351
f 582/1514/2353 965/1516/4331 1714/1506/2354
f 965/1516/2356 966/1518/4332 1715/1510/2357
f 967/1517/2358 1716/1509/4333 1715/1510/2359
f 589/1466/2361 982/1464/4334 1716/1509/2362
f 982/1464/2364 981/1461/4335 1719/1512/2365
f 981/1461/2367 980/1463/4336 1722/1519/2368
f 980/1463/2370 593/1490/4337 976/1491/2371
f 1722/1519/2373 976/1491/4338 975/1493/2374
f 1721/1513/2376 975/1493/4339 974/1520/2377
f 1204/1521/2379 1720/1511/4340 974/1520/2380
f 1205/1522/2382 1717/1508/2386 1720/1511/2383
f 1206/1515/2385 1714/1506/4341 1717/1508/2386
f 1725/1523/2387 1723/1527/4342 1733/1524/2388
f 1726/1526/2390 1727/1529/4343 1723/1527/2391
f 1729/1528/2393 1723/1527/4344 1727/1529/2394
f 1731/1531/2396 1723/1527/4345 1729/1528/2397
f 1732/1533/2399 1733/1524/4346 1723/1527/2400
f 971/1534/2402 1724/1525/2408 940/1535/2403
f 972/1537/2405 1725/1523/4347 1724/1525/2406
f 1724/1525/2408 1733/1524/4348 939/1538/2409
f 592/1369/2410 985/1372/2413 1726/1526/2411
f 985/1372/2413 984/1541/2421 1727/1529/2414
f 973/1539/2415 1726/1526/4349 1725/1523/2416
f 677/749/839 1728/1530/2420 983/1540/2418
f 676/747/844 1729/1528/4350 1728/1530/2419
f 1728/1530/2420 1727/1529/2414 984/1541/2421
f 1026/1542/2422 1730/1532/2424 675/744/830
f 1027/1543/2423 1731/1531/4351 1730/1532/2424
f 1730/1532/2425 1729/1528/4352 676/747/833
f 938/1544/2426 1732/1533/4353 1028/1545/2427
f 939/1538/2429 1733/1524/4354 1732/1533/2430
f 1732/1533/2432 1731/1531/4355 1027/1543/2433
f 1736/1547/2435 1734/1551/4356 1744/1548/2436
f 1737/1550/2438 1738/1553/4357 1734/1551/2439
f 1740/1552/2441 1734/1551/4358 1738/1553/2442
f 1742/1555/2444 1734/1551/4359 1740/1552/2445
f 1744/1548/2447 1734/1551/4360 1742/1555/2448
f 968/1500/2450 1735/1549/4361 933/1558/2451
f 969/1497/2453 1736/1547/4362 1735/1549/2454
f 933/1558/2456 1735/1549/4363 1744/1548/2457
f 591/1496/2459 988/1560/4364 1737/1550/2460
f 988/1560/2462 987/1561/4365 1738/1553/2463
f 970/1494/2465 1737/1550/4366 1736/1547/2466
f 973/1539/2412 1739/1554/4367 986/1370/2468
f 972/1537/2417 1740/1552/4368 1739/1554/2469
f 1739/1554/2470 1738/1553/4369 987/1561/2471
f 586/1536/2404 1020/1562/4370 1741/1556/2473
f 1020/1562/2474 1021/1566/4371 1742/1555/2475
f 971/1534/2477 1741/1556/4372 1740/1552/2478
f 931/1563/2480 1743/1557/4373 1022/1564/2481
f 932/1559/2483 1744/1548/4374 1743/1557/2484
f 1743/1557/2486 1742/1555/4375 1021/1566/2487
f 1745/2303/2489 1746/1570/4376 1749/1572/2490
f 1746/1570/2492 1747/1583/4377 1750/1571/2493
f 1748/1573/2495 1749/1576/4378 1752/1574/2496
f 1749/1568/2498 1750/2304/4379 1753/2305/2499
f 967/1578/2501 1745/1582/4380 990/1579/2502
f 967/1517/2504 966/1518/4381 1746/1570/2505
f 966/1518/2507 965/1516/4382 1747/1583/2508
f 965/1516/2510 582/1514/4383 1041/1584/2511
f 1747/1583/2513 1041/1584/4384 1042/1585/2514
f 1750/1571/2516 1042/1585/4385 1043/1586/2517
f 1043/1586/2519 607/1682/4386 991/1587/2520
f 1753/1577/2522 991/1587/4387 992/1588/2523
f 2156/2232/4388 1751/1575/4389 2151/1589/2527
f 1751/1575/4389 1752/1574/2525 2151/1589/2527
f 989/1590/2528 1748/1569/4390 1751/1591/2529
f 1751/1591/2529 2155/2306/2530 2153/1592/2530
f 990/1579/2531 1745/1582/4391 1748/2307/2532
f 1755/1594/2534 1758/1598/4392 1757/1595/2535
f 1756/1597/2537 1759/1600/4393 1758/1598/2538
f 1758/1598/2540 1761/1601/4394 1760/1599/2541
f 1759/1600/2543 1762/1605/4395 1761/1601/2544
f 1206/1515/2546 1754/1596/4396 1065/1602/2547
f 1205/1522/2549 1755/1594/4397 1754/1596/2550
f 1204/1521/2552 1756/1597/4398 1755/1594/2553
f 585/1484/2555 1141/1603/2558 1756/1597/2556
f 1141/1603/2558 1142/1604/2560 1759/1600/2559
f 1142/1604/2560 1143/1606/4399 1762/1605/2561
f 1143/1606/2562 624/1833/4400 1146/1607/2563
f 1762/1605/2565 1146/1607/4401 1145/1608/2566
f 1761/1601/2568 1145/1608/4402 1144/1609/2569
f 1760/1599/2571 1144/1609/4403 616/1610/2572
f 1757/1595/2574 1760/1599/4404 1067/1611/2575
f 1754/1596/2577 1757/1595/4405 1066/1612/2578
f 1763/1613/2580 1764/1617/2584 1767/1614/2581
f 1765/1616/2583 1768/1626/2593 1767/1614/2581
f 1766/1615/2582 1767/1614/2581 1770/1618/2585
f 1767/1614/2581 1768/1626/2593 1771/1620/2587
f 621/1621/2588 1105/1623/2590 1763/1613/2580
f 1105/1623/2590 1106/1625/2592 1764/1617/2584
f 1107/1624/2591 1765/1616/2583 1764/1617/2584
f 601/1505/2339 1025/1504/2338 1765/1616/2583
f 1025/1504/2338 1024/1502/2333 1768/1626/2593
f 1024/1502/2333 1023/1499/2330 1771/1620/2587
f 1771/1620/2594 1023/1499/4406 584/1501/2595
f 1770/1618/2585 1771/1620/2594 1047/1627/2596
f 1769/1619/2586 1770/1618/2585 1048/1628/2597
f 1114/1630/2599 1769/1619/2586 1049/1629/2598
f 1115/1632/2601 1766/1615/2582 1769/1619/2586
f 1116/1622/2589 1763/1613/2580 1766/1615/2582
f 1773/1633/2602 1776/1637/2606 1775/1634/2603
f 1774/1636/2605 1777/1639/2608 1776/1637/2606
f 1776/1637/2606 1779/1640/2609 1778/1638/2607
f 1777/1639/2608 1780/1646/4407 1779/1640/2609
f 1093/1641/2610 1772/1635/2604 1104/1642/2611
f 1094/1644/2613 1773/1633/2602 1772/1635/2604
f 1095/1645/2614 1774/1636/2605 1773/1633/2602
f 600/1565/2615 1022/1564/2616 1774/1636/2605
f 1022/1564/2616 1021/1566/2618 1777/1639/2617
f 1021/1566/2618 1020/1562/4408 1780/1646/2619
f 1020/1562/2620 586/1536/4409 1053/1647/2621
f 1780/1646/2623 1053/1647/4410 1054/1648/2624
f 1779/1640/2625 1054/1648/2624 1055/1649/2626
f 1102/1650/2628 1778/1638/2627 1055/1649/2626
f 1775/1634/2603 1778/1638/2607 1102/1650/2630
f 1772/1635/2604 1775/1634/2603 1103/1652/2631
f 1782/1653/2632 1785/1657/2636 1784/1654/2633
f 1783/1656/2635 1786/1659/2638 1785/1657/2636
f 1785/1657/2636 1788/1660/2639 1787/1658/2637
f 1786/1659/2638 1789/1666/4411 1788/1660/2639
f 619/1661/2640 1081/1664/2643 1781/1655/2634
f 1082/1663/2642 1782/1653/2632 1781/1655/2634
f 1083/1665/2644 1783/1656/2635 1782/1653/2632
f 602/1546/2645 1028/1545/2646 1783/1656/2635
f 1028/1545/2646 1027/1543/2648 1786/1659/2647
f 1027/1543/2648 1026/1542/4412 1789/1666/2649
f 1789/1666/2649 1026/1542/4412 583/746/1064
f 1788/1660/2639 1789/1666/4411 771/863/1061
f 1787/1658/2637 1788/1660/2639 772/862/1060
f 1090/1667/2651 1787/1658/2637 773/861/1059
f 1091/1668/2652 1784/1654/2633 1787/1658/2637
f 1092/1662/2641 1781/1655/2634 1784/1654/2633
f 1790/1669/2653 1791/1672/4413 1794/1670/2654
f 1791/1672/2656 1792/1681/4414 1795/1673/2657
f 1793/1671/2659 1794/1670/4415 1797/1674/2660
f 1794/1670/2662 1795/1673/4416 1798/1676/2663
f 618/1677/2665 1070/1679/2668 1790/1669/2666
f 1070/1679/2668 1071/1680/2670 1791/1672/2669
f 1071/1680/2670 1072/1683/4417 1792/1681/2671
f 607/1682/2672 1043/1586/4418 1792/1681/2673
f 1792/1681/2675 1043/1586/4419 1042/1585/2676
f 1795/1673/2678 1042/1585/4420 1041/1584/2679
f 1798/1676/2681 1041/1584/4421 582/1514/2682
f 1797/1674/2684 1798/1676/4422 1065/1602/2685
f 1796/1675/2687 1797/1674/4423 1066/1612/2688
f 1078/1684/2690 1796/1675/4424 1067/1611/2691
f 1079/1685/2693 1793/1671/4425 1796/1675/2694
f 1080/1678/2696 1790/1669/4426 1793/1671/2697
f 1799/1686/2699 1800/1689/2702 1803/1687/2700
f 1800/1689/2702 1801/1691/4427 1804/1690/2703
f 1801/1691/2704 992/1588/4428 991/1587/2705
f 1804/1690/2707 991/1587/4429 607/1682/2708
f 1803/1687/2710 1804/1690/4430 1072/1683/2711
f 1802/1688/2713 1803/1687/2710 1071/1680/2712
f 1076/1692/2715 1802/1688/2713 1070/1679/2714
f 1077/1693/2716 1799/1686/2699 1802/1688/2701
f 1805/1694/2717 1806/1697/3731 1809/1695/2718
f 1806/1697/2720 1807/1699/2723 1810/1698/2721
f 1807/1699/2723 1077/1693/2716 1076/1692/2715
f 1810/1698/2721 1076/1692/2715 618/1677/2665
f 1809/1695/2722 1810/1698/2721 1075/1700/2724
f 1808/1696/2726 1809/1695/2722 1074/1701/2725
f 1069/1703/2728 1808/1696/4431 1073/1702/2729
f 1068/1705/2731 1805/1694/3916 1808/1696/2732
f 1811/1706/2734 1812/1709/2737 1815/1707/2735
f 1812/1709/2737 1813/1714/2748 1816/1710/2738
f 1814/1708/2736 1815/1707/2735 1818/1711/2739
f 1815/1707/2735 1816/1710/2738 1819/1713/2741
f 617/1704/2742 1073/1702/2745 1811/1706/2743
f 1073/1702/2745 1074/1701/2747 1812/1709/2746
f 1074/1701/2747 1075/1700/2724 1813/1714/2748
f 1075/1700/2724 618/1677/2665 1080/1678/2667
f 1813/1714/2748 1080/1678/2667 1079/1685/2749
f 1816/1710/2750 1079/1685/4432 1078/1684/2751
f 1819/1713/2753 1078/1684/4433 616/1610/2754
f 1818/1711/2756 1819/1713/4434 1014/1715/2757
f 1817/1712/2759 1818/1711/2756 1015/1716/2758
f 1019/1389/2761 1817/1712/2759 1016/1717/2760
f 1018/1388/2160 1814/1708/2736 1817/1712/2740
f 1017/1387/2762 1811/1706/2734 1814/1708/2736
f 1820/1718/2763 1821/1721/2766 1824/1719/2764
f 1821/1721/2766 1822/1727/4435 1825/1722/2767
f 1823/1720/2765 1824/1719/2770 1827/1723/2768
f 1824/1719/2770 1825/1722/4436 1828/1725/2771
f 611/1651/2772 1055/1649/2776 1820/1718/2773
f 1054/1648/2775 1821/1721/2778 1820/1718/2773
f 1053/1647/2777 1822/1727/2777 1821/1721/2778
f 586/1536/2779 940/1535/4437 1822/1727/2780
f 1822/1727/2780 940/1535/4437 939/1538/2782
f 1825/1722/2783 939/1538/2782 938/1544/2784
f 1828/1725/2785 938/1544/2784 602/1546/2786
f 1827/1723/2768 1828/1725/2771 1083/1665/2788
f 1826/1724/2769 1827/1723/2768 1082/1663/2789
f 1087/1728/2790 1826/1724/2769 1081/1664/2643
f 1088/1729/2791 1823/1720/2765 1826/1724/2769
f 1089/1726/2774 1820/1718/2763 1823/1720/2765
f 1829/1730/2792 1830/1733/2806 1833/1731/2793
f 1830/1733/2795 1831/1740/2808 1834/1734/2796
f 1832/1732/2794 1833/1731/2793 1836/1735/2798
f 1833/1731/2797 1834/1734/2796 1837/1737/2800
f 596/1347/2802 1004/1738/2942 1829/1730/2803
f 1004/1738/2805 1003/1739/2940 1830/1733/2806
f 1003/1739/2807 1002/1741/2939 1831/1740/2808
f 1002/1741/2809 633/1804/2938 1192/1742/2810
f 1831/1740/2811 1192/1742/2810 1193/1743/2812
f 1834/1734/2813 1193/1743/2812 1194/1744/2814
f 1837/1737/2815 1194/1744/2814 631/1745/2816
f 1836/1735/2801 1837/1737/2800 1179/1746/2818
f 1836/1735/2798 1178/1747/4438 1177/1748/2820
f 1835/1736/2821 1177/1748/4439 614/1365/2822
f 1832/1732/2824 1835/1736/2821 1061/1364/2823
f 1059/1361/2804 1829/1730/2803 1832/1732/2824
f 1838/1749/2826 1839/1752/2840 1842/1750/2827
f 1839/1752/2829 1840/1757/2841 1843/1753/2830
f 1841/1751/2828 1842/1750/2827 1845/1754/2832
f 1842/1750/2831 1843/1753/2830 1846/1756/2834
f 614/1365/2836 1177/1748/4440 1838/1749/2837
f 1177/1748/2839 1178/1747/4441 1839/1752/2840
f 1178/1747/2819 1179/1746/2818 1840/1757/2841
f 1179/1746/2817 631/1745/2816 1201/1758/2842
f 1840/1757/2843 1201/1758/2842 1202/1759/2844
f 1843/1753/2845 1202/1759/2844 1203/1760/2846
f 1846/1756/2846 1203/1760/2846 632/959/1272
f 1845/1754/2835 1846/1756/2834 717/958/1270
f 1844/1755/2833 1845/1754/2832 718/957/1268
f 1010/1367/2849 1844/1755/2852 719/956/1266
f 1009/1366/2851 1841/1751/2853 1844/1755/2852
f 1008/1363/2838 1838/1749/2837 1841/1751/2853
f 1847/1761/2854 1848/1764/2857 1851/1762/2855
f 1848/1764/2857 1849/1770/2872 1852/1765/2858
f 1850/1763/2859 1851/1762/2862 1854/1766/2860
f 1851/1762/2862 1852/1765/2874 1855/1768/2863
f 609/1631/2600 1049/1629/2866 1847/1761/2864
f 1049/1629/2866 1048/1628/2868 1848/1764/2867
f 1048/1628/2868 1047/1627/2870 1849/1770/2869
f 1047/1627/2870 584/1501/4442 933/1558/2871
f 1849/1770/2872 933/1558/4443 932/1559/2873
f 1852/1765/2874 932/1559/4444 931/1563/2875
f 1855/1768/2876 931/1563/4445 600/1565/2615
f 1854/1766/2877 1855/1768/2876 1095/1645/2614
f 1853/1767/2861 1854/1766/2877 1094/1644/2613
f 1099/1771/2878 1853/1767/2861 1093/1641/2610
f 1100/1772/2879 1850/1763/2859 1853/1767/2861
f 1101/1769/2880 1847/1761/2854 1850/1763/2856
f 1856/1773/2881 1857/1776/2895 1860/1774/2882
f 1857/1776/2884 1858/1783/2897 1861/1777/2885
f 1859/1775/2883 1860/1774/2882 1863/1778/2887
f 1860/1774/2886 1861/1777/2885 1864/1780/2889
f 595/1340/2891 998/1781/3055 1856/1773/2892
f 998/1781/2894 997/1782/3053 1857/1776/2895
f 997/1782/2896 996/1784/3052 1858/1783/2897
f 996/1784/2898 630/1867/3051 1189/1785/2899
f 1858/1783/2900 1189/1785/2899 1190/1786/2901
f 1861/1777/2902 1190/1786/2901 1191/1787/2903
f 1864/1780/2904 1191/1787/2903 629/1788/2905
f 1863/1778/2890 1864/1780/2889 1173/1789/2907
f 1862/1779/2888 1863/1778/2887 1172/1790/2909
f 1862/1779/2911 1171/1791/4446 612/1345/2912
f 1859/1775/2914 1862/1779/2911 1058/1344/2913
f 1056/1338/2893 1856/1773/2892 1859/1775/2914
f 1865/1792/2916 1866/1795/2930 1869/1793/2917
f 1866/1795/2919 1867/1800/2931 1870/1796/2920
f 1868/1794/2918 1869/1793/2917 1872/1797/2922
f 1869/1793/2921 1870/1796/2920 1873/1799/2924
f 612/1345/2926 1171/1791/4447 1865/1792/2927
f 1171/1791/2929 1172/1790/4448 1866/1795/2930
f 1172/1790/2908 1173/1789/2907 1867/1800/2931
f 1173/1789/2906 629/1788/2905 1198/1801/2932
f 1867/1800/2933 1198/1801/2932 1199/1802/2934
f 1870/1796/2935 1199/1802/2934 1200/1803/2936
f 1873/1799/2937 1200/1803/2936 633/1804/2938
f 1872/1797/2925 1873/1799/2924 1002/1741/2939
f 1871/1798/2923 1872/1797/2922 1003/1739/2940
f 1007/1348/2941 1871/1798/2944 1004/1738/2942
f 1006/1346/2943 1868/1794/2945 1871/1798/2944
f 1005/1343/2928 1865/1792/2927 1868/1794/2945
f 1876/1805/2946 1874/1811/2952 1888/1806/2947
f 1878/1808/2949 1874/1811/2952 1876/1805/2946
f 1879/1810/2951 1880/1813/4449 1874/1811/2952
f 1882/1812/2953 1874/1811/2952 1880/1813/2954
f 1884/1815/2956 1874/1811/2952 1882/1812/2953
f 1885/1817/2958 1886/1818/2959 1874/1811/2952
f 1888/1806/2947 1874/1811/2952 1886/1818/2959
f 1046/1820/2961 1875/1807/2948 1113/1821/2962
f 1045/1823/2964 1876/1805/2946 1875/1807/2948
f 1875/1807/2948 1888/1806/2947 1112/1824/2965
f 626/1825/2966 1155/1828/2970 1877/1809/2967
f 1154/1827/2969 1878/1808/2978 1877/1809/2967
f 1044/1826/2971 1877/1809/2950 1876/1805/2946
f 625/1829/2972 1149/1831/4450 1879/1810/2973
f 1149/1831/2975 1148/1834/2986 1880/1813/2976
f 1153/1830/2974 1879/1810/2973 1878/1808/2978
f 1143/1606/2979 1881/1814/2985 1147/1832/2980
f 1143/1606/2982 1142/1604/2992 1882/1812/2983
f 1881/1814/2985 1880/1813/2976 1148/1834/2986
f 937/1485/2987 1883/1816/2991 1141/1603/2988
f 936/1489/2314 1884/1815/2956 1883/1816/2957
f 1883/1816/2991 1882/1812/2983 1142/1604/2992
f 601/1505/2339 1107/1624/2591 1885/1817/2958
f 1107/1624/2591 1106/1625/2592 1886/1818/2959
f 935/1503/2337 1885/1817/2958 1884/1815/2956
f 1111/1835/2993 1887/1819/2960 1105/1623/2590
f 1111/1835/2993 1112/1824/2965 1888/1806/2947
f 1887/1819/2960 1886/1818/2959 1106/1625/2592
f 1889/1836/2994 1890/1839/3008 1893/1837/2995
f 1890/1839/2997 1891/1846/3010 1894/1840/2998
f 1892/1838/2996 1893/1837/2995 1896/1841/3000
f 1893/1837/2999 1894/1840/2998 1897/1843/3002
f 594/1453/3004 995/1844/3487 1889/1836/3005
f 995/1844/3007 994/1845/3485 1890/1839/3008
f 994/1845/3009 993/1847/3483 1891/1846/3010
f 993/1847/3011 628/2040/3480 1186/1848/3012
f 1891/1846/3013 1186/1848/3012 1187/1849/3014
f 1894/1840/3015 1187/1849/3014 1188/1850/3016
f 1897/1843/3017 1188/1850/3016 634/1851/3018
f 1896/1841/3003 1897/1843/3002 1185/1852/3020
f 1895/1842/3001 1896/1841/3000 1184/1853/3022
f 1052/1457/3024 1895/1842/3028 1183/1854/3025
f 1051/1454/3027 1892/1838/3029 1895/1842/3028
f 1050/1451/3006 1889/1836/3005 1892/1838/3029
f 1898/1855/3030 1899/1858/3043 1902/1856/3031
f 1899/1858/3033 1900/1863/3044 1903/1859/3034
f 1901/1857/3032 1902/1856/3031 1905/1860/3036
f 1902/1856/3035 1903/1859/3034 1906/1862/3038
f 610/1458/3040 1183/1854/4451 1898/1855/3041
f 1183/1854/3023 1184/1853/3022 1899/1858/3043
f 1184/1853/3021 1185/1852/3020 1900/1863/3044
f 1185/1852/3019 634/1851/3018 1195/1864/3045
f 1900/1863/3046 1195/1864/3045 1196/1865/3047
f 1903/1859/3048 1196/1865/3047 1197/1866/3049
f 1906/1862/3050 1197/1866/3049 630/1867/3051
f 1905/1860/3039 1906/1862/3038 996/1784/3052
f 1904/1861/3037 1905/1860/3036 997/1782/3053
f 1001/1460/3054 1904/1861/3057 998/1781/3055
f 1000/1459/3056 1901/1857/3058 1904/1861/3057
f 999/1456/3042 1898/1855/3041 1901/1857/3058
f 1908/1868/3059 1911/1872/4452 1910/1869/3060
f 1909/1871/3062 1912/1880/4453 1911/1872/3063
f 1910/1869/3065 1911/1872/4454 1914/1873/3066
f 1911/1872/3068 1912/1880/4455 1915/1875/3069
f 951/1404/3071 1907/1870/4456 1125/1876/3072
f 952/1877/3074 1908/1868/4457 1907/1870/3075
f 1908/1868/3079 952/1877/4458 2114/2308/4459
f 2116/2309/3077 2118/2310/3078 1909/2311/3078
f 1908/1868/3079 2114/2308/4459 2116/1878/3077
f 1062/1879/3080 1063/1939/4460 1912/1880/3081
f 1912/1880/3083 1063/1939/4461 1064/1881/3084
f 1915/1875/3085 1064/1881/3084 615/1882/3086
f 1914/1873/3070 1915/1875/3069 1119/1428/3088
f 1913/1874/3067 1914/1873/3066 1118/1426/3090
f 1123/1883/3092 1913/1874/3096 1117/1425/3093
f 1124/1884/3095 1910/1869/4462 1913/1874/3096
f 1125/1876/3097 1907/1870/4463 1910/1869/3098
f 1916/1885/3100 1917/1888/3103 1920/1886/3101
f 1917/1888/3103 1918/1894/4464 1921/1889/3104
f 1919/1887/3105 1920/1886/3108 1923/1890/3106
f 1920/1886/3108 1921/1889/4465 1924/1892/3109
f 587/1410/3110 1032/1409/4466 1916/1885/3111
f 1032/1409/3113 1033/1414/3116 1917/1888/3114
f 1033/1414/3116 1034/1405/4467 1918/1894/3117
f 1034/1405/3118 604/1403/4468 1125/1876/3119
f 1918/1894/3121 1125/1876/4469 1124/1884/3122
f 1921/1889/3124 1124/1884/4470 1123/1883/3125
f 1924/1892/3126 1123/1883/3125 622/1423/3127
f 1923/1890/3106 1924/1892/3109 1122/1895/3129
f 1922/1891/3107 1923/1890/3106 1121/1896/3130
f 941/1898/3132 1922/1891/3107 1120/1897/3131
f 942/1900/3134 1919/1887/3105 1922/1891/3107
f 943/1893/3135 1916/1885/4471 1919/1887/3136
f 1925/1901/3138 1926/1904/3141 1929/1902/3139
f 1926/1904/3141 1927/1910/4472 1930/1905/3142
f 1928/1903/3143 1929/1902/4473 1932/1906/3144
f 1929/1902/3139 1930/1905/3142 1933/1908/3146
f 603/1899/3133 1120/1897/3150 1925/1901/3148
f 1120/1897/3150 1121/1896/3152 1926/1904/3151
f 1121/1896/3152 1122/1895/4474 1927/1910/3153
f 1122/1895/3154 622/1423/4475 1128/1424/3155
f 1927/1910/3157 1128/1424/4476 1127/1438/3158
f 1930/1905/3159 1127/1438/3158 1126/1436/3160
f 1933/1908/3162 1126/1436/4477 605/1437/3163
f 1932/1906/3165 1933/1908/4478 959/1911/3166
f 1931/1907/3168 1932/1906/4479 960/1912/3169
f 1029/1914/3171 1931/1907/3145 961/1913/3172
f 1030/1916/3174 1928/1903/3143 1931/1907/3145
f 1031/1909/3175 1925/1901/3138 1928/1903/3140
f 1935/1919/3179 1934/2145/4480 2132/1917/3177
f 2132/1917/3177 2133/2157/4481 1936/1918/3178
f 1935/1919/3179 1936/1918/3178 1939/1920/3180
f 1936/1918/3178 1937/1923/3183 1940/1922/3182
f 1937/1923/3183 1068/1705/3743 1069/1703/3184
f 1940/1922/3185 1069/1703/4482 617/1704/3186
f 1939/1920/3188 1940/1922/3185 1131/1386/3187
f 1938/1921/3190 1939/1920/3188 1130/1384/3189
f 1135/1924/3192 1938/1921/3190 1129/1383/3191
f 1136/1925/3194 1935/1919/3179 1938/1921/3181
f 1137/1926/3196 1934/2145/4480 1935/1919/3179
f 1941/1927/3197 1942/1930/4483 1945/1928/3198
f 1942/1930/3200 1943/1935/3207 1946/1931/3201
f 1944/1929/3203 1945/1928/3202 1948/1932/3204
f 1945/1928/3202 1946/1931/3201 1949/1934/3206
f 1943/1935/3207 1137/1926/3196 1136/1925/3194
f 1946/1931/3201 1136/1925/3194 1135/1924/3195
f 1949/1934/3208 1135/1924/3192 623/1381/3193
f 1948/1932/3210 1949/1934/3208 1134/1936/3209
f 1947/1933/3212 1948/1932/3210 1133/1937/3211
f 1064/1881/3214 1947/1933/4484 1132/1938/3215
f 1063/1939/3217 1944/1929/4485 1947/1933/3218
f 1062/1879/3220 1941/1927/4486 1944/1929/3221
f 1950/1940/3223 1951/1943/3226 1954/1941/3224
f 1951/1943/3226 1952/1948/3241 1955/1944/3227
f 1953/1942/3228 1954/1941/3231 1957/1945/3229
f 1954/1941/3231 1955/1944/3227 1958/1947/3232
f 615/1882/3233 1132/1938/3236 1950/1940/3234
f 1132/1938/3236 1133/1937/3238 1951/1943/3237
f 1133/1937/3238 1134/1936/3240 1952/1948/3239
f 1134/1936/3240 623/1381/2150 1140/1382/2152
f 1952/1948/3241 1140/1382/2173 1139/1396/2171
f 1955/1944/3227 1139/1396/2171 1138/1394/2172
f 1958/1947/3242 1138/1394/2169 606/1395/2170
f 1957/1945/3244 1958/1947/3242 962/1949/3243
f 1956/1946/3246 1957/1945/3244 963/1950/3245
f 1013/1431/3248 1956/1946/3246 964/1951/3247
f 1012/1430/3250 1953/1942/3228 1956/1946/3230
f 1011/1429/3252 1950/1940/4487 1953/1942/3228
f 1961/1952/3253 1959/1956/4488 1971/1953/3254
f 1962/1955/3256 1963/1958/4489 1959/1956/3257
f 1965/1957/3259 1959/1956/4490 1963/1958/3260
f 1967/1960/3262 1959/1956/4491 1965/1957/3263
f 1968/1962/3265 1969/1964/3266 1959/1956/3266
f 1970/1963/3267 1971/1953/4492 1959/1956/3268
f 1208/1965/3270 1961/1952/3281 1960/1954/3271
f 1960/1954/3255 1971/1953/3254 957/1455/3273
f 635/1967/3275 953/1969/4493 1962/1955/3276
f 953/1969/3278 954/1971/4494 1963/1958/3279
f 1209/1968/3277 1962/1955/3276 1961/1952/3281
f 943/1893/3282 1964/1959/4495 955/1970/3283
f 942/1900/3285 1965/1957/4496 1964/1959/3286
f 1964/1959/3288 1963/1958/4497 954/1971/3289
f 1031/1909/3149 1966/1961/3292 941/1898/3132
f 1030/1916/3176 1967/1960/4498 1966/1961/3291
f 1966/1961/3292 1965/1957/4499 942/1900/3293
f 1211/1972/3294 1968/1962/4500 1029/1914/3295
f 1212/1973/3297 1969/1964/4501 1968/1962/3298
f 1029/1914/3171 1968/1962/4502 1967/1960/3300
f 594/1453/2259 956/1452/2258 1970/1963/3301
f 956/1452/3303 957/1455/4503 1971/1953/3304
f 1213/1974/3306 1970/1963/4504 1969/1964/3307
f 1972/1975/3309 1973/1978/3312 1976/1976/3310
f 1973/1978/3312 1974/1983/3328 1977/1979/3313
f 1975/1977/3314 1976/1976/3317 1979/1980/3315
f 1976/1976/3317 1977/1979/3330 1980/1982/3318
f 624/1833/3319 1147/1832/3322 1972/1975/3320
f 1147/1832/3322 1148/1834/3324 1973/1978/3323
f 1148/1834/3324 1149/1831/3326 1974/1983/3325
f 1149/1831/3326 625/1829/3355 1152/1984/3327
f 1974/1983/3328 1152/1984/3376 1151/1985/3329
f 1977/1979/3330 1151/1985/3375 1150/1986/3331
f 1980/1982/3332 1150/1986/3374 599/1390/3333
f 1979/1980/3335 1980/1982/3332 1016/1717/3334
f 1978/1981/3337 1979/1980/3335 1015/1716/3336
f 1144/1609/3339 1978/1981/3337 1014/1715/3338
f 1145/1608/3341 1975/1977/3314 1978/1981/3316
f 1146/1607/3343 1972/1975/3309 1975/1977/3311
f 1981/1987/3345 1982/1991/3349 1985/1988/3346
f 1983/1990/3348 1986/1996/3364 1985/1988/3346
f 1984/1989/3350 1985/1988/3353 1988/1992/3351
f 1985/1988/3353 1986/1996/3365 1989/1994/3354
f 625/1829/3355 1153/1830/3358 1981/1987/3356
f 1154/1827/3357 1982/1991/3360 1981/1987/3356
f 1155/1828/3359 1983/1990/3362 1982/1991/3360
f 626/1825/3361 1158/1995/3393 1983/1990/3362
f 1158/1995/3363 1157/2009/3398 1986/1996/3364
f 1986/1996/3365 1157/2009/3423 1156/1997/3366
f 1989/1994/3367 1156/1997/3421 606/1395/3368
f 1988/1992/3370 1989/1994/3367 1040/1393/3369
f 1987/1993/3372 1988/1992/3370 1039/1392/3371
f 1150/1986/3374 1987/1993/3372 1038/1391/3373
f 1151/1985/3375 1984/1989/3350 1987/1993/3352
f 1152/1984/3376 1981/1987/3345 1984/1989/3347
f 1992/1998/3377 1990/2002/4505 2000/1999/3378
f 1993/2001/3380 1994/2004/3384 1990/2002/3381
f 1996/2003/3383 1990/2002/3381 1994/2004/3384
f 1997/2006/3386 1998/2007/3390 1990/2002/3387
f 2000/1999/3389 1990/2002/3387 1998/2007/3390
f 1044/1826/3392 1991/2000/4506 1158/1995/3393
f 1045/1823/3394 1992/1998/4507 1991/2000/3395
f 1991/2000/3397 2000/1999/4508 1157/2009/3398
f 608/1822/3399 1159/2010/4509 1993/2001/3400
f 1159/2010/3402 1160/2015/3413 1994/2004/3403
f 1046/1820/3401 1993/2001/3400 1992/1998/3405
f 1164/2011/3407 1995/2005/3412 1161/2012/3408
f 1163/2014/3410 1996/2003/3383 1995/2005/3385
f 1995/2005/3412 1994/2004/3403 1160/2015/3413
f 598/1432/3414 964/1951/3417 1997/2006/3415
f 964/1951/3417 963/1950/3425 1998/2007/3418
f 1162/2016/3419 1997/2006/3386 1996/2003/3388
f 1156/1997/3421 1999/2008/3424 962/1949/3422
f 1157/2009/3423 2000/1999/3389 1999/2008/3391
f 1999/2008/3424 1998/2007/3418 963/1950/3425
f 2001/2017/3426 2002/2020/3429 2005/2018/3427
f 2002/2020/3429 2003/2027/3447 2006/2021/3430
f 2004/2019/3431 2005/2018/4510 2008/2022/3432
f 2005/2018/3434 2006/2021/3449 2009/2024/3435
f 627/2013/3437 1165/2025/4511 2001/2017/3438
f 1165/2025/3440 1166/2026/3443 2002/2020/3441
f 1166/2026/3443 1167/2028/3445 2003/2027/3444
f 1167/2028/3445 628/2040/3480 1170/2029/3446
f 2003/2027/3447 1170/2029/3510 1169/2030/3448
f 2006/2021/3449 1169/2030/3508 1168/2031/3450
f 2009/2024/3451 1168/2031/4512 605/1437/3452
f 2008/2022/3454 2009/2024/4513 1037/1435/3455
f 2007/2023/3457 2008/2022/4514 1036/1434/3458
f 1162/2016/3460 2007/2023/4515 1035/1433/3461
f 1163/2014/3463 2004/2019/4516 2007/2023/3464
f 1164/2011/3466 2001/2017/4517 2004/2019/3467
f 2010/2032/3469 2011/2035/3484 2014/2033/3470
f 2011/2035/3472 2012/2041/3486 2015/2036/3473
f 2013/2034/3475 2014/2033/3475 2017/2037/3475
f 2014/2033/3477 2015/2036/4518 2018/2039/3478
f 628/2040/3480 993/1847/3011 2010/2032/3481
f 993/1847/3483 994/1845/3009 2011/2035/3484
f 994/1845/3485 995/1844/3007 2012/2041/3486
f 995/1844/3487 594/1453/3004 1213/1974/3488
f 2012/2041/3490 1213/1974/4519 1212/1973/3491
f 2015/2036/3493 1212/1973/4520 1211/1972/3494
f 2018/2039/3496 1211/1972/4521 588/1915/3497
f 2017/2037/3499 2018/2039/4522 961/1913/3500
f 2016/2038/3502 2017/2037/4523 960/1912/3503
f 1168/2031/3505 2016/2038/4524 959/1911/3506
f 1169/2030/3508 2013/2034/4525 2016/2038/3509
f 1170/2029/3510 2010/2032/4526 2013/2034/3511
f 2021/2042/3512 2019/2046/3516 2029/2043/3513
f 2022/2045/3515 2023/2048/3518 2019/2046/3516
f 2025/2047/3517 2019/2046/3521 2023/2048/3518
f 2026/2050/3520 2027/2051/3530 2019/2046/3521
f 2029/2043/3513 2019/2046/3516 2027/2051/3522
f 628/2040/3480 1167/2028/3445 2020/2044/3514
f 1166/2026/3524 2021/2042/3527 2020/2044/3514
f 1186/1848/3012 2020/2044/3514 2029/2043/3513
f 627/2013/3409 1161/2012/3408 2022/2045/3515
f 1161/2012/3408 1160/2015/3413 2023/2048/3518
f 1165/2025/3526 2022/2045/3515 2021/2042/3527
f 1113/1821/2962 2024/2049/3519 1159/2010/3528
f 1112/1824/2965 2025/2047/3517 2024/2049/3519
f 2024/2049/3519 2023/2048/3518 1160/2015/3413
f 621/1621/2588 1110/2053/3529 2026/2050/3520
f 1110/2053/3529 1109/2055/3599 2027/2051/3530
f 1111/1835/2993 2026/2050/3520 2025/2047/3517
f 1188/1850/3531 2028/2052/3534 1108/2054/3532
f 1187/1849/3525 2029/2043/3513 2028/2052/3534
f 2028/2052/3523 2027/2051/3522 1109/2055/3535
f 2030/2056/3537 2031/2059/3540 2034/2057/3538
f 2031/2059/3540 2032/2066/3553 2035/2060/3541
f 2033/2058/3539 2034/2057/3538 2037/2061/3542
f 2034/2057/3538 2035/2060/3541 2038/2063/3544
f 630/1867/3545 1176/2064/3605 2030/2056/3546
f 1176/2064/3548 1175/2065/3603 2031/2059/3540
f 1175/2065/3549 1174/2067/3552 2032/2066/3550
f 1174/2067/3552 609/1631/2600 1101/1769/2865
f 2032/2066/3553 1101/1769/2880 1100/1772/2879
f 2035/2060/3541 1100/1772/2879 1099/1771/2878
f 2038/2063/3544 1099/1771/2878 620/1643/2612
f 2037/2061/3542 2038/2063/4527 1098/2068/3554
f 2036/2062/3543 2037/2061/3542 1097/2069/3555
f 1191/1787/3557 2036/2062/3561 1096/2070/3558
f 1190/1786/3560 2033/2058/3562 2036/2062/3561
f 1189/1785/3547 2030/2056/3546 2033/2058/3562
f 2039/2071/3563 2040/2074/3575 2043/2072/3564
f 2040/2074/3566 2041/2081/3577 2044/2075/3567
f 2042/2073/3565 2043/2072/3564 2046/2076/3568
f 2043/2072/3564 2044/2075/3567 2047/2078/3570
f 633/1804/3571 1182/2079/3629 2039/2071/3572
f 1182/2079/3574 1181/2080/4528 2040/2074/3575
f 1181/2080/3576 1180/2082/3578 2041/2081/3577
f 1180/2082/3578 611/1651/2772 1089/1726/2774
f 2041/2081/3577 1089/1726/2774 1088/1729/2791
f 2044/2075/3567 1088/1729/2791 1087/1728/2790
f 2047/2078/3570 1087/1728/2790 619/1661/2640
f 2046/2076/3568 2047/2078/3570 1086/2083/3579
f 2045/2077/3569 2046/2076/3568 1085/2084/3580
f 1194/1744/3582 2045/2077/3586 1084/2085/3583
f 1193/1743/3585 2042/2073/3587 2045/2077/3586
f 1192/1742/3573 2039/2071/3572 2042/2073/3587
f 2048/2086/3588 2049/2089/3598 2052/2087/3589
f 2049/2089/3591 2050/2094/3600 2053/2090/3592
f 2051/2088/3590 2052/2087/3589 2055/2091/3593
f 2052/2087/3589 2053/2090/3592 2056/2093/3595
f 634/1851/3533 1108/2054/3532 2048/2086/3596
f 1108/2054/3536 1109/2055/3535 2049/2089/3598
f 1109/2055/3599 1110/2053/3529 2050/2094/3600
f 1110/2053/3529 621/1621/2588 1116/1622/2589
f 2050/2094/3600 1116/1622/2589 1115/1632/2601
f 2053/2090/3592 1115/1632/2601 1114/1630/2599
f 2056/2093/3595 1114/1630/2599 609/1631/2600
f 2055/2091/3601 2056/2093/3595 1174/2067/3552
f 2054/2092/3602 2055/2091/4529 1175/2065/3603
f 1197/1866/3604 2054/2092/3607 1176/2064/3605
f 1196/1865/3606 2051/2088/3608 2054/2092/3607
f 1195/1864/3597 2048/2086/3596 2051/2088/3608
f 2057/2095/3609 2058/2098/3612 2061/2096/3610
f 2058/2098/3612 2059/2103/3620 2062/2099/3613
f 2060/2097/3611 2061/2096/3610 2064/2100/3615
f 2061/2096/3610 2062/2099/3621 2065/2102/3617
f 629/1788/3559 1096/2070/3558 2057/2095/3618
f 1096/2070/3556 1097/2069/3555 2058/2098/3612
f 1097/2069/3555 1098/2068/3554 2059/2103/3620
f 1098/2068/3554 620/1643/2612 1104/1642/2611
f 2059/2103/3620 1104/1642/2611 1103/1652/2631
f 2062/2099/3621 1103/1652/2631 1102/1650/2630
f 2065/2102/3622 1102/1650/2628 611/1651/2629
f 2064/2100/3624 2065/2102/3622 1180/2082/3623
f 2063/2101/3626 2064/2100/3624 1181/2080/3625
f 1200/1803/3628 2063/2101/3631 1182/2079/3629
f 1199/1802/3630 2060/2097/3632 2063/2101/3631
f 1198/1801/3619 2057/2095/3618 2060/2097/3632
f 2066/2104/3633 2067/2107/3636 2070/2105/3634
f 2067/2107/3636 2068/2112/3643 2071/2108/3637
f 2069/2106/3635 2070/2105/3634 2073/2109/3638
f 2070/2105/3634 2071/2108/3637 2074/2111/3640
f 631/1745/3584 1084/2085/3583 2066/2104/3641
f 1084/2085/3581 1085/2084/3580 2067/2107/3636
f 1085/2084/3580 1086/2083/3579 2068/2112/3643
f 1086/2083/3579 619/1661/2640 1092/1662/2641
f 2068/2112/3643 1092/1662/2641 1091/1668/2652
f 2071/2108/3637 1091/1668/2652 1090/1667/2651
f 2074/2111/3640 1090/1667/2651 613/1323/2052
f 2073/2109/3638 2074/2111/3640 895/1322/2051
f 2072/2110/3639 2073/2109/3638 896/1321/2050
f 1203/1760/3644 2072/2110/3639 897/1320/2049
f 1202/1759/3645 2069/2106/3635 2072/2110/3639
f 1201/1758/3642 2066/2104/3641 2069/2106/3635
f 2075/2113/3646 2097/2293/4530 2094/2114/3647
f 1210/2116/3649 2075/2113/4531 2093/2115/3650
f 2119/2118/3652 2121/2283/4532 1941/1927/3653
f 927/1182/3657 2218/2270/4533 2219/2119/3655
f 2219/2119/3655 2222/2312/4534 926/1172/3656
f 2287/2120/3658 777/1086/4535 1508/1134/3659
f 1688/1441/3663 2192/2286/4536 2193/2122/3661
f 2193/2122/3661 2194/2136/4537 1689/1439/3662
f 2224/2123/3664 2226/2313/4538 925/1173/3665
f 473/468/420 2190/2314/4539 2191/2125/3667
f 1215/540/3671 2240/2248/4540 2241/2127/3669
f 2241/2127/3669 2242/2171/4541 657/550/3670
f 509/2128/3672 2103/2285/4542 2104/2129/3673
f 2183/2131/450 2182/2135/4543 203/501/452
f 203/501/452 496/493/450 2183/2131/450
f 1376/896/1144 2281/2204/4544 2257/2132/3674
f 2257/2132/3674 2256/2139/4545 1374/894/1142
f 1643/1326/3677 2180/2242/4546 2181/2130/3675
f 2181/2130/3675 2183/2131/4547 1644/1324/3676
f 2238/2134/191 2239/2138/191 326/211/191
f 326/211/191 115/215/193 2238/2134/191
f 1644/1324/3681 2183/2131/4548 2182/2135/3679
f 2182/2135/3679 2184/2262/3880 1645/1327/3680
f 2194/2136/3683 2197/2161/3722 521/2160/3721
f 521/2160/3721 518/522/473 2194/2136/3683
f 1374/894/1141 2256/2139/4549 2255/2137/3684
f 2255/2137/3684 2280/2284/4550 1372/892/1139
f 1224/539/3686 2238/2134/4551 2239/2138/3685
f 2239/2138/3685 2240/2248/4540 1215/540/3671
f 2256/2139/3688 2255/2137/4552 283/148/137
f 283/148/137 284/150/139 2257/2132/3687
f 284/150/139 281/151/140 2257/2132/3687
f 2089/2141/3690 2090/2142/4553 506/509/454
f 2090/2142/4553 505/510/455 506/509/454
f 506/509/454 194/513/459 2089/2141/3690
f 635/1967/4554 2089/2141/4555 953/1969/3693
f 2089/2141/4555 2090/2142/3691 953/1969/3693
f 1137/2315/3696 2129/2316/4556 2130/2317/3694
f 2130/2317/3694 2131/2194/3845 1934/2195/3695
f 2235/2146/3697 2236/2153/4557 1223/548/3698
f 1223/548/3698 2236/2153/4557 2237/2133/3700
f 2237/2133/3700 2238/2134/4558 1224/539/3701
f 2164/2147/3702 334/225/194 335/227/194
f 2203/2150/3704 2076/2252/3920 459/445/390
f 459/445/390 196/450/395 2202/2149/3703
f 196/450/395 2200/2178/3998 2202/2149/3703
f 2271/140/4559 1514/1140/4559 852/1129/3706
f 1366/884/3710 2260/2186/3758 2259/2152/3708
f 2259/2152/3708 2282/2205/4560 792/889/3709
f 2236/2153/218 2237/2133/3678 115/215/193
f 115/215/193 349/243/217 2236/2153/218
f 349/243/217 2234/2274/4561 2235/2146/217
f 1941/1927/3713 2121/2283/3713 2122/2154/3711
f 2122/2154/3711 2127/2155/4562 1942/1930/3712
f 436/411/358 2122/2154/4563 2127/2155/3714
f 2133/2157/3717 2134/2250/4564 439/419/371
f 439/419/371 181/417/369 2132/1917/3716
f 181/417/369 2130/2290/3988 2131/2318/4565
f 2131/2318/4565 2132/1917/3716 181/417/369
f 2286/2158/3719 2269/1087/4566 273/133/118
f 273/133/118 274/136/121 2287/2120/3718
f 274/136/121 2291/2240/3852 2290/2121/4567
f 2287/2120/3718 274/136/121 2290/2121/4567
f 2110/1412/3720 2111/1400/4568 183/414/362
f 2111/1400/4569 431/407/354 432/410/357
f 183/414/362 2111/1400/4569 432/410/357
f 2170/299/3723 2171/299/3723 501/299/194
f 501/505/194 499/502/194 2168/2162/194
f 2167/2167/3725 113/230/194 333/223/194
f 949/1336/3727 2178/2220/4570 2179/2169/3726
f 2179/2169/3726 2180/2242/4546 1643/1326/3677
f 339/233/197 2204/2209/4571 2213/2319/3728
f 1805/1694/2717 2137/2235/4572 2138/2170/3730
f 2138/2170/3730 2139/2275/4573 1806/1697/3731
f 2242/2171/3732 2243/2237/4574 324/209/192
f 324/209/192 325/208/191 2242/2171/3732
f 2150/2172/3733 2148/2174/4575 1801/1691/3734
f 1655/1350/3738 2174/2183/4576 2175/2173/3736
f 2175/2173/3736 2176/2282/4577 1656/1353/3737
f 2152/299/4578 2154/299/4579 184/299/3741
f 184/535/3741 443/426/384 2150/2172/4580
f 443/426/384 2143/2279/4581 2149/2263/4582
f 2150/2172/4580 443/426/384 2149/2263/4582
f 2150/2172/4580 2148/2174/3739 184/535/3741
f 2148/2174/3739 2151/1589/4583 2153/2175/3740
f 2151/2320/4583 2156/2321/3740 2153/2322/3740
f 2156/2321/3740 2155/2323/3740 2153/2322/3740
f 2153/2175/3740 2152/2324/4578 184/535/3741
f 2135/2176/3742 2136/2234/4584 1068/1705/3743
f 1690/1442/3748 2199/526/4585 2200/2178/3746
f 2200/2178/3746 2202/2149/4586 958/1450/3747
f 2148/2174/3749 2151/1589/4587 992/1588/3750
f 926/1172/3656 2222/2312/4534 2220/2325/3752
f 2221/2326/3753 2223/2124/3666 925/1173/3665
f 926/1172/3656 2220/2325/3752 925/1173/3665
f 2174/2183/3755 2175/2173/450 207/497/450
f 2175/2173/450 490/490/451 491/489/450
f 207/497/450 2175/2173/450 491/489/450
f 2211/2185/3757 2205/2280/3948 340/232/196
f 340/232/196 341/235/199 2210/2184/3756
f 341/235/199 2209/2210/3824 2210/2184/3756
f 2260/2186/3758 1366/884/3710 1368/886/3759
f 2125/418/3761 2129/2289/4556 1137/1926/3696
f 2278/2189/3764 2277/2236/4588 282/146/135
f 282/146/135 283/148/137 2279/2188/3763
f 283/148/137 2255/2137/4552 2280/2284/4589
f 283/148/137 2280/2284/4589 2279/2188/3763
f 1208/1965/3767 2083/448/4590 2084/2190/3765
f 2084/2190/3765 2086/2241/4591 1209/1968/3766
f 955/1970/3770 2101/2215/4592 2102/2191/3768
f 2102/2191/3768 934/1408/4593 587/1410/3769
f 660/1181/3773 2213/2319/4594 2212/2278/4595
f 2212/2278/4595 2215/2192/3771 660/1181/3773
f 505/510/455 2090/2142/4553 2095/2143/3777
f 524/299/474 184/299/474 2154/299/476
f 2142/2200/3780 2143/2279/4581 443/426/384
f 443/426/384 2140/2255/4596 2141/2199/3779
f 2189/2327/4539 2190/2314/4539 471/460/416
f 2190/2314/4539 473/468/420 471/460/416
f 530/299/479 527/299/476 2161/299/3782
f 2165/2328/3702 2166/2168/194 334/225/194
f 2166/2168/194 333/223/194 334/225/194
f 2281/2204/3784 1376/896/1155 792/889/1124
f 2119/2118/3786 1062/1879/4597 1909/1871/3787
f 2233/2208/217 2234/2274/4561 349/243/217
f 349/243/217 350/245/218 2233/2208/217
f 661/1179/3792 2206/2256/4598 2204/2209/3790
f 2204/2209/3790 2213/2319/4599 660/1181/3791
f 2209/2210/3793 2210/2184/4600 639/615/3794
f 2081/2213/3797 2078/2329/4601 512/515/466
f 512/515/466 511/516/468 2081/2213/3797
f 954/1971/4602 2099/2281/4603 955/1970/3800
f 2099/2281/4603 2100/2214/3798 955/1970/3800
f 1942/2330/3803 2127/2331/3803 2126/2332/3801
f 2126/2156/3801 2125/418/4604 1943/1935/3802
f 2274/2216/3805 2272/2333/4605 92/143/150
f 92/143/150 282/146/135 2275/1124/3804
f 282/146/135 2277/2236/4588 2276/1123/4606
f 2276/1123/4606 2275/1124/3804 282/146/135
f 1226/566/3820 2165/2328/4607 2166/2168/3807
f 651/576/3809 1226/566/3820 2166/2168/3807
s 0
f 2166/2334/3807 2167/2335/3840 2169/2335/4608
s 1
f 2253/611/3810 2252/612/4609 275/132/117
f 275/132/117 272/134/119 2254/613/3744
f 2141/2199/3811 2142/2200/4610 1077/1693/3812
f 2178/2220/3814 2179/2169/451 493/488/450
f 493/488/450 490/490/451 2178/2220/3814
f 207/497/194 503/507/194 2172/2223/194
f 2258/2224/4611 1370/888/4612 701/786/4613
f 2231/2225/3806 2232/2207/3789 350/245/218
f 350/245/218 351/247/218 2231/2225/3806
f 1235/565/3821 2247/2254/4614 2246/2246/4615
f 2246/2246/4615 2163/2148/3822 1235/565/3821
f 2163/2148/3822 2164/2147/4616 1226/566/3820
f 2164/2336/4616 2165/2337/4607 1226/2338/3820
f 341/235/199 2249/237/202 2248/2211/3823
f 527/299/476 524/299/474 2160/299/474
f 2137/2235/3827 2138/2170/3931 441/422/374
f 441/422/374 439/419/371 2136/2234/3826
f 439/419/371 2134/2250/4564 2135/2176/4617
f 439/419/371 2135/2176/4617 2136/2234/3826
f 1506/1128/1613 2278/2189/3956 2277/2236/3828
f 2277/2236/3828 2276/1123/1608 1504/1122/1607
f 657/550/4618 2242/2171/4619 1234/574/3831
f 2242/2171/4619 2243/2237/3829 1234/574/3831
f 1266/659/3834 2230/251/4620 2228/252/4621
f 2229/2217/3832 2231/2225/4622 1267/650/3833
f 1266/659/3834 2228/252/4621 2229/2217/3832
f 1207/1966/3835 2077/2271/4623 2079/2339/4624
f 2079/2339/4624 2080/2239/3836 1207/1966/3835
f 2080/2239/3836 2083/448/4590 1208/1965/3767
f 1511/1136/3839 2293/2247/4625 2291/2240/3837
f 2291/2240/3837 2290/2121/3838 1508/1134/3838
f 2168/2162/194 499/502/194 2167/2167/3725
f 499/502/194 113/230/194 2167/2167/3725
f 2086/2241/3844 2087/2140/4626 194/513/3989
f 194/513/3989 463/449/394 2086/2241/3844
f 2180/2242/450 2181/2130/450 496/493/450
f 496/493/450 493/488/450 2180/2242/450
f 2163/2148/194 335/227/194 119/222/194
f 274/136/121 2270/141/126 2293/2247/3851
f 2107/1401/3854 2108/1397/3866 431/407/354
f 2108/1397/3866 430/408/355 431/407/354
f 2240/2248/191 2241/2127/192 325/208/191
f 325/208/191 326/211/191 2240/2248/191
f 1656/1353/3857 2176/2282/4627 2177/2219/4628
f 2177/2219/4628 2178/2220/3855 1656/1353/3857
f 2091/2249/3859 2088/459/413 468/455/405
f 468/455/405 2094/2114/3991 2093/2115/3991
f 2093/2115/3991 2092/2117/3858 468/455/405
f 1936/1918/3178 2133/2157/4481 2134/2250/3860
f 2134/2340/3860 2135/2341/3742 1937/2342/3183
f 1267/650/3863 2231/2225/4629 2232/2207/3861
f 2232/2207/3861 2233/2208/4630 1258/651/3862
f 503/507/194 501/505/194 2171/2251/3723
f 2076/2252/3864 2077/2271/4623 1207/1966/3835
f 2247/299/3867 2246/299/4631 119/299/191
f 119/222/191 327/207/191 2244/2253/191
f 327/207/191 324/209/192 2244/2253/191
f 1806/1697/2720 2139/2275/4632 2140/2255/3869
f 2140/2255/3869 2141/2199/3811 1807/1699/2723
f 662/1178/3872 2211/2185/4633 2205/2280/3872
f 2205/2280/3872 2206/2256/4634 662/1178/3872
f 925/1173/1706 2226/2313/4635 665/670/3873
f 2226/2313/4635 2225/2343/4636 665/670/3873
f 2195/2258/416 2189/2327/4539 471/460/416
f 471/460/416 469/462/416 2195/2258/416
f 2288/2260/3875 2289/2222/3816 314/195/171
f 314/195/171 315/197/173 2285/2259/3874
f 315/299/173 2283/299/4637 2284/299/4637
f 2285/2259/3874 315/197/173 2284/2344/4637
f 1514/1140/3878 2271/140/4638 2270/141/3876
f 2270/141/3876 2293/2247/4639 1511/1136/3877
f 2185/2261/3879 946/1337/4640 1645/1327/4641
f 1654/2338/3881 2170/2337/4642 2171/2336/4643
f 2171/2251/4643 2172/2223/3882 1654/1352/3881
f 2172/2223/3882 2173/2182/4644 1655/1350/3738
f 2173/2182/4644 2174/2183/4576 1655/1350/3738
f 2149/2263/3883 2150/2172/3733 1800/1689/3735
f 1234/574/3886 2245/2238/4645 2244/2253/3885
f 2244/2253/3885 2247/2254/4614 1235/565/3821
f 2185/2261/3888 2186/2272/3888 515/2264/473
f 515/2264/473 203/501/452 2184/2262/3887
f 203/501/452 2182/2135/4543 2184/2262/3887
f 953/1969/3891 2095/2143/3891 2096/2265/3889
f 2096/2265/3889 2099/2281/4646 954/1971/3890
f 1209/1968/3766 2086/2241/4591 2087/2140/3892
f 2087/2140/3892 2089/2141/4647 635/1967/3893
f 2114/2308/3896 2116/1878/4648 433/406/353
f 433/406/353 430/408/355 2113/1406/3895
f 430/299/355 2109/299/3865 2112/299/4649
f 2113/1406/3895 430/408/355 2112/1407/4649
f 958/1450/3897 2202/2149/4650 2203/2150/4650
f 2203/2150/4651 1207/1966/3272 958/1450/3897
f 2261/2187/3760 1368/886/3759 1370/888/3898
f 651/576/3901 2169/2218/4652 2168/2162/3900
f 2168/2162/3900 2170/2163/4642 1654/1352/3881
f 200/484/3902 530/537/479 2162/2345/3783
f 639/615/4653 2210/2184/3906 537/616/3905
f 2210/2184/3906 2211/2185/4654 662/1178/3907
f 581/1180/3909 2215/2192/4655 2214/2269/3908
f 2214/2269/3908 2218/2270/4533 927/1182/3657
f 2218/2270/3911 2219/2119/4656 301/177/155
f 301/177/155 107/178/157 2218/2270/3911
f 2287/2120/3912 2286/2158/4657 1480/1077/3913
f 2136/2234/3915 2137/2235/4658 1805/1694/3916
f 2281/2204/3918 2257/2132/3687 281/151/140
f 281/151/140 2259/2152/4659 2282/2205/3917
f 324/299/192 2243/299/4574 2245/299/3919
f 2077/299/3921 2079/299/3936 461/299/3935
f 461/2292/3935 459/445/390 2077/2271/3921
f 946/1337/3924 2185/2261/3924 2186/2272/3922
f 2186/2272/3922 2192/2286/4660 1688/1441/3923
f 665/670/3927 2225/2343/4661 2227/2273/3925
f 2227/2273/3925 2230/251/4662 1266/659/3926
f 1258/651/3930 2233/2208/4663 2234/2274/3928
f 2234/2274/3928 2235/2146/3929 654/563/3929
f 2139/2275/3932 2140/2255/4596 441/422/374
f 2140/2255/4596 443/426/384 444/424/382
f 441/422/374 2140/2255/4596 444/424/382
f 1501/2195/3776 2274/2194/3775 2272/2317/3933
f 2272/2276/3933 2273/2151/3707 852/1129/3706
f 2266/622/3938 2265/2177/3745 272/134/119
f 272/134/119 273/133/118 2267/624/3937
f 273/133/118 2269/1087/4566 2268/1088/4664
f 2267/624/3937 273/133/118 2268/1088/4664
f 2251/2277/3940 2250/236/4665 94/145/134
f 94/145/134 278/137/122 2252/612/3939
f 278/137/122 275/132/117 2252/612/3939
f 2215/2192/3941 2214/2269/4666 107/178/208
f 107/178/208 342/231/195 2215/2192/3941
f 342/231/195 339/233/197 2212/2278/3729
f 2102/2191/3942 2103/2285/4542 509/2128/3672
f 509/2128/3672 507/508/453 2102/2191/3942
f 507/508/453 2100/2214/4667 2101/2215/3943
f 1077/1693/3812 2142/2200/4610 2143/2279/3944
f 2143/2346/3944 2149/2347/3883 1799/2348/3884
f 483/299/3945 2147/299/4668 2145/299/3946
f 2206/2256/3757 2204/2209/4571 339/233/197
f 339/233/197 340/232/196 2206/2256/3757
f 2099/2281/3943 2100/2214/4667 507/508/453
f 507/508/453 505/510/455 2099/2281/3943
f 490/299/451 2175/299/450 2176/299/451
f 2121/2349/3950 2122/2350/4563 436/2351/358
f 436/411/358 433/406/353 2119/2118/3949
f 433/406/353 2116/1878/4648 2118/2206/4669
f 2119/2118/3949 433/406/353 2118/2206/4669
f 2279/2188/3951 783/897/1145 1372/892/1147
f 2103/2285/3953 2104/2129/4670 934/1408/3954
f 2278/2189/3956 1506/1128/1613 783/897/1628
f 2192/2286/473 2193/2122/3682 518/522/473
f 518/522/473 515/2264/473 2192/2286/473
f 1689/1439/3959 2194/2136/4671 2197/2161/3960
f 2197/2161/3960 2198/2159/4672 1690/1442/3958
f 2198/2159/4672 2199/526/4673 1690/1442/3958
l 306 2207
l 2115 2117
l 2187 2188
l 2123 2124
l 2124 2128
l 2196 2201
l 2157 2159
l 2157 2158
l 302 2208
l 14 89
l 479 2115
l 2207 2216
l 2216 2217
l 2144 2146
