# Blender 4.3.2
# www.blender.org
mtllib llantaizq.mtl
o Hub.001_Circle.006
v -0.840063 0.003557 5.593634
v -0.839710 0.002487 5.593369
v -0.839160 0.001114 5.594903
v -0.839445 0.000365 5.596460
v -0.840319 0.001087 5.596693
v -0.841009 0.001076 5.598794
v -0.840602 0.000146 5.598238
v -0.841992 -0.004380 5.604161
v -0.841529 -0.005001 5.603301
v -0.842172 -0.006045 5.605143
v -0.841699 -0.006572 5.604227
v -0.842524 -0.011509 5.607066
v -0.842575 -0.013428 5.607346
v -0.842593 -0.015367 5.607439
v -0.839066 -0.027768 5.600589
v -0.838837 -0.028924 5.599335
v -0.839970 -0.029156 5.599320
v -0.839716 -0.030199 5.597937
v -0.840709 -0.032807 5.597157
v -0.840319 -0.031821 5.596693
v -0.840020 -0.032604 5.595065
v -0.840063 -0.034291 5.593634
v -0.838863 -0.032437 5.593282
v -0.839710 -0.033221 5.593369
v -0.839724 -0.034762 5.591782
v -0.838557 -0.032862 5.591612
v -0.839390 -0.033665 5.591622
v -0.839378 -0.035047 5.589894
v -0.838245 -0.033119 5.589909
v -0.839063 -0.033934 5.589841
v -0.839029 -0.035142 5.587988
v -0.837930 -0.033205 5.588189
v -0.838679 -0.035047 5.586081
v -0.838333 -0.034762 5.584192
v -0.838078 -0.033665 5.584462
v -0.837994 -0.034291 5.582341
v -0.837349 -0.032807 5.578818
v -0.837049 -0.031810 5.577180
v -0.836866 -0.030880 5.577846
v -0.836768 -0.030653 5.575646
v -0.835891 -0.029156 5.577058
v -0.836601 -0.029789 5.576400
v -0.836509 -0.029350 5.574234
v -0.836065 -0.026353 5.571814
v -0.835257 -0.025277 5.573599
v -0.835885 -0.024689 5.570832
v -0.835095 -0.023776 5.572714
v -0.835768 -0.024162 5.571857
v -0.833911 -0.022079 5.572452
v -0.835736 -0.022934 5.570016
v -0.834960 -0.022193 5.571977
v -0.835627 -0.022507 5.571087
v -0.833807 -0.020458 5.571882
v -0.835618 -0.021107 5.569373
v -0.834854 -0.020545 5.571398
v -0.835516 -0.020783 5.570480
v -0.835533 -0.019225 5.568909
v -0.834777 -0.018847 5.570979
v -0.835436 -0.019007 5.570043
v -0.835482 -0.017305 5.568630
v -0.834730 -0.017115 5.570726
v -0.835387 -0.017195 5.569779
v -0.835465 -0.015367 5.568535
v -0.834715 -0.015367 5.570642
v -0.835371 -0.015367 5.569690
v -0.835482 -0.013428 5.568630
v -0.834730 -0.013618 5.570726
v -0.835387 -0.013538 5.569779
v -0.834777 -0.011887 5.570979
v -0.834854 -0.010189 5.571398
v -0.835627 -0.008227 5.571087
v -0.835885 -0.006045 5.570832
v -0.835768 -0.006572 5.571857
v -0.834203 -0.005623 5.574046
v -0.835257 -0.005456 5.573599
v -0.842524 -0.011509 5.607066
v -0.842172 -0.024689 5.605143
v -0.841992 -0.026354 5.604161
v -0.841549 -0.029350 5.601742
v -0.841290 -0.030654 5.600328
v -0.841009 -0.031810 5.598794
v -0.840709 -0.032808 5.597157
v -0.840063 -0.034291 5.593634
v -0.839910 -0.035550 5.594050
v -0.839374 -0.036847 5.594549
v -0.839724 -0.034763 5.591782
v -0.839548 -0.036053 5.592076
v -0.839378 -0.035047 5.589894
v -0.839179 -0.036356 5.590062
v -0.838679 -0.035047 5.586081
v -0.838333 -0.034763 5.584192
v -0.837994 -0.034291 5.582341
v -0.837352 -0.034852 5.580090
v -0.837349 -0.032808 5.578818
v -0.837015 -0.033967 5.578249
v -0.836293 -0.035163 5.577732
v -0.837049 -0.031810 5.577180
v -0.836694 -0.032903 5.576502
v -0.836768 -0.030654 5.575646
v -0.836395 -0.031670 5.574868
v -0.836508 -0.029350 5.574233
v -0.836065 -0.026354 5.571814
v -0.835885 -0.024689 5.570832
v -0.835454 -0.025309 5.569732
v -0.835736 -0.022935 5.570016
v -0.835618 -0.021107 5.569373
v -0.835533 -0.019225 5.568909
v -0.835885 -0.006044 5.570832
v -0.823969 -0.026493 5.576963
v -0.823784 -0.025111 5.575954
v -0.823625 -0.023634 5.575084
v -0.823492 -0.022079 5.574360
v 0.198674 0.022005 0.007904
v 0.197016 0.018300 0.007600
v 0.198453 0.020690 0.007863
v 0.197846 0.019334 0.007752
v 0.196422 0.018138 0.010846
v 0.198014 0.021825 0.011507
v 0.197233 0.019167 0.011097
v 0.197816 0.020516 0.011339
v 0.195833 0.017653 0.014061
v 0.197360 0.021287 0.015075
v 0.196626 0.018667 0.014411
v 0.197185 0.019997 0.014782
v 0.195255 0.016850 0.017213
v 0.196719 0.020396 0.018574
v 0.196030 0.017840 0.017660
v 0.196566 0.019137 0.018158
v 0.194694 0.015737 0.020273
v 0.196096 0.019160 0.021972
v 0.195452 0.016692 0.020814
v 0.195966 0.017945 0.021436
v 0.194156 0.014325 0.023210
v 0.195499 0.017592 0.025232
v 0.194898 0.015236 0.023841
v 0.195389 0.016432 0.024582
v 0.193646 0.012626 0.025998
v 0.194932 0.015707 0.028327
v 0.194371 0.013486 0.026715
v 0.194842 0.014613 0.027567
v 0.193167 0.010658 0.028607
v 0.194401 0.013522 0.031224
v 0.193878 0.011457 0.029405
v 0.194330 0.012505 0.030363
v 0.192726 0.008439 0.031016
v 0.193911 0.011059 0.033897
v 0.193424 0.009170 0.031886
v 0.193858 0.010129 0.032941
v 0.192326 0.005991 0.033199
v 0.193467 0.008342 0.036320
v 0.193011 0.006647 0.034137
v 0.193429 0.007507 0.035279
v 0.191971 0.003337 0.035135
v 0.193074 0.005396 0.038468
v 0.192646 0.003912 0.036132
v 0.193050 0.004665 0.037353
v 0.191665 0.000504 0.036805
v 0.192734 0.002250 0.040322
v 0.192330 0.000991 0.037854
v 0.192722 0.001631 0.039142
v 0.191411 -0.002483 0.038195
v 0.192451 -0.001065 0.041865
v 0.192068 -0.002088 0.039285
v 0.192449 -0.001569 0.040629
v 0.191210 -0.005594 0.039290
v 0.192229 -0.004518 0.043080
v 0.191861 -0.005294 0.040414
v 0.192234 -0.004900 0.041802
v 0.191066 -0.008799 0.040079
v 0.192068 -0.008076 0.043958
v 0.191712 -0.008597 0.041229
v 0.192079 -0.008332 0.042648
v 0.190978 -0.012067 0.040556
v 0.191971 -0.011704 0.044487
v 0.191622 -0.011965 0.041720
v 0.191986 -0.011833 0.043158
v 0.190949 -0.015367 0.040715
v 0.191939 -0.015367 0.044664
v 0.191592 -0.015367 0.041884
v 0.191955 -0.015367 0.043329
v 0.190978 -0.018667 0.040556
v 0.191971 -0.019030 0.044487
v 0.191622 -0.018768 0.041720
v 0.191986 -0.018901 0.043158
v 0.191066 -0.021935 0.040079
v 0.192068 -0.022658 0.043958
v 0.191712 -0.022137 0.041229
v 0.192079 -0.022401 0.042648
v 0.191210 -0.025140 0.039290
v 0.192229 -0.026215 0.043080
v 0.191861 -0.025440 0.040414
v 0.192234 -0.025833 0.041802
v 0.191411 -0.028250 0.038195
v 0.192451 -0.029668 0.041865
v 0.192068 -0.028646 0.039285
v 0.192449 -0.029165 0.040629
v 0.191665 -0.031237 0.036805
v 0.192734 -0.032984 0.040322
v 0.192330 -0.031725 0.037854
v 0.192722 -0.032364 0.039142
v 0.191971 -0.034071 0.035135
v 0.193074 -0.036129 0.038468
v 0.192646 -0.034645 0.036132
v 0.193050 -0.035399 0.037353
v 0.192326 -0.036725 0.033199
v 0.193467 -0.039075 0.036320
v 0.193011 -0.037380 0.034137
v 0.193429 -0.038241 0.035279
v 0.192726 -0.039173 0.031016
v 0.193911 -0.041793 0.033897
v 0.193424 -0.039903 0.031886
v 0.193858 -0.040862 0.032941
v 0.193167 -0.041391 0.028607
v 0.194401 -0.044255 0.031224
v 0.193878 -0.042190 0.029405
v 0.194330 -0.043239 0.030363
v 0.193646 -0.043359 0.025997
v 0.194932 -0.046440 0.028326
v 0.194371 -0.044219 0.026714
v 0.194843 -0.045347 0.027566
v 0.194156 -0.045058 0.023210
v 0.195499 -0.048326 0.025232
v 0.194898 -0.045970 0.023841
v 0.195389 -0.047166 0.024582
v 0.194694 -0.046471 0.020273
v 0.196096 -0.049894 0.021972
v 0.195452 -0.047426 0.020814
v 0.195966 -0.048679 0.021436
v 0.195255 -0.047584 0.017213
v 0.196719 -0.051129 0.018574
v 0.196030 -0.048573 0.017660
v 0.196566 -0.049871 0.018158
v 0.195833 -0.048386 0.014061
v 0.197360 -0.052020 0.015075
v 0.196626 -0.049400 0.014411
v 0.197185 -0.050731 0.014782
v 0.196422 -0.048871 0.010846
v 0.198014 -0.052559 0.011507
v 0.197233 -0.049900 0.011097
v 0.197816 -0.051250 0.011339
v 0.197016 -0.049033 0.007600
v 0.198674 -0.052738 0.007904
v 0.197846 -0.050067 0.007752
v 0.198453 -0.051423 0.007863
v 0.197611 -0.048871 0.004354
v 0.199334 -0.052559 0.004300
v 0.198459 -0.049900 0.004406
v 0.199089 -0.051250 0.004387
v 0.198200 -0.048386 0.001139
v 0.199988 -0.052020 0.000732
v 0.199066 -0.049400 0.001093
v 0.199720 -0.050731 0.000943
v 0.198778 -0.047584 -0.002013
v 0.200629 -0.051129 -0.002768
v 0.199661 -0.048573 -0.002156
v 0.200339 -0.049871 -0.002432
v 0.199338 -0.046471 -0.005073
v 0.201251 -0.049894 -0.006164
v 0.200239 -0.047426 -0.005310
v 0.200939 -0.048679 -0.005710
v 0.199877 -0.045058 -0.008011
v 0.201849 -0.048326 -0.009425
v 0.200794 -0.045970 -0.008338
v 0.201516 -0.047166 -0.008855
v 0.200387 -0.043359 -0.010798
v 0.202416 -0.046440 -0.012519
v 0.201320 -0.044219 -0.011211
v 0.202063 -0.045347 -0.011841
v 0.200866 -0.041391 -0.013408
v 0.202947 -0.044255 -0.015417
v 0.201813 -0.042190 -0.013901
v 0.202575 -0.043239 -0.014636
v 0.201307 -0.039173 -0.015816
v 0.203436 -0.041793 -0.018089
v 0.202268 -0.039903 -0.016383
v 0.203048 -0.040862 -0.017215
v 0.201707 -0.036725 -0.017999
v 0.203880 -0.039075 -0.020512
v 0.202680 -0.037380 -0.018634
v 0.203476 -0.038241 -0.019553
v 0.202061 -0.034071 -0.019935
v 0.204274 -0.036129 -0.022661
v 0.203046 -0.034645 -0.020628
v 0.203856 -0.035399 -0.021627
v 0.202367 -0.031237 -0.021605
v 0.204614 -0.032984 -0.024516
v 0.203361 -0.031725 -0.022351
v 0.204183 -0.032364 -0.023415
v 0.202622 -0.028250 -0.022994
v 0.204896 -0.029668 -0.026058
v 0.203623 -0.028646 -0.023782
v 0.204456 -0.029165 -0.024903
v 0.202823 -0.025140 -0.024090
v 0.205119 -0.026215 -0.027273
v 0.203830 -0.025440 -0.024911
v 0.204671 -0.025833 -0.026077
v 0.202967 -0.021935 -0.024879
v 0.205280 -0.022658 -0.028150
v 0.203979 -0.022137 -0.025726
v 0.204826 -0.022401 -0.026923
v 0.203055 -0.018667 -0.025356
v 0.205377 -0.019030 -0.028679
v 0.204069 -0.018768 -0.026216
v 0.204919 -0.018901 -0.027432
v 0.203084 -0.015367 -0.025515
v 0.205409 -0.015367 -0.028856
v 0.204099 -0.015367 -0.026380
v 0.204951 -0.015367 -0.027603
v 0.203055 -0.012067 -0.025356
v 0.205377 -0.011704 -0.028679
v 0.204069 -0.011966 -0.026216
v 0.204919 -0.011833 -0.027432
v 0.202967 -0.008799 -0.024879
v 0.205280 -0.008076 -0.028150
v 0.203979 -0.008597 -0.025726
v 0.204826 -0.008332 -0.026923
v 0.202823 -0.005594 -0.024090
v 0.205119 -0.004518 -0.027273
v 0.203830 -0.005294 -0.024911
v 0.204671 -0.004900 -0.026077
v 0.202622 -0.002483 -0.022994
v 0.204896 -0.001065 -0.026058
v 0.203623 -0.002088 -0.023782
v 0.204456 -0.001569 -0.024903
v 0.202367 0.000504 -0.021605
v 0.204614 0.002250 -0.024516
v 0.203361 0.000991 -0.022351
v 0.204183 0.001631 -0.023415
v 0.202061 0.003337 -0.019935
v 0.204274 0.005396 -0.022661
v 0.203046 0.003912 -0.020628
v 0.203856 0.004665 -0.021627
v 0.201707 0.005991 -0.017999
v 0.203880 0.008342 -0.020512
v 0.202680 0.006647 -0.018634
v 0.203476 0.007507 -0.019553
v 0.201307 0.008439 -0.015816
v 0.203436 0.011059 -0.018089
v 0.202268 0.009170 -0.016383
v 0.203048 0.010129 -0.017215
v 0.200866 0.010658 -0.013408
v 0.202947 0.013522 -0.015417
v 0.201813 0.011457 -0.013901
v 0.202575 0.012505 -0.014636
v 0.200387 0.012626 -0.010799
v 0.202416 0.015707 -0.012519
v 0.201320 0.013486 -0.011211
v 0.202063 0.014613 -0.011842
v 0.199877 0.014324 -0.008011
v 0.201849 0.017592 -0.009425
v 0.200794 0.015236 -0.008338
v 0.201516 0.016432 -0.008855
v 0.199338 0.015737 -0.005073
v 0.201251 0.019160 -0.006164
v 0.200239 0.016692 -0.005310
v 0.200939 0.017945 -0.005710
v 0.198778 0.016850 -0.002013
v 0.200629 0.020396 -0.002768
v 0.199661 0.017839 -0.002156
v 0.200339 0.019137 -0.002432
v 0.198200 0.017653 0.001139
v 0.199988 0.021287 0.000732
v 0.199066 0.018667 0.001093
v 0.199720 0.019997 0.000943
v 0.197611 0.018138 0.004354
v 0.199334 0.021825 0.004300
v 0.198459 0.019167 0.004406
v 0.199089 0.020516 0.004387
v 0.126914 0.086629 0.004968
v 0.124756 0.084403 0.004350
v 0.125820 0.086330 0.004738
v 0.125030 0.085516 0.004512
v 0.126527 0.084885 -0.005315
v 0.128724 0.087122 -0.004912
v 0.126821 0.086004 -0.005261
v 0.127626 0.086823 -0.005114
v 0.125121 0.085153 0.014754
v 0.123002 0.082959 0.013923
v 0.124033 0.084859 0.014496
v 0.123257 0.084056 0.014191
v 0.123363 0.082709 0.024350
v 0.121282 0.080569 0.023309
v 0.122280 0.082422 0.024064
v 0.121518 0.081639 0.023683
v 0.121656 0.079321 0.033666
v 0.119613 0.077254 0.032423
v 0.120578 0.079044 0.033352
v 0.119830 0.078287 0.032897
v 0.120017 0.075020 0.042610
v 0.118010 0.073047 0.041170
v 0.118944 0.074756 0.042268
v 0.118209 0.074034 0.041742
v 0.118462 0.069850 0.051095
v 0.116489 0.067991 0.049468
v 0.117394 0.069601 0.050730
v 0.116671 0.068920 0.050135
v 0.117007 0.063858 0.059041
v 0.115065 0.062128 0.057244
v 0.115942 0.063626 0.058653
v 0.115231 0.062993 0.057996
v 0.115663 0.057104 0.066372
v 0.113752 0.055523 0.064411
v 0.114603 0.056892 0.065961
v 0.113903 0.056314 0.065244
v 0.114446 0.049652 0.073014
v 0.112561 0.048233 0.070911
v 0.113389 0.049461 0.072586
v 0.112699 0.048942 0.071816
v 0.113367 0.041573 0.078908
v 0.111504 0.040330 0.076676
v 0.112313 0.041406 0.078462
v 0.111631 0.040951 0.077645
v 0.112435 0.032946 0.083995
v 0.110593 0.031892 0.081651
v 0.111383 0.032805 0.083534
v 0.110709 0.032419 0.082675
v 0.111660 0.023854 0.088224
v 0.109835 0.022997 0.085789
v 0.110611 0.023739 0.087751
v 0.109942 0.023426 0.086860
v 0.111049 0.014384 0.091557
v 0.109238 0.013736 0.089048
v 0.110002 0.014297 0.091073
v 0.109339 0.014060 0.090155
v 0.110608 0.004628 0.093962
v 0.108807 0.004194 0.091400
v 0.109563 0.004570 0.093470
v 0.108903 0.004411 0.092533
v 0.110343 -0.005321 0.095412
v 0.108546 -0.005543 0.092820
v 0.109298 -0.005351 0.094917
v 0.108640 -0.005432 0.093968
v 0.110254 -0.015367 0.095898
v 0.108459 -0.015367 0.093296
v 0.109209 -0.015367 0.095402
v 0.108552 -0.015367 0.094449
v 0.110343 -0.025412 0.095412
v 0.108546 -0.025191 0.092820
v 0.109298 -0.025383 0.094917
v 0.108640 -0.025301 0.093968
v 0.110608 -0.035361 0.093962
v 0.108807 -0.034927 0.091400
v 0.109563 -0.035303 0.093470
v 0.108903 -0.035144 0.092533
v 0.111049 -0.045118 0.091557
v 0.109238 -0.044469 0.089048
v 0.110002 -0.045031 0.091073
v 0.109339 -0.044793 0.090155
v 0.111660 -0.054588 0.088224
v 0.109835 -0.053730 0.085789
v 0.110611 -0.054473 0.087751
v 0.109942 -0.054159 0.086860
v 0.112435 -0.063680 0.083995
v 0.110593 -0.062625 0.081651
v 0.111383 -0.063538 0.083534
v 0.110709 -0.063152 0.082675
v 0.113367 -0.072307 0.078908
v 0.111504 -0.071064 0.076676
v 0.112313 -0.072140 0.078462
v 0.111631 -0.071685 0.077645
v 0.114446 -0.080385 0.073014
v 0.112561 -0.078966 0.070911
v 0.113389 -0.080195 0.072586
v 0.112699 -0.079675 0.071816
v 0.115663 -0.087837 0.066372
v 0.113752 -0.086257 0.064411
v 0.114603 -0.087625 0.065961
v 0.113903 -0.087047 0.065244
v 0.117007 -0.094592 0.059041
v 0.115065 -0.092861 0.057244
v 0.115942 -0.094360 0.058653
v 0.115231 -0.093726 0.057996
v 0.118463 -0.100583 0.051094
v 0.116489 -0.098723 0.049470
v 0.117394 -0.100334 0.050730
v 0.116671 -0.099653 0.050135
v 0.120017 -0.105754 0.042610
v 0.118010 -0.103782 0.041168
v 0.118944 -0.105489 0.042268
v 0.118209 -0.104768 0.041740
v 0.121656 -0.110054 0.033666
v 0.119613 -0.107987 0.032423
v 0.120578 -0.109777 0.033352
v 0.119830 -0.109021 0.032897
v 0.123363 -0.113442 0.024350
v 0.121282 -0.111302 0.023309
v 0.122280 -0.113156 0.024064
v 0.121518 -0.112372 0.023683
v 0.125121 -0.115886 0.014754
v 0.123002 -0.113692 0.013923
v 0.124033 -0.115592 0.014496
v 0.123257 -0.114789 0.014191
v 0.126914 -0.117362 0.004968
v 0.124756 -0.115136 0.004350
v 0.125820 -0.117064 0.004738
v 0.125030 -0.116249 0.004512
v 0.128724 -0.117856 -0.004912
v 0.126527 -0.115619 -0.005315
v 0.127626 -0.117556 -0.005114
v 0.126821 -0.116737 -0.005261
v 0.130535 -0.117362 -0.014794
v 0.128298 -0.115136 -0.014980
v 0.129431 -0.117064 -0.014966
v 0.128612 -0.116249 -0.015034
v 0.132328 -0.115886 -0.024580
v 0.130052 -0.113692 -0.024554
v 0.131218 -0.115592 -0.024723
v 0.130385 -0.114789 -0.024713
v 0.134086 -0.113442 -0.034176
v 0.131772 -0.111302 -0.033940
v 0.132972 -0.113156 -0.034293
v 0.132124 -0.112372 -0.034206
v 0.135793 -0.110054 -0.043491
v 0.133441 -0.107987 -0.043054
v 0.134674 -0.109777 -0.043580
v 0.133812 -0.109021 -0.043420
v 0.137431 -0.105754 -0.052434
v 0.135044 -0.103781 -0.051800
v 0.136307 -0.105489 -0.052497
v 0.135433 -0.104767 -0.052265
v 0.138986 -0.100583 -0.060920
v 0.136565 -0.098724 -0.060099
v 0.137858 -0.100334 -0.060958
v 0.136971 -0.099654 -0.060657
v 0.140442 -0.094592 -0.068867
v 0.137989 -0.092862 -0.067875
v 0.139309 -0.094360 -0.068881
v 0.138411 -0.093727 -0.068518
v 0.141785 -0.087837 -0.076197
v 0.139302 -0.086257 -0.075042
v 0.140648 -0.087625 -0.076190
v 0.139739 -0.087047 -0.075767
v 0.143002 -0.080385 -0.082840
v 0.140493 -0.078966 -0.081542
v 0.141862 -0.080195 -0.082813
v 0.140943 -0.079675 -0.082339
v 0.144082 -0.072306 -0.088734
v 0.141549 -0.071064 -0.087306
v 0.142938 -0.072140 -0.088689
v 0.142011 -0.071685 -0.088168
v 0.145014 -0.063680 -0.093819
v 0.142461 -0.062625 -0.092282
v 0.143868 -0.063538 -0.093761
v 0.142933 -0.063152 -0.093198
v 0.145789 -0.054587 -0.098050
v 0.143219 -0.053730 -0.096420
v 0.144641 -0.054473 -0.097979
v 0.143700 -0.054159 -0.097383
v 0.146400 -0.045118 -0.101382
v 0.143816 -0.044469 -0.099679
v 0.145249 -0.045031 -0.101300
v 0.144303 -0.044793 -0.100678
v 0.146840 -0.035361 -0.103786
v 0.144247 -0.034927 -0.102030
v 0.145689 -0.035303 -0.103699
v 0.144739 -0.035144 -0.103056
v 0.147106 -0.025412 -0.105238
v 0.144508 -0.025191 -0.103451
v 0.145954 -0.025383 -0.105146
v 0.145002 -0.025301 -0.104491
v 0.147195 -0.015367 -0.105723
v 0.144594 -0.015367 -0.103925
v 0.146042 -0.015367 -0.105629
v 0.145090 -0.015367 -0.104971
v 0.147106 -0.005321 -0.105238
v 0.144508 -0.005543 -0.103451
v 0.145954 -0.005351 -0.105146
v 0.145002 -0.005432 -0.104491
v 0.146840 0.004628 -0.103786
v 0.144247 0.004193 -0.102030
v 0.145689 0.004570 -0.103699
v 0.144739 0.004411 -0.103056
v 0.146400 0.014384 -0.101382
v 0.143816 0.013735 -0.099679
v 0.145249 0.014297 -0.101300
v 0.144303 0.014060 -0.100678
v 0.145789 0.023854 -0.098050
v 0.143219 0.022996 -0.096420
v 0.144641 0.023739 -0.097979
v 0.143700 0.023425 -0.097383
v 0.145014 0.032946 -0.093819
v 0.142461 0.031892 -0.092282
v 0.143868 0.032805 -0.093761
v 0.142933 0.032419 -0.093198
v 0.144082 0.041573 -0.088734
v 0.141550 0.040329 -0.087308
v 0.142939 0.041407 -0.088691
v 0.142011 0.040951 -0.088169
v 0.143002 0.049651 -0.082840
v 0.140493 0.048233 -0.081542
v 0.141862 0.049461 -0.082813
v 0.140943 0.048942 -0.082339
v 0.141785 0.057104 -0.076197
v 0.139302 0.055523 -0.075042
v 0.140648 0.056892 -0.076190
v 0.139739 0.056313 -0.075767
v 0.140442 0.063858 -0.068867
v 0.137989 0.062128 -0.067875
v 0.139309 0.063626 -0.068881
v 0.138411 0.062993 -0.068518
v 0.138986 0.069850 -0.060920
v 0.136565 0.067991 -0.060099
v 0.137858 0.069601 -0.060958
v 0.136971 0.068920 -0.060657
v 0.137431 0.075020 -0.052434
v 0.135044 0.073047 -0.051800
v 0.136307 0.074756 -0.052497
v 0.135433 0.074034 -0.052265
v 0.135793 0.079321 -0.043491
v 0.133441 0.077254 -0.043054
v 0.134674 0.079044 -0.043580
v 0.133812 0.078287 -0.043420
v 0.134086 0.082709 -0.034176
v 0.131772 0.080569 -0.033940
v 0.132972 0.082422 -0.034293
v 0.132124 0.081639 -0.034206
v 0.132328 0.085153 -0.024580
v 0.130052 0.082959 -0.024554
v 0.131219 0.084859 -0.024724
v 0.130385 0.084056 -0.024714
v 0.130535 0.086629 -0.014795
v 0.128298 0.084403 -0.014981
v 0.129431 0.086330 -0.014967
v 0.128612 0.085516 -0.015034
v 0.196903 0.084403 0.017569
v 0.194666 0.086629 0.017382
v 0.196589 0.085516 0.017623
v 0.195770 0.086330 0.017555
v 0.196477 0.087122 0.007501
v 0.198674 0.084885 0.007904
v 0.197575 0.086823 0.007702
v 0.198380 0.086004 0.007850
v 0.195149 0.082959 0.027142
v 0.192873 0.085153 0.027168
v 0.194816 0.084056 0.027302
v 0.193982 0.084859 0.027312
v 0.193429 0.080569 0.036528
v 0.191115 0.082709 0.036764
v 0.193077 0.081639 0.036794
v 0.192229 0.082422 0.036880
v 0.191760 0.077254 0.045640
v 0.189408 0.079321 0.046080
v 0.191389 0.078287 0.046007
v 0.190527 0.079044 0.046168
v 0.190157 0.073048 0.054388
v 0.187770 0.075020 0.055023
v 0.189768 0.074034 0.054853
v 0.188894 0.074756 0.055085
v 0.188636 0.067990 0.062689
v 0.186215 0.069850 0.063509
v 0.188230 0.068920 0.063247
v 0.187344 0.069601 0.063546
v 0.187212 0.062129 0.070462
v 0.184759 0.063858 0.071455
v 0.186790 0.062994 0.071106
v 0.185892 0.063627 0.071469
v 0.185898 0.055522 0.077632
v 0.183416 0.057104 0.078786
v 0.185462 0.056313 0.078355
v 0.184553 0.056892 0.078778
v 0.184708 0.048233 0.084130
v 0.182199 0.049652 0.085428
v 0.184258 0.048942 0.084927
v 0.183339 0.049461 0.085402
v 0.183651 0.040330 0.089895
v 0.181119 0.041573 0.091322
v 0.183190 0.040952 0.090756
v 0.182262 0.041407 0.091278
v 0.182740 0.031892 0.094870
v 0.180187 0.032946 0.096408
v 0.182268 0.032419 0.095786
v 0.181333 0.032805 0.096350
v 0.181982 0.022998 0.099008
v 0.179412 0.023854 0.100638
v 0.181501 0.023426 0.099971
v 0.180561 0.023739 0.100567
v 0.181384 0.013735 0.102268
v 0.178801 0.014384 0.103970
v 0.180897 0.014060 0.103267
v 0.179952 0.014297 0.103890
v 0.180953 0.004191 0.104620
v 0.178361 0.004628 0.106375
v 0.180462 0.004410 0.105644
v 0.179513 0.004569 0.106287
v 0.180693 -0.005540 0.106039
v 0.178095 -0.005321 0.107826
v 0.180199 -0.005431 0.107080
v 0.179247 -0.005350 0.107735
v 0.180606 -0.015367 0.106514
v 0.178006 -0.015367 0.108312
v 0.180111 -0.015367 0.107560
v 0.179159 -0.015367 0.108218
v 0.180693 -0.025193 0.106039
v 0.178095 -0.025412 0.107826
v 0.180199 -0.025303 0.107080
v 0.179247 -0.025383 0.107735
v 0.180953 -0.034925 0.104620
v 0.178361 -0.035361 0.106375
v 0.180462 -0.035143 0.105644
v 0.179513 -0.035303 0.106287
v 0.181384 -0.044468 0.102268
v 0.178801 -0.045118 0.103970
v 0.180897 -0.044793 0.103267
v 0.179952 -0.045031 0.103890
v 0.181982 -0.053732 0.099008
v 0.179412 -0.054588 0.100638
v 0.181501 -0.054160 0.099971
v 0.180561 -0.054473 0.100567
v 0.182740 -0.062625 0.094870
v 0.180187 -0.063680 0.096408
v 0.182268 -0.063152 0.095786
v 0.181333 -0.063538 0.096350
v 0.183651 -0.071064 0.089895
v 0.181119 -0.072307 0.091322
v 0.183190 -0.071685 0.090756
v 0.182262 -0.072140 0.091278
v 0.184708 -0.078966 0.084130
v 0.182199 -0.080385 0.085428
v 0.184258 -0.079675 0.084927
v 0.183339 -0.080195 0.085402
v 0.185898 -0.086256 0.077632
v 0.183416 -0.087837 0.078786
v 0.185462 -0.087046 0.078355
v 0.184553 -0.087625 0.078779
v 0.187212 -0.092863 0.070462
v 0.184759 -0.094592 0.071455
v 0.186790 -0.093727 0.071106
v 0.185892 -0.094360 0.071469
v 0.188636 -0.098723 0.062688
v 0.186215 -0.100583 0.063508
v 0.188230 -0.099653 0.063246
v 0.187344 -0.100334 0.063546
v 0.190157 -0.103781 0.054388
v 0.187770 -0.105754 0.055023
v 0.189768 -0.104767 0.054853
v 0.188894 -0.105490 0.055085
v 0.191760 -0.107988 0.045640
v 0.189408 -0.110054 0.046080
v 0.191389 -0.109021 0.046007
v 0.190527 -0.109777 0.046168
v 0.193429 -0.111302 0.036528
v 0.191115 -0.113442 0.036764
v 0.193077 -0.112372 0.036794
v 0.192229 -0.113156 0.036880
v 0.195149 -0.113692 0.027142
v 0.192873 -0.115886 0.027168
v 0.194816 -0.114789 0.027302
v 0.193982 -0.115592 0.027312
v 0.196903 -0.115136 0.017569
v 0.194666 -0.117362 0.017382
v 0.196589 -0.116249 0.017623
v 0.195770 -0.117064 0.017555
v 0.198674 -0.115619 0.007904
v 0.196477 -0.117856 0.007501
v 0.198380 -0.116737 0.007850
v 0.197575 -0.117556 0.007702
v 0.200445 -0.115136 -0.001761
v 0.198287 -0.117362 -0.002380
v 0.200171 -0.116249 -0.001923
v 0.199380 -0.117064 -0.002149
v 0.202199 -0.113692 -0.011335
v 0.200080 -0.115886 -0.012166
v 0.201944 -0.114789 -0.011602
v 0.201168 -0.115592 -0.011907
v 0.203919 -0.111302 -0.020722
v 0.201838 -0.113442 -0.021763
v 0.203683 -0.112372 -0.021095
v 0.202922 -0.113155 -0.021477
v 0.205588 -0.107988 -0.029833
v 0.203545 -0.110054 -0.031077
v 0.205371 -0.109021 -0.030308
v 0.204623 -0.109777 -0.030764
v 0.207191 -0.103781 -0.038581
v 0.205184 -0.105754 -0.040021
v 0.206992 -0.104767 -0.039154
v 0.206257 -0.105489 -0.039681
v 0.208712 -0.098723 -0.046882
v 0.206738 -0.100583 -0.048506
v 0.208530 -0.099653 -0.047547
v 0.207807 -0.100334 -0.048142
v 0.210136 -0.092863 -0.054655
v 0.208194 -0.094592 -0.056453
v 0.209970 -0.093727 -0.055406
v 0.209259 -0.094360 -0.056065
v 0.211450 -0.086256 -0.061825
v 0.209537 -0.087837 -0.063783
v 0.211298 -0.087046 -0.062656
v 0.210598 -0.087625 -0.063374
v 0.212640 -0.078966 -0.068323
v 0.210755 -0.080385 -0.070426
v 0.212502 -0.079675 -0.069228
v 0.211811 -0.080195 -0.069997
v 0.213696 -0.071064 -0.074087
v 0.211835 -0.072306 -0.076320
v 0.213570 -0.071685 -0.075057
v 0.212888 -0.072140 -0.075873
v 0.214608 -0.062625 -0.079063
v 0.212766 -0.063680 -0.081406
v 0.214492 -0.063152 -0.080087
v 0.213817 -0.063538 -0.080945
v 0.215366 -0.053731 -0.083200
v 0.213541 -0.054587 -0.085636
v 0.215259 -0.054160 -0.084271
v 0.214590 -0.054473 -0.085163
v 0.215963 -0.044468 -0.086460
v 0.214152 -0.045118 -0.088969
v 0.215862 -0.044793 -0.087568
v 0.215199 -0.045031 -0.088485
v 0.216394 -0.034925 -0.088812
v 0.214592 -0.035361 -0.091373
v 0.216298 -0.035143 -0.089945
v 0.215638 -0.035303 -0.090882
v 0.216654 -0.025193 -0.090231
v 0.214858 -0.025412 -0.092825
v 0.216561 -0.025303 -0.091381
v 0.215903 -0.025383 -0.092330
v 0.216742 -0.015367 -0.090707
v 0.214947 -0.015367 -0.093310
v 0.216649 -0.015367 -0.091860
v 0.215992 -0.015367 -0.092813
v 0.216654 -0.005540 -0.090231
v 0.214858 -0.005321 -0.092825
v 0.216561 -0.005431 -0.091381
v 0.215903 -0.005350 -0.092330
v 0.216394 0.004191 -0.088812
v 0.214592 0.004628 -0.091373
v 0.216298 0.004410 -0.089945
v 0.215638 0.004569 -0.090882
v 0.215963 0.013735 -0.086460
v 0.214152 0.014384 -0.088969
v 0.215862 0.014059 -0.087568
v 0.215199 0.014297 -0.088485
v 0.215366 0.022998 -0.083200
v 0.213541 0.023854 -0.085636
v 0.215259 0.023426 -0.084271
v 0.214590 0.023739 -0.085163
v 0.214608 0.031892 -0.079063
v 0.212766 0.032946 -0.081406
v 0.214492 0.032419 -0.080087
v 0.213817 0.032805 -0.080945
v 0.213697 0.040330 -0.074088
v 0.211835 0.041573 -0.076320
v 0.213570 0.040952 -0.075057
v 0.212888 0.041406 -0.075874
v 0.212640 0.048232 -0.068323
v 0.210755 0.049651 -0.070426
v 0.212502 0.048942 -0.069228
v 0.211811 0.049461 -0.069997
v 0.211450 0.055522 -0.061825
v 0.209537 0.057104 -0.063783
v 0.211298 0.056313 -0.062656
v 0.210598 0.056892 -0.063374
v 0.210136 0.062129 -0.054655
v 0.208194 0.063858 -0.056453
v 0.209970 0.062994 -0.055406
v 0.209259 0.063627 -0.056065
v 0.208712 0.067990 -0.046882
v 0.206738 0.069850 -0.048506
v 0.208530 0.068920 -0.047547
v 0.207807 0.069601 -0.048142
v 0.207191 0.073048 -0.038581
v 0.205184 0.075020 -0.040021
v 0.206992 0.074034 -0.039154
v 0.206257 0.074756 -0.039681
v 0.205588 0.077254 -0.029833
v 0.203545 0.079321 -0.031077
v 0.205371 0.078287 -0.030308
v 0.204623 0.079044 -0.030764
v 0.203919 0.080568 -0.020722
v 0.201838 0.082709 -0.021763
v 0.203683 0.081639 -0.021095
v 0.202922 0.082422 -0.021477
v 0.202199 0.082959 -0.011335
v 0.200080 0.085153 -0.012166
v 0.201944 0.084056 -0.011603
v 0.201168 0.084859 -0.011908
v 0.200445 0.084403 -0.001762
v 0.198287 0.086629 -0.002381
v 0.200171 0.085516 -0.001923
v 0.199381 0.086330 -0.002150
v 0.185749 0.002088 0.007283
v 0.183511 0.004314 0.007096
v 0.184644 0.002386 0.007110
v 0.183826 0.003201 0.007042
v 0.183861 0.004409 0.005190
v 0.186059 0.002172 0.005592
v 0.184156 0.003290 0.005244
v 0.184959 0.002472 0.005391
v 0.185442 0.001835 0.008958
v 0.183165 0.004029 0.008985
v 0.184332 0.002129 0.008814
v 0.183500 0.002932 0.008823
v 0.185141 0.001417 0.010600
v 0.182826 0.003557 0.010836
v 0.184026 0.001704 0.010484
v 0.183180 0.002487 0.010571
v 0.184849 0.000837 0.012194
v 0.182497 0.002903 0.012634
v 0.183729 0.001114 0.012105
v 0.182869 0.001871 0.012267
v 0.184569 0.000101 0.013724
v 0.182181 0.002074 0.014359
v 0.183444 0.000365 0.013662
v 0.182571 0.001087 0.013895
v 0.184303 -0.000784 0.015177
v 0.181881 0.001076 0.015996
v 0.183173 -0.000535 0.015139
v 0.182288 0.000146 0.015439
v 0.184054 -0.001809 0.016536
v 0.181600 -0.000080 0.017529
v 0.182920 -0.001577 0.016522
v 0.182023 -0.000944 0.016886
v 0.183824 -0.002965 0.017790
v 0.181341 -0.001383 0.018944
v 0.182686 -0.002753 0.017797
v 0.181778 -0.002174 0.018221
v 0.183616 -0.004240 0.018928
v 0.181106 -0.002821 0.020226
v 0.182474 -0.004050 0.018954
v 0.181556 -0.003531 0.019430
v 0.183431 -0.005623 0.019937
v 0.180897 -0.004380 0.021363
v 0.182286 -0.005456 0.019980
v 0.181360 -0.005001 0.020502
v 0.183271 -0.007099 0.020807
v 0.180718 -0.006045 0.022344
v 0.182124 -0.006958 0.020865
v 0.181190 -0.006572 0.021428
v 0.183139 -0.008655 0.021530
v 0.180568 -0.007799 0.023161
v 0.181989 -0.008540 0.021601
v 0.181049 -0.008227 0.022199
v 0.183034 -0.010275 0.022101
v 0.180450 -0.009626 0.023804
v 0.181883 -0.010189 0.022182
v 0.180938 -0.009951 0.022804
v 0.182959 -0.011945 0.022512
v 0.180365 -0.011509 0.024267
v 0.181806 -0.011887 0.022601
v 0.180858 -0.011727 0.023243
v 0.182913 -0.013648 0.022761
v 0.180314 -0.013428 0.024547
v 0.181760 -0.013618 0.022852
v 0.180809 -0.013538 0.023507
v 0.182898 -0.015367 0.022843
v 0.180297 -0.015367 0.024641
v 0.181745 -0.015367 0.022936
v 0.180793 -0.015367 0.023594
v 0.182913 -0.017086 0.022761
v 0.180314 -0.017305 0.024547
v 0.181760 -0.017115 0.022852
v 0.180809 -0.017195 0.023507
v 0.182959 -0.018788 0.022512
v 0.180365 -0.019225 0.024267
v 0.181806 -0.018847 0.022601
v 0.180858 -0.019007 0.023243
v 0.183034 -0.020458 0.022101
v 0.180450 -0.021107 0.023804
v 0.181883 -0.020545 0.022182
v 0.180938 -0.020783 0.022804
v 0.183139 -0.022079 0.021530
v 0.180568 -0.022935 0.023161
v 0.181989 -0.022193 0.021601
v 0.181049 -0.022507 0.022199
v 0.183271 -0.023634 0.020807
v 0.180718 -0.024689 0.022344
v 0.182124 -0.023776 0.020865
v 0.181190 -0.024162 0.021428
v 0.183431 -0.025111 0.019937
v 0.180897 -0.026353 0.021363
v 0.182286 -0.025277 0.019980
v 0.181360 -0.025732 0.020502
v 0.183616 -0.026493 0.018928
v 0.181106 -0.027912 0.020226
v 0.182474 -0.026683 0.018954
v 0.181556 -0.027203 0.019430
v 0.183824 -0.027768 0.017790
v 0.181341 -0.029350 0.018944
v 0.182686 -0.027980 0.017797
v 0.181778 -0.028559 0.018221
v 0.184054 -0.028924 0.016536
v 0.181600 -0.030653 0.017529
v 0.182920 -0.029156 0.016522
v 0.182023 -0.029789 0.016886
v 0.184303 -0.029950 0.015177
v 0.181881 -0.031810 0.015996
v 0.183173 -0.030199 0.015139
v 0.182288 -0.030879 0.015439
v 0.184569 -0.030835 0.013724
v 0.182181 -0.032807 0.014359
v 0.183444 -0.031099 0.013662
v 0.182571 -0.031821 0.013895
v 0.184849 -0.031570 0.012194
v 0.182497 -0.033637 0.012634
v 0.183729 -0.031847 0.012105
v 0.182869 -0.032604 0.012267
v 0.185141 -0.032150 0.010600
v 0.182826 -0.034291 0.010836
v 0.184026 -0.032437 0.010484
v 0.183180 -0.033221 0.010571
v 0.185442 -0.032568 0.008958
v 0.183165 -0.034762 0.008985
v 0.184332 -0.032862 0.008814
v 0.183500 -0.033665 0.008823
v 0.185749 -0.032821 0.007283
v 0.183511 -0.035047 0.007096
v 0.184644 -0.033119 0.007110
v 0.183826 -0.033934 0.007042
v 0.186059 -0.032905 0.005592
v 0.183861 -0.035142 0.005190
v 0.184959 -0.033205 0.005391
v 0.184156 -0.034024 0.005244
v 0.186369 -0.032821 0.003901
v 0.184210 -0.035047 0.003284
v 0.185274 -0.033119 0.003671
v 0.184485 -0.033934 0.003445
v 0.186676 -0.032568 0.002226
v 0.184556 -0.034762 0.001395
v 0.185587 -0.032862 0.001967
v 0.184812 -0.033665 0.001663
v 0.186977 -0.032150 0.000584
v 0.184895 -0.034291 -0.000457
v 0.185893 -0.032437 0.000297
v 0.185132 -0.033221 -0.000084
v 0.187269 -0.031570 -0.001010
v 0.185225 -0.033637 -0.002254
v 0.186189 -0.031847 -0.001323
v 0.185442 -0.032604 -0.001779
v 0.187549 -0.030834 -0.002540
v 0.185541 -0.032807 -0.003981
v 0.186475 -0.031099 -0.002881
v 0.185741 -0.031821 -0.003407
v 0.187815 -0.029950 -0.003992
v 0.185841 -0.031810 -0.005617
v 0.186745 -0.030199 -0.004358
v 0.186024 -0.030879 -0.004952
v 0.188064 -0.028924 -0.005352
v 0.186122 -0.030653 -0.007151
v 0.186999 -0.029156 -0.005741
v 0.186289 -0.029789 -0.006399
v 0.188294 -0.027768 -0.006606
v 0.186381 -0.029350 -0.008565
v 0.187233 -0.027980 -0.007017
v 0.186533 -0.028559 -0.007733
v 0.188502 -0.026493 -0.007743
v 0.186616 -0.027912 -0.009847
v 0.187445 -0.026683 -0.008173
v 0.186755 -0.027203 -0.008943
v 0.188687 -0.025111 -0.008752
v 0.186824 -0.026353 -0.010984
v 0.187633 -0.025277 -0.009199
v 0.186951 -0.025732 -0.010015
v 0.188847 -0.023634 -0.009622
v 0.187004 -0.024689 -0.011966
v 0.187795 -0.023776 -0.010083
v 0.187121 -0.024162 -0.010941
v 0.188979 -0.022079 -0.010346
v 0.187153 -0.022935 -0.012782
v 0.187930 -0.022193 -0.010820
v 0.187262 -0.022507 -0.011711
v 0.189084 -0.020458 -0.010917
v 0.187271 -0.021107 -0.013424
v 0.188036 -0.020545 -0.011401
v 0.187373 -0.020783 -0.012318
v 0.189159 -0.018788 -0.011328
v 0.187356 -0.019225 -0.013889
v 0.188112 -0.018847 -0.011818
v 0.187453 -0.019007 -0.012756
v 0.189205 -0.017086 -0.011577
v 0.187408 -0.017305 -0.014169
v 0.188159 -0.017115 -0.012071
v 0.187502 -0.017195 -0.013020
v 0.189220 -0.015367 -0.011659
v 0.187425 -0.015367 -0.014262
v 0.188174 -0.015367 -0.012155
v 0.187518 -0.015367 -0.013107
v 0.189205 -0.013648 -0.011577
v 0.187408 -0.013428 -0.014169
v 0.188159 -0.013618 -0.012071
v 0.187502 -0.013538 -0.013020
v 0.189159 -0.011945 -0.011328
v 0.187356 -0.011509 -0.013889
v 0.188112 -0.011887 -0.011818
v 0.187453 -0.011727 -0.012756
v 0.189084 -0.010275 -0.010917
v 0.187271 -0.009626 -0.013424
v 0.188036 -0.010189 -0.011401
v 0.187373 -0.009951 -0.012318
v 0.188979 -0.008655 -0.010346
v 0.187153 -0.007799 -0.012782
v 0.187930 -0.008540 -0.010820
v 0.187262 -0.008227 -0.011711
v 0.188847 -0.007099 -0.009622
v 0.187004 -0.006045 -0.011966
v 0.187795 -0.006958 -0.010083
v 0.187121 -0.006572 -0.010941
v 0.188687 -0.005623 -0.008752
v 0.186824 -0.004380 -0.010984
v 0.187633 -0.005456 -0.009199
v 0.186951 -0.005001 -0.010015
v 0.188502 -0.004240 -0.007743
v 0.186616 -0.002821 -0.009847
v 0.187445 -0.004050 -0.008173
v 0.186755 -0.003531 -0.008943
v 0.188294 -0.002965 -0.006606
v 0.186381 -0.001383 -0.008565
v 0.187233 -0.002753 -0.007017
v 0.186533 -0.002174 -0.007733
v 0.188064 -0.001809 -0.005352
v 0.186122 -0.000080 -0.007151
v 0.186999 -0.001577 -0.005741
v 0.186289 -0.000944 -0.006399
v 0.187815 -0.000784 -0.003992
v 0.185841 0.001076 -0.005617
v 0.186745 -0.000535 -0.004358
v 0.186024 0.000146 -0.004952
v 0.187549 0.000101 -0.002540
v 0.185541 0.002074 -0.003981
v 0.186475 0.000365 -0.002881
v 0.185741 0.001087 -0.003407
v 0.187269 0.000837 -0.001010
v 0.185225 0.002903 -0.002254
v 0.186189 0.001114 -0.001323
v 0.185442 0.001870 -0.001779
v 0.186977 0.001417 0.000584
v 0.184895 0.003557 -0.000457
v 0.185893 0.001704 0.000297
v 0.185132 0.002487 -0.000084
v 0.186676 0.001835 0.002226
v 0.184556 0.004029 0.001395
v 0.185587 0.002129 0.001967
v 0.184812 0.002932 0.001663
v 0.186369 0.002088 0.003901
v 0.184210 0.004314 0.003284
v 0.185274 0.002386 0.003671
v 0.184485 0.003201 0.003445
v 0.183511 0.004314 0.007096
v 0.185104 0.008001 0.007757
v 0.183710 0.005623 0.007264
v 0.184293 0.006972 0.007506
v 0.185519 0.008114 0.005493
v 0.183861 0.004409 0.005190
v 0.184690 0.007081 0.005342
v 0.184083 0.005724 0.005230
v 0.183165 0.004029 0.008985
v 0.184693 0.007663 0.010000
v 0.183341 0.005319 0.009278
v 0.183900 0.006649 0.009649
v 0.182826 0.003558 0.010837
v 0.184290 0.007103 0.012198
v 0.182980 0.004816 0.011252
v 0.183515 0.006114 0.011751
v 0.182497 0.002904 0.012634
v 0.183899 0.006327 0.014332
v 0.182628 0.004119 0.013169
v 0.183142 0.005372 0.013791
v 0.182181 0.002074 0.014359
v 0.183524 0.005342 0.016380
v 0.182291 0.003234 0.015010
v 0.182783 0.004430 0.015749
v 0.181881 0.001076 0.015996
v 0.183168 0.004157 0.018325
v 0.181971 0.002170 0.016756
v 0.182442 0.003297 0.017607
v 0.181600 -0.000080 0.017529
v 0.182834 0.002784 0.020146
v 0.181672 0.000937 0.018390
v 0.182123 0.001985 0.019348
v 0.181341 -0.001383 0.018944
v 0.182527 0.001237 0.021825
v 0.181395 -0.000453 0.019899
v 0.181829 0.000506 0.020954
v 0.181106 -0.002821 0.020226
v 0.182248 -0.000470 0.023347
v 0.181145 -0.001987 0.021267
v 0.181563 -0.001126 0.022409
v 0.180897 -0.004380 0.021363
v 0.182000 -0.002321 0.024698
v 0.180923 -0.003649 0.022479
v 0.181326 -0.002896 0.023700
v 0.180717 -0.006044 0.022345
v 0.181787 -0.004298 0.025862
v 0.180731 -0.005425 0.023526
v 0.181122 -0.004785 0.024814
v 0.180568 -0.007799 0.023161
v 0.181609 -0.006381 0.026831
v 0.180571 -0.007296 0.024395
v 0.180952 -0.006777 0.025740
v 0.180450 -0.009626 0.023804
v 0.181469 -0.008551 0.027594
v 0.180445 -0.009244 0.025083
v 0.180818 -0.008851 0.026470
v 0.180365 -0.011509 0.024267
v 0.181368 -0.010786 0.028146
v 0.180355 -0.011252 0.025577
v 0.180722 -0.010988 0.026996
v 0.180314 -0.013428 0.024547
v 0.181307 -0.013065 0.028479
v 0.180300 -0.013299 0.025876
v 0.180664 -0.013166 0.027315
v 0.180297 -0.015367 0.024642
v 0.181287 -0.015367 0.028590
v 0.180282 -0.015367 0.025976
v 0.180644 -0.015367 0.027421
v 0.180314 -0.017305 0.024547
v 0.181307 -0.017668 0.028479
v 0.180300 -0.017434 0.025876
v 0.180664 -0.017567 0.027315
v 0.180365 -0.019225 0.024267
v 0.181368 -0.019948 0.028146
v 0.180355 -0.019481 0.025577
v 0.180722 -0.019746 0.026996
v 0.180450 -0.021107 0.023804
v 0.181469 -0.022183 0.027594
v 0.180445 -0.021489 0.025083
v 0.180818 -0.021883 0.026470
v 0.180568 -0.022935 0.023161
v 0.181609 -0.024353 0.026831
v 0.180571 -0.023438 0.024395
v 0.180952 -0.023957 0.025740
v 0.180717 -0.024689 0.022345
v 0.181787 -0.026436 0.025862
v 0.180731 -0.025309 0.023526
v 0.181122 -0.025948 0.024814
v 0.180897 -0.026354 0.021363
v 0.182000 -0.028412 0.024698
v 0.180923 -0.027084 0.022479
v 0.181326 -0.027838 0.023700
v 0.181106 -0.027912 0.020226
v 0.182248 -0.030263 0.023347
v 0.181145 -0.028747 0.021267
v 0.181563 -0.029607 0.022409
v 0.181341 -0.029350 0.018944
v 0.182527 -0.031970 0.021825
v 0.181395 -0.030280 0.019899
v 0.181829 -0.031239 0.020954
v 0.181600 -0.030654 0.017529
v 0.182834 -0.033518 0.020146
v 0.181672 -0.031670 0.018390
v 0.182123 -0.032719 0.019348
v 0.181881 -0.031810 0.015996
v 0.183168 -0.034891 0.018325
v 0.181971 -0.032903 0.016756
v 0.182442 -0.034031 0.017607
v 0.182181 -0.032807 0.014359
v 0.183524 -0.036075 0.016380
v 0.182291 -0.033967 0.015010
v 0.182783 -0.035163 0.015749
v 0.182497 -0.033637 0.012634
v 0.183899 -0.037060 0.014332
v 0.182628 -0.034852 0.013169
v 0.183142 -0.036106 0.013791
v 0.182826 -0.034291 0.010837
v 0.184290 -0.037837 0.012198
v 0.182980 -0.035550 0.011252
v 0.183515 -0.036848 0.011751
v 0.183165 -0.034763 0.008985
v 0.184693 -0.038397 0.010000
v 0.183341 -0.036052 0.009278
v 0.183900 -0.037383 0.009649
v 0.183511 -0.035047 0.007096
v 0.185104 -0.038735 0.007757
v 0.183710 -0.036356 0.007264
v 0.184293 -0.037706 0.007506
v 0.183861 -0.035143 0.005190
v 0.185519 -0.038848 0.005493
v 0.184083 -0.036458 0.005230
v 0.184690 -0.037814 0.005342
v 0.184210 -0.035047 0.003283
v 0.185934 -0.038735 0.003229
v 0.184456 -0.036356 0.003196
v 0.185086 -0.037706 0.003178
v 0.184556 -0.034763 0.001394
v 0.186344 -0.038397 0.000988
v 0.184825 -0.036052 0.001183
v 0.185479 -0.037383 0.001033
v 0.184895 -0.034291 -0.000457
v 0.186747 -0.037837 -0.001211
v 0.185186 -0.035550 -0.000792
v 0.185864 -0.036848 -0.001069
v 0.185225 -0.033637 -0.002254
v 0.187138 -0.037060 -0.003346
v 0.185538 -0.034852 -0.002709
v 0.186238 -0.036106 -0.003109
v 0.185541 -0.032807 -0.003981
v 0.187514 -0.036075 -0.005394
v 0.185875 -0.033967 -0.004550
v 0.186597 -0.035163 -0.005067
v 0.185841 -0.031810 -0.005617
v 0.187870 -0.034891 -0.007339
v 0.186195 -0.032903 -0.006295
v 0.186937 -0.034031 -0.006925
v 0.186122 -0.030654 -0.007151
v 0.188203 -0.033518 -0.009159
v 0.186494 -0.031670 -0.007930
v 0.187256 -0.032718 -0.008665
v 0.186381 -0.029350 -0.008565
v 0.188511 -0.031970 -0.010839
v 0.186771 -0.030280 -0.009439
v 0.187550 -0.031239 -0.010271
v 0.186616 -0.027912 -0.009847
v 0.188790 -0.030263 -0.012360
v 0.187021 -0.028747 -0.010807
v 0.187817 -0.029607 -0.011726
v 0.186824 -0.026354 -0.010984
v 0.189037 -0.028412 -0.013711
v 0.187243 -0.027084 -0.012019
v 0.188053 -0.027838 -0.013017
v 0.187004 -0.024689 -0.011966
v 0.189251 -0.026436 -0.014876
v 0.187435 -0.025309 -0.013066
v 0.188257 -0.025948 -0.014130
v 0.187153 -0.022935 -0.012782
v 0.189429 -0.024353 -0.015845
v 0.187595 -0.023438 -0.013936
v 0.188427 -0.023957 -0.015057
v 0.187271 -0.021107 -0.013425
v 0.189568 -0.022183 -0.016609
v 0.187720 -0.021489 -0.014622
v 0.188561 -0.021883 -0.015788
v 0.187356 -0.019225 -0.013889
v 0.189669 -0.019948 -0.017159
v 0.187811 -0.019481 -0.015117
v 0.188657 -0.019746 -0.016314
v 0.187408 -0.017305 -0.014169
v 0.189730 -0.017668 -0.017492
v 0.187866 -0.017434 -0.015416
v 0.188716 -0.017567 -0.016632
v 0.187425 -0.015367 -0.014262
v 0.189751 -0.015367 -0.017603
v 0.187884 -0.015367 -0.015516
v 0.188735 -0.015367 -0.016739
v 0.187408 -0.013428 -0.014169
v 0.189730 -0.013065 -0.017492
v 0.187866 -0.013299 -0.015416
v 0.188716 -0.013166 -0.016632
v 0.187356 -0.011509 -0.013889
v 0.189669 -0.010786 -0.017159
v 0.187811 -0.011252 -0.015117
v 0.188657 -0.010988 -0.016314
v 0.187271 -0.009626 -0.013425
v 0.189568 -0.008551 -0.016609
v 0.187720 -0.009244 -0.014622
v 0.188561 -0.008851 -0.015788
v 0.187153 -0.007799 -0.012782
v 0.189429 -0.006381 -0.015845
v 0.187595 -0.007296 -0.013936
v 0.188427 -0.006777 -0.015057
v 0.187004 -0.006044 -0.011966
v 0.189251 -0.004298 -0.014876
v 0.187435 -0.005425 -0.013066
v 0.188257 -0.004785 -0.014130
v 0.186824 -0.004380 -0.010984
v 0.189037 -0.002321 -0.013711
v 0.187243 -0.003649 -0.012019
v 0.188053 -0.002896 -0.013017
v 0.186616 -0.002821 -0.009847
v 0.188790 -0.000470 -0.012360
v 0.187021 -0.001987 -0.010807
v 0.187817 -0.001126 -0.011726
v 0.186381 -0.001383 -0.008565
v 0.188511 0.001237 -0.010839
v 0.186771 -0.000453 -0.009439
v 0.187550 0.000506 -0.010271
v 0.186122 -0.000080 -0.007151
v 0.188203 0.002784 -0.009159
v 0.186494 0.000937 -0.007930
v 0.187256 0.001985 -0.008665
v 0.185841 0.001076 -0.005617
v 0.187870 0.004157 -0.007339
v 0.186195 0.002170 -0.006296
v 0.186937 0.003297 -0.006925
v 0.185541 0.002074 -0.003981
v 0.187514 0.005342 -0.005394
v 0.185875 0.003234 -0.004550
v 0.186597 0.004430 -0.005067
v 0.185225 0.002904 -0.002254
v 0.187138 0.006327 -0.003346
v 0.185538 0.004119 -0.002709
v 0.186238 0.005372 -0.003109
v 0.184895 0.003558 -0.000457
v 0.186747 0.007103 -0.001211
v 0.185186 0.004816 -0.000792
v 0.185864 0.006114 -0.001069
v 0.184556 0.004029 0.001394
v 0.186344 0.007663 0.000988
v 0.184825 0.005319 0.001183
v 0.185479 0.006649 0.001033
v 0.184210 0.004314 0.003283
v 0.185934 0.008001 0.003229
v 0.184456 0.005623 0.003196
v 0.185086 0.006972 0.003178
v 0.198404 -0.000138 0.009379
v 0.196167 0.002088 0.009192
v 0.198090 0.000975 0.009433
v 0.197271 0.001789 0.009364
v 0.196477 0.002172 0.007501
v 0.198674 -0.000065 0.007904
v 0.197575 0.001872 0.007702
v 0.198380 0.001054 0.007850
v 0.198136 -0.000359 0.010839
v 0.195860 0.001835 0.010866
v 0.197803 0.000738 0.011001
v 0.196969 0.001541 0.011011
v 0.197873 -0.000724 0.012273
v 0.195559 0.001417 0.012509
v 0.197521 0.000347 0.012538
v 0.196673 0.001130 0.012625
v 0.197619 -0.001230 0.013664
v 0.195267 0.000837 0.014102
v 0.197247 -0.000196 0.014031
v 0.196386 0.000560 0.014192
v 0.197374 -0.001871 0.014998
v 0.194987 0.000101 0.015633
v 0.196985 -0.000885 0.015462
v 0.196111 -0.000163 0.015695
v 0.197142 -0.002644 0.016266
v 0.194720 -0.000784 0.017086
v 0.196736 -0.001714 0.016824
v 0.195849 -0.001033 0.017123
v 0.196925 -0.003538 0.017452
v 0.194471 -0.001809 0.018445
v 0.196503 -0.002674 0.018095
v 0.195604 -0.002041 0.018459
v 0.196724 -0.004548 0.018548
v 0.194242 -0.002965 0.019699
v 0.196287 -0.003756 0.019271
v 0.195378 -0.003177 0.019693
v 0.196542 -0.005658 0.019537
v 0.194033 -0.004240 0.020836
v 0.196092 -0.004949 0.020334
v 0.195174 -0.004430 0.020810
v 0.196381 -0.006867 0.020420
v 0.193848 -0.005623 0.021846
v 0.195919 -0.006245 0.021279
v 0.194992 -0.005789 0.021802
v 0.196242 -0.008152 0.021177
v 0.193689 -0.007099 0.022716
v 0.195770 -0.007625 0.022094
v 0.194835 -0.007240 0.022658
v 0.196126 -0.009513 0.021810
v 0.193556 -0.008655 0.023439
v 0.195646 -0.009084 0.022773
v 0.194705 -0.008770 0.023369
v 0.196035 -0.010924 0.022307
v 0.193452 -0.010275 0.024009
v 0.195548 -0.010599 0.023306
v 0.194602 -0.010362 0.023930
v 0.195969 -0.012380 0.022665
v 0.193377 -0.011945 0.024421
v 0.195478 -0.012162 0.023690
v 0.194528 -0.012003 0.024333
v 0.195930 -0.013869 0.022882
v 0.193331 -0.013648 0.024670
v 0.195435 -0.013759 0.023922
v 0.194484 -0.013677 0.024577
v 0.195916 -0.015367 0.022955
v 0.193316 -0.015367 0.024752
v 0.195420 -0.015367 0.024002
v 0.194468 -0.015367 0.024659
v 0.195930 -0.016864 0.022882
v 0.193331 -0.017086 0.024670
v 0.195435 -0.016975 0.023922
v 0.194484 -0.017056 0.024577
v 0.195969 -0.018354 0.022665
v 0.193377 -0.018788 0.024421
v 0.195478 -0.018571 0.023690
v 0.194528 -0.018730 0.024333
v 0.196035 -0.019810 0.022307
v 0.193452 -0.020458 0.024009
v 0.195548 -0.020134 0.023306
v 0.194602 -0.020371 0.023930
v 0.196126 -0.021220 0.021810
v 0.193556 -0.022079 0.023439
v 0.195646 -0.021649 0.022773
v 0.194705 -0.021964 0.023369
v 0.196242 -0.022581 0.021177
v 0.193689 -0.023634 0.022716
v 0.195770 -0.023108 0.022094
v 0.194835 -0.023494 0.022658
v 0.196381 -0.023867 0.020420
v 0.193848 -0.025111 0.021846
v 0.195919 -0.024489 0.021279
v 0.194992 -0.024944 0.021802
v 0.196542 -0.025076 0.019537
v 0.194033 -0.026493 0.020836
v 0.196092 -0.025784 0.020334
v 0.195174 -0.026303 0.020810
v 0.196724 -0.026186 0.018548
v 0.194242 -0.027768 0.019699
v 0.196287 -0.026977 0.019271
v 0.195378 -0.027556 0.019693
v 0.196925 -0.027195 0.017452
v 0.194471 -0.028924 0.018445
v 0.196503 -0.028060 0.018095
v 0.195604 -0.028692 0.018459
v 0.197142 -0.028089 0.016266
v 0.194720 -0.029950 0.017086
v 0.196736 -0.029019 0.016824
v 0.195849 -0.029700 0.017123
v 0.197374 -0.028863 0.014998
v 0.194987 -0.030835 0.015633
v 0.196985 -0.029848 0.015462
v 0.196111 -0.030570 0.015695
v 0.197619 -0.029504 0.013664
v 0.195267 -0.031570 0.014102
v 0.197247 -0.030537 0.014031
v 0.196386 -0.031294 0.014192
v 0.197873 -0.030010 0.012273
v 0.195559 -0.032150 0.012509
v 0.197521 -0.031080 0.012538
v 0.196673 -0.031863 0.012625
v 0.198136 -0.030375 0.010839
v 0.195860 -0.032568 0.010866
v 0.197803 -0.031472 0.011001
v 0.196969 -0.032275 0.011011
v 0.198404 -0.030595 0.009379
v 0.196167 -0.032821 0.009192
v 0.198090 -0.031708 0.009433
v 0.197271 -0.032523 0.009364
v 0.198674 -0.030669 0.007904
v 0.196477 -0.032905 0.007501
v 0.198380 -0.031787 0.007850
v 0.197575 -0.032606 0.007702
v 0.198944 -0.030595 0.006428
v 0.196787 -0.032821 0.005809
v 0.198670 -0.031708 0.006266
v 0.197880 -0.032523 0.006040
v 0.199212 -0.030375 0.004968
v 0.197093 -0.032568 0.004135
v 0.198957 -0.031472 0.004699
v 0.198181 -0.032275 0.004395
v 0.199474 -0.030010 0.003535
v 0.197394 -0.032150 0.002493
v 0.199239 -0.031080 0.003161
v 0.198477 -0.031863 0.002780
v 0.199730 -0.029504 0.002143
v 0.197686 -0.031570 0.000899
v 0.199513 -0.030537 0.001668
v 0.198764 -0.031294 0.001213
v 0.199974 -0.028863 0.000810
v 0.197967 -0.030834 -0.000631
v 0.199775 -0.029849 0.000237
v 0.199040 -0.030571 -0.000291
v 0.200206 -0.028089 -0.000460
v 0.198233 -0.029950 -0.002083
v 0.200024 -0.029019 -0.001124
v 0.199301 -0.029700 -0.001719
v 0.200424 -0.027196 -0.001645
v 0.198482 -0.028924 -0.003444
v 0.200257 -0.028060 -0.002396
v 0.199546 -0.028692 -0.003054
v 0.200624 -0.026186 -0.002740
v 0.198712 -0.027768 -0.004698
v 0.200473 -0.026977 -0.003572
v 0.199772 -0.027556 -0.004288
v 0.200806 -0.025076 -0.003730
v 0.198920 -0.026493 -0.005835
v 0.200667 -0.025784 -0.004635
v 0.199977 -0.026303 -0.005405
v 0.200967 -0.023866 -0.004612
v 0.199105 -0.025111 -0.006843
v 0.200841 -0.024489 -0.005581
v 0.200159 -0.024944 -0.006397
v 0.201106 -0.022581 -0.005370
v 0.199264 -0.023634 -0.007713
v 0.200990 -0.023108 -0.006395
v 0.200316 -0.023494 -0.007253
v 0.201222 -0.021220 -0.006004
v 0.199397 -0.022079 -0.008437
v 0.201114 -0.021649 -0.007074
v 0.200446 -0.021964 -0.007964
v 0.201313 -0.019810 -0.006499
v 0.199501 -0.020458 -0.009008
v 0.201212 -0.020134 -0.007607
v 0.200548 -0.020371 -0.008524
v 0.201379 -0.018354 -0.006858
v 0.199577 -0.018788 -0.009419
v 0.201282 -0.018571 -0.007991
v 0.200622 -0.018730 -0.008929
v 0.201419 -0.016864 -0.007076
v 0.199622 -0.017086 -0.009668
v 0.201325 -0.016975 -0.008224
v 0.200667 -0.017056 -0.009172
v 0.201432 -0.015367 -0.007148
v 0.199637 -0.015367 -0.009750
v 0.201339 -0.015367 -0.008302
v 0.200682 -0.015367 -0.009255
v 0.201419 -0.013869 -0.007076
v 0.199622 -0.013648 -0.009668
v 0.201325 -0.013759 -0.008224
v 0.200667 -0.013677 -0.009172
v 0.201379 -0.012380 -0.006858
v 0.199577 -0.011945 -0.009419
v 0.201282 -0.012162 -0.007991
v 0.200622 -0.012003 -0.008929
v 0.201313 -0.010924 -0.006499
v 0.199501 -0.010275 -0.009008
v 0.201212 -0.010600 -0.007607
v 0.200548 -0.010362 -0.008524
v 0.201222 -0.009513 -0.006004
v 0.199397 -0.008655 -0.008437
v 0.201114 -0.009084 -0.007074
v 0.200446 -0.008770 -0.007964
v 0.201106 -0.008152 -0.005370
v 0.199264 -0.007099 -0.007713
v 0.200990 -0.007625 -0.006395
v 0.200316 -0.007240 -0.007253
v 0.200967 -0.006867 -0.004612
v 0.199105 -0.005623 -0.006843
v 0.200841 -0.006245 -0.005581
v 0.200159 -0.005789 -0.006397
v 0.200806 -0.005658 -0.003730
v 0.198920 -0.004240 -0.005835
v 0.200667 -0.004949 -0.004635
v 0.199977 -0.004430 -0.005405
v 0.200624 -0.004548 -0.002740
v 0.198712 -0.002965 -0.004698
v 0.200473 -0.003756 -0.003572
v 0.199772 -0.003177 -0.004288
v 0.200424 -0.003538 -0.001645
v 0.198482 -0.001809 -0.003444
v 0.200257 -0.002674 -0.002396
v 0.199546 -0.002041 -0.003054
v 0.200206 -0.002644 -0.000460
v 0.198233 -0.000784 -0.002083
v 0.200024 -0.001714 -0.001124
v 0.199301 -0.001033 -0.001719
v 0.199974 -0.001871 0.000810
v 0.197967 0.000101 -0.000631
v 0.199775 -0.000885 0.000237
v 0.199040 -0.000163 -0.000291
v 0.199730 -0.001230 0.002143
v 0.197686 0.000837 0.000899
v 0.199512 -0.000196 0.001669
v 0.198764 0.000560 0.001213
v 0.199474 -0.000724 0.003535
v 0.197394 0.001417 0.002493
v 0.199239 0.000346 0.003161
v 0.198477 0.001130 0.002780
v 0.199212 -0.000359 0.004968
v 0.197093 0.001835 0.004135
v 0.198957 0.000738 0.004699
v 0.198181 0.001541 0.004395
v 0.198944 -0.000138 0.006428
v 0.196787 0.002088 0.005809
v 0.198670 0.000975 0.006266
v 0.197880 0.001789 0.006040
v 0.265213 0.038876 -0.589633
v 0.264817 0.097879 -0.582214
v 0.264423 0.155871 -0.569046
v 0.264038 0.212292 -0.550258
v 0.263664 0.266601 -0.526030
v 0.263305 0.318273 -0.496595
v 0.262964 0.366812 -0.462237
v 0.262646 0.411749 -0.423286
v 0.262350 0.452652 -0.380119
v 0.262084 0.489127 -0.333150
v 0.261848 0.520822 -0.282833
v 0.261644 0.547433 -0.229650
v 0.261474 0.568704 -0.174115
v 0.261340 0.584428 -0.116762
v 0.261243 0.594456 -0.058146
v 0.261186 0.598690 0.001173
v 0.261165 0.597090 0.060620
v 0.261186 0.589670 0.119625
v 0.261243 0.576503 0.177618
v 0.261340 0.557714 0.234041
v 0.261474 0.533486 0.288351
v 0.261644 0.504052 0.340024
v 0.261848 0.469694 0.388564
v 0.262084 0.430745 0.433502
v 0.262350 0.387578 0.474406
v 0.262646 0.340610 0.510882
v 0.262964 0.290293 0.542579
v 0.263305 0.237111 0.569191
v 0.263663 0.181578 0.590461
v 0.264038 0.124227 0.606186
v 0.264423 0.065610 0.616214
v 0.264816 0.006294 0.620448
v 0.265213 -0.053152 0.618848
v 0.265610 -0.112155 0.611428
v 0.266003 -0.170147 0.598261
v 0.266388 -0.226570 0.579472
v 0.266762 -0.280878 0.555243
v 0.267120 -0.332550 0.525809
v 0.267461 -0.381088 0.491451
v 0.267781 -0.426025 0.452500
v 0.268075 -0.466927 0.409333
v 0.268341 -0.503402 0.362365
v 0.268578 -0.535099 0.312047
v 0.268782 -0.561710 0.258864
v 0.268952 -0.582979 0.203329
v 0.269086 -0.598704 0.145978
v 0.269182 -0.608732 0.087360
v 0.269241 -0.612966 0.028042
v 0.269260 -0.611365 -0.031406
v 0.269241 -0.603946 -0.090410
v 0.269182 -0.590778 -0.148402
v 0.269086 -0.571990 -0.204826
v 0.268952 -0.547762 -0.259135
v 0.268782 -0.518329 -0.310809
v 0.268578 -0.483971 -0.359348
v 0.268341 -0.445022 -0.404287
v 0.268075 -0.401855 -0.445191
v 0.267780 -0.354887 -0.481666
v 0.267461 -0.304570 -0.513363
v 0.267120 -0.251389 -0.539974
v 0.266761 -0.195856 -0.561246
v 0.266388 -0.138505 -0.576972
v 0.266003 -0.079889 -0.586999
v 0.265610 -0.020572 -0.591234
v 0.273677 0.041729 -0.626355
v 0.273256 0.104319 -0.618484
v 0.272840 0.165835 -0.604516
v 0.272431 0.225686 -0.584586
v 0.272034 0.283295 -0.558885
v 0.271654 0.338108 -0.527661
v 0.271291 0.389598 -0.491215
v 0.270953 0.437266 -0.449897
v 0.270641 0.480655 -0.404107
v 0.270358 0.519346 -0.354283
v 0.270108 0.552968 -0.300907
v 0.269890 0.581197 -0.244491
v 0.269711 0.603760 -0.185581
v 0.269568 0.620440 -0.124743
v 0.269466 0.631077 -0.062563
v 0.269404 0.635568 0.000361
v 0.269384 0.633870 0.063421
v 0.269404 0.626000 0.126012
v 0.269466 0.612032 0.187530
v 0.269568 0.592102 0.247383
v 0.269711 0.566402 0.304994
v 0.269890 0.535178 0.359807
v 0.270108 0.498732 0.411297
v 0.270358 0.457415 0.458966
v 0.270642 0.411625 0.502357
v 0.270953 0.361804 0.541049
v 0.271291 0.308427 0.574673
v 0.271653 0.252013 0.602902
v 0.272034 0.193105 0.625466
v 0.272431 0.132267 0.642146
v 0.272840 0.070089 0.652785
v 0.273256 0.007166 0.657276
v 0.273677 -0.055893 0.655578
v 0.274098 -0.118483 0.647707
v 0.274515 -0.179998 0.633739
v 0.274923 -0.239850 0.613809
v 0.275320 -0.297458 0.588108
v 0.275701 -0.352272 0.556884
v 0.276062 -0.403761 0.520438
v 0.276401 -0.451429 0.479120
v 0.276713 -0.494817 0.433329
v 0.276996 -0.533510 0.383506
v 0.277246 -0.567132 0.330129
v 0.277463 -0.595360 0.273714
v 0.277643 -0.617922 0.214804
v 0.277785 -0.634604 0.153966
v 0.277888 -0.645240 0.091787
v 0.277950 -0.649730 0.028863
v 0.277970 -0.648033 -0.034198
v 0.277950 -0.640163 -0.096788
v 0.277888 -0.626195 -0.158306
v 0.277785 -0.606266 -0.218159
v 0.277644 -0.580565 -0.275770
v 0.277463 -0.549342 -0.330583
v 0.277246 -0.512896 -0.382073
v 0.276996 -0.471579 -0.429743
v 0.276713 -0.425789 -0.473133
v 0.276401 -0.375966 -0.511826
v 0.276062 -0.322592 -0.545449
v 0.275701 -0.266179 -0.573679
v 0.275320 -0.207270 -0.596242
v 0.274924 -0.146433 -0.612924
v 0.274515 -0.084254 -0.623561
v 0.274097 -0.021332 -0.628052
v 0.254341 0.046037 -0.684633
v 0.253882 0.114317 -0.676046
v 0.253427 0.181425 -0.660809
v 0.252982 0.246717 -0.639067
v 0.252549 0.309563 -0.611030
v 0.252133 0.369360 -0.576967
v 0.251740 0.425530 -0.537208
v 0.251370 0.477530 -0.492134
v 0.251029 0.524863 -0.442181
v 0.250721 0.567074 -0.387828
v 0.250448 0.603752 -0.329599
v 0.250211 0.634546 -0.268055
v 0.250014 0.659160 -0.203790
v 0.249859 0.677357 -0.137422
v 0.249748 0.688961 -0.069589
v 0.249680 0.693861 -0.000944
v 0.249658 0.692009 0.067849
v 0.249680 0.683422 0.136130
v 0.249748 0.668185 0.203239
v 0.249859 0.646443 0.268533
v 0.250014 0.618406 0.331380
v 0.250211 0.584344 0.391178
v 0.250448 0.544586 0.447349
v 0.250721 0.499513 0.499352
v 0.251029 0.449560 0.546686
v 0.251370 0.395208 0.588897
v 0.251740 0.336981 0.625577
v 0.252133 0.275439 0.656372
v 0.252549 0.211175 0.680987
v 0.252982 0.144807 0.699184
v 0.253427 0.076976 0.710789
v 0.253882 0.008333 0.715688
v 0.254341 -0.060460 0.713836
v 0.254800 -0.128739 0.705250
v 0.255255 -0.195846 0.690012
v 0.255701 -0.261139 0.668270
v 0.256133 -0.323985 0.640233
v 0.256549 -0.383781 0.606171
v 0.256943 -0.439950 0.566411
v 0.257313 -0.491951 0.521337
v 0.257653 -0.539285 0.471384
v 0.257961 -0.581494 0.417030
v 0.258235 -0.618172 0.358802
v 0.258472 -0.648966 0.297259
v 0.258668 -0.673581 0.232993
v 0.258823 -0.691778 0.166625
v 0.258935 -0.703381 0.098792
v 0.259002 -0.708282 0.030149
v 0.259024 -0.706429 -0.038645
v 0.259002 -0.697844 -0.106925
v 0.258935 -0.682606 -0.174035
v 0.258823 -0.660864 -0.239329
v 0.258668 -0.632827 -0.302176
v 0.258472 -0.598765 -0.361973
v 0.258235 -0.559007 -0.418145
v 0.257962 -0.513934 -0.470147
v 0.257653 -0.463982 -0.517482
v 0.257313 -0.409630 -0.559692
v 0.256943 -0.351403 -0.596371
v 0.256549 -0.289862 -0.627167
v 0.256134 -0.225597 -0.651783
v 0.255701 -0.159230 -0.669980
v 0.255254 -0.091399 -0.681585
v 0.254800 -0.022758 -0.686485
v -0.304521 0.042355 -0.685431
v -0.304980 0.110684 -0.676839
v -0.305436 0.177842 -0.661590
v -0.305882 0.243182 -0.639832
v -0.306314 0.306075 -0.611774
v -0.306731 0.365914 -0.577686
v -0.307125 0.422126 -0.537898
v -0.307494 0.474165 -0.492790
v -0.307835 0.521534 -0.442800
v -0.308144 0.563775 -0.388407
v -0.308418 0.600480 -0.330135
v -0.308654 0.631297 -0.268548
v -0.308851 0.655930 -0.204235
v -0.309006 0.674140 -0.137816
v -0.309118 0.685753 -0.069933
v -0.309186 0.690655 -0.001240
v -0.309208 0.688801 0.067604
v -0.309186 0.680209 0.135935
v -0.309118 0.664961 0.203095
v -0.309006 0.643203 0.268437
v -0.308851 0.615145 0.331331
v -0.308654 0.581058 0.391172
v -0.308418 0.541271 0.447384
v -0.308144 0.496165 0.499426
v -0.307836 0.446175 0.546795
v -0.307495 0.391782 0.589036
v -0.307125 0.333512 0.625743
v -0.306731 0.271925 0.656561
v -0.306314 0.207613 0.681194
v -0.305882 0.141197 0.699405
v -0.305436 0.073316 0.711018
v -0.304980 0.004623 0.715921
v -0.304521 -0.064220 0.714067
v -0.304062 -0.132549 0.705475
v -0.303607 -0.199708 0.690226
v -0.303161 -0.265047 0.668468
v -0.302728 -0.327940 0.640410
v -0.302311 -0.387780 0.606323
v -0.301917 -0.443990 0.566535
v -0.301548 -0.496031 0.521427
v -0.301207 -0.543399 0.471437
v -0.300899 -0.585639 0.417043
v -0.300625 -0.622345 0.358772
v -0.300388 -0.653161 0.297183
v -0.300191 -0.677793 0.232871
v -0.300037 -0.696003 0.166454
v -0.299924 -0.707616 0.098571
v -0.299857 -0.712519 0.029876
v -0.299834 -0.710666 -0.038968
v -0.299857 -0.702073 -0.107298
v -0.299924 -0.686825 -0.174458
v -0.300037 -0.665067 -0.239799
v -0.300191 -0.637010 -0.302693
v -0.300388 -0.602924 -0.362535
v -0.300625 -0.563136 -0.418746
v -0.300899 -0.518029 -0.470787
v -0.301207 -0.468041 -0.518157
v -0.301548 -0.413648 -0.560398
v -0.301917 -0.355379 -0.597105
v -0.302312 -0.293791 -0.627924
v -0.302728 -0.229480 -0.652557
v -0.303161 -0.163063 -0.670767
v -0.303607 -0.095182 -0.682380
v -0.304062 -0.026490 -0.687285
v -0.304521 0.034776 -0.585916
v -0.304915 0.093389 -0.578546
v -0.305306 0.150996 -0.565466
v -0.305688 0.207044 -0.546802
v -0.306059 0.260993 -0.522734
v -0.306416 0.312322 -0.493494
v -0.306755 0.360538 -0.459365
v -0.307072 0.405177 -0.420673
v -0.307364 0.445810 -0.377791
v -0.307629 0.482042 -0.331134
v -0.307864 0.513528 -0.281149
v -0.308066 0.539963 -0.228320
v -0.308235 0.561092 -0.173153
v -0.308368 0.576713 -0.116180
v -0.308464 0.586673 -0.057952
v -0.308522 0.590879 0.000973
v -0.308541 0.589289 0.060026
v -0.308522 0.581918 0.118640
v -0.308464 0.568838 0.176248
v -0.308368 0.550176 0.232298
v -0.308235 0.526108 0.286247
v -0.308066 0.496869 0.337578
v -0.307864 0.462739 0.385795
v -0.307629 0.424047 0.430436
v -0.307364 0.381166 0.471069
v -0.307072 0.334510 0.507303
v -0.306754 0.284527 0.538789
v -0.306416 0.231698 0.565225
v -0.306059 0.176533 0.586354
v -0.305688 0.119562 0.601976
v -0.305306 0.061334 0.611937
v -0.304915 0.002410 0.616143
v -0.304521 -0.056642 0.614553
v -0.304127 -0.115253 0.607183
v -0.303737 -0.172860 0.594103
v -0.303354 -0.228909 0.575439
v -0.302982 -0.282856 0.551371
v -0.302626 -0.334187 0.522131
v -0.302287 -0.382403 0.488001
v -0.301971 -0.427043 0.449309
v -0.301679 -0.467674 0.406427
v -0.301414 -0.503907 0.359770
v -0.301179 -0.535393 0.309786
v -0.300975 -0.561826 0.256956
v -0.300807 -0.582955 0.201790
v -0.300674 -0.598577 0.144817
v -0.300578 -0.608538 0.086588
v -0.300520 -0.612744 0.027664
v -0.300500 -0.611154 -0.031390
v -0.300520 -0.603783 -0.090002
v -0.300578 -0.590703 -0.147610
v -0.300674 -0.572040 -0.203660
v -0.300806 -0.547973 -0.257609
v -0.300975 -0.518733 -0.308940
v -0.301179 -0.484604 -0.357158
v -0.301413 -0.445913 -0.401798
v -0.301678 -0.403033 -0.442431
v -0.301971 -0.356376 -0.478665
v -0.302288 -0.306393 -0.510152
v -0.302626 -0.253565 -0.536587
v -0.302982 -0.198398 -0.557717
v -0.303354 -0.141429 -0.573338
v -0.303737 -0.083201 -0.583300
v -0.304127 -0.024278 -0.587506
v 0.105298 0.051623 -0.374530
v 0.098962 0.126108 -0.355386
v 0.092967 0.195432 -0.322027
v 0.087541 0.256932 -0.275734
v 0.082895 0.308243 -0.218286
v 0.079207 0.347393 -0.151891
v 0.076618 0.372879 -0.079101
v 0.075227 0.383721 -0.002713
v 0.075090 0.379501 0.074338
v 0.076208 0.360385 0.149090
v 0.078542 0.327102 0.218671
v 0.082001 0.280936 0.280407
v 0.086453 0.223659 0.331925
v 0.091724 0.157472 0.371246
v 0.097614 0.084919 0.396859
v 0.103896 0.008788 0.407779
v 0.110328 -0.067995 0.403585
v 0.116663 -0.142481 0.384441
v 0.122660 -0.211804 0.351082
v 0.128085 -0.273303 0.304788
v 0.132731 -0.324614 0.247340
v 0.136419 -0.363765 0.180946
v 0.139008 -0.389250 0.108156
v 0.140399 -0.400093 0.031768
v 0.140536 -0.395873 -0.045283
v 0.139417 -0.376756 -0.120035
v 0.137084 -0.343475 -0.189616
v 0.133625 -0.297308 -0.251353
v 0.129174 -0.240031 -0.302870
v 0.123902 -0.173844 -0.342192
v 0.118012 -0.101290 -0.367804
v 0.111731 -0.025159 -0.378724
v 0.103654 0.054914 -0.159283
v 0.106631 0.019916 -0.168279
v 0.100837 0.087488 -0.143608
v 0.098288 0.116384 -0.121857
v 0.096105 0.140493 -0.094864
v 0.094372 0.158889 -0.063667
v 0.093155 0.170865 -0.029466
v 0.092502 0.175958 0.006426
v 0.092437 0.173976 0.042630
v 0.092963 0.164993 0.077754
v 0.094060 0.149356 0.110448
v 0.095685 0.127663 0.139455
v 0.097777 0.100751 0.163663
v 0.100253 0.069651 0.182138
v 0.103021 0.035562 0.194173
v 0.105972 -0.000210 0.199303
v 0.108995 -0.036289 0.197333
v 0.111972 -0.071287 0.188338
v 0.114789 -0.103860 0.172663
v 0.117338 -0.132756 0.150911
v 0.119520 -0.156865 0.123919
v 0.121254 -0.175261 0.092722
v 0.122470 -0.187235 0.058521
v 0.123124 -0.192329 0.022628
v 0.123189 -0.190348 -0.013576
v 0.122663 -0.181365 -0.048699
v 0.121566 -0.165727 -0.081393
v 0.119941 -0.144035 -0.110401
v 0.117850 -0.117122 -0.134608
v 0.115373 -0.086022 -0.153083
v 0.112605 -0.051932 -0.165118
v 0.109654 -0.016160 -0.170249
v 0.047896 0.015552 -0.064562
v 0.049245 -0.000299 -0.068637
v 0.046620 0.030305 -0.057464
v 0.045466 0.043392 -0.047612
v 0.044477 0.054312 -0.035386
v 0.043692 0.062643 -0.021257
v 0.043141 0.068066 -0.005767
v 0.042845 0.070374 0.010489
v 0.042815 0.069476 0.026886
v 0.043054 0.065407 0.042794
v 0.043551 0.058326 0.057602
v 0.044287 0.048501 0.070740
v 0.045234 0.036312 0.081703
v 0.046356 0.022226 0.090072
v 0.047609 0.006786 0.095522
v 0.048946 -0.009416 0.097846
v 0.050315 -0.025755 0.096953
v 0.051663 -0.041607 0.092880
v 0.052939 -0.056360 0.085780
v 0.054094 -0.069447 0.075929
v 0.055082 -0.080367 0.063703
v 0.055867 -0.088698 0.049574
v 0.056419 -0.094122 0.034084
v 0.056714 -0.096429 0.017827
v 0.056744 -0.095530 0.001430
v 0.056506 -0.091463 -0.014478
v 0.056008 -0.084380 -0.029286
v 0.055273 -0.074555 -0.042424
v 0.054326 -0.062366 -0.053387
v 0.053204 -0.048280 -0.061755
v 0.051950 -0.032841 -0.067206
v 0.050614 -0.016639 -0.069529
v 0.038117 0.051175 -0.374565
v 0.031781 0.125661 -0.355420
v 0.025786 0.194985 -0.322061
v 0.020361 0.256484 -0.275768
v 0.015714 0.307795 -0.218320
v 0.012026 0.346946 -0.151925
v 0.009436 0.372431 -0.079135
v 0.008046 0.383273 -0.002747
v 0.007908 0.379054 0.074304
v 0.009027 0.359937 0.149056
v 0.011362 0.326656 0.218637
v 0.014821 0.280489 0.280372
v 0.019272 0.223211 0.331891
v 0.024543 0.157025 0.371212
v 0.030433 0.084471 0.396825
v 0.036715 0.008340 0.407744
v 0.043147 -0.068443 0.403551
v 0.049482 -0.142928 0.384407
v 0.055479 -0.212252 0.351048
v 0.060904 -0.273751 0.304754
v 0.065549 -0.325062 0.247306
v 0.069238 -0.364213 0.180912
v 0.071827 -0.389698 0.108122
v 0.073218 -0.400541 0.031734
v 0.073356 -0.396321 -0.045317
v 0.072236 -0.377203 -0.120069
v 0.069902 -0.343922 -0.189650
v 0.066443 -0.297755 -0.251387
v 0.061993 -0.240478 -0.302904
v 0.056721 -0.174291 -0.342226
v 0.050831 -0.101737 -0.367838
v 0.044549 -0.025606 -0.378758
v 0.045621 0.050073 -0.159653
v 0.048598 0.015075 -0.168647
v 0.042804 0.082647 -0.143978
v 0.040255 0.111543 -0.122226
v 0.038072 0.135652 -0.095234
v 0.036338 0.154047 -0.064037
v 0.035122 0.166022 -0.029835
v 0.034469 0.171117 0.006058
v 0.034404 0.169134 0.042261
v 0.034930 0.160151 0.077385
v 0.036026 0.144514 0.110079
v 0.037651 0.122821 0.139087
v 0.039742 0.095909 0.163293
v 0.042220 0.064810 0.181769
v 0.044988 0.030719 0.193803
v 0.047939 -0.005052 0.198934
v 0.050961 -0.041130 0.196965
v 0.053938 -0.076128 0.187969
v 0.056756 -0.108701 0.172294
v 0.059305 -0.137597 0.150543
v 0.061487 -0.161707 0.123550
v 0.063220 -0.180103 0.092353
v 0.064437 -0.192078 0.058151
v 0.065091 -0.197172 0.022259
v 0.065156 -0.195189 -0.013944
v 0.064629 -0.186206 -0.049069
v 0.063533 -0.170568 -0.081763
v 0.061907 -0.148876 -0.110770
v 0.059816 -0.121964 -0.134977
v 0.057340 -0.090864 -0.153453
v 0.054572 -0.056774 -0.165487
v 0.051620 -0.021002 -0.170617
v 0.102245 0.020086 -0.064217
v 0.103593 0.004235 -0.068292
v 0.100969 0.034839 -0.057118
v 0.099814 0.047925 -0.047266
v 0.098825 0.058846 -0.035041
v 0.098041 0.067177 -0.020912
v 0.097489 0.072600 -0.005421
v 0.097194 0.074909 0.010835
v 0.097165 0.074011 0.027232
v 0.097403 0.069942 0.043140
v 0.097899 0.062859 0.057947
v 0.098635 0.053034 0.071085
v 0.099583 0.040846 0.082049
v 0.100705 0.026761 0.090417
v 0.101958 0.011320 0.095867
v 0.103295 -0.004882 0.098192
v 0.104664 -0.021221 0.097300
v 0.106012 -0.037072 0.093225
v 0.107287 -0.051825 0.086125
v 0.108442 -0.064913 0.076274
v 0.109431 -0.075832 0.064049
v 0.110216 -0.084163 0.049919
v 0.110767 -0.089587 0.034429
v 0.111063 -0.091895 0.018173
v 0.111092 -0.090997 0.001776
v 0.110854 -0.086928 -0.014132
v 0.110358 -0.079846 -0.028939
v 0.109621 -0.070021 -0.042077
v 0.108674 -0.057831 -0.053041
v 0.107552 -0.043746 -0.061409
v 0.106299 -0.028307 -0.066859
v 0.104962 -0.012105 -0.069184
v 0.136097 -0.164171 0.123362
v 0.143564 -0.322946 0.317718
v 0.134341 -0.140058 0.150356
v 0.051420 -0.325755 0.317503
v 0.055345 -0.379630 0.257191
v 0.058461 -0.420737 0.187487
v 0.060648 -0.447497 0.111068
v 0.061822 -0.458881 0.030872
v 0.061940 -0.454452 -0.050019
v 0.060994 -0.434379 -0.128497
v 0.059022 -0.399436 -0.201547
v 0.056099 -0.350964 -0.266359
v 0.052340 -0.290826 -0.320445
v 0.047886 -0.221331 -0.361725
v 0.138997 -0.199641 0.022072
v 0.138471 -0.194546 0.057964
v 0.144484 -0.288017 -0.320231
v 0.148244 -0.348155 -0.266145
v 0.151166 -0.396628 -0.201332
v 0.153138 -0.431571 -0.128283
v 0.154084 -0.451644 -0.049805
v 0.153967 -0.456072 0.031086
v 0.152792 -0.444688 0.111282
v 0.150605 -0.417929 0.187702
v 0.147489 -0.376821 0.257406
v 0.134753 -0.124426 -0.135164
v 0.136436 -0.151341 -0.110957
v 0.137744 -0.173035 -0.081949
v 0.138626 -0.188675 -0.049256
v 0.140030 -0.218524 -0.361512
v 0.132760 -0.093323 -0.153639
v 0.043266 -0.142755 0.150150
v 0.045023 -0.166868 0.123157
v 0.046417 -0.185266 0.091960
v 0.047397 -0.197242 0.057759
v 0.047922 -0.202337 0.021866
v 0.047974 -0.200356 -0.014338
v 0.047551 -0.191372 -0.049461
v 0.046668 -0.175733 -0.082155
v 0.045361 -0.154038 -0.111162
v 0.043678 -0.127123 -0.135370
v 0.041685 -0.096020 -0.153844
v 0.137492 -0.182569 0.092165
v 0.139049 -0.197659 -0.014132
v 0.161653 -0.059495 -0.095177
v 0.161535 -0.083823 -0.077502
v 0.189256 -0.053413 -0.099412
v 0.189079 -0.089904 -0.072899
v 0.262248 -0.161537 -0.253794
v 0.216526 -0.184969 -0.302112
v 0.216177 -0.242200 -0.260533
v 0.262044 -0.203779 -0.223104
v 0.237288 -0.200254 -0.348376
v 0.227560 -0.204858 -0.269236
v 0.236768 -0.281607 -0.289272
v 0.276742 -0.204858 -0.268908
v 0.243038 -0.245700 -0.325348
v 0.213452 -0.298330 -0.572265
v 0.182680 -0.305110 -0.567545
v 0.244026 -0.332230 -0.547432
v 0.244158 -0.305110 -0.567134
v 0.182549 -0.332230 -0.547842
v 0.213254 -0.339010 -0.542711
v 0.181582 -0.430176 -0.476685
v 0.181450 -0.457296 -0.456981
v 0.212156 -0.464076 -0.451850
v 0.242928 -0.457296 -0.456571
v 0.243059 -0.430176 -0.476274
v 0.212354 -0.423396 -0.481404
v 0.161814 -0.111095 0.006438
v 0.161622 -0.101803 0.035037
v 0.189435 -0.113418 -0.000527
v 0.189148 -0.099480 0.042370
v 0.261025 -0.294118 0.054928
v 0.214932 -0.347020 0.062069
v 0.214411 -0.325160 0.129347
v 0.260694 -0.277983 0.104585
v 0.235383 -0.395874 0.062403
v 0.225991 -0.321970 0.091196
v 0.234620 -0.364800 0.158038
v 0.275173 -0.321970 0.091524
v 0.240950 -0.388054 0.112768
v 0.209893 -0.638957 0.086375
v 0.179100 -0.636367 0.094139
v 0.240364 -0.626008 0.126430
v 0.240578 -0.636367 0.094550
v 0.178887 -0.626008 0.126020
v 0.209573 -0.623418 0.134196
v 0.177627 -0.588596 0.241157
v 0.177414 -0.578237 0.273038
v 0.208099 -0.575647 0.281213
v 0.238891 -0.578237 0.273448
v 0.239104 -0.588596 0.241567
v 0.208419 -0.591186 0.233392
v 0.162114 -0.030402 0.086917
v 0.162114 -0.000331 0.086917
v 0.189689 -0.037920 0.087101
v 0.189689 0.007186 0.087101
v 0.260385 -0.041474 0.276421
v 0.213990 -0.050737 0.328727
v 0.213918 0.020004 0.328726
v 0.260385 0.010740 0.276421
v 0.234131 -0.065646 0.375387
v 0.225342 -0.015367 0.313956
v 0.234007 0.034912 0.375386
v 0.274524 -0.015367 0.314285
v 0.239981 -0.015367 0.383541
v 0.207208 -0.117803 0.613858
v 0.176469 -0.109423 0.613653
v 0.237946 -0.075901 0.614063
v 0.237946 -0.109423 0.614063
v 0.176469 -0.075901 0.613653
v 0.207208 -0.067520 0.613858
v 0.175978 0.045167 0.613649
v 0.175978 0.078689 0.613649
v 0.206716 0.087070 0.613854
v 0.237454 0.078689 0.614060
v 0.237455 0.045167 0.614059
v 0.206716 0.036787 0.613854
v 0.163300 0.071069 0.035048
v 0.163491 0.080362 0.006449
v 0.190826 0.068746 0.042382
v 0.191113 0.082685 -0.000516
v 0.262372 0.247249 0.104597
v 0.216161 0.294426 0.129358
v 0.216538 0.316287 0.062079
v 0.262702 0.263384 0.054939
v 0.236422 0.334066 0.158049
v 0.227669 0.291237 0.091206
v 0.236936 0.365141 0.062414
v 0.276851 0.291237 0.091535
v 0.242628 0.357321 0.112778
v 0.210268 0.544914 0.281228
v 0.179583 0.547504 0.273052
v 0.241272 0.557862 0.241582
v 0.241059 0.547504 0.273463
v 0.179796 0.557863 0.241171
v 0.210587 0.560452 0.233407
v 0.180073 0.595275 0.126029
v 0.180286 0.605634 0.094147
v 0.211078 0.608223 0.086382
v 0.241764 0.605634 0.094558
v 0.241550 0.595275 0.126439
v 0.210759 0.592685 0.134204
v 0.164890 0.053089 -0.077480
v 0.165008 0.028761 -0.095154
v 0.192434 0.059171 -0.072876
v 0.192611 0.022679 -0.099389
v 0.265399 0.173046 -0.223082
v 0.219602 0.211467 -0.260509
v 0.219810 0.154236 -0.302090
v 0.265603 0.130804 -0.253772
v 0.240248 0.250874 -0.289248
v 0.230916 0.174125 -0.269214
v 0.240518 0.169521 -0.348354
v 0.280097 0.174125 -0.268885
v 0.246392 0.214967 -0.325325
v 0.216003 0.433342 -0.451825
v 0.185298 0.426562 -0.456955
v 0.246906 0.399443 -0.476248
v 0.246774 0.426562 -0.456545
v 0.185429 0.399443 -0.476659
v 0.216200 0.392663 -0.481379
v 0.185413 0.301496 -0.547822
v 0.185544 0.274376 -0.567525
v 0.216315 0.267596 -0.572246
v 0.247021 0.274377 -0.567115
v 0.246889 0.301496 -0.547412
v 0.216118 0.308276 -0.542692
v 0.161717 -0.000331 -0.104629
v 0.161717 -0.030402 -0.104629
v 0.189290 0.007186 -0.104445
v 0.189290 -0.037920 -0.104445
v 0.262509 0.010740 -0.292804
v 0.216817 0.020004 -0.345726
v 0.216746 -0.050737 -0.345726
v 0.262509 -0.041474 -0.292804
v 0.237580 0.034912 -0.392112
v 0.227971 -0.015367 -0.330804
v 0.237456 -0.065646 -0.392113
v 0.277153 -0.015367 -0.330476
v 0.243538 -0.015367 -0.400187
v 0.213844 0.087070 -0.630921
v 0.183105 0.078689 -0.631126
v 0.244583 0.045167 -0.630716
v 0.244583 0.078689 -0.630716
v 0.183105 0.045167 -0.631126
v 0.213844 0.036787 -0.630921
v 0.182614 -0.075901 -0.631130
v 0.182614 -0.109423 -0.631130
v 0.213352 -0.117803 -0.630924
v 0.244091 -0.109423 -0.630719
v 0.244091 -0.075901 -0.630719
v 0.213352 -0.067520 -0.630924
v 0.162209 -0.101803 -0.052749
v 0.162018 -0.111095 -0.024151
v 0.189831 -0.099480 -0.059715
v 0.189544 -0.113418 -0.016817
v 0.262201 -0.277983 -0.120968
v 0.216324 -0.325160 -0.146345
v 0.215803 -0.347020 -0.079068
v 0.261869 -0.294118 -0.071311
v 0.236967 -0.364800 -0.174763
v 0.227322 -0.321970 -0.108044
v 0.236204 -0.395874 -0.079130
v 0.276504 -0.321970 -0.107714
v 0.242568 -0.388054 -0.129414
v 0.212462 -0.575647 -0.298280
v 0.181669 -0.578237 -0.290515
v 0.242934 -0.588596 -0.258224
v 0.243147 -0.578237 -0.290105
v 0.181456 -0.588596 -0.258634
v 0.212142 -0.591186 -0.250458
v 0.180196 -0.626008 -0.143497
v 0.179983 -0.636367 -0.111617
v 0.210668 -0.638957 -0.103442
v 0.241460 -0.636367 -0.111207
v 0.241673 -0.626008 -0.143087
v 0.210988 -0.623419 -0.151262
v 0.162295 -0.083823 0.059789
v 0.162178 -0.059495 0.077464
v 0.189899 -0.089905 0.055555
v 0.189723 -0.053413 0.082067
v 0.260851 -0.203779 0.206721
v 0.214558 -0.242200 0.243534
v 0.214209 -0.184969 0.285113
v 0.260646 -0.161538 0.237410
v 0.234819 -0.281608 0.272545
v 0.225754 -0.204858 0.252389
v 0.234299 -0.200254 0.331650
v 0.274935 -0.204858 0.252716
v 0.240481 -0.245700 0.308703
v 0.208404 -0.464076 0.434783
v 0.177633 -0.457296 0.439504
v 0.238978 -0.430176 0.459618
v 0.239109 -0.457296 0.439915
v 0.177501 -0.430176 0.459208
v 0.208207 -0.423396 0.464339
v 0.176534 -0.332230 0.530365
v 0.176403 -0.305110 0.550068
v 0.207108 -0.298330 0.555199
v 0.237879 -0.305110 0.550479
v 0.238011 -0.332230 0.530775
v 0.207305 -0.339010 0.525644
v 0.163017 0.028761 0.077470
v 0.163134 0.053089 0.059794
v 0.190561 0.022679 0.082072
v 0.190738 0.059171 0.055560
v 0.261484 0.130804 0.237417
v 0.215120 0.154236 0.285119
v 0.215326 0.211467 0.243539
v 0.261690 0.173046 0.206726
v 0.235263 0.169520 0.331656
v 0.226593 0.174125 0.252394
v 0.235533 0.250874 0.272550
v 0.275774 0.174125 0.252723
v 0.241320 0.214967 0.308708
v 0.208438 0.267596 0.555208
v 0.177733 0.274376 0.550076
v 0.239341 0.301496 0.530784
v 0.239209 0.274376 0.550488
v 0.177864 0.301496 0.530373
v 0.208635 0.308276 0.525653
v 0.177848 0.399442 0.459209
v 0.177979 0.426562 0.439506
v 0.208751 0.433342 0.434786
v 0.239457 0.426562 0.439917
v 0.239324 0.399442 0.459620
v 0.208554 0.392663 0.464341
v 0.164534 0.080362 -0.024134
v 0.164725 0.071069 -0.052732
v 0.192060 0.082685 -0.016801
v 0.192347 0.068746 -0.059698
v 0.264385 0.263384 -0.071294
v 0.218391 0.316287 -0.079051
v 0.218769 0.294426 -0.146329
v 0.264717 0.247249 -0.120952
v 0.238845 0.365140 -0.079112
v 0.229838 0.291237 -0.108027
v 0.239359 0.334066 -0.174748
v 0.279020 0.291237 -0.107698
v 0.245084 0.357320 -0.129397
v 0.213676 0.608223 -0.103421
v 0.182991 0.605633 -0.111597
v 0.244680 0.595275 -0.143067
v 0.244467 0.605633 -0.111186
v 0.183204 0.595275 -0.143477
v 0.213995 0.592685 -0.151242
v 0.183481 0.557862 -0.258621
v 0.183694 0.547503 -0.290502
v 0.214485 0.544914 -0.298267
v 0.245171 0.547503 -0.290091
v 0.244958 0.557862 -0.258210
v 0.214167 0.560452 -0.250445
v 0.173398 -0.054173 -0.098965
v 0.157458 -0.071659 -0.086367
v 0.173228 -0.089144 -0.073557
v 0.189168 -0.071659 -0.086156
v 0.226149 -0.185191 -0.316574
v 0.225711 -0.219885 -0.260804
v 0.245285 -0.252585 -0.261552
v 0.274980 -0.189273 -0.274408
v 0.231024 -0.157416 -0.157789
v 0.199442 -0.162017 -0.175102
v 0.199614 -0.128393 -0.199530
v 0.231237 -0.113550 -0.189659
v 0.245705 -0.182914 -0.312169
v 0.225855 -0.192184 -0.280930
v 0.225716 -0.255946 -0.265169
v 0.274855 -0.214893 -0.255793
v 0.256836 -0.243792 -0.322629
v 0.230091 -0.243792 -0.322808
v 0.232064 -0.274797 -0.409835
v 0.206146 -0.319877 -0.372239
v 0.195774 -0.299177 -0.571768
v 0.248703 -0.318670 -0.557251
v 0.231123 -0.299177 -0.571532
v 0.178004 -0.318670 -0.557724
v 0.230933 -0.338162 -0.543208
v 0.195584 -0.338162 -0.543445
v 0.213353 -0.318670 -0.557488
v 0.206648 -0.267138 -0.410554
v 0.205412 -0.243971 -0.428549
v 0.230840 -0.241580 -0.439618
v 0.257160 -0.242031 -0.424074
v 0.258596 -0.267138 -0.410206
v 0.176906 -0.443736 -0.466864
v 0.229835 -0.463228 -0.452347
v 0.194485 -0.463228 -0.452584
v 0.247605 -0.443736 -0.466392
v 0.230024 -0.424243 -0.480671
v 0.194675 -0.424243 -0.480907
v 0.212255 -0.443736 -0.466627
v 0.231614 -0.316990 -0.379183
v 0.256433 -0.340815 -0.352306
v 0.230022 -0.355571 -0.356802
v 0.258094 -0.319877 -0.371891
v 0.204672 -0.344143 -0.355773
v 0.173574 -0.113128 0.000260
v 0.157582 -0.106449 0.020710
v 0.173299 -0.099770 0.041371
v 0.189292 -0.106449 0.020922
v 0.224486 -0.360903 0.057855
v 0.224085 -0.318583 0.108084
v 0.243448 -0.329523 0.139041
v 0.273485 -0.322373 0.074994
v 0.230271 -0.201342 0.080534
v 0.198582 -0.219028 0.079414
v 0.198854 -0.231871 0.039888
v 0.230616 -0.218097 0.028968
v 0.244078 -0.356135 0.057141
v 0.224313 -0.329164 0.075520
v 0.223843 -0.333877 0.141031
v 0.273284 -0.312587 0.105112
v 0.254774 -0.384966 0.111857
v 0.228028 -0.384966 0.111677
v 0.229402 -0.477327 0.114279
v 0.203373 -0.455336 0.168652
v 0.192211 -0.638633 0.087252
v 0.245082 -0.631187 0.110521
v 0.227560 -0.638633 0.087489
v 0.174382 -0.631188 0.110049
v 0.227254 -0.623742 0.133317
v 0.191904 -0.623742 0.133082
v 0.209733 -0.631187 0.110285
v 0.204032 -0.475481 0.106656
v 0.202861 -0.485428 0.079056
v 0.228252 -0.495378 0.073477
v 0.254640 -0.480901 0.078833
v 0.255979 -0.475481 0.107002
v 0.172910 -0.583416 0.257066
v 0.225781 -0.575971 0.280335
v 0.190431 -0.575971 0.280098
v 0.243608 -0.583416 0.257539
v 0.226086 -0.590862 0.234506
v 0.190737 -0.590862 0.234270
v 0.208259 -0.583416 0.257303
v 0.228825 -0.461210 0.163877
v 0.253617 -0.443169 0.194956
v 0.227093 -0.451837 0.207477
v 0.255320 -0.455336 0.168999
v 0.201820 -0.447166 0.196810
v 0.173833 -0.036980 0.086995
v 0.157979 -0.015367 0.086889
v 0.173833 0.006247 0.086995
v 0.189689 -0.015367 0.087101
v 0.223436 -0.059096 0.340672
v 0.223536 0.001753 0.315947
v 0.242972 0.027692 0.336007
v 0.272756 -0.031201 0.309552
v 0.230339 0.011744 0.195960
v 0.198533 0.005414 0.212287
v 0.198541 -0.036147 0.212287
v 0.230339 -0.042477 0.195960
v 0.243054 -0.058426 0.336006
v 0.223546 -0.032487 0.315946
v 0.223348 0.028362 0.340672
v 0.272756 0.000467 0.309552
v 0.253819 -0.015367 0.380386
v 0.227074 -0.015367 0.380207
v 0.227873 -0.041444 0.468855
v 0.202235 0.017228 0.464625
v 0.189534 -0.116756 0.613739
v 0.242557 -0.092662 0.614093
v 0.224883 -0.116756 0.613976
v 0.171858 -0.092662 0.613622
v 0.224883 -0.068568 0.613976
v 0.189534 -0.068568 0.613739
v 0.207208 -0.092662 0.613858
v 0.202481 -0.047962 0.464626
v 0.201119 -0.077276 0.465553
v 0.226419 -0.085817 0.473408
v 0.252923 -0.076419 0.461417
v 0.254428 -0.047962 0.464974
v 0.171367 0.061928 0.613618
v 0.224390 0.086022 0.613972
v 0.189041 0.086022 0.613737
v 0.242065 0.061928 0.614091
v 0.224390 0.037834 0.613972
v 0.189041 0.037834 0.613737
v 0.206716 0.061928 0.613854
v 0.227627 0.010710 0.468853
v 0.252677 0.045685 0.461415
v 0.226155 0.055084 0.473407
v 0.254182 0.017228 0.464972
v 0.200864 0.046543 0.465551
v 0.174976 0.069037 0.041382
v 0.159260 0.075715 0.020721
v 0.175252 0.082394 0.000272
v 0.190970 0.075715 0.020933
v 0.225609 0.303144 0.141042
v 0.225980 0.298431 0.075531
v 0.245673 0.325401 0.057151
v 0.274961 0.281854 0.105123
v 0.232293 0.187364 0.028980
v 0.200523 0.201137 0.039899
v 0.200267 0.188294 0.079425
v 0.231949 0.170608 0.080546
v 0.245208 0.298789 0.139054
v 0.225773 0.287850 0.108095
v 0.226075 0.330170 0.057866
v 0.275162 0.291640 0.075006
v 0.256451 0.354232 0.111868
v 0.229706 0.354233 0.111690
v 0.230748 0.430477 0.163889
v 0.205464 0.444747 0.106665
v 0.192600 0.545238 0.280113
v 0.245777 0.552683 0.257554
v 0.227950 0.545238 0.280350
v 0.175078 0.552683 0.257081
v 0.228256 0.560129 0.234521
v 0.192907 0.560129 0.234285
v 0.210428 0.552683 0.257317
v 0.205296 0.424602 0.168664
v 0.203752 0.416433 0.196823
v 0.229034 0.421104 0.207491
v 0.255542 0.412435 0.194969
v 0.257244 0.424602 0.169011
v 0.175568 0.600454 0.110057
v 0.228746 0.607900 0.087497
v 0.193397 0.607900 0.087261
v 0.246268 0.600454 0.110530
v 0.228440 0.593009 0.133326
v 0.193090 0.593009 0.133089
v 0.210919 0.600454 0.110293
v 0.230834 0.446593 0.114288
v 0.256070 0.450168 0.078841
v 0.229665 0.464645 0.073487
v 0.257411 0.444747 0.107011
v 0.204284 0.454695 0.079065
v 0.176583 0.058411 -0.073535
v 0.160813 0.040925 -0.086345
v 0.176753 0.023440 -0.098942
v 0.192523 0.040925 -0.086133
v 0.229161 0.225213 -0.265146
v 0.229200 0.161451 -0.280908
v 0.248979 0.152180 -0.312147
v 0.278210 0.184160 -0.255771
v 0.234592 0.082817 -0.189636
v 0.202960 0.097660 -0.199508
v 0.202806 0.131283 -0.175080
v 0.234379 0.126683 -0.157767
v 0.248722 0.221851 -0.261528
v 0.229075 0.189152 -0.260782
v 0.229414 0.154457 -0.316552
v 0.278335 0.158540 -0.274385
v 0.260191 0.213058 -0.322607
v 0.233447 0.213058 -0.322785
v 0.235214 0.286257 -0.379160
v 0.209757 0.236404 -0.410532
v 0.198332 0.432495 -0.452558
v 0.251451 0.413003 -0.466365
v 0.233682 0.432495 -0.452322
v 0.180752 0.413003 -0.466838
v 0.233871 0.393510 -0.480645
v 0.198521 0.393510 -0.480882
v 0.216101 0.413003 -0.466602
v 0.209748 0.289144 -0.372215
v 0.208281 0.313409 -0.355749
v 0.233642 0.324837 -0.356778
v 0.260036 0.310082 -0.352282
v 0.261695 0.289144 -0.371867
v 0.180867 0.287936 -0.557706
v 0.233986 0.268444 -0.571512
v 0.198636 0.268444 -0.571749
v 0.251566 0.287936 -0.557232
v 0.233797 0.307429 -0.543190
v 0.198448 0.307429 -0.543425
v 0.216217 0.287936 -0.557469
v 0.235173 0.244063 -0.409815
v 0.260267 0.211297 -0.424052
v 0.233931 0.210846 -0.439598
v 0.261705 0.236404 -0.410185
v 0.208512 0.213238 -0.428528
v 0.173435 0.006247 -0.104551
v 0.157580 -0.015367 -0.104657
v 0.173435 -0.036980 -0.104551
v 0.189290 -0.015367 -0.104445
v 0.226423 0.028362 -0.357543
v 0.226192 -0.032487 -0.332818
v 0.245894 -0.058426 -0.352617
v 0.275323 0.000467 -0.325767
v 0.231392 -0.042478 -0.212752
v 0.199806 -0.036147 -0.229502
v 0.199814 0.005414 -0.229502
v 0.231392 0.011744 -0.212752
v 0.245976 0.027692 -0.352616
v 0.226202 0.001753 -0.332818
v 0.226333 -0.059096 -0.357544
v 0.275323 -0.031201 -0.325767
v 0.257332 -0.015367 -0.396848
v 0.230586 -0.015367 -0.397026
v 0.232571 0.010710 -0.485656
v 0.206878 -0.047962 -0.481768
v 0.196169 0.086022 -0.631040
v 0.249193 0.061928 -0.630684
v 0.231518 0.086022 -0.630803
v 0.178494 0.061928 -0.631157
v 0.231518 0.037834 -0.630803
v 0.196169 0.037834 -0.631040
v 0.213844 0.061928 -0.630921
v 0.207124 0.017228 -0.481767
v 0.205775 0.046543 -0.482711
v 0.231178 0.055084 -0.490228
v 0.257520 0.045685 -0.477883
v 0.259071 0.017228 -0.481419
v 0.178003 -0.092662 -0.631160
v 0.231027 -0.116756 -0.630806
v 0.195678 -0.116756 -0.631042
v 0.248701 -0.092662 -0.630688
v 0.231027 -0.068568 -0.630806
v 0.195678 -0.068568 -0.631042
v 0.213352 -0.092662 -0.630924
v 0.232324 -0.041444 -0.485657
v 0.257272 -0.076419 -0.477885
v 0.230913 -0.085817 -0.490229
v 0.258826 -0.047962 -0.481422
v 0.205520 -0.077276 -0.482712
v 0.173970 -0.099770 -0.058927
v 0.157976 -0.106449 -0.038478
v 0.173694 -0.113128 -0.017817
v 0.189688 -0.106449 -0.038266
v 0.225928 -0.333877 -0.157902
v 0.225424 -0.329164 -0.092392
v 0.244869 -0.356135 -0.073752
v 0.274795 -0.312587 -0.121326
v 0.231115 -0.218097 -0.045760
v 0.199493 -0.231871 -0.057103
v 0.199766 -0.219028 -0.096629
v 0.231460 -0.201342 -0.097327
v 0.245499 -0.329523 -0.155651
v 0.225652 -0.318583 -0.124956
v 0.225283 -0.360903 -0.074726
v 0.274594 -0.322373 -0.091210
v 0.256378 -0.384966 -0.128318
v 0.229632 -0.384966 -0.128497
v 0.231372 -0.461210 -0.180679
v 0.205326 -0.475481 -0.123797
v 0.194780 -0.575971 -0.297402
v 0.247651 -0.583417 -0.274133
v 0.230129 -0.575971 -0.297165
v 0.176951 -0.583417 -0.274606
v 0.229823 -0.590862 -0.251337
v 0.194473 -0.590862 -0.251573
v 0.212302 -0.583417 -0.274369
v 0.205986 -0.455336 -0.185793
v 0.204818 -0.447166 -0.213970
v 0.230241 -0.451837 -0.224298
v 0.256579 -0.443169 -0.211424
v 0.257933 -0.455336 -0.185446
v 0.175479 -0.631188 -0.127588
v 0.228350 -0.638633 -0.104319
v 0.193000 -0.638633 -0.104556
v 0.246177 -0.631188 -0.127116
v 0.228655 -0.623742 -0.150148
v 0.193306 -0.623742 -0.150384
v 0.210828 -0.631188 -0.127351
v 0.230795 -0.477327 -0.131080
v 0.255556 -0.480901 -0.095301
v 0.229081 -0.495378 -0.090299
v 0.257273 -0.475481 -0.123450
v 0.203777 -0.485428 -0.096216
v 0.174040 -0.089144 0.056001
v 0.158101 -0.071659 0.068599
v 0.173871 -0.054173 0.081408
v 0.189811 -0.071659 0.068811
v 0.224053 -0.255946 0.248297
v 0.223882 -0.192184 0.264058
v 0.243242 -0.182914 0.295559
v 0.273224 -0.214893 0.239579
v 0.230493 -0.113551 0.172867
v 0.198733 -0.128393 0.182315
v 0.198904 -0.162017 0.157887
v 0.230706 -0.157417 0.140998
v 0.243662 -0.252585 0.244941
v 0.224028 -0.219885 0.243933
v 0.223621 -0.185191 0.299702
v 0.273100 -0.189273 0.258192
v 0.254314 -0.243792 0.306167
v 0.227569 -0.243792 0.305989
v 0.228584 -0.316990 0.362382
v 0.202710 -0.267138 0.393412
v 0.190725 -0.463228 0.435281
v 0.243655 -0.443736 0.449797
v 0.226075 -0.463228 0.435517
v 0.172955 -0.443736 0.449325
v 0.225885 -0.424244 0.463840
v 0.190536 -0.424244 0.463605
v 0.208305 -0.443736 0.449561
v 0.203213 -0.319878 0.355097
v 0.201966 -0.344143 0.338613
v 0.227310 -0.355571 0.339981
v 0.253762 -0.340815 0.335838
v 0.255160 -0.319878 0.355444
v 0.171857 -0.318670 0.540185
v 0.224787 -0.299177 0.554701
v 0.189437 -0.299177 0.554466
v 0.242556 -0.318670 0.540658
v 0.224977 -0.338162 0.526378
v 0.189626 -0.338162 0.526142
v 0.207206 -0.318670 0.540422
v 0.228134 -0.274797 0.393034
v 0.253035 -0.242031 0.407606
v 0.226494 -0.241580 0.422797
v 0.254658 -0.267138 0.393759
v 0.201226 -0.243971 0.411389
v 0.174710 0.023439 0.081414
v 0.158940 0.040925 0.068605
v 0.174879 0.058411 0.056006
v 0.190650 0.040925 0.068816
v 0.224549 0.154457 0.299708
v 0.224855 0.189151 0.243938
v 0.244419 0.221851 0.244946
v 0.273939 0.158540 0.258198
v 0.231545 0.126683 0.141003
v 0.199735 0.131283 0.157892
v 0.199580 0.097660 0.182321
v 0.231332 0.082817 0.172873
v 0.244163 0.152180 0.295565
v 0.224731 0.161450 0.264064
v 0.224804 0.225213 0.248302
v 0.274062 0.184160 0.239584
v 0.255153 0.213058 0.306174
v 0.228407 0.213058 0.305994
v 0.229218 0.244063 0.393041
v 0.203806 0.289144 0.355101
v 0.190768 0.268444 0.554473
v 0.243886 0.287936 0.540666
v 0.226117 0.268444 0.554710
v 0.173187 0.287936 0.540194
v 0.226307 0.307429 0.526386
v 0.190957 0.307429 0.526151
v 0.208537 0.287936 0.540430
v 0.203794 0.236404 0.393419
v 0.202319 0.213238 0.411396
v 0.227596 0.210846 0.422805
v 0.254122 0.211297 0.407613
v 0.255743 0.236404 0.393766
v 0.173302 0.413002 0.449327
v 0.226422 0.432495 0.435519
v 0.191072 0.432495 0.435284
v 0.244002 0.413002 0.449799
v 0.226232 0.393510 0.463843
v 0.190883 0.393510 0.463606
v 0.208653 0.413002 0.449563
v 0.229177 0.286256 0.362386
v 0.254353 0.310081 0.335842
v 0.227885 0.324837 0.339985
v 0.255753 0.289144 0.355447
v 0.202551 0.313409 0.338618
v 0.176212 0.082394 -0.017800
v 0.160493 0.075715 -0.038461
v 0.176486 0.069036 -0.058910
v 0.192204 0.075715 -0.038249
v 0.227888 0.330170 -0.074710
v 0.228158 0.287850 -0.124939
v 0.247933 0.298789 -0.155636
v 0.277111 0.291640 -0.091193
v 0.233975 0.170608 -0.097310
v 0.202274 0.188294 -0.096612
v 0.202018 0.201137 -0.057087
v 0.233631 0.187364 -0.045744
v 0.247468 0.325401 -0.073734
v 0.227951 0.298431 -0.092375
v 0.228355 0.303144 -0.157886
v 0.277311 0.281854 -0.121310
v 0.258894 0.354232 -0.128301
v 0.232148 0.354232 -0.128480
v 0.233558 0.446593 -0.131062
v 0.208256 0.424602 -0.185778
v 0.196008 0.607899 -0.104536
v 0.249185 0.600454 -0.127096
v 0.231357 0.607899 -0.104299
v 0.178486 0.600454 -0.127568
v 0.231664 0.593009 -0.150128
v 0.196314 0.593009 -0.150364
v 0.213836 0.600454 -0.127332
v 0.208088 0.444747 -0.123779
v 0.206548 0.454695 -0.096198
v 0.231861 0.464644 -0.090281
v 0.258319 0.450167 -0.095282
v 0.260035 0.444747 -0.123431
v 0.178976 0.552683 -0.274592
v 0.232154 0.545237 -0.297152
v 0.196804 0.545237 -0.297388
v 0.249676 0.552683 -0.274119
v 0.231847 0.560128 -0.251324
v 0.196498 0.560128 -0.251560
v 0.214326 0.552683 -0.274356
v 0.233642 0.430477 -0.180664
v 0.258847 0.412435 -0.211409
v 0.232493 0.421104 -0.224284
v 0.260203 0.424602 -0.185431
v 0.207080 0.416433 -0.213955
v 0.172853 -0.071659 -0.086264
v 0.244564 -0.349730 -0.352298
v 0.218275 -0.178181 -0.181686
v 0.218523 -0.129779 -0.216851
v 0.241275 -0.150912 -0.194893
v 0.200133 -0.152926 -0.197940
v 0.216250 -0.239678 -0.433830
v 0.217293 -0.273707 -0.409723
v 0.216836 -0.317125 -0.378181
v 0.231541 -0.318670 -0.557366
v 0.195166 -0.318670 -0.557610
v 0.202862 -0.255132 -0.418711
v 0.262109 -0.254646 -0.417283
v 0.247055 -0.273708 -0.409524
v 0.245356 -0.239193 -0.432604
v 0.230442 -0.443736 -0.466506
v 0.194068 -0.443736 -0.466749
v 0.261495 -0.330490 -0.362182
v 0.246597 -0.317125 -0.377982
v 0.202244 -0.331321 -0.363359
v 0.215454 -0.350562 -0.353273
v 0.172978 -0.106449 0.020812
v 0.241692 -0.445841 0.203381
v 0.217280 -0.230404 0.092839
v 0.217673 -0.248892 0.035941
v 0.240391 -0.234684 0.062930
v 0.199225 -0.237943 0.063714
v 0.213701 -0.489194 0.073390
v 0.214639 -0.476788 0.113210
v 0.214052 -0.460204 0.164246
v 0.227920 -0.631187 0.110407
v 0.191545 -0.631188 0.110163
v 0.200284 -0.479504 0.092699
v 0.259540 -0.478373 0.092952
v 0.244401 -0.476788 0.113408
v 0.242815 -0.488062 0.073442
v 0.226446 -0.583416 0.257424
v 0.190072 -0.583416 0.257181
v 0.258699 -0.449403 0.182107
v 0.243814 -0.460204 0.164445
v 0.199439 -0.450402 0.182262
v 0.212573 -0.446840 0.203737
v 0.173374 -0.015367 0.086992
v 0.240773 0.052949 0.466505
v 0.217221 0.014547 0.227341
v 0.217234 -0.045281 0.227342
v 0.240166 -0.015367 0.222276
v 0.198984 -0.015367 0.225426
v 0.211908 -0.083896 0.467433
v 0.213108 -0.042200 0.467945
v 0.212862 0.011467 0.467943
v 0.225395 -0.092662 0.613979
v 0.189021 -0.092662 0.613736
v 0.198643 -0.062455 0.464123
v 0.257905 -0.062240 0.463399
v 0.242870 -0.042200 0.468144
v 0.241029 -0.083682 0.466507
v 0.224903 0.061928 0.613976
v 0.188529 0.061928 0.613733
v 0.257659 0.031507 0.463397
v 0.242624 0.011467 0.468141
v 0.198395 0.031721 0.464122
v 0.211651 0.053163 0.467431
v 0.174655 0.075715 0.020824
v 0.244237 0.457329 0.073453
v 0.219337 0.218159 0.035952
v 0.218971 0.199671 0.092851
v 0.242068 0.203951 0.062942
v 0.200902 0.207209 0.063725
v 0.214507 0.416107 0.203750
v 0.215976 0.429471 0.164259
v 0.216071 0.446055 0.113219
v 0.228615 0.552683 0.257439
v 0.192241 0.552683 0.257196
v 0.201364 0.419669 0.182274
v 0.260622 0.418670 0.182120
v 0.245737 0.429471 0.164458
v 0.243625 0.415107 0.203395
v 0.229106 0.600454 0.110415
v 0.192731 0.600454 0.110171
v 0.260972 0.447639 0.092962
v 0.245832 0.446055 0.113417
v 0.201714 0.448771 0.092708
v 0.215121 0.458460 0.073400
v 0.176208 0.040925 -0.086241
v 0.248455 0.208460 -0.432584
v 0.221864 0.099046 -0.216828
v 0.221643 0.147448 -0.181664
v 0.244630 0.120179 -0.194870
v 0.203488 0.122193 -0.197918
v 0.219066 0.319828 -0.353249
v 0.220437 0.286392 -0.378156
v 0.220402 0.242974 -0.409702
v 0.234288 0.413003 -0.466480
v 0.197914 0.413002 -0.466724
v 0.205847 0.300588 -0.363334
v 0.265096 0.299756 -0.362158
v 0.250198 0.286391 -0.377958
v 0.248175 0.318996 -0.352273
v 0.234403 0.287936 -0.557347
v 0.198030 0.287936 -0.557591
v 0.265219 0.223913 -0.417262
v 0.250164 0.242974 -0.409503
v 0.205969 0.224398 -0.418691
v 0.219347 0.208945 -0.433810
v 0.172975 -0.015367 -0.104554
v 0.245438 -0.083682 -0.483133
v 0.218693 -0.045281 -0.244306
v 0.218707 0.014547 -0.244305
v 0.241569 -0.015367 -0.238933
v 0.200432 -0.015367 -0.242635
v 0.216587 0.053163 -0.484446
v 0.217795 0.011467 -0.484942
v 0.217550 -0.042200 -0.484944
v 0.232031 0.061928 -0.630799
v 0.195656 0.061928 -0.631043
v 0.203280 0.031721 -0.481315
v 0.262527 0.031507 -0.479798
v 0.247557 0.011467 -0.484744
v 0.245694 0.052949 -0.483131
v 0.231539 -0.092662 -0.630803
v 0.195165 -0.092662 -0.631046
v 0.262281 -0.062240 -0.479799
v 0.247311 -0.042200 -0.484745
v 0.203032 -0.062455 -0.481315
v 0.216330 -0.083897 -0.484448
v 0.173372 -0.106449 -0.038375
v 0.243651 -0.488062 -0.090070
v 0.218254 -0.248892 -0.052905
v 0.218646 -0.230404 -0.109803
v 0.241342 -0.234684 -0.079588
v 0.200190 -0.237943 -0.080922
v 0.215665 -0.446840 -0.220753
v 0.216605 -0.460204 -0.181246
v 0.216019 -0.476788 -0.130209
v 0.230489 -0.583417 -0.274247
v 0.194114 -0.583417 -0.274491
v 0.202236 -0.450402 -0.199454
v 0.261487 -0.449403 -0.198509
v 0.246367 -0.460204 -0.181047
v 0.244776 -0.445841 -0.220008
v 0.229015 -0.631188 -0.127231
v 0.192641 -0.631188 -0.127473
v 0.260646 -0.478373 -0.109353
v 0.245780 -0.476788 -0.130010
v 0.201390 -0.479504 -0.109891
v 0.214537 -0.489194 -0.090406
v 0.173497 -0.071659 0.068702
v 0.241111 -0.239193 0.415978
v 0.217404 -0.129780 0.199887
v 0.217652 -0.178182 0.164722
v 0.240460 -0.150912 0.178235
v 0.199282 -0.152926 0.180731
v 0.212785 -0.350562 0.336257
v 0.213822 -0.317125 0.361181
v 0.213365 -0.273708 0.392724
v 0.226493 -0.443736 0.449682
v 0.190118 -0.443736 0.449439
v 0.199430 -0.331322 0.346166
v 0.258690 -0.330490 0.345781
v 0.243583 -0.317125 0.361380
v 0.241903 -0.349730 0.335671
v 0.225393 -0.318670 0.540543
v 0.189019 -0.318670 0.540300
v 0.258077 -0.254647 0.400881
v 0.243126 -0.273708 0.392922
v 0.198813 -0.255132 0.401518
v 0.211988 -0.239678 0.416815
v 0.174335 0.040925 0.068707
v 0.242486 0.318996 0.335676
v 0.218477 0.147448 0.164728
v 0.218256 0.099046 0.199893
v 0.241298 0.120179 0.178241
v 0.200120 0.122193 0.180737
v 0.213085 0.208945 0.416823
v 0.214449 0.242974 0.392730
v 0.214415 0.286391 0.361185
v 0.226725 0.287936 0.540552
v 0.190350 0.287936 0.540308
v 0.199900 0.224398 0.401525
v 0.259161 0.223913 0.400889
v 0.244212 0.242974 0.392929
v 0.242206 0.208460 0.415985
v 0.226840 0.413002 0.449685
v 0.190465 0.413002 0.449442
v 0.259283 0.299756 0.345785
v 0.244176 0.286391 0.361384
v 0.200022 0.300588 0.346170
v 0.213365 0.319828 0.336261
v 0.175888 0.075715 -0.038358
v 0.247036 0.415107 -0.219993
v 0.221149 0.199671 -0.109787
v 0.220783 0.218159 -0.052888
v 0.243860 0.203951 -0.079571
v 0.202707 0.207209 -0.080904
v 0.217311 0.458460 -0.090388
v 0.218781 0.446055 -0.130191
v 0.218876 0.429471 -0.181231
v 0.232022 0.600454 -0.127210
v 0.195649 0.600454 -0.127454
v 0.204154 0.448771 -0.109873
v 0.263408 0.447639 -0.109334
v 0.248542 0.446055 -0.129992
v 0.246423 0.457328 -0.090051
v 0.232513 0.552683 -0.274234
v 0.196139 0.552683 -0.274478
v 0.263757 0.418670 -0.198493
v 0.248637 0.429471 -0.181032
v 0.204504 0.419669 -0.199440
v 0.217924 0.416106 -0.220738
vn -0.6525 0.7534 -0.0819
vn -0.9837 -0.0000 -0.1798
vn -0.9830 -0.0000 -0.1835
vn -0.9832 -0.0000 -0.1826
vn -0.9831 -0.0000 -0.1829
vn -0.9826 -0.0000 -0.1857
vn -0.9825 -0.0000 -0.1862
vn -0.9357 -0.3170 -0.1546
vn -0.9900 -0.0000 -0.1408
vn -0.9367 -0.3141 -0.1546
vn -0.9357 -0.3170 -0.1547
vn -0.9833 -0.0000 -0.1821
vn -0.9886 -0.0000 -0.1506
vn -0.8866 0.2656 0.3787
vn -0.9048 0.3201 0.2808
vn -0.9887 0.1177 0.0933
vn -0.9255 0.1324 0.3547
vn -0.1603 0.2069 0.9651
vn 0.9730 -0.0000 0.2306
vn 0.1579 0.3902 0.9071
vn -0.1641 0.1093 0.9804
vn 0.4823 0.2501 0.8395
vn 0.8260 0.0854 0.5571
vn 0.8242 0.0582 0.5632
vn 0.9615 -0.0000 0.2747
vn -0.9851 0.1251 -0.1180
vn 1.0000 -0.0000 -0.0000
vn -0.9856 0.1235 -0.1158
vn -0.9845 0.1300 -0.1178
vn -0.0896 0.6151 0.7834
vn -0.0000 1.0000 -0.0000
vn -0.1243 -0.6151 0.7786
vn -0.9831 -0.0000 -0.1830
vn -0.9833 -0.0000 -0.1822
vn -0.7687 -0.3225 0.5524
vn 0.0264 -0.9892 -0.1443
vn -0.1336 -0.6715 0.7289
vn 0.0438 0.9700 -0.2390
vn 0.0607 -0.9416 -0.3313
vn -0.1210 -0.7410 0.6606
vn 0.0264 0.9892 -0.1443
vn 0.0771 -0.9040 -0.4206
vn -0.1074 -0.8032 0.5859
vn 0.0089 0.9988 -0.0483
vn 0.0926 -0.8578 -0.5056
vn -0.0926 -0.8578 0.5056
vn -0.0089 0.9988 0.0483
vn 0.1074 -0.8032 -0.5860
vn -0.0771 -0.9040 0.4206
vn -0.0264 0.9892 0.1443
vn 0.1210 -0.7410 -0.6605
vn -0.0607 -0.9416 0.3313
vn -0.0438 0.9700 0.2390
vn 0.1336 -0.6715 -0.7289
vn -0.0438 -0.9700 0.2390
vn -0.0607 0.9416 0.3313
vn 0.1448 -0.5957 -0.7900
vn -0.0265 -0.9892 0.1444
vn -0.0770 0.9040 0.4205
vn 0.1546 -0.5141 -0.8437
vn 0.0088 -0.9988 -0.0480
vn -0.0927 0.8577 0.5057
vn 0.1629 -0.4275 -0.8892
vn 0.0438 -0.9700 -0.2390
vn -0.1073 0.8033 0.5859
vn 0.1697 -0.3369 -0.9261
vn -0.1210 0.7409 0.6606
vn 0.1748 -0.2431 -0.9541
vn -0.1335 0.6715 0.7288
vn 0.1783 -0.1466 -0.9730
vn -0.1448 0.5957 0.7900
vn 0.1800 -0.0491 -0.9824
vn -0.1546 0.5141 0.8437
vn 0.1800 0.0491 -0.9824
vn -0.1629 0.4276 0.8892
vn 0.1783 0.1466 -0.9730
vn -0.1697 0.3369 0.9261
vn 0.1748 0.2431 -0.9541
vn -0.1748 0.2430 0.9542
vn 0.1697 0.3369 -0.9261
vn -0.1783 0.1468 0.9730
vn 0.1629 0.4275 -0.8892
vn -0.1800 0.0490 0.9824
vn 0.1546 0.5141 -0.8437
vn -0.1800 -0.0490 0.9824
vn 0.1448 0.5958 -0.7900
vn -0.1783 -0.1468 0.9730
vn 0.1336 0.6715 -0.7289
vn -0.1748 -0.2430 0.9541
vn 0.1210 0.7410 -0.6606
vn -0.1697 -0.3369 0.9261
vn 0.1073 0.8033 -0.5859
vn -0.1629 -0.4276 0.8892
vn 0.0927 0.8577 -0.5058
vn -0.1546 -0.5141 0.8437
vn 0.0770 0.9040 -0.4205
vn 0.9836 -0.0000 0.1802
vn -0.1447 -0.5958 0.7900
vn 0.0607 0.9416 -0.3313
vn -0.0088 -0.9988 0.0482
vn -0.6391 0.7534 -0.1548
vn -0.6788 0.7317 0.0620
vn -0.6915 0.7103 0.1316
vn -0.7039 0.6819 0.1990
vn -0.7157 0.6469 0.2632
vn -0.7267 0.6059 0.3236
vn -0.7370 0.5591 0.3798
vn -0.7465 0.5066 0.4314
vn -0.7549 0.4495 0.4775
vn -0.7623 0.3879 0.5181
vn -0.7687 0.3225 0.5524
vn -0.7738 0.2541 0.5802
vn -0.7776 0.1833 0.6014
vn -0.7803 0.1104 0.6156
vn -0.7815 0.0372 0.6228
vn -0.7815 -0.0369 0.6228
vn -0.7802 -0.1108 0.6156
vn -0.7776 -0.1833 0.6014
vn -0.9836 -0.0000 -0.1802
vn -0.7738 -0.2542 0.5802
vn -0.7622 -0.3880 0.5181
vn -0.7550 -0.4495 0.4775
vn -0.7465 -0.5066 0.4313
vn -0.7370 -0.5591 0.3798
vn -0.7267 -0.6060 0.3236
vn -0.7156 -0.6470 0.2632
vn -0.7039 -0.6818 0.1991
vn -0.6916 -0.7102 0.1317
vn -0.6787 -0.7318 0.0618
vn -0.6657 -0.7462 -0.0094
vn -0.6524 -0.7534 -0.0819
vn -0.6391 -0.7534 -0.1547
vn -0.6258 -0.7462 -0.2271
vn -0.6127 -0.7317 -0.2986
vn -0.6000 -0.7102 -0.3682
vn -0.5876 -0.6818 -0.4357
vn -0.5759 -0.6471 -0.4996
vn -0.5647 -0.6058 -0.5604
vn -0.5544 -0.5590 -0.6165
vn -0.5450 -0.5065 -0.6681
vn -0.5366 -0.4491 -0.7144
vn -0.5291 -0.3877 -0.7548
vn -0.5228 -0.3224 -0.7891
vn -0.5178 -0.2544 -0.8168
vn -0.5140 -0.1845 -0.8377
vn -0.5139 -0.1837 -0.8379
vn -0.5140 -0.1846 -0.8377
vn -0.5113 -0.1107 -0.8523
vn -0.5100 -0.0369 -0.8594
vn -0.5100 0.0369 -0.8594
vn -0.5113 0.1107 -0.8522
vn -0.5139 0.1831 -0.8381
vn -0.5178 0.2544 -0.8168
vn -0.5229 0.3224 -0.7891
vn -0.5291 0.3877 -0.7548
vn -0.5366 0.4495 -0.7142
vn -0.5450 0.5065 -0.6681
vn -0.5544 0.5590 -0.6165
vn -0.5647 0.6057 -0.5605
vn -0.5759 0.6471 -0.4996
vn -0.5876 0.6820 -0.4353
vn -0.6000 0.7103 -0.3681
vn -0.6127 0.7317 -0.2987
vn -0.6258 0.7461 -0.2271
vn 0.0088 -0.9988 -0.0482
vn -0.6657 0.7462 -0.0095
vn -0.0607 -0.9415 0.3315
vn -0.9836 -0.0000 -0.1803
vn 0.0265 -0.9891 -0.1446
vn 0.8136 0.0734 0.5768
vn 0.9612 -0.0391 0.2730
vn 0.0607 -0.9415 -0.3315
vn 0.0926 -0.8578 -0.5055
vn 0.1074 -0.8031 -0.5861
vn 0.1211 -0.7408 -0.6607
vn 0.1335 -0.6718 -0.7286
vn 0.1447 -0.5959 -0.7899
vn 0.1546 -0.5140 -0.8437
vn 0.1630 -0.4271 -0.8894
vn 0.1697 -0.3371 -0.9261
vn 0.1748 -0.2430 -0.9542
vn 0.1783 -0.1471 -0.9729
vn 0.1800 -0.0489 -0.9825
vn 0.1800 0.0489 -0.9825
vn 0.1783 0.1472 -0.9729
vn 0.1748 0.2430 -0.9542
vn 0.1630 0.4274 -0.8893
vn 0.1448 0.5957 -0.7901
vn 0.1335 0.6718 -0.7286
vn 0.1211 0.7408 -0.6607
vn 0.1075 0.8028 -0.5864
vn 0.0926 0.8578 -0.5055
vn 0.0770 0.9042 -0.4201
vn 0.0607 0.9415 -0.3316
vn 0.0438 0.9701 -0.2389
vn 0.0265 0.9891 -0.1446
vn 0.0088 0.9988 -0.0480
vn -0.0088 0.9988 0.0480
vn -0.0265 0.9891 0.1446
vn -0.0438 0.9701 0.2389
vn -0.0607 0.9415 0.3315
vn -0.0771 0.9039 0.4207
vn -0.0927 0.8575 0.5061
vn -0.1074 0.8031 0.5860
vn -0.1210 0.7408 0.6607
vn -0.1335 0.6716 0.7287
vn -0.1447 0.5958 0.7900
vn -0.1546 0.5138 0.8439
vn -0.1629 0.4278 0.8891
vn -0.1697 0.3371 0.9260
vn -0.1749 0.2427 0.9542
vn -0.1783 0.1471 0.9729
vn -0.1800 0.0489 0.9825
vn -0.1800 -0.0488 0.9825
vn -0.1783 -0.1470 0.9729
vn -0.1749 -0.2427 0.9542
vn -0.1697 -0.3373 0.9260
vn -0.1546 -0.5140 0.8437
vn -0.1448 -0.5956 0.7902
vn -0.1335 -0.6716 0.7288
vn -0.1210 -0.7408 0.6607
vn -0.1073 -0.8034 0.5857
vn -0.0927 -0.8577 0.5058
vn -0.9861 -0.0000 -0.1662
vn -0.9853 -0.0000 -0.1711
vn -0.9847 -0.0000 -0.1744
vn -0.0771 -0.9039 0.4207
vn -0.0438 -0.9701 0.2389
vn -0.0265 -0.9891 0.1446
vn 0.0438 -0.9701 -0.2389
vn -0.9145 0.3692 -0.1657
vn -0.9833 -0.0102 -0.1818
vn -0.9829 -0.0211 -0.1830
vn -0.9835 0.0055 -0.1810
vn -0.0602 -0.3573 0.9321
vn 0.0883 0.3580 0.9295
vn -0.9839 0.0114 -0.1786
vn -0.9838 0.0173 -0.1787
vn -0.9788 0.1425 -0.1468
vn -0.9826 -0.0283 -0.1837
vn -0.2932 0.9560 -0.0057
vn -0.1080 0.9942 -0.0021
vn -0.9836 0.0058 -0.1802
vn -0.9835 0.0269 -0.1786
vn 0.3952 0.1591 0.9047
vn 0.1568 -0.1532 0.9757
vn -0.2889 0.9573 -0.0140
vn -0.1059 0.9944 -0.0052
vn -0.8050 -0.5852 -0.0978
vn -0.9836 -0.0023 -0.1802
vn 0.2855 0.2117 0.9347
vn 0.0676 -0.2082 0.9757
vn -0.9689 0.1830 -0.1666
vn -0.9721 0.1598 -0.1716
vn -0.9704 0.1744 -0.1669
vn -0.8016 -0.2424 -0.5465
vn 0.2663 0.9639 -0.0000
vn -0.7905 -0.6001 -0.1223
vn 0.2037 0.2619 0.9434
vn 0.0088 -0.2597 0.9657
vn -0.0117 0.9999 -0.0108
vn 0.7927 0.2052 0.5741
vn -0.0018 1.0000 -0.0037
vn -0.0104 0.9999 -0.0099
vn -0.9824 -0.0000 -0.1867
vn -0.9827 -0.0000 -0.1852
vn -0.9825 -0.0000 -0.1863
vn -0.1208 -0.5757 0.8087
vn -0.0700 0.5757 0.8147
vn -0.9832 -0.0000 -0.1825
vn -0.9833 -0.0000 -0.1820
vn -0.1245 -0.6153 0.7784
vn -0.0899 0.6153 0.7831
vn 0.0458 0.4041 0.9136
vn -0.0810 -0.4037 0.9113
vn -0.2693 0.9622 -0.0417
vn -0.0934 0.9955 -0.0145
vn -0.1440 -0.0001 0.9896
vn -0.1606 -0.0002 0.9870
vn -0.1607 -0.0001 0.9870
vn 0.9884 -0.0000 0.1521
vn -0.9835 0.0151 -0.1801
vn -1.0000 0.0087 -0.0000
vn -0.9846 -0.0000 -0.1750
vn -1.0000 -0.0087 -0.0000
vn -0.9835 -0.0151 -0.1801
vn -0.0468 0.5346 0.8438
vn -0.1149 -0.5346 0.8373
vn 0.2437 0.9685 0.0511
vn 0.1014 0.9946 0.0213
vn -0.9766 0.1198 -0.1786
vn -0.9810 0.0734 -0.1797
vn -0.9824 0.0497 -0.1800
vn -0.9979 0.0644 -0.0000
vn 0.1601 -0.6154 -0.7718
vn 0.1942 0.6154 -0.7639
vn -0.9990 0.0450 -0.0000
vn -0.9836 -0.0012 -0.1801
vn -0.2238 -0.5760 0.7862
vn -0.1742 0.5760 0.7987
vn -0.0934 0.9955 -0.0147
vn -0.2691 0.9622 -0.0425
vn -0.9562 -0.2358 -0.1735
vn -0.9562 -0.2327 -0.1775
vn -0.9562 -0.2330 -0.1770
vn -0.6843 0.2596 -0.6814
vn -0.1208 0.6897 0.7140
vn -0.1302 -0.6897 0.7123
vn -0.9691 -0.1663 -0.1821
vn -0.9677 -0.1744 -0.1820
vn -0.9644 -0.1970 -0.1763
vn -0.9690 -0.1655 -0.1834
vn 0.1396 0.6897 -0.7105
vn 0.1302 -0.6897 -0.7123
vn -0.1435 -0.0000 0.9896
vn 0.9885 -0.0000 0.1511
vn -0.1604 0.0003 0.9871
vn -0.1383 0.6532 0.7444
vn -0.1683 -0.6533 0.7382
vn 0.1745 0.9827 0.0624
vn 0.1618 0.9851 0.0578
vn -0.9836 0.0012 -0.1801
vn -0.9810 -0.0734 -0.1797
vn -0.9824 -0.0497 -0.1800
vn -0.9990 -0.0451 -0.0000
vn -0.9831 -0.0000 -0.1832
vn -0.9979 -0.0645 -0.0000
vn -0.9766 -0.1197 -0.1786
vn -0.9826 -0.0000 -0.1859
vn -0.9485 0.2428 -0.2033
vn -0.9491 0.2409 -0.2031
vn -0.9490 0.2409 -0.2034
vn -0.9779 -0.0000 -0.2093
vn 0.3497 -0.2708 -0.8969
vn 0.5237 0.2714 -0.8075
vn 0.5195 -0.0213 0.8542
vn 0.7539 0.0396 0.6558
vn -0.9845 -0.0000 -0.1755
vn 0.4072 -0.2261 -0.8849
vn 0.5959 0.2275 -0.7701
vn -0.0088 -0.9988 0.0480
vn 0.3255 0.4502 -0.8315
vn 0.2245 -0.4502 -0.8642
vn -0.9832 0.0263 -0.1807
vn -0.9833 0.0075 -0.1818
vn -0.9834 0.0229 -0.1800
vn -0.8934 -0.4492 -0.0000
vn -0.9839 -0.0039 -0.1784
vn -0.9837 -0.0043 -0.1799
vn -0.9834 -0.0044 -0.1812
vn -0.9796 0.1430 -0.1411
vn -0.9836 0.0029 -0.1802
vn -0.9837 0.0022 -0.1796
vn -0.9850 -0.0018 -0.1726
vn -0.9843 -0.0029 -0.1766
vn 0.4115 0.3617 -0.8365
vn 0.2734 -0.3616 -0.8913
vn -0.9838 -0.0000 -0.1790
vn -0.9861 -0.0000 -0.1663
vn 0.4632 0.3163 -0.8279
vn 0.3067 -0.3161 -0.8978
vn -0.9624 0.2063 -0.1768
vn -0.9658 0.1892 -0.1774
vn 0.0087 -0.2600 0.9656
vn 0.2035 0.2621 0.9433
vn 0.5234 0.2719 -0.8076
vn 0.3495 -0.2713 -0.8968
vn -0.0317 -0.3092 0.9505
vn 0.1398 0.3105 0.9402
vn -0.9768 -0.1643 -0.1371
vn -0.9739 -0.1678 -0.1532
vn -0.9537 -0.1453 -0.2634
vn -0.9511 -0.1364 -0.2771
vn -0.9102 -0.1327 -0.3924
vn -0.9100 -0.1331 -0.3928
vn -0.9387 0.2511 -0.2360
vn -0.9388 0.2513 -0.2357
vn -0.6652 0.6854 -0.2962
vn -0.9431 0.2565 -0.2117
vn -0.6776 0.6987 -0.2296
vn -0.9779 0.2078 -0.0225
vn -0.9923 0.1105 0.0557
vn -0.9923 0.1106 0.0557
vn -0.8107 0.3025 0.5013
vn -0.9940 0.0873 0.0659
vn -0.9940 0.0874 0.0662
vn -0.8154 0.2382 0.5277
vn -0.8155 0.2382 0.5275
vn -0.4184 0.3249 0.8482
vn -0.9954 0.0627 0.0725
vn -0.9954 0.0626 0.0724
vn -0.8192 0.1719 0.5472
vn -0.8193 0.1718 0.5470
vn -0.9962 0.0381 0.0784
vn -0.8217 0.1035 0.5604
vn -0.9966 0.0127 0.0809
vn -0.8226 0.0348 0.5675
vn -0.8227 0.0345 0.5674
vn -0.9967 -0.0128 0.0805
vn -0.8229 -0.0347 0.5671
vn -0.2461 -0.9647 -0.0933
vn -0.6890 -0.7065 -0.1616
vn -0.9479 -0.2582 -0.1866
vn -0.2294 -0.9554 -0.1861
vn -0.6765 -0.6998 -0.2295
vn -0.9433 -0.2560 -0.2114
vn -0.2124 -0.9369 -0.2776
vn -0.6644 -0.6860 -0.2965
vn -0.9389 -0.2508 -0.2359
vn -0.1962 -0.9094 -0.3667
vn -0.6525 -0.6658 -0.3618
vn -0.9344 -0.2436 -0.2598
vn -0.1803 -0.8731 -0.4529
vn -0.6411 -0.6392 -0.4247
vn -0.9303 -0.2336 -0.2828
vn -0.1651 -0.8285 -0.5350
vn -0.6299 -0.6066 -0.4850
vn -0.9263 -0.2216 -0.3048
vn -0.1508 -0.7758 -0.6126
vn -0.6195 -0.5681 -0.5418
vn -0.9223 -0.2080 -0.3258
vn -0.9223 -0.2079 -0.3259
vn -0.1379 -0.7157 -0.6847
vn -0.6100 -0.5239 -0.5945
vn -0.9188 -0.1917 -0.3450
vn -0.1260 -0.6485 -0.7507
vn -0.6010 -0.4749 -0.6428
vn -0.9155 -0.1738 -0.3629
vn -0.1148 -0.5754 -0.8098
vn -0.5927 -0.4215 -0.6863
vn -0.9129 -0.1538 -0.3781
vn -0.9126 -0.1543 -0.3786
vn -0.1050 -0.4966 -0.8616
vn -0.5862 -0.3635 -0.7240
vn -0.9103 -0.1328 -0.3921
vn -0.0970 -0.4130 -0.9056
vn -0.5801 -0.3023 -0.7564
vn -0.9079 -0.1107 -0.4042
vn -0.0904 -0.3254 -0.9413
vn -0.5755 -0.2382 -0.7824
vn -0.9062 -0.0871 -0.4137
vn -0.0855 -0.2348 -0.9683
vn -0.5720 -0.1718 -0.8020
vn -0.9050 -0.0628 -0.4207
vn -0.0825 -0.1417 -0.9865
vn -0.5698 -0.1037 -0.8152
vn -0.9040 -0.0380 -0.4258
vn -0.0805 -0.0474 -0.9956
vn -0.5684 -0.0347 -0.8220
vn -0.9036 -0.0127 -0.4281
vn -0.0805 0.0474 -0.9956
vn -0.5683 0.0347 -0.8221
vn -0.9036 0.0127 -0.4283
vn -0.0826 0.1417 -0.9865
vn -0.5694 0.1038 -0.8155
vn -0.9040 0.0380 -0.4258
vn -0.0859 0.2347 -0.9683
vn -0.5722 0.1718 -0.8020
vn -0.9050 0.0628 -0.4207
vn -0.0904 0.3254 -0.9413
vn -0.5755 0.2382 -0.7823
vn -0.9062 0.0871 -0.4137
vn -0.0972 0.4130 -0.9055
vn -0.5805 0.3023 -0.7561
vn -0.9079 0.1107 -0.4042
vn -0.1054 0.4966 -0.8616
vn -0.5866 0.3633 -0.7238
vn -0.9101 0.1329 -0.3924
vn -0.1148 0.5754 -0.8098
vn -0.5933 0.4212 -0.6861
vn -0.9127 0.1540 -0.3784
vn -0.1254 0.6486 -0.7507
vn -0.6014 0.4747 -0.6427
vn -0.9155 0.1739 -0.3629
vn -0.1379 0.7157 -0.6847
vn -0.6102 0.5238 -0.5944
vn -0.9189 0.1916 -0.3449
vn -0.1509 0.7759 -0.6126
vn -0.6196 0.5679 -0.5417
vn -0.9222 0.2077 -0.3261
vn -0.9223 0.2077 -0.3260
vn -0.1649 0.8285 -0.5351
vn -0.1652 0.8284 -0.5352
vn -0.6303 0.6063 -0.4849
vn -0.9262 0.2219 -0.3049
vn -0.1803 0.8732 -0.4528
vn -0.6409 0.6394 -0.4248
vn -0.9303 0.2336 -0.2828
vn -0.1958 0.9095 -0.3667
vn -0.6522 0.6661 -0.3618
vn -0.9346 0.2432 -0.2596
vn -0.2120 0.9370 -0.2775
vn -0.6643 0.6862 -0.2964
vn -0.9389 0.2508 -0.2359
vn -0.2289 0.9555 -0.1861
vn -0.6767 0.6996 -0.2295
vn -0.9433 0.2560 -0.2114
vn -0.2461 0.9647 -0.0933
vn -0.6892 0.7063 -0.1615
vn -0.9479 0.2583 -0.1866
vn -0.2633 0.9647 -0.0000
vn -0.7015 0.7065 -0.0933
vn -0.9525 0.2582 -0.1617
vn -0.2802 0.9554 0.0928
vn -0.7142 0.6995 -0.0253
vn -0.9570 0.2560 -0.1368
vn -0.2969 0.9370 0.1842
vn -0.7264 0.6860 0.0416
vn -0.9614 0.2513 -0.1122
vn -0.9613 0.2515 -0.1122
vn -0.3130 0.9095 0.2735
vn -0.7384 0.6658 0.1069
vn -0.9659 0.2434 -0.0885
vn -0.3292 0.8732 0.3595
vn -0.7499 0.6393 0.1700
vn -0.9701 0.2338 -0.0653
vn -0.3440 0.8285 0.4418
vn -0.7609 0.6066 0.2302
vn -0.9741 0.2217 -0.0434
vn -0.3579 0.7759 0.5194
vn -0.7714 0.5680 0.2869
vn -0.9780 0.2076 -0.0227
vn -0.3715 0.7156 0.5914
vn -0.7813 0.5238 0.3395
vn -0.9814 0.1917 -0.0031
vn -0.3834 0.6487 0.6574
vn -0.7899 0.4749 0.3880
vn -0.9847 0.1737 0.0145
vn -0.3947 0.5754 0.7164
vn -0.7975 0.4215 0.4316
vn -0.9876 0.1538 0.0300
vn -0.4042 0.4966 0.7682
vn -0.4037 0.4968 0.7682
vn -0.8046 0.3637 0.4695
vn -0.9902 0.1328 0.0437
vn -0.4117 0.4130 0.8124
vn -0.8105 0.3025 0.5016
vn -0.4187 0.3254 0.8478
vn -0.8153 0.2383 0.5277
vn -0.9941 0.0870 0.0652
vn -0.4233 0.2347 0.8751
vn -0.4238 0.2347 0.8748
vn -0.8190 0.1719 0.5475
vn -0.9954 0.0628 0.0723
vn -0.4266 0.1418 0.8933
vn -0.8214 0.1038 0.5608
vn -0.9963 0.0379 0.0771
vn -0.4289 0.0473 0.9021
vn -0.8227 0.0347 0.5674
vn -0.9967 0.0127 0.0799
vn -0.4285 -0.0473 0.9023
vn -0.8228 -0.0347 0.5673
vn -0.9967 -0.0127 0.0799
vn -0.4268 -0.1418 0.8932
vn -0.8214 -0.1038 0.5608
vn -0.9963 -0.0379 0.0770
vn -0.4231 -0.2347 0.8752
vn -0.8189 -0.1719 0.5476
vn -0.9954 -0.0628 0.0723
vn -0.4188 -0.3254 0.8478
vn -0.8153 -0.2383 0.5277
vn -0.9941 -0.0871 0.0653
vn -0.4117 -0.4130 0.8124
vn -0.8105 -0.3025 0.5016
vn -0.9923 -0.1106 0.0561
vn -0.9923 -0.1106 0.0562
vn -0.9923 -0.1105 0.0559
vn -0.4039 -0.4966 0.7683
vn -0.8046 -0.3637 0.4695
vn -0.9901 -0.1329 0.0441
vn -0.3946 -0.5754 0.7164
vn -0.7974 -0.4216 0.4317
vn -0.9876 -0.1542 0.0305
vn -0.9876 -0.1541 0.0302
vn -0.9876 -0.1542 0.0304
vn -0.3834 -0.6486 0.6575
vn -0.7898 -0.4749 0.3881
vn -0.9847 -0.1736 0.0144
vn -0.3709 -0.7158 0.5916
vn -0.7813 -0.5238 0.3396
vn -0.9815 -0.1916 -0.0033
vn -0.3581 -0.7759 0.5194
vn -0.3585 -0.7758 0.5192
vn -0.3576 -0.7760 0.5196
vn -0.7714 -0.5680 0.2869
vn -0.9778 -0.2081 -0.0224
vn -0.9779 -0.2078 -0.0226
vn -0.3437 -0.8286 0.4419
vn -0.7609 -0.6066 0.2302
vn -0.9741 -0.2217 -0.0434
vn -0.3288 -0.8732 0.3597
vn -0.7501 -0.6392 0.1699
vn -0.9701 -0.2338 -0.0654
vn -0.3130 -0.9095 0.2735
vn -0.7386 -0.6656 0.1068
vn -0.9659 -0.2432 -0.0885
vn -0.9658 -0.2439 -0.0883
vn -0.2968 -0.9370 0.1842
vn -0.7268 -0.6856 0.0415
vn -0.9615 -0.2509 -0.1122
vn -0.2804 -0.9554 0.0927
vn -0.7139 -0.6997 -0.0252
vn -0.9571 -0.2556 -0.1368
vn -0.2632 -0.9647 -0.0000
vn -0.7015 -0.7066 -0.0933
vn -0.9525 -0.2580 -0.1617
vn 0.9525 -0.2580 0.1617
vn 0.7015 -0.7065 0.0933
vn 0.2632 -0.9647 -0.0000
vn 0.9570 -0.2557 0.1368
vn 0.7140 -0.6997 0.0252
vn 0.2804 -0.9554 -0.0927
vn 0.9614 -0.2511 0.1122
vn 0.7262 -0.6862 -0.0417
vn 0.2969 -0.9370 -0.1842
vn 0.9659 -0.2434 0.0885
vn 0.7383 -0.6659 -0.1069
vn 0.3133 -0.9095 -0.2734
vn 0.9701 -0.2339 0.0652
vn 0.7500 -0.6393 -0.1700
vn 0.3293 -0.8731 -0.3595
vn 0.9741 -0.2219 0.0431
vn 0.9741 -0.2218 0.0434
vn 0.7618 -0.6059 -0.2294
vn 0.7608 -0.6067 -0.2302
vn 0.7618 -0.6058 -0.2293
vn 0.3444 -0.8285 -0.4417
vn 0.9780 -0.2076 0.0226
vn 0.7712 -0.5681 -0.2871
vn 0.3583 -0.7758 -0.5194
vn 0.9815 -0.1915 0.0033
vn 0.9814 -0.1919 0.0031
vn 0.9814 -0.1920 0.0030
vn 0.7809 -0.5241 -0.3399
vn 0.7811 -0.5239 -0.3396
vn 0.3718 -0.7157 -0.5912
vn 0.9847 -0.1734 -0.0141
vn 0.7899 -0.4749 -0.3880
vn 0.3839 -0.6486 -0.6572
vn 0.3835 -0.6487 -0.6574
vn 0.9876 -0.1538 -0.0301
vn 0.7979 -0.4212 -0.4313
vn 0.3943 -0.5754 -0.7166
vn 0.9901 -0.1330 -0.0441
vn 0.8047 -0.3636 -0.4693
vn 0.4036 -0.4967 -0.7684
vn 0.9923 -0.1105 -0.0557
vn 0.8107 -0.3024 -0.5014
vn 0.4115 -0.4130 -0.8125
vn 0.9941 -0.0870 -0.0652
vn 0.8152 -0.2382 -0.5278
vn 0.4185 -0.3254 -0.8479
vn 0.9954 -0.0629 -0.0727
vn 0.8190 -0.1719 -0.5474
vn 0.4240 -0.2348 -0.8747
vn 0.9962 -0.0379 -0.0780
vn 0.8214 -0.1037 -0.5608
vn 0.4276 -0.1416 -0.8928
vn 0.9967 -0.0127 -0.0804
vn 0.8227 -0.0348 -0.5673
vn 0.4285 -0.0475 -0.9023
vn 0.9967 0.0127 -0.0804
vn 0.8228 0.0348 -0.5673
vn 0.4289 0.0475 -0.9021
vn 0.9963 0.0380 -0.0775
vn 0.8214 0.1037 -0.5608
vn 0.4275 0.1416 -0.8928
vn 0.9954 0.0629 -0.0727
vn 0.8190 0.1719 -0.5474
vn 0.4239 0.2347 -0.8748
vn 0.9941 0.0870 -0.0652
vn 0.8156 0.2381 -0.5274
vn 0.4191 0.3253 -0.8477
vn 0.4189 0.3253 -0.8477
vn 0.9923 0.1105 -0.0556
vn 0.8108 0.3023 -0.5013
vn 0.4117 0.4130 -0.8124
vn 0.9901 0.1330 -0.0441
vn 0.8050 0.3635 -0.4689
vn 0.4038 0.4967 -0.7683
vn 0.9876 0.1541 -0.0303
vn 0.7980 0.4211 -0.4311
vn 0.3940 0.5755 -0.7166
vn 0.9847 0.1735 -0.0141
vn 0.7897 0.4751 -0.3881
vn 0.3837 0.6487 -0.6573
vn 0.9815 0.1914 0.0035
vn 0.7810 0.5240 -0.3398
vn 0.7812 0.5239 -0.3395
vn 0.3718 0.7156 -0.5913
vn 0.9779 0.2078 0.0225
vn 0.9779 0.2078 0.0223
vn 0.7714 0.5680 -0.2869
vn 0.3579 0.7759 -0.5194
vn 0.9741 0.2217 0.0434
vn 0.7611 0.6064 -0.2301
vn 0.3444 0.8284 -0.4417
vn 0.9701 0.2337 0.0655
vn 0.7497 0.6395 -0.1702
vn 0.3296 0.8730 -0.3594
vn 0.9659 0.2436 0.0883
vn 0.7383 0.6659 -0.1069
vn 0.3129 0.9096 -0.2735
vn 0.9614 0.2511 0.1122
vn 0.7264 0.6860 -0.0416
vn 0.2965 0.9371 -0.1843
vn 0.9570 0.2557 0.1368
vn 0.7142 0.6995 0.0253
vn 0.2800 0.9555 -0.0928
vn 0.9525 0.2581 0.1617
vn 0.7017 0.7063 0.0933
vn 0.2632 0.9647 -0.0000
vn 0.9479 0.2583 0.1866
vn 0.6892 0.7063 0.1616
vn 0.2461 0.9647 0.0933
vn 0.9433 0.2558 0.2114
vn 0.6767 0.6996 0.2295
vn 0.2290 0.9555 0.1861
vn 0.9389 0.2506 0.2358
vn 0.6646 0.6859 0.2964
vn 0.2120 0.9371 0.2774
vn 0.9344 0.2436 0.2598
vn 0.9344 0.2438 0.2599
vn 0.6524 0.6659 0.3618
vn 0.1955 0.9096 0.3667
vn 0.9303 0.2336 0.2829
vn 0.6408 0.6394 0.4249
vn 0.1803 0.8731 0.4529
vn 0.9262 0.2219 0.3048
vn 0.6298 0.6067 0.4851
vn 0.1651 0.8285 0.5351
vn 0.9224 0.2077 0.3255
vn 0.6194 0.5681 0.5418
vn 0.1510 0.7758 0.6126
vn 0.9188 0.1917 0.3450
vn 0.6095 0.5242 0.5947
vn 0.1379 0.7156 0.6847
vn 0.9156 0.1737 0.3626
vn 0.6008 0.4750 0.6430
vn 0.1257 0.6486 0.7507
vn 0.9128 0.1540 0.3783
vn 0.5926 0.4215 0.6864
vn 0.1152 0.5753 0.8098
vn 0.9102 0.1329 0.3923
vn 0.5859 0.3636 0.7242
vn 0.5863 0.3635 0.7240
vn 0.1055 0.4965 0.8616
vn 0.9080 0.1107 0.4042
vn 0.5801 0.3025 0.7563
vn 0.0975 0.4129 0.9055
vn 0.9062 0.0872 0.4137
vn 0.5753 0.2382 0.7825
vn 0.0907 0.3253 0.9412
vn 0.0911 0.3253 0.9412
vn 0.0906 0.3253 0.9413
vn 0.9050 0.0628 0.4208
vn 0.5717 0.1720 0.8022
vn 0.0862 0.2347 0.9682
vn 0.9040 0.0379 0.4258
vn 0.9039 0.0380 0.4260
vn 0.5696 0.1037 0.8154
vn 0.0827 0.1417 0.9865
vn 0.9036 0.0127 0.4282
vn 0.5684 0.0347 0.8220
vn 0.0813 0.0474 0.9956
vn 0.9036 -0.0127 0.4282
vn 0.5684 -0.0347 0.8221
vn 0.0810 -0.0473 0.9956
vn 0.9042 -0.0379 0.4255
vn 0.5691 -0.1037 0.8157
vn 0.0824 -0.1417 0.9865
vn 0.9050 -0.0628 0.4207
vn 0.5717 -0.1720 0.8022
vn 0.5721 -0.1718 0.8020
vn 0.0859 -0.2348 0.9682
vn 0.9063 -0.0872 0.4136
vn 0.5749 -0.2384 0.7828
vn 0.0912 -0.3252 0.9412
vn 0.0907 -0.3253 0.9412
vn 0.9080 -0.1107 0.4042
vn 0.5801 -0.3024 0.7563
vn 0.0970 -0.4131 0.9055
vn 0.9103 -0.1328 0.3921
vn 0.5860 -0.3635 0.7242
vn 0.1046 -0.4966 0.8617
vn 0.9129 -0.1538 0.3781
vn 0.5926 -0.4216 0.6863
vn 0.1146 -0.5755 0.8097
vn 0.9154 -0.1739 0.3630
vn 0.6008 -0.4750 0.6430
vn 0.1257 -0.6486 0.7507
vn 0.9189 -0.1915 0.3448
vn 0.6100 -0.5239 0.5945
vn 0.1379 -0.7157 0.6847
vn 0.9224 -0.2078 0.3256
vn 0.6196 -0.5680 0.5418
vn 0.1505 -0.7758 0.6128
vn 0.9263 -0.2216 0.3048
vn 0.6300 -0.6065 0.4850
vn 0.1648 -0.8286 0.5350
vn 0.9303 -0.2336 0.2829
vn 0.6411 -0.6392 0.4248
vn 0.1799 -0.8732 0.4529
vn 0.9346 -0.2433 0.2597
vn 0.6525 -0.6658 0.3618
vn 0.1959 -0.9095 0.3667
vn 0.9388 -0.2509 0.2359
vn 0.6642 -0.6863 0.2964
vn 0.2123 -0.9370 0.2775
vn 0.9433 -0.2558 0.2114
vn 0.6766 -0.6997 0.2295
vn 0.2294 -0.9554 0.1861
vn 0.9479 -0.2583 0.1866
vn 0.6891 -0.7065 0.1616
vn 0.2462 -0.9647 0.0933
vn -0.9709 0.1690 -0.1695
vn -0.8987 0.4142 -0.1440
vn -0.7676 0.6315 -0.1091
vn -0.9740 0.1670 -0.1533
vn -0.9739 0.1673 -0.1532
vn -0.9060 0.4104 -0.1040
vn -0.7791 0.6250 -0.0484
vn -0.9769 0.1639 -0.1373
vn -0.9132 0.4022 -0.0651
vn -0.7898 0.6133 0.0117
vn -0.9797 0.1592 -0.1216
vn -0.9202 0.3905 -0.0265
vn -0.9203 0.3903 -0.0266
vn -0.8004 0.5954 0.0699
vn -0.9825 0.1526 -0.1067
vn -0.9271 0.3747 0.0104
vn -0.8106 0.5719 0.1263
vn -0.9851 0.1450 -0.0921
vn -0.9851 0.1454 -0.0918
vn -0.9335 0.3557 0.0458
vn -0.8205 0.5425 0.1802
vn -0.9876 0.1357 -0.0786
vn -0.9876 0.1360 -0.0784
vn -0.9396 0.3330 0.0790
vn -0.8300 0.5077 0.2307
vn -0.9900 0.1249 -0.0663
vn -0.9453 0.3072 0.1097
vn -0.8384 0.4688 0.2781
vn -0.9920 0.1135 -0.0545
vn -0.9505 0.2786 0.1379
vn -0.8463 0.4250 0.3213
vn -0.9939 0.1010 -0.0439
vn -0.9939 0.1008 -0.0442
vn -0.9551 0.2469 0.1637
vn -0.8534 0.3767 0.3602
vn -0.9956 0.0867 -0.0354
vn -0.9591 0.2133 0.1859
vn -0.8597 0.3251 0.3939
vn -0.8599 0.3250 0.3936
vn -0.8600 0.3249 0.3934
vn -0.9970 0.0723 -0.0270
vn -0.9970 0.0724 -0.0270
vn -0.9970 0.0722 -0.0278
vn -0.9627 0.1772 0.2047
vn -0.8648 0.2703 0.4231
vn -0.8651 0.2702 0.4226
vn -0.9982 0.0570 -0.0209
vn -0.9982 0.0568 -0.0212
vn -0.9655 0.1397 0.2198
vn -0.8690 0.2133 0.4464
vn -0.8693 0.2132 0.4460
vn -0.9990 0.0411 -0.0163
vn -0.9676 0.1008 0.2314
vn -0.8725 0.1536 0.4638
vn -0.9996 0.0247 -0.0134
vn -0.9690 0.0607 0.2395
vn -0.8748 0.0928 0.4755
vn -0.9999 0.0083 -0.0116
vn -0.9697 0.0203 0.2436
vn -0.8758 0.0309 0.4818
vn -0.9999 -0.0084 -0.0118
vn -0.9697 -0.0203 0.2436
vn -0.8757 -0.0309 0.4818
vn -0.9996 -0.0248 -0.0130
vn -0.9691 -0.0607 0.2390
vn -0.8748 -0.0928 0.4755
vn -0.9990 -0.0411 -0.0163
vn -0.9676 -0.1008 0.2315
vn -0.8725 -0.1536 0.4638
vn -0.8728 -0.1536 0.4633
vn -0.9982 -0.0568 -0.0212
vn -0.9655 -0.1397 0.2198
vn -0.8691 -0.2133 0.4464
vn -0.8692 -0.2131 0.4461
vn -0.9970 -0.0722 -0.0278
vn -0.9626 -0.1772 0.2048
vn -0.8649 -0.2702 0.4229
vn -0.8652 -0.2701 0.4225
vn -0.9956 -0.0871 -0.0347
vn -0.9591 -0.2133 0.1859
vn -0.8596 -0.3253 0.3941
vn -0.9940 -0.1003 -0.0442
vn -0.9940 -0.1006 -0.0440
vn -0.9939 -0.1008 -0.0437
vn -0.9552 -0.2468 0.1636
vn -0.8536 -0.3766 0.3599
vn -0.8533 -0.3769 0.3604
vn -0.8536 -0.3767 0.3599
vn -0.9920 -0.1137 -0.0542
vn -0.9920 -0.1133 -0.0549
vn -0.9505 -0.2785 0.1378
vn -0.8461 -0.4252 0.3215
vn -0.9899 -0.1253 -0.0659
vn -0.9900 -0.1249 -0.0663
vn -0.9454 -0.3069 0.1099
vn -0.8383 -0.4688 0.2784
vn -0.9876 -0.1359 -0.0784
vn -0.9876 -0.1355 -0.0789
vn -0.9396 -0.3332 0.0789
vn -0.9397 -0.3327 0.0789
vn -0.8300 -0.5078 0.2307
vn -0.9851 -0.1452 -0.0920
vn -0.9852 -0.1447 -0.0922
vn -0.9335 -0.3555 0.0457
vn -0.8206 -0.5426 0.1796
vn -0.8206 -0.5423 0.1802
vn -0.8206 -0.5426 0.1797
vn -0.8205 -0.5427 0.1795
vn -0.9825 -0.1529 -0.1065
vn -0.9271 -0.3747 0.0104
vn -0.8106 -0.5718 0.1266
vn -0.9797 -0.1593 -0.1217
vn -0.9202 -0.3904 -0.0266
vn -0.8003 -0.5956 0.0699
vn -0.9768 -0.1645 -0.1371
vn -0.9133 -0.4021 -0.0648
vn -0.7896 -0.6136 0.0113
vn -0.9740 -0.1670 -0.1533
vn -0.9062 -0.4098 -0.1042
vn -0.7787 -0.6256 -0.0483
vn -0.9710 -0.1686 -0.1695
vn -0.9709 -0.1691 -0.1695
vn -0.8988 -0.4140 -0.1441
vn -0.7675 -0.6318 -0.1090
vn -0.9680 -0.1687 -0.1856
vn -0.9679 -0.1693 -0.1858
vn -0.8916 -0.4138 -0.1839
vn -0.7562 -0.6319 -0.1701
vn -0.9650 -0.1674 -0.2021
vn -0.8843 -0.4098 -0.2238
vn -0.7454 -0.6253 -0.2309
vn -0.9620 -0.1644 -0.2182
vn -0.8771 -0.4018 -0.2631
vn -0.7341 -0.6136 -0.2907
vn -0.7344 -0.6134 -0.2907
vn -0.9591 -0.1596 -0.2337
vn -0.9591 -0.1596 -0.2338
vn -0.8701 -0.3902 -0.3012
vn -0.7234 -0.5956 -0.3491
vn -0.7237 -0.5953 -0.3491
vn -0.9564 -0.1528 -0.2488
vn -0.8632 -0.3745 -0.3384
vn -0.7131 -0.5718 -0.4057
vn -0.9539 -0.1448 -0.2630
vn -0.8567 -0.3557 -0.3736
vn -0.7036 -0.5421 -0.4594
vn -0.9514 -0.1357 -0.2766
vn -0.8506 -0.3329 -0.4069
vn -0.6941 -0.5078 -0.5103
vn -0.9492 -0.1249 -0.2890
vn -0.8451 -0.3071 -0.4376
vn -0.6853 -0.4687 -0.5574
vn -0.9470 -0.1133 -0.3006
vn -0.8399 -0.2783 -0.4660
vn -0.6775 -0.4249 -0.6004
vn -0.9451 -0.1005 -0.3109
vn -0.8352 -0.2468 -0.4915
vn -0.6705 -0.3767 -0.6391
vn -0.9434 -0.0869 -0.3202
vn -0.8309 -0.2130 -0.5140
vn -0.6643 -0.3251 -0.6731
vn -0.9419 -0.0723 -0.3280
vn -0.8275 -0.1772 -0.5328
vn -0.6592 -0.2700 -0.7018
vn -0.9409 -0.0569 -0.3340
vn -0.8248 -0.1398 -0.5479
vn -0.6546 -0.2133 -0.7252
vn -0.9399 -0.0411 -0.3390
vn -0.8226 -0.1009 -0.5596
vn -0.6514 -0.1536 -0.7430
vn -0.9392 -0.0248 -0.3424
vn -0.8211 -0.0607 -0.5675
vn -0.6496 -0.0925 -0.7546
vn -0.6494 -0.0927 -0.7548
vn -0.9391 -0.0083 -0.3436
vn -0.8204 -0.0203 -0.5714
vn -0.6483 -0.0310 -0.7608
vn -0.9391 0.0083 -0.3436
vn -0.8204 0.0203 -0.5714
vn -0.6483 0.0310 -0.7607
vn -0.9392 0.0248 -0.3424
vn -0.8211 0.0606 -0.5675
vn -0.6494 0.0927 -0.7548
vn -0.9399 0.0411 -0.3391
vn -0.8227 0.1009 -0.5595
vn -0.6518 0.1537 -0.7427
vn -0.9409 0.0569 -0.3340
vn -0.8248 0.1398 -0.5479
vn -0.6548 0.2131 -0.7251
vn -0.9419 0.0724 -0.3281
vn -0.9420 0.0722 -0.3277
vn -0.8275 0.1772 -0.5328
vn -0.6591 0.2701 -0.7019
vn -0.9434 0.0869 -0.3202
vn -0.8311 0.2132 -0.5136
vn -0.6641 0.3253 -0.6732
vn -0.9451 0.1004 -0.3109
vn -0.8351 0.2469 -0.4916
vn -0.6704 0.3767 -0.6393
vn -0.9470 0.1134 -0.3007
vn -0.9468 0.1136 -0.3010
vn -0.8396 0.2787 -0.4662
vn -0.6777 0.4247 -0.6003
vn -0.9492 0.1249 -0.2890
vn -0.8449 0.3072 -0.4379
vn -0.6854 0.4686 -0.5574
vn -0.9513 0.1357 -0.2767
vn -0.9511 0.1363 -0.2770
vn -0.8506 0.3329 -0.4070
vn -0.6939 0.5079 -0.5104
vn -0.9539 0.1448 -0.2630
vn -0.8567 0.3557 -0.3735
vn -0.7034 0.5424 -0.4593
vn -0.9565 0.1525 -0.2488
vn -0.8632 0.3745 -0.3384
vn -0.7131 0.5718 -0.4057
vn -0.9592 0.1592 -0.2336
vn -0.8701 0.3902 -0.3012
vn -0.7236 0.5954 -0.3491
vn -0.9621 0.1638 -0.2180
vn -0.8769 0.4023 -0.2630
vn -0.7344 0.6133 -0.2907
vn -0.7341 0.6136 -0.2909
vn -0.9650 0.1673 -0.2021
vn -0.9649 0.1678 -0.2022
vn -0.8841 0.4102 -0.2238
vn -0.7451 0.6258 -0.2309
vn -0.9680 0.1687 -0.1856
vn -0.8915 0.4140 -0.1839
vn -0.7564 0.6316 -0.1701
vn -0.7674 0.6319 -0.1088
vn -0.8987 0.4141 -0.1441
vn -0.9709 0.1692 -0.1697
vn -0.7786 0.6256 -0.0485
vn -0.9061 0.4101 -0.1042
vn -0.9739 0.1677 -0.1531
vn -0.7896 0.6135 0.0115
vn -0.9133 0.4020 -0.0650
vn -0.9768 0.1645 -0.1373
vn -0.8005 0.5953 0.0700
vn -0.9203 0.3902 -0.0267
vn -0.9797 0.1598 -0.1213
vn -0.8109 0.5714 0.1263
vn -0.9270 0.3750 0.0105
vn -0.9825 0.1532 -0.1063
vn -0.8207 0.5423 0.1801
vn -0.9335 0.3557 0.0456
vn -0.9851 0.1451 -0.0921
vn -0.8299 0.5080 0.2308
vn -0.9397 0.3328 0.0788
vn -0.9876 0.1359 -0.0783
vn -0.8384 0.4686 0.2783
vn -0.9454 0.3070 0.1095
vn -0.9899 0.1255 -0.0659
vn -0.8465 0.4247 0.3211
vn -0.9505 0.2785 0.1378
vn -0.9920 0.1136 -0.0542
vn -0.8536 0.3768 0.3597
vn -0.9552 0.2468 0.1633
vn -0.9939 0.1013 -0.0435
vn -0.8598 0.3249 0.3940
vn -0.9591 0.2137 0.1859
vn -0.9592 0.2131 0.1856
vn -0.9592 0.2133 0.1856
vn -0.9590 0.2139 0.1860
vn -0.9956 0.0872 -0.0345
vn -0.8649 0.2705 0.4229
vn -0.9627 0.1772 0.2043
vn -0.9970 0.0726 -0.0267
vn -0.8691 0.2131 0.4463
vn -0.9655 0.1399 0.2198
vn -0.9981 0.0571 -0.0209
vn -0.8725 0.1537 0.4637
vn -0.9676 0.1004 0.2317
vn -0.9990 0.0410 -0.0159
vn -0.8748 0.0929 0.4755
vn -0.9691 0.0609 0.2391
vn -0.9996 0.0249 -0.0127
vn -0.8759 0.0310 0.4815
vn -0.9698 0.0204 0.2432
vn -0.9999 0.0082 -0.0113
vn -0.8759 -0.0310 0.4815
vn -0.9698 -0.0204 0.2432
vn -0.9999 -0.0082 -0.0113
vn -0.8748 -0.0929 0.4755
vn -0.9691 -0.0609 0.2390
vn -0.9996 -0.0249 -0.0127
vn -0.8725 -0.1537 0.4637
vn -0.9676 -0.1007 0.2314
vn -0.9990 -0.0410 -0.0159
vn -0.8691 -0.2131 0.4463
vn -0.9655 -0.1398 0.2197
vn -0.9982 -0.0572 -0.0206
vn -0.8651 -0.2701 0.4226
vn -0.8653 -0.2702 0.4223
vn -0.9627 -0.1772 0.2043
vn -0.9970 -0.0726 -0.0267
vn -0.8598 -0.3249 0.3940
vn -0.9593 -0.2129 0.1854
vn -0.9956 -0.0872 -0.0345
vn -0.8536 -0.3769 0.3597
vn -0.9552 -0.2468 0.1633
vn -0.9939 -0.1010 -0.0437
vn -0.8464 -0.4247 0.3214
vn -0.9505 -0.2783 0.1382
vn -0.9920 -0.1136 -0.0542
vn -0.8385 -0.4685 0.2784
vn -0.9454 -0.3069 0.1095
vn -0.9899 -0.1255 -0.0658
vn -0.8299 -0.5080 0.2308
vn -0.9396 -0.3330 0.0789
vn -0.9397 -0.3329 0.0787
vn -0.9876 -0.1360 -0.0783
vn -0.8206 -0.5424 0.1799
vn -0.9335 -0.3557 0.0455
vn -0.9851 -0.1451 -0.0921
vn -0.8108 -0.5715 0.1265
vn -0.9272 -0.3745 0.0103
vn -0.9825 -0.1532 -0.1063
vn -0.8004 -0.5954 0.0702
vn -0.9204 -0.3901 -0.0267
vn -0.9797 -0.1595 -0.1216
vn -0.7896 -0.6135 0.0115
vn -0.9135 -0.4016 -0.0650
vn -0.9768 -0.1645 -0.1373
vn -0.7786 -0.6256 -0.0485
vn -0.9062 -0.4098 -0.1043
vn -0.9739 -0.1677 -0.1531
vn -0.7676 -0.6315 -0.1092
vn -0.8987 -0.4141 -0.1441
vn -0.9710 -0.1687 -0.1696
vn -0.9709 -0.1695 -0.1693
vn -0.9710 -0.1690 -0.1693
vn -0.7564 -0.6316 -0.1701
vn -0.8915 -0.4139 -0.1840
vn -0.7453 -0.6256 -0.2307
vn -0.8844 -0.4095 -0.2238
vn -0.9649 -0.1677 -0.2021
vn -0.7342 -0.6136 -0.2907
vn -0.8772 -0.4018 -0.2627
vn -0.9620 -0.1647 -0.2179
vn -0.7237 -0.5953 -0.3490
vn -0.7233 -0.5956 -0.3493
vn -0.8701 -0.3899 -0.3015
vn -0.7131 -0.5716 -0.4059
vn -0.8633 -0.3744 -0.3383
vn -0.9563 -0.1533 -0.2491
vn -0.7035 -0.5425 -0.4591
vn -0.8568 -0.3554 -0.3736
vn -0.9536 -0.1454 -0.2635
vn -0.6945 -0.5075 -0.5101
vn -0.8507 -0.3328 -0.4068
vn -0.9512 -0.1362 -0.2768
vn -0.6858 -0.4683 -0.5571
vn -0.8450 -0.3074 -0.4377
vn -0.9489 -0.1255 -0.2897
vn -0.6776 -0.4244 -0.6005
vn -0.8398 -0.2781 -0.4662
vn -0.9468 -0.1138 -0.3009
vn -0.6704 -0.3768 -0.6393
vn -0.8351 -0.2471 -0.4916
vn -0.9449 -0.1010 -0.3115
vn -0.6644 -0.3248 -0.6731
vn -0.8310 -0.2130 -0.5138
vn -0.9432 -0.0870 -0.3205
vn -0.6594 -0.2703 -0.7015
vn -0.8276 -0.1771 -0.5326
vn -0.9417 -0.0726 -0.3286
vn -0.6547 -0.2133 -0.7252
vn -0.8249 -0.1398 -0.5477
vn -0.9406 -0.0571 -0.3346
vn -0.6513 -0.1535 -0.7431
vn -0.8228 -0.1007 -0.5594
vn -0.9397 -0.0412 -0.3395
vn -0.6496 -0.0929 -0.7546
vn -0.6492 -0.0927 -0.7549
vn -0.8213 -0.0607 -0.5673
vn -0.9392 -0.0247 -0.3426
vn -0.9393 -0.0246 -0.3422
vn -0.6479 -0.0311 -0.7611
vn -0.8206 -0.0206 -0.5712
vn -0.9390 -0.0084 -0.3439
vn -0.6479 0.0311 -0.7611
vn -0.8206 0.0206 -0.5712
vn -0.9390 0.0084 -0.3438
vn -0.6496 0.0929 -0.7546
vn -0.6492 0.0928 -0.7549
vn -0.8213 0.0607 -0.5673
vn -0.9392 0.0247 -0.3426
vn -0.6513 0.1535 -0.7431
vn -0.8228 0.1007 -0.5594
vn -0.9397 0.0412 -0.3395
vn -0.6547 0.2133 -0.7252
vn -0.8249 0.1398 -0.5477
vn -0.9406 0.0571 -0.3346
vn -0.6590 0.2703 -0.7019
vn -0.8276 0.1771 -0.5326
vn -0.9418 0.0724 -0.3283
vn -0.6644 0.3248 -0.6731
vn -0.8310 0.2130 -0.5138
vn -0.9432 0.0870 -0.3205
vn -0.6703 0.3771 -0.6392
vn -0.6706 0.3768 -0.6390
vn -0.8351 0.2471 -0.4916
vn -0.9450 0.1008 -0.3112
vn -0.6776 0.4244 -0.6005
vn -0.8398 0.2784 -0.4660
vn -0.9468 0.1138 -0.3009
vn -0.6854 0.4687 -0.5573
vn -0.8450 0.3071 -0.4377
vn -0.9489 0.1255 -0.2896
vn -0.9490 0.1252 -0.2895
vn -0.6943 0.5077 -0.5101
vn -0.8506 0.3330 -0.4070
vn -0.9512 0.1362 -0.2770
vn -0.7035 0.5424 -0.4593
vn -0.8567 0.3556 -0.3737
vn -0.9536 0.1456 -0.2634
vn -0.7132 0.5715 -0.4058
vn -0.8633 0.3746 -0.3383
vn -0.9563 0.1533 -0.2490
vn -0.7235 0.5955 -0.3491
vn -0.8701 0.3900 -0.3015
vn -0.9591 0.1597 -0.2337
vn -0.7342 0.6136 -0.2907
vn -0.8770 0.4021 -0.2632
vn -0.9620 0.1647 -0.2179
vn -0.7453 0.6256 -0.2307
vn -0.8843 0.4098 -0.2239
vn -0.9649 0.1677 -0.2021
vn -0.7563 0.6317 -0.1702
vn -0.8915 0.4139 -0.1840
vn -0.9678 0.1696 -0.1859
vn -0.9478 -0.2589 -0.1864
vn -0.6895 -0.7061 -0.1615
vn -0.2459 -0.9648 -0.0932
vn -0.9433 -0.2561 -0.2114
vn -0.6770 -0.6992 -0.2297
vn -0.2287 -0.9555 -0.1861
vn -0.9388 -0.2511 -0.2359
vn -0.6646 -0.6859 -0.2963
vn -0.2123 -0.9370 -0.2774
vn -0.9342 -0.2442 -0.2599
vn -0.6526 -0.6659 -0.3616
vn -0.6528 -0.6657 -0.3616
vn -0.1958 -0.9094 -0.3668
vn -0.9300 -0.2345 -0.2831
vn -0.6412 -0.6391 -0.4248
vn -0.6415 -0.6387 -0.4250
vn -0.1799 -0.8732 -0.4530
vn -0.9261 -0.2221 -0.3051
vn -0.6304 -0.6062 -0.4850
vn -0.6300 -0.6064 -0.4852
vn -0.6299 -0.6064 -0.4853
vn -0.1648 -0.8286 -0.5350
vn -0.9222 -0.2081 -0.3259
vn -0.9223 -0.2079 -0.3257
vn -0.6190 -0.5685 -0.5419
vn -0.6192 -0.5684 -0.5418
vn -0.6195 -0.5681 -0.5416
vn -0.1505 -0.7760 -0.6125
vn -0.1511 -0.7758 -0.6126
vn -0.9186 -0.1922 -0.3454
vn -0.9187 -0.1919 -0.3451
vn -0.6103 -0.5237 -0.5944
vn -0.6108 -0.5232 -0.5944
vn -0.1377 -0.7154 -0.6850
vn -0.9153 -0.1743 -0.3632
vn -0.6019 -0.4743 -0.6425
vn -0.1253 -0.6491 -0.7503
vn -0.9124 -0.1546 -0.3789
vn -0.5936 -0.4211 -0.6858
vn -0.1147 -0.5755 -0.8097
vn -0.9102 -0.1331 -0.3923
vn -0.9098 -0.1333 -0.3931
vn -0.9100 -0.1333 -0.3927
vn -0.5861 -0.3636 -0.7241
vn -0.5863 -0.3635 -0.7239
vn -0.1049 -0.4967 -0.8616
vn -0.9077 -0.1110 -0.4046
vn -0.5803 -0.3024 -0.7562
vn -0.0969 -0.4128 -0.9056
vn -0.9063 -0.0872 -0.4137
vn -0.9061 -0.0871 -0.4141
vn -0.5758 -0.2380 -0.7822
vn -0.0906 -0.3258 -0.9411
vn -0.9048 -0.0628 -0.4212
vn -0.9046 -0.0631 -0.4215
vn -0.5718 -0.1723 -0.8021
vn -0.0861 -0.2347 -0.9682
vn -0.9039 -0.0381 -0.4261
vn -0.9037 -0.0380 -0.4266
vn -0.5698 -0.1036 -0.8152
vn -0.0824 -0.1414 -0.9865
vn -0.9033 -0.0127 -0.4288
vn -0.5686 -0.0344 -0.8219
vn -0.0801 -0.0470 -0.9957
vn -0.9035 0.0127 -0.4284
vn -0.9033 0.0127 -0.4289
vn -0.5686 0.0344 -0.8219
vn -0.0799 0.0473 -0.9957
vn -0.0800 0.0470 -0.9957
vn -0.9037 0.0380 -0.4265
vn -0.9039 0.0381 -0.4261
vn -0.5699 0.1035 -0.8152
vn -0.0824 0.1414 -0.9865
vn -0.9048 0.0629 -0.4212
vn -0.9046 0.0631 -0.4215
vn -0.5718 0.1718 -0.8022
vn -0.5718 0.1723 -0.8021
vn -0.0863 0.2347 -0.9682
vn -0.9060 0.0871 -0.4141
vn -0.5753 0.2382 -0.7825
vn -0.5752 0.2382 -0.7826
vn -0.5755 0.2381 -0.7824
vn -0.0906 0.3255 -0.9412
vn -0.9081 0.1104 -0.4040
vn -0.5811 0.3022 -0.7557
vn -0.0969 0.4128 -0.9056
vn -0.9099 0.1333 -0.3930
vn -0.5863 0.3635 -0.7240
vn -0.5861 0.3636 -0.7241
vn -0.1047 0.4965 -0.8617
vn -0.9126 0.1543 -0.3786
vn -0.5937 0.4209 -0.6858
vn -0.1145 0.5756 -0.8097
vn -0.9155 0.1738 -0.3629
vn -0.6017 0.4746 -0.6425
vn -0.6014 0.4747 -0.6426
vn -0.1256 0.6487 -0.7506
vn -0.9186 0.1922 -0.3454
vn -0.6108 0.5232 -0.5944
vn -0.1376 0.7157 -0.6848
vn -0.9224 0.2077 -0.3256
vn -0.6197 0.5678 -0.5418
vn -0.6197 0.5681 -0.5415
vn -0.1507 0.7757 -0.6129
vn -0.9261 0.2222 -0.3051
vn -0.6304 0.6060 -0.4851
vn -0.6299 0.6066 -0.4851
vn -0.1648 0.8286 -0.5350
vn -0.9300 0.2345 -0.2831
vn -0.6418 0.6387 -0.4245
vn -0.1803 0.8731 -0.4529
vn -0.1804 0.8731 -0.4529
vn -0.1805 0.8729 -0.4532
vn -0.9342 0.2444 -0.2600
vn -0.6527 0.6657 -0.3617
vn -0.6529 0.6655 -0.3617
vn -0.1958 0.9094 -0.3668
vn -0.9386 0.2516 -0.2359
vn -0.6652 0.6854 -0.2961
vn -0.2123 0.9370 -0.2774
vn -0.9432 0.2561 -0.2115
vn -0.6769 0.6994 -0.2295
vn -0.2287 0.9555 -0.1861
vn -0.9478 0.2586 -0.1866
vn -0.6895 0.7060 -0.1617
vn -0.2459 0.9648 -0.0932
vn -0.9522 0.2591 -0.1615
vn -0.7014 0.7066 -0.0932
vn -0.7013 0.7067 -0.0932
vn -0.2628 0.9648 -0.0001
vn -0.9568 0.2566 -0.1364
vn -0.7142 0.6995 -0.0254
vn -0.2800 0.9555 0.0931
vn -0.9614 0.2514 -0.1122
vn -0.7268 0.6856 0.0412
vn -0.7265 0.6860 0.0414
vn -0.2968 0.9370 0.1841
vn -0.9659 0.2435 -0.0884
vn -0.7391 0.6651 0.1071
vn -0.3129 0.9094 0.2738
vn -0.9700 0.2342 -0.0652
vn -0.3293 0.8732 0.3592
vn -0.9740 0.2224 -0.0430
vn -0.7611 0.6064 0.2304
vn -0.3443 0.8285 0.4416
vn -0.9778 0.2082 -0.0222
vn -0.7717 0.5679 0.2865
vn -0.3584 0.7757 0.5194
vn -0.9814 0.1918 -0.0033
vn -0.9813 0.1924 -0.0027
vn -0.9815 0.1917 -0.0031
vn -0.7812 0.5237 0.3397
vn -0.3715 0.7156 0.5916
vn -0.9847 0.1736 0.0145
vn -0.9846 0.1741 0.0146
vn -0.7903 0.4747 0.3874
vn -0.3837 0.6487 0.6572
vn -0.9876 0.1541 0.0308
vn -0.9876 0.1542 0.0303
vn -0.7975 0.4214 0.4317
vn -0.7972 0.4216 0.4321
vn -0.7976 0.4214 0.4316
vn -0.3946 0.5756 0.7162
vn -0.9901 0.1333 0.0447
vn -0.8048 0.3636 0.4692
vn -0.4039 0.4963 0.7685
vn -0.9923 0.1107 0.0559
vn -0.9923 0.1106 0.0560
vn -0.9923 0.1104 0.0556
vn -0.8108 0.3023 0.5011
vn -0.4118 0.4132 0.8122
vn -0.9940 0.0872 0.0658
vn -0.9940 0.0872 0.0655
vn -0.8155 0.2380 0.5276
vn -0.8156 0.2379 0.5275
vn -0.4185 0.3258 0.8478
vn -0.9954 0.0629 0.0729
vn -0.8193 0.1714 0.5471
vn -0.4236 0.2346 0.8750
vn -0.9962 0.0383 0.0779
vn -0.8219 0.1040 0.5600
vn -0.4264 0.1419 0.8933
vn -0.9967 0.0126 0.0803
vn -0.8227 0.0344 0.5674
vn -0.8224 0.0346 0.5679
vn -0.8226 0.0344 0.5675
vn -0.4278 0.0469 0.9026
vn -0.4276 0.0471 0.9028
vn -0.9967 -0.0126 0.0803
vn -0.8230 -0.0342 0.5670
vn -0.4278 -0.0469 0.9026
vn -0.9962 -0.0381 0.0781
vn -0.8219 -0.1040 0.5600
vn -0.4264 -0.1419 0.8933
vn -0.9953 -0.0629 0.0732
vn -0.9954 -0.0631 0.0727
vn -0.8193 -0.1714 0.5471
vn -0.4231 -0.2342 0.8753
vn -0.9940 -0.0874 0.0661
vn -0.8156 -0.2382 0.5273
vn -0.4184 -0.3255 0.8479
vn -0.9923 -0.1106 0.0560
vn -0.9923 -0.1107 0.0560
vn -0.8107 -0.3025 0.5012
vn -0.4118 -0.4132 0.8122
vn -0.9901 -0.1333 0.0444
vn -0.8051 -0.3631 0.4691
vn -0.4039 -0.4963 0.7685
vn -0.9876 -0.1541 0.0300
vn -0.7978 -0.4212 0.4314
vn -0.3949 -0.5754 0.7162
vn -0.9846 -0.1740 0.0146
vn -0.7901 -0.4748 0.3877
vn -0.3837 -0.6487 0.6572
vn -0.9813 -0.1923 -0.0027
vn -0.9814 -0.1919 -0.0031
vn -0.9814 -0.1919 -0.0028
vn -0.7812 -0.5237 0.3397
vn -0.3715 -0.7156 0.5915
vn -0.9778 -0.2083 -0.0222
vn -0.9779 -0.2079 -0.0224
vn -0.7716 -0.5680 0.2864
vn -0.3581 -0.7761 0.5191
vn -0.9741 -0.2221 -0.0432
vn -0.9740 -0.2224 -0.0430
vn -0.7614 -0.6061 0.2299
vn -0.3440 -0.8285 0.4419
vn -0.9700 -0.2342 -0.0653
vn -0.7501 -0.6391 0.1699
vn -0.3286 -0.8733 0.3597
vn -0.9658 -0.2436 -0.0883
vn -0.9659 -0.2435 -0.0883
vn -0.7386 -0.6656 0.1070
vn -0.3134 -0.9095 0.2733
vn -0.9614 -0.2515 -0.1120
vn -0.7266 -0.6858 0.0415
vn -0.2968 -0.9370 0.1841
vn -0.9568 -0.2564 -0.1367
vn -0.7145 -0.6991 -0.0254
vn -0.2798 -0.9556 0.0929
vn -0.9524 -0.2588 -0.1614
vn -0.7018 -0.7063 -0.0931
vn -0.2628 -0.9648 -0.0001
vn -0.2466 -0.9646 -0.0932
vn -0.6891 -0.7064 -0.1615
vn -0.6890 -0.7066 -0.1615
vn -0.9479 -0.2582 -0.1864
vn -0.2293 -0.9554 -0.1862
vn -0.6764 -0.6999 -0.2295
vn -0.9434 -0.2555 -0.2116
vn -0.6642 -0.6863 -0.2965
vn -0.9389 -0.2507 -0.2358
vn -0.1961 -0.9095 -0.3666
vn -0.1960 -0.9095 -0.3666
vn -0.1959 -0.9094 -0.3668
vn -0.6523 -0.6660 -0.3618
vn -0.9345 -0.2435 -0.2596
vn -0.1799 -0.8732 -0.4529
vn -0.6410 -0.6392 -0.4249
vn -0.9303 -0.2337 -0.2827
vn -0.6299 -0.6065 -0.4851
vn -0.9262 -0.2217 -0.3050
vn -0.1511 -0.7756 -0.6128
vn -0.6192 -0.5680 -0.5423
vn -0.9224 -0.2077 -0.3257
vn -0.1377 -0.7158 -0.6846
vn -0.6102 -0.5239 -0.5943
vn -0.9189 -0.1916 -0.3448
vn -0.1260 -0.6486 -0.7506
vn -0.1264 -0.6485 -0.7507
vn -0.1263 -0.6485 -0.7507
vn -0.1267 -0.6484 -0.7507
vn -0.6011 -0.4752 -0.6426
vn -0.9157 -0.1736 -0.3625
vn -0.1143 -0.5755 -0.8097
vn -0.5930 -0.4215 -0.6860
vn -0.5929 -0.4217 -0.6861
vn -0.5931 -0.4214 -0.6860
vn -0.9127 -0.1542 -0.3784
vn -0.1050 -0.4967 -0.8615
vn -0.5867 -0.3637 -0.7236
vn -0.9102 -0.1330 -0.3922
vn -0.9096 -0.1339 -0.3932
vn -0.0965 -0.4127 -0.9058
vn -0.5807 -0.3020 -0.7560
vn -0.9082 -0.1105 -0.4037
vn -0.0905 -0.3253 -0.9413
vn -0.5754 -0.2383 -0.7824
vn -0.0855 -0.2344 -0.9684
vn -0.5719 -0.1714 -0.8022
vn -0.9051 -0.0626 -0.4205
vn -0.0828 -0.1418 -0.9864
vn -0.5698 -0.1035 -0.8153
vn -0.9041 -0.0379 -0.4257
vn -0.0807 -0.0474 -0.9956
vn -0.5683 -0.0350 -0.8221
vn -0.9036 -0.0129 -0.4281
vn -0.0807 0.0476 -0.9956
vn -0.5679 0.0356 -0.8223
vn -0.9036 0.0129 -0.4281
vn -0.0826 0.1418 -0.9865
vn -0.5697 0.1035 -0.8153
vn -0.9039 0.0379 -0.4260
vn -0.0862 0.2345 -0.9683
vn -0.0864 0.2345 -0.9683
vn -0.5719 0.1714 -0.8022
vn -0.9051 0.0626 -0.4206
vn -0.0899 0.3254 -0.9413
vn -0.0904 0.3251 -0.9414
vn -0.5755 0.2382 -0.7824
vn -0.9064 0.0870 -0.4133
vn -0.0964 0.4128 -0.9057
vn -0.9082 0.1105 -0.4037
vn -0.1050 0.4967 -0.8615
vn -0.5864 0.3636 -0.7238
vn -0.9101 0.1331 -0.3925
vn -0.1148 0.5759 -0.8095
vn -0.5934 0.4212 -0.6859
vn -0.9127 0.1541 -0.3784
vn -0.1258 0.6487 -0.7506
vn -0.1251 0.6488 -0.7506
vn -0.6012 0.4748 -0.6427
vn -0.9156 0.1737 -0.3627
vn -0.1377 0.7158 -0.6846
vn -0.6096 0.5243 -0.5945
vn -0.9187 0.1918 -0.3452
vn -0.1512 0.7756 -0.6128
vn -0.1514 0.7754 -0.6130
vn -0.6195 0.5680 -0.5418
vn -0.6197 0.5679 -0.5418
vn -0.1658 0.8284 -0.5351
vn -0.1652 0.8285 -0.5351
vn -0.6299 0.6068 -0.4849
vn -0.9262 0.2219 -0.3047
vn -0.1799 0.8732 -0.4528
vn -0.6412 0.6389 -0.4251
vn -0.9302 0.2338 -0.2829
vn -0.1955 0.9096 -0.3666
vn -0.6525 0.6659 -0.3616
vn -0.9342 0.2446 -0.2598
vn -0.9344 0.2437 -0.2597
vn -0.2122 0.9370 -0.2775
vn -0.2125 0.9369 -0.2775
vn -0.2124 0.9370 -0.2775
vn -0.6641 0.6862 -0.2969
vn -0.9388 0.2508 -0.2359
vn -0.2285 0.9556 -0.1861
vn -0.6769 0.6994 -0.2293
vn -0.9434 0.2555 -0.2114
vn -0.2458 0.9648 -0.0931
vn -0.6893 0.7062 -0.1617
vn -0.9479 0.2583 -0.1865
vn -0.2629 0.9648 -0.0002
vn -0.7017 0.7063 -0.0934
vn -0.9525 0.2581 -0.1614
vn -0.2799 0.9555 0.0930
vn -0.9570 0.2558 -0.1369
vn -0.2968 0.9370 0.1844
vn -0.7266 0.6858 0.0415
vn -0.7262 0.6862 0.0418
vn -0.7264 0.6860 0.0417
vn -0.9615 0.2507 -0.1122
vn -0.3130 0.9096 0.2733
vn -0.7384 0.6658 0.1072
vn -0.7384 0.6659 0.1067
vn -0.7383 0.6658 0.1073
vn -0.7383 0.6659 0.1070
vn -0.9659 0.2435 -0.0886
vn -0.9658 0.2437 -0.0885
vn -0.3282 0.8734 0.3598
vn -0.7498 0.6394 0.1700
vn -0.9701 0.2337 -0.0652
vn -0.3438 0.8285 0.4420
vn -0.7611 0.6063 0.2306
vn -0.9742 0.2215 -0.0430
vn -0.3590 0.7755 0.5193
vn -0.7712 0.5681 0.2873
vn -0.9778 0.2081 -0.0226
vn -0.3719 0.7156 0.5912
vn -0.7806 0.5246 0.3398
vn -0.9814 0.1920 -0.0032
vn -0.9815 0.1916 -0.0032
vn -0.3839 0.6486 0.6572
vn -0.7897 0.4749 0.3883
vn -0.9847 0.1737 0.0142
vn -0.3946 0.5755 0.7163
vn -0.7976 0.4215 0.4314
vn -0.9876 0.1541 0.0302
vn -0.4037 0.4968 0.7683
vn -0.4032 0.4971 0.7683
vn -0.8047 0.3637 0.4691
vn -0.9902 0.1327 0.0436
vn -0.4114 0.4128 0.8126
vn -0.8108 0.3021 0.5014
vn -0.9923 0.1104 0.0557
vn -0.4185 0.3252 0.8480
vn -0.8151 0.2382 0.5281
vn -0.9941 0.0872 0.0652
vn -0.4236 0.2348 0.8749
vn -0.8188 0.1717 0.5478
vn -0.8192 0.1715 0.5473
vn -0.9954 0.0628 0.0728
vn -0.4270 0.1420 0.8930
vn -0.8217 0.1036 0.5604
vn -0.8214 0.1037 0.5608
vn -0.9963 0.0377 0.0774
vn -0.4285 0.0475 0.9023
vn -0.4285 0.0479 0.9023
vn -0.8228 0.0352 0.5672
vn -0.9967 0.0126 0.0804
vn -0.4285 -0.0474 0.9023
vn -0.8226 -0.0349 0.5675
vn -0.4270 -0.1417 0.8931
vn -0.8214 -0.1037 0.5608
vn -0.9963 -0.0377 0.0774
vn -0.4236 -0.2345 0.8750
vn -0.8189 -0.1717 0.5477
vn -0.9954 -0.0628 0.0728
vn -0.4185 -0.3254 0.8479
vn -0.8151 -0.2382 0.5281
vn -0.4112 -0.4129 0.8127
vn -0.8107 -0.3021 0.5016
vn -0.9923 -0.1104 0.0557
vn -0.4032 -0.4970 0.7684
vn -0.8047 -0.3637 0.4692
vn -0.8051 -0.3632 0.4690
vn -0.9902 -0.1328 0.0436
vn -0.3938 -0.5757 0.7166
vn -0.7980 -0.4213 0.4309
vn -0.7978 -0.4216 0.4310
vn -0.9876 -0.1538 0.0302
vn -0.3836 -0.6488 0.6572
vn -0.7896 -0.4753 0.3881
vn -0.3718 -0.7156 0.5913
vn -0.7807 -0.5246 0.3396
vn -0.3586 -0.7757 0.5192
vn -0.7714 -0.5679 0.2872
vn -0.9779 -0.2080 -0.0225
vn -0.3438 -0.8285 0.4420
vn -0.7612 -0.6063 0.2301
vn -0.9742 -0.2216 -0.0432
vn -0.3289 -0.8732 0.3595
vn -0.7499 -0.6394 0.1698
vn -0.9701 -0.2338 -0.0653
vn -0.3134 -0.9094 0.2734
vn -0.7384 -0.6659 0.1069
vn -0.9658 -0.2438 -0.0883
vn -0.9659 -0.2434 -0.0885
vn -0.2971 -0.9368 0.1846
vn -0.2971 -0.9369 0.1845
vn -0.7266 -0.6858 0.0414
vn -0.9615 -0.2507 -0.1122
vn -0.2806 -0.9553 0.0929
vn -0.7140 -0.6997 -0.0251
vn -0.9570 -0.2558 -0.1368
vn -0.2634 -0.9647 -0.0002
vn -0.2637 -0.9646 -0.0003
vn -0.7018 -0.7063 -0.0933
vn -0.9525 -0.2580 -0.1615
vn -0.9758 0.1940 -0.1008
vn -0.9744 -0.0005 -0.2246
vn -0.9737 -0.1360 0.1825
vn -0.9759 0.2029 -0.0807
vn -0.9736 -0.1534 0.1689
vn -0.9759 0.2097 -0.0598
vn -0.9735 -0.1692 0.1537
vn -0.9760 0.2145 -0.0383
vn -0.9734 -0.1836 0.1370
vn -0.9760 0.2172 -0.0164
vn -0.9733 -0.1962 0.1190
vn -0.9760 0.2176 0.0055
vn -0.9732 -0.2070 0.0998
vn -0.9760 0.2160 0.0275
vn -0.9732 -0.2159 0.0797
vn -0.9760 0.2122 0.0491
vn -0.9731 -0.2227 0.0588
vn -0.9760 0.2062 0.0703
vn -0.9731 -0.2275 0.0373
vn -0.9759 0.1983 0.0909
vn -0.9730 -0.2302 0.0155
vn -0.9759 0.1883 0.1105
vn -0.9730 -0.2306 -0.0065
vn -0.9758 0.1765 0.1291
vn -0.9730 -0.2290 -0.0285
vn -0.9757 0.1630 0.1464
vn -0.9730 -0.2252 -0.0501
vn -0.9756 0.1478 0.1623
vn -0.9731 -0.2192 -0.0713
vn -0.9755 0.1310 0.1766
vn -0.9731 -0.2113 -0.0918
vn -0.9754 0.1130 0.1892
vn -0.9732 -0.2013 -0.1115
vn -0.9753 0.0938 0.2000
vn -0.9746 0.0215 -0.2230
vn -0.9732 -0.1895 -0.1300
vn -0.9752 0.0737 0.2089
vn -0.9747 0.0432 -0.2192
vn -0.9733 -0.1759 -0.1474
vn -0.9750 0.0528 0.2158
vn -0.9749 0.0644 -0.2133
vn -0.9734 -0.1607 -0.1633
vn -0.9749 0.0313 0.2205
vn -0.9750 0.0849 -0.2053
vn -0.9735 -0.1440 -0.1776
vn -0.9747 0.0095 0.2232
vn -0.9752 0.1045 -0.1953
vn -0.9736 -0.1260 -0.1902
vn -0.9746 -0.0125 0.2236
vn -0.9753 0.1230 -0.1835
vn -0.9737 -0.1068 -0.2010
vn -0.9744 -0.0345 0.2220
vn -0.9754 0.1404 -0.1699
vn -0.9739 -0.0867 -0.2099
vn -0.9743 -0.0561 0.2182
vn -0.9755 0.1563 -0.1547
vn -0.9740 -0.0658 -0.2168
vn -0.9742 -0.0773 0.2122
vn -0.9756 0.1706 -0.1380
vn -0.9742 -0.0443 -0.2215
vn -0.9740 -0.0978 0.2043
vn -0.9757 0.1832 -0.1200
vn -0.9743 -0.0225 -0.2241
vn -0.9739 -0.1175 0.1944
vn -0.9512 0.2809 0.1276
vn -0.9480 -0.1739 -0.2666
vn -0.9511 0.2669 0.1552
vn -0.9482 -0.1470 -0.2817
vn -0.9491 -0.0456 0.3115
vn -0.9510 0.2503 0.1812
vn -0.9483 -0.1188 -0.2942
vn -0.9489 -0.0760 0.3062
vn -0.9509 0.2313 0.2055
vn -0.9485 -0.0895 -0.3038
vn -0.9487 -0.1057 0.2979
vn -0.9508 0.2100 0.2278
vn -0.9487 -0.0593 -0.3105
vn -0.9485 -0.1344 0.2867
vn -0.9507 0.1866 0.2479
vn -0.9489 -0.0287 -0.3142
vn -0.9483 -0.1620 0.2728
vn -0.9505 0.1613 0.2656
vn -0.9491 0.0021 -0.3149
vn -0.9482 -0.1880 0.2562
vn -0.9503 0.1344 0.2808
vn -0.9493 0.0329 -0.3125
vn -0.9480 -0.2123 0.2371
vn -0.9501 0.1062 0.2932
vn -0.9495 0.0633 -0.3072
vn -0.9478 -0.2346 0.2158
vn -0.9499 0.0768 0.3028
vn -0.9498 0.0930 -0.2989
vn -0.9477 -0.2547 0.1924
vn -0.9497 0.0467 0.3095
vn -0.9500 0.1218 -0.2877
vn -0.9476 -0.2724 0.1671
vn -0.9495 0.0161 0.3132
vn -0.9501 0.1493 -0.2737
vn -0.9474 -0.2876 0.1402
vn -0.9493 -0.0148 0.3139
vn -0.9503 0.1754 -0.2572
vn -0.9473 -0.3000 0.1120
vn -0.9505 0.1996 -0.2381
vn -0.9473 -0.3096 0.0827
vn -0.9507 0.2220 -0.2168
vn -0.9472 -0.3163 0.0526
vn -0.9508 0.2421 -0.1934
vn -0.9472 -0.3200 0.0219
vn -0.9509 0.2598 -0.1681
vn -0.9471 -0.3207 -0.0089
vn -0.9510 0.2749 -0.1412
vn -0.9471 -0.3183 -0.0397
vn -0.9511 0.2873 -0.1130
vn -0.9472 -0.3130 -0.0701
vn -0.9512 0.2970 -0.0836
vn -0.9472 -0.3047 -0.0998
vn -0.9513 0.3036 -0.0535
vn -0.9473 -0.2935 -0.1286
vn -0.9513 0.3074 -0.0229
vn -0.9473 -0.2796 -0.1561
vn -0.9513 0.3080 0.0080
vn -0.9474 -0.2630 -0.1822
vn -0.9513 0.3057 0.0387
vn -0.9476 -0.2439 -0.2065
vn -0.9513 0.3003 0.0691
vn -0.9477 -0.2226 -0.2288
vn -0.9513 0.2920 0.0989
vn -0.9478 -0.1992 -0.2489
vn -0.0063 0.7556 0.6550
vn 0.0013 -0.2644 -0.9644
vn 0.0007 -0.3159 0.9488
vn -0.0059 0.6878 0.7259
vn 0.0007 -0.1686 -0.9857
vn 0.0013 -0.4074 0.9132
vn -0.0054 0.6133 0.7898
vn 0.0001 -0.0712 -0.9975
vn 0.0019 -0.4950 0.8689
vn -0.0049 0.5330 0.8461
vn -0.0006 0.0269 -0.9996
vn 0.0025 -0.5777 0.8162
vn -0.0044 0.4475 0.8943
vn -0.0013 0.1248 -0.9922
vn 0.0031 -0.6550 0.7556
vn -0.0038 0.3577 0.9338
vn -0.0019 0.2214 -0.9752
vn 0.0036 -0.7259 0.6878
vn -0.0032 0.2644 0.9644
vn -0.0025 0.3159 -0.9488
vn 0.0040 -0.7898 0.6134
vn -0.0025 0.1686 0.9857
vn -0.0032 0.4074 -0.9132
vn 0.0044 -0.8461 0.5330
vn -0.0019 0.0712 0.9975
vn -0.0038 0.4949 -0.8689
vn 0.0048 -0.8943 0.4475
vn -0.0013 -0.0269 0.9996
vn -0.0044 0.5777 -0.8162
vn 0.0051 -0.9338 0.3577
vn -0.0049 0.6549 -0.7557
vn 0.0054 -0.9644 0.2644
vn -0.0054 0.7259 -0.6878
vn 0.0056 -0.9857 0.1686
vn -0.0059 0.7898 -0.6133
vn 0.0057 -0.9974 0.0712
vn -0.0063 0.8461 -0.5330
vn 0.0057 -0.9996 -0.0269
vn -0.0067 0.8943 -0.4475
vn 0.0057 -0.9922 -0.1248
vn -0.0070 0.9338 -0.3577
vn 0.0057 -0.9752 -0.2214
vn -0.0072 0.9644 -0.2644
vn 0.0056 -0.9488 -0.3159
vn -0.0074 0.9857 -0.1686
vn 0.0054 -0.9132 -0.4074
vn -0.0075 0.9974 -0.0712
vn 0.0051 -0.8689 -0.4950
vn -0.0076 0.9996 0.0269
vn 0.0048 -0.8162 -0.5777
vn -0.0076 0.9922 0.1248
vn 0.0044 -0.7556 -0.6550
vn -0.0075 0.9752 0.2214
vn 0.0040 -0.6878 -0.7259
vn -0.0074 0.9488 0.3159
vn 0.0036 -0.6133 -0.7898
vn -0.0072 0.9132 0.4074
vn 0.0031 -0.5330 -0.8461
vn -0.0070 0.8689 0.4950
vn 0.0025 -0.4475 -0.8943
vn -0.0006 -0.1248 0.9922
vn -0.0067 0.8162 0.5777
vn 0.0019 -0.3577 -0.9338
vn 0.0001 -0.2214 0.9752
vn 1.0000 0.0067 0.0005
vn 1.0000 0.0066 0.0005
vn 0.0834 -0.9950 -0.0543
vn 0.9965 0.0831 0.0063
vn -0.0335 0.3303 0.9433
vn -0.0763 0.9402 -0.3319
vn 0.0821 -0.9652 -0.2481
vn -0.0814 0.9866 -0.1415
vn 0.0777 -0.8984 -0.4323
vn -0.0834 0.9950 0.0543
vn 0.0703 -0.7970 -0.5999
vn -0.0821 0.9653 0.2481
vn 0.0602 -0.6649 -0.7445
vn -0.0777 0.8984 0.4323
vn 0.0478 -0.5073 -0.8604
vn -0.0703 0.7970 0.5999
vn 0.0336 -0.3303 -0.9433
vn 0.0145 -0.2477 0.9687
vn -0.0602 0.6649 0.7445
vn 0.0180 -0.1405 -0.9899
vn 0.0302 -0.4313 0.9017
vn -0.0478 0.5073 0.8604
vn 0.0018 0.0547 -0.9985
vn 0.0448 -0.5983 0.8000
vn -0.0336 0.3303 0.9433
vn -0.0145 0.2478 -0.9687
vn 0.0577 -0.7423 0.6676
vn -0.0180 0.1405 0.9899
vn -0.0302 0.4313 -0.9017
vn 0.0683 -0.8577 0.5096
vn -0.0018 -0.0547 0.9985
vn -0.0448 0.5983 -0.8000
vn 0.0763 -0.9402 0.3319
vn -0.0577 0.7423 -0.6676
vn 0.0814 -0.9866 0.1415
vn -0.0683 0.8577 -0.5096
vn -0.0036 0.6012 -0.7991
vn 0.0027 -0.3327 -0.9430
vn 0.0012 -0.2488 0.9685
vn -0.0046 0.7456 -0.6663
vn 0.0014 -0.1419 -0.9899
vn 0.0024 -0.4334 0.9012
vn -0.0055 0.8612 -0.5082
vn 0.0001 0.0545 -0.9985
vn 0.0036 -0.6012 0.7991
vn -0.0061 0.9437 -0.3306
vn 0.0046 -0.7456 0.6663
vn -0.0065 0.9900 -0.1406
vn 0.0055 -0.8612 0.5082
vn -0.0067 0.9985 0.0547
vn 0.0061 -0.9437 0.3306
vn -0.0066 0.9688 0.2478
vn 0.0065 -0.9900 0.1407
vn -0.0062 0.9020 0.4317
vn 0.0067 -0.9985 -0.0547
vn -0.0056 0.8007 0.5991
vn 0.0066 -0.9688 -0.2479
vn -0.0048 0.6685 0.7437
vn 0.0062 -0.9020 -0.4317
vn -0.0038 0.5105 0.8599
vn 0.0056 -0.8007 -0.5991
vn -0.0027 0.3327 0.9430
vn -0.0012 0.2488 -0.9685
vn 0.0048 -0.6685 -0.7437
vn -0.0014 0.1419 0.9899
vn -0.0024 0.4334 -0.9012
vn 0.0038 -0.5105 -0.8599
vn -0.0001 -0.0545 0.9985
vn -0.9965 -0.0831 -0.0063
vn 0.9965 0.0831 0.0064
vn 0.0478 -0.5074 -0.8604
vn -0.0577 0.7422 -0.6677
vn 0.0303 -0.4313 0.9017
vn -0.0683 0.8577 -0.5095
vn 0.0577 -0.7422 0.6676
vn 0.0683 -0.8577 0.5095
vn -0.0821 0.9652 0.2481
vn 0.0834 -0.9950 -0.0544
vn 0.0821 -0.9653 -0.2481
vn -0.0602 0.6650 0.7445
vn -0.0478 0.5074 0.8604
vn 0.9984 0.0561 0.0034
vn 0.9982 0.0597 0.0040
vn 0.0285 -0.9014 -0.4320
vn 0.0243 -0.8606 0.5086
vn 0.0170 -0.5098 -0.8601
vn 0.0258 -0.8000 -0.5995
vn 0.0272 -0.9432 0.3311
vn 0.0212 -0.7449 0.6668
vn 0.0221 -0.6678 -0.7440
vn 0.0290 -0.9896 0.1409
vn 0.0250 -0.8606 0.5087
vn 0.0175 -0.5098 -0.8601
vn 0.0297 -0.9981 -0.0546
vn 0.0280 -0.9432 0.3311
vn 0.0292 -0.9683 -0.2480
vn 0.0298 -0.9896 0.1409
vn 0.0245 -0.8559 0.5165
vn 0.0277 -0.9015 -0.4320
vn 0.0305 -0.9980 -0.0546
vn 0.0220 -0.6742 -0.7382
vn 0.0250 -0.8000 -0.5995
vn 0.0301 -0.9683 -0.2480
vn 0.0206 -0.7450 0.6668
vn 0.0215 -0.6678 -0.7440
vn 0.0054 -0.5878 -0.8090
vn -0.0008 0.6791 -0.7341
vn -0.3884 0.6364 -0.6664
vn -0.4735 0.6168 -0.6288
vn -0.0448 0.6632 -0.7471
vn 0.4989 0.7600 -0.4166
vn -0.0018 0.7763 -0.6304
vn -0.2283 0.7017 -0.6749
vn 0.0041 0.7213 -0.6927
vn 0.4872 0.6716 -0.5582
vn -0.0096 -0.8394 0.5434
vn 0.4921 -0.6342 0.5963
vn 0.4803 -0.7414 0.4687
vn -0.0036 -0.8816 0.4719
vn -0.2361 -0.8573 0.4575
vn -0.9325 -0.2093 -0.2943
vn 0.9378 0.0044 0.3471
vn 0.9394 0.3226 0.1160
vn 0.9415 -0.0629 0.3311
vn 0.9549 0.1713 0.2426
vn 0.9438 0.3271 0.0479
vn 0.0098 -0.9089 0.4169
vn 0.4839 -0.8085 0.3348
vn 0.4710 -0.8333 0.2895
vn 0.0457 -0.9201 0.3889
vn 0.7074 0.6129 -0.3521
vn 0.0698 0.9402 -0.3334
vn 0.0619 0.8952 -0.4414
vn 0.4932 0.7495 -0.4416
vn 0.0622 -0.6082 0.7914
vn 0.6997 -0.5309 0.4782
vn 0.4863 -0.6553 0.5780
vn 0.0541 -0.6969 0.7151
vn -0.0054 0.5878 0.8090
vn -0.0054 0.5877 0.8090
vn 0.9827 0.0834 -0.1653
vn 0.9803 0.0691 -0.1852
vn 0.9604 0.1452 -0.2378
vn 0.9532 -0.3010 -0.0282
vn -0.9935 0.0920 0.0671
vn -0.8471 -0.4615 0.2635
vn -0.9555 -0.2253 0.1903
vn -0.9595 0.2799 -0.0335
vn -0.0650 0.9459 -0.3178
vn -0.6800 0.7049 -0.2016
vn -0.4786 0.8120 -0.3341
vn -0.0559 0.9020 -0.4281
vn -0.3955 -0.8282 0.3971
vn -0.0085 -0.9080 0.4189
vn -0.0524 -0.9152 0.3995
vn -0.4802 -0.7860 0.3894
vn -0.0053 0.5878 0.8090
vn -0.8424 0.4000 -0.3611
vn -0.9936 0.0429 0.1047
vn -0.9612 -0.1113 0.2526
vn -0.9531 0.2577 -0.1587
vn -0.6873 -0.4027 0.6045
vn -0.0725 -0.5940 0.8012
vn -0.0636 -0.6854 0.7254
vn -0.4853 -0.5650 0.6673
vn 0.9787 -0.2048 0.0119
vn 0.9810 -0.1911 0.0327
vn 0.9547 0.0592 -0.2917
vn 0.9582 -0.2780 0.0678
vn 0.4906 0.5647 -0.6636
vn 0.0175 0.6773 -0.7355
vn 0.0534 0.6539 -0.7547
vn 0.4776 0.5293 -0.7013
vn -0.0021 -0.9511 0.3090
vn -0.0020 -0.9511 0.3090
vn -0.0000 -0.4883 -0.8727
vn -0.3873 -0.4347 -0.8130
vn -0.4724 -0.4044 -0.7831
vn -0.0440 -0.5053 -0.8618
vn 0.5018 -0.1645 -0.8492
vn 0.0002 -0.3596 -0.9331
vn -0.2270 -0.4236 -0.8769
vn 0.0055 -0.4359 -0.9000
vn 0.4889 -0.3265 -0.8090
vn -0.0124 0.2575 0.9662
vn 0.4908 0.3680 0.7897
vn 0.4777 0.2136 0.8522
vn -0.0070 0.1764 0.9843
vn -0.2394 0.1717 0.9556
vn -0.9352 -0.3387 0.1038
vn -0.9352 -0.3386 0.1038
vn 0.9394 0.3255 0.1074
vn 0.9420 0.2040 -0.2666
vn 0.9426 0.2894 0.1665
vn 0.9571 0.2776 -0.0835
vn 0.9460 0.1406 -0.2919
vn 0.0060 0.1156 0.9933
vn 0.4804 0.0655 0.8746
vn 0.4671 0.0148 0.8841
vn 0.0416 0.0853 0.9955
vn 0.7096 -0.1499 -0.6885
vn 0.0742 -0.0270 -0.9969
vn 0.0655 -0.1436 -0.9875
vn 0.4959 -0.1915 -0.8470
vn 0.0620 0.5643 0.8233
vn 0.6986 0.2862 0.6558
vn 0.4849 0.3441 0.8040
vn 0.0530 0.4644 0.8840
vn 0.0021 0.9511 -0.3090
vn 0.0021 0.9510 -0.3090
vn 0.0020 0.9511 -0.3090
vn 0.9824 -0.1377 -0.1258
vn 0.9798 -0.1610 -0.1185
vn 0.9602 -0.1874 -0.2072
vn 0.9511 -0.1259 0.2821
vn -0.9926 0.0986 -0.0714
vn -0.8488 0.1134 0.5164
vn -0.9560 0.1175 0.2687
vn -0.9578 0.0607 -0.2810
vn -0.0605 -0.0096 -0.9981
vn -0.6765 0.0305 -0.7358
vn -0.4750 -0.0637 -0.8777
vn -0.0522 -0.1280 -0.9904
vn -0.3989 0.1242 0.9085
vn -0.0124 0.1179 0.9929
vn -0.0564 0.0975 0.9936
vn -0.4834 0.1305 0.8656
vn -0.8415 -0.2145 -0.4959
vn -0.9928 0.1191 -0.0129
vn -0.9607 0.2119 0.1794
vn -0.9522 -0.0653 -0.2985
vn -0.6871 0.4548 0.5666
vn -0.0726 0.5789 0.8122
vn -0.0646 0.4784 0.8757
vn -0.4858 0.4631 0.7413
vn 0.9774 -0.0581 0.2030
vn 0.9799 -0.0342 0.1964
vn 0.9537 -0.2652 -0.1420
vn 0.9567 -0.0275 0.2898
vn 0.4911 -0.4598 -0.7399
vn 0.0184 -0.4903 -0.8713
vn 0.0540 -0.5161 -0.8548
vn 0.4777 -0.5064 -0.7179
vn -0.0067 -0.0000 1.0000
vn -0.0070 -0.9808 0.1947
vn -0.3939 -0.9051 0.1603
vn -0.4786 -0.8667 0.1404
vn -0.0512 -0.9755 0.2141
vn 0.4968 -0.8617 -0.1037
vn -0.0063 -0.9985 0.0537
vn -0.2337 -0.9635 0.1308
vn -0.0014 -0.9906 0.1364
vn 0.4830 -0.8734 0.0627
vn -0.0063 0.9985 0.0537
vn 0.4968 0.8617 -0.1037
vn 0.4830 0.8734 0.0625
vn -0.0014 0.9906 0.1364
vn -0.2339 0.9634 0.1310
vn -0.9368 -0.0000 0.3498
vn 0.9420 0.1967 -0.2721
vn 0.9420 -0.1965 -0.2721
vn 0.9452 0.2418 -0.2194
vn 0.9584 0.0003 -0.2854
vn 0.9456 -0.2402 -0.2196
vn 0.0113 0.9803 0.1971
vn 0.4848 0.8490 0.2102
vn 0.4712 0.8424 0.2613
vn 0.0468 0.9728 0.2268
vn 0.7055 -0.7056 -0.0669
vn 0.0694 -0.9569 -0.2821
vn 0.0601 -0.9839 -0.1683
vn 0.4908 -0.8678 -0.0773
vn 0.0694 0.9569 -0.2819
vn 0.7033 0.7078 -0.0663
vn 0.4907 0.8679 -0.0765
vn 0.0600 0.9839 -0.1682
vn 0.0067 -0.0000 -1.0000
vn 0.0066 -0.0000 -1.0000
vn 0.9810 -0.1685 0.0966
vn 0.9782 -0.1686 0.1210
vn 0.9580 -0.2610 0.1186
vn 0.9516 0.2233 0.2113
vn -0.9922 -0.0311 -0.1204
vn -0.8457 0.5315 0.0478
vn -0.9540 0.2979 -0.0331
vn -0.9587 -0.2424 -0.1490
vn -0.0651 -0.9518 -0.2997
vn -0.6797 -0.6861 -0.2595
vn -0.4795 -0.8514 -0.2128
vn -0.0575 -0.9811 -0.1846
vn -0.3939 0.9050 0.1608
vn -0.0070 0.9808 0.1947
vn -0.0512 0.9755 0.2141
vn -0.4785 0.8666 0.1412
vn -0.8451 -0.5325 0.0468
vn -0.9921 0.0308 -0.1219
vn -0.9585 0.2422 -0.1505
vn -0.9539 -0.2980 -0.0346
vn -0.6816 0.6838 -0.2606
vn -0.0652 0.9518 -0.2998
vn -0.0575 0.9811 -0.1847
vn -0.4794 0.8512 -0.2136
vn 0.9780 0.1689 0.1225
vn 0.9806 0.1700 0.0977
vn 0.9513 -0.2231 0.2127
vn 0.9578 0.2610 0.1201
vn 0.4847 -0.8489 0.2109
vn 0.0113 -0.9803 0.1971
vn 0.0468 -0.9728 0.2268
vn 0.4711 -0.8423 0.2620
vn -0.0021 0.9511 0.3090
vn -0.0020 0.9511 0.3090
vn -0.0020 0.9510 0.3090
vn -0.0124 -0.1179 0.9929
vn -0.3989 -0.1247 0.9085
vn -0.4834 -0.1312 0.8655
vn -0.0564 -0.0975 0.9936
vn 0.4908 -0.3680 0.7897
vn -0.0124 -0.2575 0.9662
vn -0.2392 -0.1718 0.9556
vn -0.0070 -0.1764 0.9843
vn 0.4778 -0.2133 0.8522
vn 0.0003 0.3596 -0.9331
vn 0.5018 0.1645 -0.8492
vn 0.4888 0.3262 -0.8091
vn 0.0056 0.4359 -0.9000
vn -0.2272 0.4237 -0.8768
vn -0.9352 0.3386 0.1038
vn -0.9352 0.3387 0.1038
vn 0.9419 -0.2039 -0.2668
vn 0.9395 -0.3255 0.1072
vn 0.9457 -0.1400 -0.2934
vn 0.9571 -0.2774 -0.0840
vn 0.9430 -0.2891 0.1649
vn 0.0184 0.4903 -0.8714
vn 0.4911 0.4592 -0.7402
vn 0.4778 0.5058 -0.7182
vn 0.0540 0.5160 -0.8549
vn 0.7006 -0.2862 0.6536
vn 0.0621 -0.5644 0.8232
vn 0.0530 -0.4645 0.8840
vn 0.4849 -0.3448 0.8037
vn 0.0741 0.0271 -0.9969
vn 0.7075 0.1512 -0.6904
vn 0.4958 0.1923 -0.8469
vn 0.0655 0.1437 -0.9874
vn 0.0021 -0.9511 -0.3090
vn 0.0020 -0.9511 -0.3090
vn 0.9803 0.0336 0.1946
vn 0.9777 0.0568 0.2023
vn 0.9569 0.0260 0.2893
vn 0.9539 0.2639 -0.1427
vn -0.9930 -0.1178 -0.0122
vn -0.8421 0.2151 -0.4946
vn -0.9522 0.0667 -0.2980
vn -0.9609 -0.2105 0.1800
vn -0.0726 -0.5787 0.8123
vn -0.6852 -0.4545 0.5692
vn -0.4858 -0.4624 0.7417
vn -0.0646 -0.4784 0.8758
vn -0.3874 0.4351 -0.8128
vn 0.0001 0.4883 -0.8727
vn -0.0440 0.5054 -0.8618
vn -0.4724 0.4051 -0.7828
vn 0.0021 -0.9510 -0.3090
vn -0.8482 -0.1147 0.5171
vn -0.9924 -0.1001 -0.0715
vn -0.9576 -0.0622 -0.2814
vn -0.9560 -0.1189 0.2683
vn -0.6784 -0.0322 -0.7340
vn -0.0605 0.0094 -0.9981
vn -0.0522 0.1279 -0.9904
vn -0.4750 0.0630 -0.8777
vn 0.9796 0.1625 -0.1183
vn 0.9821 0.1392 -0.1269
vn 0.9508 0.1273 0.2823
vn 0.9600 0.1888 -0.2067
vn 0.4803 -0.0649 0.8747
vn 0.0060 -0.1155 0.9933
vn 0.0417 -0.0852 0.9955
vn 0.4669 -0.0141 0.8842
vn 0.0055 0.5878 -0.8090
vn 0.0054 0.5878 -0.8090
vn -0.0085 0.9080 0.4189
vn -0.3955 0.8280 0.3975
vn -0.4803 0.7856 0.3901
vn -0.0524 0.9152 0.3996
vn 0.4921 0.6342 0.5963
vn -0.0096 0.8394 0.5434
vn -0.2359 0.8573 0.4577
vn -0.0036 0.8816 0.4719
vn 0.4804 0.7415 0.4684
vn -0.0017 -0.7763 -0.6304
vn 0.4989 -0.7600 -0.4166
vn 0.4871 -0.6718 -0.5581
vn 0.0042 -0.7213 -0.6927
vn -0.2285 -0.7015 -0.6750
vn -0.9325 0.2093 -0.2943
vn 0.9393 -0.3228 0.1158
vn 0.9379 -0.0046 0.3470
vn 0.9434 -0.3283 0.0468
vn 0.9549 -0.1717 0.2423
vn 0.9419 0.0615 0.3303
vn 0.0175 -0.6773 -0.7355
vn 0.4906 -0.5652 -0.6632
vn 0.4777 -0.5298 -0.7008
vn 0.0533 -0.6539 -0.7547
vn 0.7018 0.5287 0.4774
vn 0.0623 0.6080 0.7915
vn 0.0542 0.6968 0.7152
vn 0.4864 0.6547 0.5786
vn 0.0698 -0.9401 -0.3335
vn 0.7052 -0.6144 -0.3539
vn 0.4932 -0.7491 -0.4423
vn 0.0619 -0.8951 -0.4415
vn -0.0054 -0.5878 0.8090
vn 0.9814 0.1893 0.0328
vn 0.9789 0.2038 0.0131
vn 0.9584 0.2771 0.0691
vn 0.9549 -0.0602 -0.2906
vn -0.9937 -0.0417 0.1037
vn -0.8430 -0.3986 -0.3613
vn -0.9532 -0.2567 -0.1599
vn -0.9614 0.1123 0.2514
vn -0.0725 0.5942 0.8011
vn -0.6854 0.4052 0.6050
vn -0.4853 0.5656 0.6668
vn -0.0636 0.6855 0.7253
vn -0.3884 -0.6361 -0.6668
vn -0.0008 -0.6791 -0.7341
vn -0.0447 -0.6631 -0.7472
vn -0.4734 -0.6163 -0.6294
vn -0.0054 -0.5877 0.8090
vn -0.8465 0.4617 0.2650
vn -0.9933 -0.0927 0.0685
vn -0.9593 -0.2807 -0.0322
vn -0.9554 0.2246 0.1917
vn -0.6820 -0.7037 -0.1994
vn -0.0651 -0.9460 -0.3177
vn -0.0559 -0.9021 -0.4280
vn -0.4786 -0.8123 -0.3333
vn 0.9800 -0.0685 -0.1866
vn 0.9824 -0.0839 -0.1671
vn 0.9529 0.3017 -0.0295
vn 0.9602 -0.1443 -0.2390
vn 0.4840 0.8088 0.3342
vn 0.0098 0.9089 0.4169
vn 0.0457 0.9202 0.3888
vn 0.4710 0.8335 0.2888
vn -0.0044 0.9808 -0.1947
vn -0.3917 0.9051 -0.1656
vn -0.4767 0.8667 -0.1468
vn -0.0483 0.9755 -0.2147
vn 0.4954 0.8616 0.1103
vn -0.0056 0.9985 -0.0537
vn -0.2319 0.9635 -0.1339
vn 0.0004 0.9906 -0.1364
vn 0.4839 0.8733 -0.0563
vn -0.0056 -0.9985 -0.0537
vn 0.4953 -0.8617 0.1103
vn 0.4837 -0.8734 -0.0560
vn 0.0004 -0.9906 -0.1364
vn -0.2322 -0.9634 -0.1341
vn -0.9321 -0.0000 -0.3623
vn 0.9382 -0.1968 0.2846
vn 0.9383 0.1966 0.2846
vn 0.9422 -0.2418 0.2321
vn 0.9545 -0.0003 0.2981
vn 0.9425 0.2402 0.2322
vn 0.0139 -0.9803 -0.1969
vn 0.4876 -0.8490 -0.2037
vn 0.4747 -0.8424 -0.2550
vn 0.0498 -0.9728 -0.2261
vn 0.7045 0.7055 0.0763
vn 0.0657 0.9569 0.2830
vn 0.0578 0.9839 0.1691
vn 0.4897 0.8679 0.0839
vn 0.0656 -0.9569 0.2828
vn 0.7024 -0.7077 0.0757
vn 0.4897 -0.8680 0.0831
vn 0.0578 -0.9839 0.1690
vn -0.0066 -0.0000 1.0000
vn 0.9822 0.1685 -0.0835
vn 0.9797 0.1686 -0.1080
vn 0.9595 0.2610 -0.1058
vn 0.9543 -0.2233 -0.1985
vn -0.9938 0.0311 0.1071
vn -0.8450 -0.5315 -0.0591
vn -0.9544 -0.2979 0.0203
vn -0.9606 0.2424 0.1361
vn -0.0692 0.9518 0.2988
vn -0.6831 0.6861 0.2504
vn -0.4822 0.8514 0.2064
vn -0.0600 0.9811 0.1838
vn -0.3917 -0.9050 -0.1661
vn -0.0044 -0.9808 -0.1948
vn -0.0483 -0.9755 -0.2148
vn -0.4766 -0.8666 -0.1476
vn -0.8444 0.5326 -0.0581
vn -0.9936 -0.0308 0.1086
vn -0.9604 -0.2422 0.1377
vn -0.9543 0.2980 0.0218
vn -0.6850 -0.6838 0.2514
vn -0.0692 -0.9518 0.2989
vn -0.0600 -0.9811 0.1839
vn -0.4822 -0.8512 0.2072
vn 0.9795 -0.1689 -0.1095
vn 0.9818 -0.1700 -0.0846
vn 0.9541 0.2231 -0.2000
vn 0.9593 -0.2610 -0.1073
vn 0.4876 0.8488 -0.2044
vn 0.0139 0.9803 -0.1969
vn 0.0498 0.9728 -0.2262
vn 0.4746 0.8422 -0.2557
vn 0.0008 0.1179 -0.9930
vn -0.3866 0.1247 -0.9138
vn -0.4718 0.1312 -0.8719
vn -0.0431 0.0975 -0.9943
vn 0.5013 0.3680 -0.7831
vn 0.0005 0.2575 -0.9663
vn -0.2264 0.1719 -0.9588
vn 0.0060 0.1764 -0.9843
vn 0.4891 0.2133 -0.8457
vn -0.0122 -0.3596 0.9330
vn 0.4904 -0.1645 0.8558
vn 0.4780 -0.3262 0.8155
vn -0.0065 -0.4359 0.9000
vn -0.2389 -0.4237 0.8737
vn -0.9337 -0.3386 -0.1163
vn -0.9337 -0.3387 -0.1162
vn -0.9337 -0.3387 -0.1163
vn 0.9382 0.2039 0.2795
vn 0.9408 0.3255 -0.0947
vn 0.9417 0.1400 0.3060
vn 0.9559 0.2774 0.0968
vn 0.9451 0.2891 -0.1523
vn 0.0067 -0.4903 0.8715
vn 0.4812 -0.4592 0.7467
vn 0.4681 -0.5058 0.7246
vn 0.0426 -0.5160 0.8555
vn 0.7094 0.2861 -0.6442
vn 0.0730 0.5644 -0.8223
vn 0.0648 0.4645 -0.8832
vn 0.4956 0.3448 -0.7972
vn 0.0608 -0.0271 0.9978
vn 0.6982 -0.1512 0.6997
vn 0.4845 -0.1923 0.8534
vn 0.0523 -0.1437 0.9882
vn -0.0021 0.9510 0.3090
vn 0.9828 -0.0336 -0.1815
vn 0.9803 -0.0568 -0.1892
vn 0.9607 -0.0260 -0.2765
vn 0.9520 -0.2639 0.1554
vn -0.9930 0.1178 -0.0011
vn -0.8486 -0.2151 0.4833
vn -0.9561 -0.0667 0.2852
vn -0.9584 0.2105 -0.1929
vn -0.0617 0.5787 -0.8132
vn -0.6775 0.4545 -0.5783
vn -0.4758 0.4624 -0.7481
vn -0.0529 0.4783 -0.8766
vn -0.3982 -0.4351 0.8075
vn -0.0116 -0.4883 0.8726
vn -0.0555 -0.5054 0.8611
vn -0.4827 -0.4051 0.7764
vn -0.8413 0.1147 -0.5283
vn -0.9933 0.1001 0.0583
vn -0.9613 0.0622 0.2685
vn -0.9523 0.1189 -0.2811
vn -0.6882 0.0322 0.7248
vn -0.0738 -0.0094 0.9972
vn -0.0653 -0.1279 0.9896
vn -0.4867 -0.0630 0.8713
vn 0.9779 -0.1625 0.1313
vn 0.9803 -0.1392 0.1400
vn 0.9545 -0.1273 -0.2696
vn 0.9572 -0.1888 0.2195
vn 0.4920 0.0649 -0.8682
vn 0.0192 0.1155 -0.9931
vn 0.0549 0.0852 -0.9949
vn 0.4788 0.0141 -0.8778
vn -0.0029 -0.9080 -0.4190
vn -0.3902 -0.8280 -0.4028
vn -0.4750 -0.7856 -0.3964
vn -0.0470 -0.9152 -0.4002
vn 0.5000 -0.6342 -0.5897
vn -0.0023 -0.8394 -0.5435
vn -0.2298 -0.8573 -0.4608
vn 0.0027 -0.8816 -0.4719
vn 0.4865 -0.7415 -0.4619
vn -0.0102 0.7763 0.6303
vn 0.4932 0.7600 0.4232
vn 0.4796 0.6718 0.5645
vn -0.0051 0.7213 0.6927
vn -0.2376 0.7015 0.6719
vn -0.9364 -0.2093 0.2818
vn 0.9408 0.3228 -0.1033
vn 0.9424 0.0046 -0.3344
vn 0.9439 0.3283 -0.0342
vn 0.9580 0.1717 -0.2295
vn 0.9462 -0.0616 -0.3177
vn 0.0077 0.6773 0.7357
vn 0.4817 0.5652 0.6697
vn 0.4682 0.5298 0.7071
vn 0.0433 0.6539 0.7553
vn 0.7082 -0.5287 -0.4679
vn 0.0729 -0.6080 -0.7906
vn 0.0637 -0.6968 -0.7144
vn 0.4941 -0.6547 -0.5720
vn 0.0653 0.9402 0.3345
vn 0.7005 0.6143 0.3632
vn 0.4872 0.7491 0.4489
vn 0.0560 0.8951 0.4423
vn 0.9817 -0.1893 -0.0197
vn 0.9790 -0.2038 -0.0000
vn 0.9592 -0.2771 -0.0563
vn 0.9510 0.0602 0.3034
vn -0.9923 0.0417 -0.1169
vn -0.8477 0.3986 0.3500
vn -0.9552 0.2567 0.1472
vn -0.9579 -0.1123 -0.2642
vn -0.0619 -0.5942 -0.8020
vn -0.6773 -0.4052 -0.6141
vn -0.4763 -0.5656 -0.6732
vn -0.0540 -0.6855 -0.7261
vn -0.3973 0.6360 0.6615
vn -0.0107 0.6791 0.7340
vn -0.0547 0.6631 0.7465
vn -0.4818 0.6163 0.6230
vn -0.8429 -0.4617 -0.2762
vn -0.9923 0.0927 -0.0818
vn -0.9596 0.2807 0.0194
vn -0.9528 -0.2246 -0.2044
vn -0.6846 0.7037 0.1902
vn -0.0693 0.9460 0.3168
vn -0.0616 0.9021 0.4272
vn -0.4830 0.8123 0.3269
vn 0.9775 0.0685 0.1997
vn 0.9800 0.0839 0.1802
vn 0.9524 -0.3018 0.0421
vn 0.9569 0.1443 0.2518
vn 0.4883 -0.8088 -0.3277
vn 0.0154 -0.9089 -0.4167
vn 0.0508 -0.9202 -0.3882
vn 0.4748 -0.8335 -0.2825
vn -0.0107 -0.6791 0.7340
vn -0.3972 -0.6364 0.6612
vn -0.4818 -0.6168 0.6224
vn -0.0547 -0.6632 0.7465
vn 0.4933 -0.7600 0.4232
vn -0.0102 -0.7763 0.6303
vn -0.2373 -0.7017 0.6718
vn -0.0051 -0.7213 0.6927
vn 0.4797 -0.6716 0.5647
vn -0.0023 0.8394 -0.5435
vn 0.5000 0.6342 -0.5897
vn 0.4865 0.7414 -0.4622
vn 0.0027 0.8816 -0.4719
vn -0.2300 0.8573 -0.4606
vn -0.9364 0.2093 0.2818
vn 0.9424 -0.0044 -0.3346
vn 0.9409 -0.3226 -0.1034
vn 0.9459 0.0629 -0.3184
vn 0.9580 -0.1713 -0.2298
vn 0.9443 -0.3271 -0.0353
vn 0.0154 0.9089 -0.4167
vn 0.4884 0.8085 -0.3283
vn 0.4749 0.8333 -0.2832
vn 0.0509 0.9201 -0.3883
vn 0.7026 -0.6129 0.3615
vn 0.0653 -0.9402 0.3343
vn 0.0560 -0.8952 0.4422
vn 0.4873 -0.7495 0.4482
vn 0.0728 0.6082 -0.7904
vn 0.7061 0.5308 -0.4687
vn 0.4940 0.6553 -0.5714
vn 0.0637 0.6969 -0.7143
vn 0.9804 -0.0834 0.1785
vn 0.9777 -0.0691 0.1983
vn 0.9572 -0.1452 0.2506
vn 0.9527 0.3011 0.0409
vn -0.9925 -0.0920 -0.0804
vn -0.8435 0.4614 -0.2748
vn -0.9529 0.2253 -0.2031
vn -0.9598 -0.2799 0.0207
vn -0.0693 -0.9459 0.3169
vn -0.6827 -0.7049 0.1925
vn -0.4831 -0.8120 0.3276
vn -0.0616 -0.9020 0.4273
vn -0.3901 0.8282 -0.4023
vn -0.0030 0.9080 -0.4190
vn -0.0471 0.9152 -0.4002
vn -0.4749 0.7860 -0.3958
vn -0.8471 -0.4000 0.3498
vn -0.9921 -0.0429 -0.1179
vn -0.9577 0.1113 -0.2654
vn -0.9551 -0.2577 0.1460
vn -0.6792 0.4027 -0.6136
vn -0.0618 0.5940 -0.8021
vn -0.0539 0.6854 -0.7261
vn -0.4764 0.5650 -0.6737
vn 0.9788 0.2049 0.0010
vn 0.9814 0.1911 -0.0196
vn 0.9507 -0.0592 0.3044
vn 0.9590 0.2781 -0.0551
vn 0.4817 -0.5647 0.6701
vn 0.0077 -0.6773 0.7357
vn 0.0432 -0.6539 0.7554
vn 0.4682 -0.5293 0.7076
vn 0.0020 0.9510 -0.3090
vn -0.0116 0.4883 0.8726
vn -0.3982 0.4347 0.8078
vn -0.4828 0.4044 0.7767
vn -0.0555 0.5053 0.8611
vn 0.4904 0.1645 0.8558
vn -0.0122 0.3596 0.9330
vn -0.2387 0.4236 0.8738
vn -0.0065 0.4359 0.9000
vn 0.4781 0.3265 0.8154
vn 0.0005 -0.2575 -0.9663
vn 0.5013 -0.3680 -0.7831
vn 0.4891 -0.2136 -0.8457
vn 0.0061 -0.1764 -0.9843
vn -0.2266 -0.1717 -0.9587
vn -0.9337 0.3387 -0.1163
vn -0.9337 0.3386 -0.1163
vn -0.9337 0.3387 -0.1162
vn 0.9408 -0.3256 -0.0948
vn 0.9383 -0.2040 0.2792
vn 0.9448 -0.2894 -0.1539
vn 0.9559 -0.2776 0.0963
vn 0.9420 -0.1406 0.3046
vn 0.0192 -0.1156 -0.9931
vn 0.4920 -0.0655 -0.8681
vn 0.4789 -0.0148 -0.8778
vn 0.0550 -0.0852 -0.9948
vn 0.7004 0.1499 0.6978
vn 0.0608 0.0270 0.9978
vn 0.0523 0.1436 0.9883
vn 0.4846 0.1915 0.8535
vn 0.0730 -0.5643 -0.8224
vn 0.7072 -0.2863 -0.6465
vn 0.4955 -0.3441 -0.7975
vn 0.0648 -0.4644 -0.8832
vn 0.9807 0.1377 0.1390
vn 0.9781 0.1610 0.1315
vn 0.9573 0.1874 0.2200
vn 0.9548 0.1259 -0.2693
vn -0.9934 -0.0986 0.0581
vn -0.8418 -0.1134 -0.5277
vn -0.9523 -0.1175 -0.2815
vn -0.9615 -0.0607 0.2682
vn -0.0738 0.0096 0.9972
vn -0.6863 -0.0304 0.7267
vn -0.4867 0.0637 0.8712
vn -0.0654 0.1280 0.9896
vn -0.3867 -0.1242 -0.9138
vn 0.0009 -0.1179 -0.9930
vn -0.0431 -0.0974 -0.9943
vn -0.4718 -0.1305 -0.8720
vn -0.0021 -0.9510 0.3090
vn -0.8480 0.2145 0.4846
vn -0.9929 -0.1191 -0.0003
vn -0.9582 -0.2119 -0.1923
vn -0.9561 0.0653 0.2858
vn -0.6795 -0.4548 -0.5757
vn -0.0617 -0.5789 -0.8131
vn -0.0529 -0.4784 -0.8765
vn -0.4758 -0.4631 -0.7477
vn 0.9801 0.0581 -0.1899
vn 0.9825 0.0342 -0.1832
vn 0.9517 0.2652 0.1548
vn 0.9605 0.0275 -0.2770
vn 0.4812 0.4598 0.7464
vn 0.0068 0.4903 0.8715
vn 0.0426 0.5161 0.8555
vn 0.4681 0.5064 0.7242
vt 0.000000 0.000000
vt 0.000000 0.500000
vt 0.500000 0.500000
vt 0.500000 0.000000
vt 0.000000 1.000000
vt 0.500000 1.000000
vt 1.000000 1.000000
vt 1.000000 0.500000
vt 1.000000 0.000000
vt 0.991320 0.687500
vt 0.989583 0.734375
vt 0.916667 1.000000
vt 0.916667 0.921875
vt 0.916667 0.916667
vt 0.989583 0.739583
vt 0.833333 0.166667
vt 0.979167 0.520833
vt 0.984688 0.514063
vt 0.845486 0.156250
vt 0.989583 1.000000
vt 0.986111 0.324653
vt 0.898370 0.110772
vt 0.020833 0.520833
vt 0.015312 0.514063
vt 0.010417 1.000000
vt 0.166667 0.166667
vt 0.154514 0.156250
vt 0.101630 0.110772
vt 0.013889 0.324653
vt 0.008681 0.687500
vt 0.083333 1.000000
vt 0.260417 1.000000
vt 0.739583 1.000000
vt 0.500000 0.041667
vt 0.500000 0.028125
vt 0.736979 0.013021
vt 0.263021 0.013021
vt 0.010851 0.267795
vt 0.085069 0.086806
vt 0.083333 0.083333
vt 0.010417 0.260417
vt 0.500000 0.253472
vt 0.491319 0.258681
vt 0.423611 0.076389
vt 0.489583 0.260417
vt 0.416667 0.083333
vt 0.508681 0.258681
vt 0.576389 0.076389
vt 0.583333 0.083333
vt 0.510417 0.260417
vt 0.250000 0.500000
vt 0.250000 0.746528
vt 0.010417 0.739583
vt 0.489583 0.739583
vt 0.416667 0.916667
vt 0.250000 0.979167
vt 0.083333 0.916667
vt 0.250000 0.020833
vt 0.250000 0.253472
vt 0.252170 0.019531
vt 0.251736 0.982639
vt 0.423611 0.923611
vt 0.083333 0.921875
vt 0.500000 0.746528
vt 0.491319 0.741319
vt 0.010417 0.734375
vt 0.750000 0.500000
vt 0.750000 0.746528
vt 0.510417 0.739583
vt 0.750000 0.979167
vt 0.583333 0.916667
vt 0.750000 0.020833
vt 0.750000 0.253472
vt 0.916667 0.083333
vt 0.989583 0.260417
vt 0.748264 0.982639
vt 0.576389 0.923611
vt 0.508681 0.741320
vt 0.747830 0.019531
vt 0.914931 0.086806
vt 0.989149 0.267795
s 1
usemtl Gloss_Black.003
f 117/1/1 114/1/1 1141/1/1 1138/1/1
f 33/1/2 34/1/3 91/1/4 90/1/5
f 34/1/3 36/1/6 92/1/7 91/1/4
f 37/1/8 38/1/9 97/1/10 94/1/11
f 38/1/12 40/1/12 99/1/12 97/1/13
f 40/1/14 43/1/15 101/1/16 99/1/17
f 44/1/18 46/1/19 103/1/20 102/1/21
f 46/1/22 50/1/23 105/1/24 103/1/25
f 50/1/26 54/1/27 106/1/28 105/1/29
s 0
f 54/1/30 57/1/31 107/1/32 106/1/31
s 1
f 22/1/6 25/1/33 86/1/34 83/1/6
f 25/1/33 28/1/5 88/1/2 86/1/34
f 197/1/35 193/1/35 1218/1/35 1222/1/35
f 626/1/36 634/1/36 377/1/36 369/1/36
f 846/1/37 850/1/37 593/1/37 589/1/37
f 742/1/38 746/1/38 489/1/38 485/1/38
f 638/1/39 642/1/39 385/1/39 381/1/39
f 850/1/40 854/1/40 597/1/40 593/1/40
f 746/1/41 750/1/41 493/1/41 489/1/41
f 642/1/42 646/1/42 389/1/42 385/1/42
f 854/1/43 858/1/43 601/1/43 597/1/43
f 750/1/44 754/1/44 497/1/44 493/1/44
f 646/1/45 650/1/45 393/1/45 389/1/45
f 858/1/46 862/1/46 605/1/46 601/1/46
f 754/1/47 758/1/47 501/1/47 497/1/47
f 650/1/48 654/1/48 397/1/48 393/1/48
f 862/1/49 866/1/49 609/1/49 605/1/49
f 758/1/50 762/1/50 505/1/50 501/1/50
f 654/1/51 658/1/51 401/1/51 397/1/51
f 866/1/52 870/1/52 613/1/52 609/1/52
f 762/1/53 766/1/53 509/1/53 505/1/53
f 658/1/54 662/1/54 405/1/54 401/1/54
f 870/1/55 874/1/55 617/1/55 613/1/55
f 766/1/56 770/1/56 513/1/56 509/1/56
f 662/1/57 666/1/57 409/1/57 405/1/57
f 874/1/58 878/1/58 621/1/58 617/1/58
f 770/1/59 774/1/59 517/1/59 513/1/59
f 666/1/60 670/1/60 413/1/60 409/1/60
f 881/1/61 886/1/61 1397/1/61 1394/1/61
f 774/1/62 778/1/62 521/1/62 517/1/62
f 670/1/63 674/1/63 417/1/63 413/1/63
f 634/1/64 638/1/64 381/1/64 377/1/64
f 778/1/65 782/1/65 525/1/65 521/1/65
f 674/1/66 678/1/66 421/1/66 417/1/66
f 782/1/67 786/1/67 529/1/67 525/1/67
f 678/1/68 682/1/68 425/1/68 421/1/68
f 786/1/69 790/1/69 533/1/69 529/1/69
f 682/1/70 686/1/70 429/1/70 425/1/70
f 790/1/71 794/1/71 537/1/71 533/1/71
f 686/1/72 690/1/72 433/1/72 429/1/72
f 794/1/73 798/1/73 541/1/73 537/1/73
f 690/1/74 694/1/74 437/1/74 433/1/74
f 798/1/75 802/1/75 545/1/75 541/1/75
f 694/1/76 698/1/76 441/1/76 437/1/76
f 802/1/77 806/1/77 549/1/77 545/1/77
f 698/1/78 702/1/78 445/1/78 441/1/78
f 806/1/79 810/1/79 553/1/79 549/1/79
f 702/1/80 706/1/80 449/1/80 445/1/80
f 810/1/81 814/1/81 557/1/81 553/1/81
f 706/1/82 710/1/82 453/1/82 449/1/82
f 814/1/83 818/1/83 561/1/83 557/1/83
f 710/1/84 714/1/84 457/1/84 453/1/84
f 818/1/85 822/1/85 565/1/85 561/1/85
f 714/1/86 718/1/86 461/1/86 457/1/86
f 822/1/87 826/1/87 569/1/87 565/1/87
f 718/1/88 722/1/88 465/1/88 461/1/88
f 826/1/89 830/1/89 573/1/89 569/1/89
f 722/1/90 726/1/90 469/1/90 465/1/90
f 830/1/91 834/1/91 577/1/91 573/1/91
f 726/1/92 730/1/92 473/1/92 469/1/92
f 834/1/93 838/1/93 581/1/93 577/1/93
f 730/1/94 734/1/94 477/1/94 473/1/94
f 838/1/95 842/1/95 585/1/95 581/1/95
f 734/1/96 738/1/96 481/1/96 477/1/96
f 370/1/97 378/1/97 382/1/97 386/1/97 390/1/97 394/1/97 398/1/97 402/1/97 406/1/97 410/1/97 414/1/97 418/1/97 422/1/97 426/1/97 430/1/97 434/1/97 438/1/97 442/1/97 446/1/97 450/1/97 454/1/97 458/1/97 462/1/97 466/1/97 470/1/97 474/1/97 478/1/97 482/1/97 486/1/97 490/1/97 494/1/97 498/1/97 502/1/97 506/1/97 510/1/97 514/1/97 518/1/97 522/1/97 526/1/97 530/1/97 534/1/97 538/1/97 542/1/97 546/1/97 550/1/97 554/1/97 558/1/97 562/1/97 566/1/97 570/1/97 574/1/97 578/1/97 582/1/97 586/1/97 590/1/97 594/1/97 598/1/97 602/1/97 606/1/97 610/1/97 614/1/97 618/1/97 622/1/97 373/1/97
f 842/1/98 846/1/98 589/1/98 585/1/98
f 738/1/99 742/1/99 485/1/99 481/1/99
f 878/1/100 629/1/100 374/1/100 621/1/100
f 114/1/101 365/1/101 1390/1/101 1141/1/101
f 125/1/102 121/1/102 1146/1/102 1150/1/102
f 129/1/103 125/1/103 1150/1/103 1154/1/103
f 133/1/104 129/1/104 1154/1/104 1158/1/104
f 137/1/105 133/1/105 1158/1/105 1162/1/105
f 141/1/106 137/1/106 1162/1/106 1166/1/106
f 145/1/107 141/1/107 1166/1/107 1170/1/107
f 149/1/108 145/1/108 1170/1/108 1174/1/108
f 153/1/109 149/1/109 1174/1/109 1178/1/109
f 157/1/110 153/1/110 1178/1/110 1182/1/110
f 161/1/111 157/1/111 1182/1/111 1186/1/111
f 165/1/112 161/1/112 1186/1/112 1190/1/112
f 169/1/113 165/1/113 1190/1/113 1194/1/113
f 173/1/114 169/1/114 1194/1/114 1198/1/114
f 177/1/115 173/1/115 1198/1/115 1202/1/115
f 181/1/116 177/1/116 1202/1/116 1206/1/116
f 185/1/117 181/1/117 1206/1/117 1210/1/117
f 189/1/118 185/1/118 1210/1/118 1214/1/118
f 190/1/119 194/1/119 705/1/119 701/1/119
f 193/1/120 189/1/120 1214/1/120 1218/1/120
f 201/1/121 197/1/121 1222/1/121 1226/1/121
f 205/1/122 201/1/122 1226/1/122 1230/1/122
f 209/1/123 205/1/123 1230/1/123 1234/1/123
f 213/1/124 209/1/124 1234/1/124 1238/1/124
f 217/1/125 213/1/125 1238/1/125 1242/1/125
f 221/1/126 217/1/126 1242/1/126 1246/1/126
f 225/1/127 221/1/127 1246/1/127 1250/1/127
f 229/1/128 225/1/128 1250/1/128 1254/1/128
f 233/1/129 229/1/129 1254/1/129 1258/1/129
f 237/1/130 233/1/130 1258/1/130 1262/1/130
f 241/1/131 237/1/131 1262/1/131 1266/1/131
f 245/1/132 241/1/132 1266/1/132 1270/1/132
f 249/1/133 245/1/133 1270/1/133 1274/1/133
f 253/1/134 249/1/134 1274/1/134 1278/1/134
f 257/1/135 253/1/135 1278/1/135 1282/1/135
f 261/1/136 257/1/136 1282/1/136 1286/1/136
f 265/1/137 261/1/137 1286/1/137 1290/1/137
f 269/1/138 265/1/138 1290/1/138 1294/1/138
f 273/1/139 269/1/139 1294/1/139 1298/1/139
f 277/1/140 273/1/140 1298/1/140 1302/1/140
f 281/1/141 277/1/141 1302/1/141 1306/1/141
f 285/1/142 281/1/142 1306/1/142 1310/1/142
f 289/1/143 285/1/143 1310/1/143 1314/1/143
f 293/1/144 289/1/144 1314/1/144 1318/1/144
f 297/1/145 293/1/146 1318/1/146 1322/1/147
f 301/1/148 297/1/148 1322/1/148 1326/1/148
f 305/1/149 301/1/149 1326/1/149 1330/1/149
f 309/1/150 305/1/150 1330/1/150 1334/1/150
f 313/1/151 309/1/151 1334/1/151 1338/1/151
f 317/1/152 313/1/152 1338/1/152 1342/1/152
f 321/1/153 317/1/153 1342/1/153 1346/1/153
f 325/1/154 321/1/154 1346/1/154 1350/1/154
f 329/1/155 325/1/155 1350/1/155 1354/1/155
f 333/1/156 329/1/156 1354/1/156 1358/1/156
f 337/1/157 333/1/157 1358/1/157 1362/1/157
f 341/1/158 337/1/158 1362/1/158 1366/1/158
f 345/1/159 341/1/159 1366/1/159 1370/1/159
f 349/1/160 345/1/160 1370/1/160 1374/1/160
f 353/1/161 349/1/161 1374/1/161 1378/1/161
f 357/1/162 353/1/162 1378/1/162 1382/1/162
f 361/1/163 357/1/163 1382/1/163 1386/1/163
f 365/1/164 361/1/164 1386/1/164 1390/1/164
f 629/1/165 626/1/165 369/1/165 374/1/165
f 121/1/166 117/1/166 1138/1/166 1146/1/166
f 1125/1/167 1121/1/167 1634/1/167 1638/1/167
f 298/1/119 302/1/119 813/1/119 809/1/119
f 194/1/119 198/1/119 709/1/119 705/1/119
f 302/1/119 306/1/119 817/1/119 813/1/119
f 198/1/119 202/1/119 713/1/119 709/1/119
f 306/1/119 310/1/119 821/1/119 817/1/119
f 202/1/119 206/1/119 717/1/119 713/1/119
f 310/1/119 314/1/119 825/1/119 821/1/119
f 206/1/119 210/1/119 721/1/119 717/1/119
f 314/1/119 318/1/119 829/1/119 825/1/119
f 210/1/119 214/1/119 725/1/119 721/1/119
f 318/1/119 322/1/119 833/1/119 829/1/119
f 214/1/119 218/1/119 729/1/119 725/1/119
f 322/1/119 326/1/119 837/1/119 833/1/119
f 218/1/119 222/1/119 733/1/119 729/1/119
f 113/1/119 118/1/119 625/1/119 630/1/119
f 326/1/119 330/1/119 841/1/119 837/1/119
f 222/1/119 226/1/119 737/1/119 733/1/119
f 118/1/119 122/1/119 633/1/119 625/1/119
f 330/1/119 334/1/119 845/1/119 841/1/119
f 226/1/119 230/1/119 741/1/119 737/1/119
f 122/1/119 126/1/119 637/1/119 633/1/119
f 334/1/119 338/1/119 849/1/119 845/1/119
f 230/1/119 234/1/119 745/1/119 741/1/119
f 126/1/119 130/1/119 641/1/119 637/1/119
f 338/1/119 342/1/119 853/1/119 849/1/119
f 234/1/119 238/1/119 749/1/119 745/1/119
f 130/1/119 134/1/119 645/1/119 641/1/119
f 342/1/119 346/1/119 857/1/119 853/1/119
f 238/1/119 242/1/119 753/1/119 749/1/119
f 134/1/119 138/1/119 649/1/119 645/1/119
f 346/1/119 350/1/168 861/1/168 857/1/119
f 242/1/119 246/1/119 757/1/119 753/1/119
f 138/1/119 142/1/119 653/1/119 649/1/119
f 350/1/168 354/1/119 865/1/119 861/1/168
f 246/1/119 250/1/119 761/1/119 757/1/119
f 142/1/119 146/1/119 657/1/119 653/1/119
f 354/1/119 358/1/119 869/1/119 865/1/119
f 250/1/119 254/1/119 765/1/119 761/1/119
f 146/1/119 150/1/119 661/1/119 657/1/119
f 358/1/119 362/1/119 873/1/119 869/1/119
f 254/1/119 258/1/119 769/1/119 765/1/119
f 150/1/119 154/1/119 665/1/119 661/1/119
f 362/1/119 366/1/119 877/1/119 873/1/119
f 258/1/119 262/1/168 773/1/168 769/1/119
f 154/1/119 158/1/119 669/1/119 665/1/119
f 366/1/119 113/1/119 630/1/119 877/1/119
f 262/1/168 266/1/119 777/1/119 773/1/168
f 158/1/119 162/1/119 673/1/119 669/1/119
f 266/1/119 270/1/119 781/1/119 777/1/119
f 162/1/119 166/1/119 677/1/119 673/1/119
f 270/1/119 274/1/119 785/1/119 781/1/119
f 166/1/119 170/1/119 681/1/119 677/1/119
f 274/1/119 278/1/119 789/1/119 785/1/119
f 170/1/119 174/1/119 685/1/119 681/1/119
f 278/1/119 282/1/119 793/1/119 789/1/119
f 174/1/119 178/1/119 689/1/119 685/1/119
f 282/1/119 286/1/119 797/1/119 793/1/119
f 178/1/119 182/1/119 693/1/119 689/1/119
f 286/1/119 290/1/119 801/1/119 797/1/119
f 182/1/119 186/1/119 697/1/119 693/1/119
f 290/1/119 294/1/119 805/1/119 801/1/119
f 186/1/119 190/1/119 701/1/119 697/1/119
f 294/1/119 298/1/119 809/1/119 805/1/119
f 889/1/169 881/1/169 1394/1/169 1402/1/169
s 0
f 885/1/170 882/1/31 1137/1/171 1142/1/31
s 1
f 897/1/172 893/1/172 1406/1/172 1410/1/172
f 901/1/42 897/1/42 1410/1/42 1414/1/42
f 905/1/173 901/1/173 1414/1/173 1418/1/173
f 909/1/174 905/1/174 1418/1/174 1422/1/174
f 913/1/175 909/1/175 1422/1/175 1426/1/175
f 917/1/176 913/1/176 1426/1/176 1430/1/176
f 921/1/177 917/1/177 1430/1/177 1434/1/177
f 925/1/178 921/1/178 1434/1/178 1438/1/178
f 929/1/179 925/1/179 1438/1/179 1442/1/179
f 933/1/180 929/1/180 1442/1/180 1446/1/180
f 937/1/181 933/1/181 1446/1/181 1450/1/181
f 941/1/182 937/1/182 1450/1/182 1454/1/182
f 945/1/183 941/1/183 1454/1/183 1458/1/183
f 949/1/184 945/1/184 1458/1/184 1462/1/184
f 953/1/185 949/1/185 1462/1/185 1466/1/185
f 957/1/186 953/1/186 1466/1/186 1470/1/186
f 961/1/80 957/1/80 1470/1/80 1474/1/80
f 965/1/187 961/1/187 1474/1/187 1478/1/187
f 969/1/84 965/1/84 1478/1/84 1482/1/84
f 973/1/188 969/1/188 1482/1/188 1486/1/188
f 977/1/189 973/1/189 1486/1/189 1490/1/189
f 981/1/190 977/1/190 1490/1/190 1494/1/190
f 985/1/191 981/1/191 1494/1/191 1498/1/191
f 989/1/192 985/1/192 1498/1/192 1502/1/192
f 993/1/193 989/1/193 1502/1/193 1506/1/193
f 997/1/194 993/1/194 1506/1/194 1510/1/194
f 1001/1/195 997/1/195 1510/1/195 1514/1/195
f 1005/1/196 1001/1/196 1514/1/196 1518/1/196
f 1009/1/197 1005/1/197 1518/1/197 1522/1/197
f 1013/1/198 1009/1/198 1522/1/198 1526/1/198
f 1017/1/199 1013/1/199 1526/1/199 1530/1/199
f 1021/1/200 1017/1/200 1530/1/200 1534/1/200
f 1025/1/201 1021/1/201 1534/1/201 1538/1/201
f 1029/1/202 1025/1/202 1538/1/202 1542/1/202
f 1033/1/203 1029/1/203 1542/1/203 1546/1/203
f 1037/1/204 1033/1/204 1546/1/204 1550/1/204
f 1041/1/205 1037/1/205 1550/1/205 1554/1/205
f 1045/1/206 1041/1/206 1554/1/206 1558/1/206
f 1049/1/207 1045/1/207 1558/1/207 1562/1/207
f 1053/1/208 1049/1/208 1562/1/208 1566/1/208
f 1057/1/209 1053/1/209 1566/1/209 1570/1/209
f 1061/1/210 1057/1/210 1570/1/210 1574/1/210
f 1065/1/211 1061/1/211 1574/1/211 1578/1/211
f 1069/1/212 1065/1/212 1578/1/212 1582/1/212
f 1073/1/213 1069/1/213 1582/1/213 1586/1/213
f 1077/1/214 1073/1/214 1586/1/214 1590/1/214
f 1081/1/215 1077/1/215 1590/1/215 1594/1/215
f 1085/1/216 1081/1/216 1594/1/216 1598/1/216
f 1089/1/217 1085/1/217 1598/1/217 1602/1/217
f 1093/1/93 1089/1/93 1602/1/93 1606/1/93
f 1097/1/218 1093/1/218 1606/1/218 1610/1/218
f 1101/1/219 1097/1/219 1610/1/219 1614/1/219
f 1105/1/220 1101/1/220 1614/1/220 1618/1/220
f 1109/1/221 1105/1/221 1618/1/221 1622/1/221
f 1113/1/222 1109/1/222 1622/1/222 1626/1/222
f 1117/1/223 1113/1/223 1626/1/223 1630/1/223
f 1118/1/224 1122/1/225 1377/1/226 1373/1/224
f 1121/1/227 1117/1/227 1630/1/227 1634/1/227
f 1129/1/228 1125/1/228 1638/1/228 1642/1/228
f 1133/1/229 1129/1/229 1642/1/229 1646/1/229
f 1393/1/119 1398/1/119 1645/1/119 1641/1/119 1637/1/119 1633/1/119 1629/1/119 1625/1/119 1621/1/119 1617/1/119 1613/1/119 1609/1/119 1605/1/119 1601/1/119 1597/1/119 1593/1/119 1589/1/119 1585/1/119 1581/1/119 1577/1/119 1573/1/119 1569/1/119 1565/1/119 1561/1/119 1557/1/119 1553/1/119 1549/1/119 1545/1/119 1541/1/119 1537/1/119 1533/1/119 1529/1/119 1525/1/119 1521/1/119 1517/1/119 1513/1/119 1509/1/119 1505/1/119 1501/1/119 1497/1/119 1493/1/119 1489/1/119 1485/1/119 1481/1/119 1477/1/119 1473/1/119 1469/1/119 1465/1/119 1461/1/119 1457/1/119 1453/1/119 1449/1/119 1445/1/119 1441/1/119 1437/1/119 1433/1/119 1429/1/119 1425/1/119 1421/1/119 1417/1/119 1413/1/119 1409/1/119 1405/1/119 1401/1/119
f 893/1/230 889/1/230 1402/1/230 1406/1/230
f 1014/1/231 1018/1/232 1273/1/233 1269/1/234
s 0
f 910/1/235 914/1/31 1169/1/236 1165/1/31
s 1
f 1122/1/225 1126/1/237 1381/1/238 1377/1/226
f 1018/1/232 1022/1/239 1277/1/240 1273/1/233
s 0
f 914/1/241 918/1/31 1173/1/242 1169/1/31
s 1
f 1126/1/237 1130/1/243 1385/1/244 1381/1/238
s 0
f 1022/1/245 1026/1/31 1281/1/246 1277/1/31
f 918/1/247 922/1/31 1177/1/248 1173/1/31
s 1
f 1130/1/243 1134/1/249 1389/1/250 1385/1/244
s 0
f 1026/1/251 1030/1/31 1285/1/252 1281/1/31
s 1
f 922/1/253 926/1/254 1181/1/255 1177/1/256
f 1134/1/249 885/1/257 1142/1/258 1389/1/250
s 0
f 1030/1/259 1034/1/31 1289/1/260 1285/1/31
s 1
f 926/1/261 930/1/262 1185/1/263 1181/1/264
f 1034/1/265 1038/1/3 1293/1/266 1289/1/267
s 0
f 930/1/268 934/1/31 1189/1/269 1185/1/31
s 1
f 1038/1/3 1042/1/270 1297/1/271 1293/1/266
s 0
f 934/1/272 938/1/31 1193/1/273 1189/1/31
f 1042/1/274 1046/1/31 1301/1/275 1297/1/31
f 938/1/276 942/1/31 1197/1/277 1193/1/31
s 1
f 1046/1/278 1050/1/279 1305/1/280 1301/1/281
f 942/1/282 946/1/119 1201/1/119 1197/1/283
f 1050/1/284 1054/1/284 1309/1/284 1305/1/284
f 946/1/119 950/1/285 1205/1/286 1201/1/119
s 0
f 1054/1/287 1058/1/31 1313/1/288 1309/1/31
f 950/1/289 954/1/31 1209/1/290 1205/1/31
s 1
f 1058/1/291 1062/1/292 1317/1/293 1313/1/294
s 0
f 954/1/295 958/1/31 1213/1/296 1209/1/31
s 1
f 1062/1/292 1066/1/297 1321/1/298 1317/1/293
s 0
f 958/1/299 962/1/31 1217/1/300 1213/1/31
f 1066/1/301 1070/1/31 1325/1/302 1321/1/31
s 1
f 962/1/303 966/1/304 1221/1/305 1217/1/306
s 0
f 1070/1/307 1074/1/31 1329/1/308 1325/1/31
s 1
f 966/1/309 970/1/310 1225/1/311 1221/1/312
s 0
f 1074/1/313 1078/1/31 1333/1/314 1329/1/31
s 1
f 970/1/315 974/1/316 1229/1/317 1225/1/315
s 0
f 1078/1/318 1082/1/31 1337/1/319 1333/1/31
f 974/1/320 978/1/31 1233/1/321 1229/1/31
s 1
f 1082/1/322 1086/1/323 1341/1/324 1337/1/325
f 978/1/271 982/1/326 1237/1/266 1233/1/270
f 1086/1/323 1090/1/327 1345/1/328 1341/1/324
f 982/1/326 986/1/267 1241/1/329 1237/1/266
f 1090/1/330 1094/1/331 1349/1/332 1345/1/333
s 0
f 986/1/334 990/1/31 1245/1/335 1241/1/31
f 882/1/336 890/1/31 1145/1/337 1137/1/31
s 1
f 1094/1/338 1098/1/284 1353/1/338 1349/1/338
s 0
f 990/1/339 994/1/31 1249/1/340 1245/1/31
s 1
f 886/1/341 1133/1/341 1646/1/341 1397/1/341
s 0
f 1098/1/342 1102/1/31 1357/1/343 1353/1/31
s 1
f 994/1/344 998/1/345 1253/1/346 1249/1/347
f 890/1/348 894/1/349 1149/1/350 1145/1/351
s 0
f 1102/1/321 1106/1/31 1361/1/320 1357/1/31
s 1
f 998/1/345 1002/1/352 1257/1/353 1253/1/346
f 894/1/349 898/1/354 1153/1/355 1149/1/350
s 0
f 1106/1/356 1110/1/31 1365/1/357 1361/1/31
s 1
f 1002/1/352 1006/1/358 1261/1/358 1257/1/353
f 898/1/354 902/1/359 1157/1/359 1153/1/355
s 0
f 1110/1/360 1114/1/31 1369/1/361 1365/1/31
s 1
f 1006/1/358 1010/1/362 1265/1/363 1261/1/358
s 0
f 902/1/364 906/1/31 1161/1/365 1157/1/31
f 1114/1/366 1118/1/31 1373/1/367 1369/1/31
s 1
f 1010/1/362 1014/1/231 1269/1/234 1265/1/363
s 0
f 906/1/368 910/1/31 1165/1/369 1161/1/31
s 1
f 87/1/370 84/1/370 83/1/370 86/1/370
f 89/1/371 87/1/371 86/1/371 88/1/371
f 98/1/372 95/1/372 94/1/372 97/1/372
f 100/1/373 98/1/373 97/1/373 99/1/373
f 10/1/374 8/1/375 9/1/375 11/1/375
f 25/1/376 22/1/376 24/1/377 27/1/376
f 27/1/378 24/1/378 23/1/378 26/1/378
f 28/1/379 25/1/379 27/1/379 30/1/379
f 30/1/380 27/1/380 26/1/380 29/1/380
f 40/1/381 38/1/381 39/1/381 42/1/381
f 50/1/382 46/1/382 48/1/382 52/1/383
f 52/1/384 48/1/384 47/1/384 51/1/384
f 54/1/385 50/1/386 52/1/386 56/1/385
f 56/1/387 52/1/388 51/1/387 55/1/388
f 55/1/389 51/1/389 49/1/389 53/1/389
f 57/1/390 54/1/390 56/1/390 59/1/391
f 59/1/392 56/1/393 55/1/392 58/1/393
f 60/1/394 57/1/394 59/1/394 62/1/394
f 62/1/395 59/1/395 58/1/395 61/1/395
f 63/1/396 60/1/396 62/1/396 65/1/396
f 65/1/397 62/1/398 61/1/397 64/1/398
f 66/1/399 63/1/399 65/1/399 68/1/399
f 68/1/400 65/1/400 64/1/400 67/1/400
f 626/1/401 629/1/401 631/1/401 628/1/401
f 628/1/402 631/1/402 632/1/402 627/1/402
f 627/1/403 632/1/403 630/1/403 625/1/403
f 634/1/404 626/1/404 628/1/404 636/1/404
f 636/1/405 628/1/405 627/1/405 635/1/405
f 635/1/406 627/1/406 625/1/406 633/1/406
f 638/1/407 634/1/407 636/1/407 640/1/407
f 640/1/408 636/1/408 635/1/408 639/1/408
f 639/1/409 635/1/409 633/1/409 637/1/409
f 642/1/410 638/1/410 640/1/410 644/1/410
f 644/1/411 640/1/411 639/1/411 643/1/411
f 643/1/412 639/1/412 637/1/412 641/1/412
f 646/1/413 642/1/413 644/1/413 648/1/413
f 648/1/414 644/1/414 643/1/414 647/1/414
f 647/1/415 643/1/415 641/1/415 645/1/415
f 650/1/416 646/1/416 648/1/416 652/1/416
f 652/1/417 648/1/417 647/1/417 651/1/417
f 651/1/418 647/1/418 645/1/418 649/1/418
f 654/1/419 650/1/419 652/1/419 656/1/419
f 656/1/420 652/1/420 651/1/420 655/1/420
f 655/1/421 651/1/422 649/1/422 653/1/421
f 658/1/423 654/1/423 656/1/423 660/1/423
f 660/1/424 656/1/424 655/1/424 659/1/424
f 659/1/425 655/1/425 653/1/425 657/1/425
f 662/1/426 658/1/426 660/1/426 664/1/426
f 664/1/427 660/1/427 659/1/427 663/1/427
f 663/1/428 659/1/428 657/1/428 661/1/428
f 666/1/429 662/1/429 664/1/429 668/1/429
f 668/1/430 664/1/430 663/1/430 667/1/430
f 667/1/431 663/1/432 661/1/431 665/1/432
f 670/1/433 666/1/433 668/1/433 672/1/433
f 672/1/434 668/1/434 667/1/434 671/1/434
f 671/1/435 667/1/435 665/1/435 669/1/435
f 674/1/436 670/1/436 672/1/436 676/1/436
f 676/1/437 672/1/437 671/1/437 675/1/437
f 675/1/438 671/1/438 669/1/438 673/1/438
f 678/1/439 674/1/439 676/1/439 680/1/439
f 680/1/440 676/1/440 675/1/440 679/1/440
f 679/1/441 675/1/441 673/1/441 677/1/441
f 682/1/442 678/1/442 680/1/442 684/1/442
f 684/1/443 680/1/443 679/1/443 683/1/443
f 683/1/444 679/1/444 677/1/444 681/1/444
f 686/1/445 682/1/445 684/1/445 688/1/445
f 688/1/446 684/1/446 683/1/446 687/1/446
f 687/1/447 683/1/447 681/1/447 685/1/447
f 690/1/448 686/1/448 688/1/448 692/1/448
f 692/1/449 688/1/449 687/1/449 691/1/449
f 691/1/450 687/1/450 685/1/450 689/1/450
f 694/1/451 690/1/451 692/1/451 696/1/451
f 696/1/452 692/1/452 691/1/452 695/1/452
f 695/1/453 691/1/453 689/1/453 693/1/453
f 698/1/454 694/1/454 696/1/454 700/1/454
f 700/1/455 696/1/455 695/1/455 699/1/455
f 699/1/456 695/1/456 693/1/456 697/1/456
f 702/1/457 698/1/457 700/1/457 704/1/457
f 704/1/458 700/1/458 699/1/458 703/1/458
f 703/1/459 699/1/459 697/1/459 701/1/459
f 706/1/460 702/1/460 704/1/460 708/1/460
f 708/1/461 704/1/461 703/1/461 707/1/461
f 707/1/462 703/1/462 701/1/462 705/1/462
f 710/1/463 706/1/463 708/1/463 712/1/463
f 712/1/464 708/1/464 707/1/464 711/1/464
f 711/1/465 707/1/465 705/1/465 709/1/465
f 714/1/466 710/1/466 712/1/466 716/1/466
f 716/1/467 712/1/467 711/1/467 715/1/467
f 715/1/468 711/1/468 709/1/468 713/1/468
f 718/1/469 714/1/469 716/1/469 720/1/469
f 720/1/470 716/1/470 715/1/470 719/1/470
f 719/1/471 715/1/471 713/1/471 717/1/471
f 722/1/472 718/1/472 720/1/472 724/1/472
f 724/1/473 720/1/473 719/1/473 723/1/473
f 723/1/474 719/1/474 717/1/474 721/1/474
f 726/1/475 722/1/475 724/1/475 728/1/475
f 728/1/476 724/1/476 723/1/476 727/1/476
f 727/1/477 723/1/477 721/1/477 725/1/477
f 730/1/478 726/1/478 728/1/478 732/1/478
f 732/1/479 728/1/479 727/1/479 731/1/479
f 731/1/480 727/1/480 725/1/480 729/1/481
f 734/1/482 730/1/482 732/1/483 736/1/482
f 736/1/484 732/1/484 731/1/484 735/1/484
f 735/1/485 731/1/485 729/1/485 733/1/485
f 738/1/486 734/1/486 736/1/486 740/1/486
f 740/1/487 736/1/487 735/1/487 739/1/487
f 739/1/488 735/1/488 733/1/488 737/1/488
f 742/1/489 738/1/489 740/1/489 744/1/489
f 744/1/490 740/1/490 739/1/490 743/1/490
f 743/1/491 739/1/491 737/1/491 741/1/491
f 746/1/492 742/1/492 744/1/492 748/1/492
f 748/1/493 744/1/493 743/1/493 747/1/493
f 747/1/494 743/1/494 741/1/494 745/1/494
f 750/1/495 746/1/495 748/1/495 752/1/495
f 752/1/496 748/1/496 747/1/496 751/1/496
f 751/1/497 747/1/497 745/1/497 749/1/497
f 754/1/498 750/1/498 752/1/498 756/1/498
f 756/1/499 752/1/499 751/1/499 755/1/499
f 755/1/500 751/1/500 749/1/500 753/1/500
f 758/1/501 754/1/501 756/1/501 760/1/501
f 760/1/502 756/1/502 755/1/502 759/1/502
f 759/1/503 755/1/503 753/1/503 757/1/503
f 762/1/504 758/1/504 760/1/504 764/1/504
f 764/1/505 760/1/505 759/1/505 763/1/505
f 763/1/506 759/1/506 757/1/506 761/1/506
f 766/1/507 762/1/507 764/1/507 768/1/507
f 768/1/508 764/1/508 763/1/508 767/1/508
f 767/1/509 763/1/510 761/1/510 765/1/509
f 770/1/511 766/1/511 768/1/511 772/1/511
f 772/1/512 768/1/512 767/1/512 771/1/512
f 771/1/513 767/1/513 765/1/513 769/1/513
f 774/1/514 770/1/514 772/1/514 776/1/514
f 776/1/515 772/1/515 771/1/515 775/1/515
f 775/1/516 771/1/516 769/1/516 773/1/516
f 778/1/517 774/1/517 776/1/517 780/1/517
f 780/1/518 776/1/518 775/1/518 779/1/518
f 779/1/519 775/1/519 773/1/519 777/1/519
f 782/1/520 778/1/520 780/1/520 784/1/520
f 784/1/521 780/1/521 779/1/521 783/1/521
f 783/1/522 779/1/522 777/1/522 781/1/522
f 786/1/523 782/1/523 784/1/523 788/1/523
f 788/1/524 784/1/524 783/1/524 787/1/524
f 787/1/525 783/1/525 781/1/525 785/1/525
f 790/1/526 786/1/526 788/1/526 792/1/526
f 792/1/527 788/1/527 787/1/527 791/1/527
f 791/1/528 787/1/528 785/1/528 789/1/528
f 794/1/529 790/1/529 792/1/529 796/1/529
f 796/1/530 792/1/530 791/1/530 795/1/530
f 795/1/531 791/1/531 789/1/531 793/1/531
f 798/1/532 794/1/533 796/1/532 800/1/533
f 800/1/534 796/1/534 795/1/534 799/1/534
f 799/1/535 795/1/535 793/1/535 797/1/535
f 802/1/536 798/1/536 800/1/536 804/1/536
f 804/1/537 800/1/537 799/1/537 803/1/537
f 803/1/382 799/1/382 797/1/382 801/1/382
f 806/1/538 802/1/538 804/1/538 808/1/538
f 808/1/539 804/1/539 803/1/539 807/1/539
f 807/1/540 803/1/540 801/1/540 805/1/540
f 810/1/541 806/1/541 808/1/542 812/1/542
f 812/1/543 808/1/543 807/1/543 811/1/543
f 811/1/544 807/1/544 805/1/544 809/1/544
f 814/1/545 810/1/545 812/1/545 816/1/545
f 816/1/546 812/1/546 811/1/546 815/1/546
f 815/1/547 811/1/547 809/1/547 813/1/547
f 818/1/548 814/1/548 816/1/548 820/1/548
f 820/1/549 816/1/549 815/1/549 819/1/549
f 819/1/550 815/1/550 813/1/550 817/1/550
f 822/1/551 818/1/551 820/1/551 824/1/551
f 824/1/552 820/1/552 819/1/552 823/1/552
f 823/1/553 819/1/553 817/1/553 821/1/553
f 826/1/554 822/1/554 824/1/554 828/1/554
f 828/1/555 824/1/555 823/1/555 827/1/555
f 827/1/556 823/1/556 821/1/556 825/1/556
f 830/1/557 826/1/557 828/1/557 832/1/557
f 832/1/558 828/1/558 827/1/558 831/1/558
f 831/1/559 827/1/559 825/1/559 829/1/559
f 834/1/560 830/1/560 832/1/560 836/1/560
f 836/1/561 832/1/561 831/1/561 835/1/561
f 835/1/562 831/1/562 829/1/562 833/1/562
f 838/1/563 834/1/563 836/1/563 840/1/563
f 840/1/564 836/1/564 835/1/564 839/1/564
f 839/1/565 835/1/566 833/1/565 837/1/567
f 842/1/568 838/1/568 840/1/568 844/1/568
f 844/1/569 840/1/569 839/1/569 843/1/569
f 843/1/570 839/1/570 837/1/570 841/1/570
f 846/1/571 842/1/571 844/1/571 848/1/571
f 848/1/572 844/1/572 843/1/572 847/1/572
f 847/1/573 843/1/574 841/1/573 845/1/575
f 850/1/576 846/1/576 848/1/576 852/1/576
f 852/1/577 848/1/577 847/1/577 851/1/577
f 851/1/578 847/1/578 845/1/578 849/1/578
f 854/1/579 850/1/579 852/1/579 856/1/579
f 856/1/580 852/1/580 851/1/580 855/1/580
f 855/1/581 851/1/581 849/1/581 853/1/581
f 858/1/582 854/1/583 856/1/584 860/1/584
f 860/1/585 856/1/585 855/1/585 859/1/585
f 859/1/586 855/1/587 853/1/586 857/1/586
f 862/1/588 858/1/588 860/1/588 864/1/588
f 864/1/589 860/1/589 859/1/589 863/1/589
f 863/1/590 859/1/590 857/1/590 861/1/590
f 866/1/591 862/1/591 864/1/591 868/1/591
f 868/1/592 864/1/592 863/1/592 867/1/592
f 867/1/593 863/1/593 861/1/593 865/1/593
f 870/1/594 866/1/594 868/1/594 872/1/594
f 872/1/595 868/1/595 867/1/595 871/1/595
f 871/1/596 867/1/597 865/1/596 869/1/597
f 874/1/598 870/1/598 872/1/598 876/1/598
f 876/1/599 872/1/599 871/1/599 875/1/599
f 875/1/600 871/1/600 869/1/600 873/1/600
f 878/1/601 874/1/601 876/1/601 880/1/601
f 880/1/602 876/1/602 875/1/602 879/1/602
f 879/1/603 875/1/603 873/1/603 877/1/603
f 629/1/604 878/1/604 880/1/604 631/1/604
f 631/1/605 880/1/605 879/1/605 632/1/605
f 632/1/606 879/1/606 877/1/606 630/1/606
f 370/1/607 373/1/607 375/1/607 372/1/607
f 372/1/608 375/1/608 376/1/608 371/1/608
f 371/1/609 376/1/609 374/1/609 369/1/609
f 378/1/610 370/1/610 372/1/610 380/1/610
f 380/1/611 372/1/611 371/1/611 379/1/611
f 379/1/612 371/1/612 369/1/612 377/1/612
f 382/1/613 378/1/613 380/1/613 384/1/613
f 384/1/614 380/1/614 379/1/614 383/1/614
f 383/1/615 379/1/615 377/1/615 381/1/615
f 386/1/616 382/1/616 384/1/616 388/1/616
f 388/1/617 384/1/617 383/1/617 387/1/617
f 387/1/618 383/1/618 381/1/618 385/1/618
f 390/1/619 386/1/619 388/1/619 392/1/619
f 392/1/620 388/1/620 387/1/620 391/1/620
f 391/1/621 387/1/621 385/1/621 389/1/621
f 394/1/622 390/1/623 392/1/623 396/1/623
f 396/1/624 392/1/625 391/1/626 395/1/625
f 395/1/627 391/1/627 389/1/627 393/1/627
f 398/1/628 394/1/628 396/1/628 400/1/628
f 400/1/629 396/1/629 395/1/629 399/1/629
f 399/1/630 395/1/630 393/1/630 397/1/630
f 402/1/631 398/1/631 400/1/632 404/1/633
f 404/1/634 400/1/634 399/1/635 403/1/634
f 403/1/636 399/1/636 397/1/636 401/1/636
f 406/1/637 402/1/637 404/1/637 408/1/637
f 408/1/638 404/1/638 403/1/638 407/1/638
f 407/1/639 403/1/639 401/1/640 405/1/640
f 410/1/641 406/1/641 408/1/641 412/1/641
f 412/1/642 408/1/642 407/1/642 411/1/642
f 411/1/643 407/1/643 405/1/643 409/1/643
f 414/1/644 410/1/644 412/1/644 416/1/644
f 416/1/645 412/1/645 411/1/645 415/1/645
f 415/1/646 411/1/646 409/1/646 413/1/646
f 418/1/647 414/1/647 416/1/647 420/1/647
f 420/1/648 416/1/648 415/1/648 419/1/648
f 419/1/649 415/1/649 413/1/649 417/1/649
f 422/1/650 418/1/650 420/1/650 424/1/650
f 424/1/651 420/1/651 419/1/651 423/1/651
f 423/1/652 419/1/652 417/1/652 421/1/652
f 426/1/653 422/1/653 424/1/653 428/1/653
f 428/1/654 424/1/654 423/1/654 427/1/654
f 427/1/655 423/1/655 421/1/655 425/1/655
f 430/1/656 426/1/656 428/1/656 432/1/656
f 432/1/657 428/1/657 427/1/657 431/1/657
f 431/1/658 427/1/658 425/1/658 429/1/658
f 434/1/659 430/1/659 432/1/659 436/1/659
f 436/1/660 432/1/660 431/1/660 435/1/660
f 435/1/661 431/1/661 429/1/661 433/1/661
f 438/1/662 434/1/662 436/1/662 440/1/662
f 440/1/663 436/1/663 435/1/663 439/1/663
f 439/1/664 435/1/664 433/1/664 437/1/664
f 442/1/665 438/1/665 440/1/665 444/1/665
f 444/1/666 440/1/666 439/1/666 443/1/666
f 443/1/667 439/1/667 437/1/667 441/1/667
f 446/1/668 442/1/668 444/1/668 448/1/668
f 448/1/669 444/1/669 443/1/669 447/1/669
f 447/1/670 443/1/670 441/1/670 445/1/670
f 450/1/671 446/1/671 448/1/671 452/1/671
f 452/1/672 448/1/672 447/1/672 451/1/672
f 451/1/673 447/1/673 445/1/674 449/1/674
f 454/1/675 450/1/675 452/1/675 456/1/675
f 456/1/676 452/1/676 451/1/676 455/1/676
f 455/1/677 451/1/677 449/1/677 453/1/677
f 458/1/678 454/1/678 456/1/678 460/1/678
f 460/1/679 456/1/679 455/1/679 459/1/679
f 459/1/680 455/1/680 453/1/680 457/1/680
f 462/1/681 458/1/681 460/1/681 464/1/681
f 464/1/682 460/1/682 459/1/682 463/1/682
f 463/1/683 459/1/683 457/1/683 461/1/683
f 466/1/684 462/1/684 464/1/684 468/1/684
f 468/1/685 464/1/685 463/1/685 467/1/685
f 467/1/686 463/1/686 461/1/686 465/1/686
f 470/1/687 466/1/687 468/1/687 472/1/687
f 472/1/688 468/1/689 467/1/689 471/1/689
f 471/1/690 467/1/690 465/1/690 469/1/690
f 474/1/691 470/1/692 472/1/691 476/1/691
f 476/1/693 472/1/693 471/1/693 475/1/693
f 475/1/694 471/1/694 469/1/694 473/1/694
f 478/1/695 474/1/695 476/1/695 480/1/695
f 480/1/696 476/1/696 475/1/696 479/1/696
f 479/1/697 475/1/697 473/1/697 477/1/697
f 482/1/698 478/1/698 480/1/698 484/1/698
f 484/1/699 480/1/699 479/1/699 483/1/699
f 483/1/700 479/1/700 477/1/700 481/1/700
f 486/1/701 482/1/701 484/1/701 488/1/701
f 488/1/702 484/1/702 483/1/702 487/1/702
f 487/1/703 483/1/703 481/1/703 485/1/703
f 490/1/704 486/1/704 488/1/704 492/1/704
f 492/1/705 488/1/705 487/1/705 491/1/705
f 491/1/706 487/1/706 485/1/706 489/1/706
f 494/1/707 490/1/707 492/1/707 496/1/707
f 496/1/708 492/1/708 491/1/708 495/1/708
f 495/1/709 491/1/709 489/1/709 493/1/709
f 498/1/710 494/1/710 496/1/710 500/1/710
f 500/1/711 496/1/711 495/1/711 499/1/711
f 499/1/712 495/1/712 493/1/712 497/1/712
f 502/1/713 498/1/713 500/1/713 504/1/713
f 504/1/714 500/1/714 499/1/714 503/1/714
f 503/1/715 499/1/715 497/1/715 501/1/715
f 506/1/716 502/1/716 504/1/716 508/1/716
f 508/1/717 504/1/717 503/1/717 507/1/717
f 507/1/718 503/1/718 501/1/718 505/1/718
f 510/1/719 506/1/719 508/1/719 512/1/719
f 512/1/720 508/1/720 507/1/720 511/1/720
f 511/1/721 507/1/721 505/1/721 509/1/721
f 514/1/722 510/1/723 512/1/722 516/1/722
f 516/1/724 512/1/724 511/1/724 515/1/724
f 515/1/725 511/1/725 509/1/725 513/1/725
f 518/1/726 514/1/726 516/1/726 520/1/726
f 520/1/727 516/1/727 515/1/727 519/1/727
f 519/1/728 515/1/728 513/1/728 517/1/728
f 522/1/729 518/1/729 520/1/729 524/1/729
f 524/1/730 520/1/730 519/1/730 523/1/730
f 523/1/731 519/1/731 517/1/731 521/1/731
f 526/1/732 522/1/732 524/1/732 528/1/732
f 528/1/733 524/1/733 523/1/733 527/1/733
f 527/1/734 523/1/734 521/1/734 525/1/734
f 530/1/735 526/1/735 528/1/735 532/1/735
f 532/1/736 528/1/736 527/1/736 531/1/736
f 531/1/737 527/1/737 525/1/737 529/1/737
f 534/1/738 530/1/738 532/1/738 536/1/738
f 536/1/739 532/1/739 531/1/739 535/1/739
f 535/1/740 531/1/740 529/1/740 533/1/740
f 538/1/741 534/1/741 536/1/741 540/1/741
f 540/1/742 536/1/742 535/1/742 539/1/742
f 539/1/743 535/1/743 533/1/743 537/1/743
f 542/1/744 538/1/744 540/1/744 544/1/744
f 544/1/745 540/1/745 539/1/745 543/1/746
f 543/1/747 539/1/747 537/1/747 541/1/747
f 546/1/748 542/1/748 544/1/748 548/1/748
f 548/1/749 544/1/749 543/1/749 547/1/749
f 547/1/750 543/1/750 541/1/750 545/1/750
f 550/1/751 546/1/751 548/1/751 552/1/751
f 552/1/752 548/1/752 547/1/752 551/1/752
f 551/1/753 547/1/754 545/1/755 549/1/753
f 554/1/756 550/1/756 552/1/756 556/1/756
f 556/1/757 552/1/757 551/1/757 555/1/757
f 555/1/758 551/1/758 549/1/758 553/1/758
f 558/1/759 554/1/760 556/1/759 560/1/759
f 560/1/761 556/1/761 555/1/761 559/1/761
f 559/1/762 555/1/762 553/1/762 557/1/762
f 562/1/763 558/1/763 560/1/763 564/1/763
f 564/1/764 560/1/764 559/1/764 563/1/764
f 563/1/765 559/1/765 557/1/765 561/1/765
f 566/1/766 562/1/766 564/1/766 568/1/766
f 568/1/767 564/1/767 563/1/767 567/1/767
f 567/1/768 563/1/768 561/1/768 565/1/768
f 570/1/769 566/1/769 568/1/769 572/1/769
f 572/1/770 568/1/770 567/1/770 571/1/770
f 571/1/771 567/1/771 565/1/771 569/1/771
f 574/1/772 570/1/772 572/1/772 576/1/772
f 576/1/773 572/1/773 571/1/773 575/1/774
f 575/1/775 571/1/775 569/1/775 573/1/775
f 578/1/776 574/1/776 576/1/776 580/1/776
f 580/1/777 576/1/777 575/1/777 579/1/777
f 579/1/778 575/1/779 573/1/778 577/1/778
f 582/1/780 578/1/780 580/1/780 584/1/780
f 584/1/781 580/1/781 579/1/781 583/1/781
f 583/1/782 579/1/782 577/1/782 581/1/782
f 586/1/783 582/1/783 584/1/783 588/1/783
f 588/1/784 584/1/784 583/1/784 587/1/784
f 587/1/785 583/1/785 581/1/785 585/1/785
f 590/1/786 586/1/786 588/1/786 592/1/786
f 592/1/787 588/1/787 587/1/787 591/1/787
f 591/1/788 587/1/788 585/1/788 589/1/788
f 594/1/789 590/1/789 592/1/789 596/1/789
f 596/1/790 592/1/790 591/1/790 595/1/790
f 595/1/791 591/1/791 589/1/791 593/1/791
f 598/1/792 594/1/792 596/1/792 600/1/792
f 600/1/793 596/1/793 595/1/793 599/1/793
f 599/1/794 595/1/794 593/1/794 597/1/794
f 602/1/795 598/1/795 600/1/795 604/1/795
f 604/1/796 600/1/796 599/1/796 603/1/796
f 603/1/797 599/1/797 597/1/797 601/1/797
f 606/1/798 602/1/798 604/1/798 608/1/798
f 608/1/799 604/1/799 603/1/799 607/1/799
f 607/1/800 603/1/800 601/1/800 605/1/800
f 610/1/801 606/1/801 608/1/801 612/1/801
f 612/1/802 608/1/802 607/1/802 611/1/802
f 611/1/803 607/1/803 605/1/803 609/1/803
f 614/1/804 610/1/804 612/1/804 616/1/804
f 616/1/805 612/1/805 611/1/805 615/1/805
f 615/1/806 611/1/806 609/1/806 613/1/806
f 618/1/807 614/1/807 616/1/807 620/1/807
f 620/1/808 616/1/808 615/1/808 619/1/808
f 619/1/809 615/1/809 613/1/809 617/1/809
f 622/1/810 618/1/810 620/1/810 624/1/810
f 624/1/811 620/1/811 619/1/811 623/1/811
f 623/1/812 619/1/812 617/1/812 621/1/812
f 373/1/813 622/1/813 624/1/813 375/1/813
f 375/1/814 624/1/814 623/1/814 376/1/814
f 376/1/815 623/1/815 621/1/815 374/1/815
f 118/1/816 113/1/816 115/1/816 120/1/816
f 120/1/817 115/1/817 116/1/817 119/1/817
f 119/1/818 116/1/818 114/1/818 117/1/818
f 122/1/819 118/1/820 120/1/819 124/1/819
f 124/1/821 120/1/821 119/1/821 123/1/821
f 123/1/822 119/1/822 117/1/822 121/1/822
f 126/1/823 122/1/823 124/1/823 128/1/823
f 128/1/824 124/1/824 123/1/824 127/1/824
f 127/1/825 123/1/825 121/1/825 125/1/825
f 130/1/826 126/1/826 128/1/826 132/1/826
f 132/1/827 128/1/828 127/1/827 131/1/827
f 131/1/829 127/1/829 125/1/829 129/1/829
f 134/1/830 130/1/830 132/1/830 136/1/830
f 136/1/831 132/1/831 131/1/831 135/1/831
f 135/1/832 131/1/832 129/1/832 133/1/832
f 138/1/833 134/1/834 136/1/833 140/1/834
f 140/1/835 136/1/835 135/1/835 139/1/835
f 139/1/836 135/1/836 133/1/836 137/1/836
f 142/1/837 138/1/838 140/1/837 144/1/837
f 144/1/839 140/1/839 139/1/839 143/1/839
f 143/1/840 139/1/840 137/1/840 141/1/840
f 146/1/841 142/1/841 144/1/841 148/1/841
f 148/1/842 144/1/842 143/1/842 147/1/842
f 147/1/843 143/1/843 141/1/843 145/1/843
f 150/1/844 146/1/844 148/1/844 152/1/844
f 152/1/845 148/1/845 147/1/845 151/1/845
f 151/1/846 147/1/846 145/1/846 149/1/846
f 154/1/847 150/1/848 152/1/847 156/1/847
f 156/1/849 152/1/849 151/1/849 155/1/849
f 155/1/850 151/1/850 149/1/850 153/1/850
f 158/1/851 154/1/851 156/1/851 160/1/851
f 160/1/852 156/1/852 155/1/852 159/1/852
f 159/1/853 155/1/854 153/1/853 157/1/855
f 162/1/856 158/1/857 160/1/858 164/1/857
f 164/1/859 160/1/859 159/1/859 163/1/859
f 163/1/860 159/1/861 157/1/860 161/1/861
f 166/1/862 162/1/863 164/1/862 168/1/863
f 168/1/864 164/1/864 163/1/864 167/1/864
f 167/1/865 163/1/866 161/1/865 165/1/865
f 170/1/867 166/1/867 168/1/867 172/1/867
f 172/1/868 168/1/868 167/1/868 171/1/868
f 171/1/869 167/1/869 165/1/869 169/1/869
f 174/1/870 170/1/870 172/1/870 176/1/870
f 176/1/871 172/1/871 171/1/871 175/1/871
f 175/1/872 171/1/872 169/1/872 173/1/872
f 178/1/873 174/1/873 176/1/873 180/1/873
f 180/1/874 176/1/874 175/1/874 179/1/874
f 179/1/875 175/1/875 173/1/875 177/1/875
f 182/1/876 178/1/876 180/1/876 184/1/876
f 184/1/877 180/1/877 179/1/877 183/1/877
f 183/1/878 179/1/878 177/1/878 181/1/878
f 186/1/879 182/1/879 184/1/879 188/1/879
f 188/1/880 184/1/880 183/1/880 187/1/880
f 187/1/881 183/1/881 181/1/881 185/1/881
f 190/1/882 186/1/882 188/1/882 192/1/882
f 192/1/883 188/1/883 187/1/883 191/1/883
f 191/1/884 187/1/884 185/1/884 189/1/885
f 194/1/886 190/1/886 192/1/886 196/1/886
f 196/1/887 192/1/887 191/1/887 195/1/887
f 195/1/888 191/1/888 189/1/888 193/1/889
f 198/1/890 194/1/890 196/1/890 200/1/890
f 200/1/891 196/1/891 195/1/891 199/1/891
f 199/1/892 195/1/892 193/1/892 197/1/893
f 202/1/894 198/1/894 200/1/894 204/1/894
f 204/1/895 200/1/895 199/1/895 203/1/895
f 203/1/896 199/1/896 197/1/896 201/1/896
f 206/1/897 202/1/898 204/1/899 208/1/898
f 208/1/900 204/1/900 203/1/900 207/1/900
f 207/1/901 203/1/902 201/1/902 205/1/903
f 210/1/904 206/1/905 208/1/904 212/1/904
f 212/1/906 208/1/906 207/1/906 211/1/906
f 211/1/907 207/1/907 205/1/907 209/1/907
f 214/1/908 210/1/909 212/1/909 216/1/909
f 216/1/910 212/1/910 211/1/910 215/1/910
f 215/1/911 211/1/911 209/1/911 213/1/911
f 218/1/912 214/1/913 216/1/913 220/1/913
f 220/1/914 216/1/915 215/1/914 219/1/914
f 219/1/916 215/1/916 213/1/916 217/1/916
f 222/1/917 218/1/918 220/1/918 224/1/918
f 224/1/919 220/1/919 219/1/919 223/1/919
f 223/1/920 219/1/921 217/1/922 221/1/923
f 226/1/924 222/1/924 224/1/924 228/1/924
f 228/1/925 224/1/925 223/1/925 227/1/925
f 227/1/926 223/1/926 221/1/926 225/1/926
f 230/1/927 226/1/927 228/1/927 232/1/927
f 232/1/928 228/1/928 227/1/928 231/1/928
f 231/1/929 227/1/929 225/1/929 229/1/929
f 234/1/930 230/1/930 232/1/930 236/1/930
f 236/1/931 232/1/931 231/1/931 235/1/931
f 235/1/932 231/1/932 229/1/932 233/1/932
f 238/1/933 234/1/933 236/1/933 240/1/933
f 240/1/934 236/1/934 235/1/934 239/1/934
f 239/1/935 235/1/935 233/1/935 237/1/935
f 242/1/936 238/1/937 240/1/936 244/1/937
f 244/1/938 240/1/938 239/1/938 243/1/938
f 243/1/939 239/1/939 237/1/939 241/1/939
f 246/1/940 242/1/941 244/1/940 248/1/941
f 248/1/942 244/1/942 243/1/942 247/1/942
f 247/1/943 243/1/943 241/1/943 245/1/943
f 250/1/944 246/1/944 248/1/944 252/1/944
f 252/1/945 248/1/945 247/1/945 251/1/945
f 251/1/946 247/1/946 245/1/946 249/1/946
f 254/1/947 250/1/947 252/1/947 256/1/947
f 256/1/948 252/1/948 251/1/948 255/1/948
f 255/1/949 251/1/950 249/1/949 253/1/950
f 258/1/951 254/1/951 256/1/951 260/1/952
f 260/1/953 256/1/953 255/1/953 259/1/953
f 259/1/954 255/1/955 253/1/954 257/1/954
f 262/1/956 258/1/956 260/1/956 264/1/956
f 264/1/957 260/1/957 259/1/957 263/1/957
f 263/1/958 259/1/958 257/1/958 261/1/958
f 266/1/959 262/1/959 264/1/959 268/1/959
f 268/1/960 264/1/960 263/1/960 267/1/960
f 267/1/961 263/1/961 261/1/961 265/1/961
f 270/1/962 266/1/962 268/1/962 272/1/962
f 272/1/963 268/1/963 267/1/963 271/1/963
f 271/1/964 267/1/964 265/1/964 269/1/964
f 274/1/965 270/1/965 272/1/965 276/1/965
f 276/1/966 272/1/966 271/1/966 275/1/966
f 275/1/967 271/1/967 269/1/967 273/1/967
f 278/1/968 274/1/968 276/1/968 280/1/968
f 280/1/969 276/1/969 275/1/969 279/1/969
f 279/1/970 275/1/970 273/1/970 277/1/970
f 282/1/971 278/1/971 280/1/971 284/1/971
f 284/1/972 280/1/972 279/1/972 283/1/972
f 283/1/973 279/1/973 277/1/973 281/1/973
f 286/1/974 282/1/974 284/1/974 288/1/974
f 288/1/975 284/1/975 283/1/975 287/1/975
f 287/1/976 283/1/976 281/1/976 285/1/976
f 290/1/977 286/1/977 288/1/977 292/1/977
f 292/1/978 288/1/978 287/1/978 291/1/978
f 291/1/979 287/1/979 285/1/979 289/1/979
f 294/1/980 290/1/980 292/1/980 296/1/980
f 296/1/981 292/1/981 291/1/981 295/1/981
f 295/1/982 291/1/982 289/1/982 293/1/982
f 298/1/983 294/1/983 296/1/983 300/1/983
f 300/1/984 296/1/984 295/1/984 299/1/984
f 299/1/985 295/1/985 293/1/985 297/1/985
f 302/1/986 298/1/986 300/1/986 304/1/986
f 304/1/987 300/1/987 299/1/987 303/1/987
f 303/1/988 299/1/989 297/1/989 301/1/989
f 306/1/990 302/1/990 304/1/990 308/1/990
f 308/1/991 304/1/991 303/1/991 307/1/991
f 307/1/992 303/1/992 301/1/992 305/1/992
f 310/1/993 306/1/993 308/1/993 312/1/993
f 312/1/994 308/1/994 307/1/994 311/1/994
f 311/1/995 307/1/995 305/1/995 309/1/995
f 314/1/996 310/1/996 312/1/996 316/1/996
f 316/1/997 312/1/997 311/1/997 315/1/997
f 315/1/998 311/1/998 309/1/998 313/1/998
f 318/1/999 314/1/999 316/1/999 320/1/999
f 320/1/1000 316/1/1000 315/1/1000 319/1/1000
f 319/1/1001 315/1/1001 313/1/1001 317/1/1001
f 322/1/1002 318/1/1002 320/1/1002 324/1/1002
f 324/1/1003 320/1/1003 319/1/1003 323/1/1003
f 323/1/1004 319/1/1004 317/1/1004 321/1/1004
f 326/1/1005 322/1/1005 324/1/1006 328/1/1005
f 328/1/1007 324/1/1007 323/1/1007 327/1/1007
f 327/1/1008 323/1/1008 321/1/1008 325/1/1008
f 330/1/1009 326/1/1009 328/1/1009 332/1/1009
f 332/1/1010 328/1/1010 327/1/1010 331/1/1010
f 331/1/1011 327/1/1011 325/1/1011 329/1/1011
f 334/1/1012 330/1/1012 332/1/1012 336/1/1012
f 336/1/1013 332/1/1013 331/1/1013 335/1/1013
f 335/1/1014 331/1/1014 329/1/1014 333/1/1014
f 338/1/1015 334/1/1015 336/1/1015 340/1/1016
f 340/1/1017 336/1/1017 335/1/1017 339/1/1017
f 339/1/1018 335/1/1018 333/1/1018 337/1/1018
f 342/1/1019 338/1/1019 340/1/1019 344/1/1019
f 344/1/1020 340/1/1020 339/1/1020 343/1/1020
f 343/1/1021 339/1/1021 337/1/1021 341/1/1021
f 346/1/1022 342/1/1022 344/1/1022 348/1/1023
f 348/1/1024 344/1/1024 343/1/1024 347/1/1024
f 347/1/1025 343/1/1025 341/1/1025 345/1/1025
f 350/1/1026 346/1/1026 348/1/1026 352/1/1026
f 352/1/1027 348/1/1027 347/1/1027 351/1/1027
f 351/1/1028 347/1/1028 345/1/1028 349/1/1028
f 354/1/1029 350/1/1029 352/1/1029 356/1/1029
f 356/1/1030 352/1/1030 351/1/1030 355/1/1030
f 355/1/1031 351/1/1031 349/1/1031 353/1/1031
f 358/1/1032 354/1/1032 356/1/1032 360/1/1032
f 360/1/1033 356/1/1033 355/1/1033 359/1/1033
f 359/1/1034 355/1/1034 353/1/1034 357/1/1034
f 362/1/1035 358/1/1035 360/1/1035 364/1/1035
f 364/1/1036 360/1/1036 359/1/1036 363/1/1036
f 363/1/1037 359/1/1037 357/1/1038 361/1/1037
f 366/1/1039 362/1/1039 364/1/1039 368/1/1040
f 368/1/1041 364/1/1041 363/1/1041 367/1/1041
f 367/1/1042 363/1/1042 361/1/1042 365/1/1042
f 113/1/1043 366/1/1043 368/1/1043 115/1/1043
f 115/1/1044 368/1/1044 367/1/1044 116/1/1044
f 116/1/1045 367/1/1045 365/1/1045 114/1/1045
f 1138/1/1046 1141/1/1046 1143/1/1046 1140/1/1046
f 1140/1/1047 1143/1/1047 1144/1/1047 1139/1/1047
f 1139/1/1048 1144/1/1048 1142/1/1048 1137/1/1048
f 1146/1/1049 1138/1/1049 1140/1/1049 1148/1/1049
f 1148/1/1050 1140/1/1050 1139/1/1050 1147/1/1050
f 1147/1/1051 1139/1/1051 1137/1/1051 1145/1/1051
f 1150/1/1052 1146/1/1052 1148/1/1052 1152/1/1052
f 1152/1/1053 1148/1/1053 1147/1/1053 1151/1/1053
f 1151/1/1054 1147/1/1054 1145/1/1054 1149/1/1054
f 1154/1/1055 1150/1/1055 1152/1/1055 1156/1/1055
f 1156/1/1056 1152/1/1056 1151/1/1056 1155/1/1056
f 1155/1/1057 1151/1/1057 1149/1/1057 1153/1/1057
f 1158/1/1058 1154/1/1058 1156/1/1058 1160/1/1058
f 1160/1/1059 1156/1/1059 1155/1/1059 1159/1/1059
f 1159/1/1060 1155/1/1060 1153/1/1060 1157/1/1060
f 1162/1/1061 1158/1/1061 1160/1/1061 1164/1/1061
f 1164/1/1062 1160/1/1062 1159/1/1062 1163/1/1062
f 1163/1/1063 1159/1/1063 1157/1/1063 1161/1/1063
f 1166/1/1064 1162/1/1064 1164/1/1064 1168/1/1064
f 1168/1/1065 1164/1/1065 1163/1/1065 1167/1/1065
f 1167/1/1066 1163/1/1066 1161/1/1066 1165/1/1066
f 1170/1/1067 1166/1/1067 1168/1/1067 1172/1/1067
f 1172/1/1068 1168/1/1068 1167/1/1068 1171/1/1068
f 1171/1/1069 1167/1/1069 1165/1/1069 1169/1/1069
f 1174/1/1070 1170/1/1070 1172/1/1070 1176/1/1070
f 1176/1/1071 1172/1/1071 1171/1/1071 1175/1/1071
f 1175/1/1072 1171/1/1072 1169/1/1072 1173/1/1072
f 1178/1/1073 1174/1/1073 1176/1/1073 1180/1/1073
f 1180/1/1074 1176/1/1074 1175/1/1074 1179/1/1074
f 1179/1/1075 1175/1/1075 1173/1/1075 1177/1/1075
f 1182/1/1076 1178/1/1076 1180/1/1076 1184/1/1076
f 1184/1/1077 1180/1/1078 1179/1/1079 1183/1/1080
f 1183/1/1081 1179/1/1081 1177/1/1081 1181/1/1081
f 1186/1/1082 1182/1/1082 1184/1/1082 1188/1/1082
f 1188/1/1083 1184/1/1083 1183/1/1083 1187/1/1083
f 1187/1/1084 1183/1/1084 1181/1/1084 1185/1/1084
f 1190/1/1085 1186/1/1085 1188/1/1085 1192/1/1085
f 1192/1/1086 1188/1/1086 1187/1/1086 1191/1/1086
f 1191/1/1087 1187/1/1087 1185/1/1087 1189/1/1087
f 1194/1/1088 1190/1/1088 1192/1/1088 1196/1/1088
f 1196/1/1089 1192/1/1089 1191/1/1089 1195/1/1089
f 1195/1/1090 1191/1/1090 1189/1/1090 1193/1/1090
f 1198/1/1091 1194/1/1091 1196/1/1091 1200/1/1091
f 1200/1/1092 1196/1/1092 1195/1/1092 1199/1/1092
f 1199/1/1093 1195/1/1093 1193/1/1093 1197/1/1093
f 1202/1/1094 1198/1/1094 1200/1/1094 1204/1/1094
f 1204/1/1095 1200/1/1095 1199/1/1095 1203/1/1095
f 1203/1/1096 1199/1/1096 1197/1/1096 1201/1/1096
f 1206/1/1097 1202/1/1097 1204/1/1097 1208/1/1097
f 1208/1/1098 1204/1/1098 1203/1/1098 1207/1/1098
f 1207/1/1099 1203/1/1099 1201/1/1099 1205/1/1099
f 1210/1/1100 1206/1/1100 1208/1/1100 1212/1/1100
f 1212/1/1101 1208/1/1101 1207/1/1101 1211/1/1101
f 1211/1/1102 1207/1/1102 1205/1/1102 1209/1/1102
f 1214/1/1103 1210/1/1103 1212/1/1103 1216/1/1103
f 1216/1/1104 1212/1/1104 1211/1/1104 1215/1/1104
f 1215/1/1105 1211/1/1105 1209/1/1105 1213/1/1105
f 1218/1/1106 1214/1/1106 1216/1/1106 1220/1/1106
f 1220/1/1107 1216/1/1107 1215/1/1107 1219/1/1107
f 1219/1/1108 1215/1/1108 1213/1/1108 1217/1/1108
f 1222/1/1109 1218/1/1110 1220/1/1109 1224/1/1109
f 1224/1/1111 1220/1/1111 1219/1/1111 1223/1/1111
f 1223/1/1112 1219/1/1112 1217/1/1112 1221/1/1112
f 1226/1/1113 1222/1/1113 1224/1/1113 1228/1/1113
f 1228/1/1114 1224/1/1114 1223/1/1114 1227/1/1114
f 1227/1/1115 1223/1/1115 1221/1/1115 1225/1/1115
f 1230/1/1116 1226/1/1116 1228/1/1116 1232/1/1116
f 1232/1/1117 1228/1/1117 1227/1/1117 1231/1/1117
f 1231/1/1118 1227/1/1118 1225/1/1118 1229/1/1118
f 1234/1/1119 1230/1/1119 1232/1/1119 1236/1/1119
f 1236/1/1120 1232/1/1120 1231/1/1120 1235/1/1120
f 1235/1/1121 1231/1/1121 1229/1/1121 1233/1/1121
f 1238/1/1122 1234/1/1122 1236/1/1122 1240/1/1122
f 1240/1/1123 1236/1/1123 1235/1/1123 1239/1/1123
f 1239/1/1124 1235/1/1124 1233/1/1124 1237/1/1124
f 1242/1/1125 1238/1/1125 1240/1/1125 1244/1/1125
f 1244/1/1126 1240/1/1127 1239/1/1127 1243/1/1127
f 1243/1/1128 1239/1/1128 1237/1/1128 1241/1/1128
f 1246/1/1129 1242/1/1129 1244/1/1129 1248/1/1129
f 1248/1/1130 1244/1/1130 1243/1/1130 1247/1/1130
f 1247/1/1131 1243/1/1131 1241/1/1131 1245/1/1131
f 1250/1/1132 1246/1/1132 1248/1/1132 1252/1/1132
f 1252/1/1133 1248/1/1133 1247/1/1133 1251/1/1133
f 1251/1/1134 1247/1/1134 1245/1/1134 1249/1/1134
f 1254/1/1135 1250/1/1135 1252/1/1135 1256/1/1135
f 1256/1/1136 1252/1/1136 1251/1/1136 1255/1/1136
f 1255/1/1137 1251/1/1137 1249/1/1137 1253/1/1137
f 1258/1/1138 1254/1/1138 1256/1/1138 1260/1/1138
f 1260/1/1139 1256/1/1139 1255/1/1139 1259/1/1139
f 1259/1/1140 1255/1/1140 1253/1/1140 1257/1/1140
f 1262/1/1141 1258/1/1141 1260/1/1141 1264/1/1141
f 1264/1/1142 1260/1/1142 1259/1/1142 1263/1/1142
f 1263/1/1143 1259/1/1143 1257/1/1143 1261/1/1143
f 1266/1/1144 1262/1/1144 1264/1/1144 1268/1/1144
f 1268/1/1145 1264/1/1145 1263/1/1145 1267/1/1145
f 1267/1/1146 1263/1/1147 1261/1/1148 1265/1/1147
f 1270/1/1149 1266/1/1149 1268/1/1149 1272/1/1149
f 1272/1/1150 1268/1/1150 1267/1/1150 1271/1/1150
f 1271/1/941 1267/1/941 1265/1/941 1269/1/941
f 1274/1/1151 1270/1/1151 1272/1/1151 1276/1/1151
f 1276/1/1152 1272/1/1152 1271/1/1152 1275/1/1152
f 1275/1/1153 1271/1/1153 1269/1/1153 1273/1/1153
f 1278/1/1154 1274/1/1154 1276/1/1154 1280/1/1154
f 1280/1/1155 1276/1/1155 1275/1/1155 1279/1/1155
f 1279/1/1156 1275/1/1156 1273/1/1156 1277/1/1156
f 1282/1/1157 1278/1/1158 1280/1/1158 1284/1/1158
f 1284/1/1159 1280/1/1159 1279/1/1159 1283/1/1159
f 1283/1/951 1279/1/951 1277/1/951 1281/1/951
f 1286/1/1160 1282/1/1160 1284/1/1160 1288/1/1160
f 1288/1/1161 1284/1/1161 1283/1/1161 1287/1/1161
f 1287/1/1162 1283/1/1162 1281/1/1162 1285/1/1162
f 1290/1/1163 1286/1/1163 1288/1/1163 1292/1/1163
f 1292/1/1164 1288/1/1164 1287/1/1164 1291/1/1164
f 1291/1/1165 1287/1/1165 1285/1/1165 1289/1/1165
f 1294/1/1166 1290/1/1166 1292/1/1166 1296/1/1166
f 1296/1/1167 1292/1/1167 1291/1/1167 1295/1/1167
f 1295/1/1168 1291/1/1168 1289/1/1168 1293/1/1168
f 1298/1/1169 1294/1/1169 1296/1/1169 1300/1/1169
f 1300/1/1170 1296/1/1170 1295/1/1170 1299/1/1170
f 1299/1/1171 1295/1/1171 1293/1/1171 1297/1/1171
f 1302/1/1172 1298/1/1172 1300/1/1172 1304/1/1172
f 1304/1/1173 1300/1/1173 1299/1/1173 1303/1/1173
f 1303/1/1174 1299/1/1174 1297/1/1174 1301/1/1174
f 1306/1/1175 1302/1/1175 1304/1/1175 1308/1/1175
f 1308/1/1176 1304/1/1176 1303/1/1176 1307/1/1176
f 1307/1/1177 1303/1/1177 1301/1/1177 1305/1/1177
f 1310/1/1178 1306/1/1178 1308/1/1178 1312/1/1178
f 1312/1/1179 1308/1/1179 1307/1/1179 1311/1/1179
f 1311/1/1180 1307/1/1180 1305/1/1180 1309/1/1180
f 1314/1/1181 1310/1/1181 1312/1/1181 1316/1/1181
f 1316/1/1182 1312/1/1182 1311/1/1182 1315/1/1182
f 1315/1/1183 1311/1/1183 1309/1/1183 1313/1/1183
f 1318/1/1184 1314/1/1184 1316/1/1184 1320/1/1184
f 1320/1/1185 1316/1/1185 1315/1/1185 1319/1/1185
f 1319/1/1186 1315/1/1186 1313/1/1186 1317/1/1186
f 1322/1/1187 1318/1/1187 1320/1/1187 1324/1/1187
f 1324/1/1188 1320/1/1188 1319/1/1188 1323/1/1188
f 1323/1/1189 1319/1/1189 1317/1/1189 1321/1/1189
f 1326/1/1190 1322/1/1190 1324/1/1190 1328/1/1191
f 1328/1/1192 1324/1/1192 1323/1/1192 1327/1/1192
f 1327/1/1193 1323/1/1194 1321/1/1193 1325/1/1193
f 1330/1/1195 1326/1/1195 1328/1/1195 1332/1/1195
f 1332/1/1196 1328/1/1196 1327/1/1196 1331/1/1196
f 1331/1/1197 1327/1/1197 1325/1/1197 1329/1/1197
f 1334/1/1198 1330/1/1198 1332/1/1198 1336/1/1198
f 1336/1/1199 1332/1/1199 1331/1/1199 1335/1/1199
f 1335/1/1200 1331/1/1200 1329/1/1200 1333/1/1200
f 1338/1/1201 1334/1/1202 1336/1/1201 1340/1/1202
f 1340/1/1203 1336/1/1203 1335/1/1203 1339/1/1203
f 1339/1/1204 1335/1/1204 1333/1/1204 1337/1/1204
f 1342/1/1205 1338/1/1205 1340/1/1205 1344/1/1205
f 1344/1/1206 1340/1/1206 1339/1/1206 1343/1/1206
f 1343/1/1207 1339/1/1207 1337/1/1207 1341/1/1207
f 1346/1/1208 1342/1/1208 1344/1/1208 1348/1/1208
f 1348/1/1209 1344/1/1209 1343/1/1209 1347/1/1209
f 1347/1/1210 1343/1/1210 1341/1/1210 1345/1/1210
f 1350/1/1211 1346/1/1211 1348/1/1211 1352/1/1211
f 1352/1/1212 1348/1/1212 1347/1/1212 1351/1/1212
f 1351/1/1213 1347/1/1213 1345/1/1213 1349/1/1213
f 1354/1/1214 1350/1/1214 1352/1/1214 1356/1/1214
f 1356/1/1215 1352/1/1215 1351/1/1215 1355/1/1215
f 1355/1/1216 1351/1/1216 1349/1/1216 1353/1/1216
f 1358/1/1217 1354/1/1218 1356/1/1217 1360/1/1217
f 1360/1/1219 1356/1/1219 1355/1/1219 1359/1/1219
f 1359/1/1220 1355/1/1220 1353/1/1220 1357/1/1220
f 1362/1/1221 1358/1/1221 1360/1/1221 1364/1/1221
f 1364/1/1222 1360/1/1222 1359/1/1222 1363/1/1222
f 1363/1/1223 1359/1/1223 1357/1/1223 1361/1/1223
f 1366/1/1224 1362/1/1224 1364/1/1224 1368/1/1224
f 1368/1/1225 1364/1/1225 1363/1/1225 1367/1/1225
f 1367/1/1226 1363/1/1227 1361/1/1226 1365/1/1227
f 1370/1/1228 1366/1/1228 1368/1/1228 1372/1/1228
f 1372/1/1229 1368/1/1229 1367/1/1229 1371/1/1229
f 1371/1/1230 1367/1/1230 1365/1/1230 1369/1/1230
f 1374/1/1231 1370/1/1231 1372/1/1231 1376/1/1231
f 1376/1/1232 1372/1/1232 1371/1/1232 1375/1/1232
f 1375/1/1233 1371/1/1233 1369/1/1233 1373/1/1233
f 1378/1/1234 1374/1/1234 1376/1/1234 1380/1/1234
f 1380/1/1235 1376/1/1235 1375/1/1235 1379/1/1235
f 1379/1/1236 1375/1/1236 1373/1/1236 1377/1/1236
f 1382/1/1237 1378/1/1237 1380/1/1237 1384/1/1237
f 1384/1/1238 1380/1/1238 1379/1/1238 1383/1/1238
f 1383/1/1239 1379/1/1239 1377/1/1239 1381/1/1239
f 1386/1/1240 1382/1/1240 1384/1/1240 1388/1/1240
f 1388/1/1241 1384/1/1241 1383/1/1241 1387/1/1241
f 1387/1/1242 1383/1/1242 1381/1/1242 1385/1/1242
f 1390/1/1243 1386/1/1243 1388/1/1243 1392/1/1243
f 1392/1/1244 1388/1/1244 1387/1/1244 1391/1/1244
f 1391/1/1245 1387/1/1245 1385/1/1245 1389/1/1245
f 1141/1/1246 1390/1/1246 1392/1/1246 1143/1/1246
f 1143/1/1247 1392/1/1247 1391/1/1247 1144/1/1247
f 1144/1/1248 1391/1/1248 1389/1/1248 1142/1/1248
f 882/1/1249 885/1/1249 887/1/1249 884/1/1249
f 884/1/1250 887/1/1250 888/1/1250 883/1/1250
f 883/1/1251 888/1/1251 886/1/1251 881/1/1251
f 890/1/1252 882/1/1252 884/1/1252 892/1/1252
f 892/1/1253 884/1/1253 883/1/1253 891/1/1253
f 891/1/1254 883/1/1254 881/1/1254 889/1/1254
f 894/1/1255 890/1/1255 892/1/1255 896/1/1255
f 896/1/1256 892/1/1256 891/1/1256 895/1/1256
f 895/1/1257 891/1/1257 889/1/1257 893/1/1257
f 898/1/1258 894/1/1258 896/1/1258 900/1/1258
f 900/1/1259 896/1/1260 895/1/1260 899/1/1259
f 899/1/1261 895/1/1261 893/1/1261 897/1/1261
f 902/1/1262 898/1/1262 900/1/1262 904/1/1262
f 904/1/1263 900/1/1264 899/1/1264 903/1/1264
f 903/1/1265 899/1/1265 897/1/1265 901/1/1265
f 906/1/1266 902/1/1266 904/1/1266 908/1/1266
f 908/1/1267 904/1/1268 903/1/1268 907/1/1269
f 907/1/1270 903/1/1270 901/1/1270 905/1/1270
f 910/1/1271 906/1/1272 908/1/1272 912/1/1272
f 912/1/1273 908/1/1274 907/1/1275 911/1/1275
f 911/1/1276 907/1/1276 905/1/1276 909/1/1277
f 914/1/1278 910/1/1278 912/1/1278 916/1/1279
f 916/1/1280 912/1/1281 911/1/1281 915/1/1281
f 915/1/1282 911/1/1282 909/1/1282 913/1/1282
f 918/1/1283 914/1/1283 916/1/1283 920/1/1283
f 920/1/1284 916/1/1284 915/1/1284 919/1/1284
f 919/1/1285 915/1/1285 913/1/1285 917/1/1285
f 922/1/1286 918/1/1286 920/1/1286 924/1/1286
f 924/1/1287 920/1/1287 919/1/1287 923/1/1287
f 923/1/1288 919/1/1288 917/1/1288 921/1/1288
f 926/1/1289 922/1/1290 924/1/1291 928/1/1291
f 928/1/1292 924/1/1293 923/1/1292 927/1/1292
f 927/1/1294 923/1/1294 921/1/1294 925/1/1294
f 930/1/1295 926/1/1295 928/1/1295 932/1/1295
f 932/1/1296 928/1/1296 927/1/1296 931/1/1296
f 931/1/1297 927/1/1297 925/1/1297 929/1/1297
f 934/1/1298 930/1/1298 932/1/1298 936/1/1299
f 936/1/1300 932/1/1300 931/1/1300 935/1/1300
f 935/1/1301 931/1/1301 929/1/1301 933/1/1301
f 938/1/1302 934/1/1302 936/1/1303 940/1/1303
f 940/1/1304 936/1/1304 935/1/1304 939/1/1304
f 939/1/1305 935/1/1305 933/1/1305 937/1/1305
f 942/1/1306 938/1/1307 940/1/1306 944/1/1306
f 944/1/1308 940/1/1308 939/1/1308 943/1/1308
f 943/1/1309 939/1/1309 937/1/1309 941/1/1309
f 946/1/1310 942/1/1310 944/1/1310 948/1/1310
f 948/1/1311 944/1/1311 943/1/1311 947/1/1311
f 947/1/1312 943/1/1312 941/1/1312 945/1/1312
f 950/1/1313 946/1/1313 948/1/1313 952/1/1314
f 952/1/1315 948/1/1315 947/1/1315 951/1/1315
f 951/1/1316 947/1/1316 945/1/1316 949/1/1317
f 954/1/1318 950/1/1319 952/1/1318 956/1/1319
f 956/1/1320 952/1/1320 951/1/1320 955/1/1320
f 955/1/1321 951/1/1321 949/1/1321 953/1/1321
f 958/1/1322 954/1/1323 956/1/1323 960/1/1322
f 960/1/1324 956/1/1325 955/1/1325 959/1/1324
f 959/1/1326 955/1/1326 953/1/1326 957/1/1326
f 962/1/1327 958/1/1327 960/1/1327 964/1/1327
f 964/1/1328 960/1/1328 959/1/1329 963/1/1330
f 963/1/1331 959/1/1331 957/1/1331 961/1/1331
f 966/1/1332 962/1/1332 964/1/1332 968/1/1332
f 968/1/464 964/1/1333 963/1/464 967/1/464
f 967/1/1334 963/1/1334 961/1/1334 965/1/1334
f 970/1/1335 966/1/1335 968/1/1335 972/1/1335
f 972/1/1336 968/1/1336 967/1/1337 971/1/1336
f 971/1/1338 967/1/1338 965/1/1338 969/1/1338
f 974/1/1339 970/1/1339 972/1/1339 976/1/1339
f 976/1/1340 972/1/1340 971/1/1340 975/1/1340
f 975/1/1341 971/1/1341 969/1/1341 973/1/1341
f 978/1/1342 974/1/1342 976/1/1342 980/1/1342
f 980/1/1343 976/1/1343 975/1/1344 979/1/1343
f 979/1/1345 975/1/1345 973/1/1345 977/1/1345
f 982/1/1346 978/1/1346 980/1/1346 984/1/1346
f 984/1/1347 980/1/1347 979/1/1347 983/1/1347
f 983/1/1348 979/1/1348 977/1/1348 981/1/1348
f 986/1/1349 982/1/1349 984/1/1349 988/1/1349
f 988/1/1350 984/1/1350 983/1/1351 987/1/1351
f 987/1/1352 983/1/1352 981/1/1352 985/1/1352
f 990/1/1353 986/1/1353 988/1/1353 992/1/1353
f 992/1/1354 988/1/1355 987/1/1354 991/1/1355
f 991/1/1356 987/1/1356 985/1/1356 989/1/1356
f 994/1/1357 990/1/1357 992/1/1357 996/1/1357
f 996/1/1358 992/1/1358 991/1/1358 995/1/1358
f 995/1/1359 991/1/1360 989/1/1361 993/1/1359
f 998/1/1362 994/1/1362 996/1/1362 1000/1/1362
f 1000/1/1363 996/1/1363 995/1/1363 999/1/1364
f 999/1/1365 995/1/1365 993/1/1365 997/1/1365
f 1002/1/1366 998/1/1366 1000/1/1366 1004/1/1366
f 1004/1/1367 1000/1/1367 999/1/1367 1003/1/1367
f 1003/1/1368 999/1/1368 997/1/1368 1001/1/1368
f 1006/1/1369 1002/1/1369 1004/1/1369 1008/1/1369
f 1008/1/1370 1004/1/1370 1003/1/1370 1007/1/1370
f 1007/1/1371 1003/1/1371 1001/1/1371 1005/1/1371
f 1010/1/1372 1006/1/1372 1008/1/1372 1012/1/1372
f 1012/1/1373 1008/1/1373 1007/1/1373 1011/1/1373
f 1011/1/1374 1007/1/1374 1005/1/1374 1009/1/1374
f 1014/1/1375 1010/1/1375 1012/1/1375 1016/1/1375
f 1016/1/1376 1012/1/1377 1011/1/1377 1015/1/1377
f 1015/1/1378 1011/1/1378 1009/1/1378 1013/1/1378
f 1018/1/1379 1014/1/1379 1016/1/1379 1020/1/1379
f 1020/1/1380 1016/1/1380 1015/1/1380 1019/1/1380
f 1019/1/1381 1015/1/1381 1013/1/1381 1017/1/1381
f 1022/1/1382 1018/1/1382 1020/1/1382 1024/1/1382
f 1024/1/1383 1020/1/1384 1019/1/1383 1023/1/1383
f 1023/1/1385 1019/1/1385 1017/1/1385 1021/1/1385
f 1026/1/1386 1022/1/1386 1024/1/1386 1028/1/1386
f 1028/1/1387 1024/1/1387 1023/1/1387 1027/1/1387
f 1027/1/1388 1023/1/1388 1021/1/1388 1025/1/1388
f 1030/1/1389 1026/1/1389 1028/1/1389 1032/1/1389
f 1032/1/515 1028/1/515 1027/1/515 1031/1/515
f 1031/1/1390 1027/1/1390 1025/1/1390 1029/1/1390
f 1034/1/1391 1030/1/1391 1032/1/1391 1036/1/1391
f 1036/1/1392 1032/1/1392 1031/1/1392 1035/1/1392
f 1035/1/1393 1031/1/1393 1029/1/1393 1033/1/1393
f 1038/1/381 1034/1/1394 1036/1/381 1040/1/1394
f 1040/1/1395 1036/1/1395 1035/1/1395 1039/1/1395
f 1039/1/1396 1035/1/1396 1033/1/1396 1037/1/1396
f 1042/1/1397 1038/1/1398 1040/1/1399 1044/1/1398
f 1044/1/1400 1040/1/1400 1039/1/1400 1043/1/1400
f 1043/1/1401 1039/1/1401 1037/1/1401 1041/1/1401
f 1046/1/1402 1042/1/1402 1044/1/1403 1048/1/1403
f 1048/1/1404 1044/1/1404 1043/1/1404 1047/1/1404
f 1047/1/1405 1043/1/1405 1041/1/1405 1045/1/1405
f 1050/1/1406 1046/1/1406 1048/1/1407 1052/1/1407
f 1052/1/1408 1048/1/1409 1047/1/1409 1051/1/1410
f 1051/1/1411 1047/1/1411 1045/1/1411 1049/1/1411
f 1054/1/1412 1050/1/1412 1052/1/1412 1056/1/1412
f 1056/1/1413 1052/1/1413 1051/1/1413 1055/1/1413
f 1055/1/1414 1051/1/1414 1049/1/1414 1053/1/1414
f 1058/1/383 1054/1/1415 1056/1/1416 1060/1/1417
f 1060/1/1418 1056/1/1418 1055/1/1418 1059/1/1418
f 1059/1/1419 1055/1/1419 1053/1/1419 1057/1/1419
f 1062/1/1420 1058/1/1421 1060/1/1420 1064/1/1420
f 1064/1/1422 1060/1/1422 1059/1/1422 1063/1/1423
f 1063/1/1424 1059/1/1424 1057/1/1424 1061/1/1424
f 1066/1/1425 1062/1/1425 1064/1/1425 1068/1/1425
f 1068/1/1426 1064/1/1426 1063/1/1426 1067/1/1426
f 1067/1/1427 1063/1/1427 1061/1/1427 1065/1/1427
f 1070/1/1428 1066/1/1428 1068/1/1428 1072/1/1428
f 1072/1/1429 1068/1/1429 1067/1/1429 1071/1/1429
f 1071/1/1430 1067/1/1430 1065/1/1430 1069/1/1430
f 1074/1/1431 1070/1/1431 1072/1/1431 1076/1/1431
f 1076/1/1432 1072/1/1433 1071/1/1434 1075/1/1432
f 1075/1/1435 1071/1/1435 1069/1/1435 1073/1/1436
f 1078/1/1437 1074/1/1437 1076/1/1437 1080/1/1437
f 1080/1/1438 1076/1/1438 1075/1/1438 1079/1/1438
f 1079/1/1439 1075/1/1439 1073/1/1439 1077/1/1439
f 1082/1/1440 1078/1/1440 1080/1/1440 1084/1/1440
f 1084/1/1441 1080/1/1441 1079/1/1441 1083/1/1441
f 1083/1/1442 1079/1/1442 1077/1/1442 1081/1/1442
f 1086/1/1443 1082/1/1444 1084/1/1443 1088/1/1443
f 1088/1/1445 1084/1/1445 1083/1/1445 1087/1/1445
f 1087/1/1446 1083/1/1446 1081/1/1446 1085/1/1446
f 1090/1/1447 1086/1/1447 1088/1/1447 1092/1/1447
f 1092/1/1448 1088/1/1448 1087/1/1448 1091/1/1448
f 1091/1/1449 1087/1/1449 1085/1/1449 1089/1/1449
f 1094/1/1450 1090/1/1450 1092/1/1451 1096/1/1450
f 1096/1/1452 1092/1/1452 1091/1/1452 1095/1/1452
f 1095/1/1453 1091/1/1453 1089/1/1453 1093/1/1453
f 1098/1/1454 1094/1/1454 1096/1/1454 1100/1/1454
f 1100/1/1455 1096/1/1455 1095/1/1455 1099/1/1455
f 1099/1/1456 1095/1/1456 1093/1/1456 1097/1/1456
f 1102/1/575 1098/1/575 1100/1/575 1104/1/1457
f 1104/1/1458 1100/1/1458 1099/1/1458 1103/1/1458
f 1103/1/1459 1099/1/1459 1097/1/1459 1101/1/1459
f 1106/1/1460 1102/1/1460 1104/1/1460 1108/1/1460
f 1108/1/1461 1104/1/1461 1103/1/1461 1107/1/1461
f 1107/1/1462 1103/1/1462 1101/1/1462 1105/1/1462
f 1110/1/1463 1106/1/1463 1108/1/1464 1112/1/1465
f 1112/1/1466 1108/1/1466 1107/1/1466 1111/1/1466
f 1111/1/1467 1107/1/1467 1105/1/1467 1109/1/1467
f 1114/1/1468 1110/1/1469 1112/1/1469 1116/1/1469
f 1116/1/1470 1112/1/1470 1111/1/1470 1115/1/1470
f 1115/1/1471 1111/1/1471 1109/1/1471 1113/1/1471
f 1118/1/1472 1114/1/1473 1116/1/1472 1120/1/1473
f 1120/1/1474 1116/1/1474 1115/1/1474 1119/1/1474
f 1119/1/1475 1115/1/1475 1113/1/1475 1117/1/1475
f 1122/1/1476 1118/1/1476 1120/1/1476 1124/1/1476
f 1124/1/1477 1120/1/1477 1119/1/1477 1123/1/1477
f 1123/1/1478 1119/1/1478 1117/1/1478 1121/1/1478
f 1126/1/1479 1122/1/1480 1124/1/1480 1128/1/1480
f 1128/1/1481 1124/1/1481 1123/1/1481 1127/1/1481
f 1127/1/1482 1123/1/1482 1121/1/1482 1125/1/1482
f 1130/1/1483 1126/1/1483 1128/1/1483 1132/1/1483
f 1132/1/1484 1128/1/1484 1127/1/1484 1131/1/1484
f 1131/1/1485 1127/1/1485 1125/1/1485 1129/1/1485
f 1134/1/1486 1130/1/1486 1132/1/1486 1136/1/1486
f 1136/1/1487 1132/1/1487 1131/1/1487 1135/1/1487
f 1135/1/1488 1131/1/1488 1129/1/1488 1133/1/1488
f 885/1/1489 1134/1/1489 1136/1/1489 887/1/1489
f 887/1/1490 1136/1/1490 1135/1/1490 888/1/1490
f 888/1/1491 1135/1/1491 1133/1/1491 886/1/1491
f 1394/1/1492 1397/1/1492 1399/1/1492 1396/1/1492
f 1396/1/1493 1399/1/1494 1400/1/1494 1395/1/1493
f 1395/1/1495 1400/1/1495 1398/1/1495 1393/1/1495
f 1402/1/1496 1394/1/1496 1396/1/1496 1404/1/1496
f 1404/1/1497 1396/1/1497 1395/1/1497 1403/1/1497
f 1403/1/1498 1395/1/1498 1393/1/1498 1401/1/1498
f 1406/1/1257 1402/1/1257 1404/1/1257 1408/1/1257
f 1408/1/1499 1404/1/1499 1403/1/1499 1407/1/1499
f 1407/1/1500 1403/1/1500 1401/1/1500 1405/1/1500
f 1410/1/1501 1406/1/1502 1408/1/1503 1412/1/1502
f 1412/1/1504 1408/1/1504 1407/1/1504 1411/1/1504
f 1411/1/1505 1407/1/1505 1405/1/1505 1409/1/1505
f 1414/1/1506 1410/1/1506 1412/1/1506 1416/1/1506
f 1416/1/1507 1412/1/1507 1411/1/1507 1415/1/1507
f 1415/1/1508 1411/1/1508 1409/1/1508 1413/1/1508
f 1418/1/416 1414/1/416 1416/1/416 1420/1/416
f 1420/1/1509 1416/1/1509 1415/1/1509 1419/1/1509
f 1419/1/1510 1415/1/1510 1413/1/1510 1417/1/1510
f 1422/1/1511 1418/1/1511 1420/1/1511 1424/1/1511
f 1424/1/1512 1420/1/1512 1419/1/1512 1423/1/1512
f 1423/1/1513 1419/1/1513 1417/1/1513 1421/1/1513
f 1426/1/1514 1422/1/1514 1424/1/1514 1428/1/1514
f 1428/1/1515 1424/1/1515 1423/1/1515 1427/1/1515
f 1427/1/1516 1423/1/1516 1421/1/1516 1425/1/1516
f 1430/1/1517 1426/1/1518 1428/1/1519 1432/1/1520
f 1432/1/1521 1428/1/1521 1427/1/1521 1431/1/1521
f 1431/1/1522 1427/1/1522 1425/1/1522 1429/1/1522
f 1434/1/1523 1430/1/1523 1432/1/1523 1436/1/1523
f 1436/1/1524 1432/1/1525 1431/1/1526 1435/1/1526
f 1435/1/1527 1431/1/1527 1429/1/1527 1433/1/1527
f 1438/1/1528 1434/1/1528 1436/1/1528 1440/1/1528
f 1440/1/1529 1436/1/1529 1435/1/1529 1439/1/1529
f 1439/1/1530 1435/1/1530 1433/1/1531 1437/1/1530
f 1442/1/1532 1438/1/1532 1440/1/1532 1444/1/1532
f 1444/1/1533 1440/1/1533 1439/1/1533 1443/1/1533
f 1443/1/1534 1439/1/1534 1437/1/1534 1441/1/1534
f 1446/1/1535 1442/1/1535 1444/1/1535 1448/1/1535
f 1448/1/1536 1444/1/1536 1443/1/1536 1447/1/1536
f 1447/1/441 1443/1/441 1441/1/441 1445/1/441
f 1450/1/1537 1446/1/1537 1448/1/1537 1452/1/1537
f 1452/1/1538 1448/1/1538 1447/1/1538 1451/1/1538
f 1451/1/1539 1447/1/1539 1445/1/1539 1449/1/1539
f 1454/1/1540 1450/1/1540 1452/1/1540 1456/1/1540
f 1456/1/1541 1452/1/1541 1451/1/1541 1455/1/1541
f 1455/1/1542 1451/1/1542 1449/1/1542 1453/1/1542
f 1458/1/1543 1454/1/1543 1456/1/1543 1460/1/1543
f 1460/1/1544 1456/1/1544 1455/1/1544 1459/1/1544
f 1459/1/1545 1455/1/1545 1453/1/1545 1457/1/1545
f 1462/1/1546 1458/1/1546 1460/1/1546 1464/1/1546
f 1464/1/1547 1460/1/1547 1459/1/1547 1463/1/1547
f 1463/1/1548 1459/1/1313 1457/1/1313 1461/1/1548
f 1466/1/1549 1462/1/1549 1464/1/1549 1468/1/1549
f 1468/1/1550 1464/1/1550 1463/1/1550 1467/1/1550
f 1467/1/1551 1463/1/1551 1461/1/1551 1465/1/1551
f 1470/1/1552 1466/1/1552 1468/1/1552 1472/1/1553
f 1472/1/1554 1468/1/1554 1467/1/1554 1471/1/1554
f 1471/1/1555 1467/1/1555 1465/1/1555 1469/1/1555
f 1474/1/1556 1470/1/1556 1472/1/1557 1476/1/1556
f 1476/1/1558 1472/1/1558 1471/1/1558 1475/1/1558
f 1475/1/1559 1471/1/1559 1469/1/1559 1473/1/1559
f 1478/1/1560 1474/1/1560 1476/1/1560 1480/1/1560
f 1480/1/464 1476/1/464 1475/1/464 1479/1/464
f 1479/1/1561 1475/1/1561 1473/1/1561 1477/1/1561
f 1482/1/1562 1478/1/1562 1480/1/1562 1484/1/1562
f 1484/1/1563 1480/1/1563 1479/1/1563 1483/1/1563
f 1483/1/1564 1479/1/1564 1477/1/1564 1481/1/1564
f 1486/1/1565 1482/1/1565 1484/1/1565 1488/1/1565
f 1488/1/1566 1484/1/1566 1483/1/1566 1487/1/1566
f 1487/1/1567 1483/1/1567 1481/1/1567 1485/1/1567
f 1490/1/1568 1486/1/1568 1488/1/1569 1492/1/1345
f 1492/1/1570 1488/1/1570 1487/1/1570 1491/1/1570
f 1491/1/1571 1487/1/1571 1485/1/1571 1489/1/1571
f 1494/1/1572 1490/1/1572 1492/1/1572 1496/1/1572
f 1496/1/1573 1492/1/1573 1491/1/1573 1495/1/1573
f 1495/1/1574 1491/1/1574 1489/1/1574 1493/1/1574
f 1498/1/1575 1494/1/1576 1496/1/1576 1500/1/1576
f 1500/1/1350 1496/1/1577 1495/1/1350 1499/1/1578
f 1499/1/1349 1495/1/1349 1493/1/1349 1497/1/1349
f 1502/1/1579 1498/1/1579 1500/1/1579 1504/1/1580
f 1504/1/1581 1500/1/1581 1499/1/1581 1503/1/1581
f 1503/1/1582 1499/1/1582 1497/1/1582 1501/1/1582
f 1506/1/1583 1502/1/1583 1504/1/1583 1508/1/1583
f 1508/1/1584 1504/1/1584 1503/1/1584 1507/1/1584
f 1507/1/1585 1503/1/1585 1501/1/1585 1505/1/1585
f 1510/1/1586 1506/1/1586 1508/1/1586 1512/1/1586
f 1512/1/1587 1508/1/1587 1507/1/1587 1511/1/1587
f 1511/1/1588 1507/1/1589 1505/1/1589 1509/1/1589
f 1514/1/1590 1510/1/1591 1512/1/1590 1516/1/1592
f 1516/1/1593 1512/1/1593 1511/1/1593 1515/1/1593
f 1515/1/1594 1511/1/1594 1509/1/1594 1513/1/1594
f 1518/1/1595 1514/1/1595 1516/1/1595 1520/1/495
f 1520/1/1596 1516/1/1596 1515/1/1596 1519/1/1596
f 1519/1/1597 1515/1/1597 1513/1/1597 1517/1/1597
f 1522/1/1598 1518/1/1598 1520/1/1598 1524/1/1598
f 1524/1/1599 1520/1/1599 1519/1/1599 1523/1/1599
f 1523/1/1600 1519/1/1600 1517/1/1600 1521/1/1600
f 1526/1/1601 1522/1/1601 1524/1/1601 1528/1/1601
f 1528/1/1602 1524/1/1602 1523/1/1602 1527/1/1602
f 1527/1/1603 1523/1/1603 1521/1/1603 1525/1/1603
f 1530/1/1604 1526/1/1604 1528/1/1604 1532/1/1604
f 1532/1/505 1528/1/505 1527/1/505 1531/1/505
f 1531/1/1605 1527/1/1605 1525/1/1605 1529/1/1605
f 1534/1/1606 1530/1/1606 1532/1/1606 1536/1/1606
f 1536/1/1607 1532/1/1608 1531/1/1609 1535/1/1608
f 1535/1/1610 1531/1/1610 1529/1/1610 1533/1/1610
f 1538/1/1611 1534/1/1611 1536/1/1611 1540/1/1611
f 1540/1/1612 1536/1/1613 1535/1/1614 1539/1/1615
f 1539/1/1616 1535/1/1616 1533/1/1617 1537/1/1616
f 1542/1/1618 1538/1/1618 1540/1/1618 1544/1/1618
f 1544/1/1619 1540/1/1619 1539/1/1619 1543/1/1619
f 1543/1/1620 1539/1/1620 1537/1/1620 1541/1/1620
f 1546/1/1621 1542/1/1621 1544/1/1621 1548/1/1621
f 1548/1/1622 1544/1/1622 1543/1/1622 1547/1/1622
f 1547/1/1623 1543/1/1623 1541/1/1623 1545/1/1623
f 1550/1/1624 1546/1/1624 1548/1/1624 1552/1/1624
f 1552/1/1625 1548/1/1625 1547/1/1625 1551/1/521
f 1551/1/1626 1547/1/1626 1545/1/1626 1549/1/1626
f 1554/1/1627 1550/1/1627 1552/1/1627 1556/1/1627
f 1556/1/1628 1552/1/1628 1551/1/1628 1555/1/1628
f 1555/1/1629 1551/1/1630 1549/1/1629 1553/1/1630
f 1558/1/1631 1554/1/1631 1556/1/1631 1560/1/1631
f 1560/1/1632 1556/1/1632 1555/1/1632 1559/1/1632
f 1559/1/1633 1555/1/1633 1553/1/1633 1557/1/1633
f 1562/1/1634 1558/1/1634 1560/1/1634 1564/1/1634
f 1564/1/1635 1560/1/1635 1559/1/1635 1563/1/1635
f 1563/1/1636 1559/1/1636 1557/1/1636 1561/1/1636
f 1566/1/1637 1562/1/1638 1564/1/1637 1568/1/1638
f 1568/1/1639 1564/1/1639 1563/1/1639 1567/1/1639
f 1567/1/1640 1563/1/1640 1561/1/1640 1565/1/1640
f 1570/1/1641 1566/1/1641 1568/1/1641 1572/1/1641
f 1572/1/1642 1568/1/1642 1567/1/1642 1571/1/1642
f 1571/1/1643 1567/1/1643 1565/1/1643 1569/1/1643
f 1574/1/1644 1570/1/1644 1572/1/1644 1576/1/1644
f 1576/1/1645 1572/1/1645 1571/1/1645 1575/1/1645
f 1575/1/1646 1571/1/1646 1569/1/1646 1573/1/1646
f 1578/1/1647 1574/1/1647 1576/1/1647 1580/1/1647
f 1580/1/1648 1576/1/1649 1575/1/1648 1579/1/1648
f 1579/1/1650 1575/1/1650 1573/1/1650 1577/1/1650
f 1582/1/1651 1578/1/1651 1580/1/1651 1584/1/1651
f 1584/1/1652 1580/1/1652 1579/1/1652 1583/1/1653
f 1583/1/1654 1579/1/1654 1577/1/1654 1581/1/1654
f 1586/1/1655 1582/1/1655 1584/1/1656 1588/1/1656
f 1588/1/1657 1584/1/1657 1583/1/1657 1587/1/1657
f 1587/1/1658 1583/1/1658 1581/1/1658 1585/1/1658
f 1590/1/1659 1586/1/1659 1588/1/1659 1592/1/1659
f 1592/1/1660 1588/1/1660 1587/1/1660 1591/1/1660
f 1591/1/553 1587/1/553 1585/1/553 1589/1/553
f 1594/1/1661 1590/1/1661 1592/1/1661 1596/1/1661
f 1596/1/1662 1592/1/1662 1591/1/1662 1595/1/1662
f 1595/1/1663 1591/1/1663 1589/1/1663 1593/1/1663
f 1598/1/1664 1594/1/1664 1596/1/1664 1600/1/1664
f 1600/1/1665 1596/1/1665 1595/1/1665 1599/1/1665
f 1599/1/1666 1595/1/1666 1593/1/1666 1597/1/1666
f 1602/1/1667 1598/1/1667 1600/1/1667 1604/1/1667
f 1604/1/1668 1600/1/1668 1599/1/1668 1603/1/1668
f 1603/1/562 1599/1/562 1597/1/562 1601/1/562
f 1606/1/1669 1602/1/1669 1604/1/1669 1608/1/1669
f 1608/1/1670 1604/1/1670 1603/1/1670 1607/1/1670
f 1607/1/1671 1603/1/1671 1601/1/1671 1605/1/1671
f 1610/1/1672 1606/1/1672 1608/1/1672 1612/1/1672
f 1612/1/1673 1608/1/1674 1607/1/1673 1611/1/1674
f 1611/1/1675 1607/1/1675 1605/1/1675 1609/1/1675
f 1614/1/1676 1610/1/1676 1612/1/1676 1616/1/1676
f 1616/1/1677 1612/1/1677 1611/1/1678 1615/1/1678
f 1615/1/1679 1611/1/1679 1609/1/1679 1613/1/1679
f 1618/1/1680 1614/1/1680 1616/1/1680 1620/1/1680
f 1620/1/1681 1616/1/1681 1615/1/1681 1619/1/1681
f 1619/1/578 1615/1/578 1613/1/578 1617/1/578
f 1622/1/1682 1618/1/1682 1620/1/1682 1624/1/1682
f 1624/1/1683 1620/1/1683 1619/1/1683 1623/1/1683
f 1623/1/581 1619/1/581 1617/1/581 1621/1/581
f 1626/1/1684 1622/1/1684 1624/1/1684 1628/1/1684
f 1628/1/1685 1624/1/1685 1623/1/1685 1627/1/1685
f 1627/1/1686 1623/1/1686 1621/1/1686 1625/1/1686
f 1630/1/1687 1626/1/1687 1628/1/1687 1632/1/1687
f 1632/1/1688 1628/1/1688 1627/1/1688 1631/1/1688
f 1631/1/1689 1627/1/1689 1625/1/1689 1629/1/1689
f 1634/1/1690 1630/1/1690 1632/1/1690 1636/1/1690
f 1636/1/1691 1632/1/1691 1631/1/1691 1635/1/1691
f 1635/1/1692 1631/1/1692 1629/1/1692 1633/1/1692
f 1638/1/1693 1634/1/1693 1636/1/1693 1640/1/1693
f 1640/1/1694 1636/1/1694 1635/1/1694 1639/1/1694
f 1639/1/1695 1635/1/1696 1633/1/1696 1637/1/1696
f 1642/1/1697 1638/1/1698 1640/1/1697 1644/1/1697
f 1644/1/1699 1640/1/1699 1639/1/1699 1643/1/1699
f 1643/1/1700 1639/1/1700 1637/1/1700 1641/1/1700
f 1646/1/1701 1642/1/1701 1644/1/1701 1648/1/1701
f 1648/1/1702 1644/1/1702 1643/1/1702 1647/1/1702
f 1647/1/1703 1643/1/1703 1641/1/1703 1645/1/1703
f 1397/1/1704 1646/1/1705 1648/1/1704 1399/1/1705
f 1399/1/1706 1648/1/1706 1647/1/1706 1400/1/1706
f 1400/1/1707 1647/1/1707 1645/1/1707 1398/1/1707
f 2205/1/2005 2455/2/2005 2895/3/2005 2456/4/2005
f 2455/2/2005 2207/5/2005 2458/6/2005 2895/3/2005
f 2895/3/2005 2458/6/2005 2208/7/2005 2457/8/2005
f 2456/4/2005 2895/3/2005 2457/8/2005 2206/9/2005
f 2215/8/2006 2461/10/2006 2896/11/2006 2496/8/2006
f 2461/10/2007 2212/12/2007 2495/13/2007 2896/11/2007
f 2896/11/2008 2495/13/2008 2227/14/2008 2488/15/2008
f 2496/8/2009 2896/11/2009 2488/15/2009 2226/8/2009
f 2206/16/2010 2457/17/2010 2897/18/2010 2464/19/2010
f 2208/7/2011 2463/20/2011 2897/18/2011 2457/17/2011
f 2212/12/2012 2461/10/2012 2897/18/2012 2463/20/2012
f 2215/8/2013 2469/21/2013 2897/18/2013 2461/10/2013
f 2211/22/2014 2464/19/2014 2897/18/2014 2469/21/2014
f 2207/5/2015 2455/23/2015 2898/24/2015 2466/25/2015
f 2205/26/2016 2465/27/2016 2898/24/2016 2455/23/2016
f 2210/28/2017 2459/29/2017 2898/24/2017 2465/27/2017
f 2213/2/2018 2467/30/2018 2898/24/2018 2459/29/2018
f 2209/31/2019 2466/25/2019 2898/24/2019 2467/30/2019
f 2208/7/2020 2458/6/2020 2899/6/2020 2463/20/2020
f 2207/5/2020 2466/25/2020 2899/6/2020 2458/6/2020
f 2209/31/2020 2462/32/2020 2899/6/2020 2466/25/2020
f 2216/6/2020 2470/33/2020 2899/6/2020 2462/32/2020
f 2212/12/2020 2463/20/2020 2899/6/2020 2470/33/2020
f 2205/26/2021 2456/34/2021 2900/35/2021 2465/27/2021
f 2206/16/2022 2464/19/2022 2900/35/2022 2456/34/2022
f 2211/22/2023 2460/36/2023 2900/35/2023 2464/19/2023
f 2214/4/2024 2468/37/2024 2900/35/2024 2460/36/2024
f 2210/28/2025 2465/27/2025 2900/35/2025 2468/37/2025
f 2213/2/2026 2459/29/2026 2901/38/2026 2484/2/2026
f 2459/29/2027 2210/28/2027 2483/39/2027 2901/38/2027
f 2901/38/2028 2483/39/2028 2219/40/2028 2475/41/2028
f 2484/2/2029 2901/38/2029 2475/41/2029 2218/2/2029
f 2214/4/2030 2472/42/2030 2902/43/2030 2482/44/2030
f 2472/42/2031 2217/3/2031 2473/3/2031 2902/43/2031
f 2902/43/2032 2473/3/2032 2223/3/2032 2480/45/2032
f 2482/44/2033 2902/43/2033 2480/45/2033 2222/46/2033
f 2217/3/2034 2472/42/2034 2903/47/2034 2494/3/2034
f 2472/42/2035 2214/4/2035 2474/48/2035 2903/47/2035
f 2903/47/2036 2474/48/2036 2224/49/2036 2492/50/2036
f 2494/3/2037 2903/47/2037 2492/50/2037 2229/3/2037
f 2218/2/2038 2481/51/2038 2904/52/2038 2477/53/2038
f 2481/51/2038 2223/3/2038 2479/54/2038 2904/52/2038
f 2904/52/2038 2479/54/2038 2220/55/2039 2476/56/2038
f 2477/53/2038 2904/52/2038 2476/56/2038 2221/57/2038
f 2219/40/2038 2478/58/2038 2905/59/2038 2475/41/2038
f 2478/58/2038 2222/46/2038 2480/45/2038 2905/59/2038
f 2905/59/2038 2480/45/2038 2223/3/2038 2481/51/2038
f 2475/41/2038 2905/59/2038 2481/51/2038 2218/2/2038
f 2210/28/2040 2468/37/2040 2906/60/2040 2483/39/2040
f 2468/37/2041 2214/4/2041 2482/44/2041 2906/60/2041
f 2906/60/2042 2482/44/2042 2222/46/2042 2478/58/2042
f 2483/39/2043 2906/60/2043 2478/58/2043 2219/40/2043
f 2216/6/2044 2462/32/2044 2907/61/2044 2486/62/2044
f 2462/32/2045 2209/31/2045 2485/63/2045 2907/61/2045
f 2907/61/2046 2485/63/2046 2221/57/2046 2476/56/2046
f 2486/62/2047 2907/61/2047 2476/56/2047 2220/55/2047
f 2217/3/2048 2471/64/2048 2908/65/2048 2473/3/2048
f 2471/64/2049 2216/6/2049 2486/62/2049 2908/65/2049
f 2908/65/2050 2486/62/2050 2220/55/2050 2479/54/2050
f 2473/3/2051 2908/65/2051 2479/54/2051 2223/3/2051
f 2209/31/2052 2467/30/2052 2909/66/2052 2485/63/2052
f 2467/30/2053 2213/2/2053 2484/2/2053 2909/66/2053
f 2909/66/2054 2484/2/2054 2218/2/2054 2477/53/2054
f 2485/63/2055 2909/66/2055 2477/53/2055 2221/57/2055
f 2229/3/2038 2493/67/2038 2910/68/2038 2491/69/2038
f 2493/67/2038 2226/8/2038 2488/15/2038 2910/68/2038
f 2910/68/2038 2488/15/2038 2227/14/2056 2490/70/2038
f 2491/69/2038 2910/68/2038 2490/70/2038 2228/71/2038
f 2224/49/2038 2487/72/2038 2911/73/2038 2492/50/2038
f 2487/72/2038 2225/74/2038 2489/75/2038 2911/73/2038
f 2911/73/2038 2489/75/2038 2226/8/2038 2493/67/2038
f 2492/50/2038 2911/73/2038 2493/67/2038 2229/3/2038
f 2212/12/2057 2470/33/2057 2912/76/2057 2495/13/2057
f 2470/33/2058 2216/6/2058 2497/77/2058 2912/76/2058
f 2912/76/2059 2497/77/2059 2228/71/2059 2490/70/2059
f 2495/13/2060 2912/76/2060 2490/70/2060 2227/14/2060
f 2216/6/2061 2471/64/2061 2913/78/2061 2497/77/2061
f 2471/64/2062 2217/3/2062 2494/3/2062 2913/78/2062
f 2913/78/2063 2494/3/2063 2229/3/2063 2491/69/2063
f 2497/77/2064 2913/78/2064 2491/69/2064 2228/71/2064
f 2214/4/2065 2460/36/2065 2914/79/2065 2474/48/2065
f 2460/36/2066 2211/22/2066 2498/80/2066 2914/79/2066
f 2914/79/2067 2498/80/2067 2225/74/2067 2487/72/2067
f 2474/48/2068 2914/79/2068 2487/72/2068 2224/49/2068
f 2211/22/2069 2469/21/2069 2915/81/2069 2498/80/2069
f 2469/21/2070 2215/8/2070 2496/8/2070 2915/81/2070
f 2915/81/2071 2496/8/2071 2226/8/2071 2489/75/2071
f 2498/80/2072 2915/81/2072 2489/75/2072 2225/74/2072
f 2230/1/2073 2499/2/2073 2916/3/2073 2500/4/2073
f 2499/2/2073 2232/5/2073 2502/6/2073 2916/3/2073
f 2916/3/2073 2502/6/2073 2233/7/2073 2501/8/2073
f 2500/4/2073 2916/3/2073 2501/8/2073 2231/9/2074
f 2240/8/2075 2505/10/2075 2917/11/2075 2540/8/2075
f 2505/10/2076 2237/12/2076 2539/13/2076 2917/11/2076
f 2917/11/2077 2539/13/2077 2252/14/2077 2532/15/2077
f 2540/8/2078 2917/11/2078 2532/15/2078 2251/8/2078
f 2231/16/2079 2501/17/2079 2918/18/2079 2508/19/2079
f 2233/7/2080 2507/20/2080 2918/18/2080 2501/17/2080
f 2237/12/2081 2505/10/2081 2918/18/2081 2507/20/2081
f 2240/8/2082 2513/21/2082 2918/18/2082 2505/10/2082
f 2236/22/2083 2508/19/2083 2918/18/2083 2513/21/2083
f 2232/5/2084 2499/23/2084 2919/24/2084 2510/25/2084
f 2230/26/2085 2509/27/2085 2919/24/2085 2499/23/2085
f 2235/28/2086 2503/29/2086 2919/24/2086 2509/27/2086
f 2238/2/2087 2511/30/2087 2919/24/2087 2503/29/2087
f 2234/31/2088 2510/25/2088 2919/24/2088 2511/30/2088
f 2233/7/2089 2502/6/2089 2920/6/2090 2507/20/2089
f 2232/5/2089 2510/25/2089 2920/6/2090 2502/6/2089
f 2234/31/2090 2506/32/2090 2920/6/2090 2510/25/2089
f 2241/6/2090 2514/33/2090 2920/6/2090 2506/32/2090
f 2237/12/2089 2507/20/2089 2920/6/2090 2514/33/2090
f 2230/26/2091 2500/34/2091 2921/35/2091 2509/27/2091
f 2231/16/2092 2508/19/2092 2921/35/2092 2500/34/2092
f 2236/22/2093 2504/36/2093 2921/35/2093 2508/19/2093
f 2239/4/2094 2512/37/2094 2921/35/2094 2504/36/2094
f 2235/28/2095 2509/27/2095 2921/35/2095 2512/37/2095
f 2238/2/2096 2503/29/2096 2922/38/2096 2528/2/2096
f 2503/29/2097 2235/28/2097 2527/39/2097 2922/38/2097
f 2922/38/2098 2527/39/2098 2244/40/2098 2519/41/2098
f 2528/2/2099 2922/38/2099 2519/41/2099 2243/2/2099
f 2239/4/2100 2516/42/2100 2923/43/2100 2526/44/2100
f 2516/42/2101 2242/3/2101 2517/3/2101 2923/43/2101
f 2923/43/2102 2517/3/2102 2248/3/2102 2524/45/2102
f 2526/44/2103 2923/43/2103 2524/45/2103 2247/46/2103
f 2242/3/2104 2516/42/2104 2924/47/2104 2538/3/2104
f 2516/42/2105 2239/4/2105 2518/48/2105 2924/47/2105
f 2924/47/2106 2518/48/2106 2249/49/2106 2536/50/2106
f 2538/3/2107 2924/47/2107 2536/50/2107 2254/3/2107
f 2243/2/2108 2525/51/2108 2925/52/2108 2521/53/2109
f 2525/51/2108 2248/3/2108 2523/54/2108 2925/52/2108
f 2925/52/2108 2523/54/2108 2245/55/2108 2520/56/2108
f 2521/53/2109 2925/52/2108 2520/56/2108 2246/57/2109
f 2244/40/2108 2522/58/2108 2926/59/2108 2519/41/2108
f 2522/58/2108 2247/46/2108 2524/45/2110 2926/59/2108
f 2926/59/2108 2524/45/2110 2248/3/2108 2525/51/2108
f 2519/41/2108 2926/59/2108 2525/51/2108 2243/2/2108
f 2235/28/2111 2512/37/2111 2927/60/2111 2527/39/2111
f 2512/37/2112 2239/4/2112 2526/44/2112 2927/60/2112
f 2927/60/2113 2526/44/2113 2247/46/2113 2522/58/2113
f 2527/39/2114 2927/60/2114 2522/58/2114 2244/40/2114
f 2241/6/2115 2506/32/2115 2928/61/2115 2530/62/2115
f 2506/32/2116 2234/31/2116 2529/63/2116 2928/61/2116
f 2928/61/2117 2529/63/2117 2246/57/2117 2520/56/2117
f 2530/62/2118 2928/61/2118 2520/56/2118 2245/55/2118
f 2242/3/2119 2515/64/2119 2929/65/2119 2517/3/2119
f 2515/64/2120 2241/6/2120 2530/62/2120 2929/65/2120
f 2929/65/2121 2530/62/2121 2245/55/2121 2523/54/2121
f 2517/3/2122 2929/65/2122 2523/54/2122 2248/3/2122
f 2234/31/2123 2511/30/2123 2930/66/2123 2529/63/2123
f 2511/30/2124 2238/2/2124 2528/2/2124 2930/66/2124
f 2930/66/2125 2528/2/2125 2243/2/2125 2521/53/2125
f 2529/63/2126 2930/66/2126 2521/53/2126 2246/57/2126
f 2254/3/2109 2537/67/2108 2931/68/2108 2535/69/2108
f 2537/67/2108 2251/8/2108 2532/15/2108 2931/68/2108
f 2931/68/2108 2532/15/2108 2252/14/2108 2534/70/2108
f 2535/69/2108 2931/68/2108 2534/70/2108 2253/71/2108
f 2249/49/2109 2531/72/2108 2932/73/2108 2536/50/2109
f 2531/72/2108 2250/74/2110 2533/75/2108 2932/73/2108
f 2932/73/2108 2533/75/2108 2251/8/2108 2537/67/2108
f 2536/50/2109 2932/73/2108 2537/67/2108 2254/3/2109
f 2237/12/2127 2514/33/2127 2933/76/2127 2539/13/2127
f 2514/33/2128 2241/6/2128 2541/77/2128 2933/76/2128
f 2933/76/2129 2541/77/2129 2253/71/2129 2534/70/2129
f 2539/13/2130 2933/76/2130 2534/70/2130 2252/14/2130
f 2241/6/2131 2515/64/2131 2934/78/2131 2541/77/2131
f 2515/64/2132 2242/3/2132 2538/3/2132 2934/78/2132
f 2934/78/2133 2538/3/2133 2254/3/2133 2535/69/2133
f 2541/77/2134 2934/78/2134 2535/69/2134 2253/71/2134
f 2239/4/2135 2504/36/2135 2935/79/2135 2518/48/2135
f 2504/36/2136 2236/22/2136 2542/80/2136 2935/79/2136
f 2935/79/2137 2542/80/2137 2250/74/2137 2531/72/2137
f 2518/48/2138 2935/79/2138 2531/72/2138 2249/49/2138
f 2236/22/2139 2513/21/2139 2936/81/2139 2542/80/2139
f 2513/21/2140 2240/8/2140 2540/8/2140 2936/81/2140
f 2936/81/2141 2540/8/2141 2251/8/2141 2533/75/2141
f 2542/80/2142 2936/81/2142 2533/75/2142 2250/74/2142
f 2255/1/2143 2543/2/2143 2937/3/2143 2544/4/2143
f 2543/2/2143 2257/5/2143 2546/6/2143 2937/3/2143
f 2937/3/2143 2546/6/2143 2258/7/2143 2545/8/2143
f 2544/4/2143 2937/3/2143 2545/8/2143 2256/9/2143
f 2265/8/2144 2549/10/2144 2938/11/2144 2584/8/2144
f 2549/10/2145 2262/12/2145 2583/13/2145 2938/11/2145
f 2938/11/2146 2583/13/2146 2277/14/2146 2576/15/2146
f 2584/8/2147 2938/11/2147 2576/15/2147 2276/8/2147
f 2256/16/2148 2545/17/2148 2939/18/2148 2552/19/2148
f 2258/7/2149 2551/20/2149 2939/18/2149 2545/17/2149
f 2262/12/2150 2549/10/2150 2939/18/2150 2551/20/2150
f 2265/8/2151 2557/21/2151 2939/18/2151 2549/10/2151
f 2261/22/2152 2552/19/2152 2939/18/2152 2557/21/2152
f 2257/5/2153 2543/23/2153 2940/24/2153 2554/25/2153
f 2255/26/2154 2553/27/2154 2940/24/2154 2543/23/2154
f 2260/28/2155 2547/29/2155 2940/24/2155 2553/27/2155
f 2263/2/2156 2555/30/2156 2940/24/2156 2547/29/2156
f 2259/31/2157 2554/25/2157 2940/24/2157 2555/30/2157
f 2258/7/2158 2546/6/2158 2941/6/2158 2551/20/2158
f 2257/5/2158 2554/25/2158 2941/6/2158 2546/6/2158
f 2259/31/2158 2550/32/2158 2941/6/2158 2554/25/2158
f 2266/6/2158 2558/33/2158 2941/6/2158 2550/32/2158
f 2262/12/2158 2551/20/2158 2941/6/2158 2558/33/2158
f 2255/26/2159 2544/34/2159 2942/35/2159 2553/27/2159
f 2256/16/2160 2552/19/2160 2942/35/2160 2544/34/2160
f 2261/22/2161 2548/36/2161 2942/35/2161 2552/19/2161
f 2264/4/2162 2556/37/2162 2942/35/2162 2548/36/2162
f 2260/28/2163 2553/27/2163 2942/35/2163 2556/37/2163
f 2263/2/2164 2547/29/2164 2943/38/2164 2572/2/2164
f 2547/29/2165 2260/28/2165 2571/39/2165 2943/38/2165
f 2943/38/2166 2571/39/2166 2269/40/2166 2563/41/2166
f 2572/2/2167 2943/38/2167 2563/41/2167 2268/2/2167
f 2264/4/2168 2560/42/2168 2944/43/2168 2570/44/2168
f 2560/42/2169 2267/3/2169 2561/3/2169 2944/43/2169
f 2944/43/2170 2561/3/2170 2273/3/2170 2568/45/2170
f 2570/44/2171 2944/43/2171 2568/45/2171 2272/46/2171
f 2267/3/2172 2560/42/2172 2945/47/2172 2582/3/2172
f 2560/42/2173 2264/4/2173 2562/48/2173 2945/47/2173
f 2945/47/2174 2562/48/2174 2274/49/2174 2580/50/2174
f 2582/3/2175 2945/47/2175 2580/50/2175 2279/3/2175
f 2268/2/2176 2569/51/2176 2946/52/2176 2565/53/2176
f 2569/51/2176 2273/3/2176 2567/54/2176 2946/52/2176
f 2946/52/2176 2567/54/2176 2270/55/2176 2564/56/2176
f 2565/53/2176 2946/52/2176 2564/56/2176 2271/57/2176
f 2269/40/2177 2566/58/2177 2947/59/2176 2563/41/2176
f 2566/58/2177 2272/46/2177 2568/45/2176 2947/59/2176
f 2947/59/2176 2568/45/2176 2273/3/2176 2569/51/2176
f 2563/41/2176 2947/59/2176 2569/51/2176 2268/2/2176
f 2260/28/2178 2556/37/2178 2948/60/2178 2571/39/2178
f 2556/37/2179 2264/4/2179 2570/44/2179 2948/60/2179
f 2948/60/2180 2570/44/2180 2272/46/2180 2566/58/2180
f 2571/39/2181 2948/60/2181 2566/58/2181 2269/40/2181
f 2266/6/2182 2550/32/2182 2949/61/2182 2574/62/2182
f 2550/32/2183 2259/31/2183 2573/63/2183 2949/61/2183
f 2949/61/2184 2573/63/2184 2271/57/2184 2564/56/2184
f 2574/62/2185 2949/61/2185 2564/56/2185 2270/55/2185
f 2267/3/2186 2559/64/2186 2950/65/2186 2561/3/2186
f 2559/64/2187 2266/6/2187 2574/62/2187 2950/65/2187
f 2950/65/2188 2574/62/2188 2270/55/2188 2567/54/2188
f 2561/3/2189 2950/65/2189 2567/54/2189 2273/3/2189
f 2259/31/2190 2555/30/2190 2951/66/2190 2573/63/2190
f 2555/30/2191 2263/2/2191 2572/2/2191 2951/66/2191
f 2951/66/2192 2572/2/2192 2268/2/2192 2565/53/2192
f 2573/63/2193 2951/66/2193 2565/53/2193 2271/57/2193
f 2279/3/2176 2581/67/2176 2952/68/2176 2579/69/2176
f 2581/67/2176 2276/8/2176 2576/15/2176 2952/68/2176
f 2952/68/2176 2576/15/2176 2277/14/2176 2578/70/2176
f 2579/69/2176 2952/68/2176 2578/70/2176 2278/71/2176
f 2274/49/2176 2575/72/2176 2953/73/2176 2580/50/2176
f 2575/72/2176 2275/74/2176 2577/75/2176 2953/73/2176
f 2953/73/2176 2577/75/2176 2276/8/2176 2581/67/2176
f 2580/50/2176 2953/73/2176 2581/67/2176 2279/3/2176
f 2262/12/2194 2558/33/2194 2954/76/2194 2583/13/2194
f 2558/33/2195 2266/6/2195 2585/77/2195 2954/76/2195
f 2954/76/2196 2585/77/2196 2278/71/2196 2578/70/2196
f 2583/13/2197 2954/76/2197 2578/70/2197 2277/14/2197
f 2266/6/2198 2559/64/2198 2955/78/2198 2585/77/2198
f 2559/64/2199 2267/3/2199 2582/3/2199 2955/78/2199
f 2955/78/2200 2582/3/2200 2279/3/2200 2579/69/2200
f 2585/77/2201 2955/78/2201 2579/69/2201 2278/71/2201
f 2264/4/2202 2548/36/2202 2956/79/2202 2562/48/2202
f 2548/36/2203 2261/22/2203 2586/80/2203 2956/79/2203
f 2956/79/2204 2586/80/2204 2275/74/2204 2575/72/2204
f 2562/48/2205 2956/79/2205 2575/72/2205 2274/49/2205
f 2261/22/2206 2557/21/2206 2957/81/2206 2586/80/2206
f 2557/21/2207 2265/8/2207 2584/8/2207 2957/81/2207
f 2957/81/2208 2584/8/2208 2276/8/2208 2577/75/2208
f 2586/80/2209 2957/81/2209 2577/75/2209 2275/74/2209
f 2280/1/2210 2587/2/2210 2958/3/2210 2588/4/2210
f 2587/2/2210 2282/5/2211 2590/6/2210 2958/3/2210
f 2958/3/2210 2590/6/2210 2283/7/2210 2589/8/2210
f 2588/4/2210 2958/3/2210 2589/8/2210 2281/9/2212
f 2290/8/2213 2593/10/2213 2959/11/2213 2628/8/2213
f 2593/10/2214 2287/12/2214 2627/13/2214 2959/11/2214
f 2959/11/2215 2627/13/2215 2302/14/2215 2620/15/2215
f 2628/8/2216 2959/11/2216 2620/15/2216 2301/8/2216
f 2281/16/2217 2589/17/2217 2960/18/2217 2596/19/2217
f 2283/7/2218 2595/20/2218 2960/18/2218 2589/17/2218
f 2287/12/2219 2593/10/2219 2960/18/2219 2595/20/2219
f 2290/8/2220 2601/21/2220 2960/18/2220 2593/10/2220
f 2286/22/2221 2596/19/2221 2960/18/2221 2601/21/2221
f 2282/5/2222 2587/23/2222 2961/24/2222 2598/25/2222
f 2280/26/2223 2597/27/2223 2961/24/2223 2587/23/2223
f 2285/28/2224 2591/29/2224 2961/24/2224 2597/27/2224
f 2288/2/2225 2599/30/2225 2961/24/2225 2591/29/2225
f 2284/31/2226 2598/25/2226 2961/24/2226 2599/30/2226
f 2283/7/2227 2590/6/2227 2962/6/2227 2595/20/2227
f 2282/5/2227 2598/25/2227 2962/6/2227 2590/6/2227
f 2284/31/2227 2594/32/2228 2962/6/2227 2598/25/2227
f 2291/6/2228 2602/33/2228 2962/6/2227 2594/32/2228
f 2287/12/2227 2595/20/2227 2962/6/2227 2602/33/2228
f 2280/26/2229 2588/34/2229 2963/35/2229 2597/27/2229
f 2281/16/2230 2596/19/2230 2963/35/2230 2588/34/2230
f 2286/22/2231 2592/36/2231 2963/35/2231 2596/19/2231
f 2289/4/2232 2600/37/2232 2963/35/2232 2592/36/2232
f 2285/28/2233 2597/27/2233 2963/35/2233 2600/37/2233
f 2288/2/2234 2591/29/2234 2964/38/2234 2616/2/2234
f 2591/29/2235 2285/28/2235 2615/39/2235 2964/38/2235
f 2964/38/2236 2615/39/2236 2294/40/2236 2607/41/2236
f 2616/2/2237 2964/38/2237 2607/41/2237 2293/2/2237
f 2289/4/2238 2604/42/2238 2965/43/2238 2614/44/2238
f 2604/42/2239 2292/3/2239 2605/3/2239 2965/43/2239
f 2965/43/2240 2605/3/2240 2298/3/2240 2612/45/2240
f 2614/44/2241 2965/43/2241 2612/45/2241 2297/46/2241
f 2292/3/2242 2604/42/2242 2966/47/2242 2626/3/2242
f 2604/42/2243 2289/4/2243 2606/48/2243 2966/47/2243
f 2966/47/2244 2606/48/2244 2299/49/2244 2624/50/2244
f 2626/3/2245 2966/47/2245 2624/50/2245 2304/3/2245
f 2293/2/2246 2613/51/2246 2967/52/2246 2609/53/2246
f 2613/51/2246 2298/3/2246 2611/54/2246 2967/52/2246
f 2967/52/2246 2611/54/2246 2295/55/2247 2608/56/2247
f 2609/53/2246 2967/52/2246 2608/56/2247 2296/57/2246
f 2294/40/2246 2610/58/2246 2968/59/2246 2607/41/2246
f 2610/58/2246 2297/46/2246 2612/45/2246 2968/59/2246
f 2968/59/2246 2612/45/2246 2298/3/2246 2613/51/2246
f 2607/41/2246 2968/59/2246 2613/51/2246 2293/2/2246
f 2285/28/2248 2600/37/2248 2969/60/2248 2615/39/2248
f 2600/37/2249 2289/4/2249 2614/44/2249 2969/60/2249
f 2969/60/2250 2614/44/2250 2297/46/2250 2610/58/2250
f 2615/39/2251 2969/60/2251 2610/58/2251 2294/40/2251
f 2291/6/2252 2594/32/2252 2970/61/2252 2618/62/2252
f 2594/32/2253 2284/31/2253 2617/63/2253 2970/61/2253
f 2970/61/2254 2617/63/2254 2296/57/2254 2608/56/2254
f 2618/62/2255 2970/61/2255 2608/56/2255 2295/55/2255
f 2292/3/2256 2603/64/2256 2971/65/2256 2605/3/2256
f 2603/64/2257 2291/6/2257 2618/62/2257 2971/65/2257
f 2971/65/2258 2618/62/2258 2295/55/2258 2611/54/2258
f 2605/3/2259 2971/65/2259 2611/54/2259 2298/3/2259
f 2284/31/2260 2599/30/2260 2972/66/2260 2617/63/2260
f 2599/30/2261 2288/2/2261 2616/2/2261 2972/66/2261
f 2972/66/2262 2616/2/2262 2293/2/2262 2609/53/2262
f 2617/63/2263 2972/66/2263 2609/53/2263 2296/57/2263
f 2304/3/2246 2625/67/2246 2973/68/2246 2623/69/2246
f 2625/67/2246 2301/8/2246 2620/15/2246 2973/68/2246
f 2973/68/2246 2620/15/2246 2302/14/2246 2622/70/2246
f 2623/69/2246 2973/68/2246 2622/70/2246 2303/71/2246
f 2299/49/2247 2619/72/2247 2974/73/2246 2624/50/2246
f 2619/72/2247 2300/74/2264 2621/75/2246 2974/73/2246
f 2974/73/2246 2621/75/2246 2301/8/2246 2625/67/2246
f 2624/50/2246 2974/73/2246 2625/67/2246 2304/3/2246
f 2287/12/2265 2602/33/2265 2975/76/2265 2627/13/2265
f 2602/33/2266 2291/6/2266 2629/77/2266 2975/76/2266
f 2975/76/2267 2629/77/2267 2303/71/2267 2622/70/2267
f 2627/13/2268 2975/76/2268 2622/70/2268 2302/14/2268
f 2291/6/2269 2603/64/2269 2976/78/2269 2629/77/2269
f 2603/64/2270 2292/3/2270 2626/3/2270 2976/78/2270
f 2976/78/2271 2626/3/2271 2304/3/2271 2623/69/2271
f 2629/77/2272 2976/78/2272 2623/69/2272 2303/71/2272
f 2289/4/2273 2592/36/2273 2977/79/2273 2606/48/2273
f 2592/36/2274 2286/22/2274 2630/80/2274 2977/79/2274
f 2977/79/2275 2630/80/2275 2300/74/2275 2619/72/2275
f 2606/48/2276 2977/79/2276 2619/72/2276 2299/49/2276
f 2286/22/2277 2601/21/2277 2978/81/2277 2630/80/2277
f 2601/21/2278 2290/8/2278 2628/8/2278 2978/81/2278
f 2978/81/2279 2628/8/2279 2301/8/2279 2621/75/2279
f 2630/80/2280 2978/81/2280 2621/75/2280 2300/74/2280
f 2305/1/2281 2631/2/2282 2979/3/2282 2632/4/2282
f 2631/2/2282 2307/5/2282 2634/6/2282 2979/3/2282
f 2979/3/2282 2634/6/2282 2308/7/2282 2633/8/2282
f 2632/4/2282 2979/3/2282 2633/8/2282 2306/9/2282
f 2315/8/2283 2637/10/2283 2980/11/2283 2672/8/2283
f 2637/10/2284 2312/12/2284 2671/13/2284 2980/11/2284
f 2980/11/2285 2671/13/2285 2327/14/2285 2664/15/2285
f 2672/8/2286 2980/11/2286 2664/15/2286 2326/8/2286
f 2306/16/2287 2633/17/2287 2981/18/2287 2640/19/2287
f 2308/7/2288 2639/20/2288 2981/18/2288 2633/17/2288
f 2312/12/2289 2637/10/2289 2981/18/2289 2639/20/2289
f 2315/8/2290 2645/21/2290 2981/18/2290 2637/10/2290
f 2311/22/2291 2640/19/2291 2981/18/2291 2645/21/2291
f 2307/5/2292 2631/23/2292 2982/24/2292 2642/25/2292
f 2305/26/2293 2641/27/2293 2982/24/2293 2631/23/2293
f 2310/28/2294 2635/29/2294 2982/24/2294 2641/27/2294
f 2313/2/2295 2643/30/2295 2982/24/2295 2635/29/2295
f 2309/31/2296 2642/25/2296 2982/24/2296 2643/30/2296
f 2308/7/2297 2634/6/2297 2983/6/2297 2639/20/2297
f 2307/5/2297 2642/25/2297 2983/6/2297 2634/6/2297
f 2309/31/2297 2638/32/2297 2983/6/2297 2642/25/2297
f 2316/6/2297 2646/33/2297 2983/6/2297 2638/32/2297
f 2312/12/2297 2639/20/2297 2983/6/2297 2646/33/2297
f 2305/26/2298 2632/34/2298 2984/35/2298 2641/27/2298
f 2306/16/2299 2640/19/2299 2984/35/2299 2632/34/2299
f 2311/22/2300 2636/36/2300 2984/35/2300 2640/19/2300
f 2314/4/2301 2644/37/2301 2984/35/2301 2636/36/2301
f 2310/28/2302 2641/27/2302 2984/35/2302 2644/37/2302
f 2313/2/2303 2635/29/2303 2985/38/2303 2660/2/2303
f 2635/29/2304 2310/28/2304 2659/39/2304 2985/38/2304
f 2985/38/2305 2659/39/2305 2319/40/2305 2651/41/2305
f 2660/2/2306 2985/38/2306 2651/41/2306 2318/2/2306
f 2314/4/2307 2648/42/2307 2986/43/2307 2658/44/2307
f 2648/42/2308 2317/3/2308 2649/3/2308 2986/43/2308
f 2986/43/2309 2649/3/2309 2323/3/2309 2656/45/2309
f 2658/44/2310 2986/43/2310 2656/45/2310 2322/46/2310
f 2317/3/2311 2648/42/2311 2987/47/2311 2670/3/2311
f 2648/42/2312 2314/4/2312 2650/48/2312 2987/47/2312
f 2987/47/2313 2650/48/2313 2324/49/2313 2668/50/2313
f 2670/3/2314 2987/47/2314 2668/50/2314 2329/3/2314
f 2318/2/2315 2657/51/2315 2988/52/2315 2653/53/2315
f 2657/51/2315 2323/3/2315 2655/54/2315 2988/52/2315
f 2988/52/2315 2655/54/2315 2320/55/2315 2652/56/2315
f 2653/53/2315 2988/52/2315 2652/56/2315 2321/57/2315
f 2319/40/2315 2654/58/2315 2989/59/2315 2651/41/2315
f 2654/58/2315 2322/46/2315 2656/45/2315 2989/59/2315
f 2989/59/2315 2656/45/2315 2323/3/2315 2657/51/2315
f 2651/41/2315 2989/59/2315 2657/51/2315 2318/2/2315
f 2310/28/2316 2644/37/2316 2990/60/2316 2659/39/2316
f 2644/37/2317 2314/4/2317 2658/44/2317 2990/60/2317
f 2990/60/2318 2658/44/2318 2322/46/2318 2654/58/2318
f 2659/39/2319 2990/60/2319 2654/58/2319 2319/40/2319
f 2316/6/2320 2638/32/2320 2991/61/2320 2662/62/2320
f 2638/32/2321 2309/31/2321 2661/63/2321 2991/61/2321
f 2991/61/2322 2661/63/2322 2321/57/2322 2652/56/2322
f 2662/62/2323 2991/61/2323 2652/56/2323 2320/55/2323
f 2317/3/2324 2647/64/2324 2992/65/2324 2649/3/2324
f 2647/64/2325 2316/6/2325 2662/62/2325 2992/65/2325
f 2992/65/2326 2662/62/2326 2320/55/2326 2655/54/2326
f 2649/3/2327 2992/65/2327 2655/54/2327 2323/3/2327
f 2309/31/2328 2643/30/2328 2993/66/2328 2661/63/2328
f 2643/30/2329 2313/2/2329 2660/2/2329 2993/66/2329
f 2993/66/2330 2660/2/2330 2318/2/2330 2653/53/2330
f 2661/63/2331 2993/66/2331 2653/53/2331 2321/57/2331
f 2329/3/2315 2669/67/2315 2994/68/2315 2667/69/2315
f 2669/67/2315 2326/8/2315 2664/15/2315 2994/68/2315
f 2994/68/2315 2664/15/2315 2327/14/2315 2666/70/2315
f 2667/69/2315 2994/68/2315 2666/70/2315 2328/71/2332
f 2324/49/2315 2663/72/2315 2995/73/2315 2668/50/2315
f 2663/72/2315 2325/74/2332 2665/75/2315 2995/73/2315
f 2995/73/2315 2665/75/2315 2326/8/2315 2669/67/2315
f 2668/50/2315 2995/73/2315 2669/67/2315 2329/3/2315
f 2312/12/2333 2646/33/2333 2996/76/2333 2671/13/2333
f 2646/33/2334 2316/6/2334 2673/77/2334 2996/76/2334
f 2996/76/2335 2673/77/2335 2328/71/2335 2666/70/2335
f 2671/13/2336 2996/76/2336 2666/70/2336 2327/14/2336
f 2316/6/2337 2647/64/2337 2997/78/2337 2673/77/2337
f 2647/64/2338 2317/3/2338 2670/3/2338 2997/78/2338
f 2997/78/2339 2670/3/2339 2329/3/2339 2667/69/2339
f 2673/77/2340 2997/78/2340 2667/69/2340 2328/71/2340
f 2314/4/2341 2636/36/2341 2998/79/2341 2650/48/2341
f 2636/36/2342 2311/22/2342 2674/80/2342 2998/79/2342
f 2998/79/2343 2674/80/2343 2325/74/2343 2663/72/2343
f 2650/48/2344 2998/79/2344 2663/72/2344 2324/49/2344
f 2311/22/2345 2645/21/2345 2999/81/2345 2674/80/2345
f 2645/21/2346 2315/8/2346 2672/8/2346 2999/81/2346
f 2999/81/2347 2672/8/2347 2326/8/2347 2665/75/2347
f 2674/80/2348 2999/81/2348 2665/75/2348 2325/74/2348
f 2330/1/2176 2675/2/2176 3000/3/2176 2676/4/2176
f 2675/2/2176 2332/5/2176 2678/6/2176 3000/3/2176
f 3000/3/2176 2678/6/2176 2333/7/2176 2677/8/2176
f 2676/4/2176 3000/3/2176 2677/8/2176 2331/9/2176
f 2340/8/2349 2681/10/2349 3001/11/2349 2716/8/2349
f 2681/10/2350 2337/12/2350 2715/13/2350 3001/11/2350
f 3001/11/2351 2715/13/2351 2352/14/2351 2708/15/2351
f 2716/8/2352 3001/11/2352 2708/15/2352 2351/8/2352
f 2331/16/2353 2677/17/2353 3002/18/2353 2684/19/2353
f 2333/7/2354 2683/20/2354 3002/18/2354 2677/17/2354
f 2337/12/2355 2681/10/2355 3002/18/2355 2683/20/2355
f 2340/8/2356 2689/21/2356 3002/18/2356 2681/10/2356
f 2336/22/2357 2684/19/2357 3002/18/2357 2689/21/2357
f 2332/5/2358 2675/23/2358 3003/24/2358 2686/25/2358
f 2330/26/2359 2685/27/2359 3003/24/2359 2675/23/2359
f 2335/28/2360 2679/29/2360 3003/24/2360 2685/27/2360
f 2338/2/2361 2687/30/2361 3003/24/2361 2679/29/2361
f 2334/31/2362 2686/25/2362 3003/24/2362 2687/30/2362
f 2333/7/2363 2678/6/2363 3004/6/2363 2683/20/2363
f 2332/5/2363 2686/25/2363 3004/6/2363 2678/6/2363
f 2334/31/2363 2682/32/2363 3004/6/2363 2686/25/2363
f 2341/6/2363 2690/33/2363 3004/6/2363 2682/32/2363
f 2337/12/2363 2683/20/2363 3004/6/2363 2690/33/2363
f 2330/26/2364 2676/34/2364 3005/35/2364 2685/27/2364
f 2331/16/2365 2684/19/2365 3005/35/2365 2676/34/2365
f 2336/22/2366 2680/36/2366 3005/35/2366 2684/19/2366
f 2339/4/2367 2688/37/2367 3005/35/2367 2680/36/2367
f 2335/28/2368 2685/27/2368 3005/35/2368 2688/37/2368
f 2338/2/2369 2679/29/2369 3006/38/2369 2704/2/2369
f 2679/29/2370 2335/28/2370 2703/39/2370 3006/38/2370
f 3006/38/2371 2703/39/2371 2344/40/2371 2695/41/2371
f 2704/2/2372 3006/38/2372 2695/41/2372 2343/2/2372
f 2339/4/2373 2692/42/2373 3007/43/2373 2702/44/2373
f 2692/42/2374 2342/3/2374 2693/3/2374 3007/43/2374
f 3007/43/2375 2693/3/2375 2348/3/2375 2700/45/2375
f 2702/44/2376 3007/43/2376 2700/45/2376 2347/46/2376
f 2342/3/2377 2692/42/2377 3008/47/2377 2714/3/2377
f 2692/42/2378 2339/4/2378 2694/48/2378 3008/47/2378
f 3008/47/2379 2694/48/2379 2349/49/2379 2712/50/2379
f 2714/3/2380 3008/47/2380 2712/50/2380 2354/3/2380
f 2343/2/2143 2701/51/2143 3009/52/2143 2697/53/2143
f 2701/51/2143 2348/3/2143 2699/54/2143 3009/52/2143
f 3009/52/2143 2699/54/2143 2345/55/2143 2696/56/2143
f 2697/53/2143 3009/52/2143 2696/56/2143 2346/57/2143
f 2344/40/2381 2698/58/2381 3010/59/2143 2695/41/2143
f 2698/58/2381 2347/46/2381 2700/45/2143 3010/59/2143
f 3010/59/2143 2700/45/2143 2348/3/2143 2701/51/2143
f 2695/41/2143 3010/59/2143 2701/51/2143 2343/2/2143
f 2335/28/2382 2688/37/2382 3011/60/2382 2703/39/2382
f 2688/37/2383 2339/4/2383 2702/44/2383 3011/60/2383
f 3011/60/2384 2702/44/2384 2347/46/2384 2698/58/2384
f 2703/39/2385 3011/60/2385 2698/58/2385 2344/40/2385
f 2341/6/2386 2682/32/2386 3012/61/2386 2706/62/2386
f 2682/32/2387 2334/31/2387 2705/63/2387 3012/61/2387
f 3012/61/2388 2705/63/2388 2346/57/2388 2696/56/2388
f 2706/62/2389 3012/61/2389 2696/56/2389 2345/55/2389
f 2342/3/2390 2691/64/2390 3013/65/2390 2693/3/2390
f 2691/64/2391 2341/6/2391 2706/62/2391 3013/65/2391
f 3013/65/2392 2706/62/2392 2345/55/2392 2699/54/2392
f 2693/3/2393 3013/65/2393 2699/54/2393 2348/3/2393
f 2334/31/2394 2687/30/2394 3014/66/2394 2705/63/2394
f 2687/30/2395 2338/2/2395 2704/2/2395 3014/66/2395
f 3014/66/2396 2704/2/2396 2343/2/2396 2697/53/2396
f 2705/63/2397 3014/66/2397 2697/53/2397 2346/57/2397
f 2354/3/2143 2713/67/2143 3015/68/2143 2711/69/2143
f 2713/67/2143 2351/8/2143 2708/15/2143 3015/68/2143
f 3015/68/2143 2708/15/2143 2352/14/2143 2710/70/2143
f 2711/69/2143 3015/68/2143 2710/70/2143 2353/71/2143
f 2349/49/2143 2707/72/2143 3016/73/2143 2712/50/2143
f 2707/72/2143 2350/74/2143 2709/75/2143 3016/73/2143
f 3016/73/2143 2709/75/2143 2351/8/2143 2713/67/2143
f 2712/50/2143 3016/73/2143 2713/67/2143 2354/3/2143
f 2337/12/2398 2690/33/2398 3017/76/2398 2715/13/2398
f 2690/33/2399 2341/6/2399 2717/77/2399 3017/76/2399
f 3017/76/2400 2717/77/2400 2353/71/2400 2710/70/2400
f 2715/13/2401 3017/76/2401 2710/70/2401 2352/14/2401
f 2341/6/2402 2691/64/2402 3018/78/2402 2717/77/2402
f 2691/64/2403 2342/3/2403 2714/3/2403 3018/78/2403
f 3018/78/2404 2714/3/2404 2354/3/2404 2711/69/2404
f 2717/77/2405 3018/78/2405 2711/69/2405 2353/71/2405
f 2339/4/2406 2680/36/2406 3019/79/2406 2694/48/2406
f 2680/36/2407 2336/22/2407 2718/80/2407 3019/79/2407
f 3019/79/2408 2718/80/2408 2350/74/2408 2707/72/2408
f 2694/48/2409 3019/79/2409 2707/72/2409 2349/49/2409
f 2336/22/2410 2689/21/2410 3020/81/2410 2718/80/2410
f 2689/21/2411 2340/8/2411 2716/8/2411 3020/81/2411
f 3020/81/2412 2716/8/2412 2351/8/2412 2709/75/2412
f 2718/80/2413 3020/81/2413 2709/75/2413 2350/74/2413
f 2355/1/2246 2719/2/2246 3021/3/2246 2720/4/2246
f 2719/2/2246 2357/5/2246 2722/6/2246 3021/3/2246
f 3021/3/2246 2722/6/2246 2358/7/2246 2721/8/2246
f 2720/4/2246 3021/3/2246 2721/8/2246 2356/9/2246
f 2365/8/2414 2725/10/2414 3022/11/2414 2760/8/2414
f 2725/10/2415 2362/12/2415 2759/13/2415 3022/11/2415
f 3022/11/2416 2759/13/2416 2377/14/2416 2752/15/2416
f 2760/8/2417 3022/11/2417 2752/15/2417 2376/8/2417
f 2356/16/2418 2721/17/2418 3023/18/2418 2728/19/2418
f 2358/7/2419 2727/20/2419 3023/18/2419 2721/17/2419
f 2362/12/2420 2725/10/2420 3023/18/2420 2727/20/2420
f 2365/8/2421 2733/21/2421 3023/18/2421 2725/10/2421
f 2361/22/2422 2728/19/2422 3023/18/2422 2733/21/2422
f 2357/5/2423 2719/23/2423 3024/24/2423 2730/25/2423
f 2355/26/2424 2729/27/2424 3024/24/2424 2719/23/2424
f 2360/28/2425 2723/29/2425 3024/24/2425 2729/27/2425
f 2363/2/2426 2731/30/2426 3024/24/2426 2723/29/2426
f 2359/31/2427 2730/25/2427 3024/24/2427 2731/30/2427
f 2358/7/2428 2722/6/2428 3025/6/2428 2727/20/2429
f 2357/5/2428 2730/25/2428 3025/6/2428 2722/6/2428
f 2359/31/2428 2726/32/2430 3025/6/2428 2730/25/2428
f 2366/6/2430 2734/33/2430 3025/6/2428 2726/32/2430
f 2362/12/2429 2727/20/2429 3025/6/2428 2734/33/2430
f 2355/26/2431 2720/34/2431 3026/35/2431 2729/27/2431
f 2356/16/2432 2728/19/2432 3026/35/2432 2720/34/2432
f 2361/22/2433 2724/36/2433 3026/35/2433 2728/19/2433
f 2364/4/2434 2732/37/2434 3026/35/2434 2724/36/2434
f 2360/28/2435 2729/27/2435 3026/35/2435 2732/37/2435
f 2363/2/2436 2723/29/2436 3027/38/2436 2748/2/2436
f 2723/29/2437 2360/28/2437 2747/39/2437 3027/38/2437
f 3027/38/2438 2747/39/2438 2369/40/2438 2739/41/2438
f 2748/2/2439 3027/38/2439 2739/41/2439 2368/2/2439
f 2364/4/2440 2736/42/2440 3028/43/2440 2746/44/2440
f 2736/42/2441 2367/3/2441 2737/3/2441 3028/43/2441
f 3028/43/2442 2737/3/2442 2373/3/2442 2744/45/2442
f 2746/44/2443 3028/43/2443 2744/45/2443 2372/46/2443
f 2367/3/2444 2736/42/2444 3029/47/2444 2758/3/2444
f 2736/42/2445 2364/4/2445 2738/48/2445 3029/47/2445
f 3029/47/2446 2738/48/2446 2374/49/2446 2756/50/2446
f 2758/3/2447 3029/47/2447 2756/50/2447 2379/3/2447
f 2368/2/2448 2745/51/2210 3030/52/2210 2741/53/2210
f 2745/51/2210 2373/3/2210 2743/54/2210 3030/52/2210
f 3030/52/2210 2743/54/2210 2370/55/2210 2740/56/2210
f 2741/53/2210 3030/52/2210 2740/56/2210 2371/57/2210
f 2369/40/2448 2742/58/2210 3031/59/2210 2739/41/2448
f 2742/58/2210 2372/46/2210 2744/45/2210 3031/59/2210
f 3031/59/2210 2744/45/2210 2373/3/2210 2745/51/2210
f 2739/41/2448 3031/59/2210 2745/51/2210 2368/2/2448
f 2360/28/2449 2732/37/2449 3032/60/2449 2747/39/2449
f 2732/37/2450 2364/4/2450 2746/44/2450 3032/60/2450
f 3032/60/2451 2746/44/2451 2372/46/2451 2742/58/2451
f 2747/39/2452 3032/60/2452 2742/58/2452 2369/40/2452
f 2366/6/2453 2726/32/2453 3033/61/2453 2750/62/2453
f 2726/32/2454 2359/31/2454 2749/63/2454 3033/61/2454
f 3033/61/2455 2749/63/2455 2371/57/2455 2740/56/2455
f 2750/62/2456 3033/61/2456 2740/56/2456 2370/55/2456
f 2367/3/2457 2735/64/2457 3034/65/2457 2737/3/2457
f 2735/64/2458 2366/6/2458 2750/62/2458 3034/65/2458
f 3034/65/2459 2750/62/2459 2370/55/2459 2743/54/2459
f 2737/3/2460 3034/65/2460 2743/54/2460 2373/3/2460
f 2359/31/2461 2731/30/2461 3035/66/2461 2749/63/2461
f 2731/30/2462 2363/2/2462 2748/2/2462 3035/66/2462
f 3035/66/2463 2748/2/2463 2368/2/2463 2741/53/2463
f 2749/63/2464 3035/66/2464 2741/53/2464 2371/57/2464
f 2379/3/2210 2757/67/2210 3036/68/2210 2755/69/2210
f 2757/67/2210 2376/8/2210 2752/15/2210 3036/68/2210
f 3036/68/2210 2752/15/2210 2377/14/2210 2754/70/2210
f 2755/69/2210 3036/68/2210 2754/70/2210 2378/71/2448
f 2374/49/2448 2751/72/2210 3037/73/2210 2756/50/2210
f 2751/72/2210 2375/74/2210 2753/75/2210 3037/73/2210
f 3037/73/2210 2753/75/2210 2376/8/2210 2757/67/2210
f 2756/50/2210 3037/73/2210 2757/67/2210 2379/3/2210
f 2362/12/2465 2734/33/2465 3038/76/2465 2759/13/2465
f 2734/33/2466 2366/6/2466 2761/77/2466 3038/76/2466
f 3038/76/2467 2761/77/2467 2378/71/2467 2754/70/2467
f 2759/13/2468 3038/76/2468 2754/70/2468 2377/14/2468
f 2366/6/2469 2735/64/2469 3039/78/2469 2761/77/2469
f 2735/64/2470 2367/3/2470 2758/3/2470 3039/78/2470
f 3039/78/2471 2758/3/2471 2379/3/2471 2755/69/2471
f 2761/77/2472 3039/78/2472 2755/69/2472 2378/71/2472
f 2364/4/2473 2724/36/2473 3040/79/2473 2738/48/2473
f 2724/36/2474 2361/22/2474 2762/80/2474 3040/79/2474
f 3040/79/2475 2762/80/2475 2375/74/2475 2751/72/2475
f 2738/48/2476 3040/79/2476 2751/72/2476 2374/49/2476
f 2361/22/2477 2733/21/2477 3041/81/2477 2762/80/2477
f 2733/21/2478 2365/8/2478 2760/8/2478 3041/81/2478
f 3041/81/2479 2760/8/2479 2376/8/2479 2753/75/2479
f 2762/80/2480 3041/81/2480 2753/75/2480 2375/74/2480
f 2380/1/2315 2763/2/2315 3042/3/2315 2764/4/2315
f 2763/2/2315 2382/5/2315 2766/6/2315 3042/3/2315
f 3042/3/2315 2766/6/2315 2383/7/2315 2765/8/2315
f 2764/4/2315 3042/3/2315 2765/8/2315 2381/9/2315
f 2390/8/2481 2769/10/2481 3043/11/2481 2804/8/2481
f 2769/10/2482 2387/12/2482 2803/13/2482 3043/11/2482
f 3043/11/2483 2803/13/2483 2402/14/2483 2796/15/2483
f 2804/8/2484 3043/11/2484 2796/15/2484 2401/8/2484
f 2381/16/2485 2765/17/2485 3044/18/2485 2772/19/2485
f 2383/7/2486 2771/20/2486 3044/18/2486 2765/17/2486
f 2387/12/2487 2769/10/2487 3044/18/2487 2771/20/2487
f 2390/8/2488 2777/21/2488 3044/18/2488 2769/10/2488
f 2386/22/2489 2772/19/2489 3044/18/2489 2777/21/2489
f 2382/5/2490 2763/23/2490 3045/24/2490 2774/25/2490
f 2380/26/2491 2773/27/2491 3045/24/2491 2763/23/2491
f 2385/28/2492 2767/29/2492 3045/24/2492 2773/27/2492
f 2388/2/2493 2775/30/2493 3045/24/2493 2767/29/2493
f 2384/31/2494 2774/25/2494 3045/24/2494 2775/30/2494
f 2383/7/2495 2766/6/2495 3046/6/2495 2771/20/2495
f 2382/5/2495 2774/25/2495 3046/6/2495 2766/6/2495
f 2384/31/2495 2770/32/2495 3046/6/2495 2774/25/2495
f 2391/6/2495 2778/33/2495 3046/6/2495 2770/32/2495
f 2387/12/2495 2771/20/2495 3046/6/2495 2778/33/2495
f 2380/26/2496 2764/34/2496 3047/35/2496 2773/27/2496
f 2381/16/2497 2772/19/2497 3047/35/2497 2764/34/2497
f 2386/22/2498 2768/36/2498 3047/35/2498 2772/19/2498
f 2389/4/2499 2776/37/2499 3047/35/2499 2768/36/2499
f 2385/28/2500 2773/27/2500 3047/35/2500 2776/37/2500
f 2388/2/2501 2767/29/2501 3048/38/2501 2792/2/2501
f 2767/29/2502 2385/28/2502 2791/39/2502 3048/38/2502
f 3048/38/2503 2791/39/2503 2394/40/2503 2783/41/2503
f 2792/2/2504 3048/38/2504 2783/41/2504 2393/2/2504
f 2389/4/2505 2780/42/2505 3049/43/2505 2790/44/2505
f 2780/42/2506 2392/3/2506 2781/3/2506 3049/43/2506
f 3049/43/2507 2781/3/2507 2398/3/2507 2788/45/2507
f 2790/44/2508 3049/43/2508 2788/45/2508 2397/46/2508
f 2392/3/2509 2780/42/2509 3050/47/2509 2802/3/2509
f 2780/42/2510 2389/4/2510 2782/48/2510 3050/47/2510
f 3050/47/2511 2782/48/2511 2399/49/2511 2800/50/2511
f 2802/3/2512 3050/47/2512 2800/50/2512 2404/3/2512
f 2393/2/2282 2789/51/2282 3051/52/2282 2785/53/2282
f 2789/51/2282 2398/3/2282 2787/54/2282 3051/52/2282
f 3051/52/2282 2787/54/2282 2395/55/2282 2784/56/2282
f 2785/53/2282 3051/52/2282 2784/56/2282 2396/57/2282
f 2394/40/2282 2786/58/2282 3052/59/2282 2783/41/2282
f 2786/58/2282 2397/46/2282 2788/45/2282 3052/59/2282
f 3052/59/2282 2788/45/2282 2398/3/2282 2789/51/2282
f 2783/41/2282 3052/59/2282 2789/51/2282 2393/2/2282
f 2385/28/2513 2776/37/2513 3053/60/2513 2791/39/2513
f 2776/37/2514 2389/4/2514 2790/44/2514 3053/60/2514
f 3053/60/2515 2790/44/2515 2397/46/2515 2786/58/2515
f 2791/39/2516 3053/60/2516 2786/58/2516 2394/40/2516
f 2391/6/2517 2770/32/2517 3054/61/2517 2794/62/2517
f 2770/32/2518 2384/31/2518 2793/63/2518 3054/61/2518
f 3054/61/2519 2793/63/2519 2396/57/2519 2784/56/2519
f 2794/62/2520 3054/61/2520 2784/56/2520 2395/55/2520
f 2392/3/2521 2779/64/2521 3055/65/2521 2781/3/2521
f 2779/64/2522 2391/6/2522 2794/62/2522 3055/65/2522
f 3055/65/2523 2794/62/2523 2395/55/2523 2787/54/2523
f 2781/3/2524 3055/65/2524 2787/54/2524 2398/3/2524
f 2384/31/2525 2775/30/2525 3056/66/2525 2793/63/2525
f 2775/30/2526 2388/2/2526 2792/2/2526 3056/66/2526
f 3056/66/2527 2792/2/2527 2393/2/2527 2785/53/2527
f 2793/63/2528 3056/66/2528 2785/53/2528 2396/57/2528
f 2404/3/2282 2801/67/2282 3057/68/2282 2799/69/2282
f 2801/67/2282 2401/8/2282 2796/15/2282 3057/68/2282
f 3057/68/2282 2796/15/2282 2402/14/2282 2798/70/2282
f 2799/69/2282 3057/68/2282 2798/70/2282 2403/71/2282
f 2399/49/2282 2795/72/2282 3058/73/2282 2800/50/2282
f 2795/72/2282 2400/74/2282 2797/75/2282 3058/73/2282
f 3058/73/2282 2797/75/2282 2401/8/2282 2801/67/2282
f 2800/50/2282 3058/73/2282 2801/67/2282 2404/3/2282
f 2387/12/2529 2778/33/2529 3059/76/2529 2803/13/2529
f 2778/33/2530 2391/6/2530 2805/77/2530 3059/76/2530
f 3059/76/2531 2805/77/2531 2403/71/2531 2798/70/2531
f 2803/13/2532 3059/76/2532 2798/70/2532 2402/14/2532
f 2391/6/2533 2779/64/2533 3060/78/2533 2805/77/2533
f 2779/64/2534 2392/3/2534 2802/3/2534 3060/78/2534
f 3060/78/2535 2802/3/2535 2404/3/2535 2799/69/2535
f 2805/77/2536 3060/78/2536 2799/69/2536 2403/71/2536
f 2389/4/2537 2768/36/2537 3061/79/2537 2782/48/2537
f 2768/36/2538 2386/22/2538 2806/80/2538 3061/79/2538
f 3061/79/2539 2806/80/2539 2400/74/2539 2795/72/2539
f 2782/48/2540 3061/79/2540 2795/72/2540 2399/49/2540
f 2386/22/2541 2777/21/2541 3062/81/2541 2806/80/2541
f 2777/21/2542 2390/8/2542 2804/8/2542 3062/81/2542
f 3062/81/2543 2804/8/2543 2401/8/2543 2797/75/2543
f 2806/80/2544 3062/81/2544 2797/75/2544 2400/74/2544
f 2405/1/2038 2807/2/2038 3063/3/2038 2808/4/2038
f 2807/2/2038 2407/5/2038 2810/6/2038 3063/3/2038
f 3063/3/2038 2810/6/2038 2408/7/2038 2809/8/2038
f 2808/4/2038 3063/3/2038 2809/8/2038 2406/9/2038
f 2415/8/2545 2813/10/2545 3064/11/2545 2848/8/2545
f 2813/10/2546 2412/12/2546 2847/13/2546 3064/11/2546
f 3064/11/2547 2847/13/2547 2427/14/2547 2840/15/2547
f 2848/8/2548 3064/11/2548 2840/15/2548 2426/8/2548
f 2406/16/2549 2809/17/2549 3065/18/2549 2816/19/2549
f 2408/7/2550 2815/20/2550 3065/18/2550 2809/17/2550
f 2412/12/2551 2813/10/2551 3065/18/2551 2815/20/2551
f 2415/8/2552 2821/21/2552 3065/18/2552 2813/10/2552
f 2411/22/2553 2816/19/2553 3065/18/2553 2821/21/2553
f 2407/5/2554 2807/23/2554 3066/24/2554 2818/25/2554
f 2405/26/2555 2817/27/2555 3066/24/2555 2807/23/2555
f 2410/28/2556 2811/29/2556 3066/24/2556 2817/27/2556
f 2413/2/2557 2819/30/2557 3066/24/2557 2811/29/2557
f 2409/31/2558 2818/25/2558 3066/24/2558 2819/30/2558
f 2408/7/2559 2810/6/2559 3067/6/2559 2815/20/2559
f 2407/5/2559 2818/25/2559 3067/6/2559 2810/6/2559
f 2409/31/2559 2814/32/2559 3067/6/2559 2818/25/2559
f 2416/6/2559 2822/33/2559 3067/6/2559 2814/32/2559
f 2412/12/2559 2815/20/2559 3067/6/2559 2822/33/2559
f 2405/26/2560 2808/34/2560 3068/35/2560 2817/27/2560
f 2406/16/2561 2816/19/2561 3068/35/2561 2808/34/2561
f 2411/22/2562 2812/36/2562 3068/35/2562 2816/19/2562
f 2414/4/2563 2820/37/2563 3068/35/2563 2812/36/2563
f 2410/28/2564 2817/27/2564 3068/35/2564 2820/37/2564
f 2413/2/2565 2811/29/2565 3069/38/2565 2836/2/2565
f 2811/29/2566 2410/28/2566 2835/39/2566 3069/38/2566
f 3069/38/2567 2835/39/2567 2419/40/2567 2827/41/2567
f 2836/2/2568 3069/38/2568 2827/41/2568 2418/2/2568
f 2414/4/2569 2824/42/2569 3070/43/2569 2834/44/2569
f 2824/42/2570 2417/3/2570 2825/3/2570 3070/43/2570
f 3070/43/2571 2825/3/2571 2423/3/2571 2832/45/2571
f 2834/44/2572 3070/43/2572 2832/45/2572 2422/46/2572
f 2417/3/2573 2824/42/2573 3071/47/2573 2846/3/2573
f 2824/42/2574 2414/4/2574 2826/48/2574 3071/47/2574
f 3071/47/2575 2826/48/2575 2424/49/2575 2844/50/2575
f 2846/3/2576 3071/47/2576 2844/50/2576 2429/3/2576
f 2418/2/2005 2833/51/2005 3072/52/2005 2829/53/2005
f 2833/51/2005 2423/3/2005 2831/54/2005 3072/52/2005
f 3072/52/2005 2831/54/2005 2420/55/2005 2828/56/2005
f 2829/53/2005 3072/52/2005 2828/56/2005 2421/57/2005
f 2419/40/2005 2830/58/2005 3073/59/2005 2827/41/2005
f 2830/58/2005 2422/46/2005 2832/45/2005 3073/59/2005
f 3073/59/2005 2832/45/2005 2423/3/2005 2833/51/2005
f 2827/41/2005 3073/59/2005 2833/51/2005 2418/2/2005
f 2410/28/2577 2820/37/2577 3074/60/2577 2835/39/2577
f 2820/37/2578 2414/4/2578 2834/44/2578 3074/60/2578
f 3074/60/2579 2834/44/2579 2422/46/2579 2830/58/2579
f 2835/39/2580 3074/60/2580 2830/58/2580 2419/40/2580
f 2416/6/2581 2814/32/2581 3075/61/2581 2838/62/2581
f 2814/32/2582 2409/31/2582 2837/63/2582 3075/61/2582
f 3075/61/2583 2837/63/2583 2421/57/2583 2828/56/2583
f 2838/62/2584 3075/61/2584 2828/56/2584 2420/55/2584
f 2417/3/2585 2823/64/2585 3076/65/2585 2825/3/2585
f 2823/64/2586 2416/6/2586 2838/62/2586 3076/65/2586
f 3076/65/2587 2838/62/2587 2420/55/2587 2831/54/2587
f 2825/3/2588 3076/65/2588 2831/54/2588 2423/3/2588
f 2409/31/2589 2819/30/2589 3077/66/2589 2837/63/2589
f 2819/30/2590 2413/2/2590 2836/2/2590 3077/66/2590
f 3077/66/2591 2836/2/2591 2418/2/2591 2829/53/2591
f 2837/63/2592 3077/66/2592 2829/53/2592 2421/57/2592
f 2429/3/2005 2845/67/2005 3078/68/2005 2843/69/2005
f 2845/67/2005 2426/8/2005 2840/15/2005 3078/68/2005
f 3078/68/2005 2840/15/2005 2427/14/2005 2842/70/2005
f 2843/69/2005 3078/68/2005 2842/70/2005 2428/71/2005
f 2424/49/2005 2839/72/2005 3079/73/2005 2844/50/2005
f 2839/72/2005 2425/74/2005 2841/75/2005 3079/73/2005
f 3079/73/2005 2841/75/2005 2426/8/2005 2845/67/2005
f 2844/50/2005 3079/73/2005 2845/67/2005 2429/3/2005
f 2412/12/2593 2822/33/2593 3080/76/2593 2847/13/2593
f 2822/33/2594 2416/6/2594 2849/77/2594 3080/76/2594
f 3080/76/2595 2849/77/2595 2428/71/2595 2842/70/2595
f 2847/13/2596 3080/76/2596 2842/70/2596 2427/14/2596
f 2416/6/2597 2823/64/2597 3081/78/2597 2849/77/2597
f 2823/64/2598 2417/3/2598 2846/3/2598 3081/78/2598
f 3081/78/2599 2846/3/2599 2429/3/2599 2843/69/2599
f 2849/77/2600 3081/78/2600 2843/69/2600 2428/71/2600
f 2414/4/2601 2812/36/2601 3082/79/2601 2826/48/2601
f 2812/36/2602 2411/22/2602 2850/80/2602 3082/79/2602
f 3082/79/2603 2850/80/2603 2425/74/2603 2839/72/2603
f 2826/48/2604 3082/79/2604 2839/72/2604 2424/49/2604
f 2411/22/2605 2821/21/2605 3083/81/2605 2850/80/2605
f 2821/21/2606 2415/8/2606 2848/8/2606 3083/81/2606
f 3083/81/2607 2848/8/2607 2426/8/2607 2841/75/2607
f 2850/80/2608 3083/81/2608 2841/75/2608 2425/74/2608
f 2430/1/2109 2851/2/2109 3084/3/2108 2852/4/2108
f 2851/2/2109 2432/5/2609 2854/6/2110 3084/3/2108
f 3084/3/2108 2854/6/2110 2433/7/2108 2853/8/2108
f 2852/4/2108 3084/3/2108 2853/8/2108 2431/9/2108
f 2440/8/2610 2857/10/2610 3085/11/2610 2892/8/2610
f 2857/10/2611 2437/12/2611 2891/13/2611 3085/11/2611
f 3085/11/2612 2891/13/2612 2452/14/2612 2884/15/2612
f 2892/8/2613 3085/11/2613 2884/15/2613 2451/8/2613
f 2431/16/2614 2853/17/2614 3086/18/2614 2860/19/2614
f 2433/7/2615 2859/20/2615 3086/18/2615 2853/17/2615
f 2437/12/2616 2857/10/2616 3086/18/2616 2859/20/2616
f 2440/8/2617 2865/21/2617 3086/18/2617 2857/10/2617
f 2436/22/2618 2860/19/2618 3086/18/2618 2865/21/2618
f 2432/5/2619 2851/23/2619 3087/24/2619 2862/25/2619
f 2430/26/2620 2861/27/2620 3087/24/2620 2851/23/2620
f 2435/28/2621 2855/29/2621 3087/24/2621 2861/27/2621
f 2438/2/2622 2863/30/2622 3087/24/2622 2855/29/2622
f 2434/31/2623 2862/25/2623 3087/24/2623 2863/30/2623
f 2433/7/2624 2854/6/2625 3088/6/2625 2859/20/2625
f 2432/5/2625 2862/25/2625 3088/6/2625 2854/6/2625
f 2434/31/2625 2858/32/2626 3088/6/2625 2862/25/2625
f 2441/6/2626 2866/33/2625 3088/6/2625 2858/32/2626
f 2437/12/2625 2859/20/2625 3088/6/2625 2866/33/2625
f 2430/26/2627 2852/34/2627 3089/35/2627 2861/27/2627
f 2431/16/2628 2860/19/2628 3089/35/2628 2852/34/2628
f 2436/22/2629 2856/36/2629 3089/35/2629 2860/19/2629
f 2439/4/2630 2864/37/2630 3089/35/2630 2856/36/2630
f 2435/28/2631 2861/27/2631 3089/35/2631 2864/37/2631
f 2438/2/2632 2855/29/2632 3090/38/2632 2880/2/2632
f 2855/29/2633 2435/28/2633 2879/39/2633 3090/38/2633
f 3090/38/2634 2879/39/2634 2444/40/2634 2871/41/2634
f 2880/2/2635 3090/38/2635 2871/41/2635 2443/2/2635
f 2439/4/2636 2868/42/2636 3091/43/2636 2878/44/2636
f 2868/42/2637 2442/3/2637 2869/3/2637 3091/43/2637
f 3091/43/2638 2869/3/2638 2448/3/2638 2876/45/2638
f 2878/44/2639 3091/43/2639 2876/45/2639 2447/46/2639
f 2442/3/2640 2868/42/2640 3092/47/2640 2890/3/2640
f 2868/42/2641 2439/4/2641 2870/48/2641 3092/47/2641
f 3092/47/2642 2870/48/2642 2449/49/2642 2888/50/2642
f 2890/3/2643 3092/47/2643 2888/50/2643 2454/3/2643
f 2443/2/2073 2877/51/2073 3093/52/2073 2873/53/2073
f 2877/51/2073 2448/3/2073 2875/54/2073 3093/52/2073
f 3093/52/2073 2875/54/2073 2445/55/2073 2872/56/2073
f 2873/53/2073 3093/52/2073 2872/56/2073 2446/57/2073
f 2444/40/2074 2874/58/2073 3094/59/2073 2871/41/2073
f 2874/58/2073 2447/46/2073 2876/45/2073 3094/59/2073
f 3094/59/2073 2876/45/2073 2448/3/2073 2877/51/2073
f 2871/41/2073 3094/59/2073 2877/51/2073 2443/2/2073
f 2435/28/2644 2864/37/2644 3095/60/2644 2879/39/2644
f 2864/37/2645 2439/4/2645 2878/44/2645 3095/60/2645
f 3095/60/2646 2878/44/2646 2447/46/2646 2874/58/2646
f 2879/39/2647 3095/60/2647 2874/58/2647 2444/40/2647
f 2441/6/2648 2858/32/2648 3096/61/2648 2882/62/2648
f 2858/32/2649 2434/31/2649 2881/63/2649 3096/61/2649
f 3096/61/2650 2881/63/2650 2446/57/2650 2872/56/2650
f 2882/62/2651 3096/61/2651 2872/56/2651 2445/55/2651
f 2442/3/2652 2867/64/2652 3097/65/2652 2869/3/2652
f 2867/64/2653 2441/6/2653 2882/62/2653 3097/65/2653
f 3097/65/2654 2882/62/2654 2445/55/2654 2875/54/2654
f 2869/3/2655 3097/65/2655 2875/54/2655 2448/3/2655
f 2434/31/2656 2863/30/2656 3098/66/2656 2881/63/2656
f 2863/30/2657 2438/2/2657 2880/2/2657 3098/66/2657
f 3098/66/2658 2880/2/2658 2443/2/2658 2873/53/2658
f 2881/63/2659 3098/66/2659 2873/53/2659 2446/57/2659
f 2454/3/2073 2889/67/2073 3099/68/2073 2887/69/2073
f 2889/67/2073 2451/8/2073 2884/15/2073 3099/68/2073
f 3099/68/2073 2884/15/2073 2452/14/2073 2886/70/2073
f 2887/69/2073 3099/68/2073 2886/70/2073 2453/71/2073
f 2449/49/2073 2883/72/2073 3100/73/2073 2888/50/2073
f 2883/72/2073 2450/74/2660 2885/75/2074 3100/73/2073
f 3100/73/2073 2885/75/2074 2451/8/2073 2889/67/2073
f 2888/50/2073 3100/73/2073 2889/67/2073 2454/3/2073
f 2437/12/2661 2866/33/2661 3101/76/2661 2891/13/2661
f 2866/33/2662 2441/6/2662 2893/77/2662 3101/76/2662
f 3101/76/2663 2893/77/2663 2453/71/2663 2886/70/2663
f 2891/13/2664 3101/76/2664 2886/70/2664 2452/14/2664
f 2441/6/2665 2867/64/2665 3102/78/2665 2893/77/2665
f 2867/64/2666 2442/3/2666 2890/3/2666 3102/78/2666
f 3102/78/2667 2890/3/2667 2454/3/2667 2887/69/2667
f 2893/77/2668 3102/78/2668 2887/69/2668 2453/71/2668
f 2439/4/2669 2856/36/2669 3103/79/2669 2870/48/2669
f 2856/36/2670 2436/22/2670 2894/80/2670 3103/79/2670
f 3103/79/2671 2894/80/2671 2450/74/2671 2883/72/2671
f 2870/48/2672 3103/79/2672 2883/72/2672 2449/49/2672
f 2436/22/2673 2865/21/2673 3104/81/2673 2894/80/2673
f 2865/21/2674 2440/8/2674 2892/8/2674 3104/81/2674
f 3104/81/2675 2892/8/2675 2451/8/2675 2885/75/2675
f 2894/80/2676 3104/81/2676 2885/75/2676 2450/74/2676
usemtl Matte_Black.003
f 1659/1/1708 1660/1/1708 1724/1/1708 1723/1/1708
f 1712/1/1709 1649/1/1709 1713/1/1709 1776/1/1709
f 1686/1/1710 1687/1/1710 1751/1/1710 1750/1/1710
f 1660/1/1711 1661/1/1711 1725/1/1711 1724/1/1711
f 1687/1/1712 1688/1/1712 1752/1/1712 1751/1/1712
f 1661/1/1713 1662/1/1713 1726/1/1713 1725/1/1713
f 1688/1/1714 1689/1/1714 1753/1/1714 1752/1/1714
f 1662/1/1715 1663/1/1715 1727/1/1715 1726/1/1715
f 1689/1/1716 1690/1/1716 1754/1/1716 1753/1/1716
f 1663/1/1717 1664/1/1717 1728/1/1717 1727/1/1717
f 1690/1/1718 1691/1/1718 1755/1/1718 1754/1/1718
f 1664/1/1719 1665/1/1719 1729/1/1719 1728/1/1719
f 1691/1/1720 1692/1/1720 1756/1/1720 1755/1/1720
f 1665/1/1721 1666/1/1721 1730/1/1721 1729/1/1721
f 1692/1/1722 1693/1/1722 1757/1/1722 1756/1/1722
f 1666/1/1723 1667/1/1723 1731/1/1723 1730/1/1723
f 1693/1/1724 1694/1/1724 1758/1/1724 1757/1/1724
f 1667/1/1725 1668/1/1725 1732/1/1725 1731/1/1725
f 1694/1/1726 1695/1/1726 1759/1/1726 1758/1/1726
f 1668/1/1727 1669/1/1727 1733/1/1727 1732/1/1727
f 1695/1/1728 1696/1/1728 1760/1/1728 1759/1/1728
f 1669/1/1729 1670/1/1729 1734/1/1729 1733/1/1729
f 1696/1/1730 1697/1/1730 1761/1/1730 1760/1/1730
f 1670/1/1731 1671/1/1731 1735/1/1731 1734/1/1731
f 1697/1/1732 1698/1/1732 1762/1/1732 1761/1/1732
f 1671/1/1733 1672/1/1733 1736/1/1733 1735/1/1733
f 1698/1/1734 1699/1/1734 1763/1/1734 1762/1/1734
f 1672/1/1735 1673/1/1735 1737/1/1735 1736/1/1735
f 1699/1/1736 1700/1/1736 1764/1/1736 1763/1/1736
f 1673/1/1737 1674/1/1737 1738/1/1737 1737/1/1737
f 1700/1/1738 1701/1/1738 1765/1/1738 1764/1/1738
f 1674/1/1739 1675/1/1739 1739/1/1739 1738/1/1739
f 1701/1/1740 1702/1/1740 1766/1/1740 1765/1/1740
f 1675/1/1741 1676/1/1741 1740/1/1741 1739/1/1741
f 1649/1/1742 1650/1/1742 1714/1/1742 1713/1/1742
f 1702/1/1743 1703/1/1743 1767/1/1743 1766/1/1743
f 1676/1/1744 1677/1/1744 1741/1/1744 1740/1/1744
f 1650/1/1745 1651/1/1745 1715/1/1745 1714/1/1745
f 1703/1/1746 1704/1/1746 1768/1/1746 1767/1/1746
f 1677/1/1747 1678/1/1747 1742/1/1747 1741/1/1747
f 1651/1/1748 1652/1/1748 1716/1/1748 1715/1/1748
f 1704/1/1749 1705/1/1749 1769/1/1749 1768/1/1749
f 1678/1/1750 1679/1/1750 1743/1/1750 1742/1/1750
f 1652/1/1751 1653/1/1751 1717/1/1751 1716/1/1751
f 1705/1/1752 1706/1/1752 1770/1/1752 1769/1/1752
f 1679/1/1753 1680/1/1753 1744/1/1753 1743/1/1753
f 1653/1/1754 1654/1/1754 1718/1/1754 1717/1/1754
f 1706/1/1755 1707/1/1755 1771/1/1755 1770/1/1755
f 1680/1/1756 1681/1/1756 1745/1/1756 1744/1/1756
f 1654/1/1757 1655/1/1757 1719/1/1757 1718/1/1757
f 1707/1/1758 1708/1/1758 1772/1/1758 1771/1/1758
f 1681/1/1759 1682/1/1759 1746/1/1759 1745/1/1759
f 1655/1/1760 1656/1/1760 1720/1/1760 1719/1/1760
f 1708/1/1761 1709/1/1761 1773/1/1761 1772/1/1761
f 1682/1/1762 1683/1/1762 1747/1/1762 1746/1/1762
f 1656/1/1763 1657/1/1763 1721/1/1763 1720/1/1763
f 1709/1/1764 1710/1/1764 1774/1/1764 1773/1/1764
f 1683/1/1765 1684/1/1765 1748/1/1765 1747/1/1765
f 1657/1/1766 1658/1/1766 1722/1/1766 1721/1/1766
f 1710/1/1767 1711/1/1767 1775/1/1767 1774/1/1767
f 1684/1/1768 1685/1/1768 1749/1/1768 1748/1/1768
f 1658/1/1769 1659/1/1769 1723/1/1769 1722/1/1769
f 1711/1/1770 1712/1/1770 1776/1/1770 1775/1/1770
f 1685/1/1771 1686/1/1771 1750/1/1771 1749/1/1771
f 1764/1/1772 1765/1/1772 1829/1/1772 1828/1/1772
f 1738/1/1773 1739/1/1773 1803/1/1773 1802/1/1773
f 1765/1/1774 1766/1/1774 1830/1/1774 1829/1/1774
f 1739/1/1775 1740/1/1775 1804/1/1775 1803/1/1775
f 1713/1/1776 1714/1/1776 1778/1/1776 1777/1/1776
f 1766/1/1777 1767/1/1777 1831/1/1777 1830/1/1777
f 1740/1/1778 1741/1/1778 1805/1/1778 1804/1/1778
f 1714/1/1779 1715/1/1779 1779/1/1779 1778/1/1779
f 1767/1/1780 1768/1/1780 1832/1/1780 1831/1/1780
f 1741/1/1781 1742/1/1781 1806/1/1781 1805/1/1781
f 1715/1/1782 1716/1/1782 1780/1/1782 1779/1/1782
f 1768/1/1783 1769/1/1783 1833/1/1783 1832/1/1783
f 1742/1/1784 1743/1/1784 1807/1/1784 1806/1/1784
f 1716/1/1785 1717/1/1785 1781/1/1785 1780/1/1785
f 1769/1/1786 1770/1/1786 1834/1/1786 1833/1/1786
f 1743/1/1787 1744/1/1787 1808/1/1787 1807/1/1787
f 1717/1/1788 1718/1/1788 1782/1/1788 1781/1/1788
f 1770/1/1789 1771/1/1789 1835/1/1789 1834/1/1789
f 1744/1/1790 1745/1/1790 1809/1/1790 1808/1/1790
f 1718/1/1791 1719/1/1791 1783/1/1791 1782/1/1791
f 1771/1/1792 1772/1/1792 1836/1/1792 1835/1/1792
f 1745/1/1793 1746/1/1793 1810/1/1793 1809/1/1793
f 1719/1/1794 1720/1/1794 1784/1/1794 1783/1/1794
f 1772/1/1795 1773/1/1795 1837/1/1795 1836/1/1795
f 1746/1/1796 1747/1/1796 1811/1/1796 1810/1/1796
f 1720/1/1797 1721/1/1797 1785/1/1797 1784/1/1797
f 1773/1/1798 1774/1/1798 1838/1/1798 1837/1/1798
f 1747/1/1799 1748/1/1799 1812/1/1799 1811/1/1799
f 1721/1/1800 1722/1/1800 1786/1/1800 1785/1/1800
f 1774/1/1801 1775/1/1801 1839/1/1801 1838/1/1801
f 1748/1/1802 1749/1/1802 1813/1/1802 1812/1/1802
f 1722/1/1803 1723/1/1803 1787/1/1803 1786/1/1803
f 1775/1/1804 1776/1/1804 1840/1/1804 1839/1/1804
f 1749/1/1805 1750/1/1805 1814/1/1805 1813/1/1805
f 1723/1/1806 1724/1/1806 1788/1/1806 1787/1/1806
f 1776/1/1807 1713/1/1807 1777/1/1807 1840/1/1807
f 1750/1/1808 1751/1/1808 1815/1/1808 1814/1/1808
f 1724/1/1809 1725/1/1809 1789/1/1809 1788/1/1809
f 1751/1/1810 1752/1/1810 1816/1/1810 1815/1/1810
f 1725/1/1811 1726/1/1811 1790/1/1811 1789/1/1811
f 1752/1/1812 1753/1/1812 1817/1/1812 1816/1/1812
f 1726/1/1813 1727/1/1813 1791/1/1813 1790/1/1813
f 1753/1/1814 1754/1/1814 1818/1/1814 1817/1/1814
f 1727/1/1815 1728/1/1815 1792/1/1815 1791/1/1815
f 1754/1/1816 1755/1/1816 1819/1/1816 1818/1/1816
f 1728/1/1817 1729/1/1817 1793/1/1817 1792/1/1817
f 1755/1/1818 1756/1/1818 1820/1/1818 1819/1/1818
f 1729/1/1819 1730/1/1819 1794/1/1819 1793/1/1819
f 1756/1/1820 1757/1/1820 1821/1/1820 1820/1/1820
f 1730/1/1821 1731/1/1821 1795/1/1821 1794/1/1821
f 1757/1/1822 1758/1/1822 1822/1/1822 1821/1/1822
f 1731/1/1823 1732/1/1823 1796/1/1823 1795/1/1823
f 1758/1/1824 1759/1/1824 1823/1/1824 1822/1/1824
f 1732/1/1825 1733/1/1825 1797/1/1825 1796/1/1825
f 1759/1/1826 1760/1/1826 1824/1/1826 1823/1/1826
f 1733/1/1827 1734/1/1827 1798/1/1827 1797/1/1827
f 1760/1/1828 1761/1/1828 1825/1/1828 1824/1/1828
f 1734/1/1829 1735/1/1829 1799/1/1829 1798/1/1829
f 1761/1/1830 1762/1/1830 1826/1/1830 1825/1/1830
f 1735/1/1831 1736/1/1831 1800/1/1831 1799/1/1831
f 1762/1/1832 1763/1/1832 1827/1/1832 1826/1/1832
f 1736/1/1833 1737/1/1833 1801/1/1833 1800/1/1833
f 1763/1/1834 1764/1/1834 1828/1/1834 1827/1/1834
f 1737/1/1835 1738/1/1835 1802/1/1835 1801/1/1835
f 1831/1/1836 1832/1/1836 1896/1/1836 1895/1/1836
f 1805/1/1837 1806/1/1837 1870/1/1837 1869/1/1837
f 1779/1/1838 1780/1/1838 1844/1/1838 1843/1/1838
f 1832/1/1839 1833/1/1839 1897/1/1839 1896/1/1839
f 1806/1/1840 1807/1/1840 1871/1/1840 1870/1/1840
f 1780/1/1841 1781/1/1841 1845/1/1841 1844/1/1841
f 1833/1/1842 1834/1/1842 1898/1/1842 1897/1/1842
f 1807/1/1843 1808/1/1843 1872/1/1843 1871/1/1843
f 1781/1/1844 1782/1/1844 1846/1/1844 1845/1/1844
f 1834/1/1845 1835/1/1845 1899/1/1845 1898/1/1845
f 1808/1/1846 1809/1/1846 1873/1/1846 1872/1/1846
f 1782/1/1847 1783/1/1847 1847/1/1847 1846/1/1847
f 1835/1/1848 1836/1/1848 1900/1/1848 1899/1/1848
f 1809/1/1849 1810/1/1849 1874/1/1849 1873/1/1849
f 1783/1/1850 1784/1/1850 1848/1/1850 1847/1/1850
f 1836/1/1851 1837/1/1851 1901/1/1851 1900/1/1851
f 1810/1/1852 1811/1/1852 1875/1/1852 1874/1/1852
f 1784/1/1853 1785/1/1853 1849/1/1853 1848/1/1853
f 1837/1/1854 1838/1/1854 1902/1/1854 1901/1/1854
f 1811/1/1855 1812/1/1855 1876/1/1855 1875/1/1855
f 1785/1/1856 1786/1/1856 1850/1/1856 1849/1/1856
f 1838/1/1857 1839/1/1857 1903/1/1857 1902/1/1857
f 1812/1/1858 1813/1/1858 1877/1/1858 1876/1/1858
f 1786/1/1859 1787/1/1859 1851/1/1859 1850/1/1859
f 1839/1/1860 1840/1/1860 1904/1/1860 1903/1/1860
f 1813/1/1861 1814/1/1861 1878/1/1861 1877/1/1861
f 1787/1/1862 1788/1/1862 1852/1/1862 1851/1/1862
f 1840/1/1863 1777/1/1863 1841/1/1863 1904/1/1863
f 1814/1/1864 1815/1/1864 1879/1/1864 1878/1/1864
f 1788/1/1865 1789/1/1865 1853/1/1865 1852/1/1865
f 1815/1/1866 1816/1/1866 1880/1/1866 1879/1/1866
f 1789/1/1867 1790/1/1867 1854/1/1867 1853/1/1867
f 1816/1/1868 1817/1/1868 1881/1/1868 1880/1/1868
f 1790/1/1869 1791/1/1869 1855/1/1869 1854/1/1869
f 1817/1/1870 1818/1/1870 1882/1/1870 1881/1/1870
f 1791/1/1871 1792/1/1871 1856/1/1871 1855/1/1871
f 1818/1/1872 1819/1/1872 1883/1/1872 1882/1/1872
f 1792/1/1873 1793/1/1873 1857/1/1873 1856/1/1873
f 1819/1/1874 1820/1/1874 1884/1/1874 1883/1/1874
f 1793/1/1875 1794/1/1875 1858/1/1875 1857/1/1875
f 1820/1/1876 1821/1/1876 1885/1/1876 1884/1/1876
f 1794/1/1877 1795/1/1877 1859/1/1877 1858/1/1877
f 1821/1/1878 1822/1/1878 1886/1/1878 1885/1/1878
f 1795/1/1879 1796/1/1879 1860/1/1879 1859/1/1879
f 1822/1/1880 1823/1/1880 1887/1/1880 1886/1/1880
f 1796/1/1881 1797/1/1881 1861/1/1881 1860/1/1881
f 1823/1/1882 1824/1/1882 1888/1/1882 1887/1/1882
f 1797/1/1883 1798/1/1883 1862/1/1883 1861/1/1883
f 1824/1/1884 1825/1/1884 1889/1/1884 1888/1/1884
f 1798/1/1885 1799/1/1885 1863/1/1885 1862/1/1885
f 1825/1/1886 1826/1/1886 1890/1/1886 1889/1/1886
f 1799/1/1887 1800/1/1887 1864/1/1887 1863/1/1887
f 1826/1/1888 1827/1/1888 1891/1/1888 1890/1/1888
f 1800/1/1889 1801/1/1889 1865/1/1889 1864/1/1889
f 1827/1/1890 1828/1/1890 1892/1/1890 1891/1/1890
f 1801/1/1891 1802/1/1891 1866/1/1891 1865/1/1891
f 1828/1/1892 1829/1/1892 1893/1/1892 1892/1/1892
f 1802/1/1893 1803/1/1893 1867/1/1893 1866/1/1893
f 1829/1/1894 1830/1/1894 1894/1/1894 1893/1/1894
f 1803/1/1895 1804/1/1895 1868/1/1895 1867/1/1895
f 1777/1/1896 1778/1/1896 1842/1/1896 1841/1/1896
f 1830/1/1897 1831/1/1897 1895/1/1897 1894/1/1897
f 1804/1/1898 1805/1/1898 1869/1/1898 1868/1/1898
f 1778/1/1899 1779/1/1899 1843/1/1899 1842/1/1899
f 1898/1/1900 1899/1/1900 1963/1/1900 1962/1/1900
f 1872/1/1900 1873/1/1900 1937/1/1900 1936/1/1900
f 1846/1/1900 1847/1/1900 1911/1/1900 1910/1/1900
f 1899/1/1900 1900/1/1900 1964/1/1900 1963/1/1900
f 1873/1/1900 1874/1/1900 1938/1/1900 1937/1/1900
f 1847/1/1900 1848/1/1900 1912/1/1900 1911/1/1900
f 1900/1/1900 1901/1/1900 1965/1/1900 1964/1/1900
f 1874/1/1900 1875/1/1900 1939/1/1900 1938/1/1900
f 1848/1/1900 1849/1/1900 1913/1/1900 1912/1/1900
f 1901/1/1900 1902/1/1900 1966/1/1900 1965/1/1900
f 1875/1/1900 1876/1/1900 1940/1/1900 1939/1/1900
f 1849/1/1900 1850/1/1900 1914/1/1900 1913/1/1900
f 1902/1/1900 1903/1/1900 1967/1/1900 1966/1/1900
f 1876/1/1900 1877/1/1900 1941/1/1900 1940/1/1900
f 1850/1/1900 1851/1/1900 1915/1/1900 1914/1/1900
f 1903/1/1900 1904/1/1900 1968/1/1900 1967/1/1900
f 1877/1/1900 1878/1/1900 1942/1/1900 1941/1/1900
f 1851/1/1900 1852/1/1900 1916/1/1900 1915/1/1900
f 1904/1/1900 1841/1/1900 1905/1/1900 1968/1/1900
f 1878/1/1900 1879/1/1900 1943/1/1900 1942/1/1900
f 1852/1/1900 1853/1/1900 1917/1/1900 1916/1/1900
f 1879/1/1900 1880/1/1900 1944/1/1900 1943/1/1900
f 1853/1/1900 1854/1/1900 1918/1/1900 1917/1/1900
f 1880/1/1900 1881/1/1900 1945/1/1900 1944/1/1900
f 1854/1/1900 1855/1/1900 1919/1/1900 1918/1/1900
f 1881/1/1900 1882/1/1900 1946/1/1900 1945/1/1900
f 1855/1/1900 1856/1/1900 1920/1/1900 1919/1/1900
f 1882/1/1900 1883/1/1900 1947/1/1900 1946/1/1900
f 1856/1/1900 1857/1/1900 1921/1/1900 1920/1/1900
f 1883/1/1900 1884/1/1900 1948/1/1900 1947/1/1900
f 1857/1/1900 1858/1/1900 1922/1/1900 1921/1/1900
f 1884/1/1900 1885/1/1900 1949/1/1900 1948/1/1900
f 1858/1/1900 1859/1/1900 1923/1/1900 1922/1/1900
f 1885/1/1900 1886/1/1900 1950/1/1900 1949/1/1900
f 1859/1/1900 1860/1/1900 1924/1/1900 1923/1/1900
f 1886/1/1900 1887/1/1900 1951/1/1900 1950/1/1900
f 1860/1/1900 1861/1/1900 1925/1/1900 1924/1/1900
f 1887/1/1900 1888/1/1900 1952/1/1900 1951/1/1900
f 1861/1/1900 1862/1/1900 1926/1/1900 1925/1/1900
f 1888/1/1900 1889/1/1900 1953/1/1900 1952/1/1900
f 1862/1/1900 1863/1/1900 1927/1/1900 1926/1/1900
f 1889/1/1900 1890/1/1900 1954/1/1900 1953/1/1900
f 1863/1/1900 1864/1/1900 1928/1/1900 1927/1/1900
f 1890/1/1900 1891/1/1900 1955/1/1900 1954/1/1900
f 1864/1/1900 1865/1/1900 1929/1/1900 1928/1/1900
f 1891/1/1900 1892/1/1900 1956/1/1900 1955/1/1900
f 1865/1/1900 1866/1/1900 1930/1/1900 1929/1/1900
f 1892/1/1900 1893/1/1900 1957/1/1900 1956/1/1900
f 1866/1/1900 1867/1/1900 1931/1/1900 1930/1/1900
f 1893/1/1900 1894/1/1900 1958/1/1900 1957/1/1900
f 1867/1/1900 1868/1/1900 1932/1/1900 1931/1/1900
f 1841/1/1900 1842/1/1900 1906/1/1900 1905/1/1900
f 1894/1/1900 1895/1/1900 1959/1/1900 1958/1/1900
f 1868/1/1900 1869/1/1900 1933/1/1900 1932/1/1900
f 1842/1/1900 1843/1/1900 1907/1/1900 1906/1/1900
f 1895/1/1900 1896/1/1901 1960/1/1901 1959/1/1900
f 1869/1/1900 1870/1/1900 1934/1/1900 1933/1/1900
f 1843/1/1900 1844/1/1900 1908/1/1900 1907/1/1900
f 1896/1/1901 1897/1/1900 1961/1/1900 1960/1/1901
f 1870/1/1900 1871/1/1900 1935/1/1900 1934/1/1900
f 1844/1/1900 1845/1/1900 1909/1/1900 1908/1/1900
f 1897/1/1900 1898/1/1900 1962/1/1900 1961/1/1900
f 1871/1/1900 1872/1/1900 1936/1/1900 1935/1/1900
f 1845/1/1900 1846/1/1900 1910/1/1900 1909/1/1900
usemtl Material.012
f 2008/1/1902 2009/1/1902 2105/1/1902 2104/1/1902
f 2001/1/1903 2002/1/1903 1969/1/1903 1970/1/1903
f 2003/1/1903 2001/1/1903 1970/1/1903 1971/1/1903
f 2004/1/1903 2003/1/1903 1971/1/1903 1972/1/1903
f 2005/1/1903 2004/1/1903 1972/1/1903 1973/1/1903
f 2006/1/1903 2005/1/1903 1973/1/1903 1974/1/1903
f 2007/1/1903 2006/1/1903 1974/1/1903 1975/1/1903
f 2008/1/1903 2007/1/1903 1975/1/1903 1976/1/1903
f 2009/1/1903 2008/1/1903 1976/1/1903 1977/1/1903
f 2010/1/1903 2009/1/1903 1977/1/1903 1978/1/1903
f 2011/1/1903 2010/1/1903 1978/1/1903 1979/1/1903
f 2012/1/1903 2011/1/1903 1979/1/1903 1980/1/1903
f 2013/1/1903 2012/1/1903 1980/1/1903 1981/1/1903
f 2014/1/1903 2013/1/1903 1981/1/1903 1982/1/1903
f 2015/1/1903 2014/1/1903 1982/1/1903 1983/1/1903
f 2016/1/1903 2015/1/1903 1983/1/1903 1984/1/1903
f 2017/1/1903 2016/1/1903 1984/1/1903 1985/1/1903
f 2018/1/1903 2017/1/1903 1985/1/1903 1986/1/1903
f 2019/1/1903 2018/1/1903 1986/1/1903 1987/1/1903
f 2020/1/1903 2019/1/1903 1987/1/1903 1988/1/1903
f 2021/1/1903 2020/1/1903 1988/1/1903 1989/1/1903
f 2022/1/1903 2021/1/1903 1989/1/1903 1990/1/1903
f 2023/1/1903 2022/1/1903 1990/1/1903 1991/1/1903
f 2024/1/1903 2023/1/1903 1991/1/1903 1992/1/1903
f 2025/1/1903 2024/1/1903 1992/1/1903 1993/1/1903
f 2026/1/1903 2025/1/1903 1993/1/1903 1994/1/1903
f 2027/1/1903 2026/1/1903 1994/1/1903 1995/1/1903
f 2028/1/1903 2027/1/1903 1995/1/1903 1996/1/1903
f 2029/1/1903 2028/1/1903 1996/1/1903 1997/1/1903
f 2030/1/1903 2029/1/1903 1997/1/1903 1998/1/1903
f 2031/1/1903 2030/1/1903 1998/1/1903 1999/1/1903
f 2032/1/1903 2031/1/1903 1999/1/1903 2000/1/1903
f 2002/1/1903 2032/1/1903 2000/1/1903 1969/1/1903
f 2046/1/1904 2047/1/1904 2143/1/1904 2142/1/1904
f 2022/1/1905 2023/1/1905 2119/1/1905 2118/1/1905
f 2009/1/1906 2010/1/1906 2106/1/1906 2105/1/1906
f 2023/1/1907 2024/1/1907 2120/1/1907 2119/1/1907
f 2010/1/1908 2011/1/1908 2107/1/1908 2106/1/1908
f 2024/1/1909 2025/1/1909 2121/1/1909 2120/1/1909
f 2011/1/1910 2012/1/1910 2108/1/1910 2107/1/1910
f 2025/1/1911 2026/1/1911 2122/1/1911 2121/1/1911
f 2012/1/1912 2013/1/1912 2109/1/1912 2108/1/1912
f 2026/1/1913 2027/1/1913 2123/1/1913 2122/1/1913
f 2013/1/1914 2014/1/1914 2110/1/1914 2109/1/1914
f 2027/1/1915 2028/1/1915 2124/1/1915 2123/1/1915
f 2014/1/1916 2015/1/1916 2111/1/1916 2110/1/1916
f 2002/1/1917 2001/1/1917 2097/1/1917 2098/1/1917
f 2028/1/1918 2029/1/1918 2125/1/1918 2124/1/1918
f 2015/1/1919 2016/1/1919 2112/1/1919 2111/1/1919
f 2001/1/1920 2003/1/1920 2099/1/1920 2097/1/1920
f 2029/1/1921 2030/1/1921 2126/1/1921 2125/1/1921
f 2016/1/1922 2017/1/1922 2113/1/1922 2112/1/1922
f 2003/1/1923 2004/1/1923 2100/1/1923 2099/1/1923
f 2030/1/1924 2031/1/1924 2127/1/1924 2126/1/1924
f 2017/1/1925 2018/1/1925 2114/1/1925 2113/1/1925
f 2004/1/1926 2005/1/1926 2101/1/1926 2100/1/1926
f 2031/1/1927 2032/1/1927 2128/1/1927 2127/1/1927
f 2018/1/1928 2019/1/1928 2115/1/1928 2114/1/1928
f 2005/1/1929 2006/1/1929 2102/1/1929 2101/1/1929
f 2032/1/1930 2002/1/1930 2098/1/1930 2128/1/1930
f 2019/1/1931 2020/1/1931 2116/1/1931 2115/1/1931
f 2006/1/1932 2007/1/1932 2103/1/1932 2102/1/1932
f 2020/1/1933 2021/1/1933 2117/1/1933 2116/1/1933
f 2007/1/1934 2008/1/1934 2104/1/1934 2103/1/1934
f 2021/1/1935 2022/1/1935 2118/1/1935 2117/1/1935
f 1972/1/1936 1971/1/1936 2067/1/1936 2068/1/1936
f 1999/1/1937 1998/1/1937 2094/1/1937 2095/1/1937
f 1986/1/1938 1985/1/1938 2081/1/1938 2082/1/1938
f 1973/1/1939 1972/1/1939 2068/1/1939 2069/1/1939
f 2000/1/1940 1999/1/1940 2095/1/1940 2096/1/1940
f 1987/1/1941 1986/1/1941 2082/1/1941 2083/1/1941
f 1974/1/1942 1973/1/1942 2069/1/1942 2070/1/1942
f 1969/1/1943 2000/1/1943 2096/1/1943 2065/1/1943
f 1988/1/1944 1987/1/1944 2083/1/1944 2084/1/1944
f 1975/1/1945 1974/1/1945 2070/1/1945 2071/1/1945
f 1989/1/1946 1988/1/1946 2084/1/1946 2085/1/1946
f 1976/1/1947 1975/1/1947 2071/1/1947 2072/1/1947
f 1990/1/1948 1989/1/1948 2085/1/1948 2086/1/1948
f 1977/1/1949 1976/1/1949 2072/1/1949 2073/1/1949
f 1991/1/1950 1990/1/1950 2086/1/1950 2087/1/1950
f 1978/1/1951 1977/1/1951 2073/1/1951 2074/1/1951
f 1992/1/1952 1991/1/1952 2087/1/1952 2088/1/1952
f 1979/1/1953 1978/1/1953 2074/1/1953 2075/1/1953
f 1993/1/1954 1992/1/1954 2088/1/1954 2089/1/1954
f 1980/1/1955 1979/1/1955 2075/1/1955 2076/1/1955
f 1994/1/1956 1993/1/1956 2089/1/1956 2090/1/1956
f 1981/1/1957 1980/1/1957 2076/1/1957 2077/1/1957
f 1995/1/1958 1994/1/1958 2090/1/1958 2091/1/1958
f 1982/1/1959 1981/1/1959 2077/1/1959 2078/1/1959
f 1996/1/1960 1995/1/1960 2091/1/1960 2092/1/1960
f 1983/1/1961 1982/1/1961 2078/1/1961 2079/1/1961
f 1970/1/1962 1969/1/1962 2065/1/1962 2066/1/1962
f 1997/1/1963 1996/1/1963 2092/1/1963 2093/1/1963
f 1984/1/1964 1983/1/1964 2079/1/1964 2080/1/1964
f 1971/1/1965 1970/1/1965 2066/1/1965 2067/1/1965
f 1998/1/1966 1997/1/1966 2093/1/1966 2094/1/1966
f 1985/1/1967 1984/1/1967 2080/1/1967 2081/1/1967
f 2066/1/1968 2065/1/1968 2096/1/1968 2095/1/1968 2094/1/1968 2093/1/1968 2092/1/1968 2091/1/1968 2090/1/1968 2089/1/1968 2088/1/1968 2087/1/1968 2086/1/1968 2085/1/1968 2084/1/1968 2083/1/1968 2082/1/1968 2081/1/1968 2080/1/1968 2079/1/1968 2078/1/1968 2077/1/1968 2076/1/1968 2075/1/1968 2074/1/1968 2073/1/1968 2072/1/1968 2071/1/1968 2070/1/1968 2069/1/1968 2068/1/1968 2067/1/1968
f 2033/1/1903 2034/1/1903 2098/1/1903 2097/1/1903
f 2035/1/1903 2033/1/1903 2097/1/1903 2099/1/1903
f 2036/1/1903 2035/1/1903 2099/1/1903 2100/1/1903
f 2037/1/1903 2036/1/1903 2100/1/1903 2101/1/1903
f 2038/1/1903 2037/1/1903 2101/1/1903 2102/1/1903
f 2039/1/1903 2038/1/1903 2102/1/1903 2103/1/1903
f 2040/1/1903 2039/1/1903 2103/1/1903 2104/1/1903
f 2041/1/1903 2040/1/1903 2104/1/1903 2105/1/1903
f 2042/1/1903 2041/1/1903 2105/1/1903 2106/1/1903
f 2043/1/1903 2042/1/1903 2106/1/1903 2107/1/1903
f 2044/1/1903 2043/1/1903 2107/1/1903 2108/1/1903
f 2045/1/1903 2044/1/1903 2108/1/1903 2109/1/1903
f 2046/1/1903 2045/1/1903 2109/1/1903 2110/1/1903
f 2047/1/1903 2046/1/1903 2110/1/1903 2111/1/1903
f 2048/1/1903 2047/1/1903 2111/1/1903 2112/1/1903
f 2049/1/1903 2048/1/1903 2112/1/1903 2113/1/1903
f 2050/1/1903 2049/1/1903 2113/1/1903 2114/1/1903
f 2051/1/1903 2050/1/1903 2114/1/1903 2115/1/1903
f 2052/1/1903 2051/1/1903 2115/1/1903 2116/1/1903
f 2053/1/1903 2052/1/1903 2116/1/1903 2117/1/1903
f 2054/1/1969 2053/1/1903 2117/1/1903 2118/1/1969
f 2055/1/1969 2054/1/1969 2118/1/1969 2119/1/1969
f 2056/1/1903 2055/1/1969 2119/1/1969 2120/1/1903
f 2057/1/1903 2056/1/1903 2120/1/1903 2121/1/1903
f 2058/1/1903 2057/1/1903 2121/1/1903 2122/1/1903
f 2059/1/1903 2058/1/1903 2122/1/1903 2123/1/1903
f 2060/1/1903 2059/1/1903 2123/1/1903 2124/1/1903
f 2061/1/1903 2060/1/1903 2124/1/1903 2125/1/1903
f 2062/1/1903 2061/1/1903 2125/1/1903 2126/1/1903
f 2063/1/1903 2062/1/1903 2126/1/1903 2127/1/1903
f 2064/1/1903 2063/1/1903 2127/1/1903 2128/1/1903
f 2034/1/1903 2064/1/1903 2128/1/1903 2098/1/1903
f 2129/1/1903 2131/1/1903 2132/1/1903 2133/1/1903 2134/1/1903 2135/1/1903 2136/1/1903 2137/1/1903 2138/1/1903 2139/1/1903 2140/1/1903 2141/1/1903 2142/1/1903 2143/1/1903 2144/1/1903 2145/1/1903 2146/1/1903 2147/1/1903 2148/1/1903 2149/1/1903 2150/1/1903 2151/1/1903 2152/1/1903 2153/1/1903 2154/1/1903 2155/1/1903 2156/1/1903 2157/1/1903 2158/1/1903 2159/1/1903 2160/1/1903 2130/1/1903
f 2034/1/1925 2033/1/1925 2129/1/1925 2130/1/1925
f 2060/1/1912 2061/1/1912 2157/1/1912 2156/1/1912
f 2047/1/1927 2048/1/1927 2144/1/1927 2143/1/1927
f 2033/1/1928 2035/1/1928 2131/1/1928 2129/1/1928
f 2061/1/1970 2062/1/1970 2158/1/1970 2157/1/1970
f 2048/1/1930 2049/1/1930 2145/1/1930 2144/1/1930
f 2035/1/1931 2036/1/1931 2132/1/1931 2131/1/1931
f 2062/1/1916 2063/1/1916 2159/1/1916 2158/1/1916
f 2049/1/1917 2050/1/1917 2146/1/1917 2145/1/1917
f 2036/1/1971 2037/1/1971 2133/1/1971 2132/1/1971
f 2063/1/1919 2064/1/1919 2160/1/1919 2159/1/1919
f 2050/1/1972 2051/1/1972 2147/1/1972 2146/1/1972
f 2037/1/1973 2038/1/1973 2134/1/1973 2133/1/1973
f 2064/1/1922 2034/1/1922 2130/1/1922 2160/1/1922
f 2051/1/1923 2052/1/1923 2148/1/1923 2147/1/1923
f 2038/1/1905 2039/1/1905 2135/1/1905 2134/1/1905
f 2052/1/1974 2053/1/1974 2149/1/1974 2148/1/1974
f 2039/1/1907 2040/1/1907 2136/1/1907 2135/1/1907
f 2053/1/1975 2054/1/1975 2150/1/1975 2149/1/1975
f 2040/1/1909 2041/1/1909 2137/1/1909 2136/1/1909
f 2054/1/1932 2055/1/1932 2151/1/1932 2150/1/1932
f 2041/1/1976 2042/1/1976 2138/1/1976 2137/1/1976
f 2055/1/1934 2056/1/1934 2152/1/1934 2151/1/1934
f 2042/1/1913 2043/1/1913 2139/1/1913 2138/1/1913
f 2056/1/1977 2057/1/1977 2153/1/1977 2152/1/1977
f 2043/1/1915 2044/1/1915 2140/1/1915 2139/1/1915
f 2057/1/1978 2058/1/1978 2154/1/1978 2153/1/1978
f 2044/1/1979 2045/1/1979 2141/1/1979 2140/1/1979
f 2058/1/1908 2059/1/1908 2155/1/1908 2154/1/1908
f 2045/1/1980 2046/1/1980 2142/1/1980 2141/1/1980
f 2059/1/1910 2060/1/1910 2156/1/1910 2155/1/1910
usemtl Gloss_Red.003
f 2174/1/1981 2202/1/1981 2201/1/1981 2200/1/1981 2199/1/1981 2198/1/1981 2197/1/1981 2196/1/1981 2195/1/1981 2194/1/1981 2193/1/1981 2192/1/1981 2164/1/1981 2165/1/1981 2166/1/1981 2167/1/1981 2168/1/1981 2169/1/1981 2170/1/1981 2171/1/1981 2172/1/1981 2173/1/1981
f 2190/1/1982 2191/1/1982 2186/1/1982 2187/1/1982 2188/1/1982 2189/1/1982 2204/1/1982 2175/1/1982 2176/1/1982 2203/1/1982 2161/1/1982 2163/1/1982 2162/1/1982 2185/1/1982 2184/1/1982 2183/1/1982 2182/1/1982 2181/1/1982 2180/1/1982 2179/1/1982 2178/1/1982 2177/1/1982
f 2171/1/1983 2179/1/1983 2180/1/1983 2170/1/1983
f 2193/1/1984 2194/1/1984 2203/1/1984 2161/1/1984
f 2201/1/1985 2202/1/1985 2191/1/1985 2186/1/1985
f 2172/1/1986 2178/1/1986 2179/1/1986 2171/1/1986
f 2194/1/1987 2195/1/1987 2176/1/1987 2203/1/1987
f 2165/1/1988 2185/1/1988 2162/1/1988 2164/1/1988
f 2173/1/1989 2177/1/1989 2178/1/1989 2172/1/1989
f 2195/1/1990 2196/1/1990 2175/1/1990 2176/1/1990
f 2166/1/1991 2184/1/1991 2185/1/1991 2165/1/1991
f 2174/1/1992 2190/1/1992 2177/1/1992 2173/1/1992
f 2196/1/1993 2197/1/1993 2204/1/1993 2175/1/1993
f 2167/1/1994 2183/1/1994 2184/1/1994 2166/1/1994
f 2197/1/1995 2198/1/1995 2189/1/1995 2204/1/1995
f 2168/1/1996 2182/1/1996 2183/1/1996 2167/1/1996
f 2202/1/1997 2174/1/1997 2190/1/1997 2191/1/1997
f 2198/1/1998 2199/1/1998 2188/1/1998 2189/1/1998
f 2169/1/1999 2181/1/1999 2182/1/1999 2168/1/1999
f 2164/1/2000 2192/1/2000 2163/1/2000 2162/1/2000
f 2199/1/2001 2200/1/2001 2187/1/2001 2188/1/2001
f 2170/1/2002 2180/1/2002 2181/1/2002 2169/1/2002
f 2192/1/2003 2193/1/2003 2161/1/2003 2163/1/2003
f 2200/1/2004 2201/1/2004 2186/1/2004 2187/1/2004
l 49 112
l 81 82
l 1 2
l 17 18
l 41 42
l 74 75
l 34 35
l 3 4
l 19 82
l 19 20
l 67 69
l 12 76
l 12 13
l 28 31
l 84 85
l 4 5
l 20 21
l 93 95
l 45 47
l 69 70
l 21 24
l 77 78
l 109 110
l 13 14
l 29 32
l 5 7
l 110 111
l 6 7
l 15 16
l 79 80
l 31 33
l 71 73
l 103 104
l 111 112
l 95 96
l 80 81
l 16 17
l 72 108
l 72 73
