# Blender 4.3.2
# www.blender.org
mtllib MandibulaInf.mtl
o cabeza
v 1.354351 0.361108 -0.610874
v 1.421727 0.318634 -0.610874
v 1.482975 0.369559 -0.610874
v 1.453421 0.443605 -0.610874
v 1.373995 0.438339 -0.610874
v 1.354351 0.361108 -0.820374
v 1.373995 0.438339 -0.820374
v 1.453421 0.443605 -0.820374
v 1.482975 0.369559 -0.820374
v 1.421727 0.318634 -0.820374
v 1.006460 0.207758 -0.038574
v 1.017694 0.196002 -0.116274
v 1.017598 0.197398 0.038626
v 1.275395 -0.106818 0.288726
v 1.319597 -0.128635 0.327526
v 1.277336 -0.100069 0.344826
v 1.223519 -0.071096 0.303126
v 1.241253 -0.070978 0.365626
v 1.180798 -0.035846 0.321226
v 1.211370 -0.041661 0.388726
v 1.146646 -0.001310 0.342026
v 1.188225 -0.012682 0.413326
v 1.120785 0.032194 0.365026
v 1.172693 0.014917 0.439326
v 1.103582 0.063687 0.390426
v 1.165235 0.040265 0.466926
v 1.095412 0.092093 0.418426
v 1.166511 0.062505 0.496226
v 1.096750 0.116342 0.449226
v 1.236889 -0.086214 0.243026
v 1.178375 -0.044333 0.255126
v 1.130533 -0.003121 0.270626
v 1.092583 0.037069 0.289026
v 1.064143 0.076008 0.310126
v 1.045299 0.112400 0.334426
v 1.036356 0.144762 0.362626
v 1.037914 0.171632 0.395326
v 1.141225 -0.020126 0.201726
v 1.204101 -0.067120 0.191726
v 1.089593 0.026639 0.214726
v 1.048617 0.072934 0.230326
v 1.017628 0.118314 0.248926
v 0.997062 0.160802 0.271626
v 1.177490 -0.050408 0.136126
v 1.111812 0.000904 0.144026
v 1.157839 -0.037226 0.077326
v 1.145614 -0.028545 0.016326
v 1.390604 0.119827 0.692026
v 1.351320 0.159022 0.679826
v 1.291291 0.166118 0.652726
v 1.340744 0.121909 0.670926
v 1.318961 0.201000 0.666826
v 1.251561 0.211797 0.633826
v 1.220881 0.258501 0.615126
v 1.293184 0.244933 0.653526
v 1.239122 0.168240 0.622426
v 1.295867 0.120023 0.646526
v 1.193544 0.217327 0.597326
v 1.158342 0.267127 0.572226
v 1.198889 0.305702 0.597626
v 1.133050 0.317108 0.548426
v 1.194460 0.166169 0.589426
v 1.256027 0.114875 0.619126
v 1.144365 0.218252 0.557726
v 1.105152 0.270984 0.525326
v 1.076434 0.324137 0.493726
v 1.157281 0.160202 0.554326
v 1.222399 0.106847 0.589326
v 1.103716 0.214652 0.516026
v 1.061004 0.270150 0.475426
v 1.028761 0.326470 0.434426
v 1.128201 0.150181 0.518426
v 1.195809 0.095595 0.558326
v 1.072025 0.206156 0.473726
v 1.026468 0.263664 0.425026
v 0.990933 0.322663 0.373926
v 1.107851 0.135650 0.482926
v 1.176868 0.080960 0.526926
v 1.049944 0.192007 0.432826
v 1.002138 0.250161 0.377226
v 1.345669 0.139188 -0.756774
v 1.384939 0.100192 -0.769674
v 1.335488 0.103604 -0.748974
v 1.286043 0.147714 -0.729874
v 1.291015 0.103150 -0.724974
v 1.234263 0.151467 -0.699974
v 1.251669 0.099539 -0.698074
v 1.190088 0.151033 -0.667274
v 1.218537 0.093049 -0.669074
v 1.153492 0.146810 -0.632774
v 1.192236 0.083421 -0.638774
v 1.124900 0.138427 -0.597574
v 1.173798 0.070223 -0.608374
v 1.104939 0.125526 -0.563074
v 1.163851 0.053100 -0.578774
v 1.094241 0.107649 -0.530474
v 1.246226 0.193187 -0.709974
v 1.313238 0.180759 -0.742874
v 1.188684 0.200553 -0.673674
v 1.140080 0.203322 -0.634374
v 1.100006 0.201566 -0.593074
v 1.068889 0.194914 -0.551474
v 1.047191 0.182495 -0.511474
v 1.035557 0.163652 -0.475074
v 1.287281 0.224380 -0.728574
v 1.215461 0.239684 -0.690174
v 1.153482 0.250354 -0.647274
v 1.100953 0.256261 -0.600574
v 1.057366 0.257471 -0.550974
v 1.023392 0.253027 -0.501174
v 0.999629 0.241468 -0.454074
v 1.268694 0.268708 -0.714874
v 1.193489 0.286586 -0.671474
v 1.128204 0.300135 -0.622274
v 1.072235 0.309414 -0.567574
v 1.025295 0.314202 -0.508374
v 0.988015 0.312639 -0.448174
v 1.276042 -0.104569 -0.436474
v 1.318475 -0.132722 -0.420474
v 1.274338 -0.110399 -0.381374
v 1.222383 -0.074983 -0.394174
v 1.235998 -0.089282 -0.335374
v 1.177405 -0.047707 -0.345674
v 1.203374 -0.069676 -0.283874
v 1.140413 -0.022889 -0.291874
v 1.176922 -0.052351 -0.227974
v 1.111258 -0.001240 -0.233774
v 1.157422 -0.038457 -0.168974
v 1.145456 -0.029157 -0.107874
v 1.141304 -0.025634 -0.045674
v 1.239894 -0.075983 -0.455774
v 1.179597 -0.040239 -0.410574
v 1.129490 -0.006901 -0.359274
v 1.088701 0.023570 -0.302774
v 1.056780 0.050442 -0.241674
v 1.145180 -0.006222 -0.429674
v 1.209745 -0.047185 -0.477274
v 1.091376 0.032775 -0.375774
v 1.047554 0.069453 -0.316274
v 1.013098 0.102565 -0.251874
v 1.119167 0.026569 -0.450974
v 1.186456 -0.019018 -0.500274
v 1.062776 0.071102 -0.394974
v 1.016406 0.114220 -0.332574
v 1.101719 0.057243 -0.474674
v 1.170680 0.007762 -0.524774
v 1.043689 0.106676 -0.417374
v 0.995695 0.155896 -0.353174
v 1.162892 0.032084 -0.550974
v 1.093219 0.084624 -0.501074
v 1.034515 0.138020 -0.443874
v 1.368016 -0.156375 0.314626
v 1.394707 -0.166968 0.341726
v 1.369475 -0.151364 0.358826
v 1.341662 -0.131727 0.379326
v 1.312882 -0.108248 0.403226
v 1.287511 -0.083331 0.428426
v 1.267441 -0.058250 0.454426
v 1.253633 -0.033840 0.480926
v 1.247038 -0.010839 0.508126
v 1.248323 0.009798 0.536026
v 1.338361 -0.143481 0.279226
v 1.307072 -0.128695 0.234726
v 1.278703 -0.114108 0.184626
v 1.255254 -0.101088 0.130326
v 1.237491 -0.090583 0.073026
v 1.226187 -0.083643 0.013626
v 1.222211 -0.081210 -0.046774
v 1.467417 0.087325 0.713226
v 1.444984 0.113246 0.709426
v 1.436672 0.084006 0.702826
v 1.420908 0.145569 0.703526
v 1.396572 0.184590 0.695526
v 1.378795 0.473451 0.684126
v 1.402013 0.079315 0.688126
v 1.364663 0.072935 0.668526
v 1.329838 0.064825 0.645526
v 1.299759 0.054736 0.620026
v 1.275447 0.042437 0.592726
v 1.257931 0.027499 0.564426
v 1.431100 0.064477 -0.781174
v 1.439096 0.092492 -0.786874
v 1.461608 0.066878 -0.791274
v 1.396764 0.060911 -0.766874
v 1.359724 0.055856 -0.747774
v 1.325401 0.049183 -0.725474
v 1.295718 0.040625 -0.700774
v 1.271809 0.029758 -0.674274
v 1.254788 0.016357 -0.647074
v 1.245498 -0.000120 -0.619874
v 1.414847 0.124403 -0.780374
v 1.390352 0.162812 -0.771574
v 1.369576 0.203982 -0.761874
v 1.379377 0.475195 -0.752074
v 1.366874 -0.160163 -0.408774
v 1.368175 -0.155763 -0.452074
v 1.393591 -0.171154 -0.435774
v 1.337390 -0.146856 -0.373374
v 1.306266 -0.131557 -0.328674
v 1.278063 -0.116458 -0.278574
v 1.254672 -0.102832 -0.224174
v 1.237067 -0.091714 -0.166774
v 1.226022 -0.084155 -0.107274
v 1.340295 -0.136633 -0.471574
v 1.311350 -0.113666 -0.494174
v 1.285828 -0.089461 -0.517974
v 1.265507 -0.065099 -0.542374
v 1.251454 -0.041508 -0.567474
v 1.244529 -0.019532 -0.593274
v 3.012705 -0.309405 0.606126
v 3.099659 -0.327577 0.579526
v 3.128145 -0.310381 0.575626
v 3.035210 -0.288310 0.605326
v 3.161296 -0.291059 0.569626
v 3.062527 -0.265781 0.602326
v 3.194355 -0.268937 0.562926
v 3.121239 -0.099357 0.598126
v 2.931237 -0.264593 0.634326
v 2.912763 -0.288919 0.633126
v 2.954044 -0.239167 0.633426
v 2.978346 -0.212135 0.631326
v 2.817892 -0.238715 0.661926
v 2.802005 -0.265669 0.659426
v 2.837215 -0.210722 0.662626
v 2.894514 -0.055822 0.662026
v 2.683126 -0.239470 0.683926
v 2.696973 -0.210551 0.687426
v 2.713431 -0.180250 0.689226
v 2.731210 -0.148755 0.689826
v 2.570574 -0.179958 0.710126
v 2.558347 -0.210570 0.706026
v 2.584614 -0.148019 0.712726
v 2.643488 0.084472 0.714126
v 2.440639 -0.147504 0.729526
v 2.429798 -0.179323 0.725126
v 2.452467 -0.114012 0.732626
v 2.465204 -0.079156 0.734526
v 2.299701 -0.145977 0.740426
v 2.309070 -0.113156 0.745026
v 2.318914 -0.078499 0.748226
v 2.334997 0.076672 0.750326
v 2.177897 -0.077279 0.756026
v 2.170080 -0.110795 0.751426
v 2.185677 -0.041761 0.759226
v 2.193652 -0.004726 0.761326
v 2.049177 -0.040631 0.762426
v 2.042897 -0.074642 0.758126
v 2.054514 -0.004579 0.765326
v 2.059727 0.033268 0.767126
v 1.920297 -0.038074 0.760226
v 1.924468 -0.004007 0.764126
v 1.927063 0.032557 0.766526
v 1.940681 0.146361 0.767726
v 1.805820 0.031930 0.761026
v 1.804250 -0.002058 0.757726
v 1.804996 0.068660 0.762526
v 1.803635 0.107359 0.762826
v 1.694806 0.066189 0.753026
v 1.696720 0.032541 0.750826
v 1.689870 0.102936 0.753326
v 1.696114 0.227760 0.752326
v 1.599999 0.064475 0.739926
v 1.593010 0.097573 0.740526
v 1.582753 0.134456 0.739026
v 1.572518 0.173946 0.736126
v 1.501534 0.124656 0.723926
v 1.515720 0.091852 0.725926
v 1.484625 0.162083 0.719726
v 1.494859 0.466304 0.708926
v 3.078885 -0.343241 0.580326
v 3.139550 -0.352297 0.561026
v 3.171448 -0.343886 0.554226
v 3.208499 -0.331714 0.545826
v 3.248769 -0.315310 0.536026
v 3.295263 -0.227711 0.522526
v 1.524307 0.064678 0.724926
v 1.598808 0.036627 0.736226
v 1.692832 0.003104 0.746126
v 1.798735 -0.032608 0.752426
v 1.913618 -0.069206 0.754426
v 2.035328 -0.105936 0.752026
v 2.161805 -0.142037 0.745226
v 2.290894 -0.176755 0.734126
v 2.420543 -0.209430 0.718926
v 2.548718 -0.239600 0.700026
v 2.673001 -0.267131 0.678326
v 2.791365 -0.291661 0.654326
v 2.901380 -0.312857 0.628826
v 3.000012 -0.330326 0.603126
v 1.593622 0.042084 -0.817574
v 1.509594 0.070180 -0.803474
v 1.495150 0.102365 -0.800774
v 1.586395 0.074264 -0.817474
v 1.478089 0.139080 -0.795774
v 1.575794 0.110321 -0.815074
v 1.462538 0.178605 -0.789474
v 1.565414 0.148999 -0.811474
v 1.495376 0.467542 -0.782874
v 1.557644 0.189060 -0.807174
v 1.687946 0.042061 -0.829974
v 1.690184 0.009537 -0.828574
v 1.682674 0.077883 -0.829474
v 1.676845 0.115973 -0.827674
v 1.697644 0.290012 -0.825174
v 1.798702 0.007183 -0.838074
v 1.797556 -0.025673 -0.835674
v 1.797554 0.042788 -0.838774
v 1.795963 0.080468 -0.838374
v 1.795387 0.119420 -0.837074
v 1.917284 -0.029260 -0.841274
v 1.913430 -0.062103 -0.838174
v 1.919563 0.006080 -0.842874
v 1.921412 0.043294 -0.843274
v 1.959055 0.297379 -0.842974
v 2.041821 -0.066297 -0.839674
v 2.035952 -0.098977 -0.836074
v 2.046835 -0.031370 -0.841774
v 2.051732 0.005253 -0.842874
v 2.057145 0.043114 -0.843074
v 2.170556 -0.103144 -0.833274
v 2.163049 -0.135335 -0.829474
v 2.178019 -0.068851 -0.835674
v 2.185578 -0.033047 -0.837074
v 2.225517 0.139603 -0.837574
v 2.301629 -0.139029 -0.822274
v 2.292670 -0.170518 -0.818474
v 2.311163 -0.105695 -0.824674
v 2.321185 -0.070725 -0.826074
v 2.331531 -0.034629 -0.826574
v 2.433191 -0.173276 -0.806774
v 2.422767 -0.203864 -0.803174
v 2.444809 -0.141102 -0.809074
v 2.457123 -0.107377 -0.810174
v 2.502524 0.039788 -0.810474
v 2.563219 -0.205624 -0.787374
v 2.551401 -0.234904 -0.784074
v 2.576935 -0.174809 -0.789174
v 2.591760 -0.142615 -0.789774
v 2.606793 -0.109104 -0.789674
v 2.689783 -0.235704 -0.764574
v 2.676260 -0.263499 -0.761874
v 2.705931 -0.206727 -0.765574
v 2.723380 -0.176257 -0.765474
v 2.765180 0.046539 -0.764574
v 2.810775 -0.263462 -0.739074
v 2.795204 -0.289192 -0.737274
v 2.829767 -0.236494 -0.738874
v 2.850274 -0.208219 -0.737574
v 2.870557 -0.178156 -0.735674
v 2.924370 -0.288622 -0.711374
v 2.906134 -0.312029 -0.710874
v 2.946847 -0.264220 -0.709674
v 2.970918 -0.238206 -0.706774
v 3.014291 -0.112532 -0.698174
v 3.028595 -0.311619 -0.682274
v 3.006328 -0.331796 -0.683774
v 3.055569 -0.289916 -0.678374
v 3.083815 -0.266321 -0.673474
v 3.110394 -0.240334 -0.668374
v 3.121768 -0.332772 -0.652474
v 3.093433 -0.349256 -0.657074
v 3.154661 -0.314069 -0.645674
v 3.187575 -0.292758 -0.638174
v 3.169429 -0.196578 -0.633674
v 1.518325 0.043818 -0.803174
v 3.307694 -0.236478 -0.600674
v 3.242648 -0.337082 -0.612074
v 3.202552 -0.353073 -0.622674
v 3.165865 -0.364719 -0.631774
v 3.133748 -0.372844 -0.638974
v 3.072910 -0.364201 -0.658474
v 2.993865 -0.351699 -0.681474
v 2.895168 -0.334736 -0.707274
v 2.784980 -0.313952 -0.732974
v 2.666551 -0.289928 -0.757074
v 2.542081 -0.262610 -0.778974
v 2.414014 -0.232532 -0.797874
v 2.284272 -0.199964 -0.813074
v 2.155177 -0.165146 -0.824174
v 2.028792 -0.128939 -0.830874
v 1.907162 -0.091903 -0.833174
v 1.792350 -0.054900 -0.831074
v 1.686620 -0.018774 -0.824674
v 1.592761 0.015262 -0.814574
v 1.519882 -0.216189 0.393726
v 1.507069 -0.203338 0.426026
v 1.418327 -0.166445 0.406026
v 1.437544 -0.182062 0.378326
v 1.615316 -0.252722 0.405226
v 1.606930 -0.241572 0.440726
v 1.721940 -0.290189 0.413326
v 1.716643 -0.280230 0.450726
v 1.837670 -0.327431 0.418026
v 1.834730 -0.318211 0.456426
v 1.960343 -0.363593 0.419226
v 1.959353 -0.355041 0.457926
v 2.087914 -0.398115 0.417026
v 2.088569 -0.390151 0.455426
v 2.218441 -0.430428 0.411226
v 2.220620 -0.422761 0.448926
v 2.349667 -0.459787 0.402026
v 2.353477 -0.452508 0.438626
v 2.479675 -0.486022 0.389826
v 2.485122 -0.479232 0.424926
v 2.606143 -0.508892 0.374926
v 2.613620 -0.502464 0.408226
v 2.726951 -0.528143 0.357926
v 2.736869 -0.522247 0.388826
v 2.839994 -0.543818 0.339226
v 2.853053 -0.538408 0.367126
v 2.942352 -0.555717 0.319226
v 2.960176 -0.551082 0.343426
v 3.031966 -0.564485 0.298126
v 3.056756 -0.560573 0.317326
v 1.490817 -0.187116 0.456726
v 1.396353 -0.147208 0.433426
v 1.595438 -0.227528 0.473726
v 1.708867 -0.267734 0.485226
v 1.830143 -0.306899 0.491726
v 1.957342 -0.344754 0.493426
v 2.088908 -0.380505 0.490626
v 2.223115 -0.413868 0.483426
v 2.358214 -0.444163 0.472126
v 2.492296 -0.471321 0.457026
v 2.623542 -0.495165 0.438526
v 2.750138 -0.515520 0.416926
v 2.870268 -0.532211 0.392626
v 2.982641 -0.545427 0.365626
v 3.085654 -0.555176 0.335826
v 1.474620 -0.168785 0.486026
v 1.375547 -0.125987 0.460826
v 1.583304 -0.211423 0.504726
v 1.700654 -0.253264 0.517326
v 1.825039 -0.293919 0.524326
v 1.955222 -0.332872 0.526126
v 2.089357 -0.369548 0.522926
v 2.226120 -0.403638 0.515026
v 2.363668 -0.434566 0.502726
v 2.500398 -0.462343 0.486326
v 2.634686 -0.486680 0.466226
v 2.764829 -0.507593 0.442726
v 2.889097 -0.524701 0.416126
v 3.006200 -0.538192 0.386626
v 3.113915 -0.547819 0.354226
v 1.460955 -0.149377 0.514326
v 1.358697 -0.103992 0.488026
v 1.572990 -0.194090 0.533926
v 1.693363 -0.237628 0.547126
v 1.820751 -0.279680 0.554426
v 1.953510 -0.319658 0.556126
v 2.090215 -0.357260 0.552526
v 2.229334 -0.392090 0.543926
v 2.369446 -0.423844 0.530726
v 2.508817 -0.452141 0.513326
v 2.645847 -0.476991 0.491826
v 2.779117 -0.498190 0.466826
v 2.906918 -0.515656 0.438526
v 3.027732 -0.529192 0.407126
v 3.138513 -0.538207 0.372726
v 1.451380 -0.129688 0.541826
v 1.346970 -0.082145 0.515026
v 1.565747 -0.176245 0.561726
v 1.688326 -0.221235 0.575026
v 1.817898 -0.264440 0.582326
v 1.952834 -0.305471 0.583726
v 2.091703 -0.343927 0.579626
v 2.232973 -0.379410 0.570426
v 2.375227 -0.411719 0.556526
v 2.516742 -0.440570 0.538126
v 2.656207 -0.465853 0.515626
v 2.792005 -0.487379 0.489526
v 2.922421 -0.504966 0.459926
v 3.045729 -0.518331 0.427226
v 3.157951 -0.526444 0.391626
v 1.446942 -0.110348 0.568426
v 1.341210 -0.061091 0.541926
v 1.562502 -0.158225 0.588026
v 1.686467 -0.204423 0.601126
v 1.817405 -0.248536 0.608026
v 1.953799 -0.290369 0.609126
v 2.094212 -0.329420 0.604526
v 2.236927 -0.365506 0.594826
v 2.380619 -0.398317 0.580226
v 2.523771 -0.427656 0.561126
v 2.664860 -0.453229 0.537926
v 2.802176 -0.474952 0.511026
v 2.934294 -0.492521 0.480726
v 3.058979 -0.505491 0.447326
v 3.171445 -0.512785 0.411326
v 1.448492 -0.092098 0.594226
v 1.342685 -0.041744 0.568626
v 1.564407 -0.140754 0.613126
v 1.688819 -0.187622 0.625526
v 1.820204 -0.232406 0.631926
v 1.957125 -0.274604 0.632426
v 2.097971 -0.314126 0.627526
v 2.241212 -0.350576 0.617326
v 2.385523 -0.383645 0.602226
v 2.529188 -0.413150 0.582626
v 2.670797 -0.438988 0.559026
v 2.808717 -0.460769 0.531726
v 2.941434 -0.478297 0.501226
v 3.066398 -0.490947 0.467726
v 3.178410 -0.497471 0.431826
v 1.456958 -0.075277 0.619226
v 1.351728 -0.024583 0.595126
v 1.572194 -0.124280 0.636926
v 1.696015 -0.171289 0.648426
v 1.826701 -0.216121 0.654026
v 1.962924 -0.258367 0.654026
v 2.103171 -0.297931 0.648626
v 2.245807 -0.334322 0.638026
v 2.389427 -0.367539 0.622726
v 2.532500 -0.397185 0.602926
v 2.673502 -0.422964 0.579126
v 2.810825 -0.444787 0.551826
v 2.942936 -0.462257 0.521526
v 3.067387 -0.474740 0.488426
v 3.178973 -0.480893 0.453126
v 1.471425 -0.059747 0.643026
v 1.367727 -0.009449 0.620926
v 1.585131 -0.108354 0.659226
v 1.707321 -0.154974 0.669626
v 1.836477 -0.199410 0.674326
v 1.971076 -0.241367 0.673726
v 2.109799 -0.280635 0.667926
v 2.250825 -0.316937 0.657126
v 2.392828 -0.349964 0.641626
v 2.534191 -0.379527 0.621826
v 2.673491 -0.405323 0.598226
v 2.809204 -0.427056 0.571226
v 2.939712 -0.444536 0.541426
v 3.062866 -0.457109 0.509226
v 3.173447 -0.463231 0.475026
v 1.389556 0.003982 0.645326
v 1.490771 -0.045184 0.665226
v 1.602000 -0.092759 0.679726
v 1.721720 -0.138446 0.688926
v 1.848612 -0.182036 0.692826
v 1.980962 -0.223346 0.691626
v 2.117349 -0.262173 0.685426
v 2.256246 -0.298120 0.674526
v 2.395927 -0.330907 0.658926
v 2.534975 -0.360328 0.639226
v 2.671860 -0.385990 0.615926
v 2.804965 -0.407701 0.589526
v 2.932772 -0.425267 0.560626
v 3.053532 -0.438005 0.529526
v 3.162538 -0.444536 0.496826
v 1.416184 0.016139 0.667726
v 1.513863 -0.031165 0.685326
v 1.621762 -0.076965 0.698126
v 1.738365 -0.121062 0.706226
v 1.862276 -0.163554 0.709326
v 1.991962 -0.204045 0.707626
v 2.125794 -0.242146 0.701126
v 2.262055 -0.277673 0.690126
v 2.399208 -0.310132 0.674626
v 2.535542 -0.339440 0.655126
v 2.669420 -0.365108 0.632226
v 2.799226 -0.386946 0.606526
v 2.923428 -0.404560 0.578526
v 3.040504 -0.417652 0.548926
v 3.147043 -0.424753 0.518026
v 1.446094 0.027219 0.687426
v 1.539363 -0.017182 0.702826
v 1.643179 -0.060455 0.714226
v 1.756040 -0.102605 0.721326
v 1.876734 -0.143514 0.723826
v 2.003538 -0.182900 0.721626
v 2.134721 -0.220381 0.715026
v 2.268447 -0.255482 0.703926
v 2.402878 -0.287727 0.688426
v 2.536398 -0.316928 0.669226
v 2.667078 -0.342716 0.646826
v 2.793184 -0.364709 0.621826
v 2.913004 -0.382724 0.594926
v 3.025291 -0.396145 0.566726
v 3.127688 -0.404234 0.538026
v 1.476816 0.038154 0.703826
v 1.564502 -0.002320 0.717326
v 1.663788 -0.042398 0.727626
v 1.773178 -0.082180 0.734126
v 1.890855 -0.121493 0.736126
v 2.015083 -0.159853 0.733726
v 2.143909 -0.196594 0.727026
v 2.275306 -0.231354 0.715826
v 2.407429 -0.263558 0.700526
v 2.538349 -0.292837 0.681526
v 2.666035 -0.318831 0.659626
v 2.788572 -0.341370 0.635226
v 2.904016 -0.359887 0.609126
v 3.010742 -0.374092 0.582426
v 3.107095 -0.383198 0.555826
v 1.503850 0.050239 0.716526
v 1.585864 0.014987 0.728626
v 1.681298 -0.021546 0.738426
v 1.787929 -0.059113 0.744526
v 1.903594 -0.096860 0.746426
v 2.025850 -0.134253 0.743926
v 2.152946 -0.170612 0.737026
v 2.282727 -0.205183 0.725926
v 2.413247 -0.237397 0.710726
v 2.542185 -0.267013 0.691926
v 2.667610 -0.293664 0.670126
v 2.787288 -0.316901 0.646126
v 2.899102 -0.336570 0.620726
v 3.000604 -0.352036 0.594926
v 3.089543 -0.362655 0.570126
v 1.450811 -0.192776 0.349926
v 1.524408 -0.223696 0.358426
v 1.617805 -0.259768 0.366526
v 1.723212 -0.297018 0.372726
v 1.837931 -0.334129 0.376326
v 1.959892 -0.370139 0.377226
v 2.086751 -0.404510 0.375226
v 2.216665 -0.436665 0.370126
v 2.347378 -0.465859 0.362026
v 2.476668 -0.491842 0.351226
v 2.602417 -0.514461 0.338326
v 2.722306 -0.533474 0.323626
v 2.834010 -0.548640 0.307826
v 2.934426 -0.559972 0.291826
v 3.014824 -0.567369 0.277626
v 3.107139 -0.570237 0.275926
v 3.077062 -0.571605 0.265526
v 3.141309 -0.567183 0.288426
v 3.177724 -0.561770 0.303226
v 3.210946 -0.553670 0.319026
v 3.238383 -0.543061 0.335926
v 3.259148 -0.530205 0.354026
v 3.272766 -0.515434 0.373526
v 3.279577 -0.499329 0.394526
v 3.279706 -0.482280 0.416826
v 3.273368 -0.464473 0.440026
v 3.260856 -0.445788 0.463726
v 3.242382 -0.426410 0.487126
v 3.218751 -0.406386 0.509726
v 3.191408 -0.386316 0.530526
v 3.164083 -0.367949 0.547826
v 3.210581 -0.581861 -0.306874
v 3.160964 -0.578961 -0.340374
v 3.212291 -0.576130 -0.347674
v 3.273473 -0.578134 -0.311374
v 3.258124 -0.570670 -0.357974
v 3.324869 -0.570487 -0.319074
v 3.297552 -0.562444 -0.370174
v 3.363678 -0.559095 -0.329374
v 3.328261 -0.551309 -0.384074
v 3.393502 -0.545315 -0.342374
v 3.349984 -0.537785 -0.399974
v 3.415281 -0.529683 -0.357974
v 3.429460 -0.512869 -0.376674
v 3.364193 -0.522874 -0.418074
v 3.371543 -0.507333 -0.438474
v 3.436088 -0.495573 -0.398474
v 3.322443 -0.577470 -0.272074
v 3.254294 -0.583463 -0.269374
v 3.376168 -0.567257 -0.277874
v 3.416715 -0.553440 -0.286774
v 3.447864 -0.537063 -0.298774
v 3.471081 -0.519026 -0.314174
v 3.486406 -0.499929 -0.333574
v 3.492783 -0.480444 -0.357174
v 3.290580 -0.583472 -0.228374
v 3.361891 -0.575356 -0.229974
v 3.417461 -0.562811 -0.234474
v 3.459433 -0.546390 -0.242074
v 3.492491 -0.527175 -0.252974
v 3.517903 -0.506080 -0.267874
v 3.535009 -0.483753 -0.287874
v 3.541993 -0.461421 -0.313974
v 3.393382 -0.572688 -0.185674
v 3.318563 -0.582248 -0.184874
v 3.449286 -0.557714 -0.188974
v 3.491763 -0.538452 -0.195074
v 3.525899 -0.515955 -0.204474
v 3.553017 -0.490532 -0.218374
v 3.572097 -0.463358 -0.238674
v 3.580474 -0.436520 -0.267674
v 3.417364 -0.570135 -0.139674
v 3.340730 -0.581023 -0.139474
v 3.472112 -0.552935 -0.141574
v 3.513585 -0.530735 -0.145774
v 3.547952 -0.504313 -0.152774
v 3.576396 -0.473387 -0.164274
v 3.597853 -0.438531 -0.183274
v 3.610276 -0.332127 -0.227674
v 3.434189 -0.568476 -0.092374
v 3.355609 -0.580199 -0.092874
v 3.486292 -0.549253 -0.092774
v 3.525998 -0.524668 -0.094274
v 3.559898 -0.494369 -0.097574
v 3.589498 -0.456948 -0.104074
v 3.631039 -0.295916 -0.125774
v 3.216951 -0.383155 -0.609374
v 3.270213 -0.373475 -0.593274
v 3.326339 -0.393769 -0.563874
v 3.261880 -0.402415 -0.585774
v 3.318641 -0.359116 -0.577974
v 3.374671 -0.378013 -0.544374
v 3.358497 -0.339633 -0.563774
v 3.415516 -0.295714 -0.527474
v 3.367401 -0.412193 -0.534874
v 3.300623 -0.422101 -0.561074
v 3.411856 -0.393997 -0.512174
v 3.445858 -0.371008 -0.492374
v 3.394283 -0.428485 -0.506274
v 3.332628 -0.441449 -0.535574
v 3.439994 -0.409602 -0.479974
v 3.476988 -0.386407 -0.456074
v 3.507083 -0.359076 -0.434974
v 3.485742 -0.252891 -0.461074
v 3.414253 -0.444853 -0.477874
v 3.354078 -0.458918 -0.509974
v 3.462573 -0.425990 -0.447574
v 3.503280 -0.402841 -0.418974
v 3.544518 -0.286936 -0.382974
v 3.427919 -0.461353 -0.449874
v 3.366525 -0.475202 -0.484974
v 3.479592 -0.443162 -0.415474
v 3.524357 -0.420735 -0.381674
v 3.560844 -0.393065 -0.348974
v 3.435300 -0.478287 -0.423074
v 3.372141 -0.491254 -0.460974
v 3.490168 -0.461379 -0.384974
v 3.537930 -0.440250 -0.345974
v 3.586599 -0.327442 -0.299974
v 3.274626 -0.353124 0.516426
v 3.221585 -0.363089 0.531626
v 3.264053 -0.383020 0.507826
v 3.328212 -0.374394 0.487026
v 3.299525 -0.403232 0.482826
v 3.370110 -0.394765 0.457626
v 3.327952 -0.423027 0.457026
v 3.400598 -0.413917 0.428226
v 3.348514 -0.442160 0.430826
v 3.420898 -0.432166 0.399126
v 3.361604 -0.460505 0.405026
v 3.432750 -0.449995 0.370726
v 3.367650 -0.478432 0.380026
v 3.437705 -0.468097 0.343326
v 3.367155 -0.496007 0.356326
v 3.436361 -0.486433 0.317726
v 3.383174 -0.360287 0.467926
v 3.323645 -0.338623 0.501926
v 3.425914 -0.379798 0.434726
v 3.455208 -0.397629 0.402126
v 3.474450 -0.415049 0.369826
v 3.486302 -0.432877 0.337826
v 3.491504 -0.451664 0.307026
v 3.489750 -0.471331 0.278526
v 3.433180 -0.284374 0.447626
v 3.366443 -0.319640 0.488626
v 3.465832 -0.358307 0.415326
v 3.494046 -0.375009 0.379326
v 3.535291 -0.295589 0.345926
v 3.528147 -0.410251 0.306226
v 3.534827 -0.430139 0.270426
v 3.533112 -0.451808 0.237726
v 3.563037 -0.382690 0.275526
v 3.545821 -0.364128 0.318526
v 3.586845 -0.290237 0.233526
v 3.570144 -0.427708 0.193526
v 3.211537 -0.578287 0.214226
v 3.273990 -0.573989 0.220326
v 3.213386 -0.571644 0.256126
v 3.162193 -0.574967 0.247426
v 3.254573 -0.580237 0.176926
v 3.324838 -0.574398 0.181426
v 3.291620 -0.581095 0.136226
v 3.368307 -0.573912 0.139726
v 3.322091 -0.581103 0.093026
v 3.403400 -0.572600 0.095826
v 3.344714 -0.580648 0.047826
v 3.427722 -0.570625 0.050126
v 3.358103 -0.580027 0.001426
v 3.440629 -0.568834 0.003226
v 3.361594 -0.579787 -0.045674
v 3.442270 -0.567919 -0.044474
v 3.258565 -0.565428 0.267826
v 3.326577 -0.566159 0.229626
v 3.383108 -0.564674 0.189026
v 3.426577 -0.561281 0.146226
v 3.455909 -0.556356 0.101526
v 3.475948 -0.551869 0.054826
v 3.488060 -0.548730 0.006426
v 3.491497 -0.547692 -0.043074
v 3.367694 -0.554809 0.241626
v 3.296614 -0.556093 0.281526
v 3.421989 -0.549970 0.199926
v 3.461401 -0.542947 0.156426
v 3.490140 -0.535255 0.110526
v 3.510913 -0.528313 0.062026
v 3.524100 -0.523296 0.011126
v 3.529304 -0.521734 -0.041474
v 3.396338 -0.539907 0.256426
v 3.326149 -0.543936 0.297126
v 3.448419 -0.532013 0.214226
v 3.487617 -0.521897 0.170126
v 3.517734 -0.510903 0.123026
v 3.540374 -0.500524 0.072326
v 3.555449 -0.492370 0.017726
v 3.562261 -0.489395 -0.039774
v 3.416125 -0.523009 0.274026
v 3.346992 -0.529271 0.314726
v 3.468013 -0.512321 0.232026
v 3.508295 -0.499023 0.187726
v 3.540539 -0.483974 0.139926
v 3.565821 -0.468301 0.087026
v 3.583798 -0.454233 0.027626
v 3.592630 -0.447110 -0.037974
v 3.429110 -0.504874 0.294526
v 3.360208 -0.513025 0.334526
v 3.481639 -0.491837 0.253426
v 3.523697 -0.475210 0.210126
v 3.558523 -0.455471 0.162826
v 3.587417 -0.432534 0.108926
v 3.624141 -0.302004 0.042326
v 3.623596 -0.385839 -0.035874
v 3.610440 -0.340335 0.142326
v 3.104643 -0.579129 -0.336474
v 3.075840 -0.575699 -0.359674
v 3.105844 -0.574736 -0.369274
v 3.139943 -0.572088 -0.380674
v 3.176904 -0.567339 -0.394174
v 3.211313 -0.560461 -0.408774
v 3.241167 -0.551489 -0.424274
v 3.264865 -0.540436 -0.440774
v 3.281427 -0.527669 -0.458674
v 3.290070 -0.513442 -0.478174
v 3.137137 -0.582305 -0.306774
v 3.171893 -0.584825 -0.270074
v 3.203886 -0.586532 -0.229474
v 3.230695 -0.587193 -0.186174
v 3.250117 -0.586858 -0.140774
v 3.262509 -0.586306 -0.094074
v 3.267091 -0.585890 -0.046774
v 3.159236 -0.387829 -0.625974
v 3.187604 -0.405322 -0.609474
v 3.217521 -0.424914 -0.589174
v 3.244429 -0.444513 -0.567274
v 3.266275 -0.463357 -0.544474
v 3.281939 -0.481224 -0.521674
v 3.290204 -0.497896 -0.499274
v 3.105685 -0.575348 0.242326
v 3.138009 -0.578937 0.212626
v 3.172599 -0.581970 0.176026
v 3.204213 -0.584004 0.135526
v 3.230450 -0.585105 0.092326
v 3.250227 -0.585548 0.047026
v 3.262666 -0.585694 0.000526
v 3.055204 -0.565692 -0.410274
v 3.030679 -0.569084 -0.392074
v 2.941079 -0.560516 -0.413974
v 2.958637 -0.556401 -0.437074
v 2.838620 -0.548623 -0.434674
v 2.851428 -0.543933 -0.461574
v 2.725584 -0.533048 -0.454074
v 2.735252 -0.527872 -0.483874
v 2.604777 -0.513798 -0.471674
v 2.612009 -0.508188 -0.503874
v 2.478309 -0.490927 -0.486974
v 2.483504 -0.484857 -0.520974
v 2.348301 -0.464693 -0.499574
v 2.351765 -0.458240 -0.534974
v 2.216975 -0.435341 -0.508774
v 2.218909 -0.428492 -0.545374
v 2.086548 -0.403020 -0.514474
v 2.086959 -0.395875 -0.551774
v 1.957643 -0.360772 -0.553974
v 1.958977 -0.368498 -0.516474
v 1.833112 -0.323835 -0.552074
v 1.836303 -0.332336 -0.514774
v 1.715019 -0.285754 -0.545774
v 1.720567 -0.294995 -0.509474
v 1.605306 -0.247096 -0.535174
v 1.613942 -0.257528 -0.500674
v 1.505538 -0.208756 -0.519774
v 1.518502 -0.220895 -0.488374
v 1.436257 -0.186661 -0.472274
v 1.416874 -0.171556 -0.498974
v 3.084149 -0.560993 -0.427574
v 2.980951 -0.551457 -0.458074
v 2.868493 -0.538448 -0.485874
v 2.748270 -0.521864 -0.510874
v 2.621680 -0.501608 -0.532974
v 2.490341 -0.477871 -0.551874
v 2.356266 -0.450813 -0.567274
v 2.221260 -0.420411 -0.578674
v 2.087059 -0.387148 -0.585774
v 1.955487 -0.351297 -0.588274
v 1.828288 -0.313442 -0.586174
v 1.707098 -0.274070 -0.579174
v 1.593663 -0.233764 -0.566974
v 1.489127 -0.193146 -0.549174
v 1.394643 -0.152939 -0.525174
v 3.112779 -0.554612 -0.444674
v 3.004265 -0.545041 -0.477874
v 2.887076 -0.531756 -0.508174
v 2.762715 -0.514755 -0.535374
v 2.632593 -0.494141 -0.559474
v 2.498213 -0.469911 -0.579974
v 2.361483 -0.442134 -0.596574
v 2.223934 -0.411206 -0.608974
v 2.087270 -0.377109 -0.616774
v 1.953029 -0.340340 -0.619674
v 1.822947 -0.301380 -0.617474
v 1.698548 -0.260526 -0.609874
v 1.581383 -0.218471 -0.596674
v 1.472686 -0.175634 -0.577274
v 1.373686 -0.132430 -0.551174
v 3.138364 -0.546236 -0.461874
v 3.025661 -0.536953 -0.496974
v 2.904660 -0.523630 -0.529074
v 2.776773 -0.506370 -0.558074
v 2.643517 -0.485370 -0.583674
v 2.506395 -0.460628 -0.605574
v 2.366923 -0.432338 -0.623274
v 2.226918 -0.400676 -0.636474
v 2.087798 -0.365847 -0.644974
v 1.951087 -0.328145 -0.648374
v 1.818322 -0.288066 -0.646274
v 1.691026 -0.245908 -0.638474
v 1.570732 -0.202064 -0.624574
v 1.458776 -0.157045 -0.604174
v 1.356591 -0.111254 -0.576974
v 3.159209 -0.535980 -0.479474
v 3.043726 -0.527089 -0.515774
v 2.919932 -0.513958 -0.549174
v 2.789331 -0.496585 -0.579374
v 2.653546 -0.475258 -0.606074
v 2.514095 -0.450174 -0.628974
v 2.372480 -0.421330 -0.647574
v 2.230233 -0.389121 -0.661674
v 2.088956 -0.353538 -0.670774
v 1.950081 -0.314983 -0.674574
v 1.815238 -0.273845 -0.672774
v 1.685751 -0.230433 -0.664974
v 1.563152 -0.185145 -0.650974
v 1.448964 -0.138275 -0.630274
v 1.344626 -0.090326 -0.602574
v 3.174323 -0.524014 -0.497774
v 3.056965 -0.515553 -0.534574
v 2.931476 -0.502539 -0.568574
v 2.799178 -0.485282 -0.599574
v 2.661777 -0.463766 -0.626974
v 2.520701 -0.438393 -0.650574
v 2.377556 -0.409153 -0.669974
v 2.233864 -0.376342 -0.684574
v 2.091049 -0.340263 -0.694274
v 1.950822 -0.300999 -0.698574
v 1.814421 -0.259066 -0.697074
v 1.683569 -0.214746 -0.689674
v 1.559683 -0.168243 -0.675974
v 1.444202 -0.120059 -0.655474
v 1.338643 -0.070390 -0.628074
v 3.182403 -0.510327 -0.516974
v 3.064374 -0.502313 -0.553574
v 2.938299 -0.489539 -0.587774
v 2.805396 -0.472224 -0.618974
v 2.667389 -0.450649 -0.646774
v 2.525801 -0.425111 -0.670774
v 2.382044 -0.395713 -0.690574
v 2.237833 -0.362637 -0.705674
v 2.094485 -0.326093 -0.715774
v 1.953638 -0.286571 -0.720574
v 1.816903 -0.244160 -0.719674
v 1.685504 -0.199176 -0.712774
v 1.561272 -0.151995 -0.699674
v 1.445429 -0.102934 -0.679974
v 1.339695 -0.052174 -0.653474
v 3.182563 -0.495181 -0.537174
v 3.065046 -0.487331 -0.573174
v 2.939385 -0.474730 -0.606874
v 2.807087 -0.457473 -0.637774
v 2.669685 -0.435957 -0.665574
v 2.528697 -0.410377 -0.689674
v 2.385630 -0.380831 -0.709674
v 2.242018 -0.347714 -0.725074
v 2.099375 -0.311223 -0.735574
v 1.959220 -0.271553 -0.740774
v 1.822984 -0.229107 -0.740474
v 1.692284 -0.184075 -0.734374
v 1.568643 -0.136753 -0.722174
v 1.453478 -0.087345 -0.703774
v 1.348321 -0.036244 -0.678874
v 3.175609 -0.478619 -0.557974
v 3.059702 -0.470859 -0.592774
v 2.935750 -0.458341 -0.625574
v 2.805163 -0.441167 -0.655974
v 2.669465 -0.419634 -0.683374
v 2.530078 -0.394044 -0.707274
v 2.388629 -0.364687 -0.727274
v 2.246626 -0.331660 -0.742874
v 2.105601 -0.295358 -0.753574
v 1.966969 -0.255984 -0.759174
v 1.832357 -0.213828 -0.759474
v 1.703280 -0.169085 -0.754274
v 1.581170 -0.122159 -0.743374
v 1.467543 -0.073245 -0.726474
v 1.363917 -0.022541 -0.703574
v 3.162752 -0.460759 -0.578774
v 3.049653 -0.453007 -0.611974
v 2.928401 -0.440403 -0.643574
v 2.800522 -0.423243 -0.673074
v 2.667430 -0.401731 -0.699874
v 2.530459 -0.376276 -0.723474
v 2.391318 -0.346961 -0.743274
v 2.251637 -0.314175 -0.758974
v 2.112741 -0.278227 -0.769874
v 1.976446 -0.239294 -0.775874
v 1.844083 -0.197784 -0.776774
v 1.717270 -0.153888 -0.772474
v 1.597629 -0.107895 -0.762774
v 1.486479 -0.060014 -0.747674
v 1.385437 -0.010435 -0.726974
v 3.145010 -0.441833 -0.599074
v 3.036008 -0.433899 -0.630374
v 2.918655 -0.421127 -0.660574
v 2.794373 -0.403820 -0.688974
v 2.664488 -0.382287 -0.715074
v 2.530524 -0.356826 -0.738174
v 2.394197 -0.327618 -0.757774
v 2.257044 -0.295158 -0.773274
v 2.120783 -0.259631 -0.784374
v 1.987037 -0.221324 -0.790674
v 1.857444 -0.180727 -0.792074
v 1.733519 -0.138035 -0.788674
v 1.616989 -0.093532 -0.780174
v 1.509268 -0.047420 -0.766774
v 1.411569 0.000185 -0.748474
v 3.123802 -0.422042 -0.618174
v 3.020194 -0.413837 -0.647374
v 2.907828 -0.400722 -0.675974
v 2.787930 -0.383013 -0.703274
v 2.661742 -0.361326 -0.728574
v 2.530977 -0.335745 -0.751174
v 2.397464 -0.306644 -0.770474
v 2.262933 -0.274405 -0.785974
v 2.129307 -0.239298 -0.796974
v 1.998217 -0.201710 -0.803574
v 1.871499 -0.162118 -0.805474
v 1.750784 -0.120909 -0.802774
v 1.638003 -0.078453 -0.795274
v 1.534365 -0.034867 -0.783374
v 1.441169 0.009940 -0.767474
v 3.101981 -0.402094 -0.635174
v 3.005336 -0.393109 -0.662174
v 2.898436 -0.379316 -0.689374
v 2.782907 -0.361006 -0.715674
v 2.660297 -0.338872 -0.740274
v 2.532618 -0.312978 -0.762374
v 2.401613 -0.283905 -0.781474
v 2.269490 -0.251701 -0.796774
v 2.138093 -0.216942 -0.807874
v 2.009352 -0.179994 -0.814574
v 1.885217 -0.141527 -0.816874
v 1.767520 -0.101915 -0.814574
v 1.658302 -0.061720 -0.807874
v 1.559088 -0.021237 -0.797174
v 1.471488 0.019444 -0.783174
v 3.083899 -0.382589 -0.648874
v 2.994781 -0.372284 -0.673974
v 2.893207 -0.357223 -0.699974
v 2.781320 -0.337960 -0.725674
v 2.661563 -0.315029 -0.749874
v 2.536058 -0.288685 -0.771674
v 2.407027 -0.259175 -0.790574
v 2.276507 -0.226961 -0.805874
v 2.146721 -0.192291 -0.816974
v 2.019724 -0.155925 -0.823674
v 1.897447 -0.118233 -0.826074
v 1.781961 -0.080173 -0.824074
v 1.675402 -0.042200 -0.817674
v 1.580041 -0.005261 -0.807774
v 1.498198 0.030404 -0.795274
v 3.013609 -0.571562 -0.372474
v 2.933211 -0.564165 -0.387374
v 2.832796 -0.552833 -0.404274
v 2.721091 -0.537668 -0.420774
v 2.601202 -0.518655 -0.435974
v 2.475453 -0.496036 -0.449374
v 2.346164 -0.470052 -0.460474
v 2.215450 -0.440859 -0.468674
v 2.085536 -0.408703 -0.473674
v 1.958676 -0.374333 -0.475374
v 1.836716 -0.338322 -0.474074
v 1.721997 -0.301211 -0.469774
v 1.616590 -0.263961 -0.462874
v 1.523292 -0.227882 -0.453974
v 1.449589 -0.196870 -0.444774
v 1.413085 -0.184948 -0.371174
v 1.434381 -0.192905 -0.410874
v 1.516316 -0.228463 -0.415574
v 1.501087 -0.224198 -0.372874
v 1.600459 -0.264069 -0.376274
v 1.611506 -0.265815 -0.421374
v 1.718071 -0.303887 -0.426474
v 1.709842 -0.303752 -0.379674
v 1.833630 -0.341542 -0.429674
v 1.827785 -0.342545 -0.381974
v 1.956223 -0.378010 -0.430674
v 1.952249 -0.379987 -0.382674
v 2.083808 -0.412731 -0.429174
v 2.081379 -0.415304 -0.381374
v 2.214236 -0.445052 -0.424874
v 2.213337 -0.448020 -0.377774
v 2.345554 -0.474304 -0.417774
v 2.346293 -0.477761 -0.371674
v 2.475555 -0.500439 -0.408174
v 2.478011 -0.504079 -0.363474
v 2.602103 -0.523003 -0.396574
v 2.606674 -0.526798 -0.353574
v 2.730168 -0.545763 -0.342674
v 2.723089 -0.541940 -0.383474
v 2.836183 -0.556910 -0.369674
v 2.846576 -0.560806 -0.331374
v 2.938893 -0.568084 -0.356274
v 2.954287 -0.571836 -0.320574
v 3.028803 -0.575328 -0.344774
v 3.051508 -0.578977 -0.311774
v 1.388503 -0.174411 -0.325974
v 1.482267 -0.217274 -0.326074
v 1.586136 -0.259843 -0.327774
v 1.699268 -0.301573 -0.329874
v 1.820120 -0.341870 -0.331374
v 1.947169 -0.380437 -0.331774
v 2.078668 -0.416693 -0.330674
v 2.212776 -0.450064 -0.327774
v 2.347868 -0.480259 -0.322674
v 2.482122 -0.507004 -0.315774
v 2.613613 -0.530029 -0.307674
v 2.740525 -0.549160 -0.298774
v 2.861144 -0.564213 -0.289674
v 2.974164 -0.575179 -0.281174
v 3.078082 -0.582060 -0.274274
v 1.364971 -0.163101 -0.275974
v 1.463073 -0.209273 -0.275474
v 1.571124 -0.254361 -0.276174
v 1.687806 -0.298152 -0.277374
v 1.811881 -0.340131 -0.278274
v 1.941726 -0.380010 -0.278474
v 2.075796 -0.417192 -0.277674
v 2.212466 -0.451388 -0.275274
v 2.350101 -0.482110 -0.271274
v 2.486989 -0.509275 -0.265774
v 2.621607 -0.532586 -0.259274
v 2.752139 -0.551869 -0.252274
v 2.876975 -0.567033 -0.245074
v 2.994804 -0.577968 -0.238474
v 3.104208 -0.584471 -0.233074
v 1.344807 -0.152660 -0.222174
v 1.446193 -0.201414 -0.221574
v 1.557409 -0.248789 -0.221874
v 1.677221 -0.294370 -0.222574
v 1.804107 -0.337860 -0.223174
v 1.936535 -0.378864 -0.223274
v 2.073181 -0.417071 -0.222674
v 2.212308 -0.452000 -0.220874
v 2.352392 -0.483356 -0.217874
v 2.492015 -0.510934 -0.213774
v 2.629461 -0.534552 -0.208874
v 2.763213 -0.554014 -0.203574
v 2.891654 -0.569130 -0.198174
v 3.013474 -0.579791 -0.193274
v 3.126961 -0.585912 -0.189074
v 1.329269 -0.143907 -0.165574
v 1.432902 -0.194711 -0.165274
v 1.546443 -0.243830 -0.165574
v 1.668460 -0.290863 -0.165974
v 1.797537 -0.335606 -0.166474
v 1.932235 -0.377556 -0.166574
v 2.070938 -0.416524 -0.166174
v 2.212215 -0.452107 -0.165074
v 2.354542 -0.484010 -0.163074
v 2.496394 -0.511935 -0.160274
v 2.636261 -0.535788 -0.156874
v 2.772528 -0.555377 -0.153274
v 2.903677 -0.570508 -0.149574
v 3.028290 -0.580976 -0.146074
v 3.144750 -0.586593 -0.143074
v 1.424158 -0.190000 -0.107374
v 1.319331 -0.137875 -0.107174
v 1.539078 -0.240227 -0.107774
v 1.662567 -0.288262 -0.108274
v 1.793102 -0.333806 -0.108674
v 1.929253 -0.376458 -0.108874
v 2.069401 -0.416028 -0.108774
v 2.212208 -0.452007 -0.108274
v 2.356158 -0.484199 -0.107174
v 2.499535 -0.512421 -0.105674
v 2.641019 -0.536463 -0.103874
v 2.778995 -0.556135 -0.101874
v 2.911840 -0.571149 -0.099774
v 3.038142 -0.581400 -0.097674
v 3.156391 -0.586794 -0.095774
v 1.421113 -0.188004 -0.048574
v 1.315854 -0.135408 -0.047774
v 1.536467 -0.238703 -0.049274
v 1.660483 -0.287102 -0.049874
v 1.791538 -0.332911 -0.050374
v 1.928207 -0.375828 -0.050674
v 2.068968 -0.415557 -0.050874
v 2.212294 -0.451801 -0.050974
v 2.356757 -0.484158 -0.050874
v 2.500839 -0.512431 -0.050674
v 2.642828 -0.536539 -0.050374
v 2.781404 -0.556170 -0.049874
v 2.914953 -0.571235 -0.049274
v 3.041854 -0.581446 -0.048574
v 3.160489 -0.586612 -0.047774
v 1.424316 -0.189388 0.010226
v 1.319489 -0.137262 0.011626
v 1.539243 -0.239715 0.009226
v 1.662733 -0.287749 0.008526
v 1.793268 -0.333293 0.008026
v 1.929325 -0.376052 0.007626
v 2.069566 -0.415516 0.007126
v 2.212380 -0.451595 0.006426
v 2.356231 -0.483793 0.005526
v 2.499707 -0.512008 0.004426
v 2.641191 -0.536050 0.003226
v 2.779061 -0.555629 0.002126
v 2.912005 -0.570636 0.001126
v 3.038308 -0.580888 0.000426
v 3.156450 -0.586188 0.000226
v 1.433132 -0.193692 0.068126
v 1.329592 -0.142782 0.070026
v 1.546673 -0.242812 0.067026
v 1.668697 -0.289945 0.066326
v 1.797774 -0.334687 0.065926
v 1.932480 -0.376737 0.065426
v 2.071182 -0.415705 0.064626
v 2.212460 -0.451288 0.063426
v 2.354779 -0.483091 0.061426
v 2.496631 -0.511017 0.059026
v 2.636499 -0.534869 0.056326
v 2.772766 -0.554459 0.053626
v 2.904007 -0.569483 0.051026
v 3.028620 -0.579951 0.048926
v 3.144974 -0.585475 0.047526
v 1.446589 -0.199883 0.124526
v 1.345288 -0.150923 0.126626
v 1.557805 -0.247258 0.123526
v 1.677624 -0.292939 0.123026
v 1.804517 -0.336529 0.122826
v 1.936944 -0.377532 0.122326
v 2.073491 -0.415747 0.121326
v 2.212618 -0.450676 0.119426
v 2.352801 -0.482024 0.116526
v 2.492418 -0.509503 0.112726
v 2.629863 -0.533121 0.108526
v 2.763615 -0.552583 0.104026
v 2.892156 -0.567692 0.099826
v 3.013869 -0.578260 0.096126
v 3.127450 -0.584275 0.093426
v 1.463627 -0.207130 0.178426
v 1.365525 -0.160957 0.180426
v 1.571692 -0.252417 0.177926
v 1.688374 -0.296208 0.178126
v 1.812356 -0.338294 0.178226
v 1.942301 -0.378166 0.177826
v 2.076271 -0.415355 0.176626
v 2.212941 -0.449551 0.174126
v 2.350576 -0.480273 0.170226
v 2.487564 -0.507431 0.165126
v 2.622082 -0.530749 0.159226
v 2.752607 -0.549932 0.153026
v 2.877542 -0.565090 0.146826
v 2.995458 -0.575818 0.141426
v 3.104856 -0.582222 0.137426
v 1.482994 -0.214718 0.229226
v 1.389315 -0.171649 0.230426
v 1.586868 -0.257386 0.229826
v 1.699901 -0.299124 0.230926
v 1.820760 -0.339520 0.231726
v 1.947809 -0.378088 0.231526
v 2.079309 -0.414344 0.230126
v 2.213423 -0.447814 0.227026
v 2.348509 -0.477909 0.222126
v 2.482762 -0.504654 0.215626
v 2.614246 -0.527580 0.208026
v 2.741159 -0.546711 0.199826
v 2.861877 -0.561757 0.191626
v 2.974890 -0.572623 0.184326
v 3.078901 -0.579397 0.178726
v 1.501979 -0.221130 0.276326
v 1.413969 -0.181780 0.275726
v 1.601351 -0.261001 0.278726
v 1.710741 -0.300783 0.281226
v 1.828583 -0.339583 0.282826
v 1.953048 -0.377025 0.283026
v 2.082185 -0.412442 0.281326
v 2.214243 -0.445151 0.277626
v 2.347092 -0.474799 0.271626
v 2.478810 -0.501117 0.263726
v 2.607473 -0.523836 0.254426
v 2.731066 -0.542795 0.244226
v 2.847467 -0.557737 0.233726
v 2.955178 -0.568768 0.224026
v 3.052385 -0.575709 0.216426
v 1.517373 -0.224882 0.319426
v 1.435431 -0.189224 0.315726
v 1.612562 -0.262234 0.324326
v 1.719028 -0.300313 0.328626
v 1.834693 -0.338060 0.331126
v 1.957287 -0.374529 0.331726
v 2.084772 -0.409257 0.329926
v 2.215292 -0.441471 0.325526
v 2.346518 -0.470829 0.318426
v 2.476512 -0.496865 0.309126
v 2.603160 -0.519422 0.298026
v 2.724046 -0.538366 0.285626
v 2.837240 -0.553329 0.272626
v 2.939944 -0.564403 0.260026
v 3.029853 -0.571647 0.249526
v 1.353207 -0.078108 0.316426
v 1.310962 -0.057059 0.280826
v 1.262585 -0.024103 0.291826
v 1.313612 -0.051865 0.329826
v 1.223197 0.007868 0.305826
v 1.280016 -0.025409 0.346526
v 1.252340 0.000953 0.365126
v 1.192000 0.038799 0.322326
v 1.168628 0.068163 0.340826
v 1.231139 0.026457 0.385126
v 1.153223 0.095370 0.361426
v 1.216859 0.050434 0.406426
v 1.210061 0.072018 0.429126
v 1.145961 0.119328 0.384326
v 1.147189 0.139360 0.410026
v 1.211099 0.090432 0.453326
v 1.274221 -0.037335 0.237726
v 1.219832 0.001422 0.247026
v 1.176068 0.038705 0.259026
v 1.141927 0.074545 0.273426
v 1.116529 0.108582 0.290126
v 1.099846 0.139810 0.309826
v 1.092157 0.167046 0.332926
v 1.093533 0.189293 0.360326
v 1.184680 0.024262 0.196326
v 1.242791 -0.019050 0.188426
v 1.137766 0.066541 0.206426
v 1.101059 0.107617 0.218726
v 1.073668 0.147330 0.233426
v 1.055616 0.183877 0.251626
v 1.047212 0.215675 0.274826
v 1.048695 0.240736 0.304226
v 1.217447 -0.003253 0.134326
v 1.156959 0.044005 0.140726
v 1.107827 0.090842 0.148826
v 1.068933 0.137482 0.158726
v 1.039492 0.183669 0.170826
v 1.019060 0.228572 0.187026
v 1.008773 0.267357 0.206626
v 1.198841 0.009299 0.076426
v 1.136744 0.059554 0.081226
v 1.086047 0.110192 0.087226
v 1.045605 0.161837 0.094426
v 1.014315 0.214513 0.103526
v 1.187149 0.017516 0.015926
v 1.124422 0.069632 0.018926
v 1.072842 0.122916 0.022726
v 1.031348 0.178197 0.027126
v 0.998696 0.236092 0.032526
v 1.374414 0.159910 0.608726
v 1.412126 0.124617 0.620726
v 1.366883 0.129522 0.602026
v 1.319848 0.169185 0.584426
v 1.282095 0.210892 0.566326
v 1.343737 0.199297 0.596326
v 1.254687 0.255214 0.549526
v 1.318640 0.242075 0.583426
v 1.273008 0.173981 0.557626
v 1.326303 0.130738 0.580726
v 1.230254 0.218450 0.533826
v 1.197442 0.264105 0.510326
v 1.235353 0.300193 0.533926
v 1.174382 0.312235 0.488526
v 1.233347 0.174960 0.528926
v 1.290647 0.128885 0.557026
v 1.186816 0.221875 0.499226
v 1.150647 0.269705 0.469126
v 1.124282 0.320715 0.440126
v 1.260596 0.124211 0.531726
v 1.200459 0.172195 0.498726
v 1.151184 0.221127 0.463126
v 1.111949 0.271251 0.425526
v 1.082066 0.325327 0.387526
v 1.174857 0.165521 0.468126
v 1.236879 0.116364 0.505326
v 1.123483 0.215812 0.426826
v 1.081624 0.267661 0.381826
v 1.048235 0.324602 0.333926
v 1.220207 0.105193 0.478926
v 1.156953 0.154767 0.438226
v 1.104148 0.205460 0.392026
v 1.060346 0.257876 0.340626
v 1.361782 0.110426 -0.679974
v 1.406523 0.104083 -0.698274
v 1.368638 0.138964 -0.685574
v 1.314661 0.149884 -0.661474
v 1.268503 0.156430 -0.635174
v 1.321798 0.113187 -0.659174
v 1.229424 0.159153 -0.606974
v 1.286723 0.113078 -0.636174
v 1.257254 0.110148 -0.611674
v 1.197203 0.158339 -0.577574
v 1.172176 0.153509 -0.547874
v 1.234019 0.104038 -0.586374
v 1.154661 0.144385 -0.519074
v 1.217742 0.094398 -0.561074
v 1.145292 0.130508 -0.492074
v 1.209037 0.081069 -0.536674
v 1.276829 0.191284 -0.642474
v 1.337525 0.177419 -0.672274
v 1.225655 0.200792 -0.610274
v 1.182886 0.206168 -0.576074
v 1.147914 0.207470 -0.540574
v 1.120774 0.204199 -0.505074
v 1.101914 0.195684 -0.471374
v 1.091795 0.181054 -0.440974
v 1.313480 0.219467 -0.658874
v 1.247794 0.234492 -0.623774
v 1.192657 0.246234 -0.585574
v 1.146609 0.254090 -0.544574
v 1.108665 0.257794 -0.501474
v 1.078987 0.256453 -0.458474
v 1.058270 0.248712 -0.418174
v 1.047101 0.233309 -0.383074
v 1.295539 0.263138 -0.645574
v 1.227926 0.279935 -0.606574
v 1.169698 0.294371 -0.562574
v 1.120437 0.305214 -0.514274
v 1.078947 0.312382 -0.461974
v 1.046744 0.312772 -0.410374
v 1.023075 0.304227 -0.359774
v 1.010465 0.287922 -0.318374
v 1.352078 -0.082095 -0.410574
v 1.312404 -0.056158 -0.422574
v 1.261549 -0.027983 -0.383974
v 1.309999 -0.060533 -0.374574
v 1.218961 -0.001946 -0.338774
v 1.273323 -0.040304 -0.331174
v 1.242065 -0.021606 -0.281574
v 1.183968 0.021507 -0.287574
v 1.156298 0.041955 -0.231474
v 1.216872 -0.005097 -0.227174
v 1.136341 0.058123 -0.171574
v 1.198424 0.008068 -0.169074
v 1.186998 0.016804 -0.108374
v 1.124171 0.068913 -0.109074
v 1.120185 0.072948 -0.044974
v 1.183152 0.020248 -0.046174
v 1.278842 -0.030201 -0.437774
v 1.222088 0.003582 -0.396374
v 1.175118 0.035031 -0.348874
v 1.136975 0.063479 -0.295574
v 1.107180 0.088592 -0.237274
v 1.085651 0.108662 -0.175074
v 1.072598 0.122097 -0.110174
v 1.068336 0.127216 -0.043674
v 1.251008 -0.004451 -0.454774
v 1.190832 0.033907 -0.411074
v 1.140818 0.070259 -0.361274
v 1.100196 0.104150 -0.305674
v 1.068213 0.134826 -0.244674
v 1.045130 0.160000 -0.179674
v 1.031111 0.177279 -0.111774
v 1.026447 0.183874 -0.042174
v 1.229762 0.020248 -0.473074
v 1.167409 0.062567 -0.427774
v 1.115370 0.103590 -0.376074
v 1.072752 0.143157 -0.318074
v 1.038814 0.180415 -0.254374
v 1.013867 0.212277 -0.185874
v 0.998472 0.234974 -0.114074
v 0.993244 0.243936 -0.040574
v 1.215344 0.043313 -0.492774
v 1.151867 0.088861 -0.446674
v 1.098641 0.134013 -0.393774
v 1.054549 0.178992 -0.334174
v 1.018932 0.223151 -0.268074
v 1.144381 0.111701 -0.467974
v 1.208216 0.063872 -0.513974
v 1.090629 0.160125 -0.415074
v 1.045928 0.209572 -0.355374
v 1.009267 0.260174 -0.288374
v 1.400623 -0.100004 0.344326
v 1.424154 -0.114221 0.330726
v 1.398795 -0.104039 0.306626
v 1.374535 -0.082153 0.360826
v 1.347402 -0.060765 0.380726
v 1.323614 -0.038446 0.401426
v 1.304848 -0.016282 0.422726
v 1.291950 0.005083 0.444626
v 1.285682 0.024799 0.467126
v 1.286596 0.042102 0.490326
v 1.370265 -0.091468 0.273926
v 1.340114 -0.077205 0.231326
v 1.312891 -0.063241 0.182726
v 1.290374 -0.050657 0.129626
v 1.273343 -0.040603 0.072826
v 1.262666 -0.034021 0.013526
v 1.258803 -0.031781 -0.047274
v 1.483642 0.093353 0.640326
v 1.456210 0.092868 0.631426
v 1.462048 0.115824 0.636426
v 1.438577 0.145181 0.630526
v 1.415062 0.182455 0.622826
v 1.394798 0.471044 0.610626
v 1.424936 0.091418 0.618926
v 1.391071 0.088285 0.602026
v 1.359624 0.083515 0.582426
v 1.332512 0.076937 0.560826
v 1.310680 0.067917 0.537726
v 1.295133 0.056422 0.514026
v 1.477794 0.072001 -0.718174
v 1.456028 0.094059 -0.713774
v 1.450693 0.072542 -0.709674
v 1.419928 0.072429 -0.697574
v 1.386565 0.070734 -0.681274
v 1.355608 0.067601 -0.662474
v 1.328991 0.062562 -0.641874
v 1.307740 0.055285 -0.619874
v 1.292496 0.045215 -0.597274
v 1.284368 0.032226 -0.574874
v 1.432392 0.122904 -0.707374
v 1.408760 0.158966 -0.698874
v 1.389521 0.199641 -0.689674
v 1.397464 0.471629 -0.679274
v 1.399414 -0.104297 -0.438774
v 1.397746 -0.107719 -0.401874
v 1.423025 -0.118208 -0.425974
v 1.369287 -0.094743 -0.369174
v 1.339302 -0.079967 -0.326474
v 1.312244 -0.065491 -0.277774
v 1.289792 -0.052401 -0.224374
v 1.272927 -0.041835 -0.167474
v 1.262401 -0.034540 -0.108074
v 1.373355 -0.086845 -0.454174
v 1.346163 -0.066063 -0.472674
v 1.322217 -0.044356 -0.491974
v 1.303398 -0.022898 -0.511774
v 1.290263 -0.002451 -0.532074
v 1.283671 0.016140 -0.553074
v 3.083007 -0.314289 0.507826
v 2.998197 -0.296671 0.533826
v 3.019762 -0.277946 0.532626
v 3.110626 -0.299057 0.503726
v 3.142295 -0.282944 0.497526
v 3.045583 -0.258427 0.529526
v 3.173203 -0.263075 0.491326
v 3.103733 -0.094046 0.525226
v 2.899992 -0.276667 0.560226
v 2.917732 -0.254797 0.561126
v 2.939528 -0.232147 0.560026
v 2.962656 -0.207000 0.557926
v 2.806231 -0.229494 0.588226
v 2.790971 -0.253899 0.586026
v 2.824536 -0.204177 0.588726
v 2.881354 -0.051014 0.588026
v 2.673929 -0.228175 0.610226
v 2.687142 -0.201705 0.613326
v 2.702808 -0.174465 0.614826
v 2.719907 -0.144721 0.615426
v 2.550901 -0.199956 0.632026
v 2.562494 -0.171794 0.635726
v 2.575636 -0.142823 0.638026
v 2.633949 0.087625 0.639326
v 2.424096 -0.169291 0.650726
v 2.434304 -0.139921 0.654826
v 2.445433 -0.109384 0.657526
v 2.457402 -0.076485 0.659426
v 2.295850 -0.136620 0.665726
v 2.304685 -0.106241 0.670026
v 2.313836 -0.074638 0.673026
v 2.329452 0.078595 0.675026
v 2.168185 -0.102205 0.676626
v 2.175476 -0.071231 0.680826
v 2.182515 -0.038069 0.683826
v 2.189683 -0.002393 0.685926
v 2.048720 -0.035450 0.687126
v 2.043060 -0.066813 0.683126
v 2.053802 -0.001521 0.689826
v 2.059112 0.034930 0.691626
v 1.922531 -0.031205 0.685126
v 1.926088 0.000113 0.688726
v 1.928443 0.034356 0.690926
v 1.941844 0.146942 0.692126
v 1.808860 0.003773 0.682726
v 1.809718 0.035005 0.685626
v 1.808652 0.069413 0.687026
v 1.807460 0.107121 0.687326
v 1.701393 0.068045 0.677826
v 1.703801 0.037438 0.675926
v 1.696503 0.102691 0.678026
v 1.703008 0.226631 0.677026
v 1.609770 0.068154 0.665326
v 1.602587 0.098232 0.665726
v 1.528680 0.094348 0.651826
v 1.514586 0.124351 0.649726
v 1.498099 0.160003 0.645626
v 3.122531 -0.335125 0.490526
v 3.063510 -0.326657 0.509326
v 3.152963 -0.328720 0.483626
v 3.188641 -0.318446 0.475026
v 3.226563 -0.305812 0.465226
v 3.272022 -0.222093 0.451626
v 1.537861 0.071625 0.651526
v 1.609694 0.044493 0.662326
v 1.701048 0.011889 0.671926
v 1.804288 -0.023004 0.678026
v 1.916809 -0.058763 0.680026
v 2.036362 -0.094738 0.677626
v 2.160782 -0.130079 0.671026
v 2.287920 -0.164129 0.660126
v 2.415719 -0.196129 0.645226
v 2.542049 -0.225725 0.626726
v 2.664588 -0.252674 0.605326
v 2.781208 -0.276623 0.581726
v 2.889479 -0.297238 0.556626
v 2.986374 -0.314224 0.531526
v 1.522323 0.071658 -0.729174
v 1.603161 0.044745 -0.742874
v 1.595642 0.073898 -0.742574
v 1.507978 0.100942 -0.726474
v 1.585278 0.107966 -0.740274
v 1.491460 0.135590 -0.721674
v 1.575451 0.145881 -0.736774
v 1.476735 0.174771 -0.715674
v 1.568261 0.186283 -0.732474
v 1.510935 0.464303 -0.709274
v 1.697034 0.013417 -0.753574
v 1.694297 0.042999 -0.754774
v 1.688969 0.076713 -0.754274
v 1.683601 0.113932 -0.752474
v 1.704905 0.287905 -0.750074
v 1.802469 0.009247 -0.762574
v 1.801822 -0.020668 -0.760474
v 1.801160 0.042836 -0.763274
v 1.799637 0.079518 -0.762874
v 1.799275 0.118285 -0.761574
v 1.915526 -0.056145 -0.762974
v 1.918668 -0.026058 -0.765774
v 1.920678 0.007359 -0.767274
v 1.922610 0.043377 -0.767674
v 1.960379 0.297069 -0.767374
v 2.041127 -0.062034 -0.764174
v 2.035877 -0.092065 -0.760974
v 2.045872 -0.029030 -0.766274
v 2.050566 0.006175 -0.767274
v 2.055921 0.043431 -0.767474
v 2.167897 -0.098015 -0.757974
v 2.160916 -0.127664 -0.754474
v 2.174885 -0.065558 -0.760274
v 2.182248 -0.031272 -0.761574
v 2.222036 0.140666 -0.762074
v 2.288581 -0.162079 -0.743674
v 2.297006 -0.133032 -0.747174
v 2.306165 -0.101529 -0.749474
v 2.315698 -0.068195 -0.750774
v 2.325893 -0.032812 -0.751274
v 2.416827 -0.194750 -0.728574
v 2.426717 -0.166605 -0.731974
v 2.437754 -0.136175 -0.734074
v 2.449679 -0.104080 -0.735074
v 2.494936 0.042272 -0.735374
v 2.543610 -0.225116 -0.709874
v 2.554895 -0.198278 -0.712774
v 2.568136 -0.169301 -0.714474
v 2.582286 -0.138957 -0.715074
v 2.596690 -0.106492 -0.714874
v 2.666724 -0.253129 -0.687974
v 2.679621 -0.227884 -0.690374
v 2.695189 -0.200651 -0.691274
v 2.711884 -0.172337 -0.690974
v 2.753375 0.049134 -0.690074
v 2.783932 -0.278340 -0.663774
v 2.798877 -0.255160 -0.665174
v 2.817194 -0.230042 -0.664974
v 2.836948 -0.203924 -0.663574
v 2.856344 -0.175526 -0.661774
v 2.910436 -0.279858 -0.637974
v 2.893025 -0.300702 -0.637774
v 2.932331 -0.257201 -0.636174
v 2.955262 -0.233570 -0.633274
v 2.998160 -0.109732 -0.624774
v 3.012717 -0.302287 -0.609474
v 2.991390 -0.320094 -0.611274
v 3.038902 -0.282242 -0.605574
v 3.065573 -0.261963 -0.600774
v 3.089206 -0.239788 -0.596474
v 3.103825 -0.322579 -0.580474
v 3.076543 -0.336887 -0.585274
v 3.135631 -0.305555 -0.573674
v 3.166037 -0.287124 -0.566674
v 3.145437 -0.197527 -0.562974
v 1.531735 0.049953 -0.729474
v 3.220723 -0.327264 -0.541274
v 3.284588 -0.228445 -0.530074
v 3.182384 -0.341129 -0.551674
v 3.147057 -0.350677 -0.560874
v 3.057184 -0.348343 -0.587274
v 3.116491 -0.356590 -0.568374
v 2.979883 -0.336422 -0.609674
v 2.882823 -0.319948 -0.634974
v 2.774487 -0.299840 -0.660174
v 2.657794 -0.276297 -0.683874
v 2.535176 -0.249653 -0.705374
v 2.408853 -0.220158 -0.723874
v 2.281061 -0.188257 -0.738874
v 2.153923 -0.154207 -0.749774
v 2.029588 -0.118660 -0.756374
v 1.910115 -0.082378 -0.758574
v 1.797766 -0.046207 -0.756574
v 1.694598 -0.010908 -0.750274
v 1.603403 0.022309 -0.740574
v 1.447492 -0.115422 0.385526
v 1.532932 -0.150939 0.404926
v 1.545043 -0.162334 0.377426
v 1.465595 -0.129412 0.362226
v 1.629904 -0.187968 0.419426
v 1.637901 -0.197842 0.388926
v 1.736934 -0.225507 0.429426
v 1.742261 -0.234463 0.396926
v 1.855835 -0.270950 0.401626
v 1.852664 -0.262749 0.435126
v 1.975137 -0.298924 0.436626
v 1.976464 -0.306551 0.402726
v 2.102210 -0.333480 0.433926
v 2.101999 -0.340612 0.400326
v 2.232131 -0.365736 0.427326
v 2.230483 -0.372364 0.394426
v 2.359885 -0.401448 0.384926
v 2.362958 -0.395122 0.416826
v 2.487963 -0.427314 0.372426
v 2.492674 -0.421477 0.402726
v 2.619156 -0.444547 0.385626
v 2.612516 -0.450016 0.357226
v 2.731506 -0.469090 0.339826
v 2.740389 -0.464169 0.365926
v 2.842434 -0.484610 0.320826
v 2.854365 -0.480281 0.344026
v 2.959172 -0.492814 0.320026
v 2.942884 -0.496441 0.300626
v 3.030182 -0.505067 0.279526
v 3.053238 -0.502177 0.294326
v 1.426647 -0.098012 0.408526
v 1.517395 -0.136371 0.430726
v 1.618721 -0.175506 0.447426
v 1.729360 -0.214501 0.458826
v 1.847973 -0.252847 0.465326
v 1.972816 -0.289963 0.467026
v 2.102139 -0.325166 0.464126
v 2.234111 -0.358082 0.456726
v 2.366981 -0.388029 0.445226
v 2.498939 -0.414931 0.429826
v 2.627963 -0.438528 0.410926
v 2.752445 -0.458728 0.389026
v 2.870266 -0.475377 0.364526
v 2.980124 -0.488465 0.337626
v 3.080323 -0.498108 0.308326
v 1.501841 -0.120101 0.455326
v 1.406997 -0.079016 0.431326
v 1.607017 -0.161276 0.473326
v 1.721078 -0.201940 0.485726
v 1.842694 -0.241683 0.492726
v 1.970214 -0.279817 0.494426
v 2.101999 -0.315853 0.491126
v 2.236327 -0.349509 0.483126
v 2.371547 -0.380097 0.470626
v 2.506054 -0.407626 0.454026
v 2.638019 -0.431721 0.433726
v 2.765741 -0.452400 0.409926
v 2.887602 -0.469473 0.383326
v 3.001897 -0.482957 0.353926
v 3.106399 -0.492504 0.321826
v 1.488640 -0.103067 0.478826
v 1.390924 -0.059574 0.453826
v 1.596761 -0.146245 0.497726
v 1.713739 -0.188512 0.510526
v 1.838045 -0.229474 0.517726
v 1.968041 -0.268640 0.519226
v 2.102104 -0.305722 0.515426
v 2.238682 -0.340025 0.506726
v 2.376357 -0.371346 0.493426
v 2.513307 -0.399408 0.475826
v 2.648015 -0.424017 0.454326
v 2.778770 -0.445088 0.429226
v 2.903957 -0.462433 0.400926
v 3.021665 -0.475983 0.369726
v 3.128740 -0.485052 0.335426
v 1.379687 -0.040501 0.476326
v 1.479344 -0.085965 0.501626
v 1.589384 -0.130815 0.520626
v 1.708360 -0.174449 0.533526
v 1.834658 -0.216676 0.540526
v 1.966632 -0.256909 0.541726
v 2.102752 -0.294752 0.537426
v 2.241380 -0.329716 0.528126
v 2.381106 -0.361697 0.514126
v 2.520192 -0.390214 0.495726
v 2.657135 -0.415270 0.473326
v 2.790313 -0.436576 0.447226
v 2.918014 -0.454048 0.417826
v 3.037910 -0.467347 0.385426
v 3.146042 -0.475742 0.349926
v 1.374034 -0.022446 0.498626
v 1.474692 -0.069345 0.523726
v 1.585825 -0.115523 0.542426
v 1.705989 -0.160378 0.554926
v 1.833552 -0.203521 0.561526
v 1.966878 -0.244463 0.562226
v 2.104343 -0.282915 0.557526
v 2.244423 -0.318580 0.547726
v 2.385480 -0.350971 0.533126
v 2.526096 -0.379884 0.514126
v 2.664557 -0.405136 0.491026
v 2.799351 -0.426631 0.464326
v 2.928556 -0.444101 0.434326
v 3.049535 -0.457125 0.401426
v 3.157811 -0.464708 0.365626
v 1.475644 -0.054044 0.545126
v 1.375017 -0.006140 0.520926
v 1.587131 -0.100999 0.563126
v 1.707542 -0.146539 0.575026
v 1.835539 -0.190153 0.580926
v 1.969206 -0.231673 0.581226
v 2.107097 -0.270496 0.576126
v 2.247696 -0.306427 0.565826
v 2.389272 -0.339083 0.550826
v 2.530409 -0.368261 0.531426
v 2.669488 -0.393771 0.507926
v 2.804781 -0.415232 0.480926
v 2.934584 -0.432660 0.450826
v 3.055637 -0.445278 0.417926
v 3.163658 -0.452077 0.382726
v 1.382976 0.007839 0.543026
v 1.483018 -0.040305 0.565926
v 1.593821 -0.087508 0.582726
v 1.713640 -0.133189 0.593626
v 1.840952 -0.177050 0.598926
v 1.974013 -0.218512 0.598626
v 2.111313 -0.257476 0.593126
v 2.251207 -0.293355 0.582526
v 2.392191 -0.326152 0.567226
v 2.532729 -0.355371 0.547626
v 2.671104 -0.380829 0.524126
v 2.805897 -0.402325 0.497226
v 2.935188 -0.419588 0.467426
v 3.055827 -0.432033 0.435126
v 3.163402 -0.438161 0.400826
v 1.397285 0.019850 0.564626
v 1.496003 -0.027984 0.585726
v 1.605281 -0.074892 0.601026
v 1.723577 -0.120276 0.610826
v 1.849365 -0.163842 0.615226
v 1.980909 -0.205106 0.614326
v 2.116684 -0.243775 0.608426
v 2.255068 -0.279557 0.597726
v 2.394436 -0.312165 0.582326
v 2.533364 -0.341294 0.562726
v 2.670228 -0.366656 0.539426
v 2.803412 -0.388062 0.512926
v 2.931192 -0.405228 0.483726
v 3.050714 -0.417450 0.452426
v 3.157470 -0.423334 0.419426
v 1.416940 0.029924 0.585026
v 1.513380 -0.016865 0.604026
v 1.620388 -0.062826 0.617826
v 1.736427 -0.107463 0.626426
v 1.859959 -0.150282 0.629926
v 1.989367 -0.191093 0.628526
v 2.123006 -0.229307 0.622226
v 2.259154 -0.264641 0.611326
v 2.396399 -0.296994 0.596026
v 2.533112 -0.325975 0.576626
v 2.667661 -0.351196 0.553726
v 2.798330 -0.372474 0.527826
v 2.923596 -0.389513 0.499526
v 3.041122 -0.401872 0.469426
v 3.146488 -0.407952 0.437926
v 1.534318 -0.006503 0.620626
v 1.441015 0.038397 0.603726
v 1.638210 -0.050874 0.632826
v 1.751246 -0.094114 0.640326
v 1.872002 -0.135921 0.643126
v 1.998846 -0.175906 0.641126
v 2.129937 -0.213493 0.634626
v 2.263756 -0.248487 0.623726
v 2.398472 -0.280513 0.608426
v 2.532557 -0.309174 0.589326
v 2.664299 -0.334387 0.566926
v 2.791854 -0.355579 0.541726
v 2.913721 -0.372751 0.514426
v 3.027848 -0.385244 0.485726
v 3.131054 -0.391973 0.456026
v 1.468158 0.045978 0.620326
v 1.557378 0.003604 0.635026
v 1.657400 -0.038427 0.645826
v 1.767000 -0.079799 0.652526
v 1.884752 -0.120209 0.654726
v 2.008815 -0.159082 0.652426
v 2.137463 -0.196136 0.645726
v 2.268839 -0.230596 0.634826
v 2.401034 -0.262394 0.619626
v 2.532404 -0.290941 0.600826
v 2.661039 -0.316168 0.578826
v 2.785097 -0.337500 0.554426
v 2.902767 -0.354861 0.528126
v 3.012511 -0.367756 0.500826
v 3.111968 -0.375345 0.473026
v 1.579878 0.014575 0.647026
v 1.496014 0.053408 0.634226
v 1.675796 -0.024631 0.656826
v 1.782139 -0.063822 0.662926
v 1.897067 -0.102521 0.664726
v 2.018852 -0.140348 0.662326
v 2.145243 -0.176656 0.655526
v 2.274497 -0.210861 0.644626
v 2.404470 -0.242411 0.629526
v 2.533446 -0.271123 0.610926
v 2.659281 -0.296442 0.589426
v 2.779868 -0.318314 0.565626
v 2.893262 -0.336170 0.540126
v 2.997838 -0.349721 0.514126
v 3.091649 -0.358300 0.488426
v 1.520202 0.061689 0.644726
v 1.598835 0.027508 0.656226
v 1.691214 -0.008334 0.665526
v 1.795089 -0.045188 0.671426
v 1.908106 -0.082316 0.673226
v 2.028212 -0.119056 0.670726
v 2.153159 -0.154760 0.664026
v 2.280795 -0.188777 0.653126
v 2.409272 -0.220429 0.638126
v 2.536359 -0.249371 0.619626
v 2.660034 -0.275340 0.598326
v 2.777869 -0.298003 0.574826
v 2.887932 -0.316991 0.549826
v 2.987476 -0.331690 0.524726
v 3.074272 -0.341754 0.500826
v 1.477875 -0.138891 0.338826
v 1.549308 -0.168957 0.347126
v 1.640335 -0.204089 0.355026
v 1.743485 -0.240593 0.361026
v 1.856147 -0.276943 0.364426
v 1.976071 -0.312492 0.365126
v 2.101194 -0.346381 0.362826
v 2.229071 -0.378075 0.357626
v 2.357955 -0.406893 0.349226
v 2.485421 -0.432601 0.338226
v 2.609446 -0.454938 0.325026
v 2.727511 -0.473675 0.310226
v 2.837401 -0.488665 0.294226
v 2.935906 -0.499928 0.278126
v 3.014588 -0.507143 0.263826
v 3.103231 -0.510564 0.258626
v 3.074916 -0.511310 0.251726
v 3.135363 -0.508453 0.267026
v 3.169358 -0.504309 0.277026
v 3.199818 -0.498303 0.287626
v 3.224519 -0.490188 0.299226
v 3.242770 -0.480111 0.312826
v 3.254557 -0.467873 0.328626
v 3.260236 -0.454250 0.346626
v 3.259925 -0.439537 0.365926
v 3.253572 -0.424437 0.386026
v 3.241181 -0.408952 0.406226
v 3.223067 -0.393359 0.426326
v 3.199824 -0.377517 0.445726
v 3.173070 -0.361617 0.463826
v 3.146324 -0.347320 0.478926
v 3.262813 -0.517924 -0.298374
v 3.204174 -0.516447 -0.330974
v 3.155706 -0.518580 -0.327574
v 3.204091 -0.521063 -0.297474
v 3.308606 -0.511865 -0.301574
v 3.246584 -0.512225 -0.336674
v 3.341474 -0.502987 -0.306674
v 3.281633 -0.505903 -0.344074
v 3.366103 -0.492371 -0.314574
v 3.307802 -0.497286 -0.353374
v 3.383918 -0.480320 -0.325574
v 3.325627 -0.486837 -0.364774
v 3.395337 -0.467104 -0.339974
v 3.337044 -0.475026 -0.378874
v 3.399910 -0.453458 -0.357874
v 3.342505 -0.462621 -0.395474
v 3.308777 -0.517266 -0.262674
v 3.246187 -0.522476 -0.262974
v 3.355516 -0.508937 -0.263574
v 3.389357 -0.498188 -0.267074
v 3.415039 -0.485395 -0.274374
v 3.434107 -0.471152 -0.285374
v 3.446214 -0.456285 -0.300074
v 3.450506 -0.441455 -0.319074
v 3.280770 -0.522502 -0.224474
v 3.345724 -0.515224 -0.223274
v 3.393130 -0.504945 -0.223274
v 3.427326 -0.492067 -0.226674
v 3.454048 -0.476896 -0.234074
v 3.474360 -0.460362 -0.245274
v 3.487329 -0.443432 -0.260574
v 3.490327 -0.430195 -0.279274
v 3.375028 -0.512807 -0.180874
v 3.307548 -0.521260 -0.182674
v 3.421306 -0.500700 -0.180774
v 3.454752 -0.485668 -0.184774
v 3.481501 -0.467990 -0.192674
v 3.502406 -0.448408 -0.204374
v 3.514913 -0.430607 -0.220174
v 3.520399 -0.414192 -0.240874
v 3.396934 -0.510697 -0.135874
v 3.328819 -0.520097 -0.137974
v 3.440408 -0.497180 -0.135974
v 3.472108 -0.480063 -0.140274
v 3.498466 -0.459605 -0.147774
v 3.518441 -0.438183 -0.159874
v 3.533784 -0.414975 -0.176374
v 3.545800 -0.314312 -0.211074
v 3.411778 -0.509375 -0.089674
v 3.343298 -0.519301 -0.091974
v 3.451080 -0.494942 -0.089674
v 3.480774 -0.476359 -0.092874
v 3.507025 -0.452901 -0.097774
v 3.527752 -0.427819 -0.102574
v 3.566058 -0.275128 -0.120074
v 3.300489 -0.374999 -0.497374
v 3.247737 -0.358583 -0.523874
v 3.196712 -0.365804 -0.539974
v 3.240369 -0.381142 -0.518374
v 3.340809 -0.363704 -0.480574
v 3.292573 -0.347378 -0.509274
v 3.378523 -0.285430 -0.464874
v 3.327317 -0.329350 -0.497474
v 3.336353 -0.389271 -0.472774
v 3.277307 -0.396442 -0.496774
v 3.373870 -0.376564 -0.452374
v 3.404097 -0.358446 -0.433974
v 3.359056 -0.401641 -0.449374
v 3.306594 -0.411266 -0.475374
v 3.398808 -0.386475 -0.425574
v 3.429893 -0.370604 -0.403874
v 3.454414 -0.346764 -0.388474
v 3.441399 -0.246521 -0.404074
v 3.376936 -0.413842 -0.425574
v 3.325453 -0.424602 -0.454574
v 3.419730 -0.399169 -0.397074
v 3.453063 -0.383944 -0.371974
v 3.491611 -0.275541 -0.336674
v 3.390028 -0.426373 -0.401874
v 3.336636 -0.437064 -0.434174
v 3.436289 -0.412563 -0.368874
v 3.472257 -0.397759 -0.339874
v 3.501570 -0.372186 -0.318774
v 3.397959 -0.439659 -0.378774
v 3.342118 -0.449717 -0.414174
v 3.446882 -0.426669 -0.342274
v 3.483717 -0.412807 -0.311574
v 3.527428 -0.308059 -0.268474
v 3.201641 -0.344214 0.462726
v 3.252725 -0.336388 0.447426
v 3.304094 -0.353100 0.420726
v 3.242903 -0.359717 0.441426
v 3.343247 -0.368548 0.395126
v 3.277347 -0.375189 0.419526
v 3.370797 -0.382890 0.370726
v 3.304560 -0.390456 0.397426
v 3.388508 -0.397008 0.346926
v 3.323936 -0.405461 0.375426
v 3.398737 -0.411640 0.323226
v 3.336002 -0.420569 0.353426
v 3.403007 -0.427083 0.299626
v 3.341476 -0.436029 0.331826
v 3.401811 -0.443203 0.277126
v 3.341230 -0.451382 0.311026
v 3.352587 -0.344049 0.402826
v 3.298776 -0.326803 0.432726
v 3.392159 -0.359769 0.373026
v 3.413865 -0.369301 0.351326
v 3.428129 -0.385761 0.325326
v 3.442038 -0.401442 0.292926
v 3.448092 -0.413655 0.268826
v 3.446658 -0.430694 0.244026
v 3.336368 -0.309381 0.421626
v 3.399365 -0.273671 0.382926
v 3.428152 -0.340953 0.355226
v 3.440484 -0.346820 0.344826
v 3.486479 -0.273790 0.298726
v 3.475755 -0.381580 0.269926
v 3.478786 -0.399414 0.244426
v 3.480689 -0.418328 0.207626
v 3.508534 -0.340833 0.261026
v 3.503806 -0.350782 0.263826
v 3.525253 -0.267713 0.211826
v 3.510927 -0.401813 0.169026
v 3.204855 -0.517603 0.203426
v 3.156742 -0.514700 0.233226
v 3.205190 -0.512267 0.237626
v 3.263650 -0.514057 0.205626
v 3.246672 -0.519336 0.169026
v 3.312376 -0.514212 0.170026
v 3.353437 -0.513691 0.131026
v 3.282707 -0.520063 0.130626
v 3.312275 -0.520033 0.089426
v 3.385051 -0.512818 0.089226
v 3.333893 -0.519547 0.046126
v 3.406009 -0.511476 0.045826
v 3.416942 -0.510122 0.001826
v 3.346391 -0.519088 0.000926
v 3.349384 -0.518882 -0.045474
v 3.418582 -0.509207 -0.043474
v 3.311338 -0.507868 0.209526
v 3.246960 -0.507488 0.244226
v 3.363081 -0.506713 0.171726
v 3.400313 -0.504451 0.131726
v 3.423954 -0.501320 0.090526
v 3.440078 -0.498206 0.047426
v 3.450230 -0.495702 0.003026
v 3.453953 -0.494444 -0.042874
v 3.281169 -0.500622 0.252126
v 3.346156 -0.499658 0.214926
v 3.392640 -0.496358 0.176526
v 3.424592 -0.491653 0.137526
v 3.448161 -0.486022 0.096626
v 3.465538 -0.480716 0.052726
v 3.476890 -0.476727 0.005926
v 3.482089 -0.475066 -0.043374
v 3.306600 -0.491455 0.262026
v 3.368855 -0.488673 0.224626
v 3.412552 -0.482759 0.187326
v 3.444805 -0.475126 0.148726
v 3.469784 -0.466691 0.107226
v 3.488864 -0.458462 0.061626
v 3.501763 -0.452161 0.011426
v 3.508003 -0.449627 -0.043074
v 3.324150 -0.479922 0.275326
v 3.384658 -0.475056 0.238726
v 3.428183 -0.466648 0.202426
v 3.461733 -0.456019 0.164326
v 3.488766 -0.443934 0.122526
v 3.507929 -0.433995 0.076726
v 3.522459 -0.425176 0.019026
v 3.530632 -0.418700 -0.041674
v 3.335235 -0.466229 0.291926
v 3.395520 -0.459574 0.256526
v 3.439686 -0.448816 0.221526
v 3.474825 -0.435070 0.184626
v 3.502626 -0.421028 0.143626
v 3.524979 -0.406459 0.097926
v 3.560016 -0.280556 0.029926
v 3.558759 -0.364240 -0.039774
v 3.548160 -0.316555 0.125126
v 3.102017 -0.514757 -0.353374
v 3.073881 -0.515190 -0.347174
v 3.101958 -0.518270 -0.326874
v 3.134069 -0.512952 -0.360774
v 3.168803 -0.509359 -0.370074
v 3.200715 -0.504055 -0.379874
v 3.227707 -0.497185 -0.390574
v 3.248569 -0.488633 -0.402774
v 3.262709 -0.478538 -0.416674
v 3.269650 -0.467235 -0.432174
v 3.133834 -0.521188 -0.299974
v 3.167883 -0.523656 -0.265474
v 3.198965 -0.525225 -0.226874
v 3.224669 -0.525862 -0.184974
v 3.243494 -0.525568 -0.140474
v 3.255486 -0.525044 -0.094174
v 3.259968 -0.524635 -0.047174
v 3.141260 -0.368417 -0.556674
v 3.169168 -0.382133 -0.541974
v 3.198617 -0.397848 -0.524074
v 3.225025 -0.413071 -0.505174
v 3.246362 -0.427440 -0.486274
v 3.261266 -0.441550 -0.467474
v 3.269104 -0.454943 -0.449174
v 3.102914 -0.514695 0.231326
v 3.134711 -0.517920 0.204426
v 3.168489 -0.520807 0.170126
v 3.199198 -0.522803 0.131526
v 3.224731 -0.523853 0.089826
v 3.243903 -0.524237 0.045626
v 3.255943 -0.524411 -0.000274
v 2.957714 -0.497826 -0.415074
v 2.941589 -0.500940 -0.396774
v 3.028874 -0.509367 -0.374774
v 3.051864 -0.506983 -0.388574
v 2.852813 -0.485399 -0.439774
v 2.841140 -0.489110 -0.417774
v 2.738851 -0.469487 -0.462374
v 2.730220 -0.473690 -0.437474
v 2.617617 -0.449865 -0.482774
v 2.611229 -0.454615 -0.455374
v 2.491142 -0.426895 -0.500274
v 2.486683 -0.432014 -0.470974
v 2.361427 -0.400540 -0.514574
v 2.358505 -0.406154 -0.483774
v 2.230700 -0.371147 -0.525174
v 2.229203 -0.377064 -0.493374
v 2.100778 -0.338892 -0.531774
v 2.100719 -0.345311 -0.499174
v 1.973606 -0.304342 -0.534074
v 1.975084 -0.311257 -0.501274
v 1.851232 -0.268160 -0.532074
v 1.854455 -0.275656 -0.499674
v 1.735502 -0.230918 -0.525774
v 1.740974 -0.239062 -0.494474
v 1.628458 -0.193179 -0.515074
v 1.636713 -0.202434 -0.485674
v 1.531580 -0.156044 -0.499774
v 1.543749 -0.166834 -0.473274
v 1.446225 -0.120320 -0.479574
v 1.464401 -0.133904 -0.457274
v 2.978406 -0.494096 -0.431374
v 3.078883 -0.503419 -0.401574
v 2.868462 -0.481215 -0.459074
v 2.750655 -0.464765 -0.484274
v 2.626280 -0.444658 -0.506774
v 2.497156 -0.421069 -0.526074
v 2.365205 -0.394266 -0.541774
v 2.232334 -0.364318 -0.553374
v 2.100463 -0.331396 -0.560674
v 1.971140 -0.296192 -0.563274
v 1.846297 -0.259077 -0.561074
v 1.727777 -0.220624 -0.553974
v 1.617224 -0.181423 -0.541874
v 1.515991 -0.142182 -0.524374
v 1.425222 -0.103523 -0.501374
v 3.000021 -0.489200 -0.446374
v 3.105614 -0.498572 -0.414174
v 2.885553 -0.476129 -0.476474
v 2.763708 -0.459256 -0.503774
v 2.635993 -0.438677 -0.528074
v 2.504027 -0.414581 -0.548874
v 2.369526 -0.387152 -0.565774
v 2.234307 -0.356565 -0.578274
v 2.100085 -0.323002 -0.586274
v 1.968294 -0.286866 -0.589274
v 1.840866 -0.248625 -0.587074
v 1.719251 -0.208882 -0.579574
v 1.605275 -0.168012 -0.566374
v 1.500186 -0.126630 -0.547574
v 1.405520 -0.085232 -0.522774
v 3.019751 -0.483131 -0.460774
v 3.129228 -0.492135 -0.426674
v 2.901665 -0.469908 -0.492574
v 2.776499 -0.452863 -0.521474
v 2.645650 -0.431898 -0.547174
v 2.510950 -0.407389 -0.569174
v 2.374007 -0.379426 -0.587074
v 2.236438 -0.348199 -0.600474
v 2.099853 -0.313796 -0.609074
v 1.965791 -0.276714 -0.612574
v 1.835887 -0.237441 -0.610574
v 1.711674 -0.196373 -0.602874
v 1.594881 -0.153892 -0.589274
v 1.486847 -0.110508 -0.569574
v 1.389302 -0.066602 -0.543774
v 3.036264 -0.475479 -0.475074
v 3.148428 -0.484198 -0.439774
v 2.915384 -0.462449 -0.507974
v 2.787604 -0.445282 -0.537974
v 2.654440 -0.424176 -0.564574
v 2.517511 -0.399320 -0.587474
v 2.378425 -0.370802 -0.606174
v 2.238812 -0.339014 -0.620274
v 2.100277 -0.303944 -0.629474
v 1.964251 -0.265994 -0.633474
v 1.832269 -0.225662 -0.631874
v 1.706164 -0.183320 -0.624374
v 1.587267 -0.139381 -0.610774
v 1.477314 -0.094324 -0.590874
v 1.377836 -0.048547 -0.564674
v 3.048072 -0.466447 -0.489574
v 3.161918 -0.474850 -0.453774
v 2.925703 -0.453619 -0.522974
v 2.796226 -0.436570 -0.553574
v 2.661545 -0.415267 -0.580774
v 2.523092 -0.390115 -0.604274
v 2.382482 -0.361302 -0.623574
v 2.241432 -0.329010 -0.638274
v 2.101452 -0.293338 -0.647974
v 1.964080 -0.254780 -0.652474
v 1.830940 -0.213624 -0.651274
v 1.703469 -0.170375 -0.644274
v 1.583392 -0.125314 -0.631074
v 1.472338 -0.078829 -0.611474
v 1.371952 -0.031511 -0.585574
v 3.168693 -0.464059 -0.468774
v 3.054276 -0.456097 -0.504474
v 2.931315 -0.443410 -0.537974
v 2.801340 -0.426395 -0.568674
v 2.665961 -0.405140 -0.596174
v 2.526995 -0.379822 -0.619974
v 2.385965 -0.350737 -0.639674
v 2.244388 -0.318082 -0.654774
v 2.103889 -0.282144 -0.664974
v 1.966091 -0.243214 -0.669874
v 1.832417 -0.201594 -0.669174
v 1.704699 -0.157661 -0.662774
v 1.584374 -0.111915 -0.650274
v 1.473166 -0.064639 -0.631574
v 1.372618 -0.016429 -0.606474
v 3.054065 -0.444283 -0.520074
v 3.167962 -0.451981 -0.484974
v 2.931516 -0.431769 -0.553174
v 2.802047 -0.414819 -0.583574
v 2.667273 -0.393623 -0.610874
v 2.528905 -0.368264 -0.634674
v 2.388474 -0.339138 -0.654574
v 2.247496 -0.306441 -0.669874
v 2.107702 -0.270555 -0.680374
v 1.970495 -0.231484 -0.685674
v 1.837520 -0.189816 -0.685674
v 1.710394 -0.145741 -0.679974
v 1.590754 -0.099748 -0.668474
v 1.480130 -0.052232 -0.650974
v 1.380260 -0.003675 -0.627274
v 3.048050 -0.431166 -0.535974
v 3.160450 -0.438966 -0.501874
v 2.927018 -0.418847 -0.568074
v 2.799159 -0.401987 -0.597874
v 2.665995 -0.380880 -0.624774
v 2.529145 -0.355718 -0.648274
v 2.390223 -0.326688 -0.668074
v 2.250862 -0.294181 -0.683474
v 2.112579 -0.258391 -0.694174
v 1.976896 -0.219616 -0.699974
v 1.845538 -0.178138 -0.700574
v 1.719928 -0.134260 -0.695774
v 1.601712 -0.088569 -0.685474
v 1.492612 -0.041349 -0.669474
v 1.394173 0.006806 -0.647674
v 3.147250 -0.424839 -0.519174
v 3.037357 -0.417067 -0.551674
v 2.919026 -0.404662 -0.582674
v 2.793680 -0.387930 -0.611474
v 2.662932 -0.366958 -0.637674
v 2.528396 -0.341937 -0.660774
v 2.391797 -0.313148 -0.680274
v 2.254559 -0.280896 -0.695774
v 2.118404 -0.245461 -0.706574
v 1.984851 -0.207041 -0.712674
v 1.855636 -0.166116 -0.713874
v 1.732283 -0.122985 -0.710074
v 1.616423 -0.078034 -0.700974
v 1.509594 -0.031760 -0.686674
v 1.413332 0.015341 -0.666974
v 3.129284 -0.409938 -0.536274
v 3.023281 -0.401897 -0.566874
v 2.908655 -0.389439 -0.596374
v 2.786816 -0.372665 -0.624174
v 2.659181 -0.351780 -0.649574
v 2.527459 -0.326866 -0.672174
v 2.393382 -0.298304 -0.691374
v 2.258665 -0.266279 -0.706674
v 2.124946 -0.231278 -0.717674
v 1.993842 -0.193491 -0.723974
v 1.867183 -0.153293 -0.725774
v 1.746606 -0.111173 -0.722674
v 1.633749 -0.067620 -0.714874
v 1.530036 -0.022936 -0.702074
v 1.436912 0.022277 -0.684674
v 3.108150 -0.394151 -0.552574
v 3.007243 -0.385861 -0.581174
v 2.897312 -0.373179 -0.609074
v 2.779570 -0.356224 -0.635674
v 2.655533 -0.335191 -0.660374
v 2.526819 -0.310270 -0.682374
v 2.395455 -0.281823 -0.701374
v 2.263267 -0.250125 -0.716574
v 2.131983 -0.215558 -0.727474
v 2.003428 -0.178397 -0.734074
v 1.879445 -0.139218 -0.736174
v 1.761871 -0.098495 -0.733774
v 1.652351 -0.056817 -0.726774
v 1.552501 -0.014373 -0.715574
v 1.463560 0.028321 -0.700274
v 3.086390 -0.378007 -0.567374
v 2.992066 -0.369264 -0.593674
v 2.887418 -0.356118 -0.620174
v 2.773944 -0.338568 -0.645774
v 2.653286 -0.317103 -0.669874
v 2.527464 -0.291983 -0.691474
v 2.398502 -0.263471 -0.710174
v 2.268430 -0.231927 -0.725274
v 2.139275 -0.197715 -0.736174
v 2.012870 -0.161208 -0.742774
v 1.891271 -0.123168 -0.745174
v 1.776515 -0.084056 -0.743074
v 1.670352 -0.044552 -0.736774
v 1.574605 -0.004933 -0.726674
v 1.490820 0.034206 -0.713474
v 3.068376 -0.362408 -0.579274
v 2.981302 -0.352663 -0.603574
v 2.881678 -0.338270 -0.628974
v 2.771549 -0.319788 -0.654074
v 2.653643 -0.297532 -0.677774
v 2.529989 -0.271862 -0.699174
v 2.402808 -0.243027 -0.717774
v 2.274332 -0.211374 -0.732774
v 2.146695 -0.177358 -0.743574
v 2.021842 -0.141546 -0.750274
v 1.901914 -0.104493 -0.752674
v 1.788970 -0.066960 -0.750774
v 1.685266 -0.029693 -0.744674
v 1.592960 0.006554 -0.735174
v 1.514599 0.041156 -0.723274
v 3.013459 -0.511129 -0.359974
v 2.934777 -0.503915 -0.375074
v 2.836272 -0.492652 -0.391974
v 2.726382 -0.477662 -0.408674
v 2.608317 -0.458925 -0.424074
v 2.484391 -0.436582 -0.437774
v 2.356826 -0.410880 -0.449074
v 2.228042 -0.382055 -0.457474
v 2.100065 -0.350368 -0.462574
v 1.974942 -0.316479 -0.464574
v 1.855025 -0.281030 -0.463374
v 1.742356 -0.244580 -0.459374
v 1.639213 -0.208176 -0.452674
v 1.548179 -0.172944 -0.443874
v 1.476753 -0.142977 -0.434774
v 1.526658 -0.169012 -0.369774
v 1.541381 -0.173211 -0.409674
v 1.462137 -0.138871 -0.405174
v 1.441552 -0.131067 -0.367974
v 1.623554 -0.207851 -0.372874
v 1.634208 -0.209724 -0.415074
v 1.730673 -0.246687 -0.375874
v 1.738609 -0.246943 -0.419774
v 1.846373 -0.284933 -0.377774
v 1.852118 -0.283936 -0.422674
v 1.968887 -0.321707 -0.378074
v 1.972775 -0.319936 -0.423374
v 2.096280 -0.356542 -0.376474
v 2.098516 -0.354083 -0.421574
v 2.226407 -0.388883 -0.372674
v 2.227106 -0.385928 -0.417174
v 2.357427 -0.418156 -0.366374
v 2.356601 -0.414905 -0.409774
v 2.487414 -0.444092 -0.358074
v 2.484773 -0.440665 -0.400074
v 2.614355 -0.466528 -0.348274
v 2.609597 -0.462947 -0.388374
v 2.736031 -0.485318 -0.337374
v 2.728759 -0.481608 -0.375274
v 2.850616 -0.500085 -0.326074
v 2.840038 -0.496403 -0.361474
v 2.956105 -0.510867 -0.315374
v 2.940825 -0.507308 -0.348074
v 3.051010 -0.517867 -0.306274
v 3.028626 -0.514496 -0.336474
v 1.508458 -0.162346 -0.324774
v 1.417896 -0.120867 -0.324574
v 1.609643 -0.203796 -0.326274
v 1.720305 -0.244594 -0.328074
v 1.839007 -0.284237 -0.329174
v 1.964105 -0.322137 -0.329174
v 2.093668 -0.357925 -0.327774
v 2.225939 -0.390820 -0.324574
v 2.359201 -0.420640 -0.319374
v 2.491625 -0.447010 -0.312474
v 2.621285 -0.469660 -0.304374
v 2.746375 -0.488515 -0.295574
v 2.864978 -0.503407 -0.286474
v 2.975775 -0.514124 -0.277974
v 3.077178 -0.520877 -0.270674
v 1.489875 -0.154504 -0.275474
v 1.395096 -0.110007 -0.275874
v 1.595044 -0.198486 -0.275974
v 1.709249 -0.241245 -0.276874
v 1.831075 -0.282578 -0.277374
v 1.958863 -0.321696 -0.277274
v 2.090896 -0.358416 -0.276174
v 2.225623 -0.392045 -0.273574
v 2.361427 -0.422391 -0.269474
v 2.496485 -0.449181 -0.263874
v 2.629180 -0.472224 -0.257474
v 2.757789 -0.491238 -0.250574
v 2.880602 -0.506140 -0.243474
v 2.996109 -0.516834 -0.236774
v 3.102793 -0.523124 -0.231074
v 1.473515 -0.146909 -0.222374
v 1.375658 -0.099918 -0.222974
v 1.581734 -0.192987 -0.222474
v 1.698878 -0.237649 -0.222874
v 1.823500 -0.280293 -0.223174
v 1.953878 -0.320635 -0.222974
v 2.088381 -0.358289 -0.222174
v 2.225564 -0.392650 -0.220274
v 2.363718 -0.423637 -0.217074
v 2.501511 -0.450840 -0.212974
v 2.637027 -0.474089 -0.208074
v 2.768756 -0.493290 -0.202874
v 2.895075 -0.508151 -0.197574
v 3.014379 -0.518684 -0.192574
v 3.125047 -0.524599 -0.188274
v 1.460643 -0.140478 -0.166374
v 1.360739 -0.091422 -0.166674
v 1.571081 -0.188207 -0.166474
v 1.690423 -0.234221 -0.166674
v 1.817136 -0.278124 -0.166874
v 1.949585 -0.319427 -0.166874
v 2.086245 -0.357834 -0.166274
v 2.225578 -0.392850 -0.165074
v 2.365868 -0.424291 -0.162974
v 2.505790 -0.451848 -0.160074
v 2.643728 -0.475332 -0.156774
v 2.777872 -0.494667 -0.153174
v 2.906898 -0.509543 -0.149574
v 3.028890 -0.519790 -0.146174
v 3.142336 -0.525314 -0.143174
v 1.452305 -0.135839 -0.108274
v 1.351214 -0.085562 -0.108074
v 1.564023 -0.184684 -0.108574
v 1.684736 -0.231706 -0.108974
v 1.812802 -0.276318 -0.109174
v 1.946702 -0.318323 -0.109374
v 2.084800 -0.357232 -0.109174
v 2.225571 -0.392750 -0.108574
v 2.367491 -0.424580 -0.107474
v 2.508931 -0.452334 -0.105974
v 2.648386 -0.476014 -0.104174
v 2.784233 -0.495332 -0.102174
v 2.914862 -0.510197 -0.100074
v 3.038543 -0.520229 -0.098074
v 3.153572 -0.525442 -0.096174
v 1.449368 -0.133937 -0.048974
v 1.347950 -0.083281 -0.048174
v 1.561512 -0.183152 -0.049674
v 1.682752 -0.230539 -0.050274
v 1.811343 -0.275516 -0.050774
v 1.945657 -0.317693 -0.051074
v 2.084373 -0.356860 -0.051274
v 2.225657 -0.392543 -0.051274
v 2.368083 -0.424439 -0.051274
v 2.510135 -0.452351 -0.051074
v 2.650196 -0.476090 -0.050774
v 2.786648 -0.495466 -0.050374
v 2.917769 -0.510198 -0.049774
v 3.042148 -0.520181 -0.049074
v 3.157470 -0.525275 -0.048274
v 1.452470 -0.135327 0.010226
v 1.351380 -0.085050 0.011626
v 1.564188 -0.184171 0.009126
v 1.684902 -0.231193 0.008426
v 1.812974 -0.275905 0.007826
v 1.946874 -0.317910 0.007226
v 2.084972 -0.356819 0.006726
v 2.225743 -0.392337 0.006026
v 2.367557 -0.424075 0.005026
v 2.509103 -0.451921 0.003826
v 2.648558 -0.475601 0.002626
v 2.784405 -0.494919 0.001526
v 2.914928 -0.509692 0.000526
v 3.038708 -0.519716 -0.000174
v 3.153531 -0.524844 -0.000474
v 1.460974 -0.139453 0.068326
v 1.361069 -0.090397 0.070226
v 1.571412 -0.187182 0.067026
v 1.690760 -0.233296 0.066226
v 1.817473 -0.277199 0.065526
v 1.949922 -0.318502 0.064826
v 2.086482 -0.356916 0.063926
v 2.225822 -0.392031 0.062626
v 2.366105 -0.423372 0.060626
v 2.506028 -0.450930 0.058126
v 2.643972 -0.474514 0.055426
v 2.778110 -0.493748 0.052626
v 2.907129 -0.508524 0.050126
v 3.029220 -0.518765 0.047926
v 3.142454 -0.524103 0.046426
v 1.474011 -0.145371 0.124326
v 1.376146 -0.098280 0.126426
v 1.582237 -0.191549 0.123126
v 1.699380 -0.236211 0.122526
v 1.823909 -0.278961 0.121926
v 1.954188 -0.319311 0.121226
v 2.088791 -0.356957 0.119926
v 2.225881 -0.391426 0.117926
v 2.364127 -0.422306 0.114926
v 2.501821 -0.449515 0.111126
v 2.637336 -0.472765 0.106826
v 2.769059 -0.491865 0.102426
v 2.895377 -0.506727 0.098126
v 3.014769 -0.517053 0.094426
v 3.125336 -0.522975 0.091526
v 1.490436 -0.152460 0.177426
v 1.395750 -0.107857 0.179226
v 1.595612 -0.196543 0.176826
v 1.709824 -0.239401 0.176626
v 1.831543 -0.280641 0.176426
v 1.959337 -0.319859 0.175726
v 2.091470 -0.356572 0.174226
v 2.226204 -0.390301 0.171526
v 2.361909 -0.420654 0.167526
v 2.496960 -0.447344 0.162326
v 2.629655 -0.470387 0.156426
v 2.758257 -0.489301 0.150226
v 2.881070 -0.504204 0.144126
v 2.996670 -0.514791 0.138626
v 3.103347 -0.520981 0.134226
v 1.509184 -0.159790 0.226926
v 1.418715 -0.118204 0.227926
v 1.610369 -0.201240 0.227326
v 1.721038 -0.242138 0.228126
v 1.839747 -0.281881 0.228526
v 1.964752 -0.319887 0.227926
v 2.094309 -0.355575 0.226226
v 2.226587 -0.388570 0.222926
v 2.359842 -0.418291 0.217826
v 2.492165 -0.444667 0.211226
v 2.621926 -0.467311 0.203626
v 2.746916 -0.486172 0.195526
v 2.865604 -0.500858 0.187326
v 2.976402 -0.511575 0.179826
v 3.077898 -0.518222 0.173826
v 1.527550 -0.165944 0.272126
v 1.442536 -0.127892 0.271526
v 1.624452 -0.204882 0.274126
v 1.731479 -0.243825 0.276326
v 1.847271 -0.281964 0.277526
v 1.969792 -0.318838 0.277326
v 2.097085 -0.353680 0.275426
v 2.227213 -0.386021 0.271426
v 2.358232 -0.415294 0.265226
v 2.488219 -0.441230 0.257226
v 2.615060 -0.463673 0.247926
v 2.736830 -0.482356 0.237726
v 2.851315 -0.497130 0.227226
v 2.956904 -0.507905 0.217526
v 3.051802 -0.514805 0.209526
v 1.542438 -0.169630 0.312326
v 1.463193 -0.135290 0.308826
v 1.635264 -0.206143 0.316826
v 1.739573 -0.243468 0.320726
v 1.853088 -0.280561 0.323026
v 1.973738 -0.316462 0.323226
v 2.099387 -0.350715 0.321126
v 2.227977 -0.382561 0.316526
v 2.357472 -0.411537 0.309326
v 2.485737 -0.437191 0.299826
v 2.610567 -0.459572 0.288526
v 2.729723 -0.478134 0.276126
v 2.841002 -0.492928 0.263026
v 2.941788 -0.503833 0.250526
v 3.029582 -0.510922 0.239926
v 1.370114 0.362193 0.747626
v 1.437490 0.319719 0.747626
v 1.498737 0.370644 0.747626
v 1.469290 0.444597 0.747626
v 1.389757 0.439424 0.747626
v 1.370114 0.362193 0.538126
v 1.389757 0.439424 0.538126
v 1.469290 0.444597 0.538126
v 1.498737 0.370644 0.538126
v 1.437490 0.319719 0.538126
vn -0.0000 -0.0000 1.0000
vn -0.0000 -0.0000 -1.0000
vn 0.6393 -0.7689 -0.0000
vn -0.0656 0.9978 -0.0000
vn -0.5333 -0.8459 -0.0000
vn 0.9288 0.3707 -0.0000
vn -0.9691 0.2465 -0.0000
vn -0.5328 -0.8378 0.1192
vn -0.5323 -0.8383 0.1182
vn -0.5319 -0.8385 0.1185
vn -0.5740 -0.8023 0.1636
vn -0.5741 -0.8023 0.1636
vn -0.5741 -0.8022 0.1636
vn -0.6134 -0.7607 0.2121
vn -0.6500 -0.7121 0.2653
vn -0.6805 -0.6582 0.3220
vn -0.7027 -0.5997 0.3828
vn -0.7027 -0.5998 0.3828
vn -0.7028 -0.5997 0.3828
vn -0.7139 -0.5382 0.4479
vn -0.7139 -0.5383 0.4479
vn -0.5596 -0.8246 0.0826
vn -0.5597 -0.8246 0.0826
vn -0.5595 -0.8247 0.0830
vn -0.6129 -0.7806 0.1223
vn -0.6128 -0.7807 0.1223
vn -0.6642 -0.7283 0.1686
vn -0.7111 -0.6677 0.2201
vn -0.7112 -0.6677 0.2201
vn -0.7503 -0.6009 0.2756
vn -0.7788 -0.5294 0.3365
vn -0.7788 -0.5293 0.3365
vn -0.7934 -0.4565 0.4027
vn -0.7933 -0.4566 0.4027
vn -0.7934 -0.4564 0.4027
vn -0.5838 -0.8099 0.0562
vn -0.5834 -0.8103 0.0553
vn -0.6461 -0.7583 0.0869
vn -0.6458 -0.7586 0.0865
vn -0.6458 -0.7586 0.0866
vn -0.6459 -0.7585 0.0865
vn -0.7075 -0.6953 0.1263
vn -0.7076 -0.6953 0.1263
vn -0.7645 -0.6210 0.1731
vn -0.7645 -0.6209 0.1731
vn -0.8111 -0.5398 0.2253
vn -0.8440 -0.4544 0.2850
vn -0.6043 -0.7960 0.0338
vn -0.6043 -0.7961 0.0338
vn -0.6044 -0.7960 0.0337
vn -0.6044 -0.7960 0.0338
vn -0.6734 -0.7371 0.0569
vn -0.6738 -0.7367 0.0570
vn -0.6214 -0.7833 0.0185
vn -0.6213 -0.7833 0.0185
vn -0.4063 -0.1008 0.9081
vn -0.4059 -0.1007 0.9083
vn -0.4060 -0.1008 0.9083
vn -0.4060 -0.1007 0.9083
vn -0.4283 -0.0234 0.9033
vn -0.4491 0.0359 0.8928
vn -0.4491 0.0360 0.8928
vn -0.4491 0.0359 0.8927
vn -0.4845 -0.1638 0.8593
vn -0.4845 -0.1637 0.8593
vn -0.5208 -0.0735 0.8505
vn -0.5210 -0.0738 0.8504
vn -0.5209 -0.0737 0.8504
vn -0.5502 0.0040 0.8350
vn -0.5503 0.0042 0.8350
vn -0.5501 0.0040 0.8351
vn -0.5746 0.0669 0.8157
vn -0.5745 0.0669 0.8157
vn -0.5542 -0.2268 0.8009
vn -0.6056 -0.1317 0.7848
vn -0.6458 -0.0404 0.7624
vn -0.6460 -0.0406 0.7623
vn -0.6460 -0.0407 0.7623
vn -0.6459 -0.0405 0.7623
vn -0.6766 0.0396 0.7353
vn -0.6143 -0.2906 0.7336
vn -0.6777 -0.1929 0.7095
vn -0.6777 -0.1929 0.7096
vn -0.6778 -0.1929 0.7095
vn -0.7286 -0.0936 0.6785
vn -0.7286 -0.0937 0.6785
vn -0.7654 -0.0001 0.6435
vn -0.7654 -0.0000 0.6435
vn -0.7655 0.0003 0.6435
vn -0.6612 -0.3529 0.6621
vn -0.6612 -0.3529 0.6620
vn -0.6612 -0.3530 0.6620
vn -0.7334 -0.2550 0.6302
vn -0.7919 -0.1522 0.5914
vn -0.7919 -0.1523 0.5914
vn -0.8336 -0.0508 0.5500
vn -0.8336 -0.0507 0.5500
vn -0.6938 -0.4148 0.5887
vn -0.7715 -0.3198 0.5500
vn -0.8350 -0.2188 0.5048
vn -0.8350 -0.2189 0.5048
vn -0.8814 -0.1166 0.4577
vn -0.8815 -0.1166 0.4576
vn -0.4059 -0.0834 -0.9101
vn -0.4060 -0.0831 -0.9101
vn -0.4061 -0.0831 -0.9100
vn -0.4876 -0.1494 -0.8602
vn -0.5597 -0.2157 -0.8001
vn -0.5597 -0.2158 -0.8001
vn -0.6217 -0.2827 -0.7305
vn -0.6217 -0.2826 -0.7305
vn -0.6695 -0.3478 -0.6564
vn -0.7022 -0.4117 -0.5808
vn -0.7194 -0.4750 -0.5068
vn -0.4268 -0.0032 -0.9043
vn -0.5224 -0.0560 -0.8509
vn -0.5225 -0.0562 -0.8508
vn -0.6099 -0.1175 -0.7837
vn -0.6099 -0.1174 -0.7838
vn -0.6098 -0.1175 -0.7838
vn -0.6841 -0.1820 -0.7063
vn -0.7409 -0.2471 -0.6246
vn -0.7409 -0.2470 -0.6246
vn -0.7408 -0.2470 -0.6246
vn -0.7409 -0.2471 -0.6245
vn -0.7793 -0.3145 -0.5420
vn -0.7988 -0.3839 -0.4631
vn -0.7988 -0.3840 -0.4631
vn -0.4465 0.0576 -0.8929
vn -0.5500 0.0238 -0.8348
vn -0.5500 0.0239 -0.8349
vn -0.6490 -0.0236 -0.7604
vn -0.6484 -0.0237 -0.7609
vn -0.7334 -0.0801 -0.6751
vn -0.7333 -0.0801 -0.6751
vn -0.7979 -0.1419 -0.5858
vn -0.8416 -0.2115 -0.4970
vn -0.8638 -0.2873 -0.4139
vn -0.8638 -0.2873 -0.4140
vn -0.4652 0.1044 -0.8790
vn -0.5732 0.0879 -0.8147
vn -0.5732 0.0880 -0.8147
vn -0.6773 0.0584 -0.7334
vn -0.6773 0.0583 -0.7334
vn -0.6772 0.0583 -0.7335
vn -0.7681 0.0156 -0.6401
vn -0.7682 0.0157 -0.6401
vn -0.7681 0.0156 -0.6402
vn -0.8378 -0.0383 -0.5447
vn -0.8377 -0.0383 -0.5447
vn -0.8863 -0.1075 -0.4504
vn -0.5328 -0.8396 -0.1057
vn -0.5330 -0.8395 -0.1057
vn -0.5598 -0.8256 -0.0702
vn -0.5596 -0.8257 -0.0712
vn -0.5832 -0.8111 -0.0433
vn -0.5832 -0.8112 -0.0433
vn -0.5831 -0.8112 -0.0433
vn -0.6038 -0.7968 -0.0223
vn -0.5758 -0.8035 -0.1512
vn -0.6140 -0.7816 -0.1099
vn -0.6463 -0.7594 -0.0744
vn -0.6463 -0.7595 -0.0743
vn -0.6462 -0.7595 -0.0743
vn -0.6462 -0.7596 -0.0743
vn -0.6736 -0.7377 -0.0450
vn -0.6738 -0.7375 -0.0453
vn -0.6732 -0.7381 -0.0453
vn -0.6162 -0.7618 -0.1998
vn -0.6662 -0.7292 -0.1563
vn -0.7090 -0.6959 -0.1141
vn -0.7445 -0.6634 -0.0756
vn -0.7447 -0.6630 -0.0763
vn -0.6539 -0.7129 -0.2533
vn -0.7143 -0.6682 -0.2080
vn -0.7144 -0.6681 -0.2080
vn -0.7670 -0.6211 -0.1612
vn -0.7670 -0.6211 -0.1611
vn -0.8102 -0.5746 -0.1155
vn -0.8103 -0.5745 -0.1155
vn -0.6856 -0.6584 -0.3104
vn -0.6856 -0.6585 -0.3104
vn -0.7548 -0.6005 -0.2639
vn -0.8147 -0.5390 -0.2137
vn -0.7089 -0.5994 -0.3718
vn -0.7844 -0.5280 -0.3254
vn -0.8487 -0.4523 -0.2740
vn -0.8488 -0.4523 -0.2740
vn -0.7114 -0.4768 0.5164
vn -0.7114 -0.4768 0.5163
vn -0.7915 -0.3874 0.4728
vn -0.7915 -0.3874 0.4727
vn -0.7211 -0.5371 -0.4376
vn -0.7211 -0.5372 -0.4375
vn -0.8000 -0.4541 -0.3922
vn -0.4691 -0.8755 0.1160
vn -0.4692 -0.8754 0.1161
vn -0.4693 -0.8754 0.1161
vn -0.4985 -0.8518 0.1611
vn -0.5269 -0.8247 0.2054
vn -0.5557 -0.7919 0.2532
vn -0.5558 -0.7918 0.2532
vn -0.5556 -0.7919 0.2532
vn -0.5826 -0.7526 0.3070
vn -0.5826 -0.7525 0.3070
vn -0.6048 -0.7086 0.3636
vn -0.6047 -0.7086 0.3636
vn -0.6202 -0.6606 0.4230
vn -0.6270 -0.6093 0.4854
vn -0.6270 -0.6091 0.4857
vn -0.6270 -0.6092 0.4856
vn -0.4881 -0.8692 0.0788
vn -0.4880 -0.8693 0.0788
vn -0.4880 -0.8693 0.0787
vn -0.5057 -0.8611 0.0531
vn -0.5058 -0.8610 0.0530
vn -0.5058 -0.8610 0.0531
vn -0.5232 -0.8516 0.0332
vn -0.5386 -0.8424 0.0173
vn -0.5385 -0.8424 0.0173
vn -0.5544 -0.8322 0.0073
vn -0.5572 -0.8304 0.0021
vn -0.5512 -0.8343 0.0070
vn -0.5618 -0.8273 0.0036
vn -0.5634 -0.8262 0.0017
vn -0.5647 -0.8253 0.0032
vn -0.5645 -0.8254 0.0070
vn -0.3127 -0.1238 0.9418
vn -0.3126 -0.1238 0.9418
vn -0.3124 -0.1240 0.9418
vn -0.3213 -0.0453 0.9459
vn -0.3343 0.0102 0.9424
vn -0.3663 0.0213 0.9302
vn -0.3663 0.0213 0.9303
vn -0.3774 -0.1934 0.9056
vn -0.4360 -0.2561 0.8627
vn -0.4361 -0.2561 0.8627
vn -0.4917 -0.3177 0.8108
vn -0.4916 -0.3177 0.8108
vn -0.5411 -0.3813 0.7495
vn -0.5411 -0.3813 0.7496
vn -0.5411 -0.3814 0.7495
vn -0.5799 -0.4419 0.6844
vn -0.6073 -0.4995 0.6178
vn -0.6073 -0.4996 0.6178
vn -0.6230 -0.5554 0.5508
vn -0.3113 -0.1059 -0.9444
vn -0.3114 -0.1060 -0.9444
vn -0.3789 -0.1793 -0.9079
vn -0.3789 -0.1792 -0.9079
vn -0.4400 -0.2452 -0.8639
vn -0.4976 -0.3097 -0.8102
vn -0.5487 -0.3764 -0.7465
vn -0.5884 -0.4392 -0.6789
vn -0.6159 -0.4986 -0.6100
vn -0.6312 -0.5552 -0.5416
vn -0.6313 -0.5551 -0.5416
vn -0.3183 -0.0247 -0.9477
vn -0.3184 -0.0247 -0.9476
vn -0.3305 0.0321 -0.9433
vn -0.3458 0.0754 -0.9353
vn -0.3907 0.0572 -0.9187
vn -0.4694 -0.8769 -0.1032
vn -0.4697 -0.8767 -0.1034
vn -0.4692 -0.8770 -0.1033
vn -0.4696 -0.8768 -0.1034
vn -0.4879 -0.8705 -0.0653
vn -0.4880 -0.8703 -0.0662
vn -0.4872 -0.8708 -0.0663
vn -0.5053 -0.8620 -0.0407
vn -0.5054 -0.8619 -0.0407
vn -0.5225 -0.8523 -0.0214
vn -0.5225 -0.8524 -0.0215
vn -0.5380 -0.8429 -0.0059
vn -0.5378 -0.8431 -0.0061
vn -0.5375 -0.8432 -0.0065
vn -0.5378 -0.8430 -0.0061
vn -0.5505 -0.8348 0.0037
vn -0.5505 -0.8349 0.0037
vn -0.5549 -0.8319 0.0076
vn -0.5556 -0.8314 0.0047
vn -0.5619 -0.8272 0.0093
vn -0.5629 -0.8265 0.0068
vn -0.4999 -0.8532 -0.1487
vn -0.5292 -0.8262 -0.1931
vn -0.5590 -0.7933 -0.2410
vn -0.5870 -0.7538 -0.2953
vn -0.6102 -0.7095 -0.3524
vn -0.6267 -0.6612 -0.4124
vn -0.6344 -0.6094 -0.4756
vn -0.6344 -0.6093 -0.4757
vn -0.6344 -0.6092 -0.4758
vn 0.2480 -0.2135 0.9449
vn 0.2481 -0.2135 0.9449
vn 0.2648 -0.1763 0.9480
vn 0.2648 -0.1764 0.9480
vn 0.2832 -0.0830 0.9555
vn 0.2774 -0.0871 0.9568
vn 0.2809 -0.0848 0.9560
vn 0.2175 -0.2049 0.9543
vn 0.2175 -0.2050 0.9543
vn 0.2175 -0.2048 0.9543
vn 0.2327 -0.1638 0.9587
vn 0.2750 -0.0871 0.9575
vn 0.2759 -0.0882 0.9571
vn 0.1880 -0.1974 0.9621
vn 0.1880 -0.1975 0.9621
vn 0.1881 -0.1977 0.9621
vn 0.2019 -0.1549 0.9671
vn 0.2148 -0.0822 0.9732
vn 0.2056 -0.0844 0.9750
vn 0.2118 -0.0831 0.9738
vn 0.2147 -0.0821 0.9732
vn 0.1591 -0.1898 0.9689
vn 0.1591 -0.1897 0.9689
vn 0.1722 -0.1470 0.9740
vn 0.1722 -0.1469 0.9740
vn 0.1722 -0.1469 0.9741
vn 0.2031 -0.0824 0.9757
vn 0.2027 -0.0819 0.9758
vn 0.1309 -0.1813 0.9747
vn 0.1311 -0.1816 0.9746
vn 0.1308 -0.1824 0.9745
vn 0.1311 -0.1817 0.9746
vn 0.1433 -0.1389 0.9799
vn 0.1433 -0.1390 0.9799
vn 0.1527 -0.0522 0.9869
vn 0.1539 -0.0521 0.9867
vn 0.1539 -0.0520 0.9867
vn 0.1510 -0.0526 0.9871
vn 0.1036 -0.1723 0.9796
vn 0.1031 -0.1723 0.9796
vn 0.1033 -0.1721 0.9796
vn 0.1036 -0.1726 0.9795
vn 0.1146 -0.1296 0.9849
vn 0.1144 -0.1305 0.9848
vn 0.1145 -0.1300 0.9849
vn 0.1506 -0.0531 0.9872
vn 0.1496 -0.0521 0.9874
vn 0.0742 -0.1610 0.9842
vn 0.0744 -0.1614 0.9841
vn 0.0744 -0.1611 0.9841
vn 0.0740 -0.1608 0.9842
vn 0.0851 -0.1182 0.9893
vn 0.0851 -0.1177 0.9894
vn 0.0851 -0.1179 0.9894
vn 0.0851 -0.1184 0.9893
vn 0.0936 -0.0351 0.9950
vn 0.0877 -0.0347 0.9955
vn 0.0914 -0.0350 0.9952
vn 0.0937 -0.0350 0.9950
vn 0.0433 -0.1483 0.9880
vn 0.0432 -0.1472 0.9882
vn 0.0433 -0.1480 0.9880
vn 0.0431 -0.1497 0.9878
vn 0.0540 -0.1047 0.9930
vn 0.0540 -0.1046 0.9930
vn 0.0540 -0.1056 0.9929
vn 0.0849 -0.0324 0.9959
vn 0.0122 -0.1340 0.9909
vn 0.0122 -0.1339 0.9909
vn 0.0122 -0.1341 0.9909
vn 0.0226 -0.0894 0.9957
vn 0.0226 -0.0893 0.9957
vn 0.0226 -0.0890 0.9958
vn 0.0290 -0.0569 0.9980
vn 0.0290 -0.0568 0.9980
vn -0.0196 -0.1177 0.9929
vn -0.0099 -0.0721 0.9974
vn -0.0100 -0.0718 0.9974
vn -0.0099 -0.0718 0.9974
vn -0.0099 -0.0719 0.9974
vn -0.0050 -0.0193 0.9998
vn -0.0540 -0.0995 0.9936
vn -0.0540 -0.0996 0.9936
vn -0.0451 -0.0520 0.9976
vn -0.0338 -0.0078 0.9994
vn -0.0341 -0.0076 0.9994
vn -0.0343 -0.0069 0.9994
vn -0.0340 -0.0077 0.9994
vn -0.0928 -0.0799 0.9925
vn -0.0927 -0.0798 0.9925
vn -0.0926 -0.0799 0.9925
vn -0.0851 -0.0311 0.9959
vn -0.0851 -0.0312 0.9959
vn -0.0835 0.0069 0.9965
vn -0.0835 0.0070 0.9965
vn -0.0834 0.0069 0.9965
vn -0.1353 -0.0590 0.9890
vn -0.1302 -0.0102 0.9914
vn -0.1323 0.0195 0.9910
vn -0.1329 0.0202 0.9909
vn -0.1832 -0.0379 0.9823
vn -0.1836 0.0089 0.9830
vn -0.1837 0.0089 0.9829
vn -0.1887 0.0389 0.9813
vn -0.1887 0.0388 0.9813
vn 0.2586 -0.2780 0.9251
vn 0.2799 -0.2325 0.9314
vn 0.2986 -0.1994 0.9333
vn 0.2986 -0.1995 0.9333
vn 0.3716 -0.0997 0.9230
vn -0.2283 0.0336 0.9730
vn -0.2284 0.0336 0.9730
vn -0.2503 0.0194 0.9680
vn -0.2503 0.0193 0.9680
vn -0.2432 -0.0258 0.9696
vn -0.2432 -0.0257 0.9696
vn -0.2446 -0.0905 0.9654
vn -0.1934 -0.1081 0.9751
vn -0.1511 -0.1304 0.9799
vn -0.1511 -0.1302 0.9799
vn -0.1097 -0.1480 0.9829
vn -0.1096 -0.1482 0.9829
vn -0.0706 -0.1644 0.9839
vn -0.0709 -0.1648 0.9838
vn -0.0706 -0.1645 0.9838
vn -0.0354 -0.1793 0.9832
vn -0.0355 -0.1794 0.9831
vn -0.0356 -0.1795 0.9831
vn -0.0031 -0.1933 0.9811
vn -0.0034 -0.1938 0.9810
vn -0.0033 -0.1930 0.9812
vn -0.0033 -0.1931 0.9812
vn 0.0281 -0.2057 0.9782
vn 0.0281 -0.2058 0.9782
vn 0.0282 -0.2057 0.9782
vn 0.0280 -0.2059 0.9782
vn 0.0593 -0.2174 0.9743
vn 0.0593 -0.2176 0.9742
vn 0.0592 -0.2178 0.9742
vn 0.0591 -0.2179 0.9742
vn 0.0884 -0.2289 0.9694
vn 0.0883 -0.2286 0.9695
vn 0.0888 -0.2281 0.9696
vn 0.0883 -0.2285 0.9695
vn 0.1158 -0.2376 0.9644
vn 0.1159 -0.2379 0.9643
vn 0.1157 -0.2377 0.9644
vn 0.1432 -0.2466 0.9585
vn 0.1432 -0.2467 0.9585
vn 0.1433 -0.2465 0.9585
vn 0.1717 -0.2555 0.9514
vn 0.1716 -0.2556 0.9514
vn 0.1999 -0.2632 0.9438
vn 0.1999 -0.2634 0.9438
vn 0.1995 -0.2634 0.9438
vn 0.1998 -0.2634 0.9438
vn 0.2283 -0.2679 0.9360
vn 0.2281 -0.2682 0.9360
vn -0.1783 -0.0164 -0.9838
vn -0.1783 0.0309 -0.9835
vn -0.1835 0.0637 -0.9810
vn -0.1835 0.0638 -0.9809
vn -0.1874 0.0469 -0.9812
vn -0.1878 0.0468 -0.9811
vn -0.1887 0.0466 -0.9809
vn -0.1304 -0.0384 -0.9907
vn -0.1304 -0.0385 -0.9907
vn -0.1250 0.0111 -0.9921
vn -0.1250 0.0110 -0.9921
vn -0.1260 0.0439 -0.9911
vn -0.1260 0.0440 -0.9911
vn -0.1457 0.0404 -0.9885
vn -0.1452 0.0400 -0.9886
vn -0.0881 -0.0599 -0.9943
vn -0.0799 -0.0108 -0.9967
vn -0.0780 0.0223 -0.9967
vn -0.0790 0.0240 -0.9966
vn -0.0785 0.0236 -0.9966
vn -0.0795 0.0251 -0.9965
vn -0.0795 0.0252 -0.9965
vn -0.0492 -0.0801 -0.9956
vn -0.0492 -0.0800 -0.9956
vn -0.0401 -0.0325 -0.9987
vn -0.0401 -0.0326 -0.9987
vn -0.0365 0.0004 -0.9993
vn -0.0398 0.0054 -0.9992
vn -0.0398 0.0063 -0.9992
vn -0.0431 0.0108 -0.9990
vn -0.0427 0.0109 -0.9990
vn -0.0147 -0.0987 -0.9950
vn -0.0147 -0.0988 -0.9950
vn -0.0050 -0.0528 -0.9986
vn -0.0050 -0.0529 -0.9986
vn 0.0001 -0.0204 -0.9998
vn 0.0001 -0.0203 -0.9998
vn 0.0019 0.0002 -1.0000
vn 0.0019 0.0001 -1.0000
vn 0.0172 -0.1153 -0.9932
vn 0.0172 -0.1154 -0.9932
vn 0.0275 -0.0709 -0.9971
vn 0.0275 -0.0708 -0.9971
vn 0.0338 -0.0386 -0.9987
vn 0.0338 -0.0385 -0.9987
vn 0.0399 -0.0115 -0.9991
vn 0.0395 -0.0120 -0.9991
vn 0.0396 -0.0119 -0.9991
vn 0.0398 -0.0120 -0.9991
vn 0.0483 -0.1297 -0.9904
vn 0.0481 -0.1286 -0.9905
vn 0.0482 -0.1302 -0.9903
vn 0.0483 -0.1301 -0.9903
vn 0.0590 -0.0863 -0.9945
vn 0.0590 -0.0864 -0.9945
vn 0.0592 -0.0885 -0.9943
vn 0.0661 -0.0538 -0.9964
vn 0.0662 -0.0535 -0.9964
vn 0.0663 -0.0544 -0.9963
vn 0.0663 -0.0543 -0.9963
vn 0.0710 -0.0220 -0.9972
vn 0.0712 -0.0212 -0.9972
vn 0.0792 -0.1427 -0.9866
vn 0.0794 -0.1417 -0.9867
vn 0.0793 -0.1429 -0.9866
vn 0.0793 -0.1431 -0.9865
vn 0.0901 -0.0998 -0.9909
vn 0.0901 -0.1000 -0.9909
vn 0.0979 -0.0679 -0.9929
vn 0.0978 -0.0681 -0.9929
vn 0.0978 -0.0680 -0.9929
vn 0.0979 -0.0678 -0.9929
vn 0.1081 -0.0375 -0.9934
vn 0.1081 -0.0376 -0.9934
vn 0.1080 -0.0372 -0.9934
vn 0.1085 -0.1544 -0.9820
vn 0.1085 -0.1540 -0.9821
vn 0.1085 -0.1542 -0.9821
vn 0.1085 -0.1545 -0.9820
vn 0.1199 -0.1114 -0.9865
vn 0.1196 -0.1113 -0.9866
vn 0.1198 -0.1111 -0.9866
vn 0.1290 -0.0791 -0.9885
vn 0.1290 -0.0793 -0.9885
vn 0.1287 -0.0795 -0.9885
vn 0.1286 -0.0795 -0.9885
vn 0.1357 -0.0460 -0.9897
vn 0.1352 -0.0461 -0.9897
vn 0.1367 -0.1631 -0.9771
vn 0.1367 -0.1629 -0.9771
vn 0.1489 -0.1204 -0.9815
vn 0.1489 -0.1203 -0.9815
vn 0.1585 -0.0893 -0.9833
vn 0.1585 -0.0891 -0.9833
vn 0.1583 -0.0881 -0.9835
vn 0.1830 -0.0366 -0.9824
vn 0.1840 -0.0375 -0.9822
vn 0.1825 -0.0364 -0.9825
vn 0.1651 -0.1707 -0.9714
vn 0.1651 -0.1706 -0.9714
vn 0.1781 -0.1276 -0.9757
vn 0.1781 -0.1277 -0.9757
vn 0.1886 -0.0968 -0.9773
vn 0.1978 -0.0379 -0.9795
vn 0.1978 -0.0376 -0.9795
vn 0.1945 -0.1779 -0.9646
vn 0.1945 -0.1778 -0.9647
vn 0.2083 -0.1351 -0.9687
vn 0.2083 -0.1349 -0.9687
vn 0.2198 -0.1044 -0.9699
vn 0.2198 -0.1045 -0.9699
vn 0.2548 -0.0387 -0.9662
vn 0.2554 -0.0399 -0.9660
vn 0.2579 -0.0390 -0.9654
vn 0.2620 -0.0370 -0.9644
vn 0.2243 -0.1847 -0.9569
vn 0.2243 -0.1846 -0.9569
vn 0.2396 -0.1429 -0.9603
vn 0.2524 -0.1137 -0.9609
vn 0.2524 -0.1136 -0.9609
vn 0.2648 -0.0351 -0.9637
vn 0.2554 -0.1925 -0.9475
vn 0.2723 -0.1545 -0.9497
vn 0.2870 -0.1265 -0.9495
vn 0.2869 -0.1265 -0.9496
vn 0.3913 0.0443 -0.9192
vn 0.3905 0.0454 -0.9195
vn 0.3907 0.0453 -0.9194
vn 0.3906 0.0453 -0.9195
vn -0.2413 -0.0705 -0.9679
vn -0.2413 -0.0706 -0.9679
vn -0.2388 -0.0041 -0.9711
vn -0.2452 0.0417 -0.9686
vn -0.2452 0.0418 -0.9686
vn -0.2556 0.0766 -0.9637
vn -0.2618 0.0481 -0.9639
vn 0.3389 -0.1281 -0.9321
vn 0.3394 -0.1294 -0.9317
vn 0.3067 -0.1755 -0.9355
vn 0.3067 -0.1754 -0.9355
vn 0.2875 -0.2099 -0.9345
vn 0.2875 -0.2100 -0.9345
vn 0.2660 -0.2587 -0.9286
vn 0.2660 -0.2586 -0.9286
vn 0.2358 -0.2489 -0.9394
vn 0.2067 -0.2449 -0.9473
vn 0.1787 -0.2365 -0.9551
vn 0.1780 -0.2373 -0.9550
vn 0.1782 -0.2378 -0.9548
vn 0.1782 -0.2372 -0.9550
vn 0.1494 -0.2289 -0.9619
vn 0.1494 -0.2287 -0.9620
vn 0.1493 -0.2294 -0.9618
vn 0.1496 -0.2288 -0.9619
vn 0.1217 -0.2198 -0.9679
vn 0.1219 -0.2203 -0.9678
vn 0.1219 -0.2205 -0.9677
vn 0.0941 -0.2105 -0.9731
vn 0.0941 -0.2108 -0.9730
vn 0.0939 -0.2098 -0.9732
vn 0.0938 -0.2104 -0.9731
vn 0.0643 -0.2000 -0.9777
vn 0.0642 -0.2004 -0.9776
vn 0.0644 -0.1996 -0.9778
vn 0.0644 -0.1977 -0.9781
vn 0.0331 -0.1878 -0.9817
vn 0.0331 -0.1877 -0.9817
vn 0.0330 -0.1876 -0.9817
vn 0.0333 -0.1895 -0.9813
vn 0.0016 -0.1750 -0.9846
vn 0.0016 -0.1752 -0.9845
vn 0.0016 -0.1751 -0.9846
vn 0.0015 -0.1750 -0.9846
vn -0.0309 -0.1613 -0.9864
vn -0.0309 -0.1611 -0.9864
vn -0.0309 -0.1610 -0.9865
vn -0.0309 -0.1608 -0.9865
vn -0.0665 -0.1447 -0.9872
vn -0.0662 -0.1455 -0.9871
vn -0.0662 -0.1458 -0.9871
vn -0.1057 -0.1291 -0.9860
vn -0.1057 -0.1290 -0.9860
vn -0.1473 -0.1112 -0.9828
vn -0.1899 -0.0882 -0.9778
vn -0.1899 -0.0883 -0.9778
vn -0.4112 -0.8891 0.2008
vn -0.4112 -0.8891 0.2009
vn -0.3736 -0.9054 0.2016
vn -0.3735 -0.9055 0.2015
vn -0.3396 -0.9188 0.2014
vn -0.3396 -0.9188 0.2013
vn -0.3396 -0.9187 0.2014
vn -0.3082 -0.9298 0.2013
vn -0.3082 -0.9298 0.2015
vn -0.3082 -0.9298 0.2014
vn -0.2795 -0.9387 0.2016
vn -0.2794 -0.9388 0.2014
vn -0.2795 -0.9388 0.2016
vn -0.2526 -0.9461 0.2025
vn -0.2526 -0.9462 0.2024
vn -0.2527 -0.9461 0.2024
vn -0.2531 -0.9460 0.2026
vn -0.2261 -0.9525 0.2041
vn -0.2261 -0.9524 0.2045
vn -0.2261 -0.9524 0.2043
vn -0.2261 -0.9525 0.2042
vn -0.1987 -0.9579 0.2071
vn -0.1993 -0.9578 0.2069
vn -0.1995 -0.9578 0.2069
vn -0.1736 -0.9622 0.2100
vn -0.1734 -0.9622 0.2100
vn -0.1735 -0.9621 0.2103
vn -0.1735 -0.9623 0.2094
vn -0.1482 -0.9655 0.2140
vn -0.1483 -0.9655 0.2139
vn -0.1483 -0.9656 0.2137
vn -0.1224 -0.9682 0.2183
vn -0.1224 -0.9681 0.2184
vn -0.1224 -0.9682 0.2182
vn -0.0954 -0.9703 0.2225
vn -0.0672 -0.9718 0.2262
vn -0.0371 -0.9729 0.2283
vn -0.4247 -0.8696 0.2520
vn -0.3813 -0.8881 0.2568
vn -0.3432 -0.9032 0.2576
vn -0.3433 -0.9032 0.2578
vn -0.3088 -0.9156 0.2575
vn -0.3086 -0.9158 0.2570
vn -0.3088 -0.9157 0.2573
vn -0.2778 -0.9256 0.2572
vn -0.2777 -0.9257 0.2568
vn -0.2777 -0.9257 0.2567
vn -0.2777 -0.9257 0.2569
vn -0.2484 -0.9340 0.2569
vn -0.2485 -0.9338 0.2575
vn -0.2486 -0.9336 0.2579
vn -0.2485 -0.9339 0.2572
vn -0.2198 -0.9404 0.2596
vn -0.2197 -0.9406 0.2587
vn -0.2196 -0.9407 0.2586
vn -0.2198 -0.9404 0.2593
vn -0.1913 -0.9461 0.2615
vn -0.1913 -0.9460 0.2617
vn -0.1913 -0.9460 0.2619
vn -0.1636 -0.9504 0.2647
vn -0.1637 -0.9503 0.2647
vn -0.1364 -0.9536 0.2686
vn -0.1365 -0.9534 0.2689
vn -0.1365 -0.9535 0.2688
vn -0.1085 -0.9557 0.2736
vn -0.0792 -0.9574 0.2778
vn -0.0791 -0.9574 0.2778
vn -0.0482 -0.9587 0.2803
vn -0.0146 -0.9601 0.2792
vn -0.4384 -0.8456 0.3046
vn -0.3895 -0.8663 0.3128
vn -0.3894 -0.8663 0.3128
vn -0.3469 -0.8832 0.3156
vn -0.3090 -0.8971 0.3157
vn -0.3090 -0.8971 0.3159
vn -0.2749 -0.9082 0.3156
vn -0.2753 -0.9078 0.3165
vn -0.2430 -0.9171 0.3161
vn -0.2427 -0.9177 0.3147
vn -0.2430 -0.9170 0.3162
vn -0.2122 -0.9241 0.3179
vn -0.2122 -0.9241 0.3178
vn -0.2122 -0.9241 0.3177
vn -0.2128 -0.9244 0.3165
vn -0.1815 -0.9297 0.3204
vn -0.1815 -0.9297 0.3206
vn -0.1815 -0.9298 0.3203
vn -0.1518 -0.9341 0.3232
vn -0.1518 -0.9340 0.3234
vn -0.1521 -0.9342 0.3227
vn -0.1223 -0.9371 0.3270
vn -0.1224 -0.9371 0.3270
vn -0.1224 -0.9371 0.3268
vn -0.0923 -0.9390 0.3312
vn -0.0608 -0.9404 0.3345
vn -0.0272 -0.9418 0.3350
vn 0.0116 -0.9428 0.3331
vn -0.4506 -0.8165 0.3610
vn -0.3964 -0.8399 0.3708
vn -0.3963 -0.8399 0.3708
vn -0.3495 -0.8587 0.3749
vn -0.3081 -0.8738 0.3763
vn -0.2708 -0.8857 0.3771
vn -0.2708 -0.8859 0.3766
vn -0.2708 -0.8858 0.3770
vn -0.2361 -0.8951 0.3783
vn -0.2362 -0.8950 0.3784
vn -0.2360 -0.8952 0.3781
vn -0.2361 -0.8951 0.3782
vn -0.2028 -0.9024 0.3803
vn -0.2027 -0.9024 0.3802
vn -0.2028 -0.9022 0.3808
vn -0.2029 -0.9023 0.3804
vn -0.1699 -0.9084 0.3820
vn -0.1699 -0.9083 0.3822
vn -0.1699 -0.9081 0.3827
vn -0.1699 -0.9085 0.3819
vn -0.1383 -0.9126 0.3847
vn -0.1383 -0.9126 0.3848
vn -0.1068 -0.9157 0.3874
vn -0.0746 -0.9177 0.3902
vn -0.0408 -0.9190 0.3921
vn -0.0043 -0.9200 0.3920
vn 0.0415 -0.9196 0.3907
vn -0.4598 -0.7837 0.4177
vn -0.4009 -0.8095 0.4289
vn -0.4010 -0.8095 0.4289
vn -0.3501 -0.8297 0.4347
vn -0.3052 -0.8457 0.4377
vn -0.2652 -0.8577 0.4405
vn -0.2647 -0.8581 0.4399
vn -0.2649 -0.8578 0.4405
vn -0.2274 -0.8684 0.4407
vn -0.2273 -0.8678 0.4419
vn -0.2272 -0.8678 0.4420
vn -0.2272 -0.8678 0.4419
vn -0.1910 -0.8752 0.4445
vn -0.1914 -0.8752 0.4443
vn -0.1916 -0.8752 0.4442
vn -0.1568 -0.8812 0.4460
vn -0.1233 -0.8857 0.4476
vn -0.1233 -0.8857 0.4475
vn -0.1233 -0.8858 0.4475
vn -0.1234 -0.8859 0.4473
vn -0.0900 -0.8891 0.4488
vn -0.0899 -0.8891 0.4489
vn -0.0559 -0.8914 0.4498
vn -0.0559 -0.8913 0.4499
vn -0.0203 -0.8929 0.4498
vn 0.0194 -0.8933 0.4491
vn 0.0725 -0.8912 0.4478
vn -0.4647 -0.7473 0.4749
vn -0.4647 -0.7473 0.4750
vn -0.4020 -0.7753 0.4872
vn -0.4019 -0.7755 0.4869
vn -0.3476 -0.7966 0.4946
vn -0.2997 -0.8130 0.4993
vn -0.2998 -0.8130 0.4991
vn -0.2997 -0.8128 0.4995
vn -0.2997 -0.8129 0.4994
vn -0.2564 -0.8254 0.5029
vn -0.2565 -0.8256 0.5025
vn -0.2564 -0.8255 0.5027
vn -0.2564 -0.8255 0.5028
vn -0.2166 -0.8352 0.5055
vn -0.2161 -0.8348 0.5064
vn -0.2163 -0.8354 0.5054
vn -0.2165 -0.8355 0.5050
vn -0.1787 -0.8427 0.5079
vn -0.1787 -0.8426 0.5079
vn -0.1789 -0.8428 0.5075
vn -0.1788 -0.8427 0.5078
vn -0.1423 -0.8488 0.5091
vn -0.1423 -0.8488 0.5092
vn -0.1423 -0.8489 0.5091
vn -0.1073 -0.8536 0.5097
vn -0.1073 -0.8535 0.5099
vn -0.1075 -0.8537 0.5095
vn -0.1073 -0.8536 0.5098
vn -0.0725 -0.8574 0.5096
vn -0.0725 -0.8573 0.5098
vn -0.0725 -0.8574 0.5095
vn -0.0726 -0.8575 0.5093
vn -0.0370 -0.8601 0.5088
vn -0.0370 -0.8600 0.5089
vn -0.0370 -0.8601 0.5089
vn -0.0000 -0.8620 0.5070
vn -0.0000 -0.8619 0.5070
vn 0.0429 -0.8621 0.5050
vn 0.0429 -0.8620 0.5050
vn 0.1018 -0.8585 0.5027
vn 0.1018 -0.8584 0.5027
vn 0.1018 -0.8585 0.5026
vn -0.4642 -0.7072 0.5333
vn -0.4641 -0.7071 0.5334
vn -0.3984 -0.7372 0.5458
vn -0.3984 -0.7372 0.5457
vn -0.3984 -0.7371 0.5458
vn -0.3984 -0.7373 0.5455
vn -0.3414 -0.7591 0.5543
vn -0.3413 -0.7590 0.5544
vn -0.3414 -0.7590 0.5544
vn -0.3415 -0.7591 0.5543
vn -0.2910 -0.7758 0.5599
vn -0.2911 -0.7759 0.5596
vn -0.2910 -0.7758 0.5598
vn -0.2456 -0.7886 0.5637
vn -0.2456 -0.7885 0.5639
vn -0.2456 -0.7885 0.5638
vn -0.2041 -0.7982 0.5667
vn -0.2041 -0.7983 0.5667
vn -0.2041 -0.7982 0.5668
vn -0.1649 -0.8059 0.5687
vn -0.1648 -0.8059 0.5686
vn -0.1649 -0.8060 0.5685
vn -0.1271 -0.8121 0.5695
vn -0.1272 -0.8121 0.5695
vn -0.1275 -0.8122 0.5693
vn -0.0908 -0.8170 0.5694
vn -0.0549 -0.8205 0.5690
vn -0.0550 -0.8209 0.5684
vn -0.0554 -0.8211 0.5681
vn -0.0186 -0.8239 0.5664
vn 0.0196 -0.8261 0.5632
vn 0.0196 -0.8260 0.5633
vn 0.0648 -0.8264 0.5594
vn 0.0650 -0.8261 0.5597
vn 0.0648 -0.8264 0.5593
vn 0.1274 -0.8223 0.5546
vn -0.4567 -0.6636 0.5925
vn -0.4569 -0.6638 0.5922
vn -0.3895 -0.6952 0.6042
vn -0.3895 -0.6951 0.6043
vn -0.3309 -0.7179 0.6125
vn -0.3309 -0.7178 0.6126
vn -0.3309 -0.7180 0.6124
vn -0.2790 -0.7346 0.6184
vn -0.2790 -0.7347 0.6184
vn -0.2325 -0.7473 0.6224
vn -0.2325 -0.7474 0.6224
vn -0.1897 -0.7572 0.6250
vn -0.1898 -0.7572 0.6250
vn -0.1897 -0.7572 0.6251
vn -0.1496 -0.7652 0.6262
vn -0.1497 -0.7651 0.6263
vn -0.1497 -0.7650 0.6263
vn -0.1113 -0.7713 0.6267
vn -0.1111 -0.7711 0.6270
vn -0.1112 -0.7712 0.6268
vn -0.1113 -0.7714 0.6265
vn -0.0742 -0.7762 0.6261
vn -0.0377 -0.7796 0.6251
vn -0.0376 -0.7800 0.6246
vn -0.0376 -0.7799 0.6247
vn -0.0376 -0.7800 0.6247
vn -0.0006 -0.7829 0.6222
vn -0.0006 -0.7830 0.6220
vn -0.0004 -0.7827 0.6224
vn 0.0380 -0.7853 0.6180
vn 0.0378 -0.7854 0.6178
vn 0.0379 -0.7853 0.6180
vn 0.0380 -0.7851 0.6182
vn 0.0840 -0.7862 0.6122
vn 0.0839 -0.7861 0.6123
vn 0.0839 -0.7861 0.6124
vn 0.1480 -0.7827 0.6045
vn 0.1480 -0.7827 0.6046
vn 0.1483 -0.7821 0.6052
vn 0.1481 -0.7826 0.6046
vn -0.4420 -0.6162 0.6519
vn -0.3743 -0.6483 0.6630
vn -0.3152 -0.6706 0.6716
vn -0.3152 -0.6706 0.6715
vn -0.3152 -0.6705 0.6716
vn -0.2628 -0.6866 0.6779
vn -0.2628 -0.6865 0.6780
vn -0.2156 -0.6986 0.6823
vn -0.2158 -0.6987 0.6821
vn -0.2156 -0.6985 0.6823
vn -0.1725 -0.7081 0.6847
vn -0.1727 -0.7083 0.6845
vn -0.1726 -0.7082 0.6846
vn -0.1726 -0.7081 0.6847
vn -0.1319 -0.7158 0.6857
vn -0.1321 -0.7160 0.6855
vn -0.1320 -0.7159 0.6856
vn -0.1319 -0.7159 0.6857
vn -0.0933 -0.7223 0.6853
vn -0.0934 -0.7226 0.6849
vn -0.0935 -0.7228 0.6848
vn -0.0561 -0.7269 0.6844
vn -0.0562 -0.7270 0.6843
vn -0.0557 -0.7263 0.6852
vn -0.0560 -0.7274 0.6839
vn -0.0195 -0.7315 0.6815
vn -0.0195 -0.7316 0.6815
vn 0.0167 -0.7355 0.6773
vn 0.0172 -0.7352 0.6776
vn 0.0173 -0.7352 0.6777
vn 0.0173 -0.7351 0.6777
vn 0.0557 -0.7378 0.6727
vn 0.0557 -0.7377 0.6728
vn 0.1005 -0.7404 0.6646
vn 0.1005 -0.7405 0.6646
vn 0.1005 -0.7405 0.6645
vn 0.1635 -0.7392 0.6533
vn 0.1634 -0.7392 0.6533
vn -0.4198 -0.5643 0.7109
vn -0.3529 -0.5959 0.7214
vn -0.3529 -0.5958 0.7214
vn -0.2942 -0.6164 0.7304
vn -0.2942 -0.6165 0.7303
vn -0.2420 -0.6305 0.7375
vn -0.1950 -0.6410 0.7424
vn -0.1949 -0.6410 0.7424
vn -0.1520 -0.6497 0.7449
vn -0.1520 -0.6496 0.7449
vn -0.1116 -0.6572 0.7454
vn -0.1116 -0.6573 0.7453
vn -0.1117 -0.6574 0.7452
vn -0.0731 -0.6642 0.7440
vn -0.0728 -0.6641 0.7441
vn -0.0732 -0.6639 0.7442
vn -0.0362 -0.6694 0.7420
vn -0.0362 -0.6694 0.7421
vn -0.0003 -0.6746 0.7382
vn -0.0003 -0.6745 0.7382
vn -0.0004 -0.6746 0.7382
vn -0.0004 -0.6747 0.7381
vn 0.0355 -0.6795 0.7329
vn 0.0355 -0.6794 0.7329
vn 0.0726 -0.6836 0.7262
vn 0.1145 -0.6881 0.7165
vn 0.1145 -0.6882 0.7165
vn 0.1744 -0.6898 0.7027
vn -0.3902 -0.5062 0.7691
vn -0.3256 -0.5362 0.7787
vn -0.3256 -0.5363 0.7787
vn -0.3256 -0.5362 0.7788
vn -0.2682 -0.5547 0.7876
vn -0.2683 -0.5547 0.7876
vn -0.2683 -0.5548 0.7876
vn -0.2169 -0.5665 0.7950
vn -0.2169 -0.5664 0.7950
vn -0.1706 -0.5750 0.8002
vn -0.1283 -0.5824 0.8027
vn -0.0888 -0.5897 0.8027
vn -0.0888 -0.5896 0.8028
vn -0.0506 -0.5967 0.8009
vn -0.0508 -0.5970 0.8007
vn -0.0508 -0.5970 0.8006
vn -0.0150 -0.6032 0.7975
vn -0.0150 -0.6031 0.7975
vn 0.0194 -0.6096 0.7924
vn 0.0194 -0.6096 0.7925
vn 0.0194 -0.6097 0.7924
vn 0.0536 -0.6165 0.7855
vn 0.0889 -0.6227 0.7774
vn 0.1276 -0.6285 0.7673
vn 0.1277 -0.6285 0.7673
vn 0.1820 -0.6327 0.7527
vn -0.3539 -0.4408 0.8249
vn -0.3540 -0.4408 0.8249
vn -0.2927 -0.4685 0.8336
vn -0.2378 -0.4848 0.8417
vn -0.1881 -0.4947 0.8485
vn -0.1881 -0.4946 0.8485
vn -0.1434 -0.5015 0.8532
vn -0.1434 -0.5014 0.8532
vn -0.1025 -0.5077 0.8554
vn -0.1026 -0.5078 0.8553
vn -0.1026 -0.5079 0.8553
vn -0.1027 -0.5080 0.8552
vn -0.0644 -0.5152 0.8546
vn -0.0644 -0.5151 0.8547
vn -0.0644 -0.5150 0.8548
vn -0.0272 -0.5221 0.8525
vn -0.0276 -0.5225 0.8522
vn -0.0277 -0.5225 0.8522
vn -0.0276 -0.5223 0.8523
vn 0.0066 -0.5301 0.8479
vn 0.0068 -0.5301 0.8479
vn 0.0067 -0.5301 0.8479
vn 0.0394 -0.5383 0.8418
vn 0.0394 -0.5384 0.8418
vn 0.0714 -0.5472 0.8340
vn 0.1047 -0.5552 0.8251
vn 0.1407 -0.5616 0.8154
vn 0.1874 -0.5677 0.8016
vn -0.3139 -0.3723 0.8734
vn -0.3139 -0.3724 0.8734
vn -0.2563 -0.3943 0.8825
vn -0.2043 -0.4072 0.8902
vn -0.1570 -0.4160 0.8957
vn -0.1146 -0.4223 0.8992
vn -0.1146 -0.4222 0.8992
vn -0.1146 -0.4221 0.8993
vn -0.0759 -0.4285 0.9004
vn -0.0759 -0.4285 0.9003
vn -0.0758 -0.4285 0.9003
vn -0.0759 -0.4287 0.9003
vn -0.0394 -0.4362 0.8990
vn -0.0397 -0.4366 0.8988
vn -0.0394 -0.4361 0.8990
vn -0.0040 -0.4441 0.8960
vn -0.0042 -0.4445 0.8958
vn -0.0042 -0.4444 0.8958
vn 0.0286 -0.4530 0.8911
vn 0.0286 -0.4530 0.8910
vn 0.0287 -0.4529 0.8911
vn 0.0592 -0.4625 0.8846
vn 0.0592 -0.4627 0.8846
vn 0.0592 -0.4626 0.8846
vn 0.0893 -0.4729 0.8766
vn 0.1203 -0.4828 0.8674
vn 0.1533 -0.4909 0.8576
vn 0.1533 -0.4910 0.8576
vn 0.1922 -0.4991 0.8450
vn 0.1922 -0.4991 0.8449
vn -0.2713 -0.2981 0.9152
vn -0.2713 -0.2980 0.9152
vn -0.2180 -0.3124 0.9246
vn -0.1698 -0.3230 0.9310
vn -0.1698 -0.3231 0.9310
vn -0.1255 -0.3321 0.9349
vn -0.1255 -0.3320 0.9349
vn -0.0857 -0.3397 0.9366
vn -0.0856 -0.3397 0.9366
vn -0.0849 -0.3389 0.9370
vn -0.0495 -0.3474 0.9364
vn -0.0148 -0.3559 0.9344
vn -0.0149 -0.3559 0.9344
vn -0.0149 -0.3561 0.9343
vn -0.0150 -0.3563 0.9343
vn 0.0188 -0.3649 0.9309
vn 0.0189 -0.3646 0.9310
vn 0.0188 -0.3651 0.9308
vn 0.0186 -0.3653 0.9307
vn 0.0497 -0.3749 0.9257
vn 0.0497 -0.3747 0.9258
vn 0.0787 -0.3850 0.9196
vn 0.0787 -0.3850 0.9195
vn 0.0787 -0.3849 0.9196
vn 0.1072 -0.3961 0.9119
vn 0.1072 -0.3958 0.9121
vn 0.1072 -0.3959 0.9120
vn 0.1365 -0.4065 0.9034
vn 0.1365 -0.4066 0.9034
vn 0.1663 -0.4167 0.8937
vn 0.1663 -0.4168 0.8937
vn 0.1985 -0.4274 0.8820
vn 0.1985 -0.4275 0.8820
vn -0.4365 -0.8878 0.1458
vn -0.4364 -0.8879 0.1458
vn -0.4001 -0.9044 0.1480
vn -0.4002 -0.9044 0.1480
vn -0.3678 -0.9182 0.1470
vn -0.3682 -0.9181 0.1468
vn -0.3682 -0.9181 0.1467
vn -0.3681 -0.9181 0.1467
vn -0.3377 -0.9297 0.1472
vn -0.3375 -0.9297 0.1477
vn -0.3377 -0.9296 0.1476
vn -0.3378 -0.9296 0.1475
vn -0.3086 -0.9395 0.1485
vn -0.3086 -0.9396 0.1484
vn -0.3084 -0.9395 0.1489
vn -0.3084 -0.9395 0.1490
vn -0.2810 -0.9478 0.1505
vn -0.2816 -0.9477 0.1505
vn -0.2813 -0.9477 0.1505
vn -0.2809 -0.9478 0.1507
vn -0.2558 -0.9546 0.1528
vn -0.2559 -0.9546 0.1527
vn -0.2560 -0.9546 0.1524
vn -0.2561 -0.9546 0.1524
vn -0.2308 -0.9606 0.1548
vn -0.2311 -0.9606 0.1545
vn -0.2310 -0.9605 0.1553
vn -0.2308 -0.9604 0.1557
vn -0.2054 -0.9662 0.1560
vn -0.2055 -0.9660 0.1572
vn -0.2058 -0.9658 0.1578
vn -0.2056 -0.9659 0.1571
vn -0.1812 -0.9703 0.1599
vn -0.1812 -0.9703 0.1600
vn -0.1810 -0.9704 0.1599
vn -0.1808 -0.9704 0.1604
vn -0.1572 -0.9740 0.1632
vn -0.1577 -0.9739 0.1630
vn -0.1578 -0.9740 0.1627
vn -0.1334 -0.9770 0.1665
vn -0.1335 -0.9770 0.1665
vn -0.1336 -0.9770 0.1661
vn -0.1336 -0.9770 0.1662
vn -0.1083 -0.9796 0.1690
vn -0.1091 -0.9798 0.1677
vn -0.1083 -0.9796 0.1692
vn -0.1083 -0.9796 0.1693
vn -0.0826 -0.9816 0.1722
vn -0.0562 -0.9827 0.1765
vn -0.0278 -0.9840 0.1762
vn -0.0050 -0.9749 0.2227
vn 0.0222 -0.9625 0.2704
vn 0.0553 -0.9435 0.3267
vn 0.0921 -0.9165 0.3892
vn 0.0922 -0.9165 0.3892
vn 0.1284 -0.8840 0.4496
vn 0.1284 -0.8839 0.4496
vn 0.1606 -0.8486 0.5041
vn 0.1863 -0.8131 0.5515
vn 0.2048 -0.7766 0.5958
vn 0.2048 -0.7768 0.5956
vn 0.2048 -0.7767 0.5956
vn 0.2177 -0.7374 0.6394
vn 0.2178 -0.7374 0.6394
vn 0.2177 -0.7375 0.6393
vn 0.2266 -0.6918 0.6856
vn 0.2334 -0.6367 0.7350
vn 0.2376 -0.5718 0.7852
vn 0.2376 -0.5719 0.7852
vn 0.2388 -0.5022 0.8311
vn 0.2387 -0.5022 0.8311
vn 0.2384 -0.4326 0.8695
vn 0.2384 -0.4325 0.8695
vn 0.2404 -0.3599 0.9015
vn 0.2404 -0.3598 0.9015
vn 0.2089 -0.3508 0.9129
vn 0.1817 -0.3384 0.9233
vn 0.1538 -0.3287 0.9318
vn 0.1538 -0.3284 0.9319
vn 0.1541 -0.3277 0.9321
vn 0.1255 -0.3188 0.9395
vn 0.1255 -0.3187 0.9395
vn 0.0978 -0.3086 0.9461
vn 0.0978 -0.3087 0.9461
vn 0.0698 -0.2989 0.9517
vn 0.0699 -0.2986 0.9518
vn 0.0699 -0.2985 0.9518
vn 0.0402 -0.2880 0.9568
vn 0.0401 -0.2884 0.9567
vn 0.0397 -0.2891 0.9565
vn 0.0080 -0.2783 0.9605
vn 0.0081 -0.2781 0.9605
vn 0.0080 -0.2779 0.9606
vn 0.0079 -0.2782 0.9605
vn -0.0245 -0.2675 0.9632
vn -0.0245 -0.2673 0.9633
vn -0.0246 -0.2676 0.9632
vn -0.0585 -0.2567 0.9647
vn -0.0587 -0.2571 0.9646
vn -0.0585 -0.2566 0.9647
vn -0.0584 -0.2564 0.9648
vn -0.0956 -0.2462 0.9645
vn -0.0961 -0.2470 0.9642
vn -0.0955 -0.2460 0.9646
vn -0.1370 -0.2339 0.9626
vn -0.1370 -0.2341 0.9625
vn -0.1370 -0.2340 0.9625
vn -0.1369 -0.2339 0.9626
vn -0.1807 -0.2212 0.9583
vn -0.1808 -0.2213 0.9583
vn -0.2283 -0.2119 0.9502
vn -0.2283 -0.2119 0.9503
vn -0.2802 -0.1931 0.9403
vn -0.3285 -0.2665 0.9061
vn -0.3756 -0.3300 0.8660
vn -0.4214 -0.3932 0.8172
vn -0.4628 -0.4568 0.7597
vn -0.4959 -0.5150 0.6992
vn -0.4959 -0.5151 0.6992
vn -0.5200 -0.5684 0.6376
vn -0.5349 -0.6186 0.5756
vn -0.5405 -0.6659 0.5142
vn -0.5405 -0.6657 0.5145
vn -0.5408 -0.6646 0.5156
vn -0.5407 -0.6652 0.5150
vn -0.5377 -0.7100 0.4547
vn -0.5281 -0.7505 0.3972
vn -0.5131 -0.7877 0.3409
vn -0.4944 -0.8208 0.2861
vn -0.4742 -0.8479 0.2370
vn -0.4542 -0.8699 0.1922
vn 0.0431 -0.9896 -0.1372
vn 0.0432 -0.9895 -0.1376
vn 0.0411 -0.9897 -0.1373
vn 0.0434 -0.9895 -0.1376
vn 0.0966 -0.9775 -0.1874
vn 0.0967 -0.9775 -0.1874
vn 0.1698 -0.9555 -0.2414
vn 0.1698 -0.9554 -0.2414
vn 0.2503 -0.9222 -0.2947
vn 0.3251 -0.8749 -0.3589
vn 0.3252 -0.8749 -0.3588
vn 0.3810 -0.8255 -0.4164
vn 0.4225 -0.7771 -0.4665
vn 0.4225 -0.7771 -0.4664
vn 0.0690 -0.9930 -0.0963
vn 0.0691 -0.9930 -0.0963
vn 0.1483 -0.9793 -0.1380
vn 0.2490 -0.9456 -0.2095
vn 0.3355 -0.9016 -0.2730
vn 0.4078 -0.8509 -0.3313
vn 0.4078 -0.8508 -0.3313
vn 0.4659 -0.7948 -0.3889
vn 0.5125 -0.7338 -0.4460
vn 0.0985 -0.9930 -0.0650
vn 0.1937 -0.9751 -0.1080
vn 0.1935 -0.9751 -0.1080
vn 0.3083 -0.9358 -0.1711
vn 0.4083 -0.8839 -0.2282
vn 0.4082 -0.8839 -0.2282
vn 0.4892 -0.8257 -0.2807
vn 0.4893 -0.8257 -0.2807
vn 0.5578 -0.7576 -0.3390
vn 0.6132 -0.6778 -0.4057
vn 0.1194 -0.9922 -0.0363
vn 0.2340 -0.9688 -0.0814
vn 0.2340 -0.9688 -0.0815
vn 0.2340 -0.9688 -0.0819
vn 0.3685 -0.9209 -0.1268
vn 0.4856 -0.8592 -0.1611
vn 0.4857 -0.8592 -0.1611
vn 0.5867 -0.7860 -0.1950
vn 0.6782 -0.6933 -0.2438
vn 0.6782 -0.6932 -0.2438
vn 0.7478 -0.5846 -0.3148
vn 0.7479 -0.5844 -0.3148
vn 0.7477 -0.5846 -0.3148
vn 0.1336 -0.9907 -0.0271
vn 0.1386 -0.9900 -0.0264
vn 0.1412 -0.9897 -0.0219
vn 0.2761 -0.9591 -0.0628
vn 0.4331 -0.8974 -0.0837
vn 0.4331 -0.8975 -0.0837
vn 0.5658 -0.8197 -0.0893
vn 0.5657 -0.8197 -0.0893
vn 0.6854 -0.7216 -0.0976
vn 0.6855 -0.7215 -0.0976
vn 0.7924 -0.5969 -0.1257
vn 0.9451 -0.2582 -0.2005
vn 0.9453 -0.2584 -0.1991
vn 0.9448 -0.2580 -0.2018
vn 0.1442 -0.9893 -0.0215
vn 0.1456 -0.9892 -0.0137
vn 0.3215 -0.9455 -0.0510
vn 0.4965 -0.8668 -0.0468
vn 0.4966 -0.8667 -0.0469
vn 0.6361 -0.7710 -0.0292
vn 0.6361 -0.7711 -0.0292
vn 0.7606 -0.6490 -0.0170
vn 0.9532 -0.3007 0.0306
vn 0.9531 -0.3009 0.0319
vn 0.9532 -0.3006 0.0307
vn 0.9534 -0.3003 0.0292
vn 0.3355 -0.3251 -0.8842
vn 0.3354 -0.3250 -0.8842
vn 0.3988 -0.2657 -0.8777
vn 0.3986 -0.2671 -0.8774
vn 0.3990 -0.2644 -0.8780
vn 0.5460 -0.1837 -0.8174
vn 0.5451 -0.1844 -0.8179
vn 0.3642 -0.4145 -0.8340
vn 0.4884 -0.3301 -0.8077
vn 0.4884 -0.3300 -0.8078
vn 0.4884 -0.3302 -0.8078
vn 0.5932 -0.1454 -0.7918
vn 0.5931 -0.1454 -0.7919
vn 0.4191 -0.4780 -0.7720
vn 0.4191 -0.4779 -0.7720
vn 0.5595 -0.4076 -0.7217
vn 0.5595 -0.4077 -0.7217
vn 0.6393 -0.3209 -0.6988
vn 0.6394 -0.3208 -0.6987
vn 0.6896 -0.0725 -0.7206
vn 0.6894 -0.0740 -0.7206
vn 0.6896 -0.0726 -0.7206
vn 0.6896 -0.0725 -0.7205
vn 0.4719 -0.5378 -0.6986
vn 0.4719 -0.5379 -0.6986
vn 0.5860 -0.4689 -0.6609
vn 0.5859 -0.4689 -0.6610
vn 0.6625 -0.3802 -0.6454
vn 0.6625 -0.3800 -0.6455
vn 0.6624 -0.3802 -0.6455
vn 0.8541 -0.2418 -0.4606
vn 0.8548 -0.2413 -0.4595
vn 0.8540 -0.2417 -0.4607
vn 0.8533 -0.2422 -0.4618
vn 0.4855 -0.6154 -0.6209
vn 0.5889 -0.5370 -0.6040
vn 0.5890 -0.5369 -0.6040
vn 0.6706 -0.4444 -0.5940
vn 0.6706 -0.4445 -0.5939
vn 0.6703 -0.4453 -0.5936
vn 0.7754 -0.1231 -0.6193
vn 0.7754 -0.1245 -0.6191
vn 0.7754 -0.1230 -0.6193
vn 0.7755 -0.1231 -0.6193
vn 0.4750 -0.6776 -0.5615
vn 0.4749 -0.6777 -0.5614
vn 0.5742 -0.6059 -0.5506
vn 0.6665 -0.5162 -0.5379
vn 0.6663 -0.5181 -0.5363
vn 0.6660 -0.5173 -0.5374
vn 0.6663 -0.5181 -0.5364
vn 0.8824 -0.4385 -0.1705
vn 0.8824 -0.4386 -0.1706
vn 0.8818 -0.4385 -0.1735
vn 0.8817 -0.4388 -0.1734
vn 0.3261 -0.3645 0.8723
vn 0.3261 -0.3645 0.8722
vn 0.3396 -0.4558 0.8228
vn 0.3396 -0.4558 0.8227
vn 0.3541 -0.5435 0.7611
vn 0.3701 -0.6192 0.6926
vn 0.3701 -0.6191 0.6926
vn 0.3849 -0.6767 0.6277
vn 0.3944 -0.7172 0.5745
vn 0.3946 -0.7171 0.5745
vn 0.3947 -0.7492 0.5319
vn 0.3688 -0.3172 0.8737
vn 0.3688 -0.3173 0.8737
vn 0.4148 -0.4028 0.8159
vn 0.4142 -0.4032 0.8160
vn 0.4141 -0.4031 0.8161
vn 0.4143 -0.4032 0.8160
vn 0.4654 -0.4861 0.7397
vn 0.5083 -0.5615 0.6530
vn 0.5082 -0.5615 0.6530
vn 0.5079 -0.5618 0.6530
vn 0.5327 -0.6204 0.5756
vn 0.5326 -0.6204 0.5757
vn 0.5327 -0.6204 0.5757
vn 0.5396 -0.6664 0.5145
vn 0.5351 -0.7045 0.4663
vn 0.5350 -0.7045 0.4663
vn 0.5351 -0.7044 0.4663
vn 0.5159 -0.2095 0.8306
vn 0.5159 -0.2094 0.8306
vn 0.5148 -0.2102 0.8311
vn 0.5333 -0.1525 0.8321
vn 0.5334 -0.1525 0.8320
vn 0.5333 -0.1526 0.8321
vn 0.5957 -0.3949 0.6994
vn 0.8231 -0.4774 0.3074
vn 0.8243 -0.4774 0.3045
vn 0.8243 -0.4773 0.3045
vn 0.8231 -0.4778 0.3071
vn 0.7401 -0.2990 0.6024
vn 0.7401 -0.3003 0.6017
vn 0.6707 -0.5846 0.4565
vn 0.6695 -0.5849 0.4578
vn 0.6576 -0.6401 0.3973
vn 0.5561 -0.4079 0.7241
vn 0.5583 -0.4065 0.7232
vn 0.5573 -0.4071 0.7236
vn 0.5571 -0.4073 0.7237
vn 0.8582 -0.4966 -0.1299
vn 0.8580 -0.4973 -0.1284
vn 0.8584 -0.4970 -0.1267
vn 0.8582 -0.4966 -0.1297
vn 0.8755 -0.2807 0.3932
vn 0.8754 -0.2820 0.3926
vn 0.8755 -0.2807 0.3933
vn 0.8755 -0.2806 0.3934
vn 0.0460 -0.9870 0.1537
vn 0.0457 -0.9871 0.1533
vn 0.0456 -0.9871 0.1534
vn 0.0671 -0.9912 0.1141
vn 0.0662 -0.9913 0.1137
vn 0.0845 -0.9928 0.0850
vn 0.0832 -0.9929 0.0846
vn 0.0968 -0.9936 0.0581
vn 0.0967 -0.9936 0.0581
vn 0.1111 -0.9933 0.0316
vn 0.1264 -0.9919 0.0103
vn 0.1425 -0.9897 -0.0105
vn 0.1434 -0.9896 -0.0075
vn 0.1398 -0.9902 -0.0045
vn 0.0955 -0.9738 0.2063
vn 0.1300 -0.9780 0.1631
vn 0.1299 -0.9780 0.1631
vn 0.1717 -0.9764 0.1309
vn 0.1718 -0.9765 0.1304
vn 0.1709 -0.9764 0.1317
vn 0.2389 -0.9652 0.1065
vn 0.2388 -0.9652 0.1064
vn 0.2390 -0.9652 0.1065
vn 0.3183 -0.9439 0.0875
vn 0.3182 -0.9440 0.0874
vn 0.3730 -0.9265 0.0501
vn 0.3733 -0.9264 0.0497
vn 0.3859 -0.9225 0.0016
vn 0.3858 -0.9226 0.0016
vn 0.3853 -0.9228 0.0012
vn 0.1584 -0.9484 0.2747
vn 0.2364 -0.9399 0.2464
vn 0.3455 -0.9119 0.2214
vn 0.3455 -0.9119 0.2213
vn 0.3455 -0.9119 0.2215
vn 0.4529 -0.8753 0.1696
vn 0.5191 -0.8462 0.1202
vn 0.5194 -0.8461 0.1201
vn 0.5590 -0.8259 0.0735
vn 0.5582 -0.8264 0.0740
vn 0.5690 -0.8219 0.0277
vn 0.5690 -0.8219 0.0274
vn 0.2360 -0.9049 0.3542
vn 0.3550 -0.8796 0.3166
vn 0.3549 -0.8797 0.3166
vn 0.4783 -0.8373 0.2647
vn 0.5718 -0.7949 0.2028
vn 0.6358 -0.7582 0.1447
vn 0.6357 -0.7582 0.1447
vn 0.6787 -0.7287 0.0914
vn 0.6786 -0.7287 0.0915
vn 0.6787 -0.7287 0.0915
vn 0.6976 -0.7150 0.0466
vn 0.6970 -0.7155 0.0472
vn 0.6973 -0.7152 0.0468
vn 0.6972 -0.7153 0.0470
vn 0.3055 -0.8569 0.4153
vn 0.4402 -0.8216 0.3623
vn 0.4401 -0.8216 0.3623
vn 0.4402 -0.8216 0.3622
vn 0.5590 -0.7743 0.2966
vn 0.6496 -0.7252 0.2281
vn 0.7196 -0.6750 0.1627
vn 0.7196 -0.6751 0.1627
vn 0.7723 -0.6270 0.1021
vn 0.8031 -0.5934 0.0544
vn 0.8027 -0.5940 0.0541
vn 0.8026 -0.5940 0.0540
vn 0.3557 -0.8119 0.4630
vn 0.4935 -0.7725 0.3996
vn 0.6102 -0.7218 0.3266
vn 0.7026 -0.6653 0.2524
vn 0.7026 -0.6654 0.2522
vn 0.7783 -0.6023 0.1775
vn 0.9464 -0.3201 0.0433
vn 0.9464 -0.3198 0.0447
vn 0.9464 -0.3202 0.0430
vn 0.9463 -0.3205 0.0419
vn 0.9182 -0.3245 0.2272
vn 0.9177 -0.3251 0.2285
vn 0.9187 -0.3239 0.2260
vn 0.4544 -0.7267 -0.5152
vn 0.5489 -0.6690 -0.5010
vn 0.5489 -0.6691 -0.5010
vn 0.6489 -0.5952 -0.4740
vn 0.6489 -0.5952 -0.4739
vn 0.6490 -0.5952 -0.4739
vn 0.6490 -0.5951 -0.4739
vn 0.8579 -0.2387 -0.4550
vn 0.8579 -0.2387 -0.4549
vn 0.8578 -0.2400 -0.4544
vn 0.3819 -0.7806 0.4949
vn 0.3819 -0.7805 0.4949
vn 0.5204 -0.7385 0.4287
vn 0.5201 -0.7389 0.4284
vn 0.5198 -0.7392 0.4283
vn 0.6385 -0.6832 0.3543
vn 0.6385 -0.6833 0.3541
vn 0.6383 -0.6834 0.3543
vn 0.6384 -0.6833 0.3543
vn 0.7336 -0.6200 0.2783
vn 0.7334 -0.6202 0.2783
vn 0.7334 -0.6203 0.2783
vn 0.7334 -0.6203 0.2784
vn 0.9052 -0.3717 0.2059
vn 0.9047 -0.3731 0.2059
vn 0.3630 -0.9313 -0.0293
vn 0.3629 -0.9314 -0.0292
vn 0.5462 -0.8376 -0.0091
vn 0.5463 -0.8375 -0.0091
vn 0.6821 -0.7310 0.0193
vn 0.6831 -0.7301 0.0166
vn 0.7998 -0.5992 0.0352
vn 0.9378 -0.3185 -0.1381
vn 0.9378 -0.3192 -0.1369
vn -0.0080 -0.9911 -0.1330
vn -0.0081 -0.9910 -0.1338
vn 0.0231 -0.9835 -0.1796
vn 0.0551 -0.9727 -0.2256
vn 0.0946 -0.9555 -0.2793
vn 0.1446 -0.9293 -0.3398
vn 0.1447 -0.9293 -0.3398
vn 0.2005 -0.8963 -0.3956
vn 0.2005 -0.8962 -0.3956
vn 0.2532 -0.8592 -0.4445
vn 0.2532 -0.8593 -0.4445
vn 0.2956 -0.8175 -0.4943
vn 0.0009 -0.9953 -0.0966
vn 0.0010 -0.9953 -0.0965
vn 0.0008 -0.9953 -0.0965
vn 0.0112 -0.9976 -0.0683
vn 0.0113 -0.9976 -0.0682
vn 0.0260 -0.9988 -0.0421
vn 0.0261 -0.9988 -0.0421
vn 0.0453 -0.9987 -0.0216
vn 0.0628 -0.9980 -0.0052
vn 0.0597 -0.9982 -0.0108
vn 0.0598 -0.9982 -0.0107
vn 0.0613 -0.9981 -0.0088
vn 0.0643 -0.9979 -0.0036
vn 0.0632 -0.9980 -0.0002
vn 0.0637 -0.9980 0.0018
vn 0.0630 -0.9980 0.0045
vn 0.2855 -0.3069 -0.9079
vn 0.2855 -0.3070 -0.9079
vn 0.2854 -0.3069 -0.9079
vn 0.3160 -0.2537 -0.9142
vn 0.3416 -0.2140 -0.9152
vn 0.3416 -0.2141 -0.9151
vn 0.3784 -0.1362 -0.9156
vn 0.3783 -0.1362 -0.9156
vn 0.3784 -0.1364 -0.9156
vn 0.2903 -0.3804 -0.8781
vn 0.2903 -0.3803 -0.8781
vn 0.2938 -0.4503 -0.8432
vn 0.2938 -0.4503 -0.8431
vn 0.2964 -0.5249 -0.7979
vn 0.3007 -0.6130 -0.7306
vn 0.3159 -0.6747 -0.6671
vn 0.3287 -0.7222 -0.6086
vn 0.3228 -0.7700 -0.5503
vn 0.2795 -0.3297 0.9018
vn 0.2795 -0.3295 0.9018
vn 0.2840 -0.4105 0.8665
vn 0.2861 -0.4897 0.8236
vn 0.2868 -0.5658 0.7730
vn 0.2868 -0.5659 0.7730
vn 0.2866 -0.6344 0.7179
vn 0.2866 -0.6345 0.7179
vn 0.2862 -0.6906 0.6642
vn 0.2844 -0.7337 0.6171
vn 0.2780 -0.7689 0.5758
vn 0.2781 -0.7689 0.5758
vn 0.3082 -0.2827 0.9084
vn 0.3082 -0.2828 0.9083
vn 0.3083 -0.2828 0.9083
vn 0.3323 -0.2454 0.9107
vn 0.3323 -0.2455 0.9107
vn 0.3703 -0.0771 0.9257
vn 0.3701 -0.0764 0.9258
vn 0.3704 -0.0785 0.9256
vn -0.0070 -0.9888 0.1491
vn -0.0070 -0.9888 0.1492
vn -0.0070 -0.9887 0.1495
vn 0.0024 -0.9937 0.1120
vn 0.0139 -0.9965 0.0827
vn 0.0138 -0.9965 0.0827
vn 0.0271 -0.9979 0.0587
vn 0.0387 -0.9985 0.0386
vn 0.0386 -0.9985 0.0386
vn 0.0479 -0.9986 0.0221
vn 0.0531 -0.9985 0.0128
vn 0.0517 -0.9985 0.0186
vn 0.0578 -0.9983 0.0099
vn 0.0596 -0.9982 0.0057
vn 0.0239 -0.9804 0.1956
vn 0.0586 -0.9670 0.2479
vn 0.1013 -0.9452 0.3105
vn 0.1012 -0.9452 0.3105
vn 0.1499 -0.9129 0.3797
vn 0.1975 -0.8743 0.4434
vn 0.2375 -0.8349 0.4966
vn 0.2375 -0.8348 0.4966
vn 0.2631 -0.8022 0.5360
vn -0.0377 -0.9762 -0.2136
vn -0.0681 -0.9751 -0.2112
vn -0.0681 -0.9751 -0.2111
vn -0.0967 -0.9735 -0.2071
vn -0.1240 -0.9714 -0.2027
vn -0.1498 -0.9687 -0.1981
vn -0.1498 -0.9686 -0.1982
vn -0.1751 -0.9652 -0.1942
vn -0.1747 -0.9653 -0.1940
vn -0.1746 -0.9655 -0.1931
vn -0.2009 -0.9608 -0.1911
vn -0.2003 -0.9611 -0.1904
vn -0.2277 -0.9553 -0.1887
vn -0.2276 -0.9553 -0.1886
vn -0.2541 -0.9490 -0.1868
vn -0.2541 -0.9489 -0.1872
vn -0.2541 -0.9489 -0.1871
vn -0.2539 -0.9491 -0.1865
vn -0.2810 -0.9414 -0.1867
vn -0.2810 -0.9414 -0.1866
vn -0.2811 -0.9414 -0.1865
vn -0.2810 -0.9414 -0.1868
vn -0.3098 -0.9323 -0.1869
vn -0.3098 -0.9322 -0.1870
vn -0.3098 -0.9322 -0.1869
vn -0.3097 -0.9323 -0.1870
vn -0.3412 -0.9211 -0.1876
vn -0.3412 -0.9211 -0.1875
vn -0.3753 -0.9076 -0.1883
vn -0.3753 -0.9076 -0.1882
vn -0.4130 -0.8911 -0.1881
vn -0.0152 -0.9643 -0.2643
vn -0.0487 -0.9628 -0.2657
vn -0.0801 -0.9616 -0.2627
vn -0.0801 -0.9615 -0.2627
vn -0.1099 -0.9598 -0.2582
vn -0.1099 -0.9598 -0.2581
vn -0.1099 -0.9599 -0.2581
vn -0.1381 -0.9576 -0.2530
vn -0.1381 -0.9576 -0.2529
vn -0.1655 -0.9543 -0.2487
vn -0.1935 -0.9500 -0.2452
vn -0.1935 -0.9499 -0.2454
vn -0.1934 -0.9500 -0.2450
vn -0.1932 -0.9500 -0.2452
vn -0.2217 -0.9443 -0.2432
vn -0.2212 -0.9444 -0.2431
vn -0.2214 -0.9440 -0.2445
vn -0.2218 -0.9443 -0.2433
vn -0.2504 -0.9375 -0.2417
vn -0.2504 -0.9376 -0.2414
vn -0.2504 -0.9374 -0.2419
vn -0.2797 -0.9292 -0.2415
vn -0.2797 -0.9292 -0.2417
vn -0.2799 -0.9290 -0.2422
vn -0.3108 -0.9189 -0.2429
vn -0.3108 -0.9189 -0.2430
vn -0.3108 -0.9189 -0.2431
vn -0.3455 -0.9062 -0.2438
vn -0.3839 -0.8907 -0.2436
vn -0.3838 -0.8907 -0.2436
vn -0.4272 -0.8719 -0.2394
vn 0.0095 -0.9484 -0.3169
vn -0.0271 -0.9466 -0.3212
vn -0.0612 -0.9454 -0.3201
vn -0.0612 -0.9454 -0.3202
vn -0.0934 -0.9440 -0.3164
vn -0.1240 -0.9420 -0.3119
vn -0.1240 -0.9420 -0.3118
vn -0.1537 -0.9390 -0.3077
vn -0.1538 -0.9388 -0.3082
vn -0.1537 -0.9390 -0.3076
vn -0.1537 -0.9391 -0.3073
vn -0.1836 -0.9345 -0.3049
vn -0.1836 -0.9345 -0.3048
vn -0.1836 -0.9346 -0.3048
vn -0.2146 -0.9287 -0.3025
vn -0.2145 -0.9288 -0.3022
vn -0.2146 -0.9287 -0.3026
vn -0.2142 -0.9288 -0.3023
vn -0.2455 -0.9217 -0.3005
vn -0.2455 -0.9218 -0.3002
vn -0.2456 -0.9214 -0.3011
vn -0.2775 -0.9124 -0.3008
vn -0.2775 -0.9124 -0.3009
vn -0.2776 -0.9123 -0.3012
vn -0.3119 -0.9009 -0.3019
vn -0.3500 -0.8866 -0.3023
vn -0.3927 -0.8693 -0.3001
vn -0.4418 -0.8481 -0.2924
vn 0.0360 -0.9271 -0.3732
vn 0.0360 -0.9270 -0.3732
vn -0.0039 -0.9255 -0.3788
vn -0.0407 -0.9245 -0.3791
vn -0.0753 -0.9233 -0.3767
vn -0.1081 -0.9213 -0.3734
vn -0.1401 -0.9183 -0.3704
vn -0.1401 -0.9182 -0.3704
vn -0.1401 -0.9183 -0.3703
vn -0.1721 -0.9137 -0.3682
vn -0.1722 -0.9136 -0.3683
vn -0.1719 -0.9135 -0.3687
vn -0.1719 -0.9136 -0.3685
vn -0.2051 -0.9076 -0.3663
vn -0.2053 -0.9077 -0.3659
vn -0.2049 -0.9075 -0.3667
vn -0.2049 -0.9077 -0.3663
vn -0.2388 -0.9002 -0.3643
vn -0.2387 -0.9003 -0.3640
vn -0.2388 -0.9002 -0.3642
vn -0.2390 -0.9001 -0.3643
vn -0.2739 -0.8905 -0.3633
vn -0.2738 -0.8907 -0.3630
vn -0.2739 -0.8905 -0.3634
vn -0.3115 -0.8780 -0.3636
vn -0.3116 -0.8781 -0.3632
vn -0.3116 -0.8780 -0.3632
vn -0.3533 -0.8624 -0.3624
vn -0.3533 -0.8625 -0.3624
vn -0.3533 -0.8624 -0.3625
vn -0.4007 -0.8430 -0.3589
vn -0.4550 -0.8191 -0.3494
vn 0.0623 -0.9008 -0.4297
vn 0.0195 -0.8996 -0.4362
vn 0.0195 -0.8997 -0.4362
vn -0.0196 -0.8986 -0.4383
vn -0.0197 -0.8986 -0.4383
vn -0.0560 -0.8973 -0.4379
vn -0.0909 -0.8951 -0.4365
vn -0.0909 -0.8951 -0.4364
vn -0.0908 -0.8951 -0.4365
vn -0.1248 -0.8917 -0.4350
vn -0.1248 -0.8918 -0.4350
vn -0.1590 -0.8870 -0.4336
vn -0.1590 -0.8871 -0.4334
vn -0.1590 -0.8871 -0.4333
vn -0.1942 -0.8809 -0.4316
vn -0.1942 -0.8810 -0.4315
vn -0.2305 -0.8732 -0.4295
vn -0.2304 -0.8732 -0.4294
vn -0.2306 -0.8732 -0.4295
vn -0.2306 -0.8730 -0.4297
vn -0.2684 -0.8632 -0.4277
vn -0.2684 -0.8631 -0.4277
vn -0.3092 -0.8502 -0.4260
vn -0.3093 -0.8502 -0.4261
vn -0.3092 -0.8502 -0.4261
vn -0.3545 -0.8338 -0.4233
vn -0.3545 -0.8337 -0.4234
vn -0.4060 -0.8127 -0.4179
vn -0.4652 -0.7861 -0.4070
vn 0.0873 -0.8697 -0.4858
vn 0.0873 -0.8697 -0.4857
vn 0.0423 -0.8688 -0.4933
vn 0.0014 -0.8677 -0.4971
vn -0.0365 -0.8659 -0.4989
vn -0.0365 -0.8658 -0.4990
vn -0.0728 -0.8633 -0.4994
vn -0.0728 -0.8632 -0.4995
vn -0.0728 -0.8634 -0.4993
vn -0.1090 -0.8588 -0.5006
vn -0.1084 -0.8594 -0.4996
vn -0.1084 -0.8596 -0.4993
vn -0.1084 -0.8596 -0.4994
vn -0.1444 -0.8547 -0.4986
vn -0.1443 -0.8543 -0.4993
vn -0.1445 -0.8550 -0.4980
vn -0.1814 -0.8484 -0.4973
vn -0.1814 -0.8483 -0.4974
vn -0.1817 -0.8489 -0.4964
vn -0.2198 -0.8406 -0.4950
vn -0.2199 -0.8409 -0.4946
vn -0.2198 -0.8405 -0.4952
vn -0.2198 -0.8407 -0.4949
vn -0.2601 -0.8306 -0.4925
vn -0.2600 -0.8308 -0.4921
vn -0.2603 -0.8305 -0.4924
vn -0.3041 -0.8175 -0.4891
vn -0.3041 -0.8175 -0.4890
vn -0.3038 -0.8185 -0.4876
vn -0.3527 -0.8005 -0.4846
vn -0.3527 -0.8005 -0.4845
vn -0.3527 -0.8006 -0.4845
vn -0.4076 -0.7785 -0.4772
vn -0.4076 -0.7786 -0.4772
vn -0.4076 -0.7785 -0.4773
vn -0.4709 -0.7496 -0.4651
vn 0.1105 -0.8333 -0.5417
vn 0.1105 -0.8333 -0.5416
vn 0.0636 -0.8329 -0.5497
vn 0.0638 -0.8327 -0.5501
vn 0.0216 -0.8315 -0.5550
vn 0.0215 -0.8317 -0.5549
vn 0.0215 -0.8324 -0.5537
vn 0.0216 -0.8317 -0.5549
vn -0.0175 -0.8295 -0.5582
vn -0.0175 -0.8296 -0.5581
vn -0.0549 -0.8265 -0.5602
vn -0.0549 -0.8266 -0.5601
vn -0.0549 -0.8265 -0.5603
vn -0.0916 -0.8225 -0.5613
vn -0.0916 -0.8225 -0.5614
vn -0.1288 -0.8175 -0.5613
vn -0.1288 -0.8176 -0.5613
vn -0.1672 -0.8112 -0.5603
vn -0.1672 -0.8122 -0.5590
vn -0.1672 -0.8113 -0.5602
vn -0.1672 -0.8110 -0.5606
vn -0.2072 -0.8033 -0.5584
vn -0.2497 -0.7932 -0.5554
vn -0.2497 -0.7933 -0.5553
vn -0.2956 -0.7807 -0.5505
vn -0.2958 -0.7802 -0.5512
vn -0.2955 -0.7805 -0.5509
vn -0.3469 -0.7636 -0.5446
vn -0.3469 -0.7640 -0.5440
vn -0.3470 -0.7630 -0.5453
vn -0.3470 -0.7628 -0.5456
vn -0.4046 -0.7403 -0.5369
vn -0.4046 -0.7404 -0.5368
vn -0.4047 -0.7401 -0.5371
vn -0.4046 -0.7402 -0.5371
vn -0.4710 -0.7096 -0.5241
vn -0.4710 -0.7094 -0.5243
vn -0.4710 -0.7095 -0.5242
vn 0.1307 -0.7916 -0.5969
vn 0.1308 -0.7913 -0.5973
vn 0.1308 -0.7905 -0.5984
vn 0.0832 -0.7917 -0.6052
vn 0.0832 -0.7916 -0.6053
vn 0.0404 -0.7905 -0.6112
vn 0.0404 -0.7908 -0.6108
vn 0.0405 -0.7904 -0.6112
vn 0.0405 -0.7904 -0.6113
vn 0.0011 -0.7879 -0.6158
vn 0.0009 -0.7880 -0.6157
vn 0.0012 -0.7879 -0.6158
vn 0.0012 -0.7880 -0.6157
vn -0.0370 -0.7849 -0.6185
vn -0.0370 -0.7850 -0.6185
vn -0.0370 -0.7851 -0.6183
vn -0.0743 -0.7808 -0.6203
vn -0.0743 -0.7809 -0.6202
vn -0.0743 -0.7809 -0.6203
vn -0.0744 -0.7809 -0.6202
vn -0.1124 -0.7758 -0.6208
vn -0.1125 -0.7759 -0.6207
vn -0.1125 -0.7758 -0.6209
vn -0.1123 -0.7758 -0.6210
vn -0.1518 -0.7696 -0.6202
vn -0.1518 -0.7697 -0.6201
vn -0.1927 -0.7615 -0.6189
vn -0.1928 -0.7616 -0.6187
vn -0.1927 -0.7615 -0.6188
vn -0.2365 -0.7515 -0.6159
vn -0.2839 -0.7385 -0.6116
vn -0.2838 -0.7385 -0.6116
vn -0.2839 -0.7386 -0.6115
vn -0.2839 -0.7386 -0.6114
vn -0.3366 -0.7215 -0.6051
vn -0.3366 -0.7214 -0.6052
vn -0.3961 -0.6982 -0.5963
vn -0.3961 -0.6983 -0.5963
vn -0.4641 -0.6659 -0.5841
vn 0.1486 -0.7429 -0.6527
vn 0.1011 -0.7437 -0.6608
vn 0.0588 -0.7419 -0.6679
vn 0.0588 -0.7418 -0.6680
vn 0.0588 -0.7418 -0.6681
vn 0.0196 -0.7389 -0.6736
vn 0.0196 -0.7388 -0.6736
vn 0.0196 -0.7387 -0.6737
vn -0.0182 -0.7351 -0.6777
vn -0.0182 -0.7350 -0.6778
vn -0.0559 -0.7312 -0.6799
vn -0.0557 -0.7305 -0.6806
vn -0.0557 -0.7307 -0.6804
vn -0.0556 -0.7311 -0.6800
vn -0.0942 -0.7257 -0.6815
vn -0.0942 -0.7256 -0.6816
vn -0.0944 -0.7269 -0.6803
vn -0.0938 -0.7254 -0.6819
vn -0.1335 -0.7190 -0.6820
vn -0.1332 -0.7186 -0.6826
vn -0.1333 -0.7187 -0.6824
vn -0.1336 -0.7191 -0.6820
vn -0.1751 -0.7109 -0.6811
vn -0.1751 -0.7109 -0.6812
vn -0.2193 -0.7014 -0.6782
vn -0.2674 -0.6893 -0.6733
vn -0.3208 -0.6733 -0.6662
vn -0.3208 -0.6733 -0.6661
vn -0.3810 -0.6508 -0.6568
vn -0.4496 -0.6180 -0.6450
vn -0.4495 -0.6180 -0.6450
vn 0.1636 -0.6881 -0.7069
vn 0.1173 -0.6887 -0.7155
vn 0.0765 -0.6857 -0.7239
vn 0.0765 -0.6856 -0.7239
vn 0.0385 -0.6810 -0.7313
vn 0.0386 -0.6809 -0.7313
vn 0.0019 -0.6754 -0.7374
vn 0.0019 -0.6756 -0.7373
vn -0.0349 -0.6699 -0.7416
vn -0.0349 -0.6700 -0.7416
vn -0.0724 -0.6642 -0.7441
vn -0.0722 -0.6627 -0.7454
vn -0.0723 -0.6641 -0.7441
vn -0.0723 -0.6643 -0.7440
vn -0.1122 -0.6575 -0.7451
vn -0.1122 -0.6576 -0.7450
vn -0.1122 -0.6575 -0.7450
vn -0.1536 -0.6499 -0.7443
vn -0.1536 -0.6501 -0.7442
vn -0.1536 -0.6500 -0.7443
vn -0.1977 -0.6415 -0.7412
vn -0.2459 -0.6313 -0.7355
vn -0.2993 -0.6173 -0.7275
vn -0.3593 -0.5968 -0.7175
vn -0.4271 -0.5648 -0.7061
vn 0.1766 -0.6262 -0.7594
vn 0.1324 -0.6265 -0.7681
vn 0.0934 -0.6218 -0.7776
vn 0.0574 -0.6148 -0.7866
vn 0.0573 -0.6148 -0.7866
vn 0.0225 -0.6071 -0.7943
vn -0.0126 -0.6000 -0.7999
vn -0.0127 -0.5998 -0.8000
vn -0.0494 -0.5934 -0.8034
vn -0.0493 -0.5944 -0.8027
vn -0.0494 -0.5932 -0.8035
vn -0.0492 -0.5924 -0.8042
vn -0.0882 -0.5863 -0.8053
vn -0.0883 -0.5863 -0.8052
vn -0.1287 -0.5792 -0.8049
vn -0.1287 -0.5793 -0.8049
vn -0.1722 -0.5722 -0.8018
vn -0.2198 -0.5643 -0.7958
vn -0.2724 -0.5531 -0.7873
vn -0.2723 -0.5531 -0.7873
vn -0.3310 -0.5349 -0.7774
vn -0.3968 -0.5045 -0.7668
vn 0.1878 -0.5577 -0.8085
vn 0.1465 -0.5572 -0.8174
vn 0.1465 -0.5571 -0.8174
vn 0.1100 -0.5508 -0.8274
vn 0.1100 -0.5507 -0.8274
vn 0.0762 -0.5417 -0.8371
vn 0.0762 -0.5416 -0.8371
vn 0.0434 -0.5318 -0.8458
vn 0.0101 -0.5233 -0.8521
vn 0.0101 -0.5230 -0.8523
vn 0.0101 -0.5229 -0.8523
vn -0.0251 -0.5151 -0.8568
vn -0.0250 -0.5149 -0.8569
vn -0.0250 -0.5152 -0.8567
vn -0.0249 -0.5150 -0.8568
vn -0.0626 -0.5077 -0.8592
vn -0.0627 -0.5079 -0.8591
vn -0.0627 -0.5078 -0.8592
vn -0.0621 -0.5068 -0.8598
vn -0.1017 -0.5007 -0.8596
vn -0.1017 -0.5006 -0.8597
vn -0.1017 -0.5007 -0.8597
vn -0.1435 -0.4948 -0.8571
vn -0.1435 -0.4949 -0.8570
vn -0.1895 -0.4888 -0.8516
vn -0.1895 -0.4889 -0.8515
vn -0.2405 -0.4797 -0.8438
vn -0.2405 -0.4798 -0.8438
vn -0.2967 -0.4640 -0.8347
vn -0.3591 -0.4362 -0.8251
vn -0.3591 -0.4363 -0.8251
vn 0.1968 -0.4876 -0.8506
vn 0.1968 -0.4875 -0.8506
vn 0.1596 -0.4834 -0.8607
vn 0.1263 -0.4744 -0.8712
vn 0.1263 -0.4743 -0.8712
vn 0.0946 -0.4633 -0.8811
vn 0.0641 -0.4520 -0.8897
vn 0.0329 -0.4418 -0.8965
vn 0.0330 -0.4410 -0.8969
vn 0.0330 -0.4411 -0.8968
vn -0.0004 -0.4328 -0.9015
vn -0.0004 -0.4329 -0.9014
vn -0.0362 -0.4245 -0.9047
vn -0.0362 -0.4246 -0.9047
vn -0.0735 -0.4173 -0.9058
vn -0.0735 -0.4174 -0.9057
vn -0.1132 -0.4115 -0.9044
vn -0.1132 -0.4116 -0.9043
vn -0.1567 -0.4062 -0.9002
vn -0.1566 -0.4061 -0.9003
vn -0.2052 -0.3982 -0.8940
vn -0.2585 -0.3861 -0.8855
vn -0.3172 -0.3643 -0.8756
vn -0.3172 -0.3644 -0.8756
vn 0.2053 -0.4149 -0.8864
vn 0.1730 -0.4054 -0.8976
vn 0.1731 -0.4054 -0.8976
vn 0.1428 -0.3941 -0.9079
vn 0.1428 -0.3942 -0.9079
vn 0.1131 -0.3825 -0.9170
vn 0.0842 -0.3708 -0.9249
vn 0.0842 -0.3709 -0.9248
vn 0.0842 -0.3709 -0.9249
vn 0.0548 -0.3602 -0.9313
vn 0.0232 -0.3507 -0.9362
vn 0.0232 -0.3503 -0.9364
vn 0.0231 -0.3507 -0.9362
vn 0.0231 -0.3509 -0.9361
vn -0.0109 -0.3411 -0.9400
vn -0.0109 -0.3412 -0.9399
vn -0.0110 -0.3415 -0.9398
vn -0.0462 -0.3322 -0.9421
vn -0.0459 -0.3325 -0.9420
vn -0.0459 -0.3327 -0.9419
vn -0.0459 -0.3329 -0.9418
vn -0.0829 -0.3254 -0.9419
vn -0.0829 -0.3255 -0.9419
vn -0.1235 -0.3185 -0.9398
vn -0.1235 -0.3186 -0.9398
vn -0.1688 -0.3101 -0.9356
vn -0.1688 -0.3102 -0.9356
vn -0.2182 -0.3002 -0.9286
vn -0.2726 -0.2865 -0.9185
vn -0.0286 -0.9865 -0.1612
vn -0.0572 -0.9852 -0.1614
vn -0.0838 -0.9840 -0.1569
vn -0.0838 -0.9841 -0.1568
vn -0.0838 -0.9841 -0.1569
vn -0.0840 -0.9841 -0.1566
vn -0.1097 -0.9820 -0.1539
vn -0.1097 -0.9820 -0.1538
vn -0.1352 -0.9792 -0.1512
vn -0.1351 -0.9793 -0.1509
vn -0.1351 -0.9793 -0.1510
vn -0.1599 -0.9763 -0.1455
vn -0.1591 -0.9761 -0.1479
vn -0.1588 -0.9762 -0.1480
vn -0.1592 -0.9761 -0.1477
vn -0.1828 -0.9723 -0.1455
vn -0.1827 -0.9724 -0.1448
vn -0.1827 -0.9725 -0.1447
vn -0.2069 -0.9680 -0.1423
vn -0.2069 -0.9679 -0.1424
vn -0.2068 -0.9680 -0.1420
vn -0.2068 -0.9680 -0.1421
vn -0.2325 -0.9625 -0.1401
vn -0.2324 -0.9625 -0.1398
vn -0.2323 -0.9625 -0.1400
vn -0.2322 -0.9625 -0.1400
vn -0.2572 -0.9565 -0.1378
vn -0.2571 -0.9565 -0.1382
vn -0.2574 -0.9564 -0.1378
vn -0.2567 -0.9566 -0.1377
vn -0.2819 -0.9496 -0.1369
vn -0.2818 -0.9497 -0.1368
vn -0.2821 -0.9496 -0.1366
vn -0.3092 -0.9414 -0.1351
vn -0.3098 -0.9410 -0.1362
vn -0.3096 -0.9412 -0.1355
vn -0.3095 -0.9412 -0.1353
vn -0.3383 -0.9314 -0.1346
vn -0.3384 -0.9313 -0.1348
vn -0.3381 -0.9315 -0.1339
vn -0.3380 -0.9316 -0.1337
vn -0.3689 -0.9199 -0.1333
vn -0.3689 -0.9198 -0.1333
vn -0.3690 -0.9198 -0.1334
vn -0.3690 -0.9198 -0.1333
vn -0.4011 -0.9060 -0.1352
vn -0.4012 -0.9059 -0.1353
vn -0.4375 -0.8893 -0.1332
vn -0.4560 -0.8716 -0.1798
vn -0.4768 -0.8498 -0.2247
vn -0.4980 -0.8227 -0.2741
vn -0.5178 -0.7896 -0.3294
vn -0.5178 -0.7895 -0.3294
vn -0.5336 -0.7523 -0.3863
vn -0.5442 -0.7114 -0.4446
vn -0.5478 -0.6672 -0.5047
vn -0.5478 -0.6672 -0.5048
vn -0.5475 -0.6668 -0.5055
vn -0.5429 -0.6199 -0.5666
vn -0.5428 -0.6198 -0.5667
vn -0.5427 -0.6197 -0.5669
vn -0.5282 -0.5691 -0.6302
vn -0.5282 -0.5691 -0.6301
vn -0.5041 -0.5144 -0.6938
vn -0.5040 -0.5144 -0.6938
vn -0.5041 -0.5144 -0.6937
vn -0.4702 -0.4541 -0.7568
vn -0.4274 -0.3876 -0.8168
vn -0.4274 -0.3877 -0.8167
vn -0.3798 -0.3213 -0.8675
vn -0.3306 -0.2548 -0.9087
vn -0.2798 -0.1777 -0.9435
vn -0.2797 -0.1777 -0.9435
vn -0.2271 -0.1964 -0.9539
vn -0.2272 -0.1964 -0.9538
vn -0.1783 -0.2044 -0.9625
vn -0.1790 -0.2052 -0.9622
vn -0.1789 -0.2053 -0.9622
vn -0.1788 -0.2051 -0.9623
vn -0.1341 -0.2174 -0.9668
vn -0.1342 -0.2175 -0.9668
vn -0.1342 -0.2174 -0.9668
vn -0.0924 -0.2299 -0.9688
vn -0.0922 -0.2294 -0.9690
vn -0.0922 -0.2293 -0.9690
vn -0.0927 -0.2302 -0.9687
vn -0.0549 -0.2403 -0.9692
vn -0.0547 -0.2402 -0.9692
vn -0.0552 -0.2408 -0.9690
vn -0.0548 -0.2402 -0.9692
vn -0.0205 -0.2505 -0.9679
vn -0.0209 -0.2512 -0.9677
vn -0.0208 -0.2511 -0.9677
vn -0.0204 -0.2504 -0.9679
vn 0.0130 -0.2603 -0.9654
vn 0.0126 -0.2610 -0.9652
vn 0.0127 -0.2609 -0.9653
vn 0.0128 -0.2605 -0.9654
vn 0.0451 -0.2714 -0.9614
vn 0.0451 -0.2713 -0.9614
vn 0.0453 -0.2712 -0.9615
vn 0.0754 -0.2823 -0.9564
vn 0.0752 -0.2817 -0.9566
vn 0.0752 -0.2817 -0.9565
vn 0.0756 -0.2819 -0.9565
vn 0.1035 -0.2921 -0.9508
vn 0.1037 -0.2918 -0.9508
vn 0.1036 -0.2919 -0.9508
vn 0.1035 -0.2922 -0.9507
vn 0.1316 -0.3025 -0.9440
vn 0.1316 -0.3024 -0.9440
vn 0.1603 -0.3129 -0.9362
vn 0.1887 -0.3232 -0.9273
vn 0.2161 -0.3359 -0.9168
vn 0.2161 -0.3358 -0.9168
vn 0.2475 -0.3422 -0.9064
vn 0.2475 -0.3422 -0.9065
vn 0.2434 -0.4132 -0.8775
vn 0.2433 -0.4132 -0.8775
vn 0.2411 -0.4793 -0.8439
vn 0.2369 -0.5477 -0.8024
vn 0.2292 -0.6172 -0.7527
vn 0.2292 -0.6171 -0.7528
vn 0.2185 -0.6808 -0.6991
vn 0.2043 -0.7386 -0.6424
vn 0.1869 -0.7896 -0.5845
vn 0.1869 -0.7896 -0.5844
vn 0.1661 -0.8322 -0.5290
vn 0.1661 -0.8321 -0.5291
vn 0.1402 -0.8696 -0.4735
vn 0.1107 -0.9025 -0.4163
vn 0.0797 -0.9300 -0.3588
vn 0.0490 -0.9517 -0.3030
vn 0.0202 -0.9673 -0.2529
vn -0.0055 -0.9782 -0.2077
vn -0.4038 -0.9138 -0.0435
vn -0.3704 -0.9277 -0.0469
vn -0.3402 -0.9390 -0.0509
vn -0.3401 -0.9390 -0.0509
vn -0.3119 -0.9485 -0.0550
vn -0.3120 -0.9485 -0.0552
vn -0.2862 -0.9563 -0.0591
vn -0.2862 -0.9563 -0.0592
vn -0.2862 -0.9564 -0.0589
vn -0.2617 -0.9631 -0.0622
vn -0.2620 -0.9630 -0.0626
vn -0.2382 -0.9690 -0.0650
vn -0.2382 -0.9690 -0.0654
vn -0.2384 -0.9690 -0.0653
vn -0.2384 -0.9689 -0.0656
vn -0.2142 -0.9745 -0.0674
vn -0.2142 -0.9745 -0.0675
vn -0.2141 -0.9745 -0.0673
vn -0.2143 -0.9744 -0.0678
vn -0.1916 -0.9790 -0.0701
vn -0.1914 -0.9790 -0.0697
vn -0.1914 -0.9791 -0.0694
vn -0.1913 -0.9791 -0.0692
vn -0.1689 -0.9832 -0.0698
vn -0.1688 -0.9831 -0.0708
vn -0.1684 -0.9833 -0.0693
vn -0.1689 -0.9831 -0.0699
vn -0.1467 -0.9868 -0.0680
vn -0.1459 -0.9868 -0.0701
vn -0.1460 -0.9868 -0.0697
vn -0.1219 -0.9901 -0.0698
vn -0.1220 -0.9901 -0.0700
vn -0.1219 -0.9901 -0.0697
vn -0.0967 -0.9929 -0.0691
vn -0.0968 -0.9929 -0.0694
vn -0.0967 -0.9929 -0.0690
vn -0.0693 -0.9952 -0.0690
vn -0.4122 -0.9109 -0.0208
vn -0.4121 -0.9109 -0.0208
vn -0.3759 -0.9264 -0.0224
vn -0.3441 -0.9386 -0.0261
vn -0.3151 -0.9486 -0.0303
vn -0.2889 -0.9567 -0.0348
vn -0.2889 -0.9567 -0.0347
vn -0.2888 -0.9567 -0.0351
vn -0.2642 -0.9637 -0.0384
vn -0.2648 -0.9635 -0.0392
vn -0.2643 -0.9637 -0.0384
vn -0.2402 -0.9698 -0.0413
vn -0.2402 -0.9699 -0.0412
vn -0.2402 -0.9698 -0.0417
vn -0.2404 -0.9698 -0.0423
vn -0.2164 -0.9754 -0.0427
vn -0.2164 -0.9754 -0.0428
vn -0.2163 -0.9754 -0.0424
vn -0.2163 -0.9754 -0.0423
vn -0.1931 -0.9802 -0.0437
vn -0.1930 -0.9802 -0.0442
vn -0.1930 -0.9802 -0.0444
vn -0.1930 -0.9802 -0.0443
vn -0.1701 -0.9844 -0.0447
vn -0.1703 -0.9843 -0.0457
vn -0.1701 -0.9844 -0.0448
vn -0.1468 -0.9882 -0.0442
vn -0.1468 -0.9882 -0.0440
vn -0.1464 -0.9883 -0.0431
vn -0.1221 -0.9916 -0.0433
vn -0.0957 -0.9945 -0.0429
vn -0.0956 -0.9945 -0.0429
vn -0.0955 -0.9945 -0.0426
vn -0.0660 -0.9968 -0.0443
vn -0.0660 -0.9968 -0.0444
vn -0.4210 -0.9071 -0.0051
vn -0.4210 -0.9070 -0.0052
vn -0.3823 -0.9240 -0.0061
vn -0.3855 -0.9227 0.0014
vn -0.3846 -0.9231 -0.0038
vn -0.3505 -0.9365 -0.0074
vn -0.3488 -0.9372 -0.0092
vn -0.3518 -0.9361 -0.0001
vn -0.3202 -0.9473 -0.0114
vn -0.3188 -0.9477 -0.0132
vn -0.3211 -0.9470 -0.0037
vn -0.2927 -0.9561 -0.0159
vn -0.2917 -0.9563 -0.0174
vn -0.2917 -0.9564 -0.0174
vn -0.2932 -0.9560 -0.0071
vn -0.2672 -0.9634 -0.0197
vn -0.2662 -0.9637 -0.0207
vn -0.2664 -0.9636 -0.0209
vn -0.2673 -0.9636 -0.0095
vn -0.2422 -0.9700 -0.0229
vn -0.2416 -0.9701 -0.0234
vn -0.2417 -0.9701 -0.0234
vn -0.2423 -0.9701 -0.0114
vn -0.2176 -0.9760 -0.0125
vn -0.2222 -0.9749 -0.0147
vn -0.2171 -0.9758 -0.0259
vn -0.2171 -0.9758 -0.0257
vn -0.1919 -0.9810 -0.0269
vn -0.1940 -0.9806 -0.0269
vn -0.1937 -0.9807 -0.0260
vn -0.1940 -0.9809 -0.0125
vn -0.1644 -0.9861 -0.0234
vn -0.1705 -0.9850 -0.0272
vn -0.1701 -0.9851 -0.0261
vn -0.1747 -0.9845 -0.0146
vn -0.1461 -0.9889 -0.0254
vn -0.1454 -0.9891 -0.0227
vn -0.1453 -0.9893 -0.0144
vn -0.1462 -0.9889 -0.0255
vn -0.1178 -0.9929 -0.0161
vn -0.1209 -0.9923 -0.0253
vn -0.1205 -0.9924 -0.0245
vn -0.1207 -0.9925 -0.0199
vn -0.0900 -0.9958 -0.0162
vn -0.0927 -0.9954 -0.0243
vn -0.0927 -0.9954 -0.0244
vn -0.0914 -0.9956 -0.0189
vn -0.0611 -0.9978 -0.0260
vn -0.4321 -0.9018 0.0067
vn -0.4296 -0.9030 0.0060
vn -0.4344 -0.9007 0.0110
vn -0.3919 -0.9200 0.0092
vn -0.3914 -0.9202 0.0064
vn -0.3556 -0.9346 0.0028
vn -0.3558 -0.9345 0.0057
vn -0.3239 -0.9461 -0.0007
vn -0.3241 -0.9460 0.0025
vn -0.2959 -0.9552 0.0010
vn -0.2953 -0.9554 -0.0047
vn -0.2689 -0.9631 -0.0071
vn -0.2685 -0.9633 -0.0018
vn -0.2432 -0.9699 -0.0097
vn -0.2432 -0.9700 -0.0025
vn -0.2181 -0.9759 -0.0118
vn -0.2179 -0.9760 -0.0034
vn -0.1935 -0.9811 -0.0046
vn -0.1937 -0.9810 -0.0119
vn -0.1689 -0.9856 -0.0050
vn -0.1689 -0.9856 -0.0112
vn -0.1440 -0.9895 -0.0108
vn -0.1440 -0.9896 -0.0056
vn -0.1165 -0.9932 -0.0047
vn -0.1169 -0.9931 -0.0090
vn -0.0867 -0.9962 -0.0041
vn -0.0873 -0.9962 -0.0080
vn -0.0559 -0.9984 -0.0116
vn -0.0534 -0.9985 -0.0073
vn -0.0530 -0.9986 -0.0061
vn -0.4395 -0.8982 0.0105
vn -0.4398 -0.8980 0.0126
vn -0.3959 -0.9182 0.0098
vn -0.3972 -0.9177 0.0112
vn -0.3592 -0.9332 0.0085
vn -0.3601 -0.9329 0.0081
vn -0.3267 -0.9451 0.0058
vn -0.3271 -0.9450 0.0056
vn -0.2978 -0.9546 0.0041
vn -0.2980 -0.9546 0.0027
vn -0.2700 -0.9629 0.0030
vn -0.2699 -0.9629 0.0006
vn -0.2448 -0.9696 0.0022
vn -0.2435 -0.9699 -0.0015
vn -0.2183 -0.9759 -0.0029
vn -0.2187 -0.9758 0.0023
vn -0.1932 -0.9812 -0.0030
vn -0.1957 -0.9807 -0.0019
vn -0.1681 -0.9858 -0.0030
vn -0.1688 -0.9857 0.0006
vn -0.1407 -0.9901 -0.0005
vn -0.1424 -0.9898 -0.0016
vn -0.1148 -0.9934 -0.0015
vn -0.1142 -0.9935 0.0017
vn -0.0844 -0.9964 -0.0009
vn -0.0836 -0.9965 0.0023
vn -0.0491 -0.9988 -0.0002
vn -0.0485 -0.9988 0.0022
vn -0.4448 -0.8956 0.0118
vn -0.4441 -0.8959 0.0095
vn -0.4008 -0.9161 0.0076
vn -0.3999 -0.9165 0.0089
vn -0.3625 -0.9320 0.0083
vn -0.3622 -0.9321 0.0076
vn -0.3289 -0.9444 0.0057
vn -0.3291 -0.9443 0.0069
vn -0.2991 -0.9542 0.0052
vn -0.2991 -0.9542 0.0050
vn -0.2717 -0.9624 0.0034
vn -0.2712 -0.9625 0.0046
vn -0.2443 -0.9697 0.0028
vn -0.2446 -0.9696 0.0037
vn -0.2187 -0.9758 0.0036
vn -0.2183 -0.9759 0.0030
vn -0.1939 -0.9810 0.0026
vn -0.1928 -0.9812 0.0018
vn -0.1675 -0.9859 0.0034
vn -0.1678 -0.9858 0.0025
vn -0.1410 -0.9900 0.0030
vn -0.1409 -0.9900 0.0033
vn -0.1128 -0.9936 0.0032
vn -0.1130 -0.9936 0.0039
vn -0.0816 -0.9966 0.0054
vn -0.0816 -0.9967 0.0045
vn -0.0457 -0.9989 0.0040
vn -0.0457 -0.9989 0.0052
vn -0.4440 -0.8960 0.0033
vn -0.4473 -0.8944 0.0020
vn -0.4022 -0.9155 0.0021
vn -0.3993 -0.9168 0.0042
vn -0.3634 -0.9316 0.0019
vn -0.3633 -0.9316 0.0066
vn -0.3299 -0.9440 0.0026
vn -0.3300 -0.9440 0.0061
vn -0.2997 -0.9540 0.0036
vn -0.3002 -0.9539 0.0044
vn -0.2715 -0.9624 0.0034
vn -0.2716 -0.9624 0.0035
vn -0.2447 -0.9696 0.0040
vn -0.2447 -0.9696 0.0039
vn -0.2184 -0.9759 0.0037
vn -0.2186 -0.9758 0.0038
vn -0.1930 -0.9812 0.0041
vn -0.1929 -0.9812 0.0037
vn -0.1674 -0.9859 0.0041
vn -0.1675 -0.9859 0.0040
vn -0.1407 -0.9900 0.0042
vn -0.1406 -0.9901 0.0045
vn -0.1121 -0.9937 0.0052
vn -0.1122 -0.9937 0.0050
vn -0.0805 -0.9967 0.0055
vn -0.0805 -0.9967 0.0054
vn -0.0440 -0.9990 0.0067
vn -0.0443 -0.9990 0.0060
vn -0.4451 -0.8955 -0.0022
vn -0.4444 -0.8958 -0.0000
vn -0.4006 -0.9162 -0.0013
vn -0.4002 -0.9164 0.0003
vn -0.3624 -0.9320 0.0003
vn -0.3626 -0.9319 0.0014
vn -0.3291 -0.9443 0.0015
vn -0.3293 -0.9442 0.0020
vn -0.2991 -0.9542 0.0023
vn -0.2991 -0.9542 0.0028
vn -0.2707 -0.9627 0.0038
vn -0.2712 -0.9625 0.0027
vn -0.2445 -0.9696 0.0049
vn -0.2450 -0.9695 0.0035
vn -0.2182 -0.9759 0.0053
vn -0.2185 -0.9758 0.0048
vn -0.1940 -0.9810 0.0061
vn -0.1933 -0.9811 0.0045
vn -0.1663 -0.9861 0.0062
vn -0.1676 -0.9858 0.0049
vn -0.1408 -0.9900 0.0069
vn -0.1411 -0.9900 0.0055
vn -0.1127 -0.9936 0.0065
vn -0.1123 -0.9937 0.0053
vn -0.0814 -0.9967 0.0066
vn -0.0811 -0.9967 0.0059
vn -0.0448 -0.9990 0.0062
vn -0.0451 -0.9990 0.0071
vn -0.4397 -0.8982 -0.0032
vn -0.4409 -0.8976 -0.0016
vn -0.3966 -0.9180 -0.0018
vn -0.3976 -0.9176 -0.0010
vn -0.3601 -0.9329 -0.0001
vn -0.3599 -0.9330 0.0009
vn -0.3273 -0.9449 0.0019
vn -0.3272 -0.9449 0.0030
vn -0.2979 -0.9546 0.0037
vn -0.2978 -0.9546 0.0055
vn -0.2703 -0.9628 0.0049
vn -0.2708 -0.9626 0.0083
vn -0.2435 -0.9699 0.0057
vn -0.2438 -0.9698 0.0097
vn -0.2191 -0.9756 0.0112
vn -0.2206 -0.9753 0.0095
vn -0.1934 -0.9810 0.0124
vn -0.1935 -0.9811 0.0069
vn -0.1677 -0.9858 0.0126
vn -0.1678 -0.9858 0.0080
vn -0.1419 -0.9898 0.0122
vn -0.1417 -0.9899 0.0081
vn -0.1141 -0.9934 0.0114
vn -0.1142 -0.9934 0.0089
vn -0.0834 -0.9964 0.0115
vn -0.0833 -0.9965 0.0089
vn -0.0480 -0.9988 0.0122
vn -0.0481 -0.9988 0.0098
vn -0.4339 -0.9010 0.0001
vn -0.4330 -0.9014 0.0034
vn -0.3917 -0.9201 0.0044
vn -0.3922 -0.9199 0.0010
vn -0.3561 -0.9344 0.0042
vn -0.3562 -0.9344 0.0053
vn -0.3244 -0.9459 0.0068
vn -0.3239 -0.9460 0.0082
vn -0.2969 -0.9549 0.0097
vn -0.2950 -0.9554 0.0119
vn -0.2692 -0.9630 0.0099
vn -0.2685 -0.9631 0.0158
vn -0.2431 -0.9699 0.0111
vn -0.2430 -0.9698 0.0188
vn -0.2224 -0.9748 0.0167
vn -0.2192 -0.9755 0.0209
vn -0.1947 -0.9806 0.0210
vn -0.1938 -0.9810 0.0131
vn -0.1683 -0.9855 0.0208
vn -0.1669 -0.9859 0.0141
vn -0.1430 -0.9896 0.0143
vn -0.1429 -0.9895 0.0206
vn -0.1163 -0.9930 0.0207
vn -0.1159 -0.9932 0.0145
vn -0.0868 -0.9960 0.0208
vn -0.0860 -0.9962 0.0146
vn -0.0529 -0.9984 0.0220
vn -0.0516 -0.9985 0.0157
vn -0.4303 -0.9027 0.0043
vn -0.3869 -0.9221 0.0072
vn -0.3860 -0.9224 0.0134
vn -0.3518 -0.9360 0.0110
vn -0.3513 -0.9361 0.0169
vn -0.3207 -0.9471 0.0144
vn -0.3203 -0.9471 0.0210
vn -0.2931 -0.9557 0.0255
vn -0.2933 -0.9559 0.0174
vn -0.2724 -0.9618 0.0257
vn -0.2625 -0.9647 0.0200
vn -0.2420 -0.9697 0.0339
vn -0.2417 -0.9702 0.0192
vn -0.2180 -0.9753 0.0354
vn -0.2178 -0.9758 0.0212
vn -0.1932 -0.9809 0.0224
vn -0.1931 -0.9809 0.0223
vn -0.1694 -0.9849 0.0351
vn -0.1686 -0.9854 0.0242
vn -0.1447 -0.9889 0.0345
vn -0.1454 -0.9890 0.0258
vn -0.1173 -0.9928 0.0223
vn -0.0880 -0.9959 0.0224
vn -0.0879 -0.9959 0.0225
vn -0.0547 -0.9982 0.0240
vn -0.4218 -0.9065 0.0162
vn -0.4219 -0.9065 0.0162
vn -0.3829 -0.9236 0.0168
vn -0.3829 -0.9236 0.0167
vn -0.3494 -0.9368 0.0197
vn -0.3493 -0.9368 0.0195
vn -0.3191 -0.9474 0.0234
vn -0.3191 -0.9474 0.0233
vn -0.2918 -0.9561 0.0273
vn -0.2918 -0.9561 0.0272
vn -0.2660 -0.9635 0.0314
vn -0.2663 -0.9634 0.0306
vn -0.2413 -0.9699 0.0340
vn -0.2419 -0.9698 0.0325
vn -0.2166 -0.9756 0.0344
vn -0.2161 -0.9757 0.0358
vn -0.1930 -0.9805 0.0368
vn -0.1930 -0.9805 0.0365
vn -0.1931 -0.9805 0.0366
vn -0.1930 -0.9805 0.0370
vn -0.1696 -0.9848 0.0367
vn -0.1694 -0.9848 0.0371
vn -0.1453 -0.9887 0.0366
vn -0.1195 -0.9922 0.0362
vn -0.1196 -0.9922 0.0365
vn -0.1195 -0.9922 0.0363
vn -0.0914 -0.9951 0.0367
vn -0.0597 -0.9975 0.0391
vn -0.0598 -0.9974 0.0391
vn -0.0597 -0.9974 0.0391
vn -0.4127 -0.9103 0.0325
vn -0.4128 -0.9103 0.0325
vn -0.4128 -0.9102 0.0325
vn -0.3764 -0.9258 0.0338
vn -0.3444 -0.9381 0.0372
vn -0.3444 -0.9381 0.0371
vn -0.3152 -0.9481 0.0413
vn -0.3150 -0.9482 0.0418
vn -0.3153 -0.9481 0.0412
vn -0.3153 -0.9481 0.0413
vn -0.2889 -0.9563 0.0457
vn -0.2888 -0.9563 0.0461
vn -0.2893 -0.9562 0.0450
vn -0.2889 -0.9563 0.0456
vn -0.2640 -0.9633 0.0492
vn -0.2641 -0.9632 0.0493
vn -0.2641 -0.9632 0.0494
vn -0.2398 -0.9694 0.0522
vn -0.2399 -0.9694 0.0526
vn -0.2151 -0.9750 0.0549
vn -0.2152 -0.9750 0.0551
vn -0.2152 -0.9750 0.0550
vn -0.2151 -0.9750 0.0548
vn -0.1924 -0.9797 0.0562
vn -0.1924 -0.9797 0.0561
vn -0.1922 -0.9798 0.0558
vn -0.1692 -0.9840 0.0563
vn -0.1692 -0.9840 0.0564
vn -0.1693 -0.9840 0.0564
vn -0.1458 -0.9877 0.0564
vn -0.1456 -0.9877 0.0567
vn -0.1458 -0.9877 0.0562
vn -0.1458 -0.9877 0.0561
vn -0.1213 -0.9911 0.0554
vn -0.1209 -0.9911 0.0560
vn -0.0942 -0.9940 0.0561
vn -0.0648 -0.9963 0.0571
vn -0.0645 -0.9962 0.0582
vn -0.0644 -0.9962 0.0582
vn -0.4042 -0.9130 0.0558
vn -0.4041 -0.9130 0.0558
vn -0.3705 -0.9269 0.0591
vn -0.3403 -0.9382 0.0630
vn -0.3403 -0.9382 0.0631
vn -0.3119 -0.9478 0.0670
vn -0.3117 -0.9478 0.0673
vn -0.3119 -0.9478 0.0669
vn -0.3119 -0.9477 0.0668
vn -0.2861 -0.9556 0.0711
vn -0.2860 -0.9556 0.0710
vn -0.2861 -0.9556 0.0710
vn -0.2617 -0.9623 0.0748
vn -0.2625 -0.9621 0.0732
vn -0.2620 -0.9622 0.0741
vn -0.2377 -0.9682 0.0775
vn -0.2376 -0.9683 0.0773
vn -0.2135 -0.9737 0.0799
vn -0.2135 -0.9737 0.0800
vn -0.2137 -0.9737 0.0796
vn -0.2137 -0.9737 0.0795
vn -0.1905 -0.9783 0.0817
vn -0.1904 -0.9783 0.0815
vn -0.1905 -0.9783 0.0818
vn -0.1905 -0.9783 0.0820
vn -0.1675 -0.9824 0.0830
vn -0.1676 -0.9823 0.0835
vn -0.1677 -0.9823 0.0831
vn -0.1675 -0.9824 0.0829
vn -0.1447 -0.9860 0.0832
vn -0.1447 -0.9860 0.0831
vn -0.1448 -0.9860 0.0832
vn -0.1207 -0.9892 0.0831
vn -0.1206 -0.9892 0.0834
vn -0.1202 -0.9892 0.0839
vn -0.0952 -0.9920 0.0833
vn -0.0677 -0.9942 0.0838
vn -0.4326 -0.8983 -0.0774
vn -0.4325 -0.8983 -0.0774
vn -0.3978 -0.9141 -0.0786
vn -0.3673 -0.9263 -0.0835
vn -0.3674 -0.9263 -0.0836
vn -0.3674 -0.9263 -0.0837
vn -0.3378 -0.9373 -0.0862
vn -0.3379 -0.9372 -0.0866
vn -0.3379 -0.9372 -0.0867
vn -0.3380 -0.9372 -0.0866
vn -0.3097 -0.9466 -0.0896
vn -0.3097 -0.9466 -0.0895
vn -0.3097 -0.9466 -0.0897
vn -0.3099 -0.9465 -0.0897
vn -0.2841 -0.9543 -0.0924
vn -0.2840 -0.9543 -0.0924
vn -0.2840 -0.9543 -0.0925
vn -0.2839 -0.9544 -0.0926
vn -0.2594 -0.9612 -0.0941
vn -0.2597 -0.9610 -0.0953
vn -0.2358 -0.9669 -0.0972
vn -0.2357 -0.9669 -0.0978
vn -0.2114 -0.9723 -0.1001
vn -0.2110 -0.9725 -0.0989
vn -0.2113 -0.9723 -0.1001
vn -0.2115 -0.9722 -0.1003
vn -0.1881 -0.9769 -0.1017
vn -0.1882 -0.9768 -0.1021
vn -0.1882 -0.9768 -0.1020
vn -0.1653 -0.9807 -0.1044
vn -0.1654 -0.9807 -0.1041
vn -0.1427 -0.9842 -0.1051
vn -0.1426 -0.9842 -0.1053
vn -0.1427 -0.9842 -0.1053
vn -0.1428 -0.9842 -0.1051
vn -0.1182 -0.9873 -0.1060
vn -0.1179 -0.9875 -0.1048
vn -0.1182 -0.9873 -0.1064
vn -0.1183 -0.9873 -0.1063
vn -0.0936 -0.9898 -0.1076
vn -0.0936 -0.9898 -0.1075
vn -0.0688 -0.9920 -0.1056
vn -0.0688 -0.9920 -0.1055
vn -0.0408 -0.9934 -0.1070
vn -0.0407 -0.9934 -0.1072
vn -0.0375 -0.9965 -0.0744
vn -0.0312 -0.9982 -0.0510
vn -0.0311 -0.9982 -0.0509
vn -0.0311 -0.9982 -0.0510
vn -0.0237 -0.9992 -0.0319
vn -0.0160 -0.9998 -0.0152
vn -0.0159 -0.9998 -0.0151
vn -0.0036 -1.0000 0.0016
vn -0.0071 -1.0000 -0.0016
vn -0.0022 -1.0000 0.0005
vn 0.0034 -1.0000 0.0054
vn 0.0030 -1.0000 0.0042
vn 0.0059 -1.0000 0.0058
vn 0.0060 -1.0000 0.0056
vn 0.0038 -1.0000 0.0081
vn 0.0030 -1.0000 0.0080
vn -0.0013 -0.9999 0.0134
vn -0.0018 -0.9999 0.0122
vn -0.0047 -0.9999 0.0164
vn -0.0046 -0.9999 0.0164
vn -0.0129 -0.9995 0.0281
vn -0.0129 -0.9995 0.0282
vn -0.0217 -0.9987 0.0453
vn -0.0216 -0.9987 0.0452
vn -0.0216 -0.9987 0.0451
vn -0.0295 -0.9974 0.0656
vn -0.0358 -0.9953 0.0897
vn -0.0393 -0.9917 0.1225
vn -0.0674 -0.9904 0.1208
vn -0.0675 -0.9903 0.1213
vn -0.0920 -0.9882 0.1223
vn -0.0920 -0.9882 0.1222
vn -0.0920 -0.9883 0.1221
vn -0.0921 -0.9883 0.1217
vn -0.1164 -0.9858 0.1214
vn -0.1163 -0.9857 0.1216
vn -0.1167 -0.9858 0.1208
vn -0.1168 -0.9858 0.1206
vn -0.1413 -0.9827 0.1197
vn -0.1411 -0.9827 0.1200
vn -0.1412 -0.9827 0.1197
vn -0.1410 -0.9827 0.1197
vn -0.1641 -0.9794 0.1175
vn -0.1870 -0.9756 0.1153
vn -0.1872 -0.9756 0.1149
vn -0.1869 -0.9755 0.1160
vn -0.1865 -0.9755 0.1167
vn -0.2103 -0.9710 0.1138
vn -0.2104 -0.9709 0.1139
vn -0.2108 -0.9709 0.1141
vn -0.2103 -0.9710 0.1137
vn -0.2346 -0.9657 0.1114
vn -0.2346 -0.9657 0.1113
vn -0.2591 -0.9597 0.1086
vn -0.2590 -0.9598 0.1086
vn -0.2590 -0.9597 0.1086
vn -0.2835 -0.9531 0.1057
vn -0.2829 -0.9532 0.1069
vn -0.2835 -0.9531 0.1058
vn -0.2836 -0.9531 0.1053
vn -0.3093 -0.9454 0.1025
vn -0.3093 -0.9454 0.1026
vn -0.3376 -0.9360 0.0995
vn -0.3376 -0.9360 0.0996
vn -0.3672 -0.9251 0.0964
vn -0.3673 -0.9251 0.0964
vn -0.3671 -0.9251 0.0966
vn -0.3670 -0.9251 0.0970
vn -0.3978 -0.9129 0.0915
vn -0.3978 -0.9129 0.0916
vn -0.4325 -0.8971 0.0903
vn -0.4326 -0.8971 0.0903
vn -0.4432 -0.8945 0.0585
vn -0.4555 -0.8895 0.0369
vn -0.4681 -0.8834 0.0203
vn -0.4681 -0.8835 0.0204
vn -0.4796 -0.8775 0.0074
vn -0.4828 -0.8757 0.0067
vn -0.4859 -0.8740 0.0009
vn -0.4923 -0.8704 0.0016
vn -0.4925 -0.8703 -0.0018
vn -0.4984 -0.8669 0.0009
vn -0.4976 -0.8674 -0.0015
vn -0.4993 -0.8664 0.0076
vn -0.4986 -0.8668 0.0012
vn -0.4967 -0.8679 0.0092
vn -0.4980 -0.8671 0.0102
vn -0.4925 -0.8702 0.0131
vn -0.4918 -0.8707 0.0099
vn -0.4836 -0.8753 0.0057
vn -0.4830 -0.8756 0.0079
vn -0.4786 -0.8780 0.0033
vn -0.4672 -0.8841 -0.0090
vn -0.4548 -0.8902 -0.0250
vn -0.4549 -0.8902 -0.0250
vn -0.4428 -0.8954 -0.0460
vn -0.4428 -0.8955 -0.0460
vn 0.5320 0.8385 -0.1174
vn 0.5320 0.8385 -0.1176
vn 0.5321 0.8385 -0.1176
vn 0.5739 0.8024 -0.1633
vn 0.5739 0.8025 -0.1633
vn 0.6132 0.7610 -0.2117
vn 0.6498 0.7124 -0.2650
vn 0.6498 0.7125 -0.2650
vn 0.6802 0.6587 -0.3216
vn 0.7024 0.6003 -0.3824
vn 0.7138 0.5394 -0.4467
vn 0.7135 0.5388 -0.4478
vn 0.7136 0.5389 -0.4477
vn 0.5590 0.8252 -0.0816
vn 0.5594 0.8249 -0.0820
vn 0.5594 0.8248 -0.0820
vn 0.6126 0.7810 -0.1216
vn 0.6126 0.7809 -0.1218
vn 0.6127 0.7809 -0.1219
vn 0.6638 0.7287 -0.1682
vn 0.6639 0.7287 -0.1682
vn 0.7109 0.6681 -0.2197
vn 0.7108 0.6682 -0.2197
vn 0.7501 0.6014 -0.2752
vn 0.7500 0.6014 -0.2752
vn 0.7501 0.6013 -0.2752
vn 0.7786 0.5298 -0.3362
vn 0.7933 0.4568 -0.4025
vn 0.7933 0.4568 -0.4026
vn 0.5831 0.8105 -0.0549
vn 0.5831 0.8105 -0.0550
vn 0.5831 0.8105 -0.0552
vn 0.6454 0.7589 -0.0861
vn 0.6454 0.7590 -0.0861
vn 0.7072 0.6957 -0.1258
vn 0.7073 0.6957 -0.1258
vn 0.7642 0.6214 -0.1728
vn 0.7643 0.6213 -0.1728
vn 0.8109 0.5401 -0.2250
vn 0.8109 0.5402 -0.2250
vn 0.8439 0.4547 -0.2848
vn 0.8439 0.4546 -0.2848
vn 0.8599 0.3699 -0.3517
vn 0.8599 0.3700 -0.3516
vn 0.6040 0.7963 -0.0338
vn 0.6040 0.7963 -0.0337
vn 0.6734 0.7371 -0.0564
vn 0.6735 0.7370 -0.0568
vn 0.6734 0.7371 -0.0567
vn 0.6734 0.7371 -0.0568
vn 0.7436 0.6629 -0.0877
vn 0.7437 0.6627 -0.0877
vn 0.8084 0.5749 -0.1268
vn 0.8084 0.5748 -0.1268
vn 0.8083 0.5749 -0.1268
vn 0.8606 0.4789 -0.1730
vn 0.8961 0.3790 -0.2308
vn 0.8962 0.3790 -0.2308
vn 0.6211 0.7835 -0.0185
vn 0.6202 0.7842 -0.0193
vn 0.6959 0.7173 -0.0351
vn 0.6962 0.7171 -0.0345
vn 0.7720 0.6331 -0.0567
vn 0.7719 0.6332 -0.0565
vn 0.8409 0.5344 -0.0858
vn 0.8408 0.5345 -0.0858
vn 0.8409 0.5343 -0.0858
vn 0.6345 0.7729 -0.0102
vn 0.6376 0.7703 -0.0047
vn 0.6352 0.7723 -0.0097
vn 0.6335 0.7737 -0.0087
vn 0.7122 0.7018 -0.0178
vn 0.7125 0.7014 -0.0178
vn 0.7125 0.7015 -0.0178
vn 0.7912 0.6109 -0.0306
vn 0.7911 0.6109 -0.0306
vn 0.8623 0.5041 -0.0483
vn 0.8623 0.5041 -0.0484
vn 0.4056 0.0998 -0.9086
vn 0.4052 0.0990 -0.9089
vn 0.4051 0.0991 -0.9089
vn 0.4270 0.0211 -0.9040
vn 0.4271 0.0211 -0.9040
vn 0.4275 0.0223 -0.9038
vn 0.4269 0.0212 -0.9041
vn 0.4475 -0.0356 -0.8936
vn 0.4474 -0.0356 -0.8936
vn 0.4475 -0.0355 -0.8936
vn 0.4843 0.1633 -0.8595
vn 0.4842 0.1633 -0.8596
vn 0.4843 0.1634 -0.8595
vn 0.5201 0.0718 -0.8511
vn 0.5203 0.0724 -0.8509
vn 0.5204 0.0727 -0.8508
vn 0.5204 0.0723 -0.8508
vn 0.5488 -0.0067 -0.8359
vn 0.5487 -0.0066 -0.8360
vn 0.5726 -0.0679 -0.8170
vn 0.5726 -0.0680 -0.8170
vn 0.5540 0.2265 -0.8011
vn 0.6052 0.1310 -0.7852
vn 0.6053 0.1310 -0.7852
vn 0.6454 0.0396 -0.7628
vn 0.6453 0.0397 -0.7629
vn 0.6455 0.0399 -0.7627
vn 0.6455 0.0396 -0.7627
vn 0.6754 -0.0413 -0.7363
vn 0.6754 -0.0412 -0.7363
vn 0.6753 -0.0411 -0.7364
vn 0.6142 0.2905 -0.7337
vn 0.6142 0.2906 -0.7337
vn 0.6775 0.1927 -0.7098
vn 0.6776 0.1927 -0.7097
vn 0.6776 0.1927 -0.7098
vn 0.7285 0.0930 -0.6787
vn 0.7284 0.0930 -0.6788
vn 0.7285 0.0931 -0.6787
vn 0.7286 0.0931 -0.6786
vn 0.7648 -0.0021 -0.6443
vn 0.7649 -0.0021 -0.6442
vn 0.7647 -0.0022 -0.6444
vn 0.7647 -0.0021 -0.6444
vn 0.6610 0.3530 -0.6622
vn 0.7332 0.2549 -0.6304
vn 0.7332 0.2550 -0.6304
vn 0.7919 0.1518 -0.5915
vn 0.7919 0.1519 -0.5914
vn 0.8332 0.0481 -0.5509
vn 0.8332 0.0481 -0.5508
vn 0.8331 0.0481 -0.5510
vn 0.6935 0.4151 -0.5888
vn 0.7715 0.3200 -0.5499
vn 0.7715 0.3201 -0.5499
vn 0.8351 0.2190 -0.5047
vn 0.8351 0.2190 -0.5046
vn 0.4050 0.0811 0.9107
vn 0.4051 0.0810 0.9107
vn 0.4051 0.0809 0.9107
vn 0.4872 0.1488 0.8605
vn 0.4873 0.1487 0.8605
vn 0.5595 0.2155 0.8003
vn 0.5596 0.2154 0.8003
vn 0.5594 0.2157 0.8004
vn 0.6216 0.2828 0.7305
vn 0.6693 0.3480 0.6565
vn 0.7020 0.4121 0.5808
vn 0.7021 0.4121 0.5808
vn 0.7191 0.4757 0.5066
vn 0.4256 0.0013 0.9049
vn 0.4256 0.0014 0.9049
vn 0.5216 0.0550 0.8514
vn 0.5216 0.0546 0.8514
vn 0.5216 0.0548 0.8514
vn 0.6094 0.1166 0.7842
vn 0.6095 0.1165 0.7841
vn 0.6093 0.1168 0.7843
vn 0.6840 0.1817 0.7065
vn 0.6839 0.1818 0.7066
vn 0.7408 0.2471 0.6246
vn 0.7408 0.2470 0.6246
vn 0.7793 0.3150 0.5418
vn 0.7987 0.3845 0.4628
vn 0.7987 0.3846 0.4628
vn 0.4452 -0.0594 0.8934
vn 0.4452 -0.0593 0.8935
vn 0.4453 -0.0594 0.8934
vn 0.5491 -0.0249 0.8354
vn 0.5492 -0.0251 0.8353
vn 0.5490 -0.0248 0.8355
vn 0.6478 0.0225 0.7615
vn 0.7332 0.0794 0.6754
vn 0.7331 0.0796 0.6755
vn 0.7332 0.0795 0.6754
vn 0.7333 0.0793 0.6753
vn 0.7979 0.1415 0.5859
vn 0.8417 0.2117 0.4968
vn 0.8416 0.2117 0.4968
vn 0.8638 0.2879 0.4135
vn 0.4644 -0.1041 0.8795
vn 0.4643 -0.1040 0.8795
vn 0.5716 -0.0889 0.8157
vn 0.5715 -0.0888 0.8158
vn 0.5716 -0.0890 0.8157
vn 0.5717 -0.0891 0.8156
vn 0.6758 -0.0603 0.7346
vn 0.6758 -0.0604 0.7346
vn 0.6758 -0.0602 0.7346
vn 0.6757 -0.0601 0.7347
vn 0.7671 -0.0182 0.6412
vn 0.7671 -0.0182 0.6413
vn 0.7672 -0.0182 0.6412
vn 0.8365 0.0353 0.5468
vn 0.8365 0.0354 0.5468
vn 0.8861 0.1045 0.4516
vn 0.9124 0.1900 0.3626
vn 0.9124 0.1899 0.3625
vn 0.5328 0.8397 0.1050
vn 0.5328 0.8396 0.1053
vn 0.5594 0.8260 0.0695
vn 0.5595 0.8259 0.0696
vn 0.5594 0.8259 0.0696
vn 0.5828 0.8115 0.0430
vn 0.5831 0.8112 0.0433
vn 0.5829 0.8114 0.0430
vn 0.6035 0.7970 0.0223
vn 0.6035 0.7971 0.0222
vn 0.6034 0.7971 0.0220
vn 0.6205 0.7842 0.0075
vn 0.6205 0.7841 0.0075
vn 0.6379 0.7701 -0.0069
vn 0.6330 0.7741 -0.0019
vn 0.6331 0.7741 -0.0019
vn 0.6359 0.7718 -0.0021
vn 0.6400 0.7684 -0.0054
vn 0.6400 0.7684 -0.0052
vn 0.5756 0.8037 0.1508
vn 0.5755 0.8038 0.1508
vn 0.6136 0.7820 0.1093
vn 0.6137 0.7819 0.1093
vn 0.6458 0.7599 0.0739
vn 0.6459 0.7599 0.0740
vn 0.6729 0.7383 0.0458
vn 0.6734 0.7379 0.0451
vn 0.6730 0.7383 0.0450
vn 0.6961 0.7176 0.0232
vn 0.6959 0.7177 0.0233
vn 0.6959 0.7178 0.0232
vn 0.7116 0.7025 0.0068
vn 0.7122 0.7020 0.0070
vn 0.7122 0.7019 0.0070
vn 0.7123 0.7019 0.0070
vn 0.7210 0.6930 -0.0040
vn 0.7210 0.6929 -0.0031
vn 0.7217 0.6922 -0.0072
vn 0.6160 0.7621 0.1994
vn 0.6659 0.7296 0.1558
vn 0.7086 0.6964 0.1137
vn 0.7085 0.6964 0.1137
vn 0.7086 0.6963 0.1137
vn 0.7444 0.6634 0.0760
vn 0.7444 0.6634 0.0759
vn 0.7725 0.6334 0.0446
vn 0.7722 0.6338 0.0453
vn 0.7722 0.6337 0.0453
vn 0.7915 0.6108 0.0199
vn 0.7912 0.6112 0.0198
vn 0.7990 0.6013 -0.0027
vn 0.8001 0.5998 -0.0092
vn 0.8008 0.5989 0.0009
vn 0.8009 0.5988 0.0009
vn 0.6537 0.7133 0.2529
vn 0.6536 0.7133 0.2529
vn 0.6537 0.7132 0.2529
vn 0.7141 0.6685 0.2076
vn 0.7668 0.6214 0.1608
vn 0.7668 0.6215 0.1608
vn 0.8101 0.5749 0.1151
vn 0.8101 0.5748 0.1151
vn 0.8102 0.5748 0.1151
vn 0.8420 0.5343 0.0748
vn 0.8628 0.5041 0.0380
vn 0.8629 0.5040 0.0379
vn 0.8627 0.5043 0.0379
vn 0.8628 0.5040 0.0379
vn 0.8729 0.4879 0.0075
vn 0.8732 0.4874 0.0070
vn 0.8727 0.4882 0.0071
vn 0.8731 0.4874 0.0069
vn 0.6853 0.6590 0.3100
vn 0.7545 0.6011 0.2634
vn 0.8146 0.5393 0.2133
vn 0.8627 0.4791 0.1616
vn 0.8627 0.4792 0.1616
vn 0.7086 0.5999 0.3714
vn 0.7086 0.6000 0.3714
vn 0.7843 0.5285 0.3250
vn 0.8487 0.4526 0.2738
vn 0.8486 0.4526 0.2738
vn 0.8487 0.4525 0.2738
vn 0.8994 0.3783 0.2191
vn 0.8994 0.3784 0.2191
vn 0.7112 0.4773 -0.5162
vn 0.7112 0.4772 -0.5162
vn 0.7913 0.3879 -0.4726
vn 0.7914 0.3878 -0.4726
vn 0.7913 0.3878 -0.4726
vn 0.8575 0.2927 -0.4231
vn 0.8575 0.2928 -0.4231
vn 0.7209 0.5376 0.4374
vn 0.7214 0.5379 0.4362
vn 0.7208 0.5377 0.4374
vn 0.7998 0.4545 0.3921
vn 0.7999 0.4545 0.3920
vn 0.7999 0.4546 0.3918
vn 0.8656 0.3664 0.3414
vn 0.8656 0.3663 0.3414
vn 0.9164 0.2789 0.2871
vn 0.7210 0.6929 -0.0072
vn 0.7211 0.6928 -0.0074
vn 0.8010 0.5986 -0.0113
vn 0.8727 0.4880 -0.0173
vn 0.8729 0.4875 -0.0171
vn 0.8727 0.4879 -0.0170
vn 0.8730 0.4875 -0.0171
vn 0.4691 0.8756 -0.1155
vn 0.4690 0.8756 -0.1156
vn 0.4984 0.8518 -0.1613
vn 0.5268 0.8248 -0.2054
vn 0.5269 0.8248 -0.2054
vn 0.5556 0.7920 -0.2529
vn 0.5556 0.7921 -0.2529
vn 0.5825 0.7527 -0.3068
vn 0.6044 0.7089 -0.3634
vn 0.6045 0.7089 -0.3634
vn 0.6045 0.7088 -0.3634
vn 0.6198 0.6611 -0.4228
vn 0.6267 0.6096 -0.4855
vn 0.6267 0.6097 -0.4854
vn 0.6266 0.6096 -0.4855
vn 0.4882 0.8693 -0.0773
vn 0.4877 0.8695 -0.0778
vn 0.5055 0.8612 -0.0526
vn 0.5229 0.8517 -0.0331
vn 0.5230 0.8517 -0.0331
vn 0.5384 0.8425 -0.0176
vn 0.5383 0.8426 -0.0172
vn 0.5540 0.8325 -0.0074
vn 0.5509 0.8345 -0.0070
vn 0.5569 0.8306 -0.0021
vn 0.5624 0.8269 -0.0016
vn 0.5621 0.8270 -0.0045
vn 0.5639 0.8258 -0.0049
vn 0.5644 0.8255 -0.0067
vn 0.3120 0.1219 -0.9422
vn 0.3121 0.1219 -0.9422
vn 0.3197 0.0424 -0.9466
vn 0.3197 0.0423 -0.9466
vn 0.3332 -0.0113 -0.9428
vn 0.3332 -0.0114 -0.9428
vn 0.3678 -0.0202 -0.9297
vn 0.3777 0.1945 -0.9053
vn 0.4361 0.2568 -0.8625
vn 0.4914 0.3179 -0.8108
vn 0.4914 0.3179 -0.8109
vn 0.4914 0.3178 -0.8109
vn 0.5409 0.3817 -0.7495
vn 0.5797 0.4424 -0.6843
vn 0.5797 0.4423 -0.6843
vn 0.6070 0.5000 -0.6177
vn 0.6227 0.5559 -0.5507
vn 0.3106 0.1037 0.9449
vn 0.3107 0.1038 0.9448
vn 0.3105 0.1038 0.9449
vn 0.3108 0.1038 0.9448
vn 0.3794 0.1806 0.9074
vn 0.4401 0.2461 0.8636
vn 0.4401 0.2461 0.8635
vn 0.4975 0.3100 0.8102
vn 0.5485 0.3770 0.7464
vn 0.5485 0.3769 0.7464
vn 0.5882 0.4398 0.6787
vn 0.6156 0.4992 0.6098
vn 0.6309 0.5558 0.5414
vn 0.6309 0.5559 0.5413
vn 0.6308 0.5559 0.5413
vn 0.3165 0.0212 0.9484
vn 0.3294 -0.0335 0.9436
vn 0.3448 -0.0758 0.9356
vn 0.3921 -0.0564 0.9182
vn 0.3916 -0.0577 0.9183
vn 0.4696 0.8769 0.1028
vn 0.4698 0.8768 0.1028
vn 0.4695 0.8769 0.1028
vn 0.4876 0.8706 0.0652
vn 0.4883 0.8703 0.0651
vn 0.5050 0.8622 0.0403
vn 0.5223 0.8525 0.0214
vn 0.5376 0.8432 0.0060
vn 0.5376 0.8432 0.0061
vn 0.5532 0.8330 -0.0030
vn 0.5562 0.8310 -0.0081
vn 0.5503 0.8350 -0.0037
vn 0.5502 0.8350 -0.0037
vn 0.5613 0.8276 -0.0067
vn 0.5627 0.8266 -0.0086
vn 0.4998 0.8532 0.1489
vn 0.4999 0.8532 0.1489
vn 0.5291 0.8263 0.1931
vn 0.5589 0.7935 0.2407
vn 0.5868 0.7541 0.2950
vn 0.5868 0.7540 0.2950
vn 0.5869 0.7540 0.2950
vn 0.6100 0.7098 0.3522
vn 0.6100 0.7099 0.3522
vn 0.6264 0.6617 0.4121
vn 0.6340 0.6099 0.4755
vn 0.6340 0.6098 0.4755
vn -0.2482 0.2128 -0.9450
vn -0.2482 0.2129 -0.9450
vn -0.2644 0.1777 -0.9479
vn -0.2644 0.1778 -0.9479
vn -0.2828 0.0826 -0.9556
vn -0.2811 0.0818 -0.9562
vn -0.2786 0.0854 -0.9566
vn -0.2176 0.2044 -0.9544
vn -0.2176 0.2045 -0.9544
vn -0.2324 0.1650 -0.9585
vn -0.2324 0.1649 -0.9585
vn -0.2326 0.1648 -0.9585
vn -0.2751 0.0865 -0.9575
vn -0.1881 0.1971 -0.9622
vn -0.1888 0.1958 -0.9623
vn -0.1881 0.1970 -0.9622
vn -0.2018 0.1555 -0.9670
vn -0.2017 0.1555 -0.9670
vn -0.2148 0.0819 -0.9732
vn -0.2148 0.0818 -0.9732
vn -0.2088 0.0872 -0.9741
vn -0.2080 0.0836 -0.9745
vn -0.1592 0.1893 -0.9689
vn -0.1592 0.1894 -0.9689
vn -0.1590 0.1899 -0.9688
vn -0.1721 0.1478 -0.9739
vn -0.1721 0.1476 -0.9740
vn -0.1721 0.1477 -0.9739
vn -0.2028 0.0816 -0.9758
vn -0.1312 0.1814 -0.9746
vn -0.1312 0.1815 -0.9746
vn -0.1314 0.1818 -0.9745
vn -0.1314 0.1821 -0.9745
vn -0.1432 0.1398 -0.9798
vn -0.1431 0.1399 -0.9798
vn -0.1432 0.1399 -0.9798
vn -0.1430 0.1400 -0.9798
vn -0.1540 0.0517 -0.9867
vn -0.1518 0.0521 -0.9870
vn -0.1511 0.0535 -0.9871
vn -0.1540 0.0519 -0.9867
vn -0.1032 0.1719 -0.9797
vn -0.1031 0.1712 -0.9798
vn -0.1031 0.1724 -0.9796
vn -0.1031 0.1726 -0.9796
vn -0.1142 0.1298 -0.9849
vn -0.1143 0.1305 -0.9848
vn -0.1143 0.1304 -0.9848
vn -0.1496 0.0519 -0.9874
vn -0.1509 0.0526 -0.9871
vn -0.0740 0.1610 -0.9842
vn -0.0741 0.1609 -0.9842
vn -0.0740 0.1611 -0.9842
vn -0.0744 0.1602 -0.9843
vn -0.0852 0.1185 -0.9893
vn -0.0852 0.1186 -0.9893
vn -0.0903 0.0348 -0.9953
vn -0.0938 0.0348 -0.9950
vn -0.0937 0.0347 -0.9950
vn -0.0873 0.0331 -0.9956
vn -0.0434 0.1479 -0.9881
vn -0.0434 0.1478 -0.9881
vn -0.0538 0.1050 -0.9930
vn -0.0538 0.1049 -0.9930
vn -0.0538 0.1051 -0.9930
vn -0.0850 0.0319 -0.9959
vn -0.0123 0.1335 -0.9910
vn -0.0123 0.1336 -0.9910
vn -0.0225 0.0895 -0.9957
vn -0.0225 0.0894 -0.9957
vn -0.0287 0.0572 -0.9980
vn -0.0287 0.0573 -0.9979
vn 0.0195 0.1173 -0.9929
vn 0.0098 0.0719 -0.9974
vn 0.0098 0.0718 -0.9974
vn 0.0099 0.0718 -0.9974
vn 0.0049 0.0190 -0.9998
vn 0.0539 0.0991 -0.9936
vn 0.0539 0.0990 -0.9936
vn 0.0540 0.0990 -0.9936
vn 0.0451 0.0520 -0.9976
vn 0.0340 0.0071 -0.9994
vn 0.0343 0.0072 -0.9994
vn 0.0341 0.0069 -0.9994
vn 0.0337 0.0066 -0.9994
vn 0.0927 0.0795 -0.9925
vn 0.0927 0.0794 -0.9925
vn 0.0851 0.0311 -0.9959
vn 0.0834 -0.0070 -0.9965
vn 0.0838 -0.0083 -0.9964
vn 0.1351 0.0585 -0.9891
vn 0.1302 0.0099 -0.9914
vn 0.1301 0.0099 -0.9915
vn 0.1301 0.0098 -0.9915
vn 0.1830 0.0371 -0.9824
vn 0.1830 0.0372 -0.9824
vn 0.1835 -0.0093 -0.9830
vn -0.2592 0.2762 -0.9255
vn -0.2592 0.2761 -0.9255
vn -0.2801 0.2311 -0.9317
vn -0.2977 0.2018 -0.9331
vn -0.2977 0.2017 -0.9331
vn -0.2976 0.2018 -0.9331
vn -0.3722 0.0976 -0.9230
vn -0.3722 0.0975 -0.9230
vn 0.2274 -0.0339 -0.9732
vn 0.2498 -0.0198 -0.9681
vn 0.2499 -0.0198 -0.9681
vn 0.2423 0.0243 -0.9699
vn 0.2437 0.0877 -0.9659
vn 0.2438 0.0877 -0.9659
vn 0.2438 0.0878 -0.9658
vn 0.2437 0.0878 -0.9659
vn 0.1926 0.1059 -0.9756
vn 0.1926 0.1059 -0.9755
vn 0.1926 0.1058 -0.9756
vn 0.1507 0.1293 -0.9801
vn 0.1095 0.1472 -0.9830
vn 0.0702 0.1636 -0.9840
vn 0.0703 0.1637 -0.9840
vn 0.0702 0.1635 -0.9840
vn 0.0353 0.1789 -0.9832
vn 0.0353 0.1788 -0.9833
vn 0.0033 0.1926 -0.9813
vn 0.0032 0.1927 -0.9813
vn 0.0034 0.1925 -0.9813
vn 0.0035 0.1924 -0.9813
vn -0.0284 0.2068 -0.9780
vn -0.0283 0.2053 -0.9783
vn -0.0283 0.2051 -0.9783
vn -0.0285 0.2042 -0.9785
vn -0.0594 0.2174 -0.9743
vn -0.0596 0.2172 -0.9743
vn -0.0592 0.2173 -0.9743
vn -0.0594 0.2173 -0.9743
vn -0.0884 0.2280 -0.9696
vn -0.0884 0.2279 -0.9697
vn -0.1163 0.2374 -0.9644
vn -0.1163 0.2372 -0.9645
vn -0.1161 0.2377 -0.9644
vn -0.1162 0.2382 -0.9642
vn -0.1437 0.2461 -0.9585
vn -0.1437 0.2465 -0.9584
vn -0.1436 0.2465 -0.9584
vn -0.1436 0.2464 -0.9585
vn -0.1718 0.2549 -0.9516
vn -0.1719 0.2548 -0.9516
vn -0.1721 0.2544 -0.9517
vn -0.1723 0.2541 -0.9517
vn -0.2000 0.2627 -0.9439
vn -0.2000 0.2626 -0.9440
vn -0.2000 0.2628 -0.9439
vn -0.2286 0.2664 -0.9364
vn 0.1781 0.0156 0.9839
vn 0.1781 0.0155 0.9839
vn 0.1780 0.0156 0.9839
vn 0.1782 -0.0311 0.9835
vn 0.1782 -0.0312 0.9835
vn 0.1833 -0.0638 0.9810
vn 0.1868 -0.0468 0.9813
vn 0.1869 -0.0468 0.9813
vn 0.1302 0.0378 0.9908
vn 0.1249 -0.0112 0.9921
vn 0.1249 -0.0113 0.9921
vn 0.1259 -0.0441 0.9911
vn 0.1259 -0.0442 0.9911
vn 0.1459 -0.0404 0.9885
vn 0.0879 0.0593 0.9944
vn 0.0799 0.0106 0.9967
vn 0.0779 -0.0224 0.9967
vn 0.0787 -0.0239 0.9966
vn 0.0786 -0.0236 0.9966
vn 0.0793 -0.0251 0.9965
vn 0.0797 -0.0250 0.9965
vn 0.0492 0.0795 0.9956
vn 0.0492 0.0796 0.9956
vn 0.0400 0.0323 0.9987
vn 0.0400 0.0322 0.9987
vn 0.0387 -0.0035 0.9992
vn 0.0364 -0.0005 0.9993
vn 0.0398 -0.0078 0.9992
vn 0.0429 -0.0110 0.9990
vn 0.0431 -0.0108 0.9990
vn 0.0146 0.0984 0.9950
vn 0.0049 0.0527 0.9986
vn 0.0049 0.0528 0.9986
vn -0.0001 0.0202 0.9998
vn -0.0001 0.0203 0.9998
vn -0.0016 -0.0002 1.0000
vn -0.0019 -0.0001 1.0000
vn -0.0172 0.1152 0.9932
vn -0.0172 0.1151 0.9932
vn -0.0276 0.0708 0.9971
vn -0.0276 0.0707 0.9971
vn -0.0338 0.0386 0.9987
vn -0.0338 0.0385 0.9987
vn -0.0397 0.0119 0.9991
vn -0.0389 0.0110 0.9992
vn -0.0394 0.0116 0.9992
vn -0.0398 0.0121 0.9991
vn -0.0482 0.1292 0.9904
vn -0.0484 0.1299 0.9903
vn -0.0480 0.1317 0.9901
vn -0.0484 0.1297 0.9904
vn -0.0590 0.0863 0.9945
vn -0.0591 0.0863 0.9945
vn -0.0591 0.0862 0.9945
vn -0.0663 0.0542 0.9963
vn -0.0673 0.0528 0.9963
vn -0.0663 0.0543 0.9963
vn -0.0713 0.0218 0.9972
vn -0.0710 0.0220 0.9972
vn -0.0710 0.0216 0.9972
vn -0.0796 0.1427 0.9866
vn -0.0796 0.1423 0.9866
vn -0.0793 0.1426 0.9866
vn -0.0793 0.1427 0.9866
vn -0.0902 0.0997 0.9909
vn -0.0902 0.0998 0.9909
vn -0.0900 0.0985 0.9911
vn -0.0981 0.0678 0.9929
vn -0.0979 0.0683 0.9929
vn -0.0980 0.0680 0.9929
vn -0.0982 0.0678 0.9929
vn -0.1081 0.0375 0.9934
vn -0.1080 0.0372 0.9935
vn -0.1087 0.1536 0.9821
vn -0.1088 0.1534 0.9822
vn -0.1086 0.1537 0.9821
vn -0.1201 0.1118 0.9864
vn -0.1202 0.1117 0.9865
vn -0.1200 0.1114 0.9865
vn -0.1197 0.1126 0.9864
vn -0.1284 0.0793 0.9885
vn -0.1286 0.0798 0.9885
vn -0.1286 0.0797 0.9885
vn -0.1284 0.0794 0.9885
vn -0.1351 0.0461 0.9898
vn -0.1351 0.0460 0.9898
vn -0.1368 0.1630 0.9771
vn -0.1368 0.1628 0.9771
vn -0.1368 0.1631 0.9771
vn -0.1489 0.1201 0.9815
vn -0.1489 0.1203 0.9815
vn -0.1489 0.1202 0.9815
vn -0.1584 0.0893 0.9833
vn -0.1584 0.0895 0.9833
vn -0.1588 0.0919 0.9830
vn -0.1584 0.0894 0.9833
vn -0.1830 0.0364 0.9824
vn -0.1830 0.0365 0.9824
vn -0.1841 0.0373 0.9822
vn -0.1652 0.1704 0.9714
vn -0.1781 0.1276 0.9757
vn -0.1884 0.0973 0.9773
vn -0.1884 0.0974 0.9773
vn -0.1884 0.0972 0.9773
vn -0.1981 0.0371 0.9795
vn -0.1977 0.0375 0.9795
vn -0.1977 0.0374 0.9796
vn -0.1945 0.1774 0.9647
vn -0.1945 0.1775 0.9647
vn -0.2083 0.1346 0.9688
vn -0.2083 0.1346 0.9687
vn -0.2196 0.1053 0.9699
vn -0.2578 0.0395 0.9654
vn -0.2588 0.0376 0.9652
vn -0.2549 0.0383 0.9662
vn -0.2244 0.1841 0.9570
vn -0.2396 0.1427 0.9603
vn -0.2516 0.1154 0.9609
vn -0.2632 0.0355 0.9641
vn -0.2556 0.1919 0.9476
vn -0.2556 0.1919 0.9475
vn -0.2722 0.1542 0.9498
vn -0.2859 0.1300 0.9494
vn -0.3901 -0.0530 0.9192
vn -0.3901 -0.0529 0.9193
vn -0.3907 -0.0542 0.9189
vn 0.2403 0.0672 0.9684
vn 0.2403 0.0673 0.9684
vn 0.2377 0.0023 0.9713
vn 0.2377 0.0024 0.9713
vn 0.2447 -0.0423 0.9687
vn 0.2551 -0.0763 0.9639
vn 0.2551 -0.0762 0.9639
vn 0.2612 -0.0484 0.9641
vn -0.3390 0.1280 0.9320
vn -0.3390 0.1279 0.9321
vn -0.3393 0.1275 0.9320
vn -0.3065 0.1751 0.9356
vn -0.3065 0.1750 0.9357
vn -0.2876 0.2085 0.9348
vn -0.2876 0.2086 0.9348
vn -0.2667 0.2565 0.9290
vn -0.2666 0.2565 0.9290
vn -0.2362 0.2472 0.9397
vn -0.2362 0.2473 0.9397
vn -0.2070 0.2440 0.9474
vn -0.2070 0.2441 0.9474
vn -0.2069 0.2440 0.9474
vn -0.2068 0.2451 0.9472
vn -0.1781 0.2376 0.9549
vn -0.1784 0.2365 0.9551
vn -0.1496 0.2278 0.9621
vn -0.1497 0.2279 0.9621
vn -0.1497 0.2278 0.9621
vn -0.1496 0.2279 0.9621
vn -0.1220 0.2194 0.9680
vn -0.1219 0.2194 0.9680
vn -0.1221 0.2194 0.9680
vn -0.1220 0.2195 0.9680
vn -0.0936 0.2098 0.9733
vn -0.0936 0.2103 0.9731
vn -0.0943 0.2097 0.9732
vn -0.0934 0.2094 0.9734
vn -0.0645 0.1994 0.9778
vn -0.0645 0.1990 0.9779
vn -0.0645 0.1992 0.9778
vn -0.0645 0.1993 0.9778
vn -0.0334 0.1886 0.9815
vn -0.0332 0.1871 0.9818
vn -0.0332 0.1872 0.9818
vn -0.0018 0.1741 0.9847
vn -0.0017 0.1744 0.9847
vn -0.0023 0.1744 0.9847
vn 0.0305 0.1601 0.9866
vn 0.0307 0.1605 0.9866
vn 0.0307 0.1606 0.9865
vn 0.0306 0.1605 0.9866
vn 0.0660 0.1450 0.9872
vn 0.0660 0.1449 0.9872
vn 0.1051 0.1279 0.9862
vn 0.1052 0.1281 0.9862
vn 0.1053 0.1282 0.9861
vn 0.1468 0.1099 0.9830
vn 0.1468 0.1100 0.9830
vn 0.1888 0.0858 0.9783
vn 0.1889 0.0858 0.9782
vn 0.4112 0.8891 -0.2009
vn 0.3736 0.9055 -0.2014
vn 0.3396 0.9188 -0.2012
vn 0.3396 0.9188 -0.2013
vn 0.3082 0.9298 -0.2012
vn 0.3084 0.9299 -0.2007
vn 0.2795 0.9388 -0.2013
vn 0.2792 0.9390 -0.2008
vn 0.2795 0.9388 -0.2014
vn 0.2528 0.9461 -0.2025
vn 0.2528 0.9461 -0.2024
vn 0.2529 0.9460 -0.2028
vn 0.2529 0.9460 -0.2029
vn 0.2261 0.9525 -0.2040
vn 0.2262 0.9526 -0.2036
vn 0.2261 0.9526 -0.2036
vn 0.2261 0.9526 -0.2037
vn 0.1987 0.9577 -0.2081
vn 0.1993 0.9579 -0.2066
vn 0.1993 0.9579 -0.2065
vn 0.1735 0.9622 -0.2099
vn 0.1735 0.9622 -0.2098
vn 0.1736 0.9622 -0.2099
vn 0.1735 0.9622 -0.2100
vn 0.1483 0.9656 -0.2137
vn 0.1483 0.9656 -0.2136
vn 0.1225 0.9682 -0.2181
vn 0.0955 0.9703 -0.2224
vn 0.0672 0.9718 -0.2262
vn 0.0371 0.9728 -0.2285
vn 0.4246 0.8697 -0.2518
vn 0.3813 0.8882 -0.2565
vn 0.3813 0.8881 -0.2565
vn 0.3432 0.9033 -0.2574
vn 0.3087 0.9157 -0.2572
vn 0.3087 0.9157 -0.2571
vn 0.2777 0.9258 -0.2565
vn 0.2485 0.9340 -0.2565
vn 0.2485 0.9340 -0.2569
vn 0.2485 0.9341 -0.2564
vn 0.2199 0.9406 -0.2586
vn 0.2198 0.9406 -0.2586
vn 0.2199 0.9407 -0.2585
vn 0.1914 0.9461 -0.2613
vn 0.1914 0.9462 -0.2610
vn 0.1914 0.9461 -0.2612
vn 0.1913 0.9462 -0.2609
vn 0.1637 0.9504 -0.2644
vn 0.1365 0.9535 -0.2686
vn 0.1365 0.9535 -0.2687
vn 0.1365 0.9535 -0.2688
vn 0.1085 0.9557 -0.2735
vn 0.0791 0.9574 -0.2778
vn 0.0792 0.9574 -0.2778
vn 0.0482 0.9587 -0.2802
vn 0.0146 0.9601 -0.2792
vn 0.4383 0.8457 -0.3045
vn 0.3894 0.8664 -0.3127
vn 0.3469 0.8833 -0.3155
vn 0.3469 0.8832 -0.3155
vn 0.3090 0.8972 -0.3156
vn 0.2749 0.9083 -0.3153
vn 0.2746 0.9082 -0.3159
vn 0.2748 0.9083 -0.3155
vn 0.2749 0.9083 -0.3152
vn 0.2430 0.9172 -0.3157
vn 0.2425 0.9170 -0.3165
vn 0.2426 0.9171 -0.3163
vn 0.2430 0.9174 -0.3152
vn 0.2127 0.9240 -0.3177
vn 0.2126 0.9240 -0.3179
vn 0.2127 0.9241 -0.3176
vn 0.1816 0.9298 -0.3201
vn 0.1816 0.9296 -0.3208
vn 0.1812 0.9306 -0.3181
vn 0.1816 0.9298 -0.3200
vn 0.1518 0.9341 -0.3232
vn 0.1518 0.9341 -0.3231
vn 0.1518 0.9341 -0.3230
vn 0.1518 0.9342 -0.3230
vn 0.1224 0.9371 -0.3268
vn 0.1225 0.9371 -0.3268
vn 0.1224 0.9371 -0.3269
vn 0.0924 0.9391 -0.3311
vn 0.0608 0.9405 -0.3343
vn 0.0273 0.9419 -0.3348
vn -0.0114 0.9429 -0.3329
vn 0.4504 0.8166 -0.3610
vn 0.3964 0.8399 -0.3707
vn 0.3495 0.8587 -0.3748
vn 0.3495 0.8587 -0.3749
vn 0.3081 0.8738 -0.3761
vn 0.2711 0.8859 -0.3764
vn 0.2708 0.8859 -0.3767
vn 0.2362 0.8952 -0.3778
vn 0.2361 0.8951 -0.3781
vn 0.2362 0.8952 -0.3780
vn 0.2362 0.8952 -0.3779
vn 0.2027 0.9025 -0.3800
vn 0.2027 0.9024 -0.3802
vn 0.1700 0.9083 -0.3823
vn 0.1702 0.9084 -0.3820
vn 0.1701 0.9083 -0.3823
vn 0.1700 0.9083 -0.3822
vn 0.1383 0.9127 -0.3845
vn 0.1383 0.9127 -0.3846
vn 0.1068 0.9158 -0.3872
vn 0.0747 0.9177 -0.3902
vn 0.0747 0.9177 -0.3901
vn 0.0408 0.9190 -0.3921
vn 0.0044 0.9201 -0.3917
vn -0.0414 0.9197 -0.3904
vn -0.0413 0.9197 -0.3904
vn 0.4596 0.7838 -0.4177
vn 0.4009 0.8095 -0.4289
vn 0.3501 0.8298 -0.4346
vn 0.3500 0.8298 -0.4346
vn 0.3052 0.8458 -0.4376
vn 0.3053 0.8458 -0.4376
vn 0.3053 0.8457 -0.4376
vn 0.2647 0.8582 -0.4397
vn 0.2647 0.8582 -0.4398
vn 0.2274 0.8678 -0.4419
vn 0.2274 0.8678 -0.4418
vn 0.2274 0.8677 -0.4419
vn 0.1915 0.8752 -0.4443
vn 0.1916 0.8752 -0.4443
vn 0.1913 0.8760 -0.4428
vn 0.1913 0.8761 -0.4425
vn 0.1570 0.8810 -0.4464
vn 0.1568 0.8812 -0.4459
vn 0.1568 0.8813 -0.4458
vn 0.1233 0.8858 -0.4474
vn 0.0900 0.8892 -0.4486
vn 0.0900 0.8891 -0.4487
vn 0.0559 0.8914 -0.4497
vn 0.0204 0.8930 -0.4496
vn -0.0192 0.8935 -0.4487
vn -0.0723 0.8914 -0.4475
vn -0.0723 0.8913 -0.4475
vn 0.4645 0.7475 -0.4749
vn 0.4019 0.7754 -0.4870
vn 0.4019 0.7754 -0.4871
vn 0.3475 0.7967 -0.4945
vn 0.2997 0.8129 -0.4993
vn 0.2997 0.8130 -0.4993
vn 0.2564 0.8255 -0.5029
vn 0.2561 0.8252 -0.5034
vn 0.2561 0.8252 -0.5035
vn 0.2165 0.8351 -0.5057
vn 0.2166 0.8352 -0.5055
vn 0.2166 0.8351 -0.5056
vn 0.2166 0.8351 -0.5057
vn 0.1791 0.8430 -0.5072
vn 0.1788 0.8427 -0.5079
vn 0.1787 0.8427 -0.5079
vn 0.1424 0.8488 -0.5093
vn 0.1424 0.8488 -0.5092
vn 0.1423 0.8488 -0.5092
vn 0.1072 0.8536 -0.5098
vn 0.1072 0.8536 -0.5097
vn 0.0725 0.8573 -0.5097
vn 0.0371 0.8600 -0.5089
vn 0.0372 0.8601 -0.5088
vn 0.0371 0.8601 -0.5088
vn 0.0370 0.8600 -0.5089
vn 0.0001 0.8620 -0.5069
vn -0.0427 0.8622 -0.5047
vn -0.1017 0.8587 -0.5023
vn 0.4639 0.7075 -0.5332
vn 0.4639 0.7074 -0.5333
vn 0.3983 0.7373 -0.5456
vn 0.3983 0.7374 -0.5455
vn 0.3983 0.7378 -0.5449
vn 0.3984 0.7374 -0.5454
vn 0.3412 0.7594 -0.5540
vn 0.3411 0.7593 -0.5542
vn 0.3412 0.7595 -0.5538
vn 0.3414 0.7593 -0.5540
vn 0.2910 0.7758 -0.5598
vn 0.2910 0.7759 -0.5598
vn 0.2910 0.7758 -0.5599
vn 0.2457 0.7885 -0.5638
vn 0.2455 0.7882 -0.5644
vn 0.2456 0.7884 -0.5640
vn 0.2457 0.7884 -0.5639
vn 0.2040 0.7982 -0.5668
vn 0.1648 0.8058 -0.5687
vn 0.1648 0.8060 -0.5685
vn 0.1647 0.8059 -0.5686
vn 0.1647 0.8060 -0.5686
vn 0.1271 0.8120 -0.5696
vn 0.1272 0.8122 -0.5694
vn 0.1272 0.8121 -0.5695
vn 0.0907 0.8168 -0.5697
vn 0.0908 0.8170 -0.5695
vn 0.0912 0.8174 -0.5688
vn 0.0550 0.8212 -0.5680
vn 0.0550 0.8211 -0.5682
vn 0.0550 0.8208 -0.5685
vn 0.0550 0.8208 -0.5686
vn 0.0186 0.8239 -0.5665
vn 0.0186 0.8238 -0.5665
vn 0.0186 0.8239 -0.5664
vn -0.0195 0.8260 -0.5633
vn -0.0195 0.8261 -0.5632
vn -0.0195 0.8263 -0.5629
vn -0.0194 0.8265 -0.5626
vn -0.0646 0.8266 -0.5591
vn -0.1274 0.8224 -0.5544
vn -0.1274 0.8224 -0.5545
vn 0.4565 0.6639 -0.5923
vn 0.3893 0.6953 -0.6041
vn 0.3894 0.6954 -0.6040
vn 0.3894 0.6953 -0.6041
vn 0.3308 0.7180 -0.6124
vn 0.2788 0.7346 -0.6186
vn 0.2796 0.7355 -0.6172
vn 0.2325 0.7474 -0.6223
vn 0.1897 0.7571 -0.6251
vn 0.1900 0.7570 -0.6251
vn 0.1900 0.7570 -0.6252
vn 0.1898 0.7573 -0.6249
vn 0.1498 0.7652 -0.6261
vn 0.1498 0.7652 -0.6262
vn 0.1114 0.7712 -0.6267
vn 0.1114 0.7710 -0.6270
vn 0.1114 0.7713 -0.6266
vn 0.1114 0.7714 -0.6265
vn 0.0742 0.7763 -0.6260
vn 0.0742 0.7762 -0.6260
vn 0.0745 0.7765 -0.6258
vn 0.0743 0.7763 -0.6260
vn 0.0375 0.7799 -0.6248
vn 0.0377 0.7802 -0.6243
vn 0.0377 0.7801 -0.6245
vn 0.0375 0.7798 -0.6249
vn 0.0006 0.7832 -0.6218
vn 0.0005 0.7837 -0.6212
vn 0.0006 0.7833 -0.6217
vn -0.0378 0.7854 -0.6179
vn -0.0377 0.7858 -0.6174
vn -0.0378 0.7855 -0.6178
vn -0.0378 0.7847 -0.6188
vn -0.0838 0.7864 -0.6120
vn -0.0838 0.7864 -0.6121
vn -0.1480 0.7829 -0.6042
vn -0.1481 0.7828 -0.6044
vn -0.1480 0.7829 -0.6043
vn -0.1480 0.7830 -0.6041
vn 0.4418 0.6165 -0.6518
vn 0.4418 0.6165 -0.6517
vn 0.4418 0.6164 -0.6518
vn 0.3741 0.6485 -0.6629
vn 0.3742 0.6485 -0.6629
vn 0.3742 0.6485 -0.6628
vn 0.3151 0.6707 -0.6715
vn 0.2628 0.6866 -0.6779
vn 0.2628 0.6867 -0.6778
vn 0.2156 0.6986 -0.6823
vn 0.2156 0.6987 -0.6822
vn 0.2156 0.6986 -0.6822
vn 0.1726 0.7083 -0.6845
vn 0.1727 0.7084 -0.6844
vn 0.1321 0.7162 -0.6852
vn 0.1321 0.7159 -0.6856
vn 0.1318 0.7152 -0.6864
vn 0.1321 0.7161 -0.6853
vn 0.0933 0.7225 -0.6850
vn 0.0559 0.7273 -0.6841
vn 0.0560 0.7275 -0.6838
vn 0.0195 0.7316 -0.6815
vn 0.0195 0.7317 -0.6814
vn 0.0195 0.7315 -0.6816
vn 0.0195 0.7316 -0.6814
vn -0.0173 0.7350 -0.6778
vn -0.0173 0.7351 -0.6778
vn -0.0173 0.7351 -0.6777
vn -0.0557 0.7378 -0.6727
vn -0.1003 0.7405 -0.6645
vn -0.1636 0.7390 -0.6535
vn -0.1636 0.7391 -0.6535
vn -0.1636 0.7391 -0.6534
vn 0.4196 0.5647 -0.7107
vn 0.4196 0.5646 -0.7107
vn 0.3529 0.5960 -0.7213
vn 0.3529 0.5959 -0.7213
vn 0.2942 0.6164 -0.7304
vn 0.2942 0.6165 -0.7304
vn 0.2420 0.6305 -0.7375
vn 0.1948 0.6410 -0.7424
vn 0.1519 0.6496 -0.7450
vn 0.1520 0.6496 -0.7449
vn 0.1116 0.6573 -0.7453
vn 0.0728 0.6630 -0.7450
vn 0.0729 0.6632 -0.7449
vn 0.0730 0.6639 -0.7442
vn 0.0730 0.6639 -0.7443
vn 0.0361 0.6694 -0.7420
vn 0.0362 0.6694 -0.7420
vn 0.0003 0.6744 -0.7384
vn 0.0003 0.6745 -0.7383
vn -0.0355 0.6795 -0.7329
vn -0.0355 0.6794 -0.7329
vn -0.0727 0.6835 -0.7263
vn -0.1144 0.6881 -0.7165
vn -0.1144 0.6881 -0.7166
vn -0.1746 0.6895 -0.7029
vn 0.3901 0.5066 -0.7689
vn 0.3901 0.5067 -0.7688
vn 0.3255 0.5364 -0.7786
vn 0.3256 0.5364 -0.7786
vn 0.2681 0.5547 -0.7877
vn 0.2682 0.5547 -0.7876
vn 0.2168 0.5663 -0.7951
vn 0.2168 0.5663 -0.7952
vn 0.2168 0.5664 -0.7951
vn 0.1705 0.5747 -0.8004
vn 0.1705 0.5748 -0.8004
vn 0.1282 0.5822 -0.8029
vn 0.1282 0.5821 -0.8029
vn 0.0887 0.5895 -0.8029
vn 0.0888 0.5897 -0.8027
vn 0.0888 0.5895 -0.8029
vn 0.0507 0.5965 -0.8010
vn 0.0508 0.5965 -0.8010
vn 0.0506 0.5965 -0.8010
vn 0.0513 0.5963 -0.8011
vn 0.0148 0.6030 -0.7976
vn 0.0149 0.6029 -0.7977
vn 0.0147 0.6030 -0.7976
vn 0.0147 0.6033 -0.7974
vn -0.0195 0.6094 -0.7926
vn -0.0195 0.6095 -0.7925
vn -0.0536 0.6163 -0.7857
vn -0.0890 0.6226 -0.7775
vn -0.0889 0.6225 -0.7775
vn -0.0890 0.6225 -0.7775
vn -0.1276 0.6283 -0.7674
vn -0.1277 0.6283 -0.7674
vn -0.1821 0.6325 -0.7529
vn 0.3538 0.4410 -0.8248
vn 0.3539 0.4410 -0.8248
vn 0.2927 0.4685 -0.8336
vn 0.2377 0.4847 -0.8418
vn 0.1880 0.4946 -0.8486
vn 0.1880 0.4945 -0.8486
vn 0.1433 0.5012 -0.8534
vn 0.1025 0.5075 -0.8555
vn 0.1025 0.5075 -0.8556
vn 0.1025 0.5076 -0.8555
vn 0.0642 0.5147 -0.8550
vn 0.0642 0.5148 -0.8549
vn 0.0276 0.5222 -0.8524
vn 0.0271 0.5214 -0.8529
vn 0.0274 0.5219 -0.8526
vn 0.0278 0.5227 -0.8520
vn -0.0068 0.5299 -0.8481
vn -0.0069 0.5296 -0.8482
vn -0.0068 0.5298 -0.8481
vn -0.0068 0.5299 -0.8480
vn -0.0394 0.5381 -0.8420
vn -0.0715 0.5470 -0.8341
vn -0.1048 0.5551 -0.8251
vn -0.1048 0.5552 -0.8251
vn -0.1408 0.5612 -0.8156
vn -0.1875 0.5674 -0.8018
vn 0.3139 0.3724 -0.8734
vn 0.2563 0.3942 -0.8826
vn 0.2563 0.3942 -0.8825
vn 0.2563 0.3943 -0.8825
vn 0.2042 0.4071 -0.8903
vn 0.2042 0.4070 -0.8903
vn 0.1569 0.4157 -0.8959
vn 0.1569 0.4156 -0.8959
vn 0.1144 0.4218 -0.8994
vn 0.1144 0.4217 -0.8995
vn 0.0757 0.4281 -0.9006
vn 0.0757 0.4282 -0.9005
vn 0.0393 0.4357 -0.8992
vn 0.0397 0.4364 -0.8989
vn 0.0393 0.4358 -0.8992
vn 0.0396 0.4353 -0.8994
vn 0.0039 0.4438 -0.8961
vn 0.0037 0.4439 -0.8961
vn 0.0037 0.4437 -0.8962
vn -0.0285 0.4527 -0.8912
vn -0.0286 0.4526 -0.8913
vn -0.0287 0.4525 -0.8913
vn -0.0286 0.4526 -0.8912
vn -0.0593 0.4622 -0.8848
vn -0.0894 0.4727 -0.8767
vn -0.1204 0.4827 -0.8675
vn -0.1533 0.4906 -0.8578
vn -0.1534 0.4906 -0.8578
vn -0.1923 0.4989 -0.8451
vn -0.1923 0.4988 -0.8451
vn 0.2715 0.2983 -0.9150
vn 0.2715 0.2984 -0.9150
vn 0.2715 0.2983 -0.9151
vn 0.2179 0.3122 -0.9247
vn 0.1697 0.3227 -0.9312
vn 0.1253 0.3319 -0.9350
vn 0.1253 0.3318 -0.9350
vn 0.0855 0.3392 -0.9368
vn 0.0855 0.3393 -0.9368
vn 0.0490 0.3462 -0.9369
vn 0.0493 0.3470 -0.9366
vn 0.0491 0.3475 -0.9364
vn 0.0492 0.3478 -0.9363
vn 0.0150 0.3556 -0.9345
vn 0.0148 0.3556 -0.9345
vn 0.0149 0.3555 -0.9345
vn 0.0149 0.3555 -0.9346
vn -0.0188 0.3652 -0.9307
vn -0.0188 0.3651 -0.9308
vn -0.0190 0.3643 -0.9311
vn -0.0188 0.3650 -0.9308
vn -0.0498 0.3746 -0.9258
vn -0.0498 0.3745 -0.9259
vn -0.0498 0.3744 -0.9259
vn -0.0789 0.3846 -0.9197
vn -0.1073 0.3960 -0.9120
vn -0.1073 0.3955 -0.9122
vn -0.1072 0.3955 -0.9122
vn -0.1366 0.4063 -0.9035
vn -0.1366 0.4062 -0.9035
vn -0.1664 0.4165 -0.8938
vn -0.1664 0.4166 -0.8937
vn -0.1985 0.4275 -0.8820
vn 0.4367 0.8877 -0.1461
vn 0.4366 0.8877 -0.1461
vn 0.4001 0.9044 -0.1480
vn 0.4002 0.9044 -0.1480
vn 0.3680 0.9183 -0.1462
vn 0.3680 0.9182 -0.1464
vn 0.3680 0.9182 -0.1463
vn 0.3375 0.9297 -0.1471
vn 0.3376 0.9297 -0.1472
vn 0.3078 0.9397 -0.1490
vn 0.3077 0.9398 -0.1488
vn 0.3080 0.9395 -0.1497
vn 0.3080 0.9395 -0.1499
vn 0.2814 0.9477 -0.1509
vn 0.2813 0.9478 -0.1503
vn 0.2812 0.9477 -0.1508
vn 0.2811 0.9478 -0.1503
vn 0.2560 0.9546 -0.1521
vn 0.2560 0.9544 -0.1535
vn 0.2558 0.9546 -0.1526
vn 0.2558 0.9547 -0.1524
vn 0.2310 0.9606 -0.1544
vn 0.2309 0.9606 -0.1545
vn 0.2310 0.9606 -0.1546
vn 0.2056 0.9659 -0.1572
vn 0.2057 0.9658 -0.1578
vn 0.2056 0.9659 -0.1574
vn 0.2055 0.9659 -0.1576
vn 0.1808 0.9706 -0.1587
vn 0.1813 0.9704 -0.1597
vn 0.1578 0.9740 -0.1628
vn 0.1578 0.9740 -0.1626
vn 0.1577 0.9741 -0.1623
vn 0.1336 0.9770 -0.1659
vn 0.1336 0.9771 -0.1659
vn 0.1336 0.9771 -0.1658
vn 0.1085 0.9796 -0.1690
vn 0.1087 0.9795 -0.1695
vn 0.1084 0.9796 -0.1690
vn 0.1084 0.9797 -0.1687
vn 0.0827 0.9816 -0.1719
vn 0.0827 0.9816 -0.1720
vn 0.0560 0.9827 -0.1767
vn 0.0561 0.9827 -0.1767
vn 0.0274 0.9838 -0.1769
vn 0.0048 0.9747 -0.2235
vn -0.0221 0.9624 -0.2706
vn -0.0551 0.9434 -0.3269
vn -0.0551 0.9435 -0.3269
vn -0.0920 0.9164 -0.3895
vn -0.1282 0.8839 -0.4497
vn -0.1605 0.8485 -0.5043
vn -0.1861 0.8129 -0.5518
vn -0.1862 0.8129 -0.5518
vn -0.2049 0.7763 -0.5961
vn -0.2047 0.7765 -0.5959
vn -0.2046 0.7765 -0.5960
vn -0.2048 0.7764 -0.5961
vn -0.2176 0.7373 -0.6396
vn -0.2265 0.6919 -0.6856
vn -0.2265 0.6918 -0.6856
vn -0.2332 0.6370 -0.7347
vn -0.2374 0.5722 -0.7850
vn -0.2386 0.5028 -0.8308
vn -0.2385 0.5029 -0.8308
vn -0.2380 0.4340 -0.8689
vn -0.2380 0.4341 -0.8689
vn -0.2404 0.3611 -0.9010
vn -0.2404 0.3612 -0.9010
vn -0.2087 0.3510 -0.9128
vn -0.2088 0.3510 -0.9128
vn -0.1817 0.3380 -0.9234
vn -0.1539 0.3284 -0.9319
vn -0.1540 0.3282 -0.9320
vn -0.1542 0.3279 -0.9321
vn -0.1256 0.3184 -0.9396
vn -0.1256 0.3185 -0.9396
vn -0.0976 0.3081 -0.9463
vn -0.0976 0.3077 -0.9465
vn -0.0979 0.3084 -0.9462
vn -0.0700 0.2983 -0.9519
vn -0.0703 0.2979 -0.9520
vn -0.0701 0.2981 -0.9519
vn -0.0700 0.2982 -0.9519
vn -0.0402 0.2877 -0.9569
vn -0.0402 0.2879 -0.9568
vn -0.0402 0.2884 -0.9567
vn -0.0082 0.2769 -0.9609
vn -0.0082 0.2773 -0.9608
vn -0.0082 0.2770 -0.9608
vn -0.0082 0.2771 -0.9608
vn 0.0244 0.2667 -0.9635
vn 0.0244 0.2668 -0.9635
vn 0.0244 0.2664 -0.9635
vn 0.0580 0.2567 -0.9647
vn 0.0580 0.2571 -0.9646
vn 0.0584 0.2565 -0.9648
vn 0.0584 0.2563 -0.9648
vn 0.0955 0.2457 -0.9646
vn 0.0954 0.2456 -0.9647
vn 0.0956 0.2467 -0.9644
vn 0.0955 0.2461 -0.9645
vn 0.1367 0.2335 -0.9627
vn 0.1367 0.2336 -0.9627
vn 0.1805 0.2206 -0.9585
vn 0.2283 0.2121 -0.9502
vn 0.2811 0.1944 -0.9398
vn 0.2811 0.1943 -0.9398
vn 0.3290 0.2684 -0.9054
vn 0.3291 0.2685 -0.9053
vn 0.3757 0.3306 -0.8658
vn 0.3757 0.3307 -0.8658
vn 0.3757 0.3307 -0.8657
vn 0.4213 0.3935 -0.8171
vn 0.4212 0.3936 -0.8171
vn 0.4627 0.4575 -0.7593
vn 0.4627 0.4576 -0.7593
vn 0.4957 0.5158 -0.6988
vn 0.4957 0.5157 -0.6988
vn 0.5196 0.5689 -0.6375
vn 0.5196 0.5689 -0.6374
vn 0.5196 0.5690 -0.6374
vn 0.5344 0.6191 -0.5754
vn 0.5344 0.6192 -0.5754
vn 0.5401 0.6662 -0.5143
vn 0.5400 0.6673 -0.5130
vn 0.5374 0.7103 -0.4547
vn 0.5278 0.7507 -0.3972
vn 0.5278 0.7508 -0.3971
vn 0.5278 0.7508 -0.3972
vn 0.5129 0.7878 -0.3410
vn 0.4942 0.8209 -0.2860
vn 0.4942 0.8210 -0.2860
vn 0.4741 0.8479 -0.2371
vn 0.4741 0.8480 -0.2370
vn 0.4543 0.8698 -0.1928
vn 0.4542 0.8698 -0.1927
vn -0.0426 0.9897 0.1368
vn -0.0427 0.9897 0.1368
vn -0.0957 0.9777 0.1870
vn -0.0956 0.9777 0.1871
vn -0.0958 0.9777 0.1870
vn -0.1686 0.9558 0.2408
vn -0.1690 0.9554 0.2422
vn -0.2499 0.9228 0.2932
vn -0.2498 0.9228 0.2932
vn -0.3264 0.8743 0.3593
vn -0.3265 0.8743 0.3593
vn -0.3263 0.8743 0.3593
vn -0.3822 0.8246 0.4170
vn -0.4231 0.7770 0.4662
vn -0.4231 0.7770 0.4661
vn -0.4230 0.7770 0.4662
vn -0.0681 0.9931 0.0952
vn -0.0682 0.9931 0.0952
vn -0.0680 0.9931 0.0951
vn -0.0679 0.9931 0.0952
vn -0.1465 0.9798 0.1362
vn -0.1464 0.9798 0.1363
vn -0.1466 0.9798 0.1361
vn -0.2501 0.9450 0.2109
vn -0.3363 0.9009 0.2743
vn -0.3364 0.9009 0.2743
vn -0.3362 0.9009 0.2743
vn -0.4080 0.8504 0.3322
vn -0.4079 0.8504 0.3322
vn -0.4081 0.8504 0.3322
vn -0.4653 0.7948 0.3896
vn -0.5113 0.7344 0.4464
vn -0.0976 0.9931 0.0644
vn -0.0975 0.9931 0.0644
vn -0.0977 0.9931 0.0644
vn -0.1919 0.9756 0.1069
vn -0.1922 0.9755 0.1071
vn -0.1921 0.9755 0.1069
vn -0.3080 0.9359 0.1712
vn -0.4076 0.8841 0.2286
vn -0.4077 0.8840 0.2286
vn -0.4077 0.8841 0.2286
vn -0.4075 0.8841 0.2286
vn -0.4872 0.8268 0.2811
vn -0.5545 0.7597 0.3398
vn -0.5545 0.7596 0.3398
vn -0.5997 0.6922 0.4016
vn -0.5997 0.6922 0.4015
vn -0.5998 0.6922 0.4015
vn -0.5998 0.6921 0.4015
vn -0.1177 0.9924 0.0355
vn -0.1177 0.9924 0.0356
vn -0.1177 0.9924 0.0357
vn -0.2319 0.9694 0.0811
vn -0.2319 0.9693 0.0812
vn -0.2319 0.9694 0.0812
vn -0.3674 0.9214 0.1267
vn -0.4835 0.8605 0.1604
vn -0.4833 0.8606 0.1604
vn -0.4834 0.8606 0.1604
vn -0.4836 0.8605 0.1604
vn -0.5830 0.7890 0.1939
vn -0.5831 0.7890 0.1939
vn -0.5829 0.7890 0.1939
vn -0.6665 0.7053 0.2416
vn -0.7255 0.6165 0.3059
vn -0.7254 0.6166 0.3058
vn -0.1343 0.9906 0.0272
vn -0.1312 0.9910 0.0271
vn -0.1313 0.9910 0.0271
vn -0.1373 0.9903 0.0229
vn -0.2734 0.9598 0.0640
vn -0.2739 0.9596 0.0638
vn -0.2740 0.9596 0.0639
vn -0.4324 0.8978 0.0841
vn -0.4323 0.8978 0.0841
vn -0.4324 0.8977 0.0840
vn -0.5638 0.8211 0.0889
vn -0.5637 0.8212 0.0889
vn -0.5639 0.8211 0.0889
vn -0.6760 0.7304 0.0979
vn -0.7727 0.6226 0.1239
vn -0.9506 0.2374 0.2000
vn -0.9503 0.2374 0.2013
vn -0.9506 0.2374 0.2001
vn -0.9508 0.2376 0.1987
vn -0.1378 0.9903 0.0199
vn -0.1404 0.9900 0.0145
vn -0.3203 0.9458 0.0529
vn -0.3204 0.9458 0.0529
vn -0.3204 0.9458 0.0530
vn -0.4974 0.8662 0.0474
vn -0.4975 0.8662 0.0474
vn -0.6360 0.7712 0.0291
vn -0.6359 0.7712 0.0291
vn -0.7495 0.6617 0.0188
vn -0.9573 0.2877 -0.0293
vn -0.9572 0.2878 -0.0293
vn -0.9576 0.2865 -0.0295
vn -0.3350 0.3232 0.8851
vn -0.3350 0.3231 0.8851
vn -0.3943 0.2661 0.8796
vn -0.3945 0.2647 0.8799
vn -0.3943 0.2660 0.8796
vn -0.3941 0.2674 0.8793
vn -0.5518 0.1818 0.8139
vn -0.5513 0.1807 0.8145
vn -0.5517 0.1818 0.8140
vn -0.3617 0.4148 0.8349
vn -0.3614 0.4161 0.8344
vn -0.3620 0.4135 0.8354
vn -0.4880 0.3318 0.8073
vn -0.4877 0.3332 0.8069
vn -0.4880 0.3317 0.8073
vn -0.4883 0.3305 0.8077
vn -0.5946 0.1389 0.7919
vn -0.4183 0.4759 0.7737
vn -0.4179 0.4771 0.7731
vn -0.4187 0.4746 0.7743
vn -0.5604 0.4162 0.7161
vn -0.5604 0.4162 0.7160
vn -0.6367 0.3304 0.6968
vn -0.6366 0.3306 0.6968
vn -0.6367 0.3305 0.6967
vn -0.6366 0.3305 0.6968
vn -0.6773 0.0632 0.7330
vn -0.6774 0.0646 0.7328
vn -0.6773 0.0631 0.7330
vn -0.4745 0.5358 0.6984
vn -0.4741 0.5370 0.6978
vn -0.4750 0.5346 0.6990
vn -0.5874 0.4686 0.6599
vn -0.5873 0.4686 0.6599
vn -0.5874 0.4686 0.6598
vn -0.6563 0.3887 0.6467
vn -0.6562 0.3889 0.6467
vn -0.6559 0.3892 0.6468
vn -0.8583 0.2338 0.4567
vn -0.8578 0.2331 0.4580
vn -0.8583 0.2339 0.4567
vn -0.4868 0.6175 0.6178
vn -0.4868 0.6176 0.6178
vn -0.4868 0.6175 0.6179
vn -0.5894 0.5371 0.6035
vn -0.5893 0.5371 0.6035
vn -0.6616 0.4555 0.5956
vn -0.6616 0.4556 0.5956
vn -0.6617 0.4555 0.5956
vn -0.7469 0.1011 0.6573
vn -0.7468 0.1011 0.6573
vn -0.7468 0.1012 0.6573
vn -0.7469 0.1026 0.6569
vn -0.4751 0.6799 0.5586
vn -0.4758 0.6795 0.5585
vn -0.4752 0.6798 0.5587
vn -0.5728 0.6083 0.5494
vn -0.5736 0.6068 0.5502
vn -0.5736 0.6070 0.5501
vn -0.5736 0.6071 0.5500
vn -0.6531 0.5267 0.5441
vn -0.6531 0.5268 0.5440
vn -0.6531 0.5269 0.5439
vn -0.6532 0.5268 0.5440
vn -0.8925 0.4213 0.1609
vn -0.8929 0.4197 0.1632
vn -0.8929 0.4196 0.1633
vn -0.8926 0.4201 0.1635
vn -0.3261 0.3631 -0.8728
vn -0.3262 0.3634 -0.8727
vn -0.3389 0.4560 -0.8229
vn -0.3526 0.5443 -0.7612
vn -0.3525 0.5443 -0.7613
vn -0.3527 0.5443 -0.7611
vn -0.3679 0.6203 -0.6927
vn -0.3680 0.6203 -0.6927
vn -0.3826 0.6778 -0.6278
vn -0.3827 0.6778 -0.6278
vn -0.3926 0.7179 -0.5748
vn -0.3925 0.7180 -0.5748
vn -0.3927 0.7180 -0.5748
vn -0.3933 0.7497 -0.5323
vn -0.3933 0.7496 -0.5323
vn -0.3645 0.3246 -0.8728
vn -0.4096 0.4117 -0.8140
vn -0.4093 0.4131 -0.8135
vn -0.4096 0.4118 -0.8140
vn -0.4100 0.4106 -0.8145
vn -0.4542 0.4938 -0.7415
vn -0.4548 0.4926 -0.7420
vn -0.4536 0.4950 -0.7411
vn -0.4967 0.5613 -0.6620
vn -0.4967 0.5612 -0.6620
vn -0.5201 0.6377 -0.5682
vn -0.5317 0.6782 -0.5073
vn -0.5317 0.6782 -0.5074
vn -0.5347 0.7050 -0.4658
vn -0.5347 0.7051 -0.4658
vn -0.5195 0.2057 -0.8293
vn -0.5213 0.2033 -0.8288
vn -0.5195 0.2058 -0.8293
vn -0.5189 0.2046 -0.8300
vn -0.5319 0.1403 -0.8351
vn -0.5407 0.3746 -0.7532
vn -0.5407 0.3733 -0.7538
vn -0.8287 0.4373 -0.3493
vn -0.8288 0.4363 -0.3504
vn -0.8288 0.4380 -0.3481
vn -0.7372 0.2847 -0.6128
vn -0.7369 0.2860 -0.6125
vn -0.7372 0.2846 -0.6128
vn -0.6578 0.5860 -0.4732
vn -0.6577 0.5860 -0.4733
vn -0.6578 0.5860 -0.4733
vn -0.6391 0.6611 -0.3931
vn -0.6392 0.6611 -0.3929
vn -0.5302 0.2482 -0.8107
vn -0.5314 0.2477 -0.8101
vn -0.8989 0.4312 0.0780
vn -0.8990 0.4308 0.0792
vn -0.8991 0.4303 0.0806
vn -0.8824 0.2711 -0.3845
vn -0.8829 0.2712 -0.3832
vn -0.8824 0.2710 -0.3845
vn -0.8819 0.2710 -0.3858
vn -0.0451 0.9873 -0.1522
vn -0.0647 0.9915 -0.1130
vn -0.0655 0.9915 -0.1123
vn -0.0667 0.9915 -0.1121
vn -0.0821 0.9931 -0.0842
vn -0.0821 0.9931 -0.0840
vn -0.0937 0.9939 -0.0585
vn -0.0939 0.9939 -0.0582
vn -0.0942 0.9939 -0.0581
vn -0.0940 0.9939 -0.0582
vn -0.1045 0.9940 -0.0323
vn -0.1053 0.9939 -0.0320
vn -0.1184 0.9929 -0.0101
vn -0.1356 0.9907 0.0119
vn -0.1321 0.9912 0.0054
vn -0.1369 0.9905 0.0082
vn -0.0947 0.9741 -0.2053
vn -0.1269 0.9788 -0.1609
vn -0.1268 0.9788 -0.1609
vn -0.1265 0.9788 -0.1609
vn -0.1645 0.9780 -0.1284
vn -0.1644 0.9780 -0.1284
vn -0.2311 0.9672 -0.1056
vn -0.2317 0.9669 -0.1064
vn -0.2310 0.9672 -0.1056
vn -0.2310 0.9672 -0.1055
vn -0.3181 0.9439 -0.0885
vn -0.3789 0.9241 -0.0506
vn -0.3788 0.9241 -0.0506
vn -0.3906 0.9206 -0.0008
vn -0.3906 0.9205 -0.0008
vn -0.3904 0.9206 -0.0004
vn -0.1562 0.9492 -0.2732
vn -0.1561 0.9492 -0.2732
vn -0.2328 0.9410 -0.2456
vn -0.2332 0.9406 -0.2468
vn -0.2325 0.9412 -0.2452
vn -0.3479 0.9103 -0.2244
vn -0.3480 0.9102 -0.2244
vn -0.4618 0.8703 -0.1715
vn -0.4618 0.8702 -0.1715
vn -0.5262 0.8417 -0.1210
vn -0.5261 0.8418 -0.1210
vn -0.5261 0.8417 -0.1210
vn -0.5638 0.8225 -0.0749
vn -0.5637 0.8226 -0.0749
vn -0.5636 0.8226 -0.0749
vn -0.5736 0.8187 -0.0285
vn -0.5736 0.8186 -0.0284
vn -0.5736 0.8187 -0.0283
vn -0.5736 0.8186 -0.0285
vn -0.2341 0.9056 -0.3537
vn -0.3549 0.8795 -0.3169
vn -0.3549 0.8796 -0.3169
vn -0.3550 0.8795 -0.3169
vn -0.4817 0.8352 -0.2654
vn -0.4816 0.8352 -0.2654
vn -0.4818 0.8352 -0.2654
vn -0.5746 0.7929 -0.2029
vn -0.6372 0.7569 -0.1450
vn -0.6372 0.7570 -0.1450
vn -0.6798 0.7276 -0.0922
vn -0.6983 0.7142 -0.0478
vn -0.6986 0.7139 -0.0479
vn -0.6987 0.7139 -0.0478
vn -0.3042 0.8572 -0.4156
vn -0.3041 0.8572 -0.4156
vn -0.3043 0.8572 -0.4156
vn -0.4410 0.8210 -0.3626
vn -0.5605 0.7733 -0.2964
vn -0.6504 0.7246 -0.2278
vn -0.7144 0.6803 -0.1639
vn -0.7143 0.6803 -0.1639
vn -0.7634 0.6374 -0.1045
vn -0.7945 0.6051 -0.0520
vn -0.7944 0.6051 -0.0520
vn -0.3549 0.8117 -0.4640
vn -0.3549 0.8116 -0.4640
vn -0.4943 0.7719 -0.3999
vn -0.6110 0.7212 -0.3264
vn -0.6109 0.7213 -0.3264
vn -0.6991 0.6693 -0.2515
vn -0.6990 0.6694 -0.2516
vn -0.6991 0.6694 -0.2515
vn -0.7637 0.6198 -0.1807
vn -0.7637 0.6197 -0.1809
vn -0.9500 0.3091 -0.0436
vn -0.9496 0.3104 -0.0439
vn -0.9181 0.3178 -0.2369
vn -0.9185 0.3175 -0.2356
vn -0.9176 0.3183 -0.2382
vn -0.4546 0.7274 0.5140
vn -0.4545 0.7274 0.5141
vn -0.5480 0.6698 0.5011
vn -0.6338 0.6135 0.4711
vn -0.8633 0.2223 0.4531
vn -0.8633 0.2222 0.4531
vn -0.8630 0.2237 0.4530
vn -0.3807 0.7808 -0.4954
vn -0.5205 0.7385 -0.4286
vn -0.5205 0.7386 -0.4285
vn -0.5206 0.7385 -0.4285
vn -0.5215 0.7384 -0.4275
vn -0.6306 0.6925 -0.3504
vn -0.6307 0.6922 -0.3507
vn -0.7142 0.6454 -0.2710
vn -0.9102 0.3606 -0.2037
vn -0.9102 0.3613 -0.2023
vn -0.9100 0.3603 -0.2050
vn -0.3645 0.9307 0.0311
vn -0.3637 0.9310 0.0304
vn -0.5496 0.8354 0.0088
vn -0.5495 0.8354 0.0088
vn -0.6846 0.7287 -0.0173
vn -0.6845 0.7288 -0.0174
vn -0.7908 0.6108 -0.0390
vn -0.9385 0.3119 0.1479
vn -0.9384 0.3128 0.1469
vn 0.0082 0.9911 0.1332
vn -0.0232 0.9834 0.1802
vn -0.0548 0.9726 0.2257
vn -0.0548 0.9727 0.2257
vn -0.0547 0.9726 0.2258
vn -0.0935 0.9558 0.2787
vn -0.0934 0.9558 0.2787
vn -0.1431 0.9297 0.3393
vn -0.1431 0.9298 0.3392
vn -0.1990 0.8968 0.3951
vn -0.1988 0.8969 0.3951
vn -0.1991 0.8968 0.3951
vn -0.2520 0.8601 0.4435
vn -0.2947 0.8186 0.4930
vn -0.0004 0.9955 0.0952
vn -0.0004 0.9955 0.0951
vn -0.0003 0.9955 0.0951
vn -0.0107 0.9976 0.0677
vn -0.0255 0.9988 0.0418
vn -0.0256 0.9988 0.0418
vn -0.0450 0.9988 0.0214
vn -0.0451 0.9988 0.0214
vn -0.0615 0.9981 0.0060
vn -0.0612 0.9981 0.0076
vn -0.0595 0.9982 0.0108
vn -0.0630 0.9980 0.0034
vn -0.0625 0.9980 -0.0002
vn -0.0633 0.9980 -0.0019
vn -0.0626 0.9980 -0.0048
vn -0.2857 0.3056 0.9083
vn -0.2857 0.3055 0.9083
vn -0.2857 0.3057 0.9083
vn -0.3163 0.2508 0.9149
vn -0.3163 0.2510 0.9148
vn -0.3163 0.2510 0.9149
vn -0.3163 0.2509 0.9149
vn -0.3406 0.2141 0.9155
vn -0.3407 0.2141 0.9155
vn -0.3744 0.1356 0.9173
vn -0.3744 0.1355 0.9173
vn -0.3744 0.1357 0.9173
vn -0.2900 0.3814 0.8777
vn -0.2933 0.4503 0.8433
vn -0.2933 0.4502 0.8434
vn -0.2956 0.5226 0.7997
vn -0.2956 0.5227 0.7996
vn -0.2979 0.6145 0.7305
vn -0.3127 0.6770 0.6662
vn -0.3273 0.7234 0.6079
vn -0.3272 0.7234 0.6079
vn -0.3222 0.7709 0.5494
vn -0.3222 0.7710 0.5494
vn -0.2797 0.3284 -0.9022
vn -0.2798 0.3285 -0.9021
vn -0.2796 0.3270 -0.9027
vn -0.2836 0.4121 -0.8659
vn -0.2837 0.4120 -0.8659
vn -0.2856 0.4912 -0.8229
vn -0.2857 0.4912 -0.8229
vn -0.2862 0.5667 -0.7726
vn -0.2861 0.5667 -0.7727
vn -0.2860 0.6348 -0.7178
vn -0.2855 0.6905 -0.6646
vn -0.2837 0.7335 -0.6176
vn -0.2837 0.7335 -0.6177
vn -0.2772 0.7686 -0.5765
vn -0.2772 0.7687 -0.5765
vn -0.3085 0.2803 -0.9090
vn -0.3310 0.2491 -0.9102
vn -0.3310 0.2490 -0.9102
vn -0.3664 0.0739 -0.9275
vn -0.3665 0.0739 -0.9275
vn -0.3664 0.0738 -0.9275
vn 0.0073 0.9888 -0.1491
vn 0.0072 0.9889 -0.1485
vn 0.0072 0.9889 -0.1487
vn -0.0019 0.9939 -0.1106
vn -0.0020 0.9939 -0.1106
vn -0.0020 0.9938 -0.1107
vn -0.0135 0.9965 -0.0820
vn -0.0136 0.9965 -0.0819
vn -0.0134 0.9965 -0.0820
vn -0.0269 0.9979 -0.0583
vn -0.0384 0.9985 -0.0385
vn -0.0384 0.9985 -0.0384
vn -0.0385 0.9985 -0.0384
vn -0.0526 0.9985 -0.0126
vn -0.0476 0.9986 -0.0220
vn -0.0513 0.9985 -0.0188
vn -0.0575 0.9983 -0.0101
vn -0.0593 0.9982 -0.0059
vn -0.0240 0.9803 -0.1962
vn -0.0585 0.9669 -0.2485
vn -0.1009 0.9450 -0.3111
vn -0.1492 0.9128 -0.3802
vn -0.1966 0.8744 -0.4437
vn -0.1966 0.8743 -0.4437
vn -0.2368 0.8346 -0.4973
vn -0.2622 0.8022 -0.5364
vn 0.0375 0.9761 0.2139
vn 0.0376 0.9761 0.2139
vn 0.0681 0.9751 0.2111
vn 0.0967 0.9736 0.2069
vn 0.1241 0.9714 0.2025
vn 0.1497 0.9687 0.1982
vn 0.1499 0.9687 0.1979
vn 0.1747 0.9652 0.1948
vn 0.1752 0.9652 0.1939
vn 0.1752 0.9653 0.1938
vn 0.2010 0.9609 0.1907
vn 0.2009 0.9609 0.1908
vn 0.2009 0.9608 0.1908
vn 0.2276 0.9553 0.1885
vn 0.2543 0.9488 0.1875
vn 0.2544 0.9488 0.1873
vn 0.2542 0.9489 0.1870
vn 0.2540 0.9487 0.1882
vn 0.2811 0.9414 0.1864
vn 0.2810 0.9414 0.1864
vn 0.2812 0.9414 0.1865
vn 0.2812 0.9414 0.1861
vn 0.3100 0.9325 0.1855
vn 0.3097 0.9323 0.1866
vn 0.3097 0.9323 0.1868
vn 0.3097 0.9323 0.1869
vn 0.3412 0.9212 0.1872
vn 0.3411 0.9212 0.1872
vn 0.3752 0.9077 0.1880
vn 0.4130 0.8911 0.1881
vn 0.0151 0.9643 0.2643
vn 0.0487 0.9628 0.2657
vn 0.0802 0.9616 0.2626
vn 0.1100 0.9599 0.2579
vn 0.1099 0.9599 0.2579
vn 0.1382 0.9576 0.2527
vn 0.1381 0.9576 0.2528
vn 0.1655 0.9544 0.2483
vn 0.1656 0.9544 0.2483
vn 0.1932 0.9500 0.2452
vn 0.1932 0.9501 0.2451
vn 0.1929 0.9501 0.2453
vn 0.1926 0.9500 0.2459
vn 0.2222 0.9444 0.2424
vn 0.2217 0.9444 0.2429
vn 0.2218 0.9444 0.2428
vn 0.2224 0.9445 0.2416
vn 0.2505 0.9376 0.2411
vn 0.2505 0.9376 0.2410
vn 0.2505 0.9375 0.2414
vn 0.2505 0.9376 0.2413
vn 0.2798 0.9292 0.2414
vn 0.2798 0.9292 0.2413
vn 0.3108 0.9190 0.2426
vn 0.3455 0.9062 0.2436
vn 0.3455 0.9063 0.2436
vn 0.3455 0.9063 0.2435
vn 0.3838 0.8908 0.2434
vn 0.3838 0.8908 0.2433
vn 0.4272 0.8719 0.2392
vn -0.0095 0.9484 0.3169
vn 0.0272 0.9467 0.3211
vn 0.0271 0.9467 0.3211
vn 0.0613 0.9454 0.3201
vn 0.0935 0.9441 0.3162
vn 0.0935 0.9440 0.3163
vn 0.1241 0.9421 0.3115
vn 0.1537 0.9390 0.3076
vn 0.1537 0.9390 0.3075
vn 0.1541 0.9392 0.3070
vn 0.1537 0.9390 0.3077
vn 0.1836 0.9347 0.3043
vn 0.1836 0.9347 0.3044
vn 0.2145 0.9288 0.3021
vn 0.2150 0.9287 0.3020
vn 0.2146 0.9288 0.3020
vn 0.2456 0.9216 0.3004
vn 0.2458 0.9218 0.2996
vn 0.2456 0.9216 0.3006
vn 0.2775 0.9125 0.3006
vn 0.2775 0.9125 0.3005
vn 0.2777 0.9126 0.3002
vn 0.3119 0.9010 0.3016
vn 0.3499 0.8868 0.3020
vn 0.3500 0.8867 0.3020
vn 0.3927 0.8694 0.2999
vn 0.4417 0.8483 0.2922
vn 0.4417 0.8482 0.2922
vn -0.0361 0.9269 0.3735
vn 0.0039 0.9254 0.3789
vn 0.0407 0.9245 0.3790
vn 0.0752 0.9234 0.3765
vn 0.0753 0.9234 0.3765
vn 0.0753 0.9233 0.3765
vn 0.1081 0.9215 0.3731
vn 0.1396 0.9182 0.3707
vn 0.1401 0.9184 0.3701
vn 0.1719 0.9139 0.3677
vn 0.1722 0.9138 0.3678
vn 0.1719 0.9139 0.3678
vn 0.1717 0.9140 0.3676
vn 0.2053 0.9079 0.3656
vn 0.2053 0.9078 0.3656
vn 0.2053 0.9079 0.3655
vn 0.2391 0.9004 0.3636
vn 0.2390 0.9003 0.3637
vn 0.2390 0.9003 0.3638
vn 0.2389 0.9003 0.3639
vn 0.2740 0.8906 0.3631
vn 0.2740 0.8906 0.3630
vn 0.3116 0.8782 0.3630
vn 0.3116 0.8782 0.3629
vn 0.3532 0.8626 0.3622
vn 0.3532 0.8626 0.3623
vn 0.4006 0.8431 0.3588
vn 0.4549 0.8191 0.3494
vn -0.0622 0.9007 0.4299
vn -0.0195 0.8996 0.4363
vn 0.0196 0.8987 0.4382
vn 0.0197 0.8987 0.4382
vn 0.0561 0.8974 0.4377
vn 0.0909 0.8951 0.4364
vn 0.0909 0.8952 0.4364
vn 0.0907 0.8952 0.4364
vn 0.0908 0.8952 0.4364
vn 0.1247 0.8916 0.4352
vn 0.1248 0.8918 0.4349
vn 0.1591 0.8871 0.4333
vn 0.1591 0.8871 0.4332
vn 0.1590 0.8871 0.4333
vn 0.1944 0.8808 0.4317
vn 0.1943 0.8808 0.4319
vn 0.1942 0.8810 0.4314
vn 0.1943 0.8810 0.4313
vn 0.2305 0.8733 0.4292
vn 0.2305 0.8732 0.4293
vn 0.2685 0.8633 0.4274
vn 0.2686 0.8634 0.4272
vn 0.3092 0.8504 0.4256
vn 0.3092 0.8504 0.4257
vn 0.3545 0.8339 0.4231
vn 0.3545 0.8338 0.4231
vn 0.4060 0.8128 0.4178
vn 0.4650 0.7862 0.4070
vn -0.0872 0.8697 0.4858
vn -0.0423 0.8688 0.4933
vn -0.0423 0.8689 0.4932
vn -0.0422 0.8689 0.4932
vn -0.0014 0.8677 0.4971
vn 0.0365 0.8659 0.4989
vn 0.0363 0.8655 0.4996
vn 0.0728 0.8632 0.4995
vn 0.0731 0.8635 0.4990
vn 0.0728 0.8633 0.4994
vn 0.1084 0.8595 0.4994
vn 0.1084 0.8596 0.4994
vn 0.1444 0.8546 0.4988
vn 0.1442 0.8546 0.4989
vn 0.1435 0.8542 0.4998
vn 0.1816 0.8481 0.4978
vn 0.1814 0.8483 0.4974
vn 0.1816 0.8481 0.4977
vn 0.2197 0.8403 0.4955
vn 0.2196 0.8403 0.4957
vn 0.2198 0.8406 0.4951
vn 0.2198 0.8404 0.4953
vn 0.2603 0.8305 0.4925
vn 0.2603 0.8305 0.4924
vn 0.3041 0.8176 0.4889
vn 0.3042 0.8177 0.4887
vn 0.3041 0.8175 0.4890
vn 0.3041 0.8175 0.4891
vn 0.3527 0.8006 0.4844
vn 0.3526 0.8006 0.4845
vn 0.3526 0.8005 0.4846
vn 0.4075 0.7787 0.4771
vn 0.4075 0.7786 0.4771
vn 0.4706 0.7498 0.4651
vn 0.4706 0.7498 0.4650
vn 0.4707 0.7498 0.4650
vn -0.1104 0.8332 0.5418
vn -0.1104 0.8333 0.5417
vn -0.0640 0.8323 0.5506
vn -0.0643 0.8319 0.5511
vn -0.0635 0.8329 0.5497
vn -0.0216 0.8316 0.5550
vn -0.0215 0.8318 0.5547
vn -0.0216 0.8317 0.5548
vn 0.0175 0.8295 0.5582
vn 0.0549 0.8271 0.5593
vn 0.0548 0.8265 0.5603
vn 0.0548 0.8265 0.5602
vn 0.0912 0.8224 0.5616
vn 0.0911 0.8223 0.5617
vn 0.0918 0.8232 0.5603
vn 0.0917 0.8230 0.5605
vn 0.1287 0.8175 0.5614
vn 0.1287 0.8174 0.5615
vn 0.1674 0.8113 0.5602
vn 0.1672 0.8112 0.5603
vn 0.1672 0.8111 0.5605
vn 0.2071 0.8032 0.5585
vn 0.2071 0.8032 0.5586
vn 0.2072 0.8035 0.5581
vn 0.2073 0.8035 0.5581
vn 0.2497 0.7932 0.5554
vn 0.2495 0.7932 0.5556
vn 0.2498 0.7929 0.5557
vn 0.2498 0.7928 0.5559
vn 0.2958 0.7802 0.5511
vn 0.2963 0.7812 0.5495
vn 0.2958 0.7801 0.5513
vn 0.2958 0.7802 0.5512
vn 0.3468 0.7632 0.5452
vn 0.3468 0.7632 0.5453
vn 0.4045 0.7404 0.5368
vn 0.4045 0.7404 0.5369
vn 0.4046 0.7403 0.5369
vn 0.4049 0.7400 0.5371
vn 0.4708 0.7097 0.5241
vn 0.4707 0.7097 0.5242
vn -0.1307 0.7913 0.5973
vn -0.1308 0.7913 0.5973
vn -0.1305 0.7917 0.5968
vn -0.1307 0.7913 0.5972
vn -0.0830 0.7919 0.6049
vn -0.0832 0.7917 0.6052
vn -0.0831 0.7917 0.6052
vn -0.0831 0.7918 0.6052
vn -0.0404 0.7906 0.6110
vn -0.0404 0.7905 0.6111
vn -0.0409 0.7903 0.6113
vn -0.0411 0.7900 0.6118
vn -0.0008 0.7882 0.6154
vn -0.0008 0.7883 0.6153
vn -0.0004 0.7891 0.6142
vn 0.0372 0.7850 0.6184
vn 0.0375 0.7850 0.6184
vn 0.0371 0.7851 0.6183
vn 0.0745 0.7812 0.6198
vn 0.0745 0.7811 0.6200
vn 0.1126 0.7761 0.6205
vn 0.1126 0.7761 0.6204
vn 0.1126 0.7762 0.6204
vn 0.1125 0.7759 0.6208
vn 0.1520 0.7699 0.6198
vn 0.1519 0.7698 0.6200
vn 0.1929 0.7615 0.6187
vn 0.1929 0.7617 0.6185
vn 0.1929 0.7618 0.6185
vn 0.2365 0.7516 0.6157
vn 0.2838 0.7387 0.6113
vn 0.2839 0.7385 0.6116
vn 0.2839 0.7387 0.6113
vn 0.2838 0.7387 0.6114
vn 0.3366 0.7216 0.6050
vn 0.3365 0.7216 0.6050
vn 0.3959 0.6984 0.5962
vn 0.3960 0.6984 0.5962
vn 0.4639 0.6664 0.5837
vn 0.4639 0.6662 0.5839
vn 0.4639 0.6663 0.5839
vn -0.1485 0.7431 0.6525
vn -0.1485 0.7430 0.6526
vn -0.1010 0.7438 0.6607
vn -0.0587 0.7420 0.6678
vn -0.0195 0.7390 0.6734
vn 0.0182 0.7352 0.6776
vn 0.0182 0.7350 0.6778
vn 0.0180 0.7347 0.6781
vn 0.0552 0.7307 0.6805
vn 0.0557 0.7308 0.6803
vn 0.0939 0.7255 0.6818
vn 0.0939 0.7256 0.6817
vn 0.0941 0.7259 0.6813
vn 0.0940 0.7258 0.6815
vn 0.1335 0.7195 0.6816
vn 0.1335 0.7196 0.6815
vn 0.1752 0.7111 0.6809
vn 0.1752 0.7110 0.6810
vn 0.1752 0.7109 0.6811
vn 0.2193 0.7015 0.6781
vn 0.2192 0.7015 0.6781
vn 0.2195 0.7009 0.6787
vn 0.2675 0.6894 0.6732
vn 0.3208 0.6735 0.6659
vn 0.3208 0.6735 0.6660
vn 0.3809 0.6510 0.6566
vn 0.4494 0.6183 0.6448
vn -0.1635 0.6884 0.7067
vn -0.1634 0.6884 0.7067
vn -0.1173 0.6888 0.7154
vn -0.0765 0.6857 0.7239
vn -0.0385 0.6809 0.7314
vn -0.0385 0.6808 0.7314
vn -0.0019 0.6754 0.7374
vn -0.0019 0.6754 0.7375
vn -0.0019 0.6755 0.7374
vn 0.0348 0.6700 0.7416
vn 0.0348 0.6699 0.7416
vn 0.0726 0.6642 0.7440
vn 0.0726 0.6643 0.7440
vn 0.0727 0.6651 0.7432
vn 0.1122 0.6577 0.7449
vn 0.1122 0.6578 0.7447
vn 0.1122 0.6576 0.7449
vn 0.1122 0.6576 0.7450
vn 0.1536 0.6500 0.7443
vn 0.1534 0.6488 0.7454
vn 0.1536 0.6499 0.7443
vn 0.1536 0.6501 0.7442
vn 0.1976 0.6415 0.7413
vn 0.1976 0.6414 0.7413
vn 0.2459 0.6313 0.7355
vn 0.2460 0.6313 0.7355
vn 0.2993 0.6175 0.7274
vn 0.2993 0.6174 0.7274
vn 0.3592 0.5970 0.7173
vn 0.3593 0.5970 0.7173
vn 0.4270 0.5653 0.7058
vn -0.1764 0.6266 0.7591
vn -0.1764 0.6267 0.7591
vn -0.1323 0.6266 0.7680
vn -0.1324 0.6266 0.7680
vn -0.0934 0.6218 0.7776
vn -0.0574 0.6147 0.7867
vn -0.0226 0.6069 0.7945
vn -0.0226 0.6068 0.7945
vn 0.0125 0.5997 0.8001
vn 0.0125 0.5998 0.8001
vn 0.0126 0.5998 0.8000
vn 0.0493 0.5931 0.8036
vn 0.0492 0.5936 0.8033
vn 0.0882 0.5861 0.8054
vn 0.1286 0.5789 0.8052
vn 0.1287 0.5789 0.8052
vn 0.1287 0.5790 0.8051
vn 0.1286 0.5790 0.8051
vn 0.1721 0.5720 0.8020
vn 0.2197 0.5642 0.7959
vn 0.2723 0.5532 0.7873
vn 0.3310 0.5352 0.7772
vn 0.3309 0.5352 0.7772
vn 0.3968 0.5052 0.7664
vn 0.3967 0.5051 0.7664
vn 0.3968 0.5051 0.7664
vn -0.1878 0.5578 0.8084
vn -0.1466 0.5571 0.8174
vn -0.1465 0.5571 0.8174
vn -0.1100 0.5507 0.8274
vn -0.0763 0.5414 0.8373
vn -0.0436 0.5314 0.8460
vn -0.0103 0.5224 0.8527
vn -0.0105 0.5233 0.8521
vn -0.0103 0.5225 0.8526
vn -0.0103 0.5224 0.8526
vn 0.0247 0.5146 0.8571
vn 0.0246 0.5143 0.8573
vn 0.0623 0.5072 0.8596
vn 0.0623 0.5071 0.8596
vn 0.0623 0.5078 0.8592
vn 0.0623 0.5073 0.8595
vn 0.1015 0.5001 0.8600
vn 0.1015 0.5002 0.8600
vn 0.1434 0.4944 0.8573
vn 0.1434 0.4943 0.8574
vn 0.1434 0.4945 0.8573
vn 0.1894 0.4886 0.8517
vn 0.2404 0.4796 0.8439
vn 0.2966 0.4640 0.8347
vn 0.2966 0.4639 0.8348
vn 0.2967 0.4640 0.8347
vn 0.3590 0.4365 0.8250
vn -0.1969 0.4877 0.8505
vn -0.1969 0.4878 0.8505
vn -0.1597 0.4834 0.8607
vn -0.1263 0.4740 0.8714
vn -0.1264 0.4740 0.8714
vn -0.1263 0.4741 0.8714
vn -0.0947 0.4630 0.8813
vn -0.0643 0.4514 0.8900
vn -0.0331 0.4409 0.8970
vn -0.0331 0.4412 0.8968
vn -0.0331 0.4411 0.8968
vn -0.0001 0.4314 0.9021
vn -0.0000 0.4324 0.9017
vn -0.0000 0.4323 0.9017
vn 0.0002 0.4321 0.9018
vn 0.0361 0.4240 0.9049
vn 0.0361 0.4241 0.9049
vn 0.0734 0.4174 0.9058
vn 0.0734 0.4168 0.9060
vn 0.0734 0.4169 0.9060
vn 0.0734 0.4170 0.9060
vn 0.1130 0.4111 0.9045
vn 0.1130 0.4111 0.9046
vn 0.1566 0.4059 0.9004
vn 0.1566 0.4060 0.9004
vn 0.2051 0.3981 0.8941
vn 0.2052 0.3981 0.8941
vn 0.2584 0.3859 0.8856
vn 0.2583 0.3860 0.8856
vn 0.2584 0.3860 0.8856
vn 0.3172 0.3644 0.8756
vn 0.3172 0.3644 0.8755
vn 0.3172 0.3645 0.8755
vn -0.2053 0.4151 0.8863
vn -0.2053 0.4152 0.8863
vn -0.1731 0.4053 0.8977
vn -0.1731 0.4053 0.8976
vn -0.1731 0.4052 0.8977
vn -0.1429 0.3938 0.9080
vn -0.1132 0.3821 0.9172
vn -0.0843 0.3705 0.9250
vn -0.0842 0.3705 0.9250
vn -0.0549 0.3597 0.9314
vn -0.0549 0.3598 0.9314
vn -0.0549 0.3597 0.9315
vn -0.0234 0.3499 0.9365
vn -0.0234 0.3501 0.9364
vn -0.0234 0.3498 0.9365
vn 0.0109 0.3398 0.9404
vn 0.0108 0.3403 0.9402
vn 0.0106 0.3405 0.9402
vn 0.0105 0.3405 0.9402
vn 0.0457 0.3321 0.9421
vn 0.0457 0.3320 0.9422
vn 0.0827 0.3250 0.9421
vn 0.0827 0.3248 0.9422
vn 0.0827 0.3249 0.9421
vn 0.1233 0.3181 0.9400
vn 0.1232 0.3181 0.9400
vn 0.1686 0.3098 0.9357
vn 0.2180 0.3000 0.9287
vn 0.2728 0.2870 0.9183
vn 0.0281 0.9864 0.1621
vn 0.0572 0.9852 0.1616
vn 0.0839 0.9841 0.1566
vn 0.1098 0.9820 0.1539
vn 0.1097 0.9820 0.1539
vn 0.1098 0.9820 0.1537
vn 0.1352 0.9793 0.1505
vn 0.1352 0.9793 0.1508
vn 0.1353 0.9791 0.1522
vn 0.1352 0.9794 0.1502
vn 0.1593 0.9761 0.1475
vn 0.1594 0.9759 0.1487
vn 0.1594 0.9760 0.1486
vn 0.1592 0.9762 0.1474
vn 0.1828 0.9725 0.1444
vn 0.1819 0.9725 0.1455
vn 0.1828 0.9725 0.1446
vn 0.2073 0.9680 0.1418
vn 0.2072 0.9680 0.1419
vn 0.2074 0.9680 0.1414
vn 0.2072 0.9680 0.1417
vn 0.2321 0.9626 0.1393
vn 0.2326 0.9622 0.1413
vn 0.2322 0.9626 0.1396
vn 0.2322 0.9626 0.1394
vn 0.2571 0.9566 0.1375
vn 0.2569 0.9567 0.1371
vn 0.2571 0.9565 0.1377
vn 0.2821 0.9497 0.1362
vn 0.2824 0.9496 0.1359
vn 0.3094 0.9412 0.1355
vn 0.3093 0.9412 0.1358
vn 0.3091 0.9414 0.1350
vn 0.3097 0.9413 0.1345
vn 0.3384 0.9314 0.1338
vn 0.3382 0.9314 0.1343
vn 0.3383 0.9315 0.1337
vn 0.3384 0.9315 0.1338
vn 0.3689 0.9199 0.1331
vn 0.3690 0.9199 0.1330
vn 0.3689 0.9199 0.1330
vn 0.4011 0.9060 0.1351
vn 0.4377 0.8892 0.1336
vn 0.4560 0.8715 0.1803
vn 0.4767 0.8499 0.2248
vn 0.4767 0.8498 0.2248
vn 0.4766 0.8499 0.2248
vn 0.4978 0.8229 0.2740
vn 0.5176 0.7896 0.3295
vn 0.5176 0.7897 0.3295
vn 0.5334 0.7524 0.3864
vn 0.5439 0.7118 0.4445
vn 0.5474 0.6676 0.5047
vn 0.5474 0.6675 0.5047
vn 0.5476 0.6680 0.5039
vn 0.5424 0.6204 0.5665
vn 0.5278 0.5699 0.6298
vn 0.5038 0.5153 0.6933
vn 0.5037 0.5153 0.6933
vn 0.4701 0.4551 0.7563
vn 0.4701 0.4550 0.7563
vn 0.4701 0.4551 0.7562
vn 0.4273 0.3882 0.8165
vn 0.4273 0.3881 0.8166
vn 0.4272 0.3881 0.8166
vn 0.3799 0.3223 0.8671
vn 0.3799 0.3222 0.8671
vn 0.3313 0.2571 0.9078
vn 0.3312 0.2573 0.9078
vn 0.3313 0.2572 0.9078
vn 0.2809 0.1795 0.9428
vn 0.2808 0.1795 0.9428
vn 0.2271 0.1968 0.9538
vn 0.1784 0.2044 0.9625
vn 0.1784 0.2045 0.9625
vn 0.1338 0.2169 0.9670
vn 0.1338 0.2167 0.9670
vn 0.1338 0.2168 0.9670
vn 0.1339 0.2172 0.9669
vn 0.0920 0.2288 0.9691
vn 0.0920 0.2289 0.9691
vn 0.0921 0.2290 0.9691
vn 0.0546 0.2386 0.9696
vn 0.0545 0.2396 0.9693
vn 0.0547 0.2397 0.9693
vn 0.0545 0.2395 0.9694
vn 0.0201 0.2498 0.9681
vn 0.0202 0.2500 0.9680
vn -0.0129 0.2601 0.9655
vn -0.0129 0.2602 0.9655
vn -0.0128 0.2604 0.9654
vn -0.0453 0.2708 0.9616
vn -0.0461 0.2686 0.9621
vn -0.0754 0.2811 0.9567
vn -0.0754 0.2812 0.9567
vn -0.1043 0.2903 0.9512
vn -0.1040 0.2910 0.9510
vn -0.1038 0.2915 0.9509
vn -0.1037 0.2916 0.9509
vn -0.1317 0.3019 0.9442
vn -0.1318 0.3019 0.9442
vn -0.1603 0.3125 0.9363
vn -0.1604 0.3122 0.9364
vn -0.1888 0.3227 0.9275
vn -0.2160 0.3364 0.9166
vn -0.2476 0.3436 0.9059
vn -0.2474 0.3436 0.9059
vn -0.2430 0.4149 0.8768
vn -0.2409 0.4799 0.8436
vn -0.2367 0.5479 0.8024
vn -0.2367 0.5478 0.8024
vn -0.2290 0.6165 0.7533
vn -0.2183 0.6794 0.7005
vn -0.2183 0.6795 0.7005
vn -0.2035 0.7379 0.6435
vn -0.2036 0.7379 0.6435
vn -0.1853 0.7900 0.5845
vn -0.1853 0.7899 0.5845
vn -0.1643 0.8329 0.5284
vn -0.1643 0.8330 0.5283
vn -0.1643 0.8330 0.5284
vn -0.1388 0.8703 0.4725
vn -0.1097 0.9030 0.4153
vn -0.1097 0.9031 0.4153
vn -0.0793 0.9302 0.3583
vn -0.0488 0.9517 0.3030
vn -0.0203 0.9672 0.2532
vn 0.0053 0.9780 0.2087
vn 0.0054 0.9780 0.2087
vn 0.4036 0.9139 0.0433
vn 0.4037 0.9139 0.0432
vn 0.3703 0.9277 0.0467
vn 0.3704 0.9277 0.0467
vn 0.3703 0.9277 0.0469
vn 0.3401 0.9390 0.0508
vn 0.3119 0.9485 0.0549
vn 0.3119 0.9485 0.0548
vn 0.2862 0.9563 0.0594
vn 0.2862 0.9564 0.0589
vn 0.2864 0.9563 0.0588
vn 0.2871 0.9561 0.0580
vn 0.2621 0.9631 0.0618
vn 0.2620 0.9630 0.0625
vn 0.2619 0.9631 0.0627
vn 0.2620 0.9630 0.0626
vn 0.2382 0.9690 0.0653
vn 0.2382 0.9690 0.0655
vn 0.2383 0.9690 0.0653
vn 0.2389 0.9689 0.0647
vn 0.2142 0.9744 0.0676
vn 0.2141 0.9745 0.0674
vn 0.2142 0.9745 0.0675
vn 0.1911 0.9791 0.0693
vn 0.1914 0.9791 0.0690
vn 0.1915 0.9791 0.0682
vn 0.1914 0.9791 0.0685
vn 0.1689 0.9832 0.0696
vn 0.1686 0.9833 0.0693
vn 0.1684 0.9833 0.0696
vn 0.1462 0.9867 0.0703
vn 0.1460 0.9867 0.0708
vn 0.1462 0.9868 0.0697
vn 0.1461 0.9868 0.0698
vn 0.1219 0.9901 0.0694
vn 0.1223 0.9901 0.0685
vn 0.0968 0.9929 0.0687
vn 0.0968 0.9929 0.0688
vn 0.0694 0.9952 0.0687
vn 0.0694 0.9952 0.0688
vn 0.4120 0.9109 0.0208
vn 0.3759 0.9264 0.0224
vn 0.3441 0.9386 0.0260
vn 0.3150 0.9486 0.0309
vn 0.3151 0.9486 0.0303
vn 0.3151 0.9486 0.0302
vn 0.2887 0.9568 0.0347
vn 0.2888 0.9568 0.0347
vn 0.2889 0.9567 0.0346
vn 0.2643 0.9637 0.0382
vn 0.2642 0.9637 0.0384
vn 0.2642 0.9637 0.0385
vn 0.2399 0.9699 0.0412
vn 0.2402 0.9699 0.0411
vn 0.2402 0.9699 0.0410
vn 0.2160 0.9754 0.0430
vn 0.2159 0.9755 0.0434
vn 0.2161 0.9754 0.0431
vn 0.2160 0.9754 0.0433
vn 0.1931 0.9802 0.0442
vn 0.1929 0.9802 0.0445
vn 0.1927 0.9802 0.0448
vn 0.1703 0.9844 0.0443
vn 0.1701 0.9844 0.0447
vn 0.1700 0.9844 0.0448
vn 0.1697 0.9844 0.0456
vn 0.1469 0.9882 0.0440
vn 0.1469 0.9882 0.0439
vn 0.1221 0.9916 0.0432
vn 0.1218 0.9916 0.0439
vn 0.0956 0.9945 0.0428
vn 0.0661 0.9968 0.0441
vn 0.4209 0.9071 0.0053
vn 0.4209 0.9071 0.0052
vn 0.4209 0.9071 0.0051
vn 0.3823 0.9240 0.0061
vn 0.3853 0.9228 0.0015
vn 0.3858 0.9226 -0.0006
vn 0.3488 0.9372 0.0092
vn 0.3510 0.9364 0.0049
vn 0.3521 0.9360 0.0028
vn 0.3216 0.9469 0.0055
vn 0.3188 0.9477 0.0132
vn 0.3195 0.9475 0.0089
vn 0.2917 0.9563 0.0174
vn 0.2926 0.9561 0.0137
vn 0.2962 0.9551 0.0109
vn 0.2917 0.9564 0.0174
vn 0.2664 0.9636 0.0209
vn 0.2629 0.9647 0.0132
vn 0.2650 0.9640 0.0219
vn 0.2664 0.9636 0.0212
vn 0.2437 0.9696 0.0234
vn 0.2417 0.9701 0.0232
vn 0.2416 0.9701 0.0234
vn 0.2438 0.9698 0.0099
vn 0.2173 0.9758 0.0247
vn 0.2176 0.9760 0.0121
vn 0.2173 0.9758 0.0252
vn 0.2174 0.9758 0.0245
vn 0.1936 0.9807 0.0258
vn 0.1940 0.9809 0.0135
vn 0.1934 0.9808 0.0253
vn 0.1940 0.9807 0.0244
vn 0.1696 0.9852 0.0247
vn 0.1702 0.9851 0.0261
vn 0.1699 0.9851 0.0266
vn 0.1699 0.9854 0.0139
vn 0.1454 0.9891 0.0237
vn 0.1461 0.9889 0.0254
vn 0.1461 0.9889 0.0255
vn 0.1454 0.9893 0.0141
vn 0.1204 0.9924 0.0247
vn 0.1193 0.9928 0.0135
vn 0.1195 0.9926 0.0221
vn 0.1205 0.9924 0.0245
vn 0.0913 0.9956 0.0218
vn 0.0927 0.9954 0.0243
vn 0.0927 0.9954 0.0244
vn 0.0905 0.9958 0.0131
vn 0.0612 0.9978 0.0258
vn 0.0612 0.9978 0.0259
vn 0.4327 0.9015 -0.0094
vn 0.4295 0.9030 -0.0060
vn 0.4336 0.9010 -0.0080
vn 0.3916 0.9201 -0.0068
vn 0.3911 0.9203 -0.0080
vn 0.3559 0.9345 -0.0042
vn 0.3555 0.9347 -0.0049
vn 0.3242 0.9460 -0.0019
vn 0.3239 0.9461 -0.0004
vn 0.2953 0.9554 0.0030
vn 0.2965 0.9550 0.0012
vn 0.2662 0.9639 0.0034
vn 0.2653 0.9641 0.0052
vn 0.2454 0.9694 0.0021
vn 0.2451 0.9695 0.0102
vn 0.2173 0.9761 0.0033
vn 0.2174 0.9760 0.0121
vn 0.1938 0.9810 0.0046
vn 0.1935 0.9810 0.0126
vn 0.1690 0.9855 0.0119
vn 0.1692 0.9856 0.0050
vn 0.1438 0.9895 0.0109
vn 0.1436 0.9896 0.0045
vn 0.1167 0.9932 0.0041
vn 0.1172 0.9931 0.0101
vn 0.0877 0.9961 0.0090
vn 0.0868 0.9962 0.0035
vn 0.0543 0.9985 0.0098
vn 0.0560 0.9984 0.0116
vn 0.0560 0.9984 0.0117
vn 0.0529 0.9986 0.0039
vn 0.4391 0.8983 -0.0128
vn 0.4404 0.8977 -0.0113
vn 0.3970 0.9178 -0.0101
vn 0.3960 0.9182 -0.0111
vn 0.3599 0.9330 -0.0080
vn 0.3592 0.9332 -0.0085
vn 0.3268 0.9451 -0.0059
vn 0.3272 0.9449 -0.0056
vn 0.2976 0.9547 -0.0035
vn 0.2976 0.9547 -0.0031
vn 0.2688 0.9632 -0.0026
vn 0.2702 0.9628 -0.0007
vn 0.2457 0.9693 0.0001
vn 0.2455 0.9694 -0.0028
vn 0.2182 0.9759 -0.0016
vn 0.2176 0.9760 0.0028
vn 0.1936 0.9811 -0.0011
vn 0.1934 0.9811 0.0031
vn 0.1685 0.9857 0.0032
vn 0.1682 0.9857 -0.0009
vn 0.1423 0.9898 0.0025
vn 0.1421 0.9899 -0.0012
vn 0.1143 0.9934 -0.0017
vn 0.1149 0.9934 0.0018
vn 0.0844 0.9964 0.0009
vn 0.0836 0.9965 -0.0022
vn 0.0497 0.9988 0.0010
vn 0.0485 0.9988 -0.0025
vn 0.4437 0.8961 -0.0118
vn 0.4444 0.8958 -0.0090
vn 0.4003 0.9163 -0.0084
vn 0.3998 0.9165 -0.0109
vn 0.3624 0.9320 -0.0071
vn 0.3619 0.9322 -0.0089
vn 0.3287 0.9444 -0.0065
vn 0.3291 0.9443 -0.0061
vn 0.2994 0.9541 -0.0064
vn 0.2987 0.9543 -0.0047
vn 0.2710 0.9626 -0.0039
vn 0.2714 0.9625 -0.0050
vn 0.2448 0.9696 -0.0037
vn 0.2447 0.9696 -0.0042
vn 0.2184 0.9759 -0.0024
vn 0.2183 0.9759 -0.0038
vn 0.1933 0.9811 -0.0020
vn 0.1933 0.9811 -0.0036
vn 0.1679 0.9858 -0.0021
vn 0.1676 0.9859 -0.0035
vn 0.1415 0.9899 -0.0038
vn 0.1411 0.9900 -0.0036
vn 0.1131 0.9936 -0.0034
vn 0.1127 0.9936 -0.0038
vn 0.0819 0.9966 -0.0037
vn 0.0813 0.9967 -0.0046
vn 0.0462 0.9989 -0.0047
vn 0.0454 0.9990 -0.0055
vn 0.4448 0.8956 -0.0081
vn 0.4454 0.8953 -0.0013
vn 0.4011 0.9160 -0.0078
vn 0.4013 0.9159 -0.0015
vn 0.3616 0.9323 -0.0056
vn 0.3629 0.9318 -0.0022
vn 0.3298 0.9440 -0.0057
vn 0.3296 0.9441 -0.0030
vn 0.3002 0.9539 -0.0028
vn 0.2995 0.9541 -0.0052
vn 0.2715 0.9624 -0.0040
vn 0.2707 0.9626 -0.0048
vn 0.2448 0.9696 -0.0039
vn 0.2187 0.9758 -0.0044
vn 0.2185 0.9758 -0.0039
vn 0.1929 0.9812 -0.0045
vn 0.1927 0.9812 -0.0041
vn 0.1672 0.9859 -0.0040
vn 0.1672 0.9859 -0.0039
vn 0.1407 0.9901 -0.0040
vn 0.1407 0.9900 -0.0041
vn 0.1120 0.9937 -0.0039
vn 0.1122 0.9937 -0.0046
vn 0.0804 0.9968 -0.0051
vn 0.0803 0.9968 -0.0048
vn 0.0446 0.9990 -0.0059
vn 0.0442 0.9990 -0.0055
vn 0.4454 0.8953 -0.0005
vn 0.4440 0.8960 0.0003
vn 0.3999 0.9165 0.0004
vn 0.4006 0.9163 0.0002
vn 0.3621 0.9321 -0.0011
vn 0.3626 0.9320 -0.0009
vn 0.3293 0.9442 -0.0019
vn 0.3288 0.9444 -0.0010
vn 0.2987 0.9543 -0.0024
vn 0.2993 0.9542 -0.0028
vn 0.2711 0.9625 -0.0040
vn 0.2714 0.9625 -0.0043
vn 0.2447 0.9696 -0.0046
vn 0.2444 0.9697 -0.0048
vn 0.2184 0.9758 -0.0054
vn 0.2182 0.9759 -0.0048
vn 0.1929 0.9812 -0.0068
vn 0.1932 0.9811 -0.0045
vn 0.1673 0.9859 -0.0049
vn 0.1667 0.9860 -0.0061
vn 0.1407 0.9900 -0.0049
vn 0.1409 0.9900 -0.0069
vn 0.1126 0.9936 -0.0058
vn 0.1121 0.9937 -0.0049
vn 0.0811 0.9967 -0.0061
vn 0.0813 0.9967 -0.0062
vn 0.0456 0.9989 -0.0079
vn 0.0449 0.9990 -0.0068
vn 0.4411 0.8975 0.0031
vn 0.4394 0.8983 0.0013
vn 0.3976 0.9175 0.0021
vn 0.3964 0.9181 0.0008
vn 0.3594 0.9332 -0.0008
vn 0.3604 0.9328 -0.0000
vn 0.3276 0.9448 -0.0018
vn 0.3269 0.9450 -0.0037
vn 0.2977 0.9546 -0.0063
vn 0.2981 0.9545 -0.0037
vn 0.2700 0.9628 -0.0082
vn 0.2703 0.9628 -0.0050
vn 0.2438 0.9698 -0.0054
vn 0.2437 0.9698 -0.0100
vn 0.2185 0.9758 -0.0113
vn 0.2185 0.9758 -0.0067
vn 0.1931 0.9811 -0.0120
vn 0.1930 0.9812 -0.0089
vn 0.1667 0.9859 -0.0113
vn 0.1664 0.9860 -0.0124
vn 0.1409 0.9900 -0.0092
vn 0.1426 0.9897 -0.0111
vn 0.1138 0.9935 -0.0096
vn 0.1145 0.9934 -0.0106
vn 0.0835 0.9965 -0.0107
vn 0.0833 0.9965 -0.0096
vn 0.0482 0.9988 -0.0103
vn 0.0480 0.9988 -0.0110
vn 0.4351 0.9004 0.0010
vn 0.4329 0.9014 -0.0036
vn 0.3929 0.9196 -0.0001
vn 0.3912 0.9203 -0.0044
vn 0.3556 0.9346 -0.0067
vn 0.3568 0.9342 -0.0025
vn 0.3248 0.9458 -0.0054
vn 0.3240 0.9460 -0.0103
vn 0.2956 0.9552 -0.0137
vn 0.2961 0.9551 -0.0078
vn 0.2688 0.9631 -0.0165
vn 0.2690 0.9631 -0.0098
vn 0.2430 0.9700 -0.0111
vn 0.2429 0.9699 -0.0193
vn 0.2186 0.9757 -0.0115
vn 0.2178 0.9758 -0.0214
vn 0.1931 0.9809 -0.0224
vn 0.1933 0.9811 -0.0121
vn 0.1692 0.9854 -0.0206
vn 0.1653 0.9860 -0.0216
vn 0.1429 0.9896 -0.0156
vn 0.1463 0.9891 -0.0178
vn 0.1153 0.9932 -0.0166
vn 0.1167 0.9930 -0.0186
vn 0.0869 0.9960 -0.0185
vn 0.0857 0.9962 -0.0163
vn 0.0519 0.9985 -0.0180
vn 0.0526 0.9984 -0.0196
vn 0.4303 0.9027 -0.0045
vn 0.4303 0.9027 -0.0044
vn 0.3870 0.9221 -0.0072
vn 0.3851 0.9228 -0.0148
vn 0.3510 0.9362 -0.0176
vn 0.3523 0.9358 -0.0097
vn 0.3214 0.9469 -0.0129
vn 0.3205 0.9470 -0.0216
vn 0.2934 0.9559 -0.0159
vn 0.2929 0.9558 -0.0258
vn 0.2671 0.9632 -0.0294
vn 0.2672 0.9635 -0.0186
vn 0.2420 0.9701 -0.0204
vn 0.2419 0.9697 -0.0327
vn 0.2173 0.9759 -0.0218
vn 0.2172 0.9755 -0.0353
vn 0.1928 0.9805 -0.0372
vn 0.1943 0.9807 -0.0219
vn 0.1695 0.9853 -0.0219
vn 0.1635 0.9860 -0.0334
vn 0.1425 0.9894 -0.0268
vn 0.1475 0.9886 -0.0313
vn 0.1173 0.9928 -0.0222
vn 0.0880 0.9959 -0.0224
vn 0.0548 0.9982 -0.0240
vn 0.4217 0.9066 -0.0161
vn 0.3829 0.9236 -0.0169
vn 0.3829 0.9236 -0.0168
vn 0.3492 0.9368 -0.0195
vn 0.3191 0.9474 -0.0233
vn 0.3191 0.9474 -0.0232
vn 0.2925 0.9558 -0.0282
vn 0.2918 0.9561 -0.0272
vn 0.2667 0.9633 -0.0316
vn 0.2663 0.9634 -0.0305
vn 0.2416 0.9698 -0.0335
vn 0.2415 0.9698 -0.0334
vn 0.2168 0.9756 -0.0352
vn 0.2168 0.9756 -0.0353
vn 0.1931 0.9805 -0.0368
vn 0.1930 0.9805 -0.0364
vn 0.1695 0.9849 -0.0366
vn 0.1695 0.9848 -0.0370
vn 0.1451 0.9888 -0.0361
vn 0.1453 0.9887 -0.0365
vn 0.1190 0.9923 -0.0352
vn 0.1193 0.9922 -0.0361
vn 0.1195 0.9922 -0.0365
vn 0.1195 0.9922 -0.0362
vn 0.0903 0.9953 -0.0357
vn 0.0915 0.9951 -0.0367
vn 0.0915 0.9951 -0.0369
vn 0.0599 0.9974 -0.0391
vn 0.0598 0.9974 -0.0391
vn 0.4128 0.9103 -0.0324
vn 0.4126 0.9103 -0.0322
vn 0.4128 0.9102 -0.0324
vn 0.3763 0.9259 -0.0337
vn 0.3762 0.9259 -0.0335
vn 0.3444 0.9381 -0.0372
vn 0.3444 0.9381 -0.0371
vn 0.3152 0.9481 -0.0413
vn 0.3153 0.9481 -0.0414
vn 0.3152 0.9481 -0.0412
vn 0.2889 0.9563 -0.0455
vn 0.2888 0.9563 -0.0452
vn 0.2889 0.9563 -0.0457
vn 0.2889 0.9563 -0.0456
vn 0.2641 0.9632 -0.0493
vn 0.2634 0.9635 -0.0484
vn 0.2641 0.9632 -0.0492
vn 0.2398 0.9694 -0.0522
vn 0.2404 0.9692 -0.0540
vn 0.2396 0.9695 -0.0516
vn 0.2394 0.9696 -0.0509
vn 0.2153 0.9750 -0.0541
vn 0.2153 0.9751 -0.0540
vn 0.2154 0.9750 -0.0543
vn 0.1921 0.9798 -0.0557
vn 0.1924 0.9797 -0.0564
vn 0.1922 0.9798 -0.0557
vn 0.1921 0.9798 -0.0554
vn 0.1688 0.9841 -0.0555
vn 0.1692 0.9840 -0.0562
vn 0.1692 0.9840 -0.0563
vn 0.1458 0.9877 -0.0561
vn 0.1458 0.9877 -0.0562
vn 0.1458 0.9877 -0.0560
vn 0.1209 0.9911 -0.0558
vn 0.1209 0.9911 -0.0559
vn 0.0942 0.9940 -0.0560
vn 0.0941 0.9940 -0.0561
vn 0.0943 0.9940 -0.0559
vn 0.0644 0.9962 -0.0581
vn 0.0644 0.9962 -0.0582
vn 0.4042 0.9130 -0.0556
vn 0.4041 0.9130 -0.0556
vn 0.3704 0.9270 -0.0587
vn 0.3705 0.9270 -0.0589
vn 0.3403 0.9382 -0.0628
vn 0.3405 0.9382 -0.0626
vn 0.3119 0.9478 -0.0670
vn 0.3119 0.9478 -0.0668
vn 0.3118 0.9478 -0.0669
vn 0.3119 0.9478 -0.0669
vn 0.2860 0.9556 -0.0710
vn 0.2861 0.9556 -0.0710
vn 0.2860 0.9556 -0.0709
vn 0.2861 0.9556 -0.0711
vn 0.2613 0.9623 -0.0749
vn 0.2617 0.9623 -0.0745
vn 0.2616 0.9623 -0.0745
vn 0.2615 0.9623 -0.0748
vn 0.2376 0.9683 -0.0774
vn 0.2377 0.9683 -0.0772
vn 0.2370 0.9683 -0.0783
vn 0.2136 0.9737 -0.0788
vn 0.2135 0.9737 -0.0796
vn 0.2137 0.9737 -0.0791
vn 0.2138 0.9737 -0.0793
vn 0.1898 0.9784 -0.0814
vn 0.1904 0.9783 -0.0814
vn 0.1902 0.9785 -0.0804
vn 0.1896 0.9784 -0.0817
vn 0.1678 0.9824 -0.0826
vn 0.1677 0.9823 -0.0829
vn 0.1679 0.9823 -0.0828
vn 0.1677 0.9824 -0.0826
vn 0.1448 0.9860 -0.0832
vn 0.1448 0.9860 -0.0830
vn 0.1448 0.9860 -0.0829
vn 0.1205 0.9892 -0.0832
vn 0.1206 0.9892 -0.0832
vn 0.1206 0.9892 -0.0833
vn 0.1205 0.9892 -0.0834
vn 0.0952 0.9920 -0.0831
vn 0.0678 0.9942 -0.0835
vn 0.4325 0.8984 0.0766
vn 0.4326 0.8983 0.0766
vn 0.3978 0.9142 0.0779
vn 0.3978 0.9142 0.0778
vn 0.3673 0.9264 0.0833
vn 0.3673 0.9264 0.0832
vn 0.3675 0.9263 0.0830
vn 0.3672 0.9264 0.0832
vn 0.3377 0.9373 0.0865
vn 0.3378 0.9372 0.0866
vn 0.3377 0.9375 0.0845
vn 0.3379 0.9372 0.0862
vn 0.3097 0.9467 0.0889
vn 0.3094 0.9467 0.0897
vn 0.3097 0.9466 0.0893
vn 0.3097 0.9466 0.0892
vn 0.2839 0.9544 0.0925
vn 0.2840 0.9544 0.0924
vn 0.2841 0.9544 0.0921
vn 0.2840 0.9544 0.0922
vn 0.2597 0.9610 0.0951
vn 0.2597 0.9610 0.0950
vn 0.2598 0.9610 0.0951
vn 0.2356 0.9670 0.0975
vn 0.2355 0.9669 0.0984
vn 0.2358 0.9669 0.0974
vn 0.2361 0.9669 0.0965
vn 0.2113 0.9723 0.0997
vn 0.2110 0.9723 0.1008
vn 0.2114 0.9723 0.0997
vn 0.2116 0.9723 0.0991
vn 0.1882 0.9768 0.1019
vn 0.1885 0.9768 0.1016
vn 0.1881 0.9768 0.1020
vn 0.1655 0.9808 0.1036
vn 0.1655 0.9807 0.1038
vn 0.1653 0.9807 0.1045
vn 0.1425 0.9842 0.1052
vn 0.1426 0.9842 0.1049
vn 0.1425 0.9842 0.1054
vn 0.1425 0.9841 0.1058
vn 0.1183 0.9873 0.1061
vn 0.1184 0.9873 0.1063
vn 0.1183 0.9873 0.1059
vn 0.1185 0.9874 0.1051
vn 0.0937 0.9899 0.1066
vn 0.0939 0.9899 0.1062
vn 0.0936 0.9899 0.1066
vn 0.0691 0.9921 0.1046
vn 0.0690 0.9921 0.1046
vn 0.0409 0.9935 0.1060
vn 0.0409 0.9935 0.1059
vn 0.0378 0.9966 0.0736
vn 0.0313 0.9982 0.0507
vn 0.0238 0.9992 0.0318
vn 0.0239 0.9992 0.0318
vn 0.0161 0.9998 0.0152
vn 0.0158 0.9998 0.0146
vn 0.0074 1.0000 0.0016
vn 0.0033 1.0000 -0.0020
vn 0.0036 1.0000 0.0010
vn -0.0034 1.0000 -0.0055
vn -0.0029 1.0000 -0.0042
vn -0.0047 1.0000 -0.0063
vn -0.0046 1.0000 -0.0066
vn -0.0036 1.0000 -0.0076
vn -0.0033 1.0000 -0.0088
vn 0.0016 0.9999 -0.0122
vn 0.0013 0.9999 -0.0135
vn 0.0048 0.9999 -0.0164
vn 0.0049 0.9999 -0.0164
vn 0.0130 0.9995 -0.0281
vn 0.0216 0.9988 -0.0448
vn 0.0217 0.9988 -0.0450
vn 0.0296 0.9974 -0.0654
vn 0.0296 0.9974 -0.0653
vn 0.0361 0.9954 -0.0890
vn 0.0362 0.9954 -0.0890
vn 0.0394 0.9918 -0.1217
vn 0.0675 0.9905 -0.1201
vn 0.0674 0.9905 -0.1201
vn 0.0675 0.9905 -0.1202
vn 0.0921 0.9884 -0.1209
vn 0.0922 0.9883 -0.1216
vn 0.0922 0.9883 -0.1215
vn 0.1168 0.9857 -0.1212
vn 0.1169 0.9858 -0.1209
vn 0.1168 0.9857 -0.1213
vn 0.1170 0.9858 -0.1208
vn 0.1409 0.9828 -0.1196
vn 0.1411 0.9828 -0.1193
vn 0.1410 0.9828 -0.1196
vn 0.1410 0.9828 -0.1194
vn 0.1643 0.9793 -0.1178
vn 0.1648 0.9791 -0.1192
vn 0.1642 0.9795 -0.1163
vn 0.1641 0.9796 -0.1157
vn 0.1869 0.9755 -0.1158
vn 0.1866 0.9757 -0.1151
vn 0.1867 0.9756 -0.1157
vn 0.1868 0.9756 -0.1158
vn 0.2099 0.9710 -0.1148
vn 0.2103 0.9710 -0.1136
vn 0.2104 0.9710 -0.1134
vn 0.2103 0.9710 -0.1135
vn 0.2351 0.9656 -0.1114
vn 0.2351 0.9655 -0.1116
vn 0.2349 0.9657 -0.1108
vn 0.2349 0.9657 -0.1105
vn 0.2589 0.9598 -0.1086
vn 0.2590 0.9598 -0.1083
vn 0.2590 0.9598 -0.1084
vn 0.2833 0.9532 -0.1057
vn 0.2836 0.9532 -0.1053
vn 0.2836 0.9531 -0.1053
vn 0.2832 0.9532 -0.1061
vn 0.3093 0.9455 -0.1023
vn 0.3093 0.9454 -0.1023
vn 0.3374 0.9362 -0.0986
vn 0.3376 0.9360 -0.0992
vn 0.3375 0.9361 -0.0993
vn 0.3371 0.9362 -0.0995
vn 0.3667 0.9253 -0.0963
vn 0.3671 0.9252 -0.0961
vn 0.3670 0.9252 -0.0962
vn 0.3977 0.9130 -0.0909
vn 0.4325 0.8972 -0.0895
vn 0.4430 0.8946 -0.0581
vn 0.4554 0.8895 -0.0368
vn 0.4678 0.8836 -0.0203
vn 0.4852 0.8744 -0.0004
vn 0.4838 0.8752 -0.0056
vn 0.4794 0.8776 -0.0074
vn 0.4911 0.8711 -0.0004
vn 0.4933 0.8699 0.0022
vn 0.4971 0.8677 0.0011
vn 0.4981 0.8671 0.0006
vn 0.5019 0.8649 -0.0058
vn 0.4974 0.8675 -0.0062
vn 0.4978 0.8672 -0.0104
vn 0.4972 0.8676 -0.0093
vn 0.4928 0.8700 -0.0132
vn 0.4917 0.8707 -0.0098
vn 0.4832 0.8755 -0.0057
vn 0.4827 0.8757 -0.0083
vn 0.4784 0.8781 -0.0034
vn 0.4670 0.8842 0.0090
vn 0.4546 0.8903 0.0248
vn 0.4547 0.8903 0.0248
vn 0.4424 0.8956 0.0456
vn 0.4425 0.8956 0.0455
vn 0.4427 0.8955 0.0453
vn 0.1759 0.9839 0.0321
vn 0.1761 0.9839 0.0320
vn 0.1763 0.9838 0.0320
vn 0.7795 0.4896 0.3907
vn 0.7795 0.4897 0.3906
vn 0.1662 0.9858 0.0221
vn 0.1662 0.9858 0.0220
vn 0.1660 0.9859 0.0212
vn 0.1214 0.9923 0.0236
vn 0.1213 0.9923 0.0237
vn 0.1214 0.9923 0.0237
vn 0.0592 0.9981 0.0150
vn 0.0593 0.9981 0.0148
vn 0.0592 0.9981 0.0149
vn -0.0243 0.9994 -0.0233
vn -0.0258 0.9994 -0.0243
vn -0.0259 0.9994 -0.0239
vn -0.0258 0.9994 -0.0242
vn 0.2275 0.9737 -0.0149
vn 0.2279 0.9736 -0.0145
vn 0.2280 0.9736 -0.0146
vn 0.2280 0.9736 -0.0147
vn 0.2029 0.9789 -0.0253
vn 0.2030 0.9789 -0.0251
vn 0.1552 0.9873 -0.0353
vn 0.1549 0.9873 -0.0352
vn 0.1543 0.9874 -0.0353
vn 0.1550 0.9873 -0.0352
vn 0.0918 0.9952 -0.0339
vn 0.0916 0.9953 -0.0330
vn 0.0916 0.9952 -0.0330
vn 0.0049 0.9999 0.0138
vn 0.0056 0.9999 0.0134
vn 0.0054 0.9999 0.0132
vn -0.8961 0.3511 -0.2715
vn -0.8961 0.3510 -0.2715
vn -0.8961 0.3512 -0.2715
vn -0.8297 0.4752 0.2930
vn -0.8297 0.4751 0.2930
vn 0.8864 0.4148 -0.2055
vn -0.5838 0.7896 0.1889
vn -0.5839 0.7896 0.1889
vn 0.8645 0.4837 -0.1365
vn -0.4775 0.8689 0.1303
vn 0.9272 0.3575 -0.1117
vn 0.9272 0.3575 -0.1116
vn -0.6681 0.7365 0.1055
vn 0.7661 0.6409 -0.0481
vn 0.7661 0.6409 -0.0482
vn -0.4960 0.8665 0.0560
vn -0.4961 0.8665 0.0560
vn -0.4961 0.8664 0.0559
vn 0.2748 0.9613 0.0175
vn 0.2748 0.9613 0.0176
vn 0.2749 0.9613 0.0175
vn 0.2736 0.9616 0.0189
vn 0.6896 0.7241 0.0138
vn 0.6895 0.7242 0.0136
vn 0.6894 0.7242 0.0133
vn 0.6895 0.7241 0.0137
vn -0.2787 0.9604 -0.0074
vn -0.2787 0.9603 -0.0074
vn 0.7468 0.6634 0.0469
vn -0.3990 0.9145 -0.0664
vn -0.3145 0.9332 0.1738
vn -0.3147 0.9331 0.1738
vn -0.3145 0.9332 0.1739
vn 0.9621 0.2206 -0.1603
vn 0.9621 0.2207 -0.1603
vn -0.5802 0.8088 0.0957
vn 0.8678 0.4940 -0.0534
vn -0.7385 0.6735 0.0321
vn 0.9344 0.3562 -0.0009
vn -0.5005 0.8654 -0.0232
vn 0.8543 0.5182 0.0412
vn -0.3967 0.9159 -0.0610
vn 0.8149 0.5745 0.0765
vn -0.6870 0.7157 -0.1255
vn -0.6871 0.7157 -0.1255
vn -0.6871 0.7156 -0.1254
vn 0.8912 0.4312 0.1410
vn -0.3903 0.9135 -0.1143
vn -0.3903 0.9136 -0.1143
vn -0.3903 0.9136 -0.1142
vn 0.7749 0.6042 0.1855
vn -0.5256 0.8347 -0.1643
vn -0.5254 0.8348 -0.1647
vn -0.5257 0.8347 -0.1644
vn -0.5255 0.8347 -0.1646
vn 0.9379 0.1826 0.2950
vn 0.9379 0.1827 0.2950
vn 0.0732 0.9969 0.0298
vn 0.0728 0.9969 0.0297
vn 0.0728 0.9969 0.0298
vn 0.0734 0.9968 0.0302
vn -0.3727 0.9054 -0.2035
vn -0.1998 0.3647 -0.9094
vn -0.1998 0.3648 -0.9094
vn 0.2685 0.3154 0.9102
vn 0.2685 0.3153 0.9102
vn 0.0349 0.3666 -0.9297
vn 0.0350 0.3666 -0.9297
vn 0.0353 0.3663 -0.9298
vn 0.0347 0.3668 -0.9297
vn -0.4370 0.8231 -0.3626
vn -0.4370 0.8230 -0.3628
vn -0.4370 0.8230 -0.3629
vn 0.7750 0.4766 0.4151
vn 0.7750 0.4767 0.4149
vn 0.7749 0.4766 0.4151
vn 0.7749 0.4768 0.4150
vn -0.7043 0.3937 -0.5907
vn -0.7046 0.3935 -0.5904
vn -0.7051 0.3933 -0.5900
vn -0.7050 0.3933 -0.5902
vn 0.7285 0.2499 0.6379
vn 0.7277 0.2494 0.6390
vn -0.4034 0.6651 -0.6284
vn -0.4034 0.6650 -0.6285
vn -0.4032 0.6649 -0.6287
vn 0.5949 0.2707 0.7568
vn 0.5959 0.2713 0.7559
vn 0.5940 0.2703 0.7577
vn -0.1725 0.6412 -0.7477
vn -0.1724 0.6410 -0.7479
vn -0.1723 0.6409 -0.7480
vn -0.3123 0.9029 0.2954
vn -0.3123 0.9029 0.2953
vn -0.3124 0.9027 0.2957
vn 0.7972 0.4945 -0.3462
vn 0.7979 0.4937 -0.3457
vn 0.7984 0.4932 -0.3455
vn 0.7980 0.4937 -0.3457
vn 0.4662 0.8844 -0.0240
vn -0.3201 0.5756 0.7525
vn -0.3197 0.5746 0.7534
vn -0.3205 0.5767 0.7515
vn 0.7832 0.4119 -0.4658
vn 0.7840 0.4108 -0.4653
vn 0.7824 0.4129 -0.4663
vn 0.6297 0.7121 -0.3106
vn 0.6299 0.7124 -0.3093
vn 0.6297 0.7126 -0.3092
vn 0.6285 0.7135 -0.3096
vn -0.0280 0.4774 0.8782
vn -0.0272 0.4764 0.8788
vn -0.0281 0.4774 0.8782
vn -0.0289 0.4784 0.8777
vn 0.4243 0.2195 -0.8785
vn -0.0848 0.5100 0.8560
vn 0.0091 0.4625 0.8866
vn 0.0090 0.4625 0.8866
vn 0.3005 0.6291 -0.7169
vn 0.4871 0.2063 0.8486
vn 0.4871 0.2064 0.8486
vn 0.3013 0.2315 -0.9250
vn 0.3013 0.2316 -0.9250
vn 0.2263 0.6614 0.7151
vn 0.8377 0.4758 0.2682
vn 0.7411 0.6365 -0.2135
vn 0.7411 0.6366 -0.2135
vn -0.0649 0.9979 -0.0000
vn -0.5339 -0.8455 -0.0000
vn 0.9291 0.3699 -0.0000
vt 0.000000 0.000000
vt 0.380500 0.052000
vt 0.378800 0.039600
vt 0.382700 0.037900
vt 0.385900 0.050500
vt 0.386400 0.036200
vt 0.391200 0.048900
vt 0.390100 0.034400
vt 0.396400 0.047100
vt 0.393600 0.032500
vt 0.401400 0.045100
vt 0.397100 0.030400
vt 0.406100 0.042900
vt 0.400300 0.028200
vt 0.410500 0.040200
vt 0.403300 0.025700
vt 0.414400 0.037100
vt 0.382000 0.064400
vt 0.388900 0.063100
vt 0.395800 0.061600
vt 0.402500 0.059900
vt 0.409000 0.058000
vt 0.415200 0.055500
vt 0.420900 0.052500
vt 0.425800 0.048700
vt 0.391700 0.075700
vt 0.383300 0.076900
vt 0.400000 0.074400
vt 0.408300 0.072900
vt 0.416500 0.071000
vt 0.424300 0.068500
vt 0.384500 0.089300
vt 0.394100 0.088400
vt 0.385400 0.101700
vt 0.419500 0.003500
vt 0.431500 0.005200
vt 0.429700 0.010300
vt 0.417500 0.007000
vt 0.443500 0.006700
vt 0.441900 0.013400
vt 0.454100 0.016200
vt 0.455500 0.008100
vt 0.427800 0.015300
vt 0.415500 0.010400
vt 0.440100 0.020000
vt 0.452500 0.024300
vt 0.466300 0.018600
vt 0.465000 0.028100
vt 0.425700 0.020200
vt 0.413300 0.013800
vt 0.438200 0.026500
vt 0.450700 0.032400
vt 0.463500 0.037800
vt 0.423400 0.024900
vt 0.411100 0.017000
vt 0.435900 0.032700
vt 0.448600 0.040300
vt 0.461600 0.047600
vt 0.420800 0.029400
vt 0.408700 0.020100
vt 0.433200 0.038600
vt 0.445800 0.047900
vt 0.459000 0.057200
vt 0.417800 0.033400
vt 0.406100 0.023000
vt 0.429800 0.044000
vt 0.442200 0.054800
vt 0.426800 0.249400
vt 0.415100 0.248700
vt 0.413500 0.244600
vt 0.425500 0.242200
vt 0.411800 0.240700
vt 0.424100 0.236200
vt 0.410000 0.237300
vt 0.422400 0.230900
vt 0.408100 0.234100
vt 0.420500 0.226100
vt 0.406000 0.231100
vt 0.418300 0.221700
vt 0.403800 0.228400
vt 0.415600 0.217700
vt 0.401300 0.225900
vt 0.412500 0.214300
vt 0.437600 0.239700
vt 0.438600 0.248600
vt 0.436300 0.231800
vt 0.434900 0.224700
vt 0.433000 0.218200
vt 0.430700 0.212200
vt 0.427800 0.206900
vt 0.424000 0.202500
vt 0.450400 0.247300
vt 0.449600 0.237000
vt 0.448700 0.227600
vt 0.447400 0.218800
vt 0.445800 0.210400
vt 0.443500 0.202600
vt 0.440300 0.195800
vt 0.462300 0.245800
vt 0.461800 0.234500
vt 0.461100 0.223700
vt 0.460100 0.213200
vt 0.458800 0.202900
vt 0.456800 0.193200
vt 0.382200 0.215200
vt 0.378600 0.213900
vt 0.380300 0.201400
vt 0.385500 0.202600
vt 0.381800 0.188900
vt 0.388600 0.189900
vt 0.383200 0.176500
vt 0.391400 0.177200
vt 0.384400 0.164000
vt 0.393900 0.164500
vt 0.385700 0.216700
vt 0.390600 0.203900
vt 0.395200 0.191000
vt 0.399600 0.178100
vt 0.403400 0.165200
vt 0.395500 0.205300
vt 0.389100 0.218200
vt 0.401800 0.192400
vt 0.407700 0.179300
vt 0.413200 0.166100
vt 0.400300 0.207000
vt 0.392400 0.219900
vt 0.408100 0.194000
vt 0.415700 0.180800
vt 0.404800 0.209000
vt 0.395600 0.221700
vt 0.414000 0.196200
vt 0.423400 0.182900
vt 0.398500 0.223700
vt 0.408900 0.211400
vt 0.419400 0.198900
vt 0.375000 0.041200
vt 0.375000 0.029000
vt 0.377200 0.027200
vt 0.379300 0.025300
vt 0.381500 0.023500
vt 0.383700 0.021700
vt 0.385800 0.019900
vt 0.388000 0.018100
vt 0.390200 0.016300
vt 0.392300 0.014500
vt 0.375000 0.053400
vt 0.375000 0.065700
vt 0.375000 0.077900
vt 0.375000 0.090100
vt 0.375000 0.102400
vt 0.386000 0.114200
vt 0.375000 0.114600
vt 0.386200 0.126600
vt 0.375000 0.126800
vt 0.409700 0.000000
vt 0.421500 0.000000
vt 0.407500 0.001800
vt 0.433200 0.000000
vt 0.445000 0.000000
vt 0.456800 0.000000
vt 0.405400 0.003600
vt 0.403200 0.005400
vt 0.401000 0.007200
vt 0.398900 0.009100
vt 0.396700 0.010900
vt 0.394500 0.012700
vt 0.403400 0.248400
vt 0.416500 0.255000
vt 0.405300 0.250000
vt 0.401500 0.246800
vt 0.399600 0.245300
vt 0.397700 0.243700
vt 0.395800 0.242100
vt 0.393900 0.240500
vt 0.392000 0.238900
vt 0.390100 0.237400
vt 0.427800 0.258400
vt 0.439400 0.258900
vt 0.451000 0.258500
vt 0.462600 0.257800
vt 0.375000 0.212500
vt 0.376900 0.226300
vt 0.375000 0.224700
vt 0.375000 0.200300
vt 0.375000 0.188000
vt 0.375000 0.175800
vt 0.375000 0.163600
vt 0.375000 0.151300
vt 0.385300 0.151500
vt 0.375000 0.139100
vt 0.385900 0.139100
vt 0.378800 0.227900
vt 0.380700 0.229500
vt 0.382600 0.231100
vt 0.384500 0.232600
vt 0.386400 0.234200
vt 0.388200 0.235800
vt 0.432600 0.782400
vt 0.433200 0.767400
vt 0.442500 0.769600
vt 0.442500 0.783300
vt 0.452300 0.770400
vt 0.452500 0.783900
vt 0.462400 0.770500
vt 0.462500 0.784100
vt 0.442100 0.797900
vt 0.432000 0.797400
vt 0.452300 0.798300
vt 0.462500 0.798500
vt 0.441600 0.813000
vt 0.431300 0.812800
vt 0.451900 0.813200
vt 0.462200 0.813300
vt 0.430500 0.828200
vt 0.441000 0.828400
vt 0.451500 0.828400
vt 0.461900 0.828500
vt 0.440400 0.843800
vt 0.429700 0.843800
vt 0.451000 0.843900
vt 0.461500 0.843900
vt 0.439700 0.859400
vt 0.428900 0.859400
vt 0.450400 0.859400
vt 0.461100 0.859400
vt 0.428100 0.875000
vt 0.439000 0.875000
vt 0.449800 0.875000
vt 0.460600 0.875000
vt 0.438300 0.890600
vt 0.427300 0.890600
vt 0.449200 0.890600
vt 0.460100 0.890600
vt 0.437600 0.906300
vt 0.426500 0.906300
vt 0.448600 0.906300
vt 0.459600 0.906300
vt 0.425600 0.921900
vt 0.436900 0.921900
vt 0.448000 0.921900
vt 0.459200 0.921900
vt 0.436100 0.937500
vt 0.424800 0.937500
vt 0.447400 0.937500
vt 0.458700 0.937500
vt 0.435400 0.953100
vt 0.424000 0.953100
vt 0.446800 0.953100
vt 0.458200 0.953100
vt 0.423100 0.968800
vt 0.434700 0.968800
vt 0.446200 0.968800
vt 0.457700 0.968800
vt 0.434000 0.984400
vt 0.422300 0.984400
vt 0.445600 0.984400
vt 0.457300 0.984400
vt 0.423800 0.765600
vt 0.424700 0.750000
vt 0.433200 0.754500
vt 0.442000 0.757600
vt 0.451800 0.758100
vt 0.461900 0.757800
vt 0.456800 1.000000
vt 0.445000 1.000000
vt 0.433200 1.000000
vt 0.421500 1.000000
vt 0.409700 1.000000
vt 0.410600 0.984400
vt 0.411600 0.968800
vt 0.412500 0.953100
vt 0.413500 0.937500
vt 0.414400 0.921900
vt 0.415300 0.906200
vt 0.416300 0.890600
vt 0.417200 0.875000
vt 0.418200 0.859400
vt 0.419100 0.843800
vt 0.420000 0.828100
vt 0.421000 0.812500
vt 0.421900 0.796900
vt 0.422900 0.781200
vt 0.418200 0.282500
vt 0.417400 0.267600
vt 0.428700 0.270000
vt 0.429400 0.283500
vt 0.440100 0.270800
vt 0.440700 0.284100
vt 0.451500 0.270900
vt 0.452000 0.284400
vt 0.463000 0.270700
vt 0.463200 0.284300
vt 0.430100 0.298000
vt 0.418900 0.297500
vt 0.441200 0.298400
vt 0.452400 0.298600
vt 0.463500 0.298600
vt 0.430700 0.313000
vt 0.419600 0.312800
vt 0.441700 0.313200
vt 0.452700 0.313400
vt 0.463700 0.313400
vt 0.431300 0.328300
vt 0.420300 0.328200
vt 0.442200 0.328400
vt 0.453100 0.328500
vt 0.463900 0.328500
vt 0.431900 0.343800
vt 0.421000 0.343800
vt 0.442700 0.343800
vt 0.453400 0.343900
vt 0.464100 0.343900
vt 0.432500 0.359400
vt 0.421800 0.359400
vt 0.443200 0.359400
vt 0.453800 0.359400
vt 0.464400 0.359400
vt 0.433100 0.375000
vt 0.422500 0.375000
vt 0.443700 0.375000
vt 0.454200 0.375000
vt 0.464600 0.375000
vt 0.433700 0.390600
vt 0.423200 0.390600
vt 0.444200 0.390600
vt 0.454600 0.390600
vt 0.464900 0.390600
vt 0.434300 0.406200
vt 0.423900 0.406200
vt 0.444700 0.406200
vt 0.455000 0.406200
vt 0.465200 0.406200
vt 0.434900 0.421700
vt 0.424600 0.421800
vt 0.445200 0.421600
vt 0.455400 0.421600
vt 0.465500 0.421600
vt 0.435400 0.437000
vt 0.425300 0.437200
vt 0.445600 0.436800
vt 0.455700 0.436700
vt 0.465800 0.436700
vt 0.436000 0.452100
vt 0.425900 0.452600
vt 0.446000 0.451800
vt 0.456000 0.451600
vt 0.466100 0.451600
vt 0.436300 0.466700
vt 0.426500 0.467600
vt 0.446200 0.466200
vt 0.456200 0.465900
vt 0.466200 0.466000
vt 0.436400 0.480400
vt 0.427000 0.482600
vt 0.446200 0.479600
vt 0.456200 0.479600
vt 0.466300 0.479800
vt 0.406100 0.265600
vt 0.456000 0.492200
vt 0.445900 0.491900
vt 0.436100 0.492300
vt 0.427000 0.495500
vt 0.418400 0.500000
vt 0.417600 0.484400
vt 0.416700 0.468800
vt 0.415900 0.453100
vt 0.415100 0.437500
vt 0.414300 0.421900
vt 0.413500 0.406200
vt 0.412600 0.390600
vt 0.411800 0.375000
vt 0.411000 0.359400
vt 0.410200 0.343800
vt 0.409400 0.328100
vt 0.408500 0.312500
vt 0.407700 0.296900
vt 0.406900 0.281200
vt 0.156400 0.712500
vt 0.156400 0.716900
vt 0.140800 0.720700
vt 0.140700 0.717800
vt 0.172000 0.708600
vt 0.172000 0.713600
vt 0.187600 0.705400
vt 0.187700 0.710800
vt 0.203200 0.702800
vt 0.203300 0.708400
vt 0.218900 0.700800
vt 0.218900 0.706400
vt 0.234500 0.699200
vt 0.234500 0.704900
vt 0.250100 0.698000
vt 0.250100 0.703700
vt 0.265700 0.697100
vt 0.265700 0.702900
vt 0.281300 0.696700
vt 0.281300 0.702400
vt 0.296900 0.696600
vt 0.297000 0.702200
vt 0.312500 0.696900
vt 0.312500 0.702400
vt 0.328000 0.697700
vt 0.328100 0.702900
vt 0.343600 0.699000
vt 0.343700 0.703800
vt 0.358700 0.701000
vt 0.359400 0.705000
vt 0.156500 0.720500
vt 0.140800 0.723400
vt 0.172100 0.717800
vt 0.187700 0.715300
vt 0.203300 0.713200
vt 0.218900 0.711500
vt 0.234500 0.710000
vt 0.250100 0.708900
vt 0.265800 0.708000
vt 0.281400 0.707500
vt 0.297000 0.707200
vt 0.312600 0.707200
vt 0.328200 0.707500
vt 0.343800 0.708000
vt 0.359400 0.708700
vt 0.156500 0.723600
vt 0.140900 0.725900
vt 0.172100 0.721300
vt 0.187700 0.719300
vt 0.203300 0.717500
vt 0.219000 0.715900
vt 0.234600 0.714600
vt 0.250200 0.713500
vt 0.265800 0.712700
vt 0.281400 0.712100
vt 0.297000 0.711800
vt 0.312600 0.711600
vt 0.328200 0.711700
vt 0.343800 0.711900
vt 0.359400 0.712200
vt 0.156600 0.726300
vt 0.141000 0.728200
vt 0.172200 0.724500
vt 0.187800 0.722800
vt 0.203400 0.721300
vt 0.219000 0.719900
vt 0.234600 0.718700
vt 0.250200 0.717700
vt 0.265800 0.717000
vt 0.281400 0.716400
vt 0.297000 0.716000
vt 0.312600 0.715700
vt 0.328200 0.715600
vt 0.343800 0.715500
vt 0.359400 0.715600
vt 0.156600 0.728800
vt 0.141000 0.730400
vt 0.172200 0.727400
vt 0.187800 0.726000
vt 0.203400 0.724700
vt 0.219000 0.723500
vt 0.234600 0.722500
vt 0.250200 0.721600
vt 0.265800 0.720800
vt 0.281400 0.720300
vt 0.297000 0.719800
vt 0.312600 0.719500
vt 0.328200 0.719200
vt 0.343800 0.719000
vt 0.359400 0.718900
vt 0.156700 0.731200
vt 0.141100 0.732500
vt 0.172300 0.730000
vt 0.187900 0.728900
vt 0.203500 0.727800
vt 0.219100 0.726800
vt 0.234700 0.725900
vt 0.250300 0.725100
vt 0.265900 0.724400
vt 0.281500 0.723900
vt 0.297000 0.723400
vt 0.312600 0.723000
vt 0.328200 0.722700
vt 0.343800 0.722400
vt 0.359400 0.722100
vt 0.156800 0.733500
vt 0.141200 0.734500
vt 0.172300 0.732500
vt 0.187900 0.731600
vt 0.203500 0.730700
vt 0.219100 0.729800
vt 0.234700 0.729100
vt 0.250300 0.728400
vt 0.265900 0.727800
vt 0.281500 0.727200
vt 0.297100 0.726800
vt 0.312600 0.726300
vt 0.328200 0.726000
vt 0.343800 0.725600
vt 0.359400 0.725300
vt 0.156800 0.735700
vt 0.141200 0.736500
vt 0.172400 0.734900
vt 0.188000 0.734200
vt 0.203600 0.733400
vt 0.219200 0.732700
vt 0.234700 0.732100
vt 0.250300 0.731500
vt 0.265900 0.730900
vt 0.281500 0.730400
vt 0.297100 0.730000
vt 0.312700 0.729600
vt 0.328200 0.729200
vt 0.343800 0.728800
vt 0.359400 0.728500
vt 0.156900 0.737900
vt 0.141300 0.738500
vt 0.172500 0.737200
vt 0.188000 0.736600
vt 0.203600 0.736000
vt 0.219200 0.735500
vt 0.234800 0.734900
vt 0.250400 0.734400
vt 0.265900 0.733900
vt 0.281500 0.733500
vt 0.297100 0.733100
vt 0.312700 0.732700
vt 0.328300 0.732300
vt 0.343800 0.732000
vt 0.359400 0.731600
vt 0.141400 0.740500
vt 0.156900 0.740000
vt 0.172500 0.739500
vt 0.188100 0.739000
vt 0.203700 0.738500
vt 0.219200 0.738100
vt 0.234800 0.737600
vt 0.250400 0.737200
vt 0.266000 0.736800
vt 0.281500 0.736400
vt 0.297100 0.736100
vt 0.312700 0.735700
vt 0.328300 0.735400
vt 0.343800 0.735000
vt 0.359400 0.734700
vt 0.141400 0.742400
vt 0.157000 0.742000
vt 0.172600 0.741600
vt 0.188100 0.741300
vt 0.203700 0.740900
vt 0.219300 0.740600
vt 0.234900 0.740200
vt 0.250400 0.739900
vt 0.266000 0.739600
vt 0.281600 0.739300
vt 0.297100 0.739000
vt 0.312700 0.738700
vt 0.328300 0.738400
vt 0.343900 0.738100
vt 0.359400 0.737800
vt 0.141500 0.744300
vt 0.157100 0.744000
vt 0.172600 0.743800
vt 0.188200 0.743500
vt 0.203800 0.743300
vt 0.219300 0.743000
vt 0.234900 0.742700
vt 0.250500 0.742500
vt 0.266000 0.742300
vt 0.281600 0.742000
vt 0.297200 0.741800
vt 0.312700 0.741500
vt 0.328300 0.741300
vt 0.343900 0.741100
vt 0.359400 0.740900
vt 0.141600 0.746200
vt 0.157100 0.746000
vt 0.172700 0.745900
vt 0.188300 0.745700
vt 0.203800 0.745500
vt 0.219400 0.745400
vt 0.234900 0.745200
vt 0.250500 0.745000
vt 0.266100 0.744900
vt 0.281600 0.744700
vt 0.297200 0.744600
vt 0.312800 0.744400
vt 0.328300 0.744200
vt 0.343900 0.744100
vt 0.359400 0.743900
vt 0.141600 0.748100
vt 0.157200 0.748000
vt 0.172800 0.747900
vt 0.188300 0.747900
vt 0.203900 0.747800
vt 0.219400 0.747700
vt 0.235000 0.747600
vt 0.250500 0.747500
vt 0.266100 0.747400
vt 0.281700 0.747400
vt 0.297200 0.747300
vt 0.312800 0.747200
vt 0.328300 0.747100
vt 0.343900 0.747000
vt 0.359400 0.747000
vt 0.125000 0.721000
vt 0.140700 0.713200
vt 0.125100 0.722800
vt 0.156300 0.706600
vt 0.172000 0.702400
vt 0.187600 0.699100
vt 0.203200 0.696500
vt 0.218800 0.694400
vt 0.234500 0.692800
vt 0.250100 0.691600
vt 0.265700 0.690800
vt 0.281300 0.690400
vt 0.296900 0.690400
vt 0.312400 0.690800
vt 0.327800 0.691700
vt 0.343200 0.693300
vt 0.359000 0.696300
vt 0.375000 0.703200
vt 0.375000 0.700000
vt 0.375000 0.706300
vt 0.375000 0.709400
vt 0.375000 0.712500
vt 0.375000 0.715700
vt 0.375000 0.718800
vt 0.375000 0.721900
vt 0.375000 0.725000
vt 0.375000 0.728100
vt 0.375000 0.731300
vt 0.375000 0.734400
vt 0.375000 0.737500
vt 0.375000 0.740600
vt 0.375000 0.743800
vt 0.375000 0.746900
vt 0.375000 0.750000
vt 0.359400 0.750000
vt 0.343900 0.750000
vt 0.328300 0.750000
vt 0.312800 0.750000
vt 0.297200 0.750000
vt 0.281700 0.750000
vt 0.266100 0.750000
vt 0.250600 0.750000
vt 0.235000 0.750000
vt 0.219500 0.750000
vt 0.203900 0.750000
vt 0.188400 0.750000
vt 0.172800 0.750000
vt 0.157300 0.750000
vt 0.141700 0.750000
vt 0.126200 0.750000
vt 0.126100 0.748200
vt 0.126000 0.746400
vt 0.125900 0.744600
vt 0.125900 0.742800
vt 0.125800 0.740900
vt 0.125700 0.739100
vt 0.125600 0.737300
vt 0.125600 0.735500
vt 0.125500 0.733700
vt 0.125400 0.731900
vt 0.125400 0.730100
vt 0.125300 0.728300
vt 0.125200 0.726500
vt 0.125100 0.724700
vt 0.376800 0.561200
vt 0.377300 0.551400
vt 0.382500 0.548700
vt 0.384600 0.559200
vt 0.387300 0.546300
vt 0.391400 0.557200
vt 0.391700 0.543800
vt 0.397500 0.554900
vt 0.395900 0.541100
vt 0.403200 0.552400
vt 0.399800 0.538300
vt 0.408400 0.549600
vt 0.413200 0.546300
vt 0.403500 0.535400
vt 0.407000 0.532100
vt 0.417400 0.542600
vt 0.387000 0.569900
vt 0.377600 0.571400
vt 0.395500 0.568100
vt 0.403200 0.566200
vt 0.410400 0.563800
vt 0.417100 0.561000
vt 0.423000 0.557600
vt 0.428200 0.553400
vt 0.378800 0.581600
vt 0.389400 0.580500
vt 0.399300 0.579100
vt 0.408700 0.577500
vt 0.417600 0.575500
vt 0.425800 0.572800
vt 0.433100 0.569300
vt 0.439300 0.564500
vt 0.391800 0.591200
vt 0.380200 0.592000
vt 0.403000 0.590200
vt 0.413800 0.589000
vt 0.424500 0.587400
vt 0.434600 0.585100
vt 0.443600 0.581500
vt 0.451000 0.576200
vt 0.393800 0.601900
vt 0.381400 0.602400
vt 0.406000 0.601300
vt 0.418200 0.600600
vt 0.430500 0.599600
vt 0.442700 0.597800
vt 0.454300 0.594700
vt 0.463700 0.589000
vt 0.395200 0.612600
vt 0.382400 0.612800
vt 0.408100 0.612500
vt 0.421200 0.612200
vt 0.434900 0.611900
vt 0.449400 0.611100
vt 0.465100 0.609400
vt 0.425400 0.502500
vt 0.435100 0.501900
vt 0.433600 0.509700
vt 0.423300 0.507500
vt 0.445200 0.502600
vt 0.444100 0.512100
vt 0.455500 0.503900
vt 0.454700 0.514500
vt 0.431800 0.516500
vt 0.421000 0.512400
vt 0.442600 0.520600
vt 0.453600 0.524500
vt 0.429600 0.522600
vt 0.418600 0.516800
vt 0.440800 0.528300
vt 0.452100 0.533800
vt 0.463500 0.539000
vt 0.464600 0.528100
vt 0.427200 0.528300
vt 0.416000 0.521000
vt 0.438500 0.535600
vt 0.450100 0.542700
vt 0.462000 0.549700
vt 0.424400 0.533600
vt 0.413200 0.524900
vt 0.435800 0.542200
vt 0.447500 0.551000
vt 0.459700 0.559800
vt 0.421200 0.538300
vt 0.410200 0.528700
vt 0.432400 0.548200
vt 0.444000 0.558300
vt 0.456200 0.568800
vt 0.440800 0.747900
vt 0.431200 0.747200
vt 0.428700 0.741800
vt 0.438900 0.739800
vt 0.426000 0.736700
vt 0.436600 0.732800
vt 0.423100 0.731900
vt 0.434000 0.726400
vt 0.420100 0.727400
vt 0.431100 0.720400
vt 0.416900 0.723100
vt 0.427900 0.714800
vt 0.413500 0.719000
vt 0.424200 0.709700
vt 0.409900 0.715100
vt 0.420100 0.705100
vt 0.449300 0.737600
vt 0.450800 0.747200
vt 0.447400 0.728900
vt 0.445000 0.721000
vt 0.442300 0.713500
vt 0.439100 0.706600
vt 0.435200 0.700300
vt 0.430500 0.694800
vt 0.459800 0.735300
vt 0.461100 0.746100
vt 0.458200 0.725300
vt 0.456200 0.715800
vt 0.453700 0.706700
vt 0.450600 0.698200
vt 0.446600 0.690600
vt 0.441300 0.684200
vt 0.462600 0.689900
vt 0.465500 0.700200
vt 0.458500 0.680700
vt 0.452700 0.673000
vt 0.377300 0.683800
vt 0.385300 0.686100
vt 0.383200 0.696200
vt 0.377700 0.693200
vt 0.378000 0.674000
vt 0.387600 0.675900
vt 0.379100 0.664100
vt 0.389900 0.665500
vt 0.380400 0.654000
vt 0.392200 0.655100
vt 0.381600 0.643800
vt 0.394100 0.644600
vt 0.382500 0.633500
vt 0.395400 0.634000
vt 0.382800 0.623100
vt 0.395800 0.623400
vt 0.388400 0.699000
vt 0.392400 0.688500
vt 0.396300 0.678000
vt 0.400000 0.667300
vt 0.403500 0.656500
vt 0.406300 0.645600
vt 0.408300 0.634700
vt 0.408900 0.623600
vt 0.398800 0.691200
vt 0.393100 0.701900
vt 0.404300 0.680400
vt 0.409500 0.669400
vt 0.414500 0.658200
vt 0.418600 0.646900
vt 0.421400 0.635400
vt 0.422400 0.623900
vt 0.404800 0.694100
vt 0.397700 0.704900
vt 0.411800 0.683100
vt 0.418700 0.671900
vt 0.425300 0.660300
vt 0.431100 0.648500
vt 0.435100 0.636500
vt 0.436600 0.624200
vt 0.410300 0.697300
vt 0.402000 0.708100
vt 0.418700 0.686300
vt 0.427200 0.675000
vt 0.435600 0.663200
vt 0.443500 0.650900
vt 0.449800 0.637900
vt 0.452300 0.624600
vt 0.415500 0.701000
vt 0.406100 0.711500
vt 0.425000 0.690200
vt 0.434800 0.679000
vt 0.445000 0.667300
vt 0.455300 0.654600
vt 0.465700 0.640400
vt 0.475300 0.625100
vt 0.465100 0.660800
vt 0.370400 0.553300
vt 0.375000 0.543600
vt 0.377700 0.540900
vt 0.380400 0.538100
vt 0.383100 0.535400
vt 0.385800 0.532700
vt 0.388600 0.530000
vt 0.391300 0.527200
vt 0.394000 0.524500
vt 0.396700 0.521800
vt 0.367200 0.563000
vt 0.366800 0.572800
vt 0.367200 0.582700
vt 0.367800 0.592700
vt 0.368600 0.602700
vt 0.369200 0.612900
vt 0.369400 0.623000
vt 0.415700 0.502700
vt 0.413000 0.505400
vt 0.410200 0.508200
vt 0.407500 0.510900
vt 0.404800 0.513600
vt 0.402100 0.516300
vt 0.399400 0.519100
vt 0.421600 0.746900
vt 0.418500 0.743800
vt 0.415400 0.740600
vt 0.412300 0.737500
vt 0.409200 0.734400
vt 0.406100 0.731300
vt 0.403000 0.728100
vt 0.399900 0.725000
vt 0.370600 0.691000
vt 0.378100 0.703200
vt 0.367500 0.681800
vt 0.367100 0.672400
vt 0.367400 0.662800
vt 0.368000 0.653000
vt 0.368700 0.643100
vt 0.369200 0.633100
vt 0.381200 0.706300
vt 0.384300 0.709400
vt 0.387400 0.712500
vt 0.390500 0.715700
vt 0.393600 0.718800
vt 0.396800 0.721900
vt 0.359400 0.539700
vt 0.358700 0.543400
vt 0.343600 0.545700
vt 0.343700 0.541200
vt 0.328000 0.547300
vt 0.328100 0.542300
vt 0.312500 0.548300
vt 0.312500 0.543000
vt 0.296900 0.548800
vt 0.296900 0.543400
vt 0.281300 0.548900
vt 0.281300 0.543400
vt 0.265700 0.548600
vt 0.265700 0.543000
vt 0.250100 0.547900
vt 0.250100 0.542300
vt 0.234500 0.546800
vt 0.234500 0.541300
vt 0.218900 0.539900
vt 0.218800 0.545300
vt 0.203300 0.538000
vt 0.203200 0.543400
vt 0.187600 0.535700
vt 0.187600 0.540900
vt 0.172000 0.532900
vt 0.172000 0.537800
vt 0.156400 0.529700
vt 0.156300 0.534000
vt 0.140700 0.528700
vt 0.140800 0.526000
vt 0.359400 0.536400
vt 0.343800 0.537200
vt 0.328200 0.537900
vt 0.312600 0.538400
vt 0.297000 0.538600
vt 0.281400 0.538500
vt 0.265700 0.538100
vt 0.250100 0.537400
vt 0.234500 0.536400
vt 0.218900 0.535000
vt 0.203300 0.533400
vt 0.187700 0.531300
vt 0.172100 0.529000
vt 0.156400 0.526300
vt 0.140800 0.523500
vt 0.359400 0.533200
vt 0.343800 0.533700
vt 0.328200 0.534100
vt 0.312600 0.534300
vt 0.297000 0.534300
vt 0.281400 0.534100
vt 0.265800 0.533600
vt 0.250200 0.533000
vt 0.234500 0.532000
vt 0.218900 0.530800
vt 0.203300 0.529300
vt 0.187700 0.527600
vt 0.172100 0.525700
vt 0.156500 0.523500
vt 0.140900 0.521300
vt 0.359400 0.530200
vt 0.343800 0.530400
vt 0.328200 0.530500
vt 0.312600 0.530500
vt 0.297000 0.530400
vt 0.281400 0.530100
vt 0.265800 0.529700
vt 0.250200 0.529000
vt 0.234600 0.528100
vt 0.219000 0.527000
vt 0.203400 0.525800
vt 0.187700 0.524300
vt 0.172100 0.522700
vt 0.156500 0.521000
vt 0.140900 0.519200
vt 0.359400 0.527300
vt 0.343800 0.527300
vt 0.328200 0.527200
vt 0.312600 0.527100
vt 0.297000 0.526900
vt 0.281400 0.526500
vt 0.265800 0.526000
vt 0.250200 0.525400
vt 0.234600 0.524600
vt 0.219000 0.523700
vt 0.203400 0.522600
vt 0.187800 0.521400
vt 0.172200 0.520100
vt 0.156600 0.518700
vt 0.141000 0.517200
vt 0.359400 0.524400
vt 0.343800 0.524300
vt 0.328200 0.524100
vt 0.312600 0.523900
vt 0.297000 0.523600
vt 0.281400 0.523200
vt 0.265800 0.522800
vt 0.250200 0.522200
vt 0.234600 0.521500
vt 0.219000 0.520600
vt 0.203400 0.519700
vt 0.187800 0.518700
vt 0.172200 0.517700
vt 0.156600 0.516500
vt 0.141000 0.515400
vt 0.359400 0.521600
vt 0.343800 0.521400
vt 0.328200 0.521100
vt 0.312600 0.520900
vt 0.297000 0.520500
vt 0.281400 0.520200
vt 0.265900 0.519700
vt 0.250300 0.519200
vt 0.234700 0.518600
vt 0.219100 0.517900
vt 0.203500 0.517100
vt 0.187900 0.516300
vt 0.172300 0.515400
vt 0.156700 0.514500
vt 0.141100 0.513600
vt 0.359400 0.518800
vt 0.343800 0.518500
vt 0.328200 0.518300
vt 0.312600 0.518000
vt 0.297100 0.517600
vt 0.281500 0.517300
vt 0.265900 0.516800
vt 0.250300 0.516400
vt 0.234700 0.515800
vt 0.219100 0.515300
vt 0.203500 0.514600
vt 0.187900 0.514000
vt 0.172300 0.513300
vt 0.156700 0.512500
vt 0.141200 0.511800
vt 0.359400 0.516100
vt 0.343800 0.515800
vt 0.328200 0.515500
vt 0.312700 0.515200
vt 0.297100 0.514900
vt 0.281500 0.514500
vt 0.265900 0.514100
vt 0.250300 0.513700
vt 0.234700 0.513300
vt 0.219100 0.512800
vt 0.203600 0.512300
vt 0.188000 0.511800
vt 0.172400 0.511200
vt 0.156800 0.510600
vt 0.141200 0.510100
vt 0.359400 0.513300
vt 0.343800 0.513100
vt 0.328300 0.512800
vt 0.312700 0.512500
vt 0.297100 0.512200
vt 0.281500 0.511900
vt 0.265900 0.511600
vt 0.250300 0.511200
vt 0.234800 0.510900
vt 0.219200 0.510500
vt 0.203600 0.510100
vt 0.188000 0.509700
vt 0.172400 0.509200
vt 0.156900 0.508800
vt 0.141300 0.508300
vt 0.359400 0.510700
vt 0.343800 0.510400
vt 0.328300 0.510200
vt 0.312700 0.509900
vt 0.297100 0.509700
vt 0.281500 0.509400
vt 0.266000 0.509100
vt 0.250400 0.508900
vt 0.234800 0.508600
vt 0.219200 0.508300
vt 0.203600 0.507900
vt 0.188100 0.507600
vt 0.172500 0.507300
vt 0.156900 0.507000
vt 0.141300 0.506600
vt 0.359400 0.508000
vt 0.343900 0.507800
vt 0.328300 0.507600
vt 0.312700 0.507400
vt 0.297100 0.507200
vt 0.281600 0.507000
vt 0.266000 0.506800
vt 0.250400 0.506600
vt 0.234800 0.506300
vt 0.219300 0.506100
vt 0.203700 0.505900
vt 0.188100 0.505700
vt 0.172500 0.505400
vt 0.157000 0.505200
vt 0.141400 0.505000
vt 0.359400 0.505300
vt 0.343900 0.505200
vt 0.328300 0.505000
vt 0.312700 0.504900
vt 0.297100 0.504800
vt 0.281600 0.504600
vt 0.266000 0.504500
vt 0.250400 0.504300
vt 0.234900 0.504200
vt 0.219300 0.504000
vt 0.203700 0.503900
vt 0.188200 0.503800
vt 0.172600 0.503600
vt 0.157000 0.503500
vt 0.141500 0.503300
vt 0.359400 0.502700
vt 0.343900 0.502600
vt 0.328300 0.502500
vt 0.312700 0.502400
vt 0.297200 0.502400
vt 0.281600 0.502300
vt 0.266000 0.502200
vt 0.250500 0.502200
vt 0.234900 0.502100
vt 0.219300 0.502000
vt 0.203800 0.501900
vt 0.188200 0.501900
vt 0.172600 0.501800
vt 0.157100 0.501700
vt 0.141500 0.501700
vt 0.359000 0.547900
vt 0.375000 0.540900
vt 0.343200 0.551400
vt 0.327800 0.553200
vt 0.312400 0.554300
vt 0.296900 0.554900
vt 0.281300 0.555100
vt 0.265700 0.554800
vt 0.250100 0.554100
vt 0.234500 0.553100
vt 0.218800 0.551600
vt 0.203200 0.549600
vt 0.187600 0.547100
vt 0.171900 0.543900
vt 0.156300 0.539800
vt 0.140700 0.533100
vt 0.125100 0.523700
vt 0.125000 0.525300
vt 0.125100 0.522100
vt 0.125200 0.520500
vt 0.125300 0.518900
vt 0.125300 0.517400
vt 0.125400 0.515800
vt 0.125400 0.514200
vt 0.125500 0.512600
vt 0.125600 0.511100
vt 0.125600 0.509500
vt 0.125700 0.507900
vt 0.125800 0.506300
vt 0.125800 0.504700
vt 0.125900 0.503200
vt 0.125900 0.501600
vt 0.126000 0.500000
vt 0.141600 0.500000
vt 0.157100 0.500000
vt 0.172700 0.500000
vt 0.188300 0.500000
vt 0.203800 0.500000
vt 0.219400 0.500000
vt 0.234900 0.500000
vt 0.250500 0.500000
vt 0.266100 0.500000
vt 0.281600 0.500000
vt 0.297200 0.500000
vt 0.312800 0.500000
vt 0.328300 0.500000
vt 0.343900 0.500000
vt 0.359400 0.500000
vt 0.375000 0.502700
vt 0.375000 0.500000
vt 0.375000 0.505400
vt 0.375000 0.508200
vt 0.375000 0.510900
vt 0.375000 0.513600
vt 0.375000 0.516300
vt 0.375000 0.519100
vt 0.375000 0.521800
vt 0.375000 0.524500
vt 0.375000 0.527200
vt 0.375000 0.530000
vt 0.375000 0.532700
vt 0.375000 0.535400
vt 0.375000 0.538100
vt 0.140600 0.553500
vt 0.140600 0.542400
vt 0.156300 0.547600
vt 0.156300 0.557000
vt 0.171900 0.560100
vt 0.171900 0.551400
vt 0.187600 0.554400
vt 0.187500 0.562700
vt 0.203200 0.556800
vt 0.203200 0.564800
vt 0.218800 0.558700
vt 0.218800 0.566500
vt 0.234400 0.560100
vt 0.234400 0.567800
vt 0.250100 0.561100
vt 0.250000 0.568700
vt 0.265700 0.561700
vt 0.265700 0.569200
vt 0.281300 0.561900
vt 0.281200 0.569500
vt 0.296800 0.561800
vt 0.296700 0.569300
vt 0.312000 0.568800
vt 0.312200 0.561200
vt 0.327500 0.560100
vt 0.327100 0.567800
vt 0.342500 0.558400
vt 0.341700 0.566500
vt 0.356800 0.556200
vt 0.355300 0.564900
vt 0.140600 0.564700
vt 0.156300 0.567300
vt 0.171900 0.569600
vt 0.187500 0.571700
vt 0.203200 0.573500
vt 0.218800 0.574900
vt 0.234400 0.576000
vt 0.250000 0.576800
vt 0.265700 0.577300
vt 0.281200 0.577500
vt 0.296600 0.577400
vt 0.311800 0.577000
vt 0.326800 0.576300
vt 0.341100 0.575300
vt 0.354600 0.574100
vt 0.140600 0.576200
vt 0.156300 0.578000
vt 0.171900 0.579800
vt 0.187500 0.581400
vt 0.203200 0.582800
vt 0.218800 0.583900
vt 0.234400 0.584800
vt 0.250000 0.585400
vt 0.265600 0.585800
vt 0.281200 0.586000
vt 0.296600 0.585900
vt 0.311700 0.585600
vt 0.326600 0.585100
vt 0.340900 0.584400
vt 0.354500 0.583600
vt 0.140600 0.587800
vt 0.156300 0.589100
vt 0.171900 0.590300
vt 0.187500 0.591400
vt 0.203100 0.592400
vt 0.218800 0.593300
vt 0.234400 0.593900
vt 0.250000 0.594400
vt 0.265600 0.594700
vt 0.281200 0.594900
vt 0.296600 0.594800
vt 0.311700 0.594600
vt 0.326600 0.594300
vt 0.340900 0.593800
vt 0.354800 0.593300
vt 0.140600 0.599500
vt 0.156300 0.600300
vt 0.171900 0.601100
vt 0.187500 0.601800
vt 0.203100 0.602400
vt 0.218800 0.602900
vt 0.234400 0.603400
vt 0.250000 0.603700
vt 0.265600 0.603900
vt 0.281200 0.604000
vt 0.296600 0.604000
vt 0.311800 0.603800
vt 0.326600 0.603700
vt 0.341100 0.603400
vt 0.355100 0.603100
vt 0.156300 0.611600
vt 0.140600 0.611300
vt 0.171900 0.612000
vt 0.187500 0.612300
vt 0.203100 0.612600
vt 0.218800 0.612800
vt 0.234400 0.613000
vt 0.250000 0.613100
vt 0.265600 0.613200
vt 0.281200 0.613300
vt 0.296600 0.613300
vt 0.311800 0.613200
vt 0.326700 0.613100
vt 0.341300 0.613100
vt 0.355500 0.613000
vt 0.156300 0.623000
vt 0.140600 0.623100
vt 0.171900 0.622900
vt 0.187500 0.622900
vt 0.203100 0.622800
vt 0.218800 0.622800
vt 0.234400 0.622700
vt 0.250000 0.622700
vt 0.265600 0.622600
vt 0.281200 0.622600
vt 0.296600 0.622600
vt 0.311800 0.622600
vt 0.326800 0.622700
vt 0.341400 0.622800
vt 0.355700 0.622800
vt 0.156300 0.634400
vt 0.140600 0.634900
vt 0.171900 0.633900
vt 0.187500 0.633500
vt 0.203100 0.633100
vt 0.218800 0.632700
vt 0.234400 0.632400
vt 0.250000 0.632200
vt 0.265600 0.632100
vt 0.281200 0.632000
vt 0.296600 0.632000
vt 0.311800 0.632100
vt 0.326800 0.632200
vt 0.341400 0.632400
vt 0.355500 0.632700
vt 0.156300 0.645700
vt 0.140600 0.646700
vt 0.171900 0.644800
vt 0.187500 0.644000
vt 0.203100 0.643300
vt 0.218800 0.642600
vt 0.234400 0.642100
vt 0.250000 0.641700
vt 0.265600 0.641400
vt 0.281200 0.641300
vt 0.296600 0.641300
vt 0.311800 0.641400
vt 0.326700 0.641600
vt 0.341200 0.642000
vt 0.355200 0.642500
vt 0.156300 0.657000
vt 0.140600 0.658400
vt 0.171900 0.655600
vt 0.187500 0.654400
vt 0.203100 0.653300
vt 0.218800 0.652300
vt 0.234400 0.651500
vt 0.250000 0.651000
vt 0.265600 0.650600
vt 0.281200 0.650400
vt 0.296600 0.650400
vt 0.311700 0.650600
vt 0.326600 0.650900
vt 0.341000 0.651500
vt 0.354900 0.652200
vt 0.156300 0.668000
vt 0.140600 0.670000
vt 0.171900 0.666100
vt 0.187500 0.664400
vt 0.203200 0.663000
vt 0.218800 0.661700
vt 0.234400 0.660700
vt 0.250000 0.660000
vt 0.265700 0.659500
vt 0.281200 0.659200
vt 0.296600 0.659200
vt 0.311800 0.659500
vt 0.326600 0.660000
vt 0.341000 0.660700
vt 0.354600 0.661700
vt 0.156300 0.678800
vt 0.140600 0.681500
vt 0.171900 0.676400
vt 0.187500 0.674100
vt 0.203200 0.672300
vt 0.218800 0.670700
vt 0.234400 0.669500
vt 0.250000 0.668600
vt 0.265700 0.668000
vt 0.281200 0.667700
vt 0.296600 0.667800
vt 0.311900 0.668100
vt 0.326800 0.668800
vt 0.341200 0.669700
vt 0.354800 0.670900
vt 0.156300 0.689200
vt 0.140600 0.692700
vt 0.171900 0.686000
vt 0.187500 0.683300
vt 0.203200 0.681000
vt 0.218800 0.679300
vt 0.234400 0.677900
vt 0.250100 0.676800
vt 0.265700 0.676200
vt 0.281200 0.675800
vt 0.296700 0.675900
vt 0.312000 0.676300
vt 0.327100 0.677100
vt 0.341700 0.678300
vt 0.355400 0.679900
vt 0.156300 0.698600
vt 0.140600 0.703800
vt 0.171900 0.694800
vt 0.187600 0.691700
vt 0.203200 0.689200
vt 0.218800 0.687200
vt 0.234400 0.685600
vt 0.250100 0.684500
vt 0.265700 0.683800
vt 0.281300 0.683400
vt 0.296800 0.683400
vt 0.312200 0.683900
vt 0.327500 0.684800
vt 0.342500 0.686300
vt 0.356800 0.688200
vt 0.125000 0.537500
vt 0.125000 0.708800
vt 0.125000 0.696600
vt 0.125000 0.684300
vt 0.125000 0.672100
vt 0.125000 0.659900
vt 0.125000 0.647600
vt 0.125000 0.635400
vt 0.125000 0.623100
vt 0.125000 0.610900
vt 0.125000 0.598700
vt 0.125000 0.586400
vt 0.125000 0.574200
vt 0.125000 0.562000
vt 0.125000 0.549700
vt 0.431400 0.065100
vt 0.437500 0.060600
vt 0.403800 0.087300
vt 0.413600 0.086000
vt 0.423600 0.084300
vt 0.433400 0.081900
vt 0.442300 0.078400
vt 0.395900 0.101000
vt 0.406800 0.100200
vt 0.418000 0.099200
vt 0.429800 0.097900
vt 0.397100 0.113700
vt 0.408800 0.113200
vt 0.421000 0.112500
vt 0.434100 0.111700
vt 0.436000 0.190200
vt 0.453500 0.184500
vt 0.448500 0.177400
vt 0.395800 0.151800
vt 0.397100 0.139100
vt 0.397600 0.126400
vt 0.406500 0.152200
vt 0.408600 0.139200
vt 0.409400 0.126100
vt 0.417700 0.152700
vt 0.420900 0.139300
vt 0.422100 0.125900
vt 0.423000 0.167300
vt 0.429400 0.153600
vt 0.433900 0.139600
vt 0.435800 0.125600
vt 0.432600 0.169300
vt 0.430200 0.186000
vt 0.441300 0.172500
s 1
usemtl Goddard_None
f 1/1/1 2/1/1 3/1/1
f 1/1/1 3/1/1 4/1/1
f 1/1/1 4/1/1 5/1/1
f 6/1/2 7/1/2 8/1/2
f 6/1/2 8/1/2 9/1/2
f 6/1/2 9/1/2 10/1/2
f 10/1/3 9/1/3 3/1/3
f 3/1/3 2/1/3 10/1/3
f 8/1/4 7/1/4 5/1/4
f 5/1/4 4/1/4 8/1/4
f 10/1/5 2/1/5 1/1/5
f 1/1/5 6/1/5 10/1/5
f 4/1/6 3/1/6 9/1/6
f 9/1/6 8/1/6 4/1/6
f 5/1/7 7/1/7 6/1/7
f 6/1/7 1/1/7 5/1/7
f 14/2/8 15/3/9 16/4/10
f 16/4/10 17/5/9 14/2/8
f 18/6/11 19/7/12 17/5/13
f 17/5/13 16/4/12 18/6/11
f 19/7/14 18/6/14 20/8/14
f 20/8/14 21/9/14 19/7/14
f 21/9/15 20/8/15 22/10/15
f 22/10/15 23/11/15 21/9/15
f 22/10/16 24/12/16 25/13/16
f 25/13/16 23/11/16 22/10/16
f 25/13/17 24/12/18 26/14/17
f 26/14/17 27/15/19 25/13/17
f 27/15/20 26/14/21 28/16/21
f 28/16/21 29/17/21 27/15/20
f 30/18/22 14/2/23 17/5/24
f 17/5/24 31/19/23 30/18/22
f 31/19/25 17/5/25 19/7/26
f 19/7/26 32/20/25 31/19/25
f 19/7/27 21/9/27 33/21/27
f 33/21/27 32/20/27 19/7/27
f 33/21/28 21/9/28 23/11/28
f 23/11/28 34/22/29 33/21/28
f 34/22/30 23/11/30 25/13/30
f 25/13/30 35/23/30 34/22/30
f 25/13/31 27/15/31 36/24/32
f 36/24/32 35/23/32 25/13/31
f 36/24/33 27/15/34 29/17/33
f 29/17/33 37/25/35 36/24/33
f 30/18/36 31/19/37 38/26/37
f 38/26/37 39/27/37 30/18/36
f 38/26/38 31/19/39 32/20/40
f 32/20/40 40/28/41 38/26/38
f 40/28/42 32/20/42 33/21/43
f 33/21/43 41/29/43 40/28/42
f 34/22/44 42/30/45 41/29/44
f 41/29/44 33/21/44 34/22/44
f 42/30/46 34/22/46 35/23/46
f 35/23/46 43/31/46 42/30/46
f 43/31/47 35/23/47 36/24/47
f 44/32/48 39/27/49 38/26/50
f 38/26/50 45/33/51 44/32/48
f 45/33/52 38/26/53 40/28/53
f 46/34/54 44/32/54 45/33/55
f 48/35/56 49/36/57 50/37/58
f 50/37/58 51/38/59 48/35/56
f 52/39/60 53/40/60 50/37/60
f 50/37/60 49/36/60 52/39/60
f 54/41/61 53/40/62 52/39/62
f 52/39/62 55/42/63 54/41/61
f 51/38/64 50/37/64 56/43/64
f 56/43/64 57/44/65 51/38/64
f 50/37/66 53/40/67 58/45/67
f 58/45/67 56/43/68 50/37/66
f 54/41/69 59/46/69 58/45/70
f 58/45/70 53/40/71 54/41/69
f 54/41/72 60/47/72 61/48/73
f 61/48/73 59/46/73 54/41/72
f 56/43/74 62/49/74 63/50/74
f 63/50/74 57/44/74 56/43/74
f 56/43/75 58/45/75 64/51/75
f 64/51/75 62/49/75 56/43/75
f 58/45/76 59/46/77 65/52/78
f 65/52/78 64/51/79 58/45/76
f 59/46/80 61/48/80 66/53/80
f 66/53/80 65/52/80 59/46/80
f 63/50/81 62/49/81 67/54/81
f 67/54/81 68/55/81 63/50/81
f 64/51/82 69/56/83 67/54/83
f 67/54/83 62/49/84 64/51/82
f 64/51/85 65/52/86 70/57/86
f 70/57/86 69/56/86 64/51/85
f 65/52/87 66/53/88 71/58/89
f 71/58/89 70/57/87 65/52/87
f 68/55/90 67/54/91 72/59/92
f 72/59/92 73/60/92 68/55/90
f 67/54/93 69/56/93 74/61/93
f 74/61/93 72/59/93 67/54/93
f 69/56/94 70/57/95 75/62/94
f 75/62/94 74/61/94 69/56/94
f 70/57/96 71/58/96 76/63/96
f 76/63/96 75/62/97 70/57/96
f 73/60/98 72/59/98 77/64/98
f 77/64/98 78/65/98 73/60/98
f 72/59/99 74/61/99 79/66/99
f 79/66/99 77/64/99 72/59/99
f 74/61/100 75/62/101 80/67/101
f 80/67/101 79/66/101 74/61/100
f 80/67/102 75/62/102 76/63/103
f 81/68/104 82/69/105 83/70/106
f 83/70/106 84/71/106 81/68/104
f 84/71/107 83/70/107 85/72/107
f 85/72/107 86/73/107 84/71/107
f 87/74/108 88/75/109 86/73/108
f 86/73/108 85/72/108 87/74/108
f 88/75/110 87/74/111 89/76/110
f 89/76/110 90/77/110 88/75/110
f 90/77/112 89/76/112 91/78/112
f 91/78/112 92/79/112 90/77/112
f 91/78/113 93/80/113 94/81/113
f 94/81/113 92/79/113 91/78/113
f 94/81/114 93/80/114 95/82/114
f 95/82/114 96/83/114 94/81/114
f 84/71/115 97/84/115 98/85/115
f 98/85/115 81/68/115 84/71/115
f 97/84/116 84/71/117 86/73/117
f 86/73/117 99/86/117 97/84/116
f 99/86/118 86/73/119 88/75/120
f 88/75/120 100/87/118 99/86/118
f 90/77/121 101/88/121 100/87/121
f 100/87/121 88/75/121 90/77/121
f 101/88/122 90/77/123 92/79/124
f 92/79/124 102/89/125 101/88/122
f 102/89/126 92/79/126 94/81/126
f 94/81/126 103/90/126 102/89/126
f 94/81/127 96/83/127 104/91/128
f 104/91/128 103/90/128 94/81/127
f 105/92/129 98/85/129 97/84/129
f 97/84/129 106/93/129 105/92/129
f 97/84/130 99/86/130 107/94/131
f 107/94/131 106/93/130 97/84/130
f 107/94/132 99/86/133 100/87/133
f 100/87/133 108/95/133 107/94/132
f 108/95/134 100/87/134 101/88/135
f 101/88/135 109/96/134 108/95/134
f 102/89/136 110/97/136 109/96/136
f 109/96/136 101/88/136 102/89/136
f 110/97/137 102/89/137 103/90/137
f 103/90/137 111/98/137 110/97/137
f 111/98/138 103/90/139 104/91/139
f 112/99/140 105/92/140 106/93/140
f 106/93/140 113/100/140 112/99/140
f 113/100/141 106/93/141 107/94/142
f 107/94/142 114/101/141 113/100/141
f 108/95/143 115/102/144 114/101/145
f 114/101/145 107/94/145 108/95/143
f 115/102/146 108/95/147 109/96/148
f 109/96/148 116/103/147 115/102/146
f 116/103/149 109/96/150 110/97/149
f 110/97/149 117/104/150 116/103/149
f 117/104/151 110/97/151 111/98/151
f 118/105/152 119/106/153 120/107/153
f 120/107/153 121/108/153 118/105/152
f 122/109/154 123/110/154 121/108/155
f 121/108/155 120/107/154 122/109/154
f 123/110/156 122/109/157 124/111/158
f 124/111/158 125/112/157 123/110/156
f 125/112/159 124/111/159 126/113/159
f 126/113/159 127/114/159 125/112/159
f 131/115/160 118/105/160 121/108/160
f 121/108/160 132/116/160 131/115/160
f 132/116/161 121/108/161 123/110/161
f 123/110/161 133/117/161 132/116/161
f 125/112/162 134/118/163 133/117/164
f 133/117/164 123/110/165 125/112/162
f 134/118/166 125/112/167 127/114/168
f 127/114/168 135/119/167 134/118/166
f 136/120/169 137/121/169 131/115/169
f 131/115/169 132/116/169 136/120/169
f 133/117/170 138/122/170 136/120/170
f 136/120/170 132/116/170 133/117/170
f 139/123/171 138/122/171 133/117/171
f 133/117/171 134/118/171 139/123/171
f 134/118/172 135/119/173 140/124/173
f 140/124/173 139/123/173 134/118/172
f 137/121/174 136/120/174 141/125/174
f 141/125/174 142/126/174 137/121/174
f 143/127/175 141/125/175 136/120/176
f 136/120/176 138/122/176 143/127/175
f 144/128/177 143/127/177 138/122/178
f 138/122/178 139/123/177 144/128/177
f 144/128/179 139/123/179 140/124/180
f 141/125/181 145/129/182 146/130/182
f 146/130/182 142/126/182 141/125/181
f 143/127/183 147/131/183 145/129/183
f 145/129/183 141/125/183 143/127/183
f 147/131/184 143/127/184 144/128/184
f 144/128/184 148/132/184 147/131/184
f 149/133/185 146/130/185 145/129/185
f 145/129/185 150/134/185 149/133/185
f 147/131/186 151/135/186 150/134/186
f 150/134/186 145/129/186 147/131/186
f 151/135/187 147/131/188 148/132/188
f 28/16/189 78/65/190 77/64/190
f 77/64/190 29/17/189 28/16/189
f 29/17/191 77/64/191 79/66/192
f 79/66/192 37/25/192 29/17/191
f 95/82/193 149/133/194 150/134/193
f 150/134/193 96/83/193 95/82/193
f 96/83/195 150/134/195 151/135/195
f 151/135/195 104/91/195 96/83/195
f 152/136/196 153/137/197 154/138/197
f 154/138/197 15/3/198 152/136/196
f 16/4/199 15/3/199 154/138/199
f 154/138/199 155/139/199 16/4/199
f 18/6/200 16/4/200 155/139/200
f 155/139/200 156/140/200 18/6/200
f 157/141/201 20/8/202 18/6/201
f 18/6/201 156/140/203 157/141/201
f 158/142/204 22/10/204 20/8/205
f 20/8/205 157/141/204 158/142/204
f 159/143/206 24/12/207 22/10/206
f 22/10/206 158/142/207 159/143/206
f 24/12/208 159/143/208 160/144/208
f 160/144/208 26/14/208 24/12/208
f 161/145/209 28/16/210 26/14/210
f 26/14/210 160/144/211 161/145/209
f 162/146/212 152/136/213 15/3/214
f 15/3/214 14/2/212 162/146/212
f 30/18/215 163/147/216 162/146/217
f 162/146/217 14/2/216 30/18/215
f 39/27/218 164/148/218 163/147/218
f 163/147/218 30/18/218 39/27/218
f 44/32/219 165/149/219 164/148/220
f 164/148/220 39/27/219 44/32/219
f 46/34/221 166/150/222 165/149/223
f 165/149/223 44/32/223 46/34/221
f 47/151/224 167/152/225 166/150/222
f 166/150/222 46/34/221 47/151/224
f 130/153/226 168/154/227 167/152/225
f 167/152/225 47/151/224 130/153/226
f 169/155/228 170/156/229 48/35/230
f 48/35/230 171/157/229 169/155/228
f 48/35/231 170/156/231 172/158/231
f 172/158/231 49/36/231 48/35/231
f 172/158/232 173/159/232 52/39/232
f 52/39/232 49/36/232 172/158/232
f 173/159/233 174/160/233 55/42/234
f 55/42/234 52/39/233 173/159/233
f 51/38/235 175/161/235 171/157/235
f 171/157/235 48/35/235 51/38/235
f 51/38/236 57/44/237 176/162/236
f 176/162/236 175/161/236 51/38/236
f 177/163/238 176/162/239 57/44/239
f 57/44/239 63/50/238 177/163/238
f 63/50/240 68/55/241 178/164/241
f 178/164/241 177/163/242 63/50/240
f 178/164/243 68/55/243 73/60/243
f 73/60/243 179/165/243 178/164/243
f 78/65/244 180/166/244 179/165/245
f 179/165/245 73/60/244 78/65/244
f 28/16/246 161/145/246 180/166/246
f 180/166/246 78/65/246 28/16/246
f 181/167/247 82/69/247 182/168/247
f 182/168/247 183/169/248 181/167/247
f 83/70/249 82/69/250 181/167/249
f 181/167/249 184/170/250 83/70/249
f 185/171/251 85/72/251 83/70/251
f 83/70/251 184/170/251 185/171/251
f 186/172/252 87/74/252 85/72/252
f 85/72/252 185/171/252 186/172/252
f 187/173/253 89/76/253 87/74/253
f 87/74/253 186/172/253 187/173/253
f 91/78/254 89/76/254 187/173/254
f 187/173/254 188/174/254 91/78/254
f 93/80/255 91/78/255 188/174/255
f 188/174/255 189/175/255 93/80/255
f 93/80/256 189/175/257 190/176/256
f 190/176/256 95/82/256 93/80/256
f 81/68/258 191/177/259 182/168/259
f 182/168/259 82/69/259 81/68/258
f 191/177/260 81/68/260 98/85/260
f 98/85/260 192/178/260 191/177/260
f 105/92/261 193/179/261 192/178/261
f 192/178/261 98/85/261 105/92/261
f 194/180/262 193/179/262 105/92/262
f 105/92/262 112/99/262 194/180/262
f 195/181/263 119/106/264 196/182/265
f 196/182/265 197/183/266 195/181/263
f 119/106/267 195/181/268 198/184/269
f 198/184/269 120/107/268 119/106/267
f 120/107/270 198/184/270 199/185/271
f 199/185/271 122/109/270 120/107/270
f 122/109/272 199/185/273 200/186/273
f 200/186/273 124/111/273 122/109/272
f 124/111/274 200/186/275 201/187/276
f 201/187/276 126/113/277 124/111/274
f 126/113/278 201/187/279 202/188/280
f 202/188/280 128/189/281 126/113/278
f 128/189/281 202/188/280 203/190/282
f 203/190/282 129/191/283 128/189/281
f 129/191/283 203/190/282 168/154/227
f 168/154/227 130/153/226 129/191/283
f 118/105/284 204/192/284 196/182/284
f 196/182/284 119/106/284 118/105/284
f 131/115/285 205/193/285 204/192/285
f 204/192/285 118/105/285 131/115/285
f 137/121/286 206/194/286 205/193/286
f 205/193/286 131/115/286 137/121/286
f 142/126/287 207/195/287 206/194/287
f 206/194/287 137/121/287 142/126/287
f 146/130/288 208/196/288 207/195/288
f 207/195/288 142/126/288 146/130/288
f 149/133/289 209/197/289 208/196/289
f 208/196/289 146/130/289 149/133/289
f 190/176/290 209/197/291 149/133/292
f 149/133/292 95/82/291 190/176/290
f 210/198/293 211/199/294 212/200/294
f 212/200/294 213/201/293 210/198/293
f 214/202/295 215/203/296 213/201/296
f 213/201/296 212/200/295 214/202/295
f 216/204/297 217/205/298 215/203/299
f 215/203/299 214/202/297 216/204/297
f 213/201/300 218/206/301 219/207/300
f 219/207/300 210/198/302 213/201/300
f 215/203/303 220/208/303 218/206/303
f 218/206/303 213/201/303 215/203/303
f 220/208/304 215/203/299 217/205/298
f 217/205/298 221/209/305 220/208/304
f 218/206/306 222/210/307 223/211/308
f 223/211/308 219/207/306 218/206/306
f 222/210/309 218/206/309 220/208/309
f 220/208/309 224/212/309 222/210/309
f 221/209/310 225/213/311 224/212/312
f 224/212/312 220/208/313 221/209/310
f 226/214/314 223/211/315 222/210/315
f 222/210/315 227/215/315 226/214/314
f 224/212/316 228/216/317 227/215/316
f 227/215/316 222/210/318 224/212/316
f 225/213/311 229/217/319 228/216/320
f 228/216/320 224/212/312 225/213/311
f 227/215/321 230/218/322 231/219/323
f 231/219/323 226/214/324 227/215/321
f 228/216/325 232/220/326 230/218/326
f 230/218/326 227/215/326 228/216/325
f 232/220/327 228/216/328 229/217/329
f 229/217/329 233/221/330 232/220/327
f 230/218/331 234/222/332 235/223/333
f 235/223/333 231/219/334 230/218/331
f 234/222/335 230/218/336 232/220/337
f 232/220/337 236/224/335 234/222/335
f 233/221/330 237/225/338 236/224/339
f 236/224/339 232/220/327 233/221/330
f 238/226/340 235/223/341 234/222/342
f 234/222/342 239/227/343 238/226/340
f 236/224/344 240/228/345 239/227/346
f 239/227/346 234/222/347 236/224/344
f 237/225/348 241/229/349 240/228/350
f 240/228/350 236/224/351 237/225/348
f 239/227/352 242/230/353 243/231/354
f 243/231/354 238/226/355 239/227/352
f 240/228/356 244/232/357 242/230/357
f 242/230/357 239/227/358 240/228/356
f 244/232/359 240/228/350 241/229/349
f 241/229/349 245/233/359 244/232/359
f 242/230/360 246/234/361 247/235/361
f 247/235/361 243/231/362 242/230/360
f 246/234/363 242/230/363 244/232/364
f 244/232/364 248/236/365 246/234/363
f 245/233/366 249/237/367 248/236/367
f 248/236/367 244/232/366 245/233/366
f 250/238/368 247/235/368 246/234/368
f 246/234/368 251/239/368 250/238/368
f 248/236/369 252/240/370 251/239/371
f 251/239/371 246/234/372 248/236/369
f 249/237/373 253/241/373 252/240/373
f 252/240/373 248/236/373 249/237/373
f 251/239/374 254/242/374 255/243/374
f 255/243/374 250/238/375 251/239/374
f 252/240/376 256/244/376 254/242/376
f 254/242/376 251/239/376 252/240/376
f 256/244/377 252/240/378 253/241/379
f 253/241/379 257/245/380 256/244/377
f 254/242/381 258/246/382 259/247/381
f 259/247/381 255/243/383 254/242/381
f 258/246/384 254/242/385 256/244/385
f 256/244/385 260/248/385 258/246/384
f 257/245/386 261/249/386 260/248/387
f 260/248/387 256/244/388 257/245/386
f 262/250/389 259/247/389 258/246/389
f 258/246/389 263/251/389 262/250/389
f 260/248/390 264/252/390 263/251/390
f 263/251/390 258/246/390 260/248/390
f 261/249/391 265/253/392 264/252/392
f 264/252/392 260/248/392 261/249/391
f 263/251/393 266/254/393 267/255/393
f 267/255/393 262/250/393 263/251/393
f 264/252/394 268/256/395 266/254/394
f 266/254/394 263/251/394 264/252/394
f 268/256/396 264/252/396 265/253/396
f 265/253/396 269/257/397 268/256/396
f 270/258/398 271/259/398 272/260/398
f 272/260/398 211/199/398 270/258/398
f 212/200/399 211/199/399 272/260/399
f 272/260/399 273/261/399 212/200/399
f 274/262/400 214/202/401 212/200/401
f 212/200/401 273/261/401 274/262/400
f 275/263/402 216/204/402 214/202/402
f 214/202/402 274/262/402 275/263/402
f 269/257/403 174/264/404 173/265/403
f 173/265/403 268/256/404 269/257/403
f 172/266/405 266/254/406 268/256/405
f 268/256/405 173/265/405 172/266/405
f 172/266/407 170/267/408 267/255/407
f 267/255/407 266/254/407 172/266/407
f 267/255/409 170/267/409 169/268/409
f 169/268/409 276/269/409 267/255/409
f 262/250/410 267/255/410 276/269/410
f 276/269/410 277/270/410 262/250/410
f 277/270/411 278/271/411 259/247/411
f 259/247/411 262/250/412 277/270/411
f 278/271/413 279/272/413 255/243/414
f 255/243/414 259/247/413 278/271/413
f 255/243/415 279/272/415 280/273/416
f 280/273/416 250/238/417 255/243/415
f 250/238/418 280/273/419 281/274/420
f 281/274/420 247/235/420 250/238/418
f 282/275/421 243/231/422 247/235/423
f 247/235/423 281/274/424 282/275/421
f 243/231/425 282/275/426 283/276/427
f 283/276/427 238/226/428 243/231/425
f 238/226/429 283/276/430 284/277/431
f 284/277/431 235/223/432 238/226/429
f 285/278/433 231/219/434 235/223/435
f 235/223/435 284/277/436 285/278/433
f 286/279/437 226/214/438 231/219/439
f 231/219/439 285/278/439 286/279/437
f 287/280/440 223/211/441 226/214/442
f 226/214/442 286/279/442 287/280/440
f 288/281/443 219/207/443 223/211/443
f 223/211/443 287/280/444 288/281/443
f 289/282/445 210/198/446 219/207/447
f 219/207/447 288/281/448 289/282/445
f 210/198/449 289/282/450 270/258/449
f 270/258/449 211/199/449 210/198/449
f 290/283/451 291/284/451 292/285/451
f 292/285/451 293/286/451 290/283/451
f 292/285/452 294/287/452 295/288/452
f 295/288/452 293/286/452 292/285/452
f 294/287/453 296/289/454 297/290/453
f 297/290/453 295/288/453 294/287/453
f 297/290/455 296/289/455 298/291/456
f 298/291/456 299/292/457 297/290/455
f 290/283/458 293/286/458 300/293/458
f 300/293/458 301/294/459 290/283/458
f 293/286/460 295/288/461 302/295/461
f 302/295/461 300/293/461 293/286/460
f 295/288/462 297/290/463 303/296/463
f 303/296/463 302/295/462 295/288/462
f 297/290/464 299/292/464 304/297/465
f 304/297/465 303/296/464 297/290/464
f 301/294/466 300/293/466 305/298/466
f 305/298/466 306/299/466 301/294/466
f 300/293/467 302/295/467 307/300/467
f 307/300/467 305/298/467 300/293/467
f 302/295/468 303/296/469 308/301/470
f 308/301/470 307/300/468 302/295/468
f 303/296/469 304/297/471 309/302/472
f 309/302/472 308/301/470 303/296/469
f 306/299/473 305/298/474 310/303/473
f 310/303/473 311/304/473 306/299/473
f 305/298/475 307/300/475 312/305/475
f 312/305/475 310/303/476 305/298/475
f 307/300/477 308/301/478 313/306/479
f 313/306/479 312/305/477 307/300/477
f 308/301/478 309/302/480 314/307/481
f 314/307/481 313/306/479 308/301/478
f 311/304/482 310/303/482 315/308/482
f 315/308/482 316/309/483 311/304/482
f 310/303/484 312/305/485 317/310/485
f 317/310/485 315/308/485 310/303/484
f 312/305/486 313/306/487 318/311/487
f 318/311/487 317/310/486 312/305/486
f 313/306/488 314/307/488 319/312/488
f 319/312/488 318/311/489 313/306/488
f 316/309/490 315/308/490 320/313/491
f 320/313/491 321/314/491 316/309/490
f 315/308/492 317/310/493 322/315/492
f 322/315/492 320/313/492 315/308/492
f 317/310/494 318/311/495 323/316/494
f 323/316/494 322/315/494 317/310/494
f 319/312/496 324/317/497 323/316/498
f 323/316/498 318/311/499 319/312/496
f 321/314/500 320/313/501 325/318/502
f 325/318/502 326/319/503 321/314/500
f 320/313/504 322/315/504 327/320/505
f 327/320/505 325/318/506 320/313/504
f 322/315/507 323/316/508 328/321/509
f 328/321/509 327/320/510 322/315/507
f 323/316/511 324/317/512 329/322/511
f 329/322/511 328/321/511 323/316/511
f 326/319/513 325/318/514 330/323/515
f 330/323/515 331/324/516 326/319/513
f 325/318/517 327/320/517 332/325/518
f 332/325/518 330/323/518 325/318/517
f 328/321/519 333/326/520 332/325/521
f 332/325/521 327/320/522 328/321/519
f 328/321/523 329/322/524 334/327/525
f 334/327/525 333/326/523 328/321/523
f 331/324/526 330/323/527 335/328/528
f 335/328/528 336/329/529 331/324/526
f 330/323/530 332/325/530 337/330/531
f 337/330/531 335/328/532 330/323/530
f 332/325/533 333/326/534 338/331/535
f 338/331/535 337/330/536 332/325/533
f 334/327/537 339/332/538 338/331/538
f 338/331/538 333/326/538 334/327/537
f 336/329/539 335/328/539 340/333/540
f 340/333/540 341/334/539 336/329/539
f 337/330/541 342/335/542 340/333/541
f 340/333/541 335/328/541 337/330/541
f 337/330/543 338/331/544 343/336/545
f 343/336/545 342/335/544 337/330/543
f 338/331/546 339/332/547 344/337/548
f 344/337/548 343/336/546 338/331/546
f 341/334/549 340/333/549 345/338/550
f 345/338/550 346/339/550 341/334/549
f 340/333/551 342/335/552 347/340/552
f 347/340/552 345/338/552 340/333/551
f 343/336/553 348/341/553 347/340/553
f 347/340/553 342/335/553 343/336/553
f 343/336/554 344/337/555 349/342/555
f 349/342/555 348/341/555 343/336/554
f 346/339/556 345/338/556 350/343/556
f 350/343/556 351/344/557 346/339/556
f 345/338/558 347/340/559 352/345/559
f 352/345/559 350/343/559 345/338/558
f 347/340/560 348/341/561 353/346/561
f 353/346/561 352/345/560 347/340/560
f 348/341/562 349/342/563 354/347/564
f 354/347/564 353/346/565 348/341/562
f 351/344/566 350/343/567 355/348/567
f 355/348/567 356/349/567 351/344/566
f 352/345/568 357/350/568 355/348/568
f 355/348/568 350/343/568 352/345/568
f 352/345/569 353/346/570 358/351/569
f 358/351/569 357/350/570 352/345/569
f 353/346/565 354/347/564 359/352/571
f 359/352/571 358/351/571 353/346/565
f 356/349/572 355/348/572 360/353/572
f 360/353/572 361/354/572 356/349/572
f 355/348/573 357/350/573 362/355/573
f 362/355/573 360/353/573 355/348/573
f 357/350/574 358/351/574 363/356/574
f 363/356/574 362/355/575 357/350/574
f 358/351/576 359/352/577 364/357/578
f 364/357/578 363/356/579 358/351/576
f 183/169/580 182/168/580 291/284/581
f 291/284/581 365/358/581 183/169/580
f 191/177/582 292/285/582 291/284/582
f 291/284/582 182/168/582 191/177/582
f 192/178/583 294/287/583 292/285/583
f 292/285/583 191/177/584 192/178/583
f 193/179/585 296/289/585 294/287/585
f 294/287/585 192/178/585 193/179/585
f 194/180/586 298/291/586 296/289/586
f 296/289/586 193/179/586 194/180/586
f 362/355/587 363/356/588 366/359/587
f 366/359/587 367/360/587 362/355/587
f 362/355/589 367/360/590 368/361/590
f 368/361/590 360/353/590 362/355/589
f 369/362/591 361/354/592 360/353/591
f 360/353/591 368/361/592 369/362/591
f 369/362/593 370/363/594 371/364/593
f 371/364/593 361/354/593 369/362/593
f 361/354/595 371/364/595 372/365/595
f 372/365/595 356/349/595 361/354/595
f 373/366/596 351/344/596 356/349/596
f 356/349/596 372/365/596 373/366/596
f 351/344/597 373/366/598 374/367/599
f 374/367/599 346/339/600 351/344/597
f 346/339/601 374/367/602 375/368/603
f 375/368/603 341/334/604 346/339/601
f 376/369/605 336/329/605 341/334/606
f 341/334/606 375/368/607 376/369/605
f 336/329/608 376/369/609 377/370/610
f 377/370/610 331/324/611 336/329/608
f 331/324/612 377/370/613 378/371/614
f 378/371/614 326/319/615 331/324/612
f 379/372/616 321/314/617 326/319/618
f 326/319/618 378/371/619 379/372/616
f 321/314/620 379/372/621 380/373/622
f 380/373/622 316/309/623 321/314/620
f 316/309/624 380/373/625 381/374/626
f 381/374/626 311/304/627 316/309/624
f 382/375/628 306/299/629 311/304/630
f 311/304/630 381/374/630 382/375/628
f 306/299/631 382/375/631 383/376/632
f 383/376/632 301/294/631 306/299/631
f 301/294/633 383/376/633 384/377/633
f 384/377/633 290/283/633 301/294/633
f 290/283/634 384/377/635 365/358/635
f 365/358/635 291/284/634 290/283/634
f 385/378/636 386/379/637 387/380/637
f 387/380/637 388/381/637 385/378/636
f 385/378/638 389/382/639 390/383/638
f 390/383/638 386/379/638 385/378/638
f 389/382/640 391/384/641 392/385/641
f 392/385/641 390/383/642 389/382/640
f 393/386/643 394/387/643 392/385/644
f 392/385/644 391/384/645 393/386/643
f 393/386/646 395/388/647 396/389/648
f 396/389/648 394/387/646 393/386/646
f 395/388/649 397/390/650 398/391/651
f 398/391/651 396/389/652 395/388/649
f 397/390/653 399/392/654 400/393/655
f 400/393/655 398/391/656 397/390/653
f 399/392/657 401/394/658 402/395/658
f 402/395/658 400/393/659 399/392/657
f 401/394/660 403/396/661 404/397/662
f 404/397/662 402/395/663 401/394/660
f 405/398/664 406/399/665 404/397/665
f 404/397/665 403/396/666 405/398/664
f 405/398/667 407/400/667 408/401/668
f 408/401/668 406/399/669 405/398/667
f 409/402/670 410/403/670 408/401/670
f 408/401/670 407/400/670 409/402/670
f 409/402/671 411/404/671 412/405/671
f 412/405/671 410/403/671 409/402/671
f 411/404/672 413/406/672 414/407/672
f 414/407/672 412/405/672 411/404/672
f 387/380/673 386/379/673 415/408/673
f 415/408/673 416/409/673 387/380/673
f 386/379/674 390/383/674 417/410/674
f 417/410/674 415/408/674 386/379/674
f 390/383/675 392/385/675 418/411/675
f 418/411/675 417/410/676 390/383/675
f 392/385/677 394/387/678 419/412/679
f 419/412/679 418/411/679 392/385/677
f 394/387/680 396/389/681 420/413/682
f 420/413/682 419/412/683 394/387/680
f 396/389/684 398/391/685 421/414/686
f 421/414/686 420/413/687 396/389/684
f 398/391/688 400/393/689 422/415/690
f 422/415/690 421/414/691 398/391/688
f 400/393/692 402/395/693 423/416/694
f 423/416/694 422/415/692 400/393/692
f 402/395/695 404/397/696 424/417/695
f 424/417/695 423/416/695 402/395/695
f 404/397/697 406/399/698 425/418/698
f 425/418/698 424/417/699 404/397/697
f 406/399/700 408/401/700 426/419/700
f 426/419/700 425/418/700 406/399/700
f 410/403/701 427/420/702 426/419/702
f 426/419/702 408/401/702 410/403/701
f 412/405/703 428/421/703 427/420/703
f 427/420/703 410/403/703 412/405/703
f 412/405/704 414/407/704 429/422/704
f 429/422/704 428/421/704 412/405/704
f 415/408/705 430/423/705 431/424/705
f 431/424/705 416/409/705 415/408/705
f 415/408/706 417/410/707 432/425/707
f 432/425/707 430/423/706 415/408/706
f 418/411/708 433/426/708 432/425/708
f 432/425/708 417/410/708 418/411/708
f 419/412/709 434/427/710 433/426/710
f 433/426/710 418/411/710 419/412/709
f 419/412/711 420/413/711 435/428/711
f 435/428/711 434/427/712 419/412/711
f 420/413/713 421/414/714 436/429/713
f 436/429/713 435/428/715 420/413/713
f 422/415/716 437/430/717 436/429/718
f 436/429/718 421/414/719 422/415/716
f 422/415/720 423/416/721 438/431/720
f 438/431/720 437/430/722 422/415/720
f 424/417/723 439/432/724 438/431/723
f 438/431/723 423/416/725 424/417/723
f 425/418/726 440/433/726 439/432/727
f 439/432/727 424/417/728 425/418/726
f 425/418/729 426/419/729 441/434/729
f 441/434/729 440/433/729 425/418/729
f 427/420/730 442/435/730 441/434/730
f 441/434/730 426/419/730 427/420/730
f 428/421/731 443/436/731 442/435/731
f 442/435/731 427/420/731 428/421/731
f 428/421/732 429/422/732 444/437/732
f 444/437/732 443/436/732 428/421/732
f 430/423/733 445/438/733 446/439/733
f 446/439/733 431/424/733 430/423/733
f 430/423/734 432/425/735 447/440/735
f 447/440/735 445/438/734 430/423/734
f 432/425/736 433/426/736 448/441/736
f 448/441/736 447/440/736 432/425/736
f 434/427/737 449/442/737 448/441/737
f 448/441/737 433/426/737 434/427/737
f 434/427/738 435/428/739 450/443/740
f 450/443/740 449/442/738 434/427/738
f 436/429/741 451/444/742 450/443/743
f 450/443/743 435/428/744 436/429/741
f 437/430/745 452/445/746 451/444/747
f 451/444/747 436/429/748 437/430/745
f 437/430/749 438/431/750 453/446/751
f 453/446/751 452/445/752 437/430/749
f 438/431/753 439/432/753 454/447/754
f 454/447/754 453/446/753 438/431/753
f 440/433/755 455/448/755 454/447/755
f 454/447/755 439/432/755 440/433/755
f 440/433/756 441/434/756 456/449/756
f 456/449/756 455/448/756 440/433/756
f 442/435/757 457/450/757 456/449/757
f 456/449/757 441/434/757 442/435/757
f 443/436/758 458/451/758 457/450/758
f 457/450/758 442/435/758 443/436/758
f 443/436/759 444/437/759 459/452/759
f 459/452/759 458/451/759 443/436/759
f 445/438/760 460/453/760 461/454/760
f 461/454/760 446/439/760 445/438/760
f 445/438/761 447/440/761 462/455/761
f 462/455/761 460/453/762 445/438/761
f 447/440/763 448/441/763 463/456/763
f 463/456/763 462/455/763 447/440/763
f 449/442/764 464/457/764 463/456/764
f 463/456/764 448/441/764 449/442/764
f 449/442/765 450/443/766 465/458/766
f 465/458/766 464/457/767 449/442/765
f 450/443/768 451/444/769 466/459/770
f 466/459/770 465/458/771 450/443/768
f 452/445/772 467/460/773 466/459/774
f 466/459/774 451/444/774 452/445/772
f 452/445/775 453/446/775 468/461/775
f 468/461/775 467/460/775 452/445/775
f 454/447/776 469/462/777 468/461/778
f 468/461/778 453/446/779 454/447/776
f 455/448/780 470/463/781 469/462/780
f 469/462/780 454/447/780 455/448/780
f 455/448/782 456/449/782 471/464/783
f 471/464/783 470/463/782 455/448/782
f 457/450/784 472/465/784 471/464/784
f 471/464/784 456/449/784 457/450/784
f 458/451/785 473/466/785 472/465/785
f 472/465/785 457/450/785 458/451/785
f 458/451/786 459/452/786 474/467/786
f 474/467/786 473/466/786 458/451/786
f 460/453/787 475/468/788 476/469/788
f 476/469/788 461/454/788 460/453/787
f 460/453/789 462/455/790 477/470/789
f 477/470/789 475/468/789 460/453/789
f 462/455/791 463/456/791 478/471/791
f 478/471/791 477/470/791 462/455/791
f 464/457/792 479/472/793 478/471/794
f 478/471/794 463/456/795 464/457/792
f 464/457/796 465/458/797 480/473/798
f 480/473/798 479/472/799 464/457/796
f 466/459/800 481/474/801 480/473/802
f 480/473/802 465/458/803 466/459/800
f 467/460/804 482/475/805 481/474/806
f 481/474/806 466/459/807 467/460/804
f 467/460/808 468/461/809 483/476/810
f 483/476/810 482/475/810 467/460/808
f 469/462/811 484/477/812 483/476/813
f 483/476/813 468/461/814 469/462/811
f 470/463/815 485/478/816 484/477/817
f 484/477/817 469/462/818 470/463/815
f 470/463/819 471/464/820 486/479/821
f 486/479/821 485/478/820 470/463/819
f 471/464/822 472/465/823 487/480/823
f 487/480/823 486/479/823 471/464/822
f 473/466/824 488/481/825 487/480/824
f 487/480/824 472/465/824 473/466/824
f 473/466/826 474/467/827 489/482/826
f 489/482/826 488/481/828 473/466/826
f 475/468/829 490/483/830 491/484/830
f 491/484/830 476/469/830 475/468/829
f 475/468/831 477/470/832 492/485/833
f 492/485/833 490/483/834 475/468/831
f 478/471/835 493/486/836 492/485/837
f 492/485/837 477/470/838 478/471/835
f 479/472/839 494/487/840 493/486/841
f 493/486/841 478/471/839 479/472/839
f 479/472/842 480/473/843 495/488/844
f 495/488/844 494/487/844 479/472/842
f 481/474/845 496/489/846 495/488/847
f 495/488/847 480/473/845 481/474/845
f 482/475/848 497/490/849 496/489/849
f 496/489/849 481/474/850 482/475/848
f 482/475/851 483/476/852 498/491/853
f 498/491/853 497/490/851 482/475/851
f 483/476/854 484/477/854 499/492/854
f 499/492/854 498/491/854 483/476/854
f 485/478/855 500/493/856 499/492/857
f 499/492/857 484/477/856 485/478/855
f 485/478/858 486/479/858 501/494/858
f 501/494/858 500/493/858 485/478/858
f 486/479/859 487/480/860 502/495/860
f 502/495/860 501/494/859 486/479/859
f 488/481/861 503/496/862 502/495/863
f 502/495/863 487/480/863 488/481/861
f 488/481/864 489/482/864 504/497/864
f 504/497/864 503/496/864 488/481/864
f 490/483/865 505/498/865 506/499/865
f 506/499/865 491/484/866 490/483/865
f 490/483/867 492/485/867 507/500/868
f 507/500/868 505/498/867 490/483/867
f 492/485/869 493/486/870 508/501/871
f 508/501/871 507/500/869 492/485/869
f 509/502/872 508/501/873 493/486/873
f 493/486/873 494/487/873 509/502/872
f 510/503/874 509/502/874 494/487/875
f 494/487/875 495/488/874 510/503/874
f 510/503/876 495/488/877 496/489/878
f 496/489/878 511/504/876 510/503/876
f 496/489/879 497/490/880 512/505/881
f 512/505/881 511/504/880 496/489/879
f 497/490/882 498/491/883 513/506/884
f 513/506/884 512/505/885 497/490/882
f 498/491/886 499/492/886 514/507/886
f 514/507/886 513/506/886 498/491/886
f 515/508/887 514/507/888 499/492/889
f 499/492/889 500/493/890 515/508/887
f 516/509/891 515/508/892 500/493/892
f 500/493/892 501/494/893 516/509/891
f 502/495/894 517/510/895 516/509/896
f 516/509/896 501/494/897 502/495/894
f 518/511/898 517/510/898 502/495/899
f 502/495/899 503/496/900 518/511/898
f 519/512/901 518/511/902 503/496/903
f 503/496/903 504/497/904 519/512/901
f 520/513/905 521/514/905 506/499/905
f 506/499/905 505/498/905 520/513/905
f 522/515/906 520/513/906 505/498/906
f 505/498/906 507/500/906 522/515/906
f 508/501/907 523/516/908 522/515/909
f 522/515/909 507/500/907 508/501/907
f 523/516/910 508/501/910 509/502/911
f 509/502/911 524/517/911 523/516/910
f 524/517/912 509/502/913 510/503/914
f 510/503/914 525/518/912 524/517/912
f 525/518/915 510/503/916 511/504/917
f 511/504/917 526/519/918 525/518/915
f 527/520/919 526/519/920 511/504/921
f 511/504/921 512/505/922 527/520/919
f 528/521/923 527/520/924 512/505/925
f 512/505/925 513/506/923 528/521/923
f 514/507/926 529/522/927 528/521/928
f 528/521/928 513/506/929 514/507/926
f 529/522/930 514/507/931 515/508/931
f 515/508/931 530/523/931 529/522/930
f 530/523/932 515/508/933 516/509/934
f 516/509/934 531/524/935 530/523/932
f 517/510/936 532/525/936 531/524/937
f 531/524/937 516/509/936 517/510/936
f 532/525/938 517/510/938 518/511/939
f 518/511/939 533/526/940 532/525/938
f 533/526/941 518/511/942 519/512/941
f 519/512/941 534/527/942 533/526/941
f 535/528/943 521/514/943 520/513/943
f 520/513/943 536/529/943 535/528/943
f 536/529/944 520/513/945 522/515/945
f 522/515/945 537/530/945 536/529/944
f 523/516/946 538/531/947 537/530/947
f 537/530/947 522/515/946 523/516/946
f 538/531/948 523/516/948 524/517/948
f 524/517/948 539/532/948 538/531/948
f 539/532/949 524/517/950 525/518/949
f 525/518/949 540/533/950 539/532/949
f 526/519/951 541/534/952 540/533/952
f 540/533/952 525/518/952 526/519/951
f 541/534/953 526/519/954 527/520/955
f 527/520/955 542/535/953 541/534/953
f 542/535/956 527/520/956 528/521/957
f 528/521/957 543/536/958 542/535/956
f 529/522/959 544/537/959 543/536/959
f 543/536/959 528/521/960 529/522/959
f 544/537/961 529/522/962 530/523/963
f 530/523/963 545/538/964 544/537/961
f 545/538/965 530/523/966 531/524/966
f 531/524/966 546/539/966 545/538/965
f 532/525/967 547/540/967 546/539/967
f 546/539/967 531/524/967 532/525/967
f 547/540/968 532/525/968 533/526/969
f 533/526/969 548/541/968 547/540/968
f 548/541/970 533/526/970 534/527/970
f 534/527/970 549/542/970 548/541/970
f 550/543/971 535/528/971 536/529/971
f 536/529/971 551/544/971 550/543/971
f 551/544/972 536/529/973 537/530/974
f 537/530/974 552/545/973 551/544/972
f 538/531/975 553/546/976 552/545/977
f 552/545/977 537/530/975 538/531/975
f 553/546/978 538/531/978 539/532/978
f 539/532/978 554/547/979 553/546/978
f 554/547/980 539/532/980 540/533/980
f 540/533/980 555/548/980 554/547/980
f 541/534/981 556/549/981 555/548/981
f 555/548/981 540/533/981 541/534/981
f 556/549/982 541/534/982 542/535/983
f 542/535/983 557/550/983 556/549/982
f 557/550/984 542/535/984 543/536/985
f 543/536/985 558/551/986 557/550/984
f 544/537/987 559/552/988 558/551/988
f 558/551/988 543/536/988 544/537/987
f 559/552/989 544/537/990 545/538/991
f 545/538/991 560/553/989 559/552/989
f 560/553/992 545/538/992 546/539/992
f 546/539/992 561/554/992 560/553/992
f 547/540/993 562/555/993 561/554/993
f 561/554/993 546/539/993 547/540/993
f 562/555/994 547/540/995 548/541/994
f 548/541/994 563/556/994 562/555/994
f 563/556/996 548/541/996 549/542/996
f 549/542/996 564/557/996 563/556/996
f 565/558/997 550/543/997 551/544/998
f 551/544/998 566/559/998 565/558/997
f 566/559/999 551/544/999 552/545/999
f 552/545/999 567/560/999 566/559/999
f 553/546/1000 568/561/1000 567/560/1000
f 567/560/1000 552/545/1000 553/546/1000
f 568/561/1001 553/546/1001 554/547/1002
f 554/547/1002 569/562/1001 568/561/1001
f 569/562/1003 554/547/1004 555/548/1003
f 555/548/1003 570/563/1004 569/562/1003
f 556/549/1005 571/564/1006 570/563/1007
f 570/563/1007 555/548/1008 556/549/1005
f 571/564/1009 556/549/1010 557/550/1010
f 557/550/1010 572/565/1011 571/564/1009
f 572/565/1012 557/550/1013 558/551/1014
f 558/551/1014 573/566/1015 572/565/1012
f 559/552/1016 574/567/1017 573/566/1018
f 573/566/1018 558/551/1018 559/552/1016
f 574/567/1019 559/552/1019 560/553/1020
f 560/553/1020 575/568/1020 574/567/1019
f 575/568/1021 560/553/1021 561/554/1021
f 561/554/1021 576/569/1021 575/568/1021
f 562/555/1022 577/570/1022 576/569/1022
f 576/569/1022 561/554/1022 562/555/1022
f 577/570/1023 562/555/1023 563/556/1023
f 563/556/1023 578/571/1023 577/570/1023
f 578/571/1024 563/556/1024 564/557/1024
f 564/557/1024 579/572/1024 578/571/1024
f 580/573/1025 565/558/1026 566/559/1025
f 566/559/1025 581/574/1025 580/573/1025
f 581/574/1027 566/559/1027 567/560/1027
f 567/560/1027 582/575/1027 581/574/1027
f 568/561/1028 583/576/1028 582/575/1028
f 582/575/1028 567/560/1028 568/561/1028
f 583/576/1029 568/561/1029 569/562/1029
f 569/562/1029 584/577/1029 583/576/1029
f 584/577/1030 569/562/1031 570/563/1031
f 570/563/1031 585/578/1032 584/577/1030
f 571/564/1033 586/579/1034 585/578/1035
f 585/578/1035 570/563/1036 571/564/1033
f 586/579/1037 571/564/1038 572/565/1037
f 572/565/1037 587/580/1039 586/579/1037
f 587/580/1040 572/565/1041 573/566/1041
f 573/566/1041 588/581/1042 587/580/1040
f 574/567/1043 589/582/1044 588/581/1045
f 588/581/1045 573/566/1044 574/567/1043
f 589/582/1046 574/567/1046 575/568/1047
f 575/568/1047 590/583/1048 589/582/1046
f 590/583/1049 575/568/1049 576/569/1049
f 576/569/1049 591/584/1049 590/583/1049
f 577/570/1050 592/585/1050 591/584/1050
f 591/584/1050 576/569/1050 577/570/1050
f 592/585/1051 577/570/1052 578/571/1052
f 578/571/1052 593/586/1051 592/585/1051
f 593/586/1053 578/571/1054 579/572/1053
f 579/572/1053 594/587/1053 593/586/1053
f 595/588/1055 580/573/1056 581/574/1056
f 581/574/1056 596/589/1056 595/588/1055
f 596/589/1057 581/574/1057 582/575/1057
f 582/575/1057 597/590/1057 596/589/1057
f 583/576/1058 598/591/1058 597/590/1058
f 597/590/1058 582/575/1059 583/576/1058
f 598/591/1060 583/576/1060 584/577/1060
f 584/577/1060 599/592/1061 598/591/1060
f 599/592/1062 584/577/1062 585/578/1063
f 585/578/1063 600/593/1064 599/592/1062
f 586/579/1065 601/594/1065 600/593/1065
f 600/593/1065 585/578/1065 586/579/1065
f 601/594/1066 586/579/1067 587/580/1068
f 587/580/1068 602/595/1069 601/594/1066
f 602/595/1070 587/580/1071 588/581/1072
f 588/581/1072 603/596/1073 602/595/1070
f 589/582/1074 604/597/1074 603/596/1074
f 603/596/1074 588/581/1075 589/582/1074
f 605/598/1076 604/597/1077 589/582/1078
f 589/582/1078 590/583/1077 605/598/1076
f 606/599/1079 605/598/1080 590/583/1081
f 590/583/1081 591/584/1081 606/599/1079
f 591/584/1082 592/585/1083 607/600/1083
f 607/600/1083 606/599/1082 591/584/1082
f 607/600/1084 592/585/1085 593/586/1085
f 593/586/1085 608/601/1085 607/600/1084
f 608/601/1086 593/586/1086 594/587/1087
f 594/587/1087 609/602/1087 608/601/1086
f 153/603/1088 610/604/1089 388/381/1089
f 388/381/1089 154/605/1088 153/603/1088
f 388/381/1090 610/604/1090 611/606/1090
f 611/606/1090 385/378/1091 388/381/1090
f 385/378/1092 611/606/1093 612/607/1094
f 612/607/1094 389/382/1095 385/378/1092
f 612/607/1096 613/608/1097 391/384/1098
f 391/384/1098 389/382/1099 612/607/1096
f 391/384/1100 613/608/1101 614/609/1102
f 614/609/1102 393/386/1103 391/384/1100
f 393/386/1104 614/609/1105 615/610/1106
f 615/610/1106 395/388/1107 393/386/1104
f 616/611/1108 397/390/1109 395/388/1110
f 395/388/1110 615/610/1111 616/611/1108
f 397/390/1112 616/611/1113 617/612/1114
f 617/612/1114 399/392/1115 397/390/1112
f 617/612/1116 618/613/1117 401/394/1118
f 401/394/1118 399/392/1119 617/612/1116
f 401/394/1120 618/613/1121 619/614/1122
f 619/614/1122 403/396/1123 401/394/1120
f 620/615/1124 405/398/1125 403/396/1126
f 403/396/1126 619/614/1125 620/615/1124
f 621/616/1127 407/400/1128 405/398/1129
f 405/398/1129 620/615/1130 621/616/1127
f 407/400/1131 621/616/1132 622/617/1133
f 622/617/1133 409/402/1134 407/400/1131
f 623/618/1135 411/404/1135 409/402/1135
f 409/402/1135 622/617/1135 623/618/1135
f 624/619/1136 413/406/1136 411/404/1136
f 411/404/1136 623/618/1136 624/619/1136
f 625/620/1137 413/406/1137 624/619/1137
f 624/619/1137 626/621/1137 625/620/1137
f 414/407/1138 413/406/1138 625/620/1138
f 625/620/1138 627/622/1138 414/407/1138
f 628/623/1139 429/422/1139 414/407/1139
f 414/407/1139 627/622/1139 628/623/1139
f 629/624/1140 444/437/1140 429/422/1140
f 429/422/1140 628/623/1140 629/624/1140
f 444/437/1141 629/624/1142 630/625/1142
f 630/625/1142 459/452/1142 444/437/1141
f 459/452/1143 630/625/1144 631/626/1143
f 631/626/1143 474/467/1143 459/452/1143
f 474/467/1145 631/626/1145 632/627/1145
f 632/627/1145 489/482/1145 474/467/1145
f 489/482/1146 632/627/1146 633/628/1146
f 633/628/1146 504/497/1146 489/482/1146
f 504/497/1147 633/628/1148 634/629/1149
f 634/629/1149 519/512/1149 504/497/1147
f 534/527/1150 519/512/1150 634/629/1151
f 634/629/1151 635/630/1152 534/527/1150
f 636/631/1153 549/542/1153 534/527/1153
f 534/527/1153 635/630/1153 636/631/1153
f 549/542/1154 636/631/1154 637/632/1154
f 637/632/1154 564/557/1154 549/542/1154
f 564/557/1155 637/632/1156 638/633/1155
f 638/633/1155 579/572/1155 564/557/1155
f 579/572/1157 638/633/1158 639/634/1158
f 639/634/1158 594/587/1157 579/572/1157
f 640/635/1159 609/602/1159 594/587/1160
f 594/587/1160 639/634/1159 640/635/1159
f 640/635/1161 271/636/1161 270/637/1162
f 270/637/1162 609/602/1161 640/635/1161
f 289/638/1163 608/601/1163 609/602/1163
f 609/602/1163 270/637/1163 289/638/1163
f 288/639/1164 607/600/1164 608/601/1164
f 608/601/1164 289/638/1164 288/639/1164
f 607/600/1165 288/639/1165 287/640/1166
f 287/640/1166 606/599/1167 607/600/1165
f 286/641/1168 605/598/1169 606/599/1168
f 606/599/1168 287/640/1168 286/641/1168
f 285/642/1170 604/597/1171 605/598/1171
f 605/598/1171 286/641/1171 285/642/1170
f 604/597/1172 285/642/1173 284/643/1173
f 284/643/1173 603/596/1174 604/597/1172
f 283/644/1175 602/595/1176 603/596/1177
f 603/596/1177 284/643/1176 283/644/1175
f 282/645/1178 601/594/1179 602/595/1180
f 602/595/1180 283/644/1181 282/645/1178
f 282/645/1182 281/646/1183 600/593/1182
f 600/593/1182 601/594/1184 282/645/1182
f 280/647/1185 599/592/1186 600/593/1187
f 600/593/1187 281/646/1188 280/647/1185
f 279/648/1189 598/591/1190 599/592/1191
f 599/592/1191 280/647/1189 279/648/1189
f 279/648/1192 278/649/1193 597/590/1194
f 597/590/1194 598/591/1195 279/648/1192
f 277/650/1196 596/589/1196 597/590/1197
f 597/590/1197 278/649/1196 277/650/1196
f 276/651/1198 595/588/1199 596/589/1199
f 596/589/1199 277/650/1199 276/651/1198
f 595/588/1200 276/651/1200 169/652/1200
f 169/652/1200 171/653/1200 595/588/1200
f 595/588/1201 171/653/1201 175/654/1201
f 175/654/1201 580/573/1201 595/588/1201
f 580/573/1202 175/654/1202 176/655/1202
f 176/655/1202 565/558/1202 580/573/1202
f 176/655/1203 177/656/1203 550/543/1203
f 550/543/1203 565/558/1203 176/655/1203
f 177/656/1204 178/657/1204 535/528/1204
f 535/528/1204 550/543/1204 177/656/1204
f 535/528/1205 178/657/1206 179/658/1205
f 179/658/1205 521/514/1205 535/528/1205
f 521/514/1207 179/658/1207 180/659/1207
f 180/659/1207 506/499/1207 521/514/1207
f 506/499/1208 180/659/1208 161/660/1208
f 161/660/1208 491/484/1208 506/499/1208
f 491/484/1209 161/660/1210 160/661/1211
f 160/661/1211 476/469/1212 491/484/1209
f 160/661/1213 159/662/1213 461/454/1213
f 461/454/1213 476/469/1213 160/661/1213
f 159/662/1214 158/663/1214 446/439/1214
f 446/439/1214 461/454/1214 159/662/1214
f 446/439/1215 158/663/1215 157/664/1215
f 157/664/1215 431/424/1215 446/439/1215
f 431/424/1216 157/664/1216 156/665/1216
f 156/665/1216 416/409/1216 431/424/1216
f 416/409/1217 156/665/1217 155/666/1217
f 155/666/1217 387/380/1217 416/409/1217
f 155/666/1218 154/605/1218 388/381/1218
f 388/381/1218 387/380/1218 155/666/1218
f 641/667/1219 642/668/1220 643/669/1221
f 643/669/1221 644/670/1222 641/667/1219
f 645/671/1223 646/672/1224 644/670/1224
f 644/670/1224 643/669/1223 645/671/1223
f 646/672/1225 645/671/1225 647/673/1225
f 647/673/1225 648/674/1226 646/672/1225
f 649/675/1227 650/676/1227 648/674/1227
f 648/674/1227 647/673/1227 649/675/1227
f 650/676/1228 649/675/1228 651/677/1228
f 651/677/1228 652/678/1229 650/676/1228
f 653/679/1230 652/678/1230 651/677/1230
f 651/677/1230 654/680/1230 653/679/1230
f 654/680/1231 655/681/1231 656/682/1232
f 656/682/1232 653/679/1231 654/680/1231
f 657/683/1233 658/684/1234 641/667/1233
f 641/667/1233 644/670/1233 657/683/1233
f 657/683/1235 644/670/1235 646/672/1235
f 646/672/1235 659/685/1235 657/683/1235
f 659/685/1236 646/672/1236 648/674/1236
f 648/674/1236 660/686/1236 659/685/1236
f 648/674/1237 650/676/1237 661/687/1237
f 661/687/1237 660/686/1237 648/674/1237
f 650/676/1238 652/678/1238 662/688/1238
f 662/688/1238 661/687/1239 650/676/1238
f 662/688/1240 652/678/1240 653/679/1240
f 653/679/1240 663/689/1240 662/688/1240
f 663/689/1241 653/679/1241 656/682/1241
f 656/682/1241 664/690/1241 663/689/1241
f 665/691/1242 658/684/1242 657/683/1242
f 657/683/1242 666/692/1242 665/691/1242
f 666/692/1243 657/683/1243 659/685/1244
f 659/685/1244 667/693/1243 666/692/1243
f 660/686/1245 668/694/1245 667/693/1245
f 667/693/1245 659/685/1245 660/686/1245
f 661/687/1246 669/695/1246 668/694/1246
f 668/694/1246 660/686/1247 661/687/1246
f 670/696/1248 669/695/1249 661/687/1248
f 661/687/1248 662/688/1248 670/696/1248
f 663/689/1250 671/697/1250 670/696/1250
f 670/696/1250 662/688/1250 663/689/1250
f 672/698/1251 671/697/1251 663/689/1251
f 663/689/1251 664/690/1251 672/698/1251
f 673/699/1252 674/700/1252 665/691/1252
f 665/691/1252 666/692/1252 673/699/1252
f 675/701/1253 673/699/1254 666/692/1255
f 666/692/1255 667/693/1254 675/701/1253
f 667/693/1256 668/694/1256 676/702/1256
f 676/702/1256 675/701/1256 667/693/1256
f 668/694/1257 669/695/1257 677/703/1258
f 677/703/1258 676/702/1258 668/694/1257
f 678/704/1259 677/703/1259 669/695/1259
f 669/695/1259 670/696/1259 678/704/1259
f 670/696/1260 671/697/1260 679/705/1260
f 679/705/1260 678/704/1261 670/696/1260
f 672/698/1262 680/706/1262 679/705/1263
f 679/705/1263 671/697/1264 672/698/1262
f 673/699/1265 681/707/1266 682/708/1267
f 682/708/1267 674/700/1265 673/699/1265
f 683/709/1268 681/707/1268 673/699/1268
f 673/699/1268 675/701/1268 683/709/1268
f 684/710/1269 683/709/1269 675/701/1270
f 675/701/1270 676/702/1269 684/710/1269
f 676/702/1271 677/703/1272 685/711/1271
f 685/711/1271 684/710/1272 676/702/1271
f 677/703/1273 678/704/1273 686/712/1274
f 686/712/1274 685/711/1274 677/703/1273
f 687/713/1275 686/712/1275 678/704/1275
f 678/704/1275 679/705/1275 687/713/1275
f 679/705/1276 680/706/1277 688/714/1276
f 688/714/1276 687/713/1278 679/705/1276
f 689/715/1279 690/716/1280 682/708/1267
f 682/708/1267 681/707/1266 689/715/1279
f 683/709/1281 691/717/1281 689/715/1281
f 689/715/1281 681/707/1281 683/709/1281
f 692/718/1282 691/717/1282 683/709/1283
f 683/709/1283 684/710/1282 692/718/1282
f 693/719/1284 692/718/1285 684/710/1285
f 684/710/1285 685/711/1285 693/719/1284
f 685/711/1286 686/712/1286 694/720/1286
f 694/720/1286 693/719/1286 685/711/1286
f 686/712/1287 687/713/1288 695/721/1289
f 695/721/1289 694/720/1290 686/712/1287
f 696/722/1291 697/723/1292 698/724/1292
f 698/724/1292 699/725/1292 696/722/1291
f 697/723/1293 700/726/1294 701/727/1293
f 701/727/1293 698/724/1295 697/723/1293
f 701/727/1296 700/726/1297 702/728/1296
f 702/728/1296 703/729/1296 701/727/1296
f 698/724/1298 704/730/1298 705/731/1298
f 705/731/1298 699/725/1298 698/724/1298
f 704/730/1299 698/724/1300 701/727/1301
f 701/727/1301 706/732/1301 704/730/1299
f 701/727/1302 703/729/1302 707/733/1302
f 707/733/1302 706/732/1303 701/727/1302
f 704/730/1304 708/734/1305 709/735/1305
f 709/735/1305 705/731/1305 704/730/1304
f 710/736/1306 708/734/1306 704/730/1306
f 704/730/1306 706/732/1307 710/736/1306
f 707/733/1308 711/737/1308 710/736/1309
f 710/736/1309 706/732/1308 707/733/1308
f 712/738/1310 711/737/1311 707/733/1312
f 707/733/1312 713/739/1313 712/738/1310
f 709/735/1314 708/734/1315 714/740/1314
f 714/740/1314 715/741/1314 709/735/1314
f 710/736/1316 716/742/1317 714/740/1317
f 714/740/1317 708/734/1317 710/736/1316
f 717/743/1318 716/742/1319 710/736/1320
f 710/736/1320 711/737/1319 717/743/1318
f 712/738/1321 718/744/1322 717/743/1323
f 717/743/1323 711/737/1324 712/738/1321
f 719/745/1325 720/746/1325 715/741/1325
f 715/741/1325 714/740/1325 719/745/1325
f 714/740/1326 716/742/1326 721/747/1326
f 721/747/1326 719/745/1327 714/740/1326
f 717/743/1328 722/748/1328 721/747/1329
f 721/747/1329 716/742/1330 717/743/1328
f 723/749/1331 722/748/1332 717/743/1333
f 717/743/1333 718/744/1334 723/749/1331
f 724/750/1335 725/751/1335 720/746/1335
f 720/746/1335 719/745/1336 724/750/1335
f 726/752/1337 724/750/1337 719/745/1337
f 719/745/1337 721/747/1337 726/752/1337
f 721/747/1338 722/748/1339 727/753/1340
f 727/753/1340 726/752/1341 721/747/1338
f 723/749/1342 728/754/1343 727/753/1344
f 727/753/1344 722/748/1345 723/749/1342
f 729/755/1346 730/756/1347 731/757/1347
f 731/757/1347 732/758/1347 729/755/1346
f 733/759/1348 734/760/1349 732/758/1349
f 732/758/1349 731/757/1349 733/759/1348
f 733/759/1350 735/761/1350 736/762/1350
f 736/762/1350 734/760/1350 733/759/1350
f 736/762/1351 735/761/1352 737/763/1352
f 737/763/1352 738/764/1351 736/762/1351
f 739/765/1353 740/766/1353 738/764/1353
f 738/764/1353 737/763/1353 739/765/1353
f 741/767/1354 742/768/1355 740/766/1354
f 740/766/1354 739/765/1354 741/767/1354
f 742/768/1356 741/767/1356 743/769/1356
f 743/769/1356 744/770/1356 742/768/1356
f 729/755/1357 732/758/1357 745/771/1357
f 745/771/1357 746/772/1358 729/755/1357
f 745/771/1359 732/758/1360 734/760/1361
f 734/760/1361 747/773/1362 745/771/1359
f 736/762/1363 748/774/1363 747/773/1363
f 747/773/1363 734/760/1363 736/762/1363
f 738/764/1364 749/775/1365 748/774/1365
f 748/774/1365 736/762/1366 738/764/1364
f 749/775/1367 738/764/1367 740/766/1368
f 740/766/1368 750/776/1369 749/775/1367
f 742/768/1370 751/777/1370 750/776/1370
f 750/776/1370 740/766/1370 742/768/1370
f 742/768/1371 744/770/1372 752/778/1373
f 752/778/1373 751/777/1372 742/768/1371
f 745/771/1374 753/779/1375 754/780/1374
f 754/780/1374 746/772/1376 745/771/1374
f 747/773/1377 755/781/1378 753/779/1379
f 753/779/1379 745/771/1378 747/773/1377
f 755/781/1380 747/773/1380 748/774/1380
f 748/774/1380 756/782/1380 755/781/1380
f 749/775/1381 757/783/1382 756/782/1383
f 756/782/1383 748/774/1384 749/775/1381
f 749/775/1385 750/776/1386 758/784/1385
f 758/784/1385 757/783/1385 749/775/1385
f 758/784/1387 750/776/1388 751/777/1388
f 751/777/1388 759/785/1388 758/784/1387
f 752/778/1389 760/786/1389 759/785/1389
f 759/785/1389 751/777/1389 752/778/1389
f 757/783/1390 758/784/1391 761/787/1392
f 761/787/1392 762/788/1393 757/783/1390
f 761/787/1394 758/784/1395 759/785/1396
f 759/785/1396 763/789/1397 761/787/1394
f 759/785/1398 760/786/1399 764/790/1400
f 764/790/1400 763/789/1401 759/785/1398
f 765/791/1402 766/792/1403 767/793/1404
f 767/793/1404 768/794/1403 765/791/1402
f 765/791/1405 769/795/1406 770/796/1406
f 770/796/1406 766/792/1406 765/791/1405
f 770/796/1407 769/795/1408 771/797/1408
f 771/797/1408 772/798/1408 770/796/1407
f 773/799/1409 774/800/1409 772/798/1409
f 772/798/1409 771/797/1410 773/799/1409
f 775/801/1411 776/802/1411 774/800/1411
f 774/800/1411 773/799/1411 775/801/1411
f 776/802/1412 775/801/1412 777/803/1412
f 777/803/1412 778/804/1412 776/802/1412
f 779/805/1413 780/806/1414 778/804/1415
f 778/804/1415 777/803/1415 779/805/1413
f 781/807/1416 767/793/1416 766/792/1416
f 766/792/1416 782/808/1416 781/807/1416
f 770/796/1417 783/809/1417 782/808/1418
f 782/808/1418 766/792/1418 770/796/1417
f 772/798/1419 784/810/1420 783/809/1421
f 783/809/1421 770/796/1420 772/798/1419
f 784/810/1422 772/798/1422 774/800/1423
f 774/800/1423 785/811/1424 784/810/1422
f 776/802/1425 786/812/1426 785/811/1426
f 785/811/1426 774/800/1426 776/802/1425
f 776/802/1427 778/804/1428 787/813/1428
f 787/813/1428 786/812/1428 776/802/1427
f 787/813/1429 778/804/1430 780/806/1431
f 780/806/1431 788/814/1429 787/813/1429
f 782/808/1432 789/815/1432 790/816/1432
f 790/816/1432 781/807/1432 782/808/1432
f 789/815/1433 782/808/1433 783/809/1433
f 783/809/1433 791/817/1433 789/815/1433
f 784/810/1434 792/818/1435 791/817/1434
f 791/817/1434 783/809/1436 784/810/1434
f 784/810/1437 785/811/1437 793/819/1437
f 793/819/1437 792/818/1437 784/810/1437
f 793/819/1438 785/811/1438 786/812/1439
f 786/812/1439 794/820/1438 793/819/1438
f 787/813/1440 795/821/1441 794/820/1441
f 794/820/1441 786/812/1441 787/813/1440
f 787/813/1442 788/814/1442 796/822/1443
f 796/822/1443 795/821/1442 787/813/1442
f 789/815/1444 797/823/1444 798/824/1444
f 798/824/1444 790/816/1444 789/815/1444
f 799/825/1445 797/823/1446 789/815/1446
f 789/815/1446 791/817/1445 799/825/1445
f 800/826/1447 799/825/1447 791/817/1447
f 791/817/1447 792/818/1447 800/826/1447
f 792/818/1448 793/819/1448 801/827/1448
f 801/827/1448 800/826/1448 792/818/1448
f 794/820/1449 802/828/1449 801/827/1449
f 801/827/1449 793/819/1450 794/820/1449
f 803/829/1451 802/828/1452 794/820/1453
f 794/820/1453 795/821/1453 803/829/1451
f 796/822/1454 804/830/1455 803/829/1456
f 803/829/1456 795/821/1457 796/822/1454
f 805/831/1458 806/832/1458 798/824/1458
f 798/824/1458 797/823/1458 805/831/1458
f 799/825/1459 807/833/1460 805/831/1459
f 805/831/1459 797/823/1461 799/825/1459
f 808/834/1462 807/833/1462 799/825/1462
f 799/825/1462 800/826/1462 808/834/1462
f 809/835/1463 808/834/1463 800/826/1463
f 800/826/1463 801/827/1463 809/835/1463
f 801/827/1464 802/828/1464 810/836/1464
f 810/836/1464 809/835/1465 801/827/1464
f 803/829/1466 811/837/1466 810/836/1466
f 810/836/1466 802/828/1466 803/829/1466
f 812/838/1467 811/837/1468 803/829/1469
f 803/829/1469 804/830/1468 812/838/1467
f 805/831/1470 813/839/1470 814/840/1470
f 814/840/1470 806/832/1470 805/831/1470
f 815/841/1471 813/839/1471 805/831/1471
f 805/831/1471 807/833/1471 815/841/1471
f 808/834/1472 816/842/1472 815/841/1472
f 815/841/1472 807/833/1472 808/834/1472
f 817/843/1473 816/842/1474 808/834/1474
f 808/834/1474 809/835/1474 817/843/1473
f 818/844/1475 817/843/1475 809/835/1475
f 809/835/1475 810/836/1475 818/844/1475
f 810/836/1476 811/837/1477 819/845/1478
f 819/845/1478 818/844/1479 810/836/1476
f 812/838/1480 820/846/1481 819/845/1480
f 819/845/1480 811/837/1482 812/838/1480
f 724/750/1483 656/682/1483 655/681/1483
f 655/681/1483 725/751/1483 724/750/1483
f 664/690/1484 656/682/1485 724/750/1485
f 724/750/1485 726/752/1485 664/690/1484
f 672/698/1486 664/690/1487 726/752/1488
f 726/752/1488 727/753/1489 672/698/1486
f 727/753/1490 728/754/1491 680/706/1490
f 680/706/1490 672/698/1492 727/753/1490
f 743/769/1493 814/840/1493 813/839/1494
f 813/839/1494 744/770/1494 743/769/1493
f 815/841/1495 752/778/1495 744/770/1496
f 744/770/1496 813/839/1497 815/841/1495
f 760/786/1498 752/778/1499 815/841/1500
f 815/841/1500 816/842/1501 760/786/1498
f 816/842/1502 817/843/1503 764/790/1504
f 764/790/1504 760/786/1505 816/842/1502
f 818/844/1506 821/847/1506 764/790/1506
f 764/790/1506 817/843/1507 818/844/1506
f 690/716/1280 689/715/1279 780/806/1414
f 780/806/1414 779/805/1413 690/716/1280
f 689/715/1508 691/717/1508 788/814/1509
f 788/814/1509 780/806/1508 689/715/1508
f 691/717/1510 692/718/1511 796/822/1511
f 796/822/1511 788/814/1511 691/717/1510
f 692/718/1512 693/719/1513 804/830/1513
f 804/830/1513 796/822/1513 692/718/1512
f 812/838/1514 804/830/1514 693/719/1514
f 693/719/1514 694/720/1514 812/838/1514
f 694/720/1515 695/721/1515 820/846/1515
f 820/846/1515 812/838/1516 694/720/1515
f 822/848/1517 823/849/1518 824/850/1518
f 824/850/1518 642/668/1518 822/848/1517
f 643/669/1519 642/668/1519 824/850/1519
f 824/850/1519 825/851/1519 643/669/1519
f 645/671/1520 643/669/1520 825/851/1520
f 825/851/1520 826/852/1520 645/671/1520
f 645/671/1521 826/852/1521 827/853/1521
f 827/853/1521 647/673/1521 645/671/1521
f 647/673/1522 827/853/1522 828/854/1522
f 828/854/1522 649/675/1523 647/673/1522
f 649/675/1524 828/854/1524 829/855/1524
f 829/855/1524 651/677/1525 649/675/1524
f 654/680/1526 651/677/1526 829/855/1526
f 829/855/1526 830/856/1527 654/680/1526
f 654/680/1528 830/856/1528 831/857/1528
f 831/857/1528 655/681/1528 654/680/1528
f 642/668/1529 641/667/1530 832/858/1531
f 832/858/1531 822/848/1531 642/668/1529
f 833/859/1532 832/858/1532 641/667/1533
f 641/667/1533 658/684/1532 833/859/1532
f 834/860/1534 833/859/1534 658/684/1534
f 658/684/1534 665/691/1535 834/860/1534
f 674/700/1536 835/861/1536 834/860/1536
f 834/860/1536 665/691/1536 674/700/1536
f 836/862/1537 835/861/1538 674/700/1539
f 674/700/1539 682/708/1540 836/862/1537
f 836/862/1537 682/708/1540 690/716/1541
f 690/716/1541 837/863/1542 836/862/1537
f 838/864/1543 837/863/1542 690/716/1541
f 690/716/1541 779/805/1544 838/864/1543
f 369/362/1545 696/722/1546 839/865/1547
f 839/865/1547 370/363/1547 369/362/1545
f 697/723/1548 696/722/1548 369/362/1548
f 369/362/1548 368/361/1548 697/723/1548
f 368/361/1549 367/360/1550 700/726/1549
f 700/726/1549 697/723/1549 368/361/1549
f 700/726/1551 367/360/1552 366/359/1553
f 366/359/1553 702/728/1552 700/726/1551
f 696/722/1554 699/725/1554 840/866/1555
f 840/866/1555 839/865/1554 696/722/1554
f 841/867/1556 840/866/1556 699/725/1556
f 699/725/1556 705/731/1557 841/867/1556
f 705/731/1558 709/735/1558 842/868/1558
f 842/868/1558 841/867/1558 705/731/1558
f 843/869/1559 842/868/1559 709/735/1559
f 709/735/1559 715/741/1559 843/869/1559
f 844/870/1560 843/869/1560 715/741/1560
f 715/741/1560 720/746/1560 844/870/1560
f 845/871/1561 844/870/1561 720/746/1561
f 720/746/1561 725/751/1561 845/871/1561
f 655/681/1562 831/857/1562 845/871/1562
f 845/871/1562 725/751/1562 655/681/1562
f 271/259/1563 640/872/1563 730/756/1563
f 730/756/1563 272/260/1564 271/259/1563
f 731/757/1565 730/756/1565 640/872/1565
f 640/872/1565 639/873/1565 731/757/1565
f 639/873/1566 638/874/1566 733/759/1566
f 733/759/1566 731/757/1566 639/873/1566
f 735/761/1567 733/759/1568 638/874/1568
f 638/874/1568 637/875/1567 735/761/1567
f 737/763/1569 735/761/1570 637/875/1569
f 637/875/1569 636/876/1569 737/763/1569
f 737/763/1571 636/876/1571 635/877/1571
f 635/877/1571 739/765/1571 737/763/1571
f 741/767/1572 739/765/1572 635/877/1572
f 635/877/1572 634/878/1572 741/767/1572
f 743/769/1573 741/767/1573 634/878/1574
f 634/878/1574 633/879/1573 743/769/1573
f 729/755/1575 273/261/1576 272/260/1576
f 272/260/1576 730/756/1577 729/755/1575
f 273/261/1578 729/755/1578 746/772/1579
f 746/772/1579 274/262/1579 273/261/1578
f 754/780/1580 275/263/1580 274/262/1581
f 274/262/1581 746/772/1582 754/780/1580
f 626/621/1583 846/880/1584 768/794/1584
f 768/794/1584 625/881/1585 626/621/1583
f 765/791/1586 768/794/1586 846/880/1586
f 846/880/1586 847/882/1586 765/791/1586
f 765/791/1587 847/882/1587 848/883/1588
f 848/883/1588 769/795/1587 765/791/1587
f 771/797/1589 769/795/1589 848/883/1589
f 848/883/1589 849/884/1589 771/797/1589
f 849/884/1590 850/885/1591 773/799/1591
f 773/799/1591 771/797/1590 849/884/1590
f 773/799/1592 850/885/1592 851/886/1593
f 851/886/1593 775/801/1594 773/799/1592
f 777/803/1595 775/801/1594 851/886/1593
f 851/886/1593 852/887/1596 777/803/1595
f 779/805/1544 777/803/1595 852/887/1596
f 852/887/1596 838/864/1543 779/805/1544
f 627/888/1597 625/881/1597 768/794/1597
f 768/794/1597 767/793/1597 627/888/1597
f 781/807/1598 628/889/1598 627/888/1598
f 627/888/1598 767/793/1598 781/807/1598
f 629/890/1599 628/889/1599 781/807/1600
f 781/807/1600 790/816/1599 629/890/1599
f 629/890/1601 790/816/1601 798/824/1601
f 798/824/1601 630/891/1601 629/890/1601
f 806/832/1602 631/892/1602 630/891/1602
f 630/891/1602 798/824/1602 806/832/1602
f 632/893/1603 631/892/1603 806/832/1604
f 806/832/1604 814/840/1603 632/893/1603
f 633/879/1605 632/893/1605 814/840/1605
f 814/840/1605 743/769/1605 633/879/1605
f 853/894/1606 854/895/1606 855/896/1606
f 855/896/1606 856/897/1606 853/894/1606
f 855/896/1607 857/898/1607 858/899/1608
f 858/899/1608 856/897/1607 855/896/1607
f 858/899/1609 857/898/1609 859/900/1609
f 859/900/1609 860/901/1609 858/899/1609
f 860/901/1610 859/900/1610 861/902/1610
f 861/902/1610 862/903/1610 860/901/1610
f 862/903/1611 861/902/1612 863/904/1611
f 863/904/1611 864/905/1611 862/903/1611
f 864/905/1613 863/904/1613 865/906/1614
f 865/906/1614 866/907/1615 864/905/1613
f 866/907/1616 865/906/1616 867/908/1616
f 867/908/1616 868/909/1617 866/907/1616
f 868/909/1618 867/908/1619 869/910/1619
f 869/910/1619 870/911/1619 868/909/1618
f 871/912/1620 870/911/1621 869/910/1622
f 869/910/1622 872/913/1623 871/912/1620
f 873/914/1624 871/912/1625 872/913/1626
f 872/913/1626 874/915/1627 873/914/1624
f 875/916/1628 873/914/1629 874/915/1630
f 874/915/1630 876/917/1631 875/916/1628
f 877/918/1632 875/916/1633 876/917/1632
f 876/917/1632 878/919/1632 877/918/1632
f 879/920/1634 877/918/1635 878/919/1635
f 878/919/1635 880/921/1635 879/920/1634
f 879/920/1636 880/921/1636 881/922/1636
f 881/922/1636 882/923/1636 879/920/1636
f 883/924/1637 853/894/1637 856/897/1637
f 856/897/1637 884/925/1637 883/924/1637
f 884/925/1638 856/897/1638 858/899/1638
f 858/899/1638 885/926/1638 884/925/1638
f 885/926/1639 858/899/1640 860/901/1639
f 860/901/1639 886/927/1640 885/926/1639
f 886/927/1641 860/901/1642 862/903/1643
f 862/903/1643 887/928/1642 886/927/1641
f 888/929/1644 887/928/1644 862/903/1644
f 862/903/1644 864/905/1645 888/929/1644
f 888/929/1646 864/905/1646 866/907/1646
f 866/907/1646 889/930/1646 888/929/1646
f 889/930/1647 866/907/1648 868/909/1649
f 868/909/1649 890/931/1650 889/930/1647
f 870/911/1651 891/932/1652 890/931/1653
f 890/931/1653 868/909/1654 870/911/1651
f 891/932/1655 870/911/1656 871/912/1655
f 871/912/1655 892/933/1657 891/932/1655
f 892/933/1658 871/912/1658 873/914/1659
f 873/914/1659 893/934/1660 892/933/1658
f 893/934/1661 873/914/1661 875/916/1662
f 875/916/1662 894/935/1663 893/934/1661
f 894/935/1664 875/916/1664 877/918/1664
f 877/918/1664 895/936/1664 894/935/1664
f 895/936/1665 877/918/1666 879/920/1665
f 879/920/1665 896/937/1665 895/936/1665
f 897/938/1667 896/937/1667 879/920/1667
f 879/920/1667 882/923/1667 897/938/1667
f 898/939/1668 883/924/1668 884/925/1668
f 884/925/1668 899/940/1668 898/939/1668
f 885/926/1669 900/941/1669 899/940/1669
f 899/940/1669 884/925/1669 885/926/1669
f 900/941/1670 885/926/1671 886/927/1670
f 886/927/1670 901/942/1670 900/941/1670
f 901/942/1672 886/927/1672 887/928/1672
f 887/928/1672 902/943/1672 901/942/1672
f 902/943/1673 887/928/1674 888/929/1674
f 888/929/1674 903/944/1674 902/943/1673
f 903/944/1675 888/929/1676 889/930/1677
f 889/930/1677 904/945/1678 903/944/1675
f 904/945/1679 889/930/1680 890/931/1681
f 890/931/1681 905/946/1681 904/945/1679
f 906/947/1682 905/946/1683 890/931/1684
f 890/931/1684 891/932/1685 906/947/1682
f 906/947/1686 891/932/1687 892/933/1688
f 892/933/1688 907/948/1688 906/947/1686
f 907/948/1689 892/933/1690 893/934/1690
f 893/934/1690 908/949/1691 907/948/1689
f 894/935/1692 909/950/1692 908/949/1692
f 908/949/1692 893/934/1692 894/935/1692
f 909/950/1693 894/935/1693 895/936/1693
f 895/936/1693 910/951/1693 909/950/1693
f 910/951/1694 895/936/1694 896/937/1694
f 896/937/1694 911/952/1694 910/951/1694
f 911/952/1695 896/937/1695 897/938/1695
f 897/938/1695 912/953/1695 911/952/1695
f 913/954/1696 898/939/1696 899/940/1696
f 899/940/1696 914/955/1697 913/954/1696
f 915/956/1698 914/955/1698 899/940/1698
f 899/940/1698 900/941/1698 915/956/1698
f 915/956/1699 900/941/1699 901/942/1699
f 901/942/1699 916/957/1699 915/956/1699
f 916/957/1700 901/942/1700 902/943/1700
f 902/943/1700 917/958/1700 916/957/1700
f 903/944/1701 918/959/1701 917/958/1701
f 917/958/1701 902/943/1701 903/944/1701
f 918/959/1702 903/944/1703 904/945/1704
f 904/945/1704 919/960/1702 918/959/1702
f 919/960/1705 904/945/1706 905/946/1707
f 905/946/1707 920/961/1708 919/960/1705
f 920/961/1709 905/946/1710 906/947/1711
f 906/947/1711 921/962/1712 920/961/1709
f 921/962/1713 906/947/1714 907/948/1715
f 907/948/1715 922/963/1716 921/962/1713
f 922/963/1717 907/948/1718 908/949/1719
f 908/949/1719 923/964/1717 922/963/1717
f 924/965/1720 923/964/1721 908/949/1722
f 908/949/1722 909/950/1721 924/965/1720
f 924/965/1723 909/950/1724 910/951/1725
f 910/951/1725 925/966/1725 924/965/1723
f 925/966/1726 910/951/1726 911/952/1726
f 911/952/1726 926/967/1726 925/966/1726
f 912/953/1727 927/968/1727 926/967/1727
f 926/967/1727 911/952/1727 912/953/1727
f 928/969/1728 913/954/1728 914/955/1728
f 914/955/1728 929/970/1728 928/969/1728
f 929/970/1729 914/955/1729 915/956/1730
f 915/956/1730 930/971/1729 929/970/1729
f 930/971/1731 915/956/1731 916/957/1731
f 916/957/1731 931/972/1732 930/971/1731
f 931/972/1733 916/957/1733 917/958/1733
f 917/958/1733 932/973/1733 931/972/1733
f 933/974/1734 932/973/1735 917/958/1736
f 917/958/1736 918/959/1736 933/974/1734
f 933/974/1737 918/959/1737 919/960/1738
f 919/960/1738 934/975/1737 933/974/1737
f 934/975/1739 919/960/1740 920/961/1741
f 920/961/1741 935/976/1741 934/975/1739
f 921/962/1742 936/977/1742 935/976/1743
f 935/976/1743 920/961/1743 921/962/1742
f 936/977/1744 921/962/1745 922/963/1746
f 922/963/1746 937/978/1747 936/977/1744
f 937/978/1748 922/963/1748 923/964/1749
f 923/964/1749 938/979/1749 937/978/1748
f 938/979/1750 923/964/1751 924/965/1752
f 924/965/1752 939/980/1750 938/979/1750
f 939/980/1753 924/965/1753 925/966/1753
f 925/966/1753 940/981/1754 939/980/1753
f 940/981/1755 925/966/1755 926/967/1755
f 926/967/1755 941/982/1755 940/981/1755
f 942/983/1756 941/982/1756 926/967/1756
f 926/967/1756 927/968/1756 942/983/1756
f 943/984/1757 928/969/1758 929/970/1758
f 929/970/1758 944/985/1757 943/984/1757
f 930/971/1759 945/986/1759 944/985/1759
f 944/985/1759 929/970/1759 930/971/1759
f 945/986/1760 930/971/1760 931/972/1760
f 931/972/1760 946/987/1760 945/986/1760
f 946/987/1761 931/972/1762 932/973/1761
f 932/973/1761 947/988/1761 946/987/1761
f 947/988/1763 932/973/1764 933/974/1763
f 933/974/1763 948/989/1765 947/988/1763
f 948/989/1766 933/974/1767 934/975/1768
f 934/975/1768 949/990/1769 948/989/1766
f 949/990/1770 934/975/1770 935/976/1771
f 935/976/1771 950/991/1772 949/990/1770
f 951/992/1773 950/991/1774 935/976/1774
f 935/976/1774 936/977/1775 951/992/1773
f 951/992/1776 936/977/1777 937/978/1778
f 937/978/1778 952/993/1779 951/992/1776
f 952/993/1780 937/978/1781 938/979/1782
f 938/979/1782 953/994/1782 952/993/1780
f 939/980/1783 954/995/1783 953/994/1784
f 953/994/1784 938/979/1785 939/980/1783
f 954/995/1786 939/980/1787 940/981/1787
f 940/981/1787 955/996/1788 954/995/1786
f 955/996/1789 940/981/1790 941/982/1789
f 941/982/1789 956/997/1791 955/996/1789
f 956/997/1792 941/982/1792 942/983/1792
f 942/983/1792 957/998/1792 956/997/1792
f 958/999/1793 943/984/1793 944/985/1794
f 944/985/1794 959/1000/1793 958/999/1793
f 960/1001/1795 959/1000/1796 944/985/1795
f 944/985/1795 945/986/1795 960/1001/1795
f 960/1001/1797 945/986/1798 946/987/1799
f 946/987/1799 961/1002/1800 960/1001/1797
f 961/1002/1801 946/987/1801 947/988/1802
f 947/988/1802 962/1003/1802 961/1002/1801
f 948/989/1803 963/1004/1804 962/1003/1803
f 962/1003/1803 947/988/1805 948/989/1803
f 963/1004/1806 948/989/1807 949/990/1806
f 949/990/1806 964/1005/1806 963/1004/1806
f 964/1005/1808 949/990/1808 950/991/1808
f 950/991/1808 965/1006/1809 964/1005/1808
f 965/1006/1810 950/991/1811 951/992/1812
f 951/992/1812 966/1007/1813 965/1006/1810
f 966/1007/1814 951/992/1814 952/993/1814
f 952/993/1814 967/1008/1814 966/1007/1814
f 967/1008/1815 952/993/1815 953/994/1815
f 953/994/1815 968/1009/1816 967/1008/1815
f 969/1010/1817 968/1009/1818 953/994/1818
f 953/994/1818 954/995/1819 969/1010/1817
f 969/1010/1820 954/995/1821 955/996/1822
f 955/996/1822 970/1011/1823 969/1010/1820
f 970/1011/1824 955/996/1825 956/997/1826
f 956/997/1826 971/1012/1827 970/1011/1824
f 957/998/1828 972/1013/1829 971/1012/1830
f 971/1012/1830 956/997/1830 957/998/1828
f 973/1014/1831 958/999/1832 959/1000/1832
f 959/1000/1832 974/1015/1833 973/1014/1831
f 974/1015/1834 959/1000/1834 960/1001/1835
f 960/1001/1835 975/1016/1835 974/1015/1834
f 975/1016/1836 960/1001/1837 961/1002/1838
f 961/1002/1838 976/1017/1839 975/1016/1836
f 976/1017/1840 961/1002/1841 962/1003/1842
f 962/1003/1842 977/1018/1843 976/1017/1840
f 978/1019/1844 977/1018/1844 962/1003/1845
f 962/1003/1845 963/1004/1846 978/1019/1844
f 978/1019/1847 963/1004/1848 964/1005/1849
f 964/1005/1849 979/1020/1850 978/1019/1847
f 979/1020/1851 964/1005/1852 965/1006/1853
f 965/1006/1853 980/1021/1854 979/1020/1851
f 966/1007/1855 981/1022/1856 980/1021/1855
f 980/1021/1855 965/1006/1855 966/1007/1855
f 981/1022/1857 966/1007/1858 967/1008/1859
f 967/1008/1859 982/1023/1859 981/1022/1857
f 982/1023/1860 967/1008/1860 968/1009/1860
f 968/1009/1860 983/1024/1860 982/1023/1860
f 983/1024/1861 968/1009/1862 969/1010/1863
f 969/1010/1863 984/1025/1864 983/1024/1861
f 984/1025/1865 969/1010/1866 970/1011/1865
f 970/1011/1865 985/1026/1865 984/1025/1865
f 985/1026/1867 970/1011/1868 971/1012/1868
f 971/1012/1868 986/1027/1867 985/1026/1867
f 987/1028/1869 986/1027/1869 971/1012/1869
f 971/1012/1869 972/1013/1869 987/1028/1869
f 988/1029/1870 973/1014/1870 974/1015/1870
f 974/1015/1870 989/1030/1870 988/1029/1870
f 975/1016/1871 990/1031/1871 989/1030/1871
f 989/1030/1871 974/1015/1871 975/1016/1871
f 990/1031/1872 975/1016/1872 976/1017/1873
f 976/1017/1873 991/1032/1874 990/1031/1872
f 991/1032/1875 976/1017/1875 977/1018/1876
f 977/1018/1876 992/1033/1877 991/1032/1875
f 992/1033/1878 977/1018/1878 978/1019/1879
f 978/1019/1879 993/1034/1879 992/1033/1878
f 993/1034/1880 978/1019/1881 979/1020/1882
f 979/1020/1882 994/1035/1883 993/1034/1880
f 994/1035/1884 979/1020/1885 980/1021/1886
f 980/1021/1886 995/1036/1887 994/1035/1884
f 996/1037/1888 995/1036/1889 980/1021/1890
f 980/1021/1890 981/1022/1891 996/1037/1888
f 996/1037/1892 981/1022/1893 982/1023/1892
f 982/1023/1892 997/1038/1892 996/1037/1892
f 997/1038/1894 982/1023/1894 983/1024/1894
f 983/1024/1894 998/1039/1894 997/1038/1894
f 984/1025/1895 999/1040/1895 998/1039/1895
f 998/1039/1895 983/1024/1895 984/1025/1895
f 999/1040/1896 984/1025/1896 985/1026/1897
f 985/1026/1897 1000/1041/1897 999/1040/1896
f 1000/1041/1898 985/1026/1898 986/1027/1898
f 986/1027/1898 1001/1042/1898 1000/1041/1898
f 1001/1042/1899 986/1027/1899 987/1028/1900
f 987/1028/1900 1002/1043/1900 1001/1042/1899
f 1003/1044/1901 988/1029/1901 989/1030/1901
f 989/1030/1901 1004/1045/1901 1003/1044/1901
f 1005/1046/1902 1004/1045/1902 989/1030/1902
f 989/1030/1902 990/1031/1902 1005/1046/1902
f 1005/1046/1903 990/1031/1903 991/1032/1903
f 991/1032/1903 1006/1047/1904 1005/1046/1903
f 1006/1047/1905 991/1032/1905 992/1033/1906
f 992/1033/1906 1007/1048/1905 1006/1047/1905
f 993/1034/1907 1008/1049/1907 1007/1048/1908
f 1007/1048/1908 992/1033/1908 993/1034/1907
f 1008/1049/1909 993/1034/1910 994/1035/1909
f 994/1035/1909 1009/1050/1910 1008/1049/1909
f 1009/1050/1911 994/1035/1912 995/1036/1913
f 995/1036/1913 1010/1051/1914 1009/1050/1911
f 1010/1051/1915 995/1036/1916 996/1037/1917
f 996/1037/1917 1011/1052/1916 1010/1051/1915
f 1011/1052/1918 996/1037/1918 997/1038/1919
f 997/1038/1919 1012/1053/1920 1011/1052/1918
f 1012/1053/1921 997/1038/1921 998/1039/1921
f 998/1039/1921 1013/1054/1921 1012/1053/1921
f 1014/1055/1922 1013/1054/1922 998/1039/1922
f 998/1039/1922 999/1040/1922 1014/1055/1922
f 1014/1055/1923 999/1040/1923 1000/1041/1923
f 1000/1041/1923 1015/1056/1923 1014/1055/1923
f 1015/1056/1924 1000/1041/1924 1001/1042/1924
f 1001/1042/1924 1016/1057/1924 1015/1056/1924
f 1002/1043/1925 1017/1058/1925 1016/1057/1925
f 1016/1057/1925 1001/1042/1925 1002/1043/1925
f 1018/1059/1926 1003/1044/1926 1004/1045/1926
f 1004/1045/1926 1019/1060/1926 1018/1059/1926
f 1019/1060/1927 1004/1045/1927 1005/1046/1927
f 1005/1046/1927 1020/1061/1927 1019/1060/1927
f 1020/1061/1928 1005/1046/1928 1006/1047/1928
f 1006/1047/1928 1021/1062/1928 1020/1061/1928
f 1021/1062/1929 1006/1047/1930 1007/1048/1929
f 1007/1048/1929 1022/1063/1929 1021/1062/1929
f 1023/1064/1931 1022/1063/1931 1007/1048/1931
f 1007/1048/1931 1008/1049/1931 1023/1064/1931
f 1023/1064/1932 1008/1049/1932 1009/1050/1932
f 1009/1050/1932 1024/1065/1933 1023/1064/1932
f 1024/1065/1934 1009/1050/1935 1010/1051/1936
f 1010/1051/1936 1025/1066/1937 1024/1065/1934
f 1011/1052/1938 1026/1067/1939 1025/1066/1938
f 1025/1066/1938 1010/1051/1938 1011/1052/1938
f 1026/1067/1940 1011/1052/1941 1012/1053/1940
f 1012/1053/1940 1027/1068/1941 1026/1067/1940
f 1027/1068/1942 1012/1053/1942 1013/1054/1942
f 1013/1054/1942 1028/1069/1942 1027/1068/1942
f 1028/1069/1943 1013/1054/1943 1014/1055/1943
f 1014/1055/1943 1029/1070/1943 1028/1069/1943
f 1029/1070/1944 1014/1055/1944 1015/1056/1944
f 1015/1056/1944 1030/1071/1945 1029/1070/1944
f 1030/1071/1946 1015/1056/1946 1016/1057/1946
f 1016/1057/1946 1031/1072/1946 1030/1071/1946
f 1032/1073/1947 1031/1072/1947 1016/1057/1947
f 1016/1057/1947 1017/1058/1947 1032/1073/1947
f 1033/1074/1948 1018/1059/1948 1019/1060/1948
f 1019/1060/1948 1034/1075/1948 1033/1074/1948
f 1020/1061/1949 1035/1076/1950 1034/1075/1950
f 1034/1075/1950 1019/1060/1950 1020/1061/1949
f 1035/1076/1951 1020/1061/1951 1021/1062/1952
f 1021/1062/1952 1036/1077/1952 1035/1076/1951
f 1036/1077/1953 1021/1062/1954 1022/1063/1953
f 1022/1063/1953 1037/1078/1954 1036/1077/1953
f 1037/1078/1955 1022/1063/1955 1023/1064/1955
f 1023/1064/1955 1038/1079/1955 1037/1078/1955
f 1038/1079/1956 1023/1064/1957 1024/1065/1958
f 1024/1065/1958 1039/1080/1958 1038/1079/1956
f 1039/1080/1959 1024/1065/1960 1025/1066/1961
f 1025/1066/1961 1040/1081/1962 1039/1080/1959
f 1041/1082/1963 1040/1081/1964 1025/1066/1965
f 1025/1066/1965 1026/1067/1966 1041/1082/1963
f 1041/1082/1967 1026/1067/1968 1027/1068/1967
f 1027/1068/1967 1042/1083/1969 1041/1082/1967
f 1042/1083/1970 1027/1068/1970 1028/1069/1970
f 1028/1069/1970 1043/1084/1971 1042/1083/1970
f 1029/1070/1972 1044/1085/1973 1043/1084/1972
f 1043/1084/1972 1028/1069/1972 1029/1070/1972
f 1044/1085/1974 1029/1070/1975 1030/1071/1974
f 1030/1071/1974 1045/1086/1975 1044/1085/1974
f 1045/1086/1976 1030/1071/1976 1031/1072/1976
f 1031/1072/1976 1046/1087/1976 1045/1086/1976
f 1046/1087/1977 1031/1072/1978 1032/1073/1978
f 1032/1073/1978 1047/1088/1978 1046/1087/1977
f 1048/1089/1979 1033/1074/1980 1034/1075/1980
f 1034/1075/1980 1049/1090/1980 1048/1089/1979
f 1050/1091/1981 1049/1090/1981 1034/1075/1981
f 1034/1075/1981 1035/1076/1981 1050/1091/1981
f 1050/1091/1982 1035/1076/1982 1036/1077/1982
f 1036/1077/1982 1051/1092/1983 1050/1091/1982
f 1051/1092/1984 1036/1077/1984 1037/1078/1984
f 1037/1078/1984 1052/1093/1984 1051/1092/1984
f 1038/1079/1985 1053/1094/1985 1052/1093/1985
f 1052/1093/1985 1037/1078/1985 1038/1079/1985
f 1053/1094/1986 1038/1079/1986 1039/1080/1987
f 1039/1080/1987 1054/1095/1988 1053/1094/1986
f 1054/1095/1989 1039/1080/1990 1040/1081/1989
f 1040/1081/1989 1055/1096/1989 1054/1095/1989
f 1055/1096/1991 1040/1081/1991 1041/1082/1992
f 1041/1082/1992 1056/1097/1992 1055/1096/1991
f 1056/1097/1993 1041/1082/1993 1042/1083/1994
f 1042/1083/1994 1057/1098/1993 1056/1097/1993
f 1057/1098/1995 1042/1083/1996 1043/1084/1996
f 1043/1084/1996 1058/1099/1996 1057/1098/1995
f 1059/1100/1997 1058/1099/1998 1043/1084/1997
f 1043/1084/1997 1044/1085/1997 1059/1100/1997
f 1059/1100/1999 1044/1085/1999 1045/1086/1999
f 1045/1086/1999 1060/1101/1999 1059/1100/1999
f 1060/1101/2000 1045/1086/2000 1046/1087/2000
f 1046/1087/2000 1061/1102/2000 1060/1101/2000
f 1047/1088/2001 1062/1103/2002 1061/1102/2001
f 1061/1102/2001 1046/1087/2001 1047/1088/2001
f 1063/1104/2003 1048/1089/2003 1049/1090/2003
f 1049/1090/2003 1064/1105/2003 1063/1104/2003
f 1064/1105/2004 1049/1090/2005 1050/1091/2004
f 1050/1091/2004 1065/1106/2004 1064/1105/2004
f 1065/1106/2006 1050/1091/2007 1051/1092/2006
f 1051/1092/2006 1066/1107/2006 1065/1106/2006
f 1066/1107/2008 1051/1092/2008 1052/1093/2008
f 1052/1093/2008 1067/1108/2008 1066/1107/2008
f 1068/1109/2009 1067/1108/2010 1052/1093/2011
f 1052/1093/2011 1053/1094/2011 1068/1109/2009
f 1068/1109/2012 1053/1094/2012 1054/1095/2012
f 1054/1095/2012 1069/1110/2012 1068/1109/2012
f 1069/1110/2013 1054/1095/2014 1055/1096/2015
f 1055/1096/2015 1070/1111/2016 1069/1110/2013
f 1056/1097/2017 1071/1112/2018 1070/1111/2017
f 1070/1111/2017 1055/1096/2019 1056/1097/2017
f 1071/1112/2020 1056/1097/2021 1057/1098/2022
f 1057/1098/2022 1072/1113/2023 1071/1112/2020
f 1072/1113/2024 1057/1098/2024 1058/1099/2025
f 1058/1099/2025 1073/1114/2025 1072/1113/2024
f 1073/1114/2026 1058/1099/2026 1059/1100/2027
f 1059/1100/2027 1074/1115/2026 1073/1114/2026
f 1074/1115/2028 1059/1100/2028 1060/1101/2029
f 1060/1101/2029 1075/1116/2029 1074/1115/2028
f 1075/1116/2030 1060/1101/2030 1061/1102/2030
f 1061/1102/2030 1076/1117/2030 1075/1116/2030
f 1077/1118/2031 1076/1117/2031 1061/1102/2031
f 1061/1102/2031 1062/1103/2031 1077/1118/2031
f 823/849/2032 1078/1119/2032 854/895/2032
f 854/895/2032 824/1120/2032 823/849/2032
f 854/895/2033 1078/1119/2033 1079/1121/2033
f 1079/1121/2033 855/896/2033 854/895/2033
f 1079/1121/2034 1080/1122/2035 857/898/2036
f 857/898/2036 855/896/2037 1079/1121/2034
f 857/898/2038 1080/1122/2038 1081/1123/2039
f 1081/1123/2039 859/900/2039 857/898/2038
f 859/900/2040 1081/1123/2041 1082/1124/2042
f 1082/1124/2042 861/902/2041 859/900/2040
f 863/904/2043 861/902/2044 1082/1124/2045
f 1082/1124/2045 1083/1125/2046 863/904/2043
f 863/904/2047 1083/1125/2048 1084/1126/2048
f 1084/1126/2048 865/906/2049 863/904/2047
f 865/906/2050 1084/1126/2051 1085/1127/2052
f 1085/1127/2052 867/908/2053 865/906/2050
f 1086/1128/2054 869/910/2055 867/908/2056
f 867/908/2056 1085/1127/2057 1086/1128/2054
f 869/910/2058 1086/1128/2059 1087/1129/2060
f 1087/1129/2060 872/913/2061 869/910/2058
f 872/913/2062 1087/1129/2062 1088/1130/2063
f 1088/1130/2063 874/915/2064 872/913/2062
f 1089/1131/2065 876/917/2066 874/915/2067
f 874/915/2067 1088/1130/2068 1089/1131/2065
f 1090/1132/2069 878/919/2070 876/917/2071
f 876/917/2071 1089/1131/2072 1090/1132/2069
f 1091/1133/2073 880/921/2074 878/919/2075
f 878/919/2075 1090/1132/2076 1091/1133/2073
f 880/921/2077 1091/1133/2077 1092/1134/2077
f 1092/1134/2077 881/922/2078 880/921/2077
f 196/1135/2079 881/922/2079 1092/1134/2079
f 1092/1134/2079 197/1136/2079 196/1135/2079
f 882/923/2080 881/922/2080 196/1135/2080
f 196/1135/2080 204/1137/2080 882/923/2080
f 897/938/2081 882/923/2081 204/1137/2081
f 204/1137/2081 205/1138/2081 897/938/2081
f 206/1139/2082 912/953/2082 897/938/2082
f 897/938/2082 205/1138/2082 206/1139/2082
f 207/1140/2083 927/968/2083 912/953/2084
f 912/953/2084 206/1139/2084 207/1140/2083
f 208/1141/2085 942/983/2085 927/968/2085
f 927/968/2085 207/1140/2085 208/1141/2085
f 209/1142/2086 957/998/2086 942/983/2086
f 942/983/2086 208/1141/2086 209/1142/2086
f 190/1143/2087 972/1013/2088 957/998/2088
f 957/998/2088 209/1142/2089 190/1143/2087
f 189/1144/2090 987/1028/2091 972/1013/2092
f 972/1013/2092 190/1143/2091 189/1144/2090
f 188/1145/2093 1002/1043/2093 987/1028/2093
f 987/1028/2093 189/1144/2094 188/1145/2093
f 187/1146/2095 1017/1058/2096 1002/1043/2095
f 1002/1043/2095 188/1145/2097 187/1146/2095
f 1017/1058/2098 187/1146/2098 186/1147/2098
f 186/1147/2098 1032/1073/2098 1017/1058/2098
f 1032/1073/2099 186/1147/2099 185/1148/2100
f 185/1148/2100 1047/1088/2099 1032/1073/2099
f 184/1149/2101 1062/1103/2101 1047/1088/2101
f 1047/1088/2101 185/1148/2101 184/1149/2101
f 1062/1103/2102 184/1149/2102 181/1150/2102
f 181/1150/2102 1077/1118/2102 1062/1103/2102
f 183/1151/2103 365/1152/2104 1077/1118/2103
f 1077/1118/2103 181/1150/2103 183/1151/2103
f 384/1153/2105 1076/1117/2105 1077/1118/2105
f 1077/1118/2105 365/1152/2106 384/1153/2105
f 1075/1116/2107 1076/1117/2108 384/1153/2109
f 384/1153/2109 383/1154/2110 1075/1116/2107
f 1074/1115/2111 1075/1116/2112 383/1154/2112
f 383/1154/2112 382/1155/2113 1074/1115/2111
f 382/1155/2114 381/1156/2115 1073/1114/2116
f 1073/1114/2116 1074/1115/2117 382/1155/2114
f 1072/1113/2118 1073/1114/2119 381/1156/2120
f 381/1156/2120 380/1157/2121 1072/1113/2118
f 1071/1112/2122 1072/1113/2123 380/1157/2124
f 380/1157/2124 379/1158/2125 1071/1112/2122
f 379/1158/2126 378/1159/2127 1070/1111/2128
f 1070/1111/2128 1071/1112/2129 379/1158/2126
f 378/1159/2130 377/1160/2131 1069/1110/2131
f 1069/1110/2131 1070/1111/2132 378/1159/2130
f 377/1160/2133 376/1161/2134 1068/1109/2135
f 1068/1109/2135 1069/1110/2136 377/1160/2133
f 1067/1108/2137 1068/1109/2138 376/1161/2139
f 376/1161/2139 375/1162/2140 1067/1108/2137
f 375/1162/2141 374/1163/2142 1066/1107/2141
f 1066/1107/2141 1067/1108/2141 375/1162/2141
f 374/1163/2143 373/1164/2143 1065/1106/2143
f 1065/1106/2143 1066/1107/2143 374/1163/2143
f 372/1165/2144 1064/1105/2144 1065/1106/2144
f 1065/1106/2144 373/1164/2144 372/1165/2144
f 372/1165/2145 371/1166/2145 1063/1104/2146
f 1063/1104/2146 1064/1105/2146 372/1165/2145
f 839/1167/2147 1063/1104/2147 371/1166/2148
f 371/1166/2148 370/1168/2147 839/1167/2147
f 839/1167/2149 840/1169/2150 1048/1089/2149
f 1048/1089/2149 1063/1104/2149 839/1167/2149
f 840/1169/2151 841/1170/2151 1033/1074/2151
f 1033/1074/2151 1048/1089/2151 840/1169/2151
f 841/1170/2152 842/1171/2152 1018/1059/2152
f 1018/1059/2152 1033/1074/2152 841/1170/2152
f 1018/1059/2153 842/1171/2153 843/1172/2153
f 843/1172/2153 1003/1044/2154 1018/1059/2153
f 843/1172/2155 844/1173/2155 988/1029/2155
f 988/1029/2155 1003/1044/2155 843/1172/2155
f 845/1174/2156 973/1014/2156 988/1029/2156
f 988/1029/2156 844/1173/2156 845/1174/2156
f 831/1175/2157 958/999/2158 973/1014/2158
f 973/1014/2158 845/1174/2158 831/1175/2157
f 943/984/2159 958/999/2160 831/1175/2160
f 831/1175/2160 830/1176/2160 943/984/2159
f 943/984/2161 830/1176/2161 829/1177/2161
f 829/1177/2161 928/969/2161 943/984/2161
f 829/1177/2162 828/1178/2162 913/954/2162
f 913/954/2162 928/969/2162 829/1177/2162
f 913/954/2163 828/1178/2163 827/1179/2163
f 827/1179/2163 898/939/2163 913/954/2163
f 898/939/2164 827/1179/2164 826/1180/2164
f 826/1180/2164 883/924/2164 898/939/2164
f 826/1180/2165 825/1181/2165 853/894/2165
f 853/894/2165 883/924/2165 826/1180/2165
f 825/1181/2166 824/1120/2166 854/895/2166
f 854/895/2166 853/894/2166 825/1181/2166
f 1093/1182/2167 1094/1183/2167 1095/1184/2167
f 1095/1184/2167 1096/1185/2167 1093/1182/2167
f 1097/1186/2168 1096/1185/2168 1095/1184/2168
f 1095/1184/2168 1098/1187/2168 1097/1186/2168
f 1097/1186/2169 1098/1187/2170 1099/1188/2170
f 1099/1188/2170 1100/1189/2170 1097/1186/2169
f 1100/1189/2171 1099/1188/2171 1101/1190/2172
f 1101/1190/2172 1102/1191/2171 1100/1189/2171
f 1103/1192/2173 1104/1193/2174 1102/1191/2175
f 1102/1191/2175 1101/1190/2173 1103/1192/2173
f 1104/1193/2176 1103/1192/2177 1105/1194/2177
f 1105/1194/2177 1106/1195/2177 1104/1193/2176
f 1106/1195/2178 1105/1194/2179 1107/1196/2180
f 1107/1196/2180 1108/1197/2181 1106/1195/2178
f 1108/1197/2182 1107/1196/2183 1109/1198/2184
f 1109/1198/2184 1110/1199/2185 1108/1197/2182
f 1110/1199/2186 1109/1198/2187 1111/1200/2188
f 1111/1200/2188 1112/1201/2189 1110/1199/2186
f 1112/1201/2190 1111/1200/2191 1113/1202/2192
f 1113/1202/2192 1114/1203/2193 1112/1201/2190
f 1115/1204/2194 1114/1203/2195 1113/1202/2195
f 1113/1202/2195 1116/1205/2196 1115/1204/2194
f 1115/1204/2197 1116/1205/2198 1117/1206/2199
f 1117/1206/2199 1118/1207/2199 1115/1204/2197
f 1118/1207/2200 1117/1206/2201 1119/1208/2202
f 1119/1208/2202 1120/1209/2200 1118/1207/2200
f 1121/1210/2203 1122/1211/2203 1120/1209/2203
f 1120/1209/2203 1119/1208/2203 1121/1210/2203
f 1123/1212/2204 1093/1182/2205 1096/1185/2205
f 1096/1185/2205 1124/1213/2205 1123/1212/2204
f 1124/1213/2206 1096/1185/2206 1097/1186/2206
f 1097/1186/2206 1125/1214/2206 1124/1213/2206
f 1125/1214/2207 1097/1186/2207 1100/1189/2207
f 1100/1189/2207 1126/1215/2207 1125/1214/2207
f 1126/1215/2208 1100/1189/2208 1102/1191/2208
f 1102/1191/2208 1127/1216/2208 1126/1215/2208
f 1128/1217/2209 1127/1216/2210 1102/1191/2210
f 1102/1191/2210 1104/1193/2211 1128/1217/2209
f 1128/1217/2212 1104/1193/2212 1106/1195/2213
f 1106/1195/2213 1129/1218/2214 1128/1217/2212
f 1129/1218/2215 1106/1195/2216 1108/1197/2217
f 1108/1197/2217 1130/1219/2218 1129/1218/2215
f 1110/1199/2219 1131/1220/2220 1130/1219/2221
f 1130/1219/2221 1108/1197/2222 1110/1199/2219
f 1131/1220/2223 1110/1199/2224 1112/1201/2225
f 1112/1201/2225 1132/1221/2226 1131/1220/2223
f 1132/1221/2227 1112/1201/2228 1114/1203/2227
f 1114/1203/2227 1133/1222/2229 1132/1221/2227
f 1133/1222/2230 1114/1203/2230 1115/1204/2231
f 1115/1204/2231 1134/1223/2232 1133/1222/2230
f 1134/1223/2233 1115/1204/2233 1118/1207/2233
f 1118/1207/2233 1135/1224/2233 1134/1223/2233
f 1135/1224/2234 1118/1207/2235 1120/1209/2236
f 1120/1209/2236 1136/1225/2235 1135/1224/2234
f 1137/1226/2237 1136/1225/2237 1120/1209/2238
f 1120/1209/2238 1122/1211/2237 1137/1226/2237
f 1138/1227/2239 1123/1212/2240 1124/1213/2240
f 1124/1213/2240 1139/1228/2240 1138/1227/2239
f 1125/1214/2241 1140/1229/2242 1139/1228/2243
f 1139/1228/2243 1124/1213/2241 1125/1214/2241
f 1140/1229/2244 1125/1214/2245 1126/1215/2245
f 1126/1215/2245 1141/1230/2246 1140/1229/2244
f 1141/1230/2247 1126/1215/2248 1127/1216/2248
f 1127/1216/2248 1142/1231/2249 1141/1230/2247
f 1142/1231/2250 1127/1216/2251 1128/1217/2252
f 1128/1217/2252 1143/1232/2253 1142/1231/2250
f 1143/1232/2254 1128/1217/2255 1129/1218/2256
f 1129/1218/2256 1144/1233/2257 1143/1232/2254
f 1144/1233/2258 1129/1218/2259 1130/1219/2260
f 1130/1219/2260 1145/1234/2261 1144/1233/2258
f 1146/1235/2262 1145/1234/2263 1130/1219/2264
f 1130/1219/2264 1131/1220/2265 1146/1235/2262
f 1146/1235/2266 1131/1220/2267 1132/1221/2268
f 1132/1221/2268 1147/1236/2269 1146/1235/2266
f 1147/1236/2270 1132/1221/2271 1133/1222/2272
f 1133/1222/2272 1148/1237/2273 1147/1236/2270
f 1134/1223/2274 1149/1238/2275 1148/1237/2276
f 1148/1237/2276 1133/1222/2277 1134/1223/2274
f 1149/1238/2278 1134/1223/2279 1135/1224/2280
f 1135/1224/2280 1150/1239/2281 1149/1238/2278
f 1150/1239/2282 1135/1224/2283 1136/1225/2284
f 1136/1225/2284 1151/1240/2285 1150/1239/2282
f 1151/1240/2286 1136/1225/2286 1137/1226/2286
f 1137/1226/2286 1152/1241/2286 1151/1240/2286
f 1153/1242/2287 1138/1227/2288 1139/1228/2288
f 1139/1228/2288 1154/1243/2289 1153/1242/2287
f 1155/1244/2290 1154/1243/2291 1139/1228/2243
f 1139/1228/2243 1140/1229/2242 1155/1244/2290
f 1155/1244/2292 1140/1229/2244 1141/1230/2246
f 1141/1230/2246 1156/1245/2293 1155/1244/2292
f 1156/1245/2294 1141/1230/2247 1142/1231/2249
f 1142/1231/2249 1157/1246/2295 1156/1245/2294
f 1143/1232/2253 1158/1247/2296 1157/1246/2297
f 1157/1246/2297 1142/1231/2250 1143/1232/2253
f 1158/1247/2298 1143/1232/2254 1144/1233/2257
f 1144/1233/2257 1159/1248/2299 1158/1247/2298
f 1159/1248/2300 1144/1233/2258 1145/1234/2261
f 1145/1234/2261 1160/1249/2301 1159/1248/2300
f 1160/1249/2302 1145/1234/2263 1146/1235/2262
f 1146/1235/2262 1161/1250/2303 1160/1249/2302
f 1161/1250/2304 1146/1235/2266 1147/1236/2269
f 1147/1236/2269 1162/1251/2305 1161/1250/2304
f 1162/1251/2306 1147/1236/2270 1148/1237/2273
f 1148/1237/2273 1163/1252/2307 1162/1251/2306
f 1164/1253/2308 1163/1252/2309 1148/1237/2276
f 1148/1237/2276 1149/1238/2275 1164/1253/2308
f 1164/1253/2310 1149/1238/2278 1150/1239/2281
f 1150/1239/2281 1165/1254/2311 1164/1253/2310
f 1165/1254/2312 1150/1239/2282 1151/1240/2285
f 1151/1240/2285 1166/1255/2313 1165/1254/2312
f 1152/1241/2314 1167/1256/2315 1166/1255/2316
f 1166/1255/2316 1151/1240/2314 1152/1241/2314
f 1168/1257/2317 1153/1242/2287 1154/1243/2289
f 1154/1243/2289 1169/1258/2318 1168/1257/2317
f 1169/1258/2319 1154/1243/2291 1155/1244/2290
f 1155/1244/2290 1170/1259/2320 1169/1258/2319
f 1171/1260/2321 1170/1259/2322 1155/1244/2292
f 1155/1244/2292 1156/1245/2293 1171/1260/2321
f 1172/1261/2323 1171/1260/2324 1156/1245/2294
f 1156/1245/2294 1157/1246/2295 1172/1261/2323
f 1158/1247/2296 1173/1262/2325 1172/1261/2326
f 1172/1261/2326 1157/1246/2297 1158/1247/2296
f 1174/1263/2327 1173/1262/2328 1158/1247/2298
f 1158/1247/2298 1159/1248/2299 1174/1263/2327
f 1175/1264/2329 1174/1263/2330 1159/1248/2300
f 1159/1248/2300 1160/1249/2301 1175/1264/2329
f 1175/1264/2331 1160/1249/2302 1161/1250/2303
f 1161/1250/2303 1176/1265/2332 1175/1264/2331
f 1177/1266/2333 1176/1265/2334 1161/1250/2304
f 1161/1250/2304 1162/1251/2305 1177/1266/2333
f 1178/1267/2335 1177/1266/2336 1162/1251/2306
f 1162/1251/2306 1163/1252/2307 1178/1267/2335
f 1178/1267/2337 1163/1252/2309 1164/1253/2308
f 1164/1253/2308 1179/1268/2338 1178/1267/2337
f 1180/1269/2339 1179/1268/2340 1164/1253/2310
f 1164/1253/2310 1165/1254/2311 1180/1269/2339
f 1181/1270/2341 1180/1269/2342 1165/1254/2312
f 1165/1254/2312 1166/1255/2313 1181/1270/2341
f 1167/1256/2315 1182/1271/2343 1181/1270/2344
f 1181/1270/2344 1166/1255/2316 1167/1256/2315
f 1183/1272/2345 1184/1273/2346 1168/1257/2317
f 1168/1257/2317 1169/1258/2318 1183/1272/2345
f 1170/1259/2320 1185/1274/2347 1183/1272/2348
f 1183/1272/2348 1169/1258/2319 1170/1259/2320
f 1186/1275/2349 1185/1274/2350 1170/1259/2322
f 1170/1259/2322 1171/1260/2321 1186/1275/2349
f 1187/1276/2351 1186/1275/2352 1171/1260/2324
f 1171/1260/2324 1172/1261/2323 1187/1276/2351
f 1172/1261/2326 1173/1262/2325 1188/1277/2353
f 1188/1277/2353 1187/1276/2354 1172/1261/2326
f 1174/1263/2327 1189/1278/2355 1188/1277/2356
f 1188/1277/2356 1173/1262/2328 1174/1263/2327
f 1175/1264/2329 1190/1279/2357 1189/1278/2358
f 1189/1278/2358 1174/1263/2330 1175/1264/2329
f 1190/1279/2359 1175/1264/2331 1176/1265/2332
f 1176/1265/2332 1191/1280/2360 1190/1279/2359
f 1177/1266/2333 1192/1281/2361 1191/1280/2362
f 1191/1280/2362 1176/1265/2334 1177/1266/2333
f 1178/1267/2335 1193/1282/2363 1192/1281/2364
f 1192/1281/2364 1177/1266/2336 1178/1267/2335
f 1179/1268/2338 1194/1283/2365 1193/1282/2366
f 1193/1282/2366 1178/1267/2337 1179/1268/2338
f 1195/1284/2367 1194/1283/2368 1179/1268/2340
f 1179/1268/2340 1180/1269/2339 1195/1284/2367
f 1196/1285/2369 1195/1284/2370 1180/1269/2342
f 1180/1269/2342 1181/1270/2341 1196/1285/2369
f 1181/1270/2344 1182/1271/2343 1197/1286/2371
f 1197/1286/2371 1196/1285/2372 1181/1270/2344
f 1183/1272/2345 1198/1287/2373 1199/1288/2374
f 1199/1288/2374 1184/1273/2346 1183/1272/2345
f 1198/1287/2375 1183/1272/2348 1185/1274/2347
f 1185/1274/2347 1200/1289/2376 1198/1287/2375
f 1186/1275/2349 1201/1290/2377 1200/1289/2378
f 1200/1289/2378 1185/1274/2350 1186/1275/2349
f 1187/1276/2351 1202/1291/2379 1201/1290/2380
f 1201/1290/2380 1186/1275/2352 1187/1276/2351
f 1188/1277/2353 1203/1292/2381 1202/1291/2382
f 1202/1291/2382 1187/1276/2354 1188/1277/2353
f 1204/1293/2383 1203/1292/2384 1188/1277/2356
f 1188/1277/2356 1189/1278/2355 1204/1293/2383
f 1205/1294/2385 1204/1293/2386 1189/1278/2358
f 1189/1278/2358 1190/1279/2357 1205/1294/2385
f 1190/1279/2359 1191/1280/2360 1206/1295/2387
f 1206/1295/2387 1205/1294/2388 1190/1279/2359
f 1192/1281/2361 1207/1296/2389 1206/1295/2390
f 1206/1295/2390 1191/1280/2362 1192/1281/2361
f 1193/1282/2363 1208/1297/2391 1207/1296/2392
f 1207/1296/2392 1192/1281/2364 1193/1282/2363
f 1208/1297/2393 1193/1282/2366 1194/1283/2365
f 1194/1283/2365 1209/1298/2394 1208/1297/2393
f 1195/1284/2367 1210/1299/2395 1209/1298/2396
f 1209/1298/2396 1194/1283/2368 1195/1284/2367
f 1196/1285/2369 1211/1300/2397 1210/1299/2398
f 1210/1299/2398 1195/1284/2370 1196/1285/2369
f 1197/1286/2371 1212/1301/2399 1211/1300/2400
f 1211/1300/2400 1196/1285/2372 1197/1286/2371
f 1213/1302/2401 1214/1303/2402 1199/1288/2374
f 1199/1288/2374 1198/1287/2373 1213/1302/2401
f 1198/1287/2375 1200/1289/2376 1215/1304/2403
f 1215/1304/2403 1213/1302/2404 1198/1287/2375
f 1201/1290/2377 1216/1305/2405 1215/1304/2406
f 1215/1304/2406 1200/1289/2378 1201/1290/2377
f 1202/1291/2379 1217/1306/2407 1216/1305/2408
f 1216/1305/2408 1201/1290/2380 1202/1291/2379
f 1217/1306/2409 1202/1291/2382 1203/1292/2381
f 1203/1292/2381 1218/1307/2410 1217/1306/2409
f 1204/1293/2383 1219/1308/2411 1218/1307/2412
f 1218/1307/2412 1203/1292/2384 1204/1293/2383
f 1205/1294/2385 1220/1309/2413 1219/1308/2414
f 1219/1308/2414 1204/1293/2386 1205/1294/2385
f 1206/1295/2387 1221/1310/2415 1220/1309/2416
f 1220/1309/2416 1205/1294/2388 1206/1295/2387
f 1222/1311/2417 1221/1310/2418 1206/1295/2390
f 1206/1295/2390 1207/1296/2389 1222/1311/2417
f 1223/1312/2419 1222/1311/2420 1207/1296/2392
f 1207/1296/2392 1208/1297/2391 1223/1312/2419
f 1208/1297/2393 1209/1298/2394 1224/1313/2421
f 1224/1313/2421 1223/1312/2422 1208/1297/2393
f 1210/1299/2395 1225/1314/2423 1224/1313/2424
f 1224/1313/2424 1209/1298/2396 1210/1299/2395
f 1211/1300/2397 1226/1315/2425 1225/1314/2426
f 1225/1314/2426 1210/1299/2398 1211/1300/2397
f 1226/1315/2427 1211/1300/2400 1212/1301/2399
f 1212/1301/2399 1227/1316/2428 1226/1315/2427
f 1213/1302/2401 1228/1317/2429 1229/1318/2430
f 1229/1318/2430 1214/1303/2402 1213/1302/2401
f 1215/1304/2403 1230/1319/2431 1228/1317/2432
f 1228/1317/2432 1213/1302/2404 1215/1304/2403
f 1231/1320/2433 1230/1319/2434 1215/1304/2406
f 1215/1304/2406 1216/1305/2405 1231/1320/2433
f 1232/1321/2435 1231/1320/2436 1216/1305/2408
f 1216/1305/2408 1217/1306/2407 1232/1321/2435
f 1217/1306/2409 1218/1307/2410 1233/1322/2437
f 1233/1322/2437 1232/1321/2438 1217/1306/2409
f 1219/1308/2411 1234/1323/2439 1233/1322/2440
f 1233/1322/2440 1218/1307/2412 1219/1308/2411
f 1220/1309/2413 1235/1324/2441 1234/1323/2442
f 1234/1323/2442 1219/1308/2414 1220/1309/2413
f 1235/1324/2443 1220/1309/2416 1221/1310/2415
f 1221/1310/2415 1236/1325/2444 1235/1324/2443
f 1222/1311/2417 1237/1326/2445 1236/1325/2446
f 1236/1325/2446 1221/1310/2418 1222/1311/2417
f 1223/1312/2419 1238/1327/2447 1237/1326/2448
f 1237/1326/2448 1222/1311/2420 1223/1312/2419
f 1224/1313/2421 1239/1328/2449 1238/1327/2450
f 1238/1327/2450 1223/1312/2422 1224/1313/2421
f 1240/1329/2451 1239/1328/2452 1224/1313/2424
f 1224/1313/2424 1225/1314/2423 1240/1329/2451
f 1241/1330/2453 1240/1329/2454 1225/1314/2426
f 1225/1314/2426 1226/1315/2425 1241/1330/2453
f 1226/1315/2427 1227/1316/2428 1242/1331/2455
f 1242/1331/2455 1241/1330/2456 1226/1315/2427
f 1228/1317/2429 1243/1332/2457 1244/1333/2458
f 1244/1333/2458 1229/1318/2430 1228/1317/2429
f 1243/1332/2459 1228/1317/2432 1230/1319/2431
f 1230/1319/2431 1245/1334/2460 1243/1332/2459
f 1231/1320/2433 1246/1335/2461 1245/1334/2462
f 1245/1334/2462 1230/1319/2434 1231/1320/2433
f 1232/1321/2435 1247/1336/2463 1246/1335/2464
f 1246/1335/2464 1231/1320/2436 1232/1321/2435
f 1233/1322/2437 1248/1337/2465 1247/1336/2466
f 1247/1336/2466 1232/1321/2438 1233/1322/2437
f 1249/1338/2467 1248/1337/2468 1233/1322/2440
f 1233/1322/2440 1234/1323/2439 1249/1338/2467
f 1250/1339/2469 1249/1338/2470 1234/1323/2442
f 1234/1323/2442 1235/1324/2441 1250/1339/2469
f 1235/1324/2443 1236/1325/2444 1251/1340/2471
f 1251/1340/2471 1250/1339/2472 1235/1324/2443
f 1237/1326/2445 1252/1341/2473 1251/1340/2474
f 1251/1340/2474 1236/1325/2446 1237/1326/2445
f 1238/1327/2447 1253/1342/2475 1252/1341/2476
f 1252/1341/2476 1237/1326/2448 1238/1327/2447
f 1253/1342/2477 1238/1327/2450 1239/1328/2449
f 1239/1328/2449 1254/1343/2478 1253/1342/2477
f 1240/1329/2451 1255/1344/2479 1254/1343/2480
f 1254/1343/2480 1239/1328/2452 1240/1329/2451
f 1241/1330/2453 1256/1345/2481 1255/1344/2482
f 1255/1344/2482 1240/1329/2454 1241/1330/2453
f 1242/1331/2455 1257/1346/2483 1256/1345/2484
f 1256/1345/2484 1241/1330/2456 1242/1331/2455
f 1258/1347/2485 1259/1348/2485 1244/1333/2458
f 1244/1333/2458 1243/1332/2457 1258/1347/2485
f 1243/1332/2459 1245/1334/2460 1260/1349/2486
f 1260/1349/2486 1258/1347/2487 1243/1332/2459
f 1246/1335/2461 1261/1350/2488 1260/1349/2489
f 1260/1349/2489 1245/1334/2462 1246/1335/2461
f 1247/1336/2463 1262/1351/2490 1261/1350/2491
f 1261/1350/2491 1246/1335/2464 1247/1336/2463
f 1262/1351/2492 1247/1336/2466 1248/1337/2465
f 1248/1337/2465 1263/1352/2493 1262/1351/2492
f 1249/1338/2467 1264/1353/2494 1263/1352/2495
f 1263/1352/2495 1248/1337/2468 1249/1338/2467
f 1250/1339/2469 1265/1354/2496 1264/1353/2497
f 1264/1353/2497 1249/1338/2470 1250/1339/2469
f 1251/1340/2471 1266/1355/2498 1265/1354/2499
f 1265/1354/2499 1250/1339/2472 1251/1340/2471
f 1267/1356/2500 1266/1355/2501 1251/1340/2474
f 1251/1340/2474 1252/1341/2473 1267/1356/2500
f 1268/1357/2502 1267/1356/2503 1252/1341/2476
f 1252/1341/2476 1253/1342/2475 1268/1357/2502
f 1253/1342/2477 1254/1343/2478 1269/1358/2504
f 1269/1358/2504 1268/1357/2505 1253/1342/2477
f 1255/1344/2479 1270/1359/2506 1269/1358/2506
f 1269/1358/2506 1254/1343/2480 1255/1344/2479
f 1256/1345/2481 1271/1360/2507 1270/1359/2508
f 1270/1359/2508 1255/1344/2482 1256/1345/2481
f 1271/1360/2509 1256/1345/2484 1257/1346/2483
f 1257/1346/2483 1272/1361/2509 1271/1360/2509
f 1258/1347/2510 1273/1362/2511 1274/1363/2511
f 1274/1363/2511 1259/1348/2510 1258/1347/2510
f 1260/1349/2486 1275/1364/2512 1273/1362/2513
f 1273/1362/2513 1258/1347/2487 1260/1349/2486
f 1276/1365/2514 1275/1364/2515 1260/1349/2489
f 1260/1349/2489 1261/1350/2488 1276/1365/2514
f 1277/1366/2516 1276/1365/2517 1261/1350/2491
f 1261/1350/2491 1262/1351/2490 1277/1366/2516
f 1262/1351/2492 1263/1352/2493 1278/1367/2518
f 1278/1367/2518 1277/1366/2519 1262/1351/2492
f 1264/1353/2494 1279/1368/2520 1278/1367/2521
f 1278/1367/2521 1263/1352/2495 1264/1353/2494
f 1265/1354/2496 1280/1369/2522 1279/1368/2523
f 1279/1368/2523 1264/1353/2497 1265/1354/2496
f 1280/1369/2524 1265/1354/2499 1266/1355/2498
f 1266/1355/2498 1281/1370/2525 1280/1369/2524
f 1267/1356/2526 1282/1371/2527 1281/1370/2528
f 1281/1370/2528 1266/1355/2529 1267/1356/2526
f 1268/1357/2502 1283/1372/2530 1282/1371/2531
f 1282/1371/2531 1267/1356/2503 1268/1357/2502
f 1269/1358/2504 1284/1373/2532 1283/1372/2532
f 1283/1372/2532 1268/1357/2505 1269/1358/2504
f 1285/1374/2533 1284/1373/2534 1269/1358/2534
f 1269/1358/2534 1270/1359/2535 1285/1374/2533
f 1286/1375/2536 1285/1374/2536 1270/1359/2536
f 1270/1359/2536 1271/1360/2536 1286/1375/2536
f 1271/1360/2537 1272/1361/2538 1287/1376/2538
f 1287/1376/2538 1286/1375/2539 1271/1360/2537
f 1273/1362/2540 1288/1377/2541 1289/1378/2542
f 1289/1378/2542 1274/1363/2542 1273/1362/2540
f 1288/1377/2543 1273/1362/2543 1275/1364/2543
f 1275/1364/2543 1290/1379/2543 1288/1377/2543
f 1276/1365/2544 1291/1380/2544 1290/1379/2544
f 1290/1379/2544 1275/1364/2545 1276/1365/2544
f 1277/1366/2546 1292/1381/2547 1291/1380/2548
f 1291/1380/2548 1276/1365/2549 1277/1366/2546
f 1278/1367/2550 1293/1382/2551 1292/1381/2552
f 1292/1381/2552 1277/1366/2553 1278/1367/2550
f 1294/1383/2554 1293/1382/2555 1278/1367/2556
f 1278/1367/2556 1279/1368/2555 1294/1383/2554
f 1295/1384/2557 1294/1383/2557 1279/1368/2557
f 1279/1368/2557 1280/1369/2558 1295/1384/2557
f 1280/1369/2559 1281/1370/2560 1296/1385/2561
f 1296/1385/2561 1295/1384/2562 1280/1369/2559
f 1282/1371/2563 1297/1386/2563 1296/1385/2564
f 1296/1385/2564 1281/1370/2565 1282/1371/2563
f 1283/1372/2566 1298/1387/2567 1297/1386/2568
f 1297/1386/2568 1282/1371/2567 1283/1372/2566
f 1298/1387/2569 1283/1372/2570 1284/1373/2571
f 1284/1373/2571 1299/1388/2572 1298/1387/2569
f 1285/1374/2573 1300/1389/2574 1299/1388/2574
f 1299/1388/2574 1284/1373/2574 1285/1374/2573
f 1286/1375/2575 1301/1390/2575 1300/1389/2575
f 1300/1389/2575 1285/1374/2575 1286/1375/2575
f 1287/1376/2576 1302/1391/2577 1301/1390/2578
f 1301/1390/2578 1286/1375/2578 1287/1376/2576
f 1303/1392/2579 1304/1393/2580 1289/1378/2579
f 1289/1378/2579 1288/1377/2580 1303/1392/2579
f 1288/1377/2581 1290/1379/2581 1305/1394/2581
f 1305/1394/2581 1303/1392/2581 1288/1377/2581
f 1291/1380/2582 1306/1395/2583 1305/1394/2582
f 1305/1394/2582 1290/1379/2582 1291/1380/2582
f 1292/1381/2584 1307/1396/2585 1306/1395/2586
f 1306/1395/2586 1291/1380/2587 1292/1381/2584
f 1307/1396/2588 1292/1381/2589 1293/1382/2590
f 1293/1382/2590 1308/1397/2588 1307/1396/2588
f 1294/1383/2591 1309/1398/2591 1308/1397/2592
f 1308/1397/2592 1293/1382/2593 1294/1383/2591
f 1295/1384/2594 1310/1399/2594 1309/1398/2595
f 1309/1398/2595 1294/1383/2594 1295/1384/2594
f 1296/1385/2596 1311/1400/2597 1310/1399/2598
f 1310/1399/2598 1295/1384/2599 1296/1385/2596
f 1312/1401/2600 1311/1400/2601 1296/1385/2602
f 1296/1385/2602 1297/1386/2603 1312/1401/2600
f 1313/1402/2604 1312/1401/2605 1297/1386/2606
f 1297/1386/2606 1298/1387/2607 1313/1402/2604
f 1298/1387/2608 1299/1388/2608 1314/1403/2609
f 1314/1403/2609 1313/1402/2610 1298/1387/2608
f 1300/1389/2611 1315/1404/2612 1314/1403/2613
f 1314/1403/2613 1299/1388/2612 1300/1389/2611
f 1301/1390/2614 1316/1405/2614 1315/1404/2614
f 1315/1404/2614 1300/1389/2614 1301/1390/2614
f 1316/1405/2615 1301/1390/2615 1302/1391/2615
f 1302/1391/2615 1317/1406/2615 1316/1405/2615
f 195/1407/2616 197/1136/2616 1092/1134/2616
f 1092/1134/2616 1094/1183/2617 195/1407/2616
f 1091/1133/2618 1095/1184/2618 1094/1183/2618
f 1094/1183/2618 1092/1134/2618 1091/1133/2618
f 1090/1132/2619 1098/1187/2620 1095/1184/2621
f 1095/1184/2621 1091/1133/2620 1090/1132/2619
f 1098/1187/2622 1090/1132/2623 1089/1131/2624
f 1089/1131/2624 1099/1188/2625 1098/1187/2622
f 1099/1188/2626 1089/1131/2627 1088/1130/2628
f 1088/1130/2628 1101/1190/2629 1099/1188/2626
f 1103/1192/2630 1101/1190/2631 1088/1130/2632
f 1088/1130/2632 1087/1129/2633 1103/1192/2630
f 1103/1192/2634 1087/1129/2635 1086/1128/2635
f 1086/1128/2635 1105/1194/2635 1103/1192/2634
f 1105/1194/2636 1086/1128/2637 1085/1127/2637
f 1085/1127/2637 1107/1196/2637 1105/1194/2636
f 1107/1196/2638 1085/1127/2639 1084/1126/2640
f 1084/1126/2640 1109/1198/2641 1107/1196/2638
f 1083/1125/2642 1111/1200/2643 1109/1198/2644
f 1109/1198/2644 1084/1126/2644 1083/1125/2642
f 1113/1202/2645 1111/1200/2645 1083/1125/2645
f 1083/1125/2645 1082/1124/2646 1113/1202/2645
f 1116/1205/2647 1113/1202/2648 1082/1124/2649
f 1082/1124/2649 1081/1123/2650 1116/1205/2647
f 1080/1122/2651 1117/1206/2652 1116/1205/2653
f 1116/1205/2653 1081/1123/2654 1080/1122/2651
f 1079/1121/2655 1119/1208/2655 1117/1206/2656
f 1117/1206/2656 1080/1122/2656 1079/1121/2655
f 1119/1208/2657 1079/1121/2658 1078/1119/2658
f 1078/1119/2658 1121/1210/2658 1119/1208/2657
f 822/848/2659 1121/1210/2659 1078/1119/2660
f 1078/1119/2660 823/849/2659 822/848/2659
f 1122/1211/2661 1121/1210/2661 822/848/2661
f 822/848/2661 832/858/2661 1122/1211/2661
f 1137/1226/2662 1122/1211/2662 832/858/2663
f 832/858/2663 833/859/2664 1137/1226/2662
f 1137/1226/2665 833/859/2665 834/860/2665
f 834/860/2665 1152/1241/2665 1137/1226/2665
f 1167/1256/2666 1152/1241/2667 834/860/2667
f 834/860/2667 835/861/2667 1167/1256/2666
f 1182/1271/2668 1167/1256/2669 835/861/2669
f 835/861/2669 836/862/2670 1182/1271/2668
f 1197/1286/2671 1182/1271/2668 836/862/2670
f 836/862/2670 837/863/2672 1197/1286/2671
f 1197/1286/2671 837/863/2672 838/864/2673
f 838/864/2673 1212/1301/2674 1197/1286/2671
f 1212/1301/2674 838/864/2673 852/887/2675
f 852/887/2675 1227/1316/2676 1212/1301/2674
f 851/886/2677 1242/1331/2678 1227/1316/2676
f 1227/1316/2676 852/887/2675 851/886/2677
f 1242/1331/2678 851/886/2677 850/885/2679
f 850/885/2679 1257/1346/2680 1242/1331/2678
f 850/885/2681 849/884/2682 1272/1361/2682
f 1272/1361/2682 1257/1346/2682 850/885/2681
f 1272/1361/2683 849/884/2684 848/883/2684
f 848/883/2684 1287/1376/2685 1272/1361/2683
f 847/882/2686 1302/1391/2686 1287/1376/2686
f 1287/1376/2686 848/883/2686 847/882/2686
f 846/880/2687 1317/1406/2687 1302/1391/2687
f 1302/1391/2687 847/882/2687 846/880/2687
f 1317/1406/2688 846/880/2688 626/621/2688
f 626/621/2688 624/619/2688 1317/1406/2688
f 1316/1405/2689 1317/1406/2689 624/619/2689
f 624/619/2689 623/618/2690 1316/1405/2689
f 622/617/2691 1315/1404/2692 1316/1405/2693
f 1316/1405/2693 623/618/2694 622/617/2691
f 621/616/2695 1314/1403/2696 1315/1404/2697
f 1315/1404/2697 622/617/2698 621/616/2695
f 1314/1403/2699 621/616/2700 620/615/2701
f 620/615/2701 1313/1402/2702 1314/1403/2699
f 619/614/2703 1312/1401/2703 1313/1402/2703
f 1313/1402/2703 620/615/2703 619/614/2703
f 618/613/2704 1311/1400/2705 1312/1401/2706
f 1312/1401/2706 619/614/2707 618/613/2704
f 1310/1399/2708 1311/1400/2709 618/613/2710
f 618/613/2710 617/612/2711 1310/1399/2708
f 616/611/2712 1309/1398/2712 1310/1399/2713
f 1310/1399/2713 617/612/2713 616/611/2712
f 615/610/2714 1308/1397/2715 1309/1398/2716
f 1309/1398/2716 616/611/2716 615/610/2714
f 1308/1397/2717 615/610/2718 614/609/2719
f 614/609/2719 1307/1396/2720 1308/1397/2717
f 1306/1395/2721 1307/1396/2722 614/609/2722
f 614/609/2722 613/608/2722 1306/1395/2721
f 1305/1394/2723 1306/1395/2724 613/608/2724
f 613/608/2724 612/607/2724 1305/1394/2723
f 611/606/2725 1303/1392/2726 1305/1394/2727
f 1305/1394/2727 612/607/2728 611/606/2725
f 1304/1393/2729 1303/1392/2729 611/606/2730
f 611/606/2730 610/604/2729 1304/1393/2729
f 152/1408/2731 1304/1393/2732 610/604/2731
f 610/604/2731 153/603/2731 152/1408/2731
f 1304/1393/2733 152/1408/2733 162/1409/2733
f 162/1409/2733 1289/1378/2733 1304/1393/2733
f 1289/1378/2734 162/1409/2734 163/1410/2734
f 163/1410/2734 1274/1363/2734 1289/1378/2734
f 163/1410/2735 164/1411/2736 1259/1348/2736
f 1259/1348/2736 1274/1363/2736 163/1410/2735
f 1259/1348/2737 164/1411/2737 165/1412/2738
f 165/1412/2738 1244/1333/2739 1259/1348/2737
f 1244/1333/2739 165/1412/2738 166/1413/2740
f 166/1413/2740 1229/1318/2741 1244/1333/2739
f 166/1413/2740 167/1414/2742 1214/1303/2743
f 1214/1303/2743 1229/1318/2741 166/1413/2740
f 167/1414/2742 168/1415/2744 1199/1288/2745
f 1199/1288/2745 1214/1303/2743 167/1414/2742
f 168/1415/2744 203/1416/2746 1184/1273/2747
f 1184/1273/2747 1199/1288/2745 168/1415/2744
f 1168/1257/2748 1184/1273/2747 203/1416/2746
f 203/1416/2746 202/1417/2749 1168/1257/2748
f 1168/1257/2748 202/1417/2749 201/1418/2750
f 201/1418/2750 1153/1242/2751 1168/1257/2748
f 1153/1242/2751 201/1418/2750 200/1419/2752
f 200/1419/2752 1138/1227/2752 1153/1242/2751
f 1138/1227/2753 200/1419/2753 199/1420/2753
f 199/1420/2753 1123/1212/2753 1138/1227/2753
f 1123/1212/2754 199/1420/2755 198/1421/2754
f 198/1421/2754 1093/1182/2755 1123/1212/2754
f 1093/1182/2756 198/1421/2756 195/1407/2757
f 195/1407/2757 1094/1183/2757 1093/1182/2756
f 1318/3/2758 1319/2/2759 1320/5/2760
f 1320/5/2760 1321/4/2760 1318/3/2758
f 1320/5/2761 1322/7/2762 1323/6/2762
f 1323/6/2762 1321/4/2762 1320/5/2761
f 1324/8/2763 1323/6/2763 1322/7/2763
f 1322/7/2763 1325/9/2763 1324/8/2763
f 1324/8/2764 1325/9/2764 1326/11/2764
f 1326/11/2764 1327/10/2765 1324/8/2764
f 1328/13/2766 1329/12/2766 1327/10/2766
f 1327/10/2766 1326/11/2766 1328/13/2766
f 1330/14/2767 1329/12/2767 1328/13/2767
f 1328/13/2767 1331/15/2767 1330/14/2767
f 1330/14/2768 1331/15/2769 1332/17/2770
f 1332/17/2770 1333/16/2770 1330/14/2768
f 1320/5/2771 1319/2/2772 1334/18/2771
f 1334/18/2771 1335/19/2773 1320/5/2771
f 1320/5/2774 1335/19/2775 1336/20/2776
f 1336/20/2776 1322/7/2775 1320/5/2774
f 1336/20/2777 1337/21/2778 1325/9/2777
f 1325/9/2777 1322/7/2777 1336/20/2777
f 1338/22/2779 1326/11/2780 1325/9/2779
f 1325/9/2779 1337/21/2779 1338/22/2779
f 1339/23/2781 1328/13/2782 1326/11/2781
f 1326/11/2781 1338/22/2783 1339/23/2781
f 1340/24/2784 1331/15/2784 1328/13/2784
f 1328/13/2784 1339/23/2784 1340/24/2784
f 1331/15/2785 1340/24/2786 1341/25/2785
f 1341/25/2785 1332/17/2785 1331/15/2785
f 1342/26/2787 1335/19/2788 1334/18/2789
f 1334/18/2789 1343/27/2788 1342/26/2787
f 1344/28/2790 1336/20/2790 1335/19/2791
f 1335/19/2791 1342/26/2790 1344/28/2790
f 1344/28/2792 1345/29/2792 1337/21/2793
f 1337/21/2793 1336/20/2793 1344/28/2792
f 1345/29/2794 1346/30/2795 1338/22/2794
f 1338/22/2794 1337/21/2794 1345/29/2794
f 1339/23/2796 1338/22/2797 1346/30/2796
f 1346/30/2796 1347/31/2796 1339/23/2796
f 1339/23/2798 1347/31/2799 1348/1422/2799
f 1348/1422/2799 1340/24/2799 1339/23/2798
f 1349/1423/2800 1341/25/2800 1340/24/2801
f 1340/24/2801 1348/1422/2800 1349/1423/2800
f 1343/27/2802 1350/32/2803 1351/33/2803
f 1351/33/2803 1342/26/2803 1343/27/2802
f 1352/1424/2804 1344/28/2805 1342/26/2806
f 1342/26/2806 1351/33/2807 1352/1424/2804
f 1345/29/2808 1344/28/2809 1352/1424/2809
f 1352/1424/2809 1353/1425/2809 1345/29/2808
f 1345/29/2810 1353/1425/2811 1354/1426/2810
f 1354/1426/2810 1346/30/2812 1345/29/2810
f 1354/1426/2813 1355/1427/2813 1347/31/2813
f 1347/31/2813 1346/30/2813 1354/1426/2813
f 1348/1422/2814 1347/31/2814 1355/1427/2814
f 1355/1427/2814 1356/1428/2815 1348/1422/2814
f 1351/33/2816 1350/32/2816 1357/34/2817
f 1357/34/2817 1358/1429/2816 1351/33/2816
f 1351/33/2818 1358/1429/2819 1359/1430/2819
f 1359/1430/2819 1352/1424/2819 1351/33/2818
f 1360/1431/2820 1353/1425/2821 1352/1424/2821
f 1352/1424/2821 1359/1430/2821 1360/1431/2820
f 1354/1426/2822 1353/1425/2823 1360/1431/2824
f 1360/1431/2824 1361/1432/2822 1354/1426/2822
f 1357/34/2825 1362/151/2826 1363/1433/2827
f 1363/1433/2827 1358/1429/2828 1357/34/2825
f 1358/1429/2829 1363/1433/2830 1364/1434/2831
f 1364/1434/2831 1359/1430/2831 1358/1429/2829
f 1365/1435/2832 1360/1431/2833 1359/1430/2833
f 1359/1430/2833 1364/1434/2833 1365/1435/2832
f 1366/1436/2834 1361/1432/2835 1360/1431/2835
f 1360/1431/2835 1365/1435/2835 1366/1436/2834
f 1367/36/2836 1368/35/2837 1369/38/2838
f 1369/38/2838 1370/37/2838 1367/36/2836
f 1371/40/2839 1372/39/2840 1367/36/2841
f 1367/36/2841 1370/37/2842 1371/40/2839
f 1372/39/2843 1371/40/2844 1373/41/2845
f 1373/41/2845 1374/42/2843 1372/39/2843
f 1375/43/2846 1370/37/2847 1369/38/2848
f 1369/38/2848 1376/44/2846 1375/43/2846
f 1370/37/2849 1375/43/2850 1377/45/2851
f 1377/45/2851 1371/40/2852 1370/37/2849
f 1377/45/2853 1378/46/2854 1373/41/2854
f 1373/41/2854 1371/40/2854 1377/45/2853
f 1379/47/2855 1373/41/2855 1378/46/2855
f 1378/46/2855 1380/48/2856 1379/47/2855
f 1381/49/2857 1375/43/2857 1376/44/2857
f 1376/44/2857 1382/50/2857 1381/49/2857
f 1377/45/2858 1375/43/2858 1381/49/2858
f 1381/49/2858 1383/51/2859 1377/45/2858
f 1377/45/2860 1383/51/2861 1384/52/2862
f 1384/52/2862 1378/46/2863 1377/45/2860
f 1385/53/2864 1380/48/2865 1378/46/2865
f 1378/46/2865 1384/52/2866 1385/53/2864
f 1382/50/2867 1386/55/2867 1387/54/2868
f 1387/54/2868 1381/49/2868 1382/50/2867
f 1387/54/2869 1388/56/2870 1383/51/2871
f 1383/51/2871 1381/49/2871 1387/54/2869
f 1383/51/2872 1388/56/2873 1389/57/2874
f 1389/57/2874 1384/52/2875 1383/51/2872
f 1390/58/2876 1385/53/2877 1384/52/2878
f 1384/52/2878 1389/57/2879 1390/58/2876
f 1391/59/2880 1387/54/2880 1386/55/2880
f 1386/55/2880 1392/60/2880 1391/59/2880
f 1391/59/2881 1393/61/2881 1388/56/2882
f 1388/56/2882 1387/54/2881 1391/59/2881
f 1394/62/2883 1389/57/2884 1388/56/2883
f 1388/56/2883 1393/61/2883 1394/62/2883
f 1395/63/2885 1390/58/2886 1389/57/2885
f 1389/57/2885 1394/62/2887 1395/63/2885
f 1396/65/2888 1397/64/2888 1391/59/2888
f 1391/59/2888 1392/60/2888 1396/65/2888
f 1393/61/2889 1391/59/2889 1397/64/2889
f 1397/64/2889 1398/66/2890 1393/61/2889
f 1393/61/2891 1398/66/2891 1399/67/2891
f 1399/67/2891 1394/62/2892 1393/61/2891
f 1400/70/2893 1401/69/2894 1402/68/2895
f 1402/68/2895 1403/71/2894 1400/70/2893
f 1400/70/2896 1403/71/2896 1404/73/2896
f 1404/73/2896 1405/72/2897 1400/70/2896
f 1406/75/2898 1407/74/2899 1405/72/2898
f 1405/72/2898 1404/73/2900 1406/75/2898
f 1408/76/2901 1407/74/2901 1406/75/2901
f 1406/75/2901 1409/77/2901 1408/76/2901
f 1408/76/2902 1409/77/2902 1410/79/2902
f 1410/79/2902 1411/78/2902 1408/76/2902
f 1410/79/2903 1412/81/2904 1413/80/2903
f 1413/80/2903 1411/78/2903 1410/79/2903
f 1413/80/2905 1412/81/2905 1414/83/2905
f 1414/83/2905 1415/82/2905 1413/80/2905
f 1416/84/2906 1403/71/2906 1402/68/2906
f 1402/68/2906 1417/85/2907 1416/84/2906
f 1418/86/2908 1404/73/2909 1403/71/2910
f 1403/71/2910 1416/84/2910 1418/86/2908
f 1419/87/2911 1406/75/2912 1404/73/2911
f 1404/73/2911 1418/86/2913 1419/87/2911
f 1420/88/2914 1409/77/2914 1406/75/2914
f 1406/75/2914 1419/87/2915 1420/88/2914
f 1421/89/2916 1410/79/2917 1409/77/2917
f 1409/77/2917 1420/88/2916 1421/89/2916
f 1421/89/2918 1422/90/2918 1412/81/2918
f 1412/81/2918 1410/79/2918 1421/89/2918
f 1422/90/2919 1423/91/2920 1414/83/2920
f 1414/83/2920 1412/81/2919 1422/90/2919
f 1417/85/2921 1424/92/2922 1425/93/2923
f 1425/93/2923 1416/84/2921 1417/85/2921
f 1426/94/2924 1418/86/2925 1416/84/2924
f 1416/84/2924 1425/93/2926 1426/94/2924
f 1419/87/2927 1418/86/2927 1426/94/2927
f 1426/94/2927 1427/95/2927 1419/87/2927
f 1419/87/2928 1427/95/2929 1428/96/2930
f 1428/96/2930 1420/88/2931 1419/87/2928
f 1429/97/2932 1421/89/2932 1420/88/2932
f 1420/88/2932 1428/96/2932 1429/97/2932
f 1422/90/2933 1421/89/2934 1429/97/2934
f 1429/97/2934 1430/98/2934 1422/90/2933
f 1422/90/2935 1430/98/2935 1431/1437/2935
f 1431/1437/2935 1423/91/2935 1422/90/2935
f 1425/93/2936 1424/92/2937 1432/99/2936
f 1432/99/2936 1433/100/2936 1425/93/2936
f 1425/93/2938 1433/100/2939 1434/101/2940
f 1434/101/2940 1426/94/2941 1425/93/2938
f 1435/102/2942 1427/95/2943 1426/94/2944
f 1426/94/2944 1434/101/2945 1435/102/2942
f 1428/96/2946 1427/95/2947 1435/102/2948
f 1435/102/2948 1436/103/2947 1428/96/2946
f 1428/96/2949 1436/103/2950 1437/104/2949
f 1437/104/2949 1429/97/2949 1428/96/2949
f 1438/1438/2951 1430/98/2951 1429/97/2951
f 1429/97/2951 1437/104/2951 1438/1438/2951
f 1431/1437/2952 1430/98/2953 1438/1438/2953
f 1438/1438/2953 1439/1439/2953 1431/1437/2952
f 1440/106/2954 1441/105/2954 1442/108/2955
f 1442/108/2955 1443/107/2954 1440/106/2954
f 1444/110/2956 1445/109/2957 1443/107/2957
f 1443/107/2957 1442/108/2958 1444/110/2956
f 1446/111/2959 1445/109/2959 1444/110/2960
f 1444/110/2960 1447/112/2961 1446/111/2959
f 1446/111/2962 1447/112/2963 1448/114/2964
f 1448/114/2964 1449/113/2963 1446/111/2962
f 1450/1440/2965 1451/189/2965 1449/113/2966
f 1449/113/2966 1448/114/2965 1450/1440/2965
f 1452/191/2967 1451/189/2968 1450/1440/2969
f 1450/1440/2969 1453/1441/2970 1452/191/2967
f 1452/191/2967 1453/1441/2970 1454/1442/2971
f 1454/1442/2971 1455/153/2972 1452/191/2967
f 1442/108/2973 1441/105/2973 1456/115/2974
f 1456/115/2974 1457/116/2973 1442/108/2973
f 1442/108/2975 1457/116/2975 1458/117/2975
f 1458/117/2975 1444/110/2976 1442/108/2975
f 1459/118/2977 1447/112/2977 1444/110/2978
f 1444/110/2978 1458/117/2977 1459/118/2977
f 1448/114/2979 1447/112/2980 1459/118/2981
f 1459/118/2981 1460/119/2980 1448/114/2979
f 1461/1443/2982 1450/1440/2983 1448/114/2984
f 1448/114/2984 1460/119/2983 1461/1443/2982
f 1462/1444/2985 1453/1441/2986 1450/1440/2987
f 1450/1440/2987 1461/1443/2988 1462/1444/2985
f 1454/1442/2989 1453/1441/2990 1462/1444/2990
f 1462/1444/2990 1463/1445/2991 1454/1442/2989
f 1464/121/2992 1465/120/2992 1457/116/2992
f 1457/116/2992 1456/115/2992 1464/121/2992
f 1458/117/2993 1457/116/2993 1465/120/2993
f 1465/120/2993 1466/122/2993 1458/117/2993
f 1458/117/2994 1466/122/2995 1467/123/2994
f 1467/123/2994 1459/118/2996 1458/117/2994
f 1468/124/2997 1460/119/2998 1459/118/2998
f 1459/118/2998 1467/123/2998 1468/124/2997
f 1461/1443/2999 1460/119/3000 1468/124/3000
f 1468/124/3000 1469/1446/3001 1461/1443/2999
f 1461/1443/3002 1469/1446/3003 1470/1447/3003
f 1470/1447/3003 1462/1444/3003 1461/1443/3002
f 1471/1448/3004 1463/1445/3005 1462/1444/3006
f 1462/1444/3006 1470/1447/3007 1471/1448/3004
f 1464/121/3008 1472/126/3009 1473/125/3008
f 1473/125/3008 1465/120/3010 1464/121/3008
f 1473/125/3011 1474/127/3011 1466/122/3011
f 1466/122/3011 1465/120/3011 1473/125/3011
f 1467/123/3012 1466/122/3012 1474/127/3013
f 1474/127/3013 1475/128/3012 1467/123/3012
f 1467/123/3014 1475/128/3014 1476/1449/3015
f 1476/1449/3015 1468/124/3016 1467/123/3014
f 1477/1450/3017 1469/1446/3017 1468/124/3017
f 1468/124/3017 1476/1449/3017 1477/1450/3017
f 1470/1447/3018 1469/1446/3019 1477/1450/3020
f 1477/1450/3020 1478/1451/3021 1470/1447/3018
f 1479/1452/3022 1471/1448/3023 1470/1447/3024
f 1470/1447/3024 1478/1451/3025 1479/1452/3022
f 1473/125/3026 1472/126/3026 1480/130/3026
f 1480/130/3026 1481/129/3026 1473/125/3026
f 1473/125/3027 1481/129/3027 1482/131/3027
f 1482/131/3027 1474/127/3027 1473/125/3027
f 1482/131/3028 1483/132/3028 1475/128/3028
f 1475/128/3028 1474/127/3028 1482/131/3028
f 1476/1449/3029 1475/128/3030 1483/132/3030
f 1483/132/3030 1484/1453/3029 1476/1449/3029
f 1485/134/3031 1481/129/3031 1480/130/3032
f 1480/130/3032 1486/133/3031 1485/134/3031
f 1482/131/3033 1481/129/3033 1485/134/3033
f 1485/134/3033 1487/135/3033 1482/131/3033
f 1482/131/3034 1487/135/3035 1488/1454/3034
f 1488/1454/3034 1483/132/3036 1482/131/3034
f 1488/1454/3037 1489/1455/3037 1484/1453/3037
f 1484/1453/3037 1483/132/3038 1488/1454/3037
f 1396/65/3039 1333/16/3040 1332/17/3040
f 1332/17/3040 1397/64/3039 1396/65/3039
f 1341/25/3041 1398/66/3042 1397/64/3043
f 1397/64/3043 1332/17/3043 1341/25/3041
f 1349/1423/3044 1399/67/3045 1398/66/3044
f 1398/66/3044 1341/25/3044 1349/1423/3044
f 1414/83/3046 1485/134/3046 1486/133/3047
f 1486/133/3047 1415/82/3048 1414/83/3046
f 1423/91/3049 1487/135/3049 1485/134/3050
f 1485/134/3050 1414/83/3051 1423/91/3049
f 1423/91/3052 1431/1437/3052 1488/1454/3053
f 1488/1454/3053 1487/135/3052 1423/91/3052
f 1488/1454/3054 1431/1437/3054 1439/1439/3054
f 1439/1439/3054 1489/1455/3054 1488/1454/3054
f 1454/1442/2971 1363/1433/2827 1362/151/2826
f 1362/151/2826 1455/153/2972 1454/1442/2971
f 1463/1445/2991 1364/1434/3055 1363/1433/3056
f 1363/1433/3056 1454/1442/2989 1463/1445/2991
f 1365/1435/3057 1364/1434/3057 1463/1445/3005
f 1463/1445/3005 1471/1448/3004 1365/1435/3057
f 1479/1452/3058 1366/1436/3059 1365/1435/3060
f 1365/1435/3060 1471/1448/3061 1479/1452/3058
f 1318/3/3062 1490/138/3062 1491/137/3063
f 1491/137/3063 1492/136/3062 1318/3/3062
f 1321/4/3064 1493/139/3064 1490/138/3064
f 1490/138/3064 1318/3/3064 1321/4/3064
f 1494/140/3065 1493/139/3065 1321/4/3066
f 1321/4/3066 1323/6/3066 1494/140/3065
f 1494/140/3067 1323/6/3067 1324/8/3067
f 1324/8/3067 1495/141/3068 1494/140/3067
f 1327/10/3069 1496/142/3069 1495/141/3069
f 1495/141/3069 1324/8/3069 1327/10/3069
f 1497/143/3070 1496/142/3071 1327/10/3072
f 1327/10/3072 1329/12/3071 1497/143/3070
f 1497/143/3073 1329/12/3073 1330/14/3073
f 1330/14/3073 1498/144/3073 1497/143/3073
f 1333/16/3074 1499/145/3075 1498/144/3076
f 1498/144/3076 1330/14/3074 1333/16/3074
f 1318/3/3077 1492/136/3078 1500/146/3078
f 1500/146/3078 1319/2/3078 1318/3/3077
f 1334/18/3079 1319/2/3079 1500/146/3079
f 1500/146/3079 1501/147/3079 1334/18/3079
f 1501/147/3080 1502/148/3081 1343/27/3081
f 1343/27/3081 1334/18/3081 1501/147/3080
f 1502/148/3082 1503/149/3083 1350/32/3083
f 1350/32/3083 1343/27/3083 1502/148/3082
f 1357/34/3084 1350/32/3085 1503/149/3085
f 1503/149/3085 1504/150/3086 1357/34/3084
f 1504/150/3086 1505/152/3087 1362/151/3088
f 1362/151/3088 1357/34/3084 1504/150/3086
f 1506/154/3089 1455/153/3090 1362/151/3088
f 1362/151/3088 1505/152/3087 1506/154/3089
f 1507/155/3091 1508/157/3091 1368/35/3091
f 1368/35/3091 1509/156/3092 1507/155/3091
f 1510/158/3093 1509/156/3093 1368/35/3094
f 1368/35/3094 1367/36/3094 1510/158/3093
f 1511/159/3095 1510/158/3095 1367/36/3095
f 1367/36/3095 1372/39/3096 1511/159/3095
f 1374/42/3097 1512/160/3097 1511/159/3097
f 1511/159/3097 1372/39/3097 1374/42/3097
f 1369/38/3098 1368/35/3098 1508/157/3098
f 1508/157/3098 1513/161/3098 1369/38/3098
f 1369/38/3099 1513/161/3099 1514/162/3099
f 1514/162/3099 1376/44/3099 1369/38/3099
f 1376/44/3100 1514/162/3101 1515/163/3102
f 1515/163/3102 1382/50/3100 1376/44/3100
f 1515/163/3103 1516/164/3103 1386/55/3103
f 1386/55/3103 1382/50/3103 1515/163/3103
f 1386/55/3104 1516/164/3105 1517/165/3105
f 1517/165/3105 1392/60/3104 1386/55/3104
f 1518/166/3106 1396/65/3106 1392/60/3106
f 1392/60/3106 1517/165/3106 1518/166/3106
f 1333/16/3107 1396/65/3107 1518/166/3107
f 1518/166/3107 1499/145/3107 1333/16/3107
f 1519/169/3108 1520/168/3109 1401/69/3110
f 1401/69/3110 1521/167/3111 1519/169/3108
f 1522/170/3112 1521/167/3112 1401/69/3112
f 1401/69/3112 1400/70/3112 1522/170/3112
f 1523/171/3113 1522/170/3113 1400/70/3114
f 1400/70/3114 1405/72/3113 1523/171/3113
f 1524/172/3115 1523/171/3115 1405/72/3115
f 1405/72/3115 1407/74/3115 1524/172/3115
f 1525/173/3116 1524/172/3117 1407/74/3117
f 1407/74/3117 1408/76/3117 1525/173/3116
f 1408/76/3118 1411/78/3118 1526/174/3118
f 1526/174/3118 1525/173/3118 1408/76/3118
f 1527/175/3119 1526/174/3119 1411/78/3119
f 1411/78/3119 1413/80/3119 1527/175/3119
f 1528/176/3120 1527/175/3121 1413/80/3122
f 1413/80/3122 1415/82/3121 1528/176/3120
f 1520/168/3123 1529/177/3123 1402/68/3123
f 1402/68/3123 1401/69/3123 1520/168/3123
f 1402/68/3124 1529/177/3124 1530/178/3124
f 1530/178/3124 1417/85/3124 1402/68/3124
f 1530/178/3125 1531/179/3125 1424/92/3125
f 1424/92/3125 1417/85/3125 1530/178/3125
f 1432/99/3126 1424/92/3127 1531/179/3126
f 1531/179/3126 1532/180/3126 1432/99/3126
f 1533/182/3128 1440/106/3129 1534/181/3130
f 1534/181/3130 1535/183/3128 1533/182/3128
f 1443/107/3131 1536/184/3131 1534/181/3132
f 1534/181/3132 1440/106/3131 1443/107/3131
f 1536/184/3133 1443/107/3133 1445/109/3133
f 1445/109/3133 1537/185/3133 1536/184/3133
f 1446/111/3134 1538/186/3134 1537/185/3134
f 1537/185/3134 1445/109/3134 1446/111/3134
f 1449/113/3135 1539/187/3136 1538/186/3136
f 1538/186/3136 1446/111/3136 1449/113/3135
f 1451/189/3137 1540/188/3138 1539/187/3139
f 1539/187/3139 1449/113/3140 1451/189/3137
f 1452/191/3141 1541/190/3142 1540/188/3138
f 1540/188/3138 1451/189/3137 1452/191/3141
f 1455/153/3090 1506/154/3089 1541/190/3142
f 1541/190/3142 1452/191/3141 1455/153/3090
f 1533/182/3143 1542/192/3143 1441/105/3143
f 1441/105/3143 1440/106/3144 1533/182/3143
f 1542/192/3145 1543/193/3145 1456/115/3145
f 1456/115/3145 1441/105/3145 1542/192/3145
f 1456/115/3146 1543/193/3146 1544/194/3146
f 1544/194/3146 1464/121/3146 1456/115/3146
f 1544/194/3147 1545/195/3147 1472/126/3148
f 1472/126/3148 1464/121/3149 1544/194/3147
f 1545/195/3150 1546/196/3151 1480/130/3150
f 1480/130/3150 1472/126/3150 1545/195/3150
f 1480/130/3152 1546/196/3152 1547/197/3152
f 1547/197/3152 1486/133/3152 1480/130/3152
f 1528/176/3153 1415/82/3153 1486/133/3154
f 1486/133/3154 1547/197/3153 1528/176/3153
f 1548/199/3155 1549/198/3156 1550/201/3156
f 1550/201/3156 1551/200/3156 1548/199/3155
f 1552/202/3157 1551/200/3158 1550/201/3158
f 1550/201/3158 1553/203/3158 1552/202/3157
f 1554/204/3159 1552/202/3159 1553/203/3160
f 1553/203/3160 1555/205/3161 1554/204/3159
f 1550/201/3162 1549/198/3162 1556/207/3162
f 1556/207/3162 1557/206/3163 1550/201/3162
f 1558/208/3164 1553/203/3165 1550/201/3166
f 1550/201/3166 1557/206/3165 1558/208/3164
f 1553/203/3160 1558/208/3167 1559/209/3167
f 1559/209/3167 1555/205/3161 1553/203/3160
f 1560/210/3168 1557/206/3168 1556/207/3169
f 1556/207/3169 1561/211/3170 1560/210/3168
f 1557/206/3171 1560/210/3172 1562/212/3171
f 1562/212/3171 1558/208/3171 1557/206/3171
f 1559/209/3173 1558/208/3174 1562/212/3175
f 1562/212/3175 1563/213/3176 1559/209/3173
f 1561/211/3177 1564/214/3178 1565/215/3179
f 1565/215/3179 1560/210/3177 1561/211/3177
f 1562/212/3180 1560/210/3180 1565/215/3181
f 1565/215/3181 1566/216/3182 1562/212/3180
f 1567/217/3183 1563/213/3176 1562/212/3175
f 1562/212/3175 1566/216/3183 1567/217/3183
f 1565/215/3184 1564/214/3185 1568/219/3186
f 1568/219/3186 1569/218/3187 1565/215/3184
f 1570/220/3188 1566/216/3189 1565/215/3190
f 1565/215/3190 1569/218/3191 1570/220/3188
f 1566/216/3192 1570/220/3193 1571/221/3194
f 1571/221/3194 1567/217/3195 1566/216/3192
f 1569/218/3196 1568/219/3197 1572/223/3198
f 1572/223/3198 1573/222/3199 1569/218/3196
f 1569/218/3200 1573/222/3201 1574/224/3202
f 1574/224/3202 1570/220/3201 1569/218/3200
f 1571/221/3194 1570/220/3193 1574/224/3203
f 1574/224/3203 1575/225/3204 1571/221/3194
f 1572/223/3205 1576/226/3206 1577/227/3207
f 1577/227/3207 1573/222/3208 1572/223/3205
f 1574/224/3209 1573/222/3209 1577/227/3210
f 1577/227/3210 1578/228/3210 1574/224/3209
f 1579/229/3211 1575/225/3212 1574/224/3213
f 1574/224/3213 1578/228/3214 1579/229/3211
f 1577/227/3215 1576/226/3216 1580/231/3216
f 1580/231/3216 1581/230/3215 1577/227/3215
f 1581/230/3217 1582/232/3218 1578/228/3219
f 1578/228/3219 1577/227/3217 1581/230/3217
f 1578/228/3214 1582/232/3220 1583/233/3220
f 1583/233/3220 1579/229/3211 1578/228/3214
f 1584/234/3221 1581/230/3222 1580/231/3222
f 1580/231/3222 1585/235/3222 1584/234/3221
f 1581/230/3223 1584/234/3223 1586/236/3224
f 1586/236/3224 1582/232/3223 1581/230/3223
f 1583/233/3225 1582/232/3226 1586/236/3226
f 1586/236/3226 1587/237/3226 1583/233/3225
f 1585/235/3227 1588/238/3227 1589/239/3227
f 1589/239/3227 1584/234/3227 1585/235/3227
f 1586/236/3228 1584/234/3229 1589/239/3230
f 1589/239/3230 1590/240/3229 1586/236/3228
f 1587/237/3231 1586/236/3231 1590/240/3231
f 1590/240/3231 1591/241/3231 1587/237/3231
f 1589/239/3232 1588/238/3233 1592/243/3234
f 1592/243/3234 1593/242/3233 1589/239/3232
f 1594/244/3235 1590/240/3235 1589/239/3235
f 1589/239/3235 1593/242/3235 1594/244/3235
f 1590/240/3236 1594/244/3237 1595/245/3238
f 1595/245/3238 1591/241/3239 1590/240/3236
f 1596/246/3240 1593/242/3240 1592/243/3241
f 1592/243/3241 1597/247/3241 1596/246/3240
f 1593/242/3242 1596/246/3242 1598/248/3242
f 1598/248/3242 1594/244/3242 1593/242/3242
f 1595/245/3243 1594/244/3243 1598/248/3244
f 1598/248/3244 1599/249/3243 1595/245/3243
f 1597/247/3245 1600/250/3245 1601/251/3245
f 1601/251/3245 1596/246/3245 1597/247/3245
f 1598/248/3246 1596/246/3247 1601/251/3248
f 1601/251/3249 1600/250/3250 1602/255/3249
f 1602/255/3249 1603/254/3249 1601/251/3249
f 1601/251/3251 1603/254/3251 1604/256/3251
f 1605/259/3252 1606/258/3253 1548/199/3252
f 1548/199/3252 1607/260/3252 1605/259/3252
f 1551/200/3254 1608/261/3254 1607/260/3254
f 1607/260/3254 1548/199/3254 1551/200/3254
f 1608/261/3255 1551/200/3256 1552/202/3256
f 1552/202/3256 1609/262/3257 1608/261/3255
f 1610/263/3258 1609/262/3259 1552/202/3258
f 1552/202/3258 1554/204/3258 1610/263/3258
f 1604/256/3260 1511/265/3260 1512/264/3260
f 1603/254/3261 1510/266/3261 1511/265/3261
f 1511/265/3261 1604/256/3262 1603/254/3261
f 1603/254/3263 1602/255/3263 1509/267/3263
f 1509/267/3263 1510/266/3263 1603/254/3263
f 1611/269/3264 1507/268/3265 1509/267/3266
f 1509/267/3266 1602/255/3267 1611/269/3264
f 1600/250/3268 1612/270/3269 1611/269/3270
f 1611/269/3270 1602/255/3268 1600/250/3268
f 1613/271/3271 1612/270/3271 1600/250/3271
f 1600/250/3271 1597/247/3271 1613/271/3271
f 1597/247/3272 1592/243/3272 1614/272/3272
f 1614/272/3272 1613/271/3272 1597/247/3272
f 1592/243/3273 1588/238/3274 1615/273/3274
f 1615/273/3274 1614/272/3275 1592/243/3273
f 1616/274/3276 1615/273/3276 1588/238/3277
f 1588/238/3277 1585/235/3276 1616/274/3276
f 1580/231/3278 1617/275/3279 1616/274/3280
f 1616/274/3280 1585/235/3281 1580/231/3278
f 1576/226/3282 1618/276/3283 1617/275/3284
f 1617/275/3284 1580/231/3285 1576/226/3282
f 1576/226/3286 1572/223/3287 1619/277/3288
f 1619/277/3288 1618/276/3289 1576/226/3286
f 1619/277/3290 1572/223/3291 1568/219/3290
f 1568/219/3290 1620/278/3290 1619/277/3290
f 1564/214/3292 1621/279/3293 1620/278/3294
f 1620/278/3294 1568/219/3295 1564/214/3292
f 1622/280/3296 1621/279/3297 1564/214/3298
f 1564/214/3298 1561/211/3299 1622/280/3296
f 1561/211/3300 1556/207/3301 1623/281/3302
f 1623/281/3302 1622/280/3303 1561/211/3300
f 1556/207/3304 1549/198/3305 1624/282/3304
f 1624/282/3304 1623/281/3306 1556/207/3304
f 1606/258/3307 1624/282/3307 1549/198/3307
f 1549/198/3307 1548/199/3307 1606/258/3307
f 1625/284/3308 1626/283/3309 1627/286/3308
f 1627/286/3308 1628/285/3310 1625/284/3308
f 1629/288/3311 1630/287/3312 1628/285/3311
f 1628/285/3311 1627/286/3311 1629/288/3311
f 1631/290/3313 1632/289/3313 1630/287/3313
f 1630/287/3313 1629/288/3313 1631/290/3313
f 1632/289/3314 1631/290/3314 1633/292/3314
f 1633/292/3314 1634/291/3315 1632/289/3314
f 1627/286/3316 1626/283/3316 1635/294/3316
f 1635/294/3316 1636/293/3316 1627/286/3316
f 1637/295/3317 1629/288/3318 1627/286/3317
f 1627/286/3317 1636/293/3318 1637/295/3317
f 1638/296/3319 1631/290/3319 1629/288/3320
f 1629/288/3320 1637/295/3319 1638/296/3319
f 1633/292/3321 1631/290/3321 1638/296/3321
f 1638/296/3321 1639/297/3321 1633/292/3321
f 1640/298/3322 1636/293/3322 1635/294/3322
f 1635/294/3322 1641/299/3322 1640/298/3322
f 1642/300/3323 1637/295/3323 1636/293/3323
f 1636/293/3323 1640/298/3323 1642/300/3323
f 1637/295/3324 1642/300/3324 1643/301/3325
f 1643/301/3325 1638/296/3326 1637/295/3324
f 1643/301/3325 1644/302/3327 1639/297/3328
f 1639/297/3328 1638/296/3326 1643/301/3325
f 1641/299/3329 1645/304/3330 1646/303/3330
f 1646/303/3330 1640/298/3329 1641/299/3329
f 1647/305/3331 1642/300/3331 1640/298/3332
f 1640/298/3332 1646/303/3331 1647/305/3331
f 1643/301/3333 1642/300/3334 1647/305/3334
f 1647/305/3334 1648/306/3335 1643/301/3333
f 1643/301/3333 1648/306/3335 1649/307/3336
f 1649/307/3336 1644/302/3337 1643/301/3333
f 1650/308/3338 1646/303/3338 1645/304/3338
f 1645/304/3338 1651/309/3338 1650/308/3338
f 1646/303/3339 1650/308/3340 1652/310/3340
f 1652/310/3340 1647/305/3339 1646/303/3339
f 1652/310/3341 1653/311/3342 1648/306/3341
f 1648/306/3341 1647/305/3341 1652/310/3341
f 1649/307/3343 1648/306/3344 1653/311/3344
f 1653/311/3344 1654/312/3344 1649/307/3343
f 1655/313/3345 1650/308/3346 1651/309/3346
f 1651/309/3346 1656/314/3345 1655/313/3345
f 1652/310/3347 1650/308/3347 1655/313/3347
f 1655/313/3347 1657/315/3348 1652/310/3347
f 1652/310/3349 1657/315/3349 1658/316/3349
f 1658/316/3349 1653/311/3350 1652/310/3349
f 1659/317/3351 1654/312/3352 1653/311/3353
f 1653/311/3353 1658/316/3354 1659/317/3351
f 1656/314/3355 1660/319/3356 1661/318/3357
f 1661/318/3357 1655/313/3358 1656/314/3355
f 1661/318/3359 1662/320/3360 1657/315/3361
f 1657/315/3361 1655/313/3361 1661/318/3359
f 1658/316/3362 1657/315/3363 1662/320/3364
f 1662/320/3364 1663/321/3364 1658/316/3362
f 1658/316/3365 1663/321/3366 1664/322/3366
f 1664/322/3366 1659/317/3367 1658/316/3365
f 1661/318/3368 1660/319/3369 1665/324/3370
f 1665/324/3370 1666/323/3371 1661/318/3368
f 1661/318/3372 1666/323/3372 1667/325/3373
f 1667/325/3373 1662/320/3374 1661/318/3372
f 1668/326/3375 1663/321/3376 1662/320/3377
f 1662/320/3377 1667/325/3378 1668/326/3375
f 1669/327/3379 1664/322/3379 1663/321/3379
f 1663/321/3379 1668/326/3380 1669/327/3379
f 1670/329/3381 1671/328/3382 1666/323/3383
f 1666/323/3383 1665/324/3383 1670/329/3381
f 1667/325/3384 1666/323/3385 1671/328/3386
f 1671/328/3386 1672/330/3387 1667/325/3384
f 1673/331/3388 1668/326/3389 1667/325/3390
f 1667/325/3390 1672/330/3391 1673/331/3388
f 1674/332/3392 1669/327/3393 1668/326/3393
f 1668/326/3393 1673/331/3392 1674/332/3392
f 1670/329/3394 1675/334/3395 1676/333/3395
f 1676/333/3395 1671/328/3396 1670/329/3394
f 1677/335/3397 1672/330/3398 1671/328/3398
f 1671/328/3398 1676/333/3399 1677/335/3397
f 1678/336/3400 1673/331/3401 1672/330/3402
f 1672/330/3402 1677/335/3403 1678/336/3400
f 1673/331/3404 1678/336/3404 1679/337/3405
f 1679/337/3405 1674/332/3406 1673/331/3404
f 1676/333/3407 1675/334/3407 1680/339/3407
f 1680/339/3407 1681/338/3407 1676/333/3407
f 1676/333/3408 1681/338/3408 1682/340/3408
f 1682/340/3408 1677/335/3408 1676/333/3408
f 1683/341/3409 1678/336/3409 1677/335/3410
f 1677/335/3410 1682/340/3411 1683/341/3409
f 1679/337/3412 1678/336/3413 1683/341/3413
f 1683/341/3413 1684/342/3414 1679/337/3412
f 1685/343/3415 1681/338/3416 1680/339/3416
f 1680/339/3416 1686/344/3416 1685/343/3415
f 1687/345/3417 1682/340/3417 1681/338/3417
f 1681/338/3417 1685/343/3418 1687/345/3417
f 1682/340/3419 1687/345/3419 1688/346/3419
f 1688/346/3419 1683/341/3419 1682/340/3419
f 1688/346/3420 1689/347/3421 1684/342/3422
f 1684/342/3422 1683/341/3422 1688/346/3420
f 1690/348/3423 1685/343/3423 1686/344/3423
f 1686/344/3423 1691/349/3423 1690/348/3423
f 1692/350/3424 1687/345/3424 1685/343/3424
f 1685/343/3424 1690/348/3424 1692/350/3424
f 1688/346/3425 1687/345/3425 1692/350/3425
f 1692/350/3425 1693/351/3425 1688/346/3425
f 1688/346/3420 1693/351/3426 1694/352/3426
f 1694/352/3426 1689/347/3421 1688/346/3420
f 1695/353/3427 1690/348/3427 1691/349/3428
f 1691/349/3428 1696/354/3427 1695/353/3427
f 1690/348/3429 1695/353/3429 1697/355/3429
f 1697/355/3429 1692/350/3429 1690/348/3429
f 1697/355/3430 1698/356/3430 1693/351/3430
f 1693/351/3430 1692/350/3430 1697/355/3430
f 1694/352/3431 1693/351/3432 1698/356/3433
f 1698/356/3433 1699/357/3433 1694/352/3431
f 1625/284/3434 1520/168/3434 1519/169/3435
f 1519/169/3435 1700/358/3435 1625/284/3434
f 1520/168/3436 1625/284/3436 1628/285/3436
f 1628/285/3436 1529/177/3437 1520/168/3436
f 1530/178/3438 1529/177/3438 1628/285/3438
f 1628/285/3438 1630/287/3438 1530/178/3438
f 1531/179/3439 1530/178/3439 1630/287/3439
f 1630/287/3439 1632/289/3440 1531/179/3439
f 1532/180/3441 1531/179/3441 1632/289/3441
f 1632/289/3441 1634/291/3441 1532/180/3441
f 1698/356/3442 1697/355/3443 1701/360/3444
f 1701/360/3444 1702/359/3443 1698/356/3442
f 1701/360/3445 1697/355/3445 1695/353/3445
f 1695/353/3445 1703/361/3446 1701/360/3445
f 1695/353/3447 1696/354/3447 1704/362/3448
f 1704/362/3448 1703/361/3447 1695/353/3447
f 1705/364/3449 1706/363/3450 1704/362/3449
f 1704/362/3449 1696/354/3449 1705/364/3449
f 1691/349/3451 1707/365/3452 1705/364/3451
f 1705/364/3451 1696/354/3451 1691/349/3451
f 1708/366/3453 1707/365/3454 1691/349/3455
f 1691/349/3455 1686/344/3456 1708/366/3453
f 1680/339/3457 1709/367/3458 1708/366/3458
f 1708/366/3458 1686/344/3458 1680/339/3457
f 1710/368/3459 1709/367/3460 1680/339/3461
f 1680/339/3461 1675/334/3462 1710/368/3459
f 1710/368/3463 1675/334/3464 1670/329/3465
f 1670/329/3465 1711/369/3466 1710/368/3463
f 1712/370/3467 1711/369/3468 1670/329/3469
f 1670/329/3469 1665/324/3470 1712/370/3467
f 1665/324/3471 1660/319/3472 1713/371/3473
f 1713/371/3473 1712/370/3474 1665/324/3471
f 1660/319/3475 1656/314/3476 1714/372/3476
f 1714/372/3476 1713/371/3477 1660/319/3475
f 1715/373/3478 1714/372/3479 1656/314/3480
f 1656/314/3480 1651/309/3479 1715/373/3478
f 1645/304/3481 1716/374/3482 1715/373/3483
f 1715/373/3483 1651/309/3484 1645/304/3481
f 1717/375/3485 1716/374/3486 1645/304/3485
f 1645/304/3485 1641/299/3485 1717/375/3485
f 1635/294/3487 1718/376/3488 1717/375/3489
f 1717/375/3489 1641/299/3488 1635/294/3487
f 1719/377/3490 1718/376/3491 1635/294/3491
f 1635/294/3491 1626/283/3490 1719/377/3490
f 1700/358/3492 1719/377/3493 1626/283/3493
f 1626/283/3493 1625/284/3492 1700/358/3492
f 1720/380/3494 1721/379/3494 1722/378/3494
f 1722/378/3494 1723/381/3494 1720/380/3494
f 1724/383/3495 1725/382/3495 1722/378/3495
f 1722/378/3495 1721/379/3495 1724/383/3495
f 1726/385/3496 1727/384/3496 1725/382/3497
f 1725/382/3497 1724/383/3496 1726/385/3496
f 1728/386/3498 1727/384/3498 1726/385/3498
f 1726/385/3498 1729/387/3499 1728/386/3498
f 1730/389/3500 1731/388/3501 1728/386/3502
f 1728/386/3502 1729/387/3500 1730/389/3500
f 1732/391/3503 1733/390/3504 1731/388/3505
f 1731/388/3505 1730/389/3506 1732/391/3503
f 1733/390/3507 1732/391/3508 1734/393/3509
f 1734/393/3509 1735/392/3510 1733/390/3507
f 1736/394/3511 1735/392/3512 1734/393/3513
f 1734/393/3513 1737/395/3512 1736/394/3511
f 1738/396/3514 1736/394/3515 1737/395/3516
f 1737/395/3516 1739/397/3517 1738/396/3514
f 1740/399/3518 1741/398/3518 1738/396/3519
f 1738/396/3519 1739/397/3518 1740/399/3518
f 1742/400/3520 1741/398/3520 1740/399/3520
f 1740/399/3520 1743/401/3520 1742/400/3520
f 1744/402/3521 1742/400/3521 1743/401/3521
f 1743/401/3521 1745/403/3521 1744/402/3521
f 1746/405/3522 1747/404/3522 1744/402/3522
f 1744/402/3522 1745/403/3522 1746/405/3522
f 1748/406/3523 1747/404/3523 1746/405/3523
f 1746/405/3523 1749/407/3523 1748/406/3523
f 1720/380/3524 1750/409/3524 1751/408/3524
f 1751/408/3524 1721/379/3524 1720/380/3524
f 1724/383/3525 1721/379/3526 1751/408/3526
f 1751/408/3526 1752/410/3526 1724/383/3525
f 1726/385/3527 1724/383/3527 1752/410/3527
f 1752/410/3527 1753/411/3527 1726/385/3527
f 1753/411/3528 1754/412/3529 1729/387/3529
f 1729/387/3529 1726/385/3529 1753/411/3528
f 1755/413/3530 1730/389/3530 1729/387/3530
f 1729/387/3530 1754/412/3530 1755/413/3530
f 1756/414/3531 1732/391/3532 1730/389/3533
f 1730/389/3533 1755/413/3533 1756/414/3531
f 1734/393/3534 1732/391/3535 1756/414/3536
f 1756/414/3536 1757/415/3534 1734/393/3534
f 1758/416/3537 1737/395/3538 1734/393/3539
f 1734/393/3539 1757/415/3540 1758/416/3537
f 1759/417/3541 1739/397/3541 1737/395/3541
f 1737/395/3541 1758/416/3541 1759/417/3541
f 1739/397/3542 1759/417/3542 1760/418/3543
f 1760/418/3543 1740/399/3544 1739/397/3542
f 1743/401/3545 1740/399/3545 1760/418/3545
f 1760/418/3545 1761/419/3545 1743/401/3545
f 1745/403/3546 1743/401/3546 1761/419/3546
f 1761/419/3546 1762/420/3547 1745/403/3546
f 1763/421/3548 1746/405/3548 1745/403/3548
f 1745/403/3548 1762/420/3548 1763/421/3548
f 1749/407/3549 1746/405/3549 1763/421/3549
f 1763/421/3549 1764/422/3549 1749/407/3549
f 1765/423/3550 1751/408/3550 1750/409/3550
f 1750/409/3550 1766/424/3550 1765/423/3550
f 1752/410/3551 1751/408/3551 1765/423/3551
f 1765/423/3551 1767/425/3551 1752/410/3551
f 1753/411/3552 1752/410/3553 1767/425/3552
f 1767/425/3552 1768/426/3552 1753/411/3552
f 1753/411/3554 1768/426/3554 1769/427/3554
f 1769/427/3554 1754/412/3554 1753/411/3554
f 1755/413/3555 1754/412/3556 1769/427/3557
f 1769/427/3557 1770/428/3558 1755/413/3555
f 1756/414/3559 1755/413/3560 1770/428/3561
f 1770/428/3561 1771/429/3562 1756/414/3559
f 1771/429/3563 1772/430/3564 1757/415/3564
f 1757/415/3564 1756/414/3565 1771/429/3563
f 1773/431/3566 1758/416/3567 1757/415/3568
f 1757/415/3568 1772/430/3569 1773/431/3566
f 1774/432/3570 1759/417/3571 1758/416/3572
f 1758/416/3572 1773/431/3573 1774/432/3570
f 1760/418/3574 1759/417/3574 1774/432/3575
f 1774/432/3575 1775/433/3576 1760/418/3574
f 1776/434/3577 1761/419/3577 1760/418/3577
f 1760/418/3577 1775/433/3577 1776/434/3577
f 1777/435/3578 1762/420/3578 1761/419/3578
f 1761/419/3578 1776/434/3578 1777/435/3578
f 1762/420/3579 1777/435/3579 1778/436/3579
f 1778/436/3579 1763/421/3579 1762/420/3579
f 1764/422/3580 1763/421/3580 1778/436/3580
f 1778/436/3580 1779/437/3580 1764/422/3580
f 1780/438/3581 1765/423/3581 1766/424/3581
f 1766/424/3581 1781/439/3581 1780/438/3581
f 1767/425/3582 1765/423/3582 1780/438/3582
f 1780/438/3582 1782/440/3582 1767/425/3582
f 1768/426/3583 1767/425/3583 1782/440/3584
f 1782/440/3584 1783/441/3583 1768/426/3583
f 1784/442/3585 1769/427/3585 1768/426/3585
f 1768/426/3585 1783/441/3585 1784/442/3585
f 1770/428/3586 1769/427/3587 1784/442/3587
f 1784/442/3587 1785/443/3587 1770/428/3586
f 1771/429/3588 1770/428/3589 1785/443/3590
f 1785/443/3590 1786/444/3591 1771/429/3588
f 1771/429/3592 1786/444/3592 1787/445/3592
f 1787/445/3592 1772/430/3593 1771/429/3592
f 1773/431/3594 1772/430/3595 1787/445/3596
f 1787/445/3596 1788/446/3597 1773/431/3594
f 1774/432/3598 1773/431/3598 1788/446/3598
f 1788/446/3598 1789/447/3599 1774/432/3598
f 1789/447/3600 1790/448/3600 1775/433/3600
f 1775/433/3600 1774/432/3600 1789/447/3600
f 1791/449/3601 1776/434/3602 1775/433/3602
f 1775/433/3602 1790/448/3602 1791/449/3601
f 1792/450/3603 1777/435/3603 1776/434/3603
f 1776/434/3603 1791/449/3603 1792/450/3603
f 1778/436/3604 1777/435/3604 1792/450/3604
f 1792/450/3604 1793/451/3604 1778/436/3604
f 1794/452/3605 1779/437/3606 1778/436/3606
f 1778/436/3606 1793/451/3606 1794/452/3605
f 1781/439/3607 1795/454/3607 1796/453/3607
f 1796/453/3607 1780/438/3607 1781/439/3607
f 1782/440/3608 1780/438/3608 1796/453/3608
f 1796/453/3608 1797/455/3608 1782/440/3608
f 1783/441/3609 1782/440/3610 1797/455/3610
f 1797/455/3610 1798/456/3609 1783/441/3609
f 1799/457/3611 1784/442/3612 1783/441/3613
f 1783/441/3613 1798/456/3612 1799/457/3611
f 1785/443/3614 1784/442/3615 1799/457/3615
f 1799/457/3615 1800/458/3614 1785/443/3614
f 1786/444/3616 1785/443/3616 1800/458/3617
f 1800/458/3617 1801/459/3618 1786/444/3616
f 1802/460/3619 1787/445/3620 1786/444/3621
f 1786/444/3621 1801/459/3622 1802/460/3619
f 1788/446/3623 1787/445/3624 1802/460/3624
f 1802/460/3624 1803/461/3625 1788/446/3623
f 1789/447/3626 1788/446/3626 1803/461/3626
f 1803/461/3626 1804/462/3626 1789/447/3626
f 1789/447/3627 1804/462/3627 1805/463/3628
f 1805/463/3628 1790/448/3627 1789/447/3627
f 1791/449/3629 1790/448/3629 1805/463/3629
f 1805/463/3629 1806/464/3629 1791/449/3629
f 1792/450/3630 1791/449/3630 1806/464/3630
f 1806/464/3630 1807/465/3630 1792/450/3630
f 1807/465/3631 1808/466/3631 1793/451/3631
f 1793/451/3631 1792/450/3631 1807/465/3631
f 1809/467/3632 1794/452/3633 1793/451/3632
f 1793/451/3632 1808/466/3633 1809/467/3632
f 1796/453/3634 1795/454/3634 1810/469/3634
f 1810/469/3634 1811/468/3634 1796/453/3634
f 1812/470/3635 1797/455/3636 1796/453/3636
f 1796/453/3636 1811/468/3636 1812/470/3635
f 1813/471/3637 1798/456/3637 1797/455/3637
f 1797/455/3637 1812/470/3637 1813/471/3637
f 1798/456/3638 1813/471/3638 1814/472/3638
f 1814/472/3638 1799/457/3639 1798/456/3638
f 1800/458/3640 1799/457/3641 1814/472/3642
f 1814/472/3642 1815/473/3640 1800/458/3640
f 1801/459/3643 1800/458/3644 1815/473/3645
f 1815/473/3645 1816/474/3646 1801/459/3643
f 1802/460/3647 1801/459/3648 1816/474/3649
f 1816/474/3649 1817/475/3649 1802/460/3647
f 1803/461/3650 1802/460/3651 1817/475/3652
f 1817/475/3652 1818/476/3651 1803/461/3650
f 1804/462/3653 1803/461/3654 1818/476/3653
f 1818/476/3653 1819/477/3653 1804/462/3653
f 1805/463/3655 1804/462/3655 1819/477/3655
f 1819/477/3655 1820/478/3655 1805/463/3655
f 1806/464/3656 1805/463/3657 1820/478/3658
f 1820/478/3658 1821/479/3659 1806/464/3656
f 1807/465/3660 1806/464/3660 1821/479/3660
f 1821/479/3660 1822/480/3660 1807/465/3660
f 1807/465/3661 1822/480/3661 1823/481/3661
f 1823/481/3661 1808/466/3661 1807/465/3661
f 1824/482/3662 1809/467/3662 1808/466/3662
f 1808/466/3662 1823/481/3662 1824/482/3662
f 1825/483/3663 1811/468/3663 1810/469/3664
f 1810/469/3664 1826/484/3664 1825/483/3663
f 1812/470/3665 1811/468/3666 1825/483/3667
f 1825/483/3667 1827/485/3668 1812/470/3665
f 1813/471/3669 1812/470/3670 1827/485/3671
f 1827/485/3671 1828/486/3672 1813/471/3669
f 1814/472/3673 1813/471/3673 1828/486/3674
f 1828/486/3674 1829/487/3675 1814/472/3673
f 1815/473/3676 1814/472/3677 1829/487/3678
f 1829/487/3678 1830/488/3679 1815/473/3676
f 1816/474/3680 1815/473/3680 1830/488/3680
f 1830/488/3680 1831/489/3680 1816/474/3680
f 1832/490/3681 1817/475/3682 1816/474/3683
f 1816/474/3683 1831/489/3684 1832/490/3681
f 1818/476/3685 1817/475/3686 1832/490/3687
f 1832/490/3687 1833/491/3685 1818/476/3685
f 1819/477/3688 1818/476/3689 1833/491/3690
f 1833/491/3690 1834/492/3689 1819/477/3688
f 1835/493/3691 1820/478/3692 1819/477/3693
f 1819/477/3693 1834/492/3694 1835/493/3691
f 1836/494/3695 1821/479/3696 1820/478/3697
f 1820/478/3697 1835/493/3695 1836/494/3695
f 1837/495/3698 1822/480/3699 1821/479/3700
f 1821/479/3700 1836/494/3701 1837/495/3698
f 1838/496/3702 1823/481/3702 1822/480/3702
f 1822/480/3702 1837/495/3702 1838/496/3702
f 1823/481/3703 1838/496/3703 1839/497/3704
f 1839/497/3704 1824/482/3703 1823/481/3703
f 1826/484/3705 1840/499/3705 1841/498/3705
f 1841/498/3705 1825/483/3705 1826/484/3705
f 1827/485/3706 1825/483/3707 1841/498/3708
f 1841/498/3708 1842/500/3706 1827/485/3706
f 1828/486/3709 1827/485/3709 1842/500/3709
f 1842/500/3709 1843/501/3709 1828/486/3709
f 1829/487/3710 1828/486/3711 1843/501/3710
f 1843/501/3710 1844/502/3710 1829/487/3710
f 1830/488/3712 1829/487/3712 1844/502/3712
f 1844/502/3712 1845/503/3712 1830/488/3712
f 1831/489/3713 1830/488/3714 1845/503/3715
f 1845/503/3715 1846/504/3716 1831/489/3713
f 1832/490/3717 1831/489/3718 1846/504/3717
f 1846/504/3717 1847/505/3717 1832/490/3717
f 1833/491/3719 1832/490/3720 1847/505/3721
f 1847/505/3721 1848/506/3722 1833/491/3719
f 1834/492/3723 1833/491/3724 1848/506/3725
f 1848/506/3725 1849/507/3726 1834/492/3723
f 1834/492/3727 1849/507/3728 1850/508/3729
f 1850/508/3729 1835/493/3730 1834/492/3727
f 1851/509/3731 1836/494/3732 1835/493/3733
f 1835/493/3733 1850/508/3731 1851/509/3731
f 1852/510/3734 1837/495/3735 1836/494/3736
f 1836/494/3736 1851/509/3737 1852/510/3734
f 1853/511/3738 1838/496/3738 1837/495/3738
f 1837/495/3738 1852/510/3739 1853/511/3738
f 1839/497/3740 1838/496/3741 1853/511/3742
f 1853/511/3742 1854/512/3743 1839/497/3740
f 1841/498/3744 1840/499/3744 1855/514/3745
f 1855/514/3745 1856/513/3746 1841/498/3744
f 1842/500/3747 1841/498/3748 1856/513/3749
f 1856/513/3749 1857/515/3748 1842/500/3747
f 1843/501/3750 1842/500/3750 1857/515/3750
f 1857/515/3750 1858/516/3750 1843/501/3750
f 1859/517/3751 1844/502/3751 1843/501/3751
f 1843/501/3751 1858/516/3752 1859/517/3751
f 1845/503/3753 1844/502/3754 1859/517/3754
f 1859/517/3754 1860/518/3755 1845/503/3753
f 1846/504/3756 1845/503/3757 1860/518/3756
f 1860/518/3756 1861/519/3756 1846/504/3756
f 1862/520/3758 1847/505/3759 1846/504/3760
f 1846/504/3760 1861/519/3761 1862/520/3758
f 1863/521/3762 1848/506/3762 1847/505/3762
f 1847/505/3762 1862/520/3762 1863/521/3762
f 1864/522/3763 1849/507/3764 1848/506/3764
f 1848/506/3764 1863/521/3764 1864/522/3763
f 1865/523/3765 1850/508/3766 1849/507/3767
f 1849/507/3767 1864/522/3768 1865/523/3765
f 1850/508/3769 1865/523/3770 1866/524/3771
f 1866/524/3771 1851/509/3771 1850/508/3769
f 1851/509/3772 1866/524/3772 1867/525/3772
f 1867/525/3772 1852/510/3772 1851/509/3772
f 1852/510/3773 1867/525/3773 1868/526/3773
f 1868/526/3773 1853/511/3773 1852/510/3773
f 1854/512/3774 1853/511/3775 1868/526/3775
f 1868/526/3775 1869/527/3776 1854/512/3774
f 1856/513/3777 1855/514/3778 1870/528/3778
f 1870/528/3778 1871/529/3778 1856/513/3777
f 1857/515/3779 1856/513/3779 1871/529/3779
f 1871/529/3779 1872/530/3780 1857/515/3779
f 1858/516/3781 1857/515/3782 1872/530/3781
f 1872/530/3781 1873/531/3781 1858/516/3781
f 1859/517/3783 1858/516/3783 1873/531/3783
f 1873/531/3783 1874/532/3783 1859/517/3783
f 1860/518/3784 1859/517/3784 1874/532/3784
f 1874/532/3784 1875/533/3784 1860/518/3784
f 1861/519/3785 1860/518/3786 1875/533/3786
f 1875/533/3786 1876/534/3785 1861/519/3785
f 1861/519/3787 1876/534/3787 1877/535/3787
f 1877/535/3787 1862/520/3787 1861/519/3787
f 1878/536/3788 1863/521/3789 1862/520/3790
f 1862/520/3790 1877/535/3791 1878/536/3788
f 1879/537/3792 1864/522/3792 1863/521/3793
f 1863/521/3793 1878/536/3792 1879/537/3792
f 1880/538/3794 1865/523/3795 1864/522/3795
f 1864/522/3795 1879/537/3794 1880/538/3794
f 1866/524/3796 1865/523/3797 1880/538/3797
f 1880/538/3797 1881/539/3797 1866/524/3796
f 1867/525/3798 1866/524/3798 1881/539/3798
f 1881/539/3798 1882/540/3798 1867/525/3798
f 1868/526/3799 1867/525/3800 1882/540/3799
f 1882/540/3799 1883/541/3799 1868/526/3799
f 1869/527/3801 1868/526/3801 1883/541/3801
f 1883/541/3801 1884/542/3801 1869/527/3801
f 1885/544/3802 1871/529/3802 1870/528/3803
f 1870/528/3803 1886/543/3803 1885/544/3802
f 1872/530/3804 1871/529/3804 1885/544/3805
f 1885/544/3805 1887/545/3804 1872/530/3804
f 1873/531/3806 1872/530/3807 1887/545/3807
f 1887/545/3807 1888/546/3807 1873/531/3806
f 1889/547/3808 1874/532/3809 1873/531/3810
f 1873/531/3810 1888/546/3810 1889/547/3808
f 1890/548/3811 1875/533/3812 1874/532/3811
f 1874/532/3811 1889/547/3812 1890/548/3811
f 1891/549/3813 1876/534/3813 1875/533/3813
f 1875/533/3813 1890/548/3814 1891/549/3813
f 1892/550/3815 1877/535/3816 1876/534/3817
f 1876/534/3817 1891/549/3815 1892/550/3815
f 1877/535/3818 1892/550/3819 1893/551/3820
f 1893/551/3820 1878/536/3821 1877/535/3818
f 1878/536/3822 1893/551/3823 1894/552/3824
f 1894/552/3824 1879/537/3825 1878/536/3822
f 1879/537/3826 1894/552/3826 1895/553/3827
f 1895/553/3827 1880/538/3826 1879/537/3826
f 1881/539/3828 1880/538/3828 1895/553/3828
f 1895/553/3828 1896/554/3828 1881/539/3828
f 1882/540/3829 1881/539/3830 1896/554/3831
f 1896/554/3831 1897/555/3829 1882/540/3829
f 1883/541/3832 1882/540/3833 1897/555/3832
f 1897/555/3832 1898/556/3832 1883/541/3832
f 1884/542/3834 1883/541/3834 1898/556/3834
f 1898/556/3834 1899/557/3834 1884/542/3834
f 1885/544/3835 1886/543/3835 1900/558/3836
f 1900/558/3836 1901/559/3836 1885/544/3835
f 1887/545/3837 1885/544/3837 1901/559/3837
f 1901/559/3837 1902/560/3837 1887/545/3837
f 1888/546/3838 1887/545/3838 1902/560/3838
f 1902/560/3838 1903/561/3838 1888/546/3838
f 1888/546/3839 1903/561/3839 1904/562/3840
f 1904/562/3840 1889/547/3840 1888/546/3839
f 1905/563/3841 1890/548/3841 1889/547/3841
f 1889/547/3841 1904/562/3841 1905/563/3841
f 1906/564/3842 1891/549/3843 1890/548/3842
f 1890/548/3842 1905/563/3844 1906/564/3842
f 1907/565/3845 1892/550/3846 1891/549/3846
f 1891/549/3846 1906/564/3846 1907/565/3845
f 1893/551/3847 1892/550/3848 1907/565/3849
f 1907/565/3849 1908/566/3850 1893/551/3847
f 1894/552/3851 1893/551/3852 1908/566/3853
f 1908/566/3853 1909/567/3854 1894/552/3851
f 1895/553/3855 1894/552/3855 1909/567/3855
f 1909/567/3855 1910/568/3855 1895/553/3855
f 1896/554/3856 1895/553/3856 1910/568/3856
f 1910/568/3856 1911/569/3856 1896/554/3856
f 1897/555/3857 1896/554/3857 1911/569/3857
f 1911/569/3857 1912/570/3858 1897/555/3857
f 1913/571/3859 1898/556/3859 1897/555/3859
f 1897/555/3859 1912/570/3859 1913/571/3859
f 1899/557/3860 1898/556/3860 1913/571/3860
f 1913/571/3860 1914/572/3860 1899/557/3860
f 1915/574/3861 1901/559/3861 1900/558/3861
f 1900/558/3861 1916/573/3861 1915/574/3861
f 1917/575/3862 1902/560/3862 1901/559/3863
f 1901/559/3863 1915/574/3864 1917/575/3862
f 1918/576/3865 1903/561/3866 1902/560/3865
f 1902/560/3865 1917/575/3865 1918/576/3865
f 1919/577/3867 1904/562/3868 1903/561/3867
f 1903/561/3867 1918/576/3867 1919/577/3867
f 1904/562/3869 1919/577/3869 1920/578/3870
f 1920/578/3870 1905/563/3870 1904/562/3869
f 1905/563/3871 1920/578/3871 1921/579/3871
f 1921/579/3871 1906/564/3872 1905/563/3871
f 1906/564/3873 1921/579/3874 1922/580/3875
f 1922/580/3875 1907/565/3876 1906/564/3873
f 1908/566/3877 1907/565/3878 1922/580/3878
f 1922/580/3878 1923/581/3879 1908/566/3877
f 1909/567/3880 1908/566/3881 1923/581/3882
f 1923/581/3882 1924/582/3883 1909/567/3880
f 1910/568/3884 1909/567/3884 1924/582/3884
f 1924/582/3884 1925/583/3884 1910/568/3884
f 1911/569/3885 1910/568/3885 1925/583/3885
f 1925/583/3885 1926/584/3885 1911/569/3885
f 1912/570/3886 1911/569/3886 1926/584/3886
f 1926/584/3886 1927/585/3886 1912/570/3886
f 1913/571/3887 1912/570/3887 1927/585/3888
f 1927/585/3888 1928/586/3887 1913/571/3887
f 1914/572/3889 1913/571/3890 1928/586/3890
f 1928/586/3890 1929/587/3889 1914/572/3889
f 1916/573/3891 1930/588/3892 1931/589/3893
f 1931/589/3893 1915/574/3892 1916/573/3891
f 1932/590/3894 1917/575/3894 1915/574/3894
f 1915/574/3894 1931/589/3894 1932/590/3894
f 1933/591/3895 1918/576/3895 1917/575/3895
f 1917/575/3895 1932/590/3895 1933/591/3895
f 1933/591/3896 1934/592/3897 1919/577/3896
f 1919/577/3896 1918/576/3896 1933/591/3896
f 1935/593/3898 1920/578/3899 1919/577/3899
f 1919/577/3899 1934/592/3899 1935/593/3898
f 1936/594/3900 1921/579/3901 1920/578/3902
f 1920/578/3902 1935/593/3903 1936/594/3900
f 1922/580/3904 1921/579/3905 1936/594/3906
f 1936/594/3906 1937/595/3907 1922/580/3904
f 1938/596/3908 1923/581/3909 1922/580/3910
f 1922/580/3910 1937/595/3911 1938/596/3908
f 1939/597/3912 1924/582/3913 1923/581/3913
f 1923/581/3913 1938/596/3914 1939/597/3912
f 1940/598/3915 1925/583/3915 1924/582/3915
f 1924/582/3915 1939/597/3915 1940/598/3915
f 1941/599/3916 1926/584/3917 1925/583/3918
f 1925/583/3918 1940/598/3917 1941/599/3916
f 1942/600/3919 1927/585/3919 1926/584/3919
f 1926/584/3919 1941/599/3920 1942/600/3919
f 1943/601/3921 1928/586/3921 1927/585/3922
f 1927/585/3922 1942/600/3922 1943/601/3921
f 1944/602/3923 1929/587/3923 1928/586/3923
f 1928/586/3923 1943/601/3923 1944/602/3923
f 1945/604/3924 1491/603/3925 1490/605/3924
f 1490/605/3924 1723/381/3924 1945/604/3924
f 1722/378/3926 1946/606/3926 1945/604/3927
f 1945/604/3927 1723/381/3927 1722/378/3926
f 1725/382/3928 1947/607/3928 1946/606/3929
f 1946/606/3929 1722/378/3930 1725/382/3928
f 1947/607/3931 1725/382/3931 1727/384/3932
f 1727/384/3932 1948/608/3932 1947/607/3931
f 1728/386/3933 1949/609/3934 1948/608/3935
f 1948/608/3935 1727/384/3936 1728/386/3933
f 1731/388/3937 1950/610/3938 1949/609/3939
f 1949/609/3939 1728/386/3940 1731/388/3937
f 1950/610/3941 1731/388/3942 1733/390/3943
f 1733/390/3943 1951/611/3944 1950/610/3941
f 1952/612/3945 1951/611/3945 1733/390/3946
f 1733/390/3946 1735/392/3947 1952/612/3945
f 1953/613/3948 1952/612/3949 1735/392/3950
f 1735/392/3950 1736/394/3951 1953/613/3948
f 1953/613/3952 1736/394/3953 1738/396/3953
f 1738/396/3953 1954/614/3953 1953/613/3952
f 1741/398/3954 1955/615/3954 1954/614/3955
f 1954/614/3955 1738/396/3956 1741/398/3954
f 1956/616/3957 1955/615/3958 1741/398/3959
f 1741/398/3959 1742/400/3958 1956/616/3957
f 1744/402/3960 1957/617/3961 1956/616/3962
f 1956/616/3962 1742/400/3963 1744/402/3960
f 1747/404/3964 1958/618/3965 1957/617/3964
f 1957/617/3964 1744/402/3964 1747/404/3964
f 1959/619/3966 1958/618/3967 1747/404/3967
f 1747/404/3967 1748/406/3967 1959/619/3966
f 1960/620/3968 1961/621/3968 1959/619/3968
f 1959/619/3968 1748/406/3968 1960/620/3968
f 1960/620/3969 1748/406/3969 1749/407/3969
f 1749/407/3969 1962/622/3969 1960/620/3969
f 1962/622/3970 1749/407/3970 1764/422/3970
f 1764/422/3970 1963/623/3970 1962/622/3970
f 1963/623/3971 1764/422/3972 1779/437/3972
f 1779/437/3972 1964/624/3972 1963/623/3971
f 1965/625/3973 1964/624/3973 1779/437/3973
f 1779/437/3973 1794/452/3973 1965/625/3973
f 1966/626/3974 1965/625/3974 1794/452/3974
f 1794/452/3974 1809/467/3974 1966/626/3974
f 1824/482/3975 1967/627/3975 1966/626/3975
f 1966/626/3975 1809/467/3975 1824/482/3975
f 1839/497/3976 1968/628/3976 1967/627/3977
f 1967/627/3977 1824/482/3977 1839/497/3976
f 1854/512/3978 1969/629/3979 1968/628/3980
f 1968/628/3980 1839/497/3981 1854/512/3978
f 1854/512/3982 1869/527/3982 1970/630/3982
f 1970/630/3982 1969/629/3982 1854/512/3982
f 1884/542/3983 1971/631/3983 1970/630/3984
f 1970/630/3984 1869/527/3984 1884/542/3983
f 1899/557/3985 1972/632/3985 1971/631/3985
f 1971/631/3985 1884/542/3985 1899/557/3985
f 1899/557/3986 1914/572/3986 1973/633/3986
f 1973/633/3986 1972/632/3986 1899/557/3986
f 1929/587/3987 1974/634/3988 1973/633/3987
f 1973/633/3987 1914/572/3987 1929/587/3987
f 1944/602/3989 1975/635/3990 1974/634/3990
f 1974/634/3990 1929/587/3989 1944/602/3989
f 1606/637/3991 1605/636/3992 1975/635/3992
f 1975/635/3992 1944/602/3991 1606/637/3991
f 1943/601/3993 1624/638/3994 1606/637/3994
f 1606/637/3994 1944/602/3994 1943/601/3993
f 1942/600/3995 1623/639/3995 1624/638/3995
f 1624/638/3995 1943/601/3995 1942/600/3995
f 1942/600/3996 1941/599/3997 1622/640/3998
f 1622/640/3998 1623/639/3996 1942/600/3996
f 1940/598/3999 1621/641/3999 1622/640/3999
f 1622/640/3999 1941/599/4000 1940/598/3999
f 1939/597/4001 1620/642/4002 1621/641/4003
f 1621/641/4003 1940/598/4003 1939/597/4001
f 1939/597/4004 1938/596/4005 1619/643/4006
f 1619/643/4006 1620/642/4007 1939/597/4004
f 1937/595/4008 1618/644/4009 1619/643/4010
f 1619/643/4010 1938/596/4009 1937/595/4008
f 1936/594/4011 1617/645/4012 1618/644/4013
f 1618/644/4013 1937/595/4014 1936/594/4011
f 1936/594/4015 1935/593/4015 1616/646/4016
f 1616/646/4016 1617/645/4017 1936/594/4015
f 1934/592/4018 1615/647/4019 1616/646/4020
f 1616/646/4020 1935/593/4021 1934/592/4018
f 1615/647/4022 1934/592/4023 1933/591/4024
f 1933/591/4024 1614/648/4025 1615/647/4022
f 1614/648/4026 1933/591/4026 1932/590/4027
f 1932/590/4027 1613/649/4026 1614/648/4026
f 1932/590/4028 1931/589/4028 1612/650/4028
f 1612/650/4028 1613/649/4028 1932/590/4028
f 1930/588/4029 1611/651/4029 1612/650/4029
f 1612/650/4029 1931/589/4029 1930/588/4029
f 1508/653/4030 1507/652/4030 1611/651/4031
f 1611/651/4031 1930/588/4031 1508/653/4030
f 1513/654/4032 1508/653/4033 1930/588/4032
f 1930/588/4032 1916/573/4032 1513/654/4032
f 1916/573/4034 1900/558/4035 1514/655/4036
f 1514/655/4036 1513/654/4036 1916/573/4034
f 1886/543/4037 1515/656/4038 1514/655/4038
f 1514/655/4038 1900/558/4038 1886/543/4037
f 1886/543/4039 1870/528/4040 1516/657/4040
f 1516/657/4040 1515/656/4040 1886/543/4039
f 1517/658/4041 1516/657/4041 1870/528/4041
f 1870/528/4041 1855/514/4042 1517/658/4041
f 1518/659/4043 1517/658/4043 1855/514/4044
f 1855/514/4044 1840/499/4045 1518/659/4043
f 1840/499/4046 1826/484/4046 1499/660/4046
f 1499/660/4046 1518/659/4047 1840/499/4046
f 1498/661/4048 1499/660/4048 1826/484/4049
f 1826/484/4049 1810/469/4048 1498/661/4048
f 1795/454/4050 1497/662/4050 1498/661/4050
f 1498/661/4050 1810/469/4050 1795/454/4050
f 1496/663/4051 1497/662/4051 1795/454/4052
f 1795/454/4052 1781/439/4053 1496/663/4051
f 1766/424/4054 1495/664/4054 1496/663/4054
f 1496/663/4054 1781/439/4054 1766/424/4054
f 1494/665/4055 1495/664/4056 1766/424/4056
f 1766/424/4056 1750/409/4055 1494/665/4055
f 1493/666/4057 1494/665/4058 1750/409/4058
f 1750/409/4058 1720/380/4058 1493/666/4057
f 1490/605/4059 1493/666/4060 1720/380/4060
f 1720/380/4060 1723/381/4060 1490/605/4059
f 1976/670/4061 1977/669/4062 1978/668/4062
f 1978/668/4062 1979/667/4062 1976/670/4061
f 1977/669/4063 1976/670/4064 1980/672/4063
f 1980/672/4063 1981/671/4065 1977/669/4063
f 1982/674/4066 1983/673/4066 1981/671/4066
f 1981/671/4066 1980/672/4067 1982/674/4066
f 1984/676/4068 1985/675/4069 1983/673/4068
f 1983/673/4068 1982/674/4068 1984/676/4068
f 1985/675/4070 1984/676/4071 1986/678/4070
f 1986/678/4070 1987/677/4072 1985/675/4070
f 1987/677/4073 1986/678/4073 1988/679/4073
f 1988/679/4073 1989/680/4073 1987/677/4073
f 1990/682/4074 1991/681/4075 1989/680/4074
f 1989/680/4074 1988/679/4076 1990/682/4074
f 1992/683/4077 1976/670/4078 1979/667/4079
f 1979/667/4079 1993/684/4080 1992/683/4077
f 1976/670/4081 1992/683/4082 1994/685/4081
f 1994/685/4081 1980/672/4083 1976/670/4081
f 1995/686/4084 1982/674/4084 1980/672/4084
f 1980/672/4084 1994/685/4084 1995/686/4084
f 1982/674/4085 1995/686/4086 1996/687/4085
f 1996/687/4085 1984/676/4087 1982/674/4085
f 1997/688/4088 1986/678/4089 1984/676/4088
f 1984/676/4088 1996/687/4090 1997/688/4088
f 1988/679/4091 1986/678/4091 1997/688/4091
f 1997/688/4091 1998/689/4091 1988/679/4091
f 1999/690/4092 1990/682/4092 1988/679/4092
f 1988/679/4092 1998/689/4092 1999/690/4092
f 1993/684/4093 2000/691/4094 2001/692/4093
f 2001/692/4093 1992/683/4095 1993/684/4093
f 1992/683/4096 2001/692/4096 2002/693/4097
f 2002/693/4097 1994/685/4098 1992/683/4096
f 1994/685/4099 2002/693/4099 2003/694/4099
f 2003/694/4099 1995/686/4099 1994/685/4099
f 1995/686/4100 2003/694/4101 2004/695/4102
f 2004/695/4102 1996/687/4103 1995/686/4100
f 1996/687/4104 2004/695/4104 2005/696/4104
f 2005/696/4104 1997/688/4104 1996/687/4104
f 1998/689/4105 1997/688/4106 2005/696/4106
f 2005/696/4106 2006/697/4105 1998/689/4105
f 1998/689/4107 2006/697/4108 2007/698/4109
f 2007/698/4109 1999/690/4110 1998/689/4107
f 2008/699/4111 2001/692/4112 2000/691/4113
f 2000/691/4113 2009/700/4112 2008/699/4111
f 2001/692/4114 2008/699/4115 2010/701/4116
f 2010/701/4116 2002/693/4115 2001/692/4114
f 2002/693/4117 2010/701/4117 2011/702/4117
f 2011/702/4117 2003/694/4117 2002/693/4117
f 2012/703/4118 2004/695/4119 2003/694/4120
f 2003/694/4120 2011/702/4121 2012/703/4118
f 2004/695/4122 2012/703/4123 2013/704/4122
f 2013/704/4122 2005/696/4124 2004/695/4122
f 2014/705/4125 2006/697/4125 2005/696/4125
f 2005/696/4125 2013/704/4125 2014/705/4125
f 2006/697/4126 2014/705/4127 2015/706/4127
f 2015/706/4127 2007/698/4127 2006/697/4126
f 2016/707/4128 2008/699/4129 2009/700/4130
f 2009/700/4130 2017/708/4131 2016/707/4128
f 2008/699/4132 2016/707/4133 2018/709/4134
f 2018/709/4134 2010/701/4133 2008/699/4132
f 2019/710/4135 2011/702/4136 2010/701/4135
f 2010/701/4135 2018/709/4137 2019/710/4135
f 2020/711/4138 2012/703/4139 2011/702/4138
f 2011/702/4138 2019/710/4140 2020/711/4138
f 2012/703/4141 2020/711/4141 2021/712/4141
f 2021/712/4141 2013/704/4141 2012/703/4141
f 2013/704/4142 2021/712/4142 2022/713/4142
f 2022/713/4142 2014/705/4142 2013/704/4142
f 2014/705/4143 2022/713/4144 2023/714/4145
f 2023/714/4145 2015/706/4146 2014/705/4143
f 2024/715/4147 2016/707/4128 2017/708/4131
f 2017/708/4131 2025/716/4148 2024/715/4147
f 2016/707/4149 2024/715/4150 2026/717/4151
f 2026/717/4151 2018/709/4149 2016/707/4149
f 2018/709/4152 2026/717/4153 2027/718/4153
f 2027/718/4153 2019/710/4152 2018/709/4152
f 2028/719/4154 2020/711/4155 2019/710/4155
f 2019/710/4155 2027/718/4155 2028/719/4154
f 2029/720/4156 2021/712/4156 2020/711/4156
f 2020/711/4156 2028/719/4156 2029/720/4156
f 2022/713/4157 2021/712/4158 2029/720/4159
f 2029/720/4159 2030/721/4159 2022/713/4157
f 2031/724/4160 2032/723/4161 2033/722/4161
f 2033/722/4161 2034/725/4160 2031/724/4160
f 2032/723/4162 2031/724/4163 2035/727/4164
f 2035/727/4164 2036/726/4165 2032/723/4162
f 2036/726/4166 2035/727/4167 2037/729/4168
f 2037/729/4168 2038/728/4166 2036/726/4166
f 2039/730/4169 2031/724/4170 2034/725/4169
f 2034/725/4169 2040/731/4171 2039/730/4169
f 2041/732/4172 2035/727/4173 2031/724/4174
f 2031/724/4174 2039/730/4175 2041/732/4172
f 2035/727/4176 2041/732/4176 2042/733/4176
f 2042/733/4176 2037/729/4176 2035/727/4176
f 2043/734/4177 2039/730/4178 2040/731/4177
f 2040/731/4177 2044/735/4179 2043/734/4177
f 2039/730/4180 2043/734/4180 2045/736/4180
f 2045/736/4180 2041/732/4181 2039/730/4180
f 2041/732/4182 2045/736/4183 2046/737/4184
f 2046/737/4184 2042/733/4185 2041/732/4182
f 2042/733/4186 2046/737/4187 2047/738/4188
f 2047/738/4188 2048/739/4188 2042/733/4186
f 2049/740/4189 2043/734/4190 2044/735/4189
f 2044/735/4189 2050/741/4191 2049/740/4189
f 2043/734/4192 2049/740/4193 2051/742/4192
f 2051/742/4192 2045/736/4194 2043/734/4192
f 2045/736/4195 2051/742/4196 2052/743/4197
f 2052/743/4197 2046/737/4196 2045/736/4195
f 2046/737/4198 2052/743/4199 2053/744/4200
f 2053/744/4200 2047/738/4200 2046/737/4198
f 2054/745/4201 2049/740/4202 2050/741/4201
f 2050/741/4201 2055/746/4203 2054/745/4201
f 2049/740/4204 2054/745/4204 2056/747/4205
f 2056/747/4205 2051/742/4205 2049/740/4204
f 2057/748/4206 2052/743/4206 2051/742/4207
f 2051/742/4207 2056/747/4208 2057/748/4206
f 2058/749/4209 2053/744/4210 2052/743/4211
f 2052/743/4211 2057/748/4212 2058/749/4209
f 2059/750/4213 2054/745/4213 2055/746/4214
f 2055/746/4214 2060/751/4215 2059/750/4213
f 2061/752/4216 2056/747/4217 2054/745/4218
f 2054/745/4218 2059/750/4219 2061/752/4216
f 2057/748/4220 2056/747/4221 2061/752/4222
f 2061/752/4222 2062/753/4223 2057/748/4220
f 2063/754/4224 2058/749/4225 2057/748/4226
f 2057/748/4226 2062/753/4227 2063/754/4224
f 2064/756/4228 2065/755/4228 2066/758/4229
f 2066/758/4229 2067/757/4228 2064/756/4228
f 2068/760/4230 2069/759/4230 2067/757/4230
f 2067/757/4230 2066/758/4230 2068/760/4230
f 2069/759/4231 2068/760/4232 2070/762/4231
f 2070/762/4231 2071/761/4233 2069/759/4231
f 2072/764/4234 2073/763/4235 2071/761/4235
f 2071/761/4235 2070/762/4235 2072/764/4234
f 2073/763/4236 2072/764/4236 2074/766/4237
f 2074/766/4237 2075/765/4236 2073/763/4236
f 2076/768/4238 2077/767/4239 2075/765/4238
f 2075/765/4238 2074/766/4240 2076/768/4238
f 2077/767/4241 2076/768/4241 2078/770/4241
f 2078/770/4241 2079/769/4242 2077/767/4241
f 2080/771/4243 2066/758/4243 2065/755/4243
f 2065/755/4243 2081/772/4243 2080/771/4243
f 2066/758/4244 2080/771/4245 2082/773/4246
f 2082/773/4246 2068/760/4247 2066/758/4244
f 2083/774/4248 2070/762/4249 2068/760/4248
f 2068/760/4248 2082/773/4250 2083/774/4248
f 2084/775/4251 2072/764/4252 2070/762/4251
f 2070/762/4251 2083/774/4251 2084/775/4251
f 2072/764/4253 2084/775/4253 2085/776/4253
f 2085/776/4253 2074/766/4253 2072/764/4253
f 2086/777/4254 2076/768/4255 2074/766/4254
f 2074/766/4254 2085/776/4254 2086/777/4254
f 2076/768/4256 2086/777/4257 2087/778/4256
f 2087/778/4256 2078/770/4257 2076/768/4256
f 2081/772/4258 2088/780/4259 2089/779/4260
f 2089/779/4260 2080/771/4261 2081/772/4258
f 2090/781/4262 2082/773/4262 2080/771/4262
f 2080/771/4262 2089/779/4262 2090/781/4262
f 2082/773/4263 2090/781/4264 2091/782/4263
f 2091/782/4263 2083/774/4263 2082/773/4263
f 2092/783/4265 2084/775/4266 2083/774/4265
f 2083/774/4265 2091/782/4267 2092/783/4265
f 2093/784/4268 2085/776/4269 2084/775/4268
f 2084/775/4268 2092/783/4270 2093/784/4268
f 2086/777/4271 2085/776/4271 2093/784/4272
f 2093/784/4272 2094/785/4273 2086/777/4271
f 2087/778/4274 2086/777/4275 2094/785/4275
f 2094/785/4275 2095/786/4275 2087/778/4274
f 2092/783/4276 2096/788/4277 2097/787/4276
f 2097/787/4276 2093/784/4276 2092/783/4276
f 2094/785/4278 2093/784/4279 2097/787/4279
f 2097/787/4279 2098/789/4280 2094/785/4278
f 2095/786/4281 2094/785/4282 2098/789/4283
f 2098/789/4283 2099/790/4284 2095/786/4281
f 2100/791/4285 2101/794/4285 2102/793/4285
f 2102/793/4285 2103/792/4285 2100/791/4285
f 2104/795/4286 2100/791/4287 2103/792/4288
f 2103/792/4288 2105/796/4287 2104/795/4286
f 2106/798/4289 2107/797/4290 2104/795/4290
f 2104/795/4290 2105/796/4290 2106/798/4289
f 2108/799/4291 2107/797/4292 2106/798/4293
f 2106/798/4293 2109/800/4294 2108/799/4291
f 2110/801/4295 2108/799/4296 2109/800/4296
f 2109/800/4296 2111/802/4296 2110/801/4295
f 2110/801/4297 2111/802/4297 2112/804/4297
f 2112/804/4297 2113/803/4297 2110/801/4297
f 2114/805/4298 2113/803/4299 2112/804/4299
f 2112/804/4299 2115/806/4300 2114/805/4298
f 2116/808/4301 2103/792/4301 2102/793/4301
f 2102/793/4301 2117/807/4301 2116/808/4301
f 2105/796/4302 2103/792/4303 2116/808/4304
f 2116/808/4304 2118/809/4303 2105/796/4302
f 2106/798/4305 2105/796/4306 2118/809/4306
f 2118/809/4306 2119/810/4306 2106/798/4305
f 2120/811/4307 2109/800/4308 2106/798/4309
f 2106/798/4309 2119/810/4310 2120/811/4307
f 2111/802/4311 2109/800/4311 2120/811/4311
f 2120/811/4311 2121/812/4311 2111/802/4311
f 2112/804/4312 2111/802/4313 2121/812/4313
f 2121/812/4313 2122/813/4312 2112/804/4312
f 2112/804/4314 2122/813/4315 2123/814/4316
f 2123/814/4316 2115/806/4314 2112/804/4314
f 2116/808/4317 2117/807/4318 2124/816/4318
f 2124/816/4318 2125/815/4318 2116/808/4317
f 2126/817/4319 2118/809/4320 2116/808/4319
f 2116/808/4319 2125/815/4321 2126/817/4319
f 2119/810/4322 2118/809/4322 2126/817/4322
f 2126/817/4322 2127/818/4323 2119/810/4322
f 2120/811/4324 2119/810/4324 2127/818/4324
f 2127/818/4324 2128/819/4325 2120/811/4324
f 2129/820/4326 2121/812/4327 2120/811/4328
f 2120/811/4328 2128/819/4327 2129/820/4326
f 2122/813/4329 2121/812/4330 2129/820/4331
f 2129/820/4331 2130/821/4330 2122/813/4329
f 2123/814/4332 2122/813/4333 2130/821/4334
f 2130/821/4334 2131/822/4335 2123/814/4332
f 2125/815/4336 2124/816/4336 2132/824/4336
f 2132/824/4336 2133/823/4336 2125/815/4336
f 2126/817/4337 2125/815/4338 2133/823/4338
f 2133/823/4338 2134/825/4339 2126/817/4337
f 2126/817/4340 2134/825/4341 2135/826/4340
f 2135/826/4340 2127/818/4342 2126/817/4340
f 2128/819/4343 2127/818/4343 2135/826/4343
f 2135/826/4343 2136/827/4343 2128/819/4343
f 2129/820/4344 2128/819/4344 2136/827/4345
f 2136/827/4345 2137/828/4344 2129/820/4344
f 2129/820/4346 2137/828/4346 2138/829/4346
f 2138/829/4346 2130/821/4346 2129/820/4346
f 2131/822/4347 2130/821/4348 2138/829/4348
f 2138/829/4348 2139/830/4349 2131/822/4347
f 2132/824/4350 2140/832/4351 2141/831/4350
f 2141/831/4350 2133/823/4352 2132/824/4350
f 2134/825/4353 2133/823/4353 2141/831/4353
f 2141/831/4353 2142/833/4353 2134/825/4353
f 2135/826/4354 2134/825/4354 2142/833/4354
f 2142/833/4354 2143/834/4354 2135/826/4354
f 2135/826/4355 2143/834/4355 2144/835/4355
f 2144/835/4355 2136/827/4355 2135/826/4355
f 2137/828/4356 2136/827/4356 2144/835/4357
f 2144/835/4357 2145/836/4356 2137/828/4356
f 2138/829/4358 2137/828/4358 2145/836/4358
f 2145/836/4358 2146/837/4358 2138/829/4358
f 2147/838/4359 2139/830/4359 2138/829/4360
f 2138/829/4360 2146/837/4360 2147/838/4359
f 2141/831/4361 2140/832/4362 2148/840/4361
f 2148/840/4361 2149/839/4361 2141/831/4361
f 2150/841/4363 2142/833/4363 2141/831/4363
f 2141/831/4363 2149/839/4363 2150/841/4363
f 2143/834/4364 2142/833/4364 2150/841/4365
f 2150/841/4365 2151/842/4364 2143/834/4364
f 2144/835/4366 2143/834/4366 2151/842/4367
f 2151/842/4367 2152/843/4368 2144/835/4366
f 2153/844/4369 2145/836/4369 2144/835/4370
f 2144/835/4370 2152/843/4369 2153/844/4369
f 2146/837/4371 2145/836/4372 2153/844/4371
f 2153/844/4371 2154/845/4371 2146/837/4371
f 2147/838/4373 2146/837/4374 2154/845/4373
f 2154/845/4373 2155/846/4375 2147/838/4373
f 1990/682/4376 2059/750/4376 2060/751/4377
f 2060/751/4377 1991/681/4376 1990/682/4376
f 1999/690/4378 2061/752/4378 2059/750/4378
f 2059/750/4378 1990/682/4378 1999/690/4378
f 2062/753/4379 2061/752/4379 1999/690/4379
f 1999/690/4379 2007/698/4379 2062/753/4379
f 2015/706/4380 2063/754/4381 2062/753/4380
f 2062/753/4380 2007/698/4382 2015/706/4380
f 2148/840/4383 2079/769/4383 2078/770/4383
f 2078/770/4383 2149/839/4383 2148/840/4383
f 2087/778/4384 2150/841/4385 2149/839/4386
f 2149/839/4386 2078/770/4387 2087/778/4384
f 2151/842/4388 2150/841/4389 2087/778/4389
f 2087/778/4389 2095/786/4389 2151/842/4388
f 2099/790/4390 2152/843/4390 2151/842/4390
f 2151/842/4390 2095/786/4390 2099/790/4390
f 2152/843/4391 2099/790/4392 2156/847/4391
f 2156/847/4391 2153/844/4393 2152/843/4391
f 2115/806/4300 2024/715/4147 2025/716/4148
f 2025/716/4148 2114/805/4298 2115/806/4300
f 2123/814/4394 2026/717/4394 2024/715/4395
f 2024/715/4395 2115/806/4394 2123/814/4394
f 2131/822/4396 2027/718/4397 2026/717/4396
f 2026/717/4396 2123/814/4397 2131/822/4396
f 2139/830/4398 2028/719/4398 2027/718/4399
f 2027/718/4399 2131/822/4398 2139/830/4398
f 2147/838/4400 2029/720/4400 2028/719/4400
f 2028/719/4400 2139/830/4400 2147/838/4400
f 2155/846/4401 2030/721/4401 2029/720/4401
f 2029/720/4401 2147/838/4402 2155/846/4401
f 2157/850/4403 2158/849/4403 2159/848/4403
f 2159/848/4403 1978/668/4403 2157/850/4403
f 1977/669/4404 2160/851/4404 2157/850/4404
f 2157/850/4404 1978/668/4404 1977/669/4404
f 1981/671/4405 2161/852/4406 2160/851/4406
f 2160/851/4406 1977/669/4407 1981/671/4405
f 1981/671/4408 1983/673/4408 2162/853/4408
f 2162/853/4408 2161/852/4409 1981/671/4408
f 1985/675/4410 2163/854/4411 2162/853/4410
f 2162/853/4410 1983/673/4410 1985/675/4410
f 1987/677/4412 2164/855/4413 2163/854/4412
f 2163/854/4412 1985/675/4414 1987/677/4412
f 1987/677/4415 1989/680/4415 2165/856/4415
f 2165/856/4415 2164/855/4415 1987/677/4415
f 1991/681/4416 2166/857/4416 2165/856/4416
f 2165/856/4416 1989/680/4416 1991/681/4416
f 2159/848/4417 2167/858/4418 1979/667/4419
f 1979/667/4419 1978/668/4418 2159/848/4417
f 1979/667/4420 2167/858/4420 2168/859/4420
f 2168/859/4420 1993/684/4420 1979/667/4420
f 2168/859/4421 2169/860/4422 2000/691/4421
f 2000/691/4421 1993/684/4422 2168/859/4421
f 2009/700/4423 2000/691/4424 2169/860/4423
f 2169/860/4423 2170/861/4423 2009/700/4423
f 2171/862/4425 2017/708/4426 2009/700/4427
f 2009/700/4427 2170/861/4427 2171/862/4425
f 2172/863/4428 2025/716/4429 2017/708/4426
f 2017/708/4426 2171/862/4425 2172/863/4428
f 2173/864/4430 2114/805/4431 2025/716/4429
f 2025/716/4429 2172/863/4428 2173/864/4430
f 1704/362/4432 1706/363/4433 2174/865/4434
f 2174/865/4434 2033/722/4433 1704/362/4432
f 2032/723/4435 1703/361/4436 1704/362/4437
f 1704/362/4437 2033/722/4438 2032/723/4435
f 2036/726/4439 1701/360/4440 1703/361/4439
f 1703/361/4439 2032/723/4439 2036/726/4439
f 2038/728/4441 1702/359/4442 1701/360/4443
f 1701/360/4443 2036/726/4442 2038/728/4441
f 2033/722/4444 2174/865/4444 2175/866/4444
f 2175/866/4444 2034/725/4444 2033/722/4444
f 2175/866/4445 2176/867/4446 2040/731/4445
f 2040/731/4445 2034/725/4445 2175/866/4445
f 2176/867/4447 2177/868/4447 2044/735/4447
f 2044/735/4447 2040/731/4448 2176/867/4447
f 2178/869/4449 2050/741/4449 2044/735/4449
f 2044/735/4449 2177/868/4449 2178/869/4449
f 2050/741/4450 2178/869/4450 2179/870/4450
f 2179/870/4450 2055/746/4450 2050/741/4450
f 2179/870/4451 2180/871/4451 2060/751/4451
f 2060/751/4451 2055/746/4452 2179/870/4451
f 2166/857/4453 1991/681/4454 2060/751/4454
f 2060/751/4454 2180/871/4454 2166/857/4453
f 2064/756/4455 1975/872/4456 1605/259/4457
f 1605/259/4457 1607/260/4456 2064/756/4455
f 2067/757/4458 1974/873/4459 1975/872/4458
f 1975/872/4458 2064/756/4458 2067/757/4458
f 2069/759/4460 1973/874/4461 1974/873/4460
f 1974/873/4460 2067/757/4460 2069/759/4460
f 2071/761/4462 1972/875/4462 1973/874/4462
f 1973/874/4462 2069/759/4463 2071/761/4462
f 2073/763/4464 1971/876/4464 1972/875/4464
f 1972/875/4464 2071/761/4464 2073/763/4464
f 2075/765/4465 1970/877/4465 1971/876/4465
f 1971/876/4465 2073/763/4465 2075/765/4465
f 2077/767/4466 1969/878/4467 1970/877/4466
f 1970/877/4466 2075/765/4466 2077/767/4466
f 2079/769/4468 1968/879/4468 1969/878/4468
f 1969/878/4468 2077/767/4469 2079/769/4468
f 2065/755/4470 2064/756/4470 1607/260/4470
f 1607/260/4470 1608/261/4470 2065/755/4470
f 2081/772/4471 2065/755/4472 1608/261/4471
f 1608/261/4471 1609/262/4472 2081/772/4471
f 2081/772/4473 1609/262/4474 1610/263/4474
f 1610/263/4474 2088/780/4475 2081/772/4473
f 1961/621/4476 1960/881/4477 2101/794/4478
f 2101/794/4478 2181/880/4477 1961/621/4476
f 2100/791/4479 2182/882/4480 2181/880/4481
f 2181/880/4481 2101/794/4480 2100/791/4479
f 2183/883/4482 2182/882/4482 2100/791/4483
f 2100/791/4483 2104/795/4484 2183/883/4482
f 2107/797/4485 2184/884/4485 2183/883/4485
f 2183/883/4485 2104/795/4485 2107/797/4485
f 2184/884/4486 2107/797/4487 2108/799/4488
f 2108/799/4488 2185/885/4488 2184/884/4486
f 2186/886/4489 2185/885/4490 2108/799/4490
f 2108/799/4490 2110/801/4491 2186/886/4489
f 2113/803/4492 2187/887/4493 2186/886/4489
f 2186/886/4489 2110/801/4491 2113/803/4492
f 2187/887/4493 2113/803/4492 2114/805/4431
f 2114/805/4431 2173/864/4430 2187/887/4493
f 2102/793/4494 2101/794/4494 1960/881/4494
f 1960/881/4494 1962/888/4494 2102/793/4494
f 2117/807/4495 2102/793/4495 1962/888/4495
f 1962/888/4495 1963/889/4495 2117/807/4495
f 1964/890/4496 2124/816/4496 2117/807/4496
f 2117/807/4496 1963/889/4496 1964/890/4496
f 1964/890/4497 1965/891/4497 2132/824/4497
f 2132/824/4497 2124/816/4497 1964/890/4497
f 1965/891/4498 1966/892/4498 2140/832/4499
f 2140/832/4499 2132/824/4499 1965/891/4498
f 2140/832/4500 1966/892/4500 1967/893/4500
f 1967/893/4500 2148/840/4500 2140/832/4500
f 2148/840/4501 1967/893/4501 1968/879/4501
f 1968/879/4501 2079/769/4501 2148/840/4501
f 2188/897/4502 2189/896/4503 2190/895/4502
f 2190/895/4502 2191/894/4503 2188/897/4502
f 2189/896/4504 2188/897/4504 2192/899/4504
f 2192/899/4504 2193/898/4504 2189/896/4504
f 2193/898/4505 2192/899/4505 2194/901/4505
f 2194/901/4505 2195/900/4505 2193/898/4505
f 2196/903/4506 2197/902/4506 2195/900/4506
f 2195/900/4506 2194/901/4506 2196/903/4506
f 2197/902/4507 2196/903/4508 2198/905/4508
f 2198/905/4508 2199/904/4508 2197/902/4507
f 2199/904/4509 2198/905/4510 2200/907/4511
f 2200/907/4511 2201/906/4511 2199/904/4509
f 2202/909/4512 2203/908/4513 2201/906/4514
f 2201/906/4514 2200/907/4514 2202/909/4512
f 2203/908/4515 2202/909/4515 2204/911/4515
f 2204/911/4515 2205/910/4515 2203/908/4515
f 2205/910/4516 2204/911/4517 2206/912/4518
f 2206/912/4518 2207/913/4519 2205/910/4516
f 2208/914/4520 2209/915/4521 2207/913/4522
f 2207/913/4522 2206/912/4523 2208/914/4520
f 2209/915/4524 2208/914/4525 2210/916/4526
f 2210/916/4526 2211/917/4527 2209/915/4524
f 2211/917/4528 2210/916/4529 2212/918/4529
f 2212/918/4529 2213/919/4529 2211/917/4528
f 2214/920/4530 2215/921/4530 2213/919/4530
f 2213/919/4530 2212/918/4530 2214/920/4530
f 2215/921/4531 2214/920/4531 2216/923/4531
f 2216/923/4531 2217/922/4531 2215/921/4531
f 2218/925/4532 2188/897/4532 2191/894/4532
f 2191/894/4532 2219/924/4532 2218/925/4532
f 2188/897/4533 2218/925/4533 2220/926/4533
f 2220/926/4533 2192/899/4533 2188/897/4533
f 2221/927/4534 2194/901/4534 2192/899/4534
f 2192/899/4534 2220/926/4534 2221/927/4534
f 2222/928/4535 2196/903/4535 2194/901/4536
f 2194/901/4536 2221/927/4536 2222/928/4535
f 2223/929/4537 2198/905/4537 2196/903/4538
f 2196/903/4538 2222/928/4537 2223/929/4537
f 2224/930/4539 2200/907/4540 2198/905/4540
f 2198/905/4540 2223/929/4540 2224/930/4539
f 2225/931/4541 2202/909/4542 2200/907/4543
f 2200/907/4543 2224/930/4544 2225/931/4541
f 2226/932/4545 2204/911/4546 2202/909/4547
f 2202/909/4547 2225/931/4548 2226/932/4545
f 2227/933/4549 2206/912/4550 2204/911/4551
f 2204/911/4551 2226/932/4552 2227/933/4549
f 2228/934/4553 2208/914/4553 2206/912/4553
f 2206/912/4553 2227/933/4554 2228/934/4553
f 2229/935/4555 2210/916/4555 2208/914/4555
f 2208/914/4555 2228/934/4555 2229/935/4555
f 2230/936/4556 2212/918/4557 2210/916/4558
f 2210/916/4558 2229/935/4557 2230/936/4556
f 2231/937/4559 2214/920/4559 2212/918/4560
f 2212/918/4560 2230/936/4559 2231/937/4559
f 2232/938/4561 2216/923/4561 2214/920/4561
f 2214/920/4561 2231/937/4561 2232/938/4561
f 2233/940/4562 2218/925/4562 2219/924/4562
f 2219/924/4562 2234/939/4562 2233/940/4562
f 2218/925/4563 2233/940/4564 2235/941/4563
f 2235/941/4563 2220/926/4563 2218/925/4563
f 2220/926/4565 2235/941/4565 2236/942/4565
f 2236/942/4565 2221/927/4565 2220/926/4565
f 2237/943/4566 2222/928/4566 2221/927/4566
f 2221/927/4566 2236/942/4567 2237/943/4566
f 2222/928/4568 2237/943/4568 2238/944/4568
f 2238/944/4568 2223/929/4568 2222/928/4568
f 2223/929/4569 2238/944/4570 2239/945/4571
f 2239/945/4571 2224/930/4572 2223/929/4569
f 2240/946/4573 2225/931/4573 2224/930/4574
f 2224/930/4574 2239/945/4574 2240/946/4573
f 2225/931/4575 2240/946/4575 2241/947/4576
f 2241/947/4576 2226/932/4577 2225/931/4575
f 2226/932/4578 2241/947/4579 2242/948/4580
f 2242/948/4580 2227/933/4580 2226/932/4578
f 2243/949/4581 2228/934/4581 2227/933/4582
f 2227/933/4582 2242/948/4583 2243/949/4581
f 2228/934/4584 2243/949/4584 2244/950/4584
f 2244/950/4584 2229/935/4584 2228/934/4584
f 2229/935/4585 2244/950/4586 2245/951/4585
f 2245/951/4585 2230/936/4585 2229/935/4585
f 2230/936/4587 2245/951/4587 2246/952/4587
f 2246/952/4587 2231/937/4587 2230/936/4587
f 2231/937/4588 2246/952/4588 2247/953/4589
f 2247/953/4589 2232/938/4589 2231/937/4588
f 2248/955/4590 2233/940/4590 2234/939/4590
f 2234/939/4590 2249/954/4590 2248/955/4590
f 2250/956/4591 2235/941/4591 2233/940/4591
f 2233/940/4591 2248/955/4591 2250/956/4591
f 2235/941/4592 2250/956/4592 2251/957/4592
f 2251/957/4592 2236/942/4592 2235/941/4592
f 2252/958/4593 2237/943/4594 2236/942/4595
f 2236/942/4595 2251/957/4595 2252/958/4593
f 2237/943/4596 2252/958/4596 2253/959/4596
f 2253/959/4596 2238/944/4596 2237/943/4596
f 2238/944/4597 2253/959/4598 2254/960/4598
f 2254/960/4598 2239/945/4598 2238/944/4597
f 2255/961/4599 2240/946/4600 2239/945/4601
f 2239/945/4601 2254/960/4602 2255/961/4599
f 2256/962/4603 2241/947/4604 2240/946/4604
f 2240/946/4604 2255/961/4605 2256/962/4603
f 2241/947/4606 2256/962/4607 2257/963/4608
f 2257/963/4608 2242/948/4609 2241/947/4606
f 2258/964/4610 2243/949/4611 2242/948/4611
f 2242/948/4611 2257/963/4611 2258/964/4610
f 2259/965/4612 2244/950/4613 2243/949/4613
f 2243/949/4613 2258/964/4613 2259/965/4612
f 2244/950/4614 2259/965/4614 2260/966/4615
f 2260/966/4615 2245/951/4614 2244/950/4614
f 2261/967/4616 2246/952/4616 2245/951/4616
f 2245/951/4616 2260/966/4616 2261/967/4616
f 2262/968/4617 2247/953/4617 2246/952/4617
f 2246/952/4617 2261/967/4617 2262/968/4617
f 2263/970/4618 2248/955/4618 2249/954/4618
f 2249/954/4618 2264/969/4618 2263/970/4618
f 2248/955/4619 2263/970/4619 2265/971/4619
f 2265/971/4619 2250/956/4619 2248/955/4619
f 2250/956/4620 2265/971/4620 2266/972/4621
f 2266/972/4621 2251/957/4621 2250/956/4620
f 2267/973/4622 2252/958/4622 2251/957/4622
f 2251/957/4622 2266/972/4622 2267/973/4622
f 2252/958/4623 2267/973/4624 2268/974/4625
f 2268/974/4625 2253/959/4626 2252/958/4623
f 2253/959/4627 2268/974/4628 2269/975/4628
f 2269/975/4628 2254/960/4628 2253/959/4627
f 2270/976/4629 2255/961/4630 2254/960/4631
f 2254/960/4631 2269/975/4629 2270/976/4629
f 2255/961/4632 2270/976/4633 2271/977/4634
f 2271/977/4634 2256/962/4635 2255/961/4632
f 2256/962/4636 2271/977/4636 2272/978/4636
f 2272/978/4636 2257/963/4637 2256/962/4636
f 2273/979/4638 2258/964/4638 2257/963/4638
f 2257/963/4638 2272/978/4639 2273/979/4638
f 2258/964/4640 2273/979/4641 2274/980/4641
f 2274/980/4641 2259/965/4641 2258/964/4640
f 2259/965/4642 2274/980/4643 2275/981/4643
f 2275/981/4643 2260/966/4643 2259/965/4642
f 2276/982/4644 2261/967/4644 2260/966/4644
f 2260/966/4644 2275/981/4644 2276/982/4644
f 2277/983/4645 2262/968/4645 2261/967/4645
f 2261/967/4645 2276/982/4645 2277/983/4645
f 2278/985/4646 2263/970/4646 2264/969/4646
f 2264/969/4646 2279/984/4646 2278/985/4646
f 2263/970/4647 2278/985/4647 2280/986/4648
f 2280/986/4648 2265/971/4649 2263/970/4647
f 2265/971/4650 2280/986/4650 2281/987/4650
f 2281/987/4650 2266/972/4650 2265/971/4650
f 2282/988/4651 2267/973/4651 2266/972/4652
f 2266/972/4652 2281/987/4651 2282/988/4651
f 2267/973/4653 2282/988/4653 2283/989/4654
f 2283/989/4654 2268/974/4655 2267/973/4653
f 2268/974/4656 2283/989/4657 2284/990/4657
f 2284/990/4657 2269/975/4657 2268/974/4656
f 2285/991/4658 2270/976/4658 2269/975/4659
f 2269/975/4659 2284/990/4660 2285/991/4658
f 2270/976/4661 2285/991/4662 2286/992/4663
f 2286/992/4663 2271/977/4663 2270/976/4661
f 2271/977/4664 2286/992/4665 2287/993/4666
f 2287/993/4666 2272/978/4667 2271/977/4664
f 2288/994/4668 2273/979/4668 2272/978/4669
f 2272/978/4669 2287/993/4669 2288/994/4668
f 2273/979/4670 2288/994/4671 2289/995/4672
f 2289/995/4672 2274/980/4673 2273/979/4670
f 2274/980/4674 2289/995/4674 2290/996/4675
f 2290/996/4675 2275/981/4676 2274/980/4674
f 2291/997/4677 2276/982/4678 2275/981/4678
f 2275/981/4678 2290/996/4677 2291/997/4677
f 2292/998/4679 2277/983/4680 2276/982/4681
f 2276/982/4681 2291/997/4681 2292/998/4679
f 2279/984/4682 2293/999/4683 2294/1000/4683
f 2294/1000/4683 2278/985/4682 2279/984/4682
f 2278/985/4684 2294/1000/4685 2295/1001/4686
f 2295/1001/4686 2280/986/4686 2278/985/4684
f 2280/986/4687 2295/1001/4687 2296/1002/4688
f 2296/1002/4688 2281/987/4689 2280/986/4687
f 2297/1003/4690 2282/988/4690 2281/987/4690
f 2281/987/4690 2296/1002/4690 2297/1003/4690
f 2282/988/4691 2297/1003/4692 2298/1004/4692
f 2298/1004/4692 2283/989/4693 2282/988/4691
f 2283/989/4694 2298/1004/4695 2299/1005/4696
f 2299/1005/4696 2284/990/4697 2283/989/4694
f 2300/1006/4698 2285/991/4698 2284/990/4698
f 2284/990/4698 2299/1005/4699 2300/1006/4698
f 2301/1007/4700 2286/992/4701 2285/991/4702
f 2285/991/4702 2300/1006/4702 2301/1007/4700
f 2286/992/4703 2301/1007/4704 2302/1008/4705
f 2302/1008/4705 2287/993/4706 2286/992/4703
f 2303/1009/4707 2288/994/4708 2287/993/4709
f 2287/993/4709 2302/1008/4710 2303/1009/4707
f 2288/994/4711 2303/1009/4712 2304/1010/4713
f 2304/1010/4713 2289/995/4714 2288/994/4711
f 2289/995/4715 2304/1010/4715 2305/1011/4715
f 2305/1011/4715 2290/996/4716 2289/995/4715
f 2306/1012/4717 2291/997/4718 2290/996/4719
f 2290/996/4719 2305/1011/4720 2306/1012/4717
f 2291/997/4721 2306/1012/4721 2307/1013/4722
f 2307/1013/4722 2292/998/4721 2291/997/4721
f 2308/1015/4723 2294/1000/4724 2293/999/4725
f 2293/999/4725 2309/1014/4726 2308/1015/4723
f 2310/1016/4727 2295/1001/4728 2294/1000/4729
f 2294/1000/4729 2308/1015/4730 2310/1016/4727
f 2295/1001/4731 2310/1016/4732 2311/1017/4733
f 2311/1017/4733 2296/1002/4734 2295/1001/4731
f 2312/1018/4735 2297/1003/4735 2296/1002/4736
f 2296/1002/4736 2311/1017/4737 2312/1018/4735
f 2297/1003/4738 2312/1018/4739 2313/1019/4740
f 2313/1019/4740 2298/1004/4740 2297/1003/4738
f 2298/1004/4741 2313/1019/4741 2314/1020/4741
f 2314/1020/4741 2299/1005/4742 2298/1004/4741
f 2315/1021/4743 2300/1006/4744 2299/1005/4745
f 2299/1005/4745 2314/1020/4746 2315/1021/4743
f 2316/1022/4747 2301/1007/4748 2300/1006/4748
f 2300/1006/4748 2315/1021/4748 2316/1022/4747
f 2317/1023/4749 2302/1008/4750 2301/1007/4750
f 2301/1007/4750 2316/1022/4751 2317/1023/4749
f 2318/1024/4752 2303/1009/4752 2302/1008/4752
f 2302/1008/4752 2317/1023/4752 2318/1024/4752
f 2304/1010/4753 2303/1009/4754 2318/1024/4755
f 2318/1024/4755 2319/1025/4756 2304/1010/4753
f 2320/1026/4757 2305/1011/4758 2304/1010/4758
f 2304/1010/4758 2319/1025/4758 2320/1026/4757
f 2321/1027/4759 2306/1012/4760 2305/1011/4760
f 2305/1011/4760 2320/1026/4760 2321/1027/4759
f 2322/1028/4761 2307/1013/4762 2306/1012/4762
f 2306/1012/4762 2321/1027/4763 2322/1028/4761
f 2323/1030/4764 2308/1015/4765 2309/1014/4764
f 2309/1014/4764 2324/1029/4764 2323/1030/4764
f 2308/1015/4766 2323/1030/4766 2325/1031/4766
f 2325/1031/4766 2310/1016/4766 2308/1015/4766
f 2326/1032/4767 2311/1017/4767 2310/1016/4767
f 2310/1016/4767 2325/1031/4767 2326/1032/4767
f 2327/1033/4768 2312/1018/4768 2311/1017/4768
f 2311/1017/4768 2326/1032/4768 2327/1033/4768
f 2312/1018/4769 2327/1033/4769 2328/1034/4770
f 2328/1034/4770 2313/1019/4771 2312/1018/4769
f 2329/1035/4772 2314/1020/4773 2313/1019/4773
f 2313/1019/4773 2328/1034/4773 2329/1035/4772
f 2330/1036/4774 2315/1021/4775 2314/1020/4776
f 2314/1020/4776 2329/1035/4777 2330/1036/4774
f 2315/1021/4778 2330/1036/4778 2331/1037/4779
f 2331/1037/4779 2316/1022/4779 2315/1021/4778
f 2317/1023/4780 2316/1022/4781 2331/1037/4782
f 2331/1037/4782 2332/1038/4780 2317/1023/4780
f 2318/1024/4783 2317/1023/4784 2332/1038/4785
f 2332/1038/4785 2333/1039/4783 2318/1024/4783
f 2319/1025/4786 2318/1024/4786 2333/1039/4786
f 2333/1039/4786 2334/1040/4786 2319/1025/4786
f 2335/1041/4787 2320/1026/4788 2319/1025/4788
f 2319/1025/4788 2334/1040/4788 2335/1041/4787
f 2336/1042/4789 2321/1027/4789 2320/1026/4789
f 2320/1026/4789 2335/1041/4789 2336/1042/4789
f 2321/1027/4790 2336/1042/4790 2337/1043/4790
f 2337/1043/4790 2322/1028/4790 2321/1027/4790
f 2323/1030/4791 2324/1029/4791 2338/1044/4791
f 2338/1044/4791 2339/1045/4792 2323/1030/4791
f 2323/1030/4793 2339/1045/4793 2340/1046/4793
f 2340/1046/4793 2325/1031/4793 2323/1030/4793
f 2326/1032/4794 2325/1031/4794 2340/1046/4794
f 2340/1046/4794 2341/1047/4794 2326/1032/4794
f 2327/1033/4795 2326/1032/4796 2341/1047/4796
f 2341/1047/4796 2342/1048/4795 2327/1033/4795
f 2327/1033/4797 2342/1048/4798 2343/1049/4797
f 2343/1049/4797 2328/1034/4799 2327/1033/4797
f 2329/1035/4800 2328/1034/4801 2343/1049/4801
f 2343/1049/4801 2344/1050/4801 2329/1035/4800
f 2330/1036/4802 2329/1035/4802 2344/1050/4803
f 2344/1050/4803 2345/1051/4804 2330/1036/4802
f 2330/1036/4805 2345/1051/4806 2346/1052/4807
f 2346/1052/4807 2331/1037/4808 2330/1036/4805
f 2332/1038/4809 2331/1037/4810 2346/1052/4811
f 2346/1052/4811 2347/1053/4812 2332/1038/4809
f 2333/1039/4813 2332/1038/4813 2347/1053/4814
f 2347/1053/4814 2348/1054/4813 2333/1039/4813
f 2333/1039/4815 2348/1054/4815 2349/1055/4816
f 2349/1055/4816 2334/1040/4815 2333/1039/4815
f 2335/1041/4817 2334/1040/4818 2349/1055/4818
f 2349/1055/4818 2350/1056/4817 2335/1041/4817
f 2336/1042/4819 2335/1041/4819 2350/1056/4819
f 2350/1056/4819 2351/1057/4820 2336/1042/4819
f 2336/1042/4821 2351/1057/4821 2352/1058/4821
f 2352/1058/4821 2337/1043/4821 2336/1042/4821
f 2339/1045/4822 2338/1044/4822 2353/1059/4823
f 2353/1059/4823 2354/1060/4822 2339/1045/4822
f 2339/1045/4824 2354/1060/4824 2355/1061/4824
f 2355/1061/4824 2340/1046/4825 2339/1045/4824
f 2341/1047/4826 2340/1046/4826 2355/1061/4826
f 2355/1061/4826 2356/1062/4826 2341/1047/4826
f 2342/1048/4827 2341/1047/4827 2356/1062/4827
f 2356/1062/4827 2357/1063/4827 2342/1048/4827
f 2342/1048/4828 2357/1063/4829 2358/1064/4828
f 2358/1064/4828 2343/1049/4828 2342/1048/4828
f 2344/1050/4830 2343/1049/4831 2358/1064/4832
f 2358/1064/4832 2359/1065/4831 2344/1050/4830
f 2345/1051/4833 2344/1050/4833 2359/1065/4834
f 2359/1065/4834 2360/1066/4833 2345/1051/4833
f 2345/1051/4835 2360/1066/4835 2361/1067/4835
f 2361/1067/4835 2346/1052/4835 2345/1051/4835
f 2347/1053/4836 2346/1052/4837 2361/1067/4838
f 2361/1067/4838 2362/1068/4839 2347/1053/4836
f 2348/1054/4840 2347/1053/4840 2362/1068/4840
f 2362/1068/4840 2363/1069/4840 2348/1054/4840
f 2348/1054/4841 2363/1069/4841 2364/1070/4841
f 2364/1070/4841 2349/1055/4841 2348/1054/4841
f 2350/1056/4842 2349/1055/4842 2364/1070/4842
f 2364/1070/4842 2365/1071/4842 2350/1056/4842
f 2351/1057/4843 2350/1056/4844 2365/1071/4843
f 2365/1071/4843 2366/1072/4843 2351/1057/4843
f 2351/1057/4845 2366/1072/4845 2367/1073/4846
f 2367/1073/4846 2352/1058/4847 2351/1057/4845
f 2354/1060/4848 2353/1059/4848 2368/1074/4848
f 2368/1074/4848 2369/1075/4848 2354/1060/4848
f 2354/1060/4849 2369/1075/4850 2370/1076/4849
f 2370/1076/4849 2355/1061/4849 2354/1060/4849
f 2356/1062/4851 2355/1061/4851 2370/1076/4851
f 2370/1076/4851 2371/1077/4851 2356/1062/4851
f 2357/1063/4852 2356/1062/4852 2371/1077/4852
f 2371/1077/4852 2372/1078/4852 2357/1063/4852
f 2357/1063/4853 2372/1078/4853 2373/1079/4853
f 2373/1079/4853 2358/1064/4853 2357/1063/4853
f 2359/1065/4854 2358/1064/4855 2373/1079/4856
f 2373/1079/4856 2374/1080/4857 2359/1065/4854
f 2360/1066/4858 2359/1065/4858 2374/1080/4859
f 2374/1080/4859 2375/1081/4858 2360/1066/4858
f 2360/1066/4860 2375/1081/4861 2376/1082/4862
f 2376/1082/4862 2361/1067/4863 2360/1066/4860
f 2362/1068/4864 2361/1067/4864 2376/1082/4864
f 2376/1082/4864 2377/1083/4865 2362/1068/4864
f 2363/1069/4866 2362/1068/4866 2377/1083/4867
f 2377/1083/4867 2378/1084/4868 2363/1069/4866
f 2363/1069/4869 2378/1084/4869 2379/1085/4869
f 2379/1085/4869 2364/1070/4869 2363/1069/4869
f 2365/1071/4870 2364/1070/4870 2379/1085/4870
f 2379/1085/4870 2380/1086/4870 2365/1071/4870
f 2366/1072/4871 2365/1071/4872 2380/1086/4871
f 2380/1086/4871 2381/1087/4873 2366/1072/4871
f 2366/1072/4874 2381/1087/4874 2382/1088/4874
f 2382/1088/4874 2367/1073/4874 2366/1072/4874
f 2369/1075/4875 2368/1074/4876 2383/1089/4875
f 2383/1089/4875 2384/1090/4875 2369/1075/4875
f 2369/1075/4877 2384/1090/4877 2385/1091/4877
f 2385/1091/4877 2370/1076/4877 2369/1075/4877
f 2371/1077/4878 2370/1076/4879 2385/1091/4880
f 2385/1091/4880 2386/1092/4878 2371/1077/4878
f 2372/1078/4881 2371/1077/4881 2386/1092/4881
f 2386/1092/4881 2387/1093/4881 2372/1078/4881
f 2372/1078/4882 2387/1093/4882 2388/1094/4882
f 2388/1094/4882 2373/1079/4882 2372/1078/4882
f 2374/1080/4883 2373/1079/4884 2388/1094/4884
f 2388/1094/4884 2389/1095/4885 2374/1080/4883
f 2375/1081/4886 2374/1080/4887 2389/1095/4888
f 2389/1095/4888 2390/1096/4889 2375/1081/4886
f 2375/1081/4890 2390/1096/4891 2391/1097/4891
f 2391/1097/4891 2376/1082/4891 2375/1081/4890
f 2377/1083/4892 2376/1082/4893 2391/1097/4894
f 2391/1097/4894 2392/1098/4895 2377/1083/4892
f 2378/1084/4896 2377/1083/4897 2392/1098/4897
f 2392/1098/4897 2393/1099/4896 2378/1084/4896
f 2378/1084/4898 2393/1099/4898 2394/1100/4899
f 2394/1100/4899 2379/1085/4898 2378/1084/4898
f 2380/1086/4900 2379/1085/4901 2394/1100/4900
f 2394/1100/4900 2395/1101/4900 2380/1086/4900
f 2381/1087/4902 2380/1086/4903 2395/1101/4902
f 2395/1101/4902 2396/1102/4904 2381/1087/4902
f 2381/1087/4905 2396/1102/4905 2397/1103/4906
f 2397/1103/4906 2382/1088/4907 2381/1087/4905
f 2384/1090/4908 2383/1089/4909 2398/1104/4909
f 2398/1104/4909 2399/1105/4909 2384/1090/4908
f 2384/1090/4910 2399/1105/4911 2400/1106/4911
f 2400/1106/4911 2385/1091/4912 2384/1090/4910
f 2386/1092/4913 2385/1091/4913 2400/1106/4913
f 2400/1106/4913 2401/1107/4913 2386/1092/4913
f 2387/1093/4914 2386/1092/4914 2401/1107/4914
f 2401/1107/4914 2402/1108/4914 2387/1093/4914
f 2387/1093/4915 2402/1108/4916 2403/1109/4916
f 2403/1109/4916 2388/1094/4916 2387/1093/4915
f 2389/1095/4917 2388/1094/4918 2403/1109/4919
f 2403/1109/4919 2404/1110/4919 2389/1095/4917
f 2390/1096/4920 2389/1095/4920 2404/1110/4921
f 2404/1110/4921 2405/1111/4922 2390/1096/4920
f 2390/1096/4923 2405/1111/4924 2406/1112/4925
f 2406/1112/4925 2391/1097/4926 2390/1096/4923
f 2392/1098/4927 2391/1097/4927 2406/1112/4928
f 2406/1112/4928 2407/1113/4927 2392/1098/4927
f 2393/1099/4929 2392/1098/4930 2407/1113/4931
f 2407/1113/4931 2408/1114/4929 2393/1099/4929
f 2393/1099/4932 2408/1114/4933 2409/1115/4933
f 2409/1115/4933 2394/1100/4932 2393/1099/4932
f 2395/1101/4934 2394/1100/4934 2409/1115/4934
f 2409/1115/4934 2410/1116/4934 2395/1101/4934
f 2396/1102/4935 2395/1101/4935 2410/1116/4935
f 2410/1116/4935 2411/1117/4935 2396/1102/4935
f 2412/1118/4936 2397/1103/4936 2396/1102/4936
f 2396/1102/4936 2411/1117/4936 2412/1118/4936
f 2157/1120/4937 2190/895/4937 2413/1119/4937
f 2413/1119/4937 2158/849/4937 2157/1120/4937
f 2414/1121/4938 2413/1119/4938 2190/895/4938
f 2190/895/4938 2189/896/4938 2414/1121/4938
f 2415/1122/4939 2414/1121/4939 2189/896/4939
f 2189/896/4939 2193/898/4939 2415/1122/4939
f 2415/1122/4940 2193/898/4941 2195/900/4942
f 2195/900/4942 2416/1123/4942 2415/1122/4940
f 2417/1124/4943 2416/1123/4944 2195/900/4945
f 2195/900/4945 2197/902/4946 2417/1124/4943
f 2418/1125/4947 2417/1124/4948 2197/902/4949
f 2197/902/4949 2199/904/4950 2418/1125/4947
f 2201/906/4951 2419/1126/4951 2418/1125/4952
f 2418/1125/4952 2199/904/4953 2201/906/4951
f 2419/1126/4954 2201/906/4955 2203/908/4956
f 2203/908/4956 2420/1127/4957 2419/1126/4954
f 2421/1128/4958 2420/1127/4959 2203/908/4960
f 2203/908/4960 2205/910/4961 2421/1128/4958
f 2207/913/4962 2422/1129/4963 2421/1128/4964
f 2421/1128/4964 2205/910/4964 2207/913/4962
f 2422/1129/4965 2207/913/4966 2209/915/4965
f 2209/915/4965 2423/1130/4965 2422/1129/4965
f 2211/917/4967 2424/1131/4968 2423/1130/4969
f 2423/1130/4969 2209/915/4970 2211/917/4967
f 2213/919/4971 2425/1132/4972 2424/1131/4973
f 2424/1131/4973 2211/917/4974 2213/919/4971
f 2425/1132/4975 2213/919/4976 2215/921/4977
f 2215/921/4977 2426/1133/4975 2425/1132/4975
f 2217/922/4978 2427/1134/4978 2426/1133/4978
f 2426/1133/4978 2215/921/4978 2217/922/4978
f 2427/1134/4979 2217/922/4979 1533/1135/4979
f 1533/1135/4979 1535/1136/4979 2427/1134/4979
f 1542/1137/4980 1533/1135/4980 2217/922/4980
f 2217/922/4980 2216/923/4980 1542/1137/4980
f 2232/938/4981 1543/1138/4982 1542/1137/4982
f 1542/1137/4982 2216/923/4983 2232/938/4981
f 2247/953/4984 1544/1139/4984 1543/1138/4984
f 1543/1138/4984 2232/938/4984 2247/953/4984
f 2262/968/4985 1545/1140/4986 1544/1139/4986
f 1544/1139/4986 2247/953/4986 2262/968/4985
f 1546/1141/4987 1545/1140/4987 2262/968/4987
f 2262/968/4987 2277/983/4987 1546/1141/4987
f 1547/1142/4988 1546/1141/4988 2277/983/4988
f 2277/983/4988 2292/998/4988 1547/1142/4988
f 1528/1143/4989 1547/1142/4990 2292/998/4991
f 2292/998/4991 2307/1013/4989 1528/1143/4989
f 2322/1028/4992 1527/1144/4992 1528/1143/4992
f 1528/1143/4992 2307/1013/4992 2322/1028/4992
f 2337/1043/4993 1526/1145/4993 1527/1144/4993
f 1527/1144/4993 2322/1028/4993 2337/1043/4993
f 1526/1145/4994 2337/1043/4995 2352/1058/4994
f 2352/1058/4994 1525/1146/4994 1526/1145/4994
f 1525/1146/4996 2352/1058/4997 2367/1073/4997
f 2367/1073/4997 1524/1147/4998 1525/1146/4996
f 1523/1148/4999 1524/1147/5000 2367/1073/5001
f 2367/1073/5001 2382/1088/5001 1523/1148/4999
f 1522/1149/5002 1523/1148/5002 2382/1088/5002
f 2382/1088/5002 2397/1103/5003 1522/1149/5002
f 2412/1118/5004 1521/1150/5005 1522/1149/5006
f 1522/1149/5006 2397/1103/5004 2412/1118/5004
f 1700/1152/5007 1519/1151/5007 1521/1150/5007
f 1521/1150/5007 2412/1118/5008 1700/1152/5007
f 2411/1117/5009 1719/1153/5009 1700/1152/5009
f 1700/1152/5009 2412/1118/5009 2411/1117/5009
f 2411/1117/5010 2410/1116/5010 1718/1154/5010
f 1718/1154/5010 1719/1153/5011 2411/1117/5010
f 2410/1116/5012 2409/1115/5013 1717/1155/5014
f 1717/1155/5014 1718/1154/5015 2410/1116/5012
f 2408/1114/5016 1716/1156/5016 1717/1155/5017
f 1717/1155/5017 2409/1115/5018 2408/1114/5016
f 2408/1114/5019 2407/1113/5020 1715/1157/5021
f 1715/1157/5021 1716/1156/5022 2408/1114/5019
f 2407/1113/5023 2406/1112/5023 1714/1158/5023
f 1714/1158/5023 1715/1157/5024 2407/1113/5023
f 2405/1111/5025 1713/1159/5025 1714/1158/5026
f 1714/1158/5026 2406/1112/5027 2405/1111/5025
f 2405/1111/5028 2404/1110/5028 1712/1160/5029
f 1712/1160/5029 1713/1159/5028 2405/1111/5028
f 2404/1110/5030 2403/1109/5030 1711/1161/5031
f 1711/1161/5031 1712/1160/5030 2404/1110/5030
f 1711/1161/5032 2403/1109/5033 2402/1108/5034
f 2402/1108/5034 1710/1162/5035 1711/1161/5032
f 2401/1107/5036 1709/1163/5036 1710/1162/5036
f 1710/1162/5036 2402/1108/5037 2401/1107/5036
f 2400/1106/5038 1708/1164/5038 1709/1163/5038
f 1709/1163/5038 2401/1107/5039 2400/1106/5038
f 1708/1164/5040 2400/1106/5040 2399/1105/5040
f 2399/1105/5040 1707/1165/5040 1708/1164/5040
f 2398/1104/5041 1705/1166/5041 1707/1165/5041
f 1707/1165/5041 2399/1105/5041 2398/1104/5041
f 2174/1167/5042 1706/1168/5043 1705/1166/5042
f 1705/1166/5042 2398/1104/5042 2174/1167/5042
f 2174/1167/5044 2398/1104/5044 2383/1089/5044
f 2383/1089/5044 2175/1169/5044 2174/1167/5044
f 2176/1170/5045 2175/1169/5045 2383/1089/5045
f 2383/1089/5045 2368/1074/5045 2176/1170/5045
f 2176/1170/5046 2368/1074/5047 2353/1059/5047
f 2353/1059/5047 2177/1171/5046 2176/1170/5046
f 2353/1059/5048 2338/1044/5048 2178/1172/5048
f 2178/1172/5048 2177/1171/5048 2353/1059/5048
f 2178/1172/5049 2338/1044/5049 2324/1029/5050
f 2324/1029/5050 2179/1173/5049 2178/1172/5049
f 2309/1014/5051 2180/1174/5052 2179/1173/5052
f 2179/1173/5052 2324/1029/5051 2309/1014/5051
f 2166/1175/5053 2180/1174/5054 2309/1014/5054
f 2309/1014/5054 2293/999/5053 2166/1175/5053
f 2165/1176/5055 2166/1175/5055 2293/999/5056
f 2293/999/5056 2279/984/5057 2165/1176/5055
f 2165/1176/5058 2279/984/5058 2264/969/5058
f 2264/969/5058 2164/1177/5058 2165/1176/5058
f 2264/969/5059 2249/954/5060 2163/1178/5059
f 2163/1178/5059 2164/1177/5059 2264/969/5059
f 2249/954/5061 2234/939/5061 2162/1179/5061
f 2162/1179/5061 2163/1178/5061 2249/954/5061
f 2219/924/5062 2161/1180/5062 2162/1179/5062
f 2162/1179/5062 2234/939/5062 2219/924/5062
f 2160/1181/5063 2161/1180/5063 2219/924/5063
f 2219/924/5063 2191/894/5063 2160/1181/5063
f 2190/895/5064 2157/1120/5065 2160/1181/5064
f 2160/1181/5064 2191/894/5064 2190/895/5064
f 2428/1185/5066 2429/1184/5067 2430/1183/5067
f 2430/1183/5067 2431/1182/5067 2428/1185/5066
f 2429/1184/5068 2428/1185/5069 2432/1186/5070
f 2432/1186/5070 2433/1187/5069 2429/1184/5068
f 2433/1187/5071 2432/1186/5071 2434/1189/5071
f 2434/1189/5071 2435/1188/5071 2433/1187/5071
f 2436/1191/5072 2437/1190/5073 2435/1188/5073
f 2435/1188/5073 2434/1189/5073 2436/1191/5072
f 2438/1193/5074 2439/1192/5075 2437/1190/5076
f 2437/1190/5076 2436/1191/5077 2438/1193/5074
f 2439/1192/5078 2438/1193/5079 2440/1195/5080
f 2440/1195/5080 2441/1194/5081 2439/1192/5078
f 2442/1197/5082 2443/1196/5083 2441/1194/5084
f 2441/1194/5084 2440/1195/5085 2442/1197/5082
f 2443/1196/5086 2442/1197/5087 2444/1199/5088
f 2444/1199/5088 2445/1198/5088 2443/1196/5086
f 2445/1198/5089 2444/1199/5090 2446/1201/5091
f 2446/1201/5091 2447/1200/5092 2445/1198/5089
f 2448/1203/5093 2449/1202/5093 2447/1200/5094
f 2447/1200/5094 2446/1201/5095 2448/1203/5093
f 2449/1202/5096 2448/1203/5097 2450/1204/5098
f 2450/1204/5098 2451/1205/5099 2449/1202/5096
f 2451/1205/5100 2450/1204/5100 2452/1207/5100
f 2452/1207/5100 2453/1206/5101 2451/1205/5100
f 2454/1209/5102 2455/1208/5102 2453/1206/5103
f 2453/1206/5103 2452/1207/5103 2454/1209/5102
f 2456/1211/5104 2457/1210/5104 2455/1208/5105
f 2455/1208/5105 2454/1209/5104 2456/1211/5104
f 2458/1213/5106 2428/1185/5106 2431/1182/5106
f 2431/1182/5106 2459/1212/5106 2458/1213/5106
f 2428/1185/5107 2458/1213/5107 2460/1214/5107
f 2460/1214/5107 2432/1186/5107 2428/1185/5107
f 2432/1186/5108 2460/1214/5108 2461/1215/5108
f 2461/1215/5108 2434/1189/5108 2432/1186/5108
f 2462/1216/5109 2436/1191/5110 2434/1189/5111
f 2434/1189/5111 2461/1215/5110 2462/1216/5109
f 2463/1217/5112 2438/1193/5113 2436/1191/5114
f 2436/1191/5114 2462/1216/5114 2463/1217/5112
f 2438/1193/5115 2463/1217/5116 2464/1218/5117
f 2464/1218/5117 2440/1195/5116 2438/1193/5115
f 2465/1219/5118 2442/1197/5119 2440/1195/5119
f 2440/1195/5119 2464/1218/5120 2465/1219/5118
f 2466/1220/5121 2444/1199/5122 2442/1197/5123
f 2442/1197/5123 2465/1219/5124 2466/1220/5121
f 2444/1199/5125 2466/1220/5126 2467/1221/5127
f 2467/1221/5127 2446/1201/5126 2444/1199/5125
f 2468/1222/5128 2448/1203/5129 2446/1201/5130
f 2446/1201/5130 2467/1221/5131 2468/1222/5128
f 2469/1223/5132 2450/1204/5133 2448/1203/5132
f 2448/1203/5132 2468/1222/5132 2469/1223/5132
f 2450/1204/5134 2469/1223/5135 2470/1224/5134
f 2470/1224/5134 2452/1207/5134 2450/1204/5134
f 2471/1225/5136 2454/1209/5136 2452/1207/5136
f 2452/1207/5136 2470/1224/5136 2471/1225/5136
f 2472/1226/5137 2456/1211/5137 2454/1209/5137
f 2454/1209/5137 2471/1225/5137 2472/1226/5137
f 2473/1228/5138 2458/1213/5139 2459/1212/5140
f 2459/1212/5140 2474/1227/5139 2473/1228/5138
f 2458/1213/5141 2473/1228/5142 2475/1229/5143
f 2475/1229/5143 2460/1214/5141 2458/1213/5141
f 2460/1214/5144 2475/1229/5145 2476/1230/5146
f 2476/1230/5146 2461/1215/5144 2460/1214/5144
f 2477/1231/5147 2462/1216/5148 2461/1215/5148
f 2461/1215/5148 2476/1230/5149 2477/1231/5147
f 2462/1216/5150 2477/1231/5151 2478/1232/5152
f 2478/1232/5152 2463/1217/5153 2462/1216/5150
f 2463/1217/5154 2478/1232/5155 2479/1233/5156
f 2479/1233/5156 2464/1218/5157 2463/1217/5154
f 2480/1234/5158 2465/1219/5159 2464/1218/5160
f 2464/1218/5160 2479/1233/5161 2480/1234/5158
f 2465/1219/5162 2480/1234/5163 2481/1235/5164
f 2481/1235/5164 2466/1220/5165 2465/1219/5162
f 2466/1220/5166 2481/1235/5167 2482/1236/5168
f 2482/1236/5168 2467/1221/5169 2466/1220/5166
f 2483/1237/5170 2468/1222/5171 2467/1221/5172
f 2467/1221/5172 2482/1236/5173 2483/1237/5170
f 2484/1238/5174 2469/1223/5175 2468/1222/5176
f 2468/1222/5176 2483/1237/5177 2484/1238/5174
f 2469/1223/5178 2484/1238/5179 2485/1239/5180
f 2485/1239/5180 2470/1224/5181 2469/1223/5178
f 2486/1240/5182 2471/1225/5183 2470/1224/5184
f 2470/1224/5184 2485/1239/5185 2486/1240/5182
f 2487/1241/5186 2472/1226/5187 2471/1225/5187
f 2471/1225/5187 2486/1240/5187 2487/1241/5186
f 2488/1243/5188 2473/1228/5189 2474/1227/5189
f 2474/1227/5189 2489/1242/5190 2488/1243/5188
f 2473/1228/5142 2488/1243/5191 2490/1244/5192
f 2490/1244/5192 2475/1229/5143 2473/1228/5142
f 2475/1229/5145 2490/1244/5193 2491/1245/5194
f 2491/1245/5194 2476/1230/5146 2475/1229/5145
f 2492/1246/5195 2477/1231/5147 2476/1230/5149
f 2476/1230/5149 2491/1245/5196 2492/1246/5195
f 2477/1231/5151 2492/1246/5197 2493/1247/5198
f 2493/1247/5198 2478/1232/5152 2477/1231/5151
f 2478/1232/5155 2493/1247/5199 2494/1248/5200
f 2494/1248/5200 2479/1233/5156 2478/1232/5155
f 2479/1233/5161 2494/1248/5201 2495/1249/5202
f 2495/1249/5202 2480/1234/5158 2479/1233/5161
f 2480/1234/5163 2495/1249/5203 2496/1250/5204
f 2496/1250/5204 2481/1235/5164 2480/1234/5163
f 2481/1235/5167 2496/1250/5205 2497/1251/5206
f 2497/1251/5206 2482/1236/5168 2481/1235/5167
f 2498/1252/5207 2483/1237/5170 2482/1236/5173
f 2482/1236/5173 2497/1251/5208 2498/1252/5207
f 2499/1253/5209 2484/1238/5174 2483/1237/5177
f 2483/1237/5177 2498/1252/5210 2499/1253/5209
f 2484/1238/5179 2499/1253/5211 2500/1254/5212
f 2500/1254/5212 2485/1239/5180 2484/1238/5179
f 2501/1255/5213 2486/1240/5182 2485/1239/5185
f 2485/1239/5185 2500/1254/5214 2501/1255/5213
f 2502/1256/5215 2487/1241/5216 2486/1240/5217
f 2486/1240/5217 2501/1255/5218 2502/1256/5215
f 2503/1258/5219 2488/1243/5188 2489/1242/5190
f 2489/1242/5190 2504/1257/5220 2503/1258/5219
f 2488/1243/5191 2503/1258/5221 2505/1259/5222
f 2505/1259/5222 2490/1244/5192 2488/1243/5191
f 2490/1244/5193 2505/1259/5223 2506/1260/5224
f 2506/1260/5224 2491/1245/5194 2490/1244/5193
f 2507/1261/5225 2492/1246/5195 2491/1245/5196
f 2491/1245/5196 2506/1260/5226 2507/1261/5225
f 2508/1262/5227 2493/1247/5198 2492/1246/5197
f 2492/1246/5197 2507/1261/5228 2508/1262/5227
f 2493/1247/5199 2508/1262/5229 2509/1263/5230
f 2509/1263/5230 2494/1248/5200 2493/1247/5199
f 2510/1264/5231 2495/1249/5202 2494/1248/5201
f 2494/1248/5201 2509/1263/5232 2510/1264/5231
f 2495/1249/5203 2510/1264/5233 2511/1265/5234
f 2511/1265/5234 2496/1250/5204 2495/1249/5203
f 2496/1250/5205 2511/1265/5235 2512/1266/5236
f 2512/1266/5236 2497/1251/5206 2496/1250/5205
f 2513/1267/5237 2498/1252/5207 2497/1251/5208
f 2497/1251/5208 2512/1266/5238 2513/1267/5237
f 2514/1268/5239 2499/1253/5209 2498/1252/5210
f 2498/1252/5210 2513/1267/5240 2514/1268/5239
f 2499/1253/5211 2514/1268/5241 2515/1269/5242
f 2515/1269/5242 2500/1254/5212 2499/1253/5211
f 2516/1270/5243 2501/1255/5213 2500/1254/5214
f 2500/1254/5214 2515/1269/5244 2516/1270/5243
f 2517/1271/5245 2502/1256/5215 2501/1255/5218
f 2501/1255/5218 2516/1270/5246 2517/1271/5245
f 2518/1272/5247 2503/1258/5219 2504/1257/5220
f 2504/1257/5220 2519/1273/5248 2518/1272/5247
f 2503/1258/5221 2518/1272/5249 2520/1274/5250
f 2520/1274/5250 2505/1259/5222 2503/1258/5221
f 2505/1259/5223 2520/1274/5251 2521/1275/5252
f 2521/1275/5252 2506/1260/5224 2505/1259/5223
f 2522/1276/5253 2507/1261/5225 2506/1260/5226
f 2506/1260/5226 2521/1275/5254 2522/1276/5253
f 2507/1261/5228 2522/1276/5255 2523/1277/5256
f 2523/1277/5256 2508/1262/5227 2507/1261/5228
f 2524/1278/5257 2509/1263/5230 2508/1262/5229
f 2508/1262/5229 2523/1277/5258 2524/1278/5257
f 2525/1279/5259 2510/1264/5231 2509/1263/5232
f 2509/1263/5232 2524/1278/5260 2525/1279/5259
f 2526/1280/5261 2511/1265/5234 2510/1264/5233
f 2510/1264/5233 2525/1279/5262 2526/1280/5261
f 2527/1281/5263 2512/1266/5236 2511/1265/5235
f 2511/1265/5235 2526/1280/5264 2527/1281/5263
f 2528/1282/5265 2513/1267/5237 2512/1266/5238
f 2512/1266/5238 2527/1281/5266 2528/1282/5265
f 2529/1283/5267 2514/1268/5239 2513/1267/5240
f 2513/1267/5240 2528/1282/5268 2529/1283/5267
f 2530/1284/5269 2515/1269/5242 2514/1268/5241
f 2514/1268/5241 2529/1283/5270 2530/1284/5269
f 2531/1285/5271 2516/1270/5243 2515/1269/5244
f 2515/1269/5244 2530/1284/5272 2531/1285/5271
f 2532/1286/5273 2517/1271/5245 2516/1270/5246
f 2516/1270/5246 2531/1285/5274 2532/1286/5273
f 2533/1287/5275 2518/1272/5247 2519/1273/5248
f 2519/1273/5248 2534/1288/5276 2533/1287/5275
f 2535/1289/5277 2520/1274/5250 2518/1272/5249
f 2518/1272/5249 2533/1287/5278 2535/1289/5277
f 2536/1290/5279 2521/1275/5252 2520/1274/5251
f 2520/1274/5251 2535/1289/5280 2536/1290/5279
f 2537/1291/5281 2522/1276/5253 2521/1275/5254
f 2521/1275/5254 2536/1290/5282 2537/1291/5281
f 2522/1276/5255 2537/1291/5283 2538/1292/5284
f 2538/1292/5284 2523/1277/5256 2522/1276/5255
f 2523/1277/5258 2538/1292/5285 2539/1293/5286
f 2539/1293/5286 2524/1278/5257 2523/1277/5258
f 2540/1294/5287 2525/1279/5259 2524/1278/5260
f 2524/1278/5260 2539/1293/5287 2540/1294/5287
f 2541/1295/5288 2526/1280/5261 2525/1279/5262
f 2525/1279/5262 2540/1294/5289 2541/1295/5288
f 2526/1280/5264 2541/1295/5290 2542/1296/5291
f 2542/1296/5291 2527/1281/5263 2526/1280/5264
f 2543/1297/5292 2528/1282/5265 2527/1281/5266
f 2527/1281/5266 2542/1296/5293 2543/1297/5292
f 2528/1282/5268 2543/1297/5294 2544/1298/5295
f 2544/1298/5295 2529/1283/5267 2528/1282/5268
f 2529/1283/5270 2544/1298/5296 2545/1299/5297
f 2545/1299/5297 2530/1284/5269 2529/1283/5270
f 2546/1300/5298 2531/1285/5271 2530/1284/5272
f 2530/1284/5272 2545/1299/5299 2546/1300/5298
f 2547/1301/5300 2532/1286/5273 2531/1285/5274
f 2531/1285/5274 2546/1300/5301 2547/1301/5300
f 2548/1302/5302 2533/1287/5275 2534/1288/5276
f 2534/1288/5276 2549/1303/5303 2548/1302/5302
f 2533/1287/5278 2548/1302/5304 2550/1304/5305
f 2550/1304/5305 2535/1289/5277 2533/1287/5278
f 2535/1289/5280 2550/1304/5306 2551/1305/5307
f 2551/1305/5307 2536/1290/5279 2535/1289/5280
f 2552/1306/5308 2537/1291/5281 2536/1290/5282
f 2536/1290/5282 2551/1305/5309 2552/1306/5308
f 2537/1291/5283 2552/1306/5310 2553/1307/5311
f 2553/1307/5311 2538/1292/5284 2537/1291/5283
f 2538/1292/5285 2553/1307/5312 2554/1308/5313
f 2554/1308/5313 2539/1293/5286 2538/1292/5285
f 2555/1309/5314 2540/1294/5287 2539/1293/5287
f 2539/1293/5287 2554/1308/5315 2555/1309/5314
f 2556/1310/5316 2541/1295/5288 2540/1294/5289
f 2540/1294/5289 2555/1309/5317 2556/1310/5316
f 2541/1295/5290 2556/1310/5318 2557/1311/5319
f 2557/1311/5319 2542/1296/5291 2541/1295/5290
f 2558/1312/5320 2543/1297/5292 2542/1296/5293
f 2542/1296/5293 2557/1311/5321 2558/1312/5320
f 2559/1313/5322 2544/1298/5295 2543/1297/5294
f 2543/1297/5294 2558/1312/5323 2559/1313/5322
f 2544/1298/5296 2559/1313/5324 2560/1314/5325
f 2560/1314/5325 2545/1299/5297 2544/1298/5296
f 2561/1315/5326 2546/1300/5298 2545/1299/5299
f 2545/1299/5299 2560/1314/5327 2561/1315/5326
f 2546/1300/5301 2561/1315/5328 2562/1316/5329
f 2562/1316/5329 2547/1301/5300 2546/1300/5301
f 2563/1317/5330 2548/1302/5302 2549/1303/5303
f 2549/1303/5303 2564/1318/5331 2563/1317/5330
f 2565/1319/5332 2550/1304/5305 2548/1302/5304
f 2548/1302/5304 2563/1317/5333 2565/1319/5332
f 2550/1304/5306 2565/1319/5334 2566/1320/5335
f 2566/1320/5335 2551/1305/5307 2550/1304/5306
f 2567/1321/5336 2552/1306/5308 2551/1305/5309
f 2551/1305/5309 2566/1320/5337 2567/1321/5336
f 2552/1306/5310 2567/1321/5338 2568/1322/5339
f 2568/1322/5339 2553/1307/5311 2552/1306/5310
f 2553/1307/5312 2568/1322/5340 2569/1323/5341
f 2569/1323/5341 2554/1308/5313 2553/1307/5312
f 2570/1324/5342 2555/1309/5314 2554/1308/5315
f 2554/1308/5315 2569/1323/5343 2570/1324/5342
f 2555/1309/5317 2570/1324/5344 2571/1325/5345
f 2571/1325/5345 2556/1310/5316 2555/1309/5317
f 2556/1310/5318 2571/1325/5346 2572/1326/5347
f 2572/1326/5347 2557/1311/5319 2556/1310/5318
f 2573/1327/5348 2558/1312/5320 2557/1311/5321
f 2557/1311/5321 2572/1326/5349 2573/1327/5348
f 2558/1312/5323 2573/1327/5350 2574/1328/5351
f 2574/1328/5351 2559/1313/5322 2558/1312/5323
f 2559/1313/5324 2574/1328/5352 2575/1329/5353
f 2575/1329/5353 2560/1314/5325 2559/1313/5324
f 2576/1330/5354 2561/1315/5326 2560/1314/5327
f 2560/1314/5327 2575/1329/5355 2576/1330/5354
f 2561/1315/5328 2576/1330/5356 2577/1331/5357
f 2577/1331/5357 2562/1316/5329 2561/1315/5328
f 2578/1332/5358 2563/1317/5330 2564/1318/5331
f 2564/1318/5331 2579/1333/5359 2578/1332/5358
f 2580/1334/5360 2565/1319/5332 2563/1317/5333
f 2563/1317/5333 2578/1332/5361 2580/1334/5360
f 2565/1319/5334 2580/1334/5362 2581/1335/5363
f 2581/1335/5363 2566/1320/5335 2565/1319/5334
f 2582/1336/5364 2567/1321/5336 2566/1320/5337
f 2566/1320/5337 2581/1335/5365 2582/1336/5364
f 2567/1321/5338 2582/1336/5366 2583/1337/5367
f 2583/1337/5367 2568/1322/5339 2567/1321/5338
f 2568/1322/5340 2583/1337/5368 2584/1338/5369
f 2584/1338/5369 2569/1323/5341 2568/1322/5340
f 2585/1339/5370 2570/1324/5342 2569/1323/5343
f 2569/1323/5343 2584/1338/5371 2585/1339/5370
f 2586/1340/5372 2571/1325/5345 2570/1324/5344
f 2570/1324/5344 2585/1339/5373 2586/1340/5372
f 2571/1325/5346 2586/1340/5374 2587/1341/5375
f 2587/1341/5375 2572/1326/5347 2571/1325/5346
f 2588/1342/5376 2573/1327/5348 2572/1326/5349
f 2572/1326/5349 2587/1341/5377 2588/1342/5376
f 2573/1327/5350 2588/1342/5378 2589/1343/5379
f 2589/1343/5379 2574/1328/5351 2573/1327/5350
f 2574/1328/5352 2589/1343/5380 2590/1344/5381
f 2590/1344/5381 2575/1329/5353 2574/1328/5352
f 2591/1345/5382 2576/1330/5354 2575/1329/5355
f 2575/1329/5355 2590/1344/5383 2591/1345/5382
f 2576/1330/5356 2591/1345/5384 2592/1346/5385
f 2592/1346/5385 2577/1331/5357 2576/1330/5356
f 2593/1347/5386 2578/1332/5358 2579/1333/5359
f 2579/1333/5359 2594/1348/5387 2593/1347/5386
f 2595/1349/5388 2580/1334/5360 2578/1332/5361
f 2578/1332/5361 2593/1347/5389 2595/1349/5388
f 2580/1334/5362 2595/1349/5390 2596/1350/5391
f 2596/1350/5391 2581/1335/5363 2580/1334/5362
f 2597/1351/5392 2582/1336/5364 2581/1335/5365
f 2581/1335/5365 2596/1350/5393 2597/1351/5392
f 2598/1352/5394 2583/1337/5367 2582/1336/5366
f 2582/1336/5366 2597/1351/5395 2598/1352/5394
f 2583/1337/5368 2598/1352/5396 2599/1353/5397
f 2599/1353/5397 2584/1338/5369 2583/1337/5368
f 2600/1354/5398 2585/1339/5370 2584/1338/5371
f 2584/1338/5371 2599/1353/5399 2600/1354/5398
f 2601/1355/5400 2586/1340/5372 2585/1339/5373
f 2585/1339/5373 2600/1354/5401 2601/1355/5400
f 2586/1340/5374 2601/1355/5402 2602/1356/5403
f 2602/1356/5403 2587/1341/5375 2586/1340/5374
f 2603/1357/5404 2588/1342/5376 2587/1341/5377
f 2587/1341/5377 2602/1356/5405 2603/1357/5404
f 2588/1342/5378 2603/1357/5406 2604/1358/5407
f 2604/1358/5407 2589/1343/5379 2588/1342/5378
f 2589/1343/5380 2604/1358/5408 2605/1359/5408
f 2605/1359/5408 2590/1344/5381 2589/1343/5380
f 2606/1360/5409 2591/1345/5382 2590/1344/5383
f 2590/1344/5383 2605/1359/5409 2606/1360/5409
f 2591/1345/5384 2606/1360/5410 2607/1361/5410
f 2607/1361/5410 2592/1346/5385 2591/1345/5384
f 2608/1362/5411 2593/1347/5411 2594/1348/5411
f 2594/1348/5411 2609/1363/5411 2608/1362/5411
f 2610/1364/5412 2595/1349/5388 2593/1347/5389
f 2593/1347/5389 2608/1362/5413 2610/1364/5412
f 2595/1349/5390 2610/1364/5414 2611/1365/5414
f 2611/1365/5414 2596/1350/5391 2595/1349/5390
f 2612/1366/5415 2597/1351/5392 2596/1350/5393
f 2596/1350/5393 2611/1365/5416 2612/1366/5415
f 2613/1367/5417 2598/1352/5394 2597/1351/5395
f 2597/1351/5395 2612/1366/5418 2613/1367/5417
f 2614/1368/5419 2599/1353/5397 2598/1352/5396
f 2598/1352/5396 2613/1367/5420 2614/1368/5419
f 2615/1369/5421 2600/1354/5398 2599/1353/5399
f 2599/1353/5399 2614/1368/5422 2615/1369/5421
f 2600/1354/5401 2615/1369/5423 2616/1370/5424
f 2616/1370/5424 2601/1355/5400 2600/1354/5401
f 2601/1355/5402 2616/1370/5425 2617/1371/5426
f 2617/1371/5426 2602/1356/5403 2601/1355/5402
f 2618/1372/5427 2603/1357/5404 2602/1356/5405
f 2602/1356/5405 2617/1371/5428 2618/1372/5427
f 2619/1373/5429 2604/1358/5407 2603/1357/5406
f 2603/1357/5406 2618/1372/5430 2619/1373/5429
f 2620/1374/5431 2605/1359/5432 2604/1358/5433
f 2604/1358/5433 2619/1373/5434 2620/1374/5431
f 2621/1375/5435 2606/1360/5436 2605/1359/5437
f 2605/1359/5437 2620/1374/5436 2621/1375/5435
f 2607/1361/5438 2606/1360/5439 2621/1375/5439
f 2621/1375/5439 2622/1376/5438 2607/1361/5438
f 2623/1377/5440 2608/1362/5440 2609/1363/5441
f 2609/1363/5441 2624/1378/5442 2623/1377/5440
f 2625/1379/5443 2610/1364/5443 2608/1362/5444
f 2608/1362/5444 2623/1377/5443 2625/1379/5443
f 2626/1380/5445 2611/1365/5445 2610/1364/5446
f 2610/1364/5446 2625/1379/5445 2626/1380/5445
f 2627/1381/5447 2612/1366/5448 2611/1365/5447
f 2611/1365/5447 2626/1380/5449 2627/1381/5447
f 2612/1366/5450 2627/1381/5451 2628/1382/5452
f 2628/1382/5452 2613/1367/5453 2612/1366/5450
f 2629/1383/5454 2614/1368/5454 2613/1367/5455
f 2613/1367/5455 2628/1382/5456 2629/1383/5454
f 2630/1384/5457 2615/1369/5458 2614/1368/5459
f 2614/1368/5459 2629/1383/5460 2630/1384/5457
f 2615/1369/5461 2630/1384/5462 2631/1385/5463
f 2631/1385/5463 2616/1370/5463 2615/1369/5461
f 2632/1386/5464 2617/1371/5465 2616/1370/5466
f 2616/1370/5466 2631/1385/5467 2632/1386/5464
f 2633/1387/5468 2618/1372/5469 2617/1371/5470
f 2617/1371/5470 2632/1386/5470 2633/1387/5468
f 2618/1372/5471 2633/1387/5471 2634/1388/5472
f 2634/1388/5472 2619/1373/5473 2618/1372/5471
f 2620/1374/5474 2619/1373/5474 2634/1388/5475
f 2634/1388/5475 2635/1389/5474 2620/1374/5474
f 2621/1375/5476 2620/1374/5477 2635/1389/5478
f 2635/1389/5478 2636/1390/5476 2621/1375/5476
f 2622/1376/5479 2621/1375/5479 2636/1390/5480
f 2636/1390/5480 2637/1391/5479 2622/1376/5479
f 2638/1392/5481 2623/1377/5481 2624/1378/5482
f 2624/1378/5482 2639/1393/5481 2638/1392/5481
f 2623/1377/5483 2638/1392/5484 2640/1394/5484
f 2640/1394/5484 2625/1379/5484 2623/1377/5483
f 2626/1380/5485 2625/1379/5485 2640/1394/5486
f 2640/1394/5486 2641/1395/5485 2626/1380/5485
f 2627/1381/5487 2626/1380/5488 2641/1395/5489
f 2641/1395/5489 2642/1396/5490 2627/1381/5487
f 2627/1381/5491 2642/1396/5492 2643/1397/5493
f 2643/1397/5493 2628/1382/5494 2627/1381/5491
f 2629/1383/5495 2628/1382/5496 2643/1397/5497
f 2643/1397/5497 2644/1398/5498 2629/1383/5495
f 2630/1384/5499 2629/1383/5500 2644/1398/5500
f 2644/1398/5500 2645/1399/5501 2630/1384/5499
f 2630/1384/5502 2645/1399/5503 2646/1400/5504
f 2646/1400/5504 2631/1385/5505 2630/1384/5502
f 2632/1386/5506 2631/1385/5507 2646/1400/5508
f 2646/1400/5508 2647/1401/5509 2632/1386/5506
f 2633/1387/5510 2632/1386/5511 2647/1401/5512
f 2647/1401/5512 2648/1402/5513 2633/1387/5510
f 2633/1387/5514 2648/1402/5515 2649/1403/5516
f 2649/1403/5516 2634/1388/5515 2633/1387/5514
f 2635/1389/5517 2634/1388/5518 2649/1403/5519
f 2649/1403/5519 2650/1404/5520 2635/1389/5517
f 2636/1390/5521 2635/1389/5521 2650/1404/5521
f 2650/1404/5521 2651/1405/5521 2636/1390/5521
f 2636/1390/5522 2651/1405/5522 2652/1406/5522
f 2652/1406/5522 2637/1391/5522 2636/1390/5522
f 2427/1134/5523 1535/1136/5524 1534/1407/5523
f 1534/1407/5523 2430/1183/5524 2427/1134/5523
f 2429/1184/5525 2426/1133/5525 2427/1134/5526
f 2427/1134/5526 2430/1183/5525 2429/1184/5525
f 2433/1187/5527 2425/1132/5528 2426/1133/5529
f 2426/1133/5529 2429/1184/5530 2433/1187/5527
f 2435/1188/5531 2424/1131/5532 2425/1132/5533
f 2425/1132/5533 2433/1187/5534 2435/1188/5531
f 2437/1190/5535 2423/1130/5536 2424/1131/5537
f 2424/1131/5537 2435/1188/5538 2437/1190/5535
f 2439/1192/5539 2422/1129/5540 2423/1130/5541
f 2423/1130/5541 2437/1190/5542 2439/1192/5539
f 2441/1194/5543 2421/1128/5544 2422/1129/5545
f 2422/1129/5545 2439/1192/5543 2441/1194/5543
f 2443/1196/5546 2420/1127/5547 2421/1128/5548
f 2421/1128/5548 2441/1194/5549 2443/1196/5546
f 2445/1198/5550 2419/1126/5551 2420/1127/5552
f 2420/1127/5552 2443/1196/5553 2445/1198/5550
f 2447/1200/5554 2418/1125/5554 2419/1126/5555
f 2419/1126/5555 2445/1198/5556 2447/1200/5554
f 2449/1202/5557 2417/1124/5558 2418/1125/5559
f 2418/1125/5559 2447/1200/5559 2449/1202/5557
f 2451/1205/5560 2416/1123/5561 2417/1124/5562
f 2417/1124/5562 2449/1202/5563 2451/1205/5560
f 2453/1206/5564 2415/1122/5565 2416/1123/5566
f 2416/1123/5566 2451/1205/5567 2453/1206/5564
f 2455/1208/5568 2414/1121/5569 2415/1122/5568
f 2415/1122/5568 2453/1206/5570 2455/1208/5568
f 2457/1210/5571 2413/1119/5571 2414/1121/5571
f 2414/1121/5571 2455/1208/5572 2457/1210/5571
f 2159/848/5573 2158/849/5574 2413/1119/5573
f 2413/1119/5573 2457/1210/5573 2159/848/5573
f 2159/848/5575 2457/1210/5575 2456/1211/5575
f 2456/1211/5575 2167/858/5575 2159/848/5575
f 2167/858/5576 2456/1211/5576 2472/1226/5576
f 2472/1226/5576 2168/859/5576 2167/858/5576
f 2472/1226/5577 2487/1241/5577 2169/860/5578
f 2169/860/5578 2168/859/5577 2472/1226/5577
f 2502/1256/5579 2170/861/5579 2169/860/5580
f 2169/860/5580 2487/1241/5579 2502/1256/5579
f 2502/1256/5581 2517/1271/5582 2171/862/5583
f 2171/862/5583 2170/861/5581 2502/1256/5581
f 2532/1286/5584 2172/863/5585 2171/862/5583
f 2171/862/5583 2517/1271/5582 2532/1286/5584
f 2532/1286/5584 2547/1301/5586 2173/864/5587
f 2173/864/5587 2172/863/5585 2532/1286/5584
f 2562/1316/5588 2187/887/5589 2173/864/5587
f 2173/864/5587 2547/1301/5586 2562/1316/5588
f 2562/1316/5588 2577/1331/5590 2186/886/5591
f 2186/886/5591 2187/887/5589 2562/1316/5588
f 2185/885/5592 2186/886/5591 2577/1331/5590
f 2577/1331/5590 2592/1346/5593 2185/885/5592
f 2184/884/5594 2185/885/5594 2592/1346/5594
f 2592/1346/5594 2607/1361/5594 2184/884/5594
f 2183/883/5595 2184/884/5596 2607/1361/5596
f 2607/1361/5596 2622/1376/5596 2183/883/5595
f 2637/1391/5597 2182/882/5598 2183/883/5598
f 2183/883/5598 2622/1376/5598 2637/1391/5597
f 2652/1406/5599 2181/880/5600 2182/882/5599
f 2182/882/5599 2637/1391/5599 2652/1406/5599
f 2652/1406/5601 1959/619/5601 1961/621/5601
f 1961/621/5601 2181/880/5601 2652/1406/5601
f 2652/1406/5602 2651/1405/5603 1958/618/5604
f 1958/618/5604 1959/619/5602 2652/1406/5602
f 1958/618/5605 2651/1405/5606 2650/1404/5606
f 2650/1404/5606 1957/617/5607 1958/618/5605
f 1957/617/5608 2650/1404/5609 2649/1403/5610
f 2649/1403/5610 1956/616/5611 1957/617/5608
f 2649/1403/5612 2648/1402/5613 1955/615/5614
f 1955/615/5614 1956/616/5615 2649/1403/5612
f 1955/615/5616 2648/1402/5617 2647/1401/5618
f 2647/1401/5618 1954/614/5619 1955/615/5616
f 1954/614/5620 2647/1401/5621 2646/1400/5622
f 2646/1400/5622 1953/613/5623 1954/614/5620
f 2646/1400/5624 2645/1399/5625 1952/612/5626
f 1952/612/5626 1953/613/5627 2646/1400/5624
f 1952/612/5628 2645/1399/5629 2644/1398/5630
f 2644/1398/5630 1951/611/5631 1952/612/5628
f 2644/1398/5632 2643/1397/5633 1950/610/5633
f 1950/610/5633 1951/611/5634 2644/1398/5632
f 2643/1397/5635 2642/1396/5636 1949/609/5637
f 1949/609/5637 1950/610/5638 2643/1397/5635
f 1949/609/5639 2642/1396/5639 2641/1395/5640
f 2641/1395/5640 1948/608/5640 1949/609/5639
f 2641/1395/5641 2640/1394/5642 1947/607/5643
f 1947/607/5643 1948/608/5644 2641/1395/5641
f 2640/1394/5645 2638/1392/5646 1946/606/5646
f 1946/606/5646 1947/607/5647 2640/1394/5645
f 1946/606/5648 2638/1392/5648 2639/1393/5648
f 2639/1393/5648 1945/604/5648 1946/606/5648
f 1492/1408/5649 1491/603/5649 1945/604/5649
f 1945/604/5649 2639/1393/5649 1492/1408/5649
f 1500/1409/5650 1492/1408/5650 2639/1393/5650
f 2639/1393/5650 2624/1378/5650 1500/1409/5650
f 1501/1410/5651 1500/1409/5651 2624/1378/5651
f 2624/1378/5651 2609/1363/5651 1501/1410/5651
f 1502/1411/5652 1501/1410/5652 2609/1363/5652
f 2609/1363/5652 2594/1348/5652 1502/1411/5652
f 2579/1333/5653 1503/1412/5654 1502/1411/5655
f 1502/1411/5655 2594/1348/5655 2579/1333/5653
f 1504/1413/5656 1503/1412/5654 2579/1333/5653
f 2579/1333/5653 2564/1318/5657 1504/1413/5656
f 1505/1414/5658 1504/1413/5656 2564/1318/5657
f 2564/1318/5657 2549/1303/5659 1505/1414/5658
f 1506/1415/5660 1505/1414/5658 2549/1303/5659
f 2549/1303/5659 2534/1288/5661 1506/1415/5660
f 2519/1273/5662 1541/1416/5663 1506/1415/5660
f 1506/1415/5660 2534/1288/5661 2519/1273/5662
f 2504/1257/5664 1540/1417/5665 1541/1416/5663
f 1541/1416/5663 2519/1273/5662 2504/1257/5664
f 1539/1418/5666 1540/1417/5665 2504/1257/5664
f 2504/1257/5664 2489/1242/5667 1539/1418/5666
f 1538/1419/5668 1539/1418/5666 2489/1242/5667
f 2489/1242/5667 2474/1227/5668 1538/1419/5668
f 1537/1420/5669 1538/1419/5669 2474/1227/5669
f 2474/1227/5669 2459/1212/5669 1537/1420/5669
f 1536/1421/5670 1537/1420/5671 2459/1212/5671
f 2459/1212/5671 2431/1182/5670 1536/1421/5670
f 2431/1182/5672 2430/1183/5673 1534/1407/5674
f 1534/1407/5674 1536/1421/5673 2431/1182/5672
f 1373/41/5675 54/41/5676 55/42/5677
f 55/42/5677 1374/42/5676 1373/41/5675
f 1373/41/5678 1379/47/5678 60/47/5679
f 60/47/5679 54/41/5678 1373/41/5678
f 61/48/5680 60/47/5681 1379/47/5682
f 1379/47/5682 1380/48/5681 61/48/5680
f 1385/53/5683 66/53/5684 61/48/5685
f 61/48/5685 1380/48/5685 1385/53/5683
f 71/58/5686 66/53/5687 1385/53/5688
f 1385/53/5688 1390/58/5687 71/58/5686
f 1395/63/5689 76/63/5690 71/58/5691
f 71/58/5691 1390/58/5692 1395/63/5689
f 1432/99/5693 112/99/5694 113/100/5695
f 113/100/5695 1433/100/5696 1432/99/5693
f 114/101/5697 1434/101/5698 1433/100/5698
f 1433/100/5698 113/100/5698 114/101/5697
f 114/101/5699 115/102/5700 1435/102/5701
f 1435/102/5701 1434/101/5702 114/101/5699
f 1435/102/5703 115/102/5704 116/103/5705
f 116/103/5705 1436/103/5705 1435/102/5703
f 117/104/5706 1437/104/5707 1436/103/5708
f 1436/103/5708 116/103/5707 117/104/5706
f 1512/160/5709 1374/42/5710 55/42/5709
f 55/42/5709 174/160/5711 1512/160/5709
f 1432/99/5712 1532/180/5713 194/180/5713
f 194/180/5713 112/99/5712 1432/99/5712
f 1554/204/5714 1555/205/5714 217/205/5714
f 217/205/5714 216/204/5714 1554/204/5714
f 1555/205/5715 1559/209/5716 221/209/5716
f 221/209/5716 217/205/5716 1555/205/5715
f 221/209/5717 1559/209/5717 1563/213/5717
f 1563/213/5717 225/213/5717 221/209/5717
f 1563/213/5718 1567/217/5718 229/217/5718
f 229/217/5718 225/213/5718 1563/213/5718
f 229/217/5719 1567/217/5719 1571/221/5719
f 1571/221/5719 233/221/5720 229/217/5719
f 237/225/5721 233/221/5721 1571/221/5721
f 1571/221/5721 1575/225/5721 237/225/5721
f 1579/229/5722 241/229/5723 237/225/5723
f 237/225/5723 1575/225/5723 1579/229/5722
f 1579/229/5724 1583/233/5725 245/233/5726
f 245/233/5726 241/229/5725 1579/229/5724
f 245/233/5727 1583/233/5728 1587/237/5729
f 1587/237/5729 249/237/5730 245/233/5727
f 253/241/5731 249/237/5732 1587/237/5733
f 1587/237/5733 1591/241/5734 253/241/5731
f 1595/245/5735 257/245/5735 253/241/5736
f 253/241/5736 1591/241/5735 1595/245/5735
f 1599/249/5737 261/249/5737 257/245/5737
f 257/245/5737 1595/245/5737 1599/249/5737
f 265/253/5738 261/249/5738 1599/249/5738
f 1610/263/5739 1554/204/5740 216/204/5740
f 216/204/5740 275/263/5741 1610/263/5739
f 1634/291/5742 1633/292/5742 299/292/5742
f 299/292/5742 298/291/5743 1634/291/5742
f 1639/297/5744 304/297/5744 299/292/5744
f 299/292/5744 1633/292/5744 1639/297/5744
f 309/302/5745 304/297/5745 1639/297/5745
f 1639/297/5745 1644/302/5745 309/302/5745
f 1644/302/5746 1649/307/5746 314/307/5746
f 314/307/5746 309/302/5746 1644/302/5746
f 1654/312/5747 319/312/5747 314/307/5747
f 314/307/5747 1649/307/5747 1654/312/5747
f 1654/312/5748 1659/317/5748 324/317/5748
f 324/317/5748 319/312/5748 1654/312/5748
f 329/322/5749 324/317/5749 1659/317/5749
f 1659/317/5749 1664/322/5749 329/322/5749
f 1664/322/5750 1669/327/5750 334/327/5750
f 334/327/5750 329/322/5750 1664/322/5750
f 339/332/5751 334/327/5751 1669/327/5751
f 1669/327/5751 1674/332/5751 339/332/5751
f 1679/337/5752 344/337/5753 339/332/5754
f 339/332/5754 1674/332/5752 1679/337/5752
f 344/337/5755 1679/337/5755 1684/342/5755
f 1684/342/5755 349/342/5755 344/337/5755
f 354/347/5756 349/342/5757 1684/342/5758
f 1684/342/5758 1689/347/5757 354/347/5756
f 354/347/5759 1689/347/5759 1694/352/5759
f 1694/352/5759 359/352/5759 354/347/5759
f 1699/357/5760 364/357/5761 359/352/5762
f 359/352/5762 1694/352/5763 1699/357/5760
f 1698/356/5764 363/356/5764 364/357/5764
f 364/357/5764 1699/357/5765 1698/356/5764
f 1532/180/5766 1634/291/5767 298/291/5768
f 298/291/5768 194/180/5769 1532/180/5766
f 366/359/5770 363/356/5770 1698/356/5770
f 1698/356/5770 1702/359/5770 366/359/5770
f 2015/706/5771 2023/714/5771 688/714/5772
f 688/714/5772 680/706/5771 2015/706/5771
f 2022/713/5773 687/713/5773 688/714/5773
f 688/714/5773 2023/714/5774 2022/713/5773
f 2022/713/5775 2030/721/5776 695/721/5777
f 695/721/5777 687/713/5778 2022/713/5775
f 2038/728/5779 2037/729/5780 703/729/5781
f 703/729/5781 702/728/5780 2038/728/5779
f 707/733/5782 703/729/5783 2037/729/5784
f 2037/729/5784 2042/733/5785 707/733/5782
f 2048/739/5786 713/739/5787 707/733/5788
f 707/733/5788 2042/733/5789 2048/739/5786
f 2048/739/5790 2047/738/5791 712/738/5790
f 712/738/5790 713/739/5790 2048/739/5790
f 718/744/5792 712/738/5793 2047/738/5794
f 2047/738/5794 2053/744/5793 718/744/5792
f 723/749/5795 718/744/5796 2053/744/5795
f 2053/744/5795 2058/749/5797 723/749/5795
f 728/754/5798 723/749/5799 2058/749/5800
f 2058/749/5800 2063/754/5799 728/754/5798
f 2088/780/5801 754/780/5802 753/779/5803
f 753/779/5803 2089/779/5802 2088/780/5801
f 2090/781/5804 2089/779/5805 753/779/5806
f 753/779/5806 755/781/5807 2090/781/5804
f 2090/781/5808 755/781/5808 756/782/5808
f 756/782/5808 2091/782/5808 2090/781/5808
f 2091/782/5809 756/782/5810 757/783/5809
f 757/783/5809 2092/783/5811 2091/782/5809
f 757/783/5812 762/788/5813 2096/788/5812
f 2096/788/5812 2092/783/5814 757/783/5812
f 2096/788/5815 762/788/5816 761/787/5817
f 761/787/5817 2097/787/5818 2096/788/5815
f 2097/787/5819 761/787/5820 763/789/5821
f 763/789/5821 2098/789/5822 2097/787/5819
f 764/790/5823 2099/790/5823 2098/789/5823
f 2098/789/5823 763/789/5823 764/790/5823
f 2099/790/5824 764/790/5824 821/847/5824
f 821/847/5824 2156/847/5824 2099/790/5824
f 2154/845/5825 2153/844/5825 818/844/5825
f 818/844/5825 819/845/5826 2154/845/5825
f 820/846/5827 2155/846/5827 2154/845/5827
f 2154/845/5827 819/845/5827 820/846/5827
f 728/754/5828 2063/754/5828 2015/706/5828
f 2015/706/5828 680/706/5829 728/754/5828
f 2153/844/5830 2156/847/5830 821/847/5830
f 821/847/5830 818/844/5831 2153/844/5830
f 2155/846/5832 820/846/5832 695/721/5832
f 695/721/5832 2030/721/5832 2155/846/5832
f 1702/359/5833 2038/728/5833 702/728/5833
f 702/728/5833 366/359/5833 1702/359/5833
f 754/780/5834 2088/780/5835 1610/263/5835
f 1610/263/5835 275/263/5835 754/780/5834
f 2653/1/1 2654/1/1 2655/1/1
f 2653/1/1 2655/1/1 2656/1/1
f 2653/1/1 2656/1/1 2657/1/1
f 2658/1/2 2659/1/2 2660/1/2
f 2658/1/2 2660/1/2 2661/1/2
f 2658/1/2 2661/1/2 2662/1/2
f 2662/1/3 2661/1/3 2655/1/3
f 2655/1/3 2654/1/3 2662/1/3
f 2660/1/5836 2659/1/5836 2657/1/5836
f 2657/1/5836 2656/1/5836 2660/1/5836
f 2662/1/5 2654/1/5 2653/1/5
f 2653/1/5 2658/1/5837 2662/1/5
f 2656/1/5838 2655/1/5838 2661/1/5838
f 2661/1/5838 2660/1/5838 2656/1/5838
f 2657/1/7 2659/1/7 2658/1/7
f 2658/1/7 2653/1/7 2657/1/7
l 11 12
l 11 13
