# Blender 4.3.2
# www.blender.org
mtllib pataizqdel.mtl
o C_rculo
v -0.401761 1.004514 -0.409940
v -0.329861 1.035314 -0.402240
v -0.260761 1.064814 -0.379440
v -0.197061 1.092114 -0.342440
v -0.141161 1.116014 -0.292540
v -0.095361 1.135614 -0.231840
v -0.061261 1.150214 -0.162540
v -0.040361 1.159114 -0.087340
v -0.033261 1.162214 -0.009140
v -0.040361 1.159114 0.069060
v -0.061261 1.150214 0.144260
v -0.095361 1.135614 0.213560
v -0.141161 1.116014 0.274360
v -0.197061 1.092114 0.324160
v -0.260761 1.064814 0.361260
v -0.329861 1.035314 0.384060
v -0.401761 1.004514 0.391760
v -0.473661 0.973714 0.384060
v -0.542861 0.944214 0.361260
v -0.606561 0.916914 0.324160
v -0.662361 0.893014 0.274360
v -0.708261 0.873414 0.213560
v -0.742261 0.858814 0.144260
v -0.763261 0.849914 0.069060
v -0.770361 0.846814 -0.009140
v -0.763261 0.849914 -0.087340
v -0.742261 0.858814 -0.162540
v -0.708261 0.873414 -0.231840
v -0.662361 0.893014 -0.292540
v -0.473661 0.973714 -0.402240
v -0.606561 0.916914 -0.342440
v -0.542861 0.944214 -0.379440
v -0.711561 0.729014 0.069060
v -0.664961 0.709814 0.062060
v -0.671361 0.707014 -0.009140
v -0.718561 0.725914 -0.009140
v -0.491061 0.823314 0.361260
v -0.554861 0.796014 0.324160
v -0.350061 0.883614 -0.409940
v -0.421961 0.852914 -0.402240
v -0.089461 0.995114 -0.292540
v -0.043661 1.014714 -0.231840
v -0.421961 0.852914 0.384060
v -0.491061 0.823314 -0.379440
v -0.145261 0.971214 -0.342440
v -0.350061 0.883614 0.391760
v -0.554861 0.796014 -0.342440
v -0.209061 0.944014 -0.379440
v -0.278161 0.914414 0.384060
v -0.610661 0.772114 -0.292540
v -0.278161 0.914414 -0.402240
v -0.209061 0.944014 0.361260
v -0.656461 0.752514 -0.231840
v -0.145261 0.971214 0.324160
v -0.690561 0.737914 -0.162540
v -0.089461 0.995114 0.274360
v -0.711561 0.729014 -0.087340
v -0.043661 1.014714 0.213560
v -0.009561 1.029314 0.144260
v 0.011439 1.038314 0.069060
v -0.690561 0.737914 0.144260
v 0.018439 1.041314 -0.009140
v -0.656461 0.752514 0.213560
v 0.011439 1.038314 -0.087340
v -0.610661 0.772114 0.274360
v -0.009561 1.029314 -0.162540
v -0.573161 0.749114 0.248960
v -0.584761 0.723014 0.269860
v -0.629861 0.703714 0.210060
v -0.614861 0.731214 0.193660
v -0.006861 0.991314 0.062060
v -0.025961 0.983214 0.130560
v -0.645861 0.717914 0.130560
v -0.000461 0.994114 -0.009140
v -0.006861 0.991314 -0.080340
v -0.025961 0.983214 -0.148740
v -0.522261 0.770814 0.294260
v -0.056961 0.969914 -0.211840
v -0.464261 0.795614 0.328060
v -0.401361 0.822514 -0.367040
v -0.335961 0.850514 -0.374040
v -0.098661 0.952014 -0.267140
v -0.401361 0.822514 0.348760
v -0.464261 0.795614 -0.346240
v -0.149561 0.930314 -0.312540
v -0.335961 0.850514 0.355760
v -0.522261 0.770814 -0.312540
v -0.207561 0.905514 -0.346240
v -0.270461 0.878614 0.348760
v -0.573161 0.749114 -0.267140
v -0.270461 0.878614 -0.367040
v -0.207561 0.905514 0.328060
v -0.614861 0.731214 -0.211840
v -0.149561 0.930314 0.294260
v -0.645861 0.717914 -0.148740
v -0.098661 0.952014 0.248960
v -0.664961 0.709814 -0.080340
v -0.056961 0.969914 0.193660
v -0.467061 0.773414 0.355360
v -0.399061 0.802514 0.377760
v -0.339461 0.663114 0.377760
v -0.407461 0.634014 0.355360
v 0.006739 0.976114 -0.160040
v 0.027439 0.984914 -0.086040
v -0.529761 0.746514 0.318860
v -0.026761 0.961714 -0.228240
v -0.399061 0.802514 -0.395940
v -0.328261 0.832714 -0.403540
v -0.071861 0.942414 -0.288040
v -0.467061 0.773414 -0.373540
v -0.126761 0.918914 -0.337040
v -0.328261 0.832714 0.385360
v -0.529761 0.746514 -0.337040
v -0.189461 0.892114 -0.373540
v -0.257561 0.863014 0.377760
v -0.584761 0.723014 -0.288040
v -0.257561 0.863014 -0.395940
v -0.189461 0.892114 0.355360
v -0.629861 0.703714 -0.228240
v -0.126761 0.918914 0.318860
v -0.663361 0.689414 -0.160040
v -0.071861 0.942414 0.269860
v -0.683961 0.680614 -0.086040
v -0.026761 0.961714 0.210060
v -0.690961 0.677614 -0.009140
v 0.006739 0.976114 0.141860
v -0.683961 0.680614 0.067860
v 0.027439 0.984914 0.067860
v -0.663361 0.689414 0.141860
v 0.034339 0.987914 -0.009140
v -0.129861 0.752714 0.355360
v -0.128361 0.708014 0.316360
v -0.189061 0.682014 0.336360
v -0.197861 0.723614 0.377760
v -0.407461 0.634014 -0.373540
v -0.339461 0.663114 -0.395940
v -0.067161 0.779614 -0.337040
v -0.012261 0.803114 -0.288040
v -0.268661 0.693414 0.385360
v -0.470161 0.607214 -0.337040
v -0.129861 0.752714 -0.373540
v -0.525061 0.583614 -0.288040
v -0.197861 0.723614 -0.395940
v -0.570161 0.564314 -0.228240
v -0.268661 0.693414 -0.403540
v -0.067161 0.779614 0.318860
v -0.603761 0.550014 -0.160040
v -0.012261 0.803114 0.269860
v -0.624361 0.541214 -0.086040
v 0.032839 0.822414 0.210060
v -0.631361 0.538214 -0.009140
v 0.066439 0.836714 0.141860
v -0.624361 0.541214 0.067860
v 0.087039 0.845514 0.067860
v -0.603761 0.550014 0.141860
v 0.094039 0.848514 -0.009140
v -0.570161 0.564314 0.210060
v 0.087039 0.845514 -0.086040
v -0.525061 0.583614 0.269860
v 0.066439 0.836714 -0.160040
v -0.470161 0.607214 0.318860
v 0.032839 0.822414 -0.228240
v 0.017039 0.770214 0.186560
v 0.067839 0.738514 0.209460
v 0.022839 0.719314 0.269060
v -0.023261 0.753014 0.239960
v -0.521561 0.539814 -0.204840
v -0.481261 0.557014 -0.258240
v -0.189061 0.682014 -0.354640
v -0.252261 0.655014 -0.361340
v -0.072361 0.732014 0.283760
v -0.551461 0.527014 -0.143940
v -0.569861 0.519114 -0.077840
v -0.576161 0.516514 -0.009140
v 0.046939 0.783014 0.125660
v -0.569861 0.519114 0.059660
v 0.065339 0.790914 0.059660
v -0.551461 0.527014 0.125660
v 0.071639 0.793614 -0.009140
v -0.521561 0.539814 0.186560
v 0.065339 0.790914 -0.077840
v -0.481261 0.557014 0.239960
v 0.046939 0.783014 -0.143940
v -0.432161 0.578014 0.283760
v 0.017039 0.770214 -0.204840
v -0.376161 0.602014 0.316360
v -0.315461 0.628014 -0.354640
v -0.023261 0.753014 -0.258240
v -0.315461 0.628014 0.336360
v -0.376161 0.602014 -0.334540
v -0.072361 0.732014 -0.302040
v -0.252261 0.655014 0.343160
v -0.432161 0.578014 -0.302040
v -0.128361 0.708014 -0.334540
v 0.187739 0.626914 -0.009140
v 0.180739 0.623914 0.067660
v 0.121839 0.761614 0.067660
v 0.128739 0.764614 -0.009140
v -0.587661 0.458114 -0.085840
v -0.594661 0.455114 -0.009140
v 0.101239 0.752814 0.141460
v -0.587661 0.458114 0.067660
v -0.567161 0.466914 0.141460
v -0.533661 0.481214 0.209460
v 0.121839 0.761614 -0.085840
v -0.488661 0.500414 0.269060
v 0.101239 0.752814 -0.159640
v -0.433861 0.523914 0.318060
v 0.067839 0.738514 -0.227640
v -0.371361 0.550614 0.354360
v -0.303461 0.579714 -0.394940
v -0.232961 0.609814 -0.402540
v 0.022839 0.719314 -0.287340
v -0.303461 0.579714 0.376760
v -0.371361 0.550614 -0.372540
v -0.031961 0.695814 -0.336240
v -0.232961 0.609814 0.384360
v -0.433861 0.523914 -0.336240
v -0.094461 0.669114 -0.372540
v -0.162361 0.640014 0.376760
v -0.488661 0.500414 -0.287340
v -0.162361 0.640014 -0.394940
v -0.094461 0.669114 0.354360
v -0.533661 0.481214 -0.227640
v -0.031961 0.695814 0.318060
v -0.567161 0.466914 -0.159640
v 0.126739 0.600814 -0.227640
v 0.110739 0.520914 -0.197040
v 0.140039 0.531614 -0.138540
v 0.160139 0.615114 -0.159640
v -0.474761 0.343515 0.209460
v -0.508161 0.329215 0.141460
v 0.180739 0.623914 -0.085840
v -0.429761 0.362715 0.269060
v -0.374961 0.386215 0.318060
v -0.312461 0.412915 0.354360
v -0.244561 0.441914 -0.394940
v -0.174061 0.472114 -0.402540
v 0.081739 0.581614 -0.287340
v -0.244561 0.441914 0.376760
v -0.312461 0.412914 -0.372540
v 0.026939 0.558114 -0.336240
v -0.174061 0.472114 0.384360
v -0.374961 0.386215 -0.336240
v -0.035561 0.531414 -0.372540
v -0.103461 0.502314 0.376760
v -0.429761 0.362715 -0.287340
v -0.103461 0.502314 -0.394940
v -0.035561 0.531414 0.354360
v -0.474761 0.343515 -0.227640
v 0.026939 0.558114 0.318060
v -0.508161 0.329215 -0.159640
v 0.081739 0.581614 0.269060
v -0.528761 0.320415 -0.085840
v 0.126739 0.600814 0.209460
v -0.535761 0.317415 -0.009140
v 0.160139 0.615114 0.141460
v -0.528761 0.320415 0.067660
v 0.219439 0.516814 0.066860
v 0.198639 0.509114 0.139960
v 0.140039 0.531614 0.120360
v 0.158139 0.538214 0.056860
v -0.274961 0.379415 0.303460
v -0.329961 0.359315 0.272260
v -0.215361 0.401314 -0.340940
v -0.153461 0.424014 -0.347440
v 0.071239 0.506414 -0.248340
v -0.215361 0.401315 0.322760
v -0.274961 0.379415 -0.321740
v 0.023039 0.488714 -0.290440
v -0.153461 0.424014 0.329260
v -0.329961 0.359315 -0.290440
v -0.031861 0.468614 -0.321740
v -0.091461 0.446714 0.322760
v -0.378061 0.341715 -0.248340
v -0.091461 0.446714 -0.340940
v -0.031861 0.468614 0.303460
v -0.417561 0.327215 -0.197040
v 0.023039 0.488714 0.272260
v -0.446961 0.316415 -0.138540
v 0.071239 0.506414 0.230160
v -0.464961 0.309815 -0.075140
v 0.110739 0.520914 0.178860
v -0.471061 0.307615 -0.009140
v -0.464961 0.309815 0.056860
v -0.446961 0.316415 0.120360
v 0.164239 0.540514 -0.009140
v -0.417561 0.327215 0.178860
v 0.158139 0.538214 -0.075140
v -0.378061 0.341715 0.230160
v 0.198639 0.509114 -0.158140
v 0.246939 0.377215 -0.158140
v 0.267739 0.384915 -0.085040
v 0.219439 0.516814 -0.085040
v -0.477061 0.261415 0.139960
v -0.497861 0.253815 0.066860
v 0.226439 0.519414 -0.009140
v -0.443261 0.273815 0.207260
v -0.397761 0.290515 0.266260
v -0.342361 0.310815 0.314760
v 0.164839 0.496814 -0.225440
v -0.279161 0.334015 0.350760
v -0.210561 0.359115 -0.391140
v -0.139261 0.385315 -0.398540
v 0.119339 0.480114 -0.284540
v -0.210561 0.359115 0.372860
v -0.279161 0.334015 -0.368940
v 0.063939 0.459814 -0.332940
v -0.139261 0.385315 0.380360
v -0.342361 0.310815 -0.332940
v 0.000739 0.436614 -0.368940
v -0.067861 0.411415 0.372860
v -0.397761 0.290515 -0.284540
v -0.067861 0.411414 -0.391140
v 0.000739 0.436614 0.350760
v -0.443261 0.273815 -0.225440
v 0.063939 0.459814 0.314760
v -0.477061 0.261415 -0.158140
v 0.119339 0.480114 0.266260
v -0.497861 0.253815 -0.085040
v 0.164839 0.496814 0.207260
v -0.504961 0.251215 -0.009140
v 0.155339 0.265715 -0.244940
v 0.167739 0.348215 -0.284540
v 0.112339 0.327815 -0.332940
v 0.106939 0.251115 -0.286340
v -0.294061 0.178915 0.314761
v -0.349461 0.158615 0.266260
v 0.213139 0.364815 -0.225440
v -0.230761 0.202115 0.350760
v -0.162161 0.227215 -0.391140
v -0.090861 0.253415 -0.398540
v -0.162161 0.227215 0.372860
v -0.230761 0.202115 -0.368940
v -0.090861 0.253415 0.380360
v -0.294061 0.178915 -0.332940
v 0.049039 0.304715 -0.368940
v -0.019561 0.279515 0.372860
v -0.349461 0.158615 -0.284540
v -0.019561 0.279515 -0.391140
v 0.049039 0.304715 0.350760
v -0.394961 0.141915 -0.225440
v 0.112339 0.327815 0.314760
v -0.428761 0.129515 -0.158140
v 0.167739 0.348215 0.266260
v -0.449561 0.121915 -0.085040
v 0.213139 0.364815 0.207260
v -0.456561 0.119315 -0.009140
v 0.246939 0.377215 0.139960
v -0.449561 0.121915 0.066860
v 0.267739 0.384915 0.066860
v -0.428761 0.129515 0.139960
v 0.274840 0.387414 -0.009140
v -0.394961 0.141915 0.207260
v -0.059061 0.159815 -0.386240
v 0.011439 0.181115 -0.379040
v -0.008161 0.216415 -0.336140
v -0.070461 0.197615 -0.342540
v -0.070461 0.197615 0.324360
v -0.132761 0.178915 0.317960
v -0.247861 0.144215 -0.286340
v -0.192661 0.160815 -0.317140
v 0.051739 0.234515 -0.317140
v -0.008161 0.216415 0.317960
v -0.296161 0.129615 -0.244940
v 0.051739 0.234515 0.298960
v -0.335861 0.117615 -0.194340
v 0.106939 0.251115 0.268160
v -0.365361 0.108715 -0.136740
v 0.155339 0.265715 0.226660
v -0.383561 0.103315 -0.074140
v 0.195039 0.277615 0.176160
v -0.389761 0.101415 -0.009140
v 0.224539 0.286515 0.118460
v -0.383561 0.103315 0.055960
v 0.242739 0.292015 0.055960
v -0.365361 0.108715 0.118460
v 0.248839 0.293915 -0.009140
v -0.335861 0.117615 0.176160
v 0.242739 0.292015 -0.074140
v -0.296161 0.129615 0.226660
v 0.224539 0.286515 -0.136740
v -0.247861 0.144215 0.268160
v 0.195039 0.277615 -0.194340
v -0.192661 0.160815 0.298961
v -0.132761 0.178915 -0.336140
v 0.274539 0.260415 0.135260
v 0.311839 0.136715 0.135260
v 0.278439 0.126615 0.200460
v 0.241239 0.250315 0.200460
v 0.141539 0.220315 0.304460
v 0.079139 0.201515 0.339360
v -0.359261 0.069315 -0.218640
v -0.392661 0.059315 -0.153440
v 0.196339 0.236815 0.257560
v -0.413161 0.053115 -0.082640
v -0.420161 0.051015 -0.009140
v -0.413161 0.053115 0.064460
v 0.295139 0.266615 0.064460
v -0.392661 0.059315 0.135260
v 0.302040 0.268715 -0.009140
v -0.359261 0.069315 0.200460
v 0.295139 0.266615 -0.082640
v -0.314361 0.082915 0.257560
v 0.274539 0.260415 -0.153440
v -0.259661 0.099415 0.304460
v 0.241239 0.250315 -0.218640
v -0.197261 0.118215 0.339360
v -0.129461 0.138615 -0.379040
v 0.196339 0.236815 -0.275740
v -0.129461 0.138615 0.360761
v -0.197261 0.118215 -0.357540
v 0.141539 0.220315 -0.322640
v -0.059061 0.159815 0.368060
v -0.259661 0.099415 -0.322640
v 0.079139 0.201515 -0.357540
v 0.011439 0.181115 0.360761
v -0.314361 0.082915 -0.275740
v 0.300439 0.057315 -0.009140
v 0.339339 0.145015 -0.009140
v 0.332439 0.142915 -0.082640
v 0.294539 0.056015 -0.070640
v -0.375961 -0.070585 0.064460
v -0.382861 -0.072685 -0.009140
v 0.332439 0.142915 0.064460
v -0.355361 -0.064385 0.135260
v -0.321961 -0.054285 0.200460
v -0.277061 -0.040785 0.257560
v 0.311839 0.136715 -0.153440
v -0.222361 -0.024285 0.304460
v 0.278439 0.126615 -0.218640
v -0.159961 -0.005485 0.339360
v -0.021761 0.036115 -0.386240
v -0.092161 0.014915 -0.379040
v 0.233539 0.113115 -0.275740
v -0.092161 0.014915 0.360761
v -0.159961 -0.005485 -0.357540
v 0.178839 0.096615 -0.322640
v -0.021761 0.036115 0.368060
v -0.222361 -0.024285 -0.322640
v 0.116439 0.077815 -0.357540
v 0.048639 0.057415 0.360761
v -0.277061 -0.040785 -0.275740
v 0.048639 0.057415 -0.379040
v 0.116439 0.077815 0.339360
v -0.321961 -0.054285 -0.218640
v 0.178839 0.096615 0.304460
v -0.355361 -0.064385 -0.153440
v 0.233539 0.113115 0.257560
v -0.375961 -0.070585 -0.082640
v -0.008061 -0.009185 -0.324740
v -0.068261 -0.022185 -0.318640
v -0.065261 -0.081785 -0.366740
v 0.004339 -0.066785 -0.373840
v -0.226261 -0.056285 0.214060
v -0.264661 -0.064485 0.166260
v 0.276940 0.052215 -0.129840
v -0.179461 -0.046185 0.253360
v 0.248439 0.046115 -0.184440
v -0.126161 -0.034685 0.282461
v 0.210039 0.037815 -0.232240
v -0.068261 -0.022185 0.300460
v -0.126161 -0.034685 -0.300640
v 0.163339 0.027715 -0.271540
v -0.008061 -0.009185 0.306460
v -0.179461 -0.046185 -0.271540
v 0.109939 0.016215 -0.300640
v 0.052139 0.003715 0.300460
v -0.226261 -0.056285 -0.232240
v 0.052139 0.003715 -0.318640
v 0.109939 0.016215 0.282461
v -0.264661 -0.064485 -0.184440
v 0.163339 0.027715 0.253360
v -0.293161 -0.070685 -0.129840
v 0.210039 0.037815 0.214060
v -0.310661 -0.074485 -0.070640
v 0.248439 0.046115 0.166260
v -0.316561 -0.075685 -0.009140
v 0.276940 0.052215 0.111660
v -0.310661 -0.074485 0.052461
v 0.294539 0.056015 0.052460
v -0.293161 -0.070685 0.111660
v -0.247761 -0.121085 -0.266940
v -0.220561 -0.247085 -0.266939
v -0.166561 -0.235485 -0.312340
v -0.193761 -0.109485 -0.312340
v 0.256439 -0.012385 -0.266940
v 0.300739 -0.002885 -0.211740
v -0.065261 -0.081785 0.348561
v -0.132061 -0.096185 0.327860
v -0.132061 -0.096185 -0.346040
v 0.202339 -0.024085 -0.312340
v 0.004339 -0.066785 0.355560
v 0.140739 -0.037385 -0.346040
v 0.073839 -0.051785 0.348561
v 0.073839 -0.051785 -0.366740
v 0.140739 -0.037385 0.327860
v -0.292061 -0.130685 -0.211740
v 0.202339 -0.024085 0.294160
v -0.325061 -0.137785 -0.148640
v 0.256439 -0.012385 0.248760
v -0.345361 -0.142185 -0.080240
v 0.300739 -0.002885 0.193460
v -0.352161 -0.143685 -0.009140
v 0.333640 0.004215 0.130460
v -0.345361 -0.142185 0.062060
v 0.353939 0.008615 0.062060
v -0.325061 -0.137785 0.130460
v 0.360839 0.010115 -0.009140
v -0.292061 -0.130685 0.193460
v 0.353939 0.008615 -0.080240
v -0.247761 -0.121085 0.248760
v 0.333640 0.004215 -0.148640
v -0.193761 -0.109485 0.294160
v -0.258361 -0.269785 -0.068740
v -0.241261 -0.266785 -0.126040
v -0.297861 -0.263785 -0.148640
v -0.318161 -0.268085 -0.080240
v 0.101039 -0.177785 -0.366740
v 0.167939 -0.163285 -0.346040
v 0.167939 -0.163285 0.327860
v 0.101039 -0.177785 0.348561
v -0.264961 -0.256685 -0.211740
v 0.031439 -0.192785 -0.373840
v 0.229539 -0.149985 0.294160
v 0.283539 -0.138385 0.248760
v 0.327940 -0.128785 0.193460
v -0.325061 -0.269585 -0.009140
v 0.360839 -0.121685 0.130460
v -0.318161 -0.268085 0.062060
v 0.381140 -0.117385 0.062060
v -0.297861 -0.263785 0.130460
v 0.387939 -0.115885 -0.009140
v -0.264961 -0.256685 0.193460
v 0.381140 -0.117385 -0.080240
v -0.220561 -0.247085 0.248760
v 0.360839 -0.121685 -0.148640
v -0.166561 -0.235485 0.294160
v 0.327940 -0.128785 -0.211740
v -0.104961 -0.222185 0.327860
v -0.038061 -0.207685 -0.366740
v 0.283539 -0.138385 -0.266940
v -0.038061 -0.207685 0.348561
v -0.104961 -0.222185 -0.346040
v 0.229539 -0.149985 -0.312340
v 0.031439 -0.192785 0.355561
v -0.241261 -0.266785 0.107861
v -0.281161 -0.307685 0.127061
v -0.301061 -0.311185 0.060261
v -0.258361 -0.269785 0.050560
v 0.287439 -0.175085 0.160760
v 0.250039 -0.181585 0.207061
v -0.264161 -0.270785 -0.009140
v 0.315339 -0.170285 0.107861
v 0.332439 -0.167285 0.050560
v 0.338239 -0.166285 -0.009140
v -0.213361 -0.261985 0.160760
v 0.332439 -0.167285 -0.068740
v -0.175961 -0.255485 0.207061
v 0.315339 -0.170285 -0.126040
v -0.130261 -0.247585 0.245061
v 0.287439 -0.175085 -0.178940
v -0.078261 -0.238485 0.273260
v -0.021761 -0.228685 -0.308939
v 0.037039 -0.218485 -0.314840
v 0.250039 -0.181585 -0.225240
v -0.021761 -0.228685 0.290660
v -0.078261 -0.238485 -0.291540
v 0.204339 -0.189485 -0.263240
v 0.037039 -0.218485 0.296560
v -0.130261 -0.247585 -0.263240
v 0.152339 -0.198585 -0.291540
v 0.095839 -0.208385 0.290660
v -0.175961 -0.255485 -0.225240
v 0.095839 -0.208385 -0.308939
v 0.152339 -0.198585 0.273260
v -0.213361 -0.261985 -0.178940
v 0.204339 -0.189485 0.245061
v -0.151961 -0.285285 0.286761
v -0.130361 -0.410285 0.286761
v -0.183461 -0.419485 0.242460
v -0.205161 -0.294585 0.242460
v 0.393340 -0.190785 -0.009140
v 0.386639 -0.191885 0.060260
v -0.248761 -0.302085 0.188560
v 0.386639 -0.191885 -0.078540
v 0.366639 -0.195385 -0.145240
v 0.334239 -0.200985 -0.206740
v -0.091361 -0.274785 0.319661
v -0.025661 -0.263385 -0.358040
v 0.042739 -0.251585 -0.364940
v 0.290640 -0.208585 -0.260740
v -0.025661 -0.263385 0.339861
v -0.091361 -0.274785 -0.337840
v 0.237539 -0.217785 -0.304940
v 0.042739 -0.251585 0.346660
v -0.151961 -0.285285 -0.304940
v 0.176939 -0.228285 -0.337840
v 0.111139 -0.239685 0.339861
v -0.205161 -0.294585 -0.260740
v 0.111139 -0.239685 -0.358040
v 0.176939 -0.228285 0.319661
v -0.248761 -0.302085 -0.206740
v 0.237539 -0.217785 0.286761
v -0.281161 -0.307685 -0.145240
v 0.290640 -0.208585 0.242460
v -0.301061 -0.311185 -0.078540
v 0.334239 -0.200985 0.188560
v -0.307861 -0.312385 -0.009140
v 0.366639 -0.195385 0.127061
v 0.064439 -0.376485 0.346660
v 0.072839 -0.425185 0.300961
v 0.012539 -0.428685 0.294960
v -0.003961 -0.388285 0.339861
v 0.355940 -0.325885 -0.206740
v 0.388340 -0.320285 -0.145240
v -0.069761 -0.399685 0.319661
v -0.003961 -0.388285 -0.358040
v 0.064439 -0.376485 -0.364940
v 0.312339 -0.333485 -0.260740
v -0.069761 -0.399685 -0.337840
v 0.259239 -0.342685 -0.304940
v -0.130361 -0.410285 -0.304940
v 0.198539 -0.353185 -0.337840
v 0.132839 -0.364585 0.339861
v -0.183461 -0.419485 -0.260740
v 0.132839 -0.364585 -0.358040
v 0.198539 -0.353185 0.319661
v -0.227061 -0.426985 -0.206740
v 0.259239 -0.342685 0.286761
v -0.259461 -0.432585 -0.145240
v 0.312339 -0.333485 0.242460
v -0.279461 -0.436085 -0.078540
v 0.355940 -0.325885 0.188560
v -0.286161 -0.437285 -0.009140
v 0.388340 -0.320285 0.127061
v -0.279461 -0.436085 0.060261
v 0.408239 -0.316885 0.060261
v -0.259461 -0.432585 0.127061
v 0.415039 -0.315685 -0.009140
v -0.227061 -0.426985 0.188560
v 0.408239 -0.316885 -0.078540
v 0.244839 -0.415485 0.248661
v 0.268939 -0.437785 0.282760
v 0.208339 -0.441185 0.315160
v 0.191339 -0.418485 0.277361
v -0.099061 -0.434985 -0.266939
v -0.045561 -0.431985 -0.295540
v 0.191339 -0.418485 -0.295540
v 0.244839 -0.415485 -0.266939
v 0.133239 -0.421785 0.294960
v -0.145961 -0.437685 -0.228340
v 0.133239 -0.421785 -0.313239
v -0.184461 -0.439885 -0.181340
v 0.072839 -0.425185 -0.319140
v -0.213061 -0.441485 -0.127739
v 0.291739 -0.412785 0.210160
v -0.230761 -0.442485 -0.069639
v 0.330239 -0.410585 0.163161
v -0.236661 -0.442885 -0.009140
v 0.358840 -0.408985 0.109560
v -0.230761 -0.442485 0.051360
v 0.376439 -0.407985 0.051360
v -0.213061 -0.441485 0.109560
v 0.382439 -0.407585 -0.009140
v -0.184461 -0.439885 0.163161
v 0.376439 -0.407985 -0.069639
v -0.145961 -0.437685 0.210160
v 0.358840 -0.408985 -0.127739
v -0.099061 -0.434985 0.248661
v 0.330239 -0.410585 -0.181340
v -0.045561 -0.431985 0.277361
v 0.012539 -0.428685 -0.313239
v 0.291739 -0.412785 -0.228340
v 0.398039 -0.430385 0.125260
v 0.405039 -0.553385 0.125260
v 0.372639 -0.555285 0.185961
v 0.365639 -0.432285 0.185960
v -0.217161 -0.465485 -0.204140
v -0.249561 -0.467285 -0.143440
v 0.322039 -0.434785 0.239060
v -0.269461 -0.468385 -0.077539
v -0.276261 -0.468785 -0.009140
v -0.269461 -0.468385 0.059360
v 0.417939 -0.429285 0.059360
v -0.249561 -0.467285 0.125260
v 0.424639 -0.428885 -0.009140
v -0.217161 -0.465485 0.185960
v 0.417939 -0.429285 -0.077539
v -0.173561 -0.462985 0.239060
v 0.398039 -0.430385 -0.143440
v -0.120461 -0.459985 0.282760
v 0.365639 -0.432285 -0.204140
v -0.059861 -0.456485 0.315160
v 0.005839 -0.452785 -0.353340
v 0.074239 -0.448885 -0.360140
v 0.322039 -0.434785 -0.257340
v 0.005839 -0.452785 0.335160
v -0.059861 -0.456485 -0.333439
v 0.268939 -0.437785 -0.300940
v 0.074239 -0.448885 0.341961
v -0.120461 -0.459985 -0.300940
v 0.208339 -0.441185 -0.333439
v 0.142639 -0.444985 0.335160
v -0.173561 -0.462985 -0.257340
v 0.142639 -0.444985 -0.353340
v 0.424940 -0.552285 -0.077539
v 0.389439 -0.607285 -0.070040
v 0.395440 -0.607285 -0.009140
v 0.431739 -0.551885 -0.009140
v -0.262461 -0.591385 0.059360
v -0.269261 -0.591785 -0.009140
v 0.424940 -0.552285 0.059360
v -0.242561 -0.590285 0.125260
v -0.210161 -0.588485 0.185961
v -0.166561 -0.585985 0.239060
v 0.405039 -0.553385 -0.143440
v -0.113461 -0.582985 0.282761
v 0.372639 -0.555285 -0.204140
v -0.052861 -0.579485 0.315161
v 0.081239 -0.571885 -0.360139
v 0.012839 -0.575785 -0.353339
v 0.329039 -0.557785 -0.257340
v 0.012839 -0.575785 0.335160
v -0.052861 -0.579485 -0.333439
v 0.275939 -0.560785 -0.300940
v 0.081239 -0.571885 0.341961
v -0.113461 -0.582985 -0.300940
v 0.215339 -0.564185 -0.333439
v 0.149639 -0.567985 0.335160
v -0.166561 -0.585985 -0.257339
v 0.149639 -0.567985 -0.353340
v 0.215339 -0.564185 0.315160
v -0.210161 -0.588485 -0.204140
v 0.275939 -0.560785 0.282760
v -0.242561 -0.590285 -0.143440
v 0.329039 -0.557785 0.239060
v -0.262461 -0.591385 -0.077539
v 0.274840 -0.641185 0.277461
v 0.215239 -0.641385 0.309260
v 0.202739 -0.607785 0.279261
v 0.256739 -0.607685 0.250460
v -0.137461 -0.608685 0.211660
v -0.176261 -0.608785 0.164360
v 0.371639 -0.607385 -0.128539
v -0.090161 -0.608485 0.250460
v 0.342839 -0.607385 -0.182539
v -0.036161 -0.608385 0.279261
v 0.022439 -0.608285 -0.315239
v 0.083339 -0.608085 -0.321239
v 0.304039 -0.607485 -0.229840
v 0.022439 -0.608285 0.297060
v -0.036161 -0.608385 -0.297539
v 0.256739 -0.607685 -0.268640
v 0.083339 -0.608085 0.303061
v -0.090161 -0.608485 -0.268640
v 0.202739 -0.607785 -0.297539
v 0.144239 -0.607885 0.297060
v -0.137461 -0.608685 -0.229840
v 0.144239 -0.607885 -0.315239
v -0.176261 -0.608785 -0.182539
v -0.205061 -0.608785 -0.128539
v 0.304039 -0.607485 0.211660
v -0.222861 -0.608885 -0.070040
v 0.342839 -0.607385 0.164360
v -0.228861 -0.608885 -0.009140
v 0.371639 -0.607385 0.110360
v -0.222861 -0.608885 0.051761
v 0.389439 -0.607285 0.051761
v -0.205061 -0.608785 0.110360
v 0.369939 -0.640985 0.182361
v 0.401739 -0.640885 0.122761
v 0.402039 -0.706485 0.122761
v 0.370239 -0.706585 0.182361
v -0.235061 -0.642485 -0.140940
v -0.203161 -0.642385 -0.200539
v 0.327039 -0.641085 0.234560
v -0.254661 -0.642585 -0.076339
v -0.261261 -0.642585 -0.009140
v -0.254661 -0.642585 0.058161
v 0.421340 -0.640785 0.058161
v -0.235061 -0.642485 0.122761
v 0.428039 -0.640785 -0.009140
v -0.203161 -0.642385 0.182361
v 0.421340 -0.640785 -0.076339
v -0.160261 -0.642285 0.234560
v 0.401739 -0.640885 -0.140940
v -0.108061 -0.642185 0.277461
v 0.369939 -0.640985 -0.200539
v -0.048461 -0.641985 0.309260
v 0.016139 -0.641885 -0.347139
v 0.083339 -0.641685 -0.353740
v 0.327039 -0.641085 -0.252840
v 0.016139 -0.641885 0.328861
v -0.048461 -0.641985 -0.327540
v 0.274840 -0.641185 -0.295639
v 0.083339 -0.641685 0.335561
v -0.108061 -0.642185 -0.295639
v 0.215239 -0.641385 -0.327540
v 0.150639 -0.641485 0.328861
v -0.160261 -0.642285 -0.252840
v 0.150639 -0.641485 -0.347139
v 0.016439 -0.707485 -0.347139
v -0.048261 -0.707685 -0.327540
v -0.107761 -0.707785 -0.295639
v -0.160061 -0.707985 -0.252840
v -0.202861 -0.708085 -0.200539
v -0.234761 -0.708185 -0.140939
v -0.254361 -0.708185 -0.076339
v -0.260961 -0.708185 -0.009140
v -0.254361 -0.708185 0.058161
v -0.234761 -0.708185 0.122761
v -0.202861 -0.708085 0.182361
v -0.160061 -0.707985 0.234560
v -0.107761 -0.707785 0.277461
v -0.048261 -0.707685 0.309260
v 0.016439 -0.707485 0.328861
v 0.083639 -0.707385 0.335561
v 0.150939 -0.707185 0.328861
v 0.215539 -0.706985 0.309260
v 0.275139 -0.706885 0.277461
v 0.327339 -0.706685 0.234560
v 0.421639 -0.706485 0.058161
v 0.428339 -0.706485 -0.009140
v 0.421639 -0.706485 -0.076339
v 0.402039 -0.706485 -0.140939
v 0.370239 -0.706585 -0.200539
v 0.327339 -0.706685 -0.252840
v 0.275139 -0.706885 -0.295639
v 0.215539 -0.706985 -0.327540
v 0.150939 -0.707185 -0.347139
v 0.083639 -0.707385 -0.353740
vn 0.3934 -0.9194 -0.0000
vn 0.3933 -0.9194 -0.0000
vn 0.3933 -0.9194 0.0001
vn 0.3933 -0.9194 -0.0002
vn 0.3934 -0.9193 -0.0002
vn 0.3933 -0.9194 -0.0001
vn 0.3930 -0.9195 -0.0000
vn 0.3931 -0.9195 -0.0002
vn 0.3934 -0.9194 0.0001
vn 0.3934 -0.9194 -0.0001
vn 0.3934 -0.9194 -0.0003
vn 0.3712 0.9260 -0.0696
vn 0.3710 0.9260 -0.0698
vn 0.3711 0.9260 -0.0696
vn 0.3714 0.9259 -0.0693
vn 0.4334 0.1853 -0.8820
vn 0.4334 0.1852 -0.8820
vn 0.4334 0.1854 -0.8819
vn 0.0901 0.0385 0.9952
vn 0.0901 0.0386 0.9952
vn -0.7107 -0.3039 0.6344
vn 0.2667 0.1142 -0.9570
vn 0.2668 0.1142 -0.9570
vn 0.2671 0.1142 -0.9569
vn 0.2671 0.1142 0.9569
vn 0.2667 0.1141 0.9570
vn 0.2670 0.1142 0.9569
vn 0.2670 0.1141 0.9569
vn -0.5835 -0.2497 0.7728
vn -0.5833 -0.2495 0.7730
vn -0.5832 -0.2494 0.7730
vn 0.0901 0.0385 -0.9952
vn 0.4336 0.1854 0.8818
vn 0.4337 0.1854 0.8818
vn 0.4335 0.1854 0.8819
vn 0.4335 0.1854 0.8818
vn -0.4334 -0.1854 0.8819
vn -0.4335 -0.1854 0.8819
vn -0.0901 -0.0385 -0.9952
vn 0.5835 0.2495 0.7729
vn 0.5835 0.2495 0.7728
vn 0.5834 0.2495 0.7729
vn -0.2669 -0.1142 0.9569
vn -0.2669 -0.1141 0.9570
vn -0.2670 -0.1143 0.9569
vn -0.2669 -0.1142 -0.9569
vn -0.2668 -0.1142 -0.9570
vn -0.2670 -0.1142 -0.9569
vn 0.7106 0.3041 0.6345
vn 0.7107 0.3041 0.6344
vn 0.7104 0.3042 0.6347
vn 0.7105 0.3040 0.6346
vn -0.0901 -0.0385 0.9952
vn -0.4335 -0.1854 -0.8819
vn -0.4334 -0.1853 -0.8819
vn -0.4334 -0.1854 -0.8819
vn 0.8106 0.3471 0.4716
vn 0.8109 0.3469 0.4713
vn 0.8108 0.3470 0.4713
vn 0.8111 0.3468 0.4710
vn -0.5832 -0.2495 -0.7731
vn -0.5832 -0.2494 -0.7731
vn -0.5833 -0.2495 -0.7730
vn -0.5832 -0.2495 -0.7730
vn 0.8799 0.3763 0.2902
vn -0.7108 -0.3041 -0.6343
vn -0.7109 -0.3041 -0.6342
vn -0.7106 -0.3041 -0.6344
vn 0.9150 0.3915 0.0978
vn 0.9150 0.3914 0.0978
vn 0.9150 0.3914 0.0979
vn 0.9150 0.3914 0.0980
vn -0.8108 -0.3469 -0.4714
vn -0.8108 -0.3469 -0.4715
vn -0.8106 -0.3466 -0.4719
vn 0.9150 0.3913 -0.0981
vn 0.9150 0.3914 -0.0980
vn 0.9150 0.3915 -0.0980
vn 0.9150 0.3914 -0.0978
vn -0.8798 -0.3764 -0.2902
vn -0.8798 -0.3764 -0.2903
vn 0.8799 0.3763 -0.2902
vn -0.9149 -0.3916 -0.0980
vn -0.9150 -0.3914 -0.0978
vn -0.9149 -0.3916 -0.0975
vn -0.9150 -0.3914 -0.0980
vn 0.8108 0.3470 -0.4713
vn 0.8108 0.3469 -0.4715
vn 0.8106 0.3471 -0.4716
vn 0.8111 0.3468 -0.4710
vn -0.9150 -0.3913 0.0981
vn -0.9149 -0.3915 0.0978
vn -0.9150 -0.3914 0.0981
vn -0.9150 -0.3913 0.0986
vn 0.7105 0.3042 -0.6345
vn 0.7108 0.3041 -0.6342
vn 0.7106 0.3042 -0.6344
vn 0.7105 0.3044 -0.6345
vn -0.8798 -0.3764 0.2904
vn -0.8798 -0.3765 0.2903
vn 0.5832 0.2494 -0.7731
vn -0.8108 -0.3469 0.4713
vn -0.8108 -0.3469 0.4715
vn -0.8109 -0.3470 0.4712
vn 0.7199 -0.5999 -0.3491
vn 0.7196 -0.6002 -0.3491
vn 0.7198 -0.6002 -0.3487
vn 0.7196 -0.6004 -0.3489
vn -0.9011 0.3816 -0.2061
vn -0.9011 0.3817 -0.2056
vn -0.9012 0.3816 -0.2057
vn -0.9013 0.3813 -0.2055
vn 0.3463 0.9153 -0.2059
vn 0.3463 0.9153 -0.2060
vn 0.3463 0.9153 -0.2058
vn 0.3463 0.9153 -0.2055
vn -0.9261 0.3709 -0.0695
vn -0.9261 0.3709 -0.0693
vn -0.9261 0.3709 -0.0694
vn -0.9261 0.3709 -0.0696
vn 0.2975 0.8942 -0.3344
vn 0.2975 0.8943 -0.3343
vn 0.2974 0.8943 -0.3344
vn -0.9261 0.3709 0.0692
vn -0.9261 0.3709 0.0693
vn 0.2261 0.8641 -0.4497
vn 0.2264 0.8640 -0.4497
vn 0.2266 0.8640 -0.4497
vn -0.9009 0.3819 0.2062
vn -0.9011 0.3817 0.2058
vn -0.9011 0.3815 0.2059
vn -0.9011 0.3815 0.2060
vn 0.1359 0.8254 -0.5480
vn 0.1361 0.8253 -0.5480
vn -0.8522 0.4026 0.3341
vn -0.8525 0.4022 0.3340
vn -0.8521 0.4028 0.3342
vn -0.8519 0.4031 0.3343
vn 0.0297 0.7800 -0.6251
vn 0.0299 0.7799 -0.6252
vn 0.0297 0.7800 -0.6250
vn -0.2135 0.6758 0.7055
vn -0.7813 0.4329 0.4496
vn -0.7813 0.4329 0.4497
vn -0.7813 0.4331 0.4495
vn -0.0882 0.7293 -0.6785
vn -0.0882 0.7294 -0.6784
vn -0.0881 0.7293 0.6784
vn -0.0882 0.7294 0.6784
vn -0.6909 0.4716 0.5480
vn -0.6909 0.4715 0.5480
vn -0.6911 0.4714 0.5479
vn -0.2135 0.6758 -0.7055
vn -0.2132 0.6757 -0.7057
vn -0.2133 0.6758 -0.7056
vn 0.0299 0.7798 0.6253
vn 0.0300 0.7797 0.6254
vn 0.0299 0.7799 0.6252
vn 0.0298 0.7799 0.6252
vn -0.5847 0.5167 0.6254
vn -0.5845 0.5167 0.6256
vn -0.5846 0.5168 0.6254
vn -0.5847 0.5170 0.6252
vn -0.3414 0.6212 -0.7054
vn -0.3412 0.6210 -0.7056
vn -0.3413 0.6211 -0.7055
vn -0.3417 0.6213 -0.7051
vn 0.1361 0.8253 0.5480
vn 0.1361 0.8254 0.5479
vn 0.1361 0.8254 0.5480
vn 0.1361 0.8252 0.5482
vn -0.4665 0.5677 0.6783
vn -0.4664 0.5678 0.6782
vn -0.4666 0.5676 0.6784
vn -0.4664 0.5676 -0.6785
vn -0.4666 0.5675 -0.6784
vn -0.4667 0.5674 -0.6784
vn -0.4667 0.5677 -0.6782
vn 0.2263 0.8641 0.4496
vn 0.2264 0.8640 0.4497
vn 0.2260 0.8642 0.4495
vn -0.3412 0.6212 0.7055
vn -0.3413 0.6211 0.7055
vn -0.5847 0.5171 -0.6251
vn -0.5847 0.5170 -0.6251
vn -0.5845 0.5172 -0.6252
vn -0.5846 0.5170 -0.6252
vn 0.2970 0.8944 0.3345
vn 0.2969 0.8944 0.3344
vn 0.2974 0.8944 0.3342
vn -0.6909 0.4715 -0.5480
vn -0.6909 0.4716 -0.5480
vn 0.3463 0.9152 0.2059
vn 0.3463 0.9153 0.2058
vn 0.3463 0.9153 0.2059
vn 0.3463 0.9152 0.2060
vn -0.7813 0.4329 -0.4497
vn -0.7813 0.4328 -0.4497
vn 0.3711 0.9260 0.0696
vn 0.3708 0.9261 0.0698
vn 0.3710 0.9260 0.0699
vn 0.3712 0.9259 0.0695
vn -0.8523 0.4025 -0.3341
vn -0.8524 0.4025 -0.3339
vn -0.8523 0.4025 -0.3340
vn -0.8522 0.4025 -0.3342
vn 0.2670 0.1142 -0.9569
vn 0.2669 0.1142 -0.9569
vn 0.2668 0.1141 -0.9570
vn -0.1559 -0.9748 0.1595
vn -0.1561 -0.9747 0.1597
vn -0.1558 -0.9748 0.1596
vn -0.1555 -0.9750 0.1589
vn 0.6494 -0.6304 -0.4254
vn -0.1177 -0.9586 0.2594
vn 0.5669 -0.6657 -0.4853
vn 0.5670 -0.6657 -0.4852
vn 0.3780 -0.7465 0.5476
vn 0.3782 -0.7464 0.5476
vn 0.3780 -0.7464 0.5478
vn 0.3780 -0.7465 0.5475
vn -0.0627 -0.9350 0.3492
vn -0.0627 -0.9350 0.3491
vn -0.0626 -0.9350 0.3492
vn 0.4753 -0.7048 -0.5266
vn 0.4753 -0.7049 -0.5266
vn 0.4753 -0.7049 -0.5265
vn 0.4752 -0.7049 0.5266
vn 0.4753 -0.7049 0.5266
vn 0.4752 -0.7048 0.5266
vn 0.4752 -0.7048 0.5267
vn 0.0075 -0.9050 0.4254
vn 0.3780 -0.7464 -0.5477
vn 0.3780 -0.7465 -0.5476
vn 0.3780 -0.7465 -0.5475
vn 0.5669 -0.6657 0.4852
vn 0.5669 -0.6657 0.4853
vn 0.5669 -0.6658 0.4852
vn 0.0899 -0.8697 0.4853
vn 0.0900 -0.8697 0.4853
vn 0.0900 -0.8697 0.4854
vn 0.2790 -0.7887 -0.5478
vn 0.2789 -0.7887 -0.5478
vn 0.2792 -0.7888 -0.5476
vn 0.2789 -0.7889 -0.5476
vn 0.6494 -0.6304 0.4254
vn 0.6494 -0.6304 0.4253
vn 0.1816 -0.8305 0.5266
vn 0.1816 -0.8305 -0.5265
vn 0.1816 -0.8305 -0.5266
vn 0.7197 -0.6003 0.3489
vn 0.7195 -0.6005 0.3488
vn 0.7196 -0.6003 0.3489
vn 0.7196 -0.6003 0.3491
vn 0.2789 -0.7889 0.5476
vn 0.0898 -0.8697 -0.4853
vn 0.0899 -0.8697 -0.4853
vn 0.0900 -0.8697 -0.4853
vn 0.7746 -0.5769 0.2593
vn 0.7746 -0.5768 0.2594
vn 0.7746 -0.5770 0.2590
vn 0.0077 -0.9050 -0.4254
vn 0.0076 -0.9049 -0.4255
vn 0.0071 -0.9049 -0.4256
vn 0.0075 -0.9050 -0.4254
vn 0.8125 -0.5606 0.1598
vn 0.8129 -0.5601 0.1597
vn 0.8125 -0.5606 0.1597
vn 0.8125 -0.5607 0.1597
vn -0.0626 -0.9350 -0.3491
vn -0.0626 -0.9350 -0.3492
vn 0.8319 -0.5524 0.0539
vn 0.8318 -0.5525 0.0539
vn 0.8319 -0.5523 0.0540
vn -0.1177 -0.9586 -0.2594
vn 0.8320 -0.5522 -0.0540
vn 0.8320 -0.5521 -0.0541
vn 0.8319 -0.5522 -0.0540
vn 0.8319 -0.5523 -0.0539
vn -0.1556 -0.9749 -0.1595
vn -0.1555 -0.9749 -0.1596
vn -0.1556 -0.9748 -0.1597
vn -0.1556 -0.9748 -0.1598
vn 0.8124 -0.5608 -0.1597
vn 0.8124 -0.5608 -0.1596
vn 0.8125 -0.5607 -0.1597
vn 0.8125 -0.5606 -0.1599
vn -0.1749 -0.9831 -0.0541
vn -0.1751 -0.9831 -0.0540
vn -0.1748 -0.9831 -0.0541
vn -0.1748 -0.9831 -0.0540
vn 0.7743 -0.5773 -0.2592
vn 0.7744 -0.5771 -0.2594
vn 0.7745 -0.5769 -0.2594
vn 0.7746 -0.5768 -0.2594
vn -0.1749 -0.9831 0.0539
vn -0.1745 -0.9832 0.0540
vn -0.1750 -0.9831 0.0539
vn -0.4672 0.5718 -0.6743
vn -0.4672 0.5719 -0.6743
vn -0.4672 0.5720 -0.6742
vn -0.4673 0.5718 -0.6743
vn 0.2670 0.1143 0.9569
vn -0.5835 -0.2495 0.7729
vn -0.5832 -0.2495 0.7731
vn -0.5837 -0.2495 0.7727
vn 0.0903 0.0386 -0.9952
vn 0.0903 0.0387 -0.9952
vn 0.0900 0.0386 -0.9952
vn 0.4334 0.1854 0.8820
vn 0.4333 0.1854 0.8820
vn -0.0900 -0.0386 -0.9952
vn -0.0904 -0.0387 -0.9952
vn -0.0903 -0.0387 -0.9952
vn 0.5832 0.2495 0.7730
vn 0.5833 0.2495 0.7730
vn -0.2668 -0.1142 0.9570
vn -0.2671 -0.1143 -0.9569
vn 0.7107 0.3044 0.6342
vn 0.7107 0.3040 0.6345
vn -0.0900 -0.0386 0.9952
vn -0.0901 -0.0386 0.9952
vn -0.0904 -0.0387 0.9952
vn -0.0903 -0.0387 0.9952
vn 0.8108 0.3471 0.4714
vn 0.8108 0.3468 0.4715
vn 0.8108 0.3469 0.4715
vn 0.8108 0.3473 0.4711
vn -0.5836 -0.2495 -0.7728
vn 0.8799 0.3763 0.2900
vn 0.8799 0.3764 0.2902
vn -0.7108 -0.3041 -0.6342
vn 0.9150 0.3914 0.0981
vn 0.9149 0.3915 0.0979
vn -0.8109 -0.3468 -0.4714
vn -0.8107 -0.3469 -0.4716
vn 0.9150 0.3912 -0.0984
vn 0.9150 0.3914 -0.0981
vn -0.8798 -0.3763 -0.2905
vn 0.8799 0.3763 -0.2900
vn 0.8800 0.3763 -0.2897
vn 0.8799 0.3764 -0.2902
vn 0.8798 0.3764 -0.2902
vn -0.9150 -0.3915 -0.0978
vn -0.9150 -0.3914 -0.0981
vn -0.9150 -0.3912 -0.0984
vn 0.8108 0.3471 -0.4714
vn 0.8108 0.3473 -0.4711
vn 0.8108 0.3468 -0.4715
vn -0.9150 -0.3914 0.0979
vn -0.9150 -0.3914 0.0980
vn -0.9149 -0.3915 0.0982
vn 0.7107 0.3044 -0.6342
vn 0.7107 0.3041 -0.6344
vn -0.8799 -0.3764 0.2901
vn -0.8800 -0.3763 0.2897
vn -0.8797 -0.3765 0.2905
vn -0.8798 -0.3764 0.2903
vn 0.5832 0.2495 -0.7731
vn 0.5832 0.2495 -0.7730
vn 0.5830 0.2494 -0.7733
vn -0.8107 -0.3469 0.4717
vn -0.8108 -0.3469 0.4714
vn -0.8109 -0.3469 0.4713
vn 0.4335 0.1854 -0.8819
vn 0.0903 0.0386 0.9952
vn 0.0903 0.0387 0.9952
vn -0.7108 -0.3041 0.6342
vn -0.2939 -0.8224 -0.4871
vn -0.2939 -0.8223 -0.4872
vn -0.2939 -0.8226 -0.4868
vn -0.2940 -0.8225 -0.4868
vn 0.2216 0.8667 0.4469
vn 0.2219 0.8668 0.4466
vn 0.2215 0.8667 0.4470
vn -0.3426 0.6252 0.7013
vn -0.3426 0.6252 0.7012
vn -0.3425 0.6252 0.7013
vn -0.5846 0.5217 -0.6214
vn -0.5844 0.5217 -0.6215
vn -0.5845 0.5217 -0.6214
vn 0.2922 0.8969 0.3320
vn 0.2923 0.8969 0.3320
vn -0.6900 0.4767 -0.5447
vn -0.6899 0.4766 -0.5448
vn -0.6900 0.4768 -0.5446
vn -0.6901 0.4765 -0.5447
vn 0.3410 0.9176 0.2044
vn 0.3412 0.9174 0.2046
vn 0.3411 0.9175 0.2047
vn 0.3409 0.9176 0.2046
vn -0.7799 0.4378 -0.4473
vn -0.7799 0.4380 -0.4471
vn -0.7800 0.4378 -0.4472
vn -0.7800 0.4380 -0.4469
vn 0.3657 0.9282 0.0691
vn 0.3654 0.9283 0.0689
vn 0.3655 0.9282 0.0691
vn 0.3657 0.9281 0.0692
vn -0.8506 0.4078 -0.3321
vn -0.8506 0.4077 -0.3322
vn -0.8503 0.4079 -0.3325
vn -0.8505 0.4079 -0.3322
vn 0.3657 0.9282 -0.0692
vn 0.3657 0.9282 -0.0691
vn 0.3654 0.9283 -0.0690
vn 0.3655 0.9282 -0.0691
vn -0.8991 0.3871 -0.2046
vn -0.8990 0.3871 -0.2046
vn 0.3408 0.9177 -0.2043
vn 0.3412 0.9174 -0.2049
vn 0.3409 0.9176 -0.2045
vn 0.3408 0.9177 -0.2044
vn -0.9238 0.3766 -0.0691
vn -0.9239 0.3765 -0.0689
vn -0.9238 0.3767 -0.0691
vn -0.9237 0.3769 -0.0692
vn 0.2920 0.8969 -0.3320
vn 0.2918 0.8971 -0.3318
vn 0.2921 0.8969 -0.3321
vn 0.2920 0.8970 -0.3320
vn -0.9238 0.3765 0.0691
vn -0.9238 0.3766 0.0692
vn -0.9238 0.3766 0.0691
vn -0.9238 0.3767 0.0691
vn 0.2217 0.8666 -0.4470
vn -0.8991 0.3871 0.2046
vn -0.8991 0.3870 0.2046
vn -0.8991 0.3870 0.2047
vn 0.1319 0.8282 -0.5447
vn 0.1318 0.8282 -0.5447
vn -0.8504 0.4080 0.3321
vn -0.8504 0.4080 0.3322
vn -0.8504 0.4079 0.3322
vn -0.8504 0.4079 0.3323
vn 0.0262 0.7830 -0.6215
vn -0.2156 0.6794 0.7014
vn -0.2156 0.6795 0.7013
vn -0.2155 0.6793 0.7015
vn -0.2153 0.6792 0.7017
vn -0.7799 0.4381 0.4470
vn -0.7799 0.4383 0.4469
vn -0.0915 0.7327 -0.6744
vn -0.0917 0.7327 -0.6743
vn -0.0914 0.7326 -0.6745
vn -0.0910 0.7328 0.6744
vn -0.0907 0.7330 0.6742
vn -0.0909 0.7327 0.6745
vn -0.0910 0.7327 0.6744
vn -0.6901 0.4764 0.5448
vn -0.6901 0.4765 0.5448
vn -0.6901 0.4765 0.5447
vn -0.6901 0.4763 0.5449
vn -0.2157 0.6795 -0.7013
vn -0.2156 0.6795 -0.7013
vn -0.2155 0.6795 -0.7013
vn 0.0264 0.7829 0.6215
vn 0.0264 0.7830 0.6215
vn 0.0263 0.7830 0.6214
vn 0.0263 0.7830 0.6215
vn -0.5847 0.5217 0.6213
vn -0.5845 0.5219 0.6213
vn -0.5845 0.5217 0.6215
vn -0.3423 0.6252 -0.7014
vn -0.3426 0.6250 -0.7015
vn -0.3425 0.6251 -0.7014
vn -0.3426 0.6252 -0.7013
vn 0.1319 0.8282 0.5447
vn 0.1319 0.8282 0.5446
vn -0.4674 0.5716 0.6744
vn -0.4671 0.5719 0.6743
vn -0.4672 0.5718 0.6743
vn -0.9150 -0.3915 -0.0980
vn -0.9148 -0.3918 -0.0979
vn -0.9149 -0.3916 -0.0978
vn 0.9546 -0.2881 0.0754
vn 0.9546 -0.2881 0.0753
vn 0.9546 -0.2881 0.0752
vn 0.9546 -0.2880 0.0755
vn -0.3706 -0.8554 -0.3618
vn -0.3705 -0.8555 -0.3619
vn -0.3707 -0.8554 -0.3618
vn 0.9546 -0.2882 -0.0753
vn 0.9546 -0.2882 -0.0754
vn 0.9546 -0.2881 -0.0752
vn -0.4236 -0.8780 -0.2231
vn -0.4239 -0.8779 -0.2229
vn -0.4236 -0.8780 -0.2230
vn -0.4237 -0.8779 -0.2230
vn 0.9276 -0.2999 -0.2227
vn 0.9276 -0.2997 -0.2229
vn -0.4509 -0.8894 -0.0753
vn -0.4510 -0.8893 -0.0758
vn -0.4508 -0.8894 -0.0753
vn 0.8747 -0.3222 -0.3619
vn 0.8746 -0.3224 -0.3620
vn 0.8748 -0.3222 -0.3619
vn 0.8749 -0.3220 -0.3618
vn -0.4510 -0.8893 0.0758
vn -0.4506 -0.8895 0.0753
vn -0.4507 -0.8895 0.0753
vn -0.4509 -0.8894 0.0754
vn 0.7977 -0.3552 -0.4874
vn 0.7977 -0.3553 -0.4872
vn 0.7976 -0.3551 -0.4876
vn -0.4238 -0.8779 0.2229
vn -0.4237 -0.8779 0.2229
vn -0.4238 -0.8779 0.2230
vn 0.6999 -0.3971 -0.5936
vn 0.6999 -0.3971 -0.5937
vn -0.3710 -0.8551 0.3620
vn -0.3705 -0.8554 0.3619
vn -0.3710 -0.8552 0.3620
vn -0.3710 -0.8552 0.3619
vn 0.5848 -0.4463 -0.6773
vn 0.5848 -0.4464 -0.6773
vn 0.5848 -0.4463 -0.6774
vn 0.3210 -0.5593 0.7643
vn 0.3211 -0.5592 0.7643
vn 0.3211 -0.5593 0.7643
vn 0.3212 -0.5594 0.7642
vn -0.2939 -0.8223 0.4873
vn -0.2939 -0.8223 0.4872
vn -0.2941 -0.8223 0.4871
vn -0.2940 -0.8223 0.4872
vn 0.4570 -0.5010 -0.7350
vn 0.4572 -0.5011 -0.7348
vn 0.4568 -0.5009 -0.7352
vn 0.4569 -0.5011 0.7350
vn 0.4569 -0.5010 0.7350
vn -0.1961 -0.7804 0.5937
vn -0.1961 -0.7804 0.5938
vn 0.3212 -0.5594 -0.7642
vn 0.5848 -0.4464 0.6773
vn 0.5850 -0.4464 0.6771
vn -0.0810 -0.7313 0.6773
vn -0.0806 -0.7316 0.6770
vn -0.0809 -0.7312 0.6773
vn -0.0810 -0.7312 0.6774
vn 0.1827 -0.6184 -0.7644
vn 0.1827 -0.6184 -0.7643
vn 0.6998 -0.3970 0.5938
vn 0.7000 -0.3968 0.5938
vn 0.6998 -0.3971 0.5938
vn 0.6997 -0.3974 0.5938
vn 0.0469 -0.6763 0.7351
vn 0.0469 -0.6764 0.7350
vn 0.0468 -0.6764 0.7350
vn 0.0467 -0.6769 0.7346
vn 0.0471 -0.6765 -0.7349
vn 0.0468 -0.6765 -0.7350
vn 0.0477 -0.6766 -0.7348
vn 0.7977 -0.3551 0.4873
vn 0.7976 -0.3550 0.4876
vn 0.7978 -0.3550 0.4874
vn 0.7978 -0.3550 0.4873
vn 0.1827 -0.6185 0.7643
vn 0.1827 -0.6184 0.7643
vn 0.1828 -0.6185 0.7642
vn -0.0810 -0.7313 -0.6773
vn -0.0809 -0.7313 -0.6772
vn -0.0809 -0.7313 -0.6773
vn -0.0810 -0.7312 -0.6773
vn 0.8745 -0.3224 0.3624
vn 0.8746 -0.3224 0.3621
vn 0.8746 -0.3223 0.3623
vn -0.1962 -0.7804 -0.5937
vn -0.1961 -0.7804 -0.5937
vn 0.9276 -0.2997 0.2228
vn 0.9277 -0.2997 0.2226
vn 0.9276 -0.2998 0.2226
vn 0.9276 -0.3000 0.2226
vn -0.8745 0.3110 0.3723
vn -0.8744 0.3110 0.3723
vn 0.8105 0.3471 -0.4719
vn 0.8107 0.3470 -0.4716
vn 0.8107 0.3470 -0.4715
vn -0.9150 -0.3915 0.0980
vn 0.7106 0.3040 -0.6345
vn -0.8798 -0.3763 0.2904
vn -0.8798 -0.3765 0.2902
vn 0.5834 0.2495 -0.7729
vn 0.5835 0.2496 -0.7728
vn 0.5833 0.2495 -0.7730
vn -0.8107 -0.3470 0.4716
vn -0.8107 -0.3469 0.4715
vn 0.4332 0.1853 -0.8821
vn 0.4337 0.1856 -0.8818
vn 0.0902 0.0386 0.9952
vn -0.7107 -0.3041 0.6344
vn 0.2669 0.1141 -0.9569
vn 0.2669 0.1141 -0.9570
vn 0.2671 0.1144 -0.9569
vn 0.2669 0.1141 0.9569
vn 0.2668 0.1140 0.9570
vn 0.2669 0.1141 0.9570
vn 0.2669 0.1142 0.9569
vn -0.5830 -0.2494 0.7732
vn -0.5834 -0.2495 0.7729
vn 0.0902 0.0386 -0.9952
vn 0.4332 0.1853 0.8821
vn 0.4334 0.1854 0.8819
vn 0.4335 0.1855 0.8818
vn -0.4332 -0.1853 0.8821
vn -0.0901 -0.0386 -0.9952
vn -0.0906 -0.0387 -0.9951
vn -0.0902 -0.0386 -0.9952
vn 0.5830 0.2494 0.7732
vn -0.2671 -0.1143 0.9569
vn -0.2668 -0.1141 0.9570
vn -0.2672 -0.1145 -0.9568
vn -0.2673 -0.1145 -0.9568
vn -0.2672 -0.1144 -0.9568
vn -0.2673 -0.1146 -0.9568
vn 0.7108 0.3041 0.6342
vn 0.7111 0.3042 0.6339
vn -0.4332 -0.1853 -0.8821
vn 0.8106 0.3472 0.4715
vn 0.8107 0.3468 0.4718
vn 0.8108 0.3469 0.4714
vn -0.5834 -0.2495 -0.7729
vn 0.8798 0.3764 0.2903
vn 0.8798 0.3763 0.2905
vn 0.8798 0.3763 0.2904
vn 0.8798 0.3765 0.2901
vn -0.7106 -0.3040 -0.6345
vn 0.9149 0.3914 0.0985
vn -0.8109 -0.3469 -0.4713
vn 0.9150 0.3914 -0.0982
vn 0.9150 0.3914 -0.0983
vn -0.8798 -0.3763 -0.2904
vn 0.8798 0.3765 -0.2902
vn 0.8796 0.3769 -0.2905
vn 0.8797 0.3767 -0.2901
vn 0.8798 0.3764 -0.2903
vn -0.2982 -0.9368 -0.1830
vn -0.2983 -0.9367 -0.1835
vn -0.2983 -0.9368 -0.1830
vn -0.2983 -0.9368 -0.1828
vn -0.0225 0.8395 -0.5429
vn -0.2114 0.7087 0.6731
vn -0.2115 0.7087 0.6731
vn -0.2117 0.7089 0.6728
vn -0.7921 0.3575 0.4948
vn -0.1083 0.7781 -0.6187
vn -0.1085 0.7781 -0.6187
vn -0.1084 0.7781 -0.6187
vn -0.1083 0.7782 0.6186
vn -0.1085 0.7781 0.6187
vn -0.1084 0.7782 0.6186
vn -0.6898 0.4161 0.5925
vn -0.2115 0.7087 -0.6731
vn -0.2115 0.7086 -0.6731
vn -0.0224 0.8395 0.5429
vn -0.0225 0.8395 0.5429
vn -0.5737 0.4840 0.6608
vn -0.3274 0.6340 -0.7006
vn 0.0443 0.8907 0.4525
vn 0.0445 0.8906 0.4525
vn -0.4505 0.5579 0.6970
vn -0.4505 0.5579 -0.6970
vn 0.0930 0.9306 0.3539
vn 0.0930 0.9307 0.3539
vn -0.3274 0.6340 0.7006
vn -0.5737 0.4840 -0.6608
vn 0.1251 0.9596 0.2521
vn 0.1251 0.9596 0.2522
vn -0.6898 0.4161 -0.5925
vn 0.1441 0.9781 0.1505
vn 0.1440 0.9781 0.1505
vn -0.7921 0.3575 -0.4948
vn 0.1526 0.9870 0.0499
vn 0.1526 0.9870 0.0500
vn 0.1526 0.9870 0.0501
vn -0.8745 0.3110 -0.3723
vn -0.8744 0.3110 -0.3723
vn 0.1528 0.9870 -0.0497
vn 0.1526 0.9870 -0.0500
vn 0.1524 0.9871 -0.0500
vn -0.9321 0.2789 -0.2311
vn -0.9321 0.2788 -0.2312
vn -0.9321 0.2788 -0.2313
vn 0.1440 0.9781 -0.1505
vn -0.9618 0.2623 -0.0783
vn -0.9618 0.2623 -0.0784
vn -0.9617 0.2624 -0.0787
vn -0.9618 0.2625 -0.0782
vn 0.1251 0.9596 -0.2522
vn -0.9618 0.2623 0.0784
vn -0.9618 0.2622 0.0782
vn -0.9618 0.2624 0.0784
vn 0.0930 0.9306 -0.3539
vn 0.0931 0.9306 -0.3540
vn -0.9321 0.2788 0.2312
vn 0.0446 0.8907 -0.4525
vn 0.0445 0.8906 -0.4525
vn -0.8986 -0.3290 0.2903
vn 0.8334 -0.5217 -0.1825
vn 0.8332 -0.5219 -0.1828
vn 0.8331 -0.5220 -0.1828
vn -0.3210 -0.9451 -0.0617
vn -0.3211 -0.9450 -0.0617
vn 0.7888 -0.5382 -0.2969
vn 0.7888 -0.5381 -0.2969
vn -0.3210 -0.9451 0.0617
vn 0.7245 -0.5617 -0.3996
vn 0.7245 -0.5616 -0.3997
vn 0.7244 -0.5618 -0.3995
vn -0.2983 -0.9368 0.1830
vn -0.2982 -0.9369 0.1827
vn -0.2980 -0.9368 0.1831
vn -0.2983 -0.9367 0.1835
vn 0.6425 -0.5918 -0.4868
vn 0.6424 -0.5919 -0.4868
vn -0.2542 -0.9205 0.2966
vn -0.2542 -0.9205 0.2967
vn -0.2541 -0.9205 0.2967
vn 0.5461 -0.6272 -0.5553
vn 0.3254 -0.7082 0.6266
vn 0.3255 -0.7082 0.6265
vn 0.3253 -0.7081 0.6267
vn -0.1897 -0.8969 0.3995
vn -0.1897 -0.8968 0.3996
vn 0.4390 -0.6665 -0.6026
vn 0.4389 -0.6664 -0.6027
vn 0.4390 -0.6664 -0.6026
vn 0.4389 -0.6667 0.6023
vn 0.4389 -0.6668 0.6023
vn 0.4390 -0.6666 0.6024
vn -0.1072 -0.8669 0.4868
vn -0.1076 -0.8669 0.4868
vn -0.1073 -0.8669 0.4868
vn -0.1074 -0.8669 0.4868
vn 0.3254 -0.7080 -0.6268
vn 0.3254 -0.7081 -0.6267
vn 0.3253 -0.7080 -0.6269
vn 0.5460 -0.6271 0.5555
vn 0.5463 -0.6270 0.5554
vn 0.5460 -0.6272 0.5555
vn 0.5461 -0.6272 0.5553
vn -0.0115 -0.8316 0.5552
vn -0.0114 -0.8313 0.5557
vn -0.0114 -0.8315 0.5554
vn -0.0113 -0.8316 0.5553
vn 0.2093 -0.7506 -0.6268
vn 0.2095 -0.7506 -0.6267
vn 0.2092 -0.7505 -0.6269
vn 0.6425 -0.5918 0.4868
vn 0.6424 -0.5916 0.4872
vn 0.6425 -0.5918 0.4869
vn 0.6424 -0.5919 0.4867
vn 0.0957 -0.7923 0.6026
vn 0.0961 -0.7924 0.6024
vn 0.0958 -0.7923 0.6026
vn 0.0958 -0.7923 -0.6026
vn 0.0959 -0.7922 -0.6026
vn 0.7245 -0.5617 0.3995
vn 0.7244 -0.5618 0.3995
vn 0.2093 -0.7507 0.6265
vn 0.2095 -0.7508 0.6264
vn 0.2094 -0.7507 0.6265
vn 0.2096 -0.7505 0.6267
vn -0.0109 -0.8317 -0.5551
vn -0.0112 -0.8316 -0.5552
vn -0.0110 -0.8317 -0.5551
vn 0.7889 -0.5381 0.2969
vn 0.7888 -0.5383 0.2967
vn 0.7888 -0.5382 0.2968
vn -0.1077 -0.8669 -0.4868
vn -0.1078 -0.8669 -0.4868
vn 0.8332 -0.5218 0.1828
vn 0.8333 -0.5218 0.1827
vn 0.8335 -0.5215 0.1826
vn -0.1898 -0.8967 -0.3999
vn -0.1895 -0.8967 -0.4000
vn -0.1899 -0.8968 -0.3997
vn 0.8558 -0.5137 0.0617
vn 0.8557 -0.5137 0.0621
vn 0.8557 -0.5137 0.0618
vn 0.8556 -0.5139 0.0618
vn -0.2541 -0.9206 -0.2967
vn -0.2542 -0.9206 -0.2965
vn -0.2541 -0.9206 -0.2966
vn -0.2542 -0.9206 -0.2966
vn 0.8557 -0.5138 -0.0618
vn 0.8557 -0.5137 -0.0618
vn -0.6722 0.4089 0.6172
vn -0.6723 0.4089 0.6172
vn 0.5957 0.2184 -0.7730
vn 0.5957 0.2184 -0.7729
vn 0.5956 0.2184 -0.7730
vn -0.8281 -0.3034 0.4714
vn -0.8282 -0.3031 0.4714
vn -0.8281 -0.3032 0.4716
vn -0.8280 -0.3037 0.4713
vn 0.4426 0.1622 -0.8819
vn 0.4422 0.1623 -0.8821
vn 0.4427 0.1622 -0.8819
vn 0.4428 0.1621 -0.8818
vn 0.0920 0.0337 0.9952
vn 0.0919 0.0337 0.9952
vn -0.7258 -0.2661 0.6344
vn -0.7258 -0.2660 0.6343
vn -0.7257 -0.2661 0.6344
vn 0.2725 0.0999 -0.9570
vn 0.2723 0.0999 -0.9570
vn 0.2727 0.0999 -0.9569
vn 0.2727 0.1000 0.9569
vn 0.2726 0.0999 0.9569
vn -0.5957 -0.2184 0.7729
vn -0.5956 -0.2184 0.7730
vn -0.5957 -0.2184 0.7730
vn -0.5959 -0.2183 0.7728
vn 0.0922 0.0338 -0.9952
vn 0.4424 0.1621 0.8820
vn 0.4427 0.1624 0.8818
vn 0.4426 0.1623 0.8819
vn 0.4423 0.1620 0.8821
vn -0.4427 -0.1622 0.8819
vn -0.4428 -0.1621 0.8818
vn -0.4425 -0.1622 0.8820
vn -0.4424 -0.1622 0.8820
vn -0.0922 -0.0338 -0.9952
vn -0.0920 -0.0337 -0.9952
vn -0.0923 -0.0338 -0.9952
vn 0.5955 0.2181 0.7732
vn 0.5955 0.2181 0.7731
vn -0.2729 -0.0999 0.9568
vn -0.2726 -0.0999 0.9569
vn -0.2724 -0.0998 -0.9570
vn -0.2725 -0.0999 -0.9569
vn -0.2722 -0.0997 -0.9571
vn 0.7261 0.2659 0.6341
vn 0.7259 0.2660 0.6343
vn -0.0920 -0.0337 0.9952
vn -0.0919 -0.0337 0.9952
vn -0.0921 -0.0337 0.9952
vn -0.4425 -0.1622 -0.8820
vn -0.4428 -0.1621 -0.8818
vn -0.4427 -0.1622 -0.8819
vn -0.4424 -0.1622 -0.8820
vn 0.8280 0.3037 0.4714
vn 0.8280 0.3036 0.4714
vn -0.5958 -0.2185 -0.7729
vn -0.5956 -0.2184 -0.7730
vn -0.5957 -0.2184 -0.7729
vn -0.5958 -0.2185 -0.7728
vn 0.8987 0.3291 0.2899
vn -0.7258 -0.2658 -0.6344
vn -0.7258 -0.2661 -0.6344
vn -0.7260 -0.2662 -0.6341
vn -0.7259 -0.2661 -0.6343
vn 0.9344 0.3425 0.0981
vn 0.9344 0.3425 0.0980
vn 0.9343 0.3426 0.0983
vn -0.8280 -0.3036 -0.4714
vn -0.8280 -0.3037 -0.4714
vn 0.9344 0.3425 -0.0981
vn 0.9344 0.3425 -0.0982
vn 0.9343 0.3426 -0.0982
vn 0.9343 0.3428 -0.0978
vn -0.8986 -0.3290 -0.2903
vn -0.8985 -0.3294 -0.2903
vn 0.8987 0.3291 -0.2899
vn 0.8985 0.3293 -0.2902
vn -0.9344 -0.3425 -0.0980
vn -0.9344 -0.3426 -0.0978
vn -0.9344 -0.3424 -0.0983
vn 0.8280 0.3036 -0.4714
vn 0.8280 0.3038 -0.4713
vn -0.9344 -0.3425 0.0981
vn -0.9344 -0.3426 0.0979
vn -0.9344 -0.3425 0.0982
vn -0.9344 -0.3424 0.0983
vn 0.7256 0.2657 -0.6348
vn 0.1506 -0.7276 0.6692
vn 0.1505 -0.7276 0.6693
vn 0.1505 -0.7277 0.6692
vn -0.1561 0.6844 -0.7122
vn 0.0545 0.8122 0.5808
vn 0.0545 0.8123 0.5807
vn -0.5483 0.4720 0.6904
vn -0.5482 0.4720 0.6904
vn -0.2828 0.6131 -0.7377
vn 0.1313 0.8637 0.4866
vn 0.1312 0.8636 0.4867
vn -0.4159 0.5411 0.7309
vn -0.4159 0.5411 -0.7309
vn 0.1880 0.9046 0.3826
vn 0.1880 0.9046 0.3827
vn 0.1881 0.9047 0.3823
vn -0.2828 0.6131 0.7377
vn -0.2828 0.6131 0.7376
vn -0.5482 0.4720 -0.6904
vn 0.2264 0.9348 0.2737
vn 0.2266 0.9347 0.2739
vn 0.2267 0.9346 0.2740
vn -0.6721 0.4089 -0.6173
vn -0.6722 0.4089 -0.6172
vn -0.6722 0.4089 -0.6173
vn 0.2499 0.9543 0.1639
vn 0.2499 0.9543 0.1640
vn -0.7807 0.3549 -0.5143
vn 0.2606 0.9639 0.0547
vn 0.2606 0.9639 0.0546
vn -0.8679 0.3122 -0.3864
vn 0.2605 0.9639 -0.0550
vn 0.2606 0.9639 -0.0546
vn -0.9288 0.2828 -0.2396
vn 0.2499 0.9543 -0.1640
vn 0.2499 0.9543 -0.1638
vn -0.9601 0.2675 -0.0814
vn -0.9601 0.2677 -0.0812
vn 0.2266 0.9346 -0.2740
vn 0.2266 0.9347 -0.2739
vn 0.2267 0.9346 -0.2740
vn -0.9601 0.2674 0.0815
vn -0.9601 0.2677 0.0812
vn -0.9601 0.2676 0.0813
vn -0.9601 0.2675 0.0812
vn 0.1877 0.9047 -0.3824
vn 0.1880 0.9045 -0.3827
vn 0.1878 0.9046 -0.3827
vn 0.1880 0.9046 -0.3827
vn -0.9288 0.2828 0.2396
vn 0.1313 0.8636 -0.4867
vn -0.8679 0.3122 0.3864
vn -0.8679 0.3122 0.3863
vn 0.0545 0.8123 -0.5807
vn 0.0541 0.8124 -0.5806
vn -0.1561 0.6844 0.7122
vn -0.7807 0.3549 0.5143
vn -0.0422 0.7518 -0.6580
vn -0.0421 0.7518 -0.6580
vn -0.0421 0.7518 0.6580
vn -0.0423 0.7518 0.6580
vn -0.8443 -0.2545 -0.4716
vn -0.8441 -0.2545 -0.4719
vn -0.8444 -0.2544 -0.4715
vn -0.8444 -0.2545 -0.4714
vn -0.0900 -0.8001 -0.5931
vn 0.7813 -0.5376 0.3170
vn 0.7814 -0.5375 0.3170
vn 0.7814 -0.5376 0.3170
vn -0.1947 -0.8318 -0.5199
vn -0.1945 -0.8318 -0.5199
vn -0.1947 -0.8317 -0.5199
vn -0.1949 -0.8317 -0.5199
vn 0.8297 -0.5229 0.1951
vn 0.8298 -0.5229 0.1951
vn 0.8298 -0.5229 0.1952
vn 0.8297 -0.5229 0.1952
vn -0.2842 -0.8586 -0.4266
vn -0.2842 -0.8587 -0.4265
vn -0.2841 -0.8587 -0.4265
vn 0.8544 -0.5154 0.0662
vn 0.8544 -0.5153 0.0666
vn 0.8545 -0.5151 0.0665
vn -0.3543 -0.8797 -0.3170
vn -0.3545 -0.8797 -0.3170
vn -0.3544 -0.8797 -0.3170
vn -0.3542 -0.8798 -0.3169
vn 0.8544 -0.5155 -0.0659
vn 0.8544 -0.5154 -0.0663
vn 0.8544 -0.5154 -0.0659
vn -0.4025 -0.8943 -0.1952
vn -0.4026 -0.8943 -0.1952
vn -0.4025 -0.8944 -0.1952
vn 0.8297 -0.5229 -0.1953
vn 0.8297 -0.5230 -0.1952
vn 0.8296 -0.5231 -0.1953
vn -0.4273 -0.9017 -0.0658
vn -0.4272 -0.9017 -0.0659
vn -0.4272 -0.9018 -0.0658
vn 0.7813 -0.5376 -0.3170
vn 0.7811 -0.5377 -0.3172
vn 0.7814 -0.5375 -0.3171
vn 0.7814 -0.5374 -0.3170
vn -0.4273 -0.9017 0.0659
vn -0.4266 -0.9021 0.0658
vn -0.4271 -0.9018 0.0659
vn -0.4272 -0.9017 0.0660
vn 0.7113 -0.5587 -0.4265
vn 0.7112 -0.5590 -0.4263
vn 0.7113 -0.5586 -0.4266
vn -0.4024 -0.8944 0.1952
vn 0.6222 -0.5853 -0.5199
vn 0.6223 -0.5852 -0.5199
vn 0.6222 -0.5854 -0.5198
vn 0.6221 -0.5855 -0.5198
vn -0.3543 -0.8798 0.3170
vn -0.3541 -0.8798 0.3170
vn -0.3545 -0.8797 0.3170
vn 0.5170 -0.6171 -0.5932
vn 0.5171 -0.6171 -0.5931
vn 0.5170 -0.6173 -0.5930
vn 0.5167 -0.6170 -0.5935
vn 0.2766 -0.6896 0.6693
vn 0.2765 -0.6896 0.6693
vn 0.2764 -0.6897 0.6692
vn -0.2843 -0.8587 0.4265
vn -0.2843 -0.8586 0.4266
vn -0.2842 -0.8586 0.4266
vn 0.4004 -0.6523 -0.6435
vn 0.4006 -0.6524 -0.6434
vn 0.4002 -0.6522 -0.6438
vn 0.4005 -0.6523 -0.6436
vn 0.4006 -0.6524 0.6434
vn 0.4005 -0.6524 0.6434
vn 0.4005 -0.6522 0.6435
vn 0.4007 -0.6522 0.6435
vn -0.1948 -0.8317 0.5200
vn -0.1947 -0.8316 0.5201
vn -0.1948 -0.8316 0.5201
vn -0.1949 -0.8317 0.5199
vn 0.2768 -0.6897 -0.6691
vn 0.2771 -0.6898 -0.6689
vn 0.2766 -0.6895 -0.6694
vn 0.5170 -0.6174 0.5929
vn 0.5171 -0.6172 0.5931
vn 0.5171 -0.6173 0.5929
vn 0.5175 -0.6168 0.5930
vn -0.0902 -0.8003 0.5928
vn -0.0902 -0.8002 0.5929
vn -0.0900 -0.8001 0.5931
vn -0.0901 -0.8002 0.5929
vn 0.1507 -0.7278 -0.6691
vn 0.1505 -0.7275 -0.6694
vn 0.1505 -0.7276 -0.6693
vn 0.6223 -0.5852 0.5198
vn 0.6222 -0.5853 0.5198
vn 0.6221 -0.5854 0.5199
vn 0.0269 -0.7650 0.6435
vn 0.0267 -0.7649 0.6436
vn 0.0269 -0.7650 0.6434
vn 0.0271 -0.7651 0.6433
vn 0.0268 -0.7650 -0.6435
vn 0.0271 -0.7651 -0.6434
vn 0.0267 -0.7649 -0.6436
vn 0.7114 -0.5586 0.4264
vn 0.7113 -0.5586 0.4267
vn 0.7113 -0.5586 0.4266
vn 0.7115 -0.5585 0.4264
vn -0.9107 0.4059 0.0766
vn -0.9107 0.4059 0.0767
vn 0.9529 0.2871 -0.0980
vn 0.9528 0.2872 -0.0983
vn 0.9528 0.2872 -0.0981
vn 0.9529 0.2870 -0.0983
vn -0.9163 -0.2761 -0.2902
vn -0.9162 -0.2761 -0.2904
vn 0.9162 0.2761 -0.2903
vn 0.9161 0.2762 -0.2907
vn 0.9162 0.2760 -0.2903
vn 0.9162 0.2761 -0.2904
vn -0.9528 -0.2872 -0.0980
vn -0.9529 -0.2873 -0.0975
vn -0.9528 -0.2872 -0.0979
vn -0.9528 -0.2872 -0.0982
vn 0.8442 0.2546 -0.4717
vn 0.8441 0.2547 -0.4719
vn 0.8441 0.2547 -0.4718
vn 0.8443 0.2546 -0.4716
vn -0.9528 -0.2873 0.0977
vn 0.7398 0.2232 -0.6347
vn 0.7401 0.2231 -0.6344
vn 0.7398 0.2231 -0.6348
vn -0.9162 -0.2761 0.2903
vn -0.9163 -0.2761 0.2901
vn -0.9162 -0.2761 0.2904
vn -0.9161 -0.2762 0.2907
vn 0.6075 0.1832 -0.7729
vn -0.8444 -0.2544 0.4715
vn -0.8444 -0.2545 0.4714
vn -0.8443 -0.2546 0.4715
vn -0.8444 -0.2545 0.4715
vn 0.4515 0.1361 -0.8818
vn 0.4514 0.1361 -0.8819
vn 0.0938 0.0283 0.9952
vn 0.0939 0.0283 0.9952
vn 0.0936 0.0282 0.9952
vn -0.7401 -0.2230 0.6344
vn -0.7401 -0.2231 0.6344
vn 0.2779 0.0838 -0.9570
vn 0.2778 0.0838 -0.9570
vn 0.2781 0.0838 -0.9569
vn 0.2782 0.0839 0.9569
vn -0.6074 -0.1831 0.7730
vn -0.6075 -0.1832 0.7729
vn -0.6073 -0.1829 0.7731
vn 0.0937 0.0283 -0.9952
vn 0.4520 0.1363 0.8816
vn 0.4516 0.1361 0.8818
vn 0.4515 0.1361 0.8818
vn -0.4514 -0.1360 0.8819
vn -0.4513 -0.1360 0.8820
vn -0.4515 -0.1360 0.8819
vn -0.0937 -0.0283 -0.9952
vn -0.0939 -0.0283 -0.9952
vn 0.6075 0.1832 0.7729
vn -0.2780 -0.0838 0.9569
vn -0.2776 -0.0838 0.9570
vn -0.2779 -0.0838 0.9570
vn -0.2781 -0.0838 0.9569
vn -0.2779 -0.0838 -0.9569
vn -0.2778 -0.0838 -0.9570
vn 0.7401 0.2232 0.6344
vn 0.7399 0.2233 0.6346
vn 0.7398 0.2232 0.6347
vn 0.7400 0.2231 0.6346
vn -0.0937 -0.0283 0.9952
vn -0.0938 -0.0283 0.9952
vn -0.0937 -0.0282 0.9952
vn -0.0936 -0.0283 0.9952
vn -0.4514 -0.1361 -0.8819
vn -0.4516 -0.1362 -0.8818
vn -0.4515 -0.1361 -0.8818
vn 0.8444 0.2544 0.4714
vn 0.8443 0.2545 0.4716
vn 0.8444 0.2545 0.4714
vn -0.6074 -0.1829 -0.7731
vn -0.6076 -0.1827 -0.7729
vn -0.6074 -0.1828 -0.7731
vn -0.6069 -0.1830 -0.7735
vn 0.9163 0.2758 0.2903
vn 0.9162 0.2761 0.2904
vn 0.9163 0.2761 0.2903
vn 0.9162 0.2760 0.2904
vn -0.7401 -0.2232 -0.6344
vn -0.7401 -0.2229 -0.6345
vn -0.7401 -0.2230 -0.6344
vn 0.9528 0.2872 0.0980
vn 0.9529 0.2871 0.0981
vn 0.2085 -0.6081 0.7660
vn 0.2085 -0.6080 0.7660
vn 0.2084 -0.6081 0.7660
vn 0.2083 -0.6081 0.7660
vn 0.0542 0.9682 -0.2441
vn -0.8789 0.4203 0.2255
vn -0.8790 0.4202 0.2255
vn 0.0372 0.9418 -0.3342
vn 0.0372 0.9417 -0.3343
vn -0.8175 0.4482 0.3617
vn -0.0003 0.9039 -0.4277
vn -0.0003 0.9040 -0.4275
vn -0.1490 0.7969 0.5854
vn -0.7300 0.4889 0.4776
vn -0.0626 0.8552 -0.5145
vn -0.0625 0.8552 -0.5145
vn -0.0625 0.8552 0.5145
vn -0.0625 0.8552 0.5146
vn -0.6223 0.5404 0.5663
vn -0.1490 0.7969 -0.5854
vn -0.1491 0.7969 -0.5854
vn -0.0005 0.9040 0.4275
vn -0.0003 0.9040 0.4275
vn -0.5016 0.6003 0.6229
vn -0.2561 0.7324 -0.6309
vn 0.0372 0.9417 0.3343
vn -0.3765 0.6655 0.6444
vn -0.3765 0.6655 -0.6444
vn -0.3765 0.6655 -0.6445
vn 0.0542 0.9682 0.2441
vn -0.2561 0.7324 0.6309
vn -0.5016 0.6003 -0.6229
vn 0.0569 0.9850 0.1626
vn 0.0571 0.9850 0.1627
vn 0.0567 0.9850 0.1628
vn -0.6223 0.5404 -0.5663
vn 0.0535 0.9943 0.0920
vn -0.7300 0.4889 -0.4776
vn 0.0499 0.9983 0.0296
vn 0.0499 0.9983 0.0295
vn -0.8175 0.4482 -0.3617
vn 0.0499 0.9983 -0.0295
vn 0.0499 0.9983 -0.0296
vn -0.8790 0.4202 -0.2255
vn 0.0533 0.9943 -0.0921
vn 0.0535 0.9943 -0.0920
vn -0.9107 0.4059 -0.0765
vn -0.9107 0.4059 -0.0766
vn 0.0572 0.9850 -0.1628
vn 0.0571 0.9850 -0.1627
vn 0.0572 0.9850 -0.1629
vn 0.6201 0.1337 0.7731
vn 0.6202 0.1337 0.7730
vn -0.4468 -0.7496 0.4883
vn -0.4471 -0.7494 0.4883
vn -0.4470 -0.7495 0.4883
vn -0.4470 -0.7493 0.4886
vn 0.3531 -0.5771 -0.7364
vn 0.3527 -0.5769 -0.7368
vn 0.3530 -0.5770 -0.7365
vn 0.3535 -0.5773 -0.7361
vn 0.3531 -0.5770 0.7365
vn 0.3530 -0.5770 0.7366
vn 0.3530 -0.5771 0.7364
vn 0.3530 -0.5769 0.7366
vn -0.3426 -0.7272 0.5949
vn -0.3428 -0.7270 0.5950
vn -0.3427 -0.7271 0.5949
vn -0.3430 -0.7270 0.5949
vn 0.2083 -0.6082 -0.7660
vn 0.2081 -0.6082 -0.7660
vn 0.2079 -0.6081 -0.7661
vn 0.2083 -0.6081 -0.7660
vn 0.4888 -0.5480 0.6788
vn 0.4889 -0.5480 0.6788
vn -0.2196 -0.7006 0.6789
vn -0.2201 -0.7005 0.6788
vn -0.2201 -0.7005 0.6789
vn 0.0609 -0.6400 -0.7660
vn 0.0608 -0.6399 -0.7660
vn 0.0606 -0.6398 -0.7661
vn 0.6119 -0.5215 0.5946
vn 0.6119 -0.5211 0.5950
vn 0.6119 -0.5212 0.5949
vn 0.6119 -0.5212 0.5950
vn -0.0837 -0.6712 0.7366
vn -0.0835 -0.6711 0.7367
vn -0.0837 -0.6713 0.7364
vn -0.0839 -0.6714 0.7363
vn -0.0838 -0.6714 -0.7364
vn -0.0838 -0.6712 -0.7366
vn -0.0837 -0.6714 -0.7364
vn -0.0842 -0.6712 -0.7365
vn 0.7160 -0.4985 0.4887
vn 0.7161 -0.4986 0.4884
vn 0.7161 -0.4986 0.4885
vn 0.7162 -0.4986 0.4883
vn 0.0608 -0.6399 0.7660
vn 0.0607 -0.6400 0.7660
vn 0.0607 -0.6399 0.7660
vn -0.2200 -0.7005 -0.6789
vn -0.2202 -0.7005 -0.6789
vn -0.2201 -0.7005 -0.6788
vn 0.7981 -0.4810 0.3628
vn 0.7979 -0.4811 0.3632
vn 0.7981 -0.4811 0.3628
vn -0.3426 -0.7271 -0.5949
vn -0.3425 -0.7268 -0.5954
vn -0.3427 -0.7269 -0.5952
vn -0.3428 -0.7271 -0.5948
vn 0.8546 -0.4689 0.2232
vn 0.8545 -0.4690 0.2234
vn 0.8545 -0.4690 0.2233
vn 0.8547 -0.4688 0.2231
vn -0.4471 -0.7496 -0.4882
vn -0.4472 -0.7494 -0.4883
vn -0.4473 -0.7495 -0.4881
vn -0.4470 -0.7495 -0.4883
vn 0.8832 -0.4629 0.0751
vn 0.8833 -0.4627 0.0754
vn 0.8833 -0.4626 0.0755
vn 0.8833 -0.4626 0.0754
vn -0.5291 -0.7671 -0.3628
vn -0.5290 -0.7672 -0.3628
vn 0.8833 -0.4628 -0.0751
vn 0.8833 -0.4627 -0.0753
vn 0.8834 -0.4625 -0.0756
vn -0.5855 -0.7792 -0.2236
vn -0.5855 -0.7793 -0.2236
vn -0.5855 -0.7793 -0.2234
vn 0.8545 -0.4689 -0.2233
vn 0.8545 -0.4689 -0.2235
vn 0.8545 -0.4690 -0.2233
vn 0.8546 -0.4688 -0.2234
vn -0.6142 -0.7855 -0.0757
vn -0.6141 -0.7856 -0.0758
vn -0.6142 -0.7855 -0.0758
vn -0.6145 -0.7853 -0.0754
vn 0.7981 -0.4809 -0.3629
vn 0.7980 -0.4810 -0.3630
vn 0.7981 -0.4810 -0.3629
vn 0.7981 -0.4811 -0.3628
vn -0.6141 -0.7856 0.0753
vn -0.6143 -0.7855 0.0752
vn -0.6142 -0.7856 0.0756
vn -0.6140 -0.7857 0.0755
vn 0.7162 -0.4985 -0.4884
vn 0.7163 -0.4986 -0.4882
vn 0.7162 -0.4985 -0.4883
vn 0.7162 -0.4986 -0.4883
vn -0.5855 -0.7792 0.2236
vn -0.5855 -0.7793 0.2234
vn -0.5855 -0.7793 0.2235
vn -0.5855 -0.7793 0.2236
vn 0.6119 -0.5215 -0.5946
vn 0.6119 -0.5211 -0.5950
vn -0.5290 -0.7671 0.3628
vn -0.5291 -0.7671 0.3628
vn 0.4889 -0.5480 -0.6788
vn 0.4888 -0.5480 -0.6788
vn 0.0213 0.9977 0.0644
vn 0.0211 0.9977 0.0645
vn -0.2838 -0.0612 0.9569
vn -0.2837 -0.0612 0.9570
vn -0.2838 -0.0612 -0.9569
vn 0.7555 0.1630 0.6345
vn 0.7556 0.1629 0.6345
vn 0.7555 0.1630 0.6346
vn 0.7554 0.1631 0.6346
vn -0.0958 -0.0207 0.9952
vn -0.4609 -0.0996 -0.8818
vn -0.4608 -0.0993 -0.8819
vn 0.8622 0.1859 0.4713
vn 0.8620 0.1854 0.4717
vn 0.8622 0.1857 0.4714
vn 0.8621 0.1859 0.4714
vn -0.6202 -0.1338 -0.7730
vn -0.6201 -0.1337 -0.7730
vn -0.6200 -0.1338 -0.7731
vn -0.6199 -0.1339 -0.7732
vn 0.9355 0.2016 0.2902
vn 0.9355 0.2015 0.2903
vn 0.9354 0.2017 0.2903
vn -0.7557 -0.1628 -0.6344
vn -0.7556 -0.1628 -0.6345
vn -0.7557 -0.1629 -0.6343
vn -0.7558 -0.1631 -0.6341
vn 0.9728 0.2099 0.0979
vn 0.9728 0.2097 0.0981
vn 0.9728 0.2096 0.0984
vn 0.9728 0.2100 0.0977
vn -0.8621 -0.1863 -0.4712
vn -0.8621 -0.1860 -0.4714
vn 0.9728 0.2097 -0.0983
vn 0.9728 0.2097 -0.0981
vn 0.9728 0.2099 -0.0978
vn 0.9728 0.2100 -0.0976
vn -0.9355 -0.2016 -0.2903
vn -0.9355 -0.2015 -0.2903
vn -0.9355 -0.2017 -0.2903
vn -0.9355 -0.2015 -0.2901
vn 0.9353 0.2020 -0.2905
vn 0.9354 0.2019 -0.2903
vn 0.9354 0.2020 -0.2904
vn 0.9354 0.2018 -0.2904
vn -0.9729 -0.2098 -0.0978
vn -0.9729 -0.2097 -0.0980
vn -0.9728 -0.2097 -0.0980
vn -0.9728 -0.2097 -0.0981
vn 0.8620 0.1859 -0.4715
vn 0.8621 0.1859 -0.4714
vn 0.8621 0.1856 -0.4716
vn 0.8621 0.1859 -0.4715
vn -0.9728 -0.2098 0.0980
vn -0.9728 -0.2098 0.0979
vn -0.9728 -0.2097 0.0981
vn 0.7557 0.1630 -0.6343
vn 0.7557 0.1631 -0.6343
vn 0.7558 0.1630 -0.6342
vn 0.7560 0.1632 -0.6339
vn -0.9354 -0.2016 0.2904
vn -0.9355 -0.2016 0.2903
vn -0.9354 -0.2016 0.2905
vn -0.9353 -0.2019 0.2906
vn 0.6202 0.1338 -0.7729
vn 0.6201 0.1337 -0.7731
vn -0.8621 -0.1859 0.4713
vn -0.8622 -0.1861 0.4711
vn -0.8621 -0.1859 0.4714
vn 0.4606 0.0993 -0.8820
vn 0.4610 0.0992 -0.8818
vn 0.4608 0.0992 -0.8819
vn 0.4604 0.0994 -0.8821
vn 0.0958 0.0207 0.9952
vn 0.0957 0.0207 0.9952
vn -0.7556 -0.1631 0.6344
vn -0.7555 -0.1629 0.6345
vn -0.7555 -0.1632 0.6344
vn 0.2837 0.0612 -0.9570
vn 0.2838 0.0612 -0.9569
vn 0.2837 0.0611 0.9570
vn 0.2838 0.0612 0.9569
vn 0.2836 0.0611 0.9570
vn 0.2834 0.0610 0.9571
vn -0.6200 -0.1337 0.7731
vn -0.6201 -0.1337 0.7730
vn -0.6201 -0.1336 0.7731
vn -0.6200 -0.1334 0.7732
vn 0.0957 0.0206 -0.9952
vn 0.0958 0.0206 -0.9952
vn 0.0962 0.0207 -0.9951
vn 0.0961 0.0207 -0.9952
vn 0.4608 0.0992 0.8819
vn 0.4610 0.0992 0.8818
vn 0.4606 0.0993 0.8820
vn 0.4604 0.0994 0.8821
vn -0.4609 -0.0996 0.8818
vn -0.0957 -0.0206 -0.9952
vn -0.0956 -0.0206 -0.9952
vn -0.0958 -0.0206 -0.9952
vn 0.6677 -0.7267 -0.1616
vn 0.6677 -0.7266 -0.1617
vn 0.6679 -0.7266 -0.1613
vn -0.5678 0.7506 -0.3381
vn -0.5675 0.7507 -0.3383
vn 0.0211 0.9996 0.0210
vn 0.0210 0.9996 0.0210
vn -0.6358 0.7272 -0.2586
vn -0.6358 0.7273 -0.2585
vn -0.6358 0.7271 -0.2588
vn 0.0210 0.9996 -0.0210
vn 0.0211 0.9996 -0.0210
vn -0.6844 0.7108 -0.1623
vn -0.6844 0.7108 -0.1622
vn 0.0210 0.9977 -0.0645
vn 0.0211 0.9977 -0.0645
vn 0.0211 0.9977 -0.0644
vn -0.7096 0.7025 -0.0549
vn -0.7097 0.7023 -0.0553
vn -0.7097 0.7023 -0.0551
vn 0.0191 0.9935 -0.1123
vn 0.0188 0.9935 -0.1120
vn -0.7097 0.7023 0.0552
vn -0.7097 0.7023 0.0553
vn 0.0120 0.9861 -0.1655
vn -0.6845 0.7107 0.1623
vn -0.6844 0.7108 0.1622
vn -0.0041 0.9747 -0.2236
vn -0.0042 0.9747 -0.2236
vn -0.6359 0.7272 0.2586
vn -0.6358 0.7273 0.2585
vn -0.6357 0.7273 0.2586
vn -0.0332 0.9583 -0.2838
vn -0.0335 0.9583 -0.2838
vn -0.1394 0.9100 0.3904
vn -0.5675 0.7507 0.3383
vn -0.5675 0.7507 0.3382
vn -0.0780 0.9366 -0.3415
vn -0.0783 0.9367 -0.3413
vn -0.0784 0.9367 -0.3413
vn -0.0783 0.9367 0.3412
vn -0.0783 0.9367 0.3413
vn -0.4848 0.7796 0.3965
vn -0.4847 0.7796 0.3966
vn -0.1393 0.9101 -0.3903
vn -0.1394 0.9100 -0.3904
vn -0.1393 0.9100 -0.3904
vn -0.0335 0.9583 0.2838
vn -0.3941 0.8120 0.4306
vn -0.3940 0.8120 0.4306
vn -0.3941 0.8122 0.4302
vn -0.2152 0.8793 -0.4249
vn -0.2151 0.8793 -0.4249
vn -0.0043 0.9747 0.2237
vn -0.0042 0.9747 0.2236
vn -0.3019 0.8459 0.4396
vn -0.3019 0.8460 0.4395
vn -0.3019 0.8459 -0.4396
vn -0.3019 0.8460 -0.4395
vn -0.3019 0.8459 -0.4397
vn 0.0120 0.9861 0.1655
vn 0.0120 0.9861 0.1656
vn -0.2153 0.8793 0.4249
vn -0.2152 0.8793 0.4249
vn -0.3940 0.8119 -0.4307
vn -0.3940 0.8120 -0.4306
vn -0.3942 0.8119 -0.4306
vn 0.0191 0.9935 0.1123
vn -0.4847 0.7796 -0.3966
vn -0.4847 0.7796 -0.3965
vn 0.6251 0.1084 -0.7730
vn 0.6252 0.1083 -0.7729
vn -0.4051 -0.9126 -0.0546
vn -0.4051 -0.9126 -0.0547
vn 0.6265 -0.7338 -0.2629
vn 0.6264 -0.7338 -0.2629
vn -0.4052 -0.9126 0.0548
vn -0.4051 -0.9126 0.0547
vn -0.4052 -0.9126 0.0547
vn 0.5664 -0.7443 -0.3539
vn 0.5666 -0.7442 -0.3539
vn 0.5664 -0.7444 -0.3538
vn 0.5666 -0.7443 -0.3535
vn -0.3841 -0.9090 0.1619
vn -0.3839 -0.9090 0.1621
vn 0.4903 -0.7576 -0.4309
vn 0.4904 -0.7575 -0.4310
vn 0.4903 -0.7575 -0.4310
vn 0.4904 -0.7574 -0.4311
vn -0.3430 -0.9018 0.2628
vn -0.3430 -0.9019 0.2628
vn -0.3429 -0.9019 0.2627
vn 0.4009 -0.7729 -0.4919
vn 0.1957 -0.8085 0.5550
vn -0.2831 -0.8914 0.3540
vn -0.2832 -0.8913 0.3541
vn -0.2831 -0.8914 0.3539
vn 0.3013 -0.7904 -0.5334
vn 0.3012 -0.7903 -0.5335
vn 0.3013 -0.7904 -0.5333
vn 0.3013 -0.7901 0.5337
vn 0.3013 -0.7899 0.5341
vn 0.3014 -0.7900 0.5339
vn -0.2069 -0.8782 0.4313
vn -0.2068 -0.8782 0.4313
vn 0.1958 -0.8086 -0.5549
vn 0.1957 -0.8085 -0.5550
vn 0.1958 -0.8085 -0.5549
vn 0.1959 -0.8086 -0.5548
vn 0.4008 -0.7729 0.4919
vn 0.4009 -0.7729 0.4919
vn -0.1171 -0.8628 0.4918
vn -0.1172 -0.8628 0.4918
vn -0.1171 -0.8627 0.4920
vn 0.0879 -0.8272 -0.5550
vn 0.0880 -0.8272 -0.5549
vn 0.0877 -0.8272 -0.5550
vn 0.0880 -0.8272 -0.5550
vn 0.4904 -0.7575 0.4310
vn 0.4904 -0.7575 0.4309
vn 0.4906 -0.7573 0.4310
vn 0.4905 -0.7573 0.4311
vn -0.0175 -0.8454 0.5338
vn -0.0173 -0.8455 0.5336
vn -0.0174 -0.8457 0.5334
vn -0.0175 -0.8458 0.5332
vn -0.0176 -0.8456 -0.5336
vn -0.0177 -0.8455 -0.5336
vn -0.0176 -0.8456 -0.5335
vn 0.5665 -0.7443 0.3537
vn 0.5666 -0.7442 0.3538
vn 0.5664 -0.7445 0.3535
vn 0.0880 -0.8273 0.5549
vn 0.0880 -0.8273 0.5548
vn 0.0880 -0.8272 0.5549
vn 0.0880 -0.8272 0.5550
vn -0.1174 -0.8627 -0.4919
vn -0.1176 -0.8627 -0.4919
vn -0.1175 -0.8627 -0.4919
vn -0.1172 -0.8627 -0.4919
vn 0.6264 -0.7338 0.2629
vn 0.6263 -0.7339 0.2629
vn -0.2069 -0.8782 -0.4312
vn -0.2068 -0.8783 -0.4311
vn -0.2070 -0.8781 -0.4314
vn 0.6677 -0.7266 0.1617
vn 0.6677 -0.7266 0.1616
vn 0.6677 -0.7267 0.1617
vn 0.6677 -0.7266 0.1619
vn -0.2830 -0.8914 -0.3539
vn -0.2829 -0.8914 -0.3540
vn -0.2830 -0.8915 -0.3539
vn -0.2832 -0.8914 -0.3538
vn 0.6885 -0.7232 0.0549
vn 0.6885 -0.7231 0.0550
vn 0.6884 -0.7232 0.0549
vn -0.3430 -0.9019 -0.2628
vn -0.3429 -0.9019 -0.2628
vn -0.3430 -0.9018 -0.2628
vn -0.3426 -0.9019 -0.2630
vn 0.6885 -0.7231 -0.0549
vn 0.6886 -0.7231 -0.0550
vn 0.6885 -0.7232 -0.0548
vn -0.3840 -0.9090 -0.1621
vn -0.3840 -0.9090 -0.1622
vn -0.3841 -0.9090 -0.1620
vn -0.3838 -0.9091 -0.1622
vn -0.0145 0.7110 -0.7031
vn -0.0146 0.7110 -0.7030
vn -0.8690 -0.1507 0.4713
vn -0.8689 -0.1510 0.4715
vn -0.8690 -0.1507 0.4714
vn 0.4643 0.0807 -0.8820
vn 0.4644 0.0806 -0.8820
vn 0.0966 0.0167 0.9952
vn -0.7617 -0.1322 0.6342
vn 0.2858 0.0496 -0.9570
vn 0.2856 0.0496 -0.9571
vn 0.2860 0.0496 -0.9570
vn 0.2857 0.0496 0.9570
vn 0.2856 0.0496 0.9571
vn 0.2855 0.0495 0.9571
vn 0.2858 0.0496 0.9570
vn -0.6252 -0.1084 0.7729
vn -0.6251 -0.1084 0.7730
vn -0.6251 -0.1083 0.7730
vn 0.0961 0.0167 -0.9952
vn 0.4644 0.0806 0.8820
vn 0.4643 0.0807 0.8820
vn 0.4644 0.0806 0.8819
vn 0.4648 0.0803 0.8818
vn -0.4646 -0.0805 0.8819
vn -0.4648 -0.0804 0.8818
vn -0.4644 -0.0806 0.8820
vn -0.0965 -0.0167 -0.9952
vn -0.0967 -0.0167 -0.9952
vn -0.0966 -0.0167 -0.9952
vn 0.6251 0.1084 0.7730
vn 0.6251 0.1083 0.7730
vn 0.6249 0.1084 0.7731
vn -0.2860 -0.0496 0.9569
vn -0.2860 -0.0496 0.9570
vn -0.2859 -0.0497 0.9570
vn -0.2856 -0.0496 0.9571
vn -0.2857 -0.0496 -0.9570
vn -0.2858 -0.0496 -0.9570
vn -0.2855 -0.0495 -0.9571
vn -0.2856 -0.0496 -0.9571
vn 0.7616 0.1321 0.6344
vn -0.0966 -0.0167 0.9952
vn -0.4644 -0.0806 -0.8820
vn -0.4648 -0.0804 -0.8818
vn -0.4646 -0.0805 -0.8819
vn -0.4641 -0.0806 -0.8821
vn 0.8689 0.1510 0.4715
vn 0.8690 0.1507 0.4714
vn -0.6250 -0.1084 -0.7730
vn -0.6250 -0.1084 -0.7731
vn 0.9429 0.1637 0.2900
vn 0.9429 0.1635 0.2903
vn 0.9429 0.1638 0.2899
vn -0.7614 -0.1323 -0.6346
vn 0.9806 0.1700 0.0980
vn 0.9805 0.1701 0.0981
vn 0.9806 0.1700 0.0978
vn -0.8690 -0.1507 -0.4713
vn -0.8690 -0.1507 -0.4714
vn -0.8689 -0.1510 -0.4715
vn 0.9806 0.1700 -0.0979
vn 0.9806 0.1700 -0.0980
vn 0.9805 0.1701 -0.0981
vn -0.9429 -0.1635 -0.2903
vn -0.9428 -0.1635 -0.2903
vn -0.9428 -0.1636 -0.2904
vn 0.9428 0.1636 -0.2904
vn 0.9429 0.1635 -0.2903
vn 0.9428 0.1635 -0.2903
vn -0.9806 -0.1701 -0.0979
vn -0.9806 -0.1700 -0.0980
vn 0.8690 0.1507 -0.4714
vn 0.8690 0.1505 -0.4713
vn 0.8689 0.1510 -0.4715
vn -0.9806 -0.1699 0.0982
vn -0.9806 -0.1699 0.0981
vn -0.9806 -0.1701 0.0979
vn -0.9806 -0.1700 0.0980
vn 0.7616 0.1323 -0.6344
vn 0.7617 0.1319 -0.6344
vn -0.9429 -0.1635 0.2903
vn -0.9428 -0.1634 0.2905
vn -0.1871 -0.8770 -0.4426
vn -0.1871 -0.8769 -0.4427
vn 0.1644 0.8543 0.4931
vn -0.4563 0.4998 0.7362
vn -0.1507 0.6353 -0.7574
vn 0.1948 0.9100 0.3659
vn -0.3022 0.5638 0.7687
vn -0.3022 0.5638 -0.7687
vn 0.1909 0.9500 0.2471
vn -0.1507 0.6353 0.7574
vn -0.4563 0.4998 -0.7362
vn 0.1663 0.9747 0.1495
vn -0.6018 0.4452 -0.6631
vn 0.1377 0.9875 0.0767
vn -0.7292 0.4010 -0.5545
vn 0.1194 0.9926 0.0232
vn 0.1193 0.9926 0.0232
vn -0.8311 0.3677 -0.4173
vn 0.1194 0.9926 -0.0232
vn -0.9020 0.3454 -0.2589
vn 0.1377 0.9875 -0.0767
vn -0.9384 0.3344 -0.0877
vn -0.9384 0.3342 -0.0877
vn -0.9384 0.3343 -0.0877
vn 0.1663 0.9747 -0.1495
vn -0.9384 0.3343 0.0875
vn -0.9384 0.3342 0.0877
vn 0.1909 0.9500 -0.2471
vn -0.9020 0.3454 0.2589
vn -0.9020 0.3454 0.2590
vn 0.1948 0.9100 -0.3659
vn -0.8311 0.3677 0.4173
vn 0.1644 0.8543 -0.4931
vn -0.0146 0.7111 0.7030
vn -0.0146 0.7110 0.7030
vn -0.7292 0.4010 0.5545
vn 0.0936 0.7861 -0.6110
vn 0.0936 0.7861 0.6110
vn -0.6018 0.4452 0.6631
vn -0.8804 -0.0501 -0.4715
vn 0.4912 -0.8383 0.2367
vn 0.4910 -0.8383 0.2370
vn 0.4911 -0.8383 0.2368
vn 0.4912 -0.8383 0.2366
vn -0.2688 -0.8816 -0.3880
vn -0.2690 -0.8815 -0.3880
vn -0.2689 -0.8816 -0.3880
vn 0.5288 -0.8361 0.1457
vn 0.5290 -0.8360 0.1458
vn 0.5288 -0.8362 0.1457
vn 0.5288 -0.8362 0.1456
vn -0.3382 -0.8854 -0.3188
vn -0.3382 -0.8856 -0.3184
vn -0.3379 -0.8856 -0.3186
vn 0.5478 -0.8351 0.0491
vn 0.5479 -0.8351 0.0492
vn 0.5479 -0.8351 0.0491
vn -0.3928 -0.8887 -0.2366
vn 0.5479 -0.8351 -0.0492
vn 0.5482 -0.8349 -0.0494
vn -0.4303 -0.8908 -0.1457
vn -0.4304 -0.8908 -0.1457
vn -0.4303 -0.8909 -0.1457
vn 0.5287 -0.8361 -0.1460
vn 0.5285 -0.8363 -0.1456
vn 0.5286 -0.8363 -0.1457
vn 0.5288 -0.8361 -0.1459
vn -0.4497 -0.8918 -0.0493
vn -0.4495 -0.8919 -0.0492
vn -0.4497 -0.8918 -0.0492
vn -0.4500 -0.8916 -0.0492
vn 0.4913 -0.8383 -0.2365
vn 0.4912 -0.8383 -0.2366
vn 0.4915 -0.8382 -0.2364
vn -0.4496 -0.8919 0.0492
vn -0.4497 -0.8918 0.0492
vn -0.4496 -0.8919 0.0494
vn 0.4368 -0.8412 -0.3187
vn 0.4367 -0.8414 -0.3184
vn 0.4366 -0.8414 -0.3183
vn 0.4366 -0.8414 -0.3184
vn -0.4303 -0.8909 0.1456
vn -0.4304 -0.8908 0.1457
vn -0.4303 -0.8908 0.1457
vn -0.4301 -0.8910 0.1456
vn 0.3672 -0.8453 -0.3881
vn 0.3671 -0.8454 -0.3880
vn -0.3928 -0.8887 0.2366
vn 0.2856 -0.8500 -0.4427
vn 0.2858 -0.8499 -0.4427
vn 0.2854 -0.8500 -0.4428
vn 0.0983 -0.8606 0.4996
vn 0.0983 -0.8607 0.4996
vn -0.3383 -0.8856 0.3183
vn -0.3383 -0.8856 0.3184
vn -0.3384 -0.8855 0.3185
vn 0.1943 -0.8552 -0.4806
vn 0.1942 -0.8551 -0.4808
vn 0.1943 -0.8552 -0.4805
vn 0.1944 -0.8553 -0.4803
vn 0.1946 -0.8552 0.4804
vn 0.1947 -0.8552 0.4804
vn 0.1947 -0.8551 0.4804
vn -0.2687 -0.8817 0.3879
vn -0.2687 -0.8816 0.3880
vn -0.2687 -0.8816 0.3881
vn 0.0984 -0.8607 -0.4996
vn 0.0983 -0.8607 -0.4996
vn 0.2854 -0.8500 0.4427
vn 0.2852 -0.8501 0.4427
vn -0.1871 -0.8769 0.4428
vn -0.1871 -0.8769 0.4427
vn 0.0001 -0.8663 -0.4995
vn -0.0000 -0.8663 -0.4996
vn -0.0000 -0.8662 -0.4996
vn 0.3671 -0.8453 0.3882
vn 0.3667 -0.8453 0.3885
vn 0.3671 -0.8454 0.3881
vn 0.3671 -0.8454 0.3880
vn -0.0961 -0.8717 0.4805
vn -0.0963 -0.8718 0.4804
vn -0.0960 -0.8719 0.4802
vn -0.0960 -0.8717 -0.4805
vn -0.0961 -0.8717 -0.4806
vn -0.0959 -0.8717 -0.4805
vn -0.0958 -0.8718 -0.4804
vn 0.4367 -0.8414 0.3184
vn -0.0000 -0.8662 0.4996
vn -0.0000 -0.8663 0.4996
vn -0.0000 -0.8662 0.4997
vn -0.8332 0.5471 0.0803
vn -0.8331 0.5472 0.0805
vn -0.8333 0.5469 0.0801
vn 0.9936 0.0566 -0.0981
vn 0.9936 0.0566 -0.0980
vn -0.9554 -0.0544 -0.2904
vn -0.9554 -0.0544 -0.2903
vn 0.9554 0.0544 -0.2904
vn -0.9936 -0.0568 -0.0980
vn -0.9936 -0.0566 -0.0981
vn -0.9936 -0.0566 -0.0980
vn 0.8805 0.0501 -0.4715
vn -0.9936 -0.0568 0.0981
vn -0.9936 -0.0566 0.0981
vn -0.9936 -0.0566 0.0980
vn -0.9936 -0.0567 0.0980
vn 0.7717 0.0439 -0.6345
vn 0.7716 0.0439 -0.6346
vn 0.7718 0.0439 -0.6344
vn -0.9554 -0.0544 0.2904
vn -0.9553 -0.0544 0.2905
vn 0.6338 0.0361 -0.7726
vn 0.6335 0.0361 -0.7729
vn -0.8806 -0.0501 0.4712
vn -0.8804 -0.0501 0.4715
vn 0.4701 0.0268 -0.8822
vn 0.4705 0.0268 -0.8820
vn 0.0981 0.0056 0.9952
vn 0.0979 0.0056 0.9952
vn 0.0978 0.0056 0.9952
vn -0.7717 -0.0439 0.6345
vn 0.2898 0.0165 -0.9570
vn 0.2900 0.0165 -0.9569
vn 0.2896 0.0165 -0.9570
vn 0.2896 0.0165 0.9570
vn 0.2897 0.0165 0.9570
vn 0.2898 0.0165 0.9569
vn -0.6330 -0.0360 0.7733
vn -0.6333 -0.0361 0.7730
vn 0.0981 0.0056 -0.9952
vn 0.0980 0.0056 -0.9952
vn 0.4707 0.0268 0.8819
vn -0.4707 -0.0268 0.8819
vn -0.0980 -0.0056 -0.9952
vn -0.0978 -0.0056 -0.9952
vn -0.0979 -0.0056 -0.9952
vn 0.6332 0.0361 0.7731
vn 0.6333 0.0361 0.7730
vn -0.2897 -0.0165 0.9570
vn -0.2898 -0.0165 0.9569
vn -0.2897 -0.0165 -0.9570
vn -0.2898 -0.0165 -0.9570
vn 0.7717 0.0439 0.6345
vn -0.0981 -0.0056 0.9952
vn -0.0986 -0.0056 0.9951
vn -0.0980 -0.0056 0.9952
vn -0.4702 -0.0268 -0.8822
vn 0.8805 0.0501 0.4715
vn -0.6338 -0.0361 -0.7726
vn -0.6335 -0.0361 -0.7729
vn 0.9554 0.0544 0.2904
vn -0.7718 -0.0439 -0.6344
vn -0.7719 -0.0439 -0.6343
vn 0.9936 0.0566 0.0982
vn -0.3381 -0.6941 -0.6356
vn -0.3380 -0.6941 -0.6356
vn -0.3381 -0.6941 -0.6355
vn 0.3555 0.8803 -0.3141
vn -0.7986 0.5533 0.2368
vn -0.7985 0.5534 0.2368
vn -0.7986 0.5534 0.2367
vn 0.3135 0.8544 -0.4143
vn -0.7311 0.5659 0.3810
vn -0.7311 0.5660 0.3810
vn -0.7310 0.5662 0.3808
vn 0.2478 0.8228 -0.5114
vn 0.0418 0.7486 0.6617
vn -0.6346 0.5847 0.5054
vn -0.6345 0.5848 0.5053
vn 0.1566 0.7869 -0.5969
vn 0.1566 0.7869 0.5969
vn -0.5146 0.6092 0.6034
vn -0.5147 0.6091 0.6034
vn 0.0418 0.7486 -0.6617
vn 0.2478 0.8228 0.5114
vn -0.3786 0.6388 0.6698
vn -0.3784 0.6387 0.6699
vn -0.0911 0.7099 -0.6984
vn 0.3135 0.8544 0.4143
vn -0.2342 0.6727 0.7018
vn -0.2342 0.6728 -0.7018
vn -0.2342 0.6727 -0.7018
vn -0.2342 0.6727 -0.7019
vn 0.3555 0.8803 0.3141
vn -0.0911 0.7099 0.6984
vn -0.3784 0.6387 -0.6700
vn -0.3784 0.6387 -0.6699
vn -0.3782 0.6389 -0.6700
vn 0.3785 0.8998 0.2172
vn -0.5147 0.6091 -0.6034
vn -0.5147 0.6092 -0.6034
vn 0.3889 0.9125 0.1265
vn 0.3889 0.9126 0.1265
vn -0.6344 0.5849 -0.5055
vn -0.6346 0.5847 -0.5054
vn -0.6345 0.5847 -0.5055
vn 0.3924 0.9189 0.0414
vn -0.7311 0.5660 -0.3810
vn 0.3924 0.9189 -0.0414
vn -0.7985 0.5535 -0.2365
vn -0.7985 0.5535 -0.2368
vn -0.7986 0.5535 -0.2366
vn 0.3889 0.9125 -0.1265
vn -0.8330 0.5473 -0.0808
vn -0.8331 0.5472 -0.0803
vn -0.8330 0.5473 -0.0807
vn -0.8332 0.5471 -0.0803
vn 0.3785 0.8998 -0.2172
vn -0.8820 -0.0039 -0.4713
vn -0.8820 -0.0039 -0.4712
vn -0.8819 -0.0039 -0.4714
vn 0.6372 -0.6918 0.3397
vn 0.6374 -0.6916 0.3397
vn 0.6370 -0.6920 0.3397
vn 0.6370 -0.6920 0.3398
vn -0.4554 -0.6944 -0.5571
vn 0.6913 -0.6917 0.2089
vn 0.6912 -0.6918 0.2088
vn 0.6914 -0.6915 0.2092
vn -0.5553 -0.6947 -0.4572
vn 0.7192 -0.6913 0.0705
vn 0.7191 -0.6913 0.0706
vn 0.7189 -0.6915 0.0707
vn 0.7192 -0.6913 0.0704
vn -0.6339 -0.6949 -0.3396
vn -0.6338 -0.6949 -0.3397
vn -0.6338 -0.6949 -0.3396
vn 0.7189 -0.6915 -0.0706
vn 0.7188 -0.6916 -0.0705
vn 0.7189 -0.6915 -0.0707
vn 0.7191 -0.6913 -0.0708
vn -0.6878 -0.6950 -0.2094
vn -0.6878 -0.6950 -0.2097
vn -0.6877 -0.6951 -0.2096
vn -0.6879 -0.6950 -0.2092
vn 0.6913 -0.6917 -0.2089
vn 0.6913 -0.6917 -0.2090
vn 0.6914 -0.6916 -0.2091
vn -0.7153 -0.6952 -0.0709
vn -0.7151 -0.6954 -0.0705
vn -0.7152 -0.6954 -0.0708
vn -0.7154 -0.6951 -0.0707
vn 0.6370 -0.6920 -0.3397
vn 0.6370 -0.6920 -0.3398
vn -0.7155 -0.6951 0.0705
vn -0.7153 -0.6952 0.0706
vn -0.7155 -0.6951 0.0706
vn -0.7157 -0.6948 0.0705
vn 0.5588 -0.6919 -0.4572
vn 0.5583 -0.6921 -0.4575
vn -0.6878 -0.6950 0.2094
vn -0.6879 -0.6950 0.2092
vn -0.6878 -0.6950 0.2093
vn -0.6878 -0.6951 0.2093
vn 0.4591 -0.6920 -0.5571
vn 0.4591 -0.6919 -0.5571
vn -0.6338 -0.6949 0.3397
vn -0.6337 -0.6950 0.3397
vn -0.6338 -0.6949 0.3396
vn 0.3415 -0.6924 -0.6356
vn 0.3414 -0.6923 -0.6357
vn 0.0725 -0.6934 0.7169
vn 0.0726 -0.6936 0.7167
vn 0.0724 -0.6931 0.7172
vn -0.5553 -0.6947 0.4572
vn -0.5554 -0.6947 0.4572
vn -0.5554 -0.6946 0.4572
vn 0.2106 -0.6927 -0.6898
vn 0.2111 -0.6926 -0.6897
vn 0.2111 -0.6927 -0.6897
vn 0.2110 -0.6927 -0.6897
vn 0.2108 -0.6928 0.6897
vn 0.2108 -0.6927 0.6897
vn 0.2107 -0.6928 0.6897
vn 0.2103 -0.6928 0.6897
vn -0.4555 -0.6944 0.5571
vn -0.4554 -0.6944 0.5571
vn -0.4554 -0.6944 0.5572
vn -0.4554 -0.6943 0.5573
vn 0.0725 -0.6931 -0.7172
vn 0.0726 -0.6932 -0.7171
vn 0.0726 -0.6931 -0.7172
vn 0.0724 -0.6931 -0.7172
vn 0.3417 -0.6923 0.6356
vn 0.3415 -0.6924 0.6356
vn 0.3416 -0.6923 0.6356
vn 0.3417 -0.6924 0.6355
vn -0.3380 -0.6942 0.6356
vn -0.3377 -0.6945 0.6353
vn -0.3382 -0.6942 0.6354
vn -0.3379 -0.6941 0.6356
vn -0.0689 -0.6935 -0.7171
vn -0.0689 -0.6934 -0.7172
vn -0.0688 -0.6932 -0.7174
vn 0.4589 -0.6921 0.5571
vn 0.4590 -0.6921 0.5571
vn -0.2077 -0.6938 0.6896
vn -0.2074 -0.6937 0.6897
vn -0.2075 -0.6938 0.6896
vn -0.2074 -0.6940 0.6894
vn -0.2075 -0.6937 -0.6897
vn -0.2074 -0.6938 -0.6897
vn 0.5588 -0.6921 0.4570
vn 0.5589 -0.6918 0.4572
vn 0.5588 -0.6920 0.4570
vn -0.0686 -0.6936 0.7171
vn -0.0684 -0.6936 0.7171
vn -0.0688 -0.6935 0.7172
vn -0.0687 -0.6935 0.7171
vn -0.0026 1.0000 -0.0000
vn -0.0025 1.0000 0.0002
vn -0.0028 1.0000 -0.0000
vn -0.0023 1.0000 0.0001
vn -0.0025 1.0000 -0.0000
vn -0.0029 1.0000 0.0004
vn -0.0026 1.0000 0.0001
vn -0.0025 1.0000 -0.0001
vn -0.0026 1.0000 -0.0001
vn -0.0029 1.0000 0.0002
vn -0.0026 1.0000 -0.0002
vn -0.0029 1.0000 -0.0004
vn -0.0028 1.0000 -0.0003
vn -0.0024 1.0000 -0.0001
vn -0.0025 1.0000 0.0003
vn -0.0027 1.0000 -0.0000
vn -0.0025 1.0000 -0.0004
vn -0.0027 1.0000 -0.0003
vn 0.9952 0.0044 -0.0979
vn 0.9952 0.0044 -0.0980
vn 0.9952 0.0043 -0.0980
vn -0.9569 -0.0044 -0.2903
vn 0.9569 0.0044 -0.2903
vn -0.9952 -0.0044 -0.0981
vn -0.9951 -0.0044 -0.0983
vn -0.9952 -0.0044 -0.0980
vn 0.8816 0.0040 -0.4719
vn 0.8818 0.0039 -0.4716
vn 0.8818 0.0040 -0.4716
vn -0.9952 -0.0044 0.0981
vn -0.9952 -0.0044 0.0980
vn 0.7729 0.0029 -0.6345
vn 0.7730 0.0036 -0.6344
vn 0.7730 0.0034 -0.6344
vn 0.7732 0.0034 -0.6342
vn -0.9569 -0.0044 0.2903
vn 0.6342 0.0030 -0.7731
vn 0.6342 0.0029 -0.7732
vn 0.6343 0.0029 -0.7731
vn 0.6345 0.0027 -0.7729
vn -0.8820 -0.0039 0.4712
vn -0.8820 -0.0039 0.4713
vn 0.4714 0.0021 -0.8819
vn 0.4712 0.0021 -0.8820
vn 0.4713 0.0020 -0.8820
vn 0.4714 0.0018 -0.8819
vn 0.0977 0.0004 0.9952
vn 0.0981 0.0004 0.9952
vn -0.7732 -0.0035 0.6342
vn 0.2901 0.0011 -0.9570
vn 0.2899 0.0009 -0.9570
vn 0.2903 0.0013 -0.9569
vn 0.2901 0.0011 0.9570
vn 0.2902 0.0013 0.9570
vn 0.2903 0.0009 0.9569
vn -0.6344 -0.0028 0.7730
vn -0.6340 -0.0029 0.7733
vn -0.6343 -0.0028 0.7731
vn 0.0980 0.0004 -0.9952
vn 0.0979 0.0004 -0.9952
vn 0.4714 0.0021 0.8819
vn -0.4714 -0.0021 0.8819
vn -0.4715 -0.0021 0.8819
vn -0.4716 -0.0021 0.8818
vn -0.0980 -0.0004 -0.9952
vn -0.0978 -0.0004 -0.9952
vn -0.0979 -0.0004 -0.9952
vn -0.0983 -0.0004 -0.9952
vn 0.6344 0.0028 0.7730
vn -0.2903 -0.0013 0.9569
vn -0.2903 -0.0013 -0.9569
vn 0.7731 0.0035 0.6343
vn 0.7730 0.0034 0.6344
vn 0.7731 0.0034 0.6343
vn 0.7732 0.0035 0.6342
vn -0.0979 -0.0004 0.9952
vn -0.0976 -0.0004 0.9952
vn -0.4715 -0.0021 -0.8818
vn -0.4716 -0.0021 -0.8818
vn -0.4715 -0.0021 -0.8819
vn 0.8818 0.0039 0.4716
vn 0.8819 0.0039 0.4715
vn -0.6344 -0.0028 -0.7730
vn -0.6345 -0.0028 -0.7729
vn -0.6349 -0.0029 -0.7726
vn 0.9569 0.0044 0.2903
vn -0.7729 -0.0034 -0.6346
vn -0.7730 -0.0034 -0.6344
vn -0.7726 -0.0035 -0.6349
vn 0.9952 0.0046 0.0977
vt 0.000000 0.000000
s 1
usemtl Goddard_None
f 1/1/1 2/1/2 3/1/3
f 3/1/3 4/1/2 5/1/4
f 1/1/1 3/1/3 5/1/4
f 5/1/4 6/1/5 7/1/6
f 7/1/6 8/1/2 9/1/7
f 5/1/4 7/1/6 9/1/7
f 1/1/1 5/1/4 9/1/7
f 9/1/7 10/1/2 11/1/8
f 11/1/8 12/1/9 13/1/10
f 9/1/7 11/1/8 13/1/10
f 13/1/10 14/1/2 15/1/2
f 15/1/2 16/1/2 17/1/10
f 13/1/10 15/1/2 17/1/10
f 9/1/7 13/1/10 17/1/10
f 17/1/10 18/1/2 19/1/3
f 19/1/3 20/1/2 21/1/11
f 17/1/10 19/1/3 21/1/11
f 21/1/11 22/1/2 23/1/10
f 23/1/10 24/1/2 25/1/1
f 21/1/11 23/1/10 25/1/1
f 17/1/10 21/1/11 25/1/1
f 9/1/7 17/1/10 25/1/1
f 1/1/1 9/1/7 25/1/1
f 26/1/2 27/1/2 28/1/2
f 25/1/1 26/1/2 28/1/2
f 25/1/1 28/1/2 29/1/9
f 1/1/1 25/1/1 29/1/9
f 30/1/3 1/1/1 29/1/9
f 30/1/3 29/1/9 31/1/2
f 30/1/3 31/1/2 32/1/2
f 33/1/12 34/1/13 35/1/14
f 35/1/14 36/1/15 33/1/12
f 19/1/16 37/1/17 38/1/18
f 38/1/18 20/1/18 19/1/16
f 39/1/19 1/1/19 30/1/19
f 30/1/19 40/1/20 39/1/19
f 5/1/21 41/1/21 42/1/21
f 42/1/21 6/1/21 5/1/21
f 18/1/22 43/1/23 37/1/23
f 37/1/23 19/1/24 18/1/22
f 40/1/25 30/1/26 32/1/27
f 32/1/27 44/1/28 40/1/25
f 4/1/29 45/1/30 41/1/31
f 41/1/31 5/1/30 4/1/29
f 17/1/32 46/1/32 43/1/32
f 43/1/32 18/1/32 17/1/32
f 44/1/33 32/1/34 31/1/35
f 31/1/35 47/1/36 44/1/33
f 3/1/37 48/1/38 45/1/38
f 45/1/38 4/1/37 3/1/37
f 16/1/39 49/1/39 46/1/39
f 46/1/39 17/1/39 16/1/39
f 31/1/40 29/1/41 50/1/40
f 50/1/40 47/1/42 31/1/40
f 2/1/43 51/1/44 48/1/43
f 48/1/43 3/1/45 2/1/43
f 15/1/46 52/1/47 49/1/46
f 49/1/46 16/1/48 15/1/46
f 28/1/49 53/1/50 50/1/51
f 50/1/51 29/1/52 28/1/49
f 2/1/53 1/1/53 39/1/53
f 39/1/53 51/1/53 2/1/53
f 14/1/54 54/1/55 52/1/56
f 52/1/56 15/1/56 14/1/54
f 55/1/57 53/1/58 28/1/59
f 28/1/59 27/1/60 55/1/57
f 13/1/61 56/1/62 54/1/63
f 54/1/63 14/1/64 13/1/61
f 26/1/65 57/1/65 55/1/65
f 55/1/65 27/1/65 26/1/65
f 12/1/66 58/1/67 56/1/66
f 56/1/66 13/1/68 12/1/66
f 36/1/69 57/1/70 26/1/71
f 26/1/71 25/1/72 36/1/69
f 11/1/73 59/1/74 58/1/74
f 58/1/74 12/1/75 11/1/73
f 36/1/76 25/1/77 24/1/78
f 24/1/78 33/1/79 36/1/76
f 10/1/80 60/1/81 59/1/81
f 59/1/81 11/1/81 10/1/80
f 24/1/82 23/1/82 61/1/82
f 61/1/82 33/1/82 24/1/82
f 9/1/83 62/1/84 60/1/85
f 60/1/85 10/1/86 9/1/83
f 22/1/87 63/1/88 61/1/89
f 61/1/89 23/1/90 22/1/87
f 8/1/91 64/1/92 62/1/93
f 62/1/93 9/1/94 8/1/91
f 21/1/95 65/1/96 63/1/97
f 63/1/97 22/1/98 21/1/95
f 7/1/99 66/1/100 64/1/99
f 64/1/99 8/1/99 7/1/99
f 20/1/101 38/1/101 65/1/101
f 65/1/101 21/1/101 20/1/101
f 6/1/102 42/1/103 66/1/103
f 66/1/103 7/1/104 6/1/102
f 67/1/105 68/1/106 69/1/107
f 69/1/107 70/1/108 67/1/105
f 60/1/109 71/1/110 72/1/111
f 72/1/111 59/1/112 60/1/109
f 61/1/113 73/1/114 34/1/115
f 34/1/115 33/1/116 61/1/113
f 62/1/117 74/1/118 71/1/119
f 71/1/119 60/1/120 62/1/117
f 63/1/121 70/1/122 73/1/121
f 73/1/121 61/1/123 63/1/121
f 64/1/124 75/1/125 74/1/125
f 74/1/125 62/1/124 64/1/124
f 65/1/126 67/1/127 70/1/128
f 70/1/128 63/1/128 65/1/126
f 66/1/129 76/1/130 75/1/131
f 75/1/131 64/1/132 66/1/129
f 38/1/133 77/1/133 67/1/133
f 67/1/133 65/1/134 38/1/133
f 42/1/135 78/1/136 76/1/137
f 76/1/137 66/1/138 42/1/135
f 37/1/139 79/1/140 77/1/139
f 77/1/139 38/1/141 37/1/139
f 40/1/142 80/1/142 81/1/142
f 81/1/142 39/1/142 40/1/142
f 41/1/143 82/1/144 78/1/144
f 78/1/144 42/1/145 41/1/143
f 43/1/146 83/1/147 79/1/146
f 79/1/146 37/1/147 43/1/146
f 44/1/148 84/1/149 80/1/149
f 80/1/149 40/1/149 44/1/148
f 45/1/150 85/1/151 82/1/152
f 82/1/152 41/1/151 45/1/150
f 46/1/153 86/1/153 83/1/154
f 83/1/154 43/1/155 46/1/153
f 47/1/156 87/1/157 84/1/158
f 84/1/158 44/1/159 47/1/156
f 48/1/160 88/1/161 85/1/162
f 85/1/162 45/1/163 48/1/160
f 49/1/164 89/1/165 86/1/166
f 86/1/166 46/1/167 49/1/164
f 50/1/168 90/1/169 87/1/170
f 87/1/170 47/1/171 50/1/168
f 51/1/172 91/1/173 88/1/172
f 88/1/172 48/1/174 51/1/172
f 52/1/175 92/1/176 89/1/177
f 89/1/177 49/1/178 52/1/175
f 53/1/179 93/1/180 90/1/180
f 90/1/180 50/1/181 53/1/179
f 51/1/182 39/1/183 81/1/183
f 81/1/183 91/1/182 51/1/182
f 54/1/184 94/1/185 92/1/186
f 92/1/186 52/1/187 54/1/184
f 55/1/188 95/1/189 93/1/188
f 93/1/188 53/1/190 55/1/188
f 56/1/191 96/1/191 94/1/192
f 94/1/192 54/1/191 56/1/191
f 57/1/193 97/1/194 95/1/195
f 95/1/195 55/1/196 57/1/193
f 58/1/197 98/1/198 96/1/197
f 96/1/197 56/1/198 58/1/197
f 36/1/199 35/1/200 97/1/201
f 97/1/201 57/1/202 36/1/199
f 59/1/203 72/1/204 98/1/205
f 98/1/205 58/1/206 59/1/203
f 99/1/207 100/1/207 101/1/208
f 101/1/208 102/1/209 99/1/207
f 76/1/210 103/1/211 104/1/212
f 104/1/212 75/1/213 76/1/210
f 77/1/214 105/1/214 68/1/214
f 68/1/214 67/1/214 77/1/214
f 78/1/215 106/1/215 103/1/215
f 103/1/215 76/1/215 78/1/215
f 79/1/216 99/1/216 105/1/216
f 105/1/216 77/1/217 79/1/216
f 80/1/218 107/1/219 108/1/220
f 108/1/220 81/1/221 80/1/218
f 82/1/222 109/1/223 106/1/223
f 106/1/223 78/1/224 82/1/222
f 83/1/225 100/1/225 99/1/226
f 99/1/226 79/1/227 83/1/225
f 84/1/228 110/1/229 107/1/230
f 107/1/230 80/1/231 84/1/228
f 85/1/232 111/1/232 109/1/232
f 109/1/232 82/1/232 85/1/232
f 86/1/233 112/1/234 100/1/235
f 100/1/235 83/1/234 86/1/233
f 87/1/236 113/1/237 110/1/236
f 110/1/236 84/1/238 87/1/236
f 88/1/239 114/1/239 111/1/240
f 111/1/240 85/1/241 88/1/239
f 89/1/242 115/1/243 112/1/244
f 112/1/244 86/1/245 89/1/242
f 90/1/246 116/1/246 113/1/246
f 113/1/246 87/1/247 90/1/246
f 91/1/248 117/1/248 114/1/248
f 114/1/248 88/1/248 91/1/248
f 92/1/249 118/1/249 115/1/250
f 115/1/250 89/1/249 92/1/249
f 93/1/251 119/1/252 116/1/253
f 116/1/253 90/1/254 93/1/251
f 91/1/255 81/1/255 108/1/255
f 108/1/255 117/1/255 91/1/255
f 94/1/256 120/1/257 118/1/257
f 118/1/257 92/1/258 94/1/256
f 95/1/259 121/1/260 119/1/259
f 119/1/259 93/1/261 95/1/259
f 96/1/262 122/1/263 120/1/264
f 120/1/264 94/1/265 96/1/262
f 97/1/266 123/1/267 121/1/268
f 121/1/268 95/1/269 97/1/266
f 98/1/270 124/1/270 122/1/271
f 122/1/271 96/1/270 98/1/270
f 35/1/272 125/1/273 123/1/272
f 123/1/272 97/1/274 35/1/272
f 72/1/275 126/1/275 124/1/275
f 124/1/275 98/1/275 72/1/275
f 34/1/276 127/1/277 125/1/278
f 125/1/278 35/1/279 34/1/276
f 71/1/280 128/1/281 126/1/282
f 126/1/282 72/1/283 71/1/280
f 73/1/284 129/1/285 127/1/286
f 127/1/286 34/1/287 73/1/284
f 74/1/288 130/1/289 128/1/290
f 128/1/290 71/1/291 74/1/288
f 70/1/292 69/1/293 129/1/294
f 129/1/294 73/1/295 70/1/292
f 75/1/296 104/1/297 130/1/296
f 130/1/296 74/1/298 75/1/296
f 131/1/299 132/1/300 133/1/301
f 133/1/301 134/1/302 131/1/299
f 110/1/27 135/1/25 136/1/27
f 136/1/27 107/1/303 110/1/27
f 137/1/304 138/1/305 109/1/304
f 109/1/304 111/1/306 137/1/304
f 100/1/307 112/1/308 139/1/309
f 139/1/309 101/1/307 100/1/307
f 113/1/35 140/1/310 135/1/311
f 135/1/311 110/1/311 113/1/35
f 111/1/38 114/1/37 141/1/38
f 141/1/38 137/1/37 111/1/38
f 112/1/312 115/1/313 134/1/313
f 134/1/313 139/1/314 112/1/312
f 116/1/315 142/1/316 140/1/316
f 140/1/316 113/1/316 116/1/315
f 114/1/45 117/1/317 143/1/45
f 143/1/45 141/1/45 114/1/45
f 115/1/318 118/1/47 131/1/48
f 131/1/48 134/1/46 115/1/318
f 119/1/319 144/1/320 142/1/319
f 142/1/319 116/1/319 119/1/319
f 143/1/321 117/1/322 108/1/323
f 108/1/323 145/1/324 143/1/321
f 118/1/56 120/1/56 146/1/56
f 146/1/56 131/1/56 118/1/56
f 121/1/325 147/1/326 144/1/327
f 144/1/327 119/1/328 121/1/325
f 148/1/61 146/1/61 120/1/61
f 120/1/61 122/1/329 148/1/61
f 123/1/330 149/1/331 147/1/330
f 147/1/330 121/1/330 123/1/330
f 122/1/332 124/1/332 150/1/332
f 150/1/332 148/1/332 122/1/332
f 123/1/333 125/1/333 151/1/72
f 151/1/72 149/1/334 123/1/333
f 124/1/73 126/1/335 152/1/336
f 152/1/336 150/1/74 124/1/73
f 125/1/337 127/1/338 153/1/337
f 153/1/337 151/1/337 125/1/337
f 154/1/81 152/1/81 126/1/339
f 126/1/339 128/1/339 154/1/81
f 153/1/340 127/1/341 129/1/342
f 129/1/342 155/1/343 153/1/340
f 128/1/86 130/1/344 156/1/345
f 156/1/345 154/1/346 128/1/86
f 129/1/347 69/1/348 157/1/88
f 157/1/88 155/1/349 129/1/347
f 130/1/93 104/1/350 158/1/351
f 158/1/351 156/1/352 130/1/93
f 157/1/353 69/1/354 68/1/353
f 68/1/353 159/1/354 157/1/353
f 160/1/355 158/1/356 104/1/357
f 104/1/357 103/1/358 160/1/355
f 159/1/359 68/1/360 105/1/101
f 105/1/101 161/1/361 159/1/359
f 103/1/362 106/1/103 162/1/363
f 162/1/363 160/1/364 103/1/362
f 102/1/18 161/1/18 105/1/365
f 105/1/365 99/1/18 102/1/18
f 107/1/366 136/1/366 145/1/366
f 145/1/366 108/1/367 107/1/366
f 106/1/368 109/1/368 138/1/368
f 138/1/368 162/1/368 106/1/368
f 163/1/369 164/1/370 165/1/371
f 165/1/371 166/1/372 163/1/369
f 144/1/373 167/1/374 168/1/373
f 168/1/373 142/1/375 144/1/373
f 169/1/376 143/1/377 145/1/376
f 145/1/376 170/1/378 169/1/376
f 132/1/379 131/1/380 146/1/381
f 146/1/381 171/1/379 132/1/379
f 172/1/382 167/1/383 144/1/382
f 144/1/382 147/1/382 172/1/382
f 148/1/384 166/1/385 171/1/386
f 171/1/386 146/1/387 148/1/384
f 149/1/388 173/1/389 172/1/390
f 172/1/390 147/1/391 149/1/388
f 150/1/392 163/1/393 166/1/394
f 166/1/394 148/1/395 150/1/392
f 151/1/396 174/1/397 173/1/398
f 173/1/398 149/1/399 151/1/396
f 175/1/400 163/1/401 150/1/402
f 150/1/402 152/1/403 175/1/400
f 153/1/404 176/1/405 174/1/406
f 174/1/406 151/1/407 153/1/404
f 154/1/408 177/1/408 175/1/409
f 175/1/409 152/1/408 154/1/408
f 178/1/410 176/1/411 153/1/412
f 153/1/412 155/1/413 178/1/410
f 156/1/414 179/1/415 177/1/416
f 177/1/416 154/1/417 156/1/414
f 157/1/418 180/1/419 178/1/420
f 178/1/420 155/1/421 157/1/418
f 181/1/422 179/1/423 156/1/424
f 156/1/424 158/1/425 181/1/422
f 159/1/426 182/1/426 180/1/426
f 180/1/426 157/1/426 159/1/426
f 160/1/427 183/1/427 181/1/428
f 181/1/428 158/1/429 160/1/427
f 184/1/430 182/1/431 159/1/431
f 159/1/431 161/1/430 184/1/430
f 162/1/432 185/1/433 183/1/434
f 183/1/434 160/1/435 162/1/432
f 102/1/436 186/1/436 184/1/436
f 184/1/436 161/1/436 102/1/436
f 136/1/437 187/1/438 170/1/439
f 170/1/439 145/1/440 136/1/437
f 185/1/441 162/1/441 138/1/441
f 138/1/441 188/1/442 185/1/441
f 101/1/443 189/1/444 186/1/443
f 186/1/443 102/1/445 101/1/443
f 135/1/446 190/1/447 187/1/448
f 187/1/448 136/1/449 135/1/446
f 137/1/450 191/1/451 188/1/452
f 188/1/452 138/1/453 137/1/450
f 192/1/454 189/1/455 101/1/456
f 101/1/456 139/1/455 192/1/454
f 193/1/457 190/1/458 135/1/459
f 135/1/459 140/1/460 193/1/457
f 141/1/461 194/1/462 191/1/463
f 191/1/463 137/1/463 141/1/461
f 134/1/464 133/1/465 192/1/466
f 192/1/466 139/1/467 134/1/464
f 142/1/468 168/1/468 193/1/469
f 193/1/469 140/1/468 142/1/468
f 169/1/470 194/1/471 141/1/471
f 141/1/471 143/1/472 169/1/470
f 195/1/473 196/1/86 197/1/474
f 197/1/474 198/1/475 195/1/473
f 199/1/476 173/1/477 174/1/478
f 174/1/478 200/1/479 199/1/476
f 175/1/480 201/1/481 164/1/480
f 164/1/480 163/1/482 175/1/480
f 176/1/483 202/1/484 200/1/483
f 200/1/483 174/1/485 176/1/483
f 201/1/486 175/1/487 177/1/488
f 177/1/488 197/1/489 201/1/486
f 178/1/490 203/1/491 202/1/490
f 202/1/490 176/1/490 178/1/490
f 179/1/492 198/1/492 197/1/493
f 197/1/493 177/1/494 179/1/492
f 204/1/495 203/1/496 178/1/497
f 178/1/497 180/1/498 204/1/495
f 181/1/499 205/1/500 198/1/501
f 198/1/501 179/1/502 181/1/499
f 182/1/503 206/1/504 204/1/505
f 204/1/505 180/1/504 182/1/503
f 205/1/506 181/1/507 183/1/506
f 183/1/506 207/1/508 205/1/506
f 184/1/509 208/1/510 206/1/510
f 206/1/510 182/1/510 184/1/509
f 185/1/511 209/1/512 207/1/513
f 207/1/513 183/1/514 185/1/511
f 210/1/515 208/1/516 184/1/517
f 184/1/517 186/1/516 210/1/515
f 170/1/518 187/1/519 211/1/520
f 211/1/520 212/1/521 170/1/518
f 188/1/522 213/1/523 209/1/524
f 209/1/524 185/1/525 188/1/522
f 189/1/526 214/1/527 210/1/526
f 210/1/526 186/1/528 189/1/526
f 190/1/529 215/1/530 211/1/530
f 211/1/530 187/1/529 190/1/529
f 216/1/531 213/1/531 188/1/531
f 188/1/531 191/1/532 216/1/531
f 192/1/533 217/1/533 214/1/533
f 214/1/533 189/1/533 192/1/533
f 193/1/534 218/1/534 215/1/534
f 215/1/534 190/1/535 193/1/534
f 194/1/536 219/1/537 216/1/538
f 216/1/538 191/1/539 194/1/536
f 217/1/540 192/1/541 133/1/540
f 133/1/540 220/1/540 217/1/540
f 168/1/542 221/1/543 218/1/544
f 218/1/544 193/1/545 168/1/542
f 169/1/546 222/1/547 219/1/548
f 219/1/548 194/1/549 169/1/546
f 132/1/550 223/1/551 220/1/550
f 220/1/550 133/1/552 132/1/550
f 221/1/553 168/1/554 167/1/555
f 167/1/555 224/1/556 221/1/553
f 212/1/557 222/1/558 169/1/559
f 169/1/559 170/1/558 212/1/557
f 171/1/560 225/1/561 223/1/562
f 223/1/562 132/1/563 171/1/560
f 172/1/564 226/1/565 224/1/566
f 224/1/566 167/1/565 172/1/564
f 225/1/567 171/1/567 166/1/567
f 166/1/567 165/1/568 225/1/567
f 173/1/569 199/1/570 226/1/571
f 226/1/571 172/1/572 173/1/569
f 227/1/573 228/1/573 229/1/574
f 229/1/574 230/1/573 227/1/573
f 204/1/575 231/1/576 232/1/577
f 232/1/577 203/1/88 204/1/575
f 205/1/578 233/1/350 195/1/93
f 195/1/93 198/1/351 205/1/578
f 234/1/579 231/1/579 204/1/579
f 204/1/579 206/1/579 234/1/579
f 207/1/580 230/1/580 233/1/580
f 233/1/580 205/1/581 207/1/580
f 208/1/582 235/1/583 234/1/582
f 234/1/582 206/1/584 208/1/582
f 227/1/364 230/1/585 207/1/586
f 207/1/586 209/1/364 227/1/364
f 210/1/587 236/1/18 235/1/587
f 235/1/587 208/1/588 210/1/587
f 212/1/589 211/1/589 237/1/20
f 237/1/20 238/1/589 212/1/589
f 213/1/590 239/1/590 227/1/590
f 227/1/590 209/1/590 213/1/590
f 240/1/591 236/1/208 210/1/592
f 210/1/592 214/1/593 240/1/591
f 237/1/594 211/1/595 215/1/596
f 215/1/596 241/1/597 237/1/594
f 216/1/598 242/1/599 239/1/598
f 239/1/598 213/1/598 216/1/598
f 217/1/600 243/1/600 240/1/600
f 240/1/600 214/1/600 217/1/600
f 241/1/601 215/1/602 218/1/603
f 218/1/603 244/1/601 241/1/601
f 245/1/604 242/1/604 216/1/604
f 216/1/604 219/1/604 245/1/604
f 220/1/605 246/1/606 243/1/607
f 243/1/607 217/1/607 220/1/605
f 221/1/42 247/1/608 244/1/608
f 244/1/608 218/1/41 221/1/42
f 222/1/609 248/1/610 245/1/610
f 245/1/610 219/1/610 222/1/609
f 249/1/611 246/1/612 220/1/613
f 220/1/613 223/1/614 249/1/611
f 224/1/615 250/1/616 247/1/615
f 247/1/615 221/1/616 224/1/615
f 238/1/322 248/1/322 222/1/322
f 222/1/322 212/1/322 238/1/322
f 225/1/617 251/1/617 249/1/617
f 249/1/617 223/1/56 225/1/617
f 250/1/618 224/1/619 226/1/327
f 226/1/327 252/1/620 250/1/618
f 165/1/63 253/1/63 251/1/63
f 251/1/63 225/1/621 165/1/63
f 199/1/622 254/1/623 252/1/624
f 252/1/624 226/1/625 199/1/622
f 255/1/626 253/1/626 165/1/626
f 165/1/626 164/1/626 255/1/626
f 200/1/333 256/1/627 254/1/333
f 254/1/333 199/1/72 200/1/333
f 201/1/628 257/1/628 255/1/628
f 255/1/628 164/1/628 201/1/628
f 258/1/629 256/1/630 200/1/629
f 200/1/629 202/1/630 258/1/629
f 197/1/631 196/1/631 257/1/631
f 257/1/631 201/1/631 197/1/631
f 203/1/632 232/1/633 258/1/634
f 258/1/634 202/1/635 203/1/632
f 259/1/636 260/1/637 261/1/638
f 261/1/638 262/1/639 259/1/636
f 236/1/640 263/1/640 264/1/640
f 264/1/640 235/1/640 236/1/640
f 265/1/641 266/1/642 238/1/643
f 238/1/643 237/1/642 265/1/641
f 267/1/644 228/1/644 227/1/644
f 227/1/644 239/1/644 267/1/644
f 240/1/645 268/1/646 263/1/647
f 263/1/647 236/1/646 240/1/645
f 241/1/648 269/1/649 265/1/650
f 265/1/650 237/1/649 241/1/648
f 242/1/651 270/1/651 267/1/651
f 267/1/651 239/1/651 242/1/651
f 271/1/652 268/1/652 240/1/653
f 240/1/653 243/1/652 271/1/652
f 244/1/654 272/1/655 269/1/655
f 269/1/655 241/1/655 244/1/654
f 245/1/656 273/1/656 270/1/656
f 270/1/656 242/1/656 245/1/656
f 246/1/657 274/1/657 271/1/657
f 271/1/657 243/1/657 246/1/657
f 275/1/658 272/1/659 244/1/659
f 244/1/659 247/1/659 275/1/658
f 273/1/660 245/1/660 248/1/660
f 248/1/660 276/1/660 273/1/660
f 249/1/661 277/1/661 274/1/661
f 274/1/661 246/1/661 249/1/661
f 250/1/662 278/1/662 275/1/663
f 275/1/663 247/1/662 250/1/662
f 266/1/664 276/1/664 248/1/664
f 248/1/664 238/1/664 266/1/664
f 277/1/665 249/1/665 251/1/665
f 251/1/665 279/1/665 277/1/665
f 252/1/666 280/1/667 278/1/667
f 278/1/667 250/1/667 252/1/666
f 253/1/668 281/1/668 279/1/668
f 279/1/668 251/1/668 253/1/668
f 282/1/669 280/1/670 252/1/670
f 252/1/670 254/1/670 282/1/669
f 255/1/671 283/1/671 281/1/671
f 281/1/671 253/1/671 255/1/671
f 256/1/672 284/1/673 282/1/674
f 282/1/674 254/1/673 256/1/672
f 261/1/675 283/1/676 255/1/675
f 255/1/675 257/1/675 261/1/675
f 258/1/677 285/1/678 284/1/679
f 284/1/679 256/1/678 258/1/677
f 196/1/680 262/1/681 261/1/682
f 261/1/682 257/1/681 196/1/680
f 285/1/683 258/1/683 232/1/683
f 232/1/683 286/1/683 285/1/683
f 195/1/684 287/1/685 262/1/686
f 262/1/686 196/1/687 195/1/684
f 231/1/688 288/1/688 286/1/688
f 286/1/688 232/1/688 231/1/688
f 287/1/689 195/1/690 233/1/691
f 233/1/691 289/1/689 287/1/689
f 234/1/692 290/1/692 288/1/693
f 288/1/693 231/1/692 234/1/692
f 230/1/694 229/1/694 289/1/694
f 289/1/694 233/1/694 230/1/694
f 264/1/695 290/1/696 234/1/696
f 234/1/696 235/1/696 264/1/695
f 291/1/697 292/1/697 293/1/697
f 293/1/697 294/1/697 291/1/697
f 286/1/698 295/1/699 296/1/700
f 296/1/700 285/1/700 286/1/698
f 287/1/701 297/1/702 259/1/701
f 259/1/701 262/1/701 287/1/701
f 298/1/703 295/1/704 286/1/703
f 286/1/703 288/1/703 298/1/703
f 289/1/705 294/1/705 297/1/705
f 297/1/705 287/1/705 289/1/705
f 290/1/706 299/1/707 298/1/706
f 298/1/706 288/1/708 290/1/706
f 294/1/709 289/1/710 229/1/711
f 229/1/711 291/1/712 294/1/709
f 264/1/713 300/1/714 299/1/713
f 299/1/713 290/1/713 264/1/713
f 228/1/715 301/1/716 291/1/715
f 291/1/715 229/1/717 228/1/715
f 300/1/718 264/1/718 263/1/718
f 263/1/718 302/1/718 300/1/718
f 266/1/719 265/1/720 303/1/719
f 303/1/719 304/1/721 266/1/719
f 267/1/722 305/1/722 301/1/722
f 301/1/722 228/1/723 267/1/722
f 268/1/724 306/1/725 302/1/726
f 302/1/726 263/1/726 268/1/724
f 269/1/727 307/1/728 303/1/727
f 303/1/727 265/1/729 269/1/727
f 308/1/730 305/1/731 267/1/732
f 267/1/732 270/1/733 308/1/730
f 271/1/734 309/1/735 306/1/734
f 306/1/734 268/1/736 271/1/734
f 272/1/737 310/1/738 307/1/739
f 307/1/739 269/1/740 272/1/737
f 273/1/741 311/1/742 308/1/743
f 308/1/743 270/1/744 273/1/741
f 312/1/745 309/1/746 271/1/745
f 271/1/745 274/1/747 312/1/745
f 275/1/748 313/1/749 310/1/750
f 310/1/750 272/1/751 275/1/748
f 276/1/752 314/1/753 311/1/754
f 311/1/754 273/1/754 276/1/752
f 277/1/755 315/1/755 312/1/756
f 312/1/756 274/1/755 277/1/755
f 313/1/757 275/1/757 278/1/757
f 278/1/757 316/1/758 313/1/757
f 304/1/759 314/1/760 276/1/761
f 276/1/761 266/1/762 304/1/759
f 279/1/763 317/1/764 315/1/763
f 315/1/763 277/1/765 279/1/763
f 280/1/766 318/1/767 316/1/768
f 316/1/768 278/1/768 280/1/766
f 317/1/769 279/1/769 281/1/770
f 281/1/770 319/1/769 317/1/769
f 282/1/771 320/1/771 318/1/772
f 318/1/772 280/1/773 282/1/771
f 283/1/774 321/1/775 319/1/774
f 319/1/774 281/1/776 283/1/774
f 322/1/777 320/1/778 282/1/779
f 282/1/779 284/1/780 322/1/777
f 261/1/781 260/1/782 321/1/783
f 321/1/783 283/1/784 261/1/781
f 285/1/785 296/1/786 322/1/786
f 322/1/786 284/1/785 285/1/785
f 323/1/787 324/1/787 325/1/788
f 325/1/788 326/1/787 323/1/787
f 300/1/789 327/1/790 328/1/789
f 328/1/789 299/1/791 300/1/789
f 291/1/792 301/1/793 329/1/794
f 329/1/794 292/1/795 291/1/792
f 302/1/796 330/1/797 327/1/798
f 327/1/798 300/1/799 302/1/796
f 304/1/800 303/1/800 331/1/801
f 331/1/801 332/1/801 304/1/800
f 329/1/802 301/1/803 305/1/804
f 305/1/804 324/1/802 329/1/802
f 302/1/805 306/1/806 333/1/805
f 333/1/805 330/1/807 302/1/805
f 331/1/808 303/1/808 307/1/809
f 307/1/809 334/1/808 331/1/808
f 308/1/810 325/1/811 324/1/812
f 324/1/812 305/1/813 308/1/810
f 333/1/814 306/1/814 309/1/814
f 309/1/814 335/1/814 333/1/814
f 334/1/815 307/1/816 310/1/817
f 310/1/817 336/1/818 334/1/815
f 308/1/819 311/1/820 337/1/821
f 337/1/821 325/1/822 308/1/819
f 312/1/823 338/1/824 335/1/825
f 335/1/825 309/1/823 312/1/823
f 313/1/826 339/1/827 336/1/827
f 336/1/827 310/1/826 313/1/826
f 337/1/828 311/1/828 314/1/829
f 314/1/829 340/1/828 337/1/828
f 312/1/830 315/1/831 341/1/830
f 341/1/830 338/1/832 312/1/830
f 316/1/833 342/1/833 339/1/833
f 339/1/833 313/1/834 316/1/833
f 314/1/835 304/1/835 332/1/836
f 332/1/836 340/1/837 314/1/835
f 341/1/838 315/1/839 317/1/840
f 317/1/840 343/1/841 341/1/838
f 342/1/842 316/1/843 318/1/843
f 318/1/843 344/1/843 342/1/842
f 319/1/844 345/1/845 343/1/846
f 343/1/846 317/1/847 319/1/844
f 320/1/848 346/1/848 344/1/848
f 344/1/848 318/1/848 320/1/848
f 319/1/849 321/1/850 347/1/851
f 347/1/851 345/1/852 319/1/849
f 322/1/853 348/1/854 346/1/855
f 346/1/855 320/1/854 322/1/853
f 347/1/856 321/1/856 260/1/857
f 260/1/857 349/1/856 347/1/856
f 322/1/858 296/1/859 350/1/860
f 350/1/860 348/1/861 322/1/858
f 259/1/862 351/1/862 349/1/862
f 349/1/862 260/1/863 259/1/862
f 350/1/864 296/1/865 295/1/864
f 295/1/864 352/1/864 350/1/864
f 259/1/866 297/1/867 353/1/866
f 353/1/866 351/1/868 259/1/866
f 354/1/869 352/1/869 295/1/870
f 295/1/870 298/1/869 354/1/869
f 353/1/871 297/1/872 294/1/873
f 294/1/873 293/1/874 353/1/871
f 354/1/875 298/1/875 299/1/875
f 299/1/875 328/1/875 354/1/875
f 355/1/876 356/1/877 357/1/877
f 357/1/877 358/1/878 355/1/876
f 335/1/879 359/1/879 360/1/879
f 360/1/879 333/1/879 335/1/879
f 336/1/880 361/1/881 362/1/881
f 362/1/881 334/1/881 336/1/880
f 337/1/882 363/1/883 326/1/883
f 326/1/883 325/1/883 337/1/882
f 359/1/884 335/1/884 338/1/884
f 338/1/884 364/1/884 359/1/884
f 336/1/885 339/1/886 365/1/886
f 365/1/886 361/1/886 336/1/885
f 340/1/887 357/1/887 363/1/887
f 363/1/887 337/1/887 340/1/887
f 341/1/888 366/1/888 364/1/888
f 364/1/888 338/1/888 341/1/888
f 365/1/889 339/1/890 342/1/891
f 342/1/891 367/1/890 365/1/889
f 358/1/892 357/1/892 340/1/893
f 340/1/893 332/1/892 358/1/892
f 343/1/894 368/1/894 366/1/894
f 366/1/894 341/1/894 343/1/894
f 344/1/895 369/1/896 367/1/897
f 367/1/897 342/1/896 344/1/895
f 368/1/898 343/1/899 345/1/900
f 345/1/900 370/1/898 368/1/898
f 344/1/901 346/1/902 371/1/902
f 371/1/902 369/1/902 344/1/901
f 347/1/903 372/1/903 370/1/903
f 370/1/903 345/1/903 347/1/903
f 371/1/904 346/1/905 348/1/904
f 348/1/904 373/1/905 371/1/904
f 349/1/906 374/1/906 372/1/906
f 372/1/906 347/1/906 349/1/906
f 350/1/907 375/1/908 373/1/908
f 373/1/908 348/1/908 350/1/907
f 374/1/909 349/1/909 351/1/909
f 351/1/909 376/1/909 374/1/909
f 352/1/910 377/1/910 375/1/911
f 375/1/911 350/1/910 352/1/910
f 353/1/912 378/1/913 376/1/913
f 376/1/913 351/1/913 353/1/912
f 352/1/914 354/1/915 379/1/916
f 379/1/916 377/1/915 352/1/914
f 293/1/917 380/1/918 378/1/919
f 378/1/919 353/1/920 293/1/917
f 381/1/921 379/1/922 354/1/923
f 354/1/923 328/1/924 381/1/921
f 380/1/925 293/1/925 292/1/925
f 292/1/925 382/1/925 380/1/925
f 381/1/926 328/1/926 327/1/926
f 327/1/926 383/1/926 381/1/926
f 329/1/927 384/1/927 382/1/928
f 382/1/928 292/1/927 329/1/927
f 383/1/929 327/1/929 330/1/930
f 330/1/930 385/1/929 383/1/929
f 331/1/931 386/1/931 358/1/931
f 358/1/931 332/1/931 331/1/931
f 324/1/932 323/1/932 384/1/932
f 384/1/932 329/1/932 324/1/932
f 333/1/933 360/1/934 385/1/934
f 385/1/934 330/1/934 333/1/933
f 386/1/935 331/1/935 334/1/936
f 334/1/936 362/1/935 386/1/935
f 387/1/937 388/1/938 389/1/939
f 389/1/939 390/1/940 387/1/937
f 368/1/941 391/1/941 392/1/941
f 392/1/941 366/1/941 368/1/941
f 393/1/942 367/1/943 369/1/944
f 369/1/944 394/1/942 393/1/942
f 370/1/945 395/1/946 391/1/947
f 391/1/947 368/1/948 370/1/945
f 371/1/949 396/1/950 394/1/951
f 394/1/951 369/1/952 371/1/949
f 395/1/953 370/1/953 372/1/954
f 372/1/954 390/1/955 395/1/953
f 373/1/956 397/1/957 396/1/956
f 396/1/956 371/1/958 373/1/956
f 374/1/959 387/1/960 390/1/961
f 390/1/961 372/1/962 374/1/959
f 397/1/963 373/1/964 375/1/965
f 375/1/965 398/1/963 397/1/963
f 376/1/966 399/1/967 387/1/968
f 387/1/968 374/1/967 376/1/966
f 377/1/969 400/1/970 398/1/971
f 398/1/971 375/1/969 377/1/969
f 399/1/972 376/1/973 378/1/972
f 378/1/972 401/1/974 399/1/972
f 379/1/975 402/1/976 400/1/977
f 400/1/977 377/1/978 379/1/975
f 380/1/979 403/1/980 401/1/981
f 401/1/981 378/1/982 380/1/979
f 402/1/983 379/1/984 381/1/983
f 381/1/983 404/1/985 402/1/983
f 382/1/986 405/1/986 403/1/986
f 403/1/986 380/1/986 382/1/986
f 383/1/987 406/1/988 404/1/989
f 404/1/989 381/1/990 383/1/987
f 405/1/991 382/1/992 384/1/991
f 384/1/991 407/1/993 405/1/991
f 385/1/994 408/1/995 406/1/996
f 406/1/996 383/1/997 385/1/994
f 358/1/998 386/1/999 409/1/1000
f 409/1/1000 355/1/998 358/1/998
f 323/1/1001 410/1/1002 407/1/1001
f 407/1/1001 384/1/1003 323/1/1001
f 408/1/1004 385/1/1005 360/1/1006
f 360/1/1006 411/1/1007 408/1/1004
f 362/1/1008 412/1/1009 409/1/1010
f 409/1/1010 386/1/1011 362/1/1008
f 326/1/1012 413/1/1013 410/1/1014
f 410/1/1014 323/1/1015 326/1/1012
f 359/1/1016 414/1/1017 411/1/1018
f 411/1/1018 360/1/1018 359/1/1016
f 412/1/1019 362/1/1020 361/1/1021
f 361/1/1021 415/1/1022 412/1/1019
f 413/1/1023 326/1/1024 363/1/1025
f 363/1/1025 416/1/1026 413/1/1023
f 364/1/1027 417/1/1028 414/1/1029
f 414/1/1029 359/1/1029 364/1/1027
f 365/1/1030 418/1/1031 415/1/1030
f 415/1/1030 361/1/1032 365/1/1030
f 357/1/1033 356/1/1034 416/1/1035
f 416/1/1035 363/1/1036 357/1/1033
f 417/1/1037 364/1/1038 366/1/1038
f 366/1/1038 392/1/1039 417/1/1037
f 367/1/1040 393/1/1041 418/1/1042
f 418/1/1042 365/1/1043 367/1/1040
f 419/1/1044 420/1/1044 421/1/1045
f 421/1/1045 422/1/1044 419/1/1044
f 423/1/1046 424/1/1047 397/1/1048
f 397/1/1048 398/1/1049 423/1/1046
f 399/1/1050 425/1/1050 388/1/1050
f 388/1/1050 387/1/1051 399/1/1050
f 400/1/1052 426/1/1053 423/1/1054
f 423/1/1054 398/1/1055 400/1/1052
f 420/1/1056 425/1/1057 399/1/1058
f 399/1/1058 401/1/1059 420/1/1056
f 402/1/1060 427/1/1061 426/1/1062
f 426/1/1062 400/1/1063 402/1/1060
f 403/1/1064 421/1/1064 420/1/1064
f 420/1/1064 401/1/1064 403/1/1064
f 428/1/1065 427/1/1066 402/1/1067
f 402/1/1067 404/1/1067 428/1/1065
f 405/1/1068 429/1/1069 421/1/1070
f 421/1/1070 403/1/1071 405/1/1068
f 406/1/1072 430/1/1072 428/1/1072
f 428/1/1072 404/1/1072 406/1/1072
f 431/1/1073 429/1/1074 405/1/1075
f 405/1/1075 407/1/1076 431/1/1073
f 408/1/1077 432/1/1077 430/1/1078
f 430/1/1078 406/1/1077 408/1/1077
f 433/1/1079 355/1/1080 409/1/1081
f 409/1/1081 434/1/1080 433/1/1079
f 410/1/1082 435/1/1083 431/1/1083
f 431/1/1083 407/1/1083 410/1/1082
f 436/1/1084 432/1/1085 408/1/1084
f 408/1/1084 411/1/1086 436/1/1084
f 434/1/1087 409/1/1087 412/1/1087
f 412/1/1087 437/1/1087 434/1/1087
f 413/1/1088 438/1/1089 435/1/1089
f 435/1/1089 410/1/1090 413/1/1088
f 414/1/1091 439/1/1091 436/1/1091
f 436/1/1091 411/1/1091 414/1/1091
f 415/1/1092 440/1/1093 437/1/1094
f 437/1/1094 412/1/1093 415/1/1092
f 441/1/1095 438/1/1096 413/1/1097
f 413/1/1097 416/1/1097 441/1/1095
f 417/1/1098 442/1/1098 439/1/1098
f 439/1/1098 414/1/1099 417/1/1098
f 440/1/1100 415/1/1100 418/1/1100
f 418/1/1100 443/1/1100 440/1/1100
f 356/1/1101 444/1/1102 441/1/1103
f 441/1/1103 416/1/1104 356/1/1101
f 445/1/1105 442/1/1105 417/1/1106
f 417/1/1106 392/1/1106 445/1/1105
f 393/1/1107 446/1/1108 443/1/1109
f 443/1/1109 418/1/1110 393/1/1107
f 433/1/1111 444/1/1112 356/1/1113
f 356/1/1113 355/1/1114 433/1/1111
f 391/1/1115 447/1/1115 445/1/1116
f 445/1/1116 392/1/1117 391/1/1115
f 394/1/1118 448/1/1119 446/1/1118
f 446/1/1118 393/1/1120 394/1/1118
f 395/1/1121 449/1/1122 447/1/1123
f 447/1/1123 391/1/1124 395/1/1121
f 448/1/1125 394/1/1126 396/1/1127
f 396/1/1127 450/1/1128 448/1/1125
f 389/1/1129 449/1/1130 395/1/1131
f 395/1/1131 390/1/1129 389/1/1129
f 397/1/1132 424/1/1132 450/1/1133
f 450/1/1133 396/1/1132 397/1/1132
f 451/1/1134 452/1/1135 453/1/1136
f 453/1/1136 454/1/1137 451/1/1134
f 428/1/1138 455/1/1138 456/1/1138
f 456/1/1138 427/1/1138 428/1/1138
f 429/1/1139 457/1/1140 422/1/1140
f 422/1/1140 421/1/1140 429/1/1139
f 458/1/1141 455/1/1142 428/1/1142
f 428/1/1142 430/1/1142 458/1/1141
f 431/1/1143 459/1/1143 457/1/1143
f 457/1/1143 429/1/1143 431/1/1143
f 432/1/1144 460/1/1145 458/1/1145
f 458/1/1145 430/1/1145 432/1/1144
f 452/1/1146 451/1/1146 433/1/1146
f 433/1/1146 434/1/1146 452/1/1146
f 461/1/1147 459/1/1147 431/1/1147
f 431/1/1147 435/1/1147 461/1/1147
f 436/1/1148 462/1/1149 460/1/1149
f 460/1/1149 432/1/1149 436/1/1148
f 437/1/1150 463/1/1151 452/1/1151
f 452/1/1151 434/1/1151 437/1/1150
f 438/1/1152 464/1/1152 461/1/1152
f 461/1/1152 435/1/1152 438/1/1152
f 465/1/1153 462/1/1153 436/1/1154
f 436/1/1154 439/1/1153 465/1/1153
f 440/1/1155 466/1/1156 463/1/1156
f 463/1/1156 437/1/1156 440/1/1155
f 441/1/1157 467/1/1157 464/1/1157
f 464/1/1157 438/1/1157 441/1/1157
f 442/1/1158 468/1/1158 465/1/1158
f 465/1/1158 439/1/1158 442/1/1158
f 469/1/1159 466/1/1159 440/1/1159
f 440/1/1159 443/1/1159 469/1/1159
f 470/1/1160 467/1/1160 441/1/1160
f 441/1/1160 444/1/1160 470/1/1160
f 445/1/1161 471/1/1162 468/1/1161
f 468/1/1161 442/1/1161 445/1/1161
f 446/1/1163 472/1/1163 469/1/1163
f 469/1/1163 443/1/1163 446/1/1163
f 470/1/1164 444/1/1164 433/1/1164
f 433/1/1164 451/1/1164 470/1/1164
f 471/1/1165 445/1/1165 447/1/1165
f 447/1/1165 473/1/1165 471/1/1165
f 448/1/1166 474/1/1167 472/1/1168
f 472/1/1168 446/1/1167 448/1/1166
f 449/1/1169 475/1/1169 473/1/1169
f 473/1/1169 447/1/1169 449/1/1169
f 476/1/1170 474/1/1170 448/1/1170
f 448/1/1170 450/1/1170 476/1/1170
f 389/1/1171 477/1/1171 475/1/1171
f 475/1/1171 449/1/1171 389/1/1171
f 424/1/1172 478/1/1172 476/1/1173
f 476/1/1173 450/1/1172 424/1/1172
f 477/1/1174 389/1/1174 388/1/1174
f 388/1/1174 479/1/1174 477/1/1174
f 423/1/1175 480/1/1176 478/1/1176
f 478/1/1176 424/1/1176 423/1/1175
f 425/1/1177 481/1/1177 479/1/1177
f 479/1/1177 388/1/1177 425/1/1177
f 482/1/1178 480/1/1179 423/1/1179
f 423/1/1179 426/1/1179 482/1/1178
f 420/1/1180 419/1/1181 481/1/1181
f 481/1/1181 425/1/1181 420/1/1180
f 427/1/1182 456/1/1183 482/1/1184
f 482/1/1184 426/1/1183 427/1/1182
f 483/1/1185 484/1/1186 485/1/1185
f 485/1/1185 486/1/1185 483/1/1185
f 461/1/1187 487/1/1188 488/1/1189
f 488/1/1189 459/1/1190 461/1/1187
f 462/1/1191 489/1/1192 490/1/1193
f 490/1/1193 460/1/1194 462/1/1191
f 463/1/1195 491/1/1196 453/1/1197
f 453/1/1197 452/1/1198 463/1/1195
f 492/1/1199 487/1/1200 461/1/1201
f 461/1/1201 464/1/1202 492/1/1199
f 465/1/1203 493/1/1204 489/1/1205
f 489/1/1205 462/1/1206 465/1/1203
f 466/1/1207 486/1/1208 491/1/1208
f 491/1/1208 463/1/1207 466/1/1207
f 467/1/1209 494/1/1210 492/1/1210
f 492/1/1210 464/1/1211 467/1/1209
f 493/1/1212 465/1/1213 468/1/1212
f 468/1/1212 495/1/1214 493/1/1212
f 469/1/1215 483/1/1216 486/1/1217
f 486/1/1217 466/1/1218 469/1/1215
f 470/1/1219 496/1/1220 494/1/1221
f 494/1/1221 467/1/1222 470/1/1219
f 471/1/1223 497/1/1224 495/1/1225
f 495/1/1225 468/1/1226 471/1/1223
f 483/1/1227 469/1/1228 472/1/1229
f 472/1/1229 498/1/1230 483/1/1227
f 496/1/1231 470/1/1232 451/1/1231
f 451/1/1231 454/1/1233 496/1/1231
f 473/1/1234 499/1/1235 497/1/1234
f 497/1/1234 471/1/1236 473/1/1234
f 474/1/1237 500/1/1238 498/1/1239
f 498/1/1239 472/1/1237 474/1/1237
f 501/1/1240 499/1/1241 473/1/1242
f 473/1/1242 475/1/1243 501/1/1240
f 476/1/1244 502/1/1245 500/1/1246
f 500/1/1246 474/1/1247 476/1/1244
f 477/1/1248 503/1/1249 501/1/1250
f 501/1/1250 475/1/1251 477/1/1248
f 504/1/1252 502/1/1253 476/1/1254
f 476/1/1254 478/1/1255 504/1/1252
f 479/1/1256 505/1/1256 503/1/1257
f 503/1/1257 477/1/1257 479/1/1256
f 480/1/1258 506/1/1259 504/1/1259
f 504/1/1259 478/1/1260 480/1/1258
f 505/1/1261 479/1/1262 481/1/1261
f 481/1/1261 507/1/1263 505/1/1261
f 482/1/1264 508/1/1265 506/1/1266
f 506/1/1266 480/1/1267 482/1/1264
f 419/1/1268 509/1/1269 507/1/1270
f 507/1/1270 481/1/1271 419/1/1268
f 510/1/1272 508/1/1273 482/1/1274
f 482/1/1274 456/1/1275 510/1/1272
f 422/1/1276 511/1/1277 509/1/1278
f 509/1/1278 419/1/1279 422/1/1276
f 455/1/1280 512/1/1281 510/1/1282
f 510/1/1282 456/1/1283 455/1/1280
f 513/1/1284 511/1/1285 422/1/1286
f 422/1/1286 457/1/1287 513/1/1284
f 458/1/1288 514/1/1288 512/1/1288
f 512/1/1288 455/1/1289 458/1/1288
f 459/1/1290 488/1/1290 513/1/1291
f 513/1/1291 457/1/1290 459/1/1290
f 514/1/1292 458/1/1293 460/1/1293
f 460/1/1293 490/1/1292 514/1/1292
f 515/1/1294 516/1/1295 517/1/1295
f 517/1/1295 518/1/1295 515/1/1294
f 496/1/1296 519/1/1296 520/1/1297
f 520/1/1297 494/1/1296 496/1/1296
f 521/1/1298 522/1/1298 495/1/1298
f 495/1/1298 497/1/1298 521/1/1298
f 498/1/1299 523/1/1300 484/1/1301
f 484/1/1301 483/1/1302 498/1/1299
f 524/1/1303 519/1/1303 496/1/1303
f 496/1/1303 454/1/1303 524/1/1303
f 499/1/1304 525/1/1304 521/1/1304
f 521/1/1304 497/1/1305 499/1/1304
f 523/1/1306 498/1/1307 500/1/1308
f 500/1/1308 517/1/1309 523/1/1306
f 501/1/1310 526/1/1311 525/1/1312
f 525/1/1312 499/1/1313 501/1/1310
f 502/1/1314 518/1/1315 517/1/1316
f 517/1/1316 500/1/1314 502/1/1314
f 527/1/1317 526/1/1318 501/1/1319
f 501/1/1319 503/1/1320 527/1/1317
f 504/1/1321 528/1/1322 518/1/1323
f 518/1/1323 502/1/1324 504/1/1321
f 505/1/1325 529/1/1325 527/1/1326
f 527/1/1326 503/1/1325 505/1/1325
f 530/1/1327 528/1/1328 504/1/1329
f 504/1/1329 506/1/1330 530/1/1327
f 507/1/1331 531/1/1332 529/1/1333
f 529/1/1333 505/1/1334 507/1/1331
f 508/1/1335 532/1/1336 530/1/1337
f 530/1/1337 506/1/1338 508/1/1335
f 533/1/1339 531/1/1340 507/1/1341
f 507/1/1341 509/1/1342 533/1/1339
f 510/1/1343 534/1/1344 532/1/1345
f 532/1/1345 508/1/1346 510/1/1343
f 511/1/1347 535/1/1348 533/1/1348
f 533/1/1348 509/1/1349 511/1/1347
f 536/1/1350 534/1/1351 510/1/1352
f 510/1/1352 512/1/1353 536/1/1350
f 513/1/1354 537/1/1355 535/1/1356
f 535/1/1356 511/1/1357 513/1/1354
f 514/1/1358 538/1/1359 536/1/1359
f 536/1/1359 512/1/1359 514/1/1358
f 539/1/1360 537/1/1361 513/1/1360
f 513/1/1360 488/1/1362 539/1/1360
f 490/1/1363 540/1/1364 538/1/1365
f 538/1/1365 514/1/1366 490/1/1363
f 454/1/1367 453/1/1367 541/1/1368
f 541/1/1368 524/1/1368 454/1/1367
f 487/1/1369 542/1/1370 539/1/1369
f 539/1/1369 488/1/1371 487/1/1369
f 543/1/1372 540/1/1373 490/1/1372
f 490/1/1372 489/1/1372 543/1/1372
f 544/1/1374 541/1/1375 453/1/1376
f 453/1/1376 491/1/1377 544/1/1374
f 492/1/1378 545/1/1379 542/1/1380
f 542/1/1380 487/1/1381 492/1/1378
f 493/1/1382 546/1/1383 543/1/1384
f 543/1/1384 489/1/1385 493/1/1382
f 485/1/1386 544/1/1387 491/1/1388
f 491/1/1388 486/1/1389 485/1/1386
f 520/1/1390 545/1/1390 492/1/1390
f 492/1/1390 494/1/1390 520/1/1390
f 495/1/1391 522/1/1392 546/1/1391
f 546/1/1391 493/1/1393 495/1/1391
f 547/1/1394 548/1/1395 549/1/1395
f 549/1/1395 550/1/1396 547/1/1394
f 527/1/1397 551/1/1398 552/1/1398
f 552/1/1398 526/1/1398 527/1/1397
f 528/1/1399 553/1/1399 515/1/1400
f 515/1/1400 518/1/1399 528/1/1399
f 551/1/1401 527/1/1402 529/1/1403
f 529/1/1403 554/1/1402 551/1/1401
f 530/1/1404 550/1/1405 553/1/1405
f 553/1/1405 528/1/1405 530/1/1404
f 531/1/1406 555/1/1407 554/1/1406
f 554/1/1406 529/1/1407 531/1/1406
f 547/1/1408 550/1/1409 530/1/1410
f 530/1/1410 532/1/1409 547/1/1408
f 533/1/1411 556/1/1412 555/1/1413
f 555/1/1413 531/1/1412 533/1/1411
f 534/1/1414 557/1/1414 547/1/1415
f 547/1/1415 532/1/1414 534/1/1414
f 558/1/1416 556/1/1417 533/1/1416
f 533/1/1416 535/1/1417 558/1/1416
f 536/1/1418 559/1/1418 557/1/1418
f 557/1/1418 534/1/1418 536/1/1418
f 537/1/1419 560/1/1420 558/1/1420
f 558/1/1420 535/1/1420 537/1/1419
f 561/1/1421 559/1/1422 536/1/1422
f 536/1/1422 538/1/1422 561/1/1421
f 539/1/1423 562/1/1424 560/1/1425
f 560/1/1425 537/1/1424 539/1/1423
f 540/1/1426 563/1/1427 561/1/1427
f 561/1/1427 538/1/1427 540/1/1426
f 564/1/1428 565/1/1428 524/1/1428
f 524/1/1428 541/1/1428 564/1/1428
f 566/1/1429 562/1/1429 539/1/1430
f 539/1/1430 542/1/1429 566/1/1429
f 543/1/1431 567/1/1432 563/1/1433
f 563/1/1433 540/1/1432 543/1/1431
f 544/1/1434 568/1/1435 564/1/1435
f 564/1/1435 541/1/1435 544/1/1434
f 545/1/1436 569/1/1437 566/1/1437
f 566/1/1437 542/1/1437 545/1/1436
f 567/1/1438 543/1/1439 546/1/1440
f 546/1/1440 570/1/1439 567/1/1438
f 485/1/1441 571/1/1441 568/1/1441
f 568/1/1441 544/1/1441 485/1/1441
f 520/1/1442 572/1/1443 569/1/1444
f 569/1/1444 545/1/1443 520/1/1442
f 522/1/1445 573/1/1445 570/1/1446
f 570/1/1446 546/1/1445 522/1/1445
f 574/1/1447 571/1/1448 485/1/1448
f 485/1/1448 484/1/1448 574/1/1447
f 575/1/1449 572/1/1450 520/1/1449
f 520/1/1449 519/1/1450 575/1/1449
f 521/1/1451 576/1/1452 573/1/1453
f 573/1/1453 522/1/1452 521/1/1451
f 523/1/1454 577/1/1454 574/1/1455
f 574/1/1455 484/1/1454 523/1/1454
f 565/1/1456 575/1/1457 519/1/1457
f 519/1/1457 524/1/1457 565/1/1456
f 576/1/1458 521/1/1459 525/1/1460
f 525/1/1460 578/1/1459 576/1/1458
f 517/1/1461 516/1/1461 577/1/1461
f 577/1/1461 523/1/1461 517/1/1461
f 526/1/1462 552/1/1462 578/1/1463
f 578/1/1463 525/1/1462 526/1/1462
f 579/1/1464 580/1/1464 581/1/1464
f 581/1/1464 582/1/1465 579/1/1464
f 556/1/1466 583/1/1467 584/1/1466
f 584/1/1466 555/1/1467 556/1/1466
f 585/1/1468 548/1/1469 547/1/1469
f 547/1/1469 557/1/1468 585/1/1468
f 558/1/1470 586/1/1471 583/1/1472
f 583/1/1472 556/1/1472 558/1/1470
f 559/1/1473 582/1/1474 585/1/1475
f 585/1/1475 557/1/1476 559/1/1473
f 586/1/1477 558/1/1477 560/1/1478
f 560/1/1478 587/1/1477 586/1/1477
f 561/1/1479 579/1/1480 582/1/1481
f 582/1/1481 559/1/1482 561/1/1479
f 562/1/1483 588/1/1483 587/1/1484
f 587/1/1484 560/1/1485 562/1/1483
f 579/1/1486 561/1/1486 563/1/1486
f 563/1/1486 589/1/1486 579/1/1486
f 565/1/1487 564/1/1487 590/1/1487
f 590/1/1487 591/1/1487 565/1/1487
f 566/1/1488 592/1/1489 588/1/1488
f 588/1/1488 562/1/1490 566/1/1488
f 567/1/1491 593/1/1492 589/1/1491
f 589/1/1491 563/1/1493 567/1/1491
f 568/1/1494 594/1/1495 590/1/1494
f 590/1/1494 564/1/1496 568/1/1494
f 595/1/1497 592/1/1497 566/1/1497
f 566/1/1497 569/1/1498 595/1/1497
f 570/1/1499 596/1/1500 593/1/1501
f 593/1/1501 567/1/1502 570/1/1499
f 571/1/1503 597/1/1504 594/1/1504
f 594/1/1504 568/1/1503 571/1/1503
f 572/1/1505 598/1/1506 595/1/1505
f 595/1/1505 569/1/1507 572/1/1505
f 599/1/1508 596/1/1509 570/1/1510
f 570/1/1510 573/1/1511 599/1/1508
f 574/1/1512 600/1/1513 597/1/1514
f 597/1/1514 571/1/1515 574/1/1512
f 575/1/1516 601/1/1517 598/1/1518
f 598/1/1518 572/1/1519 575/1/1516
f 576/1/1520 602/1/1521 599/1/1521
f 599/1/1521 573/1/1522 576/1/1520
f 600/1/1523 574/1/1524 577/1/1525
f 577/1/1525 603/1/1524 600/1/1523
f 591/1/1526 601/1/1527 575/1/1528
f 575/1/1528 565/1/1529 591/1/1526
f 578/1/1530 604/1/1531 602/1/1532
f 602/1/1532 576/1/1533 578/1/1530
f 516/1/1534 605/1/1534 603/1/1534
f 603/1/1534 577/1/1535 516/1/1534
f 606/1/1536 604/1/1537 578/1/1536
f 578/1/1536 552/1/1538 606/1/1536
f 515/1/1539 607/1/1540 605/1/1541
f 605/1/1541 516/1/1542 515/1/1539
f 551/1/1543 608/1/1544 606/1/1545
f 606/1/1545 552/1/1546 551/1/1543
f 609/1/1547 607/1/1548 515/1/1547
f 515/1/1547 553/1/1549 609/1/1547
f 554/1/1550 610/1/1551 608/1/1552
f 608/1/1552 551/1/1553 554/1/1550
f 550/1/1554 549/1/1555 609/1/1554
f 609/1/1554 553/1/1556 550/1/1554
f 610/1/1557 554/1/1558 555/1/1559
f 555/1/1559 584/1/1560 610/1/1557
f 611/1/1561 612/1/1562 613/1/1561
f 613/1/1561 614/1/1562 611/1/1561
f 587/1/1563 588/1/1564 615/1/1563
f 615/1/1563 616/1/1565 587/1/1563
f 589/1/1566 617/1/1566 580/1/1567
f 580/1/1567 579/1/1567 589/1/1566
f 591/1/1568 590/1/1568 618/1/1568
f 618/1/1568 619/1/1568 591/1/1568
f 615/1/1569 588/1/1569 592/1/1569
f 592/1/1569 620/1/1569 615/1/1569
f 589/1/1570 593/1/1571 614/1/1570
f 614/1/1570 617/1/1572 589/1/1570
f 618/1/1573 590/1/1574 594/1/1575
f 594/1/1575 621/1/1576 618/1/1573
f 595/1/1577 622/1/1577 620/1/1578
f 620/1/1578 592/1/1579 595/1/1577
f 614/1/1580 593/1/1580 596/1/1580
f 596/1/1580 611/1/1580 614/1/1580
f 623/1/1581 621/1/1582 594/1/1583
f 594/1/1583 597/1/1584 623/1/1581
f 595/1/1585 598/1/1586 624/1/1587
f 624/1/1587 622/1/1585 595/1/1585
f 599/1/1588 625/1/1589 611/1/1588
f 611/1/1588 596/1/1590 599/1/1588
f 600/1/1591 626/1/1592 623/1/1593
f 623/1/1593 597/1/1591 600/1/1591
f 624/1/1594 598/1/1595 601/1/1596
f 601/1/1596 627/1/1597 624/1/1594
f 599/1/1598 602/1/1599 628/1/1600
f 628/1/1600 625/1/1601 599/1/1598
f 603/1/1602 629/1/1602 626/1/1602
f 626/1/1602 600/1/1602 603/1/1602
f 601/1/1603 591/1/1603 619/1/1603
f 619/1/1603 627/1/1603 601/1/1603
f 628/1/1604 602/1/1605 604/1/1606
f 604/1/1606 630/1/1607 628/1/1604
f 631/1/1608 629/1/1608 603/1/1608
f 603/1/1608 605/1/1609 631/1/1608
f 606/1/1610 632/1/1611 630/1/1611
f 630/1/1611 604/1/1611 606/1/1610
f 607/1/1612 633/1/1613 631/1/1612
f 631/1/1612 605/1/1614 607/1/1612
f 606/1/1615 608/1/1615 634/1/1615
f 634/1/1615 632/1/1615 606/1/1615
f 609/1/1616 635/1/1616 633/1/1617
f 633/1/1617 607/1/1618 609/1/1616
f 634/1/1619 608/1/1620 610/1/1621
f 610/1/1621 636/1/1621 634/1/1619
f 609/1/1622 549/1/1623 637/1/1624
f 637/1/1624 635/1/1623 609/1/1622
f 584/1/1625 638/1/1625 636/1/1626
f 636/1/1626 610/1/1627 584/1/1625
f 637/1/1628 549/1/1629 548/1/1628
f 548/1/1628 639/1/1630 637/1/1628
f 584/1/1631 583/1/1632 640/1/1632
f 640/1/1632 638/1/1632 584/1/1631
f 641/1/1633 639/1/1634 548/1/1635
f 548/1/1635 585/1/1633 641/1/1633
f 640/1/1636 583/1/1637 586/1/1638
f 586/1/1638 642/1/1639 640/1/1636
f 641/1/1640 585/1/1641 582/1/1640
f 582/1/1640 581/1/1640 641/1/1640
f 587/1/1642 616/1/1642 642/1/1643
f 642/1/1643 586/1/1642 587/1/1642
f 643/1/1644 644/1/1645 645/1/1645
f 645/1/1645 646/1/1645 643/1/1644
f 623/1/1646 647/1/1646 648/1/1646
f 648/1/1646 621/1/1646 623/1/1646
f 624/1/1647 649/1/1647 650/1/1647
f 650/1/1647 622/1/1647 624/1/1647
f 612/1/1648 611/1/1648 625/1/1648
f 625/1/1648 651/1/1648 612/1/1648
f 623/1/1649 626/1/1649 652/1/1649
f 652/1/1649 647/1/1649 623/1/1649
f 627/1/1650 653/1/1650 649/1/1650
f 649/1/1650 624/1/1650 627/1/1650
f 628/1/1651 646/1/1651 651/1/1651
f 651/1/1651 625/1/1651 628/1/1651
f 652/1/1652 626/1/1652 629/1/1652
f 629/1/1652 654/1/1652 652/1/1652
f 655/1/1653 653/1/1653 627/1/1653
f 627/1/1653 619/1/1653 655/1/1653
f 630/1/1654 643/1/1654 646/1/1654
f 646/1/1654 628/1/1654 630/1/1654
f 631/1/1655 656/1/1655 654/1/1655
f 654/1/1655 629/1/1655 631/1/1655
f 643/1/1656 630/1/1656 632/1/1656
f 632/1/1656 657/1/1656 643/1/1656
f 631/1/1657 633/1/1657 658/1/1657
f 658/1/1657 656/1/1657 631/1/1657
f 634/1/1658 659/1/1658 657/1/1658
f 657/1/1658 632/1/1658 634/1/1658
f 658/1/1659 633/1/1659 635/1/1660
f 635/1/1660 660/1/1659 658/1/1659
f 636/1/1661 661/1/1661 659/1/1661
f 659/1/1661 634/1/1661 636/1/1661
f 637/1/1662 662/1/1662 660/1/1662
f 660/1/1662 635/1/1662 637/1/1662
f 661/1/1663 636/1/1663 638/1/1663
f 638/1/1663 663/1/1663 661/1/1663
f 639/1/1664 664/1/1664 662/1/1664
f 662/1/1664 637/1/1664 639/1/1664
f 640/1/1665 665/1/1666 663/1/1666
f 663/1/1666 638/1/1667 640/1/1665
f 639/1/1668 641/1/1668 666/1/1668
f 666/1/1668 664/1/1668 639/1/1668
f 642/1/1669 667/1/1670 665/1/1670
f 665/1/1670 640/1/1670 642/1/1669
f 668/1/1671 666/1/1671 641/1/1671
f 641/1/1671 581/1/1671 668/1/1671
f 667/1/1672 642/1/1672 616/1/1673
f 616/1/1673 669/1/1672 667/1/1672
f 668/1/1674 581/1/1674 580/1/1674
f 580/1/1674 670/1/1674 668/1/1674
f 615/1/1675 671/1/1675 669/1/1675
f 669/1/1675 616/1/1675 615/1/1675
f 670/1/1676 580/1/1676 617/1/1676
f 617/1/1676 672/1/1676 670/1/1676
f 618/1/1677 673/1/1678 655/1/1677
f 655/1/1677 619/1/1678 618/1/1677
f 620/1/1679 674/1/1679 671/1/1679
f 671/1/1679 615/1/1679 620/1/1679
f 614/1/1680 613/1/1680 672/1/1680
f 672/1/1680 617/1/1680 614/1/1680
f 673/1/1681 618/1/1681 621/1/1681
f 621/1/1681 648/1/1681 673/1/1681
f 674/1/1682 620/1/1682 622/1/1682
f 622/1/1682 650/1/1682 674/1/1682
f 675/1/1683 676/1/1683 677/1/1683
f 677/1/1683 678/1/1683 675/1/1683
f 679/1/1684 654/1/1685 656/1/1686
f 656/1/1686 680/1/1687 679/1/1684
f 657/1/1688 681/1/1689 644/1/1690
f 644/1/1690 643/1/1688 657/1/1688
f 658/1/1691 682/1/1692 680/1/1693
f 680/1/1693 656/1/1694 658/1/1691
f 681/1/1695 657/1/1696 659/1/1696
f 659/1/1696 678/1/1697 681/1/1695
f 660/1/1698 683/1/1699 682/1/1700
f 682/1/1700 658/1/1700 660/1/1698
f 661/1/1701 675/1/1701 678/1/1701
f 678/1/1701 659/1/1701 661/1/1701
f 683/1/1702 660/1/1702 662/1/1702
f 662/1/1702 684/1/1703 683/1/1702
f 663/1/1704 685/1/1705 675/1/1706
f 675/1/1706 661/1/1706 663/1/1704
f 664/1/1707 686/1/1708 684/1/1709
f 684/1/1709 662/1/1710 664/1/1707
f 685/1/1711 663/1/1712 665/1/1713
f 665/1/1713 687/1/1714 685/1/1711
f 666/1/1715 688/1/1716 686/1/1716
f 686/1/1716 664/1/1717 666/1/1715
f 667/1/1718 689/1/1719 687/1/1718
f 687/1/1718 665/1/1720 667/1/1718
f 688/1/1721 666/1/1722 668/1/1723
f 668/1/1723 690/1/1724 688/1/1721
f 669/1/1725 691/1/1726 689/1/1727
f 689/1/1727 667/1/1728 669/1/1725
f 670/1/1729 692/1/1729 690/1/1729
f 690/1/1729 668/1/1730 670/1/1729
f 691/1/1731 669/1/1731 671/1/1731
f 671/1/1731 693/1/1731 691/1/1731
f 672/1/1732 694/1/1733 692/1/1732
f 692/1/1732 670/1/1734 672/1/1732
f 655/1/1735 673/1/1736 695/1/1736
f 695/1/1736 696/1/1736 655/1/1735
f 674/1/1737 697/1/1737 693/1/1738
f 693/1/1738 671/1/1739 674/1/1737
f 694/1/1740 672/1/1741 613/1/1742
f 613/1/1742 698/1/1743 694/1/1740
f 648/1/1744 699/1/1745 695/1/1745
f 695/1/1745 673/1/1746 648/1/1744
f 650/1/1747 700/1/1747 697/1/1748
f 697/1/1748 674/1/1749 650/1/1747
f 612/1/1750 701/1/1751 698/1/1750
f 698/1/1750 613/1/1750 612/1/1750
f 699/1/1752 648/1/1753 647/1/1752
f 647/1/1752 702/1/1752 699/1/1752
f 700/1/1754 650/1/1755 649/1/1754
f 649/1/1754 703/1/1754 700/1/1754
f 651/1/1756 704/1/1757 701/1/1758
f 701/1/1758 612/1/1757 651/1/1756
f 652/1/1759 705/1/1760 702/1/1761
f 702/1/1761 647/1/1762 652/1/1759
f 653/1/1763 706/1/1764 703/1/1765
f 703/1/1765 649/1/1764 653/1/1763
f 704/1/1766 651/1/1767 646/1/1768
f 646/1/1768 645/1/1769 704/1/1766
f 654/1/1770 679/1/1770 705/1/1770
f 705/1/1770 652/1/1770 654/1/1770
f 696/1/1771 706/1/1772 653/1/1772
f 653/1/1772 655/1/1773 696/1/1771
f 707/1/1774 708/1/1774 709/1/1775
f 709/1/1775 710/1/1776 707/1/1774
f 684/1/1777 711/1/1778 712/1/1777
f 712/1/1777 683/1/1778 684/1/1777
f 685/1/1779 713/1/1780 676/1/1779
f 676/1/1779 675/1/1779 685/1/1779
f 686/1/1781 714/1/1781 711/1/1781
f 711/1/1781 684/1/1781 686/1/1781
f 687/1/1782 710/1/1783 713/1/1784
f 713/1/1784 685/1/1784 687/1/1782
f 715/1/1785 714/1/1785 686/1/1785
f 686/1/1785 688/1/1785 715/1/1785
f 689/1/1786 707/1/1787 710/1/1788
f 710/1/1788 687/1/1789 689/1/1786
f 690/1/1790 716/1/1791 715/1/1790
f 715/1/1790 688/1/1792 690/1/1790
f 717/1/1793 707/1/1793 689/1/1793
f 689/1/1793 691/1/1794 717/1/1793
f 716/1/1795 690/1/1795 692/1/1795
f 692/1/1795 718/1/1796 716/1/1795
f 719/1/1797 717/1/1797 691/1/1797
f 691/1/1797 693/1/1798 719/1/1797
f 694/1/1799 720/1/1799 718/1/1799
f 718/1/1799 692/1/1800 694/1/1799
f 721/1/1801 696/1/1802 695/1/1802
f 695/1/1802 722/1/1803 721/1/1801
f 723/1/1804 719/1/1804 693/1/1804
f 693/1/1804 697/1/1804 723/1/1804
f 698/1/1805 724/1/1806 720/1/1805
f 720/1/1805 694/1/1807 698/1/1805
f 722/1/1808 695/1/1809 699/1/1810
f 699/1/1810 725/1/1809 722/1/1808
f 723/1/1811 697/1/1812 700/1/1811
f 700/1/1811 726/1/1812 723/1/1811
f 701/1/1813 727/1/1814 724/1/1814
f 724/1/1814 698/1/1814 701/1/1813
f 702/1/1815 728/1/1815 725/1/1815
f 725/1/1815 699/1/1815 702/1/1815
f 703/1/1816 729/1/1816 726/1/1816
f 726/1/1816 700/1/1816 703/1/1816
f 704/1/1817 730/1/1818 727/1/1819
f 727/1/1819 701/1/1817 704/1/1817
f 728/1/1820 702/1/1821 705/1/1821
f 705/1/1821 731/1/1821 728/1/1820
f 706/1/1822 732/1/1823 729/1/1823
f 729/1/1823 703/1/1823 706/1/1822
f 645/1/1824 733/1/1825 730/1/1825
f 730/1/1825 704/1/1824 645/1/1824
f 679/1/1826 734/1/1826 731/1/1826
f 731/1/1826 705/1/1826 679/1/1826
f 721/1/1827 732/1/1828 706/1/1827
f 706/1/1827 696/1/1829 721/1/1827
f 644/1/1830 735/1/1830 733/1/1830
f 733/1/1830 645/1/1830 644/1/1830
f 680/1/1831 736/1/1831 734/1/1831
f 734/1/1831 679/1/1831 680/1/1831
f 681/1/1832 737/1/1832 735/1/1832
f 735/1/1832 644/1/1833 681/1/1832
f 736/1/1834 680/1/1834 682/1/1834
f 682/1/1834 738/1/1834 736/1/1834
f 678/1/1835 677/1/1835 737/1/1835
f 737/1/1835 681/1/1836 678/1/1835
f 712/1/1837 738/1/1837 682/1/1837
f 682/1/1837 683/1/1837 712/1/1837
f 739/1/1838 740/1/1839 741/1/1840
f 741/1/1840 742/1/1839 739/1/1838
f 743/1/1841 744/1/1841 715/1/1841
f 715/1/1841 716/1/1841 743/1/1841
f 745/1/1842 708/1/1843 707/1/1844
f 707/1/1844 717/1/1843 745/1/1842
f 718/1/1845 746/1/1845 743/1/1845
f 743/1/1845 716/1/1845 718/1/1845
f 747/1/1846 745/1/1847 717/1/1848
f 717/1/1848 719/1/1847 747/1/1846
f 720/1/1849 748/1/1849 746/1/1849
f 746/1/1849 718/1/1849 720/1/1849
f 721/1/1850 722/1/1850 749/1/1850
f 749/1/1850 750/1/1850 721/1/1850
f 723/1/1851 751/1/1851 747/1/1852
f 747/1/1852 719/1/1851 723/1/1851
f 748/1/1853 720/1/1853 724/1/1853
f 724/1/1853 752/1/1853 748/1/1853
f 725/1/1854 753/1/1854 749/1/1854
f 749/1/1854 722/1/1854 725/1/1854
f 751/1/1855 723/1/1856 726/1/1856
f 726/1/1856 754/1/1856 751/1/1855
f 727/1/1857 755/1/1857 752/1/1857
f 752/1/1857 724/1/1857 727/1/1857
f 728/1/1858 756/1/1858 753/1/1858
f 753/1/1858 725/1/1858 728/1/1858
f 757/1/1859 754/1/1860 726/1/1860
f 726/1/1860 729/1/1860 757/1/1859
f 758/1/1861 755/1/1861 727/1/1861
f 727/1/1861 730/1/1861 758/1/1861
f 731/1/1862 759/1/1862 756/1/1862
f 756/1/1862 728/1/1862 731/1/1862
f 732/1/1863 760/1/1863 757/1/1863
f 757/1/1863 729/1/1863 732/1/1863
f 758/1/1864 730/1/1865 733/1/1866
f 733/1/1866 741/1/1865 758/1/1864
f 734/1/1867 761/1/1867 759/1/1867
f 759/1/1867 731/1/1867 734/1/1867
f 750/1/1868 760/1/1868 732/1/1868
f 732/1/1868 721/1/1868 750/1/1868
f 735/1/1869 742/1/1870 741/1/1871
f 741/1/1871 733/1/1870 735/1/1869
f 761/1/1872 734/1/1872 736/1/1872
f 736/1/1872 762/1/1872 761/1/1872
f 742/1/1873 735/1/1873 737/1/1874
f 737/1/1874 763/1/1873 742/1/1873
f 738/1/1875 764/1/1875 762/1/1876
f 762/1/1876 736/1/1876 738/1/1875
f 763/1/1877 737/1/1878 677/1/1879
f 677/1/1879 765/1/1878 763/1/1877
f 766/1/1880 764/1/1880 738/1/1880
f 738/1/1880 712/1/1880 766/1/1880
f 767/1/1881 765/1/1881 677/1/1881
f 677/1/1881 676/1/1881 767/1/1881
f 768/1/1882 766/1/1882 712/1/1882
f 712/1/1882 711/1/1882 768/1/1882
f 713/1/1883 769/1/1884 767/1/1885
f 767/1/1885 676/1/1884 713/1/1883
f 714/1/1886 770/1/1886 768/1/1886
f 768/1/1886 711/1/1886 714/1/1886
f 769/1/1887 713/1/1888 710/1/1889
f 710/1/1889 709/1/1890 769/1/1887
f 714/1/1891 715/1/1891 744/1/1891
f 744/1/1891 770/1/1891 714/1/1891
f 771/1/1892 772/1/1893 773/1/1893
f 773/1/1893 774/1/1894 771/1/1892
f 761/1/1895 762/1/1896 775/1/1897
f 775/1/1897 776/1/1898 761/1/1895
f 763/1/1899 777/1/1899 739/1/1899
f 739/1/1899 742/1/1899 763/1/1899
f 778/1/1900 775/1/1900 762/1/1901
f 762/1/1901 764/1/1902 778/1/1900
f 765/1/1903 771/1/1903 777/1/1903
f 777/1/1903 763/1/1903 765/1/1903
f 766/1/1904 779/1/1905 778/1/1906
f 778/1/1906 764/1/1907 766/1/1904
f 771/1/1908 765/1/1909 767/1/1910
f 767/1/1910 772/1/1910 771/1/1908
f 768/1/1911 780/1/1912 779/1/1913
f 779/1/1913 766/1/1914 768/1/1911
f 769/1/1915 781/1/1916 772/1/1917
f 772/1/1917 767/1/1918 769/1/1915
f 768/1/1919 770/1/1920 782/1/1920
f 782/1/1920 780/1/1921 768/1/1919
f 769/1/1922 709/1/1923 783/1/1924
f 783/1/1924 781/1/1925 769/1/1922
f 744/1/1926 784/1/1927 782/1/1926
f 782/1/1926 770/1/1926 744/1/1926
f 785/1/1928 783/1/1929 709/1/1930
f 709/1/1930 708/1/1931 785/1/1928
f 786/1/1932 784/1/1933 744/1/1932
f 744/1/1932 743/1/1932 786/1/1932
f 785/1/1934 708/1/1935 745/1/1936
f 745/1/1936 787/1/1937 785/1/1934
f 788/1/1938 786/1/1939 743/1/1938
f 743/1/1938 746/1/1938 788/1/1938
f 747/1/1940 789/1/1941 787/1/1940
f 787/1/1940 745/1/1942 747/1/1940
f 746/1/1943 748/1/1943 790/1/1944
f 790/1/1944 788/1/1943 746/1/1943
f 791/1/1945 792/1/1945 750/1/1946
f 750/1/1946 749/1/1947 791/1/1945
f 747/1/1948 751/1/1948 793/1/1949
f 793/1/1949 789/1/1950 747/1/1948
f 790/1/1951 748/1/1952 752/1/1953
f 752/1/1953 794/1/1954 790/1/1951
f 791/1/1955 749/1/1956 753/1/1957
f 753/1/1957 795/1/1958 791/1/1955
f 754/1/1959 796/1/1960 793/1/1961
f 793/1/1961 751/1/1962 754/1/1959
f 752/1/1963 755/1/1964 797/1/1965
f 797/1/1965 794/1/1966 752/1/1963
f 753/1/1967 756/1/1968 798/1/1969
f 798/1/1969 795/1/1970 753/1/1967
f 799/1/1971 796/1/1972 754/1/1973
f 754/1/1973 757/1/1974 799/1/1971
f 758/1/1975 800/1/1976 797/1/1977
f 797/1/1977 755/1/1976 758/1/1975
f 801/1/1978 798/1/1979 756/1/1979
f 756/1/1979 759/1/1979 801/1/1978
f 802/1/1980 799/1/1981 757/1/1982
f 757/1/1982 760/1/1983 802/1/1980
f 800/1/1984 758/1/1985 741/1/1984
f 741/1/1984 740/1/1984 800/1/1984
f 761/1/1986 776/1/1987 801/1/1986
f 801/1/1986 759/1/1988 761/1/1986
f 760/1/1989 750/1/1990 792/1/1991
f 792/1/1991 802/1/1992 760/1/1989
f 803/1/1993 804/1/1993 805/1/1994
f 805/1/1994 806/1/1993 807/1/1995
f 805/1/1994 807/1/1995 808/1/1996
f 803/1/1993 805/1/1994 808/1/1996
f 809/1/1993 810/1/1993 811/1/1997
f 808/1/1996 809/1/1993 811/1/1997
f 811/1/1997 812/1/1993 813/1/1998
f 811/1/1997 813/1/1998 814/1/1999
f 808/1/1996 811/1/1997 814/1/1999
f 808/1/1996 814/1/1999 815/1/1993
f 808/1/1996 815/1/1993 816/1/2000
f 817/1/1993 818/1/1993 819/1/1993
f 816/1/2000 817/1/1993 819/1/1993
f 816/1/2000 819/1/1993 820/1/2001
f 816/1/2000 820/1/2001 821/1/2002
f 808/1/1996 816/1/2000 821/1/2002
f 808/1/1996 821/1/2002 822/1/2003
f 774/1/2004 773/1/1993 823/1/2005
f 822/1/2003 774/1/2004 823/1/2005
f 822/1/2003 823/1/2005 824/1/2006
f 822/1/2003 824/1/2006 825/1/2007
f 808/1/1996 822/1/2003 825/1/2007
f 808/1/1996 825/1/2007 826/1/1999
f 827/1/2008 828/1/1993 829/1/2001
f 826/1/1999 827/1/2008 829/1/2001
f 826/1/1999 829/1/2001 830/1/2009
f 808/1/1996 826/1/1999 830/1/2009
f 808/1/1996 830/1/2009 831/1/2010
f 808/1/1996 831/1/2010 832/1/2003
f 803/1/1993 808/1/1996 832/1/2003
f 811/1/2011 810/1/2012 779/1/2011
f 779/1/2011 780/1/2013 811/1/2011
f 823/1/2014 773/1/2014 772/1/2014
f 772/1/2014 781/1/2014 823/1/2014
f 780/1/2015 782/1/2015 812/1/2015
f 812/1/2015 811/1/2015 780/1/2015
f 783/1/2016 824/1/2017 823/1/2016
f 823/1/2016 781/1/2018 783/1/2016
f 813/1/2019 812/1/2020 782/1/2021
f 782/1/2021 784/1/2019 813/1/2019
f 785/1/2022 825/1/2023 824/1/2022
f 824/1/2022 783/1/2023 785/1/2022
f 786/1/2024 814/1/2025 813/1/2026
f 813/1/2026 784/1/2027 786/1/2024
f 825/1/2028 785/1/2028 787/1/2028
f 787/1/2028 826/1/2028 825/1/2028
f 788/1/2029 815/1/2030 814/1/2031
f 814/1/2031 786/1/2032 788/1/2029
f 826/1/2033 787/1/2034 789/1/2034
f 789/1/2034 827/1/2033 826/1/2033
f 815/1/2035 788/1/2036 790/1/2037
f 790/1/2037 816/1/2038 815/1/2035
f 803/1/2039 832/1/2040 792/1/2039
f 792/1/2039 791/1/2039 803/1/2039
f 789/1/2041 793/1/2041 828/1/2041
f 828/1/2041 827/1/2041 789/1/2041
f 817/1/2042 816/1/2043 790/1/2042
f 790/1/2042 794/1/2044 817/1/2042
f 804/1/2045 803/1/2046 791/1/2045
f 791/1/2045 795/1/2047 804/1/2045
f 829/1/2048 828/1/2049 793/1/2050
f 793/1/2050 796/1/2049 829/1/2048
f 794/1/2051 797/1/2051 818/1/2051
f 818/1/2051 817/1/2052 794/1/2051
f 798/1/2053 805/1/2053 804/1/2053
f 804/1/2053 795/1/2053 798/1/2053
f 799/1/2054 830/1/2055 829/1/2055
f 829/1/2055 796/1/2056 799/1/2054
f 819/1/2057 818/1/2058 797/1/2059
f 797/1/2059 800/1/2060 819/1/2057
f 805/1/2061 798/1/2061 801/1/2061
f 801/1/2061 806/1/2061 805/1/2061
f 802/1/2062 831/1/2062 830/1/2062
f 830/1/2062 799/1/2062 802/1/2062
f 740/1/2063 820/1/2063 819/1/2063
f 819/1/2063 800/1/2063 740/1/2063
f 807/1/2064 806/1/2065 801/1/2066
f 801/1/2066 776/1/2067 807/1/2064
f 831/1/2068 802/1/2069 792/1/2069
f 792/1/2069 832/1/2069 831/1/2068
f 739/1/2070 821/1/2071 820/1/2071
f 820/1/2071 740/1/2072 739/1/2070
f 775/1/2073 808/1/2074 807/1/2074
f 807/1/2074 776/1/2074 775/1/2073
f 821/1/2075 739/1/2075 777/1/2076
f 777/1/2076 822/1/2077 821/1/2075
f 778/1/2078 809/1/2078 808/1/2078
f 808/1/2078 775/1/2078 778/1/2078
f 822/1/2079 777/1/2080 771/1/2079
f 771/1/2079 774/1/2081 822/1/2079
f 809/1/2082 778/1/2082 779/1/2082
f 779/1/2082 810/1/2082 809/1/2082
o C_rculo_003
v -0.466161 1.021014 -0.433040
v -0.463561 1.019614 -0.420740
v -0.444861 1.027614 -0.423240
v -0.446861 1.029314 -0.435640
v -0.426061 1.035614 -0.424840
v -0.427461 1.037514 -0.437240
v -0.447061 1.026614 -0.448040
v -0.466961 1.018114 -0.445340
v -0.427161 1.035114 -0.449640
v -0.482161 1.011614 -0.417240
v -0.477561 1.005914 -0.407140
v -0.459461 1.013714 -0.410540
v -0.441161 1.021514 -0.413040
v -0.422761 1.029314 -0.414540
v -0.404361 1.037114 -0.415040
v -0.407161 1.043614 -0.425340
v -0.408061 1.045814 -0.437740
v -0.407161 1.043614 -0.450140
v -0.424861 1.028414 -0.459940
v -0.404361 1.037114 -0.460440
v -0.445261 1.019714 -0.458240
v -0.465561 1.011014 -0.455540
v -0.485761 1.002414 -0.451740
v -0.486661 1.009714 -0.441640
v -0.485361 1.012914 -0.429440
v -0.439061 0.957514 -0.433040
v -0.419761 0.965714 -0.435640
v -0.419561 0.968314 -0.423240
v -0.438361 0.960314 -0.420740
v -0.441661 0.958914 -0.445340
v -0.421861 0.967414 -0.448040
v -0.400361 0.974014 -0.437240
v -0.400761 0.976414 -0.424840
v -0.401861 0.975914 -0.449640
v -0.456961 0.952414 -0.417240
v -0.439761 0.967414 -0.410540
v -0.457861 0.959714 -0.407140
v -0.458261 0.949314 -0.429440
v -0.461361 0.950514 -0.441640
v -0.466061 0.956214 -0.451740
v -0.445861 0.964814 -0.455540
v -0.425561 0.973514 -0.458240
v -0.405161 0.982214 -0.459940
v -0.381861 0.984414 -0.450140
v -0.384661 0.990914 -0.460440
v -0.380961 0.982214 -0.437740
v -0.381861 0.984414 -0.425340
v -0.403061 0.983114 -0.414540
v -0.384661 0.990914 -0.415040
v -0.421461 0.975214 -0.413040
v -0.514461 0.925314 -0.412540
v -0.495961 0.933214 -0.419140
v -0.493561 0.936814 -0.407240
v -0.511461 0.929114 -0.400840
v -0.519261 0.925914 -0.424240
v -0.500261 0.934014 -0.431040
v -0.477261 0.941214 -0.424840
v -0.475361 0.944514 -0.412740
v -0.480961 0.942214 -0.436840
v -0.511061 0.937014 -0.391140
v -0.528261 0.929714 -0.383940
v -0.529161 0.921614 -0.393440
v -0.532561 0.917614 -0.404940
v -0.537861 0.917914 -0.416440
v -0.544261 0.922914 -0.425940
v -0.525161 0.931014 -0.433940
v -0.505761 0.939314 -0.440940
v -0.485961 0.947714 -0.446840
v -0.475861 0.952014 -0.402740
v -0.493561 0.944514 -0.397440
v -0.584661 0.895414 -0.376440
v -0.567761 0.902614 -0.386840
v -0.563261 0.907114 -0.375940
v -0.579661 0.900114 -0.365740
v -0.591461 0.895114 -0.387140
v -0.574061 0.902514 -0.397840
v -0.550361 0.910014 -0.396340
v -0.546361 0.914314 -0.385140
v -0.556161 0.910114 -0.407640
v -0.577561 0.908614 -0.356940
v -0.593161 0.902014 -0.346240
v -0.595661 0.893314 -0.354840
v -0.601061 0.888414 -0.365140
v -0.608361 0.887814 -0.375440
v -0.616361 0.892114 -0.384040
v -0.599061 0.899514 -0.395940
v -0.581261 0.907114 -0.406940
v -0.562961 0.914914 -0.416940
v -0.545061 0.922514 -0.375840
v -0.561561 0.915514 -0.366840
v -0.647061 0.868814 -0.326140
v -0.632261 0.875114 -0.339940
v -0.625961 0.880314 -0.330340
v -0.640261 0.874214 -0.316940
v -0.655661 0.867714 -0.335340
v -0.640461 0.874114 -0.349540
v -0.616961 0.881614 -0.352940
v -0.611061 0.886714 -0.342940
v -0.624661 0.880914 -0.362940
v -0.636661 0.883514 -0.309340
v -0.650061 0.877814 -0.295540
v -0.653961 0.868414 -0.302740
v -0.661161 0.862814 -0.311540
v -0.670161 0.861514 -0.320340
v -0.664761 0.871514 -0.343040
v -0.679561 0.865214 -0.327640
v -0.649261 0.878114 -0.357540
v -0.633161 0.885014 -0.371240
v -0.608161 0.895614 -0.334740
v -0.622761 0.889414 -0.322340
v -0.699161 0.846614 -0.263640
v -0.687261 0.851714 -0.280240
v -0.679261 0.857614 -0.272340
v -0.690961 0.852614 -0.256140
v -0.709261 0.844814 -0.271040
v -0.696961 0.850114 -0.288140
v -0.674561 0.857114 -0.296240
v -0.666961 0.862914 -0.287940
v -0.683961 0.855614 -0.304640
v -0.686061 0.862414 -0.250040
v -0.696661 0.857914 -0.233640
v -0.701761 0.848014 -0.239440
v -0.710361 0.841814 -0.246340
v -0.720861 0.839914 -0.253240
v -0.731461 0.843014 -0.258940
v -0.719661 0.848114 -0.277140
v -0.707061 0.853414 -0.294640
v -0.693761 0.859114 -0.311540
v -0.662761 0.872314 -0.281040
v -0.674761 0.867214 -0.265840
v -0.739161 0.829514 -0.191140
v -0.730361 0.833314 -0.210040
v -0.721161 0.839714 -0.204240
v -0.729661 0.836114 -0.185840
v -0.750361 0.827314 -0.196440
v -0.741361 0.831114 -0.215940
v -0.720761 0.837314 -0.228440
v -0.711861 0.843714 -0.222040
v -0.731561 0.835314 -0.234840
v -0.723861 0.846314 -0.181440
v -0.731361 0.843114 -0.163140
v -0.737361 0.832814 -0.167040
v -0.746961 0.826214 -0.171840
v -0.758461 0.823814 -0.176640
v -0.770061 0.826614 -0.180540
v -0.761761 0.830114 -0.200940
v -0.752561 0.834114 -0.220740
v -0.742461 0.838414 -0.240140
v -0.706561 0.853714 -0.216740
v -0.715661 0.849814 -0.199340
v -0.765261 0.818414 -0.111640
v -0.760061 0.820614 -0.132040
v -0.750061 0.827414 -0.128440
v -0.755161 0.825314 -0.108640
v -0.777261 0.815814 -0.114740
v -0.771961 0.818114 -0.135640
v -0.753961 0.823214 -0.152140
v -0.744161 0.829914 -0.147940
v -0.765661 0.820814 -0.156340
v -0.748661 0.835714 -0.106140
v -0.752761 0.834014 -0.086640
v -0.759261 0.823514 -0.088640
v -0.769561 0.816614 -0.091040
v -0.781661 0.813914 -0.093440
v -0.793761 0.816514 -0.095440
v -0.789261 0.818414 -0.117240
v -0.783761 0.820714 -0.138640
v -0.777361 0.823514 -0.159740
v -0.737961 0.840314 -0.144440
v -0.743761 0.837814 -0.125440
v -0.776661 0.813514 -0.028140
v -0.775261 0.814114 -0.049240
v -0.764761 0.821114 -0.048040
v -0.766161 0.820614 -0.027540
v -0.789061 0.810814 -0.028740
v -0.787561 0.811414 -0.050440
v -0.772861 0.815114 -0.070240
v -0.762461 0.822114 -0.068440
v -0.785061 0.812514 -0.072040
v -0.759461 0.831114 -0.027040
v -0.759961 0.830914 -0.007040
v -0.766661 0.820414 -0.007040
v -0.777161 0.813314 -0.007040
v -0.789561 0.810614 -0.007040
v -0.801261 0.813314 -0.029240
v -0.801761 0.813114 -0.007040
v -0.799761 0.813914 -0.051440
v -0.797261 0.815014 -0.073540
v -0.755861 0.832614 -0.066840
v -0.758161 0.831714 -0.047040
v -0.772861 0.815114 0.056160
v -0.775261 0.814114 0.035160
v -0.764761 0.821114 0.033960
v -0.762461 0.822114 0.054360
v -0.785061 0.812514 0.057960
v -0.787561 0.811414 0.036460
v -0.776661 0.813514 0.014160
v -0.766161 0.820614 0.013460
v -0.789061 0.810814 0.014760
v -0.755861 0.832614 0.052860
v -0.752761 0.834014 0.072560
v -0.759261 0.823514 0.074560
v -0.769561 0.816614 0.076960
v -0.781661 0.813914 0.079460
v -0.797261 0.815014 0.059560
v -0.793761 0.816514 0.081460
v -0.799761 0.813914 0.037460
v -0.801261 0.813314 0.015260
v -0.759461 0.831114 0.012960
v -0.758161 0.831714 0.032960
v -0.753961 0.823214 0.138060
v -0.760061 0.820614 0.117960
v -0.750061 0.827414 0.114360
v -0.744161 0.829914 0.133860
v -0.765661 0.820814 0.142260
v -0.771961 0.818114 0.121660
v -0.765261 0.818414 0.097660
v -0.755161 0.825314 0.094660
v -0.777261 0.815814 0.100660
v -0.737961 0.840314 0.130460
v -0.731361 0.843114 0.149060
v -0.737361 0.832814 0.153060
v -0.746961 0.826214 0.157760
v -0.758461 0.823814 0.162560
v -0.777361 0.823514 0.145760
v -0.770061 0.826614 0.166460
v -0.783761 0.820714 0.124560
v -0.789261 0.818414 0.103160
v -0.748661 0.835714 0.092060
v -0.743761 0.837814 0.111360
v -0.720761 0.837314 0.214360
v -0.730361 0.833314 0.196060
v -0.721161 0.839714 0.190160
v -0.711861 0.843714 0.208060
v -0.731561 0.835314 0.220760
v -0.741361 0.831114 0.201860
v -0.739161 0.829514 0.177160
v -0.729661 0.836114 0.171860
v -0.750361 0.827314 0.182460
v -0.706561 0.853714 0.202760
v -0.696661 0.857914 0.219660
v -0.701761 0.848014 0.225360
v -0.710361 0.841814 0.232260
v -0.720861 0.839914 0.239160
v -0.742461 0.838414 0.226060
v -0.731461 0.843014 0.244860
v -0.752561 0.834114 0.206760
v -0.761761 0.830114 0.186860
v -0.723861 0.846314 0.167460
v -0.715661 0.849814 0.185260
v -0.674561 0.857114 0.282260
v -0.687261 0.851714 0.266260
v -0.679261 0.857614 0.258360
v -0.666961 0.862914 0.273860
v -0.683961 0.855614 0.290560
v -0.696961 0.850114 0.274060
v -0.699161 0.846614 0.249560
v -0.690961 0.852614 0.242160
v -0.709261 0.844814 0.256960
v -0.662761 0.872314 0.266960
v -0.650061 0.877814 0.281460
v -0.653961 0.868414 0.288760
v -0.661161 0.862814 0.297560
v -0.670161 0.861514 0.306360
v -0.693761 0.859114 0.297460
v -0.679561 0.865214 0.313660
v -0.707061 0.853414 0.280660
v -0.719661 0.848114 0.263060
v -0.686061 0.862414 0.235960
v -0.674761 0.867214 0.251760
v -0.616961 0.881614 0.338960
v -0.632261 0.875114 0.325960
v -0.625961 0.880314 0.316260
v -0.611061 0.886714 0.328960
v -0.624661 0.880914 0.348960
v -0.640461 0.874114 0.335560
v -0.647061 0.868814 0.312160
v -0.640261 0.874214 0.302860
v -0.655661 0.867714 0.321360
v -0.608161 0.895614 0.320660
v -0.593161 0.902014 0.332160
v -0.595661 0.893314 0.340760
v -0.601061 0.888414 0.351060
v -0.608361 0.887814 0.361460
v -0.633161 0.885014 0.357160
v -0.616361 0.892114 0.369960
v -0.649261 0.878114 0.343460
v -0.664761 0.871514 0.328960
v -0.636661 0.883514 0.295260
v -0.622761 0.889414 0.308360
v -0.550361 0.910014 0.382360
v -0.567761 0.902614 0.372860
v -0.563261 0.907114 0.361860
v -0.546361 0.914314 0.371060
v -0.556161 0.910114 0.393560
v -0.574061 0.902514 0.383760
v -0.584661 0.895414 0.362360
v -0.579661 0.900114 0.351760
v -0.591461 0.895114 0.373060
v -0.545061 0.922514 0.361760
v -0.528261 0.929714 0.369860
v -0.529161 0.921614 0.379460
v -0.532561 0.917614 0.390860
v -0.537861 0.917914 0.402360
v -0.562961 0.914914 0.402860
v -0.544261 0.922914 0.411860
v -0.581261 0.907114 0.392860
v -0.599061 0.899514 0.381960
v -0.577561 0.908614 0.342860
v -0.561561 0.915514 0.352760
v -0.477261 0.941214 0.410760
v -0.495961 0.933214 0.405160
v -0.493561 0.936814 0.393260
v -0.475361 0.944514 0.398760
v -0.480961 0.942214 0.422860
v -0.500261 0.934014 0.417060
v -0.514461 0.925314 0.398460
v -0.511461 0.929114 0.386760
v -0.519261 0.925914 0.410260
v -0.475861 0.952014 0.388760
v -0.457861 0.959714 0.393160
v -0.456961 0.952414 0.403260
v -0.458261 0.949314 0.415460
v -0.461361 0.950514 0.427560
v -0.485961 0.947714 0.432860
v -0.466061 0.956214 0.437760
v -0.505761 0.939314 0.426860
v -0.525161 0.931014 0.419960
v -0.511061 0.937014 0.377060
v -0.493561 0.944514 0.383360
v -0.400361 0.974014 0.423160
v -0.419761 0.965714 0.421660
v -0.419561 0.968314 0.409260
v -0.400761 0.976414 0.410760
v -0.401861 0.975914 0.435560
v -0.421861 0.967414 0.433960
v -0.439061 0.957514 0.419060
v -0.438361 0.960314 0.406760
v -0.441661 0.958914 0.431360
v -0.403061 0.983114 0.400460
v -0.384661 0.990914 0.400960
v -0.381861 0.984414 0.411260
v -0.380961 0.982214 0.423660
v -0.381861 0.984414 0.436160
v -0.405161 0.982214 0.445860
v -0.384661 0.990914 0.446460
v -0.425561 0.973514 0.444260
v -0.445861 0.964814 0.441560
v -0.439761 0.967414 0.396560
v -0.421461 0.975214 0.398960
v -0.322861 1.007014 0.419060
v -0.342161 0.998814 0.421660
v -0.344161 1.000514 0.409260
v -0.325461 1.008514 0.406760
v -0.322061 1.009914 0.431360
v -0.341961 1.001414 0.433960
v -0.361561 0.990514 0.423160
v -0.362961 0.992514 0.410760
v -0.361861 0.992914 0.435560
v -0.329561 1.014414 0.396560
v -0.311461 1.022114 0.393160
v -0.306861 1.016414 0.403260
v -0.303661 1.015214 0.415460
v -0.302361 1.018314 0.427560
v -0.323461 1.017014 0.441560
v -0.303261 1.025614 0.437760
v -0.343761 1.008314 0.444260
v -0.364161 0.999614 0.445860
v -0.366261 0.998814 0.400460
v -0.347861 1.006614 0.398960
v -0.247461 1.039214 0.398460
v -0.265961 1.031314 0.405160
v -0.270161 1.032014 0.393260
v -0.252261 1.039714 0.386760
v -0.244561 1.043014 0.410260
v -0.263561 1.034914 0.417060
v -0.284661 1.023314 0.410760
v -0.288361 1.024314 0.398760
v -0.282861 1.026614 0.422860
v -0.258261 1.044814 0.377060
v -0.241061 1.052114 0.369860
v -0.234661 1.047214 0.379460
v -0.229361 1.046914 0.390860
v -0.225861 1.050914 0.402360
v -0.244161 1.050814 0.419960
v -0.225061 1.059014 0.411860
v -0.263561 1.042514 0.426860
v -0.283261 1.034114 0.432860
v -0.293461 1.029814 0.388760
v -0.275761 1.037414 0.383360
v -0.177261 1.069114 0.362360
v -0.194161 1.061914 0.372860
v -0.200461 1.061714 0.361860
v -0.184061 1.068714 0.351760
v -0.172361 1.073814 0.373060
v -0.189761 1.066314 0.383760
v -0.211561 1.054514 0.382360
v -0.217361 1.054514 0.371060
v -0.207561 1.058714 0.393560
v -0.191761 1.073214 0.342860
v -0.176161 1.079814 0.332160
v -0.168161 1.075514 0.340760
v -0.160861 1.076114 0.351060
v -0.155461 1.081014 0.361460
v -0.170261 1.082314 0.381960
v -0.152961 1.089714 0.369960
v -0.188061 1.074714 0.392860
v -0.206361 1.066914 0.402860
v -0.224161 1.059314 0.361760
v -0.207761 1.066314 0.352760
v -0.114861 1.095714 0.312160
v -0.129661 1.089414 0.325960
v -0.137761 1.088514 0.316260
v -0.123461 1.094614 0.302860
v -0.108161 1.101114 0.321360
v -0.123261 1.094714 0.335560
v -0.144961 1.082914 0.338960
v -0.152661 1.082114 0.328960
v -0.139061 1.087914 0.348960
v -0.132661 1.098414 0.295260
v -0.119261 1.104114 0.281460
v -0.109861 1.100414 0.288760
v -0.100761 1.101714 0.297560
v -0.093661 1.107314 0.306360
v -0.104561 1.110314 0.328960
v -0.089761 1.116714 0.313660
v -0.120061 1.103714 0.343460
v -0.136161 1.096914 0.357160
v -0.161061 1.086214 0.320660
v -0.146561 1.092414 0.308360
v -0.062761 1.117914 0.249560
v -0.074661 1.112814 0.266260
v -0.084461 1.111214 0.258360
v -0.072861 1.116214 0.242160
v -0.054461 1.124014 0.256960
v -0.066761 1.118814 0.274060
v -0.087361 1.107414 0.282260
v -0.096761 1.106014 0.273860
v -0.079861 1.113214 0.290560
v -0.083261 1.119414 0.235960
v -0.072661 1.124014 0.219660
v -0.061961 1.120814 0.225360
v -0.051561 1.122714 0.232260
v -0.042961 1.128914 0.239160
v -0.049661 1.133814 0.263060
v -0.037861 1.138814 0.244860
v -0.062261 1.128414 0.280660
v -0.075561 1.122714 0.297460
v -0.106561 1.109514 0.266960
v -0.094561 1.114614 0.251760
v -0.022761 1.134914 0.177160
v -0.031561 1.131214 0.196060
v -0.042561 1.129114 0.190160
v -0.034061 1.132714 0.171860
v -0.013361 1.141514 0.182460
v -0.022361 1.137714 0.201860
v -0.041161 1.127114 0.214360
v -0.051861 1.125114 0.208060
v -0.032261 1.133514 0.220760
v -0.045361 1.135614 0.167460
v -0.037961 1.138714 0.149060
v -0.026361 1.136014 0.153060
v -0.014961 1.138314 0.157760
v -0.005261 1.145014 0.162560
v -0.007561 1.151714 0.186860
v 0.000739 1.155214 0.166460
v -0.016761 1.147814 0.206760
v -0.026861 1.143514 0.226060
v -0.062761 1.128214 0.202760
v -0.053661 1.132014 0.185260
v 0.003339 1.146114 0.097660
v -0.001861 1.143914 0.117960
v -0.013661 1.141414 0.114360
v -0.008661 1.143514 0.094660
v 0.013539 1.153014 0.100660
v 0.008239 1.150714 0.121660
v -0.007961 1.141314 0.138060
v -0.019661 1.138914 0.133860
v 0.001939 1.148114 0.142260
v -0.020661 1.146114 0.092060
v -0.016561 1.147814 0.072560
v -0.004561 1.145314 0.074560
v 0.007639 1.147914 0.076960
v 0.017939 1.154914 0.079460
v 0.019939 1.163414 0.103160
v 0.024439 1.165314 0.081460
v 0.014539 1.161114 0.124560
v 0.008039 1.158414 0.145760
v -0.031261 1.141614 0.130460
v -0.025561 1.144014 0.111360
v 0.014739 1.151014 0.014160
v 0.013339 1.150414 0.035160
v 0.001039 1.147714 0.033960
v 0.002439 1.148314 0.013460
v 0.025239 1.158014 0.014760
v 0.023739 1.157414 0.036460
v 0.010939 1.149314 0.056160
v -0.001261 1.146714 0.054360
v 0.021339 1.156314 0.057960
v -0.009861 1.150714 0.012960
v -0.009361 1.150914 -0.007040
v 0.002839 1.148514 -0.007040
v 0.015239 1.151214 -0.007040
v 0.025739 1.158214 -0.007040
v 0.031939 1.168514 0.015260
v 0.032439 1.168814 -0.007040
v 0.030439 1.167914 0.037460
v 0.027939 1.166814 0.059560
v -0.013461 1.149214 0.052860
v -0.011161 1.150114 0.032960
v 0.010939 1.149314 -0.070240
v 0.013339 1.150414 -0.049240
v 0.001039 1.147714 -0.048040
v -0.001261 1.146714 -0.068440
v 0.021339 1.156314 -0.072040
v 0.023739 1.157414 -0.050440
v 0.014739 1.151014 -0.028140
v 0.002439 1.148314 -0.027540
v 0.025239 1.158014 -0.028740
v -0.013461 1.149214 -0.066840
v -0.016561 1.147814 -0.086640
v -0.004561 1.145314 -0.088640
v 0.007639 1.147914 -0.091040
v 0.017939 1.154914 -0.093440
v 0.027939 1.166814 -0.073540
v 0.024439 1.165314 -0.095440
v 0.030439 1.167914 -0.051440
v 0.031939 1.168514 -0.029240
v -0.009861 1.150714 -0.027040
v -0.011161 1.150114 -0.047040
v -0.007961 1.141314 -0.152140
v -0.001861 1.143914 -0.132040
v -0.013661 1.141414 -0.128440
v -0.019661 1.138914 -0.147940
v 0.001939 1.148114 -0.156340
v 0.008239 1.150714 -0.135640
v 0.003339 1.146114 -0.111640
v -0.008661 1.143514 -0.108640
v 0.013539 1.153014 -0.114740
v -0.031261 1.141614 -0.144440
v -0.037961 1.138714 -0.163140
v -0.026361 1.136014 -0.167040
v -0.014961 1.138314 -0.171840
v -0.005261 1.145014 -0.176640
v 0.008039 1.158414 -0.159740
v 0.000739 1.155214 -0.180540
v 0.014539 1.161114 -0.138640
v 0.019939 1.163414 -0.117240
v -0.020661 1.146114 -0.106140
v -0.025561 1.144014 -0.125440
v -0.041161 1.127114 -0.228440
v -0.031561 1.131214 -0.210040
v -0.042561 1.129114 -0.204240
v -0.051861 1.125114 -0.222040
v -0.032261 1.133514 -0.234840
v -0.022361 1.137714 -0.215940
v -0.022761 1.134914 -0.191140
v -0.034061 1.132714 -0.185840
v -0.013361 1.141514 -0.196440
v -0.062761 1.128214 -0.216740
v -0.072661 1.124014 -0.233640
v -0.061961 1.120814 -0.239440
v -0.051561 1.122714 -0.246340
v -0.042961 1.128914 -0.253240
v -0.026861 1.143514 -0.240140
v -0.037861 1.138814 -0.258940
v -0.016761 1.147814 -0.220740
v -0.007561 1.151714 -0.200940
v -0.045361 1.135614 -0.181440
v -0.053661 1.132014 -0.199340
v -0.087361 1.107414 -0.296240
v -0.074661 1.112814 -0.280240
v -0.084461 1.111214 -0.272340
v -0.096761 1.106014 -0.287940
v -0.079861 1.113214 -0.304640
v -0.066761 1.118814 -0.288140
v -0.062761 1.117914 -0.263640
v -0.072861 1.116214 -0.256140
v -0.054461 1.124014 -0.271040
v -0.106561 1.109514 -0.281040
v -0.119261 1.104114 -0.295540
v -0.109861 1.100414 -0.302740
v -0.100761 1.101714 -0.311540
v -0.093661 1.107314 -0.320340
v -0.075561 1.122714 -0.311540
v -0.089761 1.116714 -0.327640
v -0.062261 1.128414 -0.294640
v -0.049661 1.133814 -0.277140
v -0.083261 1.119414 -0.250040
v -0.094561 1.114614 -0.265840
v -0.144961 1.082914 -0.352940
v -0.129661 1.089414 -0.339940
v -0.137761 1.088514 -0.330340
v -0.152661 1.082114 -0.342940
v -0.139061 1.087914 -0.362940
v -0.123261 1.094714 -0.349540
v -0.114861 1.095714 -0.326140
v -0.123461 1.094614 -0.316940
v -0.108161 1.101114 -0.335340
v -0.161061 1.086214 -0.334740
v -0.176161 1.079814 -0.346240
v -0.168161 1.075514 -0.354840
v -0.160861 1.076114 -0.365140
v -0.155461 1.081014 -0.375440
v -0.136161 1.096914 -0.371240
v -0.152961 1.089714 -0.384040
v -0.120061 1.103714 -0.357540
v -0.104561 1.110314 -0.343040
v -0.132661 1.098414 -0.309340
v -0.146561 1.092414 -0.322340
v -0.211561 1.054514 -0.396340
v -0.194161 1.061914 -0.386840
v -0.200461 1.061714 -0.375940
v -0.217361 1.054514 -0.385140
v -0.207561 1.058714 -0.407640
v -0.189761 1.066314 -0.397840
v -0.177261 1.069114 -0.376440
v -0.184061 1.068714 -0.365740
v -0.172361 1.073814 -0.387140
v -0.224161 1.059314 -0.375840
v -0.241061 1.052114 -0.383940
v -0.234661 1.047214 -0.393440
v -0.229361 1.046914 -0.404940
v -0.225861 1.050914 -0.416440
v -0.206361 1.066914 -0.416940
v -0.225061 1.059014 -0.425940
v -0.188061 1.074714 -0.406940
v -0.170261 1.082314 -0.395940
v -0.191761 1.073214 -0.356940
v -0.207761 1.066314 -0.366840
v -0.284661 1.023314 -0.424840
v -0.265961 1.031314 -0.419140
v -0.270161 1.032014 -0.407240
v -0.288361 1.024314 -0.412740
v -0.282861 1.026614 -0.436840
v -0.263561 1.034914 -0.431040
v -0.247461 1.039214 -0.412540
v -0.252261 1.039714 -0.400840
v -0.244561 1.043014 -0.424240
v -0.293461 1.029814 -0.402740
v -0.311461 1.022114 -0.407140
v -0.306861 1.016414 -0.417240
v -0.303661 1.015214 -0.429440
v -0.302361 1.018314 -0.441640
v -0.283261 1.034114 -0.446840
v -0.303261 1.025614 -0.451740
v -0.263561 1.042514 -0.440940
v -0.244161 1.050814 -0.433940
v -0.258261 1.044814 -0.391140
v -0.275761 1.037414 -0.397440
v -0.361561 0.990514 -0.437240
v -0.342161 0.998814 -0.435640
v -0.344161 1.000514 -0.423240
v -0.362961 0.992514 -0.424840
v -0.361861 0.992914 -0.449640
v -0.341961 1.001414 -0.448040
v -0.322861 1.007014 -0.433040
v -0.325461 1.008514 -0.420740
v -0.322061 1.009914 -0.445340
v -0.366261 0.998814 -0.414540
v -0.364161 0.999614 -0.459940
v -0.343761 1.008314 -0.458240
v -0.323461 1.017014 -0.455540
v -0.329561 1.014414 -0.410540
v -0.347861 1.006614 -0.413040
v -0.518861 0.996014 -0.407240
v -0.523061 0.996814 -0.419140
v -0.541561 0.988914 -0.412540
v -0.536761 0.988414 -0.400840
v -0.500661 1.003814 -0.412740
v -0.504361 1.004814 -0.424840
v -0.525461 0.993214 -0.431040
v -0.544461 0.985114 -0.424240
v -0.506161 1.001414 -0.436840
v -0.530761 0.983214 -0.391140
v -0.554361 0.980914 -0.393440
v -0.547961 0.975914 -0.383940
v -0.513261 0.990714 -0.397440
v -0.495561 0.998314 -0.402740
v -0.505761 0.993914 -0.446840
v -0.525461 0.985514 -0.440940
v -0.544861 0.977214 -0.433940
v -0.563961 0.969114 -0.425940
v -0.563161 0.977114 -0.416440
v -0.559661 0.981214 -0.404940
v -0.588561 0.966314 -0.375940
v -0.594861 0.966214 -0.386840
v -0.611761 0.959014 -0.376440
v -0.604961 0.959314 -0.365740
v -0.571661 0.973514 -0.385140
v -0.577461 0.973614 -0.396340
v -0.599261 0.961714 -0.397840
v -0.616661 0.954314 -0.387140
v -0.581461 0.969314 -0.407640
v -0.620861 0.952514 -0.354840
v -0.612861 0.948214 -0.346240
v -0.597261 0.954914 -0.356940
v -0.581261 0.961714 -0.366840
v -0.564861 0.968714 -0.375840
v -0.582661 0.961114 -0.416940
v -0.600961 0.953314 -0.406940
v -0.618761 0.945714 -0.395940
v -0.636061 0.938314 -0.384040
v -0.633561 0.947114 -0.375440
v -0.628161 0.952014 -0.365140
v -0.651261 0.939614 -0.330340
v -0.659361 0.938614 -0.339940
v -0.674161 0.932414 -0.326140
v -0.665561 0.933514 -0.316940
v -0.636361 0.945914 -0.342940
v -0.644061 0.945214 -0.352940
v -0.665761 0.933414 -0.349540
v -0.680861 0.926914 -0.335340
v -0.649961 0.940114 -0.362940
v -0.679161 0.927614 -0.302740
v -0.669761 0.924014 -0.295540
v -0.656361 0.929714 -0.309340
v -0.642461 0.935614 -0.322340
v -0.627961 0.941814 -0.334740
v -0.652861 0.931214 -0.371240
v -0.668961 0.924314 -0.357540
v -0.684461 0.917714 -0.343040
v -0.699261 0.911414 -0.327640
v -0.695361 0.920714 -0.320340
v -0.688261 0.926414 -0.311540
v -0.704561 0.916814 -0.272340
v -0.714361 0.915214 -0.280240
v -0.726261 0.910114 -0.263640
v -0.716161 0.911914 -0.256140
v -0.692261 0.922114 -0.287940
v -0.701661 0.920614 -0.296240
v -0.722261 0.909314 -0.288140
v -0.734561 0.904014 -0.271040
v -0.709161 0.914914 -0.304640
v -0.727061 0.907214 -0.239440
v -0.716361 0.904114 -0.233640
v -0.705761 0.908614 -0.250040
v -0.694461 0.913514 -0.265840
v -0.682461 0.918614 -0.281040
v -0.713461 0.905414 -0.311540
v -0.726761 0.899714 -0.294640
v -0.739361 0.894314 -0.277140
v -0.751161 0.889314 -0.258940
v -0.746061 0.899114 -0.253240
v -0.737461 0.905414 -0.246340
v -0.746461 0.899014 -0.204240
v -0.757461 0.896814 -0.210040
v -0.766261 0.893114 -0.191140
v -0.754961 0.895314 -0.185840
v -0.737161 0.902914 -0.222040
v -0.747861 0.900914 -0.228440
v -0.766661 0.890414 -0.215940
v -0.775661 0.886514 -0.196440
v -0.756761 0.894614 -0.234840
v -0.762661 0.892114 -0.167040
v -0.751061 0.889314 -0.163140
v -0.743661 0.892514 -0.181440
v -0.735361 0.896014 -0.199340
v -0.726261 0.899914 -0.216740
v -0.762161 0.884614 -0.240140
v -0.772261 0.880314 -0.220740
v -0.781461 0.876414 -0.200940
v -0.789761 0.872814 -0.180540
v -0.783761 0.883114 -0.176640
v -0.774061 0.889714 -0.171840
v -0.775361 0.886714 -0.128440
v -0.787161 0.884214 -0.132040
v -0.792361 0.881914 -0.111640
v -0.780361 0.884514 -0.108640
v -0.769361 0.889214 -0.147940
v -0.781061 0.886814 -0.152140
v -0.797261 0.877314 -0.135640
v -0.802561 0.875014 -0.114740
v -0.790961 0.880014 -0.156340
v -0.784461 0.882714 -0.088640
v -0.772461 0.880214 -0.086640
v -0.768361 0.881914 -0.106140
v -0.763461 0.884014 -0.125440
v -0.757761 0.886514 -0.144440
v -0.797061 0.869714 -0.159740
v -0.803561 0.867014 -0.138640
v -0.808961 0.864614 -0.117240
v -0.813461 0.862714 -0.095440
v -0.806961 0.873214 -0.093440
v -0.796661 0.880114 -0.091040
v -0.790061 0.880414 -0.048040
v -0.802361 0.877714 -0.049240
v -0.803761 0.877114 -0.028140
v -0.791461 0.879814 -0.027540
v -0.787761 0.881414 -0.068440
v -0.799961 0.878714 -0.070240
v -0.812861 0.870714 -0.050440
v -0.814261 0.870014 -0.028740
v -0.810361 0.871714 -0.072040
v -0.791861 0.879614 -0.007040
v -0.779661 0.877114 -0.007040
v -0.779161 0.877314 -0.027040
v -0.777861 0.877914 -0.047040
v -0.775561 0.878914 -0.066840
v -0.816961 0.861214 -0.073540
v -0.819461 0.860214 -0.051440
v -0.820961 0.859514 -0.029240
v -0.821461 0.859314 -0.007040
v -0.814761 0.869814 -0.007040
v -0.804261 0.876914 -0.007040
v -0.790061 0.880414 0.033960
v -0.802361 0.877714 0.035160
v -0.799961 0.878714 0.056160
v -0.787761 0.881414 0.054360
v -0.791461 0.879814 0.013460
v -0.803761 0.877114 0.014160
v -0.812861 0.870714 0.036460
v -0.810361 0.871714 0.057960
v -0.814261 0.870014 0.014760
v -0.784461 0.882714 0.074560
v -0.772461 0.880214 0.072560
v -0.775561 0.878914 0.052860
v -0.777861 0.877914 0.032960
v -0.779161 0.877314 0.012960
v -0.820961 0.859514 0.015260
v -0.819461 0.860214 0.037460
v -0.816961 0.861214 0.059560
v -0.813461 0.862714 0.081460
v -0.806961 0.873214 0.079460
v -0.796661 0.880114 0.076960
v -0.775361 0.886714 0.114360
v -0.787161 0.884214 0.117960
v -0.781061 0.886814 0.138060
v -0.769361 0.889214 0.133860
v -0.780361 0.884514 0.094660
v -0.792361 0.881914 0.097660
v -0.797261 0.877314 0.121660
v -0.790961 0.880014 0.142260
v -0.802561 0.875014 0.100660
v -0.762661 0.892114 0.153060
v -0.751061 0.889314 0.149060
v -0.757761 0.886514 0.130460
v -0.763461 0.884014 0.111360
v -0.768361 0.881914 0.092060
v -0.808961 0.864614 0.103160
v -0.803561 0.867014 0.124560
v -0.797061 0.869714 0.145760
v -0.789761 0.872814 0.166460
v -0.783761 0.883114 0.162560
v -0.774061 0.889714 0.157760
v -0.746461 0.899014 0.190160
v -0.757461 0.896814 0.196060
v -0.747861 0.900914 0.214360
v -0.737161 0.902914 0.208060
v -0.754961 0.895314 0.171860
v -0.766261 0.893114 0.177160
v -0.766661 0.890414 0.201860
v -0.756761 0.894614 0.220760
v -0.775661 0.886514 0.182460
v -0.727061 0.907214 0.225360
v -0.716361 0.904114 0.219660
v -0.726261 0.899914 0.202760
v -0.735361 0.896014 0.185260
v -0.743661 0.892514 0.167460
v -0.781461 0.876414 0.186860
v -0.772261 0.880314 0.206760
v -0.762161 0.884614 0.226060
v -0.751161 0.889314 0.244860
v -0.746061 0.899114 0.239160
v -0.737461 0.905414 0.232260
v -0.704561 0.916814 0.258360
v -0.714361 0.915214 0.266260
v -0.701661 0.920614 0.282260
v -0.692261 0.922114 0.273860
v -0.716161 0.911914 0.242160
v -0.726261 0.910114 0.249560
v -0.722261 0.909314 0.274060
v -0.709161 0.914914 0.290560
v -0.734561 0.904014 0.256960
v -0.679161 0.927614 0.288760
v -0.669761 0.924014 0.281460
v -0.682461 0.918614 0.266960
v -0.694461 0.913514 0.251760
v -0.705761 0.908614 0.235960
v -0.739361 0.894314 0.263060
v -0.726761 0.899714 0.280660
v -0.713461 0.905414 0.297460
v -0.699261 0.911414 0.313660
v -0.695361 0.920714 0.306360
v -0.688261 0.926414 0.297560
v -0.651261 0.939614 0.316260
v -0.659361 0.938614 0.325960
v -0.644061 0.945214 0.338960
v -0.636361 0.945914 0.328960
v -0.665561 0.933514 0.302860
v -0.674161 0.932414 0.312160
v -0.665761 0.933414 0.335560
v -0.649961 0.940114 0.348960
v -0.680861 0.926914 0.321360
v -0.620861 0.952514 0.340760
v -0.612861 0.948214 0.332160
v -0.627961 0.941814 0.320660
v -0.642461 0.935614 0.308360
v -0.656361 0.929714 0.295260
v -0.684461 0.917714 0.328960
v -0.668961 0.924314 0.343460
v -0.652861 0.931214 0.357160
v -0.636061 0.938314 0.369960
v -0.633561 0.947114 0.361460
v -0.628161 0.952014 0.351060
v -0.588561 0.966314 0.361860
v -0.594861 0.966214 0.372860
v -0.577461 0.973614 0.382360
v -0.571661 0.973514 0.371060
v -0.604961 0.959314 0.351760
v -0.611761 0.959014 0.362360
v -0.599261 0.961714 0.383760
v -0.581461 0.969314 0.393560
v -0.616661 0.954314 0.373060
v -0.554361 0.980914 0.379460
v -0.547961 0.975914 0.369860
v -0.564861 0.968714 0.361760
v -0.581261 0.961714 0.352760
v -0.597261 0.954914 0.342860
v -0.618761 0.945714 0.381960
v -0.600961 0.953314 0.392860
v -0.582661 0.961114 0.402860
v -0.563961 0.969114 0.411860
v -0.563161 0.977114 0.402360
v -0.559661 0.981214 0.390860
v -0.518861 0.996014 0.393260
v -0.523061 0.996814 0.405160
v -0.504361 1.004814 0.410760
v -0.500661 1.003814 0.398760
v -0.536761 0.988414 0.386760
v -0.541561 0.988914 0.398460
v -0.525461 0.993214 0.417060
v -0.506161 1.001414 0.422860
v -0.544461 0.985114 0.410260
v -0.482161 1.011614 0.403260
v -0.477561 1.005914 0.393160
v -0.495561 0.998314 0.388760
v -0.513261 0.990714 0.383360
v -0.530761 0.983214 0.377060
v -0.544861 0.977214 0.419960
v -0.525461 0.985514 0.426860
v -0.505761 0.993914 0.432860
v -0.485761 1.002414 0.437760
v -0.486661 1.009714 0.427560
v -0.485361 1.012914 0.415460
v -0.444861 1.027614 0.409260
v -0.446861 1.029314 0.421660
v -0.427461 1.037514 0.423160
v -0.426061 1.035614 0.410760
v -0.463561 1.019614 0.406760
v -0.466161 1.021014 0.419060
v -0.447061 1.026614 0.433960
v -0.427161 1.035114 0.435560
v -0.466961 1.018114 0.431360
v -0.407161 1.043614 0.411260
v -0.404361 1.037114 0.400960
v -0.422761 1.029314 0.400460
v -0.441161 1.021514 0.398960
v -0.459461 1.013714 0.396560
v -0.465561 1.011014 0.441560
v -0.445261 1.019714 0.444260
v -0.424861 1.028414 0.445860
v -0.404361 1.037114 0.446460
v -0.407161 1.043614 0.436160
v -0.408061 1.045814 0.423660
v -0.369461 1.059714 0.409260
v -0.369261 1.062414 0.421660
v -0.349961 1.070614 0.419060
v -0.350661 1.067714 0.406760
v -0.388261 1.051714 0.410760
v -0.388661 1.054114 0.423160
v -0.367161 1.060714 0.433960
v -0.347361 1.069114 0.431360
v -0.387161 1.052214 0.435560
v -0.332061 1.075714 0.403260
v -0.331161 1.068414 0.393160
v -0.349261 1.060614 0.396560
v -0.367561 1.052814 0.398960
v -0.385961 1.045014 0.400460
v -0.383861 1.045914 0.445860
v -0.363461 1.054614 0.444260
v -0.343161 1.063214 0.441560
v -0.322961 1.071814 0.437760
v -0.327661 1.077614 0.427560
v -0.330761 1.078814 0.415460
v -0.295461 1.091314 0.393260
v -0.293061 1.094814 0.405160
v -0.274561 1.102714 0.398460
v -0.277561 1.098914 0.386760
v -0.313661 1.083514 0.398760
v -0.311761 1.086914 0.410760
v -0.288761 1.094114 0.417060
v -0.269861 1.102214 0.410260
v -0.308061 1.085914 0.422860
v -0.259861 1.106414 0.379460
v -0.260761 1.098414 0.369860
v -0.277961 1.091014 0.377060
v -0.295461 1.083614 0.383360
v -0.313161 1.076014 0.388760
v -0.303061 1.080414 0.432860
v -0.283261 1.088814 0.426860
v -0.263861 1.097114 0.419960
v -0.244761 1.105214 0.411860
v -0.251161 1.110214 0.402360
v -0.256461 1.110514 0.390860
v -0.225761 1.121014 0.361860
v -0.221261 1.125414 0.372860
v -0.204361 1.132714 0.362360
v -0.209361 1.128014 0.351760
v -0.242661 1.113814 0.371060
v -0.238661 1.118014 0.382360
v -0.214961 1.125614 0.383760
v -0.197561 1.133014 0.373060
v -0.232861 1.118014 0.393560
v -0.193361 1.134814 0.340760
v -0.195861 1.126014 0.332160
v -0.211461 1.119414 0.342860
v -0.227461 1.112614 0.352760
v -0.243961 1.105614 0.361760
v -0.226061 1.113214 0.402860
v -0.207761 1.121014 0.392860
v -0.189961 1.128614 0.381960
v -0.172661 1.135914 0.369960
v -0.180661 1.140214 0.361460
v -0.187961 1.139714 0.351060
v -0.163061 1.147714 0.316260
v -0.156761 1.153014 0.325960
v -0.141961 1.159314 0.312160
v -0.148761 1.153814 0.302860
v -0.177961 1.141414 0.328960
v -0.172061 1.146414 0.338960
v -0.148561 1.153914 0.335560
v -0.133361 1.160414 0.321360
v -0.164361 1.147214 0.348960
v -0.135061 1.159614 0.288760
v -0.138961 1.150314 0.281460
v -0.152361 1.144614 0.295260
v -0.166261 1.138714 0.308360
v -0.180861 1.132514 0.320660
v -0.155861 1.143114 0.357160
v -0.139761 1.150014 0.343460
v -0.124261 1.156614 0.328960
v -0.109461 1.162914 0.313660
v -0.118861 1.166514 0.306360
v -0.127861 1.165314 0.297560
v -0.109761 1.170514 0.258360
v -0.101761 1.176414 0.266260
v -0.089861 1.181514 0.249560
v -0.098061 1.175414 0.242160
v -0.122061 1.165214 0.273860
v -0.114461 1.171014 0.282260
v -0.092061 1.178014 0.274060
v -0.079761 1.183214 0.256960
v -0.105061 1.172414 0.290560
v -0.087261 1.180014 0.225360
v -0.092361 1.170214 0.219660
v -0.102961 1.165714 0.235960
v -0.114261 1.160814 0.251760
v -0.126261 1.155714 0.266960
v -0.095261 1.168914 0.297460
v -0.081961 1.174614 0.280660
v -0.069361 1.180014 0.263060
v -0.057561 1.185014 0.244860
v -0.068161 1.188214 0.239160
v -0.078661 1.186314 0.232260
v -0.067861 1.188314 0.190160
v -0.058661 1.194814 0.196060
v -0.049861 1.198514 0.177160
v -0.059361 1.191914 0.171860
v -0.077161 1.184414 0.208060
v -0.068261 1.190714 0.214360
v -0.047661 1.196914 0.201860
v -0.038661 1.200814 0.182460
v -0.057461 1.192714 0.220760
v -0.051661 1.195214 0.153060
v -0.057661 1.185014 0.149060
v -0.065161 1.181814 0.167460
v -0.073361 1.178314 0.185260
v -0.082461 1.174414 0.202760
v -0.046561 1.189714 0.226060
v -0.036461 1.194014 0.206760
v -0.027261 1.197914 0.186860
v -0.018961 1.201514 0.166460
v -0.030561 1.204214 0.162560
v -0.042061 1.201914 0.157760
v -0.038961 1.200614 0.114360
v -0.028961 1.207514 0.117960
v -0.023761 1.209714 0.097660
v -0.033861 1.202814 0.094660
v -0.044861 1.198114 0.133860
v -0.035061 1.204914 0.138060
v -0.017061 1.210014 0.121660
v -0.011761 1.212214 0.100660
v -0.023361 1.207314 0.142260
v -0.029761 1.204514 0.074560
v -0.036261 1.194114 0.072560
v -0.040361 1.192414 0.092060
v -0.045261 1.190314 0.111360
v -0.051061 1.187814 0.130460
v -0.011661 1.204614 0.145760
v -0.005261 1.207314 0.124560
v 0.000239 1.209714 0.103160
v 0.004739 1.211614 0.081460
v -0.007361 1.214114 0.079460
v -0.019461 1.211514 0.076960
v -0.024261 1.206914 0.033960
v -0.013761 1.213914 0.035160
v -0.012361 1.214514 0.014160
v -0.022861 1.207514 0.013460
v -0.026561 1.205914 0.054360
v -0.016161 1.212914 0.056160
v -0.001461 1.216614 0.036460
v 0.000039 1.217214 0.014760
v -0.003961 1.215614 0.057960
v -0.022361 1.207714 -0.007040
v -0.029061 1.197214 -0.007040
v -0.029561 1.197014 0.012960
v -0.030861 1.196414 0.032960
v -0.033161 1.195414 0.052860
v 0.008239 1.213114 0.059560
v 0.010739 1.214114 0.037460
v 0.012239 1.214814 0.015260
v 0.012739 1.215014 -0.007040
v 0.000539 1.217414 -0.007040
v -0.011861 1.214714 -0.007040
v -0.024261 1.206914 -0.048040
v -0.013761 1.213914 -0.049240
v -0.016161 1.212914 -0.070240
v -0.026561 1.205914 -0.068440
v -0.022861 1.207514 -0.027540
v -0.012361 1.214514 -0.028140
v -0.001461 1.216614 -0.050440
v -0.003961 1.215614 -0.072040
v 0.000039 1.217214 -0.028740
v -0.029761 1.204514 -0.088640
v -0.036261 1.194114 -0.086640
v -0.033161 1.195414 -0.066840
v -0.030861 1.196414 -0.047040
v -0.029561 1.197014 -0.027040
v 0.012239 1.214814 -0.029240
v 0.010739 1.214114 -0.051440
v 0.008239 1.213114 -0.073540
v 0.004739 1.211614 -0.095440
v -0.007361 1.214114 -0.093440
v -0.019461 1.211514 -0.091040
v -0.038961 1.200614 -0.128440
v -0.028961 1.207514 -0.132040
v -0.035061 1.204914 -0.152140
v -0.044861 1.198114 -0.147940
v -0.033861 1.202814 -0.108640
v -0.023761 1.209714 -0.111640
v -0.017061 1.210014 -0.135640
v -0.023361 1.207314 -0.156340
v -0.011761 1.212214 -0.114740
v -0.051661 1.195214 -0.167040
v -0.057661 1.185014 -0.163140
v -0.051061 1.187814 -0.144440
v -0.045261 1.190314 -0.125440
v -0.040361 1.192414 -0.106140
v 0.000239 1.209714 -0.117240
v -0.005261 1.207314 -0.138640
v -0.011661 1.204614 -0.159740
v -0.018961 1.201514 -0.180540
v -0.030561 1.204214 -0.176640
v -0.042061 1.201914 -0.171840
v -0.067861 1.188314 -0.204240
v -0.058661 1.194814 -0.210040
v -0.068261 1.190714 -0.228440
v -0.077161 1.184414 -0.222040
v -0.059361 1.191914 -0.185840
v -0.049861 1.198514 -0.191140
v -0.047661 1.196914 -0.215940
v -0.057461 1.192714 -0.234840
v -0.038661 1.200814 -0.196440
v -0.087261 1.180014 -0.239440
v -0.092361 1.170214 -0.233640
v -0.082461 1.174414 -0.216740
v -0.073361 1.178314 -0.199340
v -0.065161 1.181814 -0.181440
v -0.027261 1.197914 -0.200940
v -0.036461 1.194014 -0.220740
v -0.046561 1.189714 -0.240140
v -0.057561 1.185014 -0.258940
v -0.068161 1.188214 -0.253240
v -0.078661 1.186314 -0.246340
v -0.109761 1.170514 -0.272340
v -0.101761 1.176414 -0.280240
v -0.114461 1.171014 -0.296240
v -0.122061 1.165214 -0.287940
v -0.098061 1.175414 -0.256140
v -0.089861 1.181514 -0.263640
v -0.092061 1.178014 -0.288140
v -0.105061 1.172414 -0.304640
v -0.079761 1.183214 -0.271040
v -0.135061 1.159614 -0.302740
v -0.138961 1.150314 -0.295540
v -0.126261 1.155714 -0.281040
v -0.114261 1.160814 -0.265840
v -0.102961 1.165714 -0.250040
v -0.069361 1.180014 -0.277140
v -0.081961 1.174614 -0.294640
v -0.095261 1.168914 -0.311540
v -0.109461 1.162914 -0.327640
v -0.118861 1.166514 -0.320340
v -0.127861 1.165314 -0.311540
v -0.163061 1.147714 -0.330340
v -0.156761 1.153014 -0.339940
v -0.172061 1.146414 -0.352940
v -0.177961 1.141414 -0.342940
v -0.148761 1.153814 -0.316940
v -0.141961 1.159314 -0.326140
v -0.148561 1.153914 -0.349540
v -0.164361 1.147214 -0.362940
v -0.133361 1.160414 -0.335340
v -0.193361 1.134814 -0.354840
v -0.195861 1.126014 -0.346240
v -0.180861 1.132514 -0.334740
v -0.166261 1.138714 -0.322340
v -0.152361 1.144614 -0.309340
v -0.124261 1.156614 -0.343040
v -0.139761 1.150014 -0.357540
v -0.155861 1.143114 -0.371240
v -0.172661 1.135914 -0.384040
v -0.180661 1.140214 -0.375440
v -0.187961 1.139714 -0.365140
v -0.225761 1.121014 -0.375940
v -0.221261 1.125414 -0.386840
v -0.238661 1.118014 -0.396340
v -0.242661 1.113814 -0.385140
v -0.209361 1.128014 -0.365740
v -0.204361 1.132714 -0.376440
v -0.214961 1.125614 -0.397840
v -0.232861 1.118014 -0.407640
v -0.197561 1.133014 -0.387140
v -0.259861 1.106414 -0.393440
v -0.260761 1.098414 -0.383940
v -0.243961 1.105614 -0.375840
v -0.227461 1.112614 -0.366840
v -0.211461 1.119414 -0.356940
v -0.189961 1.128614 -0.395940
v -0.207761 1.121014 -0.406940
v -0.226061 1.113214 -0.416940
v -0.244761 1.105214 -0.425940
v -0.251161 1.110214 -0.416440
v -0.256461 1.110514 -0.404940
v -0.295461 1.091314 -0.407240
v -0.293061 1.094814 -0.419140
v -0.311761 1.086914 -0.424840
v -0.313661 1.083514 -0.412740
v -0.277561 1.098914 -0.400840
v -0.274561 1.102714 -0.412540
v -0.288761 1.094114 -0.431040
v -0.308061 1.085914 -0.436840
v -0.269861 1.102214 -0.424240
v -0.332061 1.075714 -0.417240
v -0.331161 1.068414 -0.407140
v -0.313161 1.076014 -0.402740
v -0.295461 1.083614 -0.397440
v -0.277961 1.091014 -0.391140
v -0.263861 1.097114 -0.433940
v -0.283261 1.088814 -0.440940
v -0.303061 1.080414 -0.446840
v -0.322961 1.071814 -0.451740
v -0.327661 1.077614 -0.441640
v -0.330761 1.078814 -0.429440
v -0.369461 1.059714 -0.423240
v -0.369261 1.062414 -0.435640
v -0.388661 1.054114 -0.437240
v -0.388261 1.051714 -0.424840
v -0.350661 1.067714 -0.420740
v -0.349961 1.070614 -0.433040
v -0.367161 1.060714 -0.448040
v -0.387161 1.052214 -0.449640
v -0.347361 1.069114 -0.445340
v -0.385961 1.045014 -0.414540
v -0.367561 1.052814 -0.413040
v -0.349261 1.060614 -0.410540
v -0.343161 1.063214 -0.455540
v -0.363461 1.054614 -0.458240
v -0.383861 1.045914 -0.459940
v 0.015639 1.174014 -0.140540
v 0.012139 1.187414 -0.141140
v 0.017739 1.189814 -0.119240
v 0.021239 1.176314 -0.118740
v 0.009139 1.171214 -0.161940
v 0.005639 1.184614 -0.162640
v 0.004839 1.199314 -0.140540
v 0.010439 1.201614 -0.118740
v -0.001661 1.196514 -0.161940
v 0.025739 1.178314 -0.096740
v 0.001639 1.168014 -0.183040
v -0.001861 1.181414 -0.183840
v -0.009061 1.193314 -0.183040
v 0.014939 1.203614 -0.096740
v 0.022239 1.191714 -0.097140
v -0.352961 1.016814 -0.406640
v -0.358461 1.029414 -0.404540
v -0.376461 1.021714 -0.405940
v -0.370961 1.009114 -0.408140
v -0.334961 1.024514 -0.404240
v -0.340561 1.037014 -0.402140
v -0.363661 1.042114 -0.406640
v -0.381761 1.034414 -0.408140
v -0.345661 1.049814 -0.404240
v -0.389161 1.001414 -0.408640
v -0.317061 1.032114 -0.400840
v -0.322861 1.044614 -0.398840
v -0.327861 1.057414 -0.400840
v -0.399861 1.026714 -0.408640
v -0.394561 1.014014 -0.406440
v -0.714861 0.862514 -0.196340
v -0.718561 0.875914 -0.195340
v -0.726661 0.872414 -0.177840
v -0.723061 0.859014 -0.178740
v -0.705961 0.866314 -0.213440
v -0.709661 0.879614 -0.212340
v -0.725661 0.887814 -0.196340
v -0.733861 0.884314 -0.178740
v -0.716761 0.891614 -0.213440
v -0.730361 0.855914 -0.160740
v -0.696261 0.870414 -0.230140
v -0.700061 0.883814 -0.228940
v -0.707061 0.895714 -0.230140
v -0.741161 0.881214 -0.160740
v -0.733961 0.869314 -0.159840
v -0.016061 1.160414 -0.223740
v -0.019761 1.173814 -0.224840
v -0.010361 1.177814 -0.204540
v -0.006761 1.164414 -0.203640
v -0.026261 1.156114 -0.243440
v -0.030061 1.169414 -0.244540
v -0.026861 1.185714 -0.223740
v -0.017561 1.189714 -0.203640
v -0.037061 1.181414 -0.243440
v -0.037461 1.151314 -0.262540
v -0.041161 1.164714 -0.263640
v -0.048161 1.176614 -0.262540
v -0.430561 0.983714 -0.464640
v -0.436161 0.996314 -0.466740
v -0.415361 1.005114 -0.468440
v -0.409861 0.992514 -0.466340
v -0.451161 0.974914 -0.461840
v -0.456861 0.987414 -0.463940
v -0.441361 1.009014 -0.464640
v -0.420661 1.017814 -0.466340
v -0.461961 1.000214 -0.461840
v -0.389161 1.001414 -0.466840
v -0.471661 0.966214 -0.458040
v -0.477461 0.978714 -0.460140
v -0.482461 0.991514 -0.458040
v -0.399861 1.026714 -0.466840
v -0.394561 1.014014 -0.469040
v -0.742661 0.850714 -0.123640
v -0.746161 0.864114 -0.122940
v -0.750961 0.862114 -0.104040
v -0.747461 0.848614 -0.104640
v -0.736961 0.853114 -0.142340
v -0.740461 0.866514 -0.141540
v -0.753361 0.875914 -0.123640
v -0.758261 0.873914 -0.104640
v -0.747661 0.878414 -0.142340
v -0.751461 0.846914 -0.085340
v -0.762161 0.872214 -0.085340
v -0.754861 0.860414 -0.084940
v -0.062161 1.140814 -0.298740
v -0.066061 1.154114 -0.300040
v -0.053161 1.159614 -0.282240
v -0.049361 1.146214 -0.280940
v -0.075661 1.135014 -0.315840
v -0.079661 1.148314 -0.317240
v -0.072961 1.166114 -0.298740
v -0.060161 1.171514 -0.280940
v -0.086461 1.160314 -0.315840
v -0.090061 1.128914 -0.332140
v -0.094061 1.142114 -0.333640
v -0.100761 1.154214 -0.332140
v -0.511861 0.949014 -0.447040
v -0.517861 0.961414 -0.449140
v -0.497761 0.970014 -0.455140
v -0.491861 0.957614 -0.453040
v -0.531661 0.940614 -0.439940
v -0.537661 0.953014 -0.441940
v -0.522661 0.974314 -0.447040
v -0.502661 0.982814 -0.453040
v -0.542361 0.965914 -0.439940
v -0.550961 0.932414 -0.431840
v -0.557161 0.944714 -0.433840
v -0.561761 0.957714 -0.431840
v -0.756761 0.844614 -0.046340
v -0.760161 0.858114 -0.046140
v -0.761461 0.857514 -0.026640
v -0.758061 0.844114 -0.026740
v -0.754561 0.845614 -0.065940
v -0.757961 0.859114 -0.065640
v -0.767561 0.869914 -0.046340
v -0.768861 0.869414 -0.026740
v -0.765261 0.870914 -0.065940
v -0.758561 0.843914 -0.007040
v -0.769261 0.869214 -0.007040
v -0.761961 0.857414 -0.007040
v -0.120761 1.115814 -0.362440
v -0.124961 1.129014 -0.364140
v -0.109161 1.135714 -0.349340
v -0.105061 1.122514 -0.347740
v -0.137161 1.108814 -0.376340
v -0.141361 1.122014 -0.378040
v -0.131561 1.141114 -0.362440
v -0.115861 1.147814 -0.347740
v -0.147961 1.134114 -0.376340
v -0.154161 1.101614 -0.389340
v -0.158461 1.114714 -0.391140
v -0.164861 1.126914 -0.389340
v -0.588561 0.916414 -0.412540
v -0.594861 0.928614 -0.414440
v -0.576161 0.936614 -0.424640
v -0.569961 0.924314 -0.422740
v -0.606561 0.908714 -0.401440
v -0.612961 0.920914 -0.403240
v -0.599261 0.941614 -0.412540
v -0.580761 0.949614 -0.422740
v -0.617361 0.933914 -0.401440
v -0.624161 0.901214 -0.389340
v -0.630561 0.913414 -0.391140
v -0.634861 0.926514 -0.389340
v -0.756761 0.844614 0.032360
v -0.760161 0.858114 0.032160
v -0.757961 0.859114 0.051560
v -0.754561 0.845614 0.051860
v -0.758061 0.844114 0.012660
v -0.761461 0.857514 0.012560
v -0.767561 0.869914 0.032360
v -0.765261 0.870914 0.051860
v -0.768861 0.869414 0.012660
v -0.751461 0.846914 0.071360
v -0.762161 0.872214 0.071360
v -0.754861 0.860414 0.070860
v -0.189761 1.086414 -0.412540
v -0.194161 1.099414 -0.414440
v -0.176061 1.107214 -0.403240
v -0.171661 1.094114 -0.401440
v -0.208261 1.078514 -0.422740
v -0.212861 1.091514 -0.424640
v -0.200461 1.111714 -0.412540
v -0.182461 1.119414 -0.401440
v -0.219061 1.103814 -0.422740
v -0.227261 1.070414 -0.431840
v -0.231861 1.083414 -0.433840
v -0.238061 1.095714 -0.431840
v -0.657461 0.887014 -0.362440
v -0.664061 0.899114 -0.364140
v -0.647661 0.906114 -0.378040
v -0.641061 0.893914 -0.376340
v -0.673161 0.880314 -0.347740
v -0.679861 0.892314 -0.349340
v -0.668261 0.912314 -0.362440
v -0.651861 0.919214 -0.376340
v -0.683961 0.905614 -0.347740
v -0.688261 0.873914 -0.332140
v -0.694961 0.885914 -0.333640
v -0.698961 0.899114 -0.332140
v -0.742661 0.850714 0.109560
v -0.746161 0.864114 0.108960
v -0.740461 0.866514 0.127560
v -0.736961 0.853114 0.128260
v -0.747461 0.848614 0.090560
v -0.750961 0.862114 0.090060
v -0.753361 0.875914 0.109560
v -0.747661 0.878414 0.128260
v -0.758261 0.873914 0.090560
v -0.730361 0.855914 0.146660
v -0.741161 0.881214 0.146660
v -0.733961 0.869314 0.145860
v -0.266361 1.053714 -0.447040
v -0.271161 1.066614 -0.449140
v -0.251361 1.075114 -0.441940
v -0.246661 1.062114 -0.439940
v -0.286361 1.045214 -0.453040
v -0.291261 1.058114 -0.455140
v -0.277161 1.079014 -0.447040
v -0.257361 1.087414 -0.439940
v -0.297161 1.070514 -0.453040
v -0.306561 1.036614 -0.458040
v -0.311561 1.049414 -0.460140
v -0.317361 1.061914 -0.458040
v -0.716061 0.862014 -0.298740
v -0.722961 0.874014 -0.300040
v -0.709361 0.879814 -0.317240
v -0.702561 0.867814 -0.315840
v -0.728861 0.856514 -0.280940
v -0.735861 0.868514 -0.282240
v -0.726861 0.887314 -0.298740
v -0.713361 0.893014 -0.315840
v -0.739661 0.881814 -0.280940
v -0.740861 0.851414 -0.262540
v -0.747861 0.863414 -0.263640
v -0.751561 0.876714 -0.262540
v -0.714861 0.862514 0.182260
v -0.718561 0.875914 0.181260
v -0.709661 0.879614 0.198360
v -0.705961 0.866314 0.199460
v -0.723061 0.859014 0.164660
v -0.726661 0.872414 0.163760
v -0.725661 0.887814 0.182260
v -0.716761 0.891614 0.199460
v -0.733861 0.884314 0.164660
v -0.696261 0.870414 0.216060
v -0.707061 0.895714 0.216060
v -0.700061 0.883814 0.214860
v -0.347661 1.019114 -0.464640
v -0.352861 1.031814 -0.466740
v -0.332161 1.040614 -0.463940
v -0.327061 1.027814 -0.461840
v -0.368361 1.010214 -0.466340
v -0.373661 1.022914 -0.468440
v -0.358461 1.044314 -0.464640
v -0.337861 1.053114 -0.461840
v -0.379161 1.035514 -0.466340
v -0.762161 0.842314 -0.223740
v -0.769261 0.854214 -0.224840
v -0.758961 0.858614 -0.244540
v -0.751961 0.846714 -0.243440
v -0.771461 0.838314 -0.203640
v -0.778661 0.850214 -0.204540
v -0.772961 0.867614 -0.223740
v -0.762761 0.872014 -0.243440
v -0.782261 0.863614 -0.203640
v -0.779961 0.834814 -0.183040
v -0.787161 0.846614 -0.183840
v -0.790661 0.860014 -0.183040
v -0.674661 0.879614 0.247760
v -0.678561 0.892914 0.246360
v -0.666761 0.897914 0.261260
v -0.662861 0.884714 0.262660
v -0.685861 0.874914 0.232160
v -0.689661 0.888214 0.230960
v -0.685461 0.904914 0.247760
v -0.673561 0.910014 0.262660
v -0.696561 0.900214 0.232160
v -0.650361 0.890014 0.276960
v -0.661061 0.915314 0.276960
v -0.654361 0.903214 0.275460
v -0.793861 0.828814 -0.140540
v -0.801161 0.840614 -0.141140
v -0.794661 0.843414 -0.162640
v -0.787361 0.831614 -0.161940
v -0.799461 0.826414 -0.118740
v -0.806761 0.838314 -0.119240
v -0.804661 0.854114 -0.140540
v -0.798161 0.856914 -0.161940
v -0.810261 0.851714 -0.118740
v -0.803961 0.824514 -0.096740
v -0.811261 0.836314 -0.097140
v -0.814761 0.849814 -0.096740
v -0.623461 0.901514 0.303360
v -0.627661 0.914614 0.301760
v -0.613361 0.920714 0.313860
v -0.609161 0.907614 0.315560
v -0.637161 0.895614 0.290560
v -0.641261 0.908814 0.288960
v -0.634261 0.926814 0.303360
v -0.619961 0.932814 0.315560
v -0.647961 0.920914 0.290560
v -0.594361 0.913914 0.326860
v -0.605161 0.939214 0.326860
v -0.598661 0.927014 0.325060
v -0.810061 0.821914 -0.052140
v -0.817461 0.833714 -0.052340
v -0.814861 0.834814 -0.074840
v -0.807561 0.823014 -0.074540
v -0.811561 0.821214 -0.029540
v -0.818961 0.833114 -0.029640
v -0.820861 0.847214 -0.052140
v -0.818361 0.848314 -0.074540
v -0.822361 0.846514 -0.029540
v -0.812161 0.821014 -0.007040
v -0.819461 0.832814 -0.007040
v -0.822861 0.846314 -0.007040
v -0.563261 0.927114 0.347160
v -0.567761 0.940214 0.345260
v -0.551661 0.947014 0.354060
v -0.547061 0.934014 0.355960
v -0.579061 0.920414 0.337460
v -0.583461 0.933514 0.335560
v -0.574061 0.952414 0.347160
v -0.557861 0.959314 0.355960
v -0.589861 0.945714 0.337460
v -0.530461 0.941114 0.363960
v -0.541261 0.966414 0.363960
v -0.535161 0.954114 0.362060
v -0.810061 0.821914 0.038060
v -0.817461 0.833714 0.038260
v -0.818961 0.833114 0.015660
v -0.811561 0.821214 0.015560
v -0.807561 0.823014 0.060460
v -0.814861 0.834814 0.060760
v -0.820861 0.847214 0.038060
v -0.822361 0.846514 0.015560
v -0.818361 0.848314 0.060460
v -0.803961 0.824514 0.082660
v -0.811261 0.836314 0.083060
v -0.814761 0.849814 0.082660
v -0.496361 0.955714 0.377260
v -0.501161 0.968514 0.375260
v -0.483761 0.976014 0.380460
v -0.478861 0.963114 0.382560
v -0.513561 0.948314 0.371060
v -0.518261 0.961214 0.369060
v -0.507161 0.980914 0.377260
v -0.489661 0.988414 0.382560
v -0.524361 0.973614 0.371060
v -0.461161 0.970714 0.386860
v -0.471961 0.995914 0.386860
v -0.466161 0.983514 0.384760
v -0.793861 0.828814 0.126460
v -0.801161 0.840614 0.127060
v -0.806761 0.838314 0.105260
v -0.799461 0.826414 0.104760
v -0.787361 0.831614 0.147860
v -0.794661 0.843414 0.148660
v -0.804661 0.854114 0.126460
v -0.810261 0.851714 0.104760
v -0.798161 0.856914 0.147860
v -0.779961 0.834814 0.168960
v -0.787161 0.846614 0.169760
v -0.790661 0.860014 0.168960
v -0.425361 0.985914 0.392660
v -0.430561 0.998714 0.390460
v -0.412561 1.006314 0.391960
v -0.407261 0.993714 0.394060
v -0.443361 0.978314 0.390260
v -0.448461 0.991014 0.388060
v -0.436061 1.011214 0.392660
v -0.418061 1.018914 0.394060
v -0.454061 1.003614 0.390260
v -0.389161 1.001414 0.394560
v -0.399861 1.026714 0.394560
v -0.394561 1.014014 0.392460
v -0.762161 0.842314 0.209760
v -0.769261 0.854214 0.210760
v -0.778661 0.850214 0.190460
v -0.771461 0.838314 0.189560
v -0.751961 0.846714 0.229360
v -0.758961 0.858614 0.230460
v -0.772961 0.867614 0.209760
v -0.782261 0.863614 0.189560
v -0.762761 0.872014 0.229360
v -0.740861 0.851414 0.248460
v -0.747861 0.863414 0.249660
v -0.751561 0.876714 0.248460
v -0.352961 1.016814 0.392660
v -0.358461 1.029414 0.390460
v -0.340561 1.037014 0.388060
v -0.334961 1.024514 0.390260
v -0.370961 1.009114 0.394060
v -0.376461 1.021714 0.391960
v -0.363661 1.042114 0.392660
v -0.345661 1.049814 0.390260
v -0.381761 1.034414 0.394060
v -0.317061 1.032114 0.386860
v -0.327861 1.057414 0.386860
v -0.322861 1.044614 0.384760
v -0.716061 0.862014 0.284660
v -0.722961 0.874014 0.286060
v -0.735861 0.868514 0.268160
v -0.728861 0.856514 0.266860
v -0.702561 0.867814 0.301760
v -0.709361 0.879814 0.303260
v -0.726861 0.887314 0.284660
v -0.739661 0.881814 0.266860
v -0.713361 0.893014 0.301760
v -0.688261 0.873914 0.318160
v -0.694961 0.885914 0.319660
v -0.698961 0.899114 0.318160
v -0.281861 1.047114 0.377260
v -0.287861 1.059514 0.375260
v -0.270761 1.066814 0.369060
v -0.264661 1.054414 0.371060
v -0.299361 1.039714 0.382560
v -0.305261 1.052114 0.380460
v -0.292661 1.072414 0.377260
v -0.275461 1.079714 0.371060
v -0.310161 1.064914 0.382560
v -0.247761 1.061714 0.363960
v -0.258561 1.086914 0.363960
v -0.253861 1.074014 0.362060
v -0.657461 0.887014 0.348460
v -0.664061 0.899114 0.350060
v -0.679861 0.892314 0.335260
v -0.673161 0.880314 0.333660
v -0.641061 0.893914 0.362360
v -0.647661 0.906114 0.364060
v -0.668261 0.912314 0.348460
v -0.683961 0.905614 0.333660
v -0.651861 0.919214 0.362360
v -0.624161 0.901214 0.375360
v -0.630561 0.913414 0.377060
v -0.634861 0.926514 0.375360
v -0.214961 1.075614 0.347160
v -0.221261 1.087914 0.345260
v -0.205561 1.094614 0.335560
v -0.199161 1.082414 0.337460
v -0.231161 1.068714 0.355960
v -0.237361 1.081014 0.354060
v -0.225761 1.100914 0.347160
v -0.209961 1.107614 0.337460
v -0.241961 1.094014 0.355960
v -0.183861 1.088914 0.326860
v -0.194661 1.114214 0.326860
v -0.190361 1.101114 0.325060
v -0.588561 0.916414 0.398560
v -0.594861 0.928614 0.400360
v -0.612961 0.920914 0.389260
v -0.606561 0.908714 0.387360
v -0.569961 0.924314 0.408660
v -0.576161 0.936614 0.410560
v -0.599261 0.941614 0.398560
v -0.617361 0.933914 0.387360
v -0.580761 0.949614 0.408660
v -0.550961 0.932414 0.417860
v -0.557161 0.944714 0.419760
v -0.561761 0.957714 0.417860
v -0.154761 1.101314 0.303360
v -0.161361 1.113414 0.301760
v -0.147761 1.119214 0.288960
v -0.141061 1.107214 0.290560
v -0.169061 1.095214 0.315560
v -0.175661 1.107414 0.313860
v -0.165561 1.126614 0.303360
v -0.151861 1.132414 0.290560
v -0.179861 1.120514 0.315560
v -0.127961 1.112814 0.276960
v -0.138661 1.138014 0.276960
v -0.134661 1.124814 0.275460
v -0.511861 0.949014 0.433060
v -0.517861 0.961414 0.435060
v -0.537661 0.953014 0.427960
v -0.531661 0.940614 0.425960
v -0.491861 0.957614 0.439060
v -0.497761 0.970014 0.441060
v -0.522661 0.974314 0.433060
v -0.542361 0.965914 0.425960
v -0.502661 0.982814 0.439060
v -0.471661 0.966214 0.443960
v -0.477461 0.978714 0.446060
v -0.482461 0.991514 0.443960
v -0.103561 1.123114 0.247760
v -0.110461 1.135114 0.246360
v -0.099361 1.139914 0.230960
v -0.092461 1.127914 0.232160
v -0.115461 1.118114 0.262660
v -0.122261 1.130114 0.261260
v -0.114361 1.148414 0.247760
v -0.103161 1.153214 0.232160
v -0.126161 1.143414 0.262660
v -0.081961 1.132314 0.216060
v -0.092761 1.157614 0.216060
v -0.088961 1.144314 0.214860
v -0.430561 0.983714 0.450560
v -0.436161 0.996314 0.452760
v -0.456861 0.987414 0.449960
v -0.451161 0.974914 0.447860
v -0.409861 0.992514 0.452260
v -0.415361 1.005114 0.454360
v -0.441361 1.009014 0.450560
v -0.461961 1.000214 0.447860
v -0.420661 1.017814 0.452260
v -0.389161 1.001414 0.452860
v -0.394561 1.014014 0.454960
v -0.399861 1.026714 0.452860
v -0.063361 1.140314 0.182260
v -0.070461 1.152214 0.181260
v -0.062361 1.155714 0.163760
v -0.055161 1.143814 0.164660
v -0.072261 1.136514 0.199460
v -0.079361 1.148414 0.198360
v -0.074161 1.165614 0.182260
v -0.065961 1.169014 0.164660
v -0.083061 1.161814 0.199460
v -0.047861 1.146914 0.146660
v -0.058661 1.172214 0.146660
v -0.055061 1.158814 0.145860
v -0.347661 1.019114 0.450560
v -0.352861 1.031814 0.452760
v -0.373661 1.022914 0.454360
v -0.368361 1.010214 0.452260
v -0.327061 1.027814 0.447860
v -0.332161 1.040614 0.449960
v -0.358461 1.044314 0.450560
v -0.379161 1.035514 0.452260
v -0.337861 1.053114 0.447860
v -0.306561 1.036614 0.443960
v -0.311561 1.049414 0.446060
v -0.317361 1.061914 0.443960
v -0.035661 1.152114 0.109560
v -0.042861 1.163914 0.108960
v -0.038061 1.166014 0.090060
v -0.030761 1.154214 0.090560
v -0.041361 1.149714 0.128260
v -0.048561 1.161514 0.127560
v -0.046361 1.177414 0.109560
v -0.041561 1.179514 0.090560
v -0.052061 1.175014 0.128260
v -0.026861 1.155914 0.071360
v -0.037561 1.181114 0.071360
v -0.034161 1.167714 0.070860
v -0.266361 1.053714 0.433060
v -0.271161 1.066614 0.435060
v -0.291261 1.058114 0.441060
v -0.286361 1.045214 0.439060
v -0.246661 1.062114 0.425960
v -0.251361 1.075114 0.427960
v -0.277161 1.079014 0.433060
v -0.297161 1.070514 0.439060
v -0.257361 1.087414 0.425960
v -0.227261 1.070414 0.417860
v -0.231861 1.083414 0.419760
v -0.238061 1.095714 0.417860
v -0.021461 1.158114 0.032360
v -0.028861 1.169914 0.032160
v -0.027561 1.170514 0.012560
v -0.020161 1.158714 0.012660
v -0.023761 1.157214 0.051860
v -0.031061 1.169014 0.051560
v -0.032261 1.183414 0.032360
v -0.030961 1.184014 0.012660
v -0.034461 1.182514 0.051860
v -0.019761 1.158914 -0.007040
v -0.030461 1.184214 -0.007040
v -0.027061 1.170714 -0.007040
v -0.189761 1.086414 0.398560
v -0.194161 1.099414 0.400360
v -0.212861 1.091514 0.410560
v -0.208261 1.078514 0.408660
v -0.171661 1.094114 0.387360
v -0.176061 1.107214 0.389260
v -0.200461 1.111714 0.398560
v -0.219061 1.103814 0.408660
v -0.182461 1.119414 0.387360
v -0.154161 1.101614 0.375360
v -0.158461 1.114714 0.377060
v -0.164861 1.126914 0.375360
v -0.021461 1.158114 -0.046340
v -0.028861 1.169914 -0.046140
v -0.031061 1.169014 -0.065640
v -0.023761 1.157214 -0.065940
v -0.020161 1.158714 -0.026740
v -0.027561 1.170514 -0.026640
v -0.032261 1.183414 -0.046340
v -0.034461 1.182514 -0.065940
v -0.030961 1.184014 -0.026740
v -0.026861 1.155914 -0.085340
v -0.037561 1.181114 -0.085340
v -0.034161 1.167714 -0.084940
v -0.120761 1.115814 0.348460
v -0.124961 1.129014 0.350060
v -0.141361 1.122014 0.364060
v -0.137161 1.108814 0.362360
v -0.105061 1.122514 0.333660
v -0.109161 1.135714 0.335260
v -0.131561 1.141114 0.348460
v -0.147961 1.134114 0.362360
v -0.115861 1.147814 0.333660
v -0.090061 1.128914 0.318160
v -0.094061 1.142114 0.319660
v -0.100761 1.154214 0.318160
v -0.035661 1.152114 -0.123640
v -0.042861 1.163914 -0.122940
v -0.048561 1.161514 -0.141540
v -0.041361 1.149714 -0.142340
v -0.030761 1.154214 -0.104640
v -0.038061 1.166014 -0.104040
v -0.046361 1.177414 -0.123640
v -0.052061 1.175014 -0.142340
v -0.041561 1.179514 -0.104640
v -0.047861 1.146914 -0.160740
v -0.058661 1.172214 -0.160740
v -0.055061 1.158814 -0.159840
v -0.062161 1.140814 0.284660
v -0.066061 1.154114 0.286060
v -0.079661 1.148314 0.303260
v -0.075661 1.135014 0.301760
v -0.049361 1.146214 0.266860
v -0.053161 1.159614 0.268160
v -0.072961 1.166114 0.284660
v -0.086461 1.160314 0.301760
v -0.060161 1.171514 0.266860
v -0.037461 1.151314 0.248460
v -0.041161 1.164714 0.249660
v -0.048161 1.176614 0.248460
v -0.063361 1.140314 -0.196340
v -0.070461 1.152214 -0.195340
v -0.079361 1.148414 -0.212340
v -0.072261 1.136514 -0.213440
v -0.055161 1.143814 -0.178740
v -0.062361 1.155714 -0.177840
v -0.074161 1.165614 -0.196340
v -0.083061 1.161814 -0.213440
v -0.065961 1.169014 -0.178740
v -0.081961 1.132314 -0.230140
v -0.092761 1.157614 -0.230140
v -0.088961 1.144314 -0.228940
v -0.425361 0.985914 -0.406640
v -0.430561 0.998714 -0.404540
v -0.448461 0.991014 -0.402140
v -0.443361 0.978314 -0.404240
v -0.407261 0.993714 -0.408140
v -0.412561 1.006314 -0.405940
v -0.436061 1.011214 -0.406640
v -0.454061 1.003614 -0.404240
v -0.418061 1.018914 -0.408140
v -0.461161 0.970714 -0.400840
v -0.471961 0.995914 -0.400840
v -0.466161 0.983514 -0.398840
v -0.016061 1.160414 0.209760
v -0.019761 1.173814 0.210760
v -0.030061 1.169414 0.230460
v -0.026261 1.156114 0.229360
v -0.006761 1.164414 0.189560
v -0.010361 1.177814 0.190460
v -0.026861 1.185714 0.209760
v -0.037061 1.181414 0.229360
v -0.017561 1.189714 0.189560
v 0.001639 1.168014 0.168960
v -0.001861 1.181414 0.169760
v -0.009061 1.193314 0.168960
v -0.103561 1.123114 -0.261740
v -0.110461 1.135114 -0.260440
v -0.122261 1.130114 -0.275240
v -0.115461 1.118114 -0.276740
v -0.092461 1.127914 -0.246240
v -0.099361 1.139914 -0.244940
v -0.114361 1.148414 -0.261740
v -0.126161 1.143414 -0.276740
v -0.103161 1.153214 -0.246240
v -0.127961 1.112814 -0.290940
v -0.138661 1.138014 -0.290940
v -0.134661 1.124814 -0.289440
v -0.496361 0.955714 -0.391340
v -0.501161 0.968514 -0.389240
v -0.518261 0.961214 -0.383140
v -0.513561 0.948314 -0.385140
v -0.478861 0.963114 -0.396540
v -0.483761 0.976014 -0.394540
v -0.507161 0.980914 -0.391340
v -0.524361 0.973614 -0.385140
v -0.489661 0.988414 -0.396540
v -0.530461 0.941114 -0.378040
v -0.541261 0.966414 -0.378040
v -0.535161 0.954114 -0.376040
v 0.015639 1.174014 0.126460
v 0.012139 1.187414 0.127060
v 0.005639 1.184614 0.148660
v 0.009139 1.171214 0.147860
v 0.021239 1.176314 0.104760
v 0.017739 1.189814 0.105260
v 0.004839 1.199314 0.126460
v -0.001661 1.196514 0.147860
v 0.010439 1.201614 0.104760
v 0.025739 1.178314 0.082660
v 0.022239 1.191714 0.083060
v 0.014939 1.203614 0.082660
v -0.154761 1.101314 -0.317440
v -0.161361 1.113414 -0.315840
v -0.175661 1.107414 -0.327840
v -0.169061 1.095214 -0.329540
v -0.141061 1.107214 -0.304540
v -0.147761 1.119214 -0.302940
v -0.165561 1.126614 -0.317440
v -0.179861 1.120514 -0.329540
v -0.151861 1.132414 -0.304540
v -0.183861 1.088914 -0.340940
v -0.194661 1.114214 -0.340940
v -0.190361 1.101114 -0.339140
v -0.563261 0.927114 -0.361140
v -0.567761 0.940214 -0.359340
v -0.583461 0.933514 -0.349640
v -0.579061 0.920414 -0.351440
v -0.547061 0.934014 -0.370040
v -0.551661 0.947014 -0.368140
v -0.574061 0.952414 -0.361140
v -0.589861 0.945714 -0.351440
v -0.557861 0.959314 -0.370040
v -0.594361 0.913914 -0.340940
v -0.605161 0.939214 -0.340940
v -0.598661 0.927014 -0.339140
v 0.031839 1.180914 0.038060
v 0.028439 1.194314 0.038260
v 0.025839 1.193314 0.060760
v 0.029339 1.179814 0.060460
v 0.033339 1.181514 0.015560
v 0.029939 1.195014 0.015660
v 0.021039 1.206214 0.038060
v 0.018539 1.205114 0.060460
v 0.022539 1.206814 0.015560
v 0.033839 1.181714 -0.007040
v 0.030439 1.195214 -0.007040
v 0.023139 1.207014 -0.007040
v -0.214961 1.075614 -0.361140
v -0.221261 1.087914 -0.359340
v -0.237361 1.081014 -0.368140
v -0.231161 1.068714 -0.370040
v -0.199161 1.082414 -0.351440
v -0.205561 1.094614 -0.349640
v -0.225761 1.100914 -0.361140
v -0.241961 1.094014 -0.370040
v -0.209961 1.107614 -0.351440
v -0.247761 1.061714 -0.378040
v -0.258561 1.086914 -0.378040
v -0.253861 1.074014 -0.376040
v -0.623461 0.901514 -0.317440
v -0.627661 0.914614 -0.315840
v -0.641261 0.908814 -0.302940
v -0.637161 0.895614 -0.304540
v -0.609161 0.907614 -0.329540
v -0.613361 0.920714 -0.327840
v -0.634261 0.926814 -0.317440
v -0.647961 0.920914 -0.304540
v -0.619961 0.932814 -0.329540
v -0.650361 0.890014 -0.290940
v -0.661061 0.915314 -0.290940
v -0.654361 0.903214 -0.289440
v 0.031839 1.180914 -0.052140
v 0.028439 1.194314 -0.052340
v 0.029939 1.195014 -0.029640
v 0.033339 1.181514 -0.029540
v 0.029339 1.179814 -0.074540
v 0.025839 1.193314 -0.074840
v 0.021039 1.206214 -0.052140
v 0.022539 1.206814 -0.029540
v 0.018539 1.205114 -0.074540
v -0.281861 1.047114 -0.391340
v -0.287861 1.059514 -0.389240
v -0.305261 1.052114 -0.394540
v -0.299361 1.039714 -0.396540
v -0.264661 1.054414 -0.385140
v -0.270761 1.066814 -0.383140
v -0.292661 1.072414 -0.391340
v -0.310161 1.064914 -0.396540
v -0.275461 1.079714 -0.385140
v -0.674661 0.879614 -0.261740
v -0.678561 0.892914 -0.260440
v -0.689661 0.888214 -0.244940
v -0.685861 0.874914 -0.246240
v -0.662861 0.884714 -0.276740
v -0.666761 0.897914 -0.275240
v -0.685461 0.904914 -0.261740
v -0.696561 0.900214 -0.246240
v -0.673561 0.910014 -0.276740
vn -0.3579 0.9150 0.1860
vn -0.3590 0.9147 0.1856
vn -0.3651 0.9121 0.1863
vn -0.3712 0.9094 0.1877
vn -0.3777 0.9066 0.1882
vn -0.3771 0.9069 0.1879
vn -0.4013 0.8976 -0.1825
vn -0.4017 0.8973 -0.1832
vn -0.4069 0.8947 -0.1844
vn -0.4136 0.8923 -0.1810
vn -0.3966 0.8986 -0.1879
vn -0.3947 0.8993 -0.1884
vn -0.2344 0.7964 0.5575
vn -0.2597 0.7855 0.5618
vn -0.2597 0.7856 0.5616
vn -0.2851 0.7748 0.5643
vn -0.3106 0.7639 0.5657
vn -0.3105 0.7639 0.5657
vn -0.3818 0.9056 0.1846
vn -0.3884 0.9028 0.1846
vn -0.3830 0.9052 -0.1841
vn -0.3845 0.9047 -0.1837
vn -0.3363 0.7530 -0.5657
vn -0.3362 0.7530 -0.5657
vn -0.3616 0.7421 -0.5643
vn -0.3617 0.7421 -0.5643
vn -0.3872 0.7312 -0.5616
vn -0.3871 0.7312 -0.5616
vn -0.3871 0.7313 -0.5616
vn -0.4122 0.7206 -0.5575
vn -0.4121 0.7206 -0.5576
vn -0.4122 0.7205 -0.5576
vn -0.4190 0.8898 -0.1809
vn -0.4191 0.8897 -0.1811
vn -0.3529 0.9180 0.1809
vn -0.3525 0.9180 0.1814
vn 0.4110 -0.8924 0.1862
vn 0.3997 -0.8974 0.1868
vn 0.4034 -0.8957 0.1870
vn 0.4110 -0.8925 0.1859
vn 0.3622 -0.9133 -0.1864
vn 0.3684 -0.9116 -0.1824
vn 0.3674 -0.9122 -0.1816
vn 0.3580 -0.9151 -0.1857
vn 0.3907 -0.9020 0.1836
vn 0.3980 -0.8984 0.1855
vn 0.3729 -0.9088 -0.1873
vn 0.3805 -0.9056 -0.1872
vn 0.4124 -0.7205 0.5575
vn 0.4123 -0.7205 0.5575
vn 0.4123 -0.7205 0.5576
vn 0.4158 -0.8906 0.1844
vn 0.4211 -0.8880 0.1846
vn 0.3541 -0.9168 -0.1845
vn 0.3488 -0.9189 -0.1842
vn 0.2344 -0.7964 -0.5576
vn 0.2344 -0.7964 -0.5575
vn 0.2597 -0.7855 -0.5617
vn 0.2597 -0.7856 -0.5616
vn 0.2851 -0.7748 -0.5643
vn 0.2852 -0.7748 -0.5643
vn 0.3106 -0.7639 -0.5657
vn 0.3106 -0.7639 -0.5656
vn 0.3881 -0.9031 -0.1841
vn 0.3866 -0.9038 -0.1836
vn 0.3866 -0.9038 0.1836
vn 0.3864 -0.9039 0.1835
vn 0.3362 -0.7530 0.5657
vn 0.3617 -0.7421 0.5643
vn 0.3871 -0.7313 0.5616
vn 0.4437 -0.8783 0.1781
vn 0.4309 -0.8843 0.1798
vn 0.4386 -0.8812 0.1765
vn 0.4434 -0.8785 0.1776
vn 0.3281 -0.9286 -0.1735
vn 0.3364 -0.9250 -0.1766
vn 0.3363 -0.9251 -0.1764
vn 0.3282 -0.9285 -0.1739
vn 0.4270 -0.8857 0.1821
vn 0.4270 -0.8856 0.1827
vn 0.3452 -0.9215 -0.1779
vn 0.3441 -0.9220 -0.1778
vn 0.5107 -0.6786 0.5279
vn 0.4497 -0.8757 0.1759
vn 0.4545 -0.8743 0.1704
vn 0.3190 -0.9326 -0.1688
vn 0.3170 -0.9329 -0.1709
vn 0.1361 -0.8383 -0.5279
vn 0.1601 -0.8281 -0.5373
vn 0.1601 -0.8281 -0.5372
vn 0.1845 -0.8177 -0.5452
vn 0.1845 -0.8177 -0.5453
vn 0.2092 -0.8071 -0.5521
vn 0.2093 -0.8071 -0.5521
vn 0.2091 -0.8071 -0.5522
vn 0.4375 -0.7098 0.5521
vn 0.4374 -0.7098 0.5521
vn 0.4622 -0.6993 0.5453
vn 0.4866 -0.6888 0.5373
vn 0.4727 -0.8673 0.1560
vn 0.4631 -0.8711 0.1635
vn 0.4682 -0.8688 0.1611
vn 0.4769 -0.8642 0.1604
vn 0.2979 -0.9417 -0.1564
vn 0.3073 -0.9376 -0.1628
vn 0.3073 -0.9376 -0.1626
vn 0.2987 -0.9413 -0.1573
vn 0.4579 -0.8734 0.1659
vn 0.4583 -0.8733 0.1654
vn 0.3161 -0.9338 -0.1676
vn 0.3161 -0.9335 -0.1694
vn 0.6018 -0.6397 0.4781
vn 0.4777 -0.8647 0.1552
vn 0.4810 -0.8634 0.1519
vn 0.2876 -0.9448 -0.1566
vn 0.2886 -0.9446 -0.1564
vn 0.0449 -0.8771 -0.4781
vn 0.0449 -0.8772 -0.4781
vn 0.0668 -0.8678 -0.4923
vn 0.0668 -0.8677 -0.4925
vn 0.0668 -0.8679 -0.4923
vn 0.0893 -0.8582 -0.5054
vn 0.0894 -0.8583 -0.5054
vn 0.1124 -0.8484 -0.5173
vn 0.5343 -0.6685 0.5173
vn 0.5343 -0.6686 0.5172
vn 0.5574 -0.6587 0.5054
vn 0.5799 -0.6491 0.4923
vn 0.5800 -0.6491 0.4923
vn 0.4999 -0.8546 0.1406
vn 0.4928 -0.8575 0.1474
vn 0.4965 -0.8560 0.1441
vn 0.5028 -0.8534 0.1376
vn 0.2700 -0.9524 -0.1416
vn 0.2757 -0.9502 -0.1453
vn 0.2753 -0.9502 -0.1460
vn 0.2739 -0.9521 -0.1362
vn 0.4856 -0.8617 0.1471
vn 0.4845 -0.8621 0.1487
vn 0.2823 -0.9469 -0.1538
vn 0.2856 -0.9469 -0.1475
vn 0.6823 -0.6054 0.4098
vn 0.5084 -0.8509 0.1320
vn 0.5084 -0.8509 0.1324
vn 0.2654 -0.9546 -0.1353
vn 0.2611 -0.9564 -0.1307
vn -0.0356 -0.9115 -0.4099
vn -0.0355 -0.9115 -0.4098
vn -0.0166 -0.9034 -0.4285
vn 0.0031 -0.8950 -0.4461
vn 0.0237 -0.8862 -0.4626
vn 0.0237 -0.8862 -0.4627
vn 0.6231 -0.6307 0.4626
vn 0.6436 -0.6219 0.4462
vn 0.6436 -0.6219 0.4461
vn 0.6634 -0.6135 0.4285
vn 0.5226 -0.8450 0.1137
vn 0.5172 -0.8473 0.1206
vn 0.5195 -0.8463 0.1179
vn 0.5253 -0.8437 0.1102
vn 0.2455 -0.9630 -0.1116
vn 0.2500 -0.9608 -0.1200
vn 0.2506 -0.9607 -0.1196
vn 0.2460 -0.9628 -0.1115
vn 0.5153 -0.8481 0.1230
vn 0.5144 -0.8481 0.1268
vn 0.2558 -0.9587 -0.1245
vn 0.2586 -0.9575 -0.1277
vn 0.7490 -0.5770 0.3257
vn 0.7489 -0.5772 0.3257
vn 0.7491 -0.5769 0.3257
vn 0.7492 -0.5767 0.3257
vn 0.5298 -0.8416 0.1050
vn 0.5290 -0.8419 0.1061
vn 0.2410 -0.9653 -0.1001
vn 0.2461 -0.9640 -0.1007
vn -0.1022 -0.9399 -0.3258
vn -0.0869 -0.9334 -0.3481
vn -0.0708 -0.9265 -0.3696
vn -0.0536 -0.9192 -0.3902
vn -0.0536 -0.9192 -0.3901
vn 0.7004 -0.5977 0.3901
vn 0.7005 -0.5977 0.3901
vn 0.7175 -0.5904 0.3696
vn 0.7175 -0.5904 0.3695
vn 0.7337 -0.5834 0.3482
vn 0.7336 -0.5835 0.3483
vn 0.7337 -0.5835 0.3481
vn 0.5407 -0.8371 0.0827
vn 0.5365 -0.8390 0.0904
vn 0.5383 -0.8383 0.0870
vn 0.5426 -0.8364 0.0775
vn 0.2268 -0.9708 -0.0784
vn 0.2330 -0.9684 -0.0887
vn 0.2325 -0.9685 -0.0894
vn 0.2328 -0.9694 -0.0779
vn 0.5307 -0.8423 0.0940
vn 0.5301 -0.8429 0.0927
vn 0.2419 -0.9657 -0.0940
vn 0.2410 -0.9659 -0.0950
vn 0.7992 -0.5556 0.2293
vn 0.5454 -0.8351 0.0722
vn 0.5455 -0.8350 0.0723
vn 0.2249 -0.9717 -0.0727
vn 0.2255 -0.9716 -0.0721
vn -0.1525 -0.9613 -0.2293
vn -0.1415 -0.9567 -0.2544
vn -0.1295 -0.9515 -0.2789
vn -0.1164 -0.9460 -0.3027
vn -0.1164 -0.9459 -0.3027
vn 0.7632 -0.5709 0.3027
vn 0.7631 -0.5709 0.3027
vn 0.7762 -0.5654 0.2789
vn 0.7763 -0.5654 0.2789
vn 0.7883 -0.5602 0.2544
vn 0.5493 -0.8344 0.0456
vn 0.5501 -0.8331 0.0578
vn 0.5505 -0.8333 0.0504
vn 0.5514 -0.8332 0.0420
vn 0.2170 -0.9751 -0.0459
vn 0.2221 -0.9737 -0.0507
vn 0.2212 -0.9739 -0.0502
vn 0.2174 -0.9750 -0.0464
vn 0.5488 -0.8335 0.0640
vn 0.5489 -0.8335 0.0638
vn 0.2280 -0.9716 -0.0628
vn 0.2267 -0.9720 -0.0613
vn 0.8312 -0.5420 0.1240
vn 0.8312 -0.5419 0.1240
vn 0.8312 -0.5420 0.1237
vn 0.5546 -0.8313 0.0377
vn 0.5546 -0.8312 0.0386
vn 0.2156 -0.9758 -0.0366
vn 0.2162 -0.9757 -0.0367
vn -0.1845 -0.9750 -0.1240
vn -0.1783 -0.9723 -0.1509
vn -0.1783 -0.9723 -0.1510
vn -0.1708 -0.9692 -0.1775
vn -0.1707 -0.9692 -0.1775
vn -0.1622 -0.9655 -0.2036
vn 0.8090 -0.5513 0.2036
vn 0.8090 -0.5514 0.2036
vn 0.8090 -0.5513 0.2037
vn 0.8178 -0.5474 0.1776
vn 0.8178 -0.5473 0.1776
vn 0.8177 -0.5476 0.1775
vn 0.8250 -0.5446 0.1509
vn 0.8250 -0.5447 0.1509
vn 0.5544 -0.8322 0.0105
vn 0.5570 -0.8302 0.0211
vn 0.5576 -0.8299 0.0154
vn 0.5556 -0.8314 0.0066
vn 0.2173 -0.9760 -0.0111
vn 0.2115 -0.9772 -0.0179
vn 0.2149 -0.9765 -0.0182
vn 0.2177 -0.9760 -0.0097
vn 0.5539 -0.8320 0.0306
vn 0.5560 -0.8306 0.0301
vn 0.2180 -0.9756 -0.0248
vn 0.2176 -0.9757 -0.0263
vn 0.8437 -0.5367 0.0140
vn 0.8437 -0.5366 0.0139
vn 0.5550 -0.8319 -0.0000
vn 0.5549 -0.8319 -0.0000
vn 0.2175 -0.9761 0.0001
vn 0.2174 -0.9761 -0.0000
vn -0.1970 -0.9803 -0.0139
vn -0.1957 -0.9798 -0.0416
vn -0.1932 -0.9787 -0.0693
vn -0.1895 -0.9771 -0.0967
vn 0.8362 -0.5398 0.0967
vn 0.8400 -0.5382 0.0692
vn 0.8425 -0.5371 0.0416
vn 0.5565 -0.8304 -0.0290
vn 0.5569 -0.8304 -0.0151
vn 0.5576 -0.8299 -0.0193
vn 0.5545 -0.8316 -0.0308
vn 0.2180 -0.9756 0.0247
vn 0.2116 -0.9772 0.0178
vn 0.2150 -0.9765 0.0183
vn 0.2176 -0.9757 0.0262
vn 0.5547 -0.8320 -0.0090
vn 0.5545 -0.8322 -0.0083
vn 0.2173 -0.9761 0.0112
vn 0.2177 -0.9760 0.0098
vn 0.8362 -0.5398 -0.0967
vn 0.5545 -0.8313 -0.0377
vn 0.5545 -0.8313 -0.0386
vn 0.2156 -0.9758 0.0366
vn 0.2162 -0.9757 0.0367
vn -0.1895 -0.9771 0.0967
vn -0.1932 -0.9787 0.0692
vn -0.1957 -0.9798 0.0417
vn -0.1970 -0.9803 0.0139
vn 0.8437 -0.5367 -0.0139
vn 0.8437 -0.5366 -0.0139
vn 0.8425 -0.5371 -0.0416
vn 0.8400 -0.5381 -0.0692
vn 0.8400 -0.5382 -0.0692
vn 0.5491 -0.8336 -0.0605
vn 0.5505 -0.8333 -0.0506
vn 0.5513 -0.8324 -0.0555
vn 0.5473 -0.8344 -0.0661
vn 0.2280 -0.9716 0.0626
vn 0.2209 -0.9740 0.0507
vn 0.2199 -0.9742 0.0506
vn 0.2267 -0.9720 0.0612
vn 0.5500 -0.8340 -0.0440
vn 0.5499 -0.8341 -0.0427
vn 0.2170 -0.9751 0.0460
vn 0.2172 -0.9750 0.0465
vn 0.8090 -0.5514 -0.2036
vn 0.8089 -0.5516 -0.2036
vn 0.5455 -0.8350 -0.0724
vn 0.5456 -0.8349 -0.0725
vn 0.2250 -0.9716 0.0728
vn 0.2255 -0.9716 0.0721
vn -0.1622 -0.9655 0.2036
vn -0.1709 -0.9692 0.1775
vn -0.1708 -0.9692 0.1775
vn -0.1782 -0.9724 0.1508
vn -0.1781 -0.9724 0.1507
vn -0.1784 -0.9723 0.1510
vn -0.1783 -0.9723 0.1509
vn -0.1845 -0.9750 0.1240
vn 0.8312 -0.5419 -0.1240
vn 0.8250 -0.5446 -0.1509
vn 0.8177 -0.5477 -0.1775
vn 0.8176 -0.5477 -0.1775
vn 0.8177 -0.5476 -0.1775
vn 0.5313 -0.8422 -0.0925
vn 0.5381 -0.8384 -0.0862
vn 0.5370 -0.8388 -0.0898
vn 0.5300 -0.8424 -0.0977
vn 0.2415 -0.9659 0.0934
vn 0.2328 -0.9685 0.0887
vn 0.2322 -0.9685 0.0895
vn 0.2410 -0.9659 0.0948
vn 0.5419 -0.8365 -0.0815
vn 0.5420 -0.8365 -0.0809
vn 0.2266 -0.9708 0.0785
vn 0.2330 -0.9693 0.0781
vn 0.7631 -0.5710 -0.3027
vn 0.5297 -0.8416 -0.1050
vn 0.5288 -0.8420 -0.1064
vn 0.2410 -0.9654 0.1001
vn 0.2462 -0.9640 0.1008
vn -0.1164 -0.9460 0.3027
vn -0.1164 -0.9459 0.3027
vn -0.1295 -0.9516 0.2789
vn -0.1295 -0.9515 0.2789
vn -0.1415 -0.9567 0.2544
vn -0.1415 -0.9567 0.2545
vn -0.1525 -0.9613 0.2294
vn -0.1525 -0.9613 0.2293
vn 0.7993 -0.5555 -0.2293
vn 0.7992 -0.5556 -0.2293
vn 0.7883 -0.5602 -0.2544
vn 0.7763 -0.5653 -0.2789
vn 0.7763 -0.5654 -0.2789
vn 0.5153 -0.8479 -0.1243
vn 0.5197 -0.8462 -0.1175
vn 0.5175 -0.8472 -0.1205
vn 0.5108 -0.8500 -0.1285
vn 0.2570 -0.9580 0.1271
vn 0.2492 -0.9610 0.1200
vn 0.2503 -0.9607 0.1201
vn 0.2570 -0.9581 0.1267
vn 0.5238 -0.8443 -0.1129
vn 0.5240 -0.8443 -0.1127
vn 0.2454 -0.9630 0.1118
vn 0.2460 -0.9628 0.1117
vn 0.7004 -0.5977 -0.3901
vn 0.5084 -0.8509 -0.1320
vn 0.5083 -0.8509 -0.1324
vn 0.2617 -0.9559 0.1335
vn 0.2615 -0.9560 0.1329
vn -0.0536 -0.9192 0.3902
vn -0.0536 -0.9192 0.3901
vn -0.0708 -0.9265 0.3696
vn -0.0869 -0.9335 0.3480
vn -0.0869 -0.9334 0.3481
vn -0.1021 -0.9399 0.3259
vn -0.1022 -0.9399 0.3258
vn 0.7489 -0.5770 -0.3258
vn 0.7337 -0.5836 -0.3481
vn 0.7337 -0.5835 -0.3481
vn 0.7336 -0.5836 -0.3481
vn 0.7337 -0.5835 -0.3482
vn 0.7176 -0.5904 -0.3695
vn 0.7176 -0.5904 -0.3694
vn 0.7176 -0.5904 -0.3693
vn 0.7177 -0.5904 -0.3694
vn 0.4899 -0.8596 -0.1454
vn 0.4963 -0.8562 -0.1436
vn 0.4930 -0.8575 -0.1469
vn 0.4844 -0.8617 -0.1508
vn 0.2797 -0.9481 0.1513
vn 0.2757 -0.9502 0.1453
vn 0.2753 -0.9502 0.1460
vn 0.2851 -0.9472 0.1470
vn 0.5014 -0.8540 -0.1390
vn 0.5015 -0.8539 -0.1391
vn 0.2699 -0.9524 0.1417
vn 0.2739 -0.9521 0.1362
vn 0.6231 -0.6307 -0.4626
vn 0.6231 -0.6307 -0.4625
vn 0.4794 -0.8642 -0.1530
vn 0.4792 -0.8643 -0.1528
vn 0.2879 -0.9448 0.1562
vn 0.2888 -0.9446 0.1560
vn 0.0237 -0.8862 0.4626
vn 0.0031 -0.8950 0.4461
vn -0.0166 -0.9034 0.4285
vn -0.0355 -0.9115 0.4098
vn 0.6823 -0.6054 -0.4098
vn 0.6634 -0.6134 -0.4285
vn 0.6634 -0.6135 -0.4285
vn 0.6436 -0.6219 -0.4461
vn 0.4613 -0.8717 -0.1656
vn 0.4689 -0.8684 -0.1613
vn 0.4622 -0.8713 -0.1647
vn 0.4550 -0.8745 -0.1677
vn 0.3139 -0.9349 0.1654
vn 0.3064 -0.9379 0.1626
vn 0.3066 -0.9379 0.1625
vn 0.3132 -0.9352 0.1652
vn 0.4709 -0.8680 -0.1576
vn 0.4718 -0.8676 -0.1570
vn 0.2981 -0.9416 0.1564
vn 0.2990 -0.9412 0.1575
vn 0.5343 -0.6685 -0.5173
vn 0.4529 -0.8752 -0.1697
vn 0.4537 -0.8748 -0.1702
vn 0.3191 -0.9326 0.1687
vn 0.3167 -0.9330 0.1708
vn 0.1124 -0.8484 0.5172
vn 0.1124 -0.8484 0.5173
vn 0.0890 -0.8582 0.5055
vn 0.0893 -0.8582 0.5054
vn 0.0892 -0.8582 0.5054
vn 0.0893 -0.8583 0.5054
vn 0.0668 -0.8678 0.4924
vn 0.0668 -0.8678 0.4923
vn 0.0669 -0.8678 0.4924
vn 0.0449 -0.8771 0.4781
vn 0.0449 -0.8772 0.4781
vn 0.0450 -0.8772 0.4781
vn 0.6018 -0.6397 -0.4781
vn 0.5799 -0.6491 -0.4923
vn 0.5574 -0.6587 -0.5054
vn 0.4294 -0.8847 -0.1816
vn 0.4338 -0.8838 -0.1754
vn 0.4318 -0.8840 -0.1792
vn 0.4255 -0.8863 -0.1828
vn 0.3455 -0.9215 0.1775
vn 0.3364 -0.9250 0.1765
vn 0.3364 -0.9251 0.1763
vn 0.3426 -0.9226 0.1771
vn 0.4435 -0.8785 -0.1776
vn 0.4435 -0.8784 -0.1783
vn 0.3283 -0.9285 0.1733
vn 0.3285 -0.9284 0.1736
vn 0.4374 -0.7098 -0.5521
vn 0.4374 -0.7098 -0.5522
vn 0.4375 -0.7098 -0.5521
vn 0.4177 -0.8894 -0.1859
vn 0.4185 -0.8891 -0.1854
vn 0.3526 -0.9172 0.1857
vn 0.3533 -0.9170 0.1853
vn 0.2093 -0.8071 0.5521
vn 0.1845 -0.8177 0.5453
vn 0.1845 -0.8177 0.5452
vn 0.1601 -0.8280 0.5373
vn 0.1601 -0.8280 0.5374
vn 0.1601 -0.8281 0.5373
vn 0.1361 -0.8383 0.5280
vn 0.5107 -0.6786 -0.5279
vn 0.4867 -0.6888 -0.5373
vn 0.4866 -0.6888 -0.5373
vn 0.4622 -0.6993 -0.5453
vn 0.4620 -0.6994 -0.5453
vn 0.4622 -0.6993 -0.5454
vn 0.3977 -0.8986 -0.1855
vn 0.4042 -0.8954 -0.1867
vn 0.3998 -0.8973 -0.1872
vn 0.3904 -0.9019 -0.1847
vn 0.3803 -0.9058 0.1868
vn 0.3684 -0.9115 0.1831
vn 0.3678 -0.9119 0.1823
vn 0.3777 -0.9064 0.1891
vn 0.4107 -0.8926 -0.1861
vn 0.4109 -0.8924 -0.1862
vn 0.3594 -0.9143 0.1869
vn 0.3600 -0.9142 0.1862
vn 0.3360 -0.7530 -0.5657
vn 0.3361 -0.7530 -0.5657
vn 0.3860 -0.9041 -0.1833
vn 0.3862 -0.9040 -0.1834
vn 0.3885 -0.9023 0.1870
vn 0.3883 -0.9029 0.1847
vn 0.3106 -0.7639 0.5657
vn 0.2850 -0.7748 0.5643
vn 0.2849 -0.7748 0.5644
vn 0.2851 -0.7747 0.5644
vn 0.2851 -0.7748 0.5643
vn 0.2597 -0.7856 0.5616
vn 0.2344 -0.7964 0.5575
vn 0.4124 -0.7205 -0.5575
vn 0.4122 -0.7206 -0.5576
vn 0.4125 -0.7205 -0.5575
vn 0.3870 -0.7313 -0.5616
vn 0.3871 -0.7313 -0.5616
vn 0.3869 -0.7314 -0.5616
vn 0.3617 -0.7421 -0.5643
vn 0.3628 -0.9138 -0.1824
vn 0.3723 -0.9093 -0.1860
vn 0.3640 -0.9128 -0.1852
vn 0.3580 -0.9158 -0.1822
vn 0.4112 -0.8920 0.1880
vn 0.4018 -0.8962 0.1880
vn 0.4020 -0.8961 0.1882
vn 0.4135 -0.8913 0.1862
vn 0.3761 -0.9081 -0.1839
vn 0.3759 -0.9083 -0.1836
vn 0.3928 -0.9000 0.1889
vn 0.3928 -0.9001 0.1886
vn 0.3557 -0.9164 -0.1834
vn 0.3534 -0.9181 -0.1793
vn 0.4187 -0.8887 0.1869
vn 0.4202 -0.8897 0.1786
vn 0.3872 -0.7313 0.5615
vn 0.3871 -0.7313 0.5615
vn 0.3362 -0.7529 0.5657
vn 0.3361 -0.7529 0.5658
vn 0.3362 -0.7529 0.5658
vn 0.3294 -0.9272 -0.1784
vn 0.3372 -0.9240 -0.1803
vn 0.3335 -0.9256 -0.1792
vn 0.3241 -0.9298 -0.1745
vn 0.4449 -0.8777 0.1779
vn 0.4325 -0.8841 0.1770
vn 0.4319 -0.8841 0.1787
vn 0.4433 -0.8783 0.1789
vn 0.3440 -0.9220 -0.1777
vn 0.3456 -0.9216 -0.1768
vn 0.4259 -0.8859 0.1836
vn 0.4266 -0.8857 0.1833
vn 0.1361 -0.8383 -0.5280
vn 0.3226 -0.9309 -0.1714
vn 0.3214 -0.9307 -0.1748
vn 0.4520 -0.8750 0.1736
vn 0.4519 -0.8750 0.1734
vn 0.5106 -0.6787 0.5279
vn 0.4866 -0.6889 0.5373
vn 0.4374 -0.7099 0.5521
vn 0.1845 -0.8176 -0.5454
vn 0.1597 -0.8283 -0.5371
vn 0.2981 -0.9407 -0.1621
vn 0.3056 -0.9376 -0.1662
vn 0.3024 -0.9389 -0.1645
vn 0.2946 -0.9422 -0.1598
vn 0.4718 -0.8675 0.1579
vn 0.4647 -0.8697 0.1665
vn 0.4647 -0.8696 0.1670
vn 0.4723 -0.8672 0.1579
vn 0.3115 -0.9350 -0.1694
vn 0.3115 -0.9350 -0.1697
vn 0.4594 -0.8718 0.1701
vn 0.4595 -0.8718 0.1698
vn 0.0448 -0.8772 -0.4781
vn 0.0448 -0.8771 -0.4781
vn 0.2887 -0.9445 -0.1565
vn 0.2887 -0.9446 -0.1563
vn 0.4818 -0.8630 0.1519
vn 0.4812 -0.8632 0.1525
vn 0.5799 -0.6491 0.4924
vn 0.5799 -0.6490 0.4924
vn 0.2724 -0.9517 -0.1415
vn 0.2774 -0.9493 -0.1476
vn 0.2734 -0.9514 -0.1420
vn 0.2665 -0.9542 -0.1360
vn 0.5032 -0.8535 0.1355
vn 0.4908 -0.8590 0.1456
vn 0.4955 -0.8561 0.1470
vn 0.5035 -0.8530 0.1374
vn 0.2823 -0.9474 -0.1507
vn 0.2821 -0.9475 -0.1509
vn 0.4886 -0.8593 0.1512
vn 0.4881 -0.8596 0.1508
vn 0.2625 -0.9564 -0.1282
vn 0.2667 -0.9551 -0.1286
vn 0.5041 -0.8538 0.1301
vn 0.5038 -0.8538 0.1307
vn 0.6824 -0.6054 0.4096
vn 0.6825 -0.6054 0.4095
vn 0.6824 -0.6054 0.4097
vn 0.6633 -0.6136 0.4285
vn 0.6632 -0.6136 0.4286
vn 0.6632 -0.6135 0.4286
vn 0.6633 -0.6135 0.4285
vn 0.6436 -0.6220 0.4460
vn 0.0032 -0.8950 -0.4461
vn 0.0030 -0.8950 -0.4461
vn -0.0166 -0.9034 -0.4286
vn 0.2505 -0.9617 -0.1110
vn 0.2560 -0.9592 -0.1203
vn 0.2526 -0.9608 -0.1141
vn 0.2473 -0.9629 -0.1077
vn 0.5196 -0.8470 0.1122
vn 0.5169 -0.8480 0.1170
vn 0.5166 -0.8482 0.1168
vn 0.5217 -0.8455 0.1141
vn 0.2605 -0.9575 -0.1238
vn 0.2610 -0.9574 -0.1237
vn 0.5110 -0.8507 0.1235
vn 0.5112 -0.8506 0.1234
vn 0.2418 -0.9645 -0.1062
vn 0.2444 -0.9638 -0.1069
vn 0.5290 -0.8419 0.1066
vn 0.5290 -0.8420 0.1058
vn 0.7490 -0.5770 0.3258
vn 0.7489 -0.5770 0.3258
vn 0.7338 -0.5835 0.3480
vn 0.7337 -0.5835 0.3482
vn 0.7175 -0.5905 0.3695
vn 0.2330 -0.9691 -0.0806
vn 0.2372 -0.9673 -0.0898
vn 0.2349 -0.9684 -0.0844
vn 0.2309 -0.9699 -0.0768
vn 0.5375 -0.8395 0.0793
vn 0.5363 -0.8398 0.0845
vn 0.5358 -0.8401 0.0849
vn 0.5380 -0.8392 0.0792
vn 0.2417 -0.9657 -0.0951
vn 0.2417 -0.9658 -0.0941
vn 0.5304 -0.8426 0.0935
vn 0.5308 -0.8423 0.0939
vn 0.2289 -0.9710 -0.0688
vn 0.2287 -0.9710 -0.0691
vn 0.5428 -0.8366 0.0744
vn 0.5439 -0.8359 0.0743
vn 0.7993 -0.5555 0.2292
vn 0.7991 -0.5558 0.2291
vn 0.7992 -0.5557 0.2293
vn 0.7631 -0.5710 0.3027
vn 0.7631 -0.5709 0.3029
vn -0.1295 -0.9516 -0.2789
vn -0.1415 -0.9567 -0.2543
vn 0.2187 -0.9746 -0.0483
vn 0.2220 -0.9733 -0.0579
vn 0.2182 -0.9744 -0.0533
vn 0.2164 -0.9753 -0.0437
vn 0.5544 -0.8310 0.0454
vn 0.5505 -0.8331 0.0543
vn 0.5509 -0.8328 0.0544
vn 0.5537 -0.8316 0.0433
vn 0.2267 -0.9720 -0.0612
vn 0.2272 -0.9719 -0.0614
vn 0.5496 -0.8330 0.0628
vn 0.5441 -0.8365 0.0656
vn -0.1845 -0.9750 -0.1239
vn -0.1845 -0.9750 -0.1238
vn -0.1844 -0.9750 -0.1239
vn 0.2194 -0.9750 -0.0346
vn 0.2202 -0.9748 -0.0349
vn 0.5511 -0.8337 0.0348
vn 0.5513 -0.8335 0.0354
vn 0.8311 -0.5420 0.1243
vn 0.8315 -0.5415 0.1240
vn 0.8176 -0.5477 0.1775
vn -0.1623 -0.9655 -0.2036
vn -0.1709 -0.9692 -0.1775
vn 0.2135 -0.9769 -0.0134
vn 0.2138 -0.9766 -0.0231
vn 0.2133 -0.9769 -0.0146
vn 0.2136 -0.9769 -0.0048
vn 0.5588 -0.8292 0.0085
vn 0.5533 -0.8327 0.0199
vn 0.5546 -0.8319 0.0216
vn 0.5587 -0.8293 0.0091
vn 0.2179 -0.9756 -0.0259
vn 0.5530 -0.8326 0.0301
vn 0.5543 -0.8318 0.0308
vn 0.2175 -0.9761 -0.0002
vn 0.2179 -0.9760 -0.0003
vn 0.5589 -0.8292 -0.0000
vn 0.8436 -0.5367 0.0139
vn 0.8400 -0.5382 0.0691
vn 0.8362 -0.5399 0.0966
vn 0.8363 -0.5397 0.0967
vn 0.8362 -0.5398 0.0966
vn 0.8360 -0.5402 0.0966
vn -0.1932 -0.9787 -0.0692
vn -0.1957 -0.9798 -0.0417
vn 0.2171 -0.9758 0.0244
vn 0.2140 -0.9767 0.0149
vn 0.2112 -0.9772 0.0204
vn 0.2180 -0.9755 0.0292
vn 0.5530 -0.8327 -0.0299
vn 0.5535 -0.8326 -0.0199
vn 0.5545 -0.8319 -0.0214
vn 0.5543 -0.8317 -0.0308
vn 0.2111 -0.9774 0.0115
vn 0.2101 -0.9776 0.0091
vn 0.5589 -0.8292 -0.0085
vn 0.5586 -0.8294 -0.0091
vn 0.2194 -0.9750 0.0346
vn 0.2201 -0.9748 0.0348
vn 0.5512 -0.8337 -0.0349
vn 0.5514 -0.8335 -0.0355
vn 0.8362 -0.5399 -0.0968
vn 0.8362 -0.5398 -0.0966
vn 0.8361 -0.5399 -0.0967
vn 0.8400 -0.5382 -0.0691
vn 0.8437 -0.5366 -0.0140
vn -0.1931 -0.9787 0.0692
vn 0.2250 -0.9726 0.0588
vn 0.2183 -0.9745 0.0522
vn 0.2220 -0.9733 0.0577
vn 0.2265 -0.9718 0.0653
vn 0.5496 -0.8330 -0.0626
vn 0.5505 -0.8330 -0.0543
vn 0.5509 -0.8328 -0.0543
vn 0.5469 -0.8349 -0.0625
vn 0.2167 -0.9751 0.0469
vn 0.5543 -0.8311 -0.0453
vn 0.5538 -0.8315 -0.0438
vn -0.1623 -0.9655 0.2036
vn 0.2281 -0.9712 0.0682
vn 0.2284 -0.9711 0.0687
vn 0.5429 -0.8365 -0.0745
vn 0.5440 -0.8358 -0.0744
vn 0.8251 -0.5445 -0.1508
vn 0.8252 -0.5444 -0.1507
vn 0.8311 -0.5421 -0.1239
vn 0.8312 -0.5420 -0.1239
vn 0.8312 -0.5420 -0.1240
vn 0.8314 -0.5415 -0.1244
vn 0.2380 -0.9669 0.0915
vn 0.2352 -0.9682 0.0849
vn 0.2372 -0.9674 0.0894
vn 0.2411 -0.9654 0.0995
vn 0.5303 -0.8427 -0.0936
vn 0.5374 -0.8391 -0.0844
vn 0.5360 -0.8400 -0.0846
vn 0.5307 -0.8423 -0.0940
vn 0.2322 -0.9695 0.0785
vn 0.2325 -0.9694 0.0785
vn 0.5375 -0.8396 -0.0791
vn 0.5380 -0.8393 -0.0790
vn 0.2418 -0.9645 0.1062
vn 0.2431 -0.9641 0.1072
vn 0.5289 -0.8420 -0.1066
vn 0.5289 -0.8420 -0.1058
vn 0.7632 -0.5709 -0.3027
vn 0.7632 -0.5710 -0.3026
vn 0.7631 -0.5709 -0.3027
vn 0.7762 -0.5654 -0.2789
vn 0.7762 -0.5654 -0.2790
vn 0.7882 -0.5603 -0.2545
vn 0.7881 -0.5604 -0.2545
vn 0.7992 -0.5556 -0.2294
vn 0.7990 -0.5557 -0.2297
vn -0.1524 -0.9613 0.2293
vn -0.1414 -0.9567 0.2543
vn -0.1295 -0.9516 0.2788
vn 0.2589 -0.9581 0.1224
vn 0.2517 -0.9610 0.1146
vn 0.2566 -0.9591 0.1193
vn 0.2611 -0.9570 0.1261
vn 0.5109 -0.8507 -0.1232
vn 0.5168 -0.8481 -0.1168
vn 0.5165 -0.8483 -0.1165
vn 0.5111 -0.8507 -0.1230
vn 0.2491 -0.9623 0.1088
vn 0.2493 -0.9624 0.1081
vn 0.5194 -0.8471 -0.1120
vn 0.5218 -0.8454 -0.1142
vn -0.0537 -0.9192 0.3901
vn -0.0540 -0.9194 0.3897
vn -0.0536 -0.9192 0.3900
vn 0.2638 -0.9561 0.1277
vn 0.2667 -0.9551 0.1290
vn 0.5042 -0.8538 -0.1296
vn 0.5040 -0.8538 -0.1303
vn 0.7003 -0.5978 -0.3902
vn 0.7004 -0.5978 -0.3901
vn 0.7175 -0.5904 -0.3696
vn 0.7490 -0.5770 -0.3258
vn -0.0869 -0.9334 0.3482
vn 0.2809 -0.9481 0.1493
vn 0.2744 -0.9514 0.1399
vn 0.2790 -0.9489 0.1475
vn 0.2836 -0.9469 0.1517
vn 0.4886 -0.8593 -0.1513
vn 0.4907 -0.8591 -0.1456
vn 0.4953 -0.8562 -0.1471
vn 0.4881 -0.8597 -0.1509
vn 0.2739 -0.9521 0.1363
vn 0.2741 -0.9519 0.1366
vn 0.5033 -0.8534 -0.1355
vn 0.5037 -0.8529 -0.1375
vn 0.0237 -0.8863 0.4626
vn 0.2887 -0.9445 0.1565
vn 0.2889 -0.9445 0.1563
vn 0.4806 -0.8637 -0.1519
vn 0.4806 -0.8636 -0.1527
vn 0.6436 -0.6220 -0.4461
vn 0.6633 -0.6135 -0.4285
vn 0.3099 -0.9357 0.1686
vn 0.3023 -0.9389 0.1647
vn 0.3056 -0.9375 0.1664
vn 0.3132 -0.9343 0.1704
vn 0.4592 -0.8719 -0.1698
vn 0.4656 -0.8692 -0.1665
vn 0.4658 -0.8690 -0.1669
vn 0.4592 -0.8720 -0.1696
vn 0.2963 -0.9414 0.1612
vn 0.2962 -0.9414 0.1613
vn 0.4719 -0.8674 -0.1578
vn 0.4725 -0.8671 -0.1577
vn 0.1125 -0.8484 0.5172
vn 0.1124 -0.8484 0.5174
vn 0.3222 -0.9307 0.1731
vn 0.3205 -0.9310 0.1748
vn 0.4521 -0.8750 -0.1735
vn 0.4520 -0.8750 -0.1732
vn 0.5343 -0.6685 -0.5174
vn 0.5577 -0.6585 -0.5054
vn 0.5573 -0.6589 -0.5053
vn 0.5799 -0.6491 -0.4924
vn 0.6018 -0.6398 -0.4781
vn 0.0449 -0.8772 0.4780
vn 0.0667 -0.8678 0.4924
vn 0.0667 -0.8678 0.4923
vn 0.0666 -0.8679 0.4922
vn 0.0892 -0.8583 0.5054
vn 0.0893 -0.8582 0.5055
vn 0.0891 -0.8583 0.5054
vn 0.0890 -0.8583 0.5053
vn 0.3391 -0.9232 0.1810
vn 0.3331 -0.9258 0.1786
vn 0.3364 -0.9243 0.1803
vn 0.3473 -0.9201 0.1812
vn 0.4247 -0.8866 -0.1833
vn 0.4325 -0.8841 -0.1770
vn 0.4320 -0.8842 -0.1776
vn 0.4255 -0.8861 -0.1837
vn 0.3262 -0.9283 0.1786
vn 0.3253 -0.9288 0.1776
vn 0.4464 -0.8775 -0.1750
vn 0.4445 -0.8792 -0.1715
vn 0.2094 -0.8071 0.5521
vn 0.3558 -0.9164 0.1831
vn 0.3536 -0.9181 0.1790
vn 0.4195 -0.8885 -0.1860
vn 0.4196 -0.8885 -0.1859
vn 0.4374 -0.7099 -0.5521
vn 0.4370 -0.7100 -0.5521
vn 0.4866 -0.6889 -0.5373
vn 0.5107 -0.6787 -0.5277
vn 0.1361 -0.8383 0.5279
vn 0.1601 -0.8281 0.5372
vn 0.3765 -0.9081 0.1832
vn 0.3647 -0.9125 0.1850
vn 0.3729 -0.9089 0.1866
vn 0.3771 -0.9078 0.1835
vn 0.3963 -0.8987 -0.1877
vn 0.4018 -0.8964 -0.1873
vn 0.4017 -0.8963 -0.1877
vn 0.3905 -0.9013 -0.1876
vn 0.3609 -0.9147 0.1820
vn 0.3612 -0.9147 0.1814
vn 0.4109 -0.8922 -0.1877
vn 0.4136 -0.8913 -0.1861
vn 0.3106 -0.7639 0.5656
vn 0.3362 -0.7530 -0.5657
vn 0.4123 -0.7206 -0.5574
vn 0.4120 -0.7207 -0.5576
vn 0.4121 -0.7206 -0.5576
vn 0.4123 -0.7205 -0.5575
vn 0.2597 -0.7856 0.5615
vn 0.2597 -0.7855 0.5617
vn -0.3331 0.9263 0.1759
vn -0.3385 0.9243 0.1763
vn -0.3310 0.9269 0.1771
vn -0.3237 0.9295 0.1768
vn -0.3433 0.9224 0.1769
vn -0.3471 0.9204 0.1801
vn -0.4348 0.8833 -0.1751
vn -0.4363 0.8826 -0.1749
vn -0.4425 0.8801 -0.1718
vn -0.4455 0.8786 -0.1722
vn -0.4250 0.8871 -0.1799
vn -0.4284 0.8857 -0.1788
vn -0.1361 0.8383 0.5279
vn -0.1601 0.8281 0.5373
vn -0.1845 0.8177 0.5453
vn -0.2093 0.8071 0.5521
vn -0.4374 0.7098 -0.5521
vn -0.4375 0.7098 -0.5521
vn -0.4374 0.7099 -0.5521
vn -0.4622 0.6993 -0.5453
vn -0.4867 0.6888 -0.5373
vn -0.4866 0.6888 -0.5373
vn -0.4866 0.6888 -0.5374
vn -0.5107 0.6786 -0.5279
vn -0.5108 0.6786 -0.5279
vn -0.4523 0.8757 -0.1690
vn -0.4479 0.8775 -0.1716
vn -0.3157 0.9331 0.1720
vn -0.3160 0.9330 0.1723
vn -0.3035 0.9391 0.1612
vn -0.3078 0.9372 0.1639
vn -0.3005 0.9404 0.1594
vn -0.2962 0.9422 0.1568
vn -0.3134 0.9351 0.1652
vn -0.3140 0.9349 0.1656
vn -0.4654 0.8701 -0.1622
vn -0.4654 0.8700 -0.1624
vn -0.4710 0.8677 -0.1593
vn -0.4745 0.8661 -0.1570
vn -0.4553 0.8744 -0.1674
vn -0.4608 0.8720 -0.1654
vn -0.0450 0.8772 0.4781
vn -0.0449 0.8772 0.4781
vn -0.0450 0.8771 0.4781
vn -0.0450 0.8771 0.4782
vn -0.0668 0.8679 0.4923
vn -0.0668 0.8678 0.4923
vn -0.0891 0.8582 0.5055
vn -0.0890 0.8583 0.5053
vn -0.0892 0.8583 0.5054
vn -0.0893 0.8582 0.5055
vn -0.1124 0.8484 0.5173
vn -0.5343 0.6685 -0.5174
vn -0.5342 0.6685 -0.5174
vn -0.5343 0.6684 -0.5175
vn -0.5343 0.6685 -0.5173
vn -0.5574 0.6587 -0.5054
vn -0.5577 0.6585 -0.5053
vn -0.5800 0.6491 -0.4923
vn -0.5799 0.6491 -0.4923
vn -0.5801 0.6490 -0.4922
vn -0.5800 0.6491 -0.4922
vn -0.6018 0.6397 -0.4781
vn -0.6019 0.6397 -0.4781
vn -0.4792 0.8643 -0.1530
vn -0.4791 0.8643 -0.1532
vn -0.2913 0.9444 0.1528
vn -0.2912 0.9443 0.1530
vn -0.2750 0.9506 0.1441
vn -0.2777 0.9495 0.1461
vn -0.2712 0.9531 0.1341
vn -0.2691 0.9535 0.1355
vn -0.2826 0.9480 0.1461
vn -0.2830 0.9478 0.1470
vn -0.4951 0.8565 -0.1458
vn -0.4946 0.8570 -0.1451
vn -0.4997 0.8554 -0.1363
vn -0.5001 0.8551 -0.1366
vn -0.4845 0.8617 -0.1507
vn -0.4910 0.8588 -0.1464
vn 0.0355 0.9115 0.4098
vn 0.0353 0.9115 0.4098
vn 0.0354 0.9115 0.4098
vn 0.0355 0.9115 0.4097
vn 0.0166 0.9034 0.4285
vn -0.0031 0.8950 0.4461
vn -0.0237 0.8862 0.4626
vn -0.6231 0.6307 -0.4626
vn -0.6436 0.6219 -0.4460
vn -0.6437 0.6219 -0.4460
vn -0.6633 0.6135 -0.4285
vn -0.6823 0.6054 -0.4098
vn -0.6823 0.6054 -0.4097
vn -0.5068 0.8523 -0.1295
vn -0.5047 0.8531 -0.1324
vn -0.2641 0.9558 0.1295
vn -0.2663 0.9548 0.1323
vn -0.2505 0.9613 0.1152
vn -0.2560 0.9589 0.1223
vn -0.2455 0.9628 0.1129
vn -0.2463 0.9627 0.1118
vn -0.2552 0.9589 0.1244
vn -0.2565 0.9584 0.1256
vn -0.5187 0.8464 -0.1206
vn -0.5183 0.8466 -0.1208
vn -0.5210 0.8459 -0.1143
vn -0.5244 0.8448 -0.1066
vn -0.5124 0.8491 -0.1285
vn -0.5146 0.8485 -0.1238
vn 0.1021 0.9399 0.3259
vn 0.0869 0.9334 0.3481
vn 0.0708 0.9265 0.3696
vn 0.0537 0.9193 0.3899
vn 0.0537 0.9192 0.3901
vn 0.0537 0.9192 0.3900
vn 0.0536 0.9193 0.3899
vn -0.7004 0.5977 -0.3902
vn -0.7175 0.5904 -0.3696
vn -0.7337 0.5835 -0.3481
vn -0.7491 0.5768 -0.3258
vn -0.7490 0.5770 -0.3258
vn -0.7489 0.5770 -0.3258
vn -0.5262 0.8443 -0.1014
vn -0.5265 0.8440 -0.1023
vn -0.2434 0.9646 0.1013
vn -0.2453 0.9638 0.1046
vn -0.2318 0.9688 0.0874
vn -0.2344 0.9679 0.0906
vn -0.2338 0.9692 0.0772
vn -0.2324 0.9694 0.0788
vn -0.2395 0.9665 0.0920
vn -0.2378 0.9669 0.0927
vn -0.5377 0.8384 -0.0887
vn -0.5374 0.8387 -0.0886
vn -0.5369 0.8399 -0.0799
vn -0.5413 0.8374 -0.0761
vn -0.5325 0.8406 -0.0989
vn -0.5343 0.8400 -0.0943
vn 0.1524 0.9613 0.2295
vn 0.1525 0.9613 0.2293
vn 0.1525 0.9613 0.2294
vn 0.1415 0.9567 0.2544
vn 0.1295 0.9515 0.2789
vn 0.1295 0.9516 0.2789
vn 0.1295 0.9516 0.2788
vn 0.1164 0.9460 0.3027
vn -0.7631 0.5710 -0.3027
vn -0.7630 0.5711 -0.3027
vn -0.7763 0.5653 -0.2789
vn -0.7763 0.5653 -0.2790
vn -0.7883 0.5602 -0.2544
vn -0.7992 0.5556 -0.2293
vn -0.7992 0.5556 -0.2292
vn -0.5451 0.8353 -0.0719
vn -0.5446 0.8356 -0.0717
vn -0.2252 0.9718 0.0697
vn -0.2262 0.9713 0.0734
vn -0.2194 0.9743 0.0511
vn -0.2191 0.9740 0.0578
vn -0.2172 0.9751 0.0438
vn -0.2174 0.9751 0.0444
vn -0.2250 0.9721 0.0659
vn -0.2264 0.9720 0.0638
vn -0.5477 0.8347 -0.0570
vn -0.5469 0.8353 -0.0559
vn -0.5520 0.8324 -0.0494
vn -0.5539 0.8314 -0.0429
vn -0.5470 0.8344 -0.0668
vn -0.5474 0.8349 -0.0579
vn 0.1846 0.9750 0.1240
vn 0.1845 0.9750 0.1240
vn 0.1845 0.9750 0.1241
vn 0.1783 0.9723 0.1509
vn 0.1709 0.9692 0.1775
vn 0.1623 0.9655 0.2036
vn -0.8090 0.5514 -0.2036
vn -0.8176 0.5477 -0.1775
vn -0.8250 0.5446 -0.1509
vn -0.8313 0.5419 -0.1240
vn -0.8313 0.5418 -0.1240
vn -0.8312 0.5419 -0.1240
vn -0.5555 0.8307 -0.0361
vn -0.5552 0.8309 -0.0362
vn -0.2202 0.9748 0.0355
vn -0.2186 0.9750 0.0394
vn -0.2133 0.9769 0.0145
vn -0.2133 0.9767 0.0217
vn -0.2107 0.9775 0.0073
vn -0.2114 0.9774 0.0067
vn -0.2138 0.9765 0.0287
vn -0.2141 0.9764 0.0279
vn -0.5583 0.8294 -0.0195
vn -0.5576 0.8299 -0.0191
vn -0.5550 0.8318 -0.0118
vn -0.5552 0.8317 -0.0069
vn -0.5547 0.8314 -0.0317
vn -0.5560 0.8309 -0.0229
vn 0.1970 0.9803 0.0139
vn 0.1957 0.9798 0.0417
vn 0.1958 0.9798 0.0417
vn 0.1932 0.9787 0.0691
vn 0.1932 0.9787 0.0692
vn 0.1895 0.9771 0.0967
vn -0.8363 0.5396 -0.0967
vn -0.8362 0.5398 -0.0967
vn -0.8363 0.5397 -0.0967
vn -0.8364 0.5395 -0.0967
vn -0.8400 0.5382 -0.0692
vn -0.8425 0.5371 -0.0416
vn -0.8437 0.5366 -0.0139
vn -0.8437 0.5367 -0.0139
vn -0.5549 0.8319 -0.0000
vn -0.2161 0.9764 -0.0037
vn -0.2153 0.9765 0.0039
vn -0.2134 0.9767 -0.0217
vn -0.2126 0.9770 -0.0147
vn -0.2139 0.9764 -0.0289
vn -0.2143 0.9763 -0.0284
vn -0.2102 0.9776 -0.0097
vn -0.2108 0.9775 -0.0109
vn -0.5583 0.8294 0.0194
vn -0.5576 0.8299 0.0190
vn -0.5561 0.8308 0.0229
vn -0.5548 0.8314 0.0317
vn -0.5552 0.8317 0.0069
vn -0.5550 0.8318 0.0118
vn 0.1895 0.9771 -0.0967
vn 0.1932 0.9787 -0.0691
vn 0.1932 0.9787 -0.0692
vn 0.1957 0.9798 -0.0417
vn 0.1958 0.9798 -0.0417
vn 0.1970 0.9803 -0.0139
vn -0.8437 0.5367 0.0139
vn -0.8436 0.5367 0.0139
vn -0.8437 0.5366 0.0139
vn -0.8425 0.5371 0.0416
vn -0.8400 0.5382 0.0693
vn -0.8399 0.5382 0.0694
vn -0.8400 0.5382 0.0694
vn -0.8362 0.5398 0.0967
vn -0.8362 0.5398 0.0966
vn -0.5554 0.8308 0.0361
vn -0.5551 0.8310 0.0363
vn -0.2199 0.9747 -0.0394
vn -0.2182 0.9754 -0.0323
vn -0.2194 0.9739 -0.0581
vn -0.2198 0.9742 -0.0511
vn -0.2253 0.9721 -0.0661
vn -0.2270 0.9719 -0.0625
vn -0.2170 0.9752 -0.0439
vn -0.2170 0.9751 -0.0448
vn -0.5484 0.8343 0.0574
vn -0.5477 0.8347 0.0570
vn -0.5482 0.8344 0.0579
vn -0.5470 0.8345 0.0668
vn -0.5539 0.8315 0.0425
vn -0.5517 0.8325 0.0497
vn 0.1623 0.9655 -0.2036
vn 0.1709 0.9692 -0.1775
vn 0.1783 0.9723 -0.1509
vn 0.1844 0.9750 -0.1240
vn 0.1845 0.9750 -0.1242
vn 0.1844 0.9750 -0.1241
vn 0.1845 0.9750 -0.1240
vn -0.8312 0.5419 0.1240
vn -0.8312 0.5419 0.1241
vn -0.8250 0.5446 0.1508
vn -0.8176 0.5477 0.1775
vn -0.8176 0.5478 0.1775
vn -0.8090 0.5514 0.2036
vn -0.5451 0.8353 0.0720
vn -0.5446 0.8356 0.0718
vn -0.2271 0.9711 -0.0739
vn -0.2253 0.9717 -0.0708
vn -0.2334 0.9682 -0.0899
vn -0.2320 0.9689 -0.0862
vn -0.2420 0.9656 -0.0954
vn -0.2410 0.9657 -0.0968
vn -0.2332 0.9694 -0.0766
vn -0.2323 0.9695 -0.0786
vn -0.5379 0.8383 0.0887
vn -0.5375 0.8386 0.0886
vn -0.5343 0.8400 0.0943
vn -0.5326 0.8406 0.0989
vn -0.5413 0.8374 0.0760
vn -0.5368 0.8399 0.0803
vn 0.1164 0.9460 -0.3027
vn 0.1164 0.9459 -0.3027
vn 0.1295 0.9515 -0.2789
vn 0.1295 0.9516 -0.2789
vn 0.1415 0.9567 -0.2544
vn 0.1526 0.9613 -0.2293
vn 0.1525 0.9613 -0.2293
vn -0.7992 0.5556 0.2292
vn -0.7992 0.5556 0.2293
vn -0.7993 0.5555 0.2294
vn -0.7883 0.5602 0.2544
vn -0.7762 0.5654 0.2789
vn -0.7630 0.5711 0.3027
vn -0.5262 0.8443 0.1014
vn -0.5265 0.8440 0.1023
vn -0.2452 0.9639 -0.1036
vn -0.2427 0.9648 -0.1009
vn -0.2551 0.9593 -0.1213
vn -0.2495 0.9616 -0.1144
vn -0.2556 0.9585 -0.1266
vn -0.2572 0.9581 -0.1264
vn -0.2467 0.9624 -0.1139
vn -0.2467 0.9625 -0.1125
vn -0.5181 0.8467 0.1213
vn -0.5175 0.8471 0.1214
vn -0.5148 0.8484 0.1236
vn -0.5117 0.8494 0.1293
vn -0.5242 0.8449 0.1064
vn -0.5209 0.8460 0.1142
vn 0.0536 0.9192 -0.3902
vn 0.0707 0.9265 -0.3696
vn 0.0869 0.9334 -0.3481
vn 0.1021 0.9399 -0.3259
vn 0.1022 0.9399 -0.3259
vn -0.7489 0.5770 0.3258
vn -0.7338 0.5834 0.3481
vn -0.7337 0.5835 0.3481
vn -0.7176 0.5905 0.3693
vn -0.7175 0.5904 0.3696
vn -0.7176 0.5904 0.3694
vn -0.7004 0.5977 0.3902
vn -0.5055 0.8529 0.1307
vn -0.5057 0.8527 0.1310
vn -0.2659 0.9550 -0.1316
vn -0.2635 0.9560 -0.1294
vn -0.2771 0.9497 -0.1460
vn -0.2747 0.9508 -0.1435
vn -0.2863 0.9469 -0.1466
vn -0.2860 0.9466 -0.1489
vn -0.2720 0.9519 -0.1412
vn -0.2719 0.9521 -0.1401
vn -0.4951 0.8565 0.1458
vn -0.4945 0.8570 0.1451
vn -0.4912 0.8587 0.1465
vn -0.4845 0.8617 0.1508
vn -0.5013 0.8546 0.1358
vn -0.4981 0.8561 0.1379
vn -0.0237 0.8862 -0.4627
vn -0.0237 0.8862 -0.4626
vn -0.0031 0.8950 -0.4461
vn 0.0166 0.9034 -0.4285
vn 0.0354 0.9115 -0.4098
vn 0.0355 0.9115 -0.4098
vn -0.6823 0.6054 0.4098
vn -0.6823 0.6055 0.4098
vn -0.6633 0.6135 0.4285
vn -0.6436 0.6219 0.4461
vn -0.6231 0.6307 0.4626
vn -0.6231 0.6308 0.4624
vn -0.4792 0.8644 0.1524
vn -0.4789 0.8645 0.1526
vn -0.2926 0.9437 -0.1543
vn -0.2892 0.9451 -0.1523
vn -0.3085 0.9369 -0.1644
vn -0.3034 0.9392 -0.1608
vn -0.3121 0.9357 -0.1644
vn -0.3092 0.9365 -0.1656
vn -0.2985 0.9413 -0.1577
vn -0.2986 0.9412 -0.1579
vn -0.4655 0.8700 0.1625
vn -0.4656 0.8699 0.1628
vn -0.4602 0.8722 0.1657
vn -0.4559 0.8741 0.1674
vn -0.4745 0.8662 0.1569
vn -0.4710 0.8676 0.1592
vn -0.1124 0.8484 -0.5172
vn -0.1124 0.8484 -0.5173
vn -0.1123 0.8484 -0.5173
vn -0.0893 0.8582 -0.5055
vn -0.0893 0.8582 -0.5054
vn -0.0894 0.8582 -0.5054
vn -0.0895 0.8582 -0.5055
vn -0.0668 0.8678 -0.4923
vn -0.0668 0.8679 -0.4923
vn -0.0449 0.8772 -0.4781
vn -0.6018 0.6397 0.4781
vn -0.6018 0.6397 0.4782
vn -0.5799 0.6490 0.4924
vn -0.5799 0.6491 0.4924
vn -0.5798 0.6491 0.4924
vn -0.5575 0.6586 0.5054
vn -0.5574 0.6587 0.5054
vn -0.5343 0.6685 0.5173
vn -0.5342 0.6686 0.5173
vn -0.5343 0.6686 0.5173
vn -0.4501 0.8768 0.1694
vn -0.4506 0.8765 0.1696
vn -0.3241 0.9303 -0.1718
vn -0.3170 0.9331 -0.1697
vn -0.3388 0.9240 -0.1773
vn -0.3334 0.9263 -0.1754
vn -0.3448 0.9216 -0.1784
vn -0.3456 0.9213 -0.1785
vn -0.3310 0.9269 -0.1770
vn -0.3274 0.9278 -0.1788
vn -0.4348 0.8834 0.1748
vn -0.4361 0.8828 0.1747
vn -0.4287 0.8856 0.1786
vn -0.4250 0.8872 0.1797
vn -0.4476 0.8769 0.1752
vn -0.4398 0.8805 0.1770
vn -0.2093 0.8071 -0.5521
vn -0.1844 0.8176 -0.5454
vn -0.1845 0.8176 -0.5454
vn -0.1599 0.8283 -0.5370
vn -0.1601 0.8281 -0.5373
vn -0.1600 0.8281 -0.5373
vn -0.1361 0.8383 -0.5279
vn -0.1361 0.8383 -0.5280
vn -0.5107 0.6785 0.5280
vn -0.5107 0.6786 0.5279
vn -0.5107 0.6786 0.5280
vn -0.4866 0.6888 0.5374
vn -0.4866 0.6888 0.5373
vn -0.4622 0.6993 0.5453
vn -0.4375 0.7098 0.5521
vn -0.4189 0.8898 0.1810
vn -0.4189 0.8898 0.1813
vn -0.3540 0.9174 -0.1816
vn -0.3505 0.9189 -0.1811
vn -0.3715 0.9094 -0.1871
vn -0.3652 0.9119 -0.1871
vn -0.3776 0.9066 -0.1882
vn -0.3773 0.9069 -0.1877
vn -0.3586 0.9145 -0.1870
vn -0.3600 0.9142 -0.1862
vn -0.4020 0.8972 0.1828
vn -0.4020 0.8970 0.1836
vn -0.3971 0.8986 0.1864
vn -0.3929 0.9000 0.1888
vn -0.4126 0.8928 0.1807
vn -0.4070 0.8946 0.1843
vn -0.3106 0.7639 -0.5657
vn -0.2851 0.7748 -0.5643
vn -0.2597 0.7856 -0.5616
vn -0.2597 0.7856 -0.5615
vn -0.2344 0.7964 -0.5575
vn -0.4123 0.7205 0.5575
vn -0.4124 0.7205 0.5575
vn -0.3871 0.7313 0.5615
vn -0.3871 0.7313 0.5616
vn -0.3617 0.7421 0.5643
vn -0.3367 0.7529 0.5655
vn -0.3362 0.7529 0.5657
vn -0.3362 0.7531 0.5655
vn -0.3363 0.7530 0.5656
vn -0.3820 0.9051 0.1866
vn -0.3826 0.9053 0.1846
vn -0.3871 0.9036 -0.1834
vn -0.3819 0.9054 -0.1853
vn -0.4045 0.8959 -0.1836
vn -0.4002 0.8979 -0.1834
vn -0.4097 0.8939 -0.1816
vn -0.4096 0.8939 -0.1821
vn -0.3927 0.9012 -0.1832
vn -0.3918 0.9016 -0.1835
vn -0.3696 0.9110 0.1829
vn -0.3695 0.9110 0.1834
vn -0.3623 0.9140 0.1824
vn -0.3580 0.9158 0.1822
vn -0.3766 0.9069 0.1889
vn -0.3735 0.9088 0.1860
vn -0.4123 0.7205 -0.5575
vn -0.4124 0.7205 -0.5575
vn -0.3870 0.7313 -0.5616
vn -0.3616 0.7422 -0.5643
vn -0.3615 0.7422 -0.5643
vn -0.3361 0.7530 -0.5657
vn -0.3106 0.7638 0.5658
vn -0.3107 0.7638 0.5658
vn -0.2849 0.7750 0.5640
vn -0.2850 0.7748 0.5643
vn -0.2597 0.7856 0.5615
vn -0.3482 0.9192 0.1839
vn -0.3509 0.9178 0.1859
vn -0.4227 0.8877 -0.1824
vn -0.4147 0.8911 -0.1845
vn -0.4368 0.8816 -0.1791
vn -0.4334 0.8830 -0.1802
vn -0.4443 0.8780 -0.1779
vn -0.4445 0.8782 -0.1766
vn -0.4294 0.8854 -0.1781
vn -0.4276 0.8862 -0.1783
vn -0.3350 0.9247 0.1809
vn -0.3345 0.9249 0.1807
vn -0.3286 0.9277 0.1774
vn -0.3251 0.9292 0.1758
vn -0.3468 0.9202 0.1813
vn -0.3460 0.9208 0.1801
vn -0.4865 0.6889 -0.5374
vn -0.4866 0.6889 -0.5373
vn -0.4622 0.6993 -0.5454
vn -0.4622 0.6992 -0.5453
vn -0.4374 0.7098 -0.5522
vn -0.1601 0.8281 0.5372
vn -0.1600 0.8281 0.5373
vn -0.1600 0.8281 0.5372
vn -0.3183 0.9318 0.1745
vn -0.3164 0.9324 0.1745
vn -0.4516 0.8758 -0.1701
vn -0.4487 0.8770 -0.1720
vn -0.4680 0.8683 -0.1647
vn -0.4648 0.8697 -0.1661
vn -0.4701 0.8679 -0.1609
vn -0.4730 0.8671 -0.1562
vn -0.4599 0.8716 -0.1698
vn -0.4596 0.8719 -0.1692
vn -0.3036 0.9382 0.1661
vn -0.3040 0.9381 0.1659
vn -0.3010 0.9403 0.1586
vn -0.2955 0.9423 0.1572
vn -0.3133 0.9343 0.1704
vn -0.3100 0.9356 0.1687
vn -0.0893 0.8582 0.5054
vn -0.0893 0.8583 0.5054
vn -0.0894 0.8582 0.5054
vn -0.0668 0.8678 0.4924
vn -0.0449 0.8772 0.4780
vn -0.2928 0.9439 0.1528
vn -0.2922 0.9440 0.1535
vn -0.4822 0.8629 -0.1514
vn -0.4777 0.8647 -0.1550
vn -0.4954 0.8572 -0.1411
vn -0.4905 0.8594 -0.1442
vn -0.4998 0.8555 -0.1353
vn -0.5005 0.8552 -0.1348
vn -0.4888 0.8592 -0.1515
vn -0.4882 0.8596 -0.1507
vn -0.2779 0.9503 0.1404
vn -0.2786 0.9498 0.1420
vn -0.2732 0.9517 0.1399
vn -0.2710 0.9531 0.1344
vn -0.2833 0.9470 0.1517
vn -0.2809 0.9481 0.1490
vn -0.6634 0.6134 -0.4285
vn -0.6435 0.6219 -0.4461
vn -0.6436 0.6219 -0.4461
vn -0.6435 0.6220 -0.4461
vn -0.0031 0.8950 0.4460
vn -0.0033 0.8950 0.4460
vn -0.0030 0.8950 0.4461
vn -0.0030 0.8950 0.4460
vn -0.2658 0.9551 0.1306
vn -0.2655 0.9552 0.1307
vn -0.5067 0.8525 -0.1287
vn -0.5040 0.8535 -0.1324
vn -0.5198 0.8461 -0.1179
vn -0.5172 0.8473 -0.1206
vn -0.5216 0.8462 -0.1086
vn -0.5222 0.8458 -0.1091
vn -0.5134 0.8485 -0.1282
vn -0.5150 0.8479 -0.1259
vn -0.2557 0.9598 0.1158
vn -0.2493 0.9610 0.1201
vn -0.2505 0.9617 0.1109
vn -0.2473 0.9629 0.1079
vn -0.2610 0.9571 0.1256
vn -0.2582 0.9584 0.1220
vn -0.7338 0.5834 -0.3481
vn -0.7337 0.5836 -0.3481
vn -0.7003 0.5977 -0.3902
vn 0.0536 0.9192 0.3901
vn 0.0535 0.9192 0.3901
vn 0.0703 0.9264 0.3699
vn 0.0707 0.9265 0.3696
vn 0.0869 0.9334 0.3482
vn 0.1022 0.9399 0.3259
vn 0.1022 0.9398 0.3259
vn -0.2461 0.9639 0.1021
vn -0.2469 0.9635 0.1039
vn -0.5271 0.8438 -0.1010
vn -0.5258 0.8441 -0.1048
vn -0.5379 0.8387 -0.0846
vn -0.5386 0.8380 -0.0873
vn -0.5431 0.8357 -0.0814
vn -0.5425 0.8362 -0.0802
vn -0.5350 0.8393 -0.0967
vn -0.5341 0.8399 -0.0964
vn -0.2356 0.9681 0.0848
vn -0.2355 0.9681 0.0858
vn -0.2303 0.9696 0.0823
vn -0.2283 0.9704 0.0790
vn -0.2412 0.9656 0.0977
vn -0.2396 0.9664 0.0928
vn -0.7992 0.5557 -0.2293
vn 0.1163 0.9460 0.3027
vn 0.1416 0.9567 0.2544
vn 0.1524 0.9613 0.2294
vn -0.2290 0.9710 0.0685
vn -0.2286 0.9711 0.0694
vn -0.5426 0.8371 -0.0694
vn -0.5416 0.8375 -0.0734
vn -0.5487 0.8344 -0.0517
vn -0.5476 0.8349 -0.0553
vn -0.5498 0.8341 -0.0443
vn -0.5497 0.8342 -0.0443
vn -0.5451 0.8360 -0.0621
vn -0.5451 0.8360 -0.0622
vn -0.2245 0.9729 0.0551
vn -0.2229 0.9732 0.0573
vn -0.2213 0.9741 0.0470
vn -0.2204 0.9745 0.0427
vn -0.2271 0.9717 0.0645
vn -0.2243 0.9727 0.0590
vn 0.1621 0.9656 0.2035
vn 0.1622 0.9655 0.2036
vn 0.1708 0.9692 0.1775
vn 0.1782 0.9724 0.1509
vn -0.2213 0.9746 0.0348
vn -0.2192 0.9749 0.0394
vn -0.5524 0.8329 -0.0333
vn -0.5514 0.8334 -0.0384
vn -0.5577 0.8299 -0.0163
vn -0.5570 0.8302 -0.0212
vn -0.5586 0.8294 -0.0089
vn -0.5549 0.8315 -0.0273
vn -0.5550 0.8315 -0.0232
vn -0.2132 0.9768 0.0206
vn -0.2136 0.9767 0.0207
vn -0.2153 0.9765 0.0131
vn -0.2161 0.9764 0.0055
vn -0.2145 0.9763 0.0299
vn -0.2140 0.9765 0.0252
vn -0.8436 0.5367 -0.0140
vn -0.8400 0.5381 -0.0692
vn -0.8400 0.5382 -0.0691
vn -0.8362 0.5398 -0.0966
vn -0.8362 0.5398 -0.0968
vn 0.1894 0.9771 0.0967
vn 0.1956 0.9798 0.0417
vn -0.2175 0.9761 -0.0000
vn -0.2174 0.9761 -0.0000
vn -0.5582 0.8297 0.0028
vn -0.5582 0.8297 -0.0029
vn -0.5572 0.8301 0.0210
vn -0.5574 0.8301 0.0158
vn -0.5536 0.8322 0.0311
vn -0.5539 0.8320 0.0306
vn -0.5586 0.8294 0.0090
vn -0.5586 0.8294 0.0091
vn -0.2132 0.9768 -0.0207
vn -0.2137 0.9767 -0.0208
vn -0.2140 0.9765 -0.0252
vn -0.2144 0.9763 -0.0298
vn -0.2161 0.9764 -0.0054
vn -0.2153 0.9765 -0.0131
vn -0.8362 0.5399 0.0966
vn -0.8362 0.5399 0.0967
vn -0.8362 0.5398 0.0968
vn -0.8400 0.5382 0.0692
vn -0.8400 0.5381 0.0692
vn -0.8425 0.5371 0.0415
vn -0.8437 0.5367 0.0140
vn 0.1957 0.9798 -0.0416
vn 0.1932 0.9787 -0.0693
vn -0.2211 0.9746 -0.0346
vn -0.2199 0.9747 -0.0390
vn -0.5512 0.8335 0.0378
vn -0.5525 0.8329 0.0332
vn -0.5476 0.8349 0.0555
vn -0.5486 0.8345 0.0518
vn -0.5452 0.8360 0.0620
vn -0.5499 0.8341 0.0442
vn -0.5499 0.8340 0.0440
vn -0.2244 0.9729 -0.0549
vn -0.2237 0.9730 -0.0567
vn -0.2243 0.9727 -0.0591
vn -0.2270 0.9718 -0.0644
vn -0.2204 0.9745 -0.0427
vn -0.2213 0.9741 -0.0471
vn -0.8250 0.5446 0.1509
vn -0.8312 0.5420 0.1240
vn 0.1621 0.9655 -0.2036
vn 0.1622 0.9655 -0.2036
vn 0.1622 0.9655 -0.2038
vn -0.2286 0.9711 -0.0684
vn -0.2284 0.9711 -0.0694
vn -0.5414 0.8375 0.0735
vn -0.5429 0.8370 0.0685
vn -0.5339 0.8405 0.0922
vn -0.5378 0.8389 0.0839
vn -0.5343 0.8396 0.0976
vn -0.5335 0.8402 0.0970
vn -0.5420 0.8363 0.0827
vn -0.5420 0.8364 0.0815
vn -0.2354 0.9682 -0.0844
vn -0.2355 0.9681 -0.0853
vn -0.2397 0.9664 -0.0929
vn -0.2411 0.9656 -0.0978
vn -0.2283 0.9704 -0.0789
vn -0.2303 0.9696 -0.0822
vn -0.7631 0.5709 0.3027
vn -0.7631 0.5710 0.3027
vn -0.7763 0.5654 0.2788
vn -0.7763 0.5653 0.2789
vn -0.7762 0.5655 0.2787
vn 0.1415 0.9567 -0.2545
vn 0.1164 0.9460 -0.3026
vn -0.2461 0.9639 -0.1020
vn -0.2469 0.9635 -0.1039
vn -0.5256 0.8443 0.1041
vn -0.5276 0.8435 0.1004
vn -0.5179 0.8470 0.1202
vn -0.5199 0.8462 0.1171
vn -0.5109 0.8500 0.1281
vn -0.5107 0.8503 0.1272
vn -0.5207 0.8468 0.1091
vn -0.5209 0.8465 0.1103
vn -0.2551 0.9601 -0.1144
vn -0.2501 0.9608 -0.1199
vn -0.2577 0.9585 -0.1217
vn -0.2612 0.9571 -0.1256
vn -0.2472 0.9629 -0.1079
vn -0.2505 0.9618 -0.1108
vn -0.7004 0.5977 0.3901
vn -0.7004 0.5978 0.3900
vn 0.1020 0.9399 -0.3258
vn 0.1022 0.9399 -0.3258
vn 0.0869 0.9334 -0.3482
vn 0.0708 0.9265 -0.3696
vn 0.0536 0.9192 -0.3901
vn -0.2658 0.9551 -0.1306
vn -0.2655 0.9552 -0.1307
vn -0.5042 0.8535 0.1317
vn -0.5072 0.8522 0.1287
vn -0.4911 0.8590 0.1446
vn -0.4941 0.8578 0.1414
vn -0.4888 0.8591 0.1517
vn -0.4882 0.8596 0.1508
vn -0.4995 0.8556 0.1358
vn -0.4995 0.8557 0.1355
vn -0.2779 0.9503 -0.1404
vn -0.2786 0.9498 -0.1420
vn -0.2808 0.9481 -0.1490
vn -0.2833 0.9470 -0.1518
vn -0.2710 0.9531 -0.1344
vn -0.2732 0.9517 -0.1399
vn -0.6436 0.6219 0.4462
vn -0.6436 0.6220 0.4461
vn -0.6822 0.6054 0.4099
vn -0.6821 0.6055 0.4100
vn 0.0165 0.9034 -0.4285
vn 0.0164 0.9034 -0.4285
vn -0.0237 0.8863 -0.4626
vn -0.2925 0.9439 -0.1532
vn -0.2918 0.9441 -0.1537
vn -0.4788 0.8644 0.1534
vn -0.4826 0.8625 0.1522
vn -0.4650 0.8695 0.1664
vn -0.4683 0.8681 0.1648
vn -0.4595 0.8716 0.1706
vn -0.4588 0.8721 0.1702
vn -0.4713 0.8669 0.1623
vn -0.4713 0.8671 0.1615
vn -0.3037 0.9382 -0.1658
vn -0.3041 0.9381 -0.1656
vn -0.3101 0.9356 -0.1686
vn -0.3132 0.9343 -0.1702
vn -0.2956 0.9423 -0.1572
vn -0.3014 0.9402 -0.1590
vn -0.5800 0.6491 0.4923
vn -0.5799 0.6492 0.4921
vn -0.5799 0.6491 0.4923
vn -0.0449 0.8772 -0.4780
vn -0.0668 0.8678 -0.4924
vn -0.0668 0.8679 -0.4922
vn -0.0891 0.8583 -0.5054
vn -0.0893 0.8583 -0.5054
vn -0.1124 0.8483 -0.5174
vn -0.3184 0.9317 -0.1746
vn -0.3209 0.9306 -0.1759
vn -0.4492 0.8769 0.1711
vn -0.4526 0.8753 0.1700
vn -0.4340 0.8827 0.1802
vn -0.4372 0.8814 0.1785
vn -0.4302 0.8842 0.1821
vn -0.4265 0.8869 0.1772
vn -0.4430 0.8787 0.1782
vn -0.4425 0.8790 0.1774
vn -0.3351 0.9246 -0.1812
vn -0.3344 0.9249 -0.1807
vn -0.3447 0.9216 -0.1787
vn -0.3467 0.9204 -0.1809
vn -0.3248 0.9294 -0.1755
vn -0.3283 0.9277 -0.1777
vn -0.4374 0.7098 0.5521
vn -0.4373 0.7098 0.5521
vn -0.4374 0.7098 0.5522
vn -0.1601 0.8281 -0.5372
vn -0.1845 0.8177 -0.5453
vn -0.3494 0.9185 -0.1850
vn -0.3509 0.9180 -0.1849
vn -0.4152 0.8910 0.1838
vn -0.4222 0.8875 0.1848
vn -0.3998 0.8980 0.1837
vn -0.4042 0.8962 0.1832
vn -0.3924 0.9013 0.1835
vn -0.3918 0.9016 0.1836
vn -0.4102 0.8938 0.1815
vn -0.4106 0.8935 0.1817
vn -0.3705 0.9106 -0.1831
vn -0.3704 0.9106 -0.1834
vn -0.3736 0.9087 -0.1862
vn -0.3747 0.9079 -0.1881
vn -0.3578 0.9158 -0.1823
vn -0.3622 0.9141 -0.1823
vn -0.3362 0.7530 0.5657
vn -0.3361 0.7530 0.5657
vn -0.3870 0.7313 0.5617
vn -0.2344 0.7963 -0.5576
vn -0.2850 0.7748 -0.5643
vn 0.9362 0.2326 -0.2635
vn 0.9233 0.2271 -0.3099
vn 0.9232 0.2271 -0.3099
vn 0.9233 0.2269 -0.3098
vn 0.9231 0.2272 -0.3101
vn 0.8160 0.5145 -0.2636
vn 0.8160 0.5144 -0.2636
vn 0.8030 0.5091 -0.3098
vn 0.8031 0.5090 -0.3099
vn 0.8029 0.5091 -0.3100
vn 0.9746 -0.1165 -0.1911
vn 0.9746 -0.1166 -0.1910
vn 0.9746 -0.1166 -0.1911
vn 0.9651 -0.1207 -0.2326
vn 0.9536 -0.1255 -0.2735
vn 0.9536 -0.1255 -0.2736
vn 0.9404 -0.1312 -0.3138
vn 0.9082 0.2207 -0.3556
vn 0.7880 0.5026 -0.3556
vn 0.7880 0.5026 -0.3555
vn 0.5564 0.7694 -0.3138
vn 0.5564 0.7694 -0.3137
vn 0.5697 0.7750 -0.2735
vn 0.5811 0.7799 -0.2326
vn 0.5906 0.7840 -0.1911
vn 0.5906 0.7840 -0.1908
vn 0.5906 0.7840 -0.1910
vn 0.8268 0.5191 -0.2166
vn 0.8268 0.5192 -0.2166
vn 0.9470 0.2372 -0.2166
vn -0.0068 -0.1695 0.9855
vn -0.0512 -0.1884 0.9808
vn -0.1270 0.1125 0.9855
vn -0.1270 0.1124 0.9855
vn -0.1713 0.0935 0.9808
vn 0.1723 -0.4587 0.8717
vn 0.1330 -0.4755 0.8696
vn 0.0938 -0.4921 0.8655
vn 0.0549 -0.5087 0.8592
vn 0.0550 -0.5089 0.8591
vn 0.0549 -0.5088 0.8591
vn -0.0953 -0.2072 0.9736
vn -0.2155 0.0747 0.9736
vn -0.3291 0.3918 0.8592
vn -0.3292 0.3918 0.8592
vn -0.2902 0.4084 0.8654
vn -0.2902 0.4085 0.8654
vn -0.2510 0.4251 0.8696
vn -0.2510 0.4251 0.8697
vn -0.2118 0.4420 0.8717
vn -0.2117 0.4419 0.8717
vn -0.2122 0.4421 0.8715
vn -0.0824 0.1314 0.9879
vn 0.0377 -0.1505 0.9879
vn 0.8720 0.2053 0.4444
vn 0.8720 0.2053 0.4443
vn 0.8720 0.2053 0.4445
vn 0.8510 0.1963 0.4871
vn 0.7518 0.4872 0.4443
vn 0.7518 0.4871 0.4443
vn 0.7308 0.4782 0.4871
vn 0.7309 0.4781 0.4871
vn 0.9253 -0.1376 0.3534
vn 0.9253 -0.1375 0.3534
vn 0.9085 -0.1448 0.3921
vn 0.9085 -0.1447 0.3921
vn 0.8899 -0.1527 0.4298
vn 0.8697 -0.1614 0.4665
vn 0.8697 -0.1613 0.4665
vn 0.8281 0.1865 0.5286
vn 0.7079 0.4685 0.5286
vn 0.7079 0.4684 0.5286
vn 0.7080 0.4685 0.5285
vn 0.4857 0.7393 0.4665
vn 0.4856 0.7393 0.4665
vn 0.5059 0.7479 0.4298
vn 0.5245 0.7558 0.3920
vn 0.5245 0.7558 0.3921
vn 0.5413 0.7630 0.3533
vn 0.5412 0.7631 0.3533
vn 0.5412 0.7631 0.3532
vn 0.7709 0.4953 0.4005
vn 0.8911 0.2134 0.4004
vn 0.8911 0.2134 0.4005
vn 0.8720 0.2053 -0.4443
vn 0.8721 0.2052 -0.4443
vn 0.8721 0.2050 -0.4443
vn 0.8721 0.2051 -0.4443
vn 0.8510 0.1963 -0.4871
vn 0.7518 0.4872 -0.4443
vn 0.7519 0.4871 -0.4443
vn 0.7308 0.4782 -0.4871
vn 0.9253 -0.1377 -0.3534
vn 0.9085 -0.1448 -0.3921
vn 0.8899 -0.1528 -0.4298
vn 0.8899 -0.1527 -0.4298
vn 0.8697 -0.1614 -0.4665
vn 0.8281 0.1865 -0.5286
vn 0.7079 0.4684 -0.5286
vn 0.4857 0.7392 -0.4665
vn 0.4857 0.7392 -0.4666
vn 0.5059 0.7479 -0.4298
vn 0.5245 0.7558 -0.3921
vn 0.5413 0.7629 -0.3535
vn 0.5413 0.7629 -0.3534
vn 0.7709 0.4953 -0.4005
vn 0.8911 0.2134 -0.4005
vn -0.0068 -0.1695 -0.9855
vn -0.0512 -0.1884 -0.9808
vn -0.1270 0.1124 -0.9855
vn -0.1270 0.1123 -0.9855
vn -0.1713 0.0934 -0.9808
vn -0.1714 0.0933 -0.9808
vn -0.1713 0.0935 -0.9808
vn 0.1723 -0.4587 -0.8717
vn 0.1330 -0.4755 -0.8696
vn 0.0938 -0.4922 -0.8654
vn 0.0937 -0.4921 -0.8655
vn 0.0938 -0.4921 -0.8655
vn 0.0938 -0.4921 -0.8654
vn 0.0550 -0.5088 -0.8591
vn 0.0549 -0.5088 -0.8591
vn 0.0549 -0.5086 -0.8592
vn -0.0953 -0.2072 -0.9736
vn -0.2155 0.0747 -0.9736
vn -0.3291 0.3918 -0.8592
vn -0.2902 0.4085 -0.8654
vn -0.2902 0.4084 -0.8654
vn -0.2510 0.4251 -0.8696
vn -0.2116 0.4420 -0.8717
vn -0.2117 0.4419 -0.8717
vn -0.2115 0.4421 -0.8717
vn -0.0824 0.1314 -0.9879
vn 0.0377 -0.1505 -0.9879
vn 0.0377 -0.1507 -0.9879
vn 0.9362 0.2326 0.2636
vn 0.9232 0.2271 0.3099
vn 0.8160 0.5144 0.2636
vn 0.8160 0.5144 0.2637
vn 0.8160 0.5145 0.2636
vn 0.8030 0.5090 0.3100
vn 0.8030 0.5090 0.3101
vn 0.9746 -0.1166 0.1911
vn 0.9746 -0.1165 0.1912
vn 0.9651 -0.1207 0.2326
vn 0.9536 -0.1256 0.2735
vn 0.9404 -0.1312 0.3138
vn 0.9082 0.2207 0.3556
vn 0.7881 0.5025 0.3556
vn 0.7880 0.5026 0.3556
vn 0.7879 0.5025 0.3560
vn 0.5564 0.7694 0.3138
vn 0.5697 0.7750 0.2735
vn 0.5812 0.7798 0.2326
vn 0.5811 0.7799 0.2326
vn 0.5906 0.7840 0.1911
vn 0.8268 0.5191 0.2166
vn 0.9470 0.2372 0.2165
vn 0.9470 0.2372 0.2166
vn 0.7767 0.1646 -0.6080
vn 0.7484 0.1526 -0.6454
vn 0.6565 0.4465 -0.6080
vn 0.6283 0.4344 -0.6454
vn 0.6282 0.4344 -0.6454
vn 0.8478 -0.1707 -0.5021
vn 0.8478 -0.1706 -0.5021
vn 0.8243 -0.1807 -0.5365
vn 0.7994 -0.1913 -0.5695
vn 0.7730 -0.2026 -0.6012
vn 0.7729 -0.2026 -0.6013
vn 0.7184 0.1398 -0.6814
vn 0.7184 0.1398 -0.6815
vn 0.7185 0.1398 -0.6814
vn 0.5983 0.4217 -0.6814
vn 0.5983 0.4217 -0.6813
vn 0.3888 0.6980 -0.6013
vn 0.3889 0.6980 -0.6013
vn 0.3888 0.6980 -0.6014
vn 0.4154 0.7093 -0.5694
vn 0.4155 0.7094 -0.5694
vn 0.4154 0.7093 -0.5695
vn 0.4403 0.7200 -0.5365
vn 0.4403 0.7199 -0.5365
vn 0.4638 0.7299 -0.5022
vn 0.4638 0.7300 -0.5021
vn 0.4637 0.7300 -0.5021
vn 0.6831 0.4578 -0.5690
vn 0.8033 0.1759 -0.5690
vn 0.8033 0.1758 -0.5690
vn -0.1824 -0.2443 -0.9524
vn -0.2250 -0.2625 -0.9383
vn -0.3026 0.0376 -0.9524
vn -0.3453 0.0194 -0.9383
vn -0.3455 0.0194 -0.9382
vn -0.3452 0.0194 -0.9383
vn 0.0162 -0.5252 -0.8508
vn -0.0220 -0.5415 -0.8404
vn -0.0219 -0.5415 -0.8404
vn -0.0597 -0.5577 -0.8279
vn -0.0598 -0.5578 -0.8278
vn -0.0967 -0.5734 -0.8136
vn -0.0966 -0.5733 -0.8136
vn -0.0967 -0.5733 -0.8136
vn -0.2670 -0.2804 -0.9220
vn -0.2669 -0.2803 -0.9220
vn -0.3872 0.0015 -0.9220
vn -0.4806 0.3272 -0.8136
vn -0.4807 0.3272 -0.8136
vn -0.4436 0.3429 -0.8280
vn -0.4436 0.3430 -0.8280
vn -0.4060 0.3591 -0.8404
vn -0.3678 0.3754 -0.8508
vn -0.2593 0.0560 -0.9642
vn -0.1391 -0.2259 -0.9642
vn 0.9667 0.2456 0.0726
vn 0.9667 0.2456 0.0727
vn 0.9623 0.2436 0.1209
vn 0.9623 0.2437 0.1209
vn 0.8465 0.5274 0.0727
vn 0.8465 0.5275 0.0727
vn 0.8464 0.5275 0.0727
vn 0.8421 0.5256 0.1209
vn 0.9939 -0.1084 0.0214
vn 0.9919 -0.1093 0.0642
vn 0.9919 -0.1092 0.0642
vn 0.9881 -0.1108 0.1068
vn 0.9881 -0.1109 0.1067
vn 0.9823 -0.1133 0.1490
vn 0.9557 0.2409 0.1689
vn 0.8357 0.5226 0.1688
vn 0.8357 0.5226 0.1689
vn 0.8359 0.5223 0.1689
vn 0.8357 0.5227 0.1686
vn 0.5983 0.7873 0.1490
vn 0.6041 0.7897 0.1067
vn 0.6080 0.7914 0.0641
vn 0.6079 0.7914 0.0642
vn 0.6080 0.7914 0.0642
vn 0.6099 0.7922 0.0214
vn 0.8486 0.5284 0.0243
vn 0.9688 0.2465 0.0243
vn 0.6538 0.1121 -0.7483
vn 0.6537 0.1121 -0.7484
vn 0.6538 0.1122 -0.7483
vn 0.6194 0.0975 -0.7790
vn 0.5336 0.3940 -0.7483
vn 0.5336 0.3941 -0.7483
vn 0.5336 0.3940 -0.7484
vn 0.4992 0.3794 -0.7790
vn 0.7451 -0.2145 -0.6316
vn 0.7451 -0.2145 -0.6315
vn 0.7159 -0.2268 -0.6603
vn 0.7159 -0.2268 -0.6604
vn 0.7159 -0.2269 -0.6603
vn 0.6855 -0.2399 -0.6874
vn 0.6855 -0.2397 -0.6875
vn 0.6855 -0.2398 -0.6874
vn 0.6539 -0.2534 -0.7129
vn 0.5835 0.0822 -0.8079
vn 0.5836 0.0822 -0.8079
vn 0.4634 0.3642 -0.8078
vn 0.4634 0.3641 -0.8079
vn 0.2699 0.6472 -0.7129
vn 0.3015 0.6607 -0.6874
vn 0.3319 0.6737 -0.6603
vn 0.3610 0.6861 -0.6316
vn 0.3611 0.6861 -0.6316
vn 0.5667 0.4082 -0.7157
vn 0.6869 0.1263 -0.7157
vn -0.3486 -0.3152 -0.8827
vn -0.3879 -0.3320 -0.8598
vn -0.4688 -0.0333 -0.8827
vn -0.4687 -0.0334 -0.8827
vn -0.5080 -0.0502 -0.8599
vn -0.5081 -0.0501 -0.8598
vn -0.5082 -0.0501 -0.8598
vn -0.1331 -0.5889 -0.7972
vn -0.1329 -0.5888 -0.7973
vn -0.1687 -0.6040 -0.7789
vn -0.1687 -0.6041 -0.7789
vn -0.2037 -0.6187 -0.7588
vn -0.2035 -0.6189 -0.7587
vn -0.2034 -0.6189 -0.7587
vn -0.2371 -0.6333 -0.7367
vn -0.4262 -0.3483 -0.8349
vn -0.5464 -0.0665 -0.8349
vn -0.5464 -0.0664 -0.8349
vn -0.5465 -0.0664 -0.8349
vn -0.6211 0.2673 -0.7367
vn -0.6211 0.2673 -0.7368
vn -0.5873 0.2817 -0.7587
vn -0.5872 0.2818 -0.7588
vn -0.5874 0.2817 -0.7587
vn -0.5527 0.2965 -0.7789
vn -0.5527 0.2965 -0.7788
vn -0.5171 0.3117 -0.7972
vn -0.4285 -0.0161 -0.9034
vn -0.3083 -0.2980 -0.9034
vn 0.9623 0.2437 -0.1209
vn 0.9667 0.2455 -0.0726
vn 0.9667 0.2455 -0.0725
vn 0.9666 0.2456 -0.0727
vn 0.8421 0.5256 -0.1209
vn 0.8464 0.5275 -0.0727
vn 0.8465 0.5275 -0.0727
vn 0.9823 -0.1132 -0.1489
vn 0.9823 -0.1133 -0.1490
vn 0.9881 -0.1109 -0.1067
vn 0.9919 -0.1092 -0.0642
vn 0.9939 -0.1084 -0.0214
vn 0.9688 0.2465 -0.0243
vn 0.8486 0.5284 -0.0243
vn 0.8487 0.5284 -0.0243
vn 0.6099 0.7922 -0.0214
vn 0.6079 0.7914 -0.0642
vn 0.6080 0.7914 -0.0642
vn 0.6041 0.7897 -0.1067
vn 0.5983 0.7873 -0.1490
vn 0.5983 0.7873 -0.1489
vn 0.8356 0.5227 -0.1688
vn 0.8356 0.5228 -0.1689
vn 0.8355 0.5229 -0.1687
vn 0.9557 0.2409 -0.1689
vn 0.5081 0.0501 -0.8598
vn 0.5081 0.0501 -0.8599
vn 0.4688 0.0332 -0.8827
vn 0.4688 0.0333 -0.8827
vn 0.3879 0.3320 -0.8598
vn 0.3880 0.3320 -0.8598
vn 0.3487 0.3152 -0.8827
vn 0.3488 0.3152 -0.8826
vn 0.3486 0.3152 -0.8827
vn 0.6212 -0.2673 -0.7367
vn 0.6211 -0.2673 -0.7367
vn 0.5877 -0.2817 -0.7585
vn 0.5874 -0.2817 -0.7586
vn 0.5874 -0.2817 -0.7587
vn 0.5873 -0.2817 -0.7587
vn 0.5528 -0.2965 -0.7788
vn 0.5527 -0.2965 -0.7789
vn 0.5171 -0.3117 -0.7972
vn 0.5170 -0.3117 -0.7972
vn 0.4285 0.0161 -0.9034
vn 0.3082 0.2981 -0.9034
vn 0.3083 0.2980 -0.9034
vn 0.1330 0.5889 -0.7972
vn 0.1330 0.5888 -0.7972
vn 0.1331 0.5889 -0.7972
vn 0.1687 0.6040 -0.7789
vn 0.1686 0.6041 -0.7789
vn 0.1687 0.6041 -0.7789
vn 0.2033 0.6189 -0.7587
vn 0.2034 0.6190 -0.7586
vn 0.2034 0.6189 -0.7587
vn 0.2371 0.6333 -0.7367
vn 0.2370 0.6333 -0.7367
vn 0.2366 0.6334 -0.7368
vn 0.4262 0.3483 -0.8349
vn 0.5464 0.0664 -0.8349
vn 0.5465 0.0664 -0.8348
vn -0.4992 -0.3794 -0.7790
vn -0.5336 -0.3941 -0.7483
vn -0.6194 -0.0976 -0.7790
vn -0.6194 -0.0975 -0.7790
vn -0.6192 -0.0971 -0.7792
vn -0.6192 -0.0975 -0.7791
vn -0.6538 -0.1122 -0.7483
vn -0.6538 -0.1123 -0.7483
vn -0.2695 -0.6473 -0.7131
vn -0.2699 -0.6472 -0.7130
vn -0.2698 -0.6472 -0.7130
vn -0.2699 -0.6472 -0.7129
vn -0.3016 -0.6607 -0.6874
vn -0.3015 -0.6607 -0.6874
vn -0.3319 -0.6737 -0.6603
vn -0.3611 -0.6861 -0.6316
vn -0.5667 -0.4082 -0.7157
vn -0.5667 -0.4083 -0.7157
vn -0.6869 -0.1263 -0.7157
vn -0.7451 0.2145 -0.6315
vn -0.7451 0.2145 -0.6316
vn -0.7452 0.2145 -0.6314
vn -0.7157 0.2270 -0.6605
vn -0.7155 0.2271 -0.6607
vn -0.7157 0.2271 -0.6605
vn -0.7159 0.2270 -0.6603
vn -0.6855 0.2399 -0.6874
vn -0.6539 0.2534 -0.7129
vn -0.5834 -0.0822 -0.8080
vn -0.5833 -0.0820 -0.8081
vn -0.5835 -0.0821 -0.8080
vn -0.5835 -0.0822 -0.8079
vn -0.4634 -0.3641 -0.8079
vn 0.9362 0.2326 -0.2636
vn 0.9362 0.2326 -0.2637
vn 0.8030 0.5090 -0.3099
vn 0.8159 0.5146 -0.2636
vn 0.8161 0.5144 -0.2635
vn 0.9536 -0.1256 -0.2735
vn 0.9536 -0.1256 -0.2736
vn 0.9470 0.2371 -0.2166
vn 0.3452 -0.0194 -0.9383
vn 0.3451 -0.0194 -0.9384
vn 0.3026 -0.0376 -0.9524
vn 0.2250 0.2625 -0.9383
vn 0.1824 0.2443 -0.9524
vn 0.4806 -0.3271 -0.8137
vn 0.4806 -0.3272 -0.8136
vn 0.4805 -0.3271 -0.8137
vn 0.4436 -0.3430 -0.8280
vn 0.4060 -0.3591 -0.8404
vn 0.3678 -0.3753 -0.8508
vn 0.3678 -0.3754 -0.8507
vn 0.2593 -0.0560 -0.9642
vn 0.1391 0.2259 -0.9642
vn -0.0162 0.5252 -0.8509
vn -0.0162 0.5252 -0.8508
vn 0.0220 0.5415 -0.8404
vn 0.0596 0.5576 -0.8280
vn 0.0967 0.5734 -0.8135
vn 0.0967 0.5734 -0.8136
vn 0.2670 0.2804 -0.9220
vn 0.2671 0.2805 -0.9220
vn 0.2670 0.2805 -0.9220
vn 0.3872 -0.0015 -0.9220
vn -0.6283 -0.4344 -0.6454
vn -0.6282 -0.4344 -0.6454
vn -0.6565 -0.4465 -0.6080
vn -0.7484 -0.1525 -0.6454
vn -0.7767 -0.1646 -0.6080
vn -0.3890 -0.6980 -0.6012
vn -0.4155 -0.7093 -0.5695
vn -0.4154 -0.7093 -0.5695
vn -0.4403 -0.7199 -0.5365
vn -0.4404 -0.7199 -0.5365
vn -0.4638 -0.7299 -0.5021
vn -0.6831 -0.4578 -0.5691
vn -0.8033 -0.1759 -0.5690
vn -0.8033 -0.1760 -0.5690
vn -0.8478 0.1707 -0.5021
vn -0.8243 0.1807 -0.5365
vn -0.7994 0.1913 -0.5695
vn -0.7730 0.2026 -0.6012
vn -0.7184 -0.1398 -0.6814
vn -0.7185 -0.1398 -0.6814
vn -0.5983 -0.4217 -0.6814
vn -0.5983 -0.4216 -0.6814
vn 0.8509 0.1963 -0.4872
vn 0.7519 0.4871 -0.4442
vn 0.8697 -0.1613 -0.4665
vn 0.8697 -0.1613 -0.4664
vn 0.9085 -0.1447 -0.3921
vn 0.9253 -0.1376 -0.3533
vn 0.9253 -0.1376 -0.3534
vn 0.8911 0.2133 -0.4005
vn 0.5413 0.7630 -0.3534
vn 0.4856 0.7393 -0.4666
vn 0.7078 0.4683 -0.5288
vn 0.7079 0.4682 -0.5288
vn 0.7079 0.4683 -0.5287
vn 0.7079 0.4684 -0.5287
vn 0.8281 0.1865 -0.5287
vn 0.1713 -0.0936 -0.9808
vn 0.1713 -0.0935 -0.9808
vn 0.1270 -0.1124 -0.9855
vn 0.1270 -0.1125 -0.9855
vn 0.0511 0.1884 -0.9808
vn 0.0510 0.1884 -0.9808
vn 0.0068 0.1695 -0.9855
vn 0.3291 -0.3918 -0.8592
vn 0.3290 -0.3918 -0.8592
vn 0.2901 -0.4082 -0.8656
vn 0.2900 -0.4082 -0.8656
vn 0.2510 -0.4251 -0.8696
vn 0.2117 -0.4419 -0.8717
vn 0.0824 -0.1314 -0.9879
vn 0.0825 -0.1315 -0.9879
vn -0.0377 0.1506 -0.9879
vn -0.0377 0.1505 -0.9879
vn -0.0378 0.1505 -0.9879
vn -0.1723 0.4587 -0.8717
vn -0.1330 0.4755 -0.8696
vn -0.0938 0.4922 -0.8654
vn -0.0937 0.4922 -0.8654
vn -0.0549 0.5087 -0.8592
vn 0.0953 0.2072 -0.9736
vn 0.2155 -0.0747 -0.9736
vn -0.7306 -0.4783 -0.4872
vn -0.7307 -0.4782 -0.4871
vn -0.7308 -0.4782 -0.4871
vn -0.7518 -0.4872 -0.4443
vn -0.7518 -0.4871 -0.4443
vn -0.8511 -0.1963 -0.4870
vn -0.8511 -0.1963 -0.4869
vn -0.8510 -0.1963 -0.4870
vn -0.8720 -0.2053 -0.4443
vn -0.8721 -0.2052 -0.4443
vn -0.4857 -0.7392 -0.4665
vn -0.5059 -0.7479 -0.4298
vn -0.5245 -0.7558 -0.3921
vn -0.5413 -0.7630 -0.3534
vn -0.7709 -0.4953 -0.4005
vn -0.8911 -0.2134 -0.4005
vn -0.9253 0.1376 -0.3534
vn -0.9085 0.1448 -0.3921
vn -0.8899 0.1527 -0.4298
vn -0.8697 0.1613 -0.4665
vn -0.8281 -0.1865 -0.5286
vn -0.7079 -0.4684 -0.5286
vn 0.7485 0.1525 -0.6454
vn 0.7484 0.1525 -0.6454
vn 0.7484 0.1525 -0.6455
vn 0.7766 0.1647 -0.6081
vn 0.6282 0.4344 -0.6455
vn 0.7733 -0.2026 -0.6008
vn 0.7995 -0.1912 -0.5695
vn 0.8243 -0.1807 -0.5366
vn 0.8242 -0.1806 -0.5367
vn 0.8478 -0.1708 -0.5021
vn 0.8033 0.1760 -0.5690
vn 0.8033 0.1760 -0.5689
vn 0.8034 0.1761 -0.5689
vn 0.4638 0.7299 -0.5021
vn 0.4153 0.7093 -0.5696
vn 0.3890 0.6981 -0.6011
vn 0.3890 0.6980 -0.6012
vn 0.3890 0.6982 -0.6010
vn 0.5982 0.4217 -0.6814
vn -0.8030 -0.5090 -0.3099
vn -0.8031 -0.5090 -0.3099
vn -0.8160 -0.5143 -0.2637
vn -0.8160 -0.5145 -0.2636
vn -0.9232 -0.2271 -0.3099
vn -0.9232 -0.2272 -0.3099
vn -0.9362 -0.2326 -0.2636
vn -0.5564 -0.7694 -0.3138
vn -0.5697 -0.7750 -0.2736
vn -0.5697 -0.7750 -0.2735
vn -0.5811 -0.7799 -0.2326
vn -0.5906 -0.7840 -0.1910
vn -0.5906 -0.7840 -0.1911
vn -0.8268 -0.5191 -0.2166
vn -0.9470 -0.2372 -0.2166
vn -0.9746 0.1166 -0.1911
vn -0.9746 0.1167 -0.1911
vn -0.9651 0.1207 -0.2326
vn -0.9536 0.1256 -0.2735
vn -0.9404 0.1312 -0.3138
vn -0.9082 -0.2207 -0.3556
vn -0.7880 -0.5026 -0.3556
vn 0.6539 -0.2533 -0.7129
vn 0.6855 -0.2400 -0.6874
vn 0.6855 -0.2399 -0.6875
vn 0.7160 -0.2269 -0.6602
vn 0.7161 -0.2269 -0.6601
vn 0.7450 -0.2145 -0.6316
vn 0.7450 -0.2145 -0.6317
vn 0.5667 0.4082 -0.7156
vn 0.3611 0.6861 -0.6315
vn 0.3016 0.6607 -0.6874
vn 0.2699 0.6473 -0.7129
vn 0.5835 0.0823 -0.8079
vn 0.5835 0.0823 -0.8080
vn -0.8421 -0.5256 -0.1209
vn -0.8418 -0.5260 -0.1209
vn -0.8464 -0.5275 -0.0727
vn -0.8465 -0.5275 -0.0727
vn -0.9623 -0.2435 -0.1209
vn -0.9623 -0.2437 -0.1209
vn -0.9623 -0.2438 -0.1210
vn -0.9666 -0.2456 -0.0727
vn -0.5983 -0.7873 -0.1489
vn -0.5983 -0.7873 -0.1490
vn -0.6040 -0.7897 -0.1072
vn -0.6041 -0.7897 -0.1067
vn -0.6043 -0.7895 -0.1067
vn -0.6080 -0.7914 -0.0642
vn -0.6079 -0.7914 -0.0642
vn -0.6083 -0.7911 -0.0641
vn -0.6099 -0.7922 -0.0214
vn -0.6098 -0.7922 -0.0214
vn -0.8486 -0.5284 -0.0243
vn -0.9688 -0.2465 -0.0243
vn -0.9939 0.1084 -0.0214
vn -0.9939 0.1086 -0.0214
vn -0.9920 0.1092 -0.0641
vn -0.9920 0.1091 -0.0641
vn -0.9919 0.1092 -0.0642
vn -0.9881 0.1109 -0.1067
vn -0.9823 0.1134 -0.1490
vn -0.9823 0.1135 -0.1490
vn -0.9823 0.1133 -0.1490
vn -0.9557 -0.2409 -0.1689
vn -0.8355 -0.5228 -0.1689
vn 0.4687 0.0331 -0.8827
vn 0.4686 0.0329 -0.8828
vn 0.5080 0.0501 -0.8599
vn 0.3485 0.3152 -0.8827
vn 0.3484 0.3152 -0.8827
vn 0.5173 -0.3118 -0.7970
vn 0.5171 -0.3117 -0.7971
vn 0.5173 -0.3117 -0.7970
vn 0.5174 -0.3117 -0.7970
vn 0.5527 -0.2965 -0.7788
vn 0.5526 -0.2965 -0.7789
vn 0.5873 -0.2817 -0.7588
vn 0.5872 -0.2817 -0.7588
vn 0.2033 0.6188 -0.7588
vn -0.8464 -0.5275 0.0727
vn -0.8464 -0.5276 0.0727
vn -0.8465 -0.5274 0.0727
vn -0.8421 -0.5256 0.1209
vn -0.9667 -0.2456 0.0727
vn -0.9666 -0.2456 0.0727
vn -0.9623 -0.2438 0.1210
vn -0.9623 -0.2437 0.1209
vn -0.9623 -0.2436 0.1209
vn -0.6099 -0.7922 0.0214
vn -0.6080 -0.7914 0.0642
vn -0.6079 -0.7914 0.0642
vn -0.6080 -0.7913 0.0642
vn -0.6041 -0.7897 0.1067
vn -0.6041 -0.7897 0.1068
vn -0.6041 -0.7897 0.1069
vn -0.5983 -0.7873 0.1490
vn -0.5983 -0.7873 0.1491
vn -0.8355 -0.5228 0.1689
vn -0.9557 -0.2409 0.1689
vn -0.9823 0.1133 0.1490
vn -0.9881 0.1109 0.1067
vn -0.9919 0.1092 0.0642
vn -0.9920 0.1091 0.0641
vn -0.9939 0.1084 0.0214
vn -0.9939 0.1083 0.0214
vn -0.9689 -0.2464 0.0243
vn -0.9689 -0.2463 0.0243
vn -0.9689 -0.2465 0.0243
vn -0.9688 -0.2465 0.0243
vn -0.8486 -0.5284 0.0243
vn 0.3022 -0.0374 -0.9525
vn 0.1825 0.2443 -0.9524
vn 0.2252 0.2625 -0.9383
vn 0.3678 -0.3752 -0.8508
vn 0.3679 -0.3753 -0.8508
vn 0.4060 -0.3590 -0.8404
vn 0.4807 -0.3272 -0.8136
vn 0.3873 -0.0015 -0.9220
vn 0.0966 0.5734 -0.8136
vn 0.0221 0.5415 -0.8404
vn -0.0163 0.5252 -0.8508
vn -0.8160 -0.5145 0.2636
vn -0.8030 -0.5091 0.3099
vn -0.8030 -0.5090 0.3099
vn -0.9362 -0.2326 0.2636
vn -0.9232 -0.2271 0.3099
vn -0.5906 -0.7840 0.1911
vn -0.5811 -0.7799 0.2326
vn -0.5697 -0.7750 0.2735
vn -0.5697 -0.7750 0.2736
vn -0.5564 -0.7694 0.3138
vn -0.7880 -0.5026 0.3556
vn -0.9082 -0.2207 0.3556
vn -0.9404 0.1312 0.3137
vn -0.9405 0.1311 0.3136
vn -0.9404 0.1312 0.3138
vn -0.9536 0.1256 0.2735
vn -0.9651 0.1207 0.2326
vn -0.9746 0.1166 0.1911
vn -0.9746 0.1166 0.1912
vn -0.9470 -0.2372 0.2166
vn -0.8268 -0.5191 0.2166
vn 0.1269 -0.1124 -0.9855
vn 0.1268 -0.1124 -0.9855
vn 0.2114 -0.4419 -0.8718
vn 0.2116 -0.4418 -0.8718
vn 0.2117 -0.4420 -0.8717
vn 0.2902 -0.4084 -0.8654
vn 0.3292 -0.3914 -0.8593
vn 0.2156 -0.0747 -0.9736
vn -0.0549 0.5088 -0.8591
vn -0.0549 0.5088 -0.8592
vn -0.0938 0.4921 -0.8655
vn -0.1331 0.4755 -0.8696
vn -0.1724 0.4587 -0.8717
vn -0.1724 0.4588 -0.8717
vn -0.0377 0.1504 -0.9879
vn -0.7519 -0.4872 0.4443
vn -0.7518 -0.4871 0.4443
vn -0.7518 -0.4872 0.4443
vn -0.7308 -0.4782 0.4871
vn -0.7308 -0.4781 0.4871
vn -0.7308 -0.4783 0.4871
vn -0.8721 -0.2052 0.4443
vn -0.8720 -0.2053 0.4443
vn -0.8720 -0.2052 0.4444
vn -0.8721 -0.2051 0.4443
vn -0.8510 -0.1962 0.4871
vn -0.8510 -0.1963 0.4871
vn -0.5413 -0.7630 0.3534
vn -0.5245 -0.7558 0.3921
vn -0.5244 -0.7558 0.3921
vn -0.5059 -0.7479 0.4298
vn -0.4857 -0.7392 0.4665
vn -0.4857 -0.7393 0.4665
vn -0.7079 -0.4684 0.5286
vn -0.7080 -0.4684 0.5285
vn -0.8281 -0.1865 0.5286
vn -0.8281 -0.1864 0.5287
vn -0.8697 0.1613 0.4665
vn -0.8697 0.1614 0.4665
vn -0.8899 0.1527 0.4298
vn -0.8899 0.1524 0.4299
vn -0.8899 0.1525 0.4298
vn -0.9085 0.1448 0.3921
vn -0.9253 0.1376 0.3534
vn -0.8911 -0.2134 0.4005
vn -0.7709 -0.4953 0.4005
vn -0.0511 -0.1884 -0.9808
vn -0.1712 0.0935 -0.9808
vn -0.1269 0.1124 -0.9855
vn 0.0550 -0.5088 -0.8592
vn 0.0549 -0.5087 -0.8592
vn 0.1330 -0.4754 -0.8696
vn 0.1330 -0.4756 -0.8696
vn 0.1723 -0.4589 -0.8716
vn -0.2118 0.4419 -0.8717
vn -0.2510 0.4250 -0.8697
vn -0.2509 0.4249 -0.8698
vn -0.2509 0.4250 -0.8697
vn -0.2902 0.4084 -0.8655
vn -0.3292 0.3917 -0.8592
vn -0.3291 0.3917 -0.8592
vn -0.6565 -0.4465 0.6080
vn -0.6282 -0.4345 0.6454
vn -0.7767 -0.1646 0.6080
vn -0.7485 -0.1525 0.6454
vn -0.7484 -0.1525 0.6454
vn -0.4638 -0.7299 0.5021
vn -0.4404 -0.7199 0.5364
vn -0.4404 -0.7199 0.5365
vn -0.4154 -0.7093 0.5695
vn -0.3890 -0.6980 0.6012
vn -0.5983 -0.4216 0.6814
vn -0.5983 -0.4217 0.6814
vn -0.5983 -0.4217 0.6813
vn -0.7185 -0.1398 0.6813
vn -0.7730 0.2026 0.6012
vn -0.7995 0.1912 0.5694
vn -0.7996 0.1912 0.5693
vn -0.7995 0.1913 0.5695
vn -0.7994 0.1913 0.5695
vn -0.8245 0.1807 0.5363
vn -0.8243 0.1807 0.5365
vn -0.8243 0.1808 0.5365
vn -0.8477 0.1707 0.5022
vn -0.8475 0.1705 0.5026
vn -0.8478 0.1707 0.5021
vn -0.8033 -0.1759 0.5690
vn -0.6831 -0.4578 0.5691
vn -0.6831 -0.4578 0.5690
vn -0.2251 -0.2625 -0.9383
vn -0.2252 -0.2625 -0.9383
vn -0.3025 0.0376 -0.9524
vn -0.0966 -0.5734 -0.8136
vn -0.0596 -0.5576 -0.8280
vn -0.0221 -0.5415 -0.8404
vn 0.0161 -0.5252 -0.8509
vn -0.1391 -0.2260 -0.9642
vn -0.1390 -0.2265 -0.9640
vn -0.2593 0.0561 -0.9642
vn -0.2594 0.0562 -0.9641
vn -0.3678 0.3753 -0.8508
vn -0.4060 0.3591 -0.8403
vn -0.4806 0.3271 -0.8136
vn -0.2671 -0.2804 -0.9220
vn -0.2671 -0.2805 -0.9220
vn -0.2671 -0.2805 -0.9219
vn -0.5336 -0.3941 0.7483
vn -0.4992 -0.3794 0.7790
vn -0.6538 -0.1121 0.7483
vn -0.6538 -0.1122 0.7483
vn -0.6194 -0.0975 0.7790
vn -0.3611 -0.6861 0.6316
vn -0.3319 -0.6736 0.6603
vn -0.3319 -0.6737 0.6603
vn -0.3015 -0.6607 0.6874
vn -0.3016 -0.6607 0.6874
vn -0.2699 -0.6472 0.7129
vn -0.4634 -0.3641 0.8079
vn -0.5835 -0.0822 0.8079
vn -0.6539 0.2534 0.7129
vn -0.6855 0.2399 0.6874
vn -0.6856 0.2399 0.6874
vn -0.7159 0.2269 0.6603
vn -0.7159 0.2270 0.6603
vn -0.7451 0.2143 0.6315
vn -0.7451 0.2145 0.6316
vn -0.7452 0.2145 0.6314
vn -0.7453 0.2144 0.6313
vn -0.6869 -0.1263 0.7157
vn -0.5666 -0.4082 0.7158
vn -0.5667 -0.4082 0.7157
vn -0.3881 -0.3320 -0.8597
vn -0.4686 -0.0332 -0.8828
vn -0.4684 -0.0331 -0.8829
vn -0.2371 -0.6332 -0.7367
vn -0.5171 0.3116 -0.7972
vn -0.5528 0.2965 -0.7788
vn -0.5873 0.2817 -0.7588
vn -0.3879 -0.3320 0.8598
vn -0.3486 -0.3152 0.8827
vn -0.3486 -0.3151 0.8827
vn -0.5081 -0.0501 0.8598
vn -0.4687 -0.0334 0.8827
vn -0.4688 -0.0333 0.8827
vn -0.2371 -0.6332 0.7368
vn -0.2033 -0.6189 0.7587
vn -0.1687 -0.6041 0.7789
vn -0.1687 -0.6041 0.7788
vn -0.1331 -0.5889 0.7972
vn -0.1330 -0.5889 0.7972
vn -0.3083 -0.2980 0.9034
vn -0.4285 -0.0161 0.9034
vn -0.5171 0.3117 0.7972
vn -0.5527 0.2965 0.7789
vn -0.5527 0.2965 0.7788
vn -0.5873 0.2817 0.7587
vn -0.5873 0.2817 0.7588
vn -0.6212 0.2673 0.7367
vn -0.6211 0.2673 0.7367
vn -0.5464 -0.0664 0.8349
vn -0.4262 -0.3483 0.8349
vn -0.3610 -0.6862 -0.6315
vn -0.3015 -0.6608 -0.6874
vn -0.3017 -0.6606 -0.6874
vn -0.5836 -0.0822 -0.8079
vn -0.6855 0.2399 -0.6875
vn -0.7159 0.2269 -0.6603
vn -0.7450 0.2145 -0.6316
vn -0.5666 -0.4083 -0.7157
vn -0.2250 -0.2624 0.9383
vn -0.2250 -0.2625 0.9383
vn -0.1824 -0.2443 0.9524
vn -0.1824 -0.2442 0.9524
vn -0.3451 0.0194 0.9383
vn -0.3452 0.0193 0.9383
vn -0.3451 0.0193 0.9384
vn -0.3451 0.0194 0.9384
vn -0.3026 0.0376 0.9524
vn -0.0966 -0.5734 0.8136
vn -0.0596 -0.5576 0.8280
vn -0.0220 -0.5416 0.8404
vn -0.0220 -0.5415 0.8404
vn 0.0162 -0.5252 0.8508
vn -0.1390 -0.2259 0.9642
vn -0.1390 -0.2257 0.9642
vn -0.1391 -0.2259 0.9642
vn -0.2593 0.0560 0.9642
vn -0.3678 0.3752 0.8508
vn -0.3678 0.3753 0.8508
vn -0.3678 0.3752 0.8509
vn -0.4060 0.3591 0.8404
vn -0.4436 0.3430 0.8280
vn -0.4435 0.3430 0.8280
vn -0.4806 0.3272 0.8136
vn -0.3872 0.0015 0.9220
vn -0.3872 0.0014 0.9220
vn -0.2670 -0.2804 0.9220
vn -0.6283 -0.4344 -0.6453
vn -0.7485 -0.1526 -0.6454
vn -0.7185 -0.1398 -0.6813
vn -0.7729 0.2026 -0.6013
vn -0.7995 0.1912 -0.5695
vn -0.7994 0.1912 -0.5695
vn -0.8478 0.1708 -0.5021
vn -0.8477 0.1708 -0.5022
vn -0.6831 -0.4578 -0.5690
vn 0.0938 -0.4922 0.8654
vn 0.1330 -0.4756 0.8696
vn 0.1722 -0.4588 0.8717
vn 0.1722 -0.4586 0.8718
vn -0.2118 0.4419 0.8717
vn -0.2511 0.4251 0.8696
vn -0.2901 0.4083 0.8655
vn -0.2901 0.4082 0.8656
vn -0.2154 0.0747 0.9737
vn -0.0952 -0.2072 0.9737
vn -0.7518 -0.4871 -0.4444
vn -0.7519 -0.4870 -0.4444
vn -0.7308 -0.4782 -0.4870
vn -0.8720 -0.2054 -0.4444
vn -0.8720 -0.2054 -0.4443
vn -0.8510 -0.1963 -0.4871
vn -0.8510 -0.1962 -0.4871
vn -0.5413 -0.7629 -0.3534
vn -0.5414 -0.7629 -0.3534
vn -0.9253 0.1376 -0.3533
vn -0.7709 -0.4953 -0.4004
vn 0.1270 -0.1124 0.9855
vn 0.1269 -0.1123 0.9855
vn 0.1713 -0.0936 0.9808
vn 0.1713 -0.0935 0.9808
vn 0.0068 0.1695 0.9855
vn 0.0512 0.1884 0.9808
vn 0.2118 -0.4418 0.8717
vn 0.2118 -0.4418 0.8718
vn 0.2119 -0.4418 0.8717
vn 0.2118 -0.4419 0.8717
vn 0.2510 -0.4251 0.8696
vn 0.2511 -0.4251 0.8696
vn 0.2901 -0.4083 0.8655
vn 0.2902 -0.4084 0.8654
vn 0.2902 -0.4083 0.8655
vn 0.2901 -0.4082 0.8656
vn 0.3291 -0.3918 0.8592
vn 0.2156 -0.0747 0.9736
vn 0.2155 -0.0747 0.9736
vn 0.0952 0.2072 0.9736
vn 0.0949 0.2072 0.9737
vn 0.0952 0.2072 0.9737
vn 0.0953 0.2072 0.9737
vn -0.0549 0.5086 0.8592
vn -0.0549 0.5087 0.8592
vn -0.0938 0.4921 0.8655
vn -0.1330 0.4755 0.8696
vn -0.1723 0.4587 0.8717
vn -0.0377 0.1505 0.9879
vn 0.0824 -0.1314 0.9879
vn -0.8160 -0.5144 -0.2636
vn -0.8030 -0.5090 -0.3100
vn -0.8030 -0.5090 -0.3101
vn -0.9362 -0.2327 -0.2636
vn -0.9362 -0.2327 -0.2635
vn -0.9361 -0.2329 -0.2636
vn -0.7881 -0.5025 -0.3555
vn -0.9536 0.1255 -0.2735
vn 0.3026 -0.0375 0.9524
vn 0.3451 -0.0196 0.9384
vn 0.3449 -0.0197 0.9384
vn 0.3451 -0.0195 0.9384
vn 0.3452 -0.0192 0.9383
vn 0.1824 0.2443 0.9524
vn 0.2249 0.2624 0.9384
vn 0.2250 0.2625 0.9383
vn 0.2250 0.2624 0.9384
vn 0.2247 0.2623 0.9385
vn 0.3678 -0.3753 0.8508
vn 0.4061 -0.3590 0.8404
vn 0.4060 -0.3591 0.8404
vn 0.4436 -0.3430 0.8280
vn 0.4436 -0.3431 0.8280
vn 0.4435 -0.3430 0.8280
vn 0.4806 -0.3272 0.8136
vn 0.3872 -0.0015 0.9220
vn 0.2670 0.2804 0.9220
vn 0.0967 0.5734 0.8136
vn 0.0596 0.5576 0.8280
vn 0.0597 0.5576 0.8280
vn 0.0220 0.5415 0.8404
vn -0.0162 0.5252 0.8508
vn 0.1392 0.2259 0.9642
vn 0.1391 0.2259 0.9642
vn 0.2593 -0.0560 0.9642
vn 0.2593 -0.0559 0.9642
vn -0.8421 -0.5255 -0.1208
vn -0.9667 -0.2456 -0.0727
vn -0.9623 -0.2436 -0.1209
vn -0.6099 -0.7922 -0.0215
vn -0.6080 -0.7913 -0.0642
vn -0.6042 -0.7897 -0.1066
vn -0.5984 -0.7872 -0.1489
vn -0.5983 -0.7873 -0.1491
vn -0.8355 -0.5229 -0.1687
vn -0.9823 0.1133 -0.1491
vn -0.9881 0.1110 -0.1067
vn -0.8487 -0.5284 -0.0243
vn -0.8486 -0.5284 -0.0242
vn 0.4688 0.0333 0.8827
vn 0.5081 0.0501 0.8598
vn 0.3486 0.3152 0.8827
vn 0.3878 0.3321 0.8598
vn 0.3879 0.3320 0.8598
vn 0.5171 -0.3117 0.7972
vn 0.5171 -0.3117 0.7971
vn 0.5527 -0.2964 0.7789
vn 0.5527 -0.2965 0.7789
vn 0.5873 -0.2817 0.7588
vn 0.5873 -0.2817 0.7587
vn 0.6211 -0.2673 0.7367
vn 0.5464 0.0665 0.8349
vn 0.5464 0.0664 0.8349
vn 0.4261 0.3482 0.8349
vn 0.4262 0.3483 0.8349
vn 0.2371 0.6333 0.7367
vn 0.2033 0.6189 0.7587
vn 0.1687 0.6041 0.7789
vn 0.1687 0.6040 0.7789
vn 0.1331 0.5889 0.7972
vn 0.3083 0.2980 0.9034
vn 0.4285 0.0161 0.9034
vn -0.8421 -0.5257 0.1209
vn -0.8465 -0.5275 0.0727
vn -0.5984 -0.7872 0.1489
vn -0.5983 -0.7873 0.1489
vn -0.5983 -0.7874 0.1488
vn -0.6041 -0.7897 0.1066
vn -0.8487 -0.5284 0.0243
vn -0.9881 0.1109 0.1068
vn -0.9823 0.1133 0.1491
vn -0.9823 0.1134 0.1492
vn -0.9557 -0.2410 0.1689
vn -0.8356 -0.5228 0.1689
vn -0.8355 -0.5228 0.1690
vn -0.8357 -0.5225 0.1690
vn -0.8356 -0.5227 0.1689
vn 0.6194 0.0975 0.7790
vn 0.6537 0.1123 0.7484
vn 0.6535 0.1123 0.7485
vn 0.6538 0.1122 0.7483
vn 0.4992 0.3794 0.7790
vn 0.5336 0.3940 0.7483
vn 0.5336 0.3941 0.7483
vn 0.6539 -0.2534 0.7129
vn 0.6855 -0.2399 0.6874
vn 0.7160 -0.2271 0.6602
vn 0.7159 -0.2269 0.6603
vn 0.7450 -0.2144 0.6317
vn 0.7450 -0.2145 0.6316
vn 0.7450 -0.2145 0.6317
vn 0.7450 -0.2146 0.6316
vn 0.6868 0.1263 0.7158
vn 0.6869 0.1263 0.7157
vn 0.5668 0.4081 0.7157
vn 0.5669 0.4081 0.7156
vn 0.5667 0.4082 0.7157
vn 0.3611 0.6861 0.6316
vn 0.3319 0.6737 0.6603
vn 0.3014 0.6608 0.6874
vn 0.3015 0.6607 0.6874
vn 0.3015 0.6608 0.6874
vn 0.2699 0.6472 0.7129
vn 0.4634 0.3641 0.8079
vn 0.5835 0.0822 0.8079
vn -0.8030 -0.5090 0.3100
vn -0.9362 -0.2325 0.2635
vn -0.9362 -0.2326 0.2635
vn -0.9470 -0.2371 0.2166
vn -0.9536 0.1255 0.2735
vn -0.7880 -0.5027 0.3556
vn -0.7880 -0.5027 0.3555
vn 0.7484 0.1526 0.6454
vn 0.7485 0.1526 0.6454
vn 0.7767 0.1646 0.6080
vn 0.6282 0.4345 0.6454
vn 0.6282 0.4344 0.6454
vn 0.6565 0.4465 0.6080
vn 0.6565 0.4466 0.6080
vn 0.7730 -0.2026 0.6012
vn 0.7994 -0.1913 0.5695
vn 0.7995 -0.1914 0.5694
vn 0.7995 -0.1913 0.5695
vn 0.8243 -0.1807 0.5365
vn 0.8242 -0.1806 0.5367
vn 0.8243 -0.1808 0.5366
vn 0.8478 -0.1707 0.5020
vn 0.8478 -0.1707 0.5021
vn 0.8479 -0.1708 0.5019
vn 0.8033 0.1759 0.5691
vn 0.8033 0.1759 0.5690
vn 0.6831 0.4578 0.5690
vn 0.4637 0.7299 0.5021
vn 0.4638 0.7299 0.5021
vn 0.4639 0.7298 0.5022
vn 0.4403 0.7199 0.5365
vn 0.4155 0.7092 0.5695
vn 0.4154 0.7093 0.5696
vn 0.4156 0.7093 0.5693
vn 0.3890 0.6980 0.6012
vn 0.3890 0.6981 0.6011
vn 0.5983 0.4217 0.6814
vn 0.7185 0.1398 0.6813
vn 0.7184 0.1398 0.6814
vn 0.7185 0.1398 0.6814
vn -0.7307 -0.4782 0.4872
vn -0.7519 -0.4871 0.4443
vn -0.7519 -0.4871 0.4442
vn -0.8510 -0.1963 0.4870
vn -0.8720 -0.2053 0.4444
vn -0.4856 -0.7392 0.4666
vn -0.5059 -0.7479 0.4297
vn -0.5413 -0.7630 0.3533
vn -0.5413 -0.7630 0.3532
vn -0.8911 -0.2133 0.4006
vn -0.9253 0.1375 0.3534
vn -0.9085 0.1447 0.3921
vn -0.8281 -0.1865 0.5287
vn -0.7079 -0.4685 0.5286
vn 0.1714 -0.0935 0.9808
vn 0.0511 0.1883 0.9808
vn 0.0511 0.1884 0.9808
vn 0.3291 -0.3917 0.8592
vn 0.2902 -0.4084 0.8655
vn 0.2902 -0.4085 0.8654
vn 0.2117 -0.4418 0.8718
vn 0.2116 -0.4418 0.8718
vn 0.2117 -0.4419 0.8717
vn -0.1723 0.4588 0.8717
vn -0.1329 0.4755 0.8696
vn -0.1328 0.4755 0.8696
vn -0.0939 0.4921 0.8654
vn -0.0940 0.4921 0.8654
vn -0.0938 0.4921 0.8654
vn -0.0550 0.5087 0.8592
vn 0.0953 0.2072 0.9736
vn 0.2155 -0.0747 0.9737
vn 0.8510 0.1963 0.4870
vn 0.8720 0.2052 0.4443
vn 0.8721 0.2051 0.4443
vn 0.8721 0.2052 0.4443
vn 0.7309 0.4782 0.4870
vn 0.7308 0.4782 0.4870
vn 0.7519 0.4870 0.4444
vn 0.7519 0.4871 0.4443
vn 0.7519 0.4870 0.4443
vn 0.9084 -0.1448 0.3921
vn 0.8911 0.2133 0.4005
vn 0.8912 0.2130 0.4005
vn 0.5413 0.7629 0.3534
vn 0.5058 0.7480 0.4299
vn 0.5059 0.7478 0.4299
vn 0.4857 0.7392 0.4665
vn -0.6282 -0.4344 0.6455
vn -0.6283 -0.4345 0.6454
vn -0.7484 -0.1526 0.6454
vn -0.4403 -0.7199 0.5365
vn -0.4638 -0.7299 0.5022
vn -0.4637 -0.7299 0.5022
vn -0.8032 -0.1761 0.5691
vn -0.8034 -0.1759 0.5689
vn -0.8244 0.1807 0.5365
vn -0.7184 -0.1398 0.6814
vn -0.7185 -0.1398 0.6814
vn 0.3452 -0.0194 0.9383
vn 0.3453 -0.0194 0.9383
vn 0.3026 -0.0376 0.9524
vn 0.1824 0.2445 0.9523
vn 0.4806 -0.3273 0.8136
vn 0.4059 -0.3591 0.8404
vn 0.3680 -0.3753 0.8507
vn 0.3678 -0.3755 0.8507
vn -0.0161 0.5253 0.8508
vn -0.0160 0.5252 0.8508
vn -0.0161 0.5252 0.8508
vn -0.0162 0.5253 0.8508
vn 0.0596 0.5575 0.8280
vn 0.0593 0.5572 0.8282
vn 0.0966 0.5733 0.8136
vn 0.0965 0.5733 0.8137
vn 0.0965 0.5733 0.8136
vn 0.0966 0.5734 0.8136
vn 0.2671 0.2804 0.9220
vn 0.3874 -0.0015 0.9219
vn 0.3876 -0.0015 0.9218
vn 0.9232 0.2271 0.3100
vn 0.8030 0.5090 0.3099
vn 0.8031 0.5088 0.3101
vn 0.8031 0.5089 0.3100
vn 0.8031 0.5090 0.3099
vn 0.8160 0.5145 0.2635
vn 0.9404 -0.1311 0.3138
vn 0.9536 -0.1255 0.2736
vn 0.9537 -0.1255 0.2735
vn 0.9536 -0.1255 0.2735
vn 0.9651 -0.1207 0.2325
vn 0.5811 0.7799 0.2327
vn 0.7880 0.5026 0.3555
vn 0.7880 0.5025 0.3556
vn -0.2699 -0.6473 0.7129
vn -0.2700 -0.6472 0.7129
vn -0.3016 -0.6606 0.6874
vn -0.3015 -0.6608 0.6874
vn -0.5666 -0.4081 0.7158
vn -0.7450 0.2146 0.6316
vn -0.7450 0.2145 0.6316
vn -0.7160 0.2271 0.6601
vn -0.6854 0.2398 0.6875
vn -0.6854 0.2400 0.6875
vn -0.6855 0.2400 0.6874
vn -0.4634 -0.3642 0.8079
vn -0.4633 -0.3642 0.8079
vn 0.5874 -0.2817 0.7587
vn 0.5873 -0.2818 0.7587
vn 0.5526 -0.2965 0.7789
vn 0.5172 -0.3118 0.7971
vn 0.4285 0.0162 0.9034
vn 0.4284 0.0163 0.9034
vn 0.3083 0.2981 0.9034
vn 0.1332 0.5889 0.7972
vn 0.1333 0.5888 0.7972
vn 0.1687 0.6041 0.7788
vn 0.2035 0.6189 0.7586
vn 0.2034 0.6189 0.7587
vn 0.2371 0.6334 0.7366
vn 0.4262 0.3485 0.8348
vn 0.5468 0.0664 0.8347
vn 0.9622 0.2439 0.1211
vn 0.9666 0.2456 0.0726
vn 0.9666 0.2456 0.0727
vn 0.8421 0.5255 0.1209
vn 0.9823 -0.1133 0.1491
vn 0.9823 -0.1132 0.1490
vn 0.9920 -0.1091 0.0642
vn 0.9919 -0.1091 0.0643
vn 0.9939 -0.1085 0.0214
vn 0.9939 -0.1085 0.0215
vn 0.6099 0.7922 0.0215
vn 0.6080 0.7913 0.0642
vn 0.6041 0.7897 0.1066
vn 0.5983 0.7873 0.1489
vn 0.8355 0.5228 0.1689
vn 0.8355 0.5229 0.1689
vn 0.9557 0.2410 0.1689
vn -0.3880 -0.3320 0.8598
vn -0.1687 -0.6040 0.7789
vn -0.2034 -0.6188 0.7587
vn -0.2034 -0.6187 0.7589
vn -0.2033 -0.6188 0.7588
vn -0.2034 -0.6189 0.7587
vn -0.2371 -0.6332 0.7367
vn -0.2372 -0.6332 0.7368
vn -0.2371 -0.6333 0.7367
vn -0.4261 -0.3483 0.8349
vn -0.5466 -0.0666 0.8347
vn -0.6211 0.2672 0.7368
vn -0.5874 0.2816 0.7587
vn -0.5873 0.2818 0.7587
vn -0.5527 0.2966 0.7789
vn -0.5527 0.2961 0.7790
vn -0.5171 0.3116 0.7972
vn -0.3083 -0.2979 0.9034
vn -0.3084 -0.2979 0.9034
vn 0.7451 -0.2145 0.6316
vn 0.6853 -0.2401 0.6876
vn 0.6854 -0.2399 0.6875
vn 0.6855 -0.2401 0.6873
vn 0.5836 0.0822 0.8079
vn 0.4634 0.3642 0.8079
vn 0.3318 0.6738 0.6602
vn 0.3318 0.6738 0.6603
vn 0.5667 0.4081 0.7157
vn 0.9623 0.2438 -0.1208
vn 0.8464 0.5276 -0.0727
vn 0.8422 0.5255 -0.1209
vn 0.9939 -0.1085 -0.0215
vn 0.9939 -0.1086 -0.0216
vn 0.9920 -0.1090 -0.0640
vn 0.9920 -0.1089 -0.0642
vn 0.9920 -0.1091 -0.0641
vn 0.8355 0.5228 -0.1689
vn 0.5983 0.7873 -0.1491
vn 0.6041 0.7897 -0.1066
vn 0.6080 0.7913 -0.0642
vn 0.6098 0.7922 -0.0213
vn 0.8486 0.5285 -0.0243
vn 0.9689 0.2464 -0.0243
vn -0.2250 -0.2626 0.9383
vn -0.3026 0.0375 0.9524
vn -0.3453 0.0194 0.9383
vn -0.3454 0.0194 0.9382
vn -0.3452 0.0194 0.9383
vn -0.0219 -0.5415 0.8404
vn -0.0597 -0.5576 0.8280
vn -0.2669 -0.2804 0.9220
vn -0.3874 0.0015 0.9219
vn -0.3873 0.0015 0.9220
vn -0.4434 0.3428 0.8282
vn -0.4435 0.3429 0.8281
vn -0.4059 0.3591 0.8404
vn -0.3677 0.3754 0.8508
vn -0.3677 0.3755 0.8508
vn -0.3676 0.3754 0.8508
vn 0.7485 0.1524 0.6454
vn 0.7484 0.1525 0.6454
vn 0.6282 0.4344 0.6455
vn 0.6283 0.4344 0.6455
vn 0.8478 -0.1708 0.5021
vn 0.7995 -0.1913 0.5694
vn 0.7995 -0.1913 0.5693
vn 0.7729 -0.2026 0.6013
vn 0.7185 0.1397 0.6814
vn 0.5983 0.4216 0.6814
vn 0.4154 0.7093 0.5694
vn 0.4154 0.7093 0.5695
vn 0.4156 0.7094 0.5692
vn 0.6830 0.4578 0.5691
vn 0.6830 0.4579 0.5691
vn 0.6831 0.4579 0.5690
vn 0.8033 0.1758 0.5691
vn 0.8033 0.1757 0.5690
vt 0.000000 0.000000
s 1
usemtl Goddard_None
f 833/2/2083 834/2/2084 835/2/2085
f 835/2/2085 836/2/2086 833/2/2083
f 836/2/2086 835/2/2085 837/2/2087
f 837/2/2087 838/2/2088 836/2/2086
f 836/2/2089 839/2/2090 840/2/2091
f 840/2/2091 833/2/2092 836/2/2089
f 841/2/2093 839/2/2090 836/2/2089
f 836/2/2089 838/2/2094 841/2/2093
f 842/2/2095 843/2/2095 844/2/2095
f 844/2/2095 834/2/2095 842/2/2095
f 845/2/2096 835/2/2097 834/2/2097
f 834/2/2097 844/2/2097 845/2/2096
f 845/2/2098 846/2/2098 837/2/2098
f 837/2/2098 835/2/2098 845/2/2098
f 837/2/2099 846/2/2099 847/2/2100
f 847/2/2100 848/2/2100 837/2/2099
f 849/2/2101 838/2/2088 837/2/2087
f 837/2/2087 848/2/2102 849/2/2101
f 849/2/2103 850/2/2104 841/2/2093
f 841/2/2093 838/2/2094 849/2/2103
f 851/2/2105 841/2/2106 850/2/2106
f 850/2/2106 852/2/2106 851/2/2105
f 841/2/2107 851/2/2108 853/2/2108
f 853/2/2108 839/2/2108 841/2/2107
f 839/2/2109 853/2/2110 854/2/2110
f 854/2/2110 840/2/2111 839/2/2109
f 854/2/2112 855/2/2113 856/2/2113
f 856/2/2113 840/2/2114 854/2/2112
f 833/2/2092 840/2/2091 856/2/2115
f 856/2/2115 857/2/2116 833/2/2092
f 842/2/2117 834/2/2084 833/2/2083
f 833/2/2083 857/2/2118 842/2/2117
f 858/2/2119 859/2/2120 860/2/2121
f 860/2/2121 861/2/2122 858/2/2119
f 862/2/2123 863/2/2124 859/2/2125
f 859/2/2125 858/2/2126 862/2/2123
f 859/2/2120 864/2/2127 865/2/2128
f 865/2/2128 860/2/2121 859/2/2120
f 859/2/2125 863/2/2124 866/2/2129
f 866/2/2129 864/2/2130 859/2/2125
f 867/2/2131 861/2/2131 868/2/2132
f 868/2/2132 869/2/2133 867/2/2131
f 858/2/2119 861/2/2122 867/2/2134
f 867/2/2134 870/2/2135 858/2/2119
f 871/2/2136 862/2/2123 858/2/2126
f 858/2/2126 870/2/2137 871/2/2136
f 862/2/2138 871/2/2139 872/2/2139
f 872/2/2139 873/2/2139 862/2/2138
f 874/2/2140 863/2/2141 862/2/2141
f 862/2/2141 873/2/2141 874/2/2140
f 875/2/2142 866/2/2143 863/2/2142
f 863/2/2142 874/2/2142 875/2/2142
f 876/2/2144 866/2/2144 875/2/2145
f 875/2/2145 877/2/2144 876/2/2144
f 876/2/2146 878/2/2147 864/2/2130
f 864/2/2130 866/2/2129 876/2/2146
f 864/2/2127 878/2/2148 879/2/2149
f 879/2/2149 865/2/2128 864/2/2127
f 880/2/2150 865/2/2150 879/2/2150
f 879/2/2150 881/2/2150 880/2/2150
f 860/2/2151 865/2/2151 880/2/2151
f 880/2/2151 882/2/2151 860/2/2151
f 861/2/2152 860/2/2152 882/2/2152
f 882/2/2152 868/2/2152 861/2/2152
f 883/2/2153 884/2/2154 885/2/2155
f 885/2/2155 886/2/2156 883/2/2153
f 887/2/2157 888/2/2158 884/2/2159
f 884/2/2159 883/2/2160 887/2/2157
f 884/2/2154 889/2/2161 890/2/2162
f 890/2/2162 885/2/2155 884/2/2154
f 884/2/2159 888/2/2158 891/2/2163
f 891/2/2163 889/2/2164 884/2/2159
f 886/2/2165 892/2/2165 893/2/2165
f 893/2/2165 894/2/2165 886/2/2165
f 894/2/2166 895/2/2167 883/2/2153
f 883/2/2153 886/2/2156 894/2/2166
f 887/2/2157 883/2/2160 895/2/2168
f 895/2/2168 896/2/2169 887/2/2157
f 896/2/2170 897/2/2170 898/2/2170
f 898/2/2170 887/2/2170 896/2/2170
f 899/2/2171 888/2/2172 887/2/2171
f 887/2/2171 898/2/2171 899/2/2171
f 900/2/2173 891/2/2174 888/2/2174
f 888/2/2174 899/2/2174 900/2/2173
f 871/2/2175 891/2/2176 900/2/2175
f 900/2/2175 872/2/2177 871/2/2175
f 870/2/2137 889/2/2164 891/2/2163
f 891/2/2163 871/2/2136 870/2/2137
f 870/2/2135 867/2/2134 890/2/2162
f 890/2/2162 889/2/2161 870/2/2135
f 867/2/2178 869/2/2179 901/2/2179
f 901/2/2179 890/2/2178 867/2/2178
f 885/2/2180 890/2/2180 901/2/2180
f 901/2/2180 902/2/2180 885/2/2180
f 886/2/2181 885/2/2181 902/2/2181
f 902/2/2181 892/2/2181 886/2/2181
f 903/2/2182 904/2/2183 905/2/2184
f 905/2/2184 906/2/2185 903/2/2182
f 907/2/2186 908/2/2187 904/2/2188
f 904/2/2188 903/2/2189 907/2/2186
f 904/2/2183 909/2/2190 910/2/2191
f 910/2/2191 905/2/2184 904/2/2183
f 904/2/2188 908/2/2187 911/2/2192
f 911/2/2192 909/2/2193 904/2/2188
f 912/2/2194 913/2/2194 914/2/2194
f 914/2/2194 906/2/2194 912/2/2194
f 903/2/2182 906/2/2185 914/2/2195
f 914/2/2195 915/2/2196 903/2/2182
f 907/2/2186 903/2/2189 915/2/2197
f 915/2/2197 916/2/2198 907/2/2186
f 916/2/2199 917/2/2200 918/2/2200
f 918/2/2200 907/2/2200 916/2/2199
f 919/2/2201 908/2/2202 907/2/2203
f 907/2/2203 918/2/2203 919/2/2201
f 920/2/2204 911/2/2204 908/2/2204
f 908/2/2204 919/2/2205 920/2/2204
f 897/2/2206 896/2/2206 911/2/2206
f 911/2/2206 920/2/2206 897/2/2206
f 895/2/2168 909/2/2193 911/2/2192
f 911/2/2192 896/2/2169 895/2/2168
f 895/2/2167 894/2/2166 910/2/2191
f 910/2/2191 909/2/2190 895/2/2167
f 894/2/2207 893/2/2207 921/2/2208
f 921/2/2208 910/2/2207 894/2/2207
f 910/2/2209 921/2/2209 922/2/2209
f 922/2/2209 905/2/2209 910/2/2209
f 906/2/2210 905/2/2211 922/2/2210
f 922/2/2210 912/2/2210 906/2/2210
f 923/2/2212 924/2/2213 925/2/2214
f 925/2/2214 926/2/2215 923/2/2212
f 927/2/2216 928/2/2217 924/2/2218
f 924/2/2218 923/2/2219 927/2/2216
f 924/2/2213 929/2/2220 930/2/2221
f 930/2/2221 925/2/2214 924/2/2213
f 924/2/2218 928/2/2217 931/2/2222
f 931/2/2222 929/2/2223 924/2/2218
f 926/2/2224 932/2/2224 933/2/2224
f 933/2/2224 934/2/2224 926/2/2224
f 926/2/2215 934/2/2225 935/2/2226
f 935/2/2226 923/2/2212 926/2/2215
f 935/2/2227 936/2/2228 927/2/2216
f 927/2/2216 923/2/2219 935/2/2227
f 937/2/2229 927/2/2230 936/2/2230
f 936/2/2230 938/2/2230 937/2/2229
f 928/2/2231 927/2/2231 937/2/2231
f 937/2/2231 939/2/2231 928/2/2231
f 940/2/2232 931/2/2232 928/2/2232
f 928/2/2232 939/2/2232 940/2/2232
f 917/2/2233 916/2/2233 931/2/2233
f 931/2/2233 940/2/2234 917/2/2233
f 915/2/2197 929/2/2223 931/2/2222
f 931/2/2222 916/2/2198 915/2/2197
f 915/2/2196 914/2/2195 930/2/2221
f 930/2/2221 929/2/2220 915/2/2196
f 914/2/2235 913/2/2235 941/2/2235
f 941/2/2235 930/2/2235 914/2/2235
f 930/2/2236 941/2/2237 942/2/2237
f 942/2/2237 925/2/2237 930/2/2236
f 932/2/2238 926/2/2238 925/2/2238
f 925/2/2238 942/2/2238 932/2/2238
f 943/2/2239 944/2/2240 945/2/2241
f 945/2/2241 946/2/2242 943/2/2239
f 947/2/2243 948/2/2244 944/2/2245
f 944/2/2245 943/2/2246 947/2/2243
f 944/2/2240 949/2/2247 950/2/2248
f 950/2/2248 945/2/2241 944/2/2240
f 944/2/2245 948/2/2244 951/2/2249
f 951/2/2249 949/2/2250 944/2/2245
f 946/2/2251 952/2/2252 953/2/2253
f 953/2/2253 954/2/2254 946/2/2251
f 946/2/2242 954/2/2255 955/2/2256
f 955/2/2256 943/2/2239 946/2/2242
f 947/2/2243 943/2/2246 955/2/2257
f 955/2/2257 956/2/2258 947/2/2243
f 956/2/2259 957/2/2259 958/2/2259
f 958/2/2259 947/2/2259 956/2/2259
f 948/2/2260 947/2/2260 958/2/2260
f 958/2/2260 959/2/2260 948/2/2260
f 960/2/2261 951/2/2261 948/2/2261
f 948/2/2261 959/2/2261 960/2/2261
f 936/2/2262 951/2/2263 960/2/2262
f 960/2/2262 938/2/2262 936/2/2262
f 949/2/2250 951/2/2249 936/2/2228
f 936/2/2228 935/2/2227 949/2/2250
f 935/2/2226 934/2/2225 950/2/2248
f 950/2/2248 949/2/2247 935/2/2226
f 934/2/2264 933/2/2264 961/2/2264
f 961/2/2264 950/2/2265 934/2/2264
f 950/2/2266 961/2/2267 962/2/2266
f 962/2/2266 945/2/2266 950/2/2266
f 952/2/2268 946/2/2269 945/2/2268
f 945/2/2268 962/2/2270 952/2/2268
f 963/2/2271 964/2/2272 965/2/2273
f 965/2/2273 966/2/2274 963/2/2271
f 967/2/2275 968/2/2276 964/2/2277
f 964/2/2277 963/2/2278 967/2/2275
f 964/2/2272 969/2/2279 970/2/2280
f 970/2/2280 965/2/2273 964/2/2272
f 964/2/2277 968/2/2276 971/2/2281
f 971/2/2281 969/2/2282 964/2/2277
f 966/2/2283 972/2/2283 973/2/2283
f 973/2/2283 974/2/2283 966/2/2283
f 966/2/2274 974/2/2284 975/2/2285
f 975/2/2285 963/2/2271 966/2/2274
f 967/2/2275 963/2/2278 975/2/2286
f 975/2/2286 976/2/2287 967/2/2275
f 976/2/2288 977/2/2288 978/2/2288
f 978/2/2288 967/2/2288 976/2/2288
f 968/2/2289 967/2/2289 978/2/2289
f 978/2/2289 979/2/2289 968/2/2289
f 980/2/2290 971/2/2290 968/2/2290
f 968/2/2290 979/2/2290 980/2/2290
f 956/2/2291 971/2/2291 980/2/2292
f 980/2/2292 957/2/2292 956/2/2291
f 955/2/2257 969/2/2282 971/2/2281
f 971/2/2281 956/2/2258 955/2/2257
f 955/2/2256 954/2/2255 970/2/2280
f 970/2/2280 969/2/2279 955/2/2256
f 954/2/2293 953/2/2294 981/2/2293
f 981/2/2293 970/2/2293 954/2/2293
f 970/2/2295 981/2/2295 982/2/2295
f 982/2/2295 965/2/2296 970/2/2295
f 972/2/2297 966/2/2297 965/2/2297
f 965/2/2297 982/2/2297 972/2/2297
f 983/2/2298 984/2/2299 985/2/2300
f 985/2/2300 986/2/2301 983/2/2298
f 987/2/2302 988/2/2303 984/2/2304
f 984/2/2304 983/2/2305 987/2/2302
f 984/2/2299 989/2/2306 990/2/2307
f 990/2/2307 985/2/2300 984/2/2299
f 984/2/2304 988/2/2303 991/2/2308
f 991/2/2308 989/2/2309 984/2/2304
f 986/2/2310 992/2/2311 993/2/2312
f 993/2/2312 994/2/2311 986/2/2310
f 986/2/2301 994/2/2313 995/2/2314
f 995/2/2314 983/2/2298 986/2/2301
f 987/2/2302 983/2/2305 995/2/2315
f 995/2/2315 996/2/2316 987/2/2302
f 996/2/2317 997/2/2317 998/2/2317
f 998/2/2317 987/2/2317 996/2/2317
f 988/2/2318 987/2/2318 998/2/2319
f 998/2/2319 999/2/2318 988/2/2318
f 1000/2/2320 991/2/2320 988/2/2321
f 988/2/2321 999/2/2320 1000/2/2320
f 976/2/2322 991/2/2322 1000/2/2322
f 1000/2/2322 977/2/2322 976/2/2322
f 975/2/2286 989/2/2309 991/2/2308
f 991/2/2308 976/2/2287 975/2/2286
f 975/2/2285 974/2/2284 990/2/2307
f 990/2/2307 989/2/2306 975/2/2285
f 974/2/2323 973/2/2324 1001/2/2324
f 1001/2/2324 990/2/2325 974/2/2323
f 990/2/2326 1001/2/2327 1002/2/2326
f 1002/2/2326 985/2/2328 990/2/2326
f 992/2/2329 986/2/2329 985/2/2329
f 985/2/2329 1002/2/2330 992/2/2329
f 1003/2/2331 1004/2/2332 1005/2/2333
f 1005/2/2333 1006/2/2334 1003/2/2331
f 1007/2/2335 1008/2/2336 1004/2/2337
f 1004/2/2337 1003/2/2338 1007/2/2335
f 1004/2/2332 1009/2/2339 1010/2/2340
f 1010/2/2340 1005/2/2333 1004/2/2332
f 1004/2/2337 1008/2/2336 1011/2/2341
f 1011/2/2341 1009/2/2342 1004/2/2337
f 1006/2/2343 1012/2/2344 1013/2/2344
f 1013/2/2344 1014/2/2343 1006/2/2343
f 1006/2/2334 1014/2/2345 1015/2/2346
f 1015/2/2346 1003/2/2331 1006/2/2334
f 1007/2/2335 1003/2/2338 1015/2/2347
f 1015/2/2347 1016/2/2348 1007/2/2335
f 1017/2/2349 1007/2/2349 1016/2/2349
f 1016/2/2349 1018/2/2349 1017/2/2349
f 1008/2/2350 1007/2/2350 1017/2/2350
f 1017/2/2350 1019/2/2350 1008/2/2350
f 1020/2/2351 1011/2/2351 1008/2/2351
f 1008/2/2351 1019/2/2351 1020/2/2351
f 996/2/2352 1011/2/2352 1020/2/2352
f 1020/2/2352 997/2/2352 996/2/2352
f 995/2/2315 1009/2/2342 1011/2/2341
f 1011/2/2341 996/2/2316 995/2/2315
f 995/2/2314 994/2/2313 1010/2/2340
f 1010/2/2340 1009/2/2339 995/2/2314
f 994/2/2353 993/2/2353 1021/2/2353
f 1021/2/2353 1010/2/2353 994/2/2353
f 1010/2/2354 1021/2/2354 1022/2/2354
f 1022/2/2354 1005/2/2354 1010/2/2354
f 1012/2/2355 1006/2/2355 1005/2/2355
f 1005/2/2355 1022/2/2355 1012/2/2355
f 1023/2/2356 1024/2/2357 1025/2/2358
f 1025/2/2358 1026/2/2359 1023/2/2356
f 1027/2/2360 1028/2/2361 1024/2/2362
f 1024/2/2362 1023/2/2363 1027/2/2360
f 1024/2/2357 1029/2/2364 1030/2/2365
f 1030/2/2365 1025/2/2358 1024/2/2357
f 1024/2/2362 1028/2/2361 1031/2/2366
f 1031/2/2366 1029/2/2367 1024/2/2362
f 1026/2/2368 1032/2/2368 1033/2/2368
f 1033/2/2368 1034/2/2368 1026/2/2368
f 1026/2/2359 1034/2/2369 1035/2/2370
f 1035/2/2370 1023/2/2356 1026/2/2359
f 1027/2/2360 1023/2/2363 1035/2/2371
f 1035/2/2371 1036/2/2372 1027/2/2360
f 1037/2/2373 1027/2/2373 1036/2/2373
f 1036/2/2373 1038/2/2373 1037/2/2373
f 1028/2/2374 1027/2/2374 1037/2/2374
f 1037/2/2374 1039/2/2374 1028/2/2374
f 1040/2/2375 1031/2/2375 1028/2/2375
f 1028/2/2375 1039/2/2375 1040/2/2375
f 1018/2/2376 1016/2/2376 1031/2/2376
f 1031/2/2376 1040/2/2376 1018/2/2376
f 1015/2/2347 1029/2/2367 1031/2/2366
f 1031/2/2366 1016/2/2348 1015/2/2347
f 1015/2/2346 1014/2/2345 1030/2/2365
f 1030/2/2365 1029/2/2364 1015/2/2346
f 1014/2/2377 1013/2/2378 1041/2/2377
f 1041/2/2377 1030/2/2377 1014/2/2377
f 1030/2/2379 1041/2/2379 1042/2/2379
f 1042/2/2379 1025/2/2379 1030/2/2379
f 1032/2/2380 1026/2/2381 1025/2/2381
f 1025/2/2381 1042/2/2381 1032/2/2380
f 1043/2/2382 1044/2/2383 1045/2/2384
f 1045/2/2384 1046/2/2385 1043/2/2382
f 1047/2/2386 1048/2/2387 1044/2/2388
f 1044/2/2388 1043/2/2389 1047/2/2386
f 1044/2/2383 1049/2/2390 1050/2/2391
f 1050/2/2391 1045/2/2384 1044/2/2383
f 1044/2/2388 1048/2/2387 1051/2/2392
f 1051/2/2392 1049/2/2393 1044/2/2388
f 1046/2/2394 1052/2/2394 1053/2/2394
f 1053/2/2394 1054/2/2395 1046/2/2394
f 1046/2/2385 1054/2/2396 1055/2/2397
f 1055/2/2397 1043/2/2382 1046/2/2385
f 1047/2/2386 1043/2/2389 1055/2/2398
f 1055/2/2398 1056/2/2399 1047/2/2386
f 1057/2/2400 1047/2/2400 1056/2/2400
f 1056/2/2400 1058/2/2400 1057/2/2400
f 1048/2/2401 1047/2/2401 1057/2/2401
f 1057/2/2401 1059/2/2402 1048/2/2401
f 1060/2/2403 1051/2/2404 1048/2/2405
f 1048/2/2405 1059/2/2406 1060/2/2403
f 1038/2/2407 1036/2/2407 1051/2/2407
f 1051/2/2407 1060/2/2407 1038/2/2407
f 1035/2/2371 1049/2/2393 1051/2/2392
f 1051/2/2392 1036/2/2372 1035/2/2371
f 1035/2/2370 1034/2/2369 1050/2/2391
f 1050/2/2391 1049/2/2390 1035/2/2370
f 1034/2/2408 1033/2/2408 1061/2/2408
f 1061/2/2408 1050/2/2408 1034/2/2408
f 1050/2/2409 1061/2/2409 1062/2/2409
f 1062/2/2409 1045/2/2409 1050/2/2409
f 1052/2/2410 1046/2/2411 1045/2/2412
f 1045/2/2412 1062/2/2410 1052/2/2410
f 1063/2/2413 1064/2/2414 1065/2/2415
f 1065/2/2415 1066/2/2416 1063/2/2413
f 1067/2/2417 1068/2/2418 1064/2/2419
f 1064/2/2419 1063/2/2420 1067/2/2417
f 1064/2/2414 1069/2/2421 1070/2/2422
f 1070/2/2422 1065/2/2415 1064/2/2414
f 1064/2/2419 1068/2/2418 1071/2/2423
f 1071/2/2423 1069/2/2424 1064/2/2419
f 1066/2/2425 1072/2/2425 1073/2/2425
f 1073/2/2425 1074/2/2425 1066/2/2425
f 1066/2/2416 1074/2/2426 1075/2/2427
f 1075/2/2427 1063/2/2413 1066/2/2416
f 1067/2/2417 1063/2/2420 1075/2/2428
f 1075/2/2428 1076/2/2429 1067/2/2417
f 1077/2/2430 1067/2/2430 1076/2/2430
f 1076/2/2430 1078/2/2431 1077/2/2430
f 1068/2/2432 1067/2/2432 1077/2/2432
f 1077/2/2432 1079/2/2433 1068/2/2432
f 1080/2/2434 1071/2/2434 1068/2/2435
f 1068/2/2435 1079/2/2434 1080/2/2434
f 1058/2/2436 1056/2/2437 1071/2/2437
f 1071/2/2437 1080/2/2437 1058/2/2436
f 1055/2/2398 1069/2/2424 1071/2/2423
f 1071/2/2423 1056/2/2399 1055/2/2398
f 1055/2/2397 1054/2/2396 1070/2/2422
f 1070/2/2422 1069/2/2421 1055/2/2397
f 1054/2/2438 1053/2/2438 1081/2/2439
f 1081/2/2439 1070/2/2439 1054/2/2438
f 1070/2/2440 1081/2/2440 1082/2/2440
f 1082/2/2440 1065/2/2440 1070/2/2440
f 1072/2/2441 1066/2/2442 1065/2/2442
f 1065/2/2442 1082/2/2442 1072/2/2441
f 1083/2/2443 1084/2/2444 1085/2/2445
f 1085/2/2445 1086/2/2446 1083/2/2443
f 1087/2/2447 1088/2/2448 1084/2/2449
f 1084/2/2449 1083/2/2450 1087/2/2447
f 1084/2/2444 1089/2/2451 1090/2/2452
f 1090/2/2452 1085/2/2445 1084/2/2444
f 1084/2/2449 1088/2/2448 1091/2/2453
f 1091/2/2453 1089/2/2454 1084/2/2449
f 1086/2/2455 1092/2/2455 1093/2/2455
f 1093/2/2455 1094/2/2455 1086/2/2455
f 1086/2/2446 1094/2/2456 1095/2/2457
f 1095/2/2457 1083/2/2443 1086/2/2446
f 1087/2/2447 1083/2/2450 1095/2/2458
f 1095/2/2458 1096/2/2459 1087/2/2447
f 1097/2/2460 1087/2/2461 1096/2/2460
f 1096/2/2460 1098/2/2460 1097/2/2460
f 1088/2/2462 1087/2/2462 1097/2/2462
f 1097/2/2462 1099/2/2462 1088/2/2462
f 1100/2/2463 1091/2/2464 1088/2/2464
f 1088/2/2464 1099/2/2464 1100/2/2463
f 1078/2/2465 1076/2/2466 1091/2/2466
f 1091/2/2466 1100/2/2466 1078/2/2465
f 1075/2/2428 1089/2/2454 1091/2/2453
f 1091/2/2453 1076/2/2429 1075/2/2428
f 1075/2/2427 1074/2/2426 1090/2/2452
f 1090/2/2452 1089/2/2451 1075/2/2427
f 1074/2/2467 1073/2/2467 1101/2/2467
f 1101/2/2467 1090/2/2467 1074/2/2467
f 1090/2/2468 1101/2/2469 1102/2/2470
f 1102/2/2470 1085/2/2471 1090/2/2468
f 1092/2/2472 1086/2/2473 1085/2/2474
f 1085/2/2474 1102/2/2475 1092/2/2472
f 1103/2/2476 1104/2/2477 1105/2/2478
f 1105/2/2478 1106/2/2479 1103/2/2476
f 1107/2/2480 1108/2/2481 1104/2/2482
f 1104/2/2482 1103/2/2483 1107/2/2480
f 1104/2/2477 1109/2/2484 1110/2/2485
f 1110/2/2485 1105/2/2478 1104/2/2477
f 1104/2/2482 1108/2/2481 1111/2/2486
f 1111/2/2486 1109/2/2487 1104/2/2482
f 1106/2/2488 1112/2/2488 1113/2/2488
f 1113/2/2488 1114/2/2489 1106/2/2488
f 1106/2/2479 1114/2/2490 1115/2/2491
f 1115/2/2491 1103/2/2476 1106/2/2479
f 1107/2/2480 1103/2/2483 1115/2/2492
f 1115/2/2492 1116/2/2493 1107/2/2480
f 1117/2/2494 1107/2/2494 1116/2/2494
f 1116/2/2494 1118/2/2494 1117/2/2494
f 1108/2/2495 1107/2/2495 1117/2/2495
f 1117/2/2495 1119/2/2495 1108/2/2495
f 1120/2/2496 1111/2/2496 1108/2/2496
f 1108/2/2496 1119/2/2496 1120/2/2496
f 1098/2/2497 1096/2/2497 1111/2/2497
f 1111/2/2497 1120/2/2497 1098/2/2497
f 1095/2/2458 1109/2/2487 1111/2/2486
f 1111/2/2486 1096/2/2459 1095/2/2458
f 1095/2/2457 1094/2/2456 1110/2/2485
f 1110/2/2485 1109/2/2484 1095/2/2457
f 1094/2/2498 1093/2/2498 1121/2/2498
f 1121/2/2498 1110/2/2498 1094/2/2498
f 1110/2/2499 1121/2/2499 1122/2/2499
f 1122/2/2499 1105/2/2500 1110/2/2499
f 1112/2/2501 1106/2/2501 1105/2/2501
f 1105/2/2501 1122/2/2501 1112/2/2501
f 1123/2/2502 1124/2/2503 1125/2/2504
f 1125/2/2504 1126/2/2505 1123/2/2502
f 1127/2/2506 1128/2/2507 1124/2/2508
f 1124/2/2508 1123/2/2509 1127/2/2506
f 1124/2/2503 1129/2/2510 1130/2/2511
f 1130/2/2511 1125/2/2504 1124/2/2503
f 1124/2/2508 1128/2/2507 1131/2/2512
f 1131/2/2512 1129/2/2513 1124/2/2508
f 1126/2/2514 1132/2/2514 1133/2/2514
f 1133/2/2514 1134/2/2514 1126/2/2514
f 1126/2/2505 1134/2/2515 1135/2/2516
f 1135/2/2516 1123/2/2502 1126/2/2505
f 1127/2/2506 1123/2/2509 1135/2/2517
f 1135/2/2517 1136/2/2518 1127/2/2506
f 1137/2/2519 1127/2/2520 1136/2/2520
f 1136/2/2520 1138/2/2520 1137/2/2519
f 1128/2/2521 1127/2/2522 1137/2/2523
f 1137/2/2523 1139/2/2524 1128/2/2521
f 1140/2/2525 1131/2/2526 1128/2/2527
f 1128/2/2527 1139/2/2525 1140/2/2525
f 1118/2/2528 1116/2/2529 1131/2/2530
f 1131/2/2530 1140/2/2529 1118/2/2528
f 1115/2/2492 1129/2/2513 1131/2/2512
f 1131/2/2512 1116/2/2493 1115/2/2492
f 1115/2/2491 1114/2/2490 1130/2/2511
f 1130/2/2511 1129/2/2510 1115/2/2491
f 1114/2/2531 1113/2/2531 1141/2/2531
f 1141/2/2531 1130/2/2531 1114/2/2531
f 1130/2/2532 1141/2/2532 1142/2/2532
f 1142/2/2532 1125/2/2532 1130/2/2532
f 1132/2/2533 1126/2/2533 1125/2/2533
f 1125/2/2533 1142/2/2533 1132/2/2533
f 1143/2/2534 1144/2/2535 1145/2/2536
f 1145/2/2536 1146/2/2537 1143/2/2534
f 1147/2/2538 1148/2/2539 1144/2/2540
f 1144/2/2540 1143/2/2541 1147/2/2538
f 1144/2/2535 1149/2/2542 1150/2/2543
f 1150/2/2543 1145/2/2536 1144/2/2535
f 1144/2/2540 1148/2/2539 1151/2/2544
f 1151/2/2544 1149/2/2545 1144/2/2540
f 1146/2/2546 1152/2/2547 1153/2/2548
f 1153/2/2548 1154/2/2546 1146/2/2546
f 1146/2/2537 1154/2/2549 1155/2/2550
f 1155/2/2550 1143/2/2534 1146/2/2537
f 1147/2/2538 1143/2/2541 1155/2/2551
f 1155/2/2551 1156/2/2552 1147/2/2538
f 1157/2/2553 1147/2/2553 1156/2/2553
f 1156/2/2553 1158/2/2553 1157/2/2553
f 1148/2/2554 1147/2/2554 1157/2/2555
f 1157/2/2555 1159/2/2554 1148/2/2554
f 1160/2/2556 1151/2/2557 1148/2/2556
f 1148/2/2556 1159/2/2558 1160/2/2556
f 1138/2/2559 1136/2/2559 1151/2/2559
f 1151/2/2559 1160/2/2559 1138/2/2559
f 1135/2/2517 1149/2/2545 1151/2/2544
f 1151/2/2544 1136/2/2518 1135/2/2517
f 1135/2/2516 1134/2/2515 1150/2/2543
f 1150/2/2543 1149/2/2542 1135/2/2516
f 1134/2/2560 1133/2/2560 1161/2/2560
f 1161/2/2560 1150/2/2560 1134/2/2560
f 1150/2/2561 1161/2/2562 1162/2/2561
f 1162/2/2561 1145/2/2561 1150/2/2561
f 1152/2/2563 1146/2/2563 1145/2/2564
f 1145/2/2564 1162/2/2565 1152/2/2563
f 1163/2/2566 1164/2/2567 1165/2/2568
f 1165/2/2568 1166/2/2569 1163/2/2566
f 1167/2/2570 1168/2/2571 1164/2/2572
f 1164/2/2572 1163/2/2573 1167/2/2570
f 1164/2/2567 1169/2/2574 1170/2/2575
f 1170/2/2575 1165/2/2568 1164/2/2567
f 1164/2/2572 1168/2/2571 1171/2/2576
f 1171/2/2576 1169/2/2577 1164/2/2572
f 1166/2/2578 1172/2/2579 1173/2/2579
f 1173/2/2579 1174/2/2579 1166/2/2578
f 1166/2/2569 1174/2/2580 1175/2/2581
f 1175/2/2581 1163/2/2566 1166/2/2569
f 1167/2/2570 1163/2/2573 1175/2/2582
f 1175/2/2582 1176/2/2583 1167/2/2570
f 1177/2/2584 1167/2/2584 1176/2/2584
f 1176/2/2584 1178/2/2584 1177/2/2584
f 1168/2/2585 1167/2/2586 1177/2/2587
f 1177/2/2587 1179/2/2588 1168/2/2585
f 1180/2/2589 1171/2/2589 1168/2/2589
f 1168/2/2589 1179/2/2589 1180/2/2589
f 1158/2/2590 1156/2/2590 1171/2/2590
f 1171/2/2590 1180/2/2590 1158/2/2590
f 1155/2/2551 1169/2/2577 1171/2/2576
f 1171/2/2576 1156/2/2552 1155/2/2551
f 1155/2/2550 1154/2/2549 1170/2/2575
f 1170/2/2575 1169/2/2574 1155/2/2550
f 1154/2/2591 1153/2/2592 1181/2/2591
f 1181/2/2591 1170/2/2593 1154/2/2591
f 1170/2/2594 1181/2/2595 1182/2/2595
f 1182/2/2595 1165/2/2596 1170/2/2594
f 1172/2/2597 1166/2/2597 1165/2/2597
f 1165/2/2597 1182/2/2597 1172/2/2597
f 1183/2/2598 1184/2/2599 1185/2/2600
f 1185/2/2600 1186/2/2601 1183/2/2598
f 1187/2/2602 1188/2/2603 1184/2/2604
f 1184/2/2604 1183/2/2605 1187/2/2602
f 1184/2/2599 1189/2/2606 1190/2/2607
f 1190/2/2607 1185/2/2600 1184/2/2599
f 1184/2/2604 1188/2/2603 1191/2/2608
f 1191/2/2608 1189/2/2609 1184/2/2604
f 1186/2/2139 1192/2/2139 1193/2/2139
f 1193/2/2139 1194/2/2139 1186/2/2139
f 1186/2/2601 1194/2/2610 1195/2/2611
f 1195/2/2611 1183/2/2598 1186/2/2601
f 1187/2/2602 1183/2/2605 1195/2/2612
f 1195/2/2612 1196/2/2613 1187/2/2602
f 1197/2/2132 1187/2/2131 1196/2/2132
f 1196/2/2132 1198/2/2132 1197/2/2132
f 1188/2/2152 1187/2/2614 1197/2/2615
f 1197/2/2615 1199/2/2152 1188/2/2152
f 1200/2/2151 1191/2/2151 1188/2/2151
f 1188/2/2151 1199/2/2151 1200/2/2151
f 1178/2/2616 1176/2/2150 1191/2/2617
f 1191/2/2617 1200/2/2618 1178/2/2616
f 1175/2/2582 1189/2/2609 1191/2/2608
f 1191/2/2608 1176/2/2583 1175/2/2582
f 1175/2/2581 1174/2/2580 1190/2/2607
f 1190/2/2607 1189/2/2606 1175/2/2581
f 1174/2/2144 1173/2/2144 1201/2/2144
f 1201/2/2144 1190/2/2144 1174/2/2144
f 1190/2/2142 1201/2/2143 1202/2/2142
f 1202/2/2142 1185/2/2142 1190/2/2142
f 1192/2/2141 1186/2/2141 1185/2/2141
f 1185/2/2141 1202/2/2141 1192/2/2141
f 1203/2/2619 1204/2/2620 1205/2/2621
f 1205/2/2621 1206/2/2622 1203/2/2619
f 1207/2/2623 1208/2/2624 1204/2/2625
f 1204/2/2625 1203/2/2626 1207/2/2623
f 1204/2/2620 1209/2/2627 1210/2/2628
f 1210/2/2628 1205/2/2621 1204/2/2620
f 1204/2/2625 1208/2/2624 1211/2/2629
f 1211/2/2629 1209/2/2630 1204/2/2625
f 1206/2/2631 1212/2/2631 1213/2/2170
f 1213/2/2170 1214/2/2170 1206/2/2631
f 1206/2/2622 1214/2/2632 1215/2/2633
f 1215/2/2633 1203/2/2619 1206/2/2622
f 1207/2/2623 1203/2/2626 1215/2/2634
f 1215/2/2634 1216/2/2635 1207/2/2623
f 1217/2/2636 1207/2/2165 1216/2/2165
f 1216/2/2165 1218/2/2165 1217/2/2636
f 1208/2/2181 1207/2/2181 1217/2/2181
f 1217/2/2181 1219/2/2637 1208/2/2181
f 1220/2/2180 1211/2/2180 1208/2/2180
f 1208/2/2180 1219/2/2180 1220/2/2180
f 1198/2/2179 1196/2/2179 1211/2/2638
f 1211/2/2638 1220/2/2638 1198/2/2179
f 1195/2/2612 1209/2/2630 1211/2/2629
f 1211/2/2629 1196/2/2613 1195/2/2612
f 1195/2/2611 1194/2/2610 1210/2/2628
f 1210/2/2628 1209/2/2627 1195/2/2611
f 1194/2/2176 1193/2/2176 1221/2/2176
f 1221/2/2176 1210/2/2176 1194/2/2176
f 1210/2/2639 1221/2/2639 1222/2/2639
f 1222/2/2639 1205/2/2174 1210/2/2639
f 1212/2/2640 1206/2/2171 1205/2/2171
f 1205/2/2171 1222/2/2171 1212/2/2640
f 1223/2/2641 1224/2/2642 1225/2/2643
f 1225/2/2643 1226/2/2644 1223/2/2641
f 1227/2/2645 1228/2/2646 1224/2/2647
f 1224/2/2647 1223/2/2648 1227/2/2645
f 1224/2/2642 1229/2/2649 1230/2/2650
f 1230/2/2650 1225/2/2643 1224/2/2642
f 1224/2/2647 1228/2/2646 1231/2/2651
f 1231/2/2651 1229/2/2652 1224/2/2647
f 1226/2/2653 1232/2/2200 1233/2/2653
f 1233/2/2653 1234/2/2654 1226/2/2653
f 1226/2/2644 1234/2/2655 1235/2/2656
f 1235/2/2656 1223/2/2641 1226/2/2644
f 1227/2/2645 1223/2/2648 1235/2/2657
f 1235/2/2657 1236/2/2658 1227/2/2645
f 1237/2/2194 1227/2/2194 1236/2/2194
f 1236/2/2194 1238/2/2194 1237/2/2194
f 1228/2/2659 1227/2/2660 1237/2/2659
f 1237/2/2659 1239/2/2659 1228/2/2659
f 1240/2/2209 1231/2/2209 1228/2/2209
f 1228/2/2209 1239/2/2209 1240/2/2209
f 1218/2/2207 1216/2/2207 1231/2/2207
f 1231/2/2207 1240/2/2207 1218/2/2207
f 1215/2/2634 1229/2/2652 1231/2/2651
f 1231/2/2651 1216/2/2635 1215/2/2634
f 1215/2/2633 1214/2/2632 1230/2/2650
f 1230/2/2650 1229/2/2649 1215/2/2633
f 1214/2/2206 1213/2/2206 1241/2/2206
f 1241/2/2206 1230/2/2206 1214/2/2206
f 1230/2/2204 1241/2/2204 1242/2/2204
f 1242/2/2204 1225/2/2204 1230/2/2204
f 1232/2/2203 1226/2/2203 1225/2/2203
f 1225/2/2203 1242/2/2203 1232/2/2203
f 1243/2/2661 1244/2/2662 1245/2/2663
f 1245/2/2663 1246/2/2664 1243/2/2661
f 1247/2/2665 1248/2/2666 1244/2/2667
f 1244/2/2667 1243/2/2668 1247/2/2665
f 1244/2/2662 1249/2/2669 1250/2/2670
f 1250/2/2670 1245/2/2663 1244/2/2662
f 1244/2/2667 1248/2/2666 1251/2/2671
f 1251/2/2671 1249/2/2672 1244/2/2667
f 1246/2/2230 1252/2/2230 1253/2/2230
f 1253/2/2230 1254/2/2230 1246/2/2230
f 1246/2/2664 1254/2/2673 1255/2/2674
f 1255/2/2674 1243/2/2661 1246/2/2664
f 1247/2/2665 1243/2/2668 1255/2/2675
f 1255/2/2675 1256/2/2676 1247/2/2665
f 1257/2/2677 1247/2/2678 1256/2/2679
f 1256/2/2679 1258/2/2224 1257/2/2677
f 1248/2/2680 1247/2/2681 1257/2/2682
f 1257/2/2682 1259/2/2683 1248/2/2680
f 1260/2/2237 1251/2/2684 1248/2/2237
f 1248/2/2237 1259/2/2237 1260/2/2237
f 1238/2/2235 1236/2/2235 1251/2/2235
f 1251/2/2235 1260/2/2235 1238/2/2235
f 1235/2/2657 1249/2/2672 1251/2/2671
f 1251/2/2671 1236/2/2658 1235/2/2657
f 1235/2/2656 1234/2/2655 1250/2/2670
f 1250/2/2670 1249/2/2669 1235/2/2656
f 1234/2/2234 1233/2/2234 1261/2/2233
f 1261/2/2233 1250/2/2233 1234/2/2234
f 1250/2/2232 1261/2/2685 1262/2/2685
f 1262/2/2685 1245/2/2686 1250/2/2232
f 1252/2/2687 1246/2/2231 1245/2/2231
f 1245/2/2231 1262/2/2231 1252/2/2687
f 1263/2/2688 1264/2/2689 1265/2/2690
f 1265/2/2690 1266/2/2691 1263/2/2688
f 1267/2/2692 1268/2/2693 1264/2/2694
f 1264/2/2694 1263/2/2695 1267/2/2692
f 1264/2/2689 1269/2/2696 1270/2/2697
f 1270/2/2697 1265/2/2690 1264/2/2689
f 1264/2/2694 1268/2/2693 1271/2/2698
f 1271/2/2698 1269/2/2699 1264/2/2694
f 1266/2/2259 1272/2/2259 1273/2/2259
f 1273/2/2259 1274/2/2259 1266/2/2259
f 1266/2/2691 1274/2/2700 1275/2/2701
f 1275/2/2701 1263/2/2688 1266/2/2691
f 1267/2/2692 1263/2/2695 1275/2/2702
f 1275/2/2702 1276/2/2703 1267/2/2692
f 1277/2/2704 1267/2/2705 1276/2/2705
f 1276/2/2705 1278/2/2705 1277/2/2704
f 1268/2/2706 1267/2/2707 1277/2/2270
f 1277/2/2270 1279/2/2706 1268/2/2706
f 1280/2/2708 1271/2/2266 1268/2/2266
f 1268/2/2266 1279/2/2266 1280/2/2708
f 1258/2/2264 1256/2/2264 1271/2/2264
f 1271/2/2264 1280/2/2264 1258/2/2264
f 1255/2/2675 1269/2/2699 1271/2/2698
f 1271/2/2698 1256/2/2676 1255/2/2675
f 1255/2/2674 1254/2/2673 1270/2/2697
f 1270/2/2697 1269/2/2696 1255/2/2674
f 1254/2/2262 1253/2/2263 1281/2/2263
f 1281/2/2263 1270/2/2262 1254/2/2262
f 1270/2/2261 1281/2/2261 1282/2/2261
f 1282/2/2261 1265/2/2261 1270/2/2261
f 1272/2/2260 1266/2/2260 1265/2/2260
f 1265/2/2260 1282/2/2260 1272/2/2260
f 1283/2/2709 1284/2/2710 1285/2/2711
f 1285/2/2711 1286/2/2712 1283/2/2709
f 1287/2/2713 1288/2/2714 1284/2/2715
f 1284/2/2715 1283/2/2716 1287/2/2713
f 1284/2/2710 1289/2/2717 1290/2/2718
f 1290/2/2718 1285/2/2711 1284/2/2710
f 1284/2/2715 1288/2/2714 1291/2/2719
f 1291/2/2719 1289/2/2720 1284/2/2715
f 1286/2/2288 1292/2/2288 1293/2/2288
f 1293/2/2288 1294/2/2288 1286/2/2288
f 1286/2/2712 1294/2/2721 1295/2/2722
f 1295/2/2722 1283/2/2709 1286/2/2712
f 1287/2/2713 1283/2/2716 1295/2/2723
f 1295/2/2723 1296/2/2724 1287/2/2713
f 1297/2/2725 1287/2/2283 1296/2/2726
f 1296/2/2726 1298/2/2727 1297/2/2725
f 1288/2/2297 1287/2/2297 1297/2/2297
f 1297/2/2297 1299/2/2297 1288/2/2297
f 1300/2/2295 1291/2/2296 1288/2/2295
f 1288/2/2295 1299/2/2295 1300/2/2295
f 1278/2/2728 1276/2/2728 1291/2/2729
f 1291/2/2729 1300/2/2293 1278/2/2728
f 1275/2/2702 1289/2/2720 1291/2/2719
f 1291/2/2719 1276/2/2703 1275/2/2702
f 1275/2/2701 1274/2/2700 1290/2/2718
f 1290/2/2718 1289/2/2717 1275/2/2701
f 1274/2/2291 1273/2/2292 1301/2/2292
f 1301/2/2292 1290/2/2292 1274/2/2291
f 1290/2/2730 1301/2/2730 1302/2/2730
f 1302/2/2730 1285/2/2730 1290/2/2730
f 1292/2/2731 1286/2/2289 1285/2/2289
f 1285/2/2289 1302/2/2289 1292/2/2731
f 1303/2/2732 1304/2/2733 1305/2/2734
f 1305/2/2734 1306/2/2735 1303/2/2732
f 1307/2/2736 1308/2/2737 1304/2/2738
f 1304/2/2738 1303/2/2739 1307/2/2736
f 1304/2/2733 1309/2/2740 1310/2/2741
f 1310/2/2741 1305/2/2734 1304/2/2733
f 1304/2/2738 1308/2/2737 1311/2/2742
f 1311/2/2742 1309/2/2743 1304/2/2738
f 1306/2/2744 1312/2/2745 1313/2/2746
f 1313/2/2746 1314/2/2317 1306/2/2744
f 1306/2/2735 1314/2/2747 1315/2/2748
f 1315/2/2748 1303/2/2732 1306/2/2735
f 1307/2/2736 1303/2/2739 1315/2/2749
f 1315/2/2749 1316/2/2750 1307/2/2736
f 1317/2/2751 1307/2/2752 1316/2/2311
f 1316/2/2311 1318/2/2311 1317/2/2751
f 1308/2/2329 1307/2/2329 1317/2/2329
f 1317/2/2329 1319/2/2329 1308/2/2329
f 1320/2/2753 1311/2/2753 1308/2/2753
f 1308/2/2753 1319/2/2753 1320/2/2753
f 1298/2/2324 1296/2/2324 1311/2/2324
f 1311/2/2324 1320/2/2324 1298/2/2324
f 1295/2/2723 1309/2/2743 1311/2/2742
f 1311/2/2742 1296/2/2724 1295/2/2723
f 1295/2/2722 1294/2/2721 1310/2/2741
f 1310/2/2741 1309/2/2740 1295/2/2722
f 1294/2/2322 1293/2/2754 1321/2/2322
f 1321/2/2322 1310/2/2322 1294/2/2322
f 1310/2/2755 1321/2/2755 1322/2/2755
f 1322/2/2755 1305/2/2755 1310/2/2755
f 1312/2/2318 1306/2/2318 1305/2/2318
f 1305/2/2318 1322/2/2318 1312/2/2318
f 1323/2/2756 1324/2/2757 1325/2/2758
f 1325/2/2758 1326/2/2759 1323/2/2756
f 1327/2/2760 1328/2/2761 1324/2/2762
f 1324/2/2762 1323/2/2763 1327/2/2760
f 1324/2/2757 1329/2/2342 1330/2/2764
f 1330/2/2764 1325/2/2758 1324/2/2757
f 1324/2/2762 1328/2/2761 1331/2/2765
f 1331/2/2765 1329/2/2766 1324/2/2762
f 1326/2/2349 1332/2/2349 1333/2/2349
f 1333/2/2349 1334/2/2349 1326/2/2349
f 1326/2/2759 1334/2/2767 1335/2/2768
f 1335/2/2768 1323/2/2756 1326/2/2759
f 1327/2/2760 1323/2/2763 1335/2/2769
f 1335/2/2769 1336/2/2769 1327/2/2760
f 1337/2/2344 1327/2/2770 1336/2/2344
f 1336/2/2344 1338/2/2344 1337/2/2344
f 1328/2/2355 1327/2/2355 1337/2/2355
f 1337/2/2355 1339/2/2355 1328/2/2355
f 1340/2/2771 1331/2/2771 1328/2/2354
f 1328/2/2354 1339/2/2354 1340/2/2771
f 1318/2/2772 1316/2/2773 1331/2/2774
f 1331/2/2774 1340/2/2775 1318/2/2772
f 1315/2/2749 1329/2/2766 1331/2/2765
f 1331/2/2765 1316/2/2750 1315/2/2749
f 1315/2/2748 1314/2/2747 1330/2/2764
f 1330/2/2764 1329/2/2342 1315/2/2748
f 1314/2/2352 1313/2/2352 1341/2/2352
f 1341/2/2352 1330/2/2352 1314/2/2352
f 1330/2/2776 1341/2/2776 1342/2/2776
f 1342/2/2776 1325/2/2776 1330/2/2776
f 1332/2/2777 1326/2/2777 1325/2/2777
f 1325/2/2777 1342/2/2777 1332/2/2777
f 1343/2/2778 1344/2/2779 1345/2/2780
f 1345/2/2780 1346/2/2781 1343/2/2778
f 1347/2/2782 1348/2/2783 1344/2/2784
f 1344/2/2784 1343/2/2785 1347/2/2782
f 1344/2/2779 1349/2/2786 1350/2/2787
f 1350/2/2787 1345/2/2780 1344/2/2779
f 1344/2/2784 1348/2/2783 1351/2/2788
f 1351/2/2788 1349/2/2789 1344/2/2784
f 1346/2/2373 1352/2/2373 1353/2/2373
f 1353/2/2373 1354/2/2373 1346/2/2373
f 1346/2/2781 1354/2/2790 1355/2/2791
f 1355/2/2791 1343/2/2778 1346/2/2781
f 1347/2/2782 1343/2/2785 1355/2/2792
f 1355/2/2792 1356/2/2793 1347/2/2782
f 1357/2/2794 1347/2/2795 1356/2/2368
f 1356/2/2368 1358/2/2796 1357/2/2794
f 1348/2/2381 1347/2/2381 1357/2/2797
f 1357/2/2797 1359/2/2381 1348/2/2381
f 1360/2/2379 1351/2/2379 1348/2/2379
f 1348/2/2379 1359/2/2379 1360/2/2379
f 1338/2/2378 1336/2/2378 1351/2/2798
f 1351/2/2798 1360/2/2378 1338/2/2378
f 1335/2/2769 1349/2/2789 1351/2/2788
f 1351/2/2788 1336/2/2769 1335/2/2769
f 1335/2/2768 1334/2/2767 1350/2/2787
f 1350/2/2787 1349/2/2786 1335/2/2768
f 1334/2/2376 1333/2/2376 1361/2/2376
f 1361/2/2376 1350/2/2376 1334/2/2376
f 1350/2/2375 1361/2/2375 1362/2/2375
f 1362/2/2375 1345/2/2375 1350/2/2375
f 1352/2/2374 1346/2/2799 1345/2/2374
f 1345/2/2374 1362/2/2374 1352/2/2374
f 1363/2/2800 1364/2/2801 1365/2/2802
f 1365/2/2802 1366/2/2803 1363/2/2800
f 1367/2/2804 1368/2/2805 1364/2/2806
f 1364/2/2806 1363/2/2807 1367/2/2804
f 1364/2/2801 1369/2/2393 1370/2/2808
f 1370/2/2808 1365/2/2802 1364/2/2801
f 1364/2/2806 1368/2/2805 1371/2/2809
f 1371/2/2809 1369/2/2810 1364/2/2806
f 1366/2/2811 1372/2/2811 1373/2/2811
f 1373/2/2811 1374/2/2811 1366/2/2811
f 1366/2/2803 1374/2/2812 1375/2/2813
f 1375/2/2813 1363/2/2800 1366/2/2803
f 1367/2/2804 1363/2/2807 1375/2/2814
f 1375/2/2814 1376/2/2815 1367/2/2804
f 1377/2/2394 1367/2/2394 1376/2/2394
f 1376/2/2394 1378/2/2394 1377/2/2394
f 1368/2/2411 1367/2/2411 1377/2/2411
f 1377/2/2411 1379/2/2411 1368/2/2411
f 1380/2/2816 1371/2/2409 1368/2/2816
f 1368/2/2816 1379/2/2817 1380/2/2816
f 1358/2/2818 1356/2/2819 1371/2/2820
f 1371/2/2820 1380/2/2821 1358/2/2818
f 1355/2/2792 1369/2/2810 1371/2/2809
f 1371/2/2809 1356/2/2793 1355/2/2792
f 1355/2/2791 1354/2/2790 1370/2/2808
f 1370/2/2808 1369/2/2393 1355/2/2791
f 1354/2/2407 1353/2/2407 1381/2/2407
f 1381/2/2407 1370/2/2407 1354/2/2407
f 1370/2/2406 1381/2/2406 1382/2/2406
f 1382/2/2406 1365/2/2406 1370/2/2406
f 1372/2/2402 1366/2/2402 1365/2/2401
f 1365/2/2401 1382/2/2401 1372/2/2402
f 1383/2/2822 1384/2/2823 1385/2/2824
f 1385/2/2824 1386/2/2825 1383/2/2822
f 1387/2/2826 1388/2/2827 1384/2/2828
f 1384/2/2828 1383/2/2829 1387/2/2826
f 1384/2/2823 1389/2/2830 1390/2/2831
f 1390/2/2831 1385/2/2824 1384/2/2823
f 1384/2/2828 1388/2/2827 1391/2/2832
f 1391/2/2832 1389/2/2833 1384/2/2828
f 1386/2/2430 1392/2/2430 1393/2/2430
f 1393/2/2430 1394/2/2431 1386/2/2430
f 1386/2/2825 1394/2/2834 1395/2/2835
f 1395/2/2835 1383/2/2822 1386/2/2825
f 1387/2/2826 1383/2/2829 1395/2/2836
f 1395/2/2836 1396/2/2837 1387/2/2826
f 1397/2/2838 1387/2/2839 1396/2/2425
f 1396/2/2425 1398/2/2840 1397/2/2838
f 1388/2/2841 1387/2/2841 1397/2/2842
f 1397/2/2842 1399/2/2442 1388/2/2841
f 1400/2/2843 1391/2/2844 1388/2/2843
f 1388/2/2843 1399/2/2440 1400/2/2843
f 1378/2/2845 1376/2/2439 1391/2/2845
f 1391/2/2845 1400/2/2846 1378/2/2845
f 1375/2/2814 1389/2/2833 1391/2/2832
f 1391/2/2832 1376/2/2815 1375/2/2814
f 1375/2/2813 1374/2/2812 1390/2/2831
f 1390/2/2831 1389/2/2830 1375/2/2813
f 1374/2/2437 1373/2/2437 1401/2/2847
f 1401/2/2847 1390/2/2437 1374/2/2437
f 1390/2/2434 1401/2/2434 1402/2/2848
f 1402/2/2848 1385/2/2434 1390/2/2434
f 1392/2/2433 1386/2/2432 1385/2/2849
f 1385/2/2849 1402/2/2432 1392/2/2433
f 1403/2/2850 1404/2/2851 1405/2/2852
f 1405/2/2852 1406/2/2853 1403/2/2850
f 1407/2/2854 1408/2/2855 1404/2/2856
f 1404/2/2856 1403/2/2857 1407/2/2854
f 1404/2/2851 1409/2/2858 1410/2/2859
f 1410/2/2859 1405/2/2852 1404/2/2851
f 1404/2/2856 1408/2/2855 1411/2/2860
f 1411/2/2860 1409/2/2861 1404/2/2856
f 1406/2/2862 1412/2/2863 1413/2/2864
f 1413/2/2864 1414/2/2461 1406/2/2862
f 1406/2/2853 1414/2/2865 1415/2/2866
f 1415/2/2866 1403/2/2850 1406/2/2853
f 1407/2/2854 1403/2/2857 1415/2/2867
f 1415/2/2867 1416/2/2868 1407/2/2854
f 1417/2/2869 1407/2/2870 1416/2/2455
f 1416/2/2455 1418/2/2455 1417/2/2869
f 1408/2/2871 1407/2/2871 1417/2/2871
f 1417/2/2871 1419/2/2871 1408/2/2871
f 1420/2/2469 1411/2/2471 1408/2/2469
f 1408/2/2469 1419/2/2469 1420/2/2469
f 1398/2/2872 1396/2/2467 1411/2/2467
f 1411/2/2467 1420/2/2467 1398/2/2872
f 1395/2/2836 1409/2/2861 1411/2/2860
f 1411/2/2860 1396/2/2837 1395/2/2836
f 1395/2/2835 1394/2/2834 1410/2/2859
f 1410/2/2859 1409/2/2858 1395/2/2835
f 1394/2/2466 1393/2/2466 1421/2/2466
f 1421/2/2466 1410/2/2466 1394/2/2466
f 1410/2/2464 1421/2/2464 1422/2/2873
f 1422/2/2873 1405/2/2464 1410/2/2464
f 1412/2/2462 1406/2/2462 1405/2/2462
f 1405/2/2462 1422/2/2462 1412/2/2462
f 1423/2/2874 1424/2/2875 1425/2/2876
f 1425/2/2876 1426/2/2877 1423/2/2874
f 1427/2/2878 1428/2/2879 1424/2/2880
f 1424/2/2880 1423/2/2881 1427/2/2878
f 1424/2/2875 1429/2/2882 1430/2/2883
f 1430/2/2883 1425/2/2876 1424/2/2875
f 1424/2/2880 1428/2/2879 1431/2/2884
f 1431/2/2884 1429/2/2885 1424/2/2880
f 1426/2/2886 1432/2/2886 1433/2/2886
f 1433/2/2886 1434/2/2494 1426/2/2886
f 1426/2/2877 1434/2/2887 1435/2/2888
f 1435/2/2888 1423/2/2874 1426/2/2877
f 1427/2/2878 1423/2/2881 1435/2/2889
f 1435/2/2889 1436/2/2890 1427/2/2878
f 1437/2/2488 1427/2/2488 1436/2/2488
f 1436/2/2488 1438/2/2488 1437/2/2488
f 1428/2/2891 1427/2/2501 1437/2/2501
f 1437/2/2501 1439/2/2501 1428/2/2891
f 1440/2/2892 1431/2/2892 1428/2/2892
f 1428/2/2892 1439/2/2892 1440/2/2892
f 1418/2/2498 1416/2/2498 1431/2/2498
f 1431/2/2498 1440/2/2498 1418/2/2498
f 1415/2/2867 1429/2/2885 1431/2/2884
f 1431/2/2884 1416/2/2868 1415/2/2867
f 1415/2/2866 1414/2/2865 1430/2/2883
f 1430/2/2883 1429/2/2882 1415/2/2866
f 1414/2/2497 1413/2/2497 1441/2/2497
f 1441/2/2497 1430/2/2497 1414/2/2497
f 1430/2/2496 1441/2/2496 1442/2/2496
f 1442/2/2496 1425/2/2496 1430/2/2496
f 1432/2/2495 1426/2/2495 1425/2/2495
f 1425/2/2495 1442/2/2495 1432/2/2495
f 1443/2/2893 1444/2/2894 1445/2/2895
f 1445/2/2895 1446/2/2896 1443/2/2893
f 1447/2/2897 1448/2/2898 1444/2/2899
f 1444/2/2899 1443/2/2900 1447/2/2897
f 1444/2/2894 1449/2/2901 1450/2/2902
f 1450/2/2902 1445/2/2895 1444/2/2894
f 1444/2/2899 1448/2/2898 1451/2/2903
f 1451/2/2903 1449/2/2904 1444/2/2899
f 1446/2/2905 1452/2/2520 1453/2/2906
f 1453/2/2906 1454/2/2520 1446/2/2905
f 1446/2/2896 1454/2/2907 1455/2/2908
f 1455/2/2908 1443/2/2893 1446/2/2896
f 1447/2/2897 1443/2/2900 1455/2/2909
f 1455/2/2909 1456/2/2910 1447/2/2897
f 1457/2/2514 1447/2/2911 1456/2/2514
f 1456/2/2514 1458/2/2514 1457/2/2514
f 1448/2/2912 1447/2/2533 1457/2/2533
f 1457/2/2533 1459/2/2913 1448/2/2912
f 1460/2/2532 1451/2/2532 1448/2/2532
f 1448/2/2532 1459/2/2914 1460/2/2532
f 1438/2/2531 1436/2/2531 1451/2/2531
f 1451/2/2531 1460/2/2915 1438/2/2531
f 1435/2/2889 1449/2/2904 1451/2/2903
f 1451/2/2903 1436/2/2890 1435/2/2889
f 1435/2/2888 1434/2/2887 1450/2/2902
f 1450/2/2902 1449/2/2901 1435/2/2888
f 1434/2/2529 1433/2/2916 1461/2/2529
f 1461/2/2529 1450/2/2528 1434/2/2529
f 1450/2/2917 1461/2/2525 1462/2/2918
f 1462/2/2918 1445/2/2919 1450/2/2917
f 1452/2/2920 1446/2/2921 1445/2/2922
f 1445/2/2922 1462/2/2923 1452/2/2920
f 1463/2/2924 1464/2/2925 1465/2/2926
f 1465/2/2926 1466/2/2927 1463/2/2924
f 1467/2/2928 1468/2/2929 1464/2/2930
f 1464/2/2930 1463/2/2931 1467/2/2928
f 1464/2/2925 1469/2/2932 1470/2/2933
f 1470/2/2933 1465/2/2926 1464/2/2925
f 1464/2/2930 1468/2/2929 1471/2/2934
f 1471/2/2934 1469/2/2935 1464/2/2930
f 1466/2/2936 1472/2/2936 1473/2/2553
f 1473/2/2553 1474/2/2553 1466/2/2936
f 1466/2/2927 1474/2/2937 1475/2/2938
f 1475/2/2938 1463/2/2924 1466/2/2927
f 1467/2/2928 1463/2/2931 1475/2/2939
f 1475/2/2939 1476/2/2940 1467/2/2928
f 1477/2/2546 1467/2/2546 1476/2/2941
f 1476/2/2941 1478/2/2942 1477/2/2546
f 1468/2/2563 1467/2/2563 1477/2/2563
f 1477/2/2563 1479/2/2563 1468/2/2563
f 1480/2/2943 1471/2/2943 1468/2/2562
f 1468/2/2562 1479/2/2562 1480/2/2943
f 1458/2/2560 1456/2/2560 1471/2/2944
f 1471/2/2944 1480/2/2560 1458/2/2560
f 1455/2/2909 1469/2/2935 1471/2/2934
f 1471/2/2934 1456/2/2910 1455/2/2909
f 1455/2/2908 1454/2/2907 1470/2/2933
f 1470/2/2933 1469/2/2932 1455/2/2908
f 1454/2/2945 1453/2/2945 1481/2/2945
f 1481/2/2945 1470/2/2945 1454/2/2945
f 1470/2/2558 1481/2/2946 1482/2/2558
f 1482/2/2558 1465/2/2558 1470/2/2558
f 1472/2/2554 1466/2/2554 1465/2/2554
f 1465/2/2554 1482/2/2554 1472/2/2554
f 1483/2/2947 1484/2/2948 1485/2/2949
f 1485/2/2949 1486/2/2950 1483/2/2947
f 1487/2/2951 1488/2/2952 1484/2/2953
f 1484/2/2953 1483/2/2954 1487/2/2951
f 1484/2/2948 1489/2/2955 1490/2/2956
f 1490/2/2956 1485/2/2949 1484/2/2948
f 1484/2/2953 1488/2/2952 1491/2/2957
f 1491/2/2957 1489/2/2958 1484/2/2953
f 1486/2/2959 1492/2/2959 881/2/2959
f 881/2/2959 879/2/2959 1486/2/2959
f 1483/2/2947 1486/2/2950 879/2/2149
f 879/2/2149 878/2/2148 1483/2/2947
f 1483/2/2954 878/2/2147 876/2/2146
f 876/2/2146 1487/2/2951 1483/2/2954
f 876/2/2960 877/2/2960 1493/2/2579
f 1493/2/2579 1487/2/2579 876/2/2960
f 1488/2/2597 1487/2/2597 1493/2/2597
f 1493/2/2597 1494/2/2597 1488/2/2597
f 1495/2/2594 1491/2/2594 1488/2/2594
f 1488/2/2594 1494/2/2595 1495/2/2594
f 1478/2/2961 1476/2/2962 1491/2/2963
f 1491/2/2963 1495/2/2964 1478/2/2961
f 1475/2/2939 1489/2/2958 1491/2/2957
f 1491/2/2957 1476/2/2940 1475/2/2939
f 1475/2/2938 1474/2/2937 1490/2/2956
f 1490/2/2956 1489/2/2955 1475/2/2938
f 1474/2/2590 1473/2/2590 1496/2/2590
f 1496/2/2590 1490/2/2590 1474/2/2590
f 1490/2/2965 1496/2/2589 1497/2/2966
f 1497/2/2966 1485/2/2589 1490/2/2965
f 1492/2/2588 1486/2/2588 1485/2/2588
f 1485/2/2588 1497/2/2588 1492/2/2588
f 1498/2/2967 1499/2/2968 1500/2/2969
f 1500/2/2969 1501/2/2970 1498/2/2967
f 1502/2/2971 1503/2/2972 1499/2/2968
f 1499/2/2968 1498/2/2967 1502/2/2971
f 1499/2/2973 1504/2/2974 1505/2/2975
f 1505/2/2975 1500/2/2976 1499/2/2973
f 1499/2/2973 1503/2/2977 1506/2/2978
f 1506/2/2978 1504/2/2974 1499/2/2973
f 1507/2/2979 1501/2/2979 1508/2/2979
f 1508/2/2979 1509/2/2979 1507/2/2979
f 1510/2/2980 1498/2/2980 1501/2/2980
f 1501/2/2980 1507/2/2980 1510/2/2980
f 1498/2/2981 1510/2/2981 1511/2/2981
f 1511/2/2981 1502/2/2981 1498/2/2981
f 842/2/2982 1502/2/2982 1511/2/2982
f 1511/2/2982 843/2/2982 842/2/2982
f 842/2/2117 857/2/2118 1503/2/2972
f 1503/2/2972 1502/2/2971 842/2/2117
f 856/2/2115 1506/2/2978 1503/2/2977
f 1503/2/2977 857/2/2116 856/2/2115
f 1506/2/2983 856/2/2984 855/2/2984
f 855/2/2984 1512/2/2985 1506/2/2983
f 1512/2/2986 1513/2/2986 1504/2/2986
f 1504/2/2986 1506/2/2986 1512/2/2986
f 1504/2/2987 1513/2/2988 1514/2/2988
f 1514/2/2988 1505/2/2989 1504/2/2987
f 1514/2/2990 1515/2/2991 1516/2/2990
f 1516/2/2990 1505/2/2990 1514/2/2990
f 1505/2/2975 1516/2/2992 1517/2/2993
f 1517/2/2993 1500/2/2976 1505/2/2975
f 1501/2/2970 1500/2/2969 1517/2/2994
f 1517/2/2994 1508/2/2995 1501/2/2970
f 1518/2/2996 1519/2/2997 1520/2/2998
f 1520/2/2998 1521/2/2999 1518/2/2996
f 1522/2/3000 1523/2/3001 1519/2/2997
f 1519/2/2997 1518/2/2996 1522/2/3000
f 1519/2/3002 1524/2/3003 1525/2/3004
f 1525/2/3004 1520/2/3005 1519/2/3002
f 1519/2/3002 1523/2/3006 1526/2/3007
f 1526/2/3007 1524/2/3003 1519/2/3002
f 1527/2/3008 1528/2/3009 1529/2/3010
f 1529/2/3010 1521/2/3011 1527/2/3008
f 1529/2/3012 1530/2/3013 1518/2/3012
f 1518/2/3012 1521/2/3012 1529/2/3012
f 1518/2/3014 1530/2/3015 1531/2/3016
f 1531/2/3016 1522/2/3017 1518/2/3014
f 1508/2/3018 1522/2/3018 1531/2/3018
f 1531/2/3018 1509/2/3018 1508/2/3018
f 1522/2/3000 1508/2/2995 1517/2/2994
f 1517/2/2994 1523/2/3001 1522/2/3000
f 1516/2/2992 1526/2/3007 1523/2/3006
f 1523/2/3006 1517/2/2993 1516/2/2992
f 1526/2/3019 1516/2/3020 1515/2/3021
f 1515/2/3021 1532/2/3022 1526/2/3019
f 1532/2/3023 1533/2/3023 1524/2/3024
f 1524/2/3024 1526/2/3023 1532/2/3023
f 1534/2/3025 1525/2/3026 1524/2/3027
f 1524/2/3027 1533/2/3028 1534/2/3025
f 1534/2/3029 1535/2/3030 1536/2/3029
f 1536/2/3029 1525/2/3029 1534/2/3029
f 1520/2/3005 1525/2/3004 1536/2/3031
f 1536/2/3031 1537/2/3032 1520/2/3005
f 1537/2/3033 1527/2/3034 1521/2/2999
f 1521/2/2999 1520/2/2998 1537/2/3033
f 1538/2/3035 1539/2/3036 1540/2/3037
f 1540/2/3037 1541/2/3038 1538/2/3035
f 1542/2/3039 1543/2/3040 1539/2/3036
f 1539/2/3036 1538/2/3035 1542/2/3039
f 1539/2/3041 1544/2/3042 1545/2/3043
f 1545/2/3043 1540/2/3044 1539/2/3041
f 1539/2/3041 1543/2/3045 1546/2/3046
f 1546/2/3046 1544/2/3042 1539/2/3041
f 1547/2/3047 1548/2/3048 1549/2/3049
f 1549/2/3049 1541/2/3050 1547/2/3047
f 1538/2/3051 1541/2/3051 1549/2/3051
f 1549/2/3051 1550/2/3051 1538/2/3051
f 1538/2/3052 1550/2/3052 1551/2/3052
f 1551/2/3052 1542/2/3052 1538/2/3052
f 1527/2/3053 1542/2/3053 1551/2/3053
f 1551/2/3053 1528/2/3053 1527/2/3053
f 1542/2/3039 1527/2/3034 1537/2/3033
f 1537/2/3033 1543/2/3040 1542/2/3039
f 1536/2/3031 1546/2/3046 1543/2/3045
f 1543/2/3045 1537/2/3032 1536/2/3031
f 1546/2/3054 1536/2/3054 1535/2/3054
f 1535/2/3054 1552/2/3054 1546/2/3054
f 1552/2/3055 1553/2/3055 1544/2/3056
f 1544/2/3056 1546/2/3055 1552/2/3055
f 1553/2/3057 1554/2/3057 1545/2/3057
f 1545/2/3057 1544/2/3057 1553/2/3057
f 1554/2/3058 1555/2/3059 1556/2/3058
f 1556/2/3058 1545/2/3058 1554/2/3058
f 1545/2/3043 1556/2/3060 1557/2/3061
f 1557/2/3061 1540/2/3044 1545/2/3043
f 1540/2/3037 1557/2/3062 1547/2/3063
f 1547/2/3063 1541/2/3038 1540/2/3037
f 1558/2/3064 1559/2/3065 1560/2/3066
f 1560/2/3066 1561/2/3067 1558/2/3064
f 1562/2/3068 1563/2/3069 1559/2/3065
f 1559/2/3065 1558/2/3064 1562/2/3068
f 1559/2/3070 1564/2/3071 1565/2/3072
f 1565/2/3072 1560/2/3073 1559/2/3070
f 1559/2/3070 1563/2/3074 1566/2/3075
f 1566/2/3075 1564/2/3071 1559/2/3070
f 1567/2/3076 1568/2/3076 1569/2/3076
f 1569/2/3076 1561/2/3076 1567/2/3076
f 1558/2/3077 1561/2/3077 1569/2/3077
f 1569/2/3077 1570/2/3077 1558/2/3077
f 1558/2/3078 1570/2/3078 1571/2/3078
f 1571/2/3078 1562/2/3078 1558/2/3078
f 1547/2/3079 1562/2/3080 1571/2/3081
f 1571/2/3081 1548/2/3082 1547/2/3079
f 1562/2/3068 1547/2/3063 1557/2/3062
f 1557/2/3062 1563/2/3069 1562/2/3068
f 1563/2/3074 1557/2/3061 1556/2/3060
f 1556/2/3060 1566/2/3075 1563/2/3074
f 1566/2/3083 1556/2/3083 1555/2/3083
f 1555/2/3083 1572/2/3083 1566/2/3083
f 1572/2/3084 1573/2/3084 1564/2/3084
f 1564/2/3084 1566/2/3084 1572/2/3084
f 1573/2/3085 1574/2/3085 1565/2/3085
f 1565/2/3085 1564/2/3085 1573/2/3085
f 1574/2/3086 1575/2/3087 1576/2/3088
f 1576/2/3088 1565/2/3088 1574/2/3086
f 1560/2/3073 1565/2/3072 1576/2/3089
f 1576/2/3089 1577/2/3090 1560/2/3073
f 1560/2/3066 1577/2/3091 1567/2/3092
f 1567/2/3092 1561/2/3067 1560/2/3066
f 1578/2/3093 1579/2/3094 1580/2/3095
f 1580/2/3095 1581/2/3096 1578/2/3093
f 1582/2/3097 1583/2/3098 1579/2/3094
f 1579/2/3094 1578/2/3093 1582/2/3097
f 1579/2/3099 1584/2/3100 1585/2/3101
f 1585/2/3101 1580/2/3102 1579/2/3099
f 1579/2/3099 1583/2/3103 1586/2/3104
f 1586/2/3104 1584/2/3100 1579/2/3099
f 1587/2/3105 1588/2/3106 1589/2/3107
f 1589/2/3107 1581/2/3106 1587/2/3105
f 1578/2/3108 1581/2/3108 1589/2/3108
f 1589/2/3108 1590/2/3108 1578/2/3108
f 1578/2/3109 1590/2/3109 1591/2/3110
f 1591/2/3110 1582/2/3111 1578/2/3109
f 1567/2/3112 1582/2/3112 1591/2/3112
f 1591/2/3112 1568/2/3112 1567/2/3112
f 1582/2/3097 1567/2/3092 1577/2/3091
f 1577/2/3091 1583/2/3098 1582/2/3097
f 1576/2/3089 1586/2/3104 1583/2/3103
f 1583/2/3103 1577/2/3090 1576/2/3089
f 1586/2/3113 1576/2/3113 1575/2/3113
f 1575/2/3113 1592/2/3114 1586/2/3113
f 1592/2/3115 1593/2/3115 1584/2/3116
f 1584/2/3116 1586/2/3115 1592/2/3115
f 1593/2/3117 1594/2/3117 1585/2/3117
f 1585/2/3117 1584/2/3117 1593/2/3117
f 1594/2/3118 1595/2/3118 1596/2/3119
f 1596/2/3119 1585/2/3118 1594/2/3118
f 1580/2/3102 1585/2/3101 1596/2/3120
f 1596/2/3120 1597/2/3121 1580/2/3102
f 1580/2/3095 1597/2/3122 1587/2/3123
f 1587/2/3123 1581/2/3096 1580/2/3095
f 1598/2/3124 1599/2/3125 1600/2/3126
f 1600/2/3126 1601/2/3127 1598/2/3124
f 1602/2/3128 1603/2/3129 1599/2/3125
f 1599/2/3125 1598/2/3124 1602/2/3128
f 1599/2/3130 1604/2/3131 1605/2/3132
f 1605/2/3132 1600/2/3133 1599/2/3130
f 1599/2/3130 1603/2/3134 1606/2/3135
f 1606/2/3135 1604/2/3131 1599/2/3130
f 1607/2/3136 1608/2/3137 1609/2/3138
f 1609/2/3138 1601/2/3137 1607/2/3136
f 1598/2/3139 1601/2/3139 1609/2/3139
f 1609/2/3139 1610/2/3139 1598/2/3139
f 1598/2/3140 1610/2/3140 1611/2/3140
f 1611/2/3140 1602/2/3140 1598/2/3140
f 1587/2/3141 1602/2/3141 1611/2/3141
f 1611/2/3141 1588/2/3141 1587/2/3141
f 1602/2/3128 1587/2/3123 1597/2/3122
f 1597/2/3122 1603/2/3129 1602/2/3128
f 1596/2/3120 1606/2/3135 1603/2/3134
f 1603/2/3134 1597/2/3121 1596/2/3120
f 1606/2/3142 1596/2/3142 1595/2/3142
f 1595/2/3142 1612/2/3142 1606/2/3142
f 1612/2/3143 1613/2/3143 1604/2/3143
f 1604/2/3143 1606/2/3143 1612/2/3143
f 1613/2/3144 1614/2/3144 1605/2/3144
f 1605/2/3144 1604/2/3144 1613/2/3144
f 1614/2/3145 1615/2/3146 1616/2/3145
f 1616/2/3145 1605/2/3147 1614/2/3145
f 1600/2/3133 1605/2/3132 1616/2/3148
f 1616/2/3148 1617/2/3149 1600/2/3133
f 1600/2/3126 1617/2/3150 1607/2/3151
f 1607/2/3151 1601/2/3127 1600/2/3126
f 1618/2/3152 1619/2/3153 1620/2/3154
f 1620/2/3154 1621/2/3155 1618/2/3152
f 1622/2/3156 1623/2/3157 1619/2/3153
f 1619/2/3153 1618/2/3152 1622/2/3156
f 1619/2/3158 1624/2/3159 1625/2/3160
f 1625/2/3160 1620/2/3161 1619/2/3158
f 1619/2/3158 1623/2/3162 1626/2/3163
f 1626/2/3163 1624/2/3159 1619/2/3158
f 1627/2/3164 1628/2/3164 1629/2/3164
f 1629/2/3164 1621/2/3164 1627/2/3164
f 1618/2/3165 1621/2/3165 1629/2/3166
f 1629/2/3166 1630/2/3166 1618/2/3165
f 1618/2/3167 1630/2/3168 1631/2/3168
f 1631/2/3168 1622/2/3168 1618/2/3167
f 1607/2/3169 1622/2/3169 1631/2/3169
f 1631/2/3169 1608/2/3169 1607/2/3169
f 1622/2/3156 1607/2/3151 1617/2/3150
f 1617/2/3150 1623/2/3157 1622/2/3156
f 1616/2/3148 1626/2/3163 1623/2/3162
f 1623/2/3162 1617/2/3149 1616/2/3148
f 1626/2/3170 1616/2/3171 1615/2/3172
f 1615/2/3172 1632/2/3173 1626/2/3170
f 1632/2/3174 1633/2/3174 1624/2/3174
f 1624/2/3174 1626/2/3174 1632/2/3174
f 1633/2/3175 1634/2/3175 1625/2/3175
f 1625/2/3175 1624/2/3175 1633/2/3175
f 1634/2/3176 1635/2/3177 1636/2/3176
f 1636/2/3176 1625/2/3176 1634/2/3176
f 1620/2/3161 1625/2/3160 1636/2/3178
f 1636/2/3178 1637/2/3178 1620/2/3161
f 1620/2/3154 1637/2/3179 1627/2/3180
f 1627/2/3180 1621/2/3155 1620/2/3154
f 1638/2/3181 1639/2/3182 1640/2/3183
f 1640/2/3183 1641/2/3184 1638/2/3181
f 1642/2/3185 1643/2/3186 1639/2/3182
f 1639/2/3182 1638/2/3181 1642/2/3185
f 1639/2/3187 1644/2/3188 1645/2/3189
f 1645/2/3189 1640/2/3190 1639/2/3187
f 1639/2/3187 1643/2/3191 1646/2/3192
f 1646/2/3192 1644/2/3188 1639/2/3187
f 1647/2/3193 1648/2/3193 1649/2/3193
f 1649/2/3193 1641/2/3193 1647/2/3193
f 1638/2/3194 1641/2/3195 1649/2/3195
f 1649/2/3195 1650/2/3194 1638/2/3194
f 1638/2/3196 1650/2/3197 1651/2/3196
f 1651/2/3196 1642/2/3196 1638/2/3196
f 1627/2/3198 1642/2/3198 1651/2/3198
f 1651/2/3198 1628/2/3198 1627/2/3198
f 1642/2/3185 1627/2/3180 1637/2/3179
f 1637/2/3179 1643/2/3186 1642/2/3185
f 1636/2/3178 1646/2/3192 1643/2/3191
f 1643/2/3191 1637/2/3178 1636/2/3178
f 1652/2/3199 1646/2/3200 1636/2/3201
f 1636/2/3201 1635/2/3201 1652/2/3199
f 1652/2/3202 1653/2/3202 1644/2/3202
f 1644/2/3202 1646/2/3202 1652/2/3202
f 1653/2/3203 1654/2/3204 1645/2/3205
f 1645/2/3205 1644/2/3203 1653/2/3203
f 1654/2/3206 1655/2/3206 1656/2/3207
f 1656/2/3207 1645/2/3207 1654/2/3206
f 1640/2/3190 1645/2/3189 1656/2/3208
f 1656/2/3208 1657/2/3209 1640/2/3190
f 1640/2/3183 1657/2/3210 1647/2/3211
f 1647/2/3211 1641/2/3184 1640/2/3183
f 1658/2/3212 1659/2/3213 1660/2/3214
f 1660/2/3214 1661/2/3215 1658/2/3212
f 1662/2/3216 1663/2/3217 1659/2/3213
f 1659/2/3213 1658/2/3212 1662/2/3216
f 1659/2/3218 1664/2/3219 1665/2/3220
f 1665/2/3220 1660/2/3221 1659/2/3218
f 1659/2/3218 1663/2/3222 1666/2/3223
f 1666/2/3223 1664/2/3219 1659/2/3218
f 1667/2/3224 1668/2/3224 1669/2/3224
f 1669/2/3224 1661/2/3224 1667/2/3224
f 1658/2/3225 1661/2/3225 1669/2/3225
f 1669/2/3225 1670/2/3225 1658/2/3225
f 1658/2/3226 1670/2/3226 1671/2/3226
f 1671/2/3226 1662/2/3226 1658/2/3226
f 1647/2/3227 1662/2/3228 1671/2/3229
f 1671/2/3229 1648/2/3230 1647/2/3227
f 1662/2/3216 1647/2/3211 1657/2/3210
f 1657/2/3210 1663/2/3217 1662/2/3216
f 1656/2/3208 1666/2/3223 1663/2/3222
f 1663/2/3222 1657/2/3209 1656/2/3208
f 1666/2/3231 1656/2/3231 1655/2/3231
f 1655/2/3231 1672/2/3232 1666/2/3231
f 1672/2/3233 1673/2/3233 1664/2/3233
f 1664/2/3233 1666/2/3233 1672/2/3233
f 1673/2/3234 1674/2/3234 1665/2/3234
f 1665/2/3234 1664/2/3235 1673/2/3234
f 1674/2/3236 1675/2/3236 1676/2/3236
f 1676/2/3236 1665/2/3236 1674/2/3236
f 1660/2/3221 1665/2/3220 1676/2/3237
f 1676/2/3237 1677/2/3238 1660/2/3221
f 1660/2/3214 1677/2/3239 1667/2/3240
f 1667/2/3240 1661/2/3215 1660/2/3214
f 1678/2/3241 1679/2/3242 1680/2/3243
f 1680/2/3243 1681/2/3244 1678/2/3241
f 1682/2/3245 1683/2/3246 1679/2/3242
f 1679/2/3242 1678/2/3241 1682/2/3245
f 1679/2/3247 1684/2/3248 1685/2/3249
f 1685/2/3249 1680/2/3250 1679/2/3247
f 1679/2/3247 1683/2/3251 1686/2/3252
f 1686/2/3252 1684/2/3248 1679/2/3247
f 1687/2/3253 1688/2/3253 1689/2/3253
f 1689/2/3253 1681/2/3254 1687/2/3253
f 1678/2/3255 1681/2/3255 1689/2/3256
f 1689/2/3256 1690/2/3255 1678/2/3255
f 1678/2/3257 1690/2/3257 1691/2/3257
f 1691/2/3257 1682/2/3257 1678/2/3257
f 1667/2/3258 1682/2/3259 1691/2/3258
f 1691/2/3258 1668/2/3258 1667/2/3258
f 1682/2/3245 1667/2/3240 1677/2/3239
f 1677/2/3239 1683/2/3246 1682/2/3245
f 1676/2/3237 1686/2/3252 1683/2/3251
f 1683/2/3251 1677/2/3238 1676/2/3237
f 1686/2/3260 1676/2/3261 1675/2/3262
f 1675/2/3262 1692/2/3261 1686/2/3260
f 1692/2/3263 1693/2/3263 1684/2/3263
f 1684/2/3263 1686/2/3263 1692/2/3263
f 1693/2/3264 1694/2/3264 1685/2/3264
f 1685/2/3264 1684/2/3264 1693/2/3264
f 1694/2/3265 1695/2/3265 1696/2/3265
f 1696/2/3265 1685/2/3265 1694/2/3265
f 1680/2/3250 1685/2/3249 1696/2/3266
f 1696/2/3266 1697/2/3267 1680/2/3250
f 1680/2/3243 1697/2/3268 1687/2/3269
f 1687/2/3269 1681/2/3244 1680/2/3243
f 1698/2/3270 1699/2/3271 1700/2/3272
f 1700/2/3272 1701/2/3273 1698/2/3270
f 1702/2/3274 1703/2/3275 1699/2/3271
f 1699/2/3271 1698/2/3270 1702/2/3274
f 1699/2/3276 1704/2/3277 1705/2/3278
f 1705/2/3278 1700/2/3279 1699/2/3276
f 1699/2/3276 1703/2/3280 1706/2/3281
f 1706/2/3281 1704/2/3277 1699/2/3276
f 1707/2/3282 1708/2/3282 1709/2/3282
f 1709/2/3282 1701/2/3282 1707/2/3282
f 1698/2/3283 1701/2/3283 1709/2/3283
f 1709/2/3283 1710/2/3283 1698/2/3283
f 1698/2/3284 1710/2/3284 1711/2/3284
f 1711/2/3284 1702/2/3284 1698/2/3284
f 1687/2/3285 1702/2/3286 1711/2/3286
f 1711/2/3286 1688/2/3286 1687/2/3285
f 1702/2/3274 1687/2/3269 1697/2/3268
f 1697/2/3268 1703/2/3275 1702/2/3274
f 1696/2/3266 1706/2/3281 1703/2/3280
f 1703/2/3280 1697/2/3267 1696/2/3266
f 1706/2/3287 1696/2/3287 1695/2/3287
f 1695/2/3287 1712/2/3287 1706/2/3287
f 1712/2/3288 1713/2/3289 1704/2/3288
f 1704/2/3288 1706/2/3288 1712/2/3288
f 1713/2/3290 1714/2/3291 1705/2/3292
f 1705/2/3292 1704/2/3292 1713/2/3290
f 1714/2/3293 1715/2/3293 1716/2/3293
f 1716/2/3293 1705/2/3293 1714/2/3293
f 1700/2/3279 1705/2/3278 1716/2/3294
f 1716/2/3294 1717/2/3295 1700/2/3279
f 1700/2/3272 1717/2/3296 1707/2/3297
f 1707/2/3297 1701/2/3273 1700/2/3272
f 1718/2/3298 1719/2/3299 1720/2/3300
f 1720/2/3300 1721/2/3301 1718/2/3298
f 1722/2/3302 1723/2/3303 1719/2/3299
f 1719/2/3299 1718/2/3298 1722/2/3302
f 1719/2/3304 1724/2/3305 1725/2/3306
f 1725/2/3306 1720/2/3307 1719/2/3304
f 1719/2/3304 1723/2/3308 1726/2/3309
f 1726/2/3309 1724/2/3305 1719/2/3304
f 1727/2/3310 1728/2/3310 1729/2/3310
f 1729/2/3310 1721/2/3311 1727/2/3310
f 1718/2/3312 1721/2/3312 1729/2/3312
f 1729/2/3312 1730/2/3312 1718/2/3312
f 1718/2/3313 1730/2/3313 1731/2/3313
f 1731/2/3313 1722/2/3313 1718/2/3313
f 1707/2/3314 1722/2/3315 1731/2/3315
f 1731/2/3315 1708/2/3314 1707/2/3314
f 1722/2/3302 1707/2/3297 1717/2/3296
f 1717/2/3296 1723/2/3303 1722/2/3302
f 1716/2/3294 1726/2/3309 1723/2/3308
f 1723/2/3308 1717/2/3295 1716/2/3294
f 1726/2/3316 1716/2/3316 1715/2/3317
f 1715/2/3317 1732/2/3316 1726/2/3316
f 1732/2/3318 1733/2/3318 1724/2/3318
f 1724/2/3318 1726/2/3318 1732/2/3318
f 1733/2/3319 1734/2/3319 1725/2/3319
f 1725/2/3319 1724/2/3319 1733/2/3319
f 1734/2/3320 1735/2/3320 1736/2/3320
f 1736/2/3320 1725/2/3321 1734/2/3320
f 1720/2/3307 1725/2/3306 1736/2/3322
f 1736/2/3322 1737/2/3323 1720/2/3307
f 1720/2/3300 1737/2/3324 1727/2/3325
f 1727/2/3325 1721/2/3301 1720/2/3300
f 1738/2/3326 1739/2/3327 1740/2/3328
f 1740/2/3328 1741/2/3329 1738/2/3326
f 1742/2/3330 1743/2/3331 1739/2/3327
f 1739/2/3327 1738/2/3326 1742/2/3330
f 1739/2/3332 1744/2/3333 1745/2/3334
f 1745/2/3334 1740/2/3335 1739/2/3332
f 1739/2/3332 1743/2/3336 1746/2/3337
f 1746/2/3337 1744/2/3333 1739/2/3332
f 1747/2/3338 1748/2/3339 1749/2/3339
f 1749/2/3339 1741/2/3340 1747/2/3338
f 1738/2/3341 1741/2/3342 1749/2/3343
f 1749/2/3343 1750/2/3344 1738/2/3341
f 1738/2/3345 1750/2/3346 1751/2/3345
f 1751/2/3345 1742/2/3346 1738/2/3345
f 1727/2/3347 1742/2/3347 1751/2/3347
f 1751/2/3347 1728/2/3347 1727/2/3347
f 1742/2/3330 1727/2/3325 1737/2/3324
f 1737/2/3324 1743/2/3331 1742/2/3330
f 1736/2/3322 1746/2/3337 1743/2/3336
f 1743/2/3336 1737/2/3323 1736/2/3322
f 1746/2/3348 1736/2/3349 1735/2/3348
f 1735/2/3348 1752/2/3348 1746/2/3348
f 1752/2/3350 1753/2/3351 1744/2/3352
f 1744/2/3352 1746/2/3350 1752/2/3350
f 1753/2/3353 1754/2/3354 1745/2/3354
f 1745/2/3354 1744/2/3354 1753/2/3353
f 1754/2/3355 1755/2/3356 1756/2/3357
f 1756/2/3357 1745/2/3355 1754/2/3355
f 1740/2/3335 1745/2/3334 1756/2/3358
f 1756/2/3358 1757/2/3359 1740/2/3335
f 1740/2/3328 1757/2/3360 1747/2/3361
f 1747/2/3361 1741/2/3329 1740/2/3328
f 1758/2/3362 1759/2/3363 1760/2/3364
f 1760/2/3364 1761/2/3365 1758/2/3362
f 1762/2/3366 1763/2/3367 1759/2/3363
f 1759/2/3363 1758/2/3362 1762/2/3366
f 1759/2/3368 1764/2/3369 1765/2/3370
f 1765/2/3370 1760/2/3371 1759/2/3368
f 1759/2/3368 1763/2/3372 1766/2/3373
f 1766/2/3373 1764/2/3369 1759/2/3368
f 1767/2/3374 1768/2/3374 1769/2/3374
f 1769/2/3374 1761/2/3374 1767/2/3374
f 1758/2/3375 1761/2/3375 1769/2/3376
f 1769/2/3376 1770/2/3376 1758/2/3375
f 1758/2/3377 1770/2/3378 1771/2/3379
f 1771/2/3379 1762/2/3378 1758/2/3377
f 1747/2/3380 1762/2/3380 1771/2/3380
f 1771/2/3380 1748/2/3381 1747/2/3380
f 1762/2/3366 1747/2/3361 1757/2/3360
f 1757/2/3360 1763/2/3367 1762/2/3366
f 1756/2/3358 1766/2/3373 1763/2/3372
f 1763/2/3372 1757/2/3359 1756/2/3358
f 1766/2/3382 1756/2/3383 1755/2/3384
f 1755/2/3384 1772/2/3382 1766/2/3382
f 1772/2/3385 1773/2/3386 1764/2/3386
f 1764/2/3386 1766/2/3385 1772/2/3385
f 1773/2/3387 1774/2/3387 1765/2/3387
f 1765/2/3387 1764/2/3387 1773/2/3387
f 1774/2/3388 1775/2/3388 1776/2/3388
f 1776/2/3388 1765/2/3388 1774/2/3388
f 1760/2/3371 1765/2/3370 1776/2/3389
f 1776/2/3389 1777/2/3390 1760/2/3371
f 1760/2/3364 1777/2/3391 1767/2/3392
f 1767/2/3392 1761/2/3365 1760/2/3364
f 1778/2/3393 1779/2/3394 1780/2/3395
f 1780/2/3395 1781/2/3396 1778/2/3393
f 1782/2/3397 1783/2/3398 1779/2/3394
f 1779/2/3394 1778/2/3393 1782/2/3397
f 1779/2/3399 1784/2/3400 1785/2/3401
f 1785/2/3401 1780/2/3402 1779/2/3399
f 1779/2/3399 1783/2/3403 1786/2/3404
f 1786/2/3404 1784/2/3400 1779/2/3399
f 1787/2/3405 1788/2/3405 1789/2/3405
f 1789/2/3405 1781/2/3405 1787/2/3405
f 1778/2/3406 1781/2/3406 1789/2/3406
f 1789/2/3406 1790/2/3406 1778/2/3406
f 1778/2/3407 1790/2/3407 1791/2/3407
f 1791/2/3407 1782/2/3408 1778/2/3407
f 1767/2/3409 1782/2/3409 1791/2/3409
f 1791/2/3409 1768/2/3409 1767/2/3409
f 1782/2/3397 1767/2/3392 1777/2/3391
f 1777/2/3391 1783/2/3398 1782/2/3397
f 1776/2/3389 1786/2/3404 1783/2/3403
f 1783/2/3403 1777/2/3390 1776/2/3389
f 1786/2/3410 1776/2/3410 1775/2/3411
f 1775/2/3411 1792/2/3411 1786/2/3410
f 1792/2/3412 1793/2/3413 1784/2/3412
f 1784/2/3412 1786/2/3413 1792/2/3412
f 1793/2/3414 1794/2/3414 1785/2/3414
f 1785/2/3414 1784/2/3414 1793/2/3414
f 1794/2/3415 1795/2/3416 1796/2/3417
f 1796/2/3417 1785/2/3418 1794/2/3415
f 1780/2/3402 1785/2/3401 1796/2/3419
f 1796/2/3419 1797/2/3420 1780/2/3402
f 1780/2/3395 1797/2/3421 1787/2/3422
f 1787/2/3422 1781/2/3396 1780/2/3395
f 1798/2/3423 1799/2/3424 1800/2/3425
f 1800/2/3425 1801/2/3426 1798/2/3423
f 1802/2/3427 1803/2/3428 1799/2/3424
f 1799/2/3424 1798/2/3423 1802/2/3427
f 1799/2/3429 1804/2/3430 1805/2/3431
f 1805/2/3431 1800/2/3432 1799/2/3429
f 1799/2/3429 1803/2/3433 1806/2/3434
f 1806/2/3434 1804/2/3430 1799/2/3429
f 1807/2/3435 1808/2/3436 1809/2/3435
f 1809/2/3435 1801/2/3435 1807/2/3435
f 1798/2/2111 1801/2/3437 1809/2/3437
f 1809/2/3437 1810/2/2111 1798/2/2111
f 1798/2/3438 1810/2/2108 1811/2/3438
f 1811/2/3438 1802/2/3439 1798/2/3438
f 1787/2/3440 1802/2/2106 1811/2/2106
f 1811/2/2106 1788/2/2106 1787/2/3440
f 1802/2/3427 1787/2/3422 1797/2/3421
f 1797/2/3421 1803/2/3428 1802/2/3427
f 1796/2/3419 1806/2/3434 1803/2/3433
f 1803/2/3433 1797/2/3420 1796/2/3419
f 1806/2/3441 1796/2/3442 1795/2/3441
f 1795/2/3441 1812/2/2099 1806/2/3441
f 1812/2/3443 1813/2/2098 1804/2/2098
f 1804/2/2098 1806/2/3444 1812/2/3443
f 1813/2/3445 1814/2/2097 1805/2/3445
f 1805/2/3445 1804/2/2097 1813/2/3445
f 1814/2/2095 1815/2/2095 1816/2/2095
f 1816/2/2095 1805/2/2095 1814/2/2095
f 1800/2/3432 1805/2/3431 1816/2/3446
f 1816/2/3446 1817/2/3447 1800/2/3432
f 1800/2/3425 1817/2/3448 1807/2/3449
f 1807/2/3449 1801/2/3426 1800/2/3425
f 1818/2/3450 1819/2/3451 1820/2/3452
f 1820/2/3452 1821/2/3453 1818/2/3450
f 1822/2/3454 1823/2/3455 1819/2/3451
f 1819/2/3451 1818/2/3450 1822/2/3454
f 1819/2/3456 1824/2/3457 1825/2/3458
f 1825/2/3458 1820/2/3459 1819/2/3456
f 1819/2/3456 1823/2/3460 1826/2/3461
f 1826/2/3461 1824/2/3457 1819/2/3456
f 1827/2/2990 1828/2/2990 1829/2/2990
f 1829/2/2990 1821/2/2990 1827/2/2990
f 1818/2/3462 1821/2/3463 1829/2/2988
f 1829/2/2988 1830/2/3463 1818/2/3462
f 1818/2/3464 1830/2/3465 1831/2/3464
f 1831/2/3464 1822/2/3465 1818/2/3464
f 1807/2/3466 1822/2/3466 1831/2/3466
f 1831/2/3466 1808/2/2983 1807/2/3466
f 1822/2/3454 1807/2/3449 1817/2/3448
f 1817/2/3448 1823/2/3455 1822/2/3454
f 1816/2/3446 1826/2/3461 1823/2/3460
f 1823/2/3460 1817/2/3447 1816/2/3446
f 1826/2/2982 1816/2/2982 1815/2/2982
f 1815/2/2982 1832/2/2982 1826/2/2982
f 1832/2/2981 1833/2/2981 1824/2/2981
f 1824/2/2981 1826/2/2981 1832/2/2981
f 1833/2/3467 1834/2/2980 1825/2/3468
f 1825/2/3468 1824/2/3469 1833/2/3467
f 1834/2/2979 1835/2/2979 1836/2/2979
f 1836/2/2979 1825/2/2979 1834/2/2979
f 1820/2/3459 1825/2/3458 1836/2/3470
f 1836/2/3470 1837/2/3471 1820/2/3459
f 1820/2/3452 1837/2/3472 1827/2/3473
f 1827/2/3473 1821/2/3453 1820/2/3452
f 1838/2/3474 1839/2/3475 1840/2/3476
f 1840/2/3476 1841/2/3477 1838/2/3474
f 1842/2/3478 1843/2/3479 1839/2/3475
f 1839/2/3475 1838/2/3474 1842/2/3478
f 1839/2/3480 1844/2/3481 1845/2/3482
f 1845/2/3482 1840/2/3483 1839/2/3480
f 1839/2/3480 1843/2/3484 1846/2/3485
f 1846/2/3485 1844/2/3481 1839/2/3480
f 1847/2/3029 1848/2/3029 1849/2/3029
f 1849/2/3029 1841/2/3029 1847/2/3029
f 1838/2/3026 1841/2/3026 1849/2/3026
f 1849/2/3026 1850/2/3026 1838/2/3026
f 1838/2/3023 1850/2/3023 1851/2/3023
f 1851/2/3023 1842/2/3023 1838/2/3023
f 1827/2/3022 1842/2/3022 1851/2/3022
f 1851/2/3022 1828/2/3022 1827/2/3022
f 1842/2/3478 1827/2/3473 1837/2/3472
f 1837/2/3472 1843/2/3479 1842/2/3478
f 1836/2/3470 1846/2/3485 1843/2/3484
f 1843/2/3484 1837/2/3471 1836/2/3470
f 1846/2/3018 1836/2/3018 1835/2/3018
f 1835/2/3018 1852/2/3018 1846/2/3018
f 1852/2/3486 1853/2/3487 1844/2/3488
f 1844/2/3488 1846/2/3017 1852/2/3486
f 1853/2/3013 1854/2/3489 1845/2/3013
f 1845/2/3013 1844/2/3013 1853/2/3013
f 1854/2/3490 1855/2/3009 1856/2/3009
f 1856/2/3009 1845/2/3009 1854/2/3490
f 1840/2/3483 1845/2/3482 1856/2/3491
f 1856/2/3491 1857/2/3492 1840/2/3483
f 1840/2/3476 1857/2/3493 1847/2/3494
f 1847/2/3494 1841/2/3477 1840/2/3476
f 1858/2/3495 1859/2/3496 1860/2/3497
f 1860/2/3497 1861/2/3498 1858/2/3495
f 1862/2/3499 1863/2/3500 1859/2/3496
f 1859/2/3496 1858/2/3495 1862/2/3499
f 1859/2/3501 1864/2/3502 1865/2/3503
f 1865/2/3503 1860/2/3504 1859/2/3501
f 1859/2/3501 1863/2/3505 1866/2/3506
f 1866/2/3506 1864/2/3502 1859/2/3501
f 1867/2/3058 1868/2/3058 1869/2/3058
f 1869/2/3058 1861/2/3058 1867/2/3058
f 1858/2/3057 1861/2/3057 1869/2/3507
f 1869/2/3507 1870/2/3057 1858/2/3057
f 1858/2/3508 1870/2/3509 1871/2/3510
f 1871/2/3510 1862/2/3509 1858/2/3508
f 1847/2/3054 1862/2/3054 1871/2/3054
f 1871/2/3054 1848/2/3054 1847/2/3054
f 1862/2/3499 1847/2/3494 1857/2/3493
f 1857/2/3493 1863/2/3500 1862/2/3499
f 1856/2/3491 1866/2/3506 1863/2/3505
f 1863/2/3505 1857/2/3492 1856/2/3491
f 1866/2/3053 1856/2/3053 1855/2/3053
f 1855/2/3053 1872/2/3053 1866/2/3053
f 1872/2/3511 1873/2/3512 1864/2/3513
f 1864/2/3513 1866/2/3514 1872/2/3511
f 1873/2/3051 1874/2/3051 1865/2/3051
f 1865/2/3051 1864/2/3051 1873/2/3051
f 1874/2/3047 1875/2/3047 1876/2/3047
f 1876/2/3047 1865/2/3047 1874/2/3047
f 1860/2/3504 1865/2/3503 1876/2/3515
f 1876/2/3515 1877/2/3516 1860/2/3504
f 1860/2/3497 1877/2/3517 1867/2/3518
f 1867/2/3518 1861/2/3498 1860/2/3497
f 1878/2/3519 1879/2/3520 1880/2/3521
f 1880/2/3521 1881/2/3522 1878/2/3519
f 1882/2/3523 1883/2/3524 1879/2/3520
f 1879/2/3520 1878/2/3519 1882/2/3523
f 1879/2/3525 1884/2/3526 1885/2/3527
f 1885/2/3527 1880/2/3528 1879/2/3525
f 1879/2/3525 1883/2/3529 1886/2/3530
f 1886/2/3530 1884/2/3526 1879/2/3525
f 1887/2/3088 1888/2/3088 1889/2/3088
f 1889/2/3088 1881/2/3088 1887/2/3088
f 1878/2/3531 1881/2/3085 1889/2/3532
f 1889/2/3532 1890/2/3085 1878/2/3531
f 1878/2/3084 1890/2/3084 1891/2/3084
f 1891/2/3084 1882/2/3084 1878/2/3084
f 1867/2/3533 1882/2/3083 1891/2/3083
f 1891/2/3083 1868/2/3083 1867/2/3533
f 1882/2/3523 1867/2/3518 1877/2/3517
f 1877/2/3517 1883/2/3524 1882/2/3523
f 1876/2/3515 1886/2/3530 1883/2/3529
f 1883/2/3529 1877/2/3516 1876/2/3515
f 1886/2/3534 1876/2/3535 1875/2/3534
f 1875/2/3534 1892/2/3534 1886/2/3534
f 1892/2/3536 1893/2/3537 1884/2/3537
f 1884/2/3537 1886/2/3078 1892/2/3536
f 1893/2/3077 1894/2/3077 1885/2/3077
f 1885/2/3077 1884/2/3538 1893/2/3077
f 1894/2/3539 1895/2/3539 1896/2/3540
f 1896/2/3540 1885/2/3539 1894/2/3539
f 1880/2/3528 1885/2/3527 1896/2/3541
f 1896/2/3541 1897/2/3542 1880/2/3528
f 1880/2/3521 1897/2/3543 1887/2/3544
f 1887/2/3544 1881/2/3522 1880/2/3521
f 1898/2/3545 1899/2/3546 1900/2/3547
f 1900/2/3547 1901/2/3548 1898/2/3545
f 1902/2/3549 1903/2/3550 1899/2/3546
f 1899/2/3546 1898/2/3545 1902/2/3549
f 1899/2/3551 1904/2/3552 1905/2/3553
f 1905/2/3553 1900/2/3554 1899/2/3551
f 1899/2/3551 1903/2/3555 1906/2/3556
f 1906/2/3556 1904/2/3552 1899/2/3551
f 1907/2/3118 1908/2/3118 1909/2/3557
f 1909/2/3557 1901/2/3118 1907/2/3118
f 1898/2/3117 1901/2/3117 1909/2/3117
f 1909/2/3117 1910/2/3117 1898/2/3117
f 1898/2/3115 1910/2/3115 1911/2/3115
f 1911/2/3115 1902/2/3115 1898/2/3115
f 1887/2/3113 1902/2/3113 1911/2/3113
f 1911/2/3113 1888/2/3113 1887/2/3113
f 1902/2/3549 1887/2/3544 1897/2/3543
f 1897/2/3543 1903/2/3550 1902/2/3549
f 1896/2/3541 1906/2/3556 1903/2/3555
f 1903/2/3555 1897/2/3542 1896/2/3541
f 1906/2/3558 1896/2/3112 1895/2/3112
f 1895/2/3112 1912/2/3112 1906/2/3558
f 1912/2/3109 1913/2/3109 1904/2/3109
f 1904/2/3109 1906/2/3110 1912/2/3109
f 1913/2/3108 1914/2/3108 1905/2/3559
f 1905/2/3559 1904/2/3108 1913/2/3108
f 1914/2/3560 1915/2/3106 1916/2/3106
f 1916/2/3106 1905/2/3106 1914/2/3560
f 1900/2/3554 1905/2/3553 1916/2/3561
f 1916/2/3561 1917/2/3562 1900/2/3554
f 1900/2/3547 1917/2/3563 1907/2/3564
f 1907/2/3564 1901/2/3548 1900/2/3547
f 1918/2/3565 1919/2/3566 1920/2/3567
f 1920/2/3567 1921/2/3568 1918/2/3565
f 1922/2/3569 1923/2/3570 1919/2/3566
f 1919/2/3566 1918/2/3565 1922/2/3569
f 1919/2/3571 1924/2/3572 1925/2/3573
f 1925/2/3573 1920/2/3574 1919/2/3571
f 1919/2/3571 1923/2/3575 1926/2/3576
f 1926/2/3576 1924/2/3572 1919/2/3571
f 1927/2/3147 1928/2/3147 1929/2/3147
f 1929/2/3147 1921/2/3147 1927/2/3147
f 1918/2/3144 1921/2/3144 1929/2/3144
f 1929/2/3144 1930/2/3144 1918/2/3144
f 1918/2/3143 1930/2/3143 1931/2/3143
f 1931/2/3143 1922/2/3143 1918/2/3143
f 1907/2/3142 1922/2/3142 1931/2/3142
f 1931/2/3142 1908/2/3142 1907/2/3142
f 1922/2/3569 1907/2/3564 1917/2/3563
f 1917/2/3563 1923/2/3570 1922/2/3569
f 1916/2/3561 1926/2/3576 1923/2/3575
f 1923/2/3575 1917/2/3562 1916/2/3561
f 1926/2/3577 1916/2/3578 1915/2/3578
f 1915/2/3578 1932/2/3578 1926/2/3577
f 1932/2/3579 1933/2/3579 1924/2/3579
f 1924/2/3579 1926/2/3579 1932/2/3579
f 1933/2/3139 1934/2/3580 1925/2/3580
f 1925/2/3580 1924/2/3580 1933/2/3139
f 1934/2/3137 1935/2/3137 1936/2/3137
f 1936/2/3137 1925/2/3137 1934/2/3137
f 1920/2/3574 1925/2/3573 1936/2/3581
f 1936/2/3581 1937/2/3582 1920/2/3574
f 1920/2/3567 1937/2/3583 1927/2/3584
f 1927/2/3584 1921/2/3568 1920/2/3567
f 1938/2/3585 1939/2/3586 1940/2/3587
f 1940/2/3587 1941/2/3587 1938/2/3585
f 1942/2/3588 1943/2/3589 1939/2/3586
f 1939/2/3586 1938/2/3585 1942/2/3588
f 1939/2/3590 1944/2/3591 1945/2/3592
f 1945/2/3592 1940/2/3593 1939/2/3590
f 1939/2/3590 1943/2/3594 1946/2/3595
f 1946/2/3595 1944/2/3591 1939/2/3590
f 1947/2/3176 1948/2/3176 1949/2/3177
f 1949/2/3177 1941/2/3596 1947/2/3176
f 1938/2/3175 1941/2/3175 1949/2/3175
f 1949/2/3175 1950/2/3175 1938/2/3175
f 1938/2/3174 1950/2/3174 1951/2/3597
f 1951/2/3597 1942/2/3598 1938/2/3174
f 1927/2/3171 1942/2/3599 1951/2/3600
f 1951/2/3600 1928/2/3171 1927/2/3171
f 1942/2/3588 1927/2/3584 1937/2/3583
f 1937/2/3583 1943/2/3589 1942/2/3588
f 1936/2/3581 1946/2/3595 1943/2/3594
f 1943/2/3594 1937/2/3582 1936/2/3581
f 1946/2/3601 1936/2/3169 1935/2/3169
f 1935/2/3169 1952/2/3169 1946/2/3601
f 1952/2/3168 1953/2/3168 1944/2/3168
f 1944/2/3168 1946/2/3168 1952/2/3168
f 1953/2/3602 1954/2/3165 1945/2/3165
f 1945/2/3165 1944/2/3165 1953/2/3602
f 1954/2/3164 1955/2/3164 1956/2/3164
f 1956/2/3164 1945/2/3164 1954/2/3164
f 1940/2/3593 1945/2/3592 1956/2/3603
f 1956/2/3603 1957/2/3604 1940/2/3593
f 1940/2/3587 1957/2/3605 1947/2/3606
f 1947/2/3606 1941/2/3587 1940/2/3587
f 1958/2/3607 1959/2/3608 1960/2/3609
f 1960/2/3609 1961/2/3610 1958/2/3607
f 1962/2/3611 1963/2/3612 1959/2/3608
f 1959/2/3608 1958/2/3607 1962/2/3611
f 1959/2/3613 1964/2/3614 1965/2/3615
f 1965/2/3615 1960/2/3616 1959/2/3613
f 1959/2/3613 1963/2/3617 1966/2/3618
f 1966/2/3618 1964/2/3614 1959/2/3613
f 1967/2/3206 1968/2/3619 1969/2/3620
f 1969/2/3620 1961/2/3621 1967/2/3206
f 1958/2/3203 1961/2/3622 1969/2/3623
f 1969/2/3623 1970/2/3622 1958/2/3203
f 1958/2/3202 1970/2/3202 1971/2/3624
f 1971/2/3624 1962/2/3202 1958/2/3202
f 1947/2/3201 1962/2/3201 1971/2/3625
f 1971/2/3625 1948/2/3625 1947/2/3201
f 1962/2/3611 1947/2/3606 1957/2/3605
f 1957/2/3605 1963/2/3612 1962/2/3611
f 1956/2/3603 1966/2/3618 1963/2/3617
f 1963/2/3617 1957/2/3604 1956/2/3603
f 1966/2/3198 1956/2/3198 1955/2/3198
f 1955/2/3198 1972/2/3198 1966/2/3198
f 1972/2/3626 1973/2/3626 1964/2/3626
f 1964/2/3626 1966/2/3626 1972/2/3626
f 1973/2/3627 1974/2/3195 1965/2/3195
f 1965/2/3195 1964/2/3195 1973/2/3627
f 1974/2/3193 1975/2/3193 1976/2/3193
f 1976/2/3193 1965/2/3193 1974/2/3193
f 1960/2/3616 1965/2/3615 1976/2/3628
f 1976/2/3628 1977/2/3629 1960/2/3616
f 1960/2/3609 1977/2/3630 1967/2/3631
f 1967/2/3631 1961/2/3610 1960/2/3609
f 1978/2/3632 1979/2/3633 1980/2/3634
f 1980/2/3634 1981/2/3634 1978/2/3632
f 1982/2/3635 1983/2/3636 1979/2/3633
f 1979/2/3633 1978/2/3632 1982/2/3635
f 1979/2/3637 1984/2/3638 1985/2/3639
f 1985/2/3639 1980/2/3640 1979/2/3637
f 1979/2/3637 1983/2/3641 1986/2/3642
f 1986/2/3642 1984/2/3638 1979/2/3637
f 1987/2/3236 1988/2/3236 1989/2/3236
f 1989/2/3236 1981/2/3236 1987/2/3236
f 1978/2/3235 1981/2/3235 1989/2/3235
f 1989/2/3235 1990/2/3234 1978/2/3235
f 1978/2/3643 1990/2/3643 1991/2/3643
f 1991/2/3643 1982/2/3643 1978/2/3643
f 1967/2/3644 1982/2/3231 1991/2/3231
f 1991/2/3231 1968/2/3231 1967/2/3644
f 1982/2/3635 1967/2/3631 1977/2/3630
f 1977/2/3630 1983/2/3636 1982/2/3635
f 1976/2/3628 1986/2/3642 1983/2/3641
f 1983/2/3641 1977/2/3629 1976/2/3628
f 1986/2/3230 1976/2/3230 1975/2/3230
f 1975/2/3230 1992/2/3230 1986/2/3230
f 1992/2/3226 1993/2/3226 1984/2/3226
f 1984/2/3226 1986/2/3226 1992/2/3226
f 1993/2/3225 1994/2/3225 1985/2/3225
f 1985/2/3225 1984/2/3225 1993/2/3225
f 1994/2/3645 1995/2/3646 1996/2/3646
f 1996/2/3646 1985/2/3647 1994/2/3645
f 1980/2/3640 1985/2/3639 1996/2/3648
f 1996/2/3648 1997/2/3649 1980/2/3640
f 1980/2/3634 1997/2/3650 1987/2/3651
f 1987/2/3651 1981/2/3634 1980/2/3634
f 1998/2/3652 1999/2/3653 2000/2/3654
f 2000/2/3654 2001/2/3655 1998/2/3652
f 2002/2/3656 2003/2/3657 1999/2/3653
f 1999/2/3653 1998/2/3652 2002/2/3656
f 1999/2/3658 2004/2/3659 2005/2/3660
f 2005/2/3660 2000/2/3661 1999/2/3658
f 1999/2/3658 2003/2/3662 2006/2/3663
f 2006/2/3663 2004/2/3659 1999/2/3658
f 2007/2/3664 2008/2/3665 2009/2/3665
f 2009/2/3665 2001/2/3665 2007/2/3664
f 1998/2/3666 2001/2/3667 2009/2/3666
f 2009/2/3666 2010/2/3668 1998/2/3666
f 1998/2/3263 2010/2/3263 2011/2/3263
f 2011/2/3263 2002/2/3263 1998/2/3263
f 1987/2/3261 2002/2/3261 2011/2/3261
f 2011/2/3261 1988/2/3261 1987/2/3261
f 2002/2/3656 1987/2/3651 1997/2/3650
f 1997/2/3650 2003/2/3657 2002/2/3656
f 1996/2/3648 2006/2/3663 2003/2/3662
f 2003/2/3662 1997/2/3649 1996/2/3648
f 2006/2/3259 1996/2/3259 1995/2/3259
f 1995/2/3259 2012/2/3259 2006/2/3259
f 2012/2/3669 2013/2/3257 2004/2/3257
f 2004/2/3257 2006/2/3669 2012/2/3669
f 2013/2/3256 2014/2/3256 2005/2/3256
f 2005/2/3256 2004/2/3256 2013/2/3256
f 2014/2/3670 2015/2/3253 2016/2/3253
f 2016/2/3253 2005/2/3253 2014/2/3670
f 2000/2/3661 2005/2/3660 2016/2/3671
f 2016/2/3671 2017/2/3672 2000/2/3661
f 2000/2/3654 2017/2/3673 2007/2/3674
f 2007/2/3674 2001/2/3655 2000/2/3654
f 2018/2/3675 2019/2/3676 2020/2/3677
f 2020/2/3677 2021/2/3678 2018/2/3675
f 2022/2/3679 2023/2/3680 2019/2/3676
f 2019/2/3676 2018/2/3675 2022/2/3679
f 2019/2/3681 2024/2/3682 2025/2/3683
f 2025/2/3683 2020/2/3684 2019/2/3681
f 2019/2/3681 2023/2/3685 2026/2/3686
f 2026/2/3686 2024/2/3682 2019/2/3681
f 2027/2/3687 2028/2/3688 2029/2/3687
f 2029/2/3687 2021/2/3687 2027/2/3687
f 2018/2/3291 2021/2/3291 2029/2/3291
f 2029/2/3291 2030/2/3291 2018/2/3291
f 2018/2/3289 2030/2/3289 2031/2/3289
f 2031/2/3289 2022/2/3289 2018/2/3289
f 2007/2/3287 2022/2/3287 2031/2/3287
f 2031/2/3287 2008/2/3287 2007/2/3287
f 2022/2/3679 2007/2/3674 2017/2/3673
f 2017/2/3673 2023/2/3680 2022/2/3679
f 2016/2/3671 2026/2/3686 2023/2/3685
f 2023/2/3685 2017/2/3672 2016/2/3671
f 2026/2/3689 2016/2/3690 2015/2/3690
f 2015/2/3690 2032/2/3690 2026/2/3689
f 2032/2/3284 2033/2/3284 2024/2/3691
f 2024/2/3691 2026/2/3284 2032/2/3284
f 2033/2/3692 2034/2/3692 2025/2/3283
f 2025/2/3283 2024/2/3692 2033/2/3692
f 2034/2/3693 2035/2/3693 2036/2/3693
f 2036/2/3693 2025/2/3693 2034/2/3693
f 2020/2/3684 2025/2/3683 2036/2/3694
f 2036/2/3694 2037/2/3695 2020/2/3684
f 2020/2/3677 2037/2/3696 2027/2/3697
f 2027/2/3697 2021/2/3678 2020/2/3677
f 2038/2/3698 2039/2/3699 2040/2/3700
f 2040/2/3700 2041/2/3701 2038/2/3698
f 2042/2/3702 2043/2/3703 2039/2/3699
f 2039/2/3699 2038/2/3698 2042/2/3702
f 2039/2/3704 2044/2/3705 2045/2/3706
f 2045/2/3706 2040/2/3707 2039/2/3704
f 2039/2/3704 2043/2/3708 2046/2/3709
f 2046/2/3709 2044/2/3705 2039/2/3704
f 2047/2/3320 2048/2/3320 2049/2/3320
f 2049/2/3320 2041/2/3320 2047/2/3320
f 2038/2/3319 2041/2/3710 2049/2/3319
f 2049/2/3319 2050/2/3711 2038/2/3319
f 2038/2/3318 2050/2/3318 2051/2/3318
f 2051/2/3318 2042/2/3318 2038/2/3318
f 2027/2/3712 2042/2/3713 2051/2/3316
f 2051/2/3316 2028/2/3316 2027/2/3712
f 2042/2/3702 2027/2/3697 2037/2/3696
f 2037/2/3696 2043/2/3703 2042/2/3702
f 2036/2/3694 2046/2/3709 2043/2/3708
f 2043/2/3708 2037/2/3695 2036/2/3694
f 2046/2/3315 2036/2/3315 2035/2/3315
f 2035/2/3315 2052/2/3315 2046/2/3315
f 2052/2/3714 2053/2/3313 2044/2/3714
f 2044/2/3714 2046/2/3715 2052/2/3714
f 2053/2/3312 2054/2/3312 2045/2/3312
f 2045/2/3312 2044/2/3312 2053/2/3312
f 2054/2/3311 2055/2/3716 2056/2/3716
f 2056/2/3716 2045/2/3716 2054/2/3311
f 2040/2/3707 2045/2/3706 2056/2/3717
f 2056/2/3717 2057/2/3718 2040/2/3707
f 2040/2/3700 2057/2/3719 2047/2/3720
f 2047/2/3720 2041/2/3701 2040/2/3700
f 2058/2/3721 2059/2/3722 2060/2/3723
f 2060/2/3723 2061/2/3724 2058/2/3721
f 2062/2/3725 2063/2/3726 2059/2/3722
f 2059/2/3722 2058/2/3721 2062/2/3725
f 2059/2/3727 2064/2/3728 2065/2/3729
f 2065/2/3729 2060/2/3730 2059/2/3727
f 2059/2/3727 2063/2/3731 2066/2/3732
f 2066/2/3732 2064/2/3728 2059/2/3727
f 2067/2/3355 2068/2/3355 2069/2/3355
f 2069/2/3355 2061/2/3355 2067/2/3355
f 2058/2/3354 2061/2/3354 2069/2/3354
f 2069/2/3354 2070/2/3354 2058/2/3354
f 2058/2/3733 2070/2/3734 2071/2/3733
f 2071/2/3733 2062/2/3735 2058/2/3733
f 2047/2/3348 2062/2/3348 2071/2/3348
f 2071/2/3348 2048/2/3348 2047/2/3348
f 2062/2/3725 2047/2/3720 2057/2/3719
f 2057/2/3719 2063/2/3726 2062/2/3725
f 2056/2/3717 2066/2/3732 2063/2/3731
f 2063/2/3731 2057/2/3718 2056/2/3717
f 2066/2/3736 2056/2/3736 2055/2/3736
f 2055/2/3736 2072/2/3736 2066/2/3736
f 2072/2/3737 2073/2/3737 2064/2/3345
f 2064/2/3345 2066/2/3738 2072/2/3737
f 2073/2/3739 2074/2/3342 2065/2/3342
f 2065/2/3342 2064/2/3740 2073/2/3739
f 2074/2/3339 2075/2/3339 2076/2/3339
f 2076/2/3339 2065/2/3741 2074/2/3339
f 2060/2/3730 2065/2/3729 2076/2/3742
f 2076/2/3742 2077/2/3743 2060/2/3730
f 2060/2/3723 2077/2/3744 2067/2/3745
f 2067/2/3745 2061/2/3724 2060/2/3723
f 2078/2/3746 2079/2/3747 2080/2/3748
f 2080/2/3748 2081/2/3749 2078/2/3746
f 2082/2/3750 2083/2/3751 2079/2/3747
f 2079/2/3747 2078/2/3746 2082/2/3750
f 2079/2/3752 2084/2/3753 2085/2/3754
f 2085/2/3754 2080/2/3755 2079/2/3752
f 2079/2/3752 2083/2/3756 2086/2/3757
f 2086/2/3757 2084/2/3753 2079/2/3752
f 2087/2/3758 2088/2/3759 2089/2/3758
f 2089/2/3758 2081/2/3760 2087/2/3758
f 2078/2/3387 2081/2/3387 2089/2/3387
f 2089/2/3387 2090/2/3387 2078/2/3387
f 2078/2/3386 2090/2/3386 2091/2/3386
f 2091/2/3386 2082/2/3386 2078/2/3386
f 2067/2/3384 2082/2/3383 2091/2/3383
f 2091/2/3383 2068/2/3383 2067/2/3384
f 2082/2/3750 2067/2/3745 2077/2/3744
f 2077/2/3744 2083/2/3751 2082/2/3750
f 2076/2/3742 2086/2/3757 2083/2/3756
f 2083/2/3756 2077/2/3743 2076/2/3742
f 2086/2/3381 2076/2/3380 2075/2/3381
f 2075/2/3381 2092/2/3381 2086/2/3381
f 2092/2/3378 2093/2/3378 2084/2/3761
f 2084/2/3761 2086/2/3378 2092/2/3378
f 2093/2/3762 2094/2/3762 2085/2/3762
f 2085/2/3762 2084/2/3762 2093/2/3762
f 2094/2/3374 2095/2/3374 2096/2/3374
f 2096/2/3374 2085/2/3374 2094/2/3374
f 2080/2/3755 2085/2/3754 2096/2/3763
f 2096/2/3763 2097/2/3764 2080/2/3755
f 2080/2/3748 2097/2/3765 2087/2/3766
f 2087/2/3766 2081/2/3749 2080/2/3748
f 2098/2/3767 2099/2/3768 2100/2/3769
f 2100/2/3769 2101/2/3770 2098/2/3767
f 2102/2/3771 2103/2/3772 2099/2/3768
f 2099/2/3768 2098/2/3767 2102/2/3771
f 2099/2/3773 2104/2/3774 2105/2/3775
f 2105/2/3775 2100/2/3776 2099/2/3773
f 2099/2/3773 2103/2/3777 2106/2/3778
f 2106/2/3778 2104/2/3774 2099/2/3773
f 848/2/3779 847/2/3416 2107/2/3780
f 2107/2/3780 2101/2/3779 848/2/3779
f 2098/2/3414 2101/2/3414 2107/2/3414
f 2107/2/3414 2108/2/3414 2098/2/3414
f 2098/2/3413 2108/2/3413 2109/2/3413
f 2109/2/3413 2102/2/3781 2098/2/3413
f 2087/2/3411 2102/2/3411 2109/2/3411
f 2109/2/3411 2088/2/3411 2087/2/3411
f 2102/2/3771 2087/2/3766 2097/2/3765
f 2097/2/3765 2103/2/3772 2102/2/3771
f 2096/2/3763 2106/2/3778 2103/2/3777
f 2103/2/3777 2097/2/3764 2096/2/3763
f 2106/2/3782 2096/2/3409 2095/2/3782
f 2095/2/3782 2110/2/3782 2106/2/3782
f 2110/2/3407 2111/2/3407 2104/2/3407
f 2104/2/3407 2106/2/3407 2110/2/3407
f 2111/2/3783 2112/2/3406 2105/2/3406
f 2105/2/3406 2104/2/3406 2111/2/3783
f 850/2/3405 2105/2/3405 2112/2/3405
f 2112/2/3405 852/2/3405 850/2/3405
f 2105/2/3775 850/2/2104 849/2/2103
f 849/2/2103 2100/2/3776 2105/2/3775
f 2100/2/3769 849/2/2101 848/2/2102
f 848/2/2102 2101/2/3770 2100/2/3769
f 2113/2/3784 2114/2/3784 2115/2/3784
f 2115/2/3784 2116/2/3784 2113/2/3784
f 2117/2/3785 2118/2/3786 2114/2/3787
f 2114/2/3787 2113/2/3788 2117/2/3785
f 2114/2/3789 2119/2/3790 2120/2/3789
f 2120/2/3789 2115/2/3789 2114/2/3789
f 2121/2/3791 2119/2/3792 2114/2/3793
f 2114/2/3793 2118/2/3792 2121/2/3791
f 2122/2/3794 1358/2/3795 1380/2/3794
f 1380/2/3794 2116/2/3796 2122/2/3794
f 2116/2/3797 1380/2/3797 1379/2/3797
f 1379/2/3797 2113/2/3797 2116/2/3797
f 2117/2/3798 2113/2/3798 1379/2/3799
f 1379/2/3799 1377/2/3798 2117/2/3798
f 2117/2/3800 1377/2/3800 1378/2/3800
f 1378/2/3800 2123/2/3800 2117/2/3800
f 2117/2/3801 2123/2/3801 2124/2/3801
f 2124/2/3801 2118/2/3801 2117/2/3801
f 2125/2/3802 2121/2/3803 2118/2/3803
f 2118/2/3803 2124/2/3802 2125/2/3802
f 2121/2/3804 2125/2/3804 1995/2/3805
f 1995/2/3805 1994/2/3804 2121/2/3804
f 2121/2/3806 1994/2/3806 1993/2/3806
f 1993/2/3806 2119/2/3806 2121/2/3806
f 1993/2/3807 1992/2/3807 2120/2/3807
f 2120/2/3807 2119/2/3807 1993/2/3807
f 1992/2/3808 1975/2/3809 2126/2/3810
f 2126/2/3810 2120/2/3808 1992/2/3808
f 2115/2/3811 2120/2/3812 2126/2/3812
f 2126/2/3812 2127/2/3811 2115/2/3811
f 2115/2/3813 2127/2/3813 2122/2/3813
f 2122/2/3813 2116/2/3813 2115/2/3813
f 2128/2/3814 2129/2/3814 2130/2/3814
f 2130/2/3814 2131/2/3814 2128/2/3814
f 2132/2/3815 2133/2/3815 2129/2/3815
f 2129/2/3815 2128/2/3815 2132/2/3815
f 2129/2/3816 2134/2/3817 2135/2/3816
f 2135/2/3816 2130/2/3816 2129/2/3816
f 2133/2/3818 2136/2/3818 2134/2/3818
f 2134/2/3818 2129/2/3818 2133/2/3818
f 881/2/3819 1492/2/3819 2131/2/3819
f 2131/2/3819 2137/2/3819 881/2/3819
f 1497/2/3820 2128/2/3820 2131/2/3820
f 2131/2/3820 1492/2/3820 1497/2/3820
f 1497/2/3821 1496/2/3821 2132/2/3821
f 2132/2/3821 2128/2/3821 1497/2/3821
f 1496/2/3822 1473/2/3823 2138/2/3824
f 2138/2/3824 2132/2/3822 1496/2/3822
f 2132/2/3825 2138/2/3825 2139/2/3825
f 2139/2/3825 2133/2/3825 2132/2/3825
f 2140/2/3826 2136/2/3826 2133/2/3826
f 2133/2/3826 2139/2/3826 2140/2/3826
f 2136/2/3827 2140/2/3827 2088/2/3828
f 2088/2/3828 2109/2/3827 2136/2/3827
f 2136/2/3829 2109/2/3829 2108/2/3829
f 2108/2/3829 2134/2/3830 2136/2/3829
f 2134/2/3831 2108/2/3831 2107/2/3832
f 2107/2/3832 2135/2/3831 2134/2/3831
f 2107/2/3833 847/2/3834 2141/2/3833
f 2141/2/3833 2135/2/3835 2107/2/3833
f 2135/2/3836 2141/2/3836 2142/2/3836
f 2142/2/3836 2130/2/3836 2135/2/3836
f 2130/2/3837 2142/2/3837 2137/2/3837
f 2137/2/3837 2131/2/3837 2130/2/3837
f 2143/2/3838 2144/2/3839 2145/2/3840
f 2145/2/3840 2146/2/3838 2143/2/3838
f 2147/2/3841 2148/2/3841 2144/2/3841
f 2144/2/3841 2143/2/3841 2147/2/3841
f 2144/2/3842 2149/2/3843 2150/2/3842
f 2150/2/3842 2145/2/3842 2144/2/3842
f 2144/2/3844 2148/2/3844 2151/2/3845
f 2151/2/3845 2149/2/3845 2144/2/3844
f 2146/2/3846 2152/2/3846 973/2/3847
f 973/2/3847 972/2/3846 2146/2/3846
f 2146/2/3848 972/2/3849 982/2/3848
f 982/2/3848 2143/2/3848 2146/2/3848
f 2147/2/3850 2143/2/3850 982/2/3850
f 982/2/3850 981/2/3850 2147/2/3850
f 981/2/3851 953/2/3852 2153/2/3852
f 2153/2/3852 2147/2/3852 981/2/3851
f 2147/2/3853 2153/2/3853 2154/2/3853
f 2154/2/3853 2148/2/3853 2147/2/3853
f 2155/2/3854 2151/2/3855 2148/2/3856
f 2148/2/3856 2154/2/3854 2155/2/3854
f 1568/2/3857 1591/2/3857 2151/2/3858
f 2151/2/3858 2155/2/3857 1568/2/3857
f 2151/2/3859 1591/2/3859 1590/2/3859
f 1590/2/3859 2149/2/3859 2151/2/3859
f 1590/2/3860 1589/2/3860 2150/2/3860
f 2150/2/3860 2149/2/3861 1590/2/3860
f 1589/2/3862 1588/2/3863 2156/2/3864
f 2156/2/3864 2150/2/3862 1589/2/3862
f 2157/2/3865 2145/2/3865 2150/2/3865
f 2150/2/3865 2156/2/3865 2157/2/3865
f 2145/2/3866 2157/2/3867 2152/2/3867
f 2152/2/3867 2146/2/3867 2145/2/3866
f 2158/2/3868 2159/2/3869 2160/2/3870
f 2160/2/3870 2161/2/3871 2158/2/3868
f 2162/2/3872 2163/2/3872 2159/2/3872
f 2159/2/3872 2158/2/3872 2162/2/3872
f 2159/2/3873 2164/2/3874 2165/2/3874
f 2165/2/3874 2160/2/3873 2159/2/3873
f 2166/2/3875 2164/2/3875 2159/2/3875
f 2159/2/3875 2163/2/3875 2166/2/3875
f 2161/2/3876 2123/2/3876 1378/2/3876
f 1378/2/3876 1400/2/3876 2161/2/3876
f 2161/2/3877 1400/2/3877 1399/2/3877
f 1399/2/3877 2158/2/3877 2161/2/3877
f 2162/2/3878 2158/2/3879 1399/2/3878
f 1399/2/3878 1397/2/3878 2162/2/3878
f 2167/2/3880 2162/2/3880 1397/2/3880
f 1397/2/3880 1398/2/3880 2167/2/3880
f 2167/2/3881 2168/2/3881 2163/2/3881
f 2163/2/3881 2162/2/3881 2167/2/3881
f 2169/2/3882 2166/2/3882 2163/2/3882
f 2163/2/3882 2168/2/3882 2169/2/3882
f 2166/2/3883 2169/2/3883 2015/2/3883
f 2015/2/3883 2014/2/3884 2166/2/3883
f 2166/2/3885 2014/2/3885 2013/2/3885
f 2013/2/3885 2164/2/3885 2166/2/3885
f 2013/2/3886 2012/2/3886 2165/2/3886
f 2165/2/3886 2164/2/3886 2013/2/3886
f 1995/2/3887 2125/2/3888 2165/2/3888
f 2165/2/3888 2012/2/3888 1995/2/3887
f 2160/2/3889 2165/2/3889 2125/2/3889
f 2125/2/3889 2124/2/3889 2160/2/3889
f 2161/2/3890 2160/2/3890 2124/2/3890
f 2124/2/3890 2123/2/3890 2161/2/3890
f 2170/2/3891 2171/2/3891 2172/2/3891
f 2172/2/3891 2173/2/3891 2170/2/3891
f 2174/2/3892 2175/2/3892 2171/2/3892
f 2171/2/3892 2170/2/3892 2174/2/3892
f 2171/2/3893 2176/2/3893 2177/2/3894
f 2177/2/3894 2172/2/3894 2171/2/3893
f 2175/2/3895 2178/2/3896 2176/2/3895
f 2176/2/3895 2171/2/3897 2175/2/3895
f 2179/2/3898 877/2/3898 875/2/3898
f 875/2/3898 2173/2/3898 2179/2/3898
f 874/2/3899 2170/2/3899 2173/2/3899
f 2173/2/3899 875/2/3899 874/2/3899
f 873/2/3900 2174/2/3901 2170/2/3902
f 2170/2/3902 874/2/3903 873/2/3900
f 2180/2/3904 2174/2/3905 873/2/3905
f 873/2/3905 872/2/3906 2180/2/3904
f 2180/2/3907 2181/2/3907 2175/2/3907
f 2175/2/3907 2174/2/3907 2180/2/3907
f 2182/2/3908 2178/2/3908 2175/2/3908
f 2175/2/3908 2181/2/3908 2182/2/3908
f 2182/2/3909 855/2/3909 854/2/3909
f 854/2/3909 2178/2/3909 2182/2/3909
f 2176/2/3910 2178/2/3911 854/2/3911
f 854/2/3911 853/2/3910 2176/2/3910
f 2177/2/3912 2176/2/3912 853/2/3912
f 853/2/3912 851/2/3912 2177/2/3912
f 851/2/3913 852/2/3914 2183/2/3913
f 2183/2/3913 2177/2/3915 851/2/3913
f 2172/2/3916 2177/2/3916 2183/2/3916
f 2183/2/3916 2184/2/3916 2172/2/3916
f 2184/2/3917 2179/2/3917 2173/2/3918
f 2173/2/3918 2172/2/3917 2184/2/3917
f 2185/2/3919 2186/2/3919 2187/2/3919
f 2187/2/3919 2188/2/3919 2185/2/3919
f 2189/2/3920 2190/2/3920 2186/2/3920
f 2186/2/3920 2185/2/3920 2189/2/3920
f 2186/2/3921 2191/2/3922 2192/2/3923
f 2192/2/3923 2187/2/3923 2186/2/3921
f 2190/2/3924 2193/2/3924 2191/2/3924
f 2191/2/3924 2186/2/3925 2190/2/3924
f 2194/2/3926 993/2/3926 992/2/3927
f 992/2/3927 2188/2/3926 2194/2/3926
f 1002/2/3928 2185/2/3928 2188/2/3928
f 2188/2/3928 992/2/3928 1002/2/3928
f 1002/2/3929 1001/2/3929 2189/2/3929
f 2189/2/3929 2185/2/3929 1002/2/3929
f 2152/2/3930 2189/2/3930 1001/2/3930
f 1001/2/3930 973/2/3930 2152/2/3930
f 2190/2/3931 2189/2/3931 2152/2/3931
f 2152/2/3931 2157/2/3931 2190/2/3931
f 2190/2/3932 2157/2/3933 2156/2/3934
f 2156/2/3934 2193/2/3933 2190/2/3932
f 1588/2/3935 1611/2/3935 2193/2/3935
f 2193/2/3935 2156/2/3935 1588/2/3935
f 2193/2/3936 1611/2/3936 1610/2/3936
f 1610/2/3936 2191/2/3936 2193/2/3936
f 2191/2/3937 1610/2/3938 1609/2/3938
f 1609/2/3938 2192/2/3938 2191/2/3937
f 1608/2/3939 2195/2/3939 2192/2/3939
f 2192/2/3939 1609/2/3939 1608/2/3939
f 2196/2/3940 2187/2/3940 2192/2/3940
f 2192/2/3940 2195/2/3940 2196/2/3940
f 2196/2/3941 2194/2/3942 2188/2/3941
f 2188/2/3941 2187/2/3941 2196/2/3941
f 2197/2/3943 2198/2/3943 2199/2/3943
f 2199/2/3943 2200/2/3943 2197/2/3943
f 2201/2/3944 2202/2/3944 2198/2/3944
f 2198/2/3944 2197/2/3944 2201/2/3944
f 2198/2/3945 2203/2/3945 2204/2/3945
f 2204/2/3945 2199/2/3945 2198/2/3945
f 2205/2/3946 2203/2/3947 2198/2/3946
f 2198/2/3946 2202/2/3946 2205/2/3946
f 2167/2/3948 1398/2/3949 1420/2/3948
f 1420/2/3948 2200/2/3948 2167/2/3948
f 2200/2/3950 1420/2/3950 1419/2/3950
f 1419/2/3950 2197/2/3950 2200/2/3950
f 2201/2/3951 2197/2/3951 1419/2/3951
f 1419/2/3951 1417/2/3951 2201/2/3951
f 2206/2/3952 2201/2/3953 1417/2/3952
f 1417/2/3952 1418/2/3952 2206/2/3952
f 2206/2/3954 2207/2/3955 2202/2/3954
f 2202/2/3954 2201/2/3956 2206/2/3954
f 2207/2/3957 2208/2/3957 2205/2/3957
f 2205/2/3957 2202/2/3958 2207/2/3957
f 2205/2/3959 2208/2/3960 2035/2/3960
f 2035/2/3960 2034/2/3961 2205/2/3959
f 2205/2/3962 2034/2/3963 2033/2/3964
f 2033/2/3964 2203/2/3964 2205/2/3962
f 2033/2/3965 2032/2/3966 2204/2/3966
f 2204/2/3966 2203/2/3966 2033/2/3965
f 2032/2/3967 2015/2/3968 2169/2/3969
f 2169/2/3969 2204/2/3967 2032/2/3967
f 2169/2/3970 2168/2/3970 2199/2/3970
f 2199/2/3970 2204/2/3970 2169/2/3970
f 2167/2/3971 2200/2/3971 2199/2/3972
f 2199/2/3972 2168/2/3971 2167/2/3971
f 2209/2/3973 2210/2/3973 2211/2/3973
f 2211/2/3973 2212/2/3973 2209/2/3973
f 2213/2/3974 2214/2/3974 2210/2/3974
f 2210/2/3974 2209/2/3974 2213/2/3974
f 2210/2/3975 2215/2/3975 2216/2/3975
f 2216/2/3975 2211/2/3975 2210/2/3975
f 2214/2/3976 2217/2/3977 2215/2/3976
f 2215/2/3976 2210/2/3978 2214/2/3976
f 2180/2/3979 872/2/3979 900/2/3979
f 900/2/3979 2212/2/3979 2180/2/3979
f 899/2/3980 2209/2/3981 2212/2/3980
f 2212/2/3980 900/2/3980 899/2/3980
f 898/2/3982 2213/2/3983 2209/2/3983
f 2209/2/3983 899/2/3983 898/2/3982
f 898/2/3984 897/2/3985 2218/2/3985
f 2218/2/3985 2213/2/3986 898/2/3984
f 2218/2/3987 2219/2/3987 2214/2/3988
f 2214/2/3988 2213/2/3987 2218/2/3987
f 2220/2/3989 2217/2/3989 2214/2/3989
f 2214/2/3989 2219/2/3989 2220/2/3989
f 2217/2/3990 2220/2/3991 1515/2/3991
f 1515/2/3991 1514/2/3991 2217/2/3990
f 2215/2/3992 2217/2/3992 1514/2/3992
f 1514/2/3992 1513/2/3993 2215/2/3992
f 2216/2/3994 2215/2/3994 1513/2/3994
f 1513/2/3994 1512/2/3994 2216/2/3994
f 1512/2/3995 855/2/3995 2182/2/3995
f 2182/2/3995 2216/2/3995 1512/2/3995
f 2181/2/3996 2211/2/3996 2216/2/3996
f 2216/2/3996 2182/2/3996 2181/2/3996
f 2212/2/3997 2211/2/3997 2181/2/3997
f 2181/2/3997 2180/2/3997 2212/2/3997
f 2221/2/3998 2222/2/3999 2223/2/3998
f 2223/2/3998 2224/2/3998 2221/2/3998
f 2225/2/4000 2226/2/4001 2222/2/4000
f 2222/2/4000 2221/2/4000 2225/2/4000
f 2222/2/4002 2227/2/4003 2228/2/4003
f 2228/2/4003 2223/2/4004 2222/2/4002
f 2226/2/4005 2229/2/4005 2227/2/4005
f 2227/2/4005 2222/2/4005 2226/2/4005
f 2224/2/4006 2230/2/4006 1013/2/4006
f 1013/2/4006 1012/2/4006 2224/2/4006
f 1022/2/4007 2221/2/4007 2224/2/4007
f 2224/2/4007 1012/2/4008 1022/2/4007
f 1022/2/4009 1021/2/4010 2225/2/4010
f 2225/2/4010 2221/2/4010 1022/2/4009
f 993/2/4011 2194/2/4011 2225/2/4011
f 2225/2/4011 1021/2/4011 993/2/4011
f 2194/2/4012 2196/2/4012 2226/2/4012
f 2226/2/4012 2225/2/4012 2194/2/4012
f 2229/2/4013 2226/2/4014 2196/2/4015
f 2196/2/4015 2195/2/4016 2229/2/4013
f 2229/2/4017 2195/2/4017 1608/2/4017
f 1608/2/4017 1631/2/4017 2229/2/4017
f 2229/2/4018 1631/2/4018 1630/2/4018
f 1630/2/4018 2227/2/4018 2229/2/4018
f 2227/2/4019 1630/2/4020 1629/2/4020
f 1629/2/4020 2228/2/4021 2227/2/4019
f 1629/2/4022 1628/2/4022 2231/2/4022
f 2231/2/4022 2228/2/4022 1629/2/4022
f 2223/2/4023 2228/2/4023 2231/2/4023
f 2231/2/4023 2232/2/4023 2223/2/4023
f 2232/2/4024 2230/2/4024 2224/2/4024
f 2224/2/4024 2223/2/4024 2232/2/4024
f 2233/2/4025 2234/2/4025 2235/2/4026
f 2235/2/4026 2236/2/4027 2233/2/4025
f 2237/2/4028 2238/2/4028 2234/2/4028
f 2234/2/4028 2233/2/4028 2237/2/4028
f 2234/2/4029 2239/2/4030 2240/2/4029
f 2240/2/4029 2235/2/4031 2234/2/4029
f 2241/2/4032 2239/2/4032 2234/2/4032
f 2234/2/4032 2238/2/4032 2241/2/4032
f 2206/2/4033 1418/2/4033 1440/2/4034
f 1440/2/4034 2236/2/4033 2206/2/4033
f 2236/2/4035 1440/2/4036 1439/2/4035
f 1439/2/4035 2233/2/4037 2236/2/4035
f 2237/2/4038 2233/2/4039 1439/2/4040
f 1439/2/4040 1437/2/4038 2237/2/4038
f 2242/2/4041 2237/2/4041 1437/2/4041
f 1437/2/4041 1438/2/4041 2242/2/4041
f 2242/2/4042 2243/2/4043 2238/2/4042
f 2238/2/4042 2237/2/4042 2242/2/4042
f 2241/2/4044 2238/2/4045 2243/2/4045
f 2243/2/4045 2244/2/4045 2241/2/4044
f 2241/2/4046 2244/2/4046 2055/2/4046
f 2055/2/4046 2054/2/4046 2241/2/4046
f 2241/2/4047 2054/2/4047 2053/2/4047
f 2053/2/4047 2239/2/4047 2241/2/4047
f 2053/2/4048 2052/2/4048 2240/2/4048
f 2240/2/4048 2239/2/4048 2053/2/4048
f 2035/2/4049 2208/2/4050 2240/2/4050
f 2240/2/4050 2052/2/4050 2035/2/4049
f 2207/2/4051 2235/2/4051 2240/2/4051
f 2240/2/4051 2208/2/4051 2207/2/4051
f 2236/2/4052 2235/2/4052 2207/2/4052
f 2207/2/4052 2206/2/4052 2236/2/4052
f 2245/2/4053 2246/2/4053 2247/2/4053
f 2247/2/4053 2248/2/4053 2245/2/4053
f 2249/2/4054 2250/2/4054 2246/2/4054
f 2246/2/4054 2245/2/4054 2249/2/4054
f 2246/2/4055 2251/2/4055 2252/2/4056
f 2252/2/4056 2247/2/4056 2246/2/4055
f 2250/2/4057 2253/2/4058 2251/2/4059
f 2251/2/4059 2246/2/4058 2250/2/4057
f 2218/2/4060 897/2/4061 920/2/4060
f 920/2/4060 2248/2/4060 2218/2/4060
f 2248/2/4062 920/2/4063 919/2/4063
f 919/2/4063 2245/2/4063 2248/2/4062
f 918/2/4064 2249/2/4065 2245/2/4065
f 2245/2/4065 919/2/4066 918/2/4064
f 918/2/4067 917/2/4067 2254/2/4067
f 2254/2/4067 2249/2/4067 918/2/4067
f 2254/2/4068 2255/2/4068 2250/2/4068
f 2250/2/4068 2249/2/4068 2254/2/4068
f 2253/2/4069 2250/2/4070 2255/2/4071
f 2255/2/4071 2256/2/4070 2253/2/4069
f 2253/2/4072 2256/2/4072 1535/2/4072
f 1535/2/4072 1534/2/4073 2253/2/4072
f 2251/2/4074 2253/2/4074 1534/2/4075
f 1534/2/4075 1533/2/4076 2251/2/4074
f 1533/2/4077 1532/2/4077 2252/2/4078
f 2252/2/4078 2251/2/4077 1533/2/4077
f 1532/2/4079 1515/2/4079 2220/2/4079
f 2220/2/4079 2252/2/4079 1532/2/4079
f 2219/2/4080 2247/2/4080 2252/2/4080
f 2252/2/4080 2220/2/4080 2219/2/4080
f 2247/2/4081 2219/2/4081 2218/2/4081
f 2218/2/4081 2248/2/4081 2247/2/4081
f 2257/2/4082 2258/2/4082 2259/2/4082
f 2259/2/4082 2260/2/4082 2257/2/4082
f 2261/2/4083 2262/2/4084 2258/2/4083
f 2258/2/4083 2257/2/4085 2261/2/4083
f 2258/2/4086 2263/2/4086 2264/2/4086
f 2264/2/4086 2259/2/4086 2258/2/4086
f 2262/2/4087 2265/2/4088 2263/2/4087
f 2263/2/4087 2258/2/4087 2262/2/4087
f 1033/2/4089 1032/2/4090 2260/2/4090
f 2260/2/4090 2266/2/4089 1033/2/4089
f 1042/2/4091 2257/2/4091 2260/2/4091
f 2260/2/4091 1032/2/4091 1042/2/4091
f 1042/2/4092 1041/2/4092 2261/2/4092
f 2261/2/4092 2257/2/4092 1042/2/4092
f 2261/2/4093 1041/2/4093 1013/2/4093
f 1013/2/4093 2230/2/4093 2261/2/4093
f 2262/2/4094 2261/2/4094 2230/2/4094
f 2230/2/4094 2232/2/4094 2262/2/4094
f 2231/2/4095 2265/2/4095 2262/2/4096
f 2262/2/4096 2232/2/4096 2231/2/4095
f 1651/2/4097 2265/2/4097 2231/2/4097
f 2231/2/4097 1628/2/4097 1651/2/4097
f 2265/2/4098 1651/2/4098 1650/2/4098
f 1650/2/4098 2263/2/4099 2265/2/4098
f 2263/2/4100 1650/2/4100 1649/2/4100
f 1649/2/4100 2264/2/4100 2263/2/4100
f 1649/2/4101 1648/2/4102 2267/2/4101
f 2267/2/4101 2264/2/4101 1649/2/4101
f 2259/2/4103 2264/2/4104 2267/2/4105
f 2267/2/4105 2268/2/4104 2259/2/4103
f 2268/2/4106 2266/2/4106 2260/2/4106
f 2260/2/4106 2259/2/4106 2268/2/4106
f 2269/2/4107 2270/2/4107 2271/2/4107
f 2271/2/4107 2272/2/4108 2269/2/4107
f 2273/2/4109 2274/2/4110 2270/2/4110
f 2270/2/4110 2269/2/4110 2273/2/4109
f 2270/2/4111 2275/2/4111 2276/2/4112
f 2276/2/4112 2271/2/4111 2270/2/4111
f 2277/2/4113 2275/2/4114 2270/2/4113
f 2270/2/4113 2274/2/4115 2277/2/4113
f 2242/2/4116 1438/2/4117 1460/2/4117
f 1460/2/4117 2272/2/4117 2242/2/4116
f 2272/2/4118 1460/2/4119 1459/2/4120
f 1459/2/4120 2269/2/4121 2272/2/4118
f 2273/2/4122 2269/2/4123 1459/2/4123
f 1459/2/4123 1457/2/4123 2273/2/4122
f 2278/2/4124 2273/2/4124 1457/2/4124
f 1457/2/4124 1458/2/4125 2278/2/4124
f 2278/2/4126 2279/2/4126 2274/2/4126
f 2274/2/4126 2273/2/4126 2278/2/4126
f 2277/2/4127 2274/2/4128 2279/2/4128
f 2279/2/4128 2280/2/4128 2277/2/4127
f 2277/2/4129 2280/2/4130 2075/2/4131
f 2075/2/4131 2074/2/4131 2277/2/4129
f 2277/2/4132 2074/2/4132 2073/2/4133
f 2073/2/4133 2275/2/4134 2277/2/4132
f 2073/2/4135 2072/2/4136 2276/2/4137
f 2276/2/4137 2275/2/4135 2073/2/4135
f 2072/2/4138 2055/2/4138 2244/2/4139
f 2244/2/4139 2276/2/4140 2072/2/4138
f 2271/2/4141 2276/2/4141 2244/2/4141
f 2244/2/4141 2243/2/4141 2271/2/4141
f 2272/2/4142 2271/2/4142 2243/2/4143
f 2243/2/4143 2242/2/4142 2272/2/4142
f 2281/2/4144 2282/2/4144 2283/2/4144
f 2283/2/4144 2284/2/4144 2281/2/4144
f 2285/2/4145 2286/2/4145 2282/2/4145
f 2282/2/4145 2281/2/4145 2285/2/4145
f 2282/2/4146 2287/2/4147 2288/2/4148
f 2288/2/4148 2283/2/4149 2282/2/4146
f 2286/2/4150 2289/2/4151 2287/2/4150
f 2287/2/4150 2282/2/4150 2286/2/4150
f 2284/2/4152 2254/2/4153 917/2/4154
f 917/2/4154 940/2/4155 2284/2/4152
f 939/2/4156 2281/2/4157 2284/2/4157
f 2284/2/4157 940/2/4157 939/2/4156
f 937/2/4158 2285/2/4158 2281/2/4158
f 2281/2/4158 939/2/4158 937/2/4158
f 2290/2/4159 2285/2/4159 937/2/4159
f 937/2/4159 938/2/4159 2290/2/4159
f 2290/2/4160 2291/2/4160 2286/2/4161
f 2286/2/4161 2285/2/4160 2290/2/4160
f 2289/2/4162 2286/2/4162 2291/2/4162
f 2291/2/4162 2292/2/4162 2289/2/4162
f 2289/2/4163 2292/2/4164 1555/2/4163
f 1555/2/4163 1554/2/4165 2289/2/4163
f 2287/2/4166 2289/2/4167 1554/2/4168
f 1554/2/4168 1553/2/4169 2287/2/4166
f 2288/2/4170 2287/2/4170 1553/2/4170
f 1553/2/4170 1552/2/4170 2288/2/4170
f 1552/2/4171 1535/2/4171 2256/2/4171
f 2256/2/4171 2288/2/4171 1552/2/4171
f 2255/2/4172 2283/2/4173 2288/2/4174
f 2288/2/4174 2256/2/4175 2255/2/4172
f 2284/2/4176 2283/2/4176 2255/2/4176
f 2255/2/4176 2254/2/4176 2284/2/4176
f 2293/2/3786 2294/2/3785 2295/2/3785
f 2295/2/3785 2296/2/3786 2293/2/3786
f 2297/2/4177 2298/2/4177 2294/2/4178
f 2294/2/4178 2293/2/4177 2297/2/4177
f 2294/2/4179 2299/2/4179 2300/2/4179
f 2300/2/4179 2295/2/4179 2294/2/4179
f 2298/2/4180 2301/2/4181 2299/2/3789
f 2299/2/3789 2294/2/3789 2298/2/4180
f 2296/2/3800 2302/2/3800 1053/2/3800
f 1053/2/3800 1052/2/3800 2296/2/3800
f 1062/2/4182 2293/2/4182 2296/2/4183
f 2296/2/4183 1052/2/4182 1062/2/4182
f 1062/2/3797 1061/2/3797 2297/2/3797
f 2297/2/3797 2293/2/3797 1062/2/3797
f 2266/2/3796 2297/2/3796 1061/2/3796
f 1061/2/3796 1033/2/3796 2266/2/3796
f 2298/2/3813 2297/2/3813 2266/2/4184
f 2266/2/4184 2268/2/3813 2298/2/3813
f 2267/2/3811 2301/2/3811 2298/2/3811
f 2298/2/3811 2268/2/3811 2267/2/3811
f 1671/2/3810 2301/2/3808 2267/2/3808
f 2267/2/3808 1648/2/3808 1671/2/3810
f 2301/2/3807 1671/2/3807 1670/2/3807
f 1670/2/3807 2299/2/3807 2301/2/3807
f 2299/2/3806 1670/2/3806 1669/2/3806
f 1669/2/3806 2300/2/3806 2299/2/3806
f 1669/2/3804 1668/2/3804 2303/2/3804
f 2303/2/3804 2300/2/3804 1669/2/3804
f 2295/2/3802 2300/2/3802 2303/2/3802
f 2303/2/3802 2304/2/3802 2295/2/3802
f 2304/2/3801 2302/2/3801 2296/2/3801
f 2296/2/3801 2295/2/3801 2304/2/3801
f 2305/2/4185 2306/2/4185 2307/2/4185
f 2307/2/4185 2308/2/4186 2305/2/4185
f 2309/2/4187 2310/2/4187 2306/2/4187
f 2306/2/4187 2305/2/4187 2309/2/4187
f 2306/2/4188 2311/2/4188 2312/2/4188
f 2312/2/4188 2307/2/4188 2306/2/4188
f 2313/2/4189 2311/2/4189 2306/2/4189
f 2306/2/4189 2310/2/4189 2313/2/4189
f 2278/2/4190 1458/2/4191 1480/2/4192
f 1480/2/4192 2308/2/4191 2278/2/4190
f 2308/2/4193 1480/2/4193 1479/2/4193
f 1479/2/4193 2305/2/4193 2308/2/4193
f 2309/2/4194 2305/2/4194 1479/2/4194
f 1479/2/4194 1477/2/4194 2309/2/4194
f 2314/2/4195 2309/2/4195 1477/2/4195
f 1477/2/4195 1478/2/4196 2314/2/4195
f 2314/2/4197 2315/2/4197 2310/2/4197
f 2310/2/4197 2309/2/4197 2314/2/4197
f 2313/2/4198 2310/2/4198 2315/2/4198
f 2315/2/4198 2316/2/4198 2313/2/4198
f 2313/2/4199 2316/2/4200 2095/2/4200
f 2095/2/4200 2094/2/4200 2313/2/4199
f 2313/2/4201 2094/2/4201 2093/2/4201
f 2093/2/4201 2311/2/4201 2313/2/4201
f 2093/2/4202 2092/2/4202 2312/2/4202
f 2312/2/4202 2311/2/4202 2093/2/4202
f 2092/2/4203 2075/2/4204 2280/2/4204
f 2280/2/4204 2312/2/4204 2092/2/4203
f 2307/2/4205 2312/2/4206 2280/2/4207
f 2280/2/4207 2279/2/4205 2307/2/4205
f 2308/2/4208 2307/2/4208 2279/2/4208
f 2279/2/4208 2278/2/4208 2308/2/4208
f 2317/2/4209 2318/2/4210 2319/2/4209
f 2319/2/4209 2320/2/4209 2317/2/4209
f 2321/2/4211 2322/2/4211 2318/2/4211
f 2318/2/4211 2317/2/4211 2321/2/4211
f 2318/2/4212 2323/2/4212 2324/2/4212
f 2324/2/4212 2319/2/4212 2318/2/4212
f 2322/2/4213 2325/2/4213 2323/2/4213
f 2323/2/4213 2318/2/4213 2322/2/4213
f 2290/2/4214 938/2/4214 960/2/4214
f 960/2/4214 2320/2/4214 2290/2/4214
f 959/2/4215 2317/2/4215 2320/2/4215
f 2320/2/4215 960/2/4216 959/2/4215
f 958/2/4217 2321/2/4217 2317/2/4218
f 2317/2/4218 959/2/4218 958/2/4217
f 2326/2/4219 2321/2/4219 958/2/4219
f 958/2/4219 957/2/4219 2326/2/4219
f 2326/2/4220 2327/2/4220 2322/2/4220
f 2322/2/4220 2321/2/4220 2326/2/4220
f 2325/2/4221 2322/2/4221 2327/2/4222
f 2327/2/4222 2328/2/4222 2325/2/4221
f 2325/2/4223 2328/2/4223 1575/2/4223
f 1575/2/4223 1574/2/4223 2325/2/4223
f 2323/2/4224 2325/2/4224 1574/2/4224
f 1574/2/4224 1573/2/4224 2323/2/4224
f 2324/2/4225 2323/2/4225 1573/2/4225
f 1573/2/4225 1572/2/4225 2324/2/4225
f 1572/2/4226 1555/2/4226 2292/2/4226
f 2292/2/4226 2324/2/4226 1572/2/4226
f 2291/2/4227 2319/2/4228 2324/2/4228
f 2324/2/4228 2292/2/4228 2291/2/4227
f 2320/2/4229 2319/2/4229 2291/2/4230
f 2291/2/4230 2290/2/4229 2320/2/4229
f 2329/2/3872 2330/2/3872 2331/2/3872
f 2331/2/3872 2332/2/4231 2329/2/3872
f 2333/2/3869 2334/2/3868 2330/2/3868
f 2330/2/3868 2329/2/3869 2333/2/3869
f 2330/2/3875 2335/2/3875 2336/2/3875
f 2336/2/3875 2331/2/3875 2330/2/3875
f 2334/2/4232 2337/2/3874 2335/2/3874
f 2335/2/3874 2330/2/4232 2334/2/4232
f 2332/2/4233 2338/2/4234 1073/2/4233
f 1073/2/4233 1072/2/4233 2332/2/4233
f 1082/2/3879 2329/2/3879 2332/2/3879
f 2332/2/3879 1072/2/3879 1082/2/3879
f 1082/2/3877 1081/2/3877 2333/2/4235
f 2333/2/4235 2329/2/3877 1082/2/3877
f 2302/2/4236 2333/2/4237 1081/2/4236
f 1081/2/4236 1053/2/4237 2302/2/4236
f 2334/2/3890 2333/2/3890 2302/2/4238
f 2302/2/4238 2304/2/3890 2334/2/3890
f 2303/2/3889 2337/2/3889 2334/2/3889
f 2334/2/3889 2304/2/3889 2303/2/3889
f 1691/2/4239 2337/2/4239 2303/2/4239
f 2303/2/4239 1668/2/4239 1691/2/4239
f 2337/2/3886 1691/2/3886 1690/2/3886
f 1690/2/3886 2335/2/3886 2337/2/3886
f 2335/2/3885 1690/2/3885 1689/2/3885
f 1689/2/3885 2336/2/3885 2335/2/3885
f 1689/2/4240 1688/2/3883 2339/2/3883
f 2339/2/3883 2336/2/3883 1689/2/4240
f 2331/2/4241 2336/2/4242 2339/2/4243
f 2339/2/4243 2340/2/4244 2331/2/4241
f 2340/2/3881 2338/2/3881 2332/2/4245
f 2332/2/4245 2331/2/3881 2340/2/3881
f 2341/2/4246 2342/2/4246 2343/2/4246
f 2343/2/4246 2344/2/4247 2341/2/4246
f 2345/2/4248 2346/2/4248 2342/2/4249
f 2342/2/4249 2341/2/4248 2345/2/4248
f 2342/2/4250 2347/2/4250 2348/2/4250
f 2348/2/4250 2343/2/4251 2342/2/4250
f 2349/2/4252 2347/2/4252 2342/2/4252
f 2342/2/4252 2346/2/4252 2349/2/4252
f 2314/2/4253 1478/2/4253 1495/2/4254
f 1495/2/4254 2344/2/4254 2314/2/4253
f 2344/2/4255 1495/2/4255 1494/2/4255
f 1494/2/4255 2341/2/4256 2344/2/4255
f 2345/2/4257 2341/2/4257 1494/2/4257
f 1494/2/4257 1493/2/4257 2345/2/4257
f 2179/2/4258 2345/2/4258 1493/2/4258
f 1493/2/4258 877/2/4258 2179/2/4258
f 2184/2/4259 2346/2/4259 2345/2/4260
f 2345/2/4260 2179/2/4259 2184/2/4259
f 2183/2/4261 2349/2/4262 2346/2/4263
f 2346/2/4263 2184/2/4262 2183/2/4261
f 2349/2/4264 2183/2/4264 852/2/4264
f 852/2/4264 2112/2/4264 2349/2/4264
f 2349/2/4265 2112/2/4265 2111/2/4265
f 2111/2/4265 2347/2/4265 2349/2/4265
f 2111/2/4266 2110/2/4266 2348/2/4267
f 2348/2/4267 2347/2/4266 2111/2/4266
f 2110/2/4268 2095/2/4268 2316/2/4268
f 2316/2/4268 2348/2/4268 2110/2/4268
f 2343/2/4269 2348/2/4269 2316/2/4269
f 2316/2/4269 2315/2/4269 2343/2/4269
f 2344/2/4270 2343/2/4270 2315/2/4270
f 2315/2/4270 2314/2/4270 2344/2/4270
f 2350/2/4271 2351/2/4272 2352/2/4273
f 2352/2/4273 2353/2/4273 2350/2/4271
f 2354/2/4274 2355/2/4274 2351/2/4274
f 2351/2/4274 2350/2/4275 2354/2/4274
f 2351/2/4276 2356/2/4277 2357/2/4276
f 2357/2/4276 2352/2/4278 2351/2/4276
f 2355/2/4279 2358/2/4279 2356/2/4279
f 2356/2/4279 2351/2/4280 2355/2/4279
f 2326/2/4281 957/2/4281 980/2/4281
f 980/2/4281 2353/2/4281 2326/2/4281
f 979/2/4282 2350/2/4282 2353/2/4282
f 2353/2/4282 980/2/4282 979/2/4282
f 978/2/4283 2354/2/4283 2350/2/4283
f 2350/2/4283 979/2/4283 978/2/4283
f 978/2/4284 977/2/4284 2359/2/4284
f 2359/2/4284 2354/2/4284 978/2/4284
f 2359/2/4285 2360/2/4285 2355/2/4285
f 2355/2/4285 2354/2/4285 2359/2/4285
f 2355/2/4286 2360/2/4286 2361/2/4286
f 2361/2/4286 2358/2/4286 2355/2/4286
f 1595/2/4287 1594/2/4287 2358/2/4287
f 2358/2/4287 2361/2/4287 1595/2/4287
f 2356/2/4288 2358/2/4288 1594/2/4288
f 1594/2/4288 1593/2/4288 2356/2/4288
f 2357/2/4289 2356/2/4289 1593/2/4289
f 1593/2/4289 1592/2/4289 2357/2/4289
f 1592/2/4290 1575/2/4290 2328/2/4290
f 2328/2/4290 2357/2/4290 1592/2/4290
f 2327/2/4291 2352/2/4291 2357/2/4291
f 2357/2/4291 2328/2/4291 2327/2/4291
f 2353/2/4292 2352/2/4292 2327/2/4292
f 2327/2/4292 2326/2/4292 2353/2/4292
f 2362/2/4293 2363/2/4294 2364/2/4293
f 2364/2/4293 2365/2/4295 2362/2/4293
f 2366/2/3943 2367/2/3943 2363/2/4296
f 2363/2/4296 2362/2/3943 2366/2/3943
f 2363/2/3946 2368/2/4297 2369/2/3946
f 2369/2/3946 2364/2/3946 2363/2/3946
f 2367/2/3945 2370/2/3945 2368/2/3945
f 2368/2/3945 2363/2/3945 2367/2/3945
f 2365/2/3952 2371/2/4298 1093/2/3953
f 1093/2/3953 1092/2/3953 2365/2/3952
f 1102/2/4299 2362/2/4299 2365/2/4299
f 2365/2/4299 1092/2/3951 1102/2/4299
f 1102/2/3950 1101/2/3950 2366/2/4300
f 2366/2/4300 2362/2/4301 1102/2/3950
f 2338/2/4302 2366/2/3948 1101/2/3948
f 1101/2/3948 1073/2/3949 2338/2/4302
f 2367/2/4303 2366/2/3971 2338/2/4304
f 2338/2/4304 2340/2/4305 2367/2/4303
f 2339/2/3970 2370/2/3970 2367/2/3970
f 2367/2/3970 2340/2/3970 2339/2/3970
f 1711/2/4306 2370/2/4306 2339/2/4306
f 2339/2/4306 1688/2/4306 1711/2/4306
f 2370/2/3966 1711/2/3966 1710/2/3966
f 1710/2/3966 2368/2/3966 2370/2/3966
f 2368/2/3964 1710/2/3964 1709/2/4307
f 1709/2/4307 2369/2/3964 2368/2/3964
f 2369/2/4308 1709/2/4309 1708/2/4308
f 1708/2/4308 2372/2/4310 2369/2/4308
f 2369/2/3957 2372/2/4311 2373/2/3957
f 2373/2/3957 2364/2/3958 2369/2/3957
f 2364/2/3956 2373/2/3954 2371/2/3956
f 2371/2/3956 2365/2/3956 2364/2/3956
f 2374/2/4312 2375/2/4313 2376/2/4312
f 2376/2/4312 2377/2/4312 2374/2/4312
f 2378/2/4314 2379/2/4315 2375/2/4315
f 2375/2/4315 2374/2/4315 2378/2/4314
f 2375/2/4316 2380/2/4317 2381/2/4316
f 2381/2/4316 2376/2/4316 2375/2/4316
f 2382/2/4318 2380/2/4318 2375/2/4318
f 2375/2/4318 2379/2/4318 2382/2/4318
f 2359/2/4319 977/2/4319 1000/2/4319
f 1000/2/4319 2377/2/4319 2359/2/4319
f 2377/2/4320 1000/2/4321 999/2/4321
f 999/2/4321 2374/2/4320 2377/2/4320
f 2378/2/4322 2374/2/4322 999/2/4322
f 999/2/4322 998/2/4322 2378/2/4322
f 2383/2/4323 2378/2/4324 998/2/4324
f 998/2/4324 997/2/4324 2383/2/4323
f 2383/2/4325 2384/2/4325 2379/2/4325
f 2379/2/4325 2378/2/4325 2383/2/4325
f 2382/2/4326 2379/2/4326 2384/2/4326
f 2384/2/4326 2385/2/4326 2382/2/4326
f 1615/2/4327 1614/2/4327 2382/2/4328
f 2382/2/4328 2385/2/4327 1615/2/4327
f 2382/2/4329 1614/2/4329 1613/2/4329
f 1613/2/4329 2380/2/4329 2382/2/4329
f 1613/2/4330 1612/2/4330 2381/2/4330
f 2381/2/4330 2380/2/4330 1613/2/4330
f 1612/2/4331 1595/2/4331 2361/2/4331
f 2361/2/4331 2381/2/4331 1612/2/4331
f 2376/2/4332 2381/2/4332 2361/2/4332
f 2361/2/4332 2360/2/4332 2376/2/4332
f 2377/2/4333 2376/2/4333 2360/2/4333
f 2360/2/4333 2359/2/4333 2377/2/4333
f 2386/2/4028 2387/2/4028 2388/2/4028
f 2388/2/4028 2389/2/4028 2386/2/4028
f 2390/2/4027 2391/2/4027 2387/2/4027
f 2387/2/4027 2386/2/4027 2390/2/4027
f 2387/2/4032 2392/2/4032 2393/2/4032
f 2393/2/4032 2388/2/4032 2387/2/4032
f 2391/2/4030 2394/2/4030 2392/2/4030
f 2392/2/4030 2387/2/4030 2391/2/4030
f 2389/2/4334 2395/2/4041 1113/2/4041
f 1113/2/4041 1112/2/4041 2389/2/4334
f 1122/2/4335 2386/2/4038 2389/2/4336
f 2389/2/4336 1112/2/4038 1122/2/4335
f 1122/2/4337 1121/2/4338 2390/2/4337
f 2390/2/4337 2386/2/4037 1122/2/4337
f 1121/2/4339 1093/2/4339 2371/2/4339
f 2371/2/4339 2390/2/4340 1121/2/4339
f 2391/2/4052 2390/2/4052 2371/2/4052
f 2371/2/4052 2373/2/4052 2391/2/4052
f 2372/2/4051 2394/2/4341 2391/2/4051
f 2391/2/4051 2373/2/4051 2372/2/4051
f 2372/2/4342 1708/2/4050 1731/2/4050
f 1731/2/4050 2394/2/4050 2372/2/4342
f 2394/2/4048 1731/2/4048 1730/2/4048
f 1730/2/4048 2392/2/4048 2394/2/4048
f 2392/2/4047 1730/2/4047 1729/2/4047
f 1729/2/4047 2393/2/4343 2392/2/4047
f 2393/2/4046 1729/2/4046 1728/2/4046
f 1728/2/4046 2396/2/4344 2393/2/4046
f 2397/2/4045 2388/2/4045 2393/2/4045
f 2393/2/4045 2396/2/4045 2397/2/4045
f 2388/2/4345 2397/2/4345 2395/2/4345
f 2395/2/4345 2389/2/4346 2388/2/4345
f 2398/2/4347 2399/2/4347 2400/2/4348
f 2400/2/4348 2401/2/4347 2398/2/4347
f 2402/2/4349 2403/2/4350 2399/2/4349
f 2399/2/4349 2398/2/4349 2402/2/4349
f 2399/2/4351 2404/2/4352 2405/2/4353
f 2405/2/4353 2400/2/4352 2399/2/4351
f 2406/2/4354 2404/2/4354 2399/2/4354
f 2399/2/4354 2403/2/4354 2406/2/4354
f 2383/2/4355 997/2/4356 1020/2/4355
f 1020/2/4355 2401/2/4355 2383/2/4355
f 2401/2/4357 1020/2/4358 1019/2/4359
f 1019/2/4359 2398/2/4358 2401/2/4357
f 2402/2/4360 2398/2/4361 1019/2/4362
f 1019/2/4362 1017/2/4361 2402/2/4360
f 2402/2/4363 1017/2/4364 1018/2/4363
f 1018/2/4363 2407/2/4363 2402/2/4363
f 2407/2/4365 2408/2/4365 2403/2/4365
f 2403/2/4365 2402/2/4365 2407/2/4365
f 2406/2/4366 2403/2/4366 2408/2/4366
f 2408/2/4366 2409/2/4366 2406/2/4366
f 1635/2/4367 1634/2/4367 2406/2/4367
f 2406/2/4367 2409/2/4368 1635/2/4367
f 2406/2/4369 1634/2/4370 1633/2/4369
f 1633/2/4369 2404/2/4371 2406/2/4369
f 1633/2/4372 1632/2/4372 2405/2/4372
f 2405/2/4372 2404/2/4372 1633/2/4372
f 1632/2/4373 1615/2/4374 2385/2/4375
f 2385/2/4375 2405/2/4375 1632/2/4373
f 2384/2/4376 2400/2/4376 2405/2/4376
f 2405/2/4376 2385/2/4376 2384/2/4376
f 2400/2/4377 2384/2/4377 2383/2/4377
f 2383/2/4377 2401/2/4377 2400/2/4377
f 2410/2/4378 2411/2/4379 2412/2/4378
f 2412/2/4378 2413/2/4110 2410/2/4378
f 2414/2/4107 2415/2/4107 2411/2/4107
f 2411/2/4107 2410/2/4380 2414/2/4107
f 2411/2/4381 2416/2/4382 2417/2/4115
f 2417/2/4115 2412/2/4115 2411/2/4381
f 2415/2/4111 2418/2/4111 2416/2/4111
f 2416/2/4111 2411/2/4111 2415/2/4111
f 2413/2/4383 2419/2/4384 1133/2/4385
f 1133/2/4385 1132/2/4386 2413/2/4383
f 1142/2/4123 2410/2/4387 2413/2/4388
f 2413/2/4388 1132/2/4123 1142/2/4123
f 1142/2/4389 1141/2/4121 2414/2/4389
f 2414/2/4389 2410/2/4390 1142/2/4389
f 1141/2/4117 1113/2/4117 2395/2/4117
f 2395/2/4117 2414/2/4117 1141/2/4117
f 2415/2/4142 2414/2/4142 2395/2/4142
f 2395/2/4142 2397/2/4142 2415/2/4142
f 2396/2/4141 2418/2/4141 2415/2/4141
f 2415/2/4141 2397/2/4141 2396/2/4141
f 2396/2/4138 1728/2/4138 1751/2/4138
f 1751/2/4138 2418/2/4138 2396/2/4138
f 2418/2/4391 1751/2/4135 1750/2/4391
f 1750/2/4391 2416/2/4391 2418/2/4391
f 2416/2/4134 1750/2/4134 1749/2/4134
f 1749/2/4134 2417/2/4134 2416/2/4134
f 2417/2/4129 1749/2/4129 1748/2/4131
f 1748/2/4131 2420/2/4129 2417/2/4129
f 2421/2/4128 2412/2/4128 2417/2/4128
f 2417/2/4128 2420/2/4128 2421/2/4128
f 2412/2/4126 2421/2/4126 2419/2/4126
f 2419/2/4126 2413/2/4126 2412/2/4126
f 2422/2/4392 2423/2/4392 2424/2/4393
f 2424/2/4393 2425/2/4394 2422/2/4392
f 2426/2/4395 2427/2/4395 2423/2/4395
f 2423/2/4395 2422/2/4395 2426/2/4395
f 2423/2/4396 2428/2/4397 2429/2/4397
f 2429/2/4397 2424/2/4397 2423/2/4396
f 2430/2/4398 2428/2/4399 2423/2/4400
f 2423/2/4400 2427/2/4399 2430/2/4398
f 2407/2/4401 1018/2/4401 1040/2/4401
f 1040/2/4401 2425/2/4401 2407/2/4401
f 2425/2/4402 1040/2/4403 1039/2/4404
f 1039/2/4404 2422/2/4404 2425/2/4402
f 2426/2/4405 2422/2/4405 1039/2/4406
f 1039/2/4406 1037/2/4407 2426/2/4405
f 2426/2/4408 1037/2/4409 1038/2/4408
f 1038/2/4408 2431/2/4408 2426/2/4408
f 2431/2/4410 2432/2/4410 2427/2/4410
f 2427/2/4410 2426/2/4410 2431/2/4410
f 2430/2/4411 2427/2/4411 2432/2/4411
f 2432/2/4411 2433/2/4411 2430/2/4411
f 1655/2/4412 1654/2/4412 2430/2/4412
f 2430/2/4412 2433/2/4412 1655/2/4412
f 2430/2/4413 1654/2/4413 1653/2/4413
f 1653/2/4413 2428/2/4413 2430/2/4413
f 1653/2/4414 1652/2/4414 2429/2/4415
f 2429/2/4415 2428/2/4414 1653/2/4414
f 1652/2/4416 1635/2/4416 2409/2/4417
f 2409/2/4417 2429/2/4417 1652/2/4416
f 2408/2/4418 2424/2/4419 2429/2/4420
f 2429/2/4420 2409/2/4421 2408/2/4418
f 2407/2/4422 2425/2/4422 2424/2/4422
f 2424/2/4422 2408/2/4422 2407/2/4422
f 2434/2/4423 2435/2/4187 2436/2/4187
f 2436/2/4187 2437/2/4187 2434/2/4423
f 2438/2/4185 2439/2/4185 2435/2/4185
f 2435/2/4185 2434/2/4185 2438/2/4185
f 2435/2/4424 2440/2/4189 2441/2/4189
f 2441/2/4189 2436/2/4189 2435/2/4424
f 2439/2/4188 2442/2/4425 2440/2/4188
f 2440/2/4188 2435/2/4188 2439/2/4188
f 2437/2/4426 2443/2/4426 1153/2/4195
f 1153/2/4195 1152/2/4427 2437/2/4426
f 1162/2/4428 2434/2/4428 2437/2/4194
f 2437/2/4194 1152/2/4194 1162/2/4428
f 1162/2/4193 1161/2/4193 2438/2/4193
f 2438/2/4193 2434/2/4193 1162/2/4193
f 1161/2/4429 1133/2/4191 2419/2/4191
f 2419/2/4191 2438/2/4429 1161/2/4429
f 2439/2/4430 2438/2/4430 2419/2/4208
f 2419/2/4208 2421/2/4208 2439/2/4430
f 2420/2/4205 2442/2/4205 2439/2/4207
f 2439/2/4207 2421/2/4205 2420/2/4205
f 2420/2/4203 1748/2/4204 1771/2/4204
f 1771/2/4204 2442/2/4431 2420/2/4203
f 2442/2/4202 1771/2/4202 1770/2/4202
f 1770/2/4202 2440/2/4202 2442/2/4202
f 2440/2/4201 1770/2/4201 1769/2/4432
f 1769/2/4432 2441/2/4432 2440/2/4201
f 2441/2/4200 1769/2/4433 1768/2/4200
f 1768/2/4200 2444/2/4200 2441/2/4200
f 2441/2/4198 2444/2/4198 2445/2/4198
f 2445/2/4198 2436/2/4198 2441/2/4198
f 2436/2/4197 2445/2/4197 2443/2/4197
f 2443/2/4197 2437/2/4197 2436/2/4197
f 2446/2/4434 2447/2/4434 2448/2/4434
f 2448/2/4434 2449/2/4434 2446/2/4434
f 2450/2/4435 2451/2/4436 2447/2/4435
f 2447/2/4435 2446/2/4435 2450/2/4435
f 2447/2/4437 2452/2/4437 2453/2/4437
f 2453/2/4437 2448/2/4437 2447/2/4437
f 2454/2/4438 2452/2/4438 2447/2/4438
f 2447/2/4438 2451/2/4438 2454/2/4438
f 2431/2/4439 1038/2/4439 1060/2/4439
f 1060/2/4439 2449/2/4439 2431/2/4439
f 2449/2/4440 1060/2/4440 1059/2/4440
f 1059/2/4440 2446/2/4440 2449/2/4440
f 2450/2/4441 2446/2/4441 1059/2/4442
f 1059/2/4442 1057/2/4442 2450/2/4441
f 2450/2/4443 1057/2/4443 1058/2/4443
f 1058/2/4443 2455/2/4443 2450/2/4443
f 2455/2/4444 2456/2/4444 2451/2/4444
f 2451/2/4444 2450/2/4444 2455/2/4444
f 2454/2/4445 2451/2/4445 2456/2/4445
f 2456/2/4445 2457/2/4445 2454/2/4445
f 1675/2/4446 1674/2/4446 2454/2/4447
f 2454/2/4447 2457/2/4448 1675/2/4446
f 2454/2/4449 1674/2/4449 1673/2/4449
f 1673/2/4449 2452/2/4449 2454/2/4449
f 1673/2/4450 1672/2/4450 2453/2/4450
f 2453/2/4450 2452/2/4450 1673/2/4450
f 1672/2/4451 1655/2/4452 2433/2/4451
f 2433/2/4451 2453/2/4451 1672/2/4451
f 2432/2/4453 2448/2/4453 2453/2/4453
f 2453/2/4453 2433/2/4453 2432/2/4453
f 2448/2/4454 2432/2/4454 2431/2/4454
f 2431/2/4454 2449/2/4454 2448/2/4454
f 2458/2/4248 2459/2/4248 2460/2/4455
f 2460/2/4455 2461/2/4456 2458/2/4248
f 2462/2/4247 2463/2/4247 2459/2/4247
f 2459/2/4247 2458/2/4247 2462/2/4247
f 2459/2/4252 2464/2/4252 2465/2/4252
f 2465/2/4252 2460/2/4252 2459/2/4252
f 2463/2/4250 2466/2/4250 2464/2/4250
f 2464/2/4250 2459/2/4250 2463/2/4250
f 2461/2/4457 2467/2/4258 1173/2/4458
f 1173/2/4458 1172/2/4459 2461/2/4457
f 1182/2/4257 2458/2/4257 2461/2/4257
f 2461/2/4257 1172/2/4257 1182/2/4257
f 1182/2/4460 1181/2/4460 2462/2/4460
f 2462/2/4460 2458/2/4460 1182/2/4460
f 1181/2/4253 1153/2/4253 2443/2/4461
f 2443/2/4461 2462/2/4253 1181/2/4253
f 2463/2/4270 2462/2/4270 2443/2/4270
f 2443/2/4270 2445/2/4462 2463/2/4270
f 2444/2/4269 2466/2/4269 2463/2/4269
f 2463/2/4269 2445/2/4269 2444/2/4269
f 2444/2/4463 1768/2/4463 1791/2/4463
f 1791/2/4463 2466/2/4464 2444/2/4463
f 2466/2/4465 1791/2/4465 1790/2/4465
f 1790/2/4465 2464/2/4465 2466/2/4465
f 2464/2/4265 1790/2/4265 1789/2/4265
f 1789/2/4265 2465/2/4466 2464/2/4265
f 2465/2/4264 1789/2/4467 1788/2/4468
f 1788/2/4468 2468/2/4264 2465/2/4264
f 2469/2/4469 2460/2/4262 2465/2/4469
f 2465/2/4469 2468/2/4262 2469/2/4469
f 2460/2/4259 2469/2/4259 2467/2/4259
f 2467/2/4259 2461/2/4259 2460/2/4259
f 2470/2/4470 2471/2/4471 2472/2/4472
f 2472/2/4472 2473/2/4472 2470/2/4470
f 2474/2/4473 2475/2/4474 2471/2/4473
f 2471/2/4473 2470/2/4475 2474/2/4473
f 2471/2/4476 2476/2/4477 2477/2/4478
f 2477/2/4478 2472/2/4479 2471/2/4476
f 2478/2/4480 2476/2/4480 2471/2/4481
f 2471/2/4481 2475/2/4481 2478/2/4480
f 2455/2/4482 1058/2/4482 1080/2/4482
f 1080/2/4482 2473/2/4482 2455/2/4482
f 2473/2/4483 1080/2/4483 1079/2/4484
f 1079/2/4484 2470/2/4483 2473/2/4483
f 2474/2/4485 2470/2/4485 1079/2/4485
f 1079/2/4485 1077/2/4485 2474/2/4485
f 2474/2/4486 1077/2/4487 1078/2/4486
f 1078/2/4486 2479/2/4486 2474/2/4486
f 2479/2/4488 2480/2/4489 2475/2/4488
f 2475/2/4488 2474/2/4488 2479/2/4488
f 2478/2/4490 2475/2/4490 2480/2/4491
f 2480/2/4491 2481/2/4490 2478/2/4490
f 1695/2/4492 1694/2/4493 2478/2/4492
f 2478/2/4492 2481/2/4492 1695/2/4492
f 2478/2/4494 1694/2/4494 1693/2/4495
f 1693/2/4495 2476/2/4496 2478/2/4494
f 1693/2/4497 1692/2/4497 2477/2/4497
f 2477/2/4497 2476/2/4497 1693/2/4497
f 1692/2/4498 1675/2/4498 2457/2/4498
f 2457/2/4498 2477/2/4498 1692/2/4498
f 2456/2/4499 2472/2/4499 2477/2/4499
f 2477/2/4499 2457/2/4499 2456/2/4499
f 2472/2/4500 2456/2/4500 2455/2/4500
f 2455/2/4500 2473/2/4500 2472/2/4500
f 2482/2/4501 2483/2/4501 2484/2/4501
f 2484/2/4501 2485/2/4501 2482/2/4501
f 2486/2/3891 2487/2/3891 2483/2/3891
f 2483/2/3891 2482/2/3891 2486/2/3891
f 2483/2/3897 2488/2/3897 2489/2/4502
f 2489/2/4502 2484/2/3897 2483/2/3897
f 2487/2/3893 2490/2/4503 2488/2/3893
f 2488/2/3893 2483/2/3893 2487/2/3893
f 2485/2/4504 2491/2/4505 1193/2/4505
f 1193/2/4505 1192/2/3906 2485/2/4504
f 1202/2/3902 2482/2/3900 2485/2/3902
f 2485/2/3902 1192/2/3902 1202/2/3902
f 1202/2/4506 1201/2/3899 2486/2/4507
f 2486/2/4507 2482/2/3899 1202/2/4506
f 1201/2/3898 1173/2/3898 2467/2/4508
f 2467/2/4508 2486/2/3898 1201/2/3898
f 2487/2/3917 2486/2/3917 2467/2/3917
f 2467/2/3917 2469/2/3917 2487/2/3917
f 2468/2/3916 2490/2/3916 2487/2/3916
f 2487/2/3916 2469/2/3916 2468/2/3916
f 2468/2/4509 1788/2/3914 1811/2/4509
f 1811/2/4509 2490/2/4509 2468/2/4509
f 2490/2/4510 1811/2/4511 1810/2/4512
f 1810/2/4512 2488/2/3912 2490/2/4510
f 2488/2/3910 1810/2/4513 1809/2/3911
f 1809/2/3911 2489/2/3910 2488/2/3910
f 2489/2/4514 1809/2/4514 1808/2/4515
f 1808/2/4515 2492/2/3909 2489/2/4514
f 2493/2/3908 2484/2/3908 2489/2/3908
f 2489/2/3908 2492/2/3908 2493/2/3908
f 2484/2/3907 2493/2/3907 2491/2/3907
f 2491/2/3907 2485/2/3907 2484/2/3907
f 2494/2/4516 2495/2/4516 2496/2/4516
f 2496/2/4516 2497/2/4516 2494/2/4516
f 2498/2/4517 2499/2/4517 2495/2/4517
f 2495/2/4517 2494/2/4517 2498/2/4517
f 2495/2/4518 2500/2/4518 2501/2/4518
f 2501/2/4518 2496/2/4518 2495/2/4518
f 2502/2/4519 2500/2/4520 2495/2/4519
f 2495/2/4519 2499/2/4519 2502/2/4519
f 2479/2/4521 1078/2/4521 1100/2/4521
f 1100/2/4521 2497/2/4521 2479/2/4521
f 2497/2/4522 1100/2/4522 1099/2/4523
f 1099/2/4523 2494/2/4523 2497/2/4522
f 2498/2/4524 2494/2/4524 1099/2/4524
f 1099/2/4524 1097/2/4524 2498/2/4524
f 2498/2/4525 1097/2/4525 1098/2/4525
f 1098/2/4525 2503/2/4525 2498/2/4525
f 2503/2/4526 2504/2/4527 2499/2/4528
f 2499/2/4528 2498/2/4527 2503/2/4526
f 2502/2/4529 2499/2/4529 2504/2/4529
f 2504/2/4529 2505/2/4529 2502/2/4529
f 1715/2/4530 1714/2/4530 2502/2/4530
f 2502/2/4530 2505/2/4530 1715/2/4530
f 2502/2/4531 1714/2/4532 1713/2/4533
f 1713/2/4533 2500/2/4534 2502/2/4531
f 1713/2/4535 1712/2/4536 2501/2/4537
f 2501/2/4537 2500/2/4537 1713/2/4535
f 1712/2/4538 1695/2/4539 2481/2/4538
f 2481/2/4538 2501/2/4540 1712/2/4538
f 2480/2/4541 2496/2/4541 2501/2/4541
f 2501/2/4541 2481/2/4541 2480/2/4541
f 2479/2/4542 2497/2/4543 2496/2/4543
f 2496/2/4543 2480/2/4543 2479/2/4542
f 2506/2/4544 2507/2/3974 2508/2/4544
f 2508/2/4544 2509/2/4545 2506/2/4544
f 2510/2/3973 2511/2/3973 2507/2/3973
f 2507/2/3973 2506/2/3973 2510/2/3973
f 2507/2/3978 2512/2/3978 2513/2/3978
f 2513/2/3978 2508/2/3976 2507/2/3978
f 2511/2/3975 2514/2/3975 2512/2/4546
f 2512/2/4546 2507/2/3975 2511/2/3975
f 2509/2/4547 2515/2/3984 1213/2/4547
f 1213/2/4547 1212/2/4547 2509/2/4547
f 1222/2/4548 2506/2/4548 2509/2/4548
f 2509/2/4548 1212/2/4548 1222/2/4548
f 1222/2/3980 1221/2/4549 2510/2/3980
f 2510/2/3980 2506/2/3980 1222/2/3980
f 1221/2/3979 1193/2/4550 2491/2/3979
f 2491/2/3979 2510/2/3979 1221/2/3979
f 2511/2/4551 2510/2/3997 2491/2/4551
f 2491/2/4551 2493/2/4552 2511/2/4551
f 2492/2/4553 2514/2/3996 2511/2/3996
f 2511/2/3996 2493/2/4554 2492/2/4553
f 2492/2/4555 1808/2/4555 1831/2/4555
f 1831/2/4555 2514/2/4555 2492/2/4555
f 2514/2/3994 1831/2/4556 1830/2/3994
f 1830/2/3994 2512/2/3994 2514/2/3994
f 2512/2/3992 1830/2/3993 1829/2/3992
f 1829/2/3992 2513/2/3993 2512/2/3992
f 2513/2/3990 1829/2/3990 1828/2/3990
f 1828/2/3990 2516/2/4557 2513/2/3990
f 2517/2/3989 2508/2/3989 2513/2/3989
f 2513/2/3989 2516/2/3989 2517/2/3989
f 2508/2/4558 2517/2/3987 2515/2/4559
f 2515/2/4559 2509/2/4560 2508/2/4558
f 2518/2/4561 2519/2/4561 2520/2/4561
f 2520/2/4561 2521/2/4561 2518/2/4561
f 2522/2/4562 2523/2/4562 2519/2/4562
f 2519/2/4562 2518/2/4562 2522/2/4562
f 2519/2/4563 2524/2/4564 2525/2/4564
f 2525/2/4564 2520/2/4563 2519/2/4563
f 2526/2/4565 2524/2/4565 2519/2/4565
f 2519/2/4565 2523/2/4565 2526/2/4565
f 2503/2/4566 1098/2/4566 1120/2/4566
f 1120/2/4566 2521/2/4566 2503/2/4566
f 2521/2/4567 1120/2/4568 1119/2/4568
f 1119/2/4568 2518/2/4568 2521/2/4567
f 2522/2/4569 2518/2/4569 1119/2/4569
f 1119/2/4569 1117/2/4570 2522/2/4569
f 2522/2/4571 1117/2/4571 1118/2/4571
f 1118/2/4571 2527/2/4571 2522/2/4571
f 2527/2/4572 2528/2/4572 2523/2/4572
f 2523/2/4572 2522/2/4572 2527/2/4572
f 2526/2/4573 2523/2/4573 2528/2/4573
f 2528/2/4573 2529/2/4573 2526/2/4573
f 1735/2/4574 1734/2/4574 2526/2/4574
f 2526/2/4574 2529/2/4574 1735/2/4574
f 2526/2/4575 1734/2/4576 1733/2/4575
f 1733/2/4575 2524/2/4575 2526/2/4575
f 1733/2/4577 1732/2/4577 2525/2/4578
f 2525/2/4578 2524/2/4577 1733/2/4577
f 1732/2/4579 1715/2/4580 2505/2/4581
f 2505/2/4581 2525/2/4582 1732/2/4579
f 2504/2/4583 2520/2/4583 2525/2/4583
f 2525/2/4583 2505/2/4583 2504/2/4583
f 2503/2/4584 2521/2/4585 2520/2/4585
f 2520/2/4585 2504/2/4585 2503/2/4584
f 2530/2/4054 2531/2/4586 2532/2/4054
f 2532/2/4054 2533/2/4054 2530/2/4054
f 2534/2/4053 2535/2/4053 2531/2/4053
f 2531/2/4053 2530/2/4053 2534/2/4053
f 2531/2/4058 2536/2/4058 2537/2/4058
f 2537/2/4058 2532/2/4058 2531/2/4058
f 2535/2/4587 2538/2/4055 2536/2/4587
f 2536/2/4587 2531/2/4588 2535/2/4587
f 2533/2/4589 2539/2/4589 1233/2/4589
f 1233/2/4589 1232/2/4589 2533/2/4589
f 1242/2/4066 2530/2/4066 2533/2/4066
f 2533/2/4066 1232/2/4066 1242/2/4066
f 1242/2/4063 1241/2/4062 2534/2/4063
f 2534/2/4063 2530/2/4063 1242/2/4063
f 1241/2/4060 1213/2/4060 2515/2/4060
f 2515/2/4060 2534/2/4060 1241/2/4060
f 2535/2/4081 2534/2/4081 2515/2/4081
f 2515/2/4081 2517/2/4081 2535/2/4081
f 2516/2/4080 2538/2/4080 2535/2/4080
f 2535/2/4080 2517/2/4080 2516/2/4080
f 2516/2/4590 1828/2/4590 1851/2/4590
f 1851/2/4590 2538/2/4590 2516/2/4590
f 2538/2/4078 1851/2/4591 1850/2/4077
f 1850/2/4077 2536/2/4077 2538/2/4078
f 2536/2/4074 1850/2/4076 1849/2/4074
f 1849/2/4074 2537/2/4592 2536/2/4074
f 2537/2/4072 1849/2/4072 1848/2/4072
f 1848/2/4072 2540/2/4072 2537/2/4072
f 2541/2/4070 2532/2/4070 2537/2/4070
f 2537/2/4070 2540/2/4070 2541/2/4070
f 2532/2/4068 2541/2/4068 2539/2/4068
f 2539/2/4068 2533/2/4068 2532/2/4068
f 2542/2/4593 2543/2/4593 2544/2/4593
f 2544/2/4593 2545/2/4593 2542/2/4593
f 2546/2/4594 2547/2/4595 2543/2/4595
f 2543/2/4595 2542/2/4594 2546/2/4594
f 2543/2/4596 2548/2/4596 2549/2/4596
f 2549/2/4596 2544/2/4596 2543/2/4596
f 2550/2/4597 2548/2/4598 2543/2/4598
f 2543/2/4598 2547/2/4597 2550/2/4597
f 2527/2/4599 1118/2/4599 1140/2/4599
f 1140/2/4599 2545/2/4599 2527/2/4599
f 2545/2/4600 1140/2/4600 1139/2/4600
f 1139/2/4600 2542/2/4600 2545/2/4600
f 2546/2/4601 2542/2/4601 1139/2/4601
f 1139/2/4601 1137/2/4602 2546/2/4601
f 2546/2/4603 1137/2/4604 1138/2/4603
f 1138/2/4603 2551/2/4603 2546/2/4603
f 2551/2/4605 2552/2/4605 2547/2/4605
f 2547/2/4605 2546/2/4605 2551/2/4605
f 2550/2/4606 2547/2/4606 2552/2/4606
f 2552/2/4606 2553/2/4606 2550/2/4606
f 1755/2/4607 1754/2/4607 2550/2/4607
f 2550/2/4607 2553/2/4607 1755/2/4607
f 2550/2/4608 1754/2/4608 1753/2/4608
f 1753/2/4608 2548/2/4609 2550/2/4608
f 1753/2/4610 1752/2/4611 2549/2/4610
f 2549/2/4610 2548/2/4610 1753/2/4610
f 1752/2/4612 1735/2/4613 2529/2/4613
f 2529/2/4613 2549/2/4613 1752/2/4612
f 2528/2/4614 2544/2/4614 2549/2/4614
f 2549/2/4614 2529/2/4614 2528/2/4614
f 2544/2/4615 2528/2/4615 2527/2/4615
f 2527/2/4615 2545/2/4615 2544/2/4615
f 2554/2/4145 2555/2/4145 2556/2/4145
f 2556/2/4145 2557/2/4145 2554/2/4145
f 2558/2/4144 2559/2/4144 2555/2/4144
f 2555/2/4144 2554/2/4144 2558/2/4144
f 2555/2/4150 2560/2/4150 2561/2/4150
f 2561/2/4150 2556/2/4150 2555/2/4150
f 2559/2/4147 2562/2/4147 2560/2/4147
f 2560/2/4147 2555/2/4147 2559/2/4147
f 2557/2/4159 2563/2/4159 1253/2/4616
f 1253/2/4616 1252/2/4159 2557/2/4159
f 1262/2/4158 2554/2/4158 2557/2/4158
f 2557/2/4158 1252/2/4158 1262/2/4158
f 1262/2/4617 1261/2/4157 2558/2/4618
f 2558/2/4618 2554/2/4157 1262/2/4617
f 1261/2/4155 1233/2/4155 2539/2/4155
f 2539/2/4155 2558/2/4155 1261/2/4155
f 2559/2/4176 2558/2/4176 2539/2/4176
f 2539/2/4176 2541/2/4176 2559/2/4176
f 2540/2/4619 2562/2/4619 2559/2/4619
f 2559/2/4619 2541/2/4175 2540/2/4619
f 2540/2/4171 1848/2/4171 1871/2/4171
f 1871/2/4171 2562/2/4171 2540/2/4171
f 2562/2/4620 1871/2/4170 1870/2/4170
f 1870/2/4170 2560/2/4170 2562/2/4620
f 2560/2/4169 1870/2/4621 1869/2/4169
f 1869/2/4169 2561/2/4621 2560/2/4169
f 2561/2/4622 1869/2/4622 1868/2/4164
f 1868/2/4164 2564/2/4164 2561/2/4622
f 2565/2/4162 2556/2/4162 2561/2/4162
f 2561/2/4162 2564/2/4162 2565/2/4162
f 2556/2/4623 2565/2/4160 2563/2/4160
f 2563/2/4160 2557/2/4160 2556/2/4623
f 2566/2/4624 2567/2/4625 2568/2/4625
f 2568/2/4625 2569/2/4625 2566/2/4624
f 2570/2/4626 2571/2/4626 2567/2/4626
f 2567/2/4626 2566/2/4627 2570/2/4626
f 2567/2/4628 2572/2/4629 2573/2/4630
f 2573/2/4630 2568/2/4631 2567/2/4628
f 2574/2/4632 2572/2/4632 2567/2/4632
f 2567/2/4632 2571/2/4632 2574/2/4632
f 2551/2/4633 1138/2/4633 1160/2/4633
f 1160/2/4633 2569/2/4633 2551/2/4633
f 2569/2/4634 1160/2/4634 1159/2/4634
f 1159/2/4634 2566/2/4634 2569/2/4634
f 2570/2/4635 2566/2/4636 1159/2/4636
f 1159/2/4636 1157/2/4636 2570/2/4635
f 2570/2/4637 1157/2/4637 1158/2/4637
f 1158/2/4637 2575/2/4637 2570/2/4637
f 2575/2/4638 2576/2/4639 2571/2/4640
f 2571/2/4640 2570/2/4640 2575/2/4638
f 2574/2/4641 2571/2/4641 2576/2/4641
f 2576/2/4641 2577/2/4641 2574/2/4641
f 1775/2/4642 1774/2/4643 2574/2/4642
f 2574/2/4642 2577/2/4644 1775/2/4642
f 2574/2/4645 1774/2/4645 1773/2/4645
f 1773/2/4645 2572/2/4645 2574/2/4645
f 1773/2/4646 1772/2/4647 2573/2/4646
f 2573/2/4646 2572/2/4646 1773/2/4646
f 1772/2/4648 1755/2/4648 2553/2/4648
f 2553/2/4648 2573/2/4648 1772/2/4648
f 2552/2/4649 2568/2/4649 2573/2/4650
f 2573/2/4650 2553/2/4649 2552/2/4649
f 2568/2/4651 2552/2/4651 2551/2/4651
f 2551/2/4651 2569/2/4651 2568/2/4651
f 2578/2/4211 2579/2/4211 2580/2/4211
f 2580/2/4211 2581/2/4211 2578/2/4211
f 2582/2/4209 2583/2/4209 2579/2/4652
f 2579/2/4652 2578/2/4210 2582/2/4209
f 2579/2/4213 2584/2/4213 2585/2/4213
f 2585/2/4213 2580/2/4213 2579/2/4213
f 2583/2/4653 2586/2/4653 2584/2/4653
f 2584/2/4653 2579/2/4653 2583/2/4653
f 2581/2/4219 2587/2/4219 1273/2/4219
f 1273/2/4219 1272/2/4219 2581/2/4219
f 1282/2/4217 2578/2/4217 2581/2/4217
f 2581/2/4217 1272/2/4217 1282/2/4217
f 1282/2/4216 1281/2/4216 2582/2/4216
f 2582/2/4216 2578/2/4216 1282/2/4216
f 1281/2/4214 1253/2/4214 2563/2/4214
f 2563/2/4214 2582/2/4214 1281/2/4214
f 2583/2/4229 2582/2/4229 2563/2/4229
f 2563/2/4229 2565/2/4229 2583/2/4229
f 2564/2/4654 2586/2/4228 2583/2/4227
f 2583/2/4227 2565/2/4228 2564/2/4654
f 2564/2/4655 1868/2/4655 1891/2/4655
f 1891/2/4655 2586/2/4655 2564/2/4655
f 2586/2/4225 1891/2/4225 1890/2/4656
f 1890/2/4656 2584/2/4657 2586/2/4225
f 2584/2/4224 1890/2/4224 1889/2/4224
f 1889/2/4224 2585/2/4224 2584/2/4224
f 2585/2/4223 1889/2/4223 1888/2/4658
f 1888/2/4658 2588/2/4659 2585/2/4223
f 2589/2/4221 2580/2/4221 2585/2/4221
f 2585/2/4221 2588/2/4221 2589/2/4221
f 2580/2/4660 2589/2/4660 2587/2/4660
f 2587/2/4660 2581/2/4660 2580/2/4660
f 2590/2/3815 2591/2/3815 2592/2/3815
f 2592/2/3815 2593/2/3815 2590/2/3815
f 2594/2/3814 2595/2/3814 2591/2/3814
f 2591/2/3814 2590/2/3814 2594/2/3814
f 2591/2/3818 2596/2/3818 2597/2/3818
f 2597/2/3818 2592/2/3818 2591/2/3818
f 2598/2/3817 2596/2/3817 2591/2/3817
f 2591/2/3817 2595/2/3817 2598/2/3817
f 2575/2/3824 1158/2/3824 1180/2/3824
f 1180/2/3824 2593/2/3824 2575/2/3824
f 2593/2/4661 1180/2/4661 1179/2/4661
f 1179/2/4661 2590/2/4661 2593/2/4661
f 2594/2/4662 2590/2/3820 1179/2/3820
f 1179/2/3820 1177/2/3820 2594/2/4662
f 2594/2/3819 1177/2/3819 1178/2/4663
f 1178/2/4663 2599/2/4664 2594/2/3819
f 2599/2/3837 2600/2/3837 2595/2/3837
f 2595/2/3837 2594/2/3837 2599/2/3837
f 2598/2/3836 2595/2/3836 2600/2/3836
f 2600/2/3836 2601/2/3836 2598/2/3836
f 1795/2/4665 1794/2/4665 2598/2/4665
f 2598/2/4665 2601/2/3834 1795/2/4665
f 2598/2/4666 1794/2/3831 1793/2/3831
f 1793/2/3831 2596/2/3831 2598/2/4666
f 1793/2/4667 1792/2/4668 2597/2/4667
f 2597/2/4667 2596/2/3829 1793/2/4667
f 1792/2/3827 1775/2/3827 2577/2/3827
f 2577/2/3827 2597/2/3827 1792/2/3827
f 2576/2/4669 2592/2/3826 2597/2/3826
f 2597/2/3826 2577/2/3826 2576/2/4669
f 2575/2/4670 2593/2/4670 2592/2/4670
f 2592/2/4670 2576/2/3825 2575/2/4670
f 2602/2/4671 2603/2/4672 2604/2/4671
f 2604/2/4671 2605/2/4275 2602/2/4671
f 2606/2/4673 2607/2/4273 2603/2/4273
f 2603/2/4273 2602/2/4273 2606/2/4673
f 2603/2/4279 2608/2/4674 2609/2/4675
f 2609/2/4675 2604/2/4675 2603/2/4279
f 2607/2/4676 2610/2/4676 2608/2/4676
f 2608/2/4676 2603/2/4677 2607/2/4676
f 2605/2/4678 2611/2/4678 1293/2/4679
f 1293/2/4679 1292/2/4678 2605/2/4678
f 1302/2/4283 2602/2/4283 2605/2/4283
f 2605/2/4283 1292/2/4283 1302/2/4283
f 1302/2/4282 1301/2/4282 2606/2/4282
f 2606/2/4282 2602/2/4282 1302/2/4282
f 1301/2/4281 1273/2/4281 2587/2/4281
f 2587/2/4281 2606/2/4281 1301/2/4281
f 2607/2/4292 2606/2/4292 2587/2/4292
f 2587/2/4292 2589/2/4292 2607/2/4292
f 2588/2/4291 2610/2/4291 2607/2/4291
f 2607/2/4291 2589/2/4291 2588/2/4291
f 2588/2/4290 1888/2/4290 1911/2/4290
f 1911/2/4290 2610/2/4290 2588/2/4290
f 2610/2/4289 1911/2/4289 1910/2/4289
f 1910/2/4289 2608/2/4289 2610/2/4289
f 2608/2/4288 1910/2/4288 1909/2/4288
f 1909/2/4288 2609/2/4288 2608/2/4288
f 2609/2/4287 1909/2/4287 1908/2/4680
f 1908/2/4680 2612/2/4287 2609/2/4287
f 2613/2/4286 2604/2/4286 2609/2/4286
f 2609/2/4286 2612/2/4286 2613/2/4286
f 2604/2/4681 2613/2/4285 2611/2/4681
f 2611/2/4681 2605/2/4285 2604/2/4681
f 2614/2/4682 2615/2/4682 2616/2/4683
f 2616/2/4683 2617/2/4682 2614/2/4682
f 2618/2/4684 2619/2/4685 2615/2/4685
f 2615/2/4685 2614/2/4685 2618/2/4684
f 2615/2/4686 2620/2/4686 2621/2/4686
f 2621/2/4686 2616/2/4686 2615/2/4686
f 2622/2/4687 2620/2/4687 2615/2/4687
f 2615/2/4687 2619/2/4687 2622/2/4687
f 2599/2/4688 1178/2/4689 1200/2/4690
f 1200/2/4690 2617/2/4691 2599/2/4688
f 2617/2/4692 1200/2/4693 1199/2/4692
f 1199/2/4692 2614/2/4692 2617/2/4692
f 2618/2/4694 2614/2/4695 1199/2/4696
f 1199/2/4696 1197/2/4697 2618/2/4694
f 2618/2/4698 1197/2/4698 1198/2/4698
f 1198/2/4698 2623/2/4698 2618/2/4698
f 2623/2/4699 2624/2/4700 2619/2/4700
f 2619/2/4700 2618/2/4700 2623/2/4699
f 2622/2/4701 2619/2/4702 2624/2/4703
f 2624/2/4703 2625/2/4704 2622/2/4701
f 1815/2/4705 1814/2/4706 2622/2/4706
f 2622/2/4706 2625/2/4706 1815/2/4705
f 2622/2/4707 1814/2/4707 1813/2/4707
f 1813/2/4707 2620/2/4707 2622/2/4707
f 1813/2/4708 1812/2/4708 2621/2/4708
f 2621/2/4708 2620/2/4708 1813/2/4708
f 1812/2/4709 1795/2/4709 2601/2/4709
f 2601/2/4709 2621/2/4709 1812/2/4709
f 2600/2/4710 2616/2/4710 2621/2/4710
f 2621/2/4710 2601/2/4710 2600/2/4710
f 2599/2/4711 2617/2/4711 2616/2/4711
f 2616/2/4711 2600/2/4711 2599/2/4711
f 2626/2/4315 2627/2/4712 2628/2/4315
f 2628/2/4315 2629/2/4315 2626/2/4315
f 2630/2/4713 2631/2/4714 2627/2/4713
f 2627/2/4713 2626/2/4312 2630/2/4713
f 2627/2/4715 2632/2/4318 2633/2/4716
f 2633/2/4716 2628/2/4717 2627/2/4715
f 2631/2/4316 2634/2/4316 2632/2/4316
f 2632/2/4316 2627/2/4316 2631/2/4316
f 2629/2/4324 2635/2/4324 1313/2/4324
f 1313/2/4324 1312/2/4324 2629/2/4324
f 1322/2/4322 2626/2/4322 2629/2/4322
f 2629/2/4322 1312/2/4322 1322/2/4322
f 1322/2/4321 1321/2/4321 2630/2/4321
f 2630/2/4321 2626/2/4321 1322/2/4321
f 1321/2/4319 1293/2/4319 2611/2/4319
f 2611/2/4319 2630/2/4319 1321/2/4319
f 2631/2/4333 2630/2/4718 2611/2/4333
f 2611/2/4333 2613/2/4333 2631/2/4333
f 2612/2/4332 2634/2/4332 2631/2/4332
f 2631/2/4332 2613/2/4332 2612/2/4332
f 2612/2/4331 1908/2/4331 1931/2/4331
f 1931/2/4331 2634/2/4331 2612/2/4331
f 2634/2/4719 1931/2/4719 1930/2/4719
f 1930/2/4719 2632/2/4719 2634/2/4719
f 2632/2/4329 1930/2/4329 1929/2/4329
f 1929/2/4329 2633/2/4329 2632/2/4329
f 2633/2/4327 1929/2/4327 1928/2/4327
f 1928/2/4327 2636/2/4327 2633/2/4327
f 2633/2/4326 2636/2/4326 2637/2/4326
f 2637/2/4326 2628/2/4326 2633/2/4326
f 2628/2/4325 2637/2/4325 2635/2/4325
f 2635/2/4325 2629/2/4325 2628/2/4325
f 2638/2/4720 2639/2/4720 2640/2/4720
f 2640/2/4720 2641/2/4720 2638/2/4720
f 2642/2/4721 2643/2/4722 2639/2/4723
f 2639/2/4723 2638/2/4724 2642/2/4721
f 2639/2/4725 2644/2/4725 2645/2/4725
f 2645/2/4725 2640/2/4725 2639/2/4725
f 2646/2/4726 2644/2/4727 2639/2/4728
f 2639/2/4728 2643/2/4729 2646/2/4726
f 2623/2/4730 1198/2/4730 1220/2/4730
f 1220/2/4730 2641/2/4730 2623/2/4730
f 2641/2/4731 1220/2/4732 1219/2/4732
f 1219/2/4732 2638/2/4732 2641/2/4731
f 2642/2/4733 2638/2/4733 1219/2/4734
f 1219/2/4734 1217/2/4735 2642/2/4733
f 2642/2/4736 1217/2/4736 1218/2/4736
f 1218/2/4736 2647/2/4736 2642/2/4736
f 2647/2/4737 2648/2/4737 2643/2/4737
f 2643/2/4737 2642/2/4737 2647/2/4737
f 2646/2/4738 2643/2/4738 2648/2/4738
f 2648/2/4738 2649/2/4738 2646/2/4738
f 1835/2/4739 1834/2/4739 2646/2/4739
f 2646/2/4739 2649/2/4739 1835/2/4739
f 2646/2/4740 1834/2/4740 1833/2/4741
f 1833/2/4741 2644/2/4740 2646/2/4740
f 1833/2/4742 1832/2/4742 2645/2/4742
f 2645/2/4742 2644/2/4742 1833/2/4742
f 1832/2/4743 1815/2/4743 2625/2/4743
f 2625/2/4743 2645/2/4743 1832/2/4743
f 2624/2/4744 2640/2/4745 2645/2/4745
f 2645/2/4745 2625/2/4744 2624/2/4744
f 2640/2/4746 2624/2/4746 2623/2/4747
f 2623/2/4747 2641/2/4746 2640/2/4746
f 2650/2/4350 2651/2/4349 2652/2/4349
f 2652/2/4349 2653/2/4350 2650/2/4350
f 2654/2/4748 2655/2/4347 2651/2/4347
f 2651/2/4347 2650/2/4347 2654/2/4748
f 2651/2/4354 2656/2/4354 2657/2/4354
f 2657/2/4354 2652/2/4749 2651/2/4354
f 2655/2/4750 2658/2/4352 2656/2/4750
f 2656/2/4750 2651/2/4750 2655/2/4750
f 2653/2/4751 2659/2/4751 1333/2/4363
f 1333/2/4363 1332/2/4363 2653/2/4751
f 1342/2/4361 2650/2/4361 2653/2/4360
f 2653/2/4360 1332/2/4752 1342/2/4361
f 1342/2/4358 1341/2/4358 2654/2/4753
f 2654/2/4753 2650/2/4358 1342/2/4358
f 1341/2/4754 1313/2/4356 2635/2/4356
f 2635/2/4356 2654/2/4755 1341/2/4754
f 2655/2/4377 2654/2/4377 2635/2/4756
f 2635/2/4756 2637/2/4377 2655/2/4377
f 2636/2/4376 2658/2/4376 2655/2/4376
f 2655/2/4376 2637/2/4376 2636/2/4376
f 2636/2/4375 1928/2/4757 1951/2/4375
f 1951/2/4375 2658/2/4375 2636/2/4375
f 2658/2/4372 1951/2/4372 1950/2/4372
f 1950/2/4372 2656/2/4758 2658/2/4372
f 2656/2/4371 1950/2/4371 1949/2/4371
f 1949/2/4371 2657/2/4371 2656/2/4371
f 2657/2/4367 1949/2/4367 1948/2/4367
f 1948/2/4367 2660/2/4367 2657/2/4367
f 2657/2/4366 2660/2/4366 2661/2/4366
f 2661/2/4366 2652/2/4366 2657/2/4366
f 2652/2/4759 2661/2/4365 2659/2/4760
f 2659/2/4760 2653/2/4365 2652/2/4759
f 2662/2/4761 2663/2/4761 2664/2/4761
f 2664/2/4761 2665/2/4761 2662/2/4761
f 2666/2/4762 2667/2/4762 2663/2/4762
f 2663/2/4762 2662/2/4762 2666/2/4762
f 2663/2/4763 2668/2/4763 2669/2/4763
f 2669/2/4763 2664/2/4763 2663/2/4763
f 2670/2/4764 2668/2/4765 2663/2/4765
f 2663/2/4765 2667/2/4765 2670/2/4764
f 2647/2/4766 1218/2/4766 1240/2/4767
f 1240/2/4767 2665/2/4766 2647/2/4766
f 2665/2/4768 1240/2/4768 1239/2/4769
f 1239/2/4769 2662/2/4769 2665/2/4768
f 2666/2/4770 2662/2/4771 1239/2/4771
f 1239/2/4771 1237/2/4770 2666/2/4770
f 2666/2/4772 1237/2/4772 1238/2/4772
f 1238/2/4772 2671/2/4772 2666/2/4772
f 2671/2/4773 2672/2/4774 2667/2/4774
f 2667/2/4774 2666/2/4774 2671/2/4773
f 2670/2/4775 2667/2/4776 2672/2/4776
f 2672/2/4776 2673/2/4776 2670/2/4775
f 1855/2/4777 1854/2/4777 2670/2/4777
f 2670/2/4777 2673/2/4777 1855/2/4777
f 2670/2/4778 1854/2/4778 1853/2/4778
f 1853/2/4778 2668/2/4778 2670/2/4778
f 1853/2/4779 1852/2/4780 2669/2/4779
f 2669/2/4779 2668/2/4779 1853/2/4779
f 1852/2/4781 1835/2/4781 2649/2/4781
f 2649/2/4781 2669/2/4781 1852/2/4781
f 2648/2/4782 2664/2/4782 2669/2/4782
f 2669/2/4782 2649/2/4782 2648/2/4782
f 2647/2/4783 2665/2/4783 2664/2/4783
f 2664/2/4783 2648/2/4783 2647/2/4783
f 2674/2/4784 2675/2/4395 2676/2/4395
f 2676/2/4395 2677/2/4395 2674/2/4784
f 2678/2/4392 2679/2/4785 2675/2/4785
f 2675/2/4785 2674/2/4392 2678/2/4392
f 2675/2/4399 2680/2/4399 2681/2/4399
f 2681/2/4399 2676/2/4399 2675/2/4399
f 2679/2/4397 2682/2/4396 2680/2/4397
f 2680/2/4397 2675/2/4396 2679/2/4397
f 2677/2/4786 2683/2/4408 1353/2/4787
f 1353/2/4787 1352/2/4788 2677/2/4786
f 1362/2/4789 2674/2/4405 2677/2/4789
f 2677/2/4789 1352/2/4789 1362/2/4789
f 1362/2/4404 1361/2/4404 2678/2/4404
f 2678/2/4404 2674/2/4404 1362/2/4404
f 1361/2/4401 1333/2/4401 2659/2/4401
f 2659/2/4401 2678/2/4401 1361/2/4401
f 2679/2/4422 2678/2/4422 2659/2/4790
f 2659/2/4790 2661/2/4790 2679/2/4422
f 2660/2/4421 2682/2/4421 2679/2/4421
f 2679/2/4421 2661/2/4421 2660/2/4421
f 2660/2/4416 1948/2/4416 1971/2/4416
f 1971/2/4416 2682/2/4416 2660/2/4416
f 2682/2/4414 1971/2/4414 1970/2/4414
f 1970/2/4414 2680/2/4414 2682/2/4414
f 2680/2/4413 1970/2/4791 1969/2/4413
f 1969/2/4413 2681/2/4413 2680/2/4413
f 2681/2/4792 1969/2/4412 1968/2/4792
f 1968/2/4792 2684/2/4793 2681/2/4792
f 2685/2/4794 2676/2/4411 2681/2/4411
f 2681/2/4411 2684/2/4411 2685/2/4794
f 2676/2/4795 2685/2/4796 2683/2/4797
f 2683/2/4797 2677/2/4798 2676/2/4795
f 2686/2/4799 2687/2/4799 2688/2/4799
f 2688/2/4799 2689/2/4799 2686/2/4799
f 2690/2/4800 2691/2/4801 2687/2/4800
f 2687/2/4800 2686/2/4802 2690/2/4800
f 2687/2/4803 2692/2/4803 2693/2/4803
f 2693/2/4803 2688/2/4803 2687/2/4803
f 2694/2/4804 2692/2/4805 2687/2/4804
f 2687/2/4804 2691/2/4805 2694/2/4804
f 2671/2/4806 1238/2/4806 1260/2/4806
f 1260/2/4806 2689/2/4806 2671/2/4806
f 2689/2/4807 1260/2/4807 1259/2/4807
f 1259/2/4807 2686/2/4807 2689/2/4807
f 2690/2/4808 2686/2/4809 1259/2/4809
f 1259/2/4809 1257/2/4809 2690/2/4808
f 2690/2/4810 1257/2/4811 1258/2/4812
f 1258/2/4812 2695/2/4813 2690/2/4810
f 2695/2/4814 2696/2/4815 2691/2/4815
f 2691/2/4815 2690/2/4815 2695/2/4814
f 2694/2/4816 2691/2/4817 2696/2/4816
f 2696/2/4816 2697/2/4818 2694/2/4816
f 1875/2/4819 1874/2/4819 2694/2/4819
f 2694/2/4819 2697/2/4819 1875/2/4819
f 2694/2/4820 1874/2/4820 1873/2/4820
f 1873/2/4820 2692/2/4820 2694/2/4820
f 1873/2/4821 1872/2/4822 2693/2/4823
f 2693/2/4823 2692/2/4823 1873/2/4821
f 1872/2/4824 1855/2/4824 2673/2/4824
f 2673/2/4824 2693/2/4824 1872/2/4824
f 2672/2/4825 2688/2/4825 2693/2/4825
f 2693/2/4825 2673/2/4825 2672/2/4825
f 2671/2/4826 2689/2/4826 2688/2/4826
f 2688/2/4826 2672/2/4826 2671/2/4826
f 2698/2/4827 2699/2/4827 2700/2/4827
f 2700/2/4827 2701/2/4436 2698/2/4827
f 2702/2/4434 2703/2/4434 2699/2/4434
f 2699/2/4434 2698/2/4434 2702/2/4434
f 2699/2/4438 2704/2/4438 2705/2/4438
f 2705/2/4438 2700/2/4438 2699/2/4438
f 2703/2/4828 2706/2/4828 2704/2/4829
f 2704/2/4829 2699/2/4437 2703/2/4828
f 2701/2/4443 2707/2/4443 1373/2/4443
f 1373/2/4443 1372/2/4443 2701/2/4443
f 1382/2/4441 2698/2/4441 2701/2/4441
f 2701/2/4441 1372/2/4441 1382/2/4441
f 1382/2/4440 1381/2/4440 2702/2/4440
f 2702/2/4440 2698/2/4440 1382/2/4440
f 1381/2/4439 1353/2/4439 2683/2/4439
f 2683/2/4439 2702/2/4439 1381/2/4439
f 2703/2/4454 2702/2/4454 2683/2/4454
f 2683/2/4454 2685/2/4454 2703/2/4454
f 2684/2/4830 2706/2/4830 2703/2/4453
f 2703/2/4453 2685/2/4453 2684/2/4830
f 2684/2/4451 1968/2/4451 1991/2/4451
f 1991/2/4451 2706/2/4451 2684/2/4451
f 2706/2/4450 1991/2/4450 1990/2/4450
f 1990/2/4450 2704/2/4450 2706/2/4450
f 2704/2/4831 1990/2/4831 1989/2/4831
f 1989/2/4831 2705/2/4831 2704/2/4831
f 2705/2/4448 1989/2/4448 1988/2/4448
f 1988/2/4448 2708/2/4448 2705/2/4448
f 2709/2/4445 2700/2/4445 2705/2/4445
f 2705/2/4445 2708/2/4445 2709/2/4445
f 2700/2/4832 2709/2/4444 2707/2/4833
f 2707/2/4833 2701/2/4444 2700/2/4832
f 2710/2/4834 2711/2/4834 2712/2/4835
f 2712/2/4835 2713/2/4835 2710/2/4834
f 2714/2/4836 2715/2/4836 2711/2/4836
f 2711/2/4836 2710/2/4836 2714/2/4836
f 2711/2/4837 2716/2/4837 2717/2/4838
f 2717/2/4838 2712/2/4838 2711/2/4837
f 2718/2/4839 2716/2/4840 2711/2/4839
f 2711/2/4839 2715/2/4839 2718/2/4839
f 2695/2/4841 1258/2/4841 1280/2/4841
f 1280/2/4841 2713/2/4841 2695/2/4841
f 2713/2/4842 1280/2/4843 1279/2/4844
f 1279/2/4844 2710/2/4842 2713/2/4842
f 2714/2/4845 2710/2/4846 1279/2/4847
f 1279/2/4847 1277/2/4845 2714/2/4845
f 2714/2/4848 1277/2/4849 1278/2/4849
f 1278/2/4849 2719/2/4850 2714/2/4848
f 2719/2/4851 2720/2/4852 2715/2/4852
f 2715/2/4852 2714/2/4852 2719/2/4851
f 2718/2/4853 2715/2/4853 2720/2/4853
f 2720/2/4853 2721/2/4853 2718/2/4853
f 1895/2/4854 1894/2/4855 2718/2/4856
f 2718/2/4856 2721/2/4855 1895/2/4854
f 2718/2/4857 1894/2/4857 1893/2/4857
f 1893/2/4857 2716/2/4857 2718/2/4857
f 1893/2/4858 1892/2/4859 2717/2/4860
f 2717/2/4860 2716/2/4859 1893/2/4858
f 1892/2/4861 1875/2/4862 2697/2/4862
f 2697/2/4862 2717/2/4861 1892/2/4861
f 2696/2/4863 2712/2/4863 2717/2/4863
f 2717/2/4863 2697/2/4863 2696/2/4863
f 2712/2/4864 2696/2/4864 2695/2/4865
f 2695/2/4865 2713/2/4866 2712/2/4864
f 2722/2/4867 2723/2/4473 2724/2/4473
f 2724/2/4473 2725/2/4473 2722/2/4867
f 2726/2/4868 2727/2/4869 2723/2/4868
f 2723/2/4868 2722/2/4868 2726/2/4868
f 2723/2/4870 2728/2/4870 2729/2/4870
f 2729/2/4870 2724/2/4481 2723/2/4870
f 2727/2/4871 2730/2/4871 2728/2/4871
f 2728/2/4871 2723/2/4477 2727/2/4871
f 2725/2/4486 2731/2/4486 1393/2/4872
f 1393/2/4872 1392/2/4486 2725/2/4486
f 1402/2/4873 2722/2/4485 2725/2/4485
f 2725/2/4485 1392/2/4485 1402/2/4873
f 1402/2/4483 1401/2/4483 2726/2/4483
f 2726/2/4483 2722/2/4483 1402/2/4483
f 1401/2/4874 1373/2/4482 2707/2/4874
f 2707/2/4874 2726/2/4875 1401/2/4874
f 2727/2/4500 2726/2/4500 2707/2/4500
f 2707/2/4500 2709/2/4500 2727/2/4500
f 2708/2/4499 2730/2/4876 2727/2/4499
f 2727/2/4499 2709/2/4499 2708/2/4499
f 2708/2/4877 1988/2/4498 2011/2/4498
f 2011/2/4498 2730/2/4498 2708/2/4877
f 2730/2/4497 2011/2/4497 2010/2/4878
f 2010/2/4878 2728/2/4497 2730/2/4497
f 2728/2/4494 2010/2/4494 2009/2/4494
f 2009/2/4494 2729/2/4494 2728/2/4494
f 2729/2/4493 2009/2/4493 2008/2/4493
f 2008/2/4493 2732/2/4493 2729/2/4493
f 2729/2/4879 2732/2/4879 2733/2/4879
f 2733/2/4879 2724/2/4879 2729/2/4879
f 2724/2/4880 2733/2/4488 2731/2/4488
f 2731/2/4488 2725/2/4880 2724/2/4880
f 2734/2/4685 2735/2/4685 2736/2/4685
f 2736/2/4685 2737/2/4881 2734/2/4685
f 2738/2/4682 2739/2/4682 2735/2/4682
f 2735/2/4682 2734/2/4682 2738/2/4682
f 2735/2/4882 2740/2/4883 2741/2/4883
f 2741/2/4883 2736/2/4883 2735/2/4882
f 2735/2/4686 2739/2/4686 2742/2/4686
f 2742/2/4686 2740/2/4686 2735/2/4686
f 2737/2/4884 2743/2/4698 869/2/4698
f 869/2/4698 868/2/4698 2737/2/4884
f 2737/2/4885 868/2/4695 882/2/4886
f 882/2/4886 2734/2/4695 2737/2/4885
f 880/2/4692 2738/2/4692 2734/2/4692
f 2734/2/4692 882/2/4692 880/2/4692
f 2137/2/4887 2738/2/4691 880/2/4888
f 880/2/4888 881/2/4889 2137/2/4887
f 2738/2/4711 2137/2/4711 2142/2/4711
f 2142/2/4711 2739/2/4711 2738/2/4711
f 2739/2/4710 2142/2/4710 2141/2/4710
f 2141/2/4710 2742/2/4710 2739/2/4710
f 847/2/4890 846/2/4709 2742/2/4890
f 2742/2/4890 2141/2/4890 847/2/4890
f 2742/2/4891 846/2/4708 845/2/4891
f 845/2/4891 2740/2/4892 2742/2/4891
f 2741/2/4893 2740/2/4894 845/2/4895
f 845/2/4895 844/2/4895 2741/2/4893
f 844/2/4706 843/2/4706 2744/2/4896
f 2744/2/4896 2741/2/4706 844/2/4706
f 2736/2/4897 2741/2/4897 2744/2/4897
f 2744/2/4897 2745/2/4897 2736/2/4897
f 2736/2/4700 2745/2/4700 2743/2/4700
f 2743/2/4700 2737/2/4898 2736/2/4700
f 2746/2/4899 2747/2/4899 2748/2/4899
f 2748/2/4899 2749/2/4899 2746/2/4899
f 2750/2/4900 2751/2/4901 2747/2/4902
f 2747/2/4902 2746/2/3839 2750/2/4900
f 2747/2/4903 2752/2/4903 2753/2/4903
f 2753/2/4903 2748/2/4904 2747/2/4903
f 2754/2/4905 2752/2/4906 2747/2/4906
f 2747/2/4906 2751/2/4907 2754/2/4905
f 2719/2/3851 1278/2/3851 1300/2/3851
f 1300/2/3851 2749/2/3851 2719/2/3851
f 2749/2/3850 1300/2/3850 1299/2/3850
f 1299/2/3850 2746/2/3850 2749/2/3850
f 2750/2/4908 2746/2/4908 1299/2/3848
f 1299/2/3848 1297/2/3848 2750/2/4908
f 2755/2/3846 2750/2/3846 1297/2/3846
f 1297/2/3846 1298/2/3846 2755/2/3846
f 2755/2/4909 2756/2/3867 2751/2/3867
f 2751/2/3867 2750/2/4910 2755/2/4909
f 2754/2/3865 2751/2/3865 2756/2/3865
f 2756/2/3865 2757/2/3865 2754/2/3865
f 2754/2/4911 2757/2/4911 1915/2/4911
f 1915/2/4911 1914/2/4911 2754/2/4911
f 2754/2/3861 1914/2/3861 1913/2/3861
f 1913/2/3861 2752/2/3861 2754/2/3861
f 1913/2/3859 1912/2/4912 2753/2/4913
f 2753/2/4913 2752/2/3859 1913/2/3859
f 1912/2/4914 1895/2/4914 2721/2/4914
f 2721/2/4914 2753/2/4914 1912/2/4914
f 2721/2/3855 2720/2/3855 2748/2/3855
f 2748/2/3855 2753/2/3855 2721/2/3855
f 2719/2/3853 2749/2/3853 2748/2/3853
f 2748/2/3853 2720/2/3853 2719/2/3853
f 2758/2/4915 2759/2/4915 2760/2/4916
f 2760/2/4916 2761/2/4517 2758/2/4915
f 2762/2/4516 2763/2/4516 2759/2/4516
f 2759/2/4516 2758/2/4516 2762/2/4516
f 2759/2/4917 2764/2/4917 2765/2/4917
f 2765/2/4917 2760/2/4917 2759/2/4917
f 2763/2/4518 2766/2/4518 2764/2/4518
f 2764/2/4518 2759/2/4518 2763/2/4518
f 2761/2/4525 2767/2/4525 1413/2/4525
f 1413/2/4525 1412/2/4525 2761/2/4525
f 1422/2/4524 2758/2/4524 2761/2/4524
f 2761/2/4524 1412/2/4524 1422/2/4524
f 1422/2/4918 1421/2/4918 2762/2/4522
f 2762/2/4522 2758/2/4918 1422/2/4918
f 1421/2/4919 1393/2/4920 2731/2/4920
f 2731/2/4920 2762/2/4521 1421/2/4919
f 2763/2/4542 2762/2/4542 2731/2/4542
f 2731/2/4542 2733/2/4542 2763/2/4542
f 2732/2/4921 2766/2/4541 2763/2/4922
f 2763/2/4922 2733/2/4541 2732/2/4921
f 2732/2/4540 2008/2/4540 2031/2/4540
f 2031/2/4540 2766/2/4540 2732/2/4540
f 2766/2/4536 2031/2/4536 2030/2/4923
f 2030/2/4923 2764/2/4536 2766/2/4536
f 2764/2/4534 2030/2/4534 2029/2/4534
f 2029/2/4534 2765/2/4534 2764/2/4534
f 2029/2/4530 2028/2/4530 2768/2/4530
f 2768/2/4530 2765/2/4530 2029/2/4530
f 2760/2/4924 2765/2/4925 2768/2/4924
f 2768/2/4924 2769/2/4924 2760/2/4924
f 2761/2/4527 2760/2/4527 2769/2/4527
f 2769/2/4527 2767/2/4527 2761/2/4527
f 2770/2/4926 2771/2/4926 2772/2/4927
f 2772/2/4927 2773/2/4927 2770/2/4926
f 2774/2/4928 2775/2/4928 2771/2/4928
f 2771/2/4928 2770/2/4928 2774/2/4928
f 2771/2/4727 2776/2/4727 2777/2/4727
f 2777/2/4727 2772/2/4727 2771/2/4727
f 2771/2/4725 2775/2/4725 2778/2/4929
f 2778/2/4929 2776/2/4725 2771/2/4725
f 893/2/4930 892/2/4736 2773/2/4736
f 2773/2/4736 2779/2/4736 893/2/4930
f 2773/2/4733 892/2/4733 902/2/4733
f 902/2/4733 2770/2/4733 2773/2/4733
f 902/2/4732 901/2/4931 2774/2/4931
f 2774/2/4931 2770/2/4732 902/2/4732
f 2774/2/4730 901/2/4932 869/2/4730
f 869/2/4730 2743/2/4933 2774/2/4730
f 2745/2/4746 2775/2/4746 2774/2/4746
f 2774/2/4746 2743/2/4746 2745/2/4746
f 2744/2/4745 2778/2/4745 2775/2/4745
f 2775/2/4745 2745/2/4745 2744/2/4745
f 843/2/4934 1511/2/4935 2778/2/4936
f 2778/2/4936 2744/2/4937 843/2/4934
f 2778/2/4742 1511/2/4742 1510/2/4742
f 1510/2/4742 2776/2/4742 2778/2/4742
f 2777/2/4938 2776/2/4740 1510/2/4938
f 1510/2/4938 1507/2/4939 2777/2/4938
f 1507/2/4940 1509/2/4941 2780/2/4942
f 2780/2/4942 2777/2/4943 1507/2/4940
f 2772/2/4738 2777/2/4944 2780/2/4738
f 2780/2/4738 2781/2/4738 2772/2/4738
f 2772/2/4945 2781/2/4946 2779/2/4945
f 2779/2/4945 2773/2/4945 2772/2/4945
f 2782/2/4947 2783/2/4947 2784/2/4947
f 2784/2/4947 2785/2/4947 2782/2/4947
f 2786/2/3919 2787/2/3919 2783/2/3919
f 2783/2/3919 2782/2/3919 2786/2/3919
f 2783/2/4948 2788/2/4949 2789/2/4950
f 2789/2/4950 2784/2/4951 2783/2/4948
f 2790/2/3923 2788/2/4952 2783/2/4952
f 2783/2/4952 2787/2/3923 2790/2/3923
f 2755/2/3930 1298/2/3930 1320/2/4953
f 1320/2/4953 2785/2/3930 2755/2/3930
f 2785/2/4954 1320/2/4955 1319/2/4956
f 1319/2/4956 2782/2/4956 2785/2/4954
f 2786/2/3928 2782/2/3928 1319/2/4957
f 1319/2/4957 1317/2/3928 2786/2/3928
f 2791/2/3926 2786/2/3926 1317/2/3926
f 1317/2/3926 1318/2/3926 2791/2/3926
f 2791/2/3942 2792/2/3942 2787/2/3942
f 2787/2/3942 2786/2/3942 2791/2/3942
f 2790/2/3940 2787/2/3940 2792/2/3940
f 2792/2/3940 2793/2/3940 2790/2/3940
f 2790/2/3939 2793/2/3939 1935/2/3939
f 1935/2/3939 1934/2/3939 2790/2/3939
f 2790/2/3938 1934/2/3938 1933/2/4958
f 1933/2/4958 2788/2/3938 2790/2/3938
f 1933/2/3936 1932/2/3936 2789/2/3936
f 2789/2/3936 2788/2/3936 1933/2/3936
f 1932/2/3935 1915/2/3935 2757/2/3935
f 2757/2/3935 2789/2/3935 1932/2/3935
f 2784/2/3933 2789/2/3933 2757/2/4959
f 2757/2/4959 2756/2/4960 2784/2/3933
f 2785/2/3931 2784/2/3931 2756/2/3931
f 2756/2/3931 2755/2/3931 2785/2/3931
f 2794/2/4562 2795/2/4562 2796/2/4562
f 2796/2/4562 2797/2/4562 2794/2/4562
f 2798/2/4561 2799/2/4561 2795/2/4561
f 2795/2/4561 2794/2/4561 2798/2/4561
f 2795/2/4565 2800/2/4565 2801/2/4565
f 2801/2/4565 2796/2/4565 2795/2/4565
f 2799/2/4564 2802/2/4564 2800/2/4564
f 2800/2/4564 2795/2/4564 2799/2/4564
f 2797/2/4961 2803/2/4571 1433/2/4962
f 1433/2/4962 1432/2/4571 2797/2/4961
f 1442/2/4963 2794/2/4569 2797/2/4964
f 2797/2/4964 1432/2/4569 1442/2/4963
f 1442/2/4568 1441/2/4568 2798/2/4568
f 2798/2/4568 2794/2/4568 1442/2/4568
f 1441/2/4566 1413/2/4566 2767/2/4566
f 2767/2/4566 2798/2/4566 1441/2/4566
f 2798/2/4585 2767/2/4585 2769/2/4965
f 2769/2/4965 2799/2/4585 2798/2/4585
f 2768/2/4583 2802/2/4583 2799/2/4583
f 2799/2/4583 2769/2/4583 2768/2/4583
f 2051/2/4966 2802/2/4966 2768/2/4967
f 2768/2/4967 2028/2/4580 2051/2/4966
f 2802/2/4577 2051/2/4577 2050/2/4968
f 2050/2/4968 2800/2/4577 2802/2/4577
f 2800/2/4969 2050/2/4575 2049/2/4970
f 2049/2/4970 2801/2/4971 2800/2/4969
f 2049/2/4574 2048/2/4574 2804/2/4574
f 2804/2/4574 2801/2/4574 2049/2/4574
f 2796/2/4573 2801/2/4573 2804/2/4573
f 2804/2/4573 2805/2/4573 2796/2/4573
f 2797/2/4972 2796/2/4572 2805/2/4972
f 2805/2/4972 2803/2/4973 2797/2/4972
f 2806/2/4762 2807/2/4762 2808/2/4762
f 2808/2/4762 2809/2/4762 2806/2/4762
f 2810/2/4761 2811/2/4761 2807/2/4761
f 2807/2/4761 2806/2/4761 2810/2/4761
f 2807/2/4765 2812/2/4765 2813/2/4765
f 2813/2/4765 2808/2/4765 2807/2/4765
f 2807/2/4763 2811/2/4763 2814/2/4763
f 2814/2/4763 2812/2/4763 2807/2/4763
f 2809/2/4772 2815/2/4772 913/2/4772
f 913/2/4772 912/2/4772 2809/2/4772
f 2809/2/4771 912/2/4974 922/2/4975
f 922/2/4975 2806/2/4771 2809/2/4771
f 2806/2/4769 922/2/4769 921/2/4769
f 921/2/4769 2810/2/4976 2806/2/4769
f 921/2/4977 893/2/4766 2779/2/4767
f 2779/2/4767 2810/2/4767 921/2/4977
f 2781/2/4978 2811/2/4783 2810/2/4978
f 2810/2/4978 2779/2/4979 2781/2/4978
f 2780/2/4980 2814/2/4980 2811/2/4980
f 2811/2/4980 2781/2/4782 2780/2/4980
f 1531/2/4981 2814/2/4982 2780/2/4981
f 2780/2/4981 1509/2/4781 1531/2/4981
f 2814/2/4983 1531/2/4779 1530/2/4779
f 1530/2/4779 2812/2/4983 2814/2/4983
f 2813/2/4984 2812/2/4985 1530/2/4985
f 1530/2/4985 1529/2/4985 2813/2/4984
f 1529/2/4986 1528/2/4777 2816/2/4986
f 2816/2/4986 2813/2/4986 1529/2/4986
f 2808/2/4987 2813/2/4776 2816/2/4776
f 2816/2/4776 2817/2/4776 2808/2/4987
f 2808/2/4773 2817/2/4774 2815/2/4988
f 2815/2/4988 2809/2/4774 2808/2/4773
f 2818/2/4989 2819/2/4000 2820/2/4001
f 2820/2/4001 2821/2/4001 2818/2/4989
f 2822/2/4990 2823/2/4991 2819/2/4990
f 2819/2/4990 2818/2/3998 2822/2/4990
f 2819/2/4005 2824/2/4005 2825/2/4992
f 2825/2/4992 2820/2/4005 2819/2/4005
f 2826/2/4004 2824/2/4004 2819/2/4004
f 2819/2/4004 2823/2/4004 2826/2/4004
f 2791/2/4993 1318/2/4994 1340/2/4011
f 1340/2/4011 2821/2/4011 2791/2/4993
f 2821/2/4010 1340/2/4010 1339/2/4010
f 1339/2/4010 2818/2/4010 2821/2/4010
f 2822/2/4995 2818/2/4008 1339/2/4996
f 1339/2/4996 1337/2/4995 2822/2/4995
f 2827/2/4997 2822/2/4006 1337/2/4006
f 1337/2/4006 1338/2/4998 2827/2/4997
f 2827/2/4024 2828/2/4024 2823/2/4024
f 2823/2/4024 2822/2/4024 2827/2/4024
f 2826/2/4023 2823/2/4023 2828/2/4023
f 2828/2/4023 2829/2/4023 2826/2/4023
f 2826/2/4022 2829/2/4999 1955/2/4022
f 1955/2/4022 1954/2/4022 2826/2/4022
f 2826/2/5000 1954/2/4020 1953/2/4020
f 1953/2/4020 2824/2/4021 2826/2/5000
f 1953/2/5001 1952/2/5001 2825/2/5001
f 2825/2/5001 2824/2/4018 1953/2/5001
f 1952/2/4017 1935/2/4017 2793/2/4017
f 2793/2/4017 2825/2/5002 1952/2/4017
f 2820/2/5003 2825/2/5003 2793/2/5004
f 2793/2/5004 2792/2/5003 2820/2/5003
f 2821/2/4012 2820/2/4012 2792/2/5005
f 2792/2/5005 2791/2/5005 2821/2/4012
f 2830/2/4594 2831/2/4594 2832/2/4594
f 2832/2/4594 2833/2/4594 2830/2/4594
f 2834/2/5006 2835/2/5006 2831/2/5006
f 2831/2/5006 2830/2/4593 2834/2/5006
f 2831/2/4598 2836/2/4598 2837/2/4598
f 2837/2/4598 2832/2/4598 2831/2/4598
f 2835/2/4596 2838/2/4596 2836/2/4596
f 2836/2/4596 2831/2/4596 2835/2/4596
f 2833/2/4603 2839/2/4603 1453/2/4603
f 1453/2/4603 1452/2/4603 2833/2/4603
f 1462/2/4601 2830/2/4601 2833/2/5007
f 2833/2/5007 1452/2/5007 1462/2/4601
f 1462/2/5008 1461/2/5009 2834/2/5010
f 2834/2/5010 2830/2/5011 1462/2/5008
f 1461/2/5012 1433/2/5013 2803/2/5014
f 2803/2/5014 2834/2/5014 1461/2/5012
f 2834/2/5015 2803/2/4615 2805/2/4615
f 2805/2/4615 2835/2/4615 2834/2/5015
f 2804/2/5016 2838/2/4614 2835/2/4614
f 2835/2/4614 2805/2/4614 2804/2/5016
f 2071/2/5017 2838/2/4613 2804/2/4613
f 2804/2/4613 2048/2/4612 2071/2/5017
f 2838/2/5018 2071/2/4610 2070/2/5019
f 2070/2/5019 2836/2/4610 2838/2/5018
f 2836/2/5020 2070/2/4608 2069/2/5021
f 2069/2/5021 2837/2/4608 2836/2/5020
f 2069/2/4607 2068/2/5022 2840/2/5022
f 2840/2/5022 2837/2/4607 2069/2/4607
f 2832/2/4606 2837/2/4606 2840/2/4606
f 2840/2/4606 2841/2/4606 2832/2/4606
f 2833/2/5023 2832/2/4605 2841/2/5024
f 2841/2/5024 2839/2/4605 2833/2/5023
f 2842/2/4802 2843/2/4802 2844/2/4802
f 2844/2/4802 2845/2/4802 2842/2/4802
f 2846/2/4799 2847/2/4799 2843/2/4799
f 2843/2/4799 2842/2/4799 2846/2/4799
f 2843/2/4805 2848/2/4805 2849/2/4805
f 2849/2/4805 2844/2/4805 2843/2/4805
f 2843/2/4803 2847/2/4803 2850/2/4803
f 2850/2/4803 2848/2/4803 2843/2/4803
f 2845/2/5025 2851/2/4811 933/2/4811
f 933/2/4811 932/2/5025 2845/2/5025
f 2845/2/4809 932/2/4809 942/2/4809
f 942/2/4809 2842/2/4809 2845/2/4809
f 2846/2/5026 2842/2/4807 942/2/5027
f 942/2/5027 941/2/5028 2846/2/5026
f 941/2/4806 913/2/4806 2815/2/4806
f 2815/2/4806 2846/2/4806 941/2/4806
f 2817/2/4826 2847/2/5029 2846/2/4826
f 2846/2/4826 2815/2/4826 2817/2/4826
f 2816/2/5030 2850/2/4825 2847/2/4825
f 2847/2/4825 2817/2/4825 2816/2/5030
f 1551/2/4824 2850/2/4824 2816/2/4824
f 2816/2/4824 1528/2/4824 1551/2/4824
f 2850/2/4822 1551/2/4822 1550/2/4822
f 1550/2/4822 2848/2/4822 2850/2/4822
f 1550/2/4820 1549/2/5031 2849/2/5032
f 2849/2/5032 2848/2/4820 1550/2/4820
f 1549/2/4819 1548/2/4819 2852/2/4819
f 2852/2/4819 2849/2/4819 1549/2/4819
f 2844/2/5033 2849/2/4818 2852/2/4818
f 2852/2/4818 2853/2/4818 2844/2/5033
f 2844/2/4815 2853/2/4815 2851/2/4815
f 2851/2/4815 2845/2/4815 2844/2/4815
f 2854/2/4085 2855/2/4085 2856/2/4085
f 2856/2/4085 2857/2/4085 2854/2/4085
f 2858/2/4082 2859/2/4082 2855/2/5034
f 2855/2/5034 2854/2/4082 2858/2/4082
f 2855/2/4087 2860/2/4087 2861/2/4087
f 2861/2/4087 2856/2/5035 2855/2/4087
f 2862/2/4086 2860/2/4086 2855/2/4086
f 2855/2/4086 2859/2/5036 2862/2/4086
f 2827/2/5037 1338/2/5038 1360/2/5037
f 1360/2/5037 2857/2/4093 2827/2/5037
f 2857/2/5039 1360/2/5040 1359/2/5041
f 1359/2/5041 2854/2/4092 2857/2/5039
f 2858/2/4091 2854/2/4091 1359/2/4091
f 1359/2/4091 1357/2/4091 2858/2/4091
f 1357/2/4090 1358/2/4090 2122/2/4090
f 2122/2/4090 2858/2/4090 1357/2/4090
f 2127/2/4106 2859/2/4106 2858/2/4106
f 2858/2/4106 2122/2/4106 2127/2/4106
f 2862/2/5042 2859/2/5042 2127/2/5042
f 2127/2/5042 2126/2/5042 2862/2/5042
f 2862/2/5043 2126/2/5043 1975/2/4101
f 1975/2/4101 1974/2/4101 2862/2/5043
f 2862/2/4100 1974/2/5044 1973/2/4100
f 1973/2/4100 2860/2/4100 2862/2/4100
f 1973/2/4098 1972/2/4098 2861/2/5045
f 2861/2/5045 2860/2/4098 1973/2/4098
f 1972/2/4097 1955/2/5046 2829/2/4097
f 2829/2/4097 2861/2/4097 1972/2/4097
f 2856/2/4095 2861/2/4095 2829/2/4095
f 2829/2/4095 2828/2/5047 2856/2/4095
f 2857/2/4094 2856/2/4094 2828/2/5048
f 2828/2/5048 2827/2/4094 2857/2/4094
f 2863/2/4626 2864/2/4626 2865/2/4626
f 2865/2/4626 2866/2/4626 2863/2/4626
f 2867/2/5049 2868/2/4625 2864/2/4625
f 2864/2/4625 2863/2/4625 2867/2/5049
f 2864/2/4632 2869/2/4632 2870/2/5050
f 2870/2/5050 2865/2/4632 2864/2/4632
f 2868/2/5051 2871/2/5052 2869/2/5051
f 2869/2/5051 2864/2/5053 2868/2/5051
f 2866/2/4637 2138/2/4637 1473/2/4637
f 1473/2/4637 1472/2/4637 2866/2/4637
f 1482/2/4636 2863/2/5054 2866/2/5054
f 2866/2/5054 1472/2/4636 1482/2/4636
f 1482/2/4634 1481/2/5055 2867/2/5055
f 2867/2/5055 2863/2/4634 1482/2/4634
f 1481/2/4633 1453/2/4633 2839/2/4633
f 2839/2/4633 2867/2/4633 1481/2/4633
f 2867/2/4651 2839/2/4651 2841/2/5056
f 2841/2/5056 2868/2/5056 2867/2/4651
f 2840/2/5057 2871/2/5058 2868/2/5057
f 2868/2/5057 2841/2/5058 2840/2/5057
f 2091/2/4648 2871/2/4648 2840/2/4648
f 2840/2/4648 2068/2/4648 2091/2/4648
f 2871/2/4647 2091/2/5059 2090/2/5060
f 2090/2/5060 2869/2/4646 2871/2/4647
f 2869/2/5061 2090/2/4645 2089/2/5061
f 2089/2/5061 2870/2/5061 2869/2/5061
f 2089/2/5062 2088/2/5063 2140/2/5062
f 2140/2/5062 2870/2/5064 2089/2/5062
f 2870/2/4641 2140/2/4641 2139/2/4641
f 2139/2/4641 2865/2/4641 2870/2/4641
f 2866/2/4640 2865/2/4640 2139/2/4640
f 2139/2/4640 2138/2/4640 2866/2/4640
f 2872/2/4836 2873/2/4836 2874/2/4836
f 2874/2/4836 2875/2/4836 2872/2/4836
f 2876/2/5065 2877/2/5066 2873/2/4835
f 2873/2/4835 2872/2/5066 2876/2/5065
f 2873/2/4839 2878/2/4839 2879/2/4839
f 2879/2/4839 2874/2/4839 2873/2/4839
f 2873/2/5067 2877/2/5067 2880/2/5067
f 2880/2/5067 2878/2/5068 2873/2/5067
f 2875/2/4849 2153/2/5069 953/2/4849
f 953/2/4849 952/2/4849 2875/2/4849
f 2875/2/4845 952/2/4845 962/2/4845
f 962/2/4845 2872/2/4845 2875/2/4845
f 2876/2/5070 2872/2/4842 962/2/4842
f 962/2/4842 961/2/5071 2876/2/5070
f 961/2/5072 933/2/5072 2851/2/5072
f 2851/2/5072 2876/2/5072 961/2/5072
f 2853/2/5073 2877/2/4866 2876/2/4866
f 2876/2/4866 2851/2/4866 2853/2/5073
f 2852/2/4863 2880/2/5074 2877/2/4863
f 2877/2/4863 2853/2/4863 2852/2/4863
f 1571/2/4861 2880/2/4861 2852/2/4861
f 2852/2/4861 1548/2/4861 1571/2/4861
f 2880/2/5075 1571/2/5076 1570/2/5077
f 1570/2/5077 2878/2/5076 2880/2/5075
f 1570/2/4857 1569/2/4857 2879/2/4857
f 2879/2/4857 2878/2/4857 1570/2/4857
f 1569/2/4855 1568/2/4855 2155/2/4855
f 2155/2/4855 2879/2/4855 1569/2/4855
f 2155/2/5078 2154/2/5079 2874/2/5080
f 2874/2/5080 2879/2/4853 2155/2/5078
f 2875/2/5081 2874/2/4852 2154/2/5082
f 2154/2/5082 2153/2/4852 2875/2/5081
o C_rculo_008_C_rculo_009
v 0.084339 -0.707285 -0.366439
v 0.154139 -0.707285 -0.359540
v 0.221339 -0.707285 -0.339139
v 0.283239 -0.707285 -0.306040
v 0.337539 -0.707285 -0.261539
v 0.382139 -0.707285 -0.207240
v 0.415239 -0.707285 -0.145340
v 0.435539 -0.707285 -0.078139
v 0.442439 -0.707285 -0.008240
v 0.435539 -0.707285 0.061561
v 0.415239 -0.707285 0.128761
v 0.382139 -0.707285 0.190760
v 0.337539 -0.707285 0.244961
v 0.283239 -0.707285 0.289561
v 0.221339 -0.707285 0.322661
v 0.154139 -0.707285 0.343060
v 0.084339 -0.707285 0.349861
v 0.014439 -0.707285 0.343060
v -0.052761 -0.707285 0.322661
v -0.114661 -0.707285 0.289561
v -0.168961 -0.707285 0.244961
v -0.213461 -0.707285 0.190760
v -0.246561 -0.707285 0.128761
v -0.266961 -0.707285 0.061561
v -0.273861 -0.707285 -0.008240
v -0.266961 -0.707285 -0.078139
v -0.246561 -0.707285 -0.145340
v -0.213461 -0.707285 -0.207240
v -0.168961 -0.707285 -0.261539
v 0.014439 -0.707285 -0.359540
v -0.114661 -0.707285 -0.306040
v -0.052761 -0.707285 -0.339139
v -0.183461 -0.738185 -0.276039
v -0.183461 -0.772985 -0.276039
v -0.126061 -0.772985 -0.323139
v -0.126061 -0.738185 -0.323139
v -0.294361 -0.738185 -0.008240
v -0.287061 -0.738185 0.065560
v 0.455639 -0.738185 0.065560
v 0.434139 -0.738185 0.136661
v -0.265561 -0.738185 0.136661
v 0.462940 -0.738185 -0.008240
v -0.230561 -0.738185 0.202060
v 0.455639 -0.738185 -0.082139
v -0.183461 -0.738185 0.259461
v 0.434139 -0.738185 -0.153139
v -0.126061 -0.738185 0.306561
v 0.399139 -0.738185 -0.218640
v -0.060561 -0.738185 0.341560
v 0.084339 -0.738185 -0.386939
v 0.010439 -0.738185 -0.379640
v 0.352039 -0.738185 -0.276039
v 0.010439 -0.738185 0.363060
v -0.060561 -0.738185 -0.358139
v 0.294639 -0.738185 -0.323139
v 0.084339 -0.738185 0.370360
v 0.229239 -0.738185 -0.358139
v 0.158139 -0.738185 0.363060
v 0.158139 -0.738185 -0.379640
v 0.229239 -0.738185 0.341560
v -0.230561 -0.738185 -0.218640
v 0.294639 -0.738185 0.306561
v -0.265561 -0.738185 -0.153139
v 0.352039 -0.738185 0.259461
v -0.287061 -0.738185 -0.082139
v 0.399139 -0.738185 0.202060
v 0.010439 -0.772985 -0.379640
v -0.060561 -0.772985 -0.358139
v -0.230561 -0.772985 -0.218640
v -0.265561 -0.772985 -0.153139
v -0.287061 -0.772985 -0.082139
v -0.294361 -0.772985 -0.008240
v -0.287061 -0.772985 0.065560
v -0.265561 -0.772985 0.136661
v -0.230561 -0.772985 0.202060
v -0.183461 -0.772985 0.259461
v -0.126061 -0.772985 0.306561
v -0.060561 -0.772985 0.341560
v 0.010439 -0.772985 0.363060
v 0.084339 -0.772985 0.370360
v 0.158139 -0.772985 0.363060
v 0.229239 -0.772985 0.341560
v 0.294639 -0.772985 0.306561
v 0.352039 -0.772985 0.259461
v 0.399139 -0.772985 0.202060
v 0.434139 -0.772985 0.136661
v 0.455639 -0.772985 0.065560
v 0.462940 -0.772985 -0.008240
v 0.455639 -0.772985 -0.082139
v 0.434139 -0.772985 -0.153139
v 0.399139 -0.772985 -0.218640
v 0.352039 -0.772985 -0.276039
v 0.294639 -0.772985 -0.323139
v 0.229239 -0.772985 -0.358139
v 0.158139 -0.772985 -0.379640
v 0.084339 -0.772985 -0.386939
vn -0.0000 -1.0000 -0.0000
vn 0.6343 -0.0000 0.7731
vn 0.8305 -0.5509 -0.0821
vn 0.8305 -0.5510 -0.0821
vn 0.8305 -0.5509 -0.0822
vn -0.7989 -0.5505 -0.2423
vn 0.7988 -0.5506 -0.2422
vn 0.7989 -0.5505 -0.2423
vn 0.7989 -0.5505 -0.2422
vn -0.8308 -0.5505 -0.0817
vn -0.8308 -0.5506 -0.0818
vn -0.8307 -0.5506 -0.0818
vn 0.7362 -0.5506 -0.3936
vn 0.7357 -0.5511 -0.3937
vn 0.7361 -0.5507 -0.3935
vn 0.7362 -0.5506 -0.3935
vn -0.8307 -0.5507 0.0819
vn -0.8308 -0.5505 0.0818
vn 0.6453 -0.5506 -0.5295
vn 0.6451 -0.5511 -0.5293
vn 0.6454 -0.5505 -0.5295
vn 0.6455 -0.5504 -0.5296
vn -0.7989 -0.5505 0.2424
vn -0.7989 -0.5505 0.2423
vn 0.5296 -0.5506 -0.6452
vn 0.5296 -0.5505 -0.6454
vn 0.5296 -0.5505 -0.6453
vn -0.7364 -0.5502 0.3936
vn -0.7361 -0.5507 0.3935
vn -0.7363 -0.5503 0.3936
vn -0.7362 -0.5505 0.3935
vn 0.3937 -0.5500 -0.7365
vn 0.3936 -0.5502 -0.7365
vn 0.3937 -0.5502 -0.7364
vn 0.3937 -0.5503 -0.7363
vn 0.0818 -0.5506 0.8308
vn 0.0817 -0.5505 0.8309
vn 0.0818 -0.5505 0.8308
vn -0.6454 -0.5505 0.5296
vn -0.6453 -0.5506 0.5296
vn -0.6451 -0.5506 0.5297
vn -0.6454 -0.5505 0.5295
vn 0.2423 -0.5505 -0.7989
vn 0.2423 -0.5504 0.7989
vn 0.2423 -0.5505 0.7989
vn -0.5297 -0.5504 0.6453
vn -0.5296 -0.5506 0.6453
vn -0.5297 -0.5505 0.6453
vn 0.0817 -0.5504 -0.8309
vn 0.0820 -0.5510 -0.8305
vn 0.0818 -0.5505 -0.8308
vn 0.3935 -0.5507 0.7362
vn 0.3935 -0.5506 0.7362
vn -0.3935 -0.5506 0.7362
vn -0.3935 -0.5505 0.7362
vn -0.3935 -0.5505 0.7363
vn -0.0818 -0.5505 -0.8308
vn -0.0813 -0.5504 -0.8309
vn -0.0817 -0.5506 -0.8308
vn 0.5296 -0.5506 0.6453
vn 0.5295 -0.5507 0.6453
vn 0.5296 -0.5505 0.6453
vn -0.2422 -0.5506 0.7989
vn -0.2416 -0.5509 0.7988
vn -0.2423 -0.5505 0.7989
vn -0.2423 -0.5505 -0.7989
vn 0.6453 -0.5506 0.5296
vn 0.6453 -0.5505 0.5296
vn 0.6453 -0.5506 0.5295
vn -0.0819 -0.5507 0.8307
vn -0.0821 -0.5510 0.8305
vn -0.0819 -0.5506 0.8307
vn -0.0822 -0.5509 0.8305
vn -0.3938 -0.5505 -0.7361
vn -0.3935 -0.5505 -0.7362
vn -0.3937 -0.5507 -0.7361
vn -0.3935 -0.5506 -0.7362
vn 0.7362 -0.5506 0.3935
vn 0.7362 -0.5507 0.3935
vn 0.7361 -0.5507 0.3935
vn -0.5297 -0.5505 -0.6452
vn -0.5296 -0.5505 -0.6453
vn -0.5297 -0.5506 -0.6451
vn -0.5299 -0.5504 -0.6452
vn 0.7988 -0.5506 0.2422
vn 0.7988 -0.5509 0.2419
vn 0.7989 -0.5506 0.2422
vn 0.7990 -0.5504 0.2423
vn -0.6453 -0.5505 -0.5296
vn -0.6452 -0.5505 -0.5297
vn -0.6452 -0.5506 -0.5297
vn 0.8308 -0.5505 0.0818
vn 0.8307 -0.5506 0.0819
vn -0.7362 -0.5504 -0.3937
vn -0.7361 -0.5506 -0.3936
vn -0.7363 -0.5505 -0.3935
vn -0.7363 -0.5504 -0.3935
vn -0.0000 1.0000 -0.0000
vn -0.2903 -0.0000 0.9569
vn -0.2901 -0.0000 0.9570
vn -0.2903 -0.0000 -0.9569
vn -0.2901 -0.0000 -0.9570
vn 0.7731 -0.0000 0.6343
vn -0.0981 -0.0000 0.9952
vn -0.0984 -0.0000 0.9951
vn -0.0980 -0.0000 0.9952
vn -0.4716 -0.0000 -0.8818
vn -0.4718 -0.0000 -0.8817
vn -0.4713 -0.0000 -0.8820
vn 0.8820 -0.0000 0.4713
vn -0.6343 -0.0000 -0.7731
vn 0.9570 -0.0000 0.2901
vn 0.9571 -0.0000 0.2898
vn -0.7731 -0.0000 -0.6343
vn 0.9952 -0.0000 0.0983
vn 0.9952 -0.0000 0.0980
vn -0.8817 -0.0000 -0.4718
vn 0.9952 -0.0000 -0.0981
vn 0.9951 -0.0000 -0.0984
vn 0.9952 -0.0000 -0.0980
vn -0.9569 -0.0000 -0.2903
vn 0.9569 -0.0000 -0.2903
vn 0.9570 -0.0000 -0.2900
vn -0.9952 -0.0000 -0.0981
vn -0.9952 -0.0000 -0.0980
vn -0.9951 -0.0000 -0.0984
vn 0.8817 -0.0000 -0.4718
vn -0.9952 -0.0000 0.0983
vn -0.9952 -0.0000 0.0980
vn 0.7731 -0.0000 -0.6343
vn -0.9571 -0.0000 0.2898
vn -0.9569 -0.0000 0.2903
vn -0.9570 -0.0000 0.2901
vn 0.6343 -0.0000 -0.7731
vn -0.8820 -0.0000 0.4713
vn 0.4713 -0.0000 -0.8820
vn 0.0983 -0.0000 0.9952
vn -0.7731 -0.0000 0.6343
vn 0.2903 -0.0000 -0.9569
vn 0.2901 -0.0000 0.9570
vn 0.2903 -0.0000 0.9569
vn -0.6343 -0.0000 0.7731
vn 0.0983 -0.0000 -0.9952
vn 0.4713 -0.0000 0.8820
vn -0.4716 -0.0000 0.8818
vn -0.4718 -0.0000 0.8817
vn -0.4713 -0.0000 0.8820
vn -0.0981 -0.0000 -0.9952
vn -0.0980 -0.0000 -0.9952
vn -0.0984 -0.0000 -0.9951
vt 0.000000 0.000000
s 1
usemtl Goddard_None
f 2881/3/5083 2882/3/5083 2883/3/5083
f 2883/3/5083 2884/3/5083 2885/3/5083
f 2881/3/5083 2883/3/5083 2885/3/5083
f 2885/3/5083 2886/3/5083 2887/3/5083
f 2887/3/5083 2888/3/5083 2889/3/5083
f 2885/3/5083 2887/3/5083 2889/3/5083
f 2881/3/5083 2885/3/5083 2889/3/5083
f 2889/3/5083 2890/3/5083 2891/3/5083
f 2891/3/5083 2892/3/5083 2893/3/5083
f 2889/3/5083 2891/3/5083 2893/3/5083
f 2893/3/5083 2894/3/5083 2895/3/5083
f 2895/3/5083 2896/3/5083 2897/3/5083
f 2893/3/5083 2895/3/5083 2897/3/5083
f 2889/3/5083 2893/3/5083 2897/3/5083
f 2897/3/5083 2898/3/5083 2899/3/5083
f 2899/3/5083 2900/3/5083 2901/3/5083
f 2897/3/5083 2899/3/5083 2901/3/5083
f 2901/3/5083 2902/3/5083 2903/3/5083
f 2903/3/5083 2904/3/5083 2905/3/5083
f 2901/3/5083 2903/3/5083 2905/3/5083
f 2897/3/5083 2901/3/5083 2905/3/5083
f 2889/3/5083 2897/3/5083 2905/3/5083
f 2881/3/5083 2889/3/5083 2905/3/5083
f 2906/3/5083 2907/3/5083 2908/3/5083
f 2905/3/5083 2906/3/5083 2908/3/5083
f 2905/3/5083 2908/3/5083 2909/3/5083
f 2881/3/5083 2905/3/5083 2909/3/5083
f 2910/3/5083 2881/3/5083 2909/3/5083
f 2910/3/5083 2909/3/5083 2911/3/5083
f 2910/3/5083 2911/3/5083 2912/3/5083
f 2913/3/5084 2914/3/5084 2915/3/5084
f 2915/3/5084 2916/3/5084 2913/3/5084
f 2917/3/5085 2905/3/5086 2904/3/5085
f 2904/3/5085 2918/3/5087 2917/3/5085
f 2890/3/5088 2919/3/5088 2920/3/5088
f 2920/3/5088 2891/3/5088 2890/3/5088
f 2904/3/5089 2903/3/5090 2921/3/5090
f 2921/3/5090 2918/3/5091 2904/3/5089
f 2889/3/5092 2922/3/5093 2919/3/5094
f 2919/3/5094 2890/3/5092 2889/3/5092
f 2902/3/5095 2923/3/5096 2921/3/5097
f 2921/3/5097 2903/3/5098 2902/3/5095
f 2888/3/5099 2924/3/5100 2922/3/5099
f 2922/3/5099 2889/3/5100 2888/3/5099
f 2901/3/5101 2925/3/5102 2923/3/5103
f 2923/3/5103 2902/3/5104 2901/3/5101
f 2887/3/5105 2926/3/5106 2924/3/5106
f 2924/3/5106 2888/3/5106 2887/3/5105
f 2900/3/5107 2927/3/5108 2925/3/5109
f 2925/3/5109 2901/3/5108 2900/3/5107
f 2886/3/5110 2928/3/5111 2926/3/5112
f 2926/3/5112 2887/3/5113 2886/3/5110
f 2899/3/5114 2929/3/5115 2927/3/5116
f 2927/3/5116 2900/3/5117 2899/3/5114
f 2930/3/5118 2881/3/5119 2910/3/5118
f 2910/3/5118 2931/3/5120 2930/3/5118
f 2885/3/5121 2932/3/5122 2928/3/5123
f 2928/3/5123 2886/3/5124 2885/3/5121
f 2898/3/5125 2933/3/5125 2929/3/5125
f 2929/3/5125 2899/3/5125 2898/3/5125
f 2931/3/5126 2910/3/5127 2912/3/5127
f 2912/3/5127 2934/3/5127 2931/3/5126
f 2884/3/5128 2935/3/5129 2932/3/5130
f 2932/3/5130 2885/3/5130 2884/3/5128
f 2897/3/5131 2936/3/5132 2933/3/5133
f 2933/3/5133 2898/3/5133 2897/3/5131
f 2934/3/5134 2912/3/5135 2911/3/5135
f 2911/3/5135 2916/3/5134 2934/3/5134
f 2883/3/5136 2937/3/5136 2935/3/5137
f 2935/3/5137 2884/3/5138 2883/3/5136
f 2896/3/5139 2938/3/5139 2936/3/5140
f 2936/3/5140 2897/3/5141 2896/3/5139
f 2911/3/5142 2909/3/5143 2913/3/5142
f 2913/3/5142 2916/3/5144 2911/3/5142
f 2882/3/5145 2939/3/5146 2937/3/5145
f 2937/3/5145 2883/3/5147 2882/3/5145
f 2895/3/5148 2940/3/5148 2938/3/5148
f 2938/3/5148 2896/3/5148 2895/3/5148
f 2908/3/5149 2941/3/5149 2913/3/5150
f 2913/3/5150 2909/3/5151 2908/3/5149
f 2882/3/5152 2881/3/5153 2930/3/5154
f 2930/3/5154 2939/3/5155 2882/3/5152
f 2894/3/5156 2942/3/5157 2940/3/5158
f 2940/3/5158 2895/3/5159 2894/3/5156
f 2943/3/5160 2941/3/5161 2908/3/5160
f 2908/3/5160 2907/3/5162 2943/3/5160
f 2893/3/5163 2944/3/5164 2942/3/5165
f 2942/3/5165 2894/3/5166 2893/3/5163
f 2906/3/5167 2945/3/5168 2943/3/5169
f 2943/3/5169 2907/3/5170 2906/3/5167
f 2892/3/5171 2946/3/5171 2944/3/5172
f 2944/3/5172 2893/3/5173 2892/3/5171
f 2917/3/5174 2945/3/5175 2906/3/5174
f 2906/3/5174 2905/3/5174 2917/3/5174
f 2891/3/5176 2920/3/5177 2946/3/5178
f 2946/3/5178 2892/3/5179 2891/3/5176
f 2947/3/5180 2948/3/5180 2915/3/5180
f 2915/3/5180 2914/3/5180 2949/3/5180
f 2947/3/5180 2915/3/5180 2949/3/5180
f 2949/3/5180 2950/3/5180 2951/3/5180
f 2949/3/5180 2951/3/5180 2952/3/5180
f 2947/3/5180 2949/3/5180 2952/3/5180
f 2947/3/5180 2952/3/5180 2953/3/5180
f 2953/3/5180 2954/3/5180 2955/3/5180
f 2955/3/5180 2956/3/5180 2957/3/5180
f 2953/3/5180 2955/3/5180 2957/3/5180
f 2957/3/5180 2958/3/5180 2959/3/5180
f 2959/3/5180 2960/3/5180 2961/3/5180
f 2957/3/5180 2959/3/5180 2961/3/5180
f 2953/3/5180 2957/3/5180 2961/3/5180
f 2961/3/5180 2962/3/5180 2963/3/5180
f 2963/3/5180 2964/3/5180 2965/3/5180
f 2961/3/5180 2963/3/5180 2965/3/5180
f 2965/3/5180 2966/3/5180 2967/3/5180
f 2967/3/5180 2968/3/5180 2969/3/5180
f 2965/3/5180 2967/3/5180 2969/3/5180
f 2961/3/5180 2965/3/5180 2969/3/5180
f 2953/3/5180 2961/3/5180 2969/3/5180
f 2969/3/5180 2970/3/5180 2971/3/5180
f 2971/3/5180 2972/3/5180 2973/3/5180
f 2969/3/5180 2971/3/5180 2973/3/5180
f 2973/3/5180 2974/3/5180 2975/3/5180
f 2973/3/5180 2975/3/5180 2976/3/5180
f 2969/3/5180 2973/3/5180 2976/3/5180
f 2953/3/5180 2969/3/5180 2976/3/5180
f 2947/3/5180 2953/3/5180 2976/3/5180
f 2939/3/5181 2975/3/5182 2974/3/5181
f 2974/3/5181 2937/3/5181 2939/3/5181
f 2940/3/5183 2962/3/5184 2961/3/5183
f 2961/3/5183 2938/3/5183 2940/3/5183
f 2941/3/5185 2949/3/5185 2914/3/5185
f 2914/3/5185 2913/3/5185 2941/3/5185
f 2939/3/5186 2930/3/5187 2976/3/5187
f 2976/3/5187 2975/3/5188 2939/3/5186
f 2942/3/5189 2963/3/5190 2962/3/5190
f 2962/3/5190 2940/3/5191 2942/3/5189
f 2943/3/5192 2950/3/5192 2949/3/5192
f 2949/3/5192 2941/3/5192 2943/3/5192
f 2944/3/5193 2964/3/5193 2963/3/5193
f 2963/3/5193 2942/3/5193 2944/3/5193
f 2945/3/5194 2951/3/5195 2950/3/5194
f 2950/3/5194 2943/3/5195 2945/3/5194
f 2946/3/5196 2965/3/5196 2964/3/5196
f 2964/3/5196 2944/3/5196 2946/3/5196
f 2917/3/5197 2952/3/5198 2951/3/5197
f 2951/3/5197 2945/3/5198 2917/3/5197
f 2920/3/5199 2966/3/5199 2965/3/5199
f 2965/3/5199 2946/3/5199 2920/3/5199
f 2918/3/5200 2953/3/5201 2952/3/5200
f 2952/3/5200 2917/3/5202 2918/3/5200
f 2919/3/5203 2967/3/5203 2966/3/5203
f 2966/3/5203 2920/3/5203 2919/3/5203
f 2921/3/5204 2954/3/5205 2953/3/5204
f 2953/3/5204 2918/3/5204 2921/3/5204
f 2922/3/5206 2968/3/5207 2967/3/5208
f 2967/3/5208 2919/3/5208 2922/3/5206
f 2923/3/5209 2955/3/5209 2954/3/5209
f 2954/3/5209 2921/3/5209 2923/3/5209
f 2924/3/5210 2969/3/5211 2968/3/5210
f 2968/3/5210 2922/3/5211 2924/3/5210
f 2925/3/5212 2956/3/5212 2955/3/5212
f 2955/3/5212 2923/3/5212 2925/3/5212
f 2926/3/5213 2970/3/5214 2969/3/5215
f 2969/3/5215 2924/3/5213 2926/3/5213
f 2927/3/5216 2957/3/5216 2956/3/5216
f 2956/3/5216 2925/3/5216 2927/3/5216
f 2928/3/5217 2971/3/5217 2970/3/5217
f 2970/3/5217 2926/3/5217 2928/3/5217
f 2929/3/5218 2958/3/5218 2957/3/5218
f 2957/3/5218 2927/3/5218 2929/3/5218
f 2931/3/5219 2947/3/5219 2976/3/5219
f 2976/3/5219 2930/3/5219 2931/3/5219
f 2932/3/5220 2972/3/5220 2971/3/5220
f 2971/3/5220 2928/3/5220 2932/3/5220
f 2933/3/5221 2959/3/5221 2958/3/5221
f 2958/3/5221 2929/3/5221 2933/3/5221
f 2934/3/5222 2948/3/5223 2947/3/5222
f 2947/3/5222 2931/3/5223 2934/3/5222
f 2935/3/5224 2973/3/5224 2972/3/5224
f 2972/3/5224 2932/3/5224 2935/3/5224
f 2936/3/5225 2960/3/5225 2959/3/5225
f 2959/3/5225 2933/3/5225 2936/3/5225
f 2916/3/5226 2915/3/5226 2948/3/5226
f 2948/3/5226 2934/3/5226 2916/3/5226
f 2937/3/5227 2974/3/5228 2973/3/5228
f 2973/3/5228 2935/3/5229 2937/3/5227
f 2938/3/5230 2961/3/5231 2960/3/5230
f 2960/3/5230 2936/3/5232 2938/3/5230
o C_rculo_009_C_rculo_010
v 0.083739 -0.771885 -0.383940
v 0.157339 -0.771885 -0.376740
v 0.228139 -0.771885 -0.355240
v 0.293339 -0.771885 -0.320340
v 0.350539 -0.771885 -0.273439
v 0.397439 -0.771885 -0.216240
v 0.432339 -0.771885 -0.151039
v 0.453839 -0.771885 -0.080240
v 0.461039 -0.771885 -0.006639
v 0.453839 -0.771885 0.067060
v 0.432339 -0.771885 0.137861
v 0.397439 -0.771885 0.203060
v 0.350539 -0.771885 0.260260
v 0.293339 -0.771885 0.307160
v 0.228139 -0.771885 0.342061
v 0.157339 -0.771885 0.363561
v 0.083739 -0.771885 0.370761
v 0.010039 -0.771885 0.363561
v -0.060761 -0.771885 0.342061
v -0.125961 -0.771885 0.307160
v -0.183161 -0.771885 0.260260
v -0.230061 -0.771885 0.203060
v -0.264961 -0.771885 0.137861
v -0.286461 -0.771885 0.067060
v -0.293661 -0.771885 -0.006639
v -0.286461 -0.771885 -0.080240
v -0.264961 -0.771885 -0.151039
v -0.230061 -0.771885 -0.216240
v -0.183161 -0.771885 -0.273439
v 0.010039 -0.771885 -0.376740
v -0.125961 -0.771885 -0.320340
v -0.060761 -0.771885 -0.355240
v -0.009361 -0.951085 -0.474339
v -0.098761 -0.951085 -0.447140
v -0.181261 -0.951085 -0.403139
v -0.253461 -0.951085 -0.343740
v -0.312761 -0.951085 -0.271540
v -0.356861 -0.951085 -0.189039
v -0.383961 -0.951085 -0.099640
v -0.393161 -0.951085 -0.006639
v -0.383961 -0.951085 0.086460
v -0.356861 -0.951085 0.175861
v -0.312761 -0.951085 0.258361
v -0.253461 -0.951085 0.330561
v -0.181261 -0.951085 0.389861
v -0.098761 -0.951085 0.433961
v -0.009361 -0.951085 0.461061
v 0.083739 -0.951085 0.470261
v 0.176739 -0.951085 0.461061
v 0.266140 -0.951085 0.433961
v 0.348639 -0.951085 0.389861
v 0.420839 -0.951085 0.330561
v 0.480240 -0.951085 0.258361
v 0.524239 -0.951085 0.175861
v 0.551439 -0.951085 0.086460
v 0.560539 -0.951085 -0.006639
v 0.551439 -0.951085 -0.099640
v 0.524239 -0.951085 -0.189039
v 0.480240 -0.951085 -0.271540
v 0.420839 -0.951085 -0.343740
v 0.348639 -0.951085 -0.403139
v 0.266140 -0.951085 -0.447140
v 0.176739 -0.951085 -0.474339
v 0.083739 -0.951085 -0.483440
vn -0.0000 -1.0000 -0.0000
vn -0.0000 1.0000 -0.0000
vn 0.8376 -0.4837 0.2540
vn 0.8376 -0.4836 0.2541
vn 0.8375 -0.4838 0.2540
vn -0.6767 -0.4835 -0.5553
vn -0.6766 -0.4836 -0.5553
vn -0.6767 -0.4835 -0.5552
vn -0.6770 -0.4833 -0.5551
vn 0.8712 -0.4834 0.0860
vn 0.8711 -0.4836 0.0858
vn 0.8711 -0.4836 0.0860
vn -0.7718 -0.4838 -0.4127
vn -0.7720 -0.4836 -0.4125
vn -0.7719 -0.4836 -0.4126
vn -0.7717 -0.4838 -0.4128
vn 0.8712 -0.4834 -0.0859
vn 0.8711 -0.4836 -0.0858
vn 0.8711 -0.4836 -0.0857
vn 0.8712 -0.4833 -0.0861
vn -0.8376 -0.4836 -0.2540
vn -0.8376 -0.4836 -0.2541
vn -0.8375 -0.4836 -0.2542
vn 0.8376 -0.4837 -0.2540
vn 0.8376 -0.4836 -0.2541
vn 0.8377 -0.4834 -0.2540
vn 0.8374 -0.4839 -0.2542
vn -0.8711 -0.4836 -0.0858
vn -0.8711 -0.4836 -0.0860
vn 0.7719 -0.4836 -0.4126
vn 0.7719 -0.4835 -0.4127
vn 0.7719 -0.4835 -0.4128
vn -0.8711 -0.4837 0.0852
vn -0.8711 -0.4836 0.0857
vn 0.6768 -0.4836 -0.5551
vn 0.6766 -0.4836 -0.5552
vn 0.6766 -0.4834 -0.5555
vn 0.6766 -0.4836 -0.5553
vn -0.8376 -0.4836 0.2541
vn -0.8375 -0.4836 0.2544
vn -0.8375 -0.4837 0.2543
vn 0.5552 -0.4834 -0.6768
vn 0.5552 -0.4836 -0.6767
vn 0.5554 -0.4835 -0.6765
vn 0.5551 -0.4833 -0.6770
vn -0.7719 -0.4835 0.4128
vn -0.7719 -0.4836 0.4127
vn -0.7719 -0.4836 0.4126
vn 0.4126 -0.4835 -0.7720
vn 0.4127 -0.4834 -0.7720
vn 0.4128 -0.4835 -0.7719
vn 0.4126 -0.4836 -0.7719
vn 0.0858 -0.4836 0.8711
vn 0.0860 -0.4836 0.8711
vn -0.6767 -0.4835 0.5553
vn -0.6766 -0.4836 0.5553
vn -0.6767 -0.4836 0.5552
vn -0.6767 -0.4837 0.5551
vn 0.2542 -0.4834 -0.8376
vn 0.2542 -0.4839 -0.8374
vn 0.2543 -0.4837 -0.8375
vn 0.2544 -0.4835 -0.8376
vn 0.2542 -0.4836 0.8375
vn 0.2543 -0.4837 0.8375
vn 0.2541 -0.4837 0.8376
vn 0.2541 -0.4836 0.8376
vn -0.5553 -0.4835 0.6767
vn -0.5554 -0.4836 0.6765
vn -0.5553 -0.4836 0.6766
vn -0.5551 -0.4833 0.6770
vn 0.0858 -0.4835 -0.8711
vn 0.0861 -0.4836 -0.8710
vn 0.0859 -0.4836 -0.8711
vn 0.4126 -0.4836 0.7719
vn 0.4127 -0.4836 0.7719
vn 0.4128 -0.4835 0.7719
vn -0.4126 -0.4836 0.7720
vn -0.4126 -0.4836 0.7719
vn -0.0855 -0.4836 -0.8711
vn -0.0858 -0.4836 -0.8711
vn -0.0860 -0.4834 -0.8712
vn -0.0852 -0.4837 -0.8711
vn 0.5553 -0.4835 0.6767
vn 0.5555 -0.4838 0.6763
vn 0.5555 -0.4837 0.6764
vn 0.5554 -0.4836 0.6765
vn -0.2541 -0.4836 0.8376
vn -0.2539 -0.4837 0.8376
vn -0.2540 -0.4836 -0.8377
vn -0.2539 -0.4835 -0.8377
vn -0.2540 -0.4834 -0.8377
vn -0.2541 -0.4836 -0.8376
vn 0.6765 -0.4836 0.5554
vn 0.6764 -0.4836 0.5555
vn 0.6765 -0.4835 0.5554
vn 0.6766 -0.4836 0.5553
vn -0.0859 -0.4836 0.8711
vn -0.0858 -0.4836 0.8711
vn -0.4130 -0.4835 -0.7718
vn -0.4126 -0.4836 -0.7719
vn -0.4127 -0.4835 -0.7719
vn -0.4127 -0.4836 -0.7719
vn 0.7719 -0.4835 0.4127
vn 0.7719 -0.4836 0.4126
vn 0.7718 -0.4835 0.4130
vn 0.7719 -0.4835 0.4128
vn -0.5551 -0.4836 -0.6768
vn -0.5552 -0.4836 -0.6766
vn -0.5555 -0.4834 -0.6766
vn -0.5550 -0.4836 -0.6768
vt 0.000000 0.000000
s 1
usemtl Goddard_None
f 2977/4/5233 2978/4/5233 2979/4/5233
f 2979/4/5233 2980/4/5233 2981/4/5233
f 2977/4/5233 2979/4/5233 2981/4/5233
f 2981/4/5233 2982/4/5233 2983/4/5233
f 2983/4/5233 2984/4/5233 2985/4/5233
f 2981/4/5233 2983/4/5233 2985/4/5233
f 2977/4/5233 2981/4/5233 2985/4/5233
f 2985/4/5233 2986/4/5233 2987/4/5233
f 2987/4/5233 2988/4/5233 2989/4/5233
f 2985/4/5233 2987/4/5233 2989/4/5233
f 2989/4/5233 2990/4/5233 2991/4/5233
f 2991/4/5233 2992/4/5233 2993/4/5233
f 2989/4/5233 2991/4/5233 2993/4/5233
f 2985/4/5233 2989/4/5233 2993/4/5233
f 2993/4/5233 2994/4/5233 2995/4/5233
f 2995/4/5233 2996/4/5233 2997/4/5233
f 2993/4/5233 2995/4/5233 2997/4/5233
f 2997/4/5233 2998/4/5233 2999/4/5233
f 2999/4/5233 3000/4/5233 3001/4/5233
f 2997/4/5233 2999/4/5233 3001/4/5233
f 2993/4/5233 2997/4/5233 3001/4/5233
f 2985/4/5233 2993/4/5233 3001/4/5233
f 2977/4/5233 2985/4/5233 3001/4/5233
f 3002/4/5233 3003/4/5233 3004/4/5233
f 3001/4/5233 3002/4/5233 3004/4/5233
f 3001/4/5233 3004/4/5233 3005/4/5233
f 2977/4/5233 3001/4/5233 3005/4/5233
f 3006/4/5233 2977/4/5233 3005/4/5233
f 3006/4/5233 3005/4/5233 3007/4/5233
f 3006/4/5233 3007/4/5233 3008/4/5233
f 3009/4/5234 3010/4/5234 3011/4/5234
f 3011/4/5234 3012/4/5234 3013/4/5234
f 3009/4/5234 3011/4/5234 3013/4/5234
f 3013/4/5234 3014/4/5234 3015/4/5234
f 3015/4/5234 3016/4/5234 3017/4/5234
f 3013/4/5234 3015/4/5234 3017/4/5234
f 3009/4/5234 3013/4/5234 3017/4/5234
f 3017/4/5234 3018/4/5234 3019/4/5234
f 3019/4/5234 3020/4/5234 3021/4/5234
f 3017/4/5234 3019/4/5234 3021/4/5234
f 3021/4/5234 3022/4/5234 3023/4/5234
f 3023/4/5234 3024/4/5234 3025/4/5234
f 3021/4/5234 3023/4/5234 3025/4/5234
f 3017/4/5234 3021/4/5234 3025/4/5234
f 3009/4/5234 3017/4/5234 3025/4/5234
f 3025/4/5234 3026/4/5234 3027/4/5234
f 3027/4/5234 3028/4/5234 3029/4/5234
f 3025/4/5234 3027/4/5234 3029/4/5234
f 3029/4/5234 3030/4/5234 3031/4/5234
f 3031/4/5234 3032/4/5234 3033/4/5234
f 3029/4/5234 3031/4/5234 3033/4/5234
f 3025/4/5234 3029/4/5234 3033/4/5234
f 3033/4/5234 3034/4/5234 3035/4/5234
f 3035/4/5234 3036/4/5234 3037/4/5234
f 3033/4/5234 3035/4/5234 3037/4/5234
f 3037/4/5234 3038/4/5234 3039/4/5234
f 3037/4/5234 3039/4/5234 3040/4/5234
f 3033/4/5234 3037/4/5234 3040/4/5234
f 3025/4/5234 3033/4/5234 3040/4/5234
f 3009/4/5234 3025/4/5234 3040/4/5234
f 3002/4/5235 3015/4/5236 3014/4/5237
f 3014/4/5237 3003/4/5236 3002/4/5235
f 2988/4/5238 3029/4/5239 3028/4/5240
f 3028/4/5240 2989/4/5241 2988/4/5238
f 3016/4/5242 3015/4/5243 3002/4/5244
f 3002/4/5244 3001/4/5243 3016/4/5242
f 2987/4/5245 3030/4/5246 3029/4/5247
f 3029/4/5247 2988/4/5248 2987/4/5245
f 3016/4/5249 3001/4/5250 3000/4/5251
f 3000/4/5251 3017/4/5252 3016/4/5249
f 2986/4/5253 3031/4/5254 3030/4/5255
f 3030/4/5255 2987/4/5254 2986/4/5253
f 3000/4/5256 2999/4/5257 3018/4/5258
f 3018/4/5258 3017/4/5259 3000/4/5256
f 2985/4/5260 3032/4/5261 3031/4/5260
f 3031/4/5260 2986/4/5260 2985/4/5260
f 2998/4/5262 3019/4/5262 3018/4/5263
f 3018/4/5263 2999/4/5264 2998/4/5262
f 2984/4/5265 3033/4/5265 3032/4/5266
f 3032/4/5266 2985/4/5265 2984/4/5265
f 2997/4/5267 3020/4/5268 3019/4/5269
f 3019/4/5269 2998/4/5270 2997/4/5267
f 2983/4/5271 3034/4/5271 3033/4/5272
f 3033/4/5272 2984/4/5273 2983/4/5271
f 2996/4/5274 3021/4/5275 3020/4/5276
f 3020/4/5276 2997/4/5277 2996/4/5274
f 2982/4/5278 3035/4/5279 3034/4/5280
f 3034/4/5280 2983/4/5280 2982/4/5278
f 2995/4/5281 3022/4/5282 3021/4/5283
f 3021/4/5283 2996/4/5284 2995/4/5281
f 3040/4/5285 2977/4/5286 3006/4/5285
f 3006/4/5285 3009/4/5285 3040/4/5285
f 2981/4/5287 3036/4/5288 3035/4/5289
f 3035/4/5289 2982/4/5290 2981/4/5287
f 2994/4/5291 3023/4/5292 3022/4/5293
f 3022/4/5293 2995/4/5294 2994/4/5291
f 3009/4/5295 3006/4/5296 3008/4/5297
f 3008/4/5297 3010/4/5298 3009/4/5295
f 2980/4/5299 3037/4/5300 3036/4/5301
f 3036/4/5301 2981/4/5302 2980/4/5299
f 2993/4/5303 3024/4/5304 3023/4/5305
f 3023/4/5305 2994/4/5305 2993/4/5303
f 3010/4/5306 3008/4/5307 3007/4/5308
f 3007/4/5308 3011/4/5306 3010/4/5306
f 2979/4/5309 3038/4/5310 3037/4/5309
f 3037/4/5309 2980/4/5309 2979/4/5309
f 2992/4/5311 3025/4/5312 3024/4/5313
f 3024/4/5313 2993/4/5314 2992/4/5311
f 3007/4/5315 3005/4/5316 3012/4/5317
f 3012/4/5317 3011/4/5318 3007/4/5315
f 2978/4/5319 3039/4/5319 3038/4/5320
f 3038/4/5320 2979/4/5320 2978/4/5319
f 2991/4/5321 3026/4/5322 3025/4/5323
f 3025/4/5323 2992/4/5324 2991/4/5321
f 3004/4/5325 3013/4/5326 3012/4/5327
f 3012/4/5327 3005/4/5328 3004/4/5325
f 2978/4/5329 2977/4/5330 3040/4/5330
f 3040/4/5330 3039/4/5330 2978/4/5329
f 2990/4/5331 3027/4/5332 3026/4/5333
f 3026/4/5333 2991/4/5334 2990/4/5331
f 3014/4/5335 3013/4/5336 3004/4/5337
f 3004/4/5337 3003/4/5338 3014/4/5335
f 2989/4/5339 3028/4/5340 3027/4/5341
f 3027/4/5341 2990/4/5342 2989/4/5339
o C_rculo_010_C_rculo_011
v 0.084939 -0.949785 -0.485539
v 0.178439 -0.949785 -0.476339
v 0.268340 -0.949785 -0.449039
v 0.351239 -0.949785 -0.404839
v 0.423839 -0.949785 -0.345140
v 0.483539 -0.949785 -0.272539
v 0.527739 -0.949785 -0.189639
v 0.555039 -0.949785 -0.099739
v 0.564240 -0.949785 -0.006240
v 0.555039 -0.949785 0.087261
v 0.527739 -0.949785 0.177161
v 0.483539 -0.949785 0.260061
v 0.423839 -0.949785 0.332761
v 0.351239 -0.949785 0.392361
v 0.268340 -0.949785 0.436661
v 0.178439 -0.949785 0.463861
v 0.084939 -0.949785 0.473060
v -0.008561 -0.949785 0.463861
v -0.098461 -0.949785 0.436661
v -0.181361 -0.949785 0.392361
v -0.253961 -0.949785 0.332761
v -0.313661 -0.949785 0.260061
v -0.357961 -0.949785 0.177161
v -0.385161 -0.949785 0.087261
v -0.394361 -0.949785 -0.006240
v -0.385161 -0.949785 -0.099739
v -0.357961 -0.949785 -0.189639
v -0.313661 -0.949785 -0.272539
v -0.253961 -0.949785 -0.345140
v -0.008561 -0.949785 -0.476339
v -0.181361 -0.949785 -0.404839
v -0.098461 -0.949785 -0.449039
v 0.589939 -0.971185 -0.106639
v 0.589939 -1.071985 -0.106639
v 0.599839 -1.071985 -0.006240
v 0.599839 -0.971185 -0.006240
v 0.281940 -0.971185 -0.481939
v 0.370939 -0.971185 -0.434339
v 0.185339 -0.971185 0.498760
v 0.084939 -0.971185 0.508661
v -0.279161 -0.971185 -0.370339
v -0.201061 -0.971185 -0.434339
v 0.185339 -0.971185 -0.511239
v 0.281940 -0.971185 0.469461
v -0.343161 -0.971185 -0.292239
v 0.084939 -0.971185 -0.521140
v 0.370939 -0.971185 0.421861
v -0.390761 -0.971185 -0.203240
v 0.449039 -0.971185 0.357861
v -0.420061 -0.971185 -0.106639
v 0.513039 -0.971185 0.279761
v -0.429961 -0.971185 -0.006240
v 0.560640 -0.971185 0.190760
v -0.420061 -0.971185 0.094161
v 0.589939 -0.971185 0.094161
v -0.390761 -0.971185 0.190760
v -0.343161 -0.971185 0.279761
v -0.279161 -0.971185 0.357861
v 0.560640 -0.971185 -0.203240
v -0.201061 -0.971185 0.421861
v 0.513039 -0.971185 -0.292239
v -0.112061 -0.971185 0.469461
v -0.015461 -0.971185 -0.511239
v 0.449039 -0.971185 -0.370339
v -0.015461 -0.971185 0.498760
v -0.112061 -0.971185 -0.481939
v -0.015461 -1.071985 -0.511239
v -0.112061 -1.071985 -0.481939
v -0.201061 -1.071985 -0.434339
v -0.279161 -1.071985 -0.370339
v -0.343161 -1.071985 -0.292239
v -0.390761 -1.071985 -0.203239
v -0.420061 -1.071985 -0.106639
v -0.429961 -1.071985 -0.006240
v -0.420061 -1.071985 0.094161
v -0.390761 -1.071985 0.190761
v -0.343161 -1.071985 0.279761
v -0.279161 -1.071985 0.357861
v -0.201061 -1.071985 0.421861
v -0.112061 -1.071985 0.469461
v -0.015461 -1.071985 0.498760
v 0.084939 -1.071985 0.508661
v 0.185339 -1.071985 0.498760
v 0.281940 -1.071985 0.469461
v 0.370939 -1.071985 0.421861
v 0.449039 -1.071985 0.357861
v 0.513039 -1.071985 0.279761
v 0.560640 -1.071985 0.190761
v 0.589939 -1.071985 0.094161
v 0.560640 -1.071985 -0.203239
v 0.513039 -1.071985 -0.292239
v 0.449039 -1.071985 -0.370339
v 0.370939 -1.071985 -0.434339
v 0.281940 -1.071985 -0.481939
v 0.185339 -1.071985 -0.511239
v 0.084939 -1.071985 -0.521140
vn -0.0000 -1.0000 -0.0000
vn -0.9952 -0.0000 0.0981
vn -0.2439 -0.8557 0.4563
vn -0.2439 -0.8559 0.4560
vn -0.2440 -0.8556 0.4565
vn -0.2440 -0.8557 0.4564
vn -0.0507 -0.8559 -0.5147
vn -0.0508 -0.8558 -0.5148
vn -0.0507 -0.8559 -0.5146
vn -0.0506 -0.8560 -0.5145
vn 0.3284 -0.8556 0.4002
vn 0.3283 -0.8557 0.4000
vn 0.3285 -0.8554 0.4005
vn -0.1502 -0.8556 0.4954
vn -0.1502 -0.8558 0.4951
vn -0.1502 -0.8557 0.4952
vn -0.1503 -0.8557 -0.4952
vn -0.1502 -0.8557 -0.4953
vn -0.1500 -0.8557 -0.4953
vn -0.1504 -0.8556 -0.4953
vn 0.4002 -0.8556 0.3283
vn 0.3998 -0.8558 0.3283
vn 0.4001 -0.8557 0.3283
vn -0.0507 -0.8559 0.5147
vn -0.0507 -0.8557 0.5150
vn -0.0507 -0.8559 0.5146
vn -0.0508 -0.8558 0.5148
vn -0.2441 -0.8556 -0.4565
vn -0.2442 -0.8555 -0.4566
vn -0.2441 -0.8555 -0.4566
vn 0.4565 -0.8556 0.2441
vn 0.4566 -0.8555 0.2442
vn 0.4566 -0.8556 0.2441
vn 0.4569 -0.8554 0.2441
vn -0.3282 -0.8556 -0.4004
vn -0.3280 -0.8557 -0.4003
vn -0.3283 -0.8555 -0.4003
vn -0.3284 -0.8555 -0.4002
vn 0.4950 -0.8558 0.1503
vn 0.4951 -0.8558 0.1502
vn 0.4952 -0.8557 0.1502
vn 0.4951 -0.8557 0.1502
vn -0.4003 -0.8556 -0.3284
vn -0.4001 -0.8557 -0.3283
vn -0.4001 -0.8556 -0.3284
vn -0.3998 -0.8558 -0.3283
vn 0.5149 -0.8558 0.0507
vn 0.5148 -0.8558 0.0508
vn 0.5147 -0.8559 0.0507
vn 0.5151 -0.8556 0.0507
vn -0.4563 -0.8557 -0.2439
vn -0.4560 -0.8559 -0.2439
vn -0.4564 -0.8557 -0.2439
vn -0.4566 -0.8556 -0.2440
vn 0.5149 -0.8558 -0.0508
vn 0.5145 -0.8560 -0.0506
vn 0.5150 -0.8557 -0.0508
vn 0.5148 -0.8558 -0.0508
vn -0.4950 -0.8558 -0.1502
vn -0.4951 -0.8558 -0.1502
vn -0.4948 -0.8559 -0.1502
vn 0.4953 -0.8557 -0.1501
vn 0.4956 -0.8555 -0.1501
vn 0.4952 -0.8557 -0.1502
vn 0.4951 -0.8558 -0.1502
vn -0.5149 -0.8558 -0.0507
vn -0.5150 -0.8557 -0.0507
vn -0.5147 -0.8559 -0.0507
vn -0.5148 -0.8558 -0.0507
vn 0.4565 -0.8556 -0.2441
vn 0.4567 -0.8555 -0.2441
vn 0.4569 -0.8554 -0.2441
vn -0.5147 -0.8559 0.0507
vn -0.5148 -0.8558 0.0508
vn -0.5150 -0.8557 0.0508
vn -0.5148 -0.8558 0.0507
vn 0.4003 -0.8556 -0.3282
vn 0.4001 -0.8556 -0.3284
vn 0.4001 -0.8557 -0.3283
vn 0.4001 -0.8557 -0.3282
vn -0.4948 -0.8559 0.1501
vn -0.4951 -0.8557 0.1502
vn -0.4950 -0.8558 0.1503
vn 0.3283 -0.8557 -0.4000
vn 0.3284 -0.8556 -0.4002
vn 0.3283 -0.8557 -0.3999
vn -0.4564 -0.8557 0.2439
vn -0.4564 -0.8557 0.2440
vn -0.4564 -0.8557 0.2438
vn 0.2441 -0.8556 -0.4565
vn 0.2443 -0.8554 -0.4568
vn 0.2440 -0.8556 -0.4564
vn 0.0507 -0.8559 0.5146
vn 0.0506 -0.8560 0.5145
vn 0.0507 -0.8559 0.5147
vn 0.0508 -0.8558 0.5148
vn -0.4000 -0.8558 0.3281
vn -0.4000 -0.8557 0.3282
vn -0.4001 -0.8557 0.3283
vn -0.4001 -0.8557 0.3282
vn 0.1501 -0.8557 -0.4953
vn 0.1502 -0.8558 -0.4951
vn 0.1502 -0.8557 -0.4952
vn 0.1502 -0.8556 -0.4953
vn 0.1502 -0.8556 0.4954
vn 0.1502 -0.8556 0.4953
vn 0.1502 -0.8557 0.4952
vn 0.1502 -0.8558 0.4950
vn -0.3283 -0.8557 0.4001
vn -0.3283 -0.8556 0.4001
vn -0.3283 -0.8557 0.4000
vn 0.0506 -0.8558 -0.5149
vn 0.0507 -0.8560 -0.5145
vn 0.0507 -0.8559 -0.5147
vn 0.0507 -0.8558 -0.5148
vn 0.2440 -0.8556 0.4564
vn 0.2438 -0.8557 0.4564
vn 0.2440 -0.8557 0.4564
vn 0.2441 -0.8556 0.4565
vn -0.0000 1.0000 -0.0000
vn 0.7731 -0.0000 -0.6343
vn 0.7732 -0.0000 -0.6342
vn -0.9569 -0.0000 0.2903
vn 0.6343 -0.0000 -0.7731
vn 0.6342 -0.0000 -0.7732
vn 0.6343 -0.0000 -0.7730
vn -0.8818 -0.0000 0.4716
vn 0.4716 -0.0000 -0.8818
vn 0.0981 -0.0000 0.9952
vn 0.0977 -0.0000 0.9952
vn -0.7730 -0.0000 0.6343
vn -0.7735 -0.0000 0.6338
vn -0.7732 -0.0000 0.6342
vn 0.2903 -0.0000 -0.9569
vn 0.2903 -0.0000 0.9569
vn -0.6343 -0.0000 0.7730
vn -0.6344 -0.0000 0.7730
vn 0.0981 -0.0000 -0.9952
vn 0.0977 -0.0000 -0.9952
vn 0.4716 -0.0000 0.8818
vn -0.4716 -0.0000 0.8818
vn -0.0981 -0.0000 -0.9952
vn -0.0977 -0.0000 -0.9952
vn 0.6345 -0.0000 0.7729
vn 0.6342 -0.0000 0.7732
vn 0.6346 -0.0000 0.7729
vn -0.2903 -0.0000 0.9569
vn -0.2903 -0.0000 -0.9569
vn 0.7732 -0.0000 0.6342
vn -0.0981 -0.0000 0.9952
vn -0.0977 -0.0000 0.9952
vn -0.4716 -0.0000 -0.8818
vn 0.8818 -0.0000 0.4716
vn -0.6344 -0.0000 -0.7730
vn 0.9569 -0.0000 0.2903
vn -0.7729 -0.0000 -0.6346
vn 0.9952 -0.0000 0.0981
vn -0.8818 -0.0000 -0.4716
vn 0.9952 -0.0000 -0.0981
vn -0.9569 -0.0000 -0.2903
vn 0.9569 -0.0000 -0.2903
vn -0.9952 -0.0000 -0.0981
vn 0.8818 -0.0000 -0.4716
vt 0.000000 0.000000
s 1
usemtl Goddard_None
f 3041/5/5343 3042/5/5343 3043/5/5343
f 3043/5/5343 3044/5/5343 3045/5/5343
f 3041/5/5343 3043/5/5343 3045/5/5343
f 3045/5/5343 3046/5/5343 3047/5/5343
f 3047/5/5343 3048/5/5343 3049/5/5343
f 3045/5/5343 3047/5/5343 3049/5/5343
f 3041/5/5343 3045/5/5343 3049/5/5343
f 3049/5/5343 3050/5/5343 3051/5/5343
f 3051/5/5343 3052/5/5343 3053/5/5343
f 3049/5/5343 3051/5/5343 3053/5/5343
f 3053/5/5343 3054/5/5343 3055/5/5343
f 3055/5/5343 3056/5/5343 3057/5/5343
f 3053/5/5343 3055/5/5343 3057/5/5343
f 3049/5/5343 3053/5/5343 3057/5/5343
f 3057/5/5343 3058/5/5343 3059/5/5343
f 3059/5/5343 3060/5/5343 3061/5/5343
f 3057/5/5343 3059/5/5343 3061/5/5343
f 3061/5/5343 3062/5/5343 3063/5/5343
f 3063/5/5343 3064/5/5343 3065/5/5343
f 3061/5/5343 3063/5/5343 3065/5/5343
f 3057/5/5343 3061/5/5343 3065/5/5343
f 3049/5/5343 3057/5/5343 3065/5/5343
f 3041/5/5343 3049/5/5343 3065/5/5343
f 3066/5/5343 3067/5/5343 3068/5/5343
f 3065/5/5343 3066/5/5343 3068/5/5343
f 3065/5/5343 3068/5/5343 3069/5/5343
f 3041/5/5343 3065/5/5343 3069/5/5343
f 3070/5/5343 3041/5/5343 3069/5/5343
f 3070/5/5343 3069/5/5343 3071/5/5343
f 3070/5/5343 3071/5/5343 3072/5/5343
f 3073/5/5344 3074/5/5344 3075/5/5344
f 3075/5/5344 3076/5/5344 3073/5/5344
f 3043/5/5345 3077/5/5346 3078/5/5347
f 3078/5/5347 3044/5/5348 3043/5/5345
f 3056/5/5349 3079/5/5350 3080/5/5351
f 3080/5/5351 3057/5/5352 3056/5/5349
f 3071/5/5353 3069/5/5354 3081/5/5354
f 3081/5/5354 3082/5/5355 3071/5/5353
f 3042/5/5356 3083/5/5357 3077/5/5356
f 3077/5/5356 3043/5/5358 3042/5/5356
f 3055/5/5359 3084/5/5360 3079/5/5361
f 3079/5/5361 3056/5/5362 3055/5/5359
f 3068/5/5363 3085/5/5363 3081/5/5364
f 3081/5/5364 3069/5/5365 3068/5/5363
f 3042/5/5366 3041/5/5367 3086/5/5368
f 3086/5/5368 3083/5/5369 3042/5/5366
f 3054/5/5370 3087/5/5371 3084/5/5370
f 3084/5/5370 3055/5/5372 3054/5/5370
f 3088/5/5373 3085/5/5374 3068/5/5375
f 3068/5/5375 3067/5/5376 3088/5/5373
f 3053/5/5377 3089/5/5378 3087/5/5379
f 3087/5/5379 3054/5/5380 3053/5/5377
f 3066/5/5381 3090/5/5382 3088/5/5383
f 3088/5/5383 3067/5/5384 3066/5/5381
f 3052/5/5385 3091/5/5386 3089/5/5387
f 3089/5/5387 3053/5/5388 3052/5/5385
f 3092/5/5389 3090/5/5390 3066/5/5391
f 3066/5/5391 3065/5/5392 3092/5/5389
f 3051/5/5393 3093/5/5394 3091/5/5395
f 3091/5/5395 3052/5/5396 3051/5/5393
f 3092/5/5397 3065/5/5398 3064/5/5399
f 3064/5/5399 3094/5/5400 3092/5/5397
f 3050/5/5401 3095/5/5402 3093/5/5403
f 3093/5/5403 3051/5/5402 3050/5/5401
f 3064/5/5404 3063/5/5405 3096/5/5406
f 3096/5/5406 3094/5/5407 3064/5/5404
f 3049/5/5408 3076/5/5409 3095/5/5410
f 3095/5/5410 3050/5/5411 3049/5/5408
f 3062/5/5412 3097/5/5412 3096/5/5413
f 3096/5/5413 3063/5/5414 3062/5/5412
f 3048/5/5415 3073/5/5416 3076/5/5417
f 3076/5/5417 3049/5/5418 3048/5/5415
f 3061/5/5419 3098/5/5420 3097/5/5421
f 3097/5/5421 3062/5/5422 3061/5/5419
f 3047/5/5423 3099/5/5424 3073/5/5425
f 3073/5/5425 3048/5/5425 3047/5/5423
f 3060/5/5426 3100/5/5426 3098/5/5427
f 3098/5/5427 3061/5/5428 3060/5/5426
f 3046/5/5429 3101/5/5430 3099/5/5430
f 3099/5/5430 3047/5/5431 3046/5/5429
f 3059/5/5432 3102/5/5433 3100/5/5432
f 3100/5/5432 3060/5/5434 3059/5/5432
f 3086/5/5435 3041/5/5436 3070/5/5437
f 3070/5/5437 3103/5/5438 3086/5/5435
f 3045/5/5439 3104/5/5440 3101/5/5441
f 3101/5/5441 3046/5/5442 3045/5/5439
f 3058/5/5443 3105/5/5444 3102/5/5445
f 3102/5/5445 3059/5/5446 3058/5/5443
f 3103/5/5447 3070/5/5448 3072/5/5449
f 3072/5/5449 3106/5/5450 3103/5/5447
f 3044/5/5451 3078/5/5452 3104/5/5453
f 3104/5/5453 3045/5/5453 3044/5/5451
f 3057/5/5454 3080/5/5455 3105/5/5456
f 3105/5/5456 3058/5/5457 3057/5/5454
f 3106/5/5458 3072/5/5459 3071/5/5460
f 3071/5/5460 3082/5/5461 3106/5/5458
f 3107/5/5462 3108/5/5462 3109/5/5462
f 3109/5/5462 3110/5/5462 3111/5/5462
f 3107/5/5462 3109/5/5462 3111/5/5462
f 3111/5/5462 3112/5/5462 3113/5/5462
f 3111/5/5462 3113/5/5462 3114/5/5462
f 3107/5/5462 3111/5/5462 3114/5/5462
f 3107/5/5462 3114/5/5462 3115/5/5462
f 3115/5/5462 3116/5/5462 3117/5/5462
f 3117/5/5462 3118/5/5462 3119/5/5462
f 3115/5/5462 3117/5/5462 3119/5/5462
f 3119/5/5462 3120/5/5462 3121/5/5462
f 3121/5/5462 3122/5/5462 3123/5/5462
f 3119/5/5462 3121/5/5462 3123/5/5462
f 3115/5/5462 3119/5/5462 3123/5/5462
f 3123/5/5462 3124/5/5462 3125/5/5462
f 3125/5/5462 3126/5/5462 3127/5/5462
f 3123/5/5462 3125/5/5462 3127/5/5462
f 3127/5/5462 3128/5/5462 3129/5/5462
f 3129/5/5462 3075/5/5462 3074/5/5462
f 3127/5/5462 3129/5/5462 3074/5/5462
f 3123/5/5462 3127/5/5462 3074/5/5462
f 3115/5/5462 3123/5/5462 3074/5/5462
f 3074/5/5462 3130/5/5462 3131/5/5462
f 3131/5/5462 3132/5/5462 3133/5/5462
f 3074/5/5462 3131/5/5462 3133/5/5462
f 3133/5/5462 3134/5/5462 3135/5/5462
f 3133/5/5462 3135/5/5462 3136/5/5462
f 3074/5/5462 3133/5/5462 3136/5/5462
f 3115/5/5462 3074/5/5462 3136/5/5462
f 3107/5/5462 3115/5/5462 3136/5/5462
f 3098/5/5463 3118/5/5464 3117/5/5463
f 3117/5/5463 3097/5/5464 3098/5/5463
f 3099/5/5465 3130/5/5465 3074/5/5465
f 3074/5/5465 3073/5/5465 3099/5/5465
f 3100/5/5466 3119/5/5467 3118/5/5466
f 3118/5/5466 3098/5/5468 3100/5/5466
f 3101/5/5469 3131/5/5469 3130/5/5469
f 3130/5/5469 3099/5/5469 3101/5/5469
f 3102/5/5470 3120/5/5470 3119/5/5470
f 3119/5/5470 3100/5/5470 3102/5/5470
f 3103/5/5471 3107/5/5471 3136/5/5471
f 3136/5/5471 3086/5/5472 3103/5/5471
f 3104/5/5473 3132/5/5474 3131/5/5473
f 3131/5/5473 3101/5/5475 3104/5/5473
f 3105/5/5476 3121/5/5476 3120/5/5476
f 3120/5/5476 3102/5/5476 3105/5/5476
f 3106/5/5477 3108/5/5477 3107/5/5477
f 3107/5/5477 3103/5/5477 3106/5/5477
f 3078/5/5478 3133/5/5479 3132/5/5478
f 3132/5/5478 3104/5/5479 3078/5/5478
f 3080/5/5480 3122/5/5480 3121/5/5480
f 3121/5/5480 3105/5/5481 3080/5/5480
f 3082/5/5482 3109/5/5482 3108/5/5482
f 3108/5/5482 3106/5/5482 3082/5/5482
f 3077/5/5483 3134/5/5483 3133/5/5483
f 3133/5/5483 3078/5/5483 3077/5/5483
f 3079/5/5484 3123/5/5484 3122/5/5484
f 3122/5/5484 3080/5/5485 3079/5/5484
f 3081/5/5486 3110/5/5487 3109/5/5486
f 3109/5/5486 3082/5/5488 3081/5/5486
f 3083/5/5489 3135/5/5489 3134/5/5489
f 3134/5/5489 3077/5/5489 3083/5/5489
f 3084/5/5490 3124/5/5490 3123/5/5490
f 3123/5/5490 3079/5/5490 3084/5/5490
f 3085/5/5491 3111/5/5491 3110/5/5491
f 3110/5/5491 3081/5/5491 3085/5/5491
f 3083/5/5492 3086/5/5493 3136/5/5492
f 3136/5/5492 3135/5/5492 3083/5/5492
f 3087/5/5494 3125/5/5494 3124/5/5494
f 3124/5/5494 3084/5/5494 3087/5/5494
f 3088/5/5495 3112/5/5495 3111/5/5495
f 3111/5/5495 3085/5/5495 3088/5/5495
f 3089/5/5496 3126/5/5496 3125/5/5496
f 3125/5/5496 3087/5/5496 3089/5/5496
f 3090/5/5497 3113/5/5497 3112/5/5497
f 3112/5/5497 3088/5/5497 3090/5/5497
f 3091/5/5498 3127/5/5498 3126/5/5498
f 3126/5/5498 3089/5/5498 3091/5/5498
f 3092/5/5499 3114/5/5499 3113/5/5499
f 3113/5/5499 3090/5/5499 3092/5/5499
f 3093/5/5500 3128/5/5500 3127/5/5500
f 3127/5/5500 3091/5/5500 3093/5/5500
f 3094/5/5501 3115/5/5501 3114/5/5501
f 3114/5/5501 3092/5/5501 3094/5/5501
f 3095/5/5502 3129/5/5502 3128/5/5502
f 3128/5/5502 3093/5/5502 3095/5/5502
f 3096/5/5503 3116/5/5503 3115/5/5503
f 3115/5/5503 3094/5/5503 3096/5/5503
f 3076/5/5504 3075/5/5504 3129/5/5504
f 3129/5/5504 3095/5/5504 3076/5/5504
f 3097/5/5505 3117/5/5505 3116/5/5505
f 3116/5/5505 3096/5/5505 3097/5/5505
o Cilindro_002
v 0.532439 -0.998885 -0.266339
v 0.536340 -0.998885 -0.267839
v 0.536340 -1.073286 -0.267839
v 0.532439 -1.073286 -0.266339
v 0.540439 -0.998885 -0.268539
v 0.540439 -1.073286 -0.268539
v 0.544639 -0.998885 -0.268439
v 0.544639 -1.073286 -0.268439
v 0.548739 -0.998885 -0.267439
v 0.548739 -1.073286 -0.267439
v 0.552539 -0.998885 -0.265739
v 0.552539 -1.073286 -0.265739
v 0.555939 -1.073286 -0.263339
v 0.555939 -0.998885 -0.263339
v 0.558839 -1.073286 -0.260239
v 0.558839 -0.998885 -0.260239
v 0.561039 -0.998885 -0.256739
v 0.561039 -1.073286 -0.256739
v 0.562539 -1.073286 -0.252839
v 0.562539 -0.998885 -0.252839
v 0.563239 -1.073286 -0.248739
v 0.563239 -0.998885 -0.248739
v 0.563139 -1.073286 -0.244539
v 0.563139 -0.998885 -0.244539
v 0.562140 -0.998885 -0.240439
v 0.562140 -1.073286 -0.240439
v 0.560439 -1.073286 -0.236639
v 0.560439 -0.998885 -0.236639
v 0.558039 -1.073286 -0.233239
v 0.558039 -0.998885 -0.233239
v 0.554940 -1.073286 -0.230339
v 0.554940 -0.998885 -0.230339
v 0.551439 -1.073286 -0.228139
v 0.551439 -0.998885 -0.228139
v 0.547539 -1.073286 -0.226639
v 0.547539 -0.998885 -0.226640
v 0.543440 -1.073286 -0.225939
v 0.543440 -0.998885 -0.225940
v 0.539239 -1.073286 -0.226039
v 0.539239 -0.998885 -0.226039
v 0.535139 -0.998885 -0.227039
v 0.535139 -1.073286 -0.227039
v 0.531339 -0.998885 -0.228740
v 0.531339 -1.073286 -0.228739
v 0.527939 -1.073286 -0.231139
v 0.527939 -0.998885 -0.231139
v 0.525039 -1.073286 -0.234239
v 0.525039 -0.998885 -0.234239
v 0.522839 -0.998885 -0.237740
v 0.522839 -1.073286 -0.237739
v 0.521339 -0.998885 -0.241639
v 0.521339 -1.073286 -0.241639
v 0.520639 -1.073286 -0.245739
v 0.520639 -0.998885 -0.245739
v 0.520739 -0.998885 -0.249939
v 0.520739 -1.073286 -0.249939
v 0.521739 -1.073286 -0.254039
v 0.521739 -0.998885 -0.254039
v 0.523439 -1.073286 -0.257839
v 0.523439 -0.998885 -0.257839
v 0.525839 -0.998885 -0.261239
v 0.525839 -1.073286 -0.261239
v 0.552539 -0.980485 -0.252539
v 0.553639 -0.980685 -0.249839
v 0.528939 -0.998885 -0.264139
v 0.528939 -1.073286 -0.264139
v 0.542339 -0.984485 -0.261139
v 0.527939 -0.973685 -0.254039
v 0.528039 -0.971685 -0.252039
v 0.544739 -0.983185 -0.260339
v 0.543939 -0.992885 -0.233039
v 0.546340 -0.991185 -0.233239
v 0.529439 -0.996885 -0.250239
v 0.529639 -0.997685 -0.247439
v 0.547040 -0.981985 -0.258939
v 0.552040 -0.985985 -0.237040
v 0.553239 -0.984485 -0.239139
v 0.532839 -0.998185 -0.239539
v 0.534639 -0.997685 -0.237339
v 0.535339 -0.989385 -0.260539
v 0.537539 -0.987685 -0.261239
v 0.533440 -0.991185 -0.259239
v 0.554240 -0.981185 -0.247039
v 0.541539 -0.994385 -0.233339
v 0.529840 -0.995685 -0.252939
v 0.549240 -0.981185 -0.257139
v 0.550439 -0.987685 -0.235240
v 0.531339 -0.998385 -0.242039
v 0.539939 -0.985985 -0.261539
v 0.554339 -0.981985 -0.244239
v 0.539140 -0.995685 -0.234140
v 0.530540 -0.994385 -0.255339
v 0.551039 -0.980685 -0.254939
v 0.548540 -0.989385 -0.234039
v 0.530239 -0.998185 -0.244639
v 0.554039 -0.983185 -0.241639
v 0.536839 -0.996885 -0.235539
v 0.531839 -0.992885 -0.257439
v 0.528939 -0.978585 -0.256939
v 0.529840 -0.981285 -0.257739
v 0.531039 -0.983885 -0.258039
v 0.532339 -0.986385 -0.257739
v 0.533939 -0.988785 -0.256939
v 0.535540 -0.990785 -0.255739
v 0.537139 -0.992485 -0.254039
v 0.538839 -0.993785 -0.252039
v 0.540339 -0.994485 -0.249639
v 0.541739 -0.994785 -0.247139
v 0.542939 -0.994485 -0.244539
v 0.543839 -0.993785 -0.241839
v 0.544439 -0.992485 -0.239339
v 0.544840 -0.990785 -0.237040
v 0.544840 -0.988785 -0.234939
v 0.544539 -0.986385 -0.233239
v 0.543939 -0.983885 -0.232040
v 0.542939 -0.981285 -0.231239
v 0.541839 -0.978585 -0.230940
v 0.540439 -0.976085 -0.231239
v 0.538939 -0.973685 -0.232040
v 0.537339 -0.971685 -0.233239
v 0.535639 -0.969985 -0.234939
v 0.534039 -0.968685 -0.236939
v 0.532439 -0.967985 -0.239339
v 0.531039 -0.967685 -0.241839
v 0.529939 -0.967985 -0.244539
v 0.528939 -0.968685 -0.247139
v 0.528340 -0.969985 -0.249639
v 0.528340 -0.976085 -0.255739
v 0.573739 -0.998885 0.191761
v 0.573739 -1.073286 0.191761
v 0.570839 -1.073286 0.188761
v 0.570839 -0.998885 0.188761
v 0.576039 -1.073286 0.195261
v 0.576039 -0.998885 0.195261
v 0.577639 -0.998885 0.199161
v 0.577639 -1.073286 0.199161
v 0.578339 -1.073286 0.203261
v 0.578339 -0.998885 0.203261
v 0.578339 -0.998885 0.207461
v 0.578339 -1.073286 0.207461
v 0.577439 -1.073286 0.211460
v 0.577439 -0.998885 0.211460
v 0.575840 -1.073286 0.215361
v 0.575840 -0.998885 0.215361
v 0.573439 -0.998885 0.218760
v 0.573439 -1.073286 0.218761
v 0.570439 -1.073286 0.221761
v 0.570439 -0.998885 0.221761
v 0.566939 -0.998885 0.224061
v 0.566939 -1.073286 0.224061
v 0.563039 -0.998885 0.225561
v 0.563039 -1.073286 0.225561
v 0.558939 -1.073286 0.226361
v 0.558939 -0.998885 0.226361
v 0.554739 -0.998885 0.226261
v 0.554739 -1.073286 0.226261
v 0.550640 -0.998885 0.225461
v 0.550640 -1.073286 0.225461
v 0.546839 -1.073286 0.223761
v 0.546839 -0.998885 0.223760
v 0.543339 -0.998885 0.221460
v 0.543339 -1.073286 0.221460
v 0.540439 -0.998885 0.218461
v 0.540439 -1.073286 0.218461
v 0.538139 -1.073286 0.214961
v 0.538139 -0.998885 0.214961
v 0.536639 -1.073286 0.211061
v 0.536639 -0.998885 0.211061
v 0.535839 -0.998885 0.206961
v 0.535839 -1.073286 0.206961
v 0.535939 -1.073286 0.202760
v 0.535939 -0.998885 0.202760
v 0.536739 -0.998885 0.198660
v 0.536739 -1.073286 0.198661
v 0.538440 -0.998885 0.194860
v 0.538440 -1.073286 0.194860
v 0.540739 -1.073286 0.191360
v 0.540739 -0.998885 0.191360
v 0.543739 -1.073286 0.188460
v 0.543739 -0.998885 0.188460
v 0.547239 -0.998885 0.186161
v 0.547239 -1.073286 0.186161
v 0.551139 -1.073286 0.184561
v 0.551139 -0.998885 0.184561
v 0.555239 -0.998885 0.183861
v 0.555239 -1.073286 0.183861
v 0.559439 -0.998885 0.183861
v 0.559439 -1.073286 0.183861
v 0.563540 -1.073286 0.184761
v 0.563540 -0.998885 0.184761
v 0.564139 -0.980685 0.214761
v 0.566139 -0.980485 0.212661
v 0.567339 -0.998885 0.186360
v 0.567339 -1.073286 0.186360
v 0.570239 -0.983185 0.202461
v 0.570040 -0.984485 0.199861
v 0.557739 -0.973685 0.189561
v 0.555839 -0.971685 0.190361
v 0.544840 -0.992885 0.212661
v 0.546039 -0.991185 0.214761
v 0.554839 -0.996885 0.192461
v 0.552339 -0.997685 0.193761
v 0.569939 -0.981985 0.205060
v 0.554240 -0.984485 0.218760
v 0.551739 -0.985985 0.218461
v 0.545139 -0.997685 0.202361
v 0.546340 -0.998185 0.199861
v 0.566639 -0.989385 0.193761
v 0.568239 -0.987685 0.195461
v 0.564639 -0.991185 0.192461
v 0.561839 -0.981185 0.216460
v 0.544140 -0.994385 0.210261
v 0.557439 -0.995685 0.191661
v 0.569139 -0.981185 0.207761
v 0.549539 -0.987685 0.217661
v 0.548039 -0.998385 0.197461
v 0.569340 -0.985985 0.197561
v 0.559339 -0.981985 0.217661
v 0.543939 -0.995685 0.207761
v 0.559940 -0.994385 0.191460
v 0.567840 -0.980685 0.210361
v 0.547639 -0.989385 0.216460
v 0.550039 -0.998185 0.195461
v 0.556739 -0.983185 0.218461
v 0.544339 -0.996885 0.205060
v 0.562439 -0.992885 0.191761
v 0.562639 -0.983885 0.190760
v 0.562939 -0.986385 0.192060
v 0.562840 -0.988785 0.193861
v 0.562339 -0.990785 0.195760
v 0.561440 -0.992485 0.197960
v 0.560239 -0.993785 0.200261
v 0.558739 -0.994485 0.202661
v 0.556939 -0.994785 0.204960
v 0.554940 -0.994485 0.207061
v 0.552939 -0.993785 0.208961
v 0.550839 -0.992485 0.210561
v 0.548839 -0.990785 0.211861
v 0.547040 -0.988785 0.212661
v 0.545339 -0.986385 0.213060
v 0.543939 -0.983885 0.212960
v 0.542839 -0.981285 0.212461
v 0.542139 -0.978585 0.211460
v 0.541839 -0.976085 0.210160
v 0.541939 -0.973685 0.208461
v 0.542439 -0.971685 0.206460
v 0.543339 -0.969985 0.204260
v 0.544539 -0.968685 0.201961
v 0.546039 -0.967985 0.199561
v 0.547839 -0.967685 0.197260
v 0.549739 -0.967985 0.195161
v 0.551839 -0.968685 0.193261
v 0.553839 -0.969985 0.191661
v 0.559439 -0.976085 0.189160
v 0.561839 -0.981285 0.189761
v 0.560839 -0.978585 0.189260
v 0.605439 -0.998885 -0.046539
v 0.605439 -1.073286 -0.046539
v 0.601239 -1.073286 -0.046739
v 0.601239 -0.998885 -0.046739
v 0.609439 -1.073286 -0.045439
v 0.609439 -0.998885 -0.045439
v 0.613239 -0.998885 -0.043640
v 0.613239 -1.073286 -0.043640
v 0.616539 -0.998885 -0.041039
v 0.616539 -1.073286 -0.041039
v 0.619339 -1.073286 -0.037939
v 0.619339 -0.998885 -0.037939
v 0.621439 -0.998885 -0.034339
v 0.621439 -1.073286 -0.034339
v 0.622839 -0.998885 -0.030339
v 0.622839 -1.073286 -0.030339
v 0.623339 -1.073286 -0.026239
v 0.623339 -0.998885 -0.026239
v 0.623140 -0.998885 -0.022040
v 0.623140 -1.073286 -0.022040
v 0.622039 -0.998885 -0.018039
v 0.622039 -1.073286 -0.018039
v 0.620239 -1.073286 -0.014239
v 0.620239 -0.998885 -0.014239
v 0.617639 -0.998885 -0.010939
v 0.617639 -1.073286 -0.010939
v 0.614540 -0.998885 -0.008139
v 0.614540 -1.073286 -0.008139
v 0.610940 -1.073286 -0.006039
v 0.610940 -0.998885 -0.006039
v 0.606939 -1.073286 -0.004639
v 0.606939 -0.998885 -0.004639
v 0.602839 -0.998885 -0.004140
v 0.602839 -1.073286 -0.004140
v 0.598639 -1.073286 -0.004339
v 0.598639 -0.998885 -0.004339
v 0.594639 -1.073286 -0.005439
v 0.594639 -0.998885 -0.005439
v 0.590840 -0.998885 -0.007239
v 0.590840 -1.073286 -0.007239
v 0.587539 -1.073286 -0.009739
v 0.587539 -0.998885 -0.009739
v 0.584739 -0.998885 -0.012939
v 0.584739 -1.073286 -0.012939
v 0.582639 -0.998885 -0.016539
v 0.582639 -1.073286 -0.016539
v 0.581239 -1.073286 -0.020439
v 0.581239 -0.998885 -0.020439
v 0.580739 -1.073286 -0.024639
v 0.580739 -0.998885 -0.024639
v 0.580939 -0.998885 -0.028839
v 0.580939 -1.073286 -0.028839
v 0.582039 -1.073286 -0.032840
v 0.582039 -0.998885 -0.032840
v 0.583839 -0.998885 -0.036639
v 0.583839 -1.073286 -0.036639
v 0.586339 -0.998885 -0.039940
v 0.586339 -1.073286 -0.039939
v 0.589539 -1.073286 -0.042739
v 0.589539 -0.998885 -0.042739
v 0.593139 -0.998885 -0.044839
v 0.593139 -1.073286 -0.044839
v 0.613840 -0.980485 -0.025839
v 0.613739 -0.980685 -0.022939
v 0.597039 -0.998885 -0.046139
v 0.597039 -1.073286 -0.046139
v 0.608140 -0.984485 -0.037939
v 0.592139 -0.973685 -0.037339
v 0.591239 -0.971685 -0.035439
v 0.609939 -0.983185 -0.036239
v 0.598040 -0.992885 -0.011639
v 0.600240 -0.991185 -0.010839
v 0.591939 -0.996885 -0.033239
v 0.590939 -0.997685 -0.030640
v 0.611539 -0.981985 -0.034039
v 0.609039 -0.984485 -0.013339
v 0.607039 -0.985985 -0.011940
v 0.591339 -0.997685 -0.019339
v 0.590539 -0.998185 -0.022139
v 0.603740 -0.987685 -0.040040
v 0.601439 -0.989385 -0.040239
v 0.599139 -0.991185 -0.039839
v 0.613140 -0.981185 -0.020139
v 0.595940 -0.994385 -0.012839
v 0.593239 -0.995685 -0.035539
v 0.612739 -0.981185 -0.031539
v 0.604839 -0.987685 -0.011039
v 0.590239 -0.998385 -0.024940
v 0.606039 -0.985985 -0.039240
v 0.612139 -0.981985 -0.017539
v 0.594039 -0.995685 -0.014639
v 0.595039 -0.994385 -0.037439
v 0.613539 -0.980685 -0.028739
v 0.602639 -0.989385 -0.010639
v 0.590339 -0.998185 -0.027840
v 0.610739 -0.983185 -0.015239
v 0.592539 -0.996885 -0.016839
v 0.597039 -0.992885 -0.038939
v 0.594139 -0.978585 -0.039639
v 0.595339 -0.981285 -0.039940
v 0.596439 -0.983885 -0.039739
v 0.597639 -0.986385 -0.038939
v 0.598740 -0.988785 -0.037639
v 0.599639 -0.990785 -0.035839
v 0.600439 -0.992485 -0.033540
v 0.601139 -0.993785 -0.031039
v 0.601539 -0.994485 -0.028339
v 0.601839 -0.994785 -0.025439
v 0.601839 -0.994485 -0.022539
v 0.601539 -0.993785 -0.019739
v 0.601139 -0.992485 -0.017139
v 0.600439 -0.990785 -0.014939
v 0.599639 -0.988785 -0.013039
v 0.598639 -0.986385 -0.011639
v 0.597539 -0.983885 -0.010739
v 0.596439 -0.981285 -0.010439
v 0.595240 -0.978585 -0.010639
v 0.594139 -0.976085 -0.011439
v 0.593040 -0.973685 -0.012740
v 0.592039 -0.971685 -0.014539
v 0.591239 -0.969985 -0.016839
v 0.590639 -0.968685 -0.019339
v 0.590140 -0.967985 -0.022040
v 0.589939 -0.967685 -0.024940
v 0.589939 -0.967985 -0.027840
v 0.590140 -0.968685 -0.030640
v 0.590639 -0.969985 -0.033239
v 0.593040 -0.976085 -0.038739
vn -0.3549 -0.0000 -0.9349
vn -0.1657 -0.0000 -0.9862
vn 0.0299 -0.0000 -0.9996
vn 0.0298 -0.0000 -0.9996
vn 0.2243 -0.0000 -0.9745
vn 0.4101 -0.0000 -0.9120
vn 0.4101 -0.0000 -0.9121
vn 0.5801 -0.0000 -0.8145
vn 0.5802 -0.0000 -0.8145
vn 0.7279 -0.0000 -0.6857
vn 0.8476 -0.0000 -0.5306
vn 0.8477 -0.0000 -0.5305
vn 0.8476 -0.0000 -0.5307
vn 0.9349 -0.0000 -0.3549
vn 0.9862 -0.0000 -0.1657
vn 0.9996 -0.0000 0.0299
vn 0.9745 -0.0000 0.2243
vn 0.9120 -0.0000 0.4101
vn 0.9121 -0.0000 0.4100
vn 0.8145 -0.0000 0.5802
vn 0.6857 -0.0000 0.7279
vn 0.6856 -0.0000 0.7279
vn 0.5305 -0.0000 0.8477
vn 0.3549 -0.0000 0.9349
vn 0.1657 -0.0000 0.9862
vn -0.0299 -0.0000 0.9996
vn -0.2243 -0.0000 0.9745
vn -0.4101 -0.0000 0.9121
vn -0.5802 -0.0000 0.8145
vn -0.7279 -0.0000 0.6857
vn -0.8477 -0.0000 0.5305
vn -0.9349 -0.0000 0.3549
vn -0.9862 -0.0000 0.1657
vn -0.9996 -0.0000 -0.0299
vn -0.9745 -0.0000 -0.2243
vn -0.9120 -0.0000 -0.4101
vn -0.9121 -0.0000 -0.4101
vn -0.8145 -0.0000 -0.5802
vn -0.8145 -0.0000 -0.5801
vn 0.8312 0.4607 -0.3113
vn -0.6857 -0.0000 -0.7279
vn -0.5305 -0.0000 -0.8477
vn -0.5307 -0.0000 -0.8476
vn -0.5306 -0.0000 -0.8476
vn -0.0000 -1.0000 -0.0000
vn -0.0000 -1.0000 0.0003
vn -0.0000 -1.0000 -0.0001
vn -0.0000 -1.0000 0.0002
vn -0.0000 -1.0000 -0.0003
vn -0.0000 -1.0000 0.0001
vn 0.0578 0.6232 -0.7799
vn 0.0580 0.6232 -0.7799
vn -0.0799 0.7022 0.7075
vn -0.0799 0.7021 0.7075
vn -0.0798 0.7022 0.7075
vn -0.0799 0.7021 0.7076
vn -0.1629 0.9797 0.1168
vn -0.1629 0.9797 0.1167
vn 0.3330 0.4516 -0.8277
vn 0.6770 0.4608 0.5738
vn -0.1180 0.9930 0.0100
vn -0.4226 0.5301 -0.7351
vn -0.5559 0.6037 -0.5715
vn -0.5559 0.6037 -0.5714
vn -0.5558 0.6037 -0.5715
vn 0.8784 0.4584 -0.1349
vn 0.8785 0.4584 -0.1348
vn -0.2241 0.8074 0.5457
vn -0.2241 0.8075 0.5456
vn -0.2241 0.8075 0.5457
vn -0.2940 0.9504 0.1014
vn 0.4980 0.4548 -0.7383
vn 0.4981 0.4548 -0.7383
vn 0.5216 0.4843 0.7025
vn 0.5216 0.4843 0.7024
vn -0.0647 0.9978 0.0115
vn -0.2447 0.4842 -0.8400
vn -0.2446 0.4843 -0.8400
vn 0.8892 0.4548 0.0493
vn -0.2815 0.8945 0.3472
vn -0.2815 0.8945 0.3473
vn -0.2814 0.8945 0.3473
vn -0.4467 0.8946 0.0144
vn -0.4467 0.8946 0.0143
vn -0.4467 0.8946 0.0145
vn 0.6383 0.4584 -0.6184
vn 0.3304 0.5300 0.7810
vn -0.0482 0.9978 0.0446
vn -0.0482 0.4608 -0.8862
vn 0.8607 0.4517 0.2348
vn -0.2584 0.9504 0.1730
vn -0.5702 0.8075 -0.1511
vn -0.5707 0.8070 -0.1518
vn 0.7503 0.4606 -0.4742
vn 0.1194 0.6037 0.7882
vn 0.1195 0.6037 0.7882
vn -0.0792 0.9930 0.0880
vn 0.1484 0.4521 -0.8796
vn 0.1484 0.4521 -0.8795
vn 0.7905 0.4521 0.4132
vn -0.1915 0.9797 0.0593
vn -0.1914 0.9797 0.0593
vn -0.6121 0.7021 -0.3638
vn -0.6122 0.7021 -0.3638
vn -0.8203 -0.4015 0.4074
vn -0.8202 -0.4016 0.4075
vn -0.8202 -0.4015 0.4075
vn -0.8204 -0.4014 0.4072
vn -0.8202 -0.4016 0.4074
vn -0.8204 -0.4012 0.4074
vn -0.8202 -0.4017 0.4072
vn -0.8202 -0.4017 0.4073
vn -0.8205 -0.4010 0.4074
vn -0.8201 -0.4019 0.4074
vn -0.8203 -0.4014 0.4074
vn -0.8203 -0.4015 0.4073
vn -0.8203 -0.4016 0.4072
vn -0.8203 -0.4014 0.4075
vn -0.8202 -0.4015 0.4074
vn -0.8203 -0.4017 0.4072
vn -0.8205 -0.4010 0.4075
vn -0.8205 -0.4012 0.4073
vn -0.9366 -0.1056 -0.3342
vn -0.9366 -0.1055 -0.3341
vn -0.9366 -0.1056 -0.3340
vn -0.9366 -0.1056 -0.3341
vn -0.2996 -0.1056 0.9482
vn -0.2997 -0.1054 0.9482
vn -0.2997 -0.1056 0.9482
vn 0.1544 0.7313 -0.6643
vn 0.1544 0.7314 -0.6642
vn 0.1544 0.7314 -0.6643
vn -0.5748 -0.0878 -0.8136
vn -0.5747 -0.0879 -0.8136
vn -0.5748 -0.0878 -0.8135
vn -0.8931 0.3342 0.3011
vn -0.8931 0.3342 0.3010
vn 0.2405 0.8072 -0.5390
vn 0.2406 0.8073 -0.5389
vn -0.7743 0.6270 -0.0857
vn -0.7743 0.6270 -0.0858
vn -0.7743 0.6269 -0.0858
vn 0.3184 0.8550 -0.4094
vn -0.6107 0.7775 -0.1501
vn -0.6107 0.7775 -0.1502
vn -0.6107 0.7776 -0.1500
vn 0.3901 0.8780 -0.2773
vn 0.3901 0.8780 -0.2772
vn -0.4802 0.8702 -0.1105
vn -0.4802 0.8701 -0.1106
vn 0.4567 0.8780 -0.1432
vn 0.4567 0.8780 -0.1433
vn -0.3773 0.9256 -0.0287
vn 0.5185 0.8550 -0.0064
vn 0.5186 0.8550 -0.0064
vn -0.2976 0.9517 0.0749
vn -0.2976 0.9518 0.0749
vn 0.5748 0.8072 0.1341
vn -0.2395 0.9518 0.1918
vn 0.6226 0.7314 0.2783
vn 0.6226 0.7314 0.2784
vn -0.2052 0.9256 0.3180
vn 0.6564 0.6232 0.4251
vn -0.2021 0.8702 0.4494
vn 0.6664 0.4793 0.5711
vn -0.3422 0.0998 -0.9343
vn -0.3422 0.0999 -0.9343
vn -0.2494 0.7775 0.5773
vn -0.2493 0.7775 0.5774
vn 0.6363 0.3010 0.7103
vn 0.6363 0.3011 0.7103
vn -0.1816 0.3010 -0.9362
vn -0.1815 0.3010 -0.9362
vn -0.1817 0.3010 -0.9362
vn -0.3996 0.6269 0.6688
vn -0.3995 0.6269 0.6688
vn -0.3995 0.6269 0.6689
vn 0.5377 0.0997 0.8372
vn 0.5377 0.0998 0.8372
vn -0.0525 0.4793 -0.8761
vn -0.0524 0.4793 -0.8761
vn -0.7796 0.3342 0.5297
vn -0.7796 0.3341 0.5297
vn -0.7796 0.3342 0.5296
vn 0.3010 -0.0878 0.9496
vn 0.3009 -0.0877 0.9496
vn 0.7148 -0.0000 -0.6993
vn 0.7147 -0.0000 -0.6994
vn 0.7148 -0.0000 -0.6994
vn 0.8375 -0.0000 -0.5465
vn 0.9280 -0.0000 -0.3726
vn 0.9829 -0.0000 -0.1844
vn 0.9999 -0.0000 0.0109
vn 0.9786 -0.0000 0.2057
vn 0.9197 -0.0000 0.3927
vn 0.8254 -0.0000 0.5646
vn 0.6993 -0.0000 0.7148
vn 0.5465 -0.0000 0.8375
vn 0.5465 -0.0000 0.8374
vn 0.3726 -0.0000 0.9280
vn 0.3725 -0.0000 0.9280
vn 0.1844 -0.0000 0.9828
vn 0.1844 -0.0000 0.9829
vn -0.0109 -0.0000 0.9999
vn -0.2058 -0.0000 0.9786
vn -0.3927 -0.0000 0.9197
vn -0.3926 -0.0000 0.9197
vn -0.5646 -0.0000 0.8254
vn -0.7148 -0.0000 0.6994
vn -0.7148 -0.0000 0.6993
vn -0.7147 -0.0000 0.6994
vn -0.8375 -0.0000 0.5465
vn -0.9280 -0.0000 0.3726
vn -0.9829 -0.0000 0.1844
vn -0.9999 -0.0000 -0.0109
vn -0.9786 -0.0000 -0.2058
vn -0.9197 -0.0000 -0.3927
vn -0.8254 -0.0000 -0.5646
vn -0.6993 -0.0000 -0.7148
vn -0.5464 -0.0000 -0.8375
vn -0.5465 -0.0000 -0.8374
vn -0.3726 -0.0000 -0.9280
vn -0.1844 -0.0000 -0.9829
vn 0.0109 -0.0000 -0.9999
vn 0.2058 -0.0000 -0.9786
vn 0.6180 0.4606 0.6372
vn 0.6179 0.4606 0.6372
vn 0.3927 -0.0000 -0.9197
vn 0.3926 -0.0000 -0.9197
vn 0.5647 -0.0000 -0.8253
vn 0.5649 -0.0000 -0.8252
vn 0.5646 -0.0000 -0.8253
vn 0.5645 -0.0000 -0.8254
vn -0.0000 -1.0000 -0.0002
vn 0.7379 0.6232 -0.2591
vn 0.7379 0.6232 -0.2590
vn 0.7379 0.6232 -0.2589
vn -0.6804 0.7021 0.2099
vn -0.1722 0.9797 -0.1026
vn -0.1721 0.9797 -0.1026
vn 0.8918 0.4517 -0.0260
vn -0.2550 0.4607 0.8501
vn -0.2549 0.4607 0.8501
vn -0.0563 0.9930 -0.1042
vn 0.5046 0.5300 -0.6815
vn 0.3013 0.6037 -0.7381
vn 0.3012 0.6037 -0.7381
vn 0.3012 0.6037 -0.7382
vn 0.4750 0.4584 0.7511
vn 0.4751 0.4584 0.7511
vn -0.5897 0.8075 0.0129
vn -0.5897 0.8075 0.0130
vn -0.2106 0.9504 -0.2289
vn -0.2105 0.9504 -0.2289
vn 0.8759 0.4548 0.1610
vn -0.4350 0.4843 0.7591
vn -0.0364 0.9978 -0.0548
vn -0.0364 0.9978 -0.0547
vn 0.6720 0.4843 -0.5603
vn 0.3106 0.4548 0.8347
vn -0.4308 0.8946 -0.1189
vn -0.4308 0.8946 -0.1190
vn -0.1919 0.8945 -0.4037
vn -0.1918 0.8946 -0.4037
vn 0.8222 0.4584 0.3375
vn 0.8222 0.4584 0.3374
vn 0.8222 0.4583 0.3375
vn 0.8223 0.4582 0.3375
vn -0.5836 0.5300 0.6152
vn -0.5835 0.5301 0.6153
vn -0.0602 0.9978 -0.0263
vn 0.7929 0.4608 -0.3987
vn 0.1292 0.4517 0.8828
vn 0.1293 0.4517 0.8827
vn -0.2619 0.9504 -0.1676
vn -0.0897 0.8075 -0.5830
vn -0.0896 0.8075 -0.5830
vn 0.7348 0.4606 0.4979
vn -0.6745 0.6037 0.4249
vn -0.6745 0.6038 0.4249
vn -0.1124 0.9930 -0.0374
vn 0.8654 0.4521 -0.2160
vn 0.8654 0.4521 -0.2161
vn -0.0624 0.4521 0.8898
vn -0.1309 0.9797 -0.1518
vn -0.1309 0.9797 -0.1517
vn 0.0885 0.7021 -0.7065
vn 0.0885 0.7021 -0.7066
vn 0.0886 0.7021 -0.7065
vn -0.7016 -0.4014 -0.5887
vn -0.7015 -0.4016 -0.5887
vn -0.7018 -0.4012 -0.5887
vn -0.7017 -0.4013 -0.5887
vn -0.7017 -0.4012 -0.5888
vn -0.7016 -0.4015 -0.5887
vn -0.7016 -0.4013 -0.5889
vn -0.7017 -0.4014 -0.5886
vn -0.7014 -0.4016 -0.5888
vn -0.7017 -0.4016 -0.5884
vn -0.7014 -0.4015 -0.5889
vn -0.7017 -0.4015 -0.5887
vn -0.0687 -0.1055 -0.9920
vn -0.0687 -0.1054 -0.9921
vn -0.0686 -0.1054 -0.9921
vn -0.9889 -0.1055 0.1047
vn -0.9889 -0.1055 0.1046
vn -0.9889 -0.1054 0.1046
vn 0.6706 0.7314 -0.1242
vn 0.6706 0.7314 -0.1243
vn 0.5157 -0.0879 -0.8523
vn 0.5156 -0.0880 -0.8523
vn 0.5157 -0.0880 -0.8523
vn -0.6333 0.3342 -0.6980
vn -0.6334 0.3343 -0.6979
vn -0.6334 0.3342 -0.6979
vn -0.6334 0.3342 -0.6980
vn 0.5902 0.8073 0.0048
vn 0.5902 0.8072 0.0047
vn -0.2313 0.6269 -0.7440
vn -0.2312 0.6269 -0.7440
vn -0.2312 0.6269 -0.7441
vn -0.2312 0.6268 -0.7440
vn 0.5026 0.8550 0.1280
vn 0.5026 0.8550 0.1279
vn -0.1068 0.7775 -0.6197
vn -0.1067 0.7775 -0.6197
vn -0.1069 0.7775 -0.6197
vn 0.4102 0.8781 0.2464
vn 0.4102 0.8781 0.2465
vn -0.0907 0.8702 -0.4843
vn -0.0908 0.8702 -0.4843
vn 0.3139 0.8780 0.3612
vn 0.3140 0.8780 0.3612
vn 0.3141 0.8780 0.3612
vn -0.1247 0.9256 -0.3573
vn 0.2133 0.8550 0.4727
vn -0.1877 0.9518 -0.2426
vn -0.1877 0.9518 -0.2427
vn 0.1071 0.8072 0.5804
vn 0.1071 0.8073 0.5804
vn 0.1072 0.8073 0.5804
vn -0.2716 0.9518 -0.1427
vn -0.0060 0.7314 0.6819
vn -0.0059 0.7314 0.6819
vn -0.0059 0.7313 0.6820
vn -0.3735 0.9256 -0.0608
vn -0.1270 0.6231 0.7717
vn -0.1269 0.6233 0.7717
vn -0.1269 0.6233 0.7716
vn -0.4927 0.8702 -0.0052
vn -0.4927 0.8702 -0.0053
vn -0.4928 0.8702 -0.0053
vn -0.2568 0.4794 0.8392
vn 0.7193 0.0998 -0.6875
vn 0.7194 0.0998 -0.6874
vn 0.7193 0.0998 -0.6874
vn 0.7193 0.0998 -0.6876
vn -0.6288 0.7776 0.0024
vn -0.6288 0.7775 0.0024
vn -0.3964 0.3009 0.8674
vn -0.3964 0.3010 0.8674
vn -0.3965 0.3008 0.8674
vn -0.3964 0.3008 0.8674
vn 0.7853 0.3011 -0.5410
vn 0.7853 0.3010 -0.5410
vn -0.7728 0.6270 -0.0986
vn -0.7728 0.6269 -0.0986
vn -0.7729 0.6269 -0.0986
vn -0.7729 0.6269 -0.0985
vn -0.5522 0.0998 0.8277
vn -0.5523 0.0998 0.8277
vn -0.5524 0.0998 0.8276
vn 0.7819 0.4793 -0.3986
vn -0.7974 0.3343 -0.5024
vn -0.7974 0.3343 -0.5025
vn -0.7497 -0.0878 0.6559
vn -0.7498 -0.0878 0.6559
vn -0.7498 -0.0878 0.6558
vn -0.7502 -0.0880 0.6553
vn 0.0602 -0.0000 -0.9982
vn 0.2538 -0.0000 -0.9673
vn 0.4375 -0.0000 -0.8992
vn 0.4376 -0.0000 -0.8992
vn 0.6047 -0.0000 -0.7965
vn 0.6046 -0.0000 -0.7965
vn 0.7484 -0.0000 -0.6632
vn 0.7483 -0.0000 -0.6633
vn 0.8634 -0.0000 -0.5044
vn 0.8635 -0.0000 -0.5044
vn 0.8634 -0.0000 -0.5045
vn 0.9452 -0.0000 -0.3264
vn 0.9452 -0.0000 -0.3265
vn 0.9908 -0.0000 -0.1357
vn 0.9982 -0.0000 0.0602
vn 0.9673 -0.0000 0.2538
vn 0.8992 -0.0000 0.4376
vn 0.7965 -0.0000 0.6046
vn 0.6633 -0.0000 0.7484
vn 0.5045 -0.0000 0.8634
vn 0.5044 -0.0000 0.8635
vn 0.3264 -0.0000 0.9452
vn 0.3265 -0.0000 0.9452
vn 0.1356 -0.0000 0.9908
vn 0.1357 -0.0000 0.9908
vn -0.0601 -0.0000 0.9982
vn -0.0602 -0.0000 0.9982
vn -0.0603 -0.0000 0.9982
vn -0.2538 -0.0000 0.9673
vn -0.4375 -0.0000 0.8992
vn -0.4376 -0.0000 0.8992
vn -0.6045 -0.0000 0.7966
vn -0.6046 -0.0000 0.7965
vn -0.6047 -0.0000 0.7964
vn -0.7484 -0.0000 0.6633
vn -0.8634 -0.0000 0.5044
vn -0.8634 -0.0000 0.5045
vn -0.9452 -0.0000 0.3264
vn -0.9907 -0.0000 0.1357
vn -0.9982 -0.0000 -0.0602
vn -0.9673 -0.0000 -0.2538
vn -0.8992 -0.0000 -0.4376
vn -0.7966 -0.0000 -0.6045
vn -0.7967 -0.0000 -0.6044
vn -0.7967 -0.0000 -0.6043
vn -0.6633 -0.0000 -0.7484
vn -0.5044 -0.0000 -0.8635
vn -0.5045 -0.0000 -0.8634
vn 0.8857 0.4606 0.0574
vn 0.8858 0.4606 0.0574
vn -0.3264 -0.0000 -0.9452
vn -0.1357 -0.0000 -0.9908
vn -0.1357 -0.0000 -0.9907
vn 0.3730 0.6232 -0.6874
vn 0.3731 0.6232 -0.6873
vn -0.3634 0.7021 0.6124
vn -0.3633 0.7021 0.6124
vn -0.1964 0.9797 0.0396
vn -0.1964 0.9797 0.0395
vn 0.6435 0.4517 -0.6180
vn 0.6434 0.4517 -0.6180
vn 0.3818 0.4608 0.8012
vn -0.1117 0.9930 -0.0394
vn -0.0836 0.5300 -0.8439
vn -0.2722 0.6037 -0.7493
vn 0.8564 0.4584 0.2376
vn 0.8564 0.4584 0.2377
vn -0.4284 0.8075 0.4055
vn -0.3097 0.9504 -0.0283
vn -0.3097 0.9504 -0.0284
vn 0.7572 0.4548 -0.4688
vn 0.1871 0.4843 0.8547
vn 0.1872 0.4843 0.8547
vn 0.1872 0.4843 0.8546
vn 0.1870 0.4843 0.8547
vn -0.0637 0.9978 -0.0162
vn -0.0637 0.9978 -0.0161
vn 0.1219 0.4843 -0.8664
vn 0.7906 0.4548 0.4100
vn -0.3992 0.8945 0.2011
vn -0.3992 0.8945 0.2012
vn -0.3993 0.8945 0.2010
vn -0.4133 0.8945 -0.1703
vn -0.4132 0.8945 -0.1703
vn 0.8359 0.4584 -0.3019
vn 0.8359 0.4584 -0.3020
vn -0.0194 0.5301 0.8477
vn -0.0623 0.9978 0.0209
vn 0.3199 0.4608 -0.8279
vn 0.3198 0.4608 -0.8279
vn 0.6884 0.4516 0.5676
vn 0.6885 0.4516 0.5675
vn -0.3067 0.9504 0.0517
vn -0.3066 0.9504 0.0517
vn -0.3066 0.9504 0.0518
vn -0.4579 0.8075 -0.3719
vn 0.8788 0.4606 -0.1244
vn -0.2146 0.6037 0.7678
vn -0.2147 0.6037 0.7678
vn -0.1084 0.9930 0.0477
vn 0.4964 0.4521 -0.7411
vn 0.4963 0.4521 -0.7411
vn 0.5512 0.4521 0.7013
vn -0.1989 0.9797 -0.0245
vn -0.1989 0.9797 -0.0246
vn -0.4088 0.7021 -0.5831
vn -0.4087 0.7021 -0.5831
vn -0.9152 -0.4015 0.0347
vn -0.9153 -0.4011 0.0350
vn -0.9152 -0.4015 0.0348
vn -0.9151 -0.4018 0.0346
vn -0.9152 -0.4016 0.0347
vn -0.9151 -0.4017 0.0346
vn -0.9150 -0.4019 0.0347
vn -0.9151 -0.4018 0.0348
vn -0.9152 -0.4014 0.0349
vn -0.9153 -0.4013 0.0346
vn -0.9151 -0.4016 0.0347
vn -0.9151 -0.4017 0.0347
vn -0.9152 -0.4015 0.0345
vn -0.7169 -0.1056 -0.6891
vn -0.7169 -0.1056 -0.6892
vn -0.6625 -0.1056 0.7416
vn -0.6626 -0.1055 0.7415
vn -0.6626 -0.1056 0.7415
vn 0.4134 0.7314 -0.5423
vn 0.4135 0.7314 -0.5423
vn -0.1902 -0.0877 -0.9778
vn -0.1903 -0.0877 -0.9778
vn -0.1900 -0.0877 -0.9779
vn -0.9380 0.3342 -0.0921
vn -0.9380 0.3341 -0.0921
vn -0.9380 0.3342 -0.0922
vn 0.4406 0.8072 -0.3927
vn 0.4406 0.8072 -0.3928
vn -0.6709 0.6269 -0.3961
vn -0.6709 0.6269 -0.3960
vn 0.4584 0.8550 -0.2427
vn 0.4584 0.8550 -0.2426
vn -0.4953 0.7775 -0.3875
vn -0.4952 0.7775 -0.3876
vn -0.4952 0.7776 -0.3875
vn -0.4952 0.7775 -0.3875
vn 0.4694 0.8781 -0.0926
vn 0.4695 0.8781 -0.0927
vn 0.4695 0.8781 -0.0926
vn -0.3925 0.8702 -0.2979
vn -0.3925 0.8702 -0.2980
vn 0.4752 0.8780 0.0569
vn 0.4752 0.8780 0.0570
vn 0.4752 0.8780 0.0571
vn -0.3323 0.9256 -0.1810
vn -0.3323 0.9257 -0.1809
vn -0.3323 0.9256 -0.1811
vn 0.4755 0.8550 0.2072
vn 0.4755 0.8550 0.2071
vn -0.3021 0.9518 -0.0539
vn -0.3021 0.9517 -0.0539
vn 0.4691 0.8072 0.3582
vn 0.4691 0.8073 0.3581
vn -0.2971 0.9518 0.0766
vn 0.4535 0.7314 0.5094
vn 0.4535 0.7314 0.5093
vn 0.4534 0.7313 0.5095
vn 0.4534 0.7313 0.5094
vn -0.3176 0.9256 0.2057
vn -0.3176 0.9256 0.2058
vn 0.4240 0.6232 0.6571
vn 0.4240 0.6231 0.6572
vn -0.3687 0.8702 0.3268
vn -0.3687 0.8702 0.3269
vn 0.3731 0.4794 0.7943
vn 0.3730 0.4794 0.7944
vn 0.0715 0.0998 -0.9924
vn 0.0716 0.0998 -0.9924
vn -0.4644 0.7776 0.4240
vn -0.4644 0.7775 0.4240
vn -0.4644 0.7776 0.4239
vn 0.2886 0.3010 0.9089
vn 0.2886 0.3011 0.9089
vn 0.2887 0.3011 0.9089
vn 0.2189 0.3010 -0.9282
vn 0.2188 0.3010 -0.9282
vn 0.2189 0.3011 -0.9281
vn -0.6389 0.6269 0.4459
vn -0.6389 0.6269 0.4458
vn 0.1465 0.0998 0.9842
vn 0.3118 0.4794 -0.8204
vn 0.3118 0.4794 -0.8203
vn -0.9283 0.3342 0.1629
vn -0.9284 0.3340 0.1629
vn -0.9283 0.3342 0.1630
vn -0.1154 -0.0878 0.9894
vn -0.1155 -0.0878 0.9894
vn -0.1154 -0.0879 0.9894
vt 1.000000 1.000000
vt 0.968800 1.000000
vt 0.968800 0.500000
vt 1.000000 0.500000
vt 0.937500 1.000000
vt 0.937500 0.500000
vt 0.906200 1.000000
vt 0.906200 0.500000
vt 0.875000 1.000000
vt 0.875000 0.500000
vt 0.843800 1.000000
vt 0.843800 0.500000
vt 0.812500 0.500000
vt 0.812500 1.000000
vt 0.781200 0.500000
vt 0.781200 1.000000
vt 0.750000 1.000000
vt 0.750000 0.500000
vt 0.718800 0.500000
vt 0.718800 1.000000
vt 0.687500 0.500000
vt 0.687500 1.000000
vt 0.656200 0.500000
vt 0.656200 1.000000
vt 0.625000 1.000000
vt 0.625000 0.500000
vt 0.593800 0.500000
vt 0.593800 1.000000
vt 0.562500 0.500000
vt 0.562500 1.000000
vt 0.531200 0.500000
vt 0.531200 1.000000
vt 0.500000 0.500000
vt 0.500000 1.000000
vt 0.468800 0.500000
vt 0.468800 1.000000
vt 0.437500 0.500000
vt 0.437500 1.000000
vt 0.406200 0.500000
vt 0.406200 1.000000
vt 0.375000 1.000000
vt 0.375000 0.500000
vt 0.343800 1.000000
vt 0.343800 0.500000
vt 0.312500 0.500000
vt 0.312500 1.000000
vt 0.281200 0.500000
vt 0.281200 1.000000
vt 0.250000 1.000000
vt 0.250000 0.500000
vt 0.218800 1.000000
vt 0.218800 0.500000
vt 0.187500 0.500000
vt 0.187500 1.000000
vt 0.156200 1.000000
vt 0.156200 0.500000
vt 0.125000 0.500000
vt 0.125000 1.000000
vt 0.093800 0.500000
vt 0.093800 1.000000
vt 0.062500 1.000000
vt 0.062500 0.500000
vt 0.031200 1.000000
vt 0.031200 0.500000
vt 0.000000 1.000000
vt 0.000000 0.500000
vt 0.796800 0.485400
vt 0.841800 0.471700
vt 0.883300 0.449600
vt 0.919700 0.419700
vt 0.949600 0.383300
vt 0.971700 0.341800
vt 0.985400 0.296800
vt 0.990000 0.250000
vt 0.985400 0.203200
vt 0.971700 0.158200
vt 0.949600 0.116700
vt 0.919700 0.080300
vt 0.883300 0.050400
vt 0.841800 0.028300
vt 0.796800 0.014600
vt 0.750000 0.010000
vt 0.703200 0.014600
vt 0.658200 0.028300
vt 0.616700 0.050400
vt 0.580300 0.080300
vt 0.550400 0.116700
vt 0.528300 0.158200
vt 0.514600 0.203200
vt 0.510000 0.250000
vt 0.514600 0.296800
vt 0.528300 0.341800
vt 0.550400 0.383300
vt 0.580300 0.419700
vt 0.616700 0.449600
vt 0.658200 0.471700
vt 0.750000 0.490000
vt 0.703200 0.485400
vt 0.296800 0.485400
vt 0.250000 0.490000
vt 0.203200 0.485400
vt 0.158200 0.471700
vt 0.116700 0.449600
vt 0.080300 0.419700
vt 0.050400 0.383300
vt 0.028300 0.341800
vt 0.014600 0.296800
vt 0.010000 0.250000
vt 0.014600 0.203200
vt 0.028300 0.158200
vt 0.050400 0.116700
vt 0.080300 0.080300
vt 0.116700 0.050400
vt 0.158200 0.028300
vt 0.203200 0.014600
vt 0.250000 0.010000
vt 0.296800 0.014600
vt 0.341800 0.028300
vt 0.383300 0.050400
vt 0.419700 0.080300
vt 0.449600 0.116700
vt 0.471700 0.158200
vt 0.485400 0.203200
vt 0.490000 0.250000
vt 0.485400 0.296800
vt 0.471700 0.341800
vt 0.449600 0.383300
vt 0.419700 0.419700
vt 0.383300 0.449600
vt 0.341800 0.471700
s 1
usemtl Goddard_None
f 3137/6/5506 3138/7/5506 3139/8/5506
f 3139/8/5506 3140/9/5506 3137/6/5506
f 3138/7/5507 3141/10/5507 3142/11/5507
f 3142/11/5507 3139/8/5507 3138/7/5507
f 3141/10/5508 3143/12/5508 3144/13/5508
f 3144/13/5508 3142/11/5509 3141/10/5508
f 3143/12/5510 3145/14/5510 3146/15/5510
f 3146/15/5510 3144/13/5510 3143/12/5510
f 3147/16/5511 3148/17/5512 3146/15/5512
f 3146/15/5512 3145/14/5511 3147/16/5511
f 3149/18/5513 3148/17/5513 3147/16/5514
f 3147/16/5514 3150/19/5514 3149/18/5513
f 3151/20/5515 3149/18/5515 3150/19/5515
f 3150/19/5515 3152/21/5515 3151/20/5515
f 3153/22/5516 3154/23/5517 3151/20/5516
f 3151/20/5516 3152/21/5518 3153/22/5516
f 3155/24/5519 3154/23/5519 3153/22/5519
f 3153/22/5519 3156/25/5519 3155/24/5519
f 3157/26/5520 3155/24/5520 3156/25/5520
f 3156/25/5520 3158/27/5520 3157/26/5520
f 3159/28/5521 3157/26/5521 3158/27/5521
f 3158/27/5521 3160/29/5521 3159/28/5521
f 3161/30/5522 3162/31/5522 3159/28/5522
f 3159/28/5522 3160/29/5522 3161/30/5522
f 3163/32/5523 3162/31/5523 3161/30/5523
f 3161/30/5523 3164/33/5524 3163/32/5523
f 3165/34/5525 3163/32/5525 3164/33/5525
f 3164/33/5525 3166/35/5525 3165/34/5525
f 3167/36/5526 3165/34/5527 3166/35/5526
f 3166/35/5526 3168/37/5526 3167/36/5526
f 3169/38/5528 3167/36/5528 3168/37/5528
f 3168/37/5528 3170/39/5528 3169/38/5528
f 3171/40/5529 3169/38/5529 3170/39/5529
f 3170/39/5529 3172/41/5529 3171/40/5529
f 3173/42/5530 3171/40/5530 3172/41/5530
f 3172/41/5530 3174/43/5530 3173/42/5530
f 3175/44/5531 3173/42/5531 3174/43/5531
f 3174/43/5531 3176/45/5531 3175/44/5531
f 3177/46/5532 3178/47/5532 3175/44/5532
f 3175/44/5532 3176/45/5532 3177/46/5532
f 3177/46/5533 3179/48/5533 3180/49/5533
f 3180/49/5533 3178/47/5533 3177/46/5533
f 3181/50/5534 3180/49/5534 3179/48/5534
f 3179/48/5534 3182/51/5534 3181/50/5534
f 3183/52/5535 3181/50/5535 3182/51/5535
f 3182/51/5535 3184/53/5535 3183/52/5535
f 3185/54/5536 3186/55/5536 3183/52/5536
f 3183/52/5536 3184/53/5536 3185/54/5536
f 3187/56/5537 3188/57/5537 3186/55/5537
f 3186/55/5537 3185/54/5537 3187/56/5537
f 3189/58/5538 3188/57/5538 3187/56/5538
f 3187/56/5538 3190/59/5538 3189/58/5538
f 3191/60/5539 3192/61/5539 3189/58/5539
f 3189/58/5539 3190/59/5539 3191/60/5539
f 3193/62/5540 3192/61/5540 3191/60/5540
f 3191/60/5540 3194/63/5540 3193/62/5540
f 3195/64/5541 3193/62/5542 3194/63/5541
f 3194/63/5541 3196/65/5542 3195/64/5541
f 3197/66/5543 3198/67/5543 3195/64/5544
f 3195/64/5544 3196/65/5543 3197/66/5543
f 3153/22/5545 3199/22/5545 3200/25/5545
f 3200/25/5545 3156/25/5545 3153/22/5545
f 3201/68/5546 3202/69/5546 3198/67/5546
f 3198/67/5546 3197/66/5546 3201/68/5546
f 3202/69/5547 3201/68/5548 3137/70/5549
f 3137/70/5549 3140/71/5547 3202/69/5547
f 3139/72/5550 3142/73/5551 3144/74/5552
f 3139/72/5550 3144/74/5552 3146/75/5550
f 3146/75/5550 3148/76/5551 3149/77/5550
f 3149/77/5550 3151/78/5550 3154/79/5550
f 3154/79/5550 3155/80/5550 3157/81/5550
f 3149/77/5550 3154/79/5550 3157/81/5550
f 3146/75/5550 3149/77/5550 3157/81/5550
f 3157/81/5550 3159/82/5552 3162/83/5550
f 3162/83/5550 3163/84/5552 3165/85/5550
f 3157/81/5550 3162/83/5550 3165/85/5550
f 3165/85/5550 3167/86/5550 3169/87/5550
f 3169/87/5550 3171/88/5551 3173/89/5550
f 3165/85/5550 3169/87/5550 3173/89/5550
f 3173/89/5550 3175/90/5553 3178/91/5552
f 3178/91/5552 3180/92/5554 3181/93/5550
f 3173/89/5550 3178/91/5552 3181/93/5550
f 3181/93/5550 3183/94/5550 3186/95/5550
f 3186/95/5550 3188/96/5550 3189/97/5550
f 3181/93/5550 3186/95/5550 3189/97/5550
f 3173/89/5550 3181/93/5550 3189/97/5550
f 3165/85/5550 3173/89/5550 3189/97/5550
f 3157/81/5550 3165/85/5550 3189/97/5550
f 3146/75/5550 3157/81/5550 3189/97/5550
f 3189/97/5550 3192/98/5550 3193/99/5550
f 3193/99/5550 3195/100/5552 3198/101/5550
f 3189/97/5550 3193/99/5550 3198/101/5550
f 3146/75/5550 3189/97/5550 3198/101/5550
f 3139/72/5550 3146/75/5550 3198/101/5550
f 3140/102/5550 3139/72/5550 3198/101/5550
f 3140/102/5550 3198/101/5550 3202/103/5555
f 3203/12/5556 3204/12/5557 3205/14/5557
f 3205/14/5557 3206/14/5556 3203/12/5556
f 3207/43/5558 3174/43/5559 3172/41/5560
f 3172/41/5560 3208/41/5561 3207/43/5558
f 3209/60/5562 3191/60/5563 3190/59/5563
f 3190/59/5563 3210/59/5563 3209/60/5562
f 3211/16/5564 3147/16/5564 3145/14/5564
f 3145/14/5564 3206/14/5564 3211/16/5564
f 3212/35/5565 3166/35/5565 3164/33/5565
f 3164/33/5565 3213/33/5565 3212/35/5565
f 3214/53/5566 3184/53/5566 3182/51/5566
f 3182/51/5566 3215/51/5566 3214/53/5566
f 3138/7/5567 3137/6/5567 3216/6/5567
f 3216/6/5567 3217/7/5567 3138/7/5567
f 3201/68/5568 3218/68/5569 3216/70/5568
f 3216/70/5568 3137/70/5570 3201/68/5568
f 3219/27/5571 3158/27/5571 3156/25/5571
f 3156/25/5571 3200/25/5572 3219/27/5571
f 3220/45/5573 3176/45/5574 3174/43/5575
f 3174/43/5575 3207/43/5573 3220/45/5573
f 3209/60/5576 3221/63/5576 3194/63/5576
f 3194/63/5576 3191/60/5576 3209/60/5576
f 3222/19/5577 3150/19/5578 3147/16/5577
f 3147/16/5577 3211/16/5577 3222/19/5577
f 3223/37/5579 3168/37/5580 3166/35/5580
f 3166/35/5580 3212/35/5580 3223/37/5579
f 3224/54/5581 3185/54/5581 3184/53/5581
f 3184/53/5581 3214/53/5581 3224/54/5581
f 3217/7/5582 3225/10/5582 3141/10/5583
f 3141/10/5583 3138/7/5583 3217/7/5582
f 3226/29/5584 3160/29/5584 3158/27/5584
f 3158/27/5584 3219/27/5584 3226/29/5584
f 3220/45/5585 3227/46/5586 3177/46/5587
f 3177/46/5587 3176/45/5587 3220/45/5585
f 3196/65/5588 3194/63/5589 3221/63/5588
f 3221/63/5588 3228/65/5590 3196/65/5588
f 3229/21/5591 3152/21/5591 3150/19/5591
f 3150/19/5591 3222/19/5591 3229/21/5591
f 3230/39/5592 3170/39/5592 3168/37/5592
f 3168/37/5592 3223/37/5592 3230/39/5592
f 3231/56/5593 3187/56/5593 3185/54/5593
f 3185/54/5593 3224/54/5593 3231/56/5593
f 3203/12/5594 3143/12/5594 3141/10/5594
f 3141/10/5594 3225/10/5594 3203/12/5594
f 3232/30/5595 3161/30/5595 3160/29/5595
f 3160/29/5595 3226/29/5595 3232/30/5595
f 3233/48/5596 3179/48/5596 3177/46/5596
f 3177/46/5596 3227/46/5596 3233/48/5596
f 3197/66/5597 3196/65/5597 3228/65/5598
f 3228/65/5598 3234/66/5597 3197/66/5597
f 3152/21/5599 3229/21/5599 3199/22/5599
f 3199/22/5599 3153/22/5599 3152/21/5599
f 3208/41/5600 3172/41/5601 3170/39/5601
f 3170/39/5601 3230/39/5600 3208/41/5600
f 3210/59/5602 3190/59/5602 3187/56/5602
f 3187/56/5602 3231/56/5602 3210/59/5602
f 3145/14/5603 3143/12/5604 3203/12/5604
f 3203/12/5604 3206/14/5603 3145/14/5603
f 3213/33/5605 3164/33/5605 3161/30/5605
f 3161/30/5605 3232/30/5605 3213/33/5605
f 3215/51/5606 3182/51/5607 3179/48/5607
f 3179/48/5607 3233/48/5606 3215/51/5606
f 3201/68/5608 3197/66/5608 3234/66/5609
f 3234/66/5609 3218/68/5609 3201/68/5608
f 3235/104/5610 3236/105/5611 3237/106/5610
f 3237/106/5610 3238/107/5612 3239/108/5610
f 3235/104/5610 3237/106/5610 3239/108/5610
f 3239/108/5610 3240/109/5613 3241/110/5614
f 3241/110/5614 3242/111/5615 3243/112/5610
f 3239/108/5610 3241/110/5614 3243/112/5610
f 3243/112/5610 3244/113/5616 3245/114/5617
f 3245/114/5617 3246/115/5618 3247/116/5610
f 3243/112/5610 3245/114/5617 3247/116/5610
f 3239/108/5610 3243/112/5610 3247/116/5610
f 3247/116/5610 3248/117/5619 3249/118/5620
f 3249/118/5620 3250/119/5610 3251/120/5610
f 3247/116/5610 3249/118/5620 3251/120/5610
f 3251/120/5610 3252/121/5621 3253/122/5621
f 3253/122/5621 3254/123/5622 3255/124/5610
f 3251/120/5610 3253/122/5621 3255/124/5610
f 3247/116/5610 3251/120/5610 3255/124/5610
f 3239/108/5610 3247/116/5610 3255/124/5610
f 3255/124/5610 3256/125/5623 3257/126/5624
f 3257/126/5624 3258/127/5625 3259/128/5614
f 3255/124/5610 3257/126/5624 3259/128/5614
f 3255/124/5610 3259/128/5614 3260/129/5610
f 3239/108/5610 3255/124/5610 3260/129/5610
f 3260/129/5610 3261/130/5626 3262/131/5614
f 3262/131/5614 3263/132/5627 3205/133/5610
f 3260/129/5610 3262/131/5614 3205/133/5610
f 3239/108/5610 3260/129/5610 3205/133/5610
f 3235/104/5610 3239/108/5610 3205/133/5610
f 3235/104/5610 3205/133/5610 3204/134/5624
f 3235/104/5610 3204/134/5624 3264/135/5611
f 3234/66/5628 3238/66/5629 3237/68/5630
f 3237/68/5630 3218/68/5631 3234/66/5628
f 3208/41/5632 3251/41/5633 3250/43/5634
f 3250/43/5634 3207/43/5632 3208/41/5632
f 3206/14/5635 3205/14/5636 3263/16/5637
f 3263/16/5637 3211/16/5635 3206/14/5635
f 3218/68/5638 3237/68/5639 3236/70/5640
f 3236/70/5640 3216/70/5638 3218/68/5638
f 3207/43/5641 3250/43/5641 3249/45/5641
f 3249/45/5641 3220/45/5642 3207/43/5641
f 3211/16/5643 3263/16/5644 3262/19/5644
f 3262/19/5644 3222/19/5643 3211/16/5643
f 3220/45/5645 3249/45/5646 3248/46/5647
f 3248/46/5647 3227/46/5645 3220/45/5645
f 3222/19/5648 3262/19/5648 3261/21/5648
f 3261/21/5648 3229/21/5648 3222/19/5648
f 3227/46/5649 3248/46/5649 3247/48/5650
f 3247/48/5650 3233/48/5651 3227/46/5649
f 3199/22/5652 3229/21/5653 3261/21/5652
f 3261/21/5652 3260/22/5652 3199/22/5652
f 3233/48/5654 3247/48/5655 3246/51/5654
f 3246/51/5654 3215/51/5654 3233/48/5654
f 3199/22/5656 3260/22/5656 3259/25/5656
f 3259/25/5656 3200/25/5657 3199/22/5656
f 3215/51/5658 3246/51/5658 3245/53/5658
f 3245/53/5658 3214/53/5658 3215/51/5658
f 3200/25/5659 3259/25/5660 3258/27/5659
f 3258/27/5659 3219/27/5659 3200/25/5659
f 3214/53/5661 3245/53/5662 3244/54/5662
f 3244/54/5662 3224/54/5661 3214/53/5661
f 3219/27/5663 3258/27/5663 3257/29/5663
f 3257/29/5663 3226/29/5663 3219/27/5663
f 3224/54/5664 3244/54/5664 3243/56/5664
f 3243/56/5664 3231/56/5664 3224/54/5664
f 3226/29/5665 3257/29/5666 3256/30/5665
f 3256/30/5665 3232/30/5665 3226/29/5665
f 3231/56/5667 3243/56/5667 3242/59/5667
f 3242/59/5667 3210/59/5667 3231/56/5667
f 3232/30/5668 3256/30/5668 3255/33/5668
f 3255/33/5668 3213/33/5668 3232/30/5668
f 3210/59/5669 3242/59/5669 3241/60/5669
f 3241/60/5669 3209/60/5669 3210/59/5669
f 3213/33/5670 3255/33/5670 3254/35/5670
f 3254/35/5670 3212/35/5670 3213/33/5670
f 3216/6/5671 3236/6/5672 3235/7/5672
f 3235/7/5672 3217/7/5671 3216/6/5671
f 3209/60/5673 3241/60/5674 3240/63/5673
f 3240/63/5673 3221/63/5673 3209/60/5673
f 3212/35/5675 3254/35/5676 3253/37/5676
f 3253/37/5676 3223/37/5675 3212/35/5675
f 3217/7/5677 3235/7/5678 3264/10/5678
f 3264/10/5678 3225/10/5679 3217/7/5677
f 3221/63/5680 3240/63/5680 3239/65/5681
f 3239/65/5681 3228/65/5682 3221/63/5680
f 3223/37/5683 3253/37/5684 3252/39/5684
f 3252/39/5684 3230/39/5684 3223/37/5683
f 3225/10/5685 3264/10/5686 3204/12/5686
f 3204/12/5686 3203/12/5685 3225/10/5685
f 3228/65/5687 3239/65/5688 3238/66/5689
f 3238/66/5689 3234/66/5689 3228/65/5687
f 3230/39/5690 3252/39/5691 3251/41/5691
f 3251/41/5691 3208/41/5690 3230/39/5690
f 3265/7/5692 3266/8/5693 3267/9/5694
f 3267/9/5694 3268/6/5693 3265/7/5692
f 3269/11/5695 3266/8/5695 3265/7/5695
f 3265/7/5695 3270/10/5695 3269/11/5695
f 3271/12/5696 3272/13/5696 3269/11/5696
f 3269/11/5696 3270/10/5696 3271/12/5696
f 3273/15/5697 3272/13/5697 3271/12/5697
f 3271/12/5697 3274/14/5697 3273/15/5697
f 3275/16/5698 3276/17/5698 3273/15/5698
f 3273/15/5698 3274/14/5698 3275/16/5698
f 3277/18/5699 3276/17/5699 3275/16/5699
f 3275/16/5699 3278/19/5699 3277/18/5699
f 3279/20/5700 3277/18/5700 3278/19/5700
f 3278/19/5700 3280/21/5700 3279/20/5700
f 3281/22/5701 3282/23/5701 3279/20/5701
f 3279/20/5701 3280/21/5701 3281/22/5701
f 3283/24/5702 3282/23/5702 3281/22/5702
f 3281/22/5702 3284/25/5702 3283/24/5702
f 3285/27/5703 3286/26/5703 3283/24/5703
f 3283/24/5703 3284/25/5704 3285/27/5703
f 3287/29/5705 3288/28/5705 3286/26/5705
f 3286/26/5705 3285/27/5706 3287/29/5705
f 3289/31/5707 3288/28/5707 3287/29/5708
f 3287/29/5708 3290/30/5708 3289/31/5707
f 3291/33/5709 3292/32/5709 3289/31/5709
f 3289/31/5709 3290/30/5709 3291/33/5709
f 3293/35/5710 3294/34/5710 3292/32/5710
f 3292/32/5710 3291/33/5710 3293/35/5710
f 3295/36/5711 3294/34/5711 3293/35/5712
f 3293/35/5712 3296/37/5712 3295/36/5711
f 3296/37/5713 3297/39/5713 3298/38/5713
f 3298/38/5713 3295/36/5713 3296/37/5713
f 3299/41/5714 3300/40/5715 3298/38/5715
f 3298/38/5715 3297/39/5716 3299/41/5714
f 3301/42/5717 3300/40/5717 3299/41/5717
f 3299/41/5717 3302/43/5717 3301/42/5717
f 3303/44/5718 3301/42/5718 3302/43/5718
f 3302/43/5718 3304/45/5718 3303/44/5718
f 3305/46/5719 3306/47/5719 3303/44/5719
f 3303/44/5719 3304/45/5719 3305/46/5719
f 3307/49/5720 3306/47/5720 3305/46/5720
f 3305/46/5720 3308/48/5720 3307/49/5720
f 3309/51/5721 3310/50/5721 3307/49/5721
f 3307/49/5721 3308/48/5721 3309/51/5721
f 3311/53/5722 3312/52/5722 3310/50/5722
f 3310/50/5722 3309/51/5722 3311/53/5722
f 3313/55/5723 3312/52/5723 3311/53/5723
f 3311/53/5723 3314/54/5723 3313/55/5723
f 3315/57/5724 3313/55/5724 3314/54/5724
f 3314/54/5724 3316/56/5724 3315/57/5724
f 3317/59/5725 3318/58/5726 3315/57/5726
f 3315/57/5726 3316/56/5725 3317/59/5725
f 3319/61/5727 3318/58/5727 3317/59/5727
f 3317/59/5727 3320/60/5727 3319/61/5727
f 3321/63/5728 3322/62/5728 3319/61/5728
f 3319/61/5728 3320/60/5728 3321/63/5728
f 3323/65/5729 3324/64/5729 3322/62/5729
f 3322/62/5729 3321/63/5729 3323/65/5729
f 3325/67/5730 3324/64/5730 3323/65/5730
f 3323/65/5730 3326/66/5730 3325/67/5730
f 3327/25/5731 3284/25/5732 3281/22/5732
f 3281/22/5732 3328/22/5731 3327/25/5731
f 3329/68/5733 3330/69/5734 3325/67/5734
f 3325/67/5734 3326/66/5733 3329/68/5733
f 3329/68/5735 3268/70/5736 3267/71/5737
f 3267/71/5737 3330/69/5738 3329/68/5735
f 3267/102/5550 3266/72/5550 3269/73/5550
f 3269/73/5550 3272/74/5550 3273/75/5550
f 3267/102/5550 3269/73/5550 3273/75/5550
f 3276/76/5550 3277/77/5552 3279/78/5550
f 3273/75/5550 3276/76/5550 3279/78/5550
f 3273/75/5550 3279/78/5550 3282/79/5550
f 3282/79/5550 3283/80/5552 3286/81/5550
f 3273/75/5550 3282/79/5550 3286/81/5550
f 3273/75/5550 3286/81/5550 3288/82/5550
f 3288/82/5550 3289/83/5739 3292/84/5550
f 3273/75/5550 3288/82/5550 3292/84/5550
f 3273/75/5550 3292/84/5550 3294/85/5550
f 3294/85/5550 3295/86/5739 3298/87/5550
f 3273/75/5550 3294/85/5550 3298/87/5550
f 3273/75/5550 3298/87/5550 3300/88/5550
f 3300/88/5550 3301/89/5555 3303/90/5550
f 3273/75/5550 3300/88/5550 3303/90/5550
f 3273/75/5550 3303/90/5550 3306/91/5550
f 3306/91/5550 3307/92/5550 3310/93/5550
f 3273/75/5550 3306/91/5550 3310/93/5550
f 3273/75/5550 3310/93/5550 3312/94/5550
f 3312/94/5550 3313/95/5550 3315/96/5550
f 3273/75/5550 3312/94/5550 3315/96/5550
f 3273/75/5550 3315/96/5550 3318/97/5550
f 3318/97/5550 3319/98/5550 3322/99/5550
f 3273/75/5550 3318/97/5550 3322/99/5550
f 3273/75/5550 3322/99/5550 3324/100/5550
f 3267/102/5550 3273/75/5550 3324/100/5550
f 3267/102/5550 3324/100/5550 3325/101/5555
f 3267/102/5550 3325/101/5555 3330/103/5554
f 3331/14/5740 3332/12/5740 3333/12/5741
f 3333/12/5741 3334/14/5742 3331/14/5740
f 3335/43/5743 3302/43/5743 3299/41/5743
f 3299/41/5743 3336/41/5743 3335/43/5743
f 3337/60/5744 3320/60/5745 3317/59/5745
f 3317/59/5745 3338/59/5744 3337/60/5744
f 3274/14/5746 3331/14/5746 3339/16/5746
f 3339/16/5746 3275/16/5746 3274/14/5746
f 3291/33/5747 3340/33/5747 3341/35/5747
f 3341/35/5747 3293/35/5748 3291/33/5747
f 3311/53/5749 3309/51/5749 3342/51/5749
f 3342/51/5749 3343/53/5749 3311/53/5749
f 3268/6/5750 3344/6/5750 3345/7/5750
f 3345/7/5750 3265/7/5750 3268/6/5750
f 3268/70/5751 3329/68/5751 3346/68/5752
f 3346/68/5752 3344/70/5753 3268/70/5751
f 3327/25/5754 3347/27/5755 3285/27/5755
f 3285/27/5755 3284/25/5755 3327/25/5754
f 3335/43/5756 3348/45/5756 3304/45/5756
f 3304/45/5756 3302/43/5757 3335/43/5756
f 3337/60/5758 3349/63/5758 3321/63/5759
f 3321/63/5759 3320/60/5759 3337/60/5758
f 3350/19/5760 3278/19/5760 3275/16/5760
f 3275/16/5760 3339/16/5760 3350/19/5760
f 3351/37/5761 3296/37/5761 3293/35/5761
f 3293/35/5761 3341/35/5761 3351/37/5761
f 3352/54/5762 3314/54/5763 3311/53/5763
f 3311/53/5763 3343/53/5762 3352/54/5762
f 3353/10/5764 3270/10/5764 3265/7/5764
f 3265/7/5764 3345/7/5764 3353/10/5764
f 3285/27/5765 3347/27/5765 3354/29/5765
f 3354/29/5765 3287/29/5765 3285/27/5765
f 3305/46/5766 3304/45/5766 3348/45/5767
f 3348/45/5767 3355/46/5767 3305/46/5766
f 3323/65/5768 3321/63/5769 3349/63/5768
f 3349/63/5768 3356/65/5768 3323/65/5768
f 3350/19/5770 3357/21/5771 3280/21/5772
f 3280/21/5772 3278/19/5773 3350/19/5770
f 3351/37/5774 3358/39/5774 3297/39/5775
f 3297/39/5775 3296/37/5775 3351/37/5774
f 3352/54/5776 3359/56/5776 3316/56/5776
f 3316/56/5776 3314/54/5776 3352/54/5776
f 3270/10/5777 3353/10/5777 3332/12/5777
f 3332/12/5777 3271/12/5777 3270/10/5777
f 3360/30/5778 3290/30/5779 3287/29/5779
f 3287/29/5779 3354/29/5778 3360/30/5778
f 3361/48/5780 3308/48/5780 3305/46/5780
f 3305/46/5780 3355/46/5780 3361/48/5780
f 3362/66/5781 3326/66/5782 3323/65/5782
f 3323/65/5782 3356/65/5781 3362/66/5781
f 3280/21/5783 3357/21/5783 3328/22/5783
f 3328/22/5783 3281/22/5783 3280/21/5783
f 3297/39/5784 3358/39/5785 3336/41/5785
f 3336/41/5785 3299/41/5784 3297/39/5784
f 3317/59/5786 3316/56/5786 3359/56/5786
f 3359/56/5786 3338/59/5786 3317/59/5786
f 3331/14/5787 3274/14/5787 3271/12/5787
f 3271/12/5787 3332/12/5788 3331/14/5787
f 3360/30/5789 3340/33/5789 3291/33/5789
f 3291/33/5789 3290/30/5789 3360/30/5789
f 3361/48/5790 3342/51/5790 3309/51/5791
f 3309/51/5791 3308/48/5791 3361/48/5790
f 3362/66/5792 3346/68/5793 3329/68/5792
f 3329/68/5792 3326/66/5794 3362/66/5792
f 3363/106/5795 3364/107/5796 3365/108/5797
f 3363/106/5795 3365/108/5797 3366/109/5798
f 3366/109/5798 3367/110/5799 3368/111/5800
f 3363/106/5795 3366/109/5798 3368/111/5800
f 3363/106/5795 3368/111/5800 3369/112/5795
f 3369/112/5795 3370/113/5801 3371/114/5795
f 3363/106/5795 3369/112/5795 3371/114/5795
f 3363/106/5795 3371/114/5795 3372/115/5795
f 3372/115/5795 3373/116/5802 3374/117/5795
f 3363/106/5795 3372/115/5795 3374/117/5795
f 3363/106/5795 3374/117/5795 3375/118/5795
f 3375/118/5795 3376/119/5803 3377/120/5795
f 3363/106/5795 3375/118/5795 3377/120/5795
f 3363/106/5795 3377/120/5795 3378/121/5795
f 3378/121/5795 3379/122/5802 3380/123/5795
f 3363/106/5795 3378/121/5795 3380/123/5795
f 3363/106/5795 3380/123/5795 3381/124/5800
f 3381/124/5800 3382/125/5804 3383/126/5800
f 3363/106/5795 3381/124/5800 3383/126/5800
f 3363/106/5795 3383/126/5800 3384/127/5795
f 3384/127/5795 3385/128/5805 3386/129/5795
f 3363/106/5795 3384/127/5795 3386/129/5795
f 3386/129/5795 3387/130/5802 3388/131/5795
f 3386/129/5795 3388/131/5795 3389/132/5795
f 3363/106/5795 3386/129/5795 3389/132/5795
f 3363/106/5795 3389/132/5795 3334/133/5806
f 3334/133/5806 3333/134/5797 3390/135/5795
f 3363/106/5795 3334/133/5806 3390/135/5795
f 3391/105/5795 3363/106/5795 3390/135/5795
f 3392/104/5798 3391/105/5795 3390/135/5795
f 3346/68/5807 3362/66/5807 3364/66/5808
f 3364/66/5808 3363/68/5809 3346/68/5807
f 3377/41/5810 3376/43/5811 3335/43/5812
f 3335/43/5812 3336/41/5811 3377/41/5810
f 3339/16/5813 3331/14/5813 3334/14/5813
f 3334/14/5813 3389/16/5814 3339/16/5813
f 3344/70/5815 3346/68/5815 3363/68/5816
f 3363/68/5816 3391/70/5817 3344/70/5815
f 3348/45/5818 3335/43/5819 3376/43/5820
f 3376/43/5820 3375/45/5821 3348/45/5818
f 3388/19/5822 3350/19/5823 3339/16/5823
f 3339/16/5823 3389/16/5822 3388/19/5822
f 3355/46/5824 3348/45/5825 3375/45/5826
f 3375/45/5826 3374/46/5827 3355/46/5824
f 3357/21/5828 3350/19/5829 3388/19/5828
f 3388/19/5828 3387/21/5828 3357/21/5828
f 3374/46/5830 3373/48/5831 3361/48/5830
f 3361/48/5830 3355/46/5832 3374/46/5830
f 3328/22/5833 3357/21/5834 3387/21/5834
f 3387/21/5834 3386/22/5833 3328/22/5833
f 3342/51/5835 3361/48/5836 3373/48/5836
f 3373/48/5836 3372/51/5836 3342/51/5835
f 3386/22/5837 3385/25/5838 3327/25/5839
f 3327/25/5839 3328/22/5839 3386/22/5837
f 3343/53/5840 3342/51/5840 3372/51/5840
f 3372/51/5840 3371/53/5840 3343/53/5840
f 3347/27/5841 3327/25/5841 3385/25/5841
f 3385/25/5841 3384/27/5841 3347/27/5841
f 3371/53/5842 3370/54/5842 3352/54/5843
f 3352/54/5843 3343/53/5843 3371/53/5842
f 3354/29/5844 3347/27/5845 3384/27/5846
f 3384/27/5846 3383/29/5846 3354/29/5844
f 3359/56/5847 3352/54/5847 3370/54/5847
f 3370/54/5847 3369/56/5847 3359/56/5847
f 3383/29/5848 3382/30/5849 3360/30/5850
f 3360/30/5850 3354/29/5850 3383/29/5848
f 3338/59/5851 3359/56/5851 3369/56/5851
f 3369/56/5851 3368/59/5851 3338/59/5851
f 3340/33/5852 3360/30/5852 3382/30/5853
f 3382/30/5853 3381/33/5854 3340/33/5852
f 3368/59/5855 3367/60/5856 3337/60/5856
f 3337/60/5856 3338/59/5857 3368/59/5855
f 3341/35/5858 3340/33/5858 3381/33/5858
f 3381/33/5858 3380/35/5858 3341/35/5858
f 3344/6/5859 3391/6/5860 3392/7/5861
f 3392/7/5861 3345/7/5862 3344/6/5859
f 3349/63/5863 3337/60/5863 3367/60/5864
f 3367/60/5864 3366/63/5864 3349/63/5863
f 3380/35/5865 3379/37/5866 3351/37/5867
f 3351/37/5867 3341/35/5868 3380/35/5865
f 3390/10/5869 3353/10/5870 3345/7/5870
f 3345/7/5870 3392/7/5869 3390/10/5869
f 3356/65/5871 3349/63/5872 3366/63/5873
f 3366/63/5873 3365/65/5874 3356/65/5871
f 3358/39/5875 3351/37/5875 3379/37/5876
f 3379/37/5876 3378/39/5877 3358/39/5875
f 3333/12/5878 3332/12/5878 3353/10/5878
f 3353/10/5878 3390/10/5878 3333/12/5878
f 3365/65/5879 3364/66/5879 3362/66/5879
f 3362/66/5879 3356/65/5880 3365/65/5879
f 3336/41/5881 3358/39/5882 3378/39/5883
f 3378/39/5883 3377/41/5884 3336/41/5881
f 3393/7/5885 3394/8/5885 3395/9/5885
f 3395/9/5885 3396/6/5885 3393/7/5885
f 3397/11/5886 3394/8/5886 3393/7/5886
f 3393/7/5886 3398/10/5886 3397/11/5886
f 3399/12/5887 3400/13/5888 3397/11/5888
f 3397/11/5888 3398/10/5887 3399/12/5887
f 3401/14/5889 3402/15/5890 3400/13/5890
f 3400/13/5890 3399/12/5889 3401/14/5889
f 3403/17/5891 3402/15/5891 3401/14/5892
f 3401/14/5892 3404/16/5892 3403/17/5891
f 3405/19/5893 3406/18/5893 3403/17/5894
f 3403/17/5894 3404/16/5895 3405/19/5893
f 3407/21/5896 3408/20/5897 3406/18/5896
f 3406/18/5896 3405/19/5896 3407/21/5896
f 3409/23/5898 3408/20/5898 3407/21/5898
f 3407/21/5898 3410/22/5898 3409/23/5898
f 3411/25/5899 3412/24/5899 3409/23/5899
f 3409/23/5899 3410/22/5899 3411/25/5899
f 3413/27/5900 3414/26/5900 3412/24/5900
f 3412/24/5900 3411/25/5900 3413/27/5900
f 3415/28/5901 3414/26/5901 3413/27/5901
f 3413/27/5901 3416/29/5901 3415/28/5901
f 3417/30/5902 3418/31/5902 3415/28/5902
f 3415/28/5902 3416/29/5902 3417/30/5902
f 3419/33/5903 3420/32/5903 3418/31/5903
f 3418/31/5903 3417/30/5903 3419/33/5903
f 3421/34/5904 3420/32/5904 3419/33/5905
f 3419/33/5905 3422/35/5904 3421/34/5904
f 3423/36/5906 3421/34/5906 3422/35/5906
f 3422/35/5906 3424/37/5907 3423/36/5906
f 3425/39/5908 3426/38/5909 3423/36/5909
f 3423/36/5909 3424/37/5909 3425/39/5908
f 3427/40/5910 3426/38/5910 3425/39/5911
f 3425/39/5911 3428/41/5912 3427/40/5910
f 3429/42/5913 3427/40/5913 3428/41/5913
f 3428/41/5913 3430/43/5913 3429/42/5913
f 3431/45/5914 3432/44/5915 3429/42/5915
f 3429/42/5915 3430/43/5914 3431/45/5914
f 3433/47/5916 3432/44/5916 3431/45/5917
f 3431/45/5917 3434/46/5918 3433/47/5916
f 3435/48/5919 3436/49/5919 3433/47/5919
f 3433/47/5919 3434/46/5919 3435/48/5919
f 3437/51/5920 3438/50/5920 3436/49/5920
f 3436/49/5920 3435/48/5921 3437/51/5920
f 3439/52/5922 3438/50/5922 3437/51/5922
f 3437/51/5922 3440/53/5922 3439/52/5922
f 3441/55/5923 3439/52/5923 3440/53/5923
f 3440/53/5923 3442/54/5923 3441/55/5923
f 3443/56/5924 3444/57/5924 3441/55/5924
f 3441/55/5924 3442/54/5924 3443/56/5924
f 3445/58/5925 3444/57/5925 3443/56/5925
f 3443/56/5925 3446/59/5925 3445/58/5925
f 3447/60/5926 3448/61/5926 3445/58/5926
f 3445/58/5926 3446/59/5926 3447/60/5926
f 3449/63/5927 3450/62/5928 3448/61/5928
f 3448/61/5928 3447/60/5929 3449/63/5927
f 3451/64/5930 3450/62/5930 3449/63/5930
f 3449/63/5930 3452/65/5930 3451/64/5930
f 3453/66/5931 3454/67/5932 3451/64/5932
f 3451/64/5932 3452/65/5932 3453/66/5931
f 3410/22/5933 3455/22/5934 3456/25/5934
f 3456/25/5934 3411/25/5933 3410/22/5933
f 3457/68/5935 3458/69/5935 3454/67/5935
f 3454/67/5935 3453/66/5935 3457/68/5935
f 3457/68/5936 3396/70/5936 3395/71/5937
f 3395/71/5937 3458/69/5937 3457/68/5936
f 3394/72/5550 3397/73/5554 3400/74/5550
f 3395/102/5550 3394/72/5550 3400/74/5550
f 3395/102/5550 3400/74/5550 3402/75/5550
f 3402/75/5550 3403/76/5552 3406/77/5550
f 3395/102/5550 3402/75/5550 3406/77/5550
f 3395/102/5550 3406/77/5550 3408/78/5550
f 3408/78/5550 3409/79/5550 3412/80/5550
f 3395/102/5550 3408/78/5550 3412/80/5550
f 3395/102/5550 3412/80/5550 3414/81/5550
f 3414/81/5550 3415/82/5550 3418/83/5550
f 3395/102/5550 3414/81/5550 3418/83/5550
f 3395/102/5550 3418/83/5550 3420/84/5550
f 3420/84/5550 3421/85/5551 3423/86/5550
f 3395/102/5550 3420/84/5550 3423/86/5550
f 3395/102/5550 3423/86/5550 3426/87/5550
f 3426/87/5550 3427/88/5550 3429/89/5550
f 3395/102/5550 3426/87/5550 3429/89/5550
f 3395/102/5550 3429/89/5550 3432/90/5550
f 3432/90/5550 3433/91/5550 3436/92/5550
f 3395/102/5550 3432/90/5550 3436/92/5550
f 3395/102/5550 3436/92/5550 3438/93/5550
f 3438/93/5550 3439/94/5550 3441/95/5550
f 3395/102/5550 3438/93/5550 3441/95/5550
f 3395/102/5550 3441/95/5550 3444/96/5550
f 3444/96/5550 3445/97/5739 3448/98/5550
f 3395/102/5550 3444/96/5550 3448/98/5550
f 3395/102/5550 3448/98/5550 3450/99/5550
f 3450/99/5550 3451/100/5550 3454/101/5552
f 3395/102/5550 3450/99/5550 3454/101/5552
f 3395/102/5550 3454/101/5552 3458/103/5551
f 3459/12/5938 3460/12/5939 3461/14/5939
f 3461/14/5939 3462/14/5938 3459/12/5938
f 3463/43/5940 3430/43/5941 3428/41/5941
f 3428/41/5941 3464/41/5941 3463/43/5940
f 3465/60/5942 3447/60/5943 3446/59/5943
f 3446/59/5943 3466/59/5942 3465/60/5942
f 3401/14/5944 3462/14/5945 3467/16/5944
f 3467/16/5944 3404/16/5944 3401/14/5944
f 3422/35/5946 3419/33/5946 3468/33/5946
f 3468/33/5946 3469/35/5946 3422/35/5946
f 3440/53/5947 3437/51/5947 3470/51/5947
f 3470/51/5947 3471/53/5947 3440/53/5947
f 3472/7/5948 3393/7/5948 3396/6/5948
f 3396/6/5948 3473/6/5948 3472/7/5948
f 3474/68/5949 3473/70/5949 3396/70/5949
f 3396/70/5949 3457/68/5949 3474/68/5949
f 3411/25/5950 3456/25/5951 3475/27/5951
f 3475/27/5951 3413/27/5950 3411/25/5950
f 3476/45/5952 3431/45/5952 3430/43/5952
f 3430/43/5952 3463/43/5952 3476/45/5952
f 3477/63/5953 3449/63/5953 3447/60/5954
f 3447/60/5954 3465/60/5953 3477/63/5953
f 3404/16/5955 3467/16/5955 3478/19/5955
f 3478/19/5955 3405/19/5955 3404/16/5955
f 3479/37/5956 3424/37/5957 3422/35/5958
f 3422/35/5958 3469/35/5959 3479/37/5956
f 3480/54/5960 3442/54/5961 3440/53/5961
f 3440/53/5961 3471/53/5960 3480/54/5960
f 3393/7/5962 3472/7/5962 3481/10/5962
f 3481/10/5962 3398/10/5962 3393/7/5962
f 3475/27/5963 3482/29/5963 3416/29/5963
f 3416/29/5963 3413/27/5963 3475/27/5963
f 3434/46/5964 3431/45/5965 3476/45/5966
f 3476/45/5966 3483/46/5966 3434/46/5964
f 3452/65/5967 3449/63/5968 3477/63/5967
f 3477/63/5967 3484/65/5967 3452/65/5967
f 3405/19/5969 3478/19/5970 3485/21/5969
f 3485/21/5969 3407/21/5969 3405/19/5969
f 3486/39/5971 3425/39/5971 3424/37/5971
f 3424/37/5971 3479/37/5971 3486/39/5971
f 3487/56/5972 3443/56/5972 3442/54/5972
f 3442/54/5972 3480/54/5972 3487/56/5972
f 3398/10/5973 3481/10/5974 3459/12/5974
f 3459/12/5974 3399/12/5973 3398/10/5973
f 3482/29/5975 3488/30/5975 3417/30/5976
f 3417/30/5976 3416/29/5976 3482/29/5975
f 3489/48/5977 3435/48/5978 3434/46/5979
f 3434/46/5979 3483/46/5977 3489/48/5977
f 3490/66/5980 3453/66/5980 3452/65/5980
f 3452/65/5980 3484/65/5980 3490/66/5980
f 3407/21/5981 3485/21/5981 3455/22/5981
f 3455/22/5981 3410/22/5981 3407/21/5981
f 3428/41/5982 3425/39/5982 3486/39/5983
f 3486/39/5983 3464/41/5983 3428/41/5982
f 3446/59/5984 3443/56/5984 3487/56/5984
f 3487/56/5984 3466/59/5984 3446/59/5984
f 3399/12/5985 3459/12/5986 3462/14/5985
f 3462/14/5985 3401/14/5985 3399/12/5985
f 3419/33/5987 3417/30/5987 3488/30/5987
f 3488/30/5987 3468/33/5987 3419/33/5987
f 3470/51/5988 3437/51/5988 3435/48/5988
f 3435/48/5988 3489/48/5989 3470/51/5988
f 3474/68/5990 3457/68/5991 3453/66/5990
f 3453/66/5990 3490/66/5990 3474/68/5990
f 3491/104/5992 3492/105/5993 3493/106/5994
f 3493/106/5994 3494/107/5995 3495/108/5992
f 3491/104/5992 3493/106/5994 3495/108/5992
f 3496/109/5996 3497/110/5997 3498/111/5992
f 3495/108/5992 3496/109/5996 3498/111/5992
f 3491/104/5992 3495/108/5992 3498/111/5992
f 3499/112/5998 3500/113/5996 3501/114/5992
f 3498/111/5992 3499/112/5998 3501/114/5992
f 3502/115/5992 3503/116/5999 3504/117/5992
f 3501/114/5992 3502/115/5992 3504/117/5992
f 3498/111/5992 3501/114/5992 3504/117/5992
f 3491/104/5992 3498/111/5992 3504/117/5992
f 3505/118/5994 3506/119/5994 3507/120/5992
f 3504/117/5992 3505/118/5994 3507/120/5992
f 3508/121/5992 3509/122/6000 3510/123/5992
f 3507/120/5992 3508/121/5992 3510/123/5992
f 3504/117/5992 3507/120/5992 3510/123/5992
f 3511/124/5992 3512/125/6001 3513/126/5992
f 3510/123/5992 3511/124/5992 3513/126/5992
f 3514/127/6002 3515/128/5997 3516/129/5992
f 3513/126/5992 3514/127/6002 3516/129/5992
f 3510/123/5992 3513/126/5992 3516/129/5992
f 3504/117/5992 3510/123/5992 3516/129/5992
f 3491/104/5992 3504/117/5992 3516/129/5992
f 3517/130/5996 3518/131/5994 3519/132/5992
f 3516/129/5992 3517/130/5996 3519/132/5992
f 3461/133/6003 3460/134/6004 3520/135/5992
f 3519/132/5992 3461/133/6003 3520/135/5992
f 3516/129/5992 3519/132/5992 3520/135/5992
f 3491/104/5992 3516/129/5992 3520/135/5992
f 3490/66/6005 3494/66/6006 3493/68/6005
f 3493/68/6005 3474/68/6005 3490/66/6005
f 3463/43/6007 3464/41/6007 3507/41/6008
f 3507/41/6008 3506/43/6009 3463/43/6007
f 3519/16/6010 3467/16/6011 3462/14/6011
f 3462/14/6011 3461/14/6010 3519/16/6010
f 3493/68/6012 3492/70/6013 3473/70/6014
f 3473/70/6014 3474/68/6014 3493/68/6012
f 3463/43/6015 3506/43/6015 3505/45/6016
f 3505/45/6016 3476/45/6017 3463/43/6015
f 3478/19/6018 3467/16/6019 3519/16/6019
f 3519/16/6019 3518/19/6018 3478/19/6018
f 3504/46/6020 3483/46/6021 3476/45/6021
f 3476/45/6021 3505/45/6021 3504/46/6020
f 3478/19/6022 3518/19/6023 3517/21/6023
f 3517/21/6023 3485/21/6023 3478/19/6022
f 3489/48/6024 3483/46/6025 3504/46/6026
f 3504/46/6026 3503/48/6027 3489/48/6024
f 3516/22/6028 3455/22/6029 3485/21/6030
f 3485/21/6030 3517/21/6030 3516/22/6028
f 3489/48/6031 3503/48/6032 3502/51/6031
f 3502/51/6031 3470/51/6031 3489/48/6031
f 3456/25/6033 3455/22/6033 3516/22/6034
f 3516/22/6034 3515/25/6035 3456/25/6033
f 3501/53/6036 3471/53/6037 3470/51/6036
f 3470/51/6036 3502/51/6038 3501/53/6036
f 3456/25/6039 3515/25/6040 3514/27/6040
f 3514/27/6040 3475/27/6039 3456/25/6039
f 3480/54/6041 3471/53/6041 3501/53/6042
f 3501/53/6042 3500/54/6042 3480/54/6041
f 3475/27/6043 3514/27/6044 3513/29/6044
f 3513/29/6044 3482/29/6043 3475/27/6043
f 3480/54/6045 3500/54/6045 3499/56/6045
f 3499/56/6045 3487/56/6045 3480/54/6045
f 3513/29/6046 3512/30/6047 3488/30/6048
f 3488/30/6048 3482/29/6049 3513/29/6046
f 3498/59/6050 3466/59/6050 3487/56/6050
f 3487/56/6050 3499/56/6051 3498/59/6050
f 3511/33/6052 3468/33/6053 3488/30/6053
f 3488/30/6053 3512/30/6052 3511/33/6052
f 3465/60/6054 3466/59/6054 3498/59/6055
f 3498/59/6055 3497/60/6055 3465/60/6054
f 3510/35/6056 3469/35/6056 3468/33/6056
f 3468/33/6056 3511/33/6057 3510/35/6056
f 3472/7/6058 3473/6/6058 3492/6/6059
f 3492/6/6059 3491/7/6059 3472/7/6058
f 3465/60/6060 3497/60/6061 3496/63/6061
f 3496/63/6061 3477/63/6062 3465/60/6060
f 3479/37/6063 3469/35/6063 3510/35/6064
f 3510/35/6064 3509/37/6065 3479/37/6063
f 3520/10/6066 3481/10/6067 3472/7/6067
f 3472/7/6067 3491/7/6068 3520/10/6066
f 3495/65/6069 3484/65/6069 3477/63/6070
f 3477/63/6070 3496/63/6070 3495/65/6069
f 3479/37/6071 3509/37/6071 3508/39/6071
f 3508/39/6071 3486/39/6071 3479/37/6071
f 3459/12/6072 3481/10/6073 3520/10/6073
f 3520/10/6073 3460/12/6073 3459/12/6072
f 3490/66/6074 3484/65/6075 3495/65/6076
f 3495/65/6076 3494/66/6074 3490/66/6074
f 3507/41/6077 3464/41/6078 3486/39/6078
f 3486/39/6078 3508/39/6079 3507/41/6077
