# Blender 4.3.2
# www.blender.org
mtllib pataizqtras.mtl
o C_rculo_002
v -0.251604 0.529563 -0.450946
v -0.249004 0.528063 -0.438646
v -0.230304 0.536063 -0.441146
v -0.232304 0.537763 -0.453546
v -0.211404 0.544063 -0.442646
v -0.212904 0.546063 -0.455046
v -0.232504 0.535164 -0.465846
v -0.252404 0.526663 -0.463246
v -0.212604 0.543664 -0.467446
v -0.267604 0.520163 -0.435146
v -0.263004 0.514463 -0.425046
v -0.244804 0.522164 -0.428446
v -0.226604 0.529963 -0.430846
v -0.208204 0.537763 -0.432346
v -0.189804 0.545663 -0.432846
v -0.192604 0.552163 -0.443146
v -0.193504 0.554363 -0.455546
v -0.192604 0.552163 -0.468046
v -0.210204 0.536963 -0.477746
v -0.189804 0.545663 -0.478346
v -0.230704 0.528263 -0.476146
v -0.251004 0.519563 -0.473446
v -0.271204 0.510963 -0.469646
v -0.272104 0.518263 -0.459546
v -0.270804 0.521363 -0.447346
v -0.224504 0.465964 -0.450946
v -0.205204 0.474163 -0.453546
v -0.205004 0.476864 -0.441146
v -0.223804 0.468864 -0.438646
v -0.227104 0.467464 -0.463246
v -0.207304 0.475863 -0.465846
v -0.185804 0.482464 -0.455046
v -0.186204 0.484864 -0.442646
v -0.187304 0.484363 -0.467446
v -0.242404 0.460964 -0.435146
v -0.225104 0.475964 -0.428446
v -0.243304 0.468164 -0.425046
v -0.243704 0.457763 -0.447346
v -0.246804 0.459063 -0.459546
v -0.251404 0.464764 -0.469646
v -0.231304 0.473364 -0.473446
v -0.211004 0.481964 -0.476146
v -0.190504 0.490663 -0.477746
v -0.167304 0.492963 -0.468046
v -0.170104 0.499463 -0.478346
v -0.166404 0.490763 -0.455546
v -0.167304 0.492963 -0.443146
v -0.188504 0.491563 -0.432346
v -0.170104 0.499463 -0.432846
v -0.206904 0.483763 -0.430846
v -0.299804 0.433864 -0.430446
v -0.281404 0.441764 -0.437046
v -0.279004 0.445264 -0.425146
v -0.296904 0.437663 -0.418746
v -0.304604 0.434364 -0.442146
v -0.285604 0.442464 -0.448946
v -0.262604 0.449664 -0.442646
v -0.260804 0.453064 -0.430646
v -0.266304 0.450663 -0.454746
v -0.296504 0.445563 -0.409046
v -0.313704 0.438164 -0.401846
v -0.314504 0.430164 -0.411346
v -0.318004 0.426063 -0.422846
v -0.323304 0.426363 -0.434246
v -0.329704 0.431363 -0.443846
v -0.310604 0.439464 -0.451846
v -0.291104 0.447763 -0.458846
v -0.271404 0.456163 -0.464746
v -0.261304 0.460563 -0.420646
v -0.279004 0.452964 -0.415246
v -0.370104 0.403863 -0.394346
v -0.353104 0.411163 -0.404746
v -0.348704 0.415563 -0.393746
v -0.365104 0.408564 -0.383646
v -0.376904 0.403564 -0.404946
v -0.359504 0.410963 -0.415746
v -0.335804 0.418564 -0.414246
v -0.331804 0.422763 -0.403046
v -0.341604 0.418564 -0.425446
v -0.363004 0.417164 -0.374846
v -0.378604 0.410563 -0.364146
v -0.381104 0.401763 -0.372646
v -0.386504 0.396863 -0.383046
v -0.393804 0.396364 -0.393346
v -0.401804 0.400664 -0.401946
v -0.384504 0.407964 -0.413846
v -0.366704 0.415563 -0.424746
v -0.348404 0.423363 -0.434746
v -0.330504 0.430964 -0.393646
v -0.347004 0.423963 -0.384646
v -0.432404 0.377263 -0.344046
v -0.417704 0.383564 -0.357846
v -0.411404 0.388863 -0.348246
v -0.425704 0.382764 -0.334846
v -0.441004 0.376164 -0.353246
v -0.425904 0.382664 -0.367446
v -0.402404 0.390163 -0.370846
v -0.396504 0.395163 -0.360846
v -0.410104 0.389363 -0.380846
v -0.422104 0.391964 -0.327146
v -0.435404 0.386264 -0.313346
v -0.439404 0.376964 -0.320646
v -0.446504 0.371264 -0.329446
v -0.455504 0.370063 -0.338246
v -0.450204 0.379964 -0.360846
v -0.465004 0.373663 -0.345546
v -0.434704 0.386563 -0.375446
v -0.418504 0.393464 -0.389046
v -0.393604 0.404063 -0.352546
v -0.408104 0.397963 -0.340246
v -0.484604 0.355063 -0.281446
v -0.472604 0.360163 -0.298146
v -0.464704 0.366064 -0.290246
v -0.476304 0.361164 -0.274046
v -0.494704 0.353364 -0.288846
v -0.482404 0.358563 -0.306046
v -0.459904 0.365564 -0.314146
v -0.452404 0.371364 -0.305746
v -0.469304 0.364164 -0.322446
v -0.471504 0.370863 -0.267946
v -0.482104 0.366363 -0.251546
v -0.487204 0.356563 -0.257246
v -0.495804 0.350264 -0.264146
v -0.506204 0.348364 -0.271046
v -0.516904 0.351563 -0.276846
v -0.505104 0.356563 -0.295046
v -0.492504 0.361964 -0.312546
v -0.479104 0.367664 -0.329446
v -0.448104 0.380863 -0.298846
v -0.460204 0.375763 -0.283746
v -0.524504 0.338064 -0.209046
v -0.515804 0.341764 -0.227946
v -0.506604 0.348264 -0.222046
v -0.515104 0.344664 -0.203746
v -0.535804 0.335763 -0.214346
v -0.526804 0.339664 -0.233746
v -0.506204 0.345863 -0.246346
v -0.497304 0.352163 -0.239946
v -0.516904 0.343864 -0.252746
v -0.509304 0.354764 -0.199346
v -0.516804 0.351564 -0.181046
v -0.522804 0.341363 -0.184946
v -0.532404 0.334664 -0.189746
v -0.543904 0.332364 -0.194446
v -0.555404 0.335164 -0.198446
v -0.547104 0.338663 -0.218746
v -0.537904 0.342564 -0.238646
v -0.527804 0.346864 -0.258046
v -0.492004 0.362163 -0.234646
v -0.501004 0.358264 -0.217246
v -0.550704 0.326863 -0.129546
v -0.545504 0.329063 -0.149946
v -0.535504 0.335964 -0.146346
v -0.540504 0.333764 -0.126546
v -0.562704 0.324364 -0.132546
v -0.557404 0.326564 -0.153546
v -0.539404 0.331664 -0.169946
v -0.529604 0.338463 -0.165846
v -0.551104 0.329264 -0.174146
v -0.534104 0.344163 -0.124046
v -0.538104 0.342464 -0.104446
v -0.544704 0.332063 -0.106446
v -0.555004 0.325064 -0.108946
v -0.567104 0.322464 -0.111346
v -0.579204 0.324964 -0.113346
v -0.574704 0.326863 -0.135046
v -0.569204 0.329264 -0.156546
v -0.562804 0.331963 -0.177646
v -0.523404 0.348764 -0.162346
v -0.529204 0.346263 -0.143346
v -0.562104 0.322064 -0.046046
v -0.560704 0.322663 -0.067146
v -0.550204 0.329664 -0.065846
v -0.551604 0.329063 -0.045446
v -0.574404 0.319364 -0.046646
v -0.573004 0.319964 -0.068346
v -0.558304 0.323664 -0.088046
v -0.547904 0.330664 -0.086246
v -0.570504 0.320964 -0.089946
v -0.544904 0.339564 -0.044946
v -0.545404 0.339364 -0.024846
v -0.552104 0.328864 -0.024846
v -0.562604 0.321863 -0.024846
v -0.574904 0.319164 -0.024846
v -0.586704 0.321764 -0.047146
v -0.587204 0.321564 -0.024846
v -0.585204 0.322464 -0.069346
v -0.582704 0.323463 -0.091446
v -0.541304 0.341164 -0.084746
v -0.543504 0.340164 -0.064846
v -0.558304 0.323664 0.038354
v -0.560704 0.322663 0.017354
v -0.550204 0.329664 0.016154
v -0.547904 0.330664 0.036454
v -0.570504 0.320964 0.040154
v -0.573004 0.319964 0.018554
v -0.562104 0.322064 -0.003746
v -0.551604 0.329063 -0.004346
v -0.574404 0.319364 -0.003146
v -0.541304 0.341164 0.034954
v -0.538104 0.342464 0.054754
v -0.544704 0.332063 0.056754
v -0.555004 0.325064 0.059154
v -0.567104 0.322464 0.061554
v -0.582704 0.323463 0.041654
v -0.579204 0.324964 0.063554
v -0.585204 0.322464 0.019554
v -0.586704 0.321764 -0.002646
v -0.544904 0.339564 -0.004846
v -0.543504 0.340164 0.015054
v -0.539404 0.331664 0.120254
v -0.545504 0.329063 0.100154
v -0.535504 0.335964 0.096554
v -0.529604 0.338463 0.116054
v -0.551104 0.329264 0.124454
v -0.557404 0.326564 0.103754
v -0.550704 0.326863 0.079754
v -0.540504 0.333764 0.076754
v -0.562704 0.324364 0.082754
v -0.523404 0.348764 0.112554
v -0.516804 0.351564 0.131254
v -0.522804 0.341363 0.135154
v -0.532404 0.334664 0.139954
v -0.543904 0.332364 0.144654
v -0.562804 0.331963 0.127854
v -0.555404 0.335164 0.148654
v -0.569204 0.329264 0.106754
v -0.574704 0.326863 0.085254
v -0.534104 0.344163 0.074254
v -0.529204 0.346263 0.093554
v -0.506204 0.345864 0.196554
v -0.515804 0.341764 0.178154
v -0.506604 0.348264 0.172254
v -0.497304 0.352163 0.190154
v -0.516904 0.343864 0.202954
v -0.526804 0.339664 0.184054
v -0.524504 0.338064 0.159254
v -0.515104 0.344664 0.153954
v -0.535804 0.335764 0.164554
v -0.492004 0.362163 0.184854
v -0.482104 0.366363 0.201754
v -0.487204 0.356564 0.207454
v -0.495804 0.350264 0.214354
v -0.506204 0.348364 0.221354
v -0.527804 0.346864 0.208254
v -0.516904 0.351564 0.227054
v -0.537904 0.342564 0.188854
v -0.547104 0.338664 0.168954
v -0.509304 0.354764 0.149554
v -0.501004 0.358264 0.167454
v -0.459904 0.365564 0.264354
v -0.472604 0.360164 0.248354
v -0.464704 0.366064 0.240454
v -0.452404 0.371364 0.256054
v -0.469304 0.364164 0.272754
v -0.482404 0.358564 0.256254
v -0.484604 0.355064 0.231654
v -0.476304 0.361164 0.224254
v -0.494704 0.353364 0.239054
v -0.448104 0.380864 0.249054
v -0.435404 0.386264 0.263554
v -0.439404 0.376964 0.270854
v -0.446504 0.371264 0.279654
v -0.455504 0.370064 0.288454
v -0.479104 0.367664 0.279654
v -0.465004 0.373664 0.295754
v -0.492504 0.361964 0.262754
v -0.505104 0.356564 0.245254
v -0.471504 0.370864 0.218154
v -0.460204 0.375764 0.233954
v -0.402404 0.390164 0.321054
v -0.417704 0.383564 0.308054
v -0.411404 0.388864 0.298454
v -0.396504 0.395164 0.311054
v -0.410104 0.389363 0.331054
v -0.425904 0.382664 0.317654
v -0.432404 0.377264 0.294254
v -0.425704 0.382764 0.285054
v -0.441004 0.376164 0.303454
v -0.393604 0.404064 0.302754
v -0.378604 0.410564 0.314354
v -0.381104 0.401764 0.322854
v -0.386504 0.396864 0.333254
v -0.393804 0.396364 0.343554
v -0.418504 0.393464 0.339354
v -0.401804 0.400664 0.352154
v -0.434704 0.386564 0.325654
v -0.450204 0.379964 0.311054
v -0.422104 0.391964 0.277354
v -0.408104 0.397963 0.290454
v -0.335804 0.418564 0.364454
v -0.353104 0.411164 0.354954
v -0.348704 0.415564 0.343954
v -0.331804 0.422764 0.353254
v -0.341604 0.418564 0.375754
v -0.359504 0.410964 0.365954
v -0.370104 0.403864 0.344554
v -0.365104 0.408564 0.333854
v -0.376904 0.403564 0.355254
v -0.330504 0.430964 0.343954
v -0.313704 0.438164 0.352054
v -0.314504 0.430164 0.361554
v -0.318004 0.426064 0.373054
v -0.323304 0.426364 0.384554
v -0.348404 0.423364 0.385054
v -0.329704 0.431364 0.394054
v -0.366704 0.415564 0.375054
v -0.384504 0.407964 0.364054
v -0.363004 0.417164 0.325054
v -0.347004 0.423964 0.334954
v -0.262604 0.449664 0.392954
v -0.281404 0.441764 0.387254
v -0.279004 0.445264 0.375354
v -0.260804 0.453064 0.380854
v -0.266304 0.450664 0.404954
v -0.285604 0.442464 0.399154
v -0.299804 0.433864 0.380654
v -0.296904 0.437664 0.368954
v -0.304604 0.434364 0.392354
v -0.261304 0.460564 0.370854
v -0.243304 0.468164 0.375254
v -0.242404 0.460964 0.385354
v -0.243704 0.457764 0.397554
v -0.246804 0.459064 0.409754
v -0.271404 0.456163 0.414954
v -0.251404 0.464764 0.419854
v -0.291104 0.447764 0.409054
v -0.310604 0.439464 0.402054
v -0.296504 0.445564 0.359254
v -0.279004 0.452964 0.365554
v -0.185804 0.482464 0.405254
v -0.205204 0.474164 0.403754
v -0.205004 0.476864 0.391354
v -0.186204 0.484864 0.392854
v -0.187304 0.484364 0.417754
v -0.207304 0.475864 0.416154
v -0.224504 0.465964 0.401154
v -0.223804 0.468864 0.388854
v -0.227104 0.467464 0.413454
v -0.188504 0.491563 0.382554
v -0.170104 0.499463 0.383054
v -0.167304 0.492964 0.393354
v -0.166404 0.490764 0.405854
v -0.167304 0.492964 0.418254
v -0.190504 0.490664 0.428054
v -0.170104 0.499464 0.428554
v -0.211004 0.481964 0.426354
v -0.231304 0.473364 0.423654
v -0.225104 0.475964 0.378654
v -0.206904 0.483764 0.381154
v -0.108204 0.515564 0.401154
v -0.127504 0.507364 0.403754
v -0.129604 0.508964 0.391354
v -0.110804 0.516964 0.388854
v -0.107504 0.518464 0.413454
v -0.127304 0.509964 0.416154
v -0.146904 0.499064 0.405254
v -0.148404 0.500964 0.392854
v -0.147304 0.501464 0.417754
v -0.115004 0.522864 0.378654
v -0.096904 0.530664 0.375254
v -0.092204 0.524964 0.385354
v -0.089104 0.523664 0.397554
v -0.087804 0.526864 0.409754
v -0.108904 0.525564 0.423654
v -0.088704 0.534164 0.419854
v -0.129204 0.516864 0.426354
v -0.149604 0.508164 0.428054
v -0.151704 0.507263 0.382554
v -0.133304 0.515063 0.381154
v -0.032904 0.547664 0.380654
v -0.051404 0.539764 0.387254
v -0.055604 0.540564 0.375354
v -0.037704 0.548163 0.368954
v -0.030004 0.551464 0.392354
v -0.049004 0.543364 0.399154
v -0.070104 0.531764 0.392954
v -0.073804 0.532764 0.380854
v -0.068204 0.535164 0.404954
v -0.043604 0.553364 0.359254
v -0.026504 0.560664 0.352054
v -0.020104 0.555664 0.361554
v -0.014804 0.555363 0.373054
v -0.011304 0.559464 0.384554
v -0.029504 0.559364 0.402054
v -0.010404 0.567464 0.394054
v -0.049004 0.551064 0.409054
v -0.068704 0.542664 0.414954
v -0.078904 0.538263 0.370854
v -0.061104 0.545864 0.365554
v 0.037296 0.577563 0.344554
v 0.020396 0.570364 0.354954
v 0.014096 0.570264 0.343954
v 0.030496 0.577264 0.333854
v 0.042296 0.582264 0.355254
v 0.024896 0.574863 0.365954
v 0.002996 0.562964 0.364454
v -0.002804 0.563064 0.353254
v 0.006996 0.567264 0.375754
v 0.022896 0.581664 0.325054
v 0.038396 0.588363 0.314354
v 0.046496 0.584063 0.322854
v 0.053696 0.584564 0.333254
v 0.059196 0.589464 0.343554
v 0.044396 0.590864 0.364054
v 0.061696 0.598264 0.352154
v 0.026596 0.583264 0.375054
v 0.008296 0.575463 0.385054
v -0.009604 0.567864 0.343954
v 0.006796 0.574863 0.334954
v 0.099696 0.604163 0.294254
v 0.084996 0.597964 0.308054
v 0.076796 0.596963 0.298454
v 0.091096 0.603064 0.285054
v 0.106496 0.609664 0.303454
v 0.091296 0.603164 0.317654
v 0.069596 0.591363 0.321054
v 0.061896 0.590663 0.311054
v 0.075496 0.596464 0.331054
v 0.081996 0.606864 0.277354
v 0.095296 0.612564 0.263554
v 0.104796 0.608964 0.270854
v 0.113796 0.610164 0.279654
v 0.120896 0.615864 0.288454
v 0.109996 0.618864 0.311054
v 0.124896 0.625163 0.295754
v 0.094496 0.612264 0.325654
v 0.078396 0.605364 0.339354
v 0.053496 0.594764 0.302754
v 0.067996 0.600964 0.290454
v 0.151896 0.626463 0.231654
v 0.139896 0.621364 0.248354
v 0.130096 0.619764 0.240454
v 0.141696 0.624664 0.224254
v 0.160096 0.632564 0.239054
v 0.147796 0.627263 0.256254
v 0.127196 0.615964 0.264354
v 0.117796 0.614464 0.256054
v 0.134696 0.621664 0.272754
v 0.131396 0.627963 0.218154
v 0.141996 0.632464 0.201754
v 0.152596 0.629363 0.207454
v 0.163096 0.631264 0.214454
v 0.171596 0.637464 0.221354
v 0.164996 0.642263 0.245254
v 0.176696 0.647263 0.227054
v 0.152396 0.636864 0.262754
v 0.138996 0.631164 0.279654
v 0.107996 0.617963 0.249054
v 0.119996 0.623164 0.233954
v 0.191796 0.643464 0.159254
v 0.182996 0.639764 0.178154
v 0.171996 0.637564 0.172254
v 0.180496 0.641264 0.153954
v 0.201196 0.650064 0.164554
v 0.192196 0.646164 0.184054
v 0.173496 0.635664 0.196554
v 0.162696 0.633663 0.190154
v 0.182296 0.641964 0.202954
v 0.169196 0.644064 0.149554
v 0.176696 0.647263 0.131254
v 0.188196 0.644463 0.135154
v 0.199696 0.646864 0.139954
v 0.209296 0.653464 0.144654
v 0.206996 0.660164 0.168954
v 0.215296 0.663763 0.148654
v 0.197796 0.656264 0.188854
v 0.187696 0.651964 0.208254
v 0.151796 0.636663 0.184854
v 0.160896 0.640564 0.167454
v 0.217996 0.654664 0.079754
v 0.212796 0.652363 0.100154
v 0.200896 0.649864 0.096554
v 0.205896 0.652064 0.076754
v 0.228096 0.661564 0.082754
v 0.222796 0.659264 0.103754
v 0.206696 0.649764 0.120254
v 0.194996 0.647363 0.116054
v 0.216496 0.656564 0.124454
v 0.193996 0.654664 0.074254
v 0.197996 0.656364 0.054754
v 0.210096 0.653863 0.056754
v 0.222196 0.656464 0.059154
v 0.232496 0.663364 0.061554
v 0.234496 0.671964 0.085254
v 0.238996 0.673863 0.063554
v 0.229096 0.669563 0.106754
v 0.222696 0.666864 0.127854
v 0.183296 0.650064 0.112554
v 0.189096 0.652564 0.093554
v 0.229296 0.659463 -0.003746
v 0.227896 0.658863 0.017354
v 0.215596 0.656164 0.016154
v 0.216996 0.656763 -0.004346
v 0.239796 0.666564 -0.003146
v 0.238396 0.665864 0.018554
v 0.225496 0.657864 0.038354
v 0.213296 0.655163 0.036454
v 0.235896 0.664864 0.040154
v 0.204796 0.659264 -0.004846
v 0.205196 0.659463 -0.024846
v 0.217496 0.656964 -0.024846
v 0.229796 0.659663 -0.024846
v 0.240296 0.666763 -0.024846
v 0.246496 0.677064 -0.002646
v 0.246996 0.677264 -0.024846
v 0.244996 0.676364 0.019554
v 0.242496 0.675363 0.041654
v 0.201196 0.657664 0.034954
v 0.203396 0.658664 0.015054
v 0.225496 0.657864 -0.088046
v 0.227896 0.658863 -0.067146
v 0.215596 0.656164 -0.065846
v 0.213296 0.655163 -0.086246
v 0.235896 0.664864 -0.089946
v 0.238396 0.665864 -0.068346
v 0.229296 0.659463 -0.046046
v 0.216996 0.656763 -0.045446
v 0.239796 0.666564 -0.046646
v 0.201196 0.657664 -0.084746
v 0.197996 0.656364 -0.104446
v 0.210096 0.653863 -0.106446
v 0.222196 0.656464 -0.108946
v 0.232496 0.663364 -0.111346
v 0.242496 0.675363 -0.091446
v 0.238996 0.673863 -0.113346
v 0.244996 0.676364 -0.069346
v 0.246496 0.677064 -0.047146
v 0.204796 0.659264 -0.044946
v 0.203396 0.658664 -0.064846
v 0.206696 0.649764 -0.169946
v 0.212796 0.652363 -0.149946
v 0.200896 0.649864 -0.146346
v 0.194996 0.647363 -0.165846
v 0.216496 0.656564 -0.174146
v 0.222796 0.659264 -0.153546
v 0.217996 0.654664 -0.129546
v 0.205896 0.652064 -0.126546
v 0.228096 0.661564 -0.132546
v 0.183296 0.650064 -0.162346
v 0.176696 0.647263 -0.181046
v 0.188196 0.644463 -0.184946
v 0.199696 0.646864 -0.189746
v 0.209296 0.653464 -0.194446
v 0.222696 0.666864 -0.177646
v 0.215296 0.663763 -0.198446
v 0.229096 0.669563 -0.156546
v 0.234496 0.671964 -0.135046
v 0.193996 0.654664 -0.124046
v 0.189096 0.652564 -0.143346
v 0.173496 0.635664 -0.246346
v 0.182996 0.639764 -0.227946
v 0.171996 0.637564 -0.222046
v 0.162696 0.633663 -0.239946
v 0.182296 0.641964 -0.252746
v 0.192196 0.646164 -0.233746
v 0.191796 0.643464 -0.209046
v 0.180496 0.641264 -0.203746
v 0.201196 0.650064 -0.214346
v 0.151796 0.636663 -0.234646
v 0.141996 0.632464 -0.251546
v 0.152596 0.629363 -0.257246
v 0.163096 0.631264 -0.264146
v 0.171596 0.637464 -0.271046
v 0.187696 0.651964 -0.258046
v 0.176696 0.647263 -0.276846
v 0.197796 0.656264 -0.238646
v 0.206996 0.660164 -0.218746
v 0.169196 0.644064 -0.199346
v 0.160896 0.640564 -0.217246
v 0.127196 0.615964 -0.314146
v 0.139896 0.621364 -0.298146
v 0.130096 0.619764 -0.290246
v 0.117796 0.614464 -0.305746
v 0.134696 0.621664 -0.322446
v 0.147796 0.627263 -0.306046
v 0.151896 0.626463 -0.281446
v 0.141696 0.624664 -0.274046
v 0.160096 0.632564 -0.288846
v 0.107996 0.617963 -0.298846
v 0.095296 0.612564 -0.313346
v 0.104796 0.608964 -0.320646
v 0.113796 0.610164 -0.329446
v 0.120896 0.615864 -0.338246
v 0.138996 0.631164 -0.329446
v 0.124896 0.625163 -0.345546
v 0.152396 0.636864 -0.312546
v 0.164996 0.642263 -0.295046
v 0.131396 0.627963 -0.267946
v 0.119996 0.623164 -0.283746
v 0.069596 0.591363 -0.370846
v 0.084996 0.597964 -0.357846
v 0.076796 0.596963 -0.348246
v 0.061896 0.590663 -0.360846
v 0.075496 0.596464 -0.380846
v 0.091296 0.603164 -0.367446
v 0.099696 0.604163 -0.344046
v 0.091096 0.603064 -0.334846
v 0.106496 0.609664 -0.353246
v 0.053496 0.594764 -0.352546
v 0.038396 0.588363 -0.364146
v 0.046496 0.584063 -0.372646
v 0.053696 0.584564 -0.383046
v 0.059196 0.589464 -0.393346
v 0.078396 0.605364 -0.389046
v 0.061696 0.598264 -0.401946
v 0.094496 0.612264 -0.375446
v 0.109996 0.618864 -0.360846
v 0.081996 0.606864 -0.327146
v 0.067996 0.600964 -0.340246
v 0.002996 0.562963 -0.414246
v 0.020396 0.570364 -0.404746
v 0.014096 0.570264 -0.393746
v -0.002804 0.563064 -0.403046
v 0.006996 0.567263 -0.425446
v 0.024896 0.574863 -0.415746
v 0.037296 0.577563 -0.394346
v 0.030496 0.577264 -0.383646
v 0.042296 0.582263 -0.404946
v -0.009604 0.567864 -0.393646
v -0.026504 0.560663 -0.401846
v -0.020104 0.555663 -0.411346
v -0.014804 0.555363 -0.422846
v -0.011304 0.559464 -0.434246
v 0.008296 0.575463 -0.434746
v -0.010404 0.567464 -0.443846
v 0.026596 0.583264 -0.424746
v 0.044396 0.590863 -0.413846
v 0.022896 0.581664 -0.374846
v 0.006796 0.574863 -0.384646
v -0.070104 0.531763 -0.442646
v -0.051404 0.539763 -0.437046
v -0.055604 0.540563 -0.425146
v -0.073804 0.532763 -0.430646
v -0.068204 0.535164 -0.454746
v -0.049004 0.543363 -0.448946
v -0.032904 0.547663 -0.430446
v -0.037704 0.548163 -0.418746
v -0.030004 0.551463 -0.442146
v -0.078904 0.538263 -0.420646
v -0.096904 0.530663 -0.425046
v -0.092204 0.524963 -0.435146
v -0.089104 0.523664 -0.447346
v -0.087804 0.526863 -0.459546
v -0.068704 0.542663 -0.464746
v -0.088704 0.534163 -0.469646
v -0.049004 0.551063 -0.458846
v -0.029504 0.559363 -0.451846
v -0.043604 0.553363 -0.409046
v -0.061104 0.545864 -0.415246
v -0.146904 0.499063 -0.455046
v -0.127504 0.507363 -0.453546
v -0.129604 0.508963 -0.441146
v -0.148404 0.500963 -0.442646
v -0.147304 0.501463 -0.467446
v -0.127304 0.509964 -0.465846
v -0.108204 0.515563 -0.450946
v -0.110804 0.516963 -0.438646
v -0.107504 0.518463 -0.463246
v -0.151704 0.507263 -0.432346
v -0.149604 0.508163 -0.477746
v -0.129204 0.516863 -0.476146
v -0.108904 0.525563 -0.473446
v -0.115004 0.522864 -0.428446
v -0.133304 0.515063 -0.430846
v -0.304204 0.504563 -0.425146
v -0.308504 0.505263 -0.437046
v -0.327004 0.497463 -0.430446
v -0.322204 0.496863 -0.418746
v -0.286004 0.512263 -0.430646
v -0.289704 0.513263 -0.442646
v -0.310904 0.501663 -0.448946
v -0.329904 0.493563 -0.442146
v -0.291604 0.509964 -0.454746
v -0.316204 0.491763 -0.409046
v -0.339804 0.489363 -0.411346
v -0.333404 0.484463 -0.401846
v -0.298704 0.499164 -0.415246
v -0.281004 0.506763 -0.420646
v -0.291104 0.502463 -0.464746
v -0.310904 0.494063 -0.458846
v -0.330304 0.485763 -0.451846
v -0.349404 0.477564 -0.443846
v -0.348504 0.485663 -0.434246
v -0.345104 0.489663 -0.422846
v -0.373904 0.474863 -0.393746
v -0.380204 0.474664 -0.404746
v -0.397204 0.467464 -0.394346
v -0.390404 0.467863 -0.383646
v -0.357104 0.482063 -0.403046
v -0.362904 0.482063 -0.414246
v -0.384704 0.470264 -0.415746
v -0.402104 0.462763 -0.404946
v -0.366804 0.477863 -0.425446
v -0.406304 0.461064 -0.372646
v -0.398304 0.456764 -0.364146
v -0.382704 0.463363 -0.374846
v -0.366704 0.470264 -0.384646
v -0.350204 0.477263 -0.393646
v -0.368104 0.469664 -0.434746
v -0.386404 0.461864 -0.424746
v -0.404204 0.454263 -0.413846
v -0.421504 0.446863 -0.401946
v -0.419004 0.455563 -0.393346
v -0.413604 0.460463 -0.383046
v -0.436604 0.448064 -0.348246
v -0.444804 0.447163 -0.357846
v -0.459504 0.440864 -0.344046
v -0.450904 0.441963 -0.334846
v -0.421804 0.454464 -0.360846
v -0.429504 0.453663 -0.370846
v -0.451204 0.441863 -0.367446
v -0.466304 0.435463 -0.353246
v -0.435404 0.448664 -0.380846
v -0.464604 0.436163 -0.320646
v -0.455104 0.432563 -0.313346
v -0.441804 0.438164 -0.327146
v -0.427904 0.444163 -0.340246
v -0.413304 0.450364 -0.352546
v -0.438304 0.439763 -0.389046
v -0.454404 0.432864 -0.375446
v -0.469904 0.426263 -0.360846
v -0.484704 0.419863 -0.345546
v -0.480804 0.429264 -0.338246
v -0.473604 0.434863 -0.329446
v -0.490004 0.425363 -0.290246
v -0.499704 0.423764 -0.298146
v -0.511704 0.418664 -0.281446
v -0.501604 0.420363 -0.274046
v -0.477604 0.430563 -0.305746
v -0.487004 0.429163 -0.314146
v -0.507704 0.417764 -0.306046
v -0.520004 0.412563 -0.288846
v -0.494604 0.423363 -0.322446
v -0.512504 0.415764 -0.257246
v -0.501804 0.412663 -0.251546
v -0.491204 0.417164 -0.267946
v -0.479904 0.421963 -0.283746
v -0.467804 0.427063 -0.298846
v -0.498804 0.413863 -0.329446
v -0.512204 0.408163 -0.312546
v -0.524804 0.402764 -0.295046
v -0.536604 0.397764 -0.276846
v -0.531504 0.407663 -0.271046
v -0.522904 0.413863 -0.264146
v -0.531904 0.407463 -0.222046
v -0.542904 0.405363 -0.227946
v -0.551604 0.401663 -0.209046
v -0.540404 0.403863 -0.203746
v -0.522604 0.411464 -0.239946
v -0.533304 0.409463 -0.246346
v -0.552104 0.398863 -0.233746
v -0.561004 0.395064 -0.214346
v -0.542204 0.403063 -0.252746
v -0.548004 0.400564 -0.184946
v -0.536504 0.397864 -0.181046
v -0.529004 0.400963 -0.199346
v -0.520704 0.404563 -0.217246
v -0.511704 0.408363 -0.234646
v -0.547504 0.393163 -0.258046
v -0.557604 0.388763 -0.238646
v -0.566804 0.384864 -0.218746
v -0.575104 0.381364 -0.198446
v -0.569204 0.391563 -0.194446
v -0.559504 0.398264 -0.189746
v -0.560704 0.395163 -0.146346
v -0.572604 0.392664 -0.149946
v -0.577804 0.390464 -0.129546
v -0.565804 0.393063 -0.126546
v -0.554804 0.397664 -0.165846
v -0.566504 0.395263 -0.169946
v -0.582604 0.385863 -0.153546
v -0.588004 0.383564 -0.132546
v -0.576404 0.388564 -0.174146
v -0.569904 0.391264 -0.106446
v -0.557904 0.388763 -0.104446
v -0.553804 0.390464 -0.124046
v -0.548904 0.392564 -0.143346
v -0.543104 0.394964 -0.162346
v -0.582504 0.378164 -0.177646
v -0.588904 0.375464 -0.156546
v -0.594404 0.373164 -0.135046
v -0.598904 0.371264 -0.113346
v -0.592404 0.381664 -0.111346
v -0.582104 0.388663 -0.108946
v -0.575504 0.388864 -0.065846
v -0.587804 0.386164 -0.067146
v -0.589204 0.385564 -0.046046
v -0.576804 0.388264 -0.045446
v -0.573104 0.389864 -0.086246
v -0.585404 0.387263 -0.088046
v -0.598204 0.379164 -0.068346
v -0.599704 0.378563 -0.046646
v -0.595804 0.380264 -0.089946
v -0.577304 0.388063 -0.024846
v -0.565104 0.385664 -0.024846
v -0.564604 0.385863 -0.044946
v -0.563304 0.386463 -0.064846
v -0.561004 0.387363 -0.084746
v -0.602404 0.369764 -0.091446
v -0.604904 0.368663 -0.069346
v -0.606404 0.368064 -0.047146
v -0.606904 0.367764 -0.024846
v -0.600204 0.378364 -0.024846
v -0.589704 0.385364 -0.024846
v -0.575504 0.388864 0.016154
v -0.587804 0.386164 0.017354
v -0.585404 0.387263 0.038354
v -0.573104 0.389864 0.036454
v -0.576804 0.388264 -0.004346
v -0.589204 0.385564 -0.003746
v -0.598204 0.379164 0.018554
v -0.595804 0.380264 0.040154
v -0.599704 0.378563 -0.003146
v -0.569904 0.391264 0.056754
v -0.557904 0.388763 0.054754
v -0.561004 0.387363 0.034954
v -0.563304 0.386463 0.015054
v -0.564604 0.385863 -0.004846
v -0.606404 0.368064 -0.002646
v -0.604904 0.368663 0.019554
v -0.602404 0.369764 0.041654
v -0.598904 0.371264 0.063554
v -0.592404 0.381664 0.061554
v -0.582104 0.388663 0.059154
v -0.560704 0.395163 0.096554
v -0.572604 0.392664 0.100154
v -0.566504 0.395263 0.120254
v -0.554804 0.397664 0.116054
v -0.565804 0.393063 0.076754
v -0.577804 0.390464 0.079754
v -0.582604 0.385863 0.103754
v -0.576404 0.388564 0.124454
v -0.588004 0.383564 0.082754
v -0.548004 0.400564 0.135154
v -0.536504 0.397864 0.131254
v -0.543104 0.394964 0.112554
v -0.548904 0.392564 0.093554
v -0.553804 0.390464 0.074254
v -0.594404 0.373164 0.085254
v -0.588904 0.375464 0.106754
v -0.582504 0.378164 0.127854
v -0.575104 0.381364 0.148654
v -0.569204 0.391563 0.144654
v -0.559504 0.398264 0.139954
v -0.531904 0.407463 0.172254
v -0.542904 0.405364 0.178154
v -0.533304 0.409463 0.196554
v -0.522604 0.411464 0.190154
v -0.540404 0.403863 0.153954
v -0.551604 0.401663 0.159254
v -0.552104 0.398863 0.184054
v -0.542204 0.403064 0.202954
v -0.561004 0.395064 0.164554
v -0.512504 0.415764 0.207454
v -0.501804 0.412664 0.201754
v -0.511704 0.408364 0.184854
v -0.520704 0.404563 0.167454
v -0.529004 0.400963 0.149554
v -0.566804 0.384864 0.168954
v -0.557604 0.388763 0.188854
v -0.547504 0.393164 0.208254
v -0.536604 0.397764 0.227054
v -0.531504 0.407664 0.221354
v -0.522904 0.413864 0.214354
v -0.490004 0.425364 0.240454
v -0.499704 0.423764 0.248354
v -0.487004 0.429164 0.264354
v -0.477604 0.430564 0.256054
v -0.501604 0.420364 0.224254
v -0.511704 0.418664 0.231654
v -0.507704 0.417764 0.256254
v -0.494604 0.423364 0.272754
v -0.520004 0.412564 0.239054
v -0.464604 0.436164 0.270854
v -0.455104 0.432564 0.263554
v -0.467804 0.427064 0.249054
v -0.479904 0.421964 0.233954
v -0.491204 0.417164 0.218154
v -0.524804 0.402764 0.245254
v -0.512204 0.408164 0.262754
v -0.498804 0.413864 0.279654
v -0.484704 0.419864 0.295754
v -0.480804 0.429264 0.288454
v -0.473604 0.434864 0.279654
v -0.436604 0.448064 0.298454
v -0.444804 0.447164 0.308054
v -0.429504 0.453664 0.321054
v -0.421804 0.454464 0.311054
v -0.450904 0.441964 0.285054
v -0.459504 0.440864 0.294254
v -0.451204 0.441864 0.317654
v -0.435404 0.448664 0.331054
v -0.466304 0.435464 0.303454
v -0.406304 0.461064 0.322854
v -0.398304 0.456764 0.314354
v -0.413304 0.450364 0.302754
v -0.427904 0.444164 0.290454
v -0.441804 0.438164 0.277354
v -0.469904 0.426264 0.311054
v -0.454404 0.432864 0.325654
v -0.438304 0.439764 0.339354
v -0.421504 0.446864 0.352154
v -0.419004 0.455564 0.343554
v -0.413604 0.460463 0.333254
v -0.373904 0.474863 0.343954
v -0.380204 0.474664 0.354954
v -0.362904 0.482064 0.364454
v -0.357104 0.482064 0.353254
v -0.390404 0.467864 0.333854
v -0.397204 0.467464 0.344554
v -0.384704 0.470264 0.365954
v -0.366804 0.477864 0.375754
v -0.402104 0.462764 0.355254
v -0.339804 0.489363 0.361554
v -0.333404 0.484464 0.352054
v -0.350204 0.477264 0.343954
v -0.366704 0.470264 0.334954
v -0.382704 0.463363 0.325054
v -0.404204 0.454264 0.364054
v -0.386404 0.461864 0.375054
v -0.368104 0.469664 0.385054
v -0.349404 0.477564 0.394054
v -0.348504 0.485664 0.384554
v -0.345104 0.489664 0.373054
v -0.304204 0.504564 0.375354
v -0.308504 0.505264 0.387254
v -0.289704 0.513264 0.392954
v -0.286004 0.512263 0.380854
v -0.322204 0.496864 0.368954
v -0.327004 0.497464 0.380654
v -0.310904 0.501664 0.399154
v -0.291604 0.509964 0.404954
v -0.329904 0.493564 0.392354
v -0.267604 0.520163 0.385354
v -0.263004 0.514463 0.375254
v -0.281004 0.506764 0.370854
v -0.298704 0.499164 0.365554
v -0.316204 0.491764 0.359254
v -0.330304 0.485764 0.402054
v -0.310904 0.494064 0.409054
v -0.291104 0.502464 0.414954
v -0.271204 0.510964 0.419854
v -0.272104 0.518264 0.409754
v -0.270804 0.521364 0.397554
v -0.230304 0.536064 0.391354
v -0.232304 0.537764 0.403754
v -0.212904 0.546064 0.405254
v -0.211404 0.544064 0.392854
v -0.249004 0.528063 0.388854
v -0.251604 0.529564 0.401154
v -0.232504 0.535164 0.416154
v -0.212604 0.543664 0.417754
v -0.252404 0.526664 0.413454
v -0.192604 0.552164 0.393354
v -0.189804 0.545664 0.383054
v -0.208204 0.537764 0.382554
v -0.226604 0.529964 0.381154
v -0.244804 0.522164 0.378654
v -0.251004 0.519564 0.423654
v -0.230704 0.528264 0.426354
v -0.210204 0.536964 0.428054
v -0.189804 0.545664 0.428554
v -0.192604 0.552164 0.418254
v -0.193504 0.554364 0.405854
v -0.154804 0.568264 0.391354
v -0.154604 0.570864 0.403754
v -0.135304 0.579164 0.401154
v -0.136104 0.576263 0.388854
v -0.173704 0.560164 0.392854
v -0.174004 0.562664 0.405254
v -0.152604 0.569164 0.416154
v -0.132704 0.577664 0.413454
v -0.172604 0.560664 0.417754
v -0.117504 0.584163 0.385354
v -0.116604 0.576863 0.375254
v -0.134704 0.569164 0.378654
v -0.153004 0.561364 0.381154
v -0.171404 0.553464 0.382554
v -0.169304 0.554364 0.428054
v -0.148904 0.563064 0.426354
v -0.128604 0.571764 0.423654
v -0.108404 0.580364 0.419854
v -0.113004 0.586064 0.409754
v -0.116204 0.587264 0.397554
v -0.080904 0.599764 0.375354
v -0.078504 0.603364 0.387254
v -0.060004 0.611264 0.380654
v -0.062904 0.607464 0.368954
v -0.099104 0.592063 0.380854
v -0.097204 0.595364 0.392954
v -0.074204 0.602564 0.399154
v -0.055204 0.610664 0.392354
v -0.093504 0.594364 0.404954
v -0.045304 0.614963 0.361554
v -0.046204 0.606864 0.352054
v -0.063404 0.599564 0.359254
v -0.080804 0.592063 0.365554
v -0.098604 0.584564 0.370854
v -0.088404 0.588864 0.414954
v -0.068704 0.597264 0.409054
v -0.049304 0.605564 0.402054
v -0.030204 0.613764 0.394054
v -0.036604 0.618663 0.384554
v -0.041904 0.618964 0.373054
v -0.011204 0.629463 0.343954
v -0.006704 0.633964 0.354954
v 0.010196 0.641164 0.344554
v 0.005296 0.636463 0.333854
v -0.028004 0.622263 0.353254
v -0.024104 0.626563 0.364454
v -0.000404 0.634064 0.365954
v 0.016996 0.641563 0.355254
v -0.018304 0.626463 0.375754
v 0.021196 0.643264 0.322854
v 0.018696 0.634564 0.314354
v 0.003196 0.627963 0.325054
v -0.012904 0.621064 0.334954
v -0.029304 0.614064 0.343954
v -0.011404 0.621664 0.385054
v 0.006796 0.629463 0.375054
v 0.024696 0.637064 0.364054
v 0.041996 0.644463 0.352154
v 0.033896 0.648763 0.343554
v 0.026596 0.648163 0.333254
v 0.051496 0.656264 0.298454
v 0.057896 0.661464 0.308054
v 0.072596 0.667764 0.294254
v 0.065796 0.662363 0.285054
v 0.036596 0.649864 0.311054
v 0.042496 0.654964 0.321054
v 0.065996 0.662463 0.317654
v 0.081196 0.668863 0.303454
v 0.050296 0.655664 0.331054
v 0.079496 0.668163 0.270854
v 0.075596 0.658763 0.263554
v 0.062196 0.653163 0.277354
v 0.048296 0.647164 0.290454
v 0.033796 0.640963 0.302754
v 0.058696 0.651563 0.339354
v 0.074796 0.658464 0.325654
v 0.090296 0.665064 0.311054
v 0.105196 0.671364 0.295754
v 0.095696 0.675064 0.288454
v 0.086696 0.673764 0.279654
v 0.104896 0.678963 0.240454
v 0.112796 0.684864 0.248354
v 0.124796 0.689964 0.231654
v 0.116496 0.683963 0.224254
v 0.092496 0.673664 0.256054
v 0.100096 0.679464 0.264354
v 0.122596 0.686464 0.256254
v 0.134896 0.691764 0.239054
v 0.109496 0.680964 0.272754
v 0.127396 0.688564 0.207454
v 0.122296 0.678664 0.201754
v 0.111696 0.674164 0.218154
v 0.100296 0.669364 0.233954
v 0.088296 0.664264 0.249054
v 0.119296 0.677463 0.279654
v 0.132696 0.683163 0.262754
v 0.145196 0.688464 0.245254
v 0.156996 0.693564 0.227054
v 0.146396 0.696664 0.221354
v 0.135996 0.694763 0.214454
v 0.146796 0.696863 0.172254
v 0.155896 0.703264 0.178154
v 0.164696 0.707063 0.159254
v 0.155296 0.700463 0.153954
v 0.137496 0.692864 0.190154
v 0.146396 0.699264 0.196554
v 0.166896 0.705463 0.184054
v 0.175896 0.709264 0.164554
v 0.157096 0.701263 0.202954
v 0.162896 0.703764 0.135154
v 0.156896 0.693464 0.131254
v 0.149496 0.690264 0.149554
v 0.141196 0.686763 0.167454
v 0.132096 0.682864 0.184854
v 0.167996 0.698164 0.208254
v 0.178096 0.702464 0.188854
v 0.187296 0.706464 0.168954
v 0.195596 0.709964 0.148654
v 0.184096 0.712763 0.144654
v 0.172596 0.710364 0.139954
v 0.175596 0.709163 0.096554
v 0.185696 0.715964 0.100154
v 0.190796 0.718164 0.079754
v 0.180696 0.711263 0.076754
v 0.169696 0.706664 0.116054
v 0.179596 0.713363 0.120254
v 0.197496 0.718463 0.103754
v 0.202896 0.720764 0.082754
v 0.191296 0.715764 0.124454
v 0.184796 0.713064 0.056754
v 0.178296 0.702563 0.054754
v 0.174296 0.700864 0.074254
v 0.169296 0.698764 0.093554
v 0.163596 0.696364 0.112554
v 0.202896 0.713064 0.127854
v 0.209396 0.715864 0.106754
v 0.214796 0.718164 0.085254
v 0.219296 0.720064 0.063554
v 0.207296 0.722664 0.061554
v 0.195096 0.719963 0.059154
v 0.190396 0.715464 0.016154
v 0.200796 0.722464 0.017354
v 0.202196 0.723064 -0.003746
v 0.191696 0.715964 -0.004346
v 0.187996 0.714464 0.036454
v 0.198396 0.721464 0.038354
v 0.213096 0.725164 0.018554
v 0.214596 0.725763 -0.003146
v 0.210696 0.724064 0.040154
v 0.192196 0.716164 -0.024846
v 0.185496 0.705664 -0.024846
v 0.185096 0.705463 -0.004846
v 0.183696 0.704863 0.015054
v 0.181396 0.703964 0.034954
v 0.222796 0.721564 0.041654
v 0.225296 0.722664 0.019554
v 0.226796 0.723264 -0.002646
v 0.227296 0.723463 -0.024846
v 0.215096 0.725964 -0.024846
v 0.202696 0.723264 -0.024846
v 0.190396 0.715464 -0.065846
v 0.200796 0.722464 -0.067146
v 0.198396 0.721464 -0.088046
v 0.187996 0.714464 -0.086246
v 0.191696 0.715964 -0.045446
v 0.202196 0.723064 -0.046046
v 0.213096 0.725164 -0.068346
v 0.210696 0.724064 -0.089946
v 0.214596 0.725763 -0.046646
v 0.184796 0.713064 -0.106446
v 0.178296 0.702563 -0.104446
v 0.181396 0.703964 -0.084746
v 0.183696 0.704863 -0.064846
v 0.185096 0.705463 -0.044946
v 0.226796 0.723264 -0.047146
v 0.225296 0.722664 -0.069346
v 0.222796 0.721564 -0.091446
v 0.219296 0.720064 -0.113346
v 0.207296 0.722664 -0.111346
v 0.195096 0.719963 -0.108946
v 0.175596 0.709163 -0.146346
v 0.185696 0.715964 -0.149946
v 0.179596 0.713363 -0.169946
v 0.169696 0.706664 -0.165846
v 0.180696 0.711263 -0.126546
v 0.190796 0.718164 -0.129546
v 0.197496 0.718463 -0.153546
v 0.191296 0.715764 -0.174146
v 0.202896 0.720764 -0.132546
v 0.162896 0.703764 -0.184946
v 0.156896 0.693464 -0.181046
v 0.163596 0.696364 -0.162346
v 0.169296 0.698764 -0.143346
v 0.174296 0.700864 -0.124046
v 0.214796 0.718164 -0.135046
v 0.209396 0.715864 -0.156546
v 0.202896 0.713064 -0.177646
v 0.195596 0.709964 -0.198446
v 0.184096 0.712763 -0.194446
v 0.172596 0.710364 -0.189746
v 0.146796 0.696863 -0.222046
v 0.155896 0.703264 -0.227946
v 0.146396 0.699264 -0.246346
v 0.137496 0.692864 -0.239946
v 0.155296 0.700463 -0.203746
v 0.164696 0.707063 -0.209046
v 0.166896 0.705463 -0.233746
v 0.157096 0.701263 -0.252746
v 0.175896 0.709264 -0.214346
v 0.127396 0.688564 -0.257246
v 0.122296 0.678664 -0.251546
v 0.132096 0.682864 -0.234646
v 0.141196 0.686763 -0.217246
v 0.149496 0.690264 -0.199346
v 0.187296 0.706464 -0.218746
v 0.178096 0.702464 -0.238646
v 0.167996 0.698164 -0.258046
v 0.156996 0.693564 -0.276846
v 0.146396 0.696664 -0.271046
v 0.135996 0.694763 -0.264146
v 0.104896 0.678963 -0.290246
v 0.112796 0.684864 -0.298146
v 0.100096 0.679464 -0.314146
v 0.092496 0.673664 -0.305746
v 0.116496 0.683963 -0.274046
v 0.124796 0.689964 -0.281446
v 0.122596 0.686464 -0.306046
v 0.109496 0.680964 -0.322446
v 0.134896 0.691764 -0.288846
v 0.079496 0.668163 -0.320646
v 0.075596 0.658763 -0.313346
v 0.088296 0.664264 -0.298846
v 0.100296 0.669364 -0.283746
v 0.111696 0.674164 -0.267946
v 0.145196 0.688464 -0.295046
v 0.132696 0.683163 -0.312546
v 0.119296 0.677463 -0.329446
v 0.105196 0.671364 -0.345546
v 0.095696 0.675064 -0.338246
v 0.086696 0.673764 -0.329446
v 0.051496 0.656264 -0.348246
v 0.057896 0.661464 -0.357846
v 0.042496 0.654964 -0.370846
v 0.036596 0.649864 -0.360846
v 0.065796 0.662363 -0.334846
v 0.072596 0.667764 -0.344046
v 0.065996 0.662463 -0.367446
v 0.050296 0.655664 -0.380846
v 0.081196 0.668863 -0.353246
v 0.021196 0.643264 -0.372646
v 0.018696 0.634564 -0.364146
v 0.033796 0.640963 -0.352546
v 0.048296 0.647164 -0.340246
v 0.062196 0.653163 -0.327146
v 0.090296 0.665064 -0.360846
v 0.074796 0.658464 -0.375446
v 0.058696 0.651563 -0.389046
v 0.041996 0.644463 -0.401946
v 0.033896 0.648763 -0.393346
v 0.026596 0.648163 -0.383046
v -0.011204 0.629463 -0.393746
v -0.006704 0.633963 -0.404746
v -0.024104 0.626563 -0.414246
v -0.028004 0.622263 -0.403046
v 0.005296 0.636463 -0.383646
v 0.010196 0.641164 -0.394346
v -0.000404 0.634063 -0.415746
v -0.018304 0.626463 -0.425446
v 0.016996 0.641563 -0.404946
v -0.045304 0.614963 -0.411346
v -0.046204 0.606863 -0.401846
v -0.029304 0.614064 -0.393646
v -0.012904 0.621064 -0.384646
v 0.003196 0.627963 -0.374846
v 0.024696 0.637064 -0.413846
v 0.006796 0.629463 -0.424746
v -0.011404 0.621663 -0.434746
v -0.030204 0.613763 -0.443846
v -0.036604 0.618663 -0.434246
v -0.041904 0.618963 -0.422846
v -0.080904 0.599764 -0.425146
v -0.078504 0.603364 -0.437046
v -0.097204 0.595363 -0.442646
v -0.099104 0.592063 -0.430646
v -0.062904 0.607463 -0.418746
v -0.060004 0.611264 -0.430446
v -0.074204 0.602564 -0.448946
v -0.093504 0.594363 -0.454746
v -0.055204 0.610663 -0.442146
v -0.117504 0.584163 -0.435146
v -0.116604 0.576863 -0.425046
v -0.098604 0.584563 -0.420646
v -0.080804 0.592063 -0.415246
v -0.063404 0.599563 -0.409046
v -0.049304 0.605564 -0.451846
v -0.068704 0.597263 -0.458846
v -0.088404 0.588863 -0.464746
v -0.108404 0.580364 -0.469646
v -0.113004 0.586064 -0.459546
v -0.116204 0.587263 -0.447346
v -0.154804 0.568263 -0.441146
v -0.154604 0.570863 -0.453546
v -0.174004 0.562663 -0.455046
v -0.173704 0.560163 -0.442646
v -0.136104 0.576263 -0.438646
v -0.135304 0.579163 -0.450946
v -0.152604 0.569163 -0.465846
v -0.172604 0.560663 -0.467446
v -0.132704 0.577663 -0.463246
v -0.171404 0.553463 -0.432346
v -0.153004 0.561363 -0.430846
v -0.134704 0.569163 -0.428446
v -0.128604 0.571764 -0.473446
v -0.148904 0.563064 -0.476146
v -0.169304 0.554363 -0.477746
v 0.230196 0.682463 -0.158346
v 0.226696 0.695964 -0.158946
v 0.232296 0.698263 -0.137146
v 0.235796 0.684864 -0.136646
v 0.223696 0.679663 -0.179846
v 0.220196 0.693164 -0.180546
v 0.219496 0.707763 -0.158346
v 0.224996 0.710164 -0.136646
v 0.212996 0.704964 -0.179846
v 0.240296 0.686763 -0.114546
v 0.216296 0.676564 -0.200846
v 0.212696 0.689964 -0.201646
v 0.205496 0.701764 -0.200846
v 0.229596 0.712063 -0.114546
v 0.236896 0.700264 -0.115046
v -0.138304 0.525363 -0.424546
v -0.143904 0.537863 -0.422446
v -0.161904 0.530263 -0.423846
v -0.156404 0.517663 -0.425946
v -0.120304 0.532964 -0.422146
v -0.126004 0.545563 -0.420046
v -0.149104 0.550663 -0.424546
v -0.167204 0.542863 -0.425946
v -0.131104 0.558263 -0.422146
v -0.174504 0.509863 -0.426446
v -0.102504 0.540663 -0.418746
v -0.108204 0.553064 -0.416646
v -0.113204 0.565863 -0.418746
v -0.185304 0.535164 -0.426446
v -0.179904 0.522563 -0.424346
v -0.500304 0.370963 -0.214146
v -0.504004 0.384363 -0.213146
v -0.512104 0.380964 -0.195646
v -0.508504 0.367564 -0.196546
v -0.491404 0.374764 -0.231346
v -0.495104 0.388163 -0.230246
v -0.511104 0.396264 -0.214146
v -0.519204 0.392764 -0.196546
v -0.502204 0.400064 -0.231346
v -0.515804 0.364363 -0.178546
v -0.481704 0.378964 -0.247946
v -0.485404 0.392263 -0.246846
v -0.492504 0.404264 -0.247946
v -0.526604 0.389664 -0.178546
v -0.519404 0.377764 -0.177746
v 0.198496 0.668963 -0.241646
v 0.194896 0.682364 -0.242646
v 0.204196 0.686364 -0.222446
v 0.207796 0.672964 -0.221446
v 0.188296 0.664563 -0.261246
v 0.184596 0.677964 -0.262346
v 0.187696 0.694264 -0.241646
v 0.197096 0.698263 -0.221446
v 0.177496 0.689864 -0.261246
v 0.177196 0.659864 -0.280346
v 0.173396 0.673163 -0.281546
v 0.166396 0.685164 -0.280346
v -0.216004 0.492263 -0.482546
v -0.221604 0.504763 -0.484646
v -0.200804 0.513663 -0.486346
v -0.195304 0.501063 -0.484146
v -0.236604 0.483463 -0.479746
v -0.242304 0.495963 -0.481846
v -0.226804 0.517463 -0.482546
v -0.206104 0.526363 -0.484146
v -0.247404 0.508763 -0.479746
v -0.174504 0.509863 -0.484746
v -0.257104 0.474664 -0.475846
v -0.262804 0.487163 -0.477946
v -0.267804 0.499964 -0.475846
v -0.185304 0.535164 -0.484746
v -0.179904 0.522563 -0.486846
v -0.528004 0.359163 -0.141446
v -0.531504 0.372664 -0.140846
v -0.536404 0.370564 -0.121946
v -0.532904 0.357163 -0.122446
v -0.522304 0.361564 -0.160146
v -0.525904 0.375063 -0.159446
v -0.538804 0.384463 -0.141446
v -0.543604 0.382363 -0.122446
v -0.533104 0.386864 -0.160146
v -0.536804 0.355464 -0.103246
v -0.547604 0.380664 -0.103246
v -0.540304 0.368864 -0.102846
v 0.152396 0.649264 -0.316646
v 0.148596 0.662564 -0.317946
v 0.161396 0.668064 -0.300046
v 0.165196 0.654764 -0.298846
v 0.138896 0.643564 -0.333646
v 0.134896 0.656763 -0.335146
v 0.141696 0.674563 -0.316646
v 0.154396 0.680064 -0.298846
v 0.128096 0.668863 -0.333646
v 0.124596 0.637464 -0.350046
v 0.120596 0.650664 -0.351546
v 0.113796 0.662664 -0.350046
v -0.297304 0.457564 -0.464946
v -0.303304 0.469963 -0.466946
v -0.283204 0.478563 -0.473046
v -0.277304 0.466064 -0.470946
v -0.317004 0.449163 -0.457846
v -0.323104 0.461463 -0.459846
v -0.308104 0.482863 -0.464946
v -0.288104 0.491363 -0.470946
v -0.327804 0.474463 -0.457846
v -0.336404 0.440864 -0.449746
v -0.342504 0.453164 -0.451646
v -0.347204 0.466164 -0.449746
v -0.542204 0.353164 -0.064246
v -0.545604 0.366664 -0.064046
v -0.546904 0.366064 -0.044446
v -0.543504 0.352564 -0.044546
v -0.539904 0.354064 -0.083846
v -0.543404 0.367564 -0.083446
v -0.552904 0.378464 -0.064246
v -0.554304 0.377863 -0.044546
v -0.550704 0.379363 -0.083846
v -0.543904 0.352364 -0.024846
v -0.554704 0.377664 -0.024846
v -0.547404 0.365864 -0.024846
v 0.093796 0.624363 -0.380346
v 0.089696 0.637464 -0.381946
v 0.105496 0.644264 -0.367146
v 0.109496 0.631064 -0.365646
v 0.077396 0.617364 -0.394246
v 0.073196 0.630464 -0.395946
v 0.082996 0.649563 -0.380346
v 0.098796 0.656264 -0.365646
v 0.066696 0.642664 -0.394246
v 0.060496 0.610063 -0.407246
v 0.056196 0.623163 -0.409046
v 0.049696 0.635363 -0.407246
v -0.373904 0.424863 -0.430446
v -0.380204 0.437164 -0.432346
v -0.361604 0.445064 -0.442546
v -0.355404 0.432763 -0.440546
v -0.392004 0.417164 -0.419346
v -0.398404 0.429364 -0.421146
v -0.384704 0.450164 -0.430446
v -0.366204 0.458064 -0.440546
v -0.402804 0.442464 -0.419346
v -0.409504 0.409663 -0.407246
v -0.416004 0.421863 -0.409046
v -0.420304 0.434963 -0.407246
v -0.542204 0.353164 0.014454
v -0.545604 0.366664 0.014254
v -0.543404 0.367564 0.033754
v -0.539904 0.354064 0.034054
v -0.543504 0.352564 -0.005146
v -0.546904 0.366064 -0.005246
v -0.552904 0.378464 0.014454
v -0.550704 0.379363 0.034054
v -0.554304 0.377863 -0.005146
v -0.536804 0.355464 0.053454
v -0.547604 0.380664 0.053454
v -0.540304 0.368864 0.053054
v 0.024896 0.594963 -0.430446
v 0.020396 0.607963 -0.432346
v 0.038496 0.615663 -0.421146
v 0.042896 0.602664 -0.419346
v 0.006296 0.586963 -0.440546
v 0.001796 0.599963 -0.442546
v 0.014096 0.620163 -0.430446
v 0.032096 0.627863 -0.419346
v -0.004504 0.612263 -0.440546
v -0.012704 0.578964 -0.449746
v -0.017304 0.591864 -0.451646
v -0.023404 0.604163 -0.449746
v -0.442904 0.395463 -0.380346
v -0.449504 0.407563 -0.381946
v -0.433104 0.414563 -0.395946
v -0.426504 0.402463 -0.394246
v -0.458604 0.388763 -0.365646
v -0.465304 0.400863 -0.367146
v -0.453704 0.420764 -0.380346
v -0.437304 0.427763 -0.394246
v -0.469404 0.414063 -0.365646
v -0.473604 0.382363 -0.350046
v -0.480404 0.394463 -0.351546
v -0.484404 0.407663 -0.350046
v -0.528004 0.359163 0.091654
v -0.531504 0.372664 0.091054
v -0.525904 0.375063 0.109654
v -0.522304 0.361564 0.110354
v -0.532904 0.357163 0.072654
v -0.536404 0.370564 0.072154
v -0.538804 0.384463 0.091654
v -0.533104 0.386864 0.110354
v -0.543604 0.382363 0.072654
v -0.515804 0.364363 0.128754
v -0.526604 0.389664 0.128754
v -0.519404 0.377764 0.127954
v -0.051704 0.562263 -0.464946
v -0.056604 0.575163 -0.466946
v -0.036804 0.583563 -0.459846
v -0.032004 0.570663 -0.457846
v -0.071804 0.553764 -0.470946
v -0.076704 0.566563 -0.473046
v -0.062504 0.587564 -0.464946
v -0.042804 0.595963 -0.457846
v -0.082504 0.578964 -0.470946
v -0.092004 0.545063 -0.475846
v -0.097004 0.557863 -0.477946
v -0.102804 0.570364 -0.475846
v -0.501504 0.370464 -0.316646
v -0.508404 0.382463 -0.317946
v -0.494804 0.388263 -0.335146
v -0.488004 0.376264 -0.333646
v -0.514304 0.365063 -0.298846
v -0.521204 0.376964 -0.300046
v -0.512304 0.395764 -0.316646
v -0.498704 0.401563 -0.333646
v -0.525104 0.390363 -0.298846
v -0.526204 0.359963 -0.280346
v -0.533304 0.371864 -0.281546
v -0.537004 0.385263 -0.280346
v -0.500304 0.370964 0.164454
v -0.504004 0.384363 0.163454
v -0.495104 0.388164 0.180454
v -0.491404 0.374764 0.181554
v -0.508504 0.367564 0.146854
v -0.512104 0.380964 0.145854
v -0.511104 0.396264 0.164454
v -0.502204 0.400064 0.181554
v -0.519204 0.392764 0.146854
v -0.481704 0.378964 0.198254
v -0.492504 0.404264 0.198254
v -0.485404 0.392264 0.197054
v -0.133104 0.527563 -0.482546
v -0.138304 0.540263 -0.484646
v -0.117604 0.549163 -0.481846
v -0.112504 0.536363 -0.479746
v -0.153804 0.518763 -0.484146
v -0.159104 0.531464 -0.486346
v -0.143904 0.552863 -0.482546
v -0.123204 0.561664 -0.479746
v -0.164604 0.544063 -0.484146
v -0.547604 0.350863 -0.241646
v -0.554704 0.362763 -0.242646
v -0.544404 0.367163 -0.262346
v -0.537304 0.355163 -0.261246
v -0.556904 0.346864 -0.221446
v -0.564104 0.358763 -0.222446
v -0.558404 0.376164 -0.241646
v -0.548104 0.380464 -0.261246
v -0.567704 0.372163 -0.221446
v -0.565304 0.343264 -0.200846
v -0.572504 0.355163 -0.201646
v -0.576104 0.368563 -0.200846
v -0.460104 0.388164 0.229854
v -0.464004 0.401464 0.228554
v -0.452204 0.406464 0.243354
v -0.448204 0.393164 0.244754
v -0.471204 0.383364 0.214354
v -0.475104 0.396664 0.213054
v -0.470904 0.413464 0.229854
v -0.459004 0.418464 0.244754
v -0.482004 0.408664 0.214354
v -0.435704 0.398564 0.259054
v -0.446504 0.423764 0.259054
v -0.439704 0.411764 0.257554
v -0.579304 0.337264 -0.158346
v -0.586604 0.349163 -0.158946
v -0.580004 0.351964 -0.180546
v -0.572804 0.340064 -0.179846
v -0.584904 0.334964 -0.136646
v -0.592104 0.346764 -0.137146
v -0.590104 0.362564 -0.158346
v -0.583604 0.365364 -0.179846
v -0.595604 0.360264 -0.136646
v -0.589404 0.332964 -0.114546
v -0.596704 0.344863 -0.115046
v -0.600204 0.358264 -0.114546
v -0.408904 0.409964 0.285554
v -0.413004 0.423164 0.283854
v -0.398804 0.429264 0.295954
v -0.394604 0.416064 0.297654
v -0.422604 0.404164 0.272654
v -0.426704 0.417363 0.271054
v -0.419704 0.435264 0.285554
v -0.405404 0.441364 0.297654
v -0.433404 0.429364 0.272654
v -0.379804 0.422364 0.309054
v -0.390504 0.447664 0.309054
v -0.384104 0.435464 0.307254
v -0.595504 0.330463 -0.069946
v -0.602804 0.342264 -0.070146
v -0.600304 0.343264 -0.092646
v -0.592904 0.331464 -0.092346
v -0.597004 0.329763 -0.047446
v -0.604404 0.341564 -0.047546
v -0.606304 0.355663 -0.069946
v -0.603704 0.356764 -0.092346
v -0.607804 0.355063 -0.047446
v -0.597504 0.329564 -0.024846
v -0.604904 0.341363 -0.024846
v -0.608304 0.354863 -0.024846
v -0.348704 0.435664 0.329254
v -0.353104 0.448664 0.327354
v -0.337004 0.455564 0.336254
v -0.332504 0.442564 0.338154
v -0.364404 0.428964 0.319554
v -0.368804 0.441964 0.317754
v -0.359404 0.460964 0.329254
v -0.343304 0.467864 0.338154
v -0.375204 0.454164 0.319554
v -0.315904 0.449664 0.346154
v -0.326704 0.474863 0.346154
v -0.320504 0.462564 0.344154
v -0.595504 0.330463 0.020154
v -0.602804 0.342264 0.020354
v -0.604404 0.341564 -0.002246
v -0.597004 0.329763 -0.002346
v -0.592904 0.331464 0.042554
v -0.600304 0.343264 0.042854
v -0.606304 0.355663 0.020154
v -0.607804 0.355063 -0.002346
v -0.603704 0.356764 0.042554
v -0.589404 0.332964 0.064854
v -0.596704 0.344863 0.065254
v -0.600204 0.358264 0.064854
v -0.281804 0.464164 0.359354
v -0.286604 0.477064 0.357354
v -0.269204 0.484464 0.362554
v -0.264304 0.471664 0.364654
v -0.299004 0.456864 0.353254
v -0.303704 0.469764 0.351254
v -0.292504 0.489464 0.359354
v -0.275104 0.496864 0.364654
v -0.309804 0.482164 0.353254
v -0.246604 0.479163 0.368954
v -0.257404 0.504463 0.368954
v -0.251604 0.491964 0.366854
v -0.579304 0.337264 0.108554
v -0.586604 0.349163 0.109254
v -0.592104 0.346764 0.087354
v -0.584904 0.334964 0.086854
v -0.572804 0.340064 0.130054
v -0.580004 0.351964 0.130754
v -0.590104 0.362564 0.108554
v -0.595604 0.360264 0.086854
v -0.583604 0.365364 0.130054
v -0.565304 0.343264 0.151054
v -0.572504 0.355164 0.151854
v -0.576104 0.368563 0.151054
v -0.210704 0.494464 0.374754
v -0.215904 0.507163 0.372654
v -0.198004 0.514864 0.374054
v -0.192704 0.502163 0.376254
v -0.228704 0.486764 0.372354
v -0.233804 0.499564 0.370254
v -0.221504 0.519764 0.374754
v -0.203404 0.527463 0.376254
v -0.239504 0.512064 0.372354
v -0.174504 0.509864 0.376654
v -0.185304 0.535164 0.376654
v -0.179904 0.522564 0.374554
v -0.547604 0.350864 0.191854
v -0.554704 0.362763 0.192854
v -0.564104 0.358764 0.172654
v -0.556904 0.346864 0.171754
v -0.537304 0.355164 0.211554
v -0.544404 0.367164 0.212654
v -0.558404 0.376164 0.191854
v -0.567704 0.372163 0.171754
v -0.548104 0.380464 0.211554
v -0.526204 0.359964 0.230554
v -0.533304 0.371864 0.231754
v -0.537004 0.385264 0.230554
v -0.138304 0.525364 0.374754
v -0.143904 0.537864 0.372654
v -0.126004 0.545564 0.370254
v -0.120304 0.532964 0.372354
v -0.156404 0.517664 0.376254
v -0.161904 0.530263 0.374054
v -0.149104 0.550664 0.374754
v -0.131104 0.558263 0.372354
v -0.167204 0.542864 0.376254
v -0.102504 0.540664 0.368954
v -0.113204 0.565864 0.368954
v -0.108204 0.553064 0.366854
v -0.501504 0.370464 0.266854
v -0.508404 0.382464 0.268154
v -0.521204 0.376964 0.250354
v -0.514304 0.365064 0.249054
v -0.488004 0.376264 0.283954
v -0.494804 0.388264 0.285354
v -0.512304 0.395764 0.266854
v -0.525104 0.390364 0.249054
v -0.498704 0.401563 0.283954
v -0.473604 0.382364 0.300254
v -0.480404 0.394464 0.301754
v -0.484404 0.407664 0.300254
v -0.067304 0.555664 0.359354
v -0.073304 0.568064 0.357354
v -0.056104 0.575364 0.351254
v -0.050104 0.562964 0.353254
v -0.084804 0.548163 0.364654
v -0.090604 0.560564 0.362554
v -0.078104 0.580864 0.359354
v -0.060904 0.588264 0.353254
v -0.095604 0.573463 0.364654
v -0.033204 0.570164 0.346154
v -0.043904 0.595464 0.346154
v -0.039304 0.582464 0.344154
v -0.442904 0.395464 0.330554
v -0.449504 0.407564 0.332254
v -0.465304 0.400863 0.317454
v -0.458604 0.388764 0.315854
v -0.426504 0.402464 0.344454
v -0.433104 0.414564 0.346154
v -0.453704 0.420764 0.330554
v -0.469404 0.414064 0.315854
v -0.437304 0.427764 0.344454
v -0.409504 0.409664 0.357454
v -0.416004 0.421864 0.359254
v -0.420304 0.434964 0.357454
v -0.000404 0.584163 0.329254
v -0.006704 0.596363 0.327354
v 0.008996 0.603064 0.317754
v 0.015396 0.590864 0.319554
v -0.016604 0.577264 0.338154
v -0.022804 0.589564 0.336254
v -0.011204 0.609464 0.329254
v 0.004596 0.616164 0.319554
v -0.027404 0.602564 0.338154
v 0.030696 0.597364 0.309054
v 0.019896 0.622664 0.309054
v 0.024196 0.609564 0.307254
v -0.373904 0.424864 0.380654
v -0.380204 0.437164 0.382554
v -0.398404 0.429364 0.371354
v -0.392004 0.417164 0.369554
v -0.355404 0.432764 0.390754
v -0.361604 0.445064 0.392754
v -0.384704 0.450164 0.380654
v -0.402804 0.442464 0.369554
v -0.366204 0.458064 0.390754
v -0.336404 0.440864 0.399954
v -0.342504 0.453164 0.401954
v -0.347204 0.466164 0.399954
v 0.059796 0.609864 0.285554
v 0.053196 0.621964 0.283854
v 0.066796 0.627764 0.271054
v 0.073496 0.615663 0.272654
v 0.045496 0.603764 0.297654
v 0.038996 0.615864 0.295954
v 0.048996 0.635063 0.285554
v 0.062796 0.640963 0.272654
v 0.034696 0.628964 0.297654
v 0.086696 0.621264 0.259054
v 0.075896 0.646563 0.259054
v 0.079896 0.633364 0.257554
v -0.297304 0.457564 0.415154
v -0.303304 0.469964 0.417154
v -0.323104 0.461464 0.410054
v -0.317004 0.449164 0.408054
v -0.277304 0.466064 0.421154
v -0.283204 0.478564 0.423254
v -0.308104 0.482864 0.415154
v -0.327804 0.474464 0.408054
v -0.288104 0.491364 0.421154
v -0.257104 0.474664 0.426154
v -0.262804 0.487164 0.428254
v -0.267804 0.499964 0.426154
v 0.110996 0.631664 0.229854
v 0.104096 0.643663 0.228554
v 0.115196 0.648364 0.213054
v 0.122196 0.636364 0.214354
v 0.099196 0.626563 0.244754
v 0.092296 0.638663 0.243354
v 0.100196 0.656964 0.229854
v 0.111396 0.661663 0.214354
v 0.088396 0.651864 0.244754
v 0.132596 0.640863 0.198254
v 0.121796 0.666164 0.198254
v 0.125596 0.652764 0.197054
v -0.216004 0.492264 0.432754
v -0.221604 0.504764 0.434854
v -0.242304 0.495964 0.432054
v -0.236604 0.483463 0.429954
v -0.195304 0.501064 0.434354
v -0.200804 0.513664 0.436554
v -0.226804 0.517464 0.432754
v -0.247404 0.508764 0.429954
v -0.206104 0.526364 0.434354
v -0.174504 0.509864 0.434954
v -0.179904 0.522564 0.437054
v -0.185304 0.535164 0.434954
v 0.151196 0.648763 0.164454
v 0.144096 0.660664 0.163454
v 0.152196 0.664164 0.145854
v 0.159396 0.652264 0.146854
v 0.142296 0.644964 0.181554
v 0.135196 0.656964 0.180454
v 0.140496 0.674064 0.164454
v 0.148596 0.677563 0.146854
v 0.131496 0.670263 0.181554
v 0.166696 0.655464 0.128754
v 0.155996 0.680664 0.128754
v 0.159496 0.667264 0.127954
v -0.133104 0.527564 0.432754
v -0.138304 0.540264 0.434854
v -0.159104 0.531464 0.436554
v -0.153804 0.518764 0.434354
v -0.112504 0.536364 0.429954
v -0.117604 0.549164 0.432054
v -0.143904 0.552864 0.432754
v -0.164604 0.544064 0.434354
v -0.123204 0.561664 0.429954
v -0.092004 0.545064 0.426154
v -0.097004 0.557864 0.428254
v -0.102804 0.570364 0.426154
v 0.178996 0.660664 0.091654
v 0.171696 0.672463 0.091054
v 0.176496 0.674464 0.072154
v 0.183796 0.662664 0.072654
v 0.173296 0.658163 0.110354
v 0.165996 0.670064 0.109654
v 0.168196 0.685864 0.091654
v 0.172996 0.687964 0.072654
v 0.162496 0.683464 0.110354
v 0.187796 0.664364 0.053454
v 0.176996 0.689663 0.053454
v 0.180496 0.676163 0.053054
v -0.051704 0.562264 0.415154
v -0.056604 0.575164 0.417154
v -0.076704 0.566564 0.423254
v -0.071804 0.553764 0.421154
v -0.032004 0.570664 0.408054
v -0.036804 0.583564 0.410054
v -0.062504 0.587564 0.415154
v -0.082504 0.578964 0.421154
v -0.042804 0.595964 0.408054
v -0.012704 0.578964 0.399954
v -0.017304 0.591864 0.401954
v -0.023404 0.604164 0.399954
v 0.193096 0.666663 0.014454
v 0.185696 0.678464 0.014254
v 0.187096 0.679063 -0.005246
v 0.194396 0.667164 -0.005146
v 0.190896 0.665664 0.034054
v 0.183496 0.677463 0.033754
v 0.182296 0.691963 0.014454
v 0.183596 0.692464 -0.005146
v 0.180096 0.690964 0.034054
v 0.194896 0.667363 -0.024846
v 0.184096 0.692663 -0.024846
v 0.187496 0.679164 -0.024846
v 0.024896 0.594963 0.380654
v 0.020396 0.607964 0.382554
v 0.001796 0.599964 0.392754
v 0.006296 0.586963 0.390754
v 0.042896 0.602664 0.369554
v 0.038496 0.615663 0.371354
v 0.014096 0.620164 0.380654
v -0.004504 0.612264 0.390754
v 0.032096 0.627863 0.369554
v 0.060496 0.610063 0.357454
v 0.056196 0.623164 0.359254
v 0.049696 0.635364 0.357454
v 0.193096 0.666663 -0.064246
v 0.185696 0.678464 -0.064046
v 0.183496 0.677463 -0.083446
v 0.190896 0.665664 -0.083846
v 0.194396 0.667164 -0.044546
v 0.187096 0.679063 -0.044446
v 0.182296 0.691963 -0.064246
v 0.180096 0.690964 -0.083846
v 0.183596 0.692464 -0.044546
v 0.187796 0.664364 -0.103246
v 0.176996 0.689663 -0.103246
v 0.180496 0.676163 -0.102846
v 0.093796 0.624363 0.330554
v 0.089696 0.637464 0.332254
v 0.073196 0.630464 0.346154
v 0.077396 0.617364 0.344454
v 0.109496 0.631064 0.315854
v 0.105496 0.644264 0.317454
v 0.082996 0.649563 0.330554
v 0.066696 0.642664 0.344454
v 0.098796 0.656264 0.315854
v 0.124596 0.637464 0.300254
v 0.120596 0.650664 0.301754
v 0.113796 0.662664 0.300254
v 0.178996 0.660664 -0.141446
v 0.171696 0.672463 -0.140846
v 0.165996 0.670064 -0.159446
v 0.173296 0.658163 -0.160146
v 0.183796 0.662664 -0.122446
v 0.176496 0.674464 -0.121946
v 0.168196 0.685864 -0.141446
v 0.162496 0.683464 -0.160146
v 0.172996 0.687964 -0.122446
v 0.166696 0.655464 -0.178546
v 0.155996 0.680664 -0.178546
v 0.159496 0.667264 -0.177746
v 0.152396 0.649264 0.266854
v 0.148596 0.662564 0.268154
v 0.134896 0.656763 0.285354
v 0.138896 0.643564 0.283954
v 0.165196 0.654764 0.249054
v 0.161396 0.668064 0.250354
v 0.141696 0.674563 0.266854
v 0.128096 0.668863 0.283954
v 0.154396 0.680064 0.249054
v 0.177196 0.659864 0.230554
v 0.173396 0.673163 0.231754
v 0.166396 0.685164 0.230554
v 0.151196 0.648763 -0.214146
v 0.144096 0.660664 -0.213146
v 0.135196 0.656964 -0.230246
v 0.142296 0.644964 -0.231346
v 0.159396 0.652264 -0.196546
v 0.152196 0.664164 -0.195646
v 0.140496 0.674064 -0.214146
v 0.131496 0.670263 -0.231346
v 0.148596 0.677563 -0.196546
v 0.132596 0.640863 -0.247946
v 0.121796 0.666164 -0.247946
v 0.125596 0.652764 -0.246846
v -0.210704 0.494463 -0.424546
v -0.215904 0.507163 -0.422446
v -0.233804 0.499563 -0.420046
v -0.228704 0.486764 -0.422146
v -0.192704 0.502163 -0.425946
v -0.198004 0.514863 -0.423846
v -0.221504 0.519763 -0.424546
v -0.239504 0.512064 -0.422146
v -0.203404 0.527463 -0.425946
v -0.246604 0.479163 -0.418746
v -0.257404 0.504463 -0.418746
v -0.251604 0.491964 -0.416646
v 0.198496 0.668963 0.191854
v 0.194896 0.682364 0.192854
v 0.184596 0.677964 0.212654
v 0.188296 0.664563 0.211554
v 0.207796 0.672964 0.171754
v 0.204196 0.686364 0.172654
v 0.187696 0.694264 0.191854
v 0.177496 0.689864 0.211554
v 0.197096 0.698263 0.171754
v 0.216296 0.676564 0.151054
v 0.212696 0.689964 0.151854
v 0.205496 0.701764 0.151054
v 0.110996 0.631664 -0.279646
v 0.104096 0.643663 -0.278246
v 0.092296 0.638663 -0.293146
v 0.099196 0.626563 -0.294546
v 0.122196 0.636364 -0.264146
v 0.115196 0.648364 -0.262846
v 0.100196 0.656964 -0.279646
v 0.088396 0.651864 -0.294546
v 0.111396 0.661663 -0.264146
v 0.086696 0.621264 -0.308846
v 0.075896 0.646563 -0.308846
v 0.079896 0.633364 -0.307346
v -0.281804 0.464163 -0.409146
v -0.286604 0.477063 -0.407146
v -0.303704 0.469764 -0.400946
v -0.299004 0.456864 -0.402946
v -0.264304 0.471664 -0.414446
v -0.269204 0.484463 -0.412346
v -0.292504 0.489463 -0.409146
v -0.309804 0.482163 -0.402946
v -0.275104 0.496863 -0.414446
v -0.315904 0.449664 -0.395846
v -0.326704 0.474863 -0.395846
v -0.320504 0.462564 -0.393946
v 0.230196 0.682463 0.108554
v 0.226696 0.695964 0.109254
v 0.220196 0.693164 0.130754
v 0.223696 0.679663 0.130054
v 0.235796 0.684864 0.086854
v 0.232296 0.698263 0.087354
v 0.219496 0.707763 0.108554
v 0.212996 0.704964 0.130054
v 0.224996 0.710164 0.086854
v 0.240296 0.686763 0.064854
v 0.236896 0.700264 0.065254
v 0.229596 0.712063 0.064854
v 0.059796 0.609864 -0.335346
v 0.053196 0.621964 -0.333646
v 0.038996 0.615864 -0.345746
v 0.045496 0.603764 -0.347446
v 0.073496 0.615663 -0.322446
v 0.066796 0.627764 -0.320846
v 0.048996 0.635063 -0.335346
v 0.034696 0.628964 -0.347446
v 0.062796 0.640963 -0.322446
v 0.030696 0.597364 -0.358746
v 0.019896 0.622664 -0.358746
v 0.024196 0.609564 -0.357046
v -0.348704 0.435663 -0.379046
v -0.353104 0.448664 -0.377146
v -0.368804 0.441963 -0.367546
v -0.364404 0.428963 -0.369346
v -0.332504 0.442563 -0.387946
v -0.337004 0.455563 -0.385946
v -0.359404 0.460964 -0.379046
v -0.375204 0.454163 -0.369346
v -0.343304 0.467863 -0.387946
v -0.379804 0.422364 -0.358746
v -0.390504 0.447663 -0.358746
v -0.384104 0.435463 -0.357046
v 0.246396 0.689364 0.020154
v 0.242996 0.702864 0.020354
v 0.240396 0.701764 0.042854
v 0.243896 0.688263 0.042554
v 0.247996 0.690064 -0.002346
v 0.244496 0.703463 -0.002246
v 0.235596 0.714664 0.020154
v 0.233096 0.713564 0.042554
v 0.237196 0.715364 -0.002346
v 0.248496 0.690264 -0.024846
v 0.244996 0.703764 -0.024846
v 0.237696 0.715563 -0.024846
v -0.000404 0.584163 -0.379046
v -0.006704 0.596363 -0.377146
v -0.022804 0.589564 -0.385946
v -0.016604 0.577264 -0.387946
v 0.015396 0.590864 -0.369346
v 0.008996 0.603064 -0.367546
v -0.011204 0.609464 -0.379046
v -0.027404 0.602564 -0.387946
v 0.004596 0.616164 -0.369346
v -0.033204 0.570164 -0.395846
v -0.043904 0.595464 -0.395846
v -0.039304 0.582464 -0.393946
v -0.408904 0.409964 -0.335346
v -0.413004 0.423163 -0.333646
v -0.426704 0.417363 -0.320846
v -0.422604 0.404164 -0.322446
v -0.394604 0.416063 -0.347446
v -0.398804 0.429264 -0.345746
v -0.419704 0.435264 -0.335346
v -0.433404 0.429364 -0.322446
v -0.405404 0.441363 -0.347446
v -0.435704 0.398564 -0.308846
v -0.446504 0.423764 -0.308846
v -0.439704 0.411763 -0.307346
v 0.246396 0.689364 -0.069946
v 0.242996 0.702864 -0.070146
v 0.244496 0.703463 -0.047546
v 0.247996 0.690064 -0.047446
v 0.243896 0.688263 -0.092346
v 0.240396 0.701764 -0.092646
v 0.235596 0.714664 -0.069946
v 0.237196 0.715364 -0.047446
v 0.233096 0.713564 -0.092346
v -0.067304 0.555663 -0.409146
v -0.073304 0.568063 -0.407146
v -0.090604 0.560563 -0.412346
v -0.084804 0.548163 -0.414446
v -0.050104 0.562963 -0.402946
v -0.056104 0.575364 -0.400946
v -0.078104 0.580863 -0.409146
v -0.095604 0.573463 -0.414446
v -0.060904 0.588264 -0.402946
v -0.460104 0.388163 -0.279646
v -0.464004 0.401464 -0.278246
v -0.475104 0.396663 -0.262846
v -0.471204 0.383364 -0.264146
v -0.448204 0.393163 -0.294546
v -0.452204 0.406464 -0.293146
v -0.470904 0.413464 -0.279646
v -0.482004 0.408664 -0.264146
v -0.459004 0.418463 -0.294546
vn -0.3609 0.9148 0.1813
vn -0.3607 0.9147 0.1820
vn -0.3642 0.9121 0.1880
vn -0.3721 0.9095 0.1853
vn -0.3766 0.9079 0.1841
vn -0.3767 0.9078 0.1845
vn -0.4019 0.8961 -0.1882
vn -0.4018 0.8962 -0.1880
vn -0.4064 0.8946 -0.1859
vn -0.4143 0.8914 -0.1839
vn -0.3928 0.9000 -0.1889
vn -0.3928 0.9001 -0.1885
vn -0.2344 0.7964 0.5575
vn -0.2597 0.7856 0.5616
vn -0.2851 0.7748 0.5643
vn -0.3106 0.7639 0.5657
vn -0.3828 0.9052 0.1848
vn -0.3872 0.9035 0.1839
vn -0.3883 0.9030 -0.1839
vn -0.3883 0.9028 -0.1847
vn -0.3362 0.7530 -0.5657
vn -0.3361 0.7530 -0.5656
vn -0.3361 0.7530 -0.5657
vn -0.3617 0.7421 -0.5643
vn -0.3871 0.7313 -0.5616
vn -0.3870 0.7314 -0.5615
vn -0.4122 0.7206 -0.5575
vn -0.4121 0.7206 -0.5576
vn -0.4118 0.7206 -0.5578
vn -0.4120 0.7204 -0.5580
vn -0.4177 0.8894 -0.1854
vn -0.4167 0.8900 -0.1849
vn -0.3506 0.9191 0.1796
vn -0.3486 0.9195 0.1818
vn 0.4108 -0.8934 0.1820
vn 0.4002 -0.8979 0.1834
vn 0.4045 -0.8959 0.1836
vn 0.4111 -0.8933 0.1819
vn 0.3628 -0.9137 -0.1830
vn 0.3695 -0.9110 -0.1834
vn 0.3696 -0.9110 -0.1829
vn 0.3588 -0.9155 -0.1820
vn 0.3905 -0.9018 0.1852
vn 0.3963 -0.8997 0.1830
vn 0.3735 -0.9088 -0.1861
vn 0.3766 -0.9069 -0.1890
vn 0.4123 -0.7205 0.5575
vn 0.4167 -0.8907 0.1818
vn 0.4200 -0.8893 0.1809
vn 0.3536 -0.9177 -0.1812
vn 0.3500 -0.9191 -0.1810
vn 0.2344 -0.7964 -0.5575
vn 0.2342 -0.7964 -0.5575
vn 0.2597 -0.7856 -0.5616
vn 0.2851 -0.7748 -0.5643
vn 0.3106 -0.7639 -0.5657
vn 0.3823 -0.9055 -0.1843
vn 0.3838 -0.9051 -0.1828
vn 0.3851 -0.9045 0.1833
vn 0.3854 -0.9045 0.1828
vn 0.3362 -0.7530 0.5657
vn 0.3361 -0.7530 0.5657
vn 0.3617 -0.7421 0.5643
vn 0.3871 -0.7313 0.5616
vn 0.3870 -0.7313 0.5616
vn 0.3871 -0.7313 0.5615
vn 0.4427 -0.8785 0.1794
vn 0.4332 -0.8831 0.1802
vn 0.4367 -0.8816 0.1792
vn 0.4460 -0.8781 0.1733
vn 0.3250 -0.9291 -0.1764
vn 0.3352 -0.9248 -0.1799
vn 0.3353 -0.9247 -0.1804
vn 0.3251 -0.9292 -0.1756
vn 0.4270 -0.8863 0.1792
vn 0.4268 -0.8865 0.1786
vn 0.3473 -0.9203 -0.1802
vn 0.3466 -0.9205 -0.1804
vn 0.5107 -0.6786 0.5279
vn 0.4479 -0.8774 0.1719
vn 0.4531 -0.8753 0.1688
vn 0.3185 -0.9314 -0.1759
vn 0.3203 -0.9322 -0.1685
vn 0.1361 -0.8383 -0.5280
vn 0.1361 -0.8383 -0.5279
vn 0.1601 -0.8281 -0.5373
vn 0.1601 -0.8281 -0.5372
vn 0.1845 -0.8177 -0.5453
vn 0.2093 -0.8071 -0.5521
vn 0.4374 -0.7098 0.5521
vn 0.4622 -0.6993 0.5453
vn 0.4622 -0.6992 0.5453
vn 0.4866 -0.6888 0.5373
vn 0.4735 -0.8654 0.1638
vn 0.4643 -0.8698 0.1667
vn 0.4690 -0.8677 0.1650
vn 0.4770 -0.8643 0.1596
vn 0.2981 -0.9415 -0.1571
vn 0.3041 -0.9380 -0.1663
vn 0.3034 -0.9382 -0.1665
vn 0.2977 -0.9416 -0.1576
vn 0.4596 -0.8717 0.1697
vn 0.4599 -0.8715 0.1702
vn 0.3117 -0.9348 -0.1701
vn 0.3118 -0.9349 -0.1697
vn 0.6018 -0.6397 0.4781
vn 0.4773 -0.8649 0.1555
vn 0.4832 -0.8623 0.1514
vn 0.2916 -0.9443 -0.1524
vn 0.2909 -0.9444 -0.1529
vn 0.0448 -0.8772 -0.4781
vn 0.0449 -0.8772 -0.4781
vn 0.0669 -0.8678 -0.4923
vn 0.0668 -0.8678 -0.4923
vn 0.0668 -0.8679 -0.4923
vn 0.0893 -0.8582 -0.5055
vn 0.0893 -0.8582 -0.5054
vn 0.1125 -0.8484 -0.5173
vn 0.1126 -0.8484 -0.5172
vn 0.1125 -0.8484 -0.5172
vn 0.1124 -0.8484 -0.5173
vn 0.5343 -0.6685 0.5173
vn 0.5574 -0.6587 0.5054
vn 0.5575 -0.6587 0.5053
vn 0.5799 -0.6492 0.4923
vn 0.5799 -0.6493 0.4921
vn 0.5799 -0.6491 0.4923
vn 0.4984 -0.8559 0.1382
vn 0.4910 -0.8591 0.1445
vn 0.4948 -0.8574 0.1414
vn 0.5010 -0.8547 0.1359
vn 0.2724 -0.9526 -0.1356
vn 0.2782 -0.9500 -0.1416
vn 0.2764 -0.9507 -0.1406
vn 0.2709 -0.9532 -0.1341
vn 0.4881 -0.8597 0.1508
vn 0.4887 -0.8592 0.1515
vn 0.2818 -0.9474 -0.1516
vn 0.2824 -0.9474 -0.1508
vn 0.6823 -0.6054 0.4098
vn 0.5057 -0.8527 0.1309
vn 0.5057 -0.8528 0.1307
vn 0.2665 -0.9547 -0.1324
vn 0.2644 -0.9557 -0.1296
vn -0.0355 -0.9115 -0.4098
vn -0.0355 -0.9115 -0.4097
vn -0.0166 -0.9034 -0.4285
vn -0.0166 -0.9034 -0.4286
vn 0.0032 -0.8950 -0.4460
vn 0.0032 -0.8950 -0.4461
vn 0.0031 -0.8950 -0.4461
vn 0.0237 -0.8862 -0.4626
vn 0.6231 -0.6307 0.4626
vn 0.6436 -0.6219 0.4461
vn 0.6633 -0.6135 0.4285
vn 0.5214 -0.8455 0.1151
vn 0.5164 -0.8476 0.1219
vn 0.5209 -0.8455 0.1174
vn 0.5247 -0.8445 0.1073
vn 0.2496 -0.9622 -0.1089
vn 0.2566 -0.9593 -0.1178
vn 0.2557 -0.9597 -0.1169
vn 0.2495 -0.9622 -0.1095
vn 0.5111 -0.8507 0.1230
vn 0.5106 -0.8509 0.1236
vn 0.2582 -0.9583 -0.1221
vn 0.2610 -0.9571 -0.1256
vn 0.7489 -0.5770 0.3258
vn 0.5264 -0.8440 0.1027
vn 0.5256 -0.8445 0.1022
vn 0.2395 -0.9656 -0.1018
vn 0.2399 -0.9653 -0.1036
vn -0.1023 -0.9399 -0.3258
vn -0.1022 -0.9399 -0.3258
vn -0.0868 -0.9334 -0.3481
vn -0.0869 -0.9334 -0.3481
vn -0.0708 -0.9265 -0.3696
vn -0.0536 -0.9192 -0.3901
vn 0.7004 -0.5977 0.3902
vn 0.7175 -0.5904 0.3696
vn 0.7337 -0.5835 0.3481
vn 0.5377 -0.8392 0.0817
vn 0.5361 -0.8391 0.0926
vn 0.5378 -0.8388 0.0843
vn 0.5400 -0.8382 0.0763
vn 0.2274 -0.9705 -0.0802
vn 0.2360 -0.9679 -0.0859
vn 0.2364 -0.9679 -0.0851
vn 0.2285 -0.9702 -0.0802
vn 0.5338 -0.8401 0.0964
vn 0.5347 -0.8395 0.0968
vn 0.2415 -0.9655 -0.0975
vn 0.2420 -0.9654 -0.0968
vn 0.7992 -0.5556 0.2293
vn 0.7992 -0.5557 0.2293
vn 0.5418 -0.8375 0.0704
vn 0.5418 -0.8375 0.0706
vn 0.2299 -0.9707 -0.0702
vn 0.2292 -0.9708 -0.0708
vn -0.1526 -0.9613 -0.2293
vn -0.1413 -0.9567 -0.2544
vn -0.1415 -0.9567 -0.2544
vn -0.1295 -0.9516 -0.2789
vn -0.1167 -0.9458 -0.3030
vn -0.1164 -0.9460 -0.3027
vn -0.1164 -0.9459 -0.3027
vn 0.7631 -0.5710 0.3027
vn 0.7763 -0.5653 0.2789
vn 0.7763 -0.5654 0.2789
vn 0.7763 -0.5654 0.2788
vn 0.7883 -0.5602 0.2544
vn 0.5503 -0.8335 0.0496
vn 0.5476 -0.8349 0.0554
vn 0.5485 -0.8346 0.0516
vn 0.5532 -0.8321 0.0410
vn 0.2214 -0.9741 -0.0453
vn 0.2237 -0.9730 -0.0566
vn 0.2245 -0.9729 -0.0548
vn 0.2210 -0.9742 -0.0452
vn 0.5452 -0.8360 0.0622
vn 0.5452 -0.8360 0.0621
vn 0.2264 -0.9721 -0.0609
vn 0.2267 -0.9720 -0.0612
vn 0.8312 -0.5420 0.1240
vn 0.8312 -0.5419 0.1240
vn 0.5516 -0.8333 0.0349
vn 0.5517 -0.8334 0.0341
vn 0.2185 -0.9753 -0.0328
vn 0.2179 -0.9754 -0.0332
vn -0.1845 -0.9750 -0.1240
vn -0.1783 -0.9723 -0.1509
vn -0.1708 -0.9692 -0.1774
vn -0.1708 -0.9692 -0.1775
vn -0.1622 -0.9655 -0.2037
vn -0.1621 -0.9655 -0.2038
vn -0.1622 -0.9655 -0.2038
vn -0.1622 -0.9655 -0.2036
vn 0.8090 -0.5514 0.2036
vn 0.8176 -0.5477 0.1775
vn 0.8176 -0.5478 0.1775
vn 0.8250 -0.5446 0.1509
vn 0.8250 -0.5446 0.1508
vn 0.8250 -0.5447 0.1508
vn 0.8249 -0.5447 0.1509
vn 0.5579 -0.8298 0.0117
vn 0.5570 -0.8302 0.0211
vn 0.5577 -0.8299 0.0163
vn 0.5579 -0.8299 0.0064
vn 0.2111 -0.9774 -0.0112
vn 0.2133 -0.9768 -0.0208
vn 0.2127 -0.9769 -0.0203
vn 0.2110 -0.9774 -0.0113
vn 0.5550 -0.8315 0.0233
vn 0.5548 -0.8315 0.0273
vn 0.2137 -0.9765 -0.0281
vn 0.2141 -0.9764 -0.0279
vn 0.8437 -0.5366 0.0139
vn 0.5590 -0.8292 -0.0000
vn 0.5589 -0.8292 -0.0000
vn 0.2105 -0.9776 -0.0017
vn 0.2101 -0.9777 0.0009
vn -0.1970 -0.9803 -0.0139
vn -0.1957 -0.9798 -0.0416
vn -0.1932 -0.9787 -0.0692
vn -0.1895 -0.9771 -0.0967
vn -0.1895 -0.9771 -0.0968
vn -0.1894 -0.9771 -0.0967
vn 0.8362 -0.5398 0.0967
vn 0.8362 -0.5398 0.0966
vn 0.8400 -0.5382 0.0691
vn 0.8400 -0.5382 0.0692
vn 0.8425 -0.5371 0.0416
vn 0.5562 -0.8307 -0.0232
vn 0.5574 -0.8301 -0.0158
vn 0.5573 -0.8301 -0.0209
vn 0.5537 -0.8322 -0.0313
vn 0.2136 -0.9765 0.0281
vn 0.2133 -0.9768 0.0208
vn 0.2128 -0.9769 0.0203
vn 0.2140 -0.9764 0.0279
vn 0.5586 -0.8294 -0.0091
vn 0.5586 -0.8294 -0.0090
vn 0.2110 -0.9774 0.0113
vn 0.2106 -0.9775 0.0108
vn 0.8362 -0.5398 -0.0967
vn 0.5517 -0.8333 -0.0350
vn 0.5515 -0.8334 -0.0343
vn 0.2186 -0.9753 0.0329
vn 0.2179 -0.9754 0.0332
vn -0.1895 -0.9771 0.0967
vn -0.1932 -0.9787 0.0692
vn -0.1957 -0.9798 0.0416
vn -0.1956 -0.9798 0.0417
vn -0.1970 -0.9803 0.0139
vn 0.8437 -0.5366 -0.0139
vn 0.8425 -0.5371 -0.0416
vn 0.8400 -0.5382 -0.0692
vn 0.8400 -0.5382 -0.0693
vn 0.5460 -0.8356 -0.0603
vn 0.5483 -0.8347 -0.0519
vn 0.5477 -0.8348 -0.0558
vn 0.5447 -0.8362 -0.0641
vn 0.2264 -0.9721 0.0609
vn 0.2237 -0.9730 0.0566
vn 0.2244 -0.9730 0.0549
vn 0.2267 -0.9720 0.0612
vn 0.5537 -0.8316 -0.0433
vn 0.5502 -0.8340 -0.0422
vn 0.2215 -0.9741 0.0453
vn 0.2210 -0.9742 0.0452
vn 0.8090 -0.5514 -0.2036
vn 0.8090 -0.5515 -0.2036
vn 0.5418 -0.8375 -0.0704
vn 0.5418 -0.8375 -0.0706
vn 0.2298 -0.9707 0.0699
vn 0.2292 -0.9708 0.0707
vn -0.1622 -0.9655 0.2037
vn -0.1622 -0.9655 0.2038
vn -0.1622 -0.9655 0.2036
vn -0.1709 -0.9692 0.1774
vn -0.1709 -0.9692 0.1775
vn -0.1783 -0.9723 0.1509
vn -0.1845 -0.9750 0.1240
vn 0.8312 -0.5419 -0.1240
vn 0.8251 -0.5445 -0.1508
vn 0.8252 -0.5444 -0.1506
vn 0.8250 -0.5446 -0.1509
vn 0.8176 -0.5477 -0.1775
vn 0.8176 -0.5478 -0.1775
vn 0.5345 -0.8399 -0.0940
vn 0.5378 -0.8389 -0.0838
vn 0.5367 -0.8387 -0.0924
vn 0.5331 -0.8403 -0.0985
vn 0.2410 -0.9655 0.0982
vn 0.2360 -0.9680 0.0855
vn 0.2359 -0.9681 0.0844
vn 0.2420 -0.9654 0.0970
vn 0.5380 -0.8392 -0.0790
vn 0.5379 -0.8393 -0.0787
vn 0.2275 -0.9705 0.0804
vn 0.2285 -0.9702 0.0802
vn 0.7631 -0.5709 -0.3027
vn 0.7632 -0.5709 -0.3027
vn 0.5264 -0.8440 -0.1027
vn 0.5256 -0.8446 -0.1023
vn 0.2394 -0.9654 0.1036
vn 0.2404 -0.9651 0.1040
vn -0.1164 -0.9460 0.3027
vn -0.1295 -0.9515 0.2789
vn -0.1415 -0.9567 0.2543
vn -0.1415 -0.9567 0.2544
vn -0.1416 -0.9567 0.2544
vn -0.1525 -0.9613 0.2293
vn 0.7992 -0.5556 -0.2293
vn 0.7883 -0.5602 -0.2544
vn 0.7763 -0.5653 -0.2789
vn 0.7763 -0.5654 -0.2788
vn 0.5124 -0.8500 -0.1219
vn 0.5204 -0.8460 -0.1162
vn 0.5169 -0.8473 -0.1224
vn 0.5100 -0.8509 -0.1259
vn 0.2603 -0.9576 0.1234
vn 0.2564 -0.9593 0.1186
vn 0.2559 -0.9596 0.1173
vn 0.2605 -0.9575 0.1238
vn 0.5243 -0.8438 -0.1146
vn 0.5238 -0.8451 -0.1069
vn 0.2496 -0.9622 0.1087
vn 0.2495 -0.9622 0.1095
vn 0.7004 -0.5977 -0.3901
vn 0.5058 -0.8527 -0.1309
vn 0.5057 -0.8528 -0.1307
vn 0.2658 -0.9551 0.1307
vn 0.2656 -0.9552 0.1308
vn -0.0535 -0.9192 0.3901
vn -0.0536 -0.9192 0.3901
vn -0.0708 -0.9265 0.3696
vn -0.0708 -0.9265 0.3697
vn -0.0869 -0.9334 0.3481
vn -0.0868 -0.9334 0.3481
vn -0.1022 -0.9399 0.3258
vn 0.7490 -0.5770 -0.3258
vn 0.7489 -0.5770 -0.3258
vn 0.7489 -0.5770 -0.3259
vn 0.7337 -0.5835 -0.3481
vn 0.7175 -0.5904 -0.3696
vn 0.4898 -0.8590 -0.1489
vn 0.4941 -0.8578 -0.1417
vn 0.4910 -0.8591 -0.1446
vn 0.4872 -0.8600 -0.1517
vn 0.2818 -0.9474 0.1517
vn 0.2781 -0.9500 0.1416
vn 0.2764 -0.9507 0.1405
vn 0.2824 -0.9474 0.1508
vn 0.4995 -0.8554 -0.1369
vn 0.2723 -0.9526 0.1356
vn 0.2709 -0.9532 0.1341
vn 0.6231 -0.6307 -0.4626
vn 0.4789 -0.8645 -0.1525
vn 0.4820 -0.8631 -0.1510
vn 0.2920 -0.9442 0.1526
vn 0.2911 -0.9444 0.1530
vn 0.0237 -0.8863 0.4626
vn 0.0031 -0.8950 0.4461
vn -0.0165 -0.9033 0.4286
vn -0.0166 -0.9034 0.4286
vn -0.0166 -0.9034 0.4285
vn -0.0355 -0.9115 0.4097
vn -0.0355 -0.9115 0.4098
vn 0.6823 -0.6054 -0.4098
vn 0.6634 -0.6135 -0.4285
vn 0.6633 -0.6135 -0.4284
vn 0.6436 -0.6219 -0.4461
vn 0.4611 -0.8713 -0.1683
vn 0.4687 -0.8677 -0.1653
vn 0.4645 -0.8697 -0.1668
vn 0.4577 -0.8725 -0.1710
vn 0.3117 -0.9349 0.1698
vn 0.3041 -0.9380 0.1663
vn 0.3035 -0.9382 0.1663
vn 0.3118 -0.9349 0.1695
vn 0.4705 -0.8674 -0.1620
vn 0.4710 -0.8669 -0.1630
vn 0.2978 -0.9417 0.1567
vn 0.2974 -0.9417 0.1572
vn 0.5343 -0.6685 -0.5173
vn 0.4500 -0.8768 -0.1698
vn 0.4504 -0.8768 -0.1686
vn 0.3182 -0.9318 0.1747
vn 0.3164 -0.9331 0.1710
vn 0.1124 -0.8484 0.5173
vn 0.0890 -0.8582 0.5055
vn 0.0893 -0.8582 0.5054
vn 0.0893 -0.8583 0.5054
vn 0.0894 -0.8583 0.5053
vn 0.0668 -0.8678 0.4923
vn 0.0668 -0.8679 0.4923
vn 0.0668 -0.8678 0.4924
vn 0.0449 -0.8772 0.4781
vn 0.6018 -0.6397 -0.4781
vn 0.6018 -0.6397 -0.4782
vn 0.5799 -0.6491 -0.4923
vn 0.5799 -0.6491 -0.4924
vn 0.5574 -0.6588 -0.5052
vn 0.5574 -0.6587 -0.5054
vn 0.4286 -0.8858 -0.1780
vn 0.4373 -0.8814 -0.1784
vn 0.4342 -0.8826 -0.1803
vn 0.4247 -0.8872 -0.1801
vn 0.3461 -0.9211 0.1783
vn 0.3352 -0.9248 0.1799
vn 0.3355 -0.9246 0.1805
vn 0.3458 -0.9211 0.1791
vn 0.4403 -0.8805 -0.1756
vn 0.4402 -0.8802 -0.1773
vn 0.3252 -0.9291 0.1764
vn 0.3251 -0.9292 0.1756
vn 0.4373 -0.7099 -0.5521
vn 0.4374 -0.7098 -0.5521
vn 0.4185 -0.8900 -0.1811
vn 0.4184 -0.8901 -0.1810
vn 0.3517 -0.9185 0.1806
vn 0.3518 -0.9185 0.1808
vn 0.2093 -0.8071 0.5521
vn 0.1845 -0.8176 0.5454
vn 0.1601 -0.8281 0.5373
vn 0.1601 -0.8281 0.5372
vn 0.1361 -0.8383 0.5279
vn 0.5107 -0.6786 -0.5279
vn 0.4866 -0.6888 -0.5373
vn 0.4866 -0.6888 -0.5374
vn 0.4622 -0.6993 -0.5453
vn 0.3965 -0.8996 -0.1832
vn 0.4043 -0.8961 -0.1833
vn 0.4000 -0.8979 -0.1835
vn 0.3902 -0.9019 -0.1851
vn 0.3745 -0.9080 0.1881
vn 0.3704 -0.9106 0.1834
vn 0.3706 -0.9106 0.1830
vn 0.3758 -0.9074 0.1881
vn 0.4106 -0.8935 -0.1818
vn 0.4107 -0.8934 -0.1820
vn 0.3611 -0.9146 0.1820
vn 0.3609 -0.9147 0.1820
vn 0.3362 -0.7530 -0.5657
vn 0.3362 -0.7529 -0.5657
vn 0.3877 -0.9034 -0.1831
vn 0.3872 -0.9038 -0.1824
vn 0.3834 -0.9052 0.1834
vn 0.3844 -0.9047 0.1837
vn 0.3106 -0.7639 0.5657
vn 0.2851 -0.7748 0.5643
vn 0.2597 -0.7856 0.5616
vn 0.2343 -0.7964 0.5575
vn 0.2344 -0.7964 0.5575
vn 0.4123 -0.7205 -0.5575
vn 0.3871 -0.7313 -0.5616
vn 0.3617 -0.7421 -0.5643
vn 0.3622 -0.9134 -0.1857
vn 0.3703 -0.9099 -0.1869
vn 0.3667 -0.9114 -0.1866
vn 0.3575 -0.9152 -0.1859
vn 0.4108 -0.8935 0.1815
vn 0.4018 -0.8964 0.1873
vn 0.4016 -0.8963 0.1881
vn 0.4113 -0.8932 0.1820
vn 0.3759 -0.9071 -0.1892
vn 0.3772 -0.9066 -0.1891
vn 0.3953 -0.8988 0.1893
vn 0.3912 -0.9007 0.1889
vn 0.3522 -0.9183 -0.1807
vn 0.3526 -0.9183 -0.1799
vn 0.4189 -0.8898 0.1808
vn 0.4189 -0.8898 0.1811
vn 0.4119 -0.7205 0.5579
vn 0.4121 -0.7205 0.5577
vn 0.4123 -0.7205 0.5576
vn 0.4125 -0.7205 0.5575
vn 0.3616 -0.7422 0.5642
vn 0.2596 -0.7857 -0.5615
vn 0.2597 -0.7857 -0.5614
vn 0.2596 -0.7856 -0.5616
vn 0.3310 -0.9269 -0.1772
vn 0.3384 -0.9243 -0.1763
vn 0.3332 -0.9263 -0.1759
vn 0.3234 -0.9297 -0.1764
vn 0.4425 -0.8802 0.1717
vn 0.4337 -0.8839 0.1750
vn 0.4334 -0.8840 0.1755
vn 0.4440 -0.8795 0.1713
vn 0.3429 -0.9226 -0.1770
vn 0.3444 -0.9219 -0.1775
vn 0.4265 -0.8868 0.1783
vn 0.4260 -0.8869 0.1784
vn 0.3163 -0.9331 -0.1713
vn 0.3160 -0.9332 -0.1710
vn 0.4500 -0.8768 0.1694
vn 0.4500 -0.8768 0.1697
vn 0.4866 -0.6889 0.5373
vn 0.4623 -0.6992 0.5454
vn 0.4621 -0.6994 0.5452
vn 0.4375 -0.7098 0.5521
vn 0.1602 -0.8280 -0.5373
vn 0.3005 -0.9404 -0.1593
vn 0.3082 -0.9370 -0.1644
vn 0.3032 -0.9393 -0.1608
vn 0.2959 -0.9423 -0.1565
vn 0.4772 -0.8642 0.1596
vn 0.4678 -0.8690 0.1611
vn 0.4680 -0.8689 0.1611
vn 0.4758 -0.8644 0.1626
vn 0.3139 -0.9349 -0.1655
vn 0.3138 -0.9350 -0.1651
vn 0.4584 -0.8733 0.1651
vn 0.4580 -0.8735 0.1650
vn 0.0450 -0.8771 -0.4781
vn 0.0451 -0.8771 -0.4781
vn 0.0450 -0.8772 -0.4781
vn 0.2906 -0.9449 -0.1509
vn 0.2911 -0.9446 -0.1514
vn 0.4781 -0.8641 0.1574
vn 0.4788 -0.8637 0.1577
vn 0.5800 -0.6491 0.4923
vn 0.5801 -0.6491 0.4921
vn 0.0670 -0.8679 -0.4923
vn 0.0669 -0.8679 -0.4923
vn 0.2729 -0.9517 -0.1410
vn 0.2778 -0.9494 -0.1464
vn 0.2747 -0.9506 -0.1445
vn 0.2690 -0.9537 -0.1344
vn 0.4992 -0.8558 0.1357
vn 0.4956 -0.8563 0.1456
vn 0.4966 -0.8557 0.1452
vn 0.5002 -0.8553 0.1354
vn 0.2835 -0.9477 -0.1468
vn 0.2821 -0.9482 -0.1461
vn 0.4841 -0.8620 0.1506
vn 0.4848 -0.8619 0.1487
vn -0.0354 -0.9115 -0.4098
vn 0.2653 -0.9553 -0.1305
vn 0.2654 -0.9554 -0.1297
vn 0.5054 -0.8530 0.1305
vn 0.5058 -0.8527 0.1308
vn 0.6436 -0.6220 0.4461
vn 0.0237 -0.8863 -0.4625
vn 0.0237 -0.8863 -0.4626
vn 0.0236 -0.8863 -0.4626
vn 0.0236 -0.8863 -0.4625
vn 0.0030 -0.8950 -0.4461
vn 0.0029 -0.8950 -0.4461
vn 0.2481 -0.9619 -0.1147
vn 0.2555 -0.9591 -0.1218
vn 0.2506 -0.9613 -0.1146
vn 0.2444 -0.9635 -0.1096
vn 0.5210 -0.8465 0.1096
vn 0.5181 -0.8467 0.1207
vn 0.5185 -0.8465 0.1212
vn 0.5215 -0.8462 0.1096
vn 0.2565 -0.9584 -0.1256
vn 0.2554 -0.9588 -0.1248
vn 0.5137 -0.8484 0.1277
vn 0.5129 -0.8490 0.1268
vn 0.2404 -0.9654 -0.1013
vn 0.2402 -0.9655 -0.1010
vn 0.5266 -0.8441 0.1011
vn 0.5269 -0.8439 0.1010
vn -0.0536 -0.9192 -0.3902
vn -0.0870 -0.9334 -0.3481
vn -0.0871 -0.9334 -0.3481
vn 0.2333 -0.9691 -0.0797
vn 0.2343 -0.9679 -0.0905
vn 0.2320 -0.9688 -0.0873
vn 0.2302 -0.9701 -0.0765
vn 0.5418 -0.8371 0.0758
vn 0.5374 -0.8387 0.0886
vn 0.5378 -0.8383 0.0890
vn 0.5386 -0.8389 0.0777
vn 0.2408 -0.9660 -0.0945
vn 0.2419 -0.9654 -0.0971
vn 0.5354 -0.8390 0.0969
vn 0.5298 -0.8424 0.0983
vn -0.1524 -0.9613 -0.2293
vn 0.2258 -0.9715 -0.0724
vn 0.2256 -0.9714 -0.0735
vn 0.5464 -0.8347 0.0694
vn 0.5457 -0.8349 0.0717
vn 0.7992 -0.5558 0.2289
vn 0.7993 -0.5555 0.2293
vn 0.7883 -0.5603 0.2545
vn 0.7762 -0.5655 0.2789
vn -0.1294 -0.9516 -0.2789
vn -0.1295 -0.9515 -0.2789
vn 0.2164 -0.9752 -0.0475
vn 0.2252 -0.9728 -0.0543
vn 0.2206 -0.9741 -0.0503
vn 0.2178 -0.9751 -0.0420
vn 0.5494 -0.8343 0.0457
vn 0.5479 -0.8348 0.0539
vn 0.5478 -0.8349 0.0540
vn 0.5498 -0.8340 0.0459
vn 0.2263 -0.9720 -0.0638
vn 0.2261 -0.9719 -0.0652
vn 0.5451 -0.8361 0.0615
vn 0.5455 -0.8358 0.0616
vn 0.2194 -0.9748 -0.0391
vn 0.2160 -0.9756 -0.0397
vn 0.5559 -0.8304 0.0364
vn 0.5552 -0.8309 0.0364
vn 0.8313 -0.5419 0.1240
vn 0.8313 -0.5418 0.1240
vn 0.8089 -0.5515 0.2037
vn 0.8091 -0.5512 0.2037
vn -0.1621 -0.9655 -0.2037
vn -0.1617 -0.9655 -0.2042
vn -0.1709 -0.9692 -0.1775
vn -0.1709 -0.9692 -0.1774
vn 0.2135 -0.9768 -0.0134
vn 0.2133 -0.9767 -0.0216
vn 0.2133 -0.9769 -0.0145
vn 0.2136 -0.9769 -0.0046
vn 0.5544 -0.8322 0.0096
vn 0.5576 -0.8299 0.0190
vn 0.5583 -0.8294 0.0196
vn 0.5547 -0.8320 0.0090
vn 0.2138 -0.9765 -0.0284
vn 0.5575 -0.8298 0.0260
vn 0.5542 -0.8320 0.0235
vn 0.2144 -0.9767 -0.0000
vn 0.2102 -0.9777 0.0002
vn 0.5549 -0.8319 -0.0000
vn 0.8438 -0.5366 0.0139
vn 0.8438 -0.5365 0.0139
vn 0.8363 -0.5397 0.0967
vn 0.8364 -0.5395 0.0967
vn -0.1932 -0.9787 -0.0693
vn 0.2139 -0.9765 0.0254
vn 0.2124 -0.9771 0.0151
vn 0.2133 -0.9768 0.0216
vn 0.2147 -0.9762 0.0300
vn 0.5575 -0.8298 -0.0262
vn 0.5576 -0.8299 -0.0190
vn 0.5583 -0.8294 -0.0195
vn 0.5553 -0.8313 -0.0234
vn 0.2108 -0.9775 0.0110
vn 0.2104 -0.9776 0.0101
vn 0.5544 -0.8322 -0.0096
vn 0.5547 -0.8320 -0.0090
vn -0.1895 -0.9771 0.0966
vn -0.1895 -0.9771 0.0965
vn 0.2188 -0.9750 0.0394
vn 0.2157 -0.9757 0.0394
vn 0.5559 -0.8305 -0.0365
vn 0.5552 -0.8309 -0.0364
vn 0.8362 -0.5399 -0.0967
vn 0.8425 -0.5371 -0.0415
vn 0.8436 -0.5367 -0.0139
vn -0.1958 -0.9798 0.0417
vn -0.1957 -0.9798 0.0417
vn -0.1959 -0.9797 0.0417
vn -0.1932 -0.9787 0.0693
vn 0.2262 -0.9722 0.0614
vn 0.2205 -0.9741 0.0505
vn 0.2253 -0.9727 0.0555
vn 0.2258 -0.9720 0.0657
vn 0.5451 -0.8361 -0.0615
vn 0.5479 -0.8348 -0.0539
vn 0.5478 -0.8349 -0.0540
vn 0.5455 -0.8358 -0.0616
vn 0.2172 -0.9752 0.0434
vn 0.2176 -0.9751 0.0429
vn 0.5493 -0.8344 -0.0457
vn 0.5498 -0.8341 -0.0459
vn -0.1623 -0.9655 0.2036
vn 0.2258 -0.9715 0.0724
vn 0.2257 -0.9714 0.0735
vn 0.5466 -0.8345 -0.0698
vn 0.5457 -0.8349 -0.0719
vn 0.8090 -0.5515 -0.2037
vn 0.8175 -0.5478 -0.1775
vn -0.1846 -0.9749 0.1242
vn 0.2405 -0.9663 0.0924
vn 0.2321 -0.9689 0.0861
vn 0.2333 -0.9682 0.0898
vn 0.2407 -0.9657 0.0979
vn 0.5357 -0.8390 -0.0956
vn 0.5375 -0.8386 -0.0887
vn 0.5379 -0.8383 -0.0891
vn 0.5294 -0.8427 -0.0982
vn 0.2324 -0.9694 0.0788
vn 0.2340 -0.9691 0.0781
vn 0.5410 -0.8376 -0.0756
vn 0.5386 -0.8389 -0.0777
vn -0.1163 -0.9460 0.3027
vn 0.2421 -0.9651 0.1001
vn 0.2423 -0.9651 0.0997
vn 0.5266 -0.8441 -0.1011
vn 0.5269 -0.8439 -0.1010
vn 0.7761 -0.5656 -0.2788
vn 0.7762 -0.5655 -0.2789
vn 0.7762 -0.5655 -0.2788
vn 0.7762 -0.5656 -0.2787
vn 0.7882 -0.5603 -0.2545
vn 0.7881 -0.5604 -0.2545
vn 0.7991 -0.5557 -0.2293
vn 0.7992 -0.5556 -0.2292
vn 0.7992 -0.5557 -0.2292
vn -0.1415 -0.9566 0.2546
vn -0.1295 -0.9516 0.2789
vn 0.2561 -0.9587 0.1237
vn 0.2518 -0.9612 0.1131
vn 0.2551 -0.9593 0.1213
vn 0.2574 -0.9579 0.1272
vn 0.5134 -0.8485 -0.1284
vn 0.5183 -0.8466 -0.1207
vn 0.5187 -0.8463 -0.1212
vn 0.5129 -0.8490 -0.1272
vn 0.2453 -0.9629 0.1123
vn 0.2446 -0.9631 0.1124
vn 0.5209 -0.8465 -0.1098
vn 0.5214 -0.8462 -0.1097
vn -0.0536 -0.9192 0.3900
vn -0.0538 -0.9193 0.3899
vn -0.0537 -0.9192 0.3901
vn 0.2654 -0.9553 0.1306
vn 0.2655 -0.9553 0.1297
vn 0.5054 -0.8530 -0.1306
vn 0.5058 -0.8527 -0.1308
vn 0.7004 -0.5977 -0.3902
vn 0.7337 -0.5836 -0.3481
vn 0.2810 -0.9485 0.1461
vn 0.2741 -0.9509 0.1436
vn 0.2771 -0.9496 0.1466
vn 0.2867 -0.9461 0.1503
vn 0.4841 -0.8620 -0.1503
vn 0.4956 -0.8563 -0.1456
vn 0.4966 -0.8557 -0.1452
vn 0.4848 -0.8619 -0.1486
vn 0.2729 -0.9519 0.1392
vn 0.2739 -0.9518 0.1384
vn 0.4992 -0.8558 -0.1357
vn 0.5002 -0.8553 -0.1354
vn 0.0237 -0.8863 0.4625
vn 0.0237 -0.8862 0.4626
vn 0.2913 -0.9447 0.1509
vn 0.2913 -0.9446 0.1514
vn 0.4775 -0.8645 -0.1568
vn 0.4788 -0.8636 -0.1581
vn 0.6435 -0.6219 -0.4462
vn 0.6436 -0.6219 -0.4462
vn 0.6633 -0.6135 -0.4285
vn 0.6823 -0.6054 -0.4099
vn 0.3101 -0.9363 0.1651
vn 0.3030 -0.9393 0.1609
vn 0.3082 -0.9370 0.1642
vn 0.3161 -0.9337 0.1685
vn 0.4582 -0.8732 -0.1657
vn 0.4678 -0.8690 -0.1611
vn 0.4670 -0.8695 -0.1609
vn 0.4580 -0.8734 -0.1658
vn 0.2987 -0.9413 0.1573
vn 0.2990 -0.9412 0.1572
vn 0.4722 -0.8675 -0.1562
vn 0.4720 -0.8676 -0.1565
vn 0.1126 -0.8483 0.5174
vn 0.1124 -0.8484 0.5174
vn 0.3163 -0.9331 0.1713
vn 0.3159 -0.9332 0.1713
vn 0.4500 -0.8767 -0.1700
vn 0.4501 -0.8766 -0.1703
vn 0.5801 -0.6490 -0.4922
vn 0.5799 -0.6491 -0.4922
vn 0.6018 -0.6398 -0.4780
vn 0.0448 -0.8772 0.4780
vn 0.0449 -0.8772 0.4780
vn 0.0447 -0.8775 0.4774
vn 0.0670 -0.8678 0.4924
vn 0.0671 -0.8678 0.4923
vn 0.0671 -0.8677 0.4925
vn 0.0894 -0.8582 0.5055
vn 0.0895 -0.8582 0.5055
vn 0.3416 -0.9228 0.1783
vn 0.3332 -0.9263 0.1757
vn 0.3388 -0.9240 0.1771
vn 0.3466 -0.9207 0.1793
vn 0.4263 -0.8869 -0.1779
vn 0.4336 -0.8839 -0.1751
vn 0.4333 -0.8840 -0.1753
vn 0.4252 -0.8874 -0.1781
vn 0.3262 -0.9283 0.1786
vn 0.3274 -0.9277 0.1794
vn 0.4421 -0.8803 -0.1720
vn 0.4440 -0.8795 -0.1713
vn 0.3522 -0.9183 0.1807
vn 0.3527 -0.9183 0.1800
vn 0.4189 -0.8899 -0.1808
vn 0.4189 -0.8898 -0.1811
vn 0.4621 -0.6994 -0.5452
vn 0.4866 -0.6889 -0.5373
vn 0.4865 -0.6890 -0.5372
vn 0.4866 -0.6889 -0.5372
vn 0.5106 -0.6786 -0.5279
vn 0.5106 -0.6787 -0.5279
vn 0.1845 -0.8177 0.5453
vn 0.3779 -0.9064 0.1889
vn 0.3665 -0.9116 0.1864
vn 0.3701 -0.9100 0.1870
vn 0.3787 -0.9062 0.1880
vn 0.3978 -0.8986 -0.1852
vn 0.4018 -0.8962 -0.1881
vn 0.4015 -0.8961 -0.1890
vn 0.3900 -0.9021 -0.1848
vn 0.3606 -0.9140 0.1861
vn 0.3603 -0.9140 0.1867
vn 0.4109 -0.8934 -0.1816
vn 0.4113 -0.8932 -0.1820
vn 0.3363 -0.7528 -0.5659
vn 0.3362 -0.7528 -0.5659
vn 0.3367 -0.7529 -0.5655
vn 0.3364 -0.7530 -0.5655
vn 0.3618 -0.7421 -0.5643
vn 0.3872 -0.7312 -0.5616
vn 0.4123 -0.7206 -0.5575
vn 0.4120 -0.7207 -0.5576
vn 0.4123 -0.7206 -0.5574
vn 0.4124 -0.7205 -0.5575
vn 0.2598 -0.7856 0.5616
vn 0.2851 -0.7747 0.5644
vn 0.2850 -0.7747 0.5644
vn -0.3355 0.9246 0.1806
vn -0.3382 0.9238 0.1796
vn -0.3295 0.9279 0.1742
vn -0.3261 0.9293 0.1736
vn -0.3409 0.9230 0.1785
vn -0.3468 0.9208 0.1787
vn -0.4341 0.8837 -0.1747
vn -0.4325 0.8841 -0.1770
vn -0.4427 0.8797 -0.1737
vn -0.4428 0.8796 -0.1741
vn -0.4255 0.8864 -0.1825
vn -0.4290 0.8849 -0.1816
vn -0.1361 0.8383 0.5279
vn -0.1361 0.8383 0.5280
vn -0.1601 0.8280 0.5373
vn -0.1601 0.8281 0.5373
vn -0.1602 0.8281 0.5373
vn -0.1601 0.8281 0.5372
vn -0.1845 0.8176 0.5454
vn -0.2093 0.8071 0.5521
vn -0.4374 0.7098 -0.5522
vn -0.4373 0.7098 -0.5522
vn -0.4374 0.7098 -0.5521
vn -0.4622 0.6993 -0.5453
vn -0.4866 0.6889 -0.5373
vn -0.4866 0.6888 -0.5373
vn -0.5107 0.6786 -0.5278
vn -0.5107 0.6786 -0.5279
vn -0.4542 0.8746 -0.1694
vn -0.4477 0.8775 -0.1719
vn -0.3222 0.9303 0.1752
vn -0.3222 0.9306 0.1738
vn -0.3024 0.9389 0.1645
vn -0.3055 0.9376 0.1662
vn -0.2982 0.9407 0.1619
vn -0.2950 0.9420 0.1600
vn -0.3113 0.9350 0.1699
vn -0.3113 0.9351 0.1696
vn -0.4667 0.8687 -0.1663
vn -0.4664 0.8689 -0.1655
vn -0.4707 0.8678 -0.1591
vn -0.4748 0.8659 -0.1574
vn -0.4553 0.8739 -0.1704
vn -0.4620 0.8708 -0.1684
vn -0.0449 0.8772 0.4781
vn -0.0668 0.8679 0.4923
vn -0.0668 0.8678 0.4923
vn -0.0893 0.8582 0.5054
vn -0.0893 0.8583 0.5054
vn -0.0893 0.8583 0.5053
vn -0.1124 0.8484 0.5173
vn -0.5343 0.6685 -0.5173
vn -0.5574 0.6587 -0.5054
vn -0.5799 0.6491 -0.4923
vn -0.5800 0.6491 -0.4923
vn -0.6018 0.6397 -0.4781
vn -0.4797 0.8642 -0.1521
vn -0.4792 0.8643 -0.1531
vn -0.2891 0.9445 0.1562
vn -0.2890 0.9445 0.1563
vn -0.2752 0.9509 0.1414
vn -0.2797 0.9495 0.1422
vn -0.2741 0.9518 0.1374
vn -0.2738 0.9518 0.1386
vn -0.2819 0.9475 0.1510
vn -0.2824 0.9474 0.1509
vn -0.4947 0.8566 -0.1468
vn -0.4910 0.8589 -0.1459
vn -0.5015 0.8538 -0.1398
vn -0.5012 0.8540 -0.1395
vn -0.4871 0.8600 -0.1518
vn -0.4896 0.8591 -0.1490
vn 0.0355 0.9115 0.4098
vn 0.0166 0.9034 0.4285
vn -0.0031 0.8950 0.4461
vn -0.0237 0.8863 0.4626
vn -0.0237 0.8863 0.4625
vn -0.0237 0.8862 0.4626
vn -0.6231 0.6307 -0.4626
vn -0.6437 0.6219 -0.4461
vn -0.6436 0.6219 -0.4461
vn -0.6437 0.6218 -0.4460
vn -0.6633 0.6135 -0.4286
vn -0.6633 0.6135 -0.4285
vn -0.6823 0.6054 -0.4099
vn -0.6823 0.6054 -0.4098
vn -0.6822 0.6054 -0.4100
vn -0.5094 0.8505 -0.1312
vn -0.5060 0.8520 -0.1347
vn -0.2609 0.9566 0.1296
vn -0.2645 0.9548 0.1356
vn -0.2489 0.9612 0.1191
vn -0.2548 0.9594 0.1212
vn -0.2501 0.9621 0.1089
vn -0.2495 0.9621 0.1096
vn -0.2615 0.9572 0.1239
vn -0.2605 0.9575 0.1238
vn -0.5184 0.8475 -0.1143
vn -0.5177 0.8479 -0.1145
vn -0.5206 0.8460 -0.1151
vn -0.5258 0.8437 -0.1080
vn -0.5102 0.8504 -0.1289
vn -0.5151 0.8484 -0.1216
vn 0.1022 0.9399 0.3258
vn 0.0868 0.9334 0.3481
vn 0.0869 0.9334 0.3481
vn 0.0708 0.9265 0.3696
vn 0.0708 0.9265 0.3695
vn 0.0536 0.9192 0.3901
vn 0.0536 0.9192 0.3902
vn -0.7004 0.5977 -0.3901
vn -0.7005 0.5976 -0.3902
vn -0.7004 0.5976 -0.3902
vn -0.7175 0.5904 -0.3697
vn -0.7175 0.5904 -0.3696
vn -0.7337 0.5835 -0.3481
vn -0.7489 0.5770 -0.3259
vn -0.7489 0.5770 -0.3260
vn -0.7489 0.5770 -0.3258
vn -0.5302 0.8413 -0.1055
vn -0.5299 0.8416 -0.1047
vn -0.2398 0.9655 0.1011
vn -0.2442 0.9637 0.1075
vn -0.2345 0.9685 0.0842
vn -0.2374 0.9673 0.0895
vn -0.2326 0.9695 0.0778
vn -0.2326 0.9695 0.0777
vn -0.2422 0.9656 0.0942
vn -0.2422 0.9654 0.0962
vn -0.5340 0.8411 -0.0862
vn -0.5337 0.8413 -0.0860
vn -0.5376 0.8393 -0.0813
vn -0.5400 0.8382 -0.0760
vn -0.5295 0.8427 -0.0975
vn -0.5319 0.8418 -0.0925
vn 0.1524 0.9614 0.2292
vn 0.1524 0.9614 0.2293
vn 0.1525 0.9614 0.2292
vn 0.1415 0.9567 0.2544
vn 0.1295 0.9515 0.2789
vn 0.1295 0.9515 0.2790
vn 0.1295 0.9516 0.2789
vn 0.1164 0.9459 0.3027
vn 0.1164 0.9460 0.3027
vn -0.7633 0.5707 -0.3029
vn -0.7632 0.5707 -0.3029
vn -0.7763 0.5653 -0.2789
vn -0.7762 0.5654 -0.2789
vn -0.7883 0.5602 -0.2544
vn -0.7992 0.5556 -0.2294
vn -0.7992 0.5556 -0.2293
vn -0.5465 0.8343 -0.0726
vn -0.5435 0.8361 -0.0750
vn -0.2273 0.9714 0.0681
vn -0.2299 0.9705 0.0722
vn -0.2190 0.9745 0.0492
vn -0.2234 0.9730 0.0575
vn -0.2167 0.9751 0.0471
vn -0.2170 0.9751 0.0462
vn -0.2267 0.9720 0.0616
vn -0.2265 0.9721 0.0614
vn -0.5512 0.8325 -0.0556
vn -0.5504 0.8329 -0.0568
vn -0.5518 0.8325 -0.0494
vn -0.5528 0.8323 -0.0412
vn -0.5472 0.8345 -0.0647
vn -0.5482 0.8341 -0.0611
vn 0.1844 0.9750 0.1240
vn 0.1845 0.9750 0.1240
vn 0.1843 0.9750 0.1243
vn 0.1846 0.9749 0.1242
vn 0.1783 0.9723 0.1509
vn 0.1709 0.9692 0.1775
vn 0.1709 0.9692 0.1774
vn 0.1622 0.9655 0.2037
vn 0.1621 0.9655 0.2038
vn 0.1622 0.9655 0.2036
vn -0.8090 0.5514 -0.2036
vn -0.8176 0.5477 -0.1775
vn -0.8250 0.5446 -0.1509
vn -0.8250 0.5446 -0.1510
vn -0.8314 0.5417 -0.1240
vn -0.8312 0.5419 -0.1240
vn -0.8313 0.5417 -0.1240
vn -0.8315 0.5415 -0.1240
vn -0.5512 0.8336 -0.0347
vn -0.5516 0.8334 -0.0352
vn -0.2189 0.9752 0.0334
vn -0.2204 0.9746 0.0392
vn -0.2132 0.9769 0.0144
vn -0.2149 0.9764 0.0232
vn -0.2179 0.9759 0.0080
vn -0.2174 0.9761 0.0077
vn -0.2178 0.9756 0.0263
vn -0.2174 0.9757 0.0266
vn -0.5545 0.8319 -0.0214
vn -0.5534 0.8327 -0.0198
vn -0.5582 0.8296 -0.0121
vn -0.5581 0.8298 -0.0065
vn -0.5538 0.8321 -0.0312
vn -0.5550 0.8316 -0.0224
vn 0.1970 0.9803 0.0139
vn 0.1957 0.9798 0.0416
vn 0.1932 0.9787 0.0692
vn 0.1895 0.9771 0.0967
vn -0.8363 0.5396 -0.0967
vn -0.8363 0.5398 -0.0967
vn -0.8364 0.5395 -0.0967
vn -0.8400 0.5382 -0.0692
vn -0.8400 0.5382 -0.0691
vn -0.8425 0.5371 -0.0416
vn -0.8437 0.5366 -0.0139
vn -0.5589 0.8292 -0.0000
vn -0.5590 0.8292 -0.0000
vn -0.2158 0.9764 -0.0037
vn -0.2157 0.9764 0.0037
vn -0.2137 0.9768 -0.0161
vn -0.2142 0.9767 -0.0149
vn -0.2179 0.9756 -0.0265
vn -0.2176 0.9757 -0.0269
vn -0.2181 0.9759 -0.0091
vn -0.2176 0.9760 -0.0099
vn -0.5544 0.8320 0.0214
vn -0.5534 0.8327 0.0198
vn -0.5544 0.8319 0.0225
vn -0.5536 0.8322 0.0311
vn -0.5581 0.8298 0.0065
vn -0.5582 0.8296 0.0121
vn 0.1895 0.9771 -0.0968
vn 0.1894 0.9771 -0.0968
vn 0.1896 0.9771 -0.0970
vn 0.1932 0.9787 -0.0692
vn 0.1957 0.9798 -0.0416
vn 0.1970 0.9803 -0.0139
vn -0.8435 0.5370 0.0136
vn -0.8436 0.5367 0.0139
vn -0.8437 0.5366 0.0139
vn -0.8438 0.5365 0.0139
vn -0.8425 0.5371 0.0416
vn -0.8400 0.5382 0.0692
vn -0.8362 0.5398 0.0968
vn -0.8362 0.5398 0.0967
vn -0.8361 0.5399 0.0968
vn -0.8362 0.5398 0.0969
vn -0.5513 0.8336 0.0347
vn -0.5516 0.8334 0.0352
vn -0.2200 0.9747 -0.0394
vn -0.2182 0.9753 -0.0333
vn -0.2229 0.9731 -0.0573
vn -0.2194 0.9744 -0.0491
vn -0.2270 0.9719 -0.0618
vn -0.2270 0.9719 -0.0622
vn -0.2169 0.9750 -0.0473
vn -0.2172 0.9750 -0.0465
vn -0.5510 0.8326 0.0558
vn -0.5503 0.8330 0.0568
vn -0.5482 0.8341 0.0611
vn -0.5473 0.8344 0.0648
vn -0.5527 0.8323 0.0412
vn -0.5517 0.8326 0.0495
vn 0.1622 0.9655 -0.2037
vn 0.1622 0.9655 -0.2036
vn 0.1621 0.9655 -0.2037
vn 0.1709 0.9692 -0.1775
vn 0.1709 0.9692 -0.1774
vn 0.1783 0.9723 -0.1509
vn 0.1844 0.9750 -0.1240
vn 0.1845 0.9750 -0.1241
vn 0.1845 0.9750 -0.1240
vn -0.8312 0.5419 0.1241
vn -0.8312 0.5419 0.1240
vn -0.8313 0.5419 0.1240
vn -0.8250 0.5446 0.1510
vn -0.8250 0.5446 0.1511
vn -0.8250 0.5446 0.1509
vn -0.8176 0.5477 0.1775
vn -0.8090 0.5514 0.2036
vn -0.5467 0.8342 0.0721
vn -0.5437 0.8359 0.0751
vn -0.2299 0.9706 -0.0719
vn -0.2272 0.9715 -0.0681
vn -0.2374 0.9673 -0.0897
vn -0.2350 0.9683 -0.0843
vn -0.2405 0.9663 -0.0922
vn -0.2394 0.9666 -0.0920
vn -0.2327 0.9694 -0.0780
vn -0.2328 0.9694 -0.0780
vn -0.5337 0.8413 0.0862
vn -0.5330 0.8417 0.0862
vn -0.5318 0.8418 0.0925
vn -0.5296 0.8426 0.0977
vn -0.5400 0.8382 0.0760
vn -0.5376 0.8393 0.0815
vn 0.1164 0.9460 -0.3027
vn 0.1164 0.9459 -0.3027
vn 0.1295 0.9515 -0.2789
vn 0.1295 0.9516 -0.2789
vn 0.1415 0.9567 -0.2544
vn 0.1416 0.9567 -0.2545
vn 0.1416 0.9567 -0.2544
vn 0.1525 0.9613 -0.2293
vn -0.7992 0.5556 0.2293
vn -0.7883 0.5602 0.2544
vn -0.7883 0.5602 0.2545
vn -0.7763 0.5654 0.2789
vn -0.7763 0.5654 0.2788
vn -0.7632 0.5708 0.3027
vn -0.7632 0.5709 0.3027
vn -0.5300 0.8414 0.1053
vn -0.5296 0.8418 0.1046
vn -0.2445 0.9637 -0.1069
vn -0.2394 0.9654 -0.1037
vn -0.2552 0.9592 -0.1221
vn -0.2501 0.9614 -0.1151
vn -0.2610 0.9574 -0.1235
vn -0.2601 0.9576 -0.1238
vn -0.2501 0.9621 -0.1089
vn -0.2495 0.9622 -0.1095
vn -0.5188 0.8472 0.1143
vn -0.5168 0.8484 0.1146
vn -0.5156 0.8480 0.1229
vn -0.5114 0.8496 0.1289
vn -0.5257 0.8437 0.1083
vn -0.5207 0.8459 0.1153
vn 0.0536 0.9192 -0.3901
vn 0.0707 0.9265 -0.3696
vn 0.0708 0.9265 -0.3696
vn 0.0871 0.9334 -0.3481
vn 0.0869 0.9334 -0.3481
vn 0.1022 0.9399 -0.3258
vn -0.7489 0.5770 0.3258
vn -0.7337 0.5835 0.3481
vn -0.7175 0.5904 0.3696
vn -0.7004 0.5977 0.3902
vn -0.5080 0.8510 0.1334
vn -0.5082 0.8509 0.1331
vn -0.2658 0.9546 -0.1349
vn -0.2600 0.9568 -0.1303
vn -0.2806 0.9488 -0.1447
vn -0.2762 0.9508 -0.1405
vn -0.2818 0.9476 -0.1507
vn -0.2821 0.9475 -0.1503
vn -0.2733 0.9524 -0.1351
vn -0.2709 0.9532 -0.1340
vn -0.4947 0.8566 0.1469
vn -0.4909 0.8589 0.1459
vn -0.4896 0.8591 0.1490
vn -0.4871 0.8600 0.1518
vn -0.5026 0.8534 0.1380
vn -0.4995 0.8548 0.1408
vn -0.0237 0.8862 -0.4627
vn -0.0239 0.8862 -0.4627
vn -0.0031 0.8950 -0.4461
vn 0.0166 0.9034 -0.4285
vn 0.0355 0.9115 -0.4098
vn -0.6824 0.6054 0.4098
vn -0.6823 0.6054 0.4098
vn -0.6633 0.6135 0.4286
vn -0.6634 0.6135 0.4285
vn -0.6633 0.6136 0.4285
vn -0.6632 0.6136 0.4286
vn -0.6436 0.6219 0.4460
vn -0.6436 0.6219 0.4461
vn -0.6231 0.6307 0.4626
vn -0.4795 0.8643 0.1520
vn -0.4792 0.8643 0.1531
vn -0.2907 0.9438 -0.1571
vn -0.2878 0.9451 -0.1547
vn -0.3055 0.9376 -0.1662
vn -0.3024 0.9389 -0.1645
vn -0.3115 0.9349 -0.1700
vn -0.3117 0.9349 -0.1698
vn -0.2965 0.9413 -0.1612
vn -0.2965 0.9413 -0.1613
vn -0.4667 0.8687 0.1661
vn -0.4664 0.8689 0.1655
vn -0.4614 0.8710 0.1688
vn -0.4563 0.8732 0.1710
vn -0.4749 0.8659 0.1571
vn -0.4702 0.8680 0.1595
vn -0.1124 0.8484 -0.5173
vn -0.0893 0.8582 -0.5054
vn -0.0893 0.8583 -0.5054
vn -0.0668 0.8679 -0.4923
vn -0.0668 0.8678 -0.4923
vn -0.0449 0.8772 -0.4781
vn -0.6018 0.6397 0.4781
vn -0.5799 0.6491 0.4923
vn -0.5574 0.6587 0.5054
vn -0.5344 0.6684 0.5173
vn -0.5343 0.6685 0.5173
vn -0.4477 0.8775 0.1717
vn -0.4488 0.8766 0.1738
vn -0.3237 0.9306 -0.1710
vn -0.3161 0.9329 -0.1725
vn -0.3377 0.9237 -0.1809
vn -0.3314 0.9263 -0.1791
vn -0.3437 0.9215 -0.1806
vn -0.3460 0.9213 -0.1774
vn -0.3282 0.9286 -0.1731
vn -0.3282 0.9285 -0.1739
vn -0.4339 0.8838 0.1751
vn -0.4325 0.8841 0.1769
vn -0.4292 0.8847 0.1819
vn -0.4252 0.8865 0.1827
vn -0.4446 0.8787 0.1735
vn -0.4415 0.8801 0.1745
vn -0.2093 0.8071 -0.5521
vn -0.1845 0.8176 -0.5454
vn -0.1844 0.8177 -0.5454
vn -0.1845 0.8177 -0.5453
vn -0.1601 0.8281 -0.5373
vn -0.1601 0.8280 -0.5374
vn -0.1361 0.8383 -0.5279
vn -0.1361 0.8383 -0.5280
vn -0.5107 0.6786 0.5280
vn -0.5107 0.6786 0.5279
vn -0.5107 0.6787 0.5278
vn -0.4866 0.6889 0.5373
vn -0.4866 0.6888 0.5373
vn -0.4622 0.6993 0.5453
vn -0.4375 0.7098 0.5521
vn -0.4180 0.8893 0.1857
vn -0.4169 0.8898 0.1853
vn -0.3563 0.9166 -0.1815
vn -0.3481 0.9197 -0.1816
vn -0.3732 0.9092 -0.1844
vn -0.3650 0.9125 -0.1850
vn -0.3767 0.9079 -0.1839
vn -0.3769 0.9077 -0.1844
vn -0.3611 0.9147 -0.1814
vn -0.3609 0.9147 -0.1820
vn -0.4019 0.8963 0.1876
vn -0.4018 0.8963 0.1874
vn -0.3960 0.8989 0.1874
vn -0.3913 0.9009 0.1879
vn -0.4142 0.8914 0.1841
vn -0.4069 0.8943 0.1864
vn -0.3106 0.7639 -0.5657
vn -0.2851 0.7748 -0.5643
vn -0.2598 0.7856 -0.5615
vn -0.2597 0.7856 -0.5616
vn -0.2598 0.7856 -0.5616
vn -0.2344 0.7964 -0.5575
vn -0.2345 0.7964 -0.5575
vn -0.4122 0.7206 0.5576
vn -0.4120 0.7207 0.5576
vn -0.4123 0.7206 0.5575
vn -0.4123 0.7205 0.5576
vn -0.3870 0.7313 0.5616
vn -0.3871 0.7312 0.5617
vn -0.3617 0.7421 0.5643
vn -0.3362 0.7530 0.5657
vn -0.3363 0.7530 0.5657
vn -0.3863 0.9041 0.1826
vn -0.3852 0.9045 0.1833
vn -0.3888 0.9026 -0.1847
vn -0.3826 0.9054 -0.1838
vn -0.4033 0.8957 -0.1872
vn -0.3994 0.8976 -0.1867
vn -0.4102 0.8925 -0.1877
vn -0.4125 0.8915 -0.1875
vn -0.3949 0.9002 -0.1837
vn -0.3944 0.9003 -0.1843
vn -0.3711 0.9106 0.1820
vn -0.3695 0.9099 0.1886
vn -0.3625 0.9140 0.1821
vn -0.3580 0.9157 0.1824
vn -0.3800 0.9062 0.1853
vn -0.3754 0.9087 0.1825
vn -0.4123 0.7205 -0.5575
vn -0.3872 0.7312 -0.5616
vn -0.3871 0.7312 -0.5616
vn -0.3618 0.7420 -0.5643
vn -0.3106 0.7638 0.5658
vn -0.3106 0.7638 0.5659
vn -0.2597 0.7855 0.5617
vn -0.3545 0.9175 0.1802
vn -0.3554 0.9165 0.1833
vn -0.4218 0.8879 -0.1837
vn -0.4154 0.8907 -0.1846
vn -0.4382 0.8814 -0.1763
vn -0.4309 0.8843 -0.1799
vn -0.4415 0.8807 -0.1717
vn -0.4405 0.8810 -0.1726
vn -0.4270 0.8856 -0.1827
vn -0.4270 0.8857 -0.1821
vn -0.3363 0.9251 0.1764
vn -0.3364 0.9250 0.1765
vn -0.3294 0.9279 0.1745
vn -0.3262 0.9292 0.1735
vn -0.3472 0.9205 0.1796
vn -0.3423 0.9226 0.1780
vn -0.5108 0.6785 -0.5279
vn -0.4375 0.7098 -0.5521
vn -0.2093 0.8071 0.5520
vn -0.1845 0.8177 0.5453
vn -0.3203 0.9322 0.1684
vn -0.3216 0.9304 0.1757
vn -0.4540 0.8746 -0.1702
vn -0.4526 0.8746 -0.1739
vn -0.4678 0.8692 -0.1603
vn -0.4628 0.8711 -0.1643
vn -0.4726 0.8671 -0.1573
vn -0.4727 0.8670 -0.1576
vn -0.4581 0.8732 -0.1664
vn -0.4582 0.8731 -0.1669
vn -0.3022 0.9395 0.1613
vn -0.3044 0.9388 0.1612
vn -0.2980 0.9407 0.1622
vn -0.2949 0.9420 0.1600
vn -0.3158 0.9334 0.1702
vn -0.3087 0.9367 0.1654
vn -0.6019 0.6397 -0.4781
vn -0.6022 0.6397 -0.4777
vn -0.6019 0.6397 -0.4780
vn -0.5799 0.6491 -0.4924
vn -0.2890 0.9443 0.1572
vn -0.2886 0.9446 0.1564
vn -0.4813 0.8634 -0.1513
vn -0.4775 0.8648 -0.1553
vn -0.4957 0.8565 -0.1439
vn -0.4931 0.8576 -0.1462
vn -0.5015 0.8539 -0.1393
vn -0.5016 0.8538 -0.1391
vn -0.4892 0.8599 -0.1456
vn -0.4876 0.8607 -0.1464
vn -0.2754 0.9503 0.1455
vn -0.2758 0.9502 0.1449
vn -0.2722 0.9517 0.1419
vn -0.2677 0.9540 0.1351
vn -0.2860 0.9463 0.1504
vn -0.2841 0.9475 0.1469
vn -0.6634 0.6134 -0.4285
vn -0.6634 0.6135 -0.4285
vn -0.6231 0.6306 -0.4626
vn -0.6233 0.6305 -0.4626
vn -0.2621 0.9557 0.1339
vn -0.2628 0.9554 0.1343
vn -0.5093 0.8507 -0.1304
vn -0.5067 0.8516 -0.1343
vn -0.5204 0.8458 -0.1175
vn -0.5171 0.8472 -0.1220
vn -0.5240 0.8444 -0.1119
vn -0.5238 0.8445 -0.1117
vn -0.5152 0.8479 -0.1252
vn -0.5152 0.8482 -0.1229
vn -0.2522 0.9600 0.1215
vn -0.2563 0.9593 0.1188
vn -0.2475 0.9622 0.1140
vn -0.2451 0.9632 0.1101
vn -0.2586 0.9575 0.1277
vn -0.2558 0.9587 0.1246
vn -0.7337 0.5835 -0.3482
vn -0.7003 0.5977 -0.3902
vn -0.7004 0.5977 -0.3902
vn -0.2403 0.9652 0.1027
vn -0.2406 0.9652 0.1024
vn -0.5308 0.8413 -0.1025
vn -0.5279 0.8426 -0.1062
vn -0.5396 0.8374 -0.0870
vn -0.5356 0.8395 -0.0914
vn -0.5403 0.8373 -0.0838
vn -0.5380 0.8392 -0.0794
vn -0.5293 0.8430 -0.0962
vn -0.5302 0.8425 -0.0951
vn -0.2325 0.9685 0.0892
vn -0.2329 0.9684 0.0887
vn -0.2344 0.9687 0.0816
vn -0.2297 0.9703 0.0760
vn -0.2406 0.9655 0.0992
vn -0.2355 0.9675 0.0926
vn -0.7763 0.5654 -0.2789
vn -0.7631 0.5710 -0.3027
vn -0.7630 0.5711 -0.3027
vn -0.7631 0.5711 -0.3027
vn 0.1165 0.9459 0.3027
vn 0.1525 0.9613 0.2293
vn 0.1524 0.9613 0.2293
vn -0.2252 0.9715 0.0733
vn -0.2256 0.9715 0.0724
vn -0.5450 0.8355 -0.0698
vn -0.5441 0.8358 -0.0734
vn -0.5510 0.8328 -0.0524
vn -0.5497 0.8335 -0.0563
vn -0.5491 0.8346 -0.0425
vn -0.5497 0.8342 -0.0443
vn -0.5477 0.8343 -0.0632
vn -0.5477 0.8343 -0.0633
vn -0.2185 0.9744 0.0522
vn -0.2187 0.9744 0.0527
vn -0.2175 0.9748 0.0489
vn -0.2169 0.9753 0.0426
vn -0.2261 0.9719 0.0660
vn -0.2261 0.9723 0.0595
vn -0.8313 0.5418 -0.1240
vn -0.8177 0.5477 -0.1775
vn 0.1783 0.9723 0.1508
vn -0.2150 0.9760 0.0361
vn -0.2158 0.9758 0.0362
vn -0.5554 0.8309 -0.0344
vn -0.5540 0.8316 -0.0395
vn -0.5551 0.8317 -0.0148
vn -0.5536 0.8325 -0.0217
vn -0.5547 0.8320 -0.0086
vn -0.5548 0.8319 -0.0085
vn -0.5554 0.8310 -0.0309
vn -0.5544 0.8317 -0.0307
vn -0.2173 0.9760 0.0149
vn -0.2119 0.9771 0.0168
vn -0.2153 0.9765 0.0130
vn -0.2161 0.9764 0.0054
vn -0.2178 0.9756 0.0295
vn -0.2174 0.9758 0.0253
vn -0.8437 0.5367 -0.0140
vn -0.8362 0.5398 -0.0967
vn 0.1932 0.9787 0.0693
vn -0.2175 0.9761 -0.0000
vn -0.2174 0.9761 -0.0000
vn -0.5552 0.8317 0.0021
vn -0.5552 0.8317 -0.0021
vn -0.5528 0.8331 0.0202
vn -0.5551 0.8316 0.0147
vn -0.5561 0.8305 0.0309
vn -0.5517 0.8337 0.0253
vn -0.5546 0.8321 0.0088
vn -0.5547 0.8320 0.0090
vn -0.2171 0.9760 -0.0147
vn -0.2120 0.9771 -0.0166
vn -0.2174 0.9758 -0.0253
vn -0.2178 0.9755 -0.0295
vn -0.2161 0.9764 -0.0054
vn -0.2153 0.9765 -0.0130
vn -0.8362 0.5398 0.0966
vn -0.8400 0.5382 0.0693
vn -0.8400 0.5382 0.0691
vn 0.1895 0.9771 -0.0967
vn -0.2150 0.9759 -0.0362
vn -0.2158 0.9758 -0.0362
vn -0.5535 0.8319 0.0394
vn -0.5550 0.8311 0.0360
vn -0.5500 0.8333 0.0558
vn -0.5509 0.8329 0.0522
vn -0.5478 0.8342 0.0632
vn -0.5479 0.8342 0.0631
vn -0.5484 0.8351 0.0436
vn -0.5496 0.8342 0.0448
vn -0.2188 0.9744 -0.0519
vn -0.2189 0.9743 -0.0525
vn -0.2261 0.9723 -0.0595
vn -0.2261 0.9719 -0.0660
vn -0.2169 0.9753 -0.0426
vn -0.2175 0.9748 -0.0490
vn -0.8177 0.5476 0.1775
vn 0.1782 0.9724 -0.1508
vn -0.2254 0.9715 -0.0734
vn -0.2256 0.9715 -0.0724
vn -0.5438 0.8360 0.0736
vn -0.5450 0.8355 0.0703
vn -0.5370 0.8386 0.0917
vn -0.5389 0.8381 0.0851
vn -0.5293 0.8430 0.0956
vn -0.5302 0.8425 0.0949
vn -0.5434 0.8359 0.0775
vn -0.5386 0.8390 0.0777
vn -0.2323 0.9685 -0.0893
vn -0.2329 0.9684 -0.0888
vn -0.2358 0.9674 -0.0924
vn -0.2407 0.9655 -0.0993
vn -0.2298 0.9703 -0.0760
vn -0.2344 0.9688 -0.0812
vn -0.7631 0.5710 0.3027
vn -0.7631 0.5709 0.3027
vn -0.7633 0.5708 0.3027
vn -0.7763 0.5653 0.2789
vn -0.7763 0.5653 0.2788
vn -0.7883 0.5602 0.2546
vn 0.1524 0.9613 -0.2293
vn 0.1524 0.9614 -0.2293
vn -0.2403 0.9652 -0.1027
vn -0.2406 0.9652 -0.1024
vn -0.5274 0.8429 0.1065
vn -0.5306 0.8416 0.1010
vn -0.5166 0.8476 0.1214
vn -0.5204 0.8458 0.1175
vn -0.5148 0.8480 0.1259
vn -0.5151 0.8479 0.1253
vn -0.5239 0.8444 0.1119
vn -0.5238 0.8445 0.1117
vn -0.2520 0.9601 -0.1216
vn -0.2565 0.9593 -0.1181
vn -0.2555 0.9587 -0.1247
vn -0.2587 0.9574 -0.1280
vn -0.2451 0.9632 -0.1102
vn -0.2477 0.9621 -0.1140
vn -0.7005 0.5976 0.3901
vn -0.7175 0.5905 0.3696
vn -0.7337 0.5835 0.3482
vn 0.0868 0.9335 -0.3480
vn 0.0536 0.9192 -0.3902
vn -0.2622 0.9557 -0.1341
vn -0.2628 0.9554 -0.1343
vn -0.5064 0.8518 0.1346
vn -0.5092 0.8507 0.1304
vn -0.4935 0.8574 0.1462
vn -0.4959 0.8564 0.1435
vn -0.4842 0.8618 0.1514
vn -0.4848 0.8618 0.1493
vn -0.5014 0.8539 0.1394
vn -0.5012 0.8540 0.1395
vn -0.2754 0.9503 -0.1455
vn -0.2758 0.9502 -0.1449
vn -0.2841 0.9475 -0.1468
vn -0.2860 0.9464 -0.1504
vn -0.2677 0.9540 -0.1351
vn -0.2722 0.9517 -0.1419
vn -0.6232 0.6306 0.4627
vn -0.6633 0.6135 0.4285
vn -0.0237 0.8862 -0.4626
vn -0.2889 0.9444 -0.1573
vn -0.2886 0.9446 -0.1564
vn -0.4776 0.8648 0.1553
vn -0.4808 0.8636 0.1514
vn -0.4632 0.8712 0.1630
vn -0.4687 0.8684 0.1617
vn -0.4582 0.8731 0.1663
vn -0.4583 0.8730 0.1669
vn -0.4725 0.8672 0.1574
vn -0.4725 0.8671 0.1577
vn -0.3038 0.9391 -0.1606
vn -0.3044 0.9388 -0.1612
vn -0.3103 0.9362 -0.1650
vn -0.3158 0.9337 -0.1685
vn -0.2946 0.9421 -0.1600
vn -0.2980 0.9406 -0.1626
vn -0.6019 0.6397 0.4779
vn -0.0449 0.8771 -0.4782
vn -0.0893 0.8582 -0.5055
vn -0.0893 0.8582 -0.5056
vn -0.3208 0.9319 -0.1693
vn -0.3221 0.9314 -0.1693
vn -0.4474 0.8771 0.1744
vn -0.4543 0.8746 0.1697
vn -0.4311 0.8843 0.1793
vn -0.4378 0.8819 0.1749
vn -0.4271 0.8855 0.1831
vn -0.4272 0.8855 0.1825
vn -0.4430 0.8800 0.1711
vn -0.4437 0.8797 0.1713
vn -0.3363 0.9251 -0.1763
vn -0.3364 0.9250 -0.1766
vn -0.3413 0.9230 -0.1778
vn -0.3480 0.9200 -0.1805
vn -0.3263 0.9292 -0.1734
vn -0.3295 0.9279 -0.1745
vn -0.4376 0.7098 0.5521
vn -0.4374 0.7098 0.5521
vn -0.4866 0.6887 0.5375
vn -0.5108 0.6785 0.5279
vn -0.1362 0.8383 -0.5279
vn -0.1601 0.8281 -0.5372
vn -0.1846 0.8177 -0.5453
vn -0.3550 0.9172 -0.1811
vn -0.3551 0.9167 -0.1833
vn -0.4157 0.8904 0.1855
vn -0.4219 0.8878 0.1838
vn -0.3998 0.8972 0.1877
vn -0.4046 0.8953 0.1864
vn -0.3946 0.9003 0.1837
vn -0.3940 0.9005 0.1842
vn -0.4095 0.8928 0.1876
vn -0.4073 0.8941 0.1862
vn -0.3689 0.9115 -0.1821
vn -0.3691 0.9115 -0.1814
vn -0.3785 0.9072 -0.1838
vn -0.3781 0.9073 -0.1839
vn -0.3580 0.9157 -0.1824
vn -0.3624 0.9140 -0.1822
vn -0.3871 0.7313 0.5616
vn -0.4123 0.7205 0.5575
vn -0.4124 0.7205 0.5575
vn -0.2344 0.7964 -0.5576
vn -0.2344 0.7963 -0.5576
vn -0.2852 0.7748 -0.5642
vn -0.2851 0.7747 -0.5644
vn 0.9362 0.2326 -0.2636
vn 0.9232 0.2271 -0.3099
vn 0.8160 0.5145 -0.2636
vn 0.8160 0.5144 -0.2636
vn 0.8031 0.5090 -0.3098
vn 0.8031 0.5090 -0.3099
vn 0.9746 -0.1166 -0.1911
vn 0.9746 -0.1166 -0.1912
vn 0.9651 -0.1207 -0.2326
vn 0.9536 -0.1255 -0.2735
vn 0.9404 -0.1312 -0.3138
vn 0.9082 0.2207 -0.3556
vn 0.7879 0.5026 -0.3557
vn 0.7880 0.5026 -0.3556
vn 0.5564 0.7694 -0.3138
vn 0.5564 0.7693 -0.3138
vn 0.5697 0.7750 -0.2735
vn 0.5811 0.7799 -0.2325
vn 0.5811 0.7799 -0.2326
vn 0.5906 0.7840 -0.1911
vn 0.8268 0.5192 -0.2166
vn 0.8268 0.5191 -0.2166
vn 0.9470 0.2372 -0.2166
vn -0.0068 -0.1695 0.9855
vn -0.0511 -0.1883 0.9808
vn -0.0512 -0.1883 0.9808
vn -0.1270 0.1124 0.9855
vn -0.1269 0.1124 0.9855
vn -0.1713 0.0935 0.9808
vn -0.1714 0.0935 0.9808
vn -0.1713 0.0934 0.9808
vn 0.1723 -0.4588 0.8717
vn 0.1721 -0.4588 0.8717
vn 0.1722 -0.4587 0.8717
vn 0.1723 -0.4587 0.8717
vn 0.1330 -0.4755 0.8696
vn 0.0938 -0.4922 0.8654
vn 0.0549 -0.5087 0.8592
vn 0.0549 -0.5088 0.8592
vn -0.0953 -0.2072 0.9736
vn -0.2155 0.0747 0.9737
vn -0.2154 0.0747 0.9737
vn -0.2156 0.0747 0.9736
vn -0.3291 0.3918 0.8592
vn -0.2902 0.4084 0.8654
vn -0.2902 0.4084 0.8655
vn -0.2510 0.4251 0.8696
vn -0.2510 0.4252 0.8696
vn -0.2509 0.4253 0.8696
vn -0.2116 0.4418 0.8718
vn -0.2117 0.4419 0.8717
vn -0.2117 0.4418 0.8718
vn -0.2118 0.4419 0.8717
vn -0.0824 0.1314 0.9879
vn 0.0377 -0.1505 0.9879
vn 0.0377 -0.1503 0.9879
vn 0.8720 0.2052 0.4444
vn 0.8720 0.2052 0.4443
vn 0.8510 0.1963 0.4870
vn 0.8510 0.1964 0.4871
vn 0.8510 0.1964 0.4870
vn 0.7519 0.4871 0.4443
vn 0.7308 0.4782 0.4870
vn 0.7308 0.4782 0.4871
vn 0.9253 -0.1375 0.3536
vn 0.9253 -0.1376 0.3534
vn 0.9085 -0.1448 0.3921
vn 0.8899 -0.1527 0.4298
vn 0.8697 -0.1613 0.4665
vn 0.8281 0.1865 0.5287
vn 0.8281 0.1865 0.5286
vn 0.7079 0.4684 0.5287
vn 0.7079 0.4684 0.5286
vn 0.7080 0.4683 0.5287
vn 0.4857 0.7392 0.4666
vn 0.4857 0.7392 0.4665
vn 0.5059 0.7479 0.4298
vn 0.5244 0.7558 0.3922
vn 0.5245 0.7558 0.3921
vn 0.5413 0.7629 0.3534
vn 0.5413 0.7630 0.3534
vn 0.7709 0.4953 0.4005
vn 0.8911 0.2134 0.4005
vn 0.8720 0.2052 -0.4443
vn 0.8510 0.1963 -0.4871
vn 0.8510 0.1964 -0.4870
vn 0.7519 0.4871 -0.4443
vn 0.7518 0.4871 -0.4443
vn 0.7308 0.4782 -0.4870
vn 0.7309 0.4782 -0.4870
vn 0.9253 -0.1376 -0.3534
vn 0.9085 -0.1448 -0.3921
vn 0.8899 -0.1527 -0.4298
vn 0.8697 -0.1612 -0.4665
vn 0.8697 -0.1613 -0.4665
vn 0.8696 -0.1613 -0.4666
vn 0.8281 0.1865 -0.5286
vn 0.8283 0.1866 -0.5282
vn 0.7080 0.4683 -0.5287
vn 0.7079 0.4684 -0.5286
vn 0.7079 0.4684 -0.5287
vn 0.7079 0.4683 -0.5287
vn 0.4858 0.7392 -0.4665
vn 0.4858 0.7392 -0.4664
vn 0.4857 0.7392 -0.4665
vn 0.5060 0.7478 -0.4298
vn 0.5061 0.7478 -0.4298
vn 0.5060 0.7479 -0.4298
vn 0.5059 0.7479 -0.4298
vn 0.5245 0.7558 -0.3921
vn 0.5244 0.7558 -0.3921
vn 0.5413 0.7629 -0.3534
vn 0.5413 0.7629 -0.3535
vn 0.7709 0.4953 -0.4005
vn 0.7709 0.4954 -0.4004
vn 0.8911 0.2134 -0.4005
vn -0.0068 -0.1695 -0.9855
vn -0.0511 -0.1884 -0.9808
vn -0.0509 -0.1884 -0.9808
vn -0.1270 0.1124 -0.9855
vn -0.1268 0.1124 -0.9855
vn -0.1269 0.1124 -0.9855
vn -0.1712 0.0936 -0.9808
vn -0.1712 0.0935 -0.9808
vn -0.1713 0.0935 -0.9808
vn 0.1723 -0.4587 -0.8717
vn 0.1331 -0.4755 -0.8696
vn 0.1330 -0.4755 -0.8696
vn 0.0937 -0.4922 -0.8654
vn 0.0938 -0.4921 -0.8654
vn 0.0935 -0.4923 -0.8654
vn 0.0549 -0.5088 -0.8591
vn 0.0549 -0.5089 -0.8591
vn -0.0953 -0.2072 -0.9736
vn -0.2155 0.0747 -0.9737
vn -0.2155 0.0747 -0.9736
vn -0.2154 0.0747 -0.9737
vn -0.3291 0.3918 -0.8592
vn -0.2901 0.4082 -0.8656
vn -0.2510 0.4251 -0.8696
vn -0.2512 0.4251 -0.8696
vn -0.2511 0.4251 -0.8696
vn -0.2118 0.4419 -0.8717
vn -0.2117 0.4419 -0.8717
vn -0.0824 0.1314 -0.9879
vn 0.0377 -0.1505 -0.9879
vn 0.0378 -0.1505 -0.9879
vn 0.9362 0.2326 0.2636
vn 0.9233 0.2271 0.3099
vn 0.9232 0.2271 0.3099
vn 0.9233 0.2272 0.3096
vn 0.9233 0.2269 0.3099
vn 0.8160 0.5145 0.2637
vn 0.8160 0.5145 0.2636
vn 0.8032 0.5087 0.3100
vn 0.8033 0.5085 0.3101
vn 0.8031 0.5090 0.3099
vn 0.9746 -0.1166 0.1911
vn 0.9746 -0.1166 0.1912
vn 0.9650 -0.1207 0.2326
vn 0.9651 -0.1207 0.2326
vn 0.9536 -0.1255 0.2735
vn 0.9404 -0.1312 0.3138
vn 0.9082 0.2207 0.3556
vn 0.7880 0.5026 0.3556
vn 0.7881 0.5025 0.3555
vn 0.5564 0.7693 0.3139
vn 0.5564 0.7694 0.3138
vn 0.5564 0.7693 0.3138
vn 0.5565 0.7693 0.3138
vn 0.5699 0.7749 0.2734
vn 0.5697 0.7750 0.2735
vn 0.5700 0.7749 0.2732
vn 0.5812 0.7798 0.2326
vn 0.5811 0.7799 0.2326
vn 0.5811 0.7798 0.2326
vn 0.5906 0.7840 0.1911
vn 0.8268 0.5191 0.2167
vn 0.8268 0.5191 0.2166
vn 0.9470 0.2372 0.2166
vn 0.7768 0.1645 -0.6079
vn 0.7767 0.1646 -0.6080
vn 0.7766 0.1647 -0.6080
vn 0.7485 0.1525 -0.6454
vn 0.6565 0.4465 -0.6080
vn 0.6282 0.4344 -0.6455
vn 0.8478 -0.1707 -0.5021
vn 0.8243 -0.1807 -0.5365
vn 0.7994 -0.1913 -0.5695
vn 0.7730 -0.2026 -0.6012
vn 0.7730 -0.2027 -0.6012
vn 0.7185 0.1398 -0.6814
vn 0.7184 0.1398 -0.6814
vn 0.5983 0.4217 -0.6814
vn 0.5983 0.4217 -0.6813
vn 0.3890 0.6980 -0.6012
vn 0.3890 0.6979 -0.6013
vn 0.3890 0.6980 -0.6013
vn 0.4154 0.7093 -0.5695
vn 0.4402 0.7199 -0.5366
vn 0.4403 0.7199 -0.5365
vn 0.4637 0.7300 -0.5021
vn 0.4638 0.7299 -0.5021
vn 0.6831 0.4578 -0.5690
vn 0.8033 0.1759 -0.5690
vn 0.8033 0.1760 -0.5690
vn -0.1824 -0.2443 -0.9524
vn -0.2249 -0.2625 -0.9383
vn -0.2250 -0.2625 -0.9383
vn -0.2251 -0.2624 -0.9383
vn -0.3026 0.0377 -0.9524
vn -0.3026 0.0376 -0.9524
vn -0.3453 0.0194 -0.9383
vn -0.3452 0.0194 -0.9383
vn 0.0162 -0.5253 -0.8508
vn 0.0162 -0.5252 -0.8508
vn -0.0220 -0.5415 -0.8404
vn -0.0596 -0.5576 -0.8280
vn -0.0968 -0.5734 -0.8136
vn -0.0969 -0.5735 -0.8134
vn -0.0968 -0.5734 -0.8135
vn -0.0967 -0.5734 -0.8136
vn -0.2670 -0.2804 -0.9220
vn -0.2670 -0.2802 -0.9221
vn -0.3872 0.0015 -0.9220
vn -0.4806 0.3271 -0.8136
vn -0.4806 0.3272 -0.8136
vn -0.4807 0.3272 -0.8136
vn -0.4806 0.3274 -0.8136
vn -0.4436 0.3430 -0.8280
vn -0.4436 0.3429 -0.8280
vn -0.4060 0.3591 -0.8404
vn -0.4059 0.3591 -0.8404
vn -0.3678 0.3753 -0.8508
vn -0.2593 0.0560 -0.9642
vn -0.1391 -0.2259 -0.9642
vn 0.9667 0.2456 0.0727
vn 0.9666 0.2456 0.0727
vn 0.9623 0.2437 0.1208
vn 0.9623 0.2438 0.1209
vn 0.9623 0.2437 0.1209
vn 0.8464 0.5275 0.0727
vn 0.8464 0.5275 0.0728
vn 0.8465 0.5275 0.0727
vn 0.8421 0.5256 0.1209
vn 0.9939 -0.1084 0.0214
vn 0.9919 -0.1092 0.0642
vn 0.9881 -0.1109 0.1067
vn 0.9823 -0.1134 0.1491
vn 0.9823 -0.1133 0.1490
vn 0.9557 0.2409 0.1689
vn 0.9558 0.2409 0.1689
vn 0.8357 0.5227 0.1686
vn 0.5983 0.7873 0.1490
vn 0.6041 0.7897 0.1067
vn 0.6041 0.7897 0.1066
vn 0.6080 0.7914 0.0642
vn 0.6079 0.7914 0.0642
vn 0.6080 0.7913 0.0642
vn 0.6099 0.7922 0.0214
vn 0.8487 0.5283 0.0243
vn 0.8486 0.5284 0.0243
vn 0.9688 0.2466 0.0243
vn 0.9688 0.2465 0.0243
vn 0.9688 0.2465 0.0244
vn 0.6538 0.1122 -0.7483
vn 0.6194 0.0976 -0.7790
vn 0.6195 0.0975 -0.7789
vn 0.6195 0.0975 -0.7790
vn 0.6194 0.0975 -0.7790
vn 0.5336 0.3941 -0.7483
vn 0.4992 0.3794 -0.7790
vn 0.7450 -0.2145 -0.6316
vn 0.7451 -0.2145 -0.6316
vn 0.7159 -0.2269 -0.6603
vn 0.7160 -0.2271 -0.6601
vn 0.6855 -0.2400 -0.6874
vn 0.6855 -0.2399 -0.6874
vn 0.6854 -0.2399 -0.6875
vn 0.6854 -0.2401 -0.6874
vn 0.6539 -0.2534 -0.7129
vn 0.5836 0.0822 -0.8079
vn 0.5835 0.0822 -0.8079
vn 0.4634 0.3641 -0.8079
vn 0.4634 0.3642 -0.8078
vn 0.2699 0.6472 -0.7129
vn 0.3015 0.6607 -0.6874
vn 0.3319 0.6737 -0.6603
vn 0.3611 0.6861 -0.6316
vn 0.5667 0.4082 -0.7156
vn 0.5667 0.4082 -0.7157
vn 0.6868 0.1263 -0.7157
vn 0.6869 0.1263 -0.7157
vn -0.3487 -0.3152 -0.8827
vn -0.3488 -0.3152 -0.8826
vn -0.3486 -0.3152 -0.8827
vn -0.3879 -0.3320 -0.8598
vn -0.4687 -0.0333 -0.8827
vn -0.4684 -0.0331 -0.8829
vn -0.4688 -0.0333 -0.8827
vn -0.5081 -0.0501 -0.8598
vn -0.5082 -0.0501 -0.8598
vn -0.1331 -0.5889 -0.7972
vn -0.1331 -0.5889 -0.7971
vn -0.1687 -0.6041 -0.7789
vn -0.2033 -0.6189 -0.7587
vn -0.2032 -0.6189 -0.7588
vn -0.2371 -0.6333 -0.7367
vn -0.4262 -0.3483 -0.8349
vn -0.5464 -0.0665 -0.8349
vn -0.5464 -0.0664 -0.8349
vn -0.5465 -0.0664 -0.8348
vn -0.6212 0.2673 -0.7367
vn -0.6211 0.2673 -0.7367
vn -0.5873 0.2818 -0.7587
vn -0.5873 0.2817 -0.7587
vn -0.5527 0.2965 -0.7789
vn -0.5171 0.3117 -0.7972
vn -0.5171 0.3117 -0.7971
vn -0.4285 -0.0161 -0.9034
vn -0.3083 -0.2981 -0.9034
vn -0.3083 -0.2980 -0.9034
vn 0.9623 0.2437 -0.1209
vn 0.9666 0.2456 -0.0727
vn 0.8421 0.5256 -0.1209
vn 0.8464 0.5275 -0.0727
vn 0.8465 0.5275 -0.0727
vn 0.9823 -0.1132 -0.1489
vn 0.9823 -0.1133 -0.1490
vn 0.9824 -0.1131 -0.1488
vn 0.9881 -0.1109 -0.1067
vn 0.9881 -0.1108 -0.1066
vn 0.9919 -0.1092 -0.0642
vn 0.9919 -0.1091 -0.0642
vn 0.9939 -0.1084 -0.0214
vn 0.9689 0.2464 -0.0244
vn 0.9688 0.2465 -0.0243
vn 0.8486 0.5284 -0.0242
vn 0.8486 0.5284 -0.0243
vn 0.6099 0.7922 -0.0213
vn 0.6099 0.7922 -0.0214
vn 0.6080 0.7914 -0.0642
vn 0.6079 0.7914 -0.0642
vn 0.6080 0.7913 -0.0642
vn 0.6041 0.7897 -0.1066
vn 0.6041 0.7897 -0.1067
vn 0.5984 0.7872 -0.1490
vn 0.5983 0.7873 -0.1490
vn 0.5983 0.7873 -0.1489
vn 0.8356 0.5228 -0.1689
vn 0.8356 0.5227 -0.1689
vn 0.8355 0.5228 -0.1689
vn 0.9557 0.2409 -0.1689
vn 0.5082 0.0501 -0.8598
vn 0.5081 0.0501 -0.8598
vn 0.4688 0.0333 -0.8827
vn 0.4687 0.0333 -0.8827
vn 0.3879 0.3320 -0.8598
vn 0.3486 0.3152 -0.8827
vn 0.6212 -0.2675 -0.7366
vn 0.6212 -0.2677 -0.7366
vn 0.6211 -0.2675 -0.7366
vn 0.6211 -0.2673 -0.7367
vn 0.5873 -0.2817 -0.7587
vn 0.5874 -0.2818 -0.7587
vn 0.5526 -0.2965 -0.7789
vn 0.5527 -0.2965 -0.7789
vn 0.5526 -0.2966 -0.7789
vn 0.5171 -0.3119 -0.7971
vn 0.5172 -0.3120 -0.7969
vn 0.5172 -0.3118 -0.7971
vn 0.5171 -0.3117 -0.7972
vn 0.4285 0.0161 -0.9034
vn 0.3083 0.2980 -0.9034
vn 0.1331 0.5889 -0.7972
vn 0.1688 0.6042 -0.7788
vn 0.1688 0.6043 -0.7786
vn 0.1687 0.6041 -0.7789
vn 0.2033 0.6189 -0.7587
vn 0.2034 0.6189 -0.7587
vn 0.2371 0.6333 -0.7367
vn 0.4262 0.3483 -0.8349
vn 0.5464 0.0663 -0.8349
vn 0.5464 0.0664 -0.8349
vn 0.5463 0.0663 -0.8349
vn -0.4992 -0.3794 -0.7790
vn -0.4993 -0.3794 -0.7790
vn -0.5336 -0.3941 -0.7483
vn -0.6194 -0.0975 -0.7790
vn -0.6538 -0.1122 -0.7483
vn -0.2699 -0.6472 -0.7129
vn -0.2699 -0.6473 -0.7129
vn -0.3015 -0.6607 -0.6874
vn -0.3015 -0.6607 -0.6875
vn -0.3319 -0.6737 -0.6603
vn -0.3610 -0.6861 -0.6316
vn -0.3611 -0.6861 -0.6316
vn -0.3611 -0.6861 -0.6315
vn -0.5667 -0.4082 -0.7157
vn -0.5667 -0.4081 -0.7157
vn -0.6869 -0.1263 -0.7157
vn -0.7451 0.2146 -0.6315
vn -0.7451 0.2145 -0.6315
vn -0.7159 0.2269 -0.6603
vn -0.6854 0.2400 -0.6875
vn -0.6855 0.2399 -0.6874
vn -0.6854 0.2399 -0.6875
vn -0.6538 0.2534 -0.7129
vn -0.6539 0.2534 -0.7129
vn -0.6539 0.2533 -0.7130
vn -0.6538 0.2536 -0.7129
vn -0.5835 -0.0823 -0.8079
vn -0.5835 -0.0822 -0.8079
vn -0.4634 -0.3642 -0.8079
vn -0.4634 -0.3641 -0.8079
vn 0.9232 0.2271 -0.3100
vn 0.8030 0.5090 -0.3099
vn 0.9746 -0.1166 -0.1910
vn 0.5812 0.7798 -0.2326
vn 0.5813 0.7797 -0.2327
vn 0.5563 0.7694 -0.3138
vn 0.5564 0.7694 -0.3139
vn 0.7881 0.5025 -0.3554
vn 0.3452 -0.0193 -0.9383
vn 0.3452 -0.0194 -0.9383
vn 0.3027 -0.0376 -0.9523
vn 0.3026 -0.0376 -0.9524
vn 0.2250 0.2625 -0.9383
vn 0.1823 0.2443 -0.9524
vn 0.1824 0.2443 -0.9524
vn 0.4806 -0.3272 -0.8136
vn 0.4436 -0.3429 -0.8280
vn 0.4436 -0.3430 -0.8280
vn 0.4438 -0.3430 -0.8279
vn 0.4060 -0.3591 -0.8404
vn 0.3678 -0.3753 -0.8508
vn 0.3678 -0.3754 -0.8508
vn 0.2593 -0.0560 -0.9642
vn 0.1391 0.2259 -0.9642
vn -0.0162 0.5252 -0.8508
vn 0.0220 0.5415 -0.8404
vn 0.0596 0.5577 -0.8279
vn 0.0600 0.5579 -0.8277
vn 0.0597 0.5577 -0.8279
vn 0.0967 0.5735 -0.8135
vn 0.0967 0.5733 -0.8136
vn 0.0968 0.5737 -0.8134
vn 0.2670 0.2804 -0.9220
vn 0.3872 -0.0015 -0.9220
vn 0.3872 -0.0014 -0.9220
vn -0.6283 -0.4344 -0.6454
vn -0.6280 -0.4346 -0.6456
vn -0.6282 -0.4345 -0.6455
vn -0.6565 -0.4465 -0.6080
vn -0.7484 -0.1525 -0.6454
vn -0.7484 -0.1525 -0.6455
vn -0.7767 -0.1646 -0.6080
vn -0.3890 -0.6980 -0.6012
vn -0.3891 -0.6980 -0.6012
vn -0.4154 -0.7093 -0.5695
vn -0.4155 -0.7093 -0.5695
vn -0.4406 -0.7197 -0.5366
vn -0.4404 -0.7199 -0.5365
vn -0.4403 -0.7199 -0.5365
vn -0.4638 -0.7299 -0.5021
vn -0.4639 -0.7299 -0.5021
vn -0.6831 -0.4578 -0.5690
vn -0.6832 -0.4578 -0.5690
vn -0.8033 -0.1760 -0.5690
vn -0.8033 -0.1759 -0.5690
vn -0.8478 0.1706 -0.5021
vn -0.8478 0.1707 -0.5021
vn -0.8243 0.1807 -0.5365
vn -0.7994 0.1913 -0.5695
vn -0.7730 0.2025 -0.6012
vn -0.7729 0.2028 -0.6013
vn -0.7730 0.2026 -0.6012
vn -0.7185 -0.1398 -0.6814
vn -0.7185 -0.1398 -0.6813
vn -0.5982 -0.4216 -0.6814
vn -0.5983 -0.4217 -0.6814
vn -0.5983 -0.4216 -0.6814
vn 0.8510 0.1964 -0.4871
vn 0.8509 0.1963 -0.4872
vn 0.8720 0.2053 -0.4444
vn 0.8720 0.2053 -0.4443
vn 0.8722 0.2051 -0.4441
vn 0.8720 0.2054 -0.4444
vn 0.7307 0.4782 -0.4871
vn 0.7309 0.4781 -0.4870
vn 0.8899 -0.1525 -0.4298
vn 0.8911 0.2134 -0.4004
vn 0.5413 0.7630 -0.3533
vn 0.5413 0.7630 -0.3534
vn 0.5245 0.7558 -0.3920
vn 0.7079 0.4685 -0.5286
vn 0.1713 -0.0934 -0.9808
vn 0.1713 -0.0935 -0.9808
vn 0.1714 -0.0933 -0.9808
vn 0.1270 -0.1124 -0.9855
vn 0.1269 -0.1124 -0.9855
vn 0.0511 0.1884 -0.9808
vn 0.0512 0.1883 -0.9808
vn 0.0068 0.1695 -0.9855
vn 0.0067 0.1695 -0.9855
vn 0.3292 -0.3918 -0.8592
vn 0.3291 -0.3918 -0.8592
vn 0.3291 -0.3917 -0.8592
vn 0.2902 -0.4084 -0.8654
vn 0.2901 -0.4082 -0.8656
vn 0.2901 -0.4083 -0.8655
vn 0.2510 -0.4251 -0.8696
vn 0.2117 -0.4419 -0.8717
vn 0.0824 -0.1314 -0.9879
vn -0.0377 0.1505 -0.9879
vn -0.1723 0.4587 -0.8717
vn -0.1330 0.4755 -0.8696
vn -0.0938 0.4921 -0.8655
vn -0.0938 0.4920 -0.8655
vn -0.0549 0.5088 -0.8591
vn 0.0953 0.2072 -0.9737
vn 0.0953 0.2072 -0.9736
vn 0.2155 -0.0747 -0.9736
vn -0.7308 -0.4782 -0.4870
vn -0.7519 -0.4871 -0.4443
vn -0.7518 -0.4871 -0.4443
vn -0.8510 -0.1963 -0.4871
vn -0.8510 -0.1963 -0.4870
vn -0.8720 -0.2053 -0.4443
vn -0.8720 -0.2053 -0.4444
vn -0.4857 -0.7392 -0.4665
vn -0.4857 -0.7392 -0.4666
vn -0.5059 -0.7479 -0.4298
vn -0.5060 -0.7478 -0.4299
vn -0.5245 -0.7557 -0.3922
vn -0.5245 -0.7558 -0.3921
vn -0.5412 -0.7629 -0.3537
vn -0.5413 -0.7630 -0.3534
vn -0.5411 -0.7630 -0.3537
vn -0.5409 -0.7630 -0.3539
vn -0.7709 -0.4953 -0.4005
vn -0.8911 -0.2133 -0.4005
vn -0.8911 -0.2134 -0.4005
vn -0.9253 0.1377 -0.3534
vn -0.9253 0.1376 -0.3534
vn -0.9253 0.1378 -0.3534
vn -0.9085 0.1448 -0.3921
vn -0.8899 0.1528 -0.4299
vn -0.8899 0.1527 -0.4298
vn -0.8697 0.1613 -0.4665
vn -0.8281 -0.1865 -0.5286
vn -0.7079 -0.4684 -0.5286
vn -0.7080 -0.4684 -0.5286
vn 0.7484 0.1525 -0.6454
vn 0.6282 0.4344 -0.6454
vn 0.8478 -0.1708 -0.5021
vn 0.8034 0.1759 -0.5689
vn 0.4404 0.7199 -0.5364
vn 0.4152 0.7094 -0.5695
vn 0.4150 0.7095 -0.5696
vn 0.5983 0.4216 -0.6814
vn 0.5983 0.4215 -0.6815
vn -0.8030 -0.5090 -0.3099
vn -0.8160 -0.5145 -0.2635
vn -0.8160 -0.5145 -0.2636
vn -0.8160 -0.5144 -0.2636
vn -0.9232 -0.2271 -0.3099
vn -0.9362 -0.2326 -0.2636
vn -0.5564 -0.7694 -0.3138
vn -0.5697 -0.7750 -0.2735
vn -0.5696 -0.7751 -0.2735
vn -0.5811 -0.7799 -0.2327
vn -0.5811 -0.7799 -0.2326
vn -0.5906 -0.7840 -0.1911
vn -0.8268 -0.5191 -0.2166
vn -0.9470 -0.2372 -0.2167
vn -0.9470 -0.2372 -0.2166
vn -0.9746 0.1166 -0.1911
vn -0.9651 0.1206 -0.2327
vn -0.9651 0.1207 -0.2326
vn -0.9650 0.1210 -0.2325
vn -0.9536 0.1256 -0.2735
vn -0.9404 0.1312 -0.3138
vn -0.9404 0.1310 -0.3138
vn -0.9404 0.1313 -0.3138
vn -0.9082 -0.2207 -0.3556
vn -0.7880 -0.5026 -0.3556
vn 0.7451 -0.2144 -0.6316
vn 0.7451 -0.2143 -0.6316
vn 0.5667 0.4083 -0.7157
vn -0.8421 -0.5256 -0.1208
vn -0.8421 -0.5256 -0.1209
vn -0.8465 -0.5274 -0.0727
vn -0.8465 -0.5275 -0.0727
vn -0.9623 -0.2437 -0.1209
vn -0.9623 -0.2437 -0.1208
vn -0.9666 -0.2456 -0.0728
vn -0.9666 -0.2456 -0.0727
vn -0.5983 -0.7873 -0.1490
vn -0.5982 -0.7874 -0.1490
vn -0.5982 -0.7873 -0.1490
vn -0.6041 -0.7897 -0.1067
vn -0.6042 -0.7897 -0.1067
vn -0.6080 -0.7914 -0.0642
vn -0.6079 -0.7914 -0.0642
vn -0.6099 -0.7922 -0.0214
vn -0.8486 -0.5284 -0.0243
vn -0.9688 -0.2465 -0.0243
vn -0.9938 0.1086 -0.0216
vn -0.9939 0.1086 -0.0216
vn -0.9939 0.1086 -0.0215
vn -0.9938 0.1086 -0.0215
vn -0.9920 0.1088 -0.0638
vn -0.9919 0.1092 -0.0642
vn -0.9920 0.1092 -0.0640
vn -0.9881 0.1109 -0.1067
vn -0.9823 0.1133 -0.1490
vn -0.9557 -0.2409 -0.1690
vn -0.9557 -0.2409 -0.1689
vn -0.9557 -0.2410 -0.1689
vn -0.8355 -0.5229 -0.1689
vn -0.8355 -0.5228 -0.1689
vn 0.5081 0.0500 -0.8598
vn 0.5171 -0.3116 -0.7972
vn 0.5527 -0.2965 -0.7788
vn 0.5526 -0.2965 -0.7790
vn 0.2373 0.6331 -0.7368
vn 0.2370 0.6332 -0.7368
vn 0.2032 0.6189 -0.7587
vn 0.2030 0.6189 -0.7588
vn 0.1687 0.6040 -0.7789
vn 0.1329 0.5889 -0.7972
vn 0.1330 0.5889 -0.7972
vn 0.4285 0.0160 -0.9034
vn 0.4286 0.0160 -0.9034
vn -0.8465 -0.5275 0.0727
vn -0.8421 -0.5256 0.1209
vn -0.8421 -0.5256 0.1208
vn -0.9666 -0.2456 0.0727
vn -0.9623 -0.2437 0.1208
vn -0.9623 -0.2437 0.1209
vn -0.6099 -0.7922 0.0214
vn -0.6079 -0.7914 0.0642
vn -0.6080 -0.7914 0.0642
vn -0.6080 -0.7913 0.0642
vn -0.6041 -0.7897 0.1067
vn -0.5983 -0.7873 0.1490
vn -0.8355 -0.5229 0.1689
vn -0.8356 -0.5228 0.1689
vn -0.8355 -0.5228 0.1689
vn -0.9557 -0.2410 0.1689
vn -0.9557 -0.2409 0.1689
vn -0.9823 0.1133 0.1490
vn -0.9881 0.1109 0.1068
vn -0.9881 0.1109 0.1067
vn -0.9920 0.1092 0.0640
vn -0.9919 0.1092 0.0642
vn -0.9920 0.1088 0.0638
vn -0.9919 0.1092 0.0641
vn -0.9939 0.1084 0.0214
vn -0.9939 0.1086 0.0216
vn -0.9939 0.1083 0.0214
vn -0.9688 -0.2465 0.0243
vn -0.8486 -0.5284 0.0243
vn 0.3025 -0.0375 -0.9524
vn 0.3451 -0.0194 -0.9384
vn 0.3451 -0.0194 -0.9383
vn 0.1824 0.2442 -0.9524
vn 0.4060 -0.3591 -0.8403
vn 0.3873 -0.0015 -0.9220
vn 0.0967 0.5734 -0.8135
vn 0.0967 0.5734 -0.8136
vn 0.0596 0.5576 -0.8280
vn -0.8160 -0.5145 0.2636
vn -0.8160 -0.5144 0.2636
vn -0.8031 -0.5089 0.3099
vn -0.8031 -0.5090 0.3099
vn -0.9362 -0.2326 0.2636
vn -0.9232 -0.2271 0.3099
vn -0.9233 -0.2271 0.3099
vn -0.5907 -0.7839 0.1912
vn -0.5906 -0.7840 0.1911
vn -0.5811 -0.7799 0.2326
vn -0.5697 -0.7750 0.2735
vn -0.5564 -0.7694 0.3138
vn -0.7880 -0.5026 0.3556
vn -0.9082 -0.2207 0.3556
vn -0.9404 0.1312 0.3138
vn -0.9536 0.1255 0.2735
vn -0.9536 0.1255 0.2736
vn -0.9650 0.1210 0.2325
vn -0.9651 0.1207 0.2326
vn -0.9746 0.1166 0.1911
vn -0.9746 0.1166 0.1910
vn -0.9470 -0.2372 0.2166
vn -0.9470 -0.2372 0.2168
vn -0.9470 -0.2372 0.2167
vn -0.8268 -0.5191 0.2166
vn 0.1712 -0.0934 -0.9808
vn 0.0511 0.1883 -0.9808
vn 0.0510 0.1883 -0.9808
vn 0.2511 -0.4252 -0.8696
vn 0.2510 -0.4251 -0.8697
vn 0.3293 -0.3916 -0.8592
vn 0.3294 -0.3914 -0.8592
vn -0.0549 0.5088 -0.8592
vn -0.0549 0.5089 -0.8591
vn -0.0549 0.5087 -0.8592
vn -0.1331 0.4755 -0.8696
vn 0.0825 -0.1314 -0.9879
vn -0.7518 -0.4871 0.4444
vn -0.7518 -0.4871 0.4443
vn -0.7308 -0.4782 0.4871
vn -0.7308 -0.4781 0.4871
vn -0.8720 -0.2054 0.4444
vn -0.8720 -0.2053 0.4443
vn -0.8720 -0.2053 0.4444
vn -0.8510 -0.1963 0.4872
vn -0.8510 -0.1964 0.4871
vn -0.8510 -0.1962 0.4871
vn -0.5413 -0.7630 0.3534
vn -0.5412 -0.7631 0.3533
vn -0.5245 -0.7558 0.3921
vn -0.5244 -0.7558 0.3921
vn -0.5059 -0.7479 0.4298
vn -0.4857 -0.7392 0.4666
vn -0.4856 -0.7393 0.4665
vn -0.4857 -0.7392 0.4665
vn -0.7079 -0.4684 0.5286
vn -0.8281 -0.1865 0.5286
vn -0.8697 0.1613 0.4665
vn -0.8698 0.1614 0.4663
vn -0.8899 0.1527 0.4298
vn -0.9085 0.1448 0.3921
vn -0.9253 0.1376 0.3534
vn -0.8911 -0.2134 0.4005
vn -0.7709 -0.4953 0.4005
vn 0.0938 -0.4922 -0.8654
vn -0.2904 0.4085 -0.8654
vn -0.2902 0.4084 -0.8654
vn -0.2902 0.4084 -0.8655
vn -0.3291 0.3917 -0.8592
vn -0.3291 0.3916 -0.8592
vn -0.6565 -0.4465 0.6080
vn -0.6565 -0.4466 0.6079
vn -0.6565 -0.4467 0.6078
vn -0.6283 -0.4344 0.6454
vn -0.6282 -0.4344 0.6455
vn -0.7767 -0.1646 0.6080
vn -0.7485 -0.1525 0.6454
vn -0.7484 -0.1525 0.6454
vn -0.4638 -0.7299 0.5021
vn -0.4403 -0.7199 0.5365
vn -0.4154 -0.7093 0.5695
vn -0.3889 -0.6980 0.6012
vn -0.3890 -0.6980 0.6012
vn -0.3890 -0.6980 0.6013
vn -0.5983 -0.4217 0.6814
vn -0.5983 -0.4217 0.6813
vn -0.7185 -0.1398 0.6813
vn -0.7185 -0.1398 0.6814
vn -0.7729 0.2027 0.6012
vn -0.7730 0.2026 0.6012
vn -0.7731 0.2026 0.6011
vn -0.7994 0.1914 0.5695
vn -0.7994 0.1913 0.5695
vn -0.8243 0.1807 0.5365
vn -0.8243 0.1808 0.5365
vn -0.8478 0.1707 0.5021
vn -0.8478 0.1706 0.5021
vn -0.8033 -0.1759 0.5690
vn -0.8034 -0.1759 0.5689
vn -0.6831 -0.4578 0.5690
vn -0.1825 -0.2443 -0.9524
vn -0.1824 -0.2444 -0.9524
vn -0.3027 0.0376 -0.9523
vn -0.3026 0.0375 -0.9524
vn -0.0973 -0.5737 -0.8133
vn -0.0967 -0.5734 -0.8135
vn -0.0966 -0.5733 -0.8137
vn -0.1391 -0.2260 -0.9642
vn -0.2595 0.0562 -0.9641
vn -0.2595 0.0561 -0.9641
vn -0.3678 0.3752 -0.8509
vn -0.3873 0.0017 -0.9220
vn -0.5336 -0.3941 0.7483
vn -0.5337 -0.3941 0.7482
vn -0.4992 -0.3794 0.7790
vn -0.6538 -0.1122 0.7483
vn -0.6538 -0.1124 0.7483
vn -0.6539 -0.1122 0.7482
vn -0.6194 -0.0975 0.7790
vn -0.6194 -0.0973 0.7790
vn -0.3610 -0.6861 0.6316
vn -0.3611 -0.6861 0.6316
vn -0.3611 -0.6861 0.6315
vn -0.3319 -0.6737 0.6603
vn -0.3015 -0.6607 0.6875
vn -0.3015 -0.6607 0.6874
vn -0.2699 -0.6472 0.7129
vn -0.4634 -0.3641 0.8079
vn -0.5836 -0.0822 0.8079
vn -0.5839 -0.0818 0.8077
vn -0.5835 -0.0823 0.8079
vn -0.6539 0.2534 0.7129
vn -0.6855 0.2399 0.6874
vn -0.7159 0.2269 0.6604
vn -0.7159 0.2269 0.6603
vn -0.7452 0.2145 0.6313
vn -0.7453 0.2145 0.6312
vn -0.7452 0.2145 0.6314
vn -0.7451 0.2145 0.6315
vn -0.6869 -0.1263 0.7157
vn -0.5667 -0.4082 0.7157
vn -0.2371 -0.6332 -0.7367
vn -0.2034 -0.6189 -0.7586
vn -0.2034 -0.6189 -0.7587
vn -0.1687 -0.6042 -0.7788
vn -0.1687 -0.6041 -0.7788
vn -0.1333 -0.5889 -0.7971
vn -0.5170 0.3115 -0.7973
vn -0.5170 0.3117 -0.7972
vn -0.6211 0.2673 -0.7368
vn -0.5463 -0.0662 -0.8350
vn -0.4262 -0.3481 -0.8350
vn -0.3879 -0.3320 0.8598
vn -0.3486 -0.3151 0.8827
vn -0.3486 -0.3152 0.8827
vn -0.3485 -0.3151 0.8827
vn -0.5081 -0.0501 0.8598
vn -0.5081 -0.0502 0.8598
vn -0.4687 -0.0333 0.8827
vn -0.4683 -0.0331 0.8829
vn -0.4688 -0.0333 0.8827
vn -0.2371 -0.6332 0.7368
vn -0.2371 -0.6333 0.7367
vn -0.2370 -0.6332 0.7368
vn -0.2034 -0.6189 0.7587
vn -0.2035 -0.6191 0.7585
vn -0.2033 -0.6189 0.7587
vn -0.1687 -0.6041 0.7789
vn -0.1331 -0.5889 0.7972
vn -0.1331 -0.5888 0.7972
vn -0.1330 -0.5889 0.7972
vn -0.3083 -0.2980 0.9034
vn -0.4285 -0.0161 0.9034
vn -0.5171 0.3117 0.7971
vn -0.5171 0.3117 0.7972
vn -0.5527 0.2965 0.7789
vn -0.5873 0.2817 0.7588
vn -0.5873 0.2817 0.7587
vn -0.5874 0.2817 0.7587
vn -0.6211 0.2673 0.7367
vn -0.6212 0.2673 0.7367
vn -0.5465 -0.0664 0.8348
vn -0.5464 -0.0664 0.8349
vn -0.5464 -0.0665 0.8349
vn -0.4261 -0.3483 0.8349
vn -0.4262 -0.3483 0.8349
vn -0.4994 -0.3793 -0.7789
vn -0.3611 -0.6862 -0.6315
vn -0.3612 -0.6861 -0.6315
vn -0.2700 -0.6472 -0.7129
vn -0.4636 -0.3640 -0.8078
vn -0.4633 -0.3642 -0.8079
vn -0.6853 0.2401 -0.6876
vn -0.6855 0.2401 -0.6873
vn -0.7451 0.2145 -0.6316
vn -0.7451 0.2144 -0.6316
vn -0.7452 0.2145 -0.6315
vn -0.2250 -0.2624 0.9384
vn -0.2250 -0.2625 0.9383
vn -0.2252 -0.2628 0.9382
vn -0.1823 -0.2442 0.9524
vn -0.1824 -0.2443 0.9524
vn -0.3451 0.0194 0.9384
vn -0.3452 0.0192 0.9383
vn -0.3449 0.0197 0.9384
vn -0.3026 0.0376 0.9524
vn -0.3026 0.0374 0.9524
vn -0.0966 -0.5734 0.8136
vn -0.0965 -0.5733 0.8137
vn -0.0967 -0.5734 0.8136
vn -0.0596 -0.5576 0.8280
vn -0.0220 -0.5415 0.8404
vn 0.0162 -0.5252 0.8508
vn -0.1391 -0.2259 0.9642
vn -0.2593 0.0560 0.9642
vn -0.3678 0.3753 0.8508
vn -0.3679 0.3753 0.8508
vn -0.3678 0.3754 0.8508
vn -0.4060 0.3591 0.8404
vn -0.4436 0.3430 0.8280
vn -0.4806 0.3272 0.8136
vn -0.4806 0.3271 0.8137
vn -0.3871 0.0015 0.9220
vn -0.3872 0.0015 0.9220
vn -0.2670 -0.2804 0.9220
vn -0.6564 -0.4466 -0.6080
vn -0.6282 -0.4344 -0.6455
vn -0.6282 -0.4344 -0.6454
vn -0.7766 -0.1647 -0.6081
vn -0.4638 -0.7298 -0.5022
vn -0.4637 -0.7299 -0.5021
vn -0.4403 -0.7200 -0.5365
vn -0.4153 -0.7093 -0.5695
vn -0.3890 -0.6979 -0.6013
vn -0.3890 -0.6980 -0.6013
vn -0.5982 -0.4217 -0.6814
vn -0.7730 0.2024 -0.6013
vn -0.7729 0.2026 -0.6013
vn -0.7730 0.2024 -0.6012
vn -0.7733 0.2022 -0.6010
vn -0.7994 0.1913 -0.5696
vn -0.8033 -0.1757 -0.5690
vn -0.8033 -0.1759 -0.5691
vn -0.6831 -0.4579 -0.5690
vn -0.0511 -0.1884 0.9808
vn -0.0512 -0.1884 0.9808
vn -0.1713 0.0933 0.9808
vn -0.1268 0.1124 0.9855
vn 0.1331 -0.4755 0.8696
vn -0.2901 0.4082 0.8656
vn -0.2900 0.4082 0.8656
vn -0.3290 0.3917 0.8593
vn -0.3291 0.3917 0.8592
vn -0.3290 0.3916 0.8593
vn -0.2155 0.0747 0.9736
vn -0.7518 -0.4872 -0.4443
vn -0.7309 -0.4781 -0.4871
vn -0.7308 -0.4782 -0.4871
vn -0.5412 -0.7630 -0.3534
vn -0.5412 -0.7630 -0.3535
vn -0.4858 -0.7392 -0.4665
vn -0.4857 -0.7393 -0.4665
vn -0.7079 -0.4684 -0.5287
vn 0.1270 -0.1124 0.9855
vn 0.1270 -0.1122 0.9855
vn 0.1270 -0.1123 0.9855
vn 0.1713 -0.0935 0.9808
vn 0.0068 0.1695 0.9855
vn 0.0511 0.1884 0.9808
vn 0.0509 0.1884 0.9808
vn 0.2117 -0.4420 0.8717
vn 0.2117 -0.4419 0.8717
vn 0.2510 -0.4251 0.8696
vn 0.2511 -0.4251 0.8696
vn 0.2903 -0.4085 0.8654
vn 0.2902 -0.4084 0.8654
vn 0.2902 -0.4085 0.8654
vn 0.3291 -0.3918 0.8592
vn 0.2155 -0.0747 0.9736
vn 0.0953 0.2072 0.9736
vn 0.0954 0.2072 0.9736
vn -0.0549 0.5088 0.8591
vn -0.0549 0.5087 0.8592
vn -0.0549 0.5088 0.8592
vn -0.0938 0.4921 0.8655
vn -0.1330 0.4755 0.8696
vn -0.1723 0.4587 0.8717
vn -0.0377 0.1506 0.9879
vn -0.0377 0.1505 0.9879
vn 0.0824 -0.1314 0.9879
vn -0.8031 -0.5090 -0.3099
vn -0.5906 -0.7840 -0.1910
vn -0.5906 -0.7840 -0.1909
vn -0.9403 0.1314 -0.3138
vn -0.9536 0.1255 -0.2735
vn -0.9537 0.1255 -0.2735
vn -0.9470 -0.2373 -0.2167
vn -0.9469 -0.2373 -0.2167
vn -0.8268 -0.5191 -0.2167
vn 0.3026 -0.0376 0.9524
vn 0.3452 -0.0194 0.9383
vn 0.1824 0.2443 0.9524
vn 0.1823 0.2442 0.9524
vn 0.2250 0.2625 0.9383
vn 0.3678 -0.3753 0.8508
vn 0.4060 -0.3591 0.8404
vn 0.4059 -0.3591 0.8404
vn 0.4436 -0.3429 0.8280
vn 0.4436 -0.3430 0.8280
vn 0.4438 -0.3430 0.8279
vn 0.4806 -0.3272 0.8136
vn 0.4807 -0.3272 0.8136
vn 0.3872 -0.0015 0.9220
vn 0.3871 -0.0015 0.9220
vn 0.2670 0.2804 0.9220
vn 0.2671 0.2804 0.9220
vn 0.0967 0.5734 0.8136
vn 0.0967 0.5733 0.8136
vn 0.0597 0.5577 0.8279
vn 0.0600 0.5579 0.8277
vn 0.0596 0.5576 0.8280
vn 0.0220 0.5415 0.8404
vn -0.0162 0.5252 0.8508
vn 0.1391 0.2259 0.9642
vn 0.2593 -0.0560 0.9642
vn -0.8465 -0.5275 -0.0728
vn -0.9666 -0.2458 -0.0728
vn -0.9623 -0.2436 -0.1209
vn -0.6041 -0.7897 -0.1066
vn -0.6041 -0.7898 -0.1065
vn -0.5983 -0.7873 -0.1488
vn -0.5984 -0.7873 -0.1487
vn -0.5985 -0.7873 -0.1484
vn -0.9557 -0.2410 -0.1688
vn -0.9919 0.1092 -0.0643
vn -0.9939 0.1084 -0.0214
vn -0.9688 -0.2466 -0.0243
vn 0.4689 0.0333 0.8826
vn 0.4691 0.0334 0.8825
vn 0.4688 0.0333 0.8827
vn 0.5082 0.0501 0.8598
vn 0.5081 0.0501 0.8598
vn 0.5082 0.0502 0.8598
vn 0.5085 0.0504 0.8596
vn 0.3486 0.3152 0.8827
vn 0.3879 0.3321 0.8598
vn 0.3879 0.3322 0.8598
vn 0.3879 0.3320 0.8598
vn 0.5171 -0.3117 0.7972
vn 0.5171 -0.3116 0.7972
vn 0.5527 -0.2965 0.7789
vn 0.5873 -0.2817 0.7587
vn 0.6210 -0.2673 0.7368
vn 0.6211 -0.2673 0.7367
vn 0.6209 -0.2674 0.7368
vn 0.5464 0.0664 0.8349
vn 0.5464 0.0665 0.8349
vn 0.5464 0.0666 0.8349
vn 0.4262 0.3483 0.8349
vn 0.2371 0.6333 0.7367
vn 0.2033 0.6189 0.7587
vn 0.2034 0.6188 0.7587
vn 0.2033 0.6188 0.7587
vn 0.1687 0.6040 0.7789
vn 0.1687 0.6041 0.7789
vn 0.1331 0.5889 0.7972
vn 0.3083 0.2980 0.9034
vn 0.4285 0.0161 0.9034
vn -0.9666 -0.2456 0.0728
vn -0.5982 -0.7874 0.1489
vn -0.5982 -0.7874 0.1488
vn -0.6041 -0.7897 0.1066
vn -0.6042 -0.7897 0.1067
vn -0.6041 -0.7898 0.1065
vn -0.9919 0.1093 0.0642
vn -0.9881 0.1108 0.1067
vn -0.9823 0.1132 0.1490
vn -0.9823 0.1133 0.1491
vn -0.9823 0.1131 0.1492
vn 0.6195 0.0975 0.7789
vn 0.6194 0.0975 0.7790
vn 0.6196 0.0976 0.7788
vn 0.6538 0.1122 0.7483
vn 0.4992 0.3794 0.7790
vn 0.5336 0.3941 0.7483
vn 0.6539 -0.2534 0.7129
vn 0.6855 -0.2399 0.6874
vn 0.7159 -0.2269 0.6603
vn 0.7161 -0.2273 0.6599
vn 0.7450 -0.2145 0.6316
vn 0.6869 0.1263 0.7157
vn 0.5667 0.4082 0.7157
vn 0.3611 0.6861 0.6316
vn 0.3319 0.6737 0.6603
vn 0.3015 0.6607 0.6874
vn 0.3015 0.6608 0.6873
vn 0.2699 0.6472 0.7129
vn 0.2700 0.6471 0.7130
vn 0.4634 0.3638 0.8081
vn 0.4634 0.3641 0.8079
vn 0.5835 0.0822 0.8079
vn -0.8030 -0.5090 0.3099
vn -0.9232 -0.2271 0.3100
vn -0.9231 -0.2271 0.3102
vn -0.9362 -0.2326 0.2635
vn -0.9362 -0.2326 0.2634
vn -0.5811 -0.7799 0.2325
vn -0.9746 0.1167 0.1911
vn -0.9536 0.1256 0.2735
vn -0.9537 0.1256 0.2734
vn 0.7484 0.1527 0.6455
vn 0.7484 0.1525 0.6454
vn 0.7767 0.1646 0.6080
vn 0.6283 0.4344 0.6454
vn 0.6282 0.4344 0.6454
vn 0.6565 0.4465 0.6080
vn 0.7730 -0.2026 0.6012
vn 0.7730 -0.2027 0.6012
vn 0.7995 -0.1911 0.5695
vn 0.7995 -0.1910 0.5695
vn 0.7994 -0.1913 0.5695
vn 0.8243 -0.1807 0.5365
vn 0.8478 -0.1707 0.5021
vn 0.8477 -0.1707 0.5022
vn 0.8478 -0.1706 0.5021
vn 0.8033 0.1759 0.5690
vn 0.8034 0.1758 0.5689
vn 0.6831 0.4578 0.5690
vn 0.4638 0.7299 0.5022
vn 0.4638 0.7299 0.5021
vn 0.4640 0.7298 0.5022
vn 0.4403 0.7199 0.5365
vn 0.4154 0.7093 0.5694
vn 0.4154 0.7095 0.5693
vn 0.4155 0.7093 0.5694
vn 0.4155 0.7093 0.5695
vn 0.3890 0.6980 0.6012
vn 0.3890 0.6980 0.6013
vn 0.5982 0.4217 0.6814
vn 0.5983 0.4217 0.6814
vn 0.7185 0.1398 0.6814
vn -0.7308 -0.4782 0.4870
vn -0.7518 -0.4872 0.4443
vn -0.7518 -0.4872 0.4444
vn -0.8510 -0.1963 0.4870
vn -0.8721 -0.2052 0.4443
vn -0.5412 -0.7630 0.3534
vn -0.5411 -0.7631 0.3534
vn -0.8911 -0.2134 0.4006
vn -0.9253 0.1377 0.3534
vn -0.8281 -0.1866 0.5286
vn -0.7079 -0.4683 0.5287
vn -0.7079 -0.4684 0.5287
vn -0.7079 -0.4682 0.5288
vn 0.1269 -0.1124 0.9855
vn 0.0511 0.1883 0.9808
vn 0.0512 0.1884 0.9808
vn 0.3290 -0.3922 0.8591
vn 0.3292 -0.3919 0.8591
vn 0.3291 -0.3918 0.8591
vn 0.2902 -0.4084 0.8655
vn 0.2116 -0.4421 0.8717
vn -0.1720 0.4590 0.8716
vn -0.1328 0.4756 0.8696
vn 0.8720 0.2053 0.4443
vn 0.7518 0.4871 0.4443
vn 0.9253 -0.1377 0.3534
vn 0.5412 0.7630 0.3534
vn 0.5412 0.7631 0.3534
vn 0.4855 0.7395 0.4663
vn 0.4858 0.7392 0.4665
vn 0.4857 0.7393 0.4664
vn 0.4856 0.7393 0.4665
vn 0.7079 0.4685 0.5286
vn -0.6282 -0.4346 0.6454
vn -0.6281 -0.4345 0.6456
vn -0.7484 -0.1526 0.6455
vn -0.3891 -0.6980 0.6012
vn -0.3890 -0.6979 0.6014
vn -0.7995 0.1914 0.5694
vn -0.7995 0.1913 0.5695
vn -0.7730 0.2025 0.6012
vn -0.7731 0.2025 0.6011
vn -0.7731 0.2024 0.6011
vn -0.5982 -0.4217 0.6814
vn 0.3451 -0.0194 0.9383
vn 0.3026 -0.0375 0.9524
vn 0.2251 0.2625 0.9383
vn 0.1824 0.2442 0.9524
vn 0.3677 -0.3754 0.8508
vn 0.1391 0.2260 0.9642
vn 0.1390 0.2265 0.9640
vn -0.0162 0.5253 0.8508
vn 0.2671 0.2805 0.9220
vn 0.2671 0.2805 0.9219
vn 0.3873 -0.0015 0.9220
vn 0.9232 0.2271 0.3100
vn 0.8031 0.5090 0.3098
vn 0.8161 0.5144 0.2636
vn 0.8160 0.5144 0.2636
vn 0.9404 -0.1311 0.3138
vn 0.9470 0.2372 0.2165
vn 0.5812 0.7800 0.2322
vn 0.9082 0.2208 0.3556
vn -0.4992 -0.3794 0.7791
vn -0.6194 -0.0976 0.7790
vn -0.3612 -0.6861 0.6315
vn -0.7450 0.2145 0.6316
vn -0.7451 0.2145 0.6316
vn -0.6852 0.2396 0.6878
vn -0.6855 0.2397 0.6875
vn -0.6854 0.2399 0.6875
vn -0.6854 0.2401 0.6875
vn -0.5835 -0.0822 0.8079
vn 0.5078 0.0502 0.8600
vn 0.5873 -0.2817 0.7588
vn 0.5171 -0.3117 0.7971
vn 0.3083 0.2979 0.9034
vn 0.9623 0.2436 0.1210
vn 0.9666 0.2456 0.0728
vn 0.8421 0.5256 0.1210
vn 0.9823 -0.1134 0.1490
vn 0.9939 -0.1084 0.0213
vn 0.9688 0.2467 0.0243
vn 0.8486 0.5284 0.0244
vn 0.6042 0.7897 0.1067
vn 0.8355 0.5228 0.1689
vn -0.3486 -0.3153 0.8827
vn -0.3486 -0.3153 0.8826
vn -0.4688 -0.0332 0.8827
vn -0.1331 -0.5887 0.7973
vn -0.6211 0.2673 0.7368
vn -0.5526 0.2966 0.7789
vn -0.5172 0.3117 0.7971
vn -0.4285 -0.0160 0.9034
vn -0.3084 -0.2980 0.9034
vn 0.7451 -0.2144 0.6316
vn 0.7451 -0.2145 0.6316
vn 0.5835 0.0823 0.8079
vn 0.5667 0.4083 0.7157
vn 0.9666 0.2457 -0.0727
vn 0.8421 0.5257 -0.1209
vn 0.9919 -0.1093 -0.0642
vn 0.5982 0.7874 -0.1489
vn 0.6041 0.7897 -0.1069
vn 0.6042 0.7897 -0.1068
vn 0.6042 0.7896 -0.1067
vn 0.8487 0.5283 -0.0243
vn 0.8487 0.5284 -0.0243
vn -0.1824 -0.2442 0.9524
vn -0.3026 0.0377 0.9524
vn -0.3452 0.0194 0.9383
vn -0.3452 0.0193 0.9383
vn 0.0163 -0.5252 0.8508
vn 0.0162 -0.5253 0.8507
vn 0.0162 -0.5253 0.8508
vn -0.0595 -0.5576 0.8280
vn -0.4063 0.3595 0.8400
vn -0.4061 0.3593 0.8403
vn -0.4062 0.3593 0.8402
vn -0.4064 0.3594 0.8401
vn -0.3678 0.3751 0.8509
vn -0.2595 0.0562 0.9641
vn -0.2596 0.0563 0.9641
vn 0.6280 0.4344 0.6457
vn 0.6282 0.4345 0.6455
vn 0.8478 -0.1707 0.5022
vn 0.8477 -0.1707 0.5023
vn 0.7730 -0.2026 0.6011
vn 0.7730 -0.2025 0.6012
vn 0.7185 0.1398 0.6813
vn 0.7185 0.1399 0.6813
vn 0.5983 0.4216 0.6813
vn 0.5984 0.4216 0.6813
vn 0.4154 0.7093 0.5696
vn 0.4154 0.7093 0.5695
vn 0.4404 0.7199 0.5364
vt 0.000000 0.000000
s 1
usemtl Goddard_None
f 1/1/1 2/1/2 3/1/3
f 3/1/3 4/1/4 1/1/1
f 4/1/4 3/1/3 5/1/5
f 5/1/5 6/1/6 4/1/4
f 4/1/7 7/1/8 8/1/9
f 8/1/9 1/1/10 4/1/7
f 9/1/11 7/1/8 4/1/7
f 4/1/7 6/1/12 9/1/11
f 10/1/13 11/1/13 12/1/13
f 12/1/13 2/1/13 10/1/13
f 13/1/14 3/1/14 2/1/14
f 2/1/14 12/1/14 13/1/14
f 13/1/15 14/1/15 5/1/15
f 5/1/15 3/1/15 13/1/15
f 5/1/16 14/1/16 15/1/16
f 15/1/16 16/1/16 5/1/16
f 17/1/17 6/1/6 5/1/5
f 5/1/5 16/1/18 17/1/17
f 17/1/19 18/1/20 9/1/11
f 9/1/11 6/1/12 17/1/19
f 19/1/21 9/1/21 18/1/22
f 18/1/22 20/1/23 19/1/21
f 9/1/24 19/1/24 21/1/24
f 21/1/24 7/1/24 9/1/24
f 7/1/25 21/1/25 22/1/26
f 22/1/26 8/1/25 7/1/25
f 22/1/27 23/1/28 24/1/29
f 24/1/29 8/1/30 22/1/27
f 1/1/10 8/1/9 24/1/31
f 24/1/31 25/1/32 1/1/10
f 10/1/33 2/1/2 1/1/1
f 1/1/1 25/1/34 10/1/33
f 26/1/35 27/1/36 28/1/37
f 28/1/37 29/1/38 26/1/35
f 30/1/39 31/1/40 27/1/41
f 27/1/41 26/1/42 30/1/39
f 27/1/36 32/1/43 33/1/44
f 33/1/44 28/1/37 27/1/36
f 27/1/41 31/1/40 34/1/45
f 34/1/45 32/1/46 27/1/41
f 35/1/47 29/1/47 36/1/47
f 36/1/47 37/1/47 35/1/47
f 26/1/35 29/1/38 35/1/48
f 35/1/48 38/1/49 26/1/35
f 39/1/50 30/1/39 26/1/42
f 26/1/42 38/1/51 39/1/50
f 30/1/52 39/1/52 40/1/52
f 40/1/52 41/1/53 30/1/52
f 42/1/54 31/1/54 30/1/54
f 30/1/54 41/1/54 42/1/54
f 43/1/55 34/1/55 31/1/55
f 31/1/55 42/1/55 43/1/55
f 44/1/56 34/1/56 43/1/56
f 43/1/56 45/1/56 44/1/56
f 44/1/57 46/1/58 32/1/46
f 32/1/46 34/1/45 44/1/57
f 32/1/43 46/1/59 47/1/60
f 47/1/60 33/1/44 32/1/43
f 48/1/61 33/1/61 47/1/62
f 47/1/62 49/1/61 48/1/61
f 28/1/63 33/1/63 48/1/63
f 48/1/63 50/1/63 28/1/63
f 29/1/64 28/1/65 50/1/64
f 50/1/64 36/1/66 29/1/64
f 51/1/67 52/1/68 53/1/69
f 53/1/69 54/1/70 51/1/67
f 55/1/71 56/1/72 52/1/73
f 52/1/73 51/1/74 55/1/71
f 52/1/68 57/1/75 58/1/76
f 58/1/76 53/1/69 52/1/68
f 52/1/73 56/1/72 59/1/77
f 59/1/77 57/1/78 52/1/73
f 54/1/79 60/1/79 61/1/79
f 61/1/79 62/1/79 54/1/79
f 62/1/80 63/1/81 51/1/67
f 51/1/67 54/1/70 62/1/80
f 55/1/71 51/1/74 63/1/82
f 63/1/82 64/1/83 55/1/71
f 64/1/84 65/1/84 66/1/85
f 66/1/85 55/1/85 64/1/84
f 67/1/86 56/1/87 55/1/86
f 55/1/86 66/1/86 67/1/86
f 68/1/88 59/1/88 56/1/88
f 56/1/88 67/1/88 68/1/88
f 39/1/89 59/1/89 68/1/89
f 68/1/89 40/1/89 39/1/89
f 38/1/51 57/1/78 59/1/77
f 59/1/77 39/1/50 38/1/51
f 38/1/49 35/1/48 58/1/76
f 58/1/76 57/1/75 38/1/49
f 35/1/90 37/1/90 69/1/90
f 69/1/90 58/1/90 35/1/90
f 53/1/91 58/1/91 69/1/91
f 69/1/91 70/1/92 53/1/91
f 54/1/93 53/1/93 70/1/93
f 70/1/93 60/1/93 54/1/93
f 71/1/94 72/1/95 73/1/96
f 73/1/96 74/1/97 71/1/94
f 75/1/98 76/1/99 72/1/100
f 72/1/100 71/1/101 75/1/98
f 72/1/95 77/1/102 78/1/103
f 78/1/103 73/1/96 72/1/95
f 72/1/100 76/1/99 79/1/104
f 79/1/104 77/1/105 72/1/100
f 80/1/106 81/1/106 82/1/106
f 82/1/106 74/1/106 80/1/106
f 71/1/94 74/1/97 82/1/107
f 82/1/107 83/1/108 71/1/94
f 75/1/98 71/1/101 83/1/109
f 83/1/109 84/1/110 75/1/98
f 84/1/111 85/1/111 86/1/111
f 86/1/111 75/1/112 84/1/111
f 87/1/113 76/1/114 75/1/115
f 75/1/115 86/1/114 87/1/113
f 88/1/116 79/1/117 76/1/116
f 76/1/116 87/1/116 88/1/116
f 65/1/118 64/1/119 79/1/120
f 79/1/120 88/1/121 65/1/118
f 63/1/82 77/1/105 79/1/104
f 79/1/104 64/1/83 63/1/82
f 63/1/81 62/1/80 78/1/103
f 78/1/103 77/1/102 63/1/81
f 62/1/122 61/1/122 89/1/122
f 89/1/122 78/1/122 62/1/122
f 78/1/123 89/1/123 90/1/123
f 90/1/123 73/1/124 78/1/123
f 74/1/125 73/1/126 90/1/125
f 90/1/125 80/1/127 74/1/125
f 91/1/128 92/1/129 93/1/130
f 93/1/130 94/1/131 91/1/128
f 95/1/132 96/1/133 92/1/134
f 92/1/134 91/1/135 95/1/132
f 92/1/129 97/1/136 98/1/137
f 98/1/137 93/1/130 92/1/129
f 92/1/134 96/1/133 99/1/138
f 99/1/138 97/1/139 92/1/134
f 94/1/140 100/1/140 101/1/140
f 101/1/140 102/1/140 94/1/140
f 94/1/131 102/1/141 103/1/142
f 103/1/142 91/1/128 94/1/131
f 103/1/143 104/1/144 95/1/132
f 95/1/132 91/1/135 103/1/143
f 105/1/145 95/1/145 104/1/146
f 104/1/146 106/1/145 105/1/145
f 96/1/147 95/1/148 105/1/147
f 105/1/147 107/1/147 96/1/147
f 108/1/149 99/1/150 96/1/150
f 96/1/150 107/1/151 108/1/149
f 85/1/152 84/1/152 99/1/152
f 99/1/152 108/1/152 85/1/152
f 83/1/109 97/1/139 99/1/138
f 99/1/138 84/1/110 83/1/109
f 83/1/108 82/1/107 98/1/137
f 98/1/137 97/1/136 83/1/108
f 82/1/153 81/1/153 109/1/153
f 109/1/153 98/1/153 82/1/153
f 98/1/154 109/1/154 110/1/154
f 110/1/154 93/1/154 98/1/154
f 100/1/155 94/1/155 93/1/155
f 93/1/155 110/1/155 100/1/155
f 111/1/156 112/1/157 113/1/158
f 113/1/158 114/1/159 111/1/156
f 115/1/160 116/1/161 112/1/162
f 112/1/162 111/1/163 115/1/160
f 112/1/157 117/1/164 118/1/165
f 118/1/165 113/1/158 112/1/157
f 112/1/162 116/1/161 119/1/166
f 119/1/166 117/1/167 112/1/162
f 114/1/168 120/1/168 121/1/168
f 121/1/168 122/1/168 114/1/168
f 114/1/159 122/1/169 123/1/170
f 123/1/170 111/1/156 114/1/159
f 115/1/160 111/1/163 123/1/171
f 123/1/171 124/1/172 115/1/160
f 124/1/173 125/1/173 126/1/174
f 126/1/174 115/1/174 124/1/173
f 116/1/175 115/1/176 126/1/176
f 126/1/176 127/1/176 116/1/175
f 128/1/177 119/1/177 116/1/177
f 116/1/177 127/1/177 128/1/177
f 104/1/178 119/1/178 128/1/178
f 128/1/178 106/1/178 104/1/178
f 117/1/167 119/1/166 104/1/144
f 104/1/144 103/1/143 117/1/167
f 103/1/142 102/1/141 118/1/165
f 118/1/165 117/1/164 103/1/142
f 102/1/179 101/1/179 129/1/179
f 129/1/179 118/1/179 102/1/179
f 118/1/180 129/1/180 130/1/180
f 130/1/180 113/1/180 118/1/180
f 120/1/181 114/1/181 113/1/181
f 113/1/181 130/1/181 120/1/181
f 131/1/182 132/1/183 133/1/184
f 133/1/184 134/1/185 131/1/182
f 135/1/186 136/1/187 132/1/188
f 132/1/188 131/1/189 135/1/186
f 132/1/183 137/1/190 138/1/191
f 138/1/191 133/1/184 132/1/183
f 132/1/188 136/1/187 139/1/192
f 139/1/192 137/1/193 132/1/188
f 134/1/194 140/1/194 141/1/194
f 141/1/194 142/1/195 134/1/194
f 134/1/185 142/1/196 143/1/197
f 143/1/197 131/1/182 134/1/185
f 135/1/186 131/1/189 143/1/198
f 143/1/198 144/1/199 135/1/186
f 144/1/200 145/1/200 146/1/200
f 146/1/200 135/1/200 144/1/200
f 136/1/201 135/1/202 146/1/202
f 146/1/202 147/1/202 136/1/201
f 148/1/203 139/1/203 136/1/203
f 136/1/203 147/1/203 148/1/203
f 124/1/204 139/1/205 148/1/205
f 148/1/205 125/1/206 124/1/204
f 123/1/171 137/1/193 139/1/192
f 139/1/192 124/1/172 123/1/171
f 123/1/170 122/1/169 138/1/191
f 138/1/191 137/1/190 123/1/170
f 122/1/207 121/1/207 149/1/207
f 149/1/207 138/1/207 122/1/207
f 138/1/208 149/1/209 150/1/210
f 150/1/210 133/1/209 138/1/208
f 140/1/211 134/1/211 133/1/211
f 133/1/211 150/1/211 140/1/211
f 151/1/212 152/1/213 153/1/214
f 153/1/214 154/1/215 151/1/212
f 155/1/216 156/1/217 152/1/218
f 152/1/218 151/1/219 155/1/216
f 152/1/213 157/1/220 158/1/221
f 158/1/221 153/1/214 152/1/213
f 152/1/218 156/1/217 159/1/222
f 159/1/222 157/1/223 152/1/218
f 154/1/224 160/1/225 161/1/225
f 161/1/225 162/1/225 154/1/224
f 154/1/215 162/1/226 163/1/227
f 163/1/227 151/1/212 154/1/215
f 155/1/216 151/1/219 163/1/228
f 163/1/228 164/1/229 155/1/216
f 164/1/230 165/1/230 166/1/230
f 166/1/230 155/1/230 164/1/230
f 156/1/231 155/1/231 166/1/231
f 166/1/231 167/1/231 156/1/231
f 168/1/232 159/1/232 156/1/232
f 156/1/232 167/1/233 168/1/232
f 144/1/234 159/1/235 168/1/236
f 168/1/236 145/1/237 144/1/234
f 143/1/198 157/1/223 159/1/222
f 159/1/222 144/1/199 143/1/198
f 143/1/197 142/1/196 158/1/221
f 158/1/221 157/1/220 143/1/197
f 142/1/238 141/1/238 169/1/238
f 169/1/238 158/1/238 142/1/238
f 158/1/239 169/1/240 170/1/240
f 170/1/240 153/1/239 158/1/239
f 160/1/241 154/1/242 153/1/243
f 153/1/243 170/1/244 160/1/241
f 171/1/245 172/1/246 173/1/247
f 173/1/247 174/1/248 171/1/245
f 175/1/249 176/1/250 172/1/251
f 172/1/251 171/1/252 175/1/249
f 172/1/246 177/1/253 178/1/254
f 178/1/254 173/1/247 172/1/246
f 172/1/251 176/1/250 179/1/255
f 179/1/255 177/1/256 172/1/251
f 174/1/257 180/1/257 181/1/257
f 181/1/257 182/1/257 174/1/257
f 174/1/248 182/1/258 183/1/259
f 183/1/259 171/1/245 174/1/248
f 175/1/249 171/1/252 183/1/260
f 183/1/260 184/1/261 175/1/249
f 185/1/262 175/1/262 184/1/262
f 184/1/262 186/1/262 185/1/262
f 176/1/263 175/1/263 185/1/263
f 185/1/263 187/1/263 176/1/263
f 188/1/264 179/1/264 176/1/264
f 176/1/264 187/1/264 188/1/264
f 164/1/265 179/1/266 188/1/267
f 188/1/267 165/1/265 164/1/265
f 163/1/228 177/1/256 179/1/255
f 179/1/255 164/1/229 163/1/228
f 163/1/227 162/1/226 178/1/254
f 178/1/254 177/1/253 163/1/227
f 162/1/268 161/1/268 189/1/268
f 189/1/268 178/1/269 162/1/268
f 178/1/270 189/1/270 190/1/271
f 190/1/271 173/1/271 178/1/270
f 180/1/272 174/1/272 173/1/272
f 173/1/272 190/1/272 180/1/272
f 191/1/273 192/1/274 193/1/275
f 193/1/275 194/1/276 191/1/273
f 195/1/277 196/1/278 192/1/279
f 192/1/279 191/1/280 195/1/277
f 192/1/274 197/1/281 198/1/282
f 198/1/282 193/1/275 192/1/274
f 192/1/279 196/1/278 199/1/283
f 199/1/283 197/1/284 192/1/279
f 194/1/285 200/1/285 201/1/285
f 201/1/285 202/1/285 194/1/285
f 194/1/276 202/1/286 203/1/287
f 203/1/287 191/1/273 194/1/276
f 195/1/277 191/1/280 203/1/288
f 203/1/288 204/1/289 195/1/277
f 205/1/290 195/1/290 204/1/290
f 204/1/290 206/1/290 205/1/290
f 196/1/291 195/1/291 205/1/291
f 205/1/291 207/1/291 196/1/291
f 208/1/292 199/1/292 196/1/293
f 196/1/293 207/1/292 208/1/292
f 186/1/294 184/1/294 199/1/294
f 199/1/294 208/1/294 186/1/294
f 183/1/260 197/1/284 199/1/283
f 199/1/283 184/1/261 183/1/260
f 183/1/259 182/1/258 198/1/282
f 198/1/282 197/1/281 183/1/259
f 182/1/295 181/1/295 209/1/295
f 209/1/295 198/1/295 182/1/295
f 198/1/296 209/1/296 210/1/296
f 210/1/296 193/1/296 198/1/296
f 200/1/297 194/1/298 193/1/297
f 193/1/297 210/1/297 200/1/297
f 211/1/299 212/1/300 213/1/301
f 213/1/301 214/1/302 211/1/299
f 215/1/303 216/1/304 212/1/305
f 212/1/305 211/1/306 215/1/303
f 212/1/300 217/1/307 218/1/308
f 218/1/308 213/1/301 212/1/300
f 212/1/305 216/1/304 219/1/309
f 219/1/309 217/1/310 212/1/305
f 214/1/311 220/1/311 221/1/311
f 221/1/311 222/1/312 214/1/311
f 214/1/302 222/1/313 223/1/314
f 223/1/314 211/1/299 214/1/302
f 215/1/303 211/1/306 223/1/315
f 223/1/315 224/1/316 215/1/303
f 225/1/317 215/1/318 224/1/317
f 224/1/317 226/1/319 225/1/317
f 216/1/320 215/1/320 225/1/320
f 225/1/320 227/1/321 216/1/320
f 228/1/322 219/1/322 216/1/322
f 216/1/322 227/1/322 228/1/322
f 206/1/323 204/1/323 219/1/323
f 219/1/323 228/1/323 206/1/323
f 203/1/288 217/1/310 219/1/309
f 219/1/309 204/1/289 203/1/288
f 203/1/287 202/1/286 218/1/308
f 218/1/308 217/1/307 203/1/287
f 202/1/324 201/1/324 229/1/324
f 229/1/324 218/1/324 202/1/324
f 218/1/325 229/1/326 230/1/325
f 230/1/325 213/1/327 218/1/325
f 220/1/328 214/1/329 213/1/329
f 213/1/329 230/1/328 220/1/328
f 231/1/330 232/1/331 233/1/332
f 233/1/332 234/1/333 231/1/330
f 235/1/334 236/1/335 232/1/336
f 232/1/336 231/1/337 235/1/334
f 232/1/331 237/1/338 238/1/339
f 238/1/339 233/1/332 232/1/331
f 232/1/336 236/1/335 239/1/340
f 239/1/340 237/1/341 232/1/336
f 234/1/342 240/1/343 241/1/343
f 241/1/343 242/1/342 234/1/342
f 234/1/333 242/1/344 243/1/345
f 243/1/345 231/1/330 234/1/333
f 235/1/334 231/1/337 243/1/346
f 243/1/346 244/1/347 235/1/334
f 245/1/348 235/1/348 244/1/348
f 244/1/348 246/1/348 245/1/348
f 236/1/349 235/1/349 245/1/349
f 245/1/349 247/1/349 236/1/349
f 248/1/350 239/1/351 236/1/352
f 236/1/352 247/1/350 248/1/350
f 226/1/353 224/1/353 239/1/353
f 239/1/353 248/1/353 226/1/353
f 223/1/315 237/1/341 239/1/340
f 239/1/340 224/1/316 223/1/315
f 223/1/314 222/1/313 238/1/339
f 238/1/339 237/1/338 223/1/314
f 222/1/354 221/1/354 249/1/354
f 249/1/354 238/1/354 222/1/354
f 238/1/355 249/1/355 250/1/355
f 250/1/355 233/1/355 238/1/355
f 240/1/356 234/1/356 233/1/356
f 233/1/356 250/1/357 240/1/356
f 251/1/358 252/1/359 253/1/360
f 253/1/360 254/1/361 251/1/358
f 255/1/362 256/1/363 252/1/364
f 252/1/364 251/1/365 255/1/362
f 252/1/359 257/1/366 258/1/367
f 258/1/367 253/1/360 252/1/359
f 252/1/364 256/1/363 259/1/368
f 259/1/368 257/1/369 252/1/364
f 254/1/370 260/1/370 261/1/370
f 261/1/370 262/1/370 254/1/370
f 254/1/361 262/1/371 263/1/372
f 263/1/372 251/1/358 254/1/361
f 255/1/362 251/1/365 263/1/373
f 263/1/373 264/1/374 255/1/362
f 265/1/375 255/1/376 264/1/375
f 264/1/375 266/1/376 265/1/375
f 256/1/377 255/1/377 265/1/378
f 265/1/378 267/1/377 256/1/377
f 268/1/379 259/1/379 256/1/380
f 256/1/380 267/1/379 268/1/379
f 246/1/381 244/1/381 259/1/381
f 259/1/381 268/1/381 246/1/381
f 243/1/346 257/1/369 259/1/368
f 259/1/368 244/1/347 243/1/346
f 243/1/345 242/1/344 258/1/367
f 258/1/367 257/1/366 243/1/345
f 242/1/382 241/1/383 269/1/384
f 269/1/384 258/1/383 242/1/382
f 258/1/385 269/1/385 270/1/385
f 270/1/385 253/1/385 258/1/385
f 260/1/386 254/1/386 253/1/386
f 253/1/386 270/1/386 260/1/386
f 271/1/387 272/1/388 273/1/389
f 273/1/389 274/1/390 271/1/387
f 275/1/391 276/1/392 272/1/393
f 272/1/393 271/1/394 275/1/391
f 272/1/388 277/1/395 278/1/395
f 278/1/395 273/1/389 272/1/388
f 272/1/393 276/1/392 279/1/396
f 279/1/396 277/1/397 272/1/393
f 274/1/398 280/1/398 281/1/398
f 281/1/398 282/1/398 274/1/398
f 274/1/390 282/1/399 283/1/400
f 283/1/400 271/1/387 274/1/390
f 275/1/391 271/1/394 283/1/401
f 283/1/401 284/1/402 275/1/391
f 285/1/403 275/1/403 284/1/403
f 284/1/403 286/1/403 285/1/403
f 276/1/404 275/1/404 285/1/404
f 285/1/404 287/1/404 276/1/404
f 288/1/405 279/1/406 276/1/407
f 276/1/407 287/1/407 288/1/405
f 266/1/408 264/1/409 279/1/409
f 279/1/409 288/1/409 266/1/408
f 263/1/373 277/1/397 279/1/396
f 279/1/396 264/1/374 263/1/373
f 263/1/372 262/1/371 278/1/395
f 278/1/395 277/1/395 263/1/372
f 262/1/410 261/1/410 289/1/410
f 289/1/410 278/1/410 262/1/410
f 278/1/411 289/1/411 290/1/412
f 290/1/412 273/1/411 278/1/411
f 280/1/413 274/1/413 273/1/413
f 273/1/413 290/1/413 280/1/413
f 291/1/414 292/1/415 293/1/416
f 293/1/416 294/1/417 291/1/414
f 295/1/418 296/1/419 292/1/420
f 292/1/420 291/1/421 295/1/418
f 292/1/415 297/1/422 298/1/423
f 298/1/423 293/1/416 292/1/415
f 292/1/420 296/1/419 299/1/424
f 299/1/424 297/1/425 292/1/420
f 294/1/426 300/1/426 301/1/426
f 301/1/426 302/1/426 294/1/426
f 294/1/417 302/1/427 303/1/428
f 303/1/428 291/1/414 294/1/417
f 295/1/418 291/1/421 303/1/429
f 303/1/429 304/1/430 295/1/418
f 305/1/431 295/1/431 304/1/431
f 304/1/431 306/1/431 305/1/431
f 296/1/432 295/1/433 305/1/434
f 305/1/434 307/1/435 296/1/432
f 308/1/436 299/1/437 296/1/438
f 296/1/438 307/1/437 308/1/436
f 286/1/439 284/1/439 299/1/439
f 299/1/439 308/1/439 286/1/439
f 283/1/401 297/1/425 299/1/424
f 299/1/424 284/1/402 283/1/401
f 283/1/400 282/1/399 298/1/423
f 298/1/423 297/1/422 283/1/400
f 282/1/440 281/1/440 309/1/440
f 309/1/440 298/1/441 282/1/440
f 298/1/442 309/1/443 310/1/442
f 310/1/442 293/1/442 298/1/442
f 300/1/444 294/1/445 293/1/445
f 293/1/445 310/1/445 300/1/444
f 311/1/446 312/1/447 313/1/448
f 313/1/448 314/1/449 311/1/446
f 315/1/450 316/1/451 312/1/452
f 312/1/452 311/1/453 315/1/450
f 312/1/447 317/1/454 318/1/455
f 318/1/455 313/1/448 312/1/447
f 312/1/452 316/1/451 319/1/456
f 319/1/456 317/1/457 312/1/452
f 314/1/458 320/1/459 321/1/459
f 321/1/459 322/1/459 314/1/458
f 314/1/449 322/1/460 323/1/461
f 323/1/461 311/1/446 314/1/449
f 315/1/450 311/1/453 323/1/462
f 323/1/462 324/1/463 315/1/450
f 325/1/464 315/1/464 324/1/464
f 324/1/464 326/1/464 325/1/464
f 316/1/465 315/1/465 325/1/465
f 325/1/465 327/1/465 316/1/465
f 328/1/466 319/1/467 316/1/466
f 316/1/466 327/1/466 328/1/466
f 306/1/468 304/1/468 319/1/468
f 319/1/468 328/1/468 306/1/468
f 303/1/429 317/1/457 319/1/456
f 319/1/456 304/1/430 303/1/429
f 303/1/428 302/1/427 318/1/455
f 318/1/455 317/1/454 303/1/428
f 302/1/469 301/1/469 329/1/469
f 329/1/469 318/1/469 302/1/469
f 318/1/470 329/1/471 330/1/471
f 330/1/471 313/1/470 318/1/470
f 320/1/472 314/1/472 313/1/472
f 313/1/472 330/1/472 320/1/472
f 331/1/473 332/1/474 333/1/475
f 333/1/475 334/1/476 331/1/473
f 335/1/477 336/1/478 332/1/479
f 332/1/479 331/1/480 335/1/477
f 332/1/474 337/1/481 338/1/482
f 338/1/482 333/1/475 332/1/474
f 332/1/479 336/1/478 339/1/483
f 339/1/483 337/1/484 332/1/479
f 334/1/485 340/1/485 341/1/485
f 341/1/485 342/1/486 334/1/485
f 334/1/476 342/1/487 343/1/488
f 343/1/488 331/1/473 334/1/476
f 335/1/477 331/1/480 343/1/489
f 343/1/489 344/1/490 335/1/477
f 345/1/491 335/1/491 344/1/491
f 344/1/491 346/1/491 345/1/491
f 336/1/492 335/1/492 345/1/492
f 345/1/492 347/1/492 336/1/492
f 348/1/493 339/1/493 336/1/493
f 336/1/493 347/1/493 348/1/493
f 326/1/494 324/1/494 339/1/494
f 339/1/494 348/1/495 326/1/494
f 323/1/462 337/1/484 339/1/483
f 339/1/483 324/1/463 323/1/462
f 323/1/461 322/1/460 338/1/482
f 338/1/482 337/1/481 323/1/461
f 322/1/496 321/1/496 349/1/496
f 349/1/496 338/1/496 322/1/496
f 338/1/497 349/1/497 350/1/497
f 350/1/497 333/1/497 338/1/497
f 340/1/498 334/1/498 333/1/498
f 333/1/498 350/1/498 340/1/498
f 351/1/499 352/1/500 353/1/501
f 353/1/501 354/1/502 351/1/499
f 355/1/503 356/1/504 352/1/505
f 352/1/505 351/1/506 355/1/503
f 352/1/500 357/1/507 358/1/508
f 358/1/508 353/1/501 352/1/500
f 352/1/505 356/1/504 359/1/509
f 359/1/509 357/1/510 352/1/505
f 354/1/52 360/1/52 361/1/52
f 361/1/52 362/1/52 354/1/52
f 354/1/502 362/1/511 363/1/512
f 363/1/512 351/1/499 354/1/502
f 355/1/503 351/1/506 363/1/513
f 363/1/513 364/1/514 355/1/503
f 365/1/515 355/1/516 364/1/517
f 364/1/517 366/1/518 365/1/515
f 356/1/64 355/1/64 365/1/64
f 365/1/64 367/1/64 356/1/64
f 368/1/63 359/1/519 356/1/63
f 356/1/63 367/1/63 368/1/63
f 346/1/61 344/1/61 359/1/61
f 359/1/61 368/1/61 346/1/61
f 343/1/489 357/1/510 359/1/509
f 359/1/509 344/1/490 343/1/489
f 343/1/488 342/1/487 358/1/508
f 358/1/508 357/1/507 343/1/488
f 342/1/56 341/1/56 369/1/56
f 369/1/56 358/1/56 342/1/56
f 358/1/55 369/1/55 370/1/55
f 370/1/55 353/1/55 358/1/55
f 360/1/520 354/1/521 353/1/520
f 353/1/520 370/1/522 360/1/520
f 371/1/523 372/1/524 373/1/525
f 373/1/525 374/1/526 371/1/523
f 375/1/527 376/1/528 372/1/529
f 372/1/529 371/1/530 375/1/527
f 372/1/524 377/1/531 378/1/532
f 378/1/532 373/1/525 372/1/524
f 372/1/529 376/1/528 379/1/533
f 379/1/533 377/1/534 372/1/529
f 374/1/85 380/1/85 381/1/85
f 381/1/85 382/1/85 374/1/85
f 374/1/526 382/1/535 383/1/536
f 383/1/536 371/1/523 374/1/526
f 375/1/527 371/1/530 383/1/537
f 383/1/537 384/1/538 375/1/527
f 385/1/79 375/1/79 384/1/79
f 384/1/79 386/1/79 385/1/79
f 376/1/539 375/1/539 385/1/539
f 385/1/539 387/1/539 376/1/539
f 388/1/540 379/1/91 376/1/541
f 376/1/541 387/1/91 388/1/540
f 366/1/542 364/1/542 379/1/542
f 379/1/542 388/1/542 366/1/542
f 363/1/513 377/1/534 379/1/533
f 379/1/533 364/1/514 363/1/513
f 363/1/512 362/1/511 378/1/532
f 378/1/532 377/1/531 363/1/512
f 362/1/89 361/1/89 389/1/89
f 389/1/89 378/1/89 362/1/89
f 378/1/88 389/1/88 390/1/88
f 390/1/88 373/1/88 378/1/88
f 380/1/86 374/1/86 373/1/86
f 373/1/86 390/1/543 380/1/86
f 391/1/544 392/1/545 393/1/546
f 393/1/546 394/1/547 391/1/544
f 395/1/548 396/1/549 392/1/550
f 392/1/550 391/1/551 395/1/548
f 392/1/545 397/1/552 398/1/553
f 398/1/553 393/1/546 392/1/545
f 392/1/550 396/1/549 399/1/554
f 399/1/554 397/1/555 392/1/550
f 394/1/556 400/1/557 401/1/558
f 401/1/558 402/1/112 394/1/556
f 394/1/547 402/1/559 403/1/560
f 403/1/560 391/1/544 394/1/547
f 395/1/548 391/1/551 403/1/561
f 403/1/561 404/1/562 395/1/548
f 405/1/106 395/1/106 404/1/106
f 404/1/106 406/1/106 405/1/106
f 396/1/563 395/1/127 405/1/563
f 405/1/563 407/1/564 396/1/563
f 408/1/123 399/1/123 396/1/123
f 396/1/123 407/1/123 408/1/123
f 386/1/122 384/1/122 399/1/122
f 399/1/122 408/1/122 386/1/122
f 383/1/537 397/1/555 399/1/554
f 399/1/554 384/1/538 383/1/537
f 383/1/536 382/1/535 398/1/553
f 398/1/553 397/1/552 383/1/536
f 382/1/121 381/1/121 409/1/121
f 409/1/121 398/1/121 382/1/121
f 398/1/116 409/1/116 410/1/116
f 410/1/116 393/1/116 398/1/116
f 400/1/565 394/1/566 393/1/114
f 393/1/114 410/1/114 400/1/565
f 411/1/567 412/1/568 413/1/569
f 413/1/569 414/1/570 411/1/567
f 415/1/571 416/1/572 412/1/573
f 412/1/573 411/1/574 415/1/571
f 412/1/568 417/1/575 418/1/576
f 418/1/576 413/1/569 412/1/568
f 412/1/573 416/1/572 419/1/577
f 419/1/577 417/1/578 412/1/573
f 414/1/579 420/1/579 421/1/145
f 421/1/145 422/1/145 414/1/579
f 414/1/570 422/1/580 423/1/581
f 423/1/581 411/1/567 414/1/570
f 415/1/571 411/1/574 423/1/582
f 423/1/582 424/1/583 415/1/571
f 425/1/140 415/1/140 424/1/140
f 424/1/140 426/1/140 425/1/140
f 416/1/155 415/1/155 425/1/155
f 425/1/155 427/1/155 416/1/155
f 428/1/584 419/1/154 416/1/154
f 416/1/154 427/1/154 428/1/584
f 406/1/153 404/1/153 419/1/153
f 419/1/153 428/1/153 406/1/153
f 403/1/561 417/1/578 419/1/577
f 419/1/577 404/1/562 403/1/561
f 403/1/560 402/1/559 418/1/576
f 418/1/576 417/1/575 403/1/560
f 402/1/585 401/1/586 429/1/587
f 429/1/587 418/1/588 402/1/585
f 418/1/589 429/1/590 430/1/151
f 430/1/151 413/1/151 418/1/589
f 420/1/147 414/1/147 413/1/147
f 413/1/147 430/1/147 420/1/147
f 431/1/591 432/1/592 433/1/593
f 433/1/593 434/1/594 431/1/591
f 435/1/595 436/1/596 432/1/597
f 432/1/597 431/1/598 435/1/595
f 432/1/592 437/1/599 438/1/600
f 438/1/600 433/1/593 432/1/592
f 432/1/597 436/1/596 439/1/601
f 439/1/601 437/1/602 432/1/597
f 434/1/174 440/1/174 441/1/174
f 441/1/174 442/1/174 434/1/174
f 434/1/594 442/1/603 443/1/604
f 443/1/604 431/1/591 434/1/594
f 435/1/595 431/1/598 443/1/605
f 443/1/605 444/1/606 435/1/595
f 445/1/168 435/1/168 444/1/168
f 444/1/168 446/1/168 445/1/168
f 436/1/181 435/1/181 445/1/181
f 445/1/181 447/1/181 436/1/181
f 448/1/180 439/1/180 436/1/180
f 436/1/180 447/1/180 448/1/180
f 426/1/179 424/1/179 439/1/179
f 439/1/179 448/1/179 426/1/179
f 423/1/582 437/1/602 439/1/601
f 439/1/601 424/1/583 423/1/582
f 423/1/581 422/1/580 438/1/600
f 438/1/600 437/1/599 423/1/581
f 422/1/607 421/1/607 449/1/607
f 449/1/607 438/1/607 422/1/607
f 438/1/177 449/1/177 450/1/177
f 450/1/177 433/1/177 438/1/177
f 440/1/608 434/1/609 433/1/176
f 433/1/176 450/1/176 440/1/608
f 451/1/610 452/1/611 453/1/612
f 453/1/612 454/1/613 451/1/610
f 455/1/614 456/1/615 452/1/616
f 452/1/616 451/1/617 455/1/614
f 452/1/611 457/1/618 458/1/619
f 458/1/619 453/1/612 452/1/611
f 452/1/616 456/1/615 459/1/620
f 459/1/620 457/1/621 452/1/616
f 454/1/622 460/1/622 461/1/622
f 461/1/622 462/1/622 454/1/622
f 454/1/613 462/1/623 463/1/624
f 463/1/624 451/1/610 454/1/613
f 455/1/614 451/1/617 463/1/625
f 463/1/625 464/1/626 455/1/614
f 465/1/194 455/1/194 464/1/627
f 464/1/627 466/1/628 465/1/194
f 456/1/629 455/1/211 465/1/211
f 465/1/211 467/1/211 456/1/629
f 468/1/209 459/1/630 456/1/210
f 456/1/210 467/1/208 468/1/209
f 446/1/207 444/1/207 459/1/207
f 459/1/207 468/1/207 446/1/207
f 443/1/605 457/1/621 459/1/620
f 459/1/620 444/1/606 443/1/605
f 443/1/604 442/1/603 458/1/619
f 458/1/619 457/1/618 443/1/604
f 442/1/205 441/1/205 469/1/205
f 469/1/205 458/1/205 442/1/205
f 458/1/631 469/1/632 470/1/632
f 470/1/632 453/1/632 458/1/631
f 460/1/202 454/1/202 453/1/202
f 453/1/202 470/1/202 460/1/202
f 471/1/633 472/1/634 473/1/635
f 473/1/635 474/1/636 471/1/633
f 475/1/637 476/1/638 472/1/639
f 472/1/639 471/1/640 475/1/637
f 472/1/634 477/1/641 478/1/642
f 478/1/642 473/1/635 472/1/634
f 472/1/639 476/1/638 479/1/643
f 479/1/643 477/1/644 472/1/639
f 474/1/230 480/1/230 481/1/230
f 481/1/230 482/1/230 474/1/230
f 474/1/636 482/1/645 483/1/646
f 483/1/646 471/1/633 474/1/636
f 475/1/637 471/1/640 483/1/647
f 483/1/647 484/1/648 475/1/637
f 485/1/225 475/1/225 484/1/649
f 484/1/649 486/1/650 485/1/225
f 476/1/241 475/1/242 485/1/242
f 485/1/242 487/1/241 476/1/241
f 488/1/239 479/1/239 476/1/239
f 476/1/239 487/1/240 488/1/239
f 466/1/651 464/1/652 479/1/238
f 479/1/238 488/1/238 466/1/651
f 463/1/625 477/1/644 479/1/643
f 479/1/643 464/1/626 463/1/625
f 463/1/624 462/1/623 478/1/642
f 478/1/642 477/1/641 463/1/624
f 462/1/653 461/1/237 489/1/653
f 489/1/653 478/1/654 462/1/653
f 478/1/655 489/1/656 490/1/655
f 490/1/655 473/1/655 478/1/655
f 480/1/231 474/1/231 473/1/231
f 473/1/231 490/1/231 480/1/231
f 491/1/657 492/1/658 493/1/659
f 493/1/659 494/1/660 491/1/657
f 495/1/661 496/1/662 492/1/663
f 492/1/663 491/1/664 495/1/661
f 492/1/658 497/1/256 498/1/665
f 498/1/665 493/1/659 492/1/658
f 492/1/663 496/1/662 499/1/666
f 499/1/666 497/1/667 492/1/663
f 494/1/262 500/1/262 501/1/262
f 501/1/262 502/1/262 494/1/262
f 494/1/660 502/1/668 503/1/669
f 503/1/669 491/1/657 494/1/660
f 495/1/661 491/1/664 503/1/670
f 503/1/670 504/1/670 495/1/661
f 505/1/257 495/1/671 504/1/257
f 504/1/257 506/1/672 505/1/257
f 496/1/272 495/1/272 505/1/272
f 505/1/272 507/1/272 496/1/272
f 508/1/271 499/1/271 496/1/271
f 496/1/271 507/1/271 508/1/271
f 486/1/673 484/1/268 499/1/673
f 499/1/673 508/1/674 486/1/673
f 483/1/647 497/1/667 499/1/666
f 499/1/666 484/1/648 483/1/647
f 483/1/646 482/1/645 498/1/665
f 498/1/665 497/1/256 483/1/646
f 482/1/265 481/1/265 509/1/265
f 509/1/265 498/1/265 482/1/265
f 498/1/264 509/1/264 510/1/675
f 510/1/675 493/1/675 498/1/264
f 500/1/263 494/1/263 493/1/263
f 493/1/263 510/1/263 500/1/263
f 511/1/676 512/1/677 513/1/678
f 513/1/678 514/1/679 511/1/676
f 515/1/680 516/1/681 512/1/682
f 512/1/682 511/1/683 515/1/680
f 512/1/677 517/1/684 518/1/685
f 518/1/685 513/1/678 512/1/677
f 512/1/682 516/1/681 519/1/686
f 519/1/686 517/1/687 512/1/682
f 514/1/688 520/1/689 521/1/688
f 521/1/688 522/1/290 514/1/688
f 514/1/679 522/1/690 523/1/691
f 523/1/691 511/1/676 514/1/679
f 515/1/680 511/1/683 523/1/692
f 523/1/692 524/1/693 515/1/680
f 525/1/694 515/1/285 524/1/285
f 524/1/285 526/1/285 525/1/694
f 516/1/297 515/1/297 525/1/297
f 525/1/297 527/1/297 516/1/297
f 528/1/296 519/1/296 516/1/695
f 516/1/695 527/1/296 528/1/296
f 506/1/295 504/1/696 519/1/295
f 519/1/295 528/1/295 506/1/295
f 503/1/670 517/1/687 519/1/686
f 519/1/686 504/1/670 503/1/670
f 503/1/669 502/1/668 518/1/685
f 518/1/685 517/1/684 503/1/669
f 502/1/294 501/1/294 529/1/294
f 529/1/294 518/1/294 502/1/294
f 518/1/697 529/1/698 530/1/698
f 530/1/698 513/1/699 518/1/697
f 520/1/700 514/1/700 513/1/700
f 513/1/700 530/1/700 520/1/700
f 531/1/701 532/1/702 533/1/703
f 533/1/703 534/1/704 531/1/701
f 535/1/705 536/1/706 532/1/707
f 532/1/707 531/1/708 535/1/705
f 532/1/702 537/1/709 538/1/710
f 538/1/710 533/1/703 532/1/702
f 532/1/707 536/1/706 539/1/711
f 539/1/711 537/1/712 532/1/707
f 534/1/713 540/1/713 541/1/713
f 541/1/713 542/1/713 534/1/713
f 534/1/704 542/1/714 543/1/715
f 543/1/715 531/1/701 534/1/704
f 535/1/705 531/1/708 543/1/716
f 543/1/716 544/1/717 535/1/705
f 545/1/311 535/1/311 544/1/718
f 544/1/718 546/1/311 545/1/311
f 536/1/329 535/1/328 545/1/329
f 545/1/329 547/1/719 536/1/329
f 548/1/327 539/1/327 536/1/327
f 536/1/327 547/1/327 548/1/327
f 526/1/324 524/1/324 539/1/324
f 539/1/324 548/1/324 526/1/324
f 523/1/692 537/1/712 539/1/711
f 539/1/711 524/1/693 523/1/692
f 523/1/691 522/1/690 538/1/710
f 538/1/710 537/1/709 523/1/691
f 522/1/323 521/1/323 549/1/720
f 549/1/720 538/1/323 522/1/323
f 538/1/322 549/1/322 550/1/322
f 550/1/322 533/1/322 538/1/322
f 540/1/321 534/1/321 533/1/321
f 533/1/321 550/1/321 540/1/321
f 551/1/721 552/1/722 553/1/723
f 553/1/723 554/1/724 551/1/721
f 555/1/725 556/1/726 552/1/727
f 552/1/727 551/1/728 555/1/725
f 552/1/722 557/1/729 558/1/730
f 558/1/730 553/1/723 552/1/722
f 552/1/727 556/1/726 559/1/731
f 559/1/731 557/1/732 552/1/727
f 554/1/348 560/1/348 561/1/348
f 561/1/348 562/1/733 554/1/348
f 554/1/724 562/1/734 563/1/735
f 563/1/735 551/1/721 554/1/724
f 555/1/725 551/1/728 563/1/736
f 563/1/736 564/1/737 555/1/725
f 565/1/342 555/1/342 564/1/343
f 564/1/343 566/1/343 565/1/342
f 556/1/738 555/1/739 565/1/740
f 565/1/740 567/1/741 556/1/738
f 568/1/742 559/1/355 556/1/742
f 556/1/742 567/1/743 568/1/742
f 546/1/744 544/1/745 559/1/746
f 559/1/746 568/1/354 546/1/744
f 543/1/716 557/1/732 559/1/731
f 559/1/731 544/1/717 543/1/716
f 543/1/715 542/1/714 558/1/730
f 558/1/730 557/1/729 543/1/715
f 542/1/353 541/1/353 569/1/353
f 569/1/353 558/1/353 542/1/353
f 558/1/747 569/1/351 570/1/351
f 570/1/351 553/1/351 558/1/747
f 560/1/748 554/1/748 553/1/748
f 553/1/748 570/1/748 560/1/748
f 571/1/749 572/1/750 573/1/751
f 573/1/751 574/1/752 571/1/749
f 575/1/753 576/1/754 572/1/755
f 572/1/755 571/1/756 575/1/753
f 572/1/750 577/1/757 578/1/758
f 578/1/758 573/1/751 572/1/750
f 572/1/755 576/1/754 579/1/759
f 579/1/759 577/1/760 572/1/755
f 574/1/761 580/1/762 581/1/763
f 581/1/763 582/1/376 574/1/761
f 574/1/752 582/1/764 583/1/765
f 583/1/765 571/1/749 574/1/752
f 575/1/753 571/1/756 583/1/766
f 583/1/766 584/1/767 575/1/753
f 585/1/768 575/1/768 584/1/768
f 584/1/768 586/1/768 585/1/768
f 576/1/386 575/1/386 585/1/386
f 585/1/386 587/1/386 576/1/386
f 588/1/769 579/1/385 576/1/769
f 576/1/769 587/1/769 588/1/769
f 566/1/383 564/1/383 579/1/383
f 579/1/383 588/1/383 566/1/383
f 563/1/736 577/1/760 579/1/759
f 579/1/759 564/1/737 563/1/736
f 563/1/735 562/1/734 578/1/758
f 578/1/758 577/1/757 563/1/735
f 562/1/381 561/1/381 589/1/381
f 589/1/381 578/1/381 562/1/381
f 578/1/379 589/1/379 590/1/379
f 590/1/379 573/1/379 578/1/379
f 580/1/377 574/1/377 573/1/377
f 573/1/377 590/1/377 580/1/377
f 591/1/770 592/1/771 593/1/772
f 593/1/772 594/1/773 591/1/770
f 595/1/774 596/1/775 592/1/776
f 592/1/776 591/1/777 595/1/774
f 592/1/771 597/1/778 598/1/779
f 598/1/779 593/1/772 592/1/771
f 592/1/776 596/1/775 599/1/780
f 599/1/780 597/1/781 592/1/776
f 594/1/403 600/1/782 601/1/783
f 601/1/783 602/1/783 594/1/403
f 594/1/773 602/1/784 603/1/785
f 603/1/785 591/1/770 594/1/773
f 595/1/774 591/1/777 603/1/786
f 603/1/786 604/1/787 595/1/774
f 605/1/398 595/1/398 604/1/398
f 604/1/398 606/1/398 605/1/398
f 596/1/413 595/1/788 605/1/789
f 605/1/789 607/1/413 596/1/413
f 608/1/790 599/1/790 596/1/790
f 596/1/790 607/1/790 608/1/790
f 586/1/410 584/1/410 599/1/791
f 599/1/791 608/1/410 586/1/410
f 583/1/766 597/1/781 599/1/780
f 599/1/780 584/1/767 583/1/766
f 583/1/765 582/1/764 598/1/779
f 598/1/779 597/1/778 583/1/765
f 582/1/409 581/1/409 609/1/409
f 609/1/409 598/1/409 582/1/409
f 598/1/407 609/1/407 610/1/407
f 610/1/407 593/1/407 598/1/407
f 600/1/404 594/1/404 593/1/404
f 593/1/404 610/1/404 600/1/404
f 611/1/792 612/1/793 613/1/794
f 613/1/794 614/1/795 611/1/792
f 615/1/796 616/1/797 612/1/798
f 612/1/798 611/1/799 615/1/796
f 612/1/793 617/1/800 618/1/801
f 618/1/801 613/1/794 612/1/793
f 612/1/798 616/1/797 619/1/802
f 619/1/802 617/1/803 612/1/798
f 614/1/804 620/1/805 621/1/431
f 621/1/431 622/1/431 614/1/804
f 614/1/795 622/1/806 623/1/807
f 623/1/807 611/1/792 614/1/795
f 615/1/796 611/1/799 623/1/808
f 623/1/808 624/1/809 615/1/796
f 625/1/426 615/1/426 624/1/426
f 624/1/426 626/1/426 625/1/426
f 616/1/445 615/1/445 625/1/445
f 625/1/445 627/1/445 616/1/445
f 628/1/810 619/1/811 616/1/442
f 616/1/442 627/1/442 628/1/810
f 606/1/440 604/1/812 619/1/812
f 619/1/812 628/1/440 606/1/440
f 603/1/786 617/1/803 619/1/802
f 619/1/802 604/1/787 603/1/786
f 603/1/785 602/1/784 618/1/801
f 618/1/801 617/1/800 603/1/785
f 602/1/813 601/1/814 629/1/813
f 629/1/813 618/1/815 602/1/813
f 618/1/816 629/1/437 630/1/817
f 630/1/817 613/1/818 618/1/816
f 620/1/819 614/1/434 613/1/819
f 613/1/819 630/1/820 620/1/819
f 631/1/821 632/1/822 633/1/823
f 633/1/823 634/1/824 631/1/821
f 635/1/825 636/1/826 632/1/827
f 632/1/827 631/1/828 635/1/825
f 632/1/822 637/1/829 638/1/830
f 638/1/830 633/1/823 632/1/822
f 632/1/827 636/1/826 639/1/831
f 639/1/831 637/1/832 632/1/827
f 634/1/464 640/1/464 641/1/464
f 641/1/464 642/1/464 634/1/464
f 634/1/824 642/1/833 643/1/834
f 643/1/834 631/1/821 634/1/824
f 635/1/825 631/1/828 643/1/835
f 643/1/835 644/1/836 635/1/825
f 645/1/459 635/1/459 644/1/459
f 644/1/459 646/1/458 645/1/459
f 636/1/837 635/1/472 645/1/472
f 645/1/472 647/1/472 636/1/837
f 648/1/838 639/1/838 636/1/839
f 636/1/839 647/1/840 648/1/838
f 626/1/841 624/1/469 639/1/842
f 639/1/842 648/1/842 626/1/841
f 623/1/808 637/1/832 639/1/831
f 639/1/831 624/1/809 623/1/808
f 623/1/807 622/1/806 638/1/830
f 638/1/830 637/1/829 623/1/807
f 622/1/468 621/1/468 649/1/468
f 649/1/468 638/1/468 622/1/468
f 638/1/466 649/1/466 650/1/466
f 650/1/466 633/1/466 638/1/466
f 640/1/843 634/1/843 633/1/843
f 633/1/843 650/1/843 640/1/843
f 651/1/844 652/1/845 653/1/846
f 653/1/846 654/1/847 651/1/844
f 655/1/848 656/1/849 652/1/850
f 652/1/850 651/1/851 655/1/848
f 652/1/845 657/1/852 658/1/853
f 658/1/853 653/1/846 652/1/845
f 652/1/850 656/1/849 659/1/854
f 659/1/854 657/1/855 652/1/850
f 654/1/491 660/1/491 49/1/491
f 49/1/491 47/1/491 654/1/491
f 651/1/844 654/1/847 47/1/60
f 47/1/60 46/1/59 651/1/844
f 651/1/851 46/1/58 44/1/57
f 44/1/57 655/1/848 651/1/851
f 44/1/856 45/1/857 661/1/858
f 661/1/858 655/1/859 44/1/856
f 656/1/860 655/1/498 661/1/498
f 661/1/498 662/1/498 656/1/860
f 663/1/497 659/1/497 656/1/861
f 656/1/861 662/1/497 663/1/497
f 646/1/862 644/1/863 659/1/864
f 659/1/864 663/1/865 646/1/862
f 643/1/835 657/1/855 659/1/854
f 659/1/854 644/1/836 643/1/835
f 643/1/834 642/1/833 658/1/853
f 658/1/853 657/1/852 643/1/834
f 642/1/495 641/1/495 664/1/495
f 664/1/495 658/1/495 642/1/495
f 658/1/493 664/1/866 665/1/866
f 665/1/866 653/1/493 658/1/493
f 660/1/867 654/1/868 653/1/867
f 653/1/867 665/1/492 660/1/867
f 666/1/869 667/1/870 668/1/871
f 668/1/871 669/1/872 666/1/869
f 670/1/873 671/1/874 667/1/870
f 667/1/870 666/1/869 670/1/873
f 667/1/875 672/1/876 673/1/877
f 673/1/877 668/1/878 667/1/875
f 667/1/875 671/1/879 674/1/880
f 674/1/880 672/1/876 667/1/875
f 675/1/881 669/1/882 676/1/881
f 676/1/881 677/1/881 675/1/881
f 678/1/883 666/1/884 669/1/885
f 669/1/885 675/1/886 678/1/883
f 666/1/887 678/1/887 679/1/887
f 679/1/887 670/1/887 666/1/887
f 10/1/888 670/1/888 679/1/888
f 679/1/888 11/1/888 10/1/888
f 10/1/33 25/1/34 671/1/874
f 671/1/874 670/1/873 10/1/33
f 24/1/31 674/1/880 671/1/879
f 671/1/879 25/1/32 24/1/31
f 674/1/889 24/1/890 23/1/889
f 23/1/889 680/1/891 674/1/889
f 680/1/892 681/1/892 672/1/892
f 672/1/892 674/1/892 680/1/892
f 672/1/893 681/1/894 682/1/893
f 682/1/893 673/1/893 672/1/893
f 682/1/895 683/1/895 684/1/895
f 684/1/895 673/1/896 682/1/895
f 673/1/877 684/1/897 685/1/898
f 685/1/898 668/1/878 673/1/877
f 669/1/872 668/1/871 685/1/899
f 685/1/899 676/1/900 669/1/872
f 686/1/901 687/1/902 688/1/903
f 688/1/903 689/1/904 686/1/901
f 690/1/905 691/1/906 687/1/902
f 687/1/902 686/1/901 690/1/905
f 687/1/907 692/1/908 693/1/909
f 693/1/909 688/1/910 687/1/907
f 687/1/907 691/1/911 694/1/912
f 694/1/912 692/1/908 687/1/907
f 695/1/913 696/1/913 697/1/913
f 697/1/913 689/1/913 695/1/913
f 697/1/914 698/1/914 686/1/914
f 686/1/914 689/1/915 697/1/914
f 686/1/916 698/1/917 699/1/918
f 699/1/918 690/1/916 686/1/916
f 676/1/919 690/1/919 699/1/919
f 699/1/919 677/1/919 676/1/919
f 690/1/905 676/1/900 685/1/899
f 685/1/899 691/1/906 690/1/905
f 684/1/897 694/1/912 691/1/911
f 691/1/911 685/1/898 684/1/897
f 694/1/920 684/1/920 683/1/920
f 683/1/920 700/1/920 694/1/920
f 700/1/921 701/1/921 692/1/921
f 692/1/921 694/1/921 700/1/921
f 702/1/922 693/1/922 692/1/923
f 692/1/923 701/1/922 702/1/922
f 702/1/924 703/1/924 704/1/924
f 704/1/924 693/1/924 702/1/924
f 688/1/910 693/1/909 704/1/925
f 704/1/925 705/1/926 688/1/910
f 705/1/927 695/1/928 689/1/904
f 689/1/904 688/1/903 705/1/927
f 706/1/929 707/1/930 708/1/931
f 708/1/931 709/1/932 706/1/929
f 710/1/933 711/1/934 707/1/930
f 707/1/930 706/1/929 710/1/933
f 707/1/935 712/1/936 713/1/937
f 713/1/937 708/1/938 707/1/935
f 707/1/935 711/1/939 714/1/940
f 714/1/940 712/1/936 707/1/935
f 715/1/941 716/1/941 717/1/941
f 717/1/941 709/1/941 715/1/941
f 706/1/942 709/1/942 717/1/942
f 717/1/942 718/1/942 706/1/942
f 706/1/943 718/1/943 719/1/943
f 719/1/943 710/1/943 706/1/943
f 695/1/944 710/1/944 719/1/945
f 719/1/945 696/1/946 695/1/944
f 710/1/933 695/1/928 705/1/927
f 705/1/927 711/1/934 710/1/933
f 704/1/925 714/1/940 711/1/939
f 711/1/939 705/1/926 704/1/925
f 714/1/947 704/1/947 703/1/947
f 703/1/947 720/1/947 714/1/947
f 720/1/948 721/1/949 712/1/949
f 712/1/949 714/1/950 720/1/948
f 721/1/951 722/1/951 713/1/951
f 713/1/951 712/1/952 721/1/951
f 722/1/953 723/1/954 724/1/953
f 724/1/953 713/1/955 722/1/953
f 713/1/937 724/1/956 725/1/957
f 725/1/957 708/1/938 713/1/937
f 708/1/931 725/1/958 715/1/959
f 715/1/959 709/1/932 708/1/931
f 726/1/960 727/1/961 728/1/962
f 728/1/962 729/1/963 726/1/960
f 730/1/964 731/1/965 727/1/961
f 727/1/961 726/1/960 730/1/964
f 727/1/966 732/1/967 733/1/968
f 733/1/968 728/1/969 727/1/966
f 727/1/966 731/1/970 734/1/971
f 734/1/971 732/1/967 727/1/966
f 735/1/972 736/1/972 737/1/972
f 737/1/972 729/1/972 735/1/972
f 726/1/973 729/1/974 737/1/973
f 737/1/973 738/1/974 726/1/973
f 726/1/975 738/1/975 739/1/975
f 739/1/975 730/1/976 726/1/975
f 715/1/977 730/1/978 739/1/978
f 739/1/978 716/1/977 715/1/977
f 730/1/964 715/1/959 725/1/958
f 725/1/958 731/1/965 730/1/964
f 731/1/970 725/1/957 724/1/956
f 724/1/956 734/1/971 731/1/970
f 734/1/979 724/1/980 723/1/981
f 723/1/981 740/1/979 734/1/979
f 740/1/982 741/1/983 732/1/982
f 732/1/982 734/1/982 740/1/982
f 741/1/984 742/1/984 733/1/984
f 733/1/984 732/1/984 741/1/984
f 742/1/985 743/1/986 744/1/985
f 744/1/985 733/1/987 742/1/985
f 728/1/969 733/1/968 744/1/988
f 744/1/988 745/1/989 728/1/969
f 728/1/962 745/1/990 735/1/991
f 735/1/991 729/1/963 728/1/962
f 746/1/992 747/1/993 748/1/994
f 748/1/994 749/1/995 746/1/992
f 750/1/996 751/1/997 747/1/993
f 747/1/993 746/1/992 750/1/996
f 747/1/998 752/1/999 753/1/1000
f 753/1/1000 748/1/1001 747/1/998
f 747/1/998 751/1/1002 754/1/1003
f 754/1/1003 752/1/999 747/1/998
f 755/1/1004 756/1/1005 757/1/1006
f 757/1/1006 749/1/1005 755/1/1004
f 746/1/1007 749/1/1007 757/1/1007
f 757/1/1007 758/1/1007 746/1/1007
f 746/1/1008 758/1/1009 759/1/1010
f 759/1/1010 750/1/1008 746/1/1008
f 735/1/1011 750/1/1012 759/1/1011
f 759/1/1011 736/1/1012 735/1/1011
f 750/1/996 735/1/991 745/1/990
f 745/1/990 751/1/997 750/1/996
f 744/1/988 754/1/1003 751/1/1002
f 751/1/1002 745/1/989 744/1/988
f 754/1/1013 744/1/1013 743/1/1013
f 743/1/1013 760/1/1014 754/1/1013
f 760/1/1015 761/1/1016 752/1/1015
f 752/1/1015 754/1/1015 760/1/1015
f 761/1/1017 762/1/1017 753/1/1017
f 753/1/1017 752/1/1017 761/1/1017
f 762/1/1018 763/1/1019 764/1/1019
f 764/1/1019 753/1/1019 762/1/1018
f 748/1/1001 753/1/1000 764/1/1020
f 764/1/1020 765/1/1021 748/1/1001
f 748/1/994 765/1/1022 755/1/1023
f 755/1/1023 749/1/995 748/1/994
f 766/1/1024 767/1/1025 768/1/1026
f 768/1/1026 769/1/1027 766/1/1024
f 770/1/1028 771/1/1029 767/1/1025
f 767/1/1025 766/1/1024 770/1/1028
f 767/1/1030 772/1/1031 773/1/1032
f 773/1/1032 768/1/1033 767/1/1030
f 767/1/1030 771/1/1034 774/1/1035
f 774/1/1035 772/1/1031 767/1/1030
f 775/1/1036 776/1/1037 777/1/1038
f 777/1/1038 769/1/1039 775/1/1036
f 766/1/1040 769/1/1040 777/1/1040
f 777/1/1040 778/1/1040 766/1/1040
f 766/1/1041 778/1/1041 779/1/1042
f 779/1/1042 770/1/1041 766/1/1041
f 755/1/1043 770/1/1044 779/1/1043
f 779/1/1043 756/1/1045 755/1/1043
f 770/1/1028 755/1/1023 765/1/1022
f 765/1/1022 771/1/1029 770/1/1028
f 764/1/1020 774/1/1035 771/1/1034
f 771/1/1034 765/1/1021 764/1/1020
f 774/1/1046 764/1/1046 763/1/1046
f 763/1/1046 780/1/1046 774/1/1046
f 780/1/1047 781/1/1047 772/1/1047
f 772/1/1047 774/1/1047 780/1/1047
f 781/1/1048 782/1/1048 773/1/1049
f 773/1/1049 772/1/1049 781/1/1048
f 782/1/1050 783/1/1051 784/1/1052
f 784/1/1052 773/1/1053 782/1/1050
f 768/1/1033 773/1/1032 784/1/1054
f 784/1/1054 785/1/1055 768/1/1033
f 768/1/1026 785/1/1056 775/1/1057
f 775/1/1057 769/1/1027 768/1/1026
f 786/1/1058 787/1/1059 788/1/1060
f 788/1/1060 789/1/1061 786/1/1058
f 790/1/1062 791/1/1063 787/1/1059
f 787/1/1059 786/1/1058 790/1/1062
f 787/1/1064 792/1/1065 793/1/1066
f 793/1/1066 788/1/1067 787/1/1064
f 787/1/1064 791/1/1068 794/1/1069
f 794/1/1069 792/1/1065 787/1/1064
f 795/1/1070 796/1/1070 797/1/1070
f 797/1/1070 789/1/1070 795/1/1070
f 786/1/1071 789/1/1071 797/1/1071
f 797/1/1071 798/1/1071 786/1/1071
f 786/1/1072 798/1/1072 799/1/1072
f 799/1/1072 790/1/1072 786/1/1072
f 775/1/1073 790/1/1073 799/1/1073
f 799/1/1073 776/1/1073 775/1/1073
f 790/1/1062 775/1/1057 785/1/1056
f 785/1/1056 791/1/1063 790/1/1062
f 784/1/1054 794/1/1069 791/1/1068
f 791/1/1068 785/1/1055 784/1/1054
f 794/1/1074 784/1/1075 783/1/1074
f 783/1/1074 800/1/1076 794/1/1074
f 800/1/1077 801/1/1077 792/1/1077
f 792/1/1077 794/1/1078 800/1/1077
f 801/1/1079 802/1/1079 793/1/1079
f 793/1/1079 792/1/1079 801/1/1079
f 802/1/1080 803/1/1080 804/1/1080
f 804/1/1080 793/1/1080 802/1/1080
f 788/1/1067 793/1/1066 804/1/1081
f 804/1/1081 805/1/1082 788/1/1067
f 788/1/1060 805/1/1083 795/1/1084
f 795/1/1084 789/1/1061 788/1/1060
f 806/1/1085 807/1/1086 808/1/1087
f 808/1/1087 809/1/1088 806/1/1085
f 810/1/1089 811/1/1090 807/1/1086
f 807/1/1086 806/1/1085 810/1/1089
f 807/1/1091 812/1/1092 813/1/1093
f 813/1/1093 808/1/1094 807/1/1091
f 807/1/1091 811/1/1095 814/1/1096
f 814/1/1096 812/1/1092 807/1/1091
f 815/1/1097 816/1/1098 817/1/1097
f 817/1/1097 809/1/1099 815/1/1097
f 806/1/1100 809/1/1100 817/1/1100
f 817/1/1100 818/1/1100 806/1/1100
f 806/1/1101 818/1/1101 819/1/1101
f 819/1/1101 810/1/1101 806/1/1101
f 795/1/1102 810/1/1102 819/1/1102
f 819/1/1102 796/1/1102 795/1/1102
f 810/1/1089 795/1/1084 805/1/1083
f 805/1/1083 811/1/1090 810/1/1089
f 804/1/1081 814/1/1096 811/1/1095
f 811/1/1095 805/1/1082 804/1/1081
f 820/1/1103 814/1/1104 804/1/1105
f 804/1/1105 803/1/1106 820/1/1103
f 820/1/1107 821/1/1107 812/1/1107
f 812/1/1107 814/1/1107 820/1/1107
f 821/1/1108 822/1/1108 813/1/1108
f 813/1/1108 812/1/1108 821/1/1108
f 822/1/1109 823/1/1110 824/1/1111
f 824/1/1111 813/1/1112 822/1/1109
f 808/1/1094 813/1/1093 824/1/1113
f 824/1/1113 825/1/1114 808/1/1094
f 808/1/1087 825/1/1115 815/1/1116
f 815/1/1116 809/1/1088 808/1/1087
f 826/1/1117 827/1/1118 828/1/1119
f 828/1/1119 829/1/1120 826/1/1117
f 830/1/1121 831/1/1122 827/1/1118
f 827/1/1118 826/1/1117 830/1/1121
f 827/1/1123 832/1/1124 833/1/1125
f 833/1/1125 828/1/1126 827/1/1123
f 827/1/1123 831/1/1127 834/1/1128
f 834/1/1128 832/1/1124 827/1/1123
f 835/1/1129 836/1/1130 837/1/1129
f 837/1/1129 829/1/1131 835/1/1129
f 826/1/1132 829/1/1132 837/1/1133
f 837/1/1133 838/1/1132 826/1/1132
f 826/1/1134 838/1/1134 839/1/1134
f 839/1/1134 830/1/1134 826/1/1134
f 815/1/1135 830/1/1136 839/1/1137
f 839/1/1137 816/1/1137 815/1/1135
f 830/1/1121 815/1/1116 825/1/1115
f 825/1/1115 831/1/1122 830/1/1121
f 824/1/1113 834/1/1128 831/1/1127
f 831/1/1127 825/1/1114 824/1/1113
f 834/1/1138 824/1/1139 823/1/1140
f 823/1/1140 840/1/1139 834/1/1138
f 840/1/1141 841/1/1142 832/1/1141
f 832/1/1141 834/1/1143 840/1/1141
f 841/1/1144 842/1/1144 833/1/1144
f 833/1/1144 832/1/1144 841/1/1144
f 842/1/1145 843/1/1145 844/1/1145
f 844/1/1145 833/1/1145 842/1/1145
f 828/1/1126 833/1/1125 844/1/1146
f 844/1/1146 845/1/1147 828/1/1126
f 828/1/1119 845/1/1148 835/1/1149
f 835/1/1149 829/1/1120 828/1/1119
f 846/1/1150 847/1/1151 848/1/1152
f 848/1/1152 849/1/1153 846/1/1150
f 850/1/1154 851/1/1155 847/1/1151
f 847/1/1151 846/1/1150 850/1/1154
f 847/1/1156 852/1/1157 853/1/1158
f 853/1/1158 848/1/1159 847/1/1156
f 847/1/1156 851/1/1160 854/1/1161
f 854/1/1161 852/1/1157 847/1/1156
f 855/1/1162 856/1/1162 857/1/1163
f 857/1/1163 849/1/1162 855/1/1162
f 846/1/1164 849/1/1164 857/1/1165
f 857/1/1165 858/1/1164 846/1/1164
f 846/1/1166 858/1/1166 859/1/1167
f 859/1/1167 850/1/1168 846/1/1166
f 835/1/1169 850/1/1169 859/1/1169
f 859/1/1169 836/1/1169 835/1/1169
f 850/1/1154 835/1/1149 845/1/1148
f 845/1/1148 851/1/1155 850/1/1154
f 844/1/1146 854/1/1161 851/1/1160
f 851/1/1160 845/1/1147 844/1/1146
f 854/1/1170 844/1/1170 843/1/1170
f 843/1/1170 860/1/1170 854/1/1170
f 860/1/1171 861/1/1172 852/1/1171
f 852/1/1171 854/1/1171 860/1/1171
f 861/1/1173 862/1/1174 853/1/1173
f 853/1/1173 852/1/1173 861/1/1173
f 862/1/1175 863/1/1176 864/1/1176
f 864/1/1176 853/1/1176 862/1/1175
f 848/1/1159 853/1/1158 864/1/1177
f 864/1/1177 865/1/1178 848/1/1159
f 848/1/1152 865/1/1179 855/1/1180
f 855/1/1180 849/1/1153 848/1/1152
f 866/1/1181 867/1/1182 868/1/1183
f 868/1/1183 869/1/1184 866/1/1181
f 870/1/1185 871/1/1186 867/1/1182
f 867/1/1182 866/1/1181 870/1/1185
f 867/1/1187 872/1/1188 873/1/1189
f 873/1/1189 868/1/1190 867/1/1187
f 867/1/1187 871/1/1191 874/1/1192
f 874/1/1192 872/1/1188 867/1/1187
f 875/1/1193 876/1/1193 877/1/1193
f 877/1/1193 869/1/1193 875/1/1193
f 866/1/1194 869/1/1195 877/1/1195
f 877/1/1195 878/1/1195 866/1/1194
f 866/1/1196 878/1/1197 879/1/1197
f 879/1/1197 870/1/1197 866/1/1196
f 855/1/1198 870/1/1198 879/1/1198
f 879/1/1198 856/1/1198 855/1/1198
f 870/1/1185 855/1/1180 865/1/1179
f 865/1/1179 871/1/1186 870/1/1185
f 864/1/1177 874/1/1192 871/1/1191
f 871/1/1191 865/1/1178 864/1/1177
f 874/1/1199 864/1/1199 863/1/1199
f 863/1/1199 880/1/1199 874/1/1199
f 880/1/1200 881/1/1200 872/1/1200
f 872/1/1200 874/1/1200 880/1/1200
f 881/1/1201 882/1/1201 873/1/1201
f 873/1/1201 872/1/1201 881/1/1201
f 882/1/1202 883/1/1202 884/1/1202
f 884/1/1202 873/1/1202 882/1/1202
f 868/1/1190 873/1/1189 884/1/1203
f 884/1/1203 885/1/1204 868/1/1190
f 868/1/1183 885/1/1205 875/1/1206
f 875/1/1206 869/1/1184 868/1/1183
f 886/1/1207 887/1/1208 888/1/1209
f 888/1/1209 889/1/1210 886/1/1207
f 890/1/1211 891/1/1212 887/1/1208
f 887/1/1208 886/1/1207 890/1/1211
f 887/1/1213 892/1/1214 893/1/1215
f 893/1/1215 888/1/1216 887/1/1213
f 887/1/1213 891/1/1217 894/1/1218
f 894/1/1218 892/1/1214 887/1/1213
f 895/1/1219 896/1/1219 897/1/1219
f 897/1/1219 889/1/1220 895/1/1219
f 886/1/1221 889/1/1221 897/1/1221
f 897/1/1221 898/1/1221 886/1/1221
f 886/1/1222 898/1/1222 899/1/1222
f 899/1/1222 890/1/1222 886/1/1222
f 875/1/1223 890/1/1223 899/1/1223
f 899/1/1223 876/1/1223 875/1/1223
f 890/1/1211 875/1/1206 885/1/1205
f 885/1/1205 891/1/1212 890/1/1211
f 884/1/1203 894/1/1218 891/1/1217
f 891/1/1217 885/1/1204 884/1/1203
f 894/1/1224 884/1/1225 883/1/1225
f 883/1/1225 900/1/1225 894/1/1224
f 900/1/1226 901/1/1227 892/1/1228
f 892/1/1228 894/1/1229 900/1/1226
f 901/1/1230 902/1/1231 893/1/1231
f 893/1/1231 892/1/1231 901/1/1230
f 902/1/1232 903/1/1232 904/1/1232
f 904/1/1232 893/1/1232 902/1/1232
f 888/1/1216 893/1/1215 904/1/1233
f 904/1/1233 905/1/1234 888/1/1216
f 888/1/1209 905/1/1235 895/1/1236
f 895/1/1236 889/1/1210 888/1/1209
f 906/1/1237 907/1/1238 908/1/1239
f 908/1/1239 909/1/1240 906/1/1237
f 910/1/1241 911/1/1242 907/1/1238
f 907/1/1238 906/1/1237 910/1/1241
f 907/1/1243 912/1/1244 913/1/1245
f 913/1/1245 908/1/1246 907/1/1243
f 907/1/1243 911/1/1247 914/1/1248
f 914/1/1248 912/1/1244 907/1/1243
f 915/1/1249 916/1/1249 917/1/1249
f 917/1/1249 909/1/1249 915/1/1249
f 906/1/1250 909/1/1251 917/1/1250
f 917/1/1250 918/1/1250 906/1/1250
f 906/1/1252 918/1/1252 919/1/1252
f 919/1/1252 910/1/1253 906/1/1252
f 895/1/1254 910/1/1254 919/1/1254
f 919/1/1254 896/1/1254 895/1/1254
f 910/1/1241 895/1/1236 905/1/1235
f 905/1/1235 911/1/1242 910/1/1241
f 904/1/1233 914/1/1248 911/1/1247
f 911/1/1247 905/1/1234 904/1/1233
f 914/1/1255 904/1/1255 903/1/1255
f 903/1/1255 920/1/1255 914/1/1255
f 920/1/1256 921/1/1256 912/1/1256
f 912/1/1256 914/1/1256 920/1/1256
f 921/1/1257 922/1/1257 913/1/1257
f 913/1/1257 912/1/1257 921/1/1257
f 922/1/1258 923/1/1259 924/1/1259
f 924/1/1259 913/1/1259 922/1/1258
f 908/1/1246 913/1/1245 924/1/1260
f 924/1/1260 925/1/1261 908/1/1246
f 908/1/1239 925/1/1262 915/1/1263
f 915/1/1263 909/1/1240 908/1/1239
f 926/1/1264 927/1/1265 928/1/1266
f 928/1/1266 929/1/1267 926/1/1264
f 930/1/1268 931/1/1269 927/1/1265
f 927/1/1265 926/1/1264 930/1/1268
f 927/1/1270 932/1/1271 933/1/1272
f 933/1/1272 928/1/1273 927/1/1270
f 927/1/1270 931/1/1274 934/1/1275
f 934/1/1275 932/1/1271 927/1/1270
f 935/1/1276 936/1/1276 937/1/1276
f 937/1/1276 929/1/1276 935/1/1276
f 926/1/1277 929/1/1277 937/1/1278
f 937/1/1278 938/1/1279 926/1/1277
f 926/1/1280 938/1/1280 939/1/1281
f 939/1/1281 930/1/1280 926/1/1280
f 915/1/1282 930/1/1283 939/1/1282
f 939/1/1282 916/1/1282 915/1/1282
f 930/1/1268 915/1/1263 925/1/1262
f 925/1/1262 931/1/1269 930/1/1268
f 924/1/1260 934/1/1275 931/1/1274
f 931/1/1274 925/1/1261 924/1/1260
f 934/1/1284 924/1/1285 923/1/1286
f 923/1/1286 940/1/1285 934/1/1284
f 940/1/1287 941/1/1288 932/1/1287
f 932/1/1287 934/1/1287 940/1/1287
f 941/1/1289 942/1/1289 933/1/1289
f 933/1/1289 932/1/1289 941/1/1289
f 942/1/1290 943/1/1290 944/1/1290
f 944/1/1290 933/1/1290 942/1/1290
f 928/1/1273 933/1/1272 944/1/1291
f 944/1/1291 945/1/1292 928/1/1273
f 928/1/1266 945/1/1293 935/1/1294
f 935/1/1294 929/1/1267 928/1/1266
f 946/1/1295 947/1/1296 948/1/1297
f 948/1/1297 949/1/1298 946/1/1295
f 950/1/1299 951/1/1300 947/1/1296
f 947/1/1296 946/1/1295 950/1/1299
f 947/1/1301 952/1/1302 953/1/1303
f 953/1/1303 948/1/1304 947/1/1301
f 947/1/1301 951/1/1305 954/1/1306
f 954/1/1306 952/1/1302 947/1/1301
f 955/1/1307 956/1/1307 957/1/1307
f 957/1/1307 949/1/1307 955/1/1307
f 946/1/1308 949/1/1308 957/1/1308
f 957/1/1308 958/1/1308 946/1/1308
f 946/1/1309 958/1/1310 959/1/1310
f 959/1/1310 950/1/1311 946/1/1309
f 935/1/1312 950/1/1313 959/1/1313
f 959/1/1313 936/1/1312 935/1/1312
f 950/1/1299 935/1/1294 945/1/1293
f 945/1/1293 951/1/1300 950/1/1299
f 944/1/1291 954/1/1306 951/1/1305
f 951/1/1305 945/1/1292 944/1/1291
f 954/1/1314 944/1/1315 943/1/1316
f 943/1/1316 960/1/1317 954/1/1314
f 960/1/1318 961/1/1319 952/1/1318
f 952/1/1318 954/1/1318 960/1/1318
f 961/1/1320 962/1/1320 953/1/1320
f 953/1/1320 952/1/1320 961/1/1320
f 962/1/1321 963/1/1322 964/1/1321
f 964/1/1321 953/1/1321 962/1/1321
f 948/1/1304 953/1/1303 964/1/1323
f 964/1/1323 965/1/1324 948/1/1304
f 948/1/1297 965/1/1325 955/1/1326
f 955/1/1326 949/1/1298 948/1/1297
f 966/1/1327 967/1/1328 968/1/1329
f 968/1/1329 969/1/1330 966/1/1327
f 970/1/1331 971/1/1332 967/1/1328
f 967/1/1328 966/1/1327 970/1/1331
f 967/1/1333 972/1/1334 973/1/1335
f 973/1/1335 968/1/1336 967/1/1333
f 967/1/1333 971/1/1337 974/1/1338
f 974/1/1338 972/1/1334 967/1/1333
f 975/1/1339 976/1/1339 977/1/1339
f 977/1/1339 969/1/1339 975/1/1339
f 966/1/25 969/1/1340 977/1/1341
f 977/1/1341 978/1/1340 966/1/25
f 966/1/24 978/1/24 979/1/1342
f 979/1/1342 970/1/24 966/1/24
f 955/1/21 970/1/21 979/1/21
f 979/1/21 956/1/21 955/1/21
f 970/1/1331 955/1/1326 965/1/1325
f 965/1/1325 971/1/1332 970/1/1331
f 964/1/1323 974/1/1338 971/1/1337
f 971/1/1337 965/1/1324 964/1/1323
f 974/1/1343 964/1/1344 963/1/1343
f 963/1/1343 980/1/16 974/1/1343
f 980/1/15 981/1/15 972/1/15
f 972/1/15 974/1/15 980/1/15
f 981/1/1345 982/1/14 973/1/14
f 973/1/14 972/1/14 981/1/1345
f 982/1/13 983/1/13 984/1/13
f 984/1/13 973/1/13 982/1/13
f 968/1/1336 973/1/1335 984/1/1346
f 984/1/1346 985/1/1347 968/1/1336
f 968/1/1329 985/1/1348 975/1/1349
f 975/1/1349 969/1/1330 968/1/1329
f 986/1/1350 987/1/1351 988/1/1352
f 988/1/1352 989/1/1353 986/1/1350
f 990/1/1354 991/1/1355 987/1/1351
f 987/1/1351 986/1/1350 990/1/1354
f 987/1/1356 992/1/1357 993/1/1358
f 993/1/1358 988/1/1359 987/1/1356
f 987/1/1356 991/1/1360 994/1/1361
f 994/1/1361 992/1/1357 987/1/1356
f 995/1/896 996/1/896 997/1/1362
f 997/1/1362 989/1/896 995/1/896
f 986/1/894 989/1/893 997/1/893
f 997/1/893 998/1/894 986/1/894
f 986/1/892 998/1/892 999/1/892
f 999/1/892 990/1/892 986/1/892
f 975/1/1363 990/1/1363 999/1/1363
f 999/1/1363 976/1/1363 975/1/1363
f 990/1/1354 975/1/1349 985/1/1348
f 985/1/1348 991/1/1355 990/1/1354
f 984/1/1346 994/1/1361 991/1/1360
f 991/1/1360 985/1/1347 984/1/1346
f 994/1/888 984/1/888 983/1/888
f 983/1/888 1000/1/1364 994/1/888
f 1000/1/1365 1001/1/1365 992/1/1365
f 992/1/1365 994/1/1365 1000/1/1365
f 1001/1/884 1002/1/884 993/1/884
f 993/1/884 992/1/884 1001/1/884
f 1002/1/881 1003/1/881 1004/1/881
f 1004/1/881 993/1/881 1002/1/881
f 988/1/1359 993/1/1358 1004/1/1366
f 1004/1/1366 1005/1/1367 988/1/1359
f 988/1/1352 1005/1/1368 995/1/1369
f 995/1/1369 989/1/1353 988/1/1352
f 1006/1/1370 1007/1/1371 1008/1/1372
f 1008/1/1372 1009/1/1373 1006/1/1370
f 1010/1/1374 1011/1/1375 1007/1/1371
f 1007/1/1371 1006/1/1370 1010/1/1374
f 1007/1/1376 1012/1/1377 1013/1/1378
f 1013/1/1378 1008/1/1379 1007/1/1376
f 1007/1/1376 1011/1/1380 1014/1/1381
f 1014/1/1381 1012/1/1377 1007/1/1376
f 1015/1/1382 1016/1/1383 1017/1/1384
f 1017/1/1384 1009/1/924 1015/1/1382
f 1006/1/1385 1009/1/922 1017/1/922
f 1017/1/922 1018/1/922 1006/1/1385
f 1006/1/921 1018/1/921 1019/1/921
f 1019/1/921 1010/1/921 1006/1/921
f 995/1/920 1010/1/920 1019/1/920
f 1019/1/920 996/1/920 995/1/920
f 1010/1/1374 995/1/1369 1005/1/1368
f 1005/1/1368 1011/1/1375 1010/1/1374
f 1004/1/1366 1014/1/1381 1011/1/1380
f 1011/1/1380 1005/1/1367 1004/1/1366
f 1014/1/919 1004/1/919 1003/1/919
f 1003/1/919 1020/1/919 1014/1/919
f 1020/1/916 1021/1/916 1012/1/916
f 1012/1/916 1014/1/916 1020/1/916
f 1021/1/915 1022/1/915 1013/1/914
f 1013/1/914 1012/1/914 1021/1/915
f 1022/1/913 1023/1/913 1024/1/913
f 1024/1/913 1013/1/913 1022/1/913
f 1008/1/1379 1013/1/1378 1024/1/1386
f 1024/1/1386 1025/1/1387 1008/1/1379
f 1008/1/1372 1025/1/1388 1015/1/1389
f 1015/1/1389 1009/1/1373 1008/1/1372
f 1026/1/1390 1027/1/1391 1028/1/1392
f 1028/1/1392 1029/1/1393 1026/1/1390
f 1030/1/1394 1031/1/1395 1027/1/1391
f 1027/1/1391 1026/1/1390 1030/1/1394
f 1027/1/1396 1032/1/1397 1033/1/1398
f 1033/1/1398 1028/1/1399 1027/1/1396
f 1027/1/1396 1031/1/1400 1034/1/1401
f 1034/1/1401 1032/1/1397 1027/1/1396
f 1035/1/954 1036/1/954 1037/1/954
f 1037/1/954 1029/1/954 1035/1/954
f 1026/1/1402 1029/1/1403 1037/1/1403
f 1037/1/1403 1038/1/1402 1026/1/1402
f 1026/1/949 1038/1/949 1039/1/949
f 1039/1/949 1030/1/949 1026/1/949
f 1015/1/947 1030/1/947 1039/1/1404
f 1039/1/1404 1016/1/1405 1015/1/947
f 1030/1/1394 1015/1/1389 1025/1/1388
f 1025/1/1388 1031/1/1395 1030/1/1394
f 1024/1/1386 1034/1/1401 1031/1/1400
f 1031/1/1400 1025/1/1387 1024/1/1386
f 1034/1/944 1024/1/946 1023/1/946
f 1023/1/946 1040/1/946 1034/1/944
f 1040/1/943 1041/1/943 1032/1/943
f 1032/1/943 1034/1/943 1040/1/943
f 1041/1/942 1042/1/942 1033/1/942
f 1033/1/942 1032/1/942 1041/1/942
f 1042/1/941 1043/1/941 1044/1/941
f 1044/1/941 1033/1/941 1042/1/941
f 1028/1/1399 1033/1/1398 1044/1/1406
f 1044/1/1406 1045/1/1407 1028/1/1399
f 1028/1/1392 1045/1/1408 1035/1/1409
f 1035/1/1409 1029/1/1393 1028/1/1392
f 1046/1/1410 1047/1/1411 1048/1/1412
f 1048/1/1412 1049/1/1413 1046/1/1410
f 1050/1/1414 1051/1/1415 1047/1/1411
f 1047/1/1411 1046/1/1410 1050/1/1414
f 1047/1/1416 1052/1/1417 1053/1/1418
f 1053/1/1418 1048/1/1419 1047/1/1416
f 1047/1/1416 1051/1/1420 1054/1/1421
f 1054/1/1421 1052/1/1417 1047/1/1416
f 1055/1/987 1056/1/987 1057/1/987
f 1057/1/987 1049/1/987 1055/1/987
f 1046/1/1422 1049/1/984 1057/1/984
f 1057/1/984 1058/1/984 1046/1/1422
f 1046/1/983 1058/1/983 1059/1/983
f 1059/1/983 1050/1/983 1046/1/983
f 1035/1/1423 1050/1/1424 1059/1/1424
f 1059/1/1424 1036/1/1424 1035/1/1423
f 1050/1/1414 1035/1/1409 1045/1/1408
f 1045/1/1408 1051/1/1415 1050/1/1414
f 1044/1/1406 1054/1/1421 1051/1/1420
f 1051/1/1420 1045/1/1407 1044/1/1406
f 1054/1/977 1044/1/977 1043/1/977
f 1043/1/977 1060/1/977 1054/1/977
f 1060/1/975 1061/1/975 1052/1/975
f 1052/1/975 1054/1/975 1060/1/975
f 1061/1/974 1062/1/974 1053/1/974
f 1053/1/974 1052/1/974 1061/1/974
f 1062/1/972 1063/1/972 1064/1/972
f 1064/1/972 1053/1/972 1062/1/972
f 1048/1/1419 1053/1/1418 1064/1/1425
f 1064/1/1425 1065/1/1426 1048/1/1419
f 1048/1/1412 1065/1/1427 1055/1/1428
f 1055/1/1428 1049/1/1413 1048/1/1412
f 1066/1/1429 1067/1/1430 1068/1/1431
f 1068/1/1431 1069/1/1432 1066/1/1429
f 1070/1/1433 1071/1/1434 1067/1/1430
f 1067/1/1430 1066/1/1429 1070/1/1433
f 1067/1/1435 1072/1/1436 1073/1/1437
f 1073/1/1437 1068/1/1438 1067/1/1435
f 1067/1/1435 1071/1/1439 1074/1/1440
f 1074/1/1440 1072/1/1436 1067/1/1435
f 1075/1/1019 1076/1/1019 1077/1/1019
f 1077/1/1019 1069/1/1019 1075/1/1019
f 1066/1/1017 1069/1/1017 1077/1/1017
f 1077/1/1017 1078/1/1017 1066/1/1017
f 1066/1/1015 1078/1/1441 1079/1/1441
f 1079/1/1441 1070/1/1441 1066/1/1015
f 1055/1/1442 1070/1/1443 1079/1/1444
f 1079/1/1444 1056/1/1442 1055/1/1442
f 1070/1/1433 1055/1/1428 1065/1/1427
f 1065/1/1427 1071/1/1434 1070/1/1433
f 1064/1/1425 1074/1/1440 1071/1/1439
f 1071/1/1439 1065/1/1426 1064/1/1425
f 1074/1/1011 1064/1/1012 1063/1/1445
f 1063/1/1445 1080/1/1012 1074/1/1011
f 1080/1/1008 1081/1/1008 1072/1/1008
f 1072/1/1008 1074/1/1008 1080/1/1008
f 1081/1/1007 1082/1/1007 1073/1/1007
f 1073/1/1007 1072/1/1007 1081/1/1007
f 1082/1/1446 1083/1/1447 1084/1/1446
f 1084/1/1446 1073/1/1446 1082/1/1446
f 1068/1/1438 1073/1/1437 1084/1/1448
f 1084/1/1448 1085/1/1449 1068/1/1438
f 1068/1/1431 1085/1/1450 1075/1/1451
f 1075/1/1451 1069/1/1432 1068/1/1431
f 1086/1/1452 1087/1/1453 1088/1/1454
f 1088/1/1454 1089/1/1455 1086/1/1452
f 1090/1/1456 1091/1/1457 1087/1/1453
f 1087/1/1453 1086/1/1452 1090/1/1456
f 1087/1/1458 1092/1/1459 1093/1/1460
f 1093/1/1460 1088/1/1461 1087/1/1458
f 1087/1/1458 1091/1/1462 1094/1/1463
f 1094/1/1463 1092/1/1459 1087/1/1458
f 1095/1/1464 1096/1/1464 1097/1/1051
f 1097/1/1051 1089/1/1051 1095/1/1464
f 1086/1/1048 1089/1/1049 1097/1/1048
f 1097/1/1048 1098/1/1048 1086/1/1048
f 1086/1/1465 1098/1/1047 1099/1/1465
f 1099/1/1465 1090/1/1047 1086/1/1465
f 1075/1/1046 1090/1/1046 1099/1/1046
f 1099/1/1046 1076/1/1046 1075/1/1046
f 1090/1/1456 1075/1/1451 1085/1/1450
f 1085/1/1450 1091/1/1457 1090/1/1456
f 1084/1/1448 1094/1/1463 1091/1/1462
f 1091/1/1462 1085/1/1449 1084/1/1448
f 1094/1/1045 1084/1/1045 1083/1/1045
f 1083/1/1045 1100/1/1045 1094/1/1045
f 1100/1/1042 1101/1/1041 1092/1/1041
f 1092/1/1041 1094/1/1041 1100/1/1042
f 1101/1/1040 1102/1/1040 1093/1/1466
f 1093/1/1466 1092/1/1040 1101/1/1040
f 1102/1/1037 1103/1/1037 1104/1/1037
f 1104/1/1037 1093/1/1037 1102/1/1037
f 1088/1/1461 1093/1/1460 1104/1/1467
f 1104/1/1467 1105/1/1468 1088/1/1461
f 1088/1/1454 1105/1/1469 1095/1/1470
f 1095/1/1470 1089/1/1455 1088/1/1454
f 1106/1/1471 1107/1/1472 1108/1/1473
f 1108/1/1473 1109/1/1474 1106/1/1471
f 1110/1/1475 1111/1/1476 1107/1/1472
f 1107/1/1472 1106/1/1471 1110/1/1475
f 1107/1/1477 1112/1/1478 1113/1/1479
f 1113/1/1479 1108/1/1480 1107/1/1477
f 1107/1/1477 1111/1/1481 1114/1/1482
f 1114/1/1482 1112/1/1478 1107/1/1477
f 1115/1/1483 1116/1/1080 1117/1/1080
f 1117/1/1080 1109/1/1080 1115/1/1483
f 1106/1/1079 1109/1/1079 1117/1/1079
f 1117/1/1079 1118/1/1079 1106/1/1079
f 1106/1/1077 1118/1/1077 1119/1/1077
f 1119/1/1077 1110/1/1077 1106/1/1077
f 1095/1/1484 1110/1/1484 1119/1/1484
f 1119/1/1484 1096/1/1484 1095/1/1484
f 1110/1/1475 1095/1/1470 1105/1/1469
f 1105/1/1469 1111/1/1476 1110/1/1475
f 1104/1/1467 1114/1/1482 1111/1/1481
f 1111/1/1481 1105/1/1468 1104/1/1467
f 1114/1/1073 1104/1/1073 1103/1/1073
f 1103/1/1073 1120/1/1073 1114/1/1073
f 1120/1/1485 1121/1/1072 1112/1/1072
f 1112/1/1072 1114/1/1072 1120/1/1485
f 1121/1/1071 1122/1/1071 1113/1/1071
f 1113/1/1071 1112/1/1071 1121/1/1071
f 1122/1/1070 1123/1/1070 1124/1/1070
f 1124/1/1070 1113/1/1070 1122/1/1070
f 1108/1/1480 1113/1/1479 1124/1/1486
f 1124/1/1486 1125/1/1487 1108/1/1480
f 1108/1/1473 1125/1/1488 1115/1/1489
f 1115/1/1489 1109/1/1474 1108/1/1473
f 1126/1/1490 1127/1/1491 1128/1/1492
f 1128/1/1492 1129/1/1493 1126/1/1490
f 1130/1/1494 1131/1/1495 1127/1/1491
f 1127/1/1491 1126/1/1490 1130/1/1494
f 1127/1/1496 1132/1/1497 1133/1/1498
f 1133/1/1498 1128/1/1499 1127/1/1496
f 1127/1/1496 1131/1/1500 1134/1/1501
f 1134/1/1501 1132/1/1497 1127/1/1496
f 1135/1/1110 1136/1/1110 1137/1/1502
f 1137/1/1502 1129/1/1502 1135/1/1110
f 1126/1/1108 1129/1/1503 1137/1/1504
f 1137/1/1504 1138/1/1504 1126/1/1108
f 1126/1/1107 1138/1/1107 1139/1/1107
f 1139/1/1107 1130/1/1107 1126/1/1107
f 1115/1/1105 1130/1/1105 1139/1/1105
f 1139/1/1105 1116/1/1105 1115/1/1105
f 1130/1/1494 1115/1/1489 1125/1/1488
f 1125/1/1488 1131/1/1495 1130/1/1494
f 1124/1/1486 1134/1/1501 1131/1/1500
f 1131/1/1500 1125/1/1487 1124/1/1486
f 1134/1/1102 1124/1/1102 1123/1/1102
f 1123/1/1102 1140/1/1102 1134/1/1102
f 1140/1/1101 1141/1/1101 1132/1/1101
f 1132/1/1101 1134/1/1101 1140/1/1101
f 1141/1/1100 1142/1/1100 1133/1/1100
f 1133/1/1100 1132/1/1100 1141/1/1100
f 1142/1/1505 1143/1/1505 1144/1/1505
f 1144/1/1505 1133/1/1505 1142/1/1505
f 1128/1/1499 1133/1/1498 1144/1/1506
f 1144/1/1506 1145/1/1507 1128/1/1499
f 1128/1/1492 1145/1/1508 1135/1/1509
f 1135/1/1509 1129/1/1493 1128/1/1492
f 1146/1/1510 1147/1/1511 1148/1/1512
f 1148/1/1512 1149/1/1513 1146/1/1510
f 1150/1/1514 1151/1/1515 1147/1/1511
f 1147/1/1511 1146/1/1510 1150/1/1514
f 1147/1/1516 1152/1/1517 1153/1/1518
f 1153/1/1518 1148/1/1519 1147/1/1516
f 1147/1/1516 1151/1/1520 1154/1/1521
f 1154/1/1521 1152/1/1517 1147/1/1516
f 1155/1/1145 1156/1/1145 1157/1/1145
f 1157/1/1145 1149/1/1145 1155/1/1145
f 1146/1/1144 1149/1/1522 1157/1/1522
f 1157/1/1522 1158/1/1144 1146/1/1144
f 1146/1/1141 1158/1/1141 1159/1/1141
f 1159/1/1141 1150/1/1141 1146/1/1141
f 1135/1/1139 1150/1/1139 1159/1/1139
f 1159/1/1139 1136/1/1139 1135/1/1139
f 1150/1/1514 1135/1/1509 1145/1/1508
f 1145/1/1508 1151/1/1515 1150/1/1514
f 1144/1/1506 1154/1/1521 1151/1/1520
f 1151/1/1520 1145/1/1507 1144/1/1506
f 1154/1/1137 1144/1/1137 1143/1/1137
f 1143/1/1137 1160/1/1137 1154/1/1137
f 1160/1/1523 1161/1/1134 1152/1/1134
f 1152/1/1134 1154/1/1134 1160/1/1523
f 1161/1/1132 1162/1/1133 1153/1/1132
f 1153/1/1132 1152/1/1132 1161/1/1132
f 1162/1/1130 1163/1/1130 1164/1/1130
f 1164/1/1130 1153/1/1130 1162/1/1130
f 1148/1/1519 1153/1/1518 1164/1/1524
f 1164/1/1524 1165/1/1525 1148/1/1519
f 1148/1/1512 1165/1/1526 1155/1/1527
f 1155/1/1527 1149/1/1513 1148/1/1512
f 1166/1/1528 1167/1/1529 1168/1/1530
f 1168/1/1530 1169/1/1531 1166/1/1528
f 1170/1/1532 1171/1/1533 1167/1/1529
f 1167/1/1529 1166/1/1528 1170/1/1532
f 1167/1/1534 1172/1/1535 1173/1/1536
f 1173/1/1536 1168/1/1537 1167/1/1534
f 1167/1/1534 1171/1/1538 1174/1/1539
f 1174/1/1539 1172/1/1535 1167/1/1534
f 1175/1/1540 1176/1/1541 1177/1/1542
f 1177/1/1542 1169/1/1176 1175/1/1540
f 1166/1/1543 1169/1/1173 1177/1/1544
f 1177/1/1544 1178/1/1543 1166/1/1543
f 1166/1/1171 1178/1/1545 1179/1/1171
f 1179/1/1171 1170/1/1171 1166/1/1171
f 1155/1/1170 1170/1/1170 1179/1/1170
f 1179/1/1170 1156/1/1170 1155/1/1170
f 1170/1/1532 1155/1/1527 1165/1/1526
f 1165/1/1526 1171/1/1533 1170/1/1532
f 1164/1/1524 1174/1/1539 1171/1/1538
f 1171/1/1538 1165/1/1525 1164/1/1524
f 1174/1/1546 1164/1/1547 1163/1/1546
f 1163/1/1546 1180/1/1547 1174/1/1546
f 1180/1/1166 1181/1/1166 1172/1/1166
f 1172/1/1166 1174/1/1166 1180/1/1166
f 1181/1/1165 1182/1/1165 1173/1/1164
f 1173/1/1164 1172/1/1165 1181/1/1165
f 1182/1/1163 1183/1/1162 1184/1/1162
f 1184/1/1162 1173/1/1163 1182/1/1163
f 1168/1/1537 1173/1/1536 1184/1/1548
f 1184/1/1548 1185/1/1549 1168/1/1537
f 1168/1/1530 1185/1/1550 1175/1/1551
f 1175/1/1551 1169/1/1531 1168/1/1530
f 1186/1/1552 1187/1/1553 1188/1/1554
f 1188/1/1554 1189/1/1555 1186/1/1552
f 1190/1/1556 1191/1/1557 1187/1/1553
f 1187/1/1553 1186/1/1552 1190/1/1556
f 1187/1/1558 1192/1/1559 1193/1/1560
f 1193/1/1560 1188/1/1561 1187/1/1558
f 1187/1/1558 1191/1/1562 1194/1/1563
f 1194/1/1563 1192/1/1559 1187/1/1558
f 1195/1/1202 1196/1/1202 1197/1/1564
f 1197/1/1564 1189/1/1202 1195/1/1202
f 1186/1/1565 1189/1/1201 1197/1/1201
f 1197/1/1201 1198/1/1201 1186/1/1565
f 1186/1/1566 1198/1/1200 1199/1/1200
f 1199/1/1200 1190/1/1200 1186/1/1566
f 1175/1/1199 1190/1/1199 1199/1/1199
f 1199/1/1199 1176/1/1199 1175/1/1199
f 1190/1/1556 1175/1/1551 1185/1/1550
f 1185/1/1550 1191/1/1557 1190/1/1556
f 1184/1/1548 1194/1/1563 1191/1/1562
f 1191/1/1562 1185/1/1549 1184/1/1548
f 1194/1/1198 1184/1/1198 1183/1/1198
f 1183/1/1198 1200/1/1198 1194/1/1198
f 1200/1/1567 1201/1/1197 1192/1/1197
f 1192/1/1197 1194/1/1197 1200/1/1567
f 1201/1/1195 1202/1/1195 1193/1/1195
f 1193/1/1195 1192/1/1195 1201/1/1195
f 1202/1/1568 1203/1/1568 1204/1/1568
f 1204/1/1568 1193/1/1568 1202/1/1568
f 1188/1/1561 1193/1/1560 1204/1/1569
f 1204/1/1569 1205/1/1570 1188/1/1561
f 1188/1/1554 1205/1/1571 1195/1/1572
f 1195/1/1572 1189/1/1555 1188/1/1554
f 1206/1/1573 1207/1/1574 1208/1/1575
f 1208/1/1575 1209/1/1576 1206/1/1573
f 1210/1/1577 1211/1/1578 1207/1/1574
f 1207/1/1574 1206/1/1573 1210/1/1577
f 1207/1/1579 1212/1/1580 1213/1/1581
f 1213/1/1581 1208/1/1582 1207/1/1579
f 1207/1/1579 1211/1/1583 1214/1/1584
f 1214/1/1584 1212/1/1580 1207/1/1579
f 1215/1/1585 1216/1/1232 1217/1/1232
f 1217/1/1232 1209/1/1232 1215/1/1585
f 1206/1/1231 1209/1/1231 1217/1/1231
f 1217/1/1231 1218/1/1231 1206/1/1231
f 1206/1/1586 1218/1/1586 1219/1/1586
f 1219/1/1586 1210/1/1586 1206/1/1586
f 1195/1/1225 1210/1/1225 1219/1/1225
f 1219/1/1225 1196/1/1225 1195/1/1225
f 1210/1/1577 1195/1/1572 1205/1/1571
f 1205/1/1571 1211/1/1578 1210/1/1577
f 1204/1/1569 1214/1/1584 1211/1/1583
f 1211/1/1583 1205/1/1570 1204/1/1569
f 1214/1/1223 1204/1/1223 1203/1/1223
f 1203/1/1223 1220/1/1223 1214/1/1223
f 1220/1/1222 1221/1/1222 1212/1/1222
f 1212/1/1222 1214/1/1222 1220/1/1222
f 1221/1/1221 1222/1/1221 1213/1/1221
f 1213/1/1221 1212/1/1221 1221/1/1221
f 1222/1/1587 1223/1/1587 1224/1/1587
f 1224/1/1587 1213/1/1587 1222/1/1587
f 1208/1/1582 1213/1/1581 1224/1/1588
f 1224/1/1588 1225/1/1589 1208/1/1582
f 1208/1/1575 1225/1/1590 1215/1/1591
f 1215/1/1591 1209/1/1576 1208/1/1575
f 1226/1/1592 1227/1/1593 1228/1/1594
f 1228/1/1594 1229/1/1595 1226/1/1592
f 1230/1/1596 1231/1/1597 1227/1/1593
f 1227/1/1593 1226/1/1592 1230/1/1596
f 1227/1/1598 1232/1/1599 1233/1/1600
f 1233/1/1600 1228/1/1601 1227/1/1598
f 1227/1/1598 1231/1/1602 1234/1/1603
f 1234/1/1603 1232/1/1599 1227/1/1598
f 1235/1/1259 1236/1/1259 1237/1/1259
f 1237/1/1259 1229/1/1259 1235/1/1259
f 1226/1/1257 1229/1/1257 1237/1/1257
f 1237/1/1257 1238/1/1257 1226/1/1257
f 1226/1/1256 1238/1/1256 1239/1/1256
f 1239/1/1256 1230/1/1256 1226/1/1256
f 1215/1/1255 1230/1/1255 1239/1/1255
f 1239/1/1255 1216/1/1604 1215/1/1255
f 1230/1/1596 1215/1/1591 1225/1/1590
f 1225/1/1590 1231/1/1597 1230/1/1596
f 1224/1/1588 1234/1/1603 1231/1/1602
f 1231/1/1602 1225/1/1589 1224/1/1588
f 1234/1/1605 1224/1/1605 1223/1/1605
f 1223/1/1605 1240/1/1254 1234/1/1605
f 1240/1/1253 1241/1/1252 1232/1/1253
f 1232/1/1253 1234/1/1252 1240/1/1253
f 1241/1/1606 1242/1/1607 1233/1/1606
f 1233/1/1606 1232/1/1250 1241/1/1606
f 1242/1/1249 1243/1/1249 1244/1/1249
f 1244/1/1249 1233/1/1249 1242/1/1249
f 1228/1/1601 1233/1/1600 1244/1/1608
f 1244/1/1608 1245/1/1609 1228/1/1601
f 1228/1/1594 1245/1/1610 1235/1/1611
f 1235/1/1611 1229/1/1595 1228/1/1594
f 1246/1/1612 1247/1/1613 1248/1/1614
f 1248/1/1614 1249/1/1615 1246/1/1612
f 1250/1/1616 1251/1/1617 1247/1/1613
f 1247/1/1613 1246/1/1612 1250/1/1616
f 1247/1/1618 1252/1/1619 1253/1/1620
f 1253/1/1620 1248/1/1621 1247/1/1618
f 1247/1/1618 1251/1/1622 1254/1/1623
f 1254/1/1623 1252/1/1619 1247/1/1618
f 1255/1/1290 1256/1/1624 1257/1/1290
f 1257/1/1290 1249/1/1625 1255/1/1290
f 1246/1/1289 1249/1/1289 1257/1/1289
f 1257/1/1289 1258/1/1289 1246/1/1289
f 1246/1/1288 1258/1/1288 1259/1/1626
f 1259/1/1626 1250/1/1288 1246/1/1288
f 1235/1/1285 1250/1/1285 1259/1/1627
f 1259/1/1627 1236/1/1285 1235/1/1285
f 1250/1/1616 1235/1/1611 1245/1/1610
f 1245/1/1610 1251/1/1617 1250/1/1616
f 1244/1/1608 1254/1/1623 1251/1/1622
f 1251/1/1622 1245/1/1609 1244/1/1608
f 1254/1/1282 1244/1/1628 1243/1/1282
f 1243/1/1282 1260/1/1282 1254/1/1282
f 1260/1/1629 1261/1/1280 1252/1/1629
f 1252/1/1629 1254/1/1629 1260/1/1629
f 1261/1/1279 1262/1/1630 1253/1/1279
f 1253/1/1279 1252/1/1279 1261/1/1279
f 1262/1/1276 1263/1/1276 1264/1/1276
f 1264/1/1276 1253/1/1276 1262/1/1276
f 1248/1/1621 1253/1/1620 1264/1/1631
f 1264/1/1631 1265/1/1632 1248/1/1621
f 1248/1/1614 1265/1/1633 1255/1/1634
f 1255/1/1634 1249/1/1615 1248/1/1614
f 1266/1/1635 1267/1/1636 1268/1/1637
f 1268/1/1637 1269/1/1638 1266/1/1635
f 1270/1/1639 1271/1/1640 1267/1/1636
f 1267/1/1636 1266/1/1635 1270/1/1639
f 1267/1/1641 1272/1/1642 1273/1/1643
f 1273/1/1643 1268/1/1644 1267/1/1641
f 1267/1/1641 1271/1/1645 1274/1/1646
f 1274/1/1646 1272/1/1642 1267/1/1641
f 16/1/1321 15/1/1321 1275/1/1321
f 1275/1/1321 1269/1/1321 16/1/1321
f 1266/1/1320 1269/1/1320 1275/1/1320
f 1275/1/1320 1276/1/1320 1266/1/1320
f 1266/1/1318 1276/1/1647 1277/1/1647
f 1277/1/1647 1270/1/1318 1266/1/1318
f 1255/1/1648 1270/1/1649 1277/1/1649
f 1277/1/1649 1256/1/1648 1255/1/1648
f 1270/1/1639 1255/1/1634 1265/1/1633
f 1265/1/1633 1271/1/1640 1270/1/1639
f 1264/1/1631 1274/1/1646 1271/1/1645
f 1271/1/1645 1265/1/1632 1264/1/1631
f 1274/1/1312 1264/1/1312 1263/1/1650
f 1263/1/1650 1278/1/1651 1274/1/1312
f 1278/1/1311 1279/1/1310 1272/1/1310
f 1272/1/1310 1274/1/1310 1278/1/1311
f 1279/1/1308 1280/1/1308 1273/1/1652
f 1273/1/1652 1272/1/1653 1279/1/1308
f 18/1/1307 1273/1/1307 1280/1/1307
f 1280/1/1307 20/1/1307 18/1/1307
f 1273/1/1643 18/1/20 17/1/19
f 17/1/19 1268/1/1644 1273/1/1643
f 1268/1/1637 17/1/17 16/1/18
f 16/1/18 1269/1/1638 1268/1/1637
f 1281/1/1654 1282/1/1654 1283/1/1654
f 1283/1/1654 1284/1/1654 1281/1/1654
f 1285/1/1655 1286/1/1655 1282/1/1655
f 1282/1/1655 1281/1/1655 1285/1/1655
f 1282/1/1656 1287/1/1656 1288/1/1656
f 1288/1/1656 1283/1/1657 1282/1/1656
f 1289/1/1658 1287/1/1659 1282/1/1658
f 1282/1/1658 1286/1/1658 1289/1/1658
f 1290/1/1660 526/1/1661 548/1/1660
f 548/1/1660 1284/1/1660 1290/1/1660
f 1284/1/1662 548/1/1662 547/1/1662
f 547/1/1662 1281/1/1662 1284/1/1662
f 1285/1/1663 1281/1/1663 547/1/1663
f 547/1/1663 545/1/1663 1285/1/1663
f 1285/1/1664 545/1/1664 546/1/1664
f 546/1/1664 1291/1/1664 1285/1/1664
f 1285/1/1665 1291/1/1665 1292/1/1665
f 1292/1/1665 1286/1/1665 1285/1/1665
f 1293/1/1666 1289/1/1667 1286/1/1667
f 1286/1/1667 1292/1/1667 1293/1/1666
f 1289/1/1668 1293/1/1668 1163/1/1669
f 1163/1/1669 1162/1/1668 1289/1/1668
f 1289/1/1670 1162/1/1670 1161/1/1670
f 1161/1/1670 1287/1/1670 1289/1/1670
f 1161/1/1671 1160/1/1672 1288/1/1672
f 1288/1/1672 1287/1/1672 1161/1/1671
f 1160/1/1673 1143/1/1673 1294/1/1673
f 1294/1/1673 1288/1/1673 1160/1/1673
f 1283/1/1674 1288/1/1675 1294/1/1675
f 1294/1/1675 1295/1/1675 1283/1/1674
f 1283/1/1676 1295/1/1676 1290/1/1676
f 1290/1/1676 1284/1/1676 1283/1/1676
f 1296/1/1677 1297/1/1677 1298/1/1677
f 1298/1/1677 1299/1/1677 1296/1/1677
f 1300/1/1678 1301/1/1678 1297/1/1678
f 1297/1/1678 1296/1/1679 1300/1/1678
f 1297/1/1680 1302/1/1681 1303/1/1680
f 1303/1/1680 1298/1/1680 1297/1/1680
f 1301/1/1682 1304/1/1683 1302/1/1682
f 1302/1/1682 1297/1/1684 1301/1/1682
f 49/1/1685 660/1/1686 1299/1/1687
f 1299/1/1687 1305/1/1688 49/1/1685
f 665/1/1689 1296/1/1689 1299/1/1689
f 1299/1/1689 660/1/1689 665/1/1689
f 665/1/1690 664/1/1690 1300/1/1690
f 1300/1/1690 1296/1/1690 665/1/1690
f 664/1/1691 641/1/1692 1306/1/1691
f 1306/1/1691 1300/1/1691 664/1/1691
f 1300/1/1693 1306/1/1693 1307/1/1693
f 1307/1/1693 1301/1/1693 1300/1/1693
f 1308/1/1694 1304/1/1695 1301/1/1695
f 1301/1/1695 1307/1/1696 1308/1/1694
f 1304/1/1697 1308/1/1697 1256/1/1697
f 1256/1/1697 1277/1/1697 1304/1/1697
f 1304/1/1698 1277/1/1698 1276/1/1698
f 1276/1/1698 1302/1/1699 1304/1/1698
f 1302/1/1700 1276/1/1700 1275/1/1701
f 1275/1/1701 1303/1/1702 1302/1/1700
f 1275/1/1703 15/1/1704 1309/1/1705
f 1309/1/1705 1303/1/1706 1275/1/1703
f 1303/1/1707 1309/1/1707 1310/1/1707
f 1310/1/1707 1298/1/1707 1303/1/1707
f 1298/1/1708 1310/1/1708 1305/1/1708
f 1305/1/1708 1299/1/1709 1298/1/1708
f 1311/1/1710 1312/1/1711 1313/1/1710
f 1313/1/1710 1314/1/1710 1311/1/1710
f 1315/1/1712 1316/1/1713 1312/1/1714
f 1312/1/1714 1311/1/1712 1315/1/1712
f 1312/1/1715 1317/1/1715 1318/1/1715
f 1318/1/1715 1313/1/1715 1312/1/1715
f 1312/1/1716 1316/1/1717 1319/1/1717
f 1319/1/1717 1317/1/1717 1312/1/1716
f 1314/1/1718 1320/1/1719 141/1/1719
f 141/1/1719 140/1/1719 1314/1/1718
f 1314/1/1720 140/1/1720 150/1/1720
f 150/1/1720 1311/1/1720 1314/1/1720
f 1315/1/1721 1311/1/1721 150/1/1721
f 150/1/1721 149/1/1721 1315/1/1721
f 149/1/1722 121/1/1722 1321/1/1722
f 1321/1/1722 1315/1/1722 149/1/1722
f 1315/1/1723 1321/1/1724 1322/1/1723
f 1322/1/1723 1316/1/1724 1315/1/1723
f 1323/1/1725 1319/1/1726 1316/1/1725
f 1316/1/1725 1322/1/1727 1323/1/1725
f 736/1/1728 759/1/1729 1319/1/1729
f 1319/1/1729 1323/1/1729 736/1/1728
f 1319/1/1730 759/1/1730 758/1/1730
f 758/1/1730 1317/1/1730 1319/1/1730
f 758/1/1731 757/1/1732 1318/1/1732
f 1318/1/1732 1317/1/1732 758/1/1731
f 757/1/1733 756/1/1734 1324/1/1734
f 1324/1/1734 1318/1/1734 757/1/1733
f 1325/1/1735 1313/1/1735 1318/1/1735
f 1318/1/1735 1324/1/1735 1325/1/1735
f 1313/1/1736 1325/1/1736 1320/1/1736
f 1320/1/1736 1314/1/1736 1313/1/1736
f 1326/1/1737 1327/1/1737 1328/1/1737
f 1328/1/1737 1329/1/1737 1326/1/1737
f 1330/1/1738 1331/1/1739 1327/1/1738
f 1327/1/1738 1326/1/1738 1330/1/1738
f 1327/1/1740 1332/1/1741 1333/1/1740
f 1333/1/1740 1328/1/1740 1327/1/1740
f 1334/1/1742 1332/1/1742 1327/1/1742
f 1327/1/1742 1331/1/1743 1334/1/1742
f 1329/1/1744 1291/1/1744 546/1/1744
f 546/1/1744 568/1/1744 1329/1/1744
f 1329/1/1745 568/1/1745 567/1/1745
f 567/1/1745 1326/1/1745 1329/1/1745
f 1330/1/1746 1326/1/1746 567/1/1746
f 567/1/1746 565/1/1746 1330/1/1746
f 1335/1/1747 1330/1/1748 565/1/1749
f 565/1/1749 566/1/1748 1335/1/1747
f 1335/1/1750 1336/1/1750 1331/1/1751
f 1331/1/1751 1330/1/1750 1335/1/1750
f 1337/1/1752 1334/1/1753 1331/1/1754
f 1331/1/1754 1336/1/1755 1337/1/1752
f 1334/1/1756 1337/1/1757 1183/1/1756
f 1183/1/1756 1182/1/1758 1334/1/1756
f 1334/1/1759 1182/1/1760 1181/1/1761
f 1181/1/1761 1332/1/1762 1334/1/1759
f 1181/1/1763 1180/1/1763 1333/1/1763
f 1333/1/1763 1332/1/1764 1181/1/1763
f 1163/1/1765 1293/1/1765 1333/1/1765
f 1333/1/1765 1180/1/1766 1163/1/1765
f 1328/1/1767 1333/1/1767 1293/1/1768
f 1293/1/1768 1292/1/1767 1328/1/1767
f 1329/1/1769 1328/1/1769 1292/1/1769
f 1292/1/1769 1291/1/1769 1329/1/1769
f 1338/1/1770 1339/1/1770 1340/1/1770
f 1340/1/1770 1341/1/1770 1338/1/1770
f 1342/1/1771 1343/1/1772 1339/1/1771
f 1339/1/1771 1338/1/1771 1342/1/1771
f 1339/1/1773 1344/1/1774 1345/1/1775
f 1345/1/1775 1340/1/1773 1339/1/1773
f 1343/1/1776 1346/1/1776 1344/1/1777
f 1344/1/1777 1339/1/1778 1343/1/1776
f 1347/1/1779 45/1/1779 43/1/1779
f 43/1/1779 1341/1/1779 1347/1/1779
f 42/1/1780 1338/1/1781 1341/1/1781
f 1341/1/1781 43/1/1781 42/1/1780
f 41/1/1782 1342/1/1783 1338/1/1782
f 1338/1/1782 42/1/1784 41/1/1782
f 1348/1/1785 1342/1/1786 41/1/1785
f 41/1/1785 40/1/1785 1348/1/1785
f 1348/1/1787 1349/1/1787 1343/1/1787
f 1343/1/1787 1342/1/1787 1348/1/1787
f 1350/1/1788 1346/1/1789 1343/1/1790
f 1343/1/1790 1349/1/1790 1350/1/1788
f 1350/1/1791 23/1/1791 22/1/1791
f 22/1/1791 1346/1/1791 1350/1/1791
f 1344/1/1792 1346/1/1792 22/1/1792
f 22/1/1792 21/1/1792 1344/1/1792
f 1345/1/1793 1344/1/1794 21/1/1795
f 21/1/1795 19/1/1793 1345/1/1793
f 19/1/1796 20/1/1797 1351/1/1797
f 1351/1/1797 1345/1/1797 19/1/1796
f 1340/1/1798 1345/1/1798 1351/1/1798
f 1351/1/1798 1352/1/1798 1340/1/1798
f 1352/1/1799 1347/1/1800 1341/1/1800
f 1341/1/1800 1340/1/1800 1352/1/1799
f 1353/1/1801 1354/1/1801 1355/1/1801
f 1355/1/1801 1356/1/1801 1353/1/1801
f 1357/1/1802 1358/1/1803 1354/1/1804
f 1354/1/1804 1353/1/1805 1357/1/1802
f 1354/1/1806 1359/1/1807 1360/1/1807
f 1360/1/1807 1355/1/1807 1354/1/1806
f 1358/1/1808 1361/1/1809 1359/1/1808
f 1359/1/1808 1354/1/1810 1358/1/1808
f 1362/1/1811 161/1/1812 160/1/1811
f 160/1/1811 1356/1/1811 1362/1/1811
f 170/1/1813 1353/1/1814 1356/1/1814
f 1356/1/1814 160/1/1814 170/1/1813
f 170/1/1815 169/1/1815 1357/1/1815
f 1357/1/1815 1353/1/1815 170/1/1815
f 1320/1/1816 1357/1/1816 169/1/1816
f 169/1/1816 141/1/1816 1320/1/1816
f 1358/1/1817 1357/1/1817 1320/1/1817
f 1320/1/1817 1325/1/1817 1358/1/1817
f 1358/1/1818 1325/1/1818 1324/1/1818
f 1324/1/1818 1361/1/1819 1358/1/1818
f 756/1/1820 779/1/1821 1361/1/1822
f 1361/1/1822 1324/1/1823 756/1/1820
f 1361/1/1824 779/1/1825 778/1/1824
f 778/1/1824 1359/1/1826 1361/1/1824
f 1359/1/1827 778/1/1828 777/1/1827
f 777/1/1827 1360/1/1829 1359/1/1827
f 776/1/1830 1363/1/1830 1360/1/1830
f 1360/1/1830 777/1/1830 776/1/1830
f 1364/1/1831 1355/1/1832 1360/1/1832
f 1360/1/1832 1363/1/1831 1364/1/1831
f 1364/1/1833 1362/1/1833 1356/1/1833
f 1356/1/1833 1355/1/1833 1364/1/1833
f 1365/1/1834 1366/1/1835 1367/1/1836
f 1367/1/1836 1368/1/1835 1365/1/1834
f 1369/1/1837 1370/1/1837 1366/1/1837
f 1366/1/1837 1365/1/1837 1369/1/1837
f 1366/1/1838 1371/1/1838 1372/1/1838
f 1372/1/1838 1367/1/1838 1366/1/1838
f 1373/1/1839 1371/1/1839 1366/1/1839
f 1366/1/1839 1370/1/1839 1373/1/1839
f 1335/1/1840 566/1/1840 588/1/1840
f 588/1/1840 1368/1/1840 1335/1/1840
f 1368/1/1841 588/1/1841 587/1/1841
f 587/1/1841 1365/1/1841 1368/1/1841
f 1369/1/1842 1365/1/1842 587/1/1842
f 587/1/1842 585/1/1842 1369/1/1842
f 1374/1/1843 1369/1/1843 585/1/1843
f 585/1/1843 586/1/1844 1374/1/1843
f 1374/1/1845 1375/1/1845 1370/1/1846
f 1370/1/1846 1369/1/1846 1374/1/1845
f 1375/1/1847 1376/1/1847 1373/1/1848
f 1373/1/1848 1370/1/1847 1375/1/1847
f 1373/1/1849 1376/1/1850 1203/1/1851
f 1203/1/1851 1202/1/1849 1373/1/1849
f 1373/1/1852 1202/1/1852 1201/1/1852
f 1201/1/1852 1371/1/1852 1373/1/1852
f 1201/1/1853 1200/1/1854 1372/1/1854
f 1372/1/1854 1371/1/1854 1201/1/1853
f 1200/1/1855 1183/1/1856 1337/1/1856
f 1337/1/1856 1372/1/1856 1200/1/1855
f 1337/1/1857 1336/1/1857 1367/1/1857
f 1367/1/1857 1372/1/1857 1337/1/1857
f 1335/1/1858 1368/1/1859 1367/1/1859
f 1367/1/1859 1336/1/1858 1335/1/1858
f 1377/1/1860 1378/1/1860 1379/1/1860
f 1379/1/1860 1380/1/1860 1377/1/1860
f 1381/1/1861 1382/1/1862 1378/1/1863
f 1378/1/1863 1377/1/1862 1381/1/1861
f 1378/1/1864 1383/1/1865 1384/1/1865
f 1384/1/1865 1379/1/1865 1378/1/1864
f 1382/1/1866 1385/1/1866 1383/1/1866
f 1383/1/1866 1378/1/1867 1382/1/1866
f 1348/1/1868 40/1/1869 68/1/1869
f 68/1/1869 1380/1/1869 1348/1/1868
f 67/1/1870 1377/1/1870 1380/1/1870
f 1380/1/1870 68/1/1870 67/1/1870
f 66/1/1871 1381/1/1871 1377/1/1871
f 1377/1/1871 67/1/1871 66/1/1871
f 66/1/1872 65/1/1873 1386/1/1874
f 1386/1/1874 1381/1/1875 66/1/1872
f 1386/1/1876 1387/1/1876 1382/1/1877
f 1382/1/1877 1381/1/1876 1386/1/1876
f 1388/1/1878 1385/1/1878 1382/1/1878
f 1382/1/1878 1387/1/1878 1388/1/1878
f 1385/1/1879 1388/1/1880 683/1/1881
f 683/1/1881 682/1/1882 1385/1/1879
f 1383/1/1883 1385/1/1884 682/1/1883
f 682/1/1883 681/1/1883 1383/1/1883
f 1384/1/1885 1383/1/1885 681/1/1886
f 681/1/1886 680/1/1885 1384/1/1885
f 680/1/1887 23/1/1887 1350/1/1887
f 1350/1/1887 1384/1/1887 680/1/1887
f 1349/1/1888 1379/1/1888 1384/1/1888
f 1384/1/1888 1350/1/1888 1349/1/1888
f 1380/1/1889 1379/1/1889 1349/1/1889
f 1349/1/1889 1348/1/1889 1380/1/1889
f 1389/1/1890 1390/1/1891 1391/1/1891
f 1391/1/1891 1392/1/1891 1389/1/1890
f 1393/1/1892 1394/1/1893 1390/1/1894
f 1390/1/1894 1389/1/1894 1393/1/1892
f 1390/1/1895 1395/1/1895 1396/1/1896
f 1396/1/1896 1391/1/1897 1390/1/1895
f 1394/1/1898 1397/1/1898 1395/1/1898
f 1395/1/1898 1390/1/1898 1394/1/1898
f 1392/1/1899 1398/1/1899 181/1/1899
f 181/1/1899 180/1/1899 1392/1/1899
f 190/1/1900 1389/1/1900 1392/1/1900
f 1392/1/1900 180/1/1900 190/1/1900
f 190/1/1901 189/1/1901 1393/1/1901
f 1393/1/1901 1389/1/1901 190/1/1901
f 161/1/1902 1362/1/1903 1393/1/1903
f 1393/1/1903 189/1/1903 161/1/1902
f 1362/1/1904 1364/1/1904 1394/1/1904
f 1394/1/1904 1393/1/1905 1362/1/1904
f 1397/1/1906 1394/1/1906 1364/1/1906
f 1364/1/1906 1363/1/1906 1397/1/1906
f 1397/1/1907 1363/1/1907 776/1/1907
f 776/1/1907 799/1/1907 1397/1/1907
f 1397/1/1908 799/1/1909 798/1/1909
f 798/1/1909 1395/1/1908 1397/1/1908
f 1395/1/1910 798/1/1911 797/1/1910
f 797/1/1910 1396/1/1912 1395/1/1910
f 797/1/1913 796/1/1913 1399/1/1913
f 1399/1/1913 1396/1/1913 797/1/1913
f 1391/1/1914 1396/1/1915 1399/1/1915
f 1399/1/1915 1400/1/1915 1391/1/1914
f 1400/1/1916 1398/1/1917 1392/1/1918
f 1392/1/1918 1391/1/1917 1400/1/1916
f 1401/1/1919 1402/1/1919 1403/1/1919
f 1403/1/1919 1404/1/1919 1401/1/1919
f 1405/1/1920 1406/1/1921 1402/1/1922
f 1402/1/1922 1401/1/1923 1405/1/1920
f 1402/1/1924 1407/1/1924 1408/1/1924
f 1408/1/1924 1403/1/1924 1402/1/1924
f 1409/1/1925 1407/1/1925 1402/1/1925
f 1402/1/1925 1406/1/1925 1409/1/1925
f 1374/1/1926 586/1/1926 608/1/1926
f 608/1/1926 1404/1/1927 1374/1/1926
f 1404/1/1928 608/1/1928 607/1/1929
f 607/1/1929 1401/1/1928 1404/1/1928
f 1405/1/1930 1401/1/1931 607/1/1932
f 607/1/1932 605/1/1933 1405/1/1930
f 1410/1/1934 1405/1/1934 605/1/1934
f 605/1/1934 606/1/1934 1410/1/1934
f 1410/1/1935 1411/1/1936 1406/1/1936
f 1406/1/1936 1405/1/1936 1410/1/1935
f 1409/1/1937 1406/1/1937 1411/1/1938
f 1411/1/1938 1412/1/1937 1409/1/1937
f 1409/1/1939 1412/1/1939 1223/1/1939
f 1223/1/1939 1222/1/1939 1409/1/1939
f 1409/1/1940 1222/1/1940 1221/1/1940
f 1221/1/1940 1407/1/1940 1409/1/1940
f 1221/1/1941 1220/1/1941 1408/1/1941
f 1408/1/1941 1407/1/1941 1221/1/1941
f 1203/1/1942 1376/1/1942 1408/1/1942
f 1408/1/1942 1220/1/1942 1203/1/1942
f 1375/1/1943 1403/1/1944 1408/1/1944
f 1408/1/1944 1376/1/1944 1375/1/1943
f 1404/1/1945 1403/1/1946 1375/1/1946
f 1375/1/1946 1374/1/1946 1404/1/1945
f 1413/1/1947 1414/1/1948 1415/1/1949
f 1415/1/1949 1416/1/1949 1413/1/1947
f 1417/1/1950 1418/1/1950 1414/1/1950
f 1414/1/1950 1413/1/1950 1417/1/1950
f 1414/1/1951 1419/1/1952 1420/1/1951
f 1420/1/1951 1415/1/1953 1414/1/1951
f 1418/1/1954 1421/1/1954 1419/1/1954
f 1419/1/1954 1414/1/1955 1418/1/1954
f 1386/1/1956 65/1/1956 88/1/1957
f 88/1/1957 1416/1/1957 1386/1/1956
f 1416/1/1958 88/1/1958 87/1/1958
f 87/1/1958 1413/1/1958 1416/1/1958
f 86/1/1959 1417/1/1960 1413/1/1959
f 1413/1/1959 87/1/1959 86/1/1959
f 86/1/1961 85/1/1961 1422/1/1961
f 1422/1/1961 1417/1/1961 86/1/1961
f 1422/1/1962 1423/1/1962 1418/1/1962
f 1418/1/1962 1417/1/1962 1422/1/1962
f 1421/1/1963 1418/1/1964 1423/1/1965
f 1423/1/1965 1424/1/1964 1421/1/1963
f 1421/1/1966 1424/1/1966 703/1/1966
f 703/1/1966 702/1/1967 1421/1/1966
f 1419/1/1968 1421/1/1969 702/1/1968
f 702/1/1968 701/1/1968 1419/1/1968
f 701/1/1970 700/1/1970 1420/1/1970
f 1420/1/1970 1419/1/1970 701/1/1970
f 700/1/1971 683/1/1971 1388/1/1972
f 1388/1/1972 1420/1/1972 700/1/1971
f 1387/1/1973 1415/1/1973 1420/1/1973
f 1420/1/1973 1388/1/1973 1387/1/1973
f 1415/1/1974 1387/1/1975 1386/1/1975
f 1386/1/1975 1416/1/1975 1415/1/1974
f 1425/1/1976 1426/1/1976 1427/1/1976
f 1427/1/1976 1428/1/1976 1425/1/1976
f 1429/1/1977 1430/1/1977 1426/1/1977
f 1426/1/1977 1425/1/1977 1429/1/1977
f 1426/1/1978 1431/1/1978 1432/1/1978
f 1432/1/1978 1427/1/1978 1426/1/1978
f 1430/1/1979 1433/1/1979 1431/1/1979
f 1431/1/1979 1426/1/1980 1430/1/1979
f 201/1/1981 200/1/1982 1428/1/1981
f 1428/1/1981 1434/1/1983 201/1/1981
f 210/1/1984 1425/1/1984 1428/1/1985
f 1428/1/1985 200/1/1984 210/1/1984
f 210/1/1986 209/1/1986 1429/1/1987
f 1429/1/1987 1425/1/1986 210/1/1986
f 1429/1/1988 209/1/1988 181/1/1988
f 181/1/1988 1398/1/1988 1429/1/1988
f 1430/1/1989 1429/1/1990 1398/1/1990
f 1398/1/1990 1400/1/1990 1430/1/1989
f 1399/1/1991 1433/1/1992 1430/1/1992
f 1430/1/1992 1400/1/1992 1399/1/1991
f 819/1/1993 1433/1/1994 1399/1/1994
f 1399/1/1994 796/1/1993 819/1/1993
f 1433/1/1995 819/1/1996 818/1/1995
f 818/1/1995 1431/1/1997 1433/1/1995
f 1431/1/1998 818/1/1999 817/1/1998
f 817/1/1998 1432/1/1998 1431/1/1998
f 817/1/2000 816/1/2001 1435/1/2001
f 1435/1/2001 1432/1/2002 817/1/2000
f 1427/1/2003 1432/1/2003 1435/1/2004
f 1435/1/2004 1436/1/2005 1427/1/2003
f 1436/1/2006 1434/1/2006 1428/1/2006
f 1428/1/2006 1427/1/2006 1436/1/2006
f 1437/1/2007 1438/1/2007 1439/1/2007
f 1439/1/2007 1440/1/2008 1437/1/2007
f 1441/1/2009 1442/1/2009 1438/1/2009
f 1438/1/2009 1437/1/2010 1441/1/2009
f 1438/1/2011 1443/1/2011 1444/1/2011
f 1444/1/2011 1439/1/2011 1438/1/2011
f 1445/1/2012 1443/1/2012 1438/1/2012
f 1438/1/2012 1442/1/2012 1445/1/2012
f 1410/1/2013 606/1/2014 628/1/2015
f 628/1/2015 1440/1/2016 1410/1/2013
f 1440/1/2017 628/1/2017 627/1/2018
f 627/1/2018 1437/1/2018 1440/1/2017
f 1441/1/2019 1437/1/2020 627/1/2020
f 627/1/2020 625/1/2021 1441/1/2019
f 1446/1/2022 1441/1/2023 625/1/2024
f 625/1/2024 626/1/2025 1446/1/2022
f 1446/1/2026 1447/1/2026 1442/1/2026
f 1442/1/2026 1441/1/2026 1446/1/2026
f 1445/1/2027 1442/1/2027 1447/1/2027
f 1447/1/2027 1448/1/2027 1445/1/2027
f 1445/1/2028 1448/1/2028 1243/1/2028
f 1243/1/2028 1242/1/2028 1445/1/2028
f 1445/1/2029 1242/1/2030 1241/1/2029
f 1241/1/2029 1443/1/2031 1445/1/2029
f 1241/1/2032 1240/1/2033 1444/1/2033
f 1444/1/2033 1443/1/2033 1241/1/2032
f 1240/1/2034 1223/1/2034 1412/1/2034
f 1412/1/2034 1444/1/2034 1240/1/2034
f 1439/1/2035 1444/1/2035 1412/1/2035
f 1412/1/2035 1411/1/2035 1439/1/2035
f 1440/1/2036 1439/1/2037 1411/1/2038
f 1411/1/2038 1410/1/2036 1440/1/2036
f 1449/1/2039 1450/1/2039 1451/1/2040
f 1451/1/2040 1452/1/2039 1449/1/2039
f 1453/1/2041 1454/1/2041 1450/1/2041
f 1450/1/2041 1449/1/2041 1453/1/2041
f 1450/1/2042 1455/1/2042 1456/1/2042
f 1456/1/2042 1451/1/2042 1450/1/2042
f 1454/1/2043 1457/1/2043 1455/1/2043
f 1455/1/2043 1450/1/2043 1454/1/2043
f 1452/1/2044 1422/1/2044 85/1/2045
f 85/1/2045 108/1/2044 1452/1/2044
f 107/1/2046 1449/1/2047 1452/1/2047
f 1452/1/2047 108/1/2046 107/1/2046
f 105/1/2048 1453/1/2048 1449/1/2048
f 1449/1/2048 107/1/2048 105/1/2048
f 1458/1/2049 1453/1/2050 105/1/2051
f 105/1/2051 106/1/2050 1458/1/2049
f 1458/1/2052 1459/1/2053 1454/1/2052
f 1454/1/2052 1453/1/2052 1458/1/2052
f 1457/1/2054 1454/1/2054 1459/1/2054
f 1459/1/2054 1460/1/2054 1457/1/2054
f 1457/1/2055 1460/1/2056 723/1/2055
f 723/1/2055 722/1/2055 1457/1/2055
f 1455/1/2057 1457/1/2057 722/1/2057
f 722/1/2057 721/1/2057 1455/1/2057
f 1456/1/2058 1455/1/2059 721/1/2060
f 721/1/2060 720/1/2059 1456/1/2058
f 720/1/2061 703/1/2062 1424/1/2063
f 1424/1/2063 1456/1/2064 720/1/2061
f 1423/1/2065 1451/1/2065 1456/1/2066
f 1456/1/2066 1424/1/2066 1423/1/2065
f 1452/1/2067 1451/1/2068 1423/1/2068
f 1423/1/2068 1422/1/2068 1452/1/2067
f 1461/1/2069 1462/1/1655 1463/1/1655
f 1463/1/1655 1464/1/1655 1461/1/2069
f 1465/1/1654 1466/1/1654 1462/1/1654
f 1462/1/1654 1461/1/1654 1465/1/1654
f 1462/1/2070 1467/1/2070 1468/1/2070
f 1468/1/2070 1463/1/1659 1462/1/2070
f 1466/1/1656 1469/1/1656 1467/1/1656
f 1467/1/1656 1462/1/1656 1466/1/1656
f 1464/1/1664 1470/1/1664 221/1/1664
f 221/1/1664 220/1/1664 1464/1/1664
f 230/1/1663 1461/1/1663 1464/1/1663
f 1464/1/1663 220/1/1663 230/1/1663
f 230/1/1662 229/1/1662 1465/1/1662
f 1465/1/1662 1461/1/1662 230/1/1662
f 1434/1/1660 1465/1/1660 229/1/1660
f 229/1/1660 201/1/2071 1434/1/1660
f 1466/1/1676 1465/1/1676 1434/1/1676
f 1434/1/1676 1436/1/1676 1466/1/1676
f 1435/1/1675 1469/1/1675 1466/1/1675
f 1466/1/1675 1436/1/1675 1435/1/1675
f 839/1/1673 1469/1/1673 1435/1/1673
f 1435/1/1673 816/1/1673 839/1/1673
f 1469/1/2072 839/1/2072 838/1/2073
f 838/1/2073 1467/1/1672 1469/1/2072
f 1467/1/1670 838/1/1670 837/1/1670
f 837/1/1670 1468/1/1670 1467/1/1670
f 837/1/2074 836/1/1668 1471/1/2075
f 1471/1/2075 1468/1/1668 837/1/2074
f 1463/1/1667 1468/1/2076 1471/1/1667
f 1471/1/1667 1472/1/1667 1463/1/1667
f 1472/1/1665 1470/1/1665 1464/1/1665
f 1464/1/1665 1463/1/1665 1472/1/1665
f 1473/1/2077 1474/1/2078 1475/1/2077
f 1475/1/2077 1476/1/2077 1473/1/2077
f 1477/1/2079 1478/1/2080 1474/1/2080
f 1474/1/2080 1473/1/2080 1477/1/2079
f 1474/1/2081 1479/1/2081 1480/1/2081
f 1480/1/2081 1475/1/2081 1474/1/2081
f 1481/1/2082 1479/1/2083 1474/1/2083
f 1474/1/2083 1478/1/2083 1481/1/2082
f 1446/1/2084 626/1/2084 648/1/2084
f 648/1/2084 1476/1/2084 1446/1/2084
f 1476/1/2085 648/1/2086 647/1/2087
f 647/1/2087 1473/1/2086 1476/1/2085
f 1477/1/2088 1473/1/2088 647/1/2088
f 647/1/2088 645/1/2088 1477/1/2088
f 1482/1/2089 1477/1/2090 645/1/2089
f 645/1/2089 646/1/2090 1482/1/2089
f 1482/1/2091 1483/1/2091 1478/1/2091
f 1478/1/2091 1477/1/2091 1482/1/2091
f 1481/1/2092 1478/1/2092 1483/1/2092
f 1483/1/2092 1484/1/2092 1481/1/2092
f 1481/1/2093 1484/1/2093 1263/1/2093
f 1263/1/2093 1262/1/2093 1481/1/2093
f 1481/1/2094 1262/1/2094 1261/1/2094
f 1261/1/2094 1479/1/2094 1481/1/2094
f 1261/1/2095 1260/1/2096 1480/1/2097
f 1480/1/2097 1479/1/2095 1261/1/2095
f 1260/1/2098 1243/1/2099 1448/1/2098
f 1448/1/2098 1480/1/2100 1260/1/2098
f 1475/1/2101 1480/1/2101 1448/1/2101
f 1448/1/2101 1447/1/2101 1475/1/2101
f 1476/1/2102 1475/1/2103 1447/1/2102
f 1447/1/2102 1446/1/2102 1476/1/2102
f 1485/1/2104 1486/1/2104 1487/1/2105
f 1487/1/2105 1488/1/2106 1485/1/2104
f 1489/1/2107 1490/1/2107 1486/1/2107
f 1486/1/2107 1485/1/2107 1489/1/2107
f 1486/1/2108 1491/1/2109 1492/1/2108
f 1492/1/2108 1487/1/2108 1486/1/2108
f 1490/1/2110 1493/1/2110 1491/1/2110
f 1491/1/2110 1486/1/2110 1490/1/2110
f 1458/1/2111 106/1/2111 128/1/2112
f 128/1/2112 1488/1/2111 1458/1/2111
f 127/1/2113 1485/1/2113 1488/1/2114
f 1488/1/2114 128/1/2114 127/1/2113
f 126/1/2115 1489/1/2116 1485/1/2117
f 1485/1/2117 127/1/2117 126/1/2115
f 1494/1/2118 1489/1/2118 126/1/2119
f 126/1/2119 125/1/2118 1494/1/2118
f 1494/1/2120 1495/1/2120 1490/1/2121
f 1490/1/2121 1489/1/2120 1494/1/2120
f 1493/1/2122 1490/1/2123 1495/1/2123
f 1495/1/2123 1496/1/2123 1493/1/2122
f 1493/1/2124 1496/1/2125 743/1/2125
f 743/1/2125 742/1/2124 1493/1/2124
f 1491/1/2126 1493/1/2126 742/1/2126
f 742/1/2126 741/1/2126 1491/1/2126
f 1492/1/2127 1491/1/2127 741/1/2127
f 741/1/2127 740/1/2127 1492/1/2127
f 740/1/2128 723/1/2129 1460/1/2128
f 1460/1/2128 1492/1/2130 740/1/2128
f 1459/1/2131 1487/1/2131 1492/1/2132
f 1492/1/2132 1460/1/2132 1459/1/2131
f 1488/1/2133 1487/1/2134 1459/1/2135
f 1459/1/2135 1458/1/2135 1488/1/2133
f 1497/1/2136 1498/1/1738 1499/1/2137
f 1499/1/2137 1500/1/2136 1497/1/2136
f 1501/1/2138 1502/1/2139 1498/1/2140
f 1498/1/2140 1497/1/2141 1501/1/2138
f 1498/1/2142 1503/1/2143 1504/1/1742
f 1504/1/1742 1499/1/1742 1498/1/2142
f 1502/1/1740 1505/1/1741 1503/1/1740
f 1503/1/1740 1498/1/1740 1502/1/1740
f 1500/1/1748 1506/1/1748 241/1/1748
f 241/1/1748 240/1/1748 1500/1/1748
f 250/1/1746 1497/1/2144 1500/1/1746
f 1500/1/1746 240/1/1746 250/1/1746
f 250/1/1745 249/1/1745 1501/1/1745
f 1501/1/1745 1497/1/1745 250/1/1745
f 1470/1/1744 1501/1/1744 249/1/1744
f 249/1/1744 221/1/1744 1470/1/1744
f 1502/1/1769 1501/1/1769 1470/1/2145
f 1470/1/2145 1472/1/1769 1502/1/1769
f 1471/1/1767 1505/1/1767 1502/1/1767
f 1502/1/1767 1472/1/1767 1471/1/1767
f 859/1/2146 1505/1/2146 1471/1/2146
f 1471/1/2146 836/1/2147 859/1/2146
f 1505/1/2148 859/1/2148 858/1/2148
f 858/1/2148 1503/1/1763 1505/1/2148
f 1503/1/1762 858/1/1762 857/1/1762
f 857/1/1762 1504/1/1762 1503/1/1762
f 857/1/1758 856/1/1758 1507/1/1758
f 1507/1/1758 1504/1/1758 857/1/1758
f 1499/1/2149 1504/1/1753 1507/1/2149
f 1507/1/2149 1508/1/2149 1499/1/2149
f 1508/1/1750 1506/1/1750 1500/1/1750
f 1500/1/1750 1499/1/1750 1508/1/1750
f 1509/1/2150 1510/1/2151 1511/1/2150
f 1511/1/2150 1512/1/2152 1509/1/2150
f 1513/1/2153 1514/1/2153 1510/1/2153
f 1510/1/2153 1509/1/2154 1513/1/2153
f 1510/1/2155 1515/1/2155 1516/1/2156
f 1516/1/2156 1511/1/2156 1510/1/2155
f 1517/1/2157 1515/1/2157 1510/1/2158
f 1510/1/2158 1514/1/2157 1517/1/2157
f 1482/1/2159 646/1/2160 663/1/2161
f 663/1/2161 1512/1/2160 1482/1/2159
f 1512/1/2162 663/1/2163 662/1/2164
f 662/1/2164 1509/1/2162 1512/1/2162
f 1513/1/2165 1509/1/2165 662/1/2165
f 662/1/2165 661/1/2165 1513/1/2165
f 1347/1/2166 1513/1/2166 661/1/2166
f 661/1/2166 45/1/2166 1347/1/2166
f 1352/1/2167 1514/1/2167 1513/1/2167
f 1513/1/2167 1347/1/2167 1352/1/2167
f 1351/1/2168 1517/1/2168 1514/1/2168
f 1514/1/2168 1352/1/2168 1351/1/2168
f 1517/1/2169 1351/1/2169 20/1/2169
f 20/1/2169 1280/1/2169 1517/1/2169
f 1517/1/2170 1280/1/2170 1279/1/2170
f 1279/1/2170 1515/1/2170 1517/1/2170
f 1279/1/2171 1278/1/2172 1516/1/2171
f 1516/1/2171 1515/1/2171 1279/1/2171
f 1278/1/2173 1263/1/2173 1484/1/2173
f 1484/1/2173 1516/1/2173 1278/1/2173
f 1511/1/2174 1516/1/2175 1484/1/2175
f 1484/1/2175 1483/1/2175 1511/1/2174
f 1512/1/2176 1511/1/2176 1483/1/2176
f 1483/1/2176 1482/1/2176 1512/1/2176
f 1518/1/2177 1519/1/2177 1520/1/2177
f 1520/1/2177 1521/1/2177 1518/1/2177
f 1522/1/2178 1523/1/2179 1519/1/2178
f 1519/1/2178 1518/1/2178 1522/1/2178
f 1519/1/2180 1524/1/2180 1525/1/2180
f 1525/1/2180 1520/1/2181 1519/1/2180
f 1523/1/2182 1526/1/2182 1524/1/2183
f 1524/1/2183 1519/1/2182 1523/1/2182
f 1494/1/2184 125/1/2184 148/1/2184
f 148/1/2184 1521/1/2185 1494/1/2184
f 147/1/2186 1518/1/2187 1521/1/2186
f 1521/1/2186 148/1/2186 147/1/2186
f 146/1/2188 1522/1/2188 1518/1/2188
f 1518/1/2188 147/1/2189 146/1/2188
f 146/1/2190 145/1/2191 1527/1/2192
f 1527/1/2192 1522/1/2193 146/1/2190
f 1527/1/2194 1528/1/2194 1523/1/2194
f 1523/1/2194 1522/1/2194 1527/1/2194
f 1523/1/2195 1528/1/2196 1529/1/2196
f 1529/1/2196 1526/1/2196 1523/1/2195
f 763/1/2197 762/1/2198 1526/1/2197
f 1526/1/2197 1529/1/2199 763/1/2197
f 1524/1/2200 1526/1/2200 762/1/2200
f 762/1/2200 761/1/2200 1524/1/2200
f 1525/1/2201 1524/1/2202 761/1/2202
f 761/1/2202 760/1/2202 1525/1/2201
f 760/1/2203 743/1/2203 1496/1/2203
f 1496/1/2203 1525/1/2203 760/1/2203
f 1495/1/2204 1520/1/2204 1525/1/2204
f 1525/1/2204 1496/1/2204 1495/1/2204
f 1521/1/2205 1520/1/2206 1495/1/2205
f 1495/1/2205 1494/1/2205 1521/1/2205
f 1530/1/2207 1531/1/2207 1532/1/2207
f 1532/1/2207 1533/1/2207 1530/1/2207
f 1534/1/1835 1535/1/1835 1531/1/1835
f 1531/1/1835 1530/1/1835 1534/1/1835
f 1531/1/2208 1536/1/2208 1537/1/1839
f 1537/1/1839 1532/1/2208 1531/1/2208
f 1535/1/1838 1538/1/1838 1536/1/1838
f 1536/1/1838 1531/1/1838 1535/1/1838
f 1533/1/1843 1539/1/1843 261/1/1843
f 261/1/1843 260/1/1843 1533/1/1843
f 270/1/1842 1530/1/1842 1533/1/1842
f 1533/1/1842 260/1/1842 270/1/1842
f 270/1/1841 269/1/1841 1534/1/1841
f 1534/1/1841 1530/1/1841 270/1/1841
f 1506/1/1840 1534/1/1840 269/1/1840
f 269/1/1840 241/1/2209 1506/1/1840
f 1535/1/1859 1534/1/1858 1506/1/2210
f 1506/1/2210 1508/1/1858 1535/1/1859
f 1507/1/1857 1538/1/1857 1535/1/1857
f 1535/1/1857 1508/1/1857 1507/1/1857
f 879/1/1856 1538/1/1856 1507/1/1856
f 1507/1/1856 856/1/1856 879/1/1856
f 1538/1/2211 879/1/1854 878/1/1854
f 878/1/1854 1536/1/1854 1538/1/2211
f 1536/1/2212 878/1/1852 877/1/2212
f 877/1/2212 1537/1/2213 1536/1/2212
f 1537/1/1849 877/1/1849 876/1/1849
f 876/1/1849 1540/1/1849 1537/1/1849
f 1537/1/2214 1540/1/1847 1541/1/2215
f 1541/1/2215 1532/1/1847 1537/1/2214
f 1532/1/1846 1541/1/1846 1539/1/1846
f 1539/1/1846 1533/1/1845 1532/1/1846
f 1542/1/2216 1543/1/2216 1544/1/2216
f 1544/1/2216 1545/1/2216 1542/1/2216
f 1546/1/2217 1547/1/2218 1543/1/2219
f 1543/1/2219 1542/1/2217 1546/1/2217
f 1543/1/2220 1548/1/2220 1549/1/2220
f 1549/1/2220 1544/1/2220 1543/1/2220
f 1550/1/2221 1548/1/2221 1543/1/2221
f 1543/1/2221 1547/1/2221 1550/1/2221
f 1527/1/2222 145/1/2222 168/1/2222
f 168/1/2222 1545/1/2222 1527/1/2222
f 1545/1/2223 168/1/2223 167/1/2223
f 167/1/2223 1542/1/2224 1545/1/2223
f 1546/1/2225 1542/1/2226 167/1/2226
f 167/1/2226 166/1/2226 1546/1/2225
f 1551/1/2227 1546/1/2227 166/1/2227
f 166/1/2227 165/1/2227 1551/1/2227
f 1551/1/2228 1552/1/2228 1547/1/2228
f 1547/1/2228 1546/1/2228 1551/1/2228
f 1550/1/2229 1547/1/2229 1552/1/2230
f 1552/1/2230 1553/1/2230 1550/1/2229
f 783/1/2231 782/1/2231 1550/1/2231
f 1550/1/2231 1553/1/2231 783/1/2231
f 1550/1/2232 782/1/2233 781/1/2234
f 781/1/2234 1548/1/2233 1550/1/2232
f 781/1/2235 780/1/2235 1549/1/2235
f 1549/1/2235 1548/1/2235 781/1/2235
f 780/1/2236 763/1/2237 1529/1/2236
f 1529/1/2236 1549/1/2238 780/1/2236
f 1544/1/2239 1549/1/2239 1529/1/2239
f 1529/1/2239 1528/1/2239 1544/1/2239
f 1545/1/2240 1544/1/2240 1528/1/2240
f 1528/1/2240 1527/1/2240 1545/1/2240
f 1554/1/1923 1555/1/1923 1556/1/1923
f 1556/1/1923 1557/1/1923 1554/1/1923
f 1558/1/1919 1559/1/1919 1555/1/1919
f 1555/1/1919 1554/1/1919 1558/1/1919
f 1555/1/1925 1560/1/1925 1561/1/1925
f 1561/1/1925 1556/1/1925 1555/1/1925
f 1559/1/1924 1562/1/1924 1560/1/1924
f 1560/1/1924 1555/1/1924 1559/1/1924
f 1557/1/1934 1563/1/1934 281/1/1934
f 281/1/1934 280/1/1934 1557/1/1934
f 290/1/1931 1554/1/1931 1557/1/1931
f 1557/1/1931 280/1/1931 290/1/1931
f 290/1/1928 289/1/1928 1558/1/1928
f 1558/1/1928 1554/1/1928 290/1/1928
f 289/1/2241 261/1/2242 1539/1/2241
f 1539/1/2241 1558/1/1926 289/1/2241
f 1559/1/1946 1558/1/1946 1539/1/1946
f 1539/1/1946 1541/1/1946 1559/1/1946
f 1540/1/1944 1562/1/2243 1559/1/1944
f 1559/1/1944 1541/1/1944 1540/1/1944
f 1540/1/1942 876/1/1942 899/1/1942
f 899/1/1942 1562/1/1942 1540/1/1942
f 1562/1/1941 899/1/1941 898/1/1941
f 898/1/1941 1560/1/1941 1562/1/1941
f 1560/1/1940 898/1/1940 897/1/1940
f 897/1/1940 1561/1/1940 1560/1/1940
f 1561/1/1939 897/1/1939 896/1/1939
f 896/1/1939 1564/1/1939 1561/1/1939
f 1565/1/1937 1556/1/1937 1561/1/1937
f 1561/1/1937 1564/1/1937 1565/1/1937
f 1556/1/1936 1565/1/1936 1563/1/1936
f 1563/1/1936 1557/1/1936 1556/1/1936
f 1566/1/2244 1567/1/2245 1568/1/2245
f 1568/1/2245 1569/1/2245 1566/1/2244
f 1570/1/2246 1571/1/2247 1567/1/2246
f 1567/1/2246 1566/1/2246 1570/1/2246
f 1567/1/2248 1572/1/2248 1573/1/2249
f 1573/1/2249 1568/1/2248 1567/1/2248
f 1574/1/2250 1572/1/2251 1567/1/2251
f 1567/1/2251 1571/1/2251 1574/1/2250
f 1551/1/2252 165/1/2253 188/1/2254
f 188/1/2254 1569/1/2252 1551/1/2252
f 1569/1/2255 188/1/2255 187/1/2256
f 187/1/2256 1566/1/2255 1569/1/2255
f 1570/1/2257 1566/1/2257 187/1/2257
f 187/1/2257 185/1/2258 1570/1/2257
f 1570/1/2259 185/1/2259 186/1/2259
f 186/1/2259 1575/1/2259 1570/1/2259
f 1575/1/2260 1576/1/2260 1571/1/2260
f 1571/1/2260 1570/1/2260 1575/1/2260
f 1574/1/2261 1571/1/2261 1576/1/2261
f 1576/1/2261 1577/1/2261 1574/1/2261
f 803/1/2262 802/1/2263 1574/1/2264
f 1574/1/2264 1577/1/2265 803/1/2262
f 1574/1/2266 802/1/2267 801/1/2267
f 801/1/2267 1572/1/2268 1574/1/2266
f 801/1/2269 800/1/2269 1573/1/2269
f 1573/1/2269 1572/1/2269 801/1/2269
f 800/1/2270 783/1/2270 1553/1/2270
f 1553/1/2270 1573/1/2270 800/1/2270
f 1552/1/2271 1568/1/2272 1573/1/2272
f 1573/1/2272 1553/1/2273 1552/1/2271
f 1568/1/2274 1552/1/2275 1551/1/2275
f 1551/1/2275 1569/1/2275 1568/1/2274
f 1578/1/2009 1579/1/2009 1580/1/2009
f 1580/1/2009 1581/1/2009 1578/1/2009
f 1582/1/2008 1583/1/2008 1579/1/2276
f 1579/1/2276 1578/1/2008 1582/1/2008
f 1579/1/2012 1584/1/2012 1585/1/2012
f 1585/1/2012 1580/1/2012 1579/1/2012
f 1583/1/2011 1586/1/2011 1584/1/2011
f 1584/1/2011 1579/1/2011 1583/1/2011
f 1581/1/2277 1587/1/2025 301/1/2025
f 301/1/2025 300/1/2025 1581/1/2277
f 310/1/2278 1578/1/2278 1581/1/2279
f 1581/1/2279 300/1/2020 310/1/2278
f 310/1/2017 309/1/2017 1582/1/2017
f 1582/1/2017 1578/1/2017 310/1/2017
f 309/1/2016 281/1/2016 1563/1/2016
f 1563/1/2016 1582/1/2016 309/1/2016
f 1583/1/2037 1582/1/2037 1563/1/2037
f 1563/1/2037 1565/1/2037 1583/1/2037
f 1564/1/2035 1586/1/2035 1583/1/2035
f 1583/1/2035 1565/1/2035 1564/1/2035
f 1564/1/2280 896/1/2034 919/1/2281
f 919/1/2281 1586/1/2034 1564/1/2280
f 1586/1/2282 919/1/2283 918/1/2282
f 918/1/2282 1584/1/2032 1586/1/2282
f 1584/1/2031 918/1/2031 917/1/2284
f 917/1/2284 1585/1/2031 1584/1/2031
f 1585/1/2028 917/1/2285 916/1/2286
f 916/1/2286 1588/1/2028 1585/1/2028
f 1589/1/2027 1580/1/2027 1585/1/2027
f 1585/1/2027 1588/1/2027 1589/1/2027
f 1580/1/2026 1589/1/2026 1587/1/2287
f 1587/1/2287 1581/1/2288 1580/1/2026
f 1590/1/2289 1591/1/2289 1592/1/2289
f 1592/1/2289 1593/1/2289 1590/1/2289
f 1594/1/2290 1595/1/2290 1591/1/2291
f 1591/1/2291 1590/1/2290 1594/1/2290
f 1591/1/2292 1596/1/2292 1597/1/2292
f 1597/1/2292 1592/1/2292 1591/1/2292
f 1598/1/2293 1596/1/2294 1591/1/2294
f 1591/1/2294 1595/1/2294 1598/1/2293
f 1575/1/2295 186/1/2295 208/1/2295
f 208/1/2295 1593/1/2295 1575/1/2295
f 1593/1/2296 208/1/2296 207/1/2297
f 207/1/2297 1590/1/2298 1593/1/2296
f 1594/1/2299 1590/1/2299 207/1/2299
f 207/1/2299 205/1/2299 1594/1/2299
f 1594/1/2300 205/1/2300 206/1/2300
f 206/1/2300 1599/1/2300 1594/1/2300
f 1599/1/2301 1600/1/2302 1595/1/2303
f 1595/1/2303 1594/1/2303 1599/1/2301
f 1598/1/2304 1595/1/2305 1600/1/2305
f 1600/1/2305 1601/1/2305 1598/1/2304
f 823/1/2306 822/1/2306 1598/1/2306
f 1598/1/2306 1601/1/2306 823/1/2306
f 1598/1/2307 822/1/2308 821/1/2307
f 821/1/2307 1596/1/2307 1598/1/2307
f 821/1/2309 820/1/2310 1597/1/2311
f 1597/1/2311 1596/1/2312 821/1/2309
f 820/1/2313 803/1/2314 1577/1/2315
f 1577/1/2315 1597/1/2315 820/1/2313
f 1576/1/2316 1592/1/2316 1597/1/2316
f 1597/1/2316 1577/1/2316 1576/1/2316
f 1575/1/2317 1593/1/2317 1592/1/2317
f 1592/1/2317 1576/1/2317 1575/1/2317
f 1602/1/2079 1603/1/2080 1604/1/2318
f 1604/1/2318 1605/1/2080 1602/1/2079
f 1606/1/2078 1607/1/2319 1603/1/2320
f 1603/1/2320 1602/1/2078 1606/1/2078
f 1603/1/2083 1608/1/2083 1609/1/2321
f 1609/1/2321 1604/1/2083 1603/1/2083
f 1607/1/2081 1610/1/2081 1608/1/2081
f 1608/1/2081 1603/1/2081 1607/1/2081
f 1605/1/2089 1611/1/2089 321/1/2089
f 321/1/2089 320/1/2089 1605/1/2089
f 330/1/2322 1602/1/2088 1605/1/2088
f 1605/1/2088 320/1/2088 330/1/2322
f 330/1/2085 329/1/2085 1606/1/2086
f 1606/1/2086 1602/1/2086 330/1/2085
f 329/1/2084 301/1/2084 1587/1/2084
f 1587/1/2084 1606/1/2084 329/1/2084
f 1607/1/2102 1606/1/2323 1587/1/2102
f 1587/1/2102 1589/1/2102 1607/1/2102
f 1588/1/2101 1610/1/2101 1607/1/2101
f 1607/1/2101 1589/1/2101 1588/1/2101
f 1588/1/2324 916/1/2325 939/1/2324
f 939/1/2324 1610/1/2325 1588/1/2324
f 1610/1/2326 939/1/2326 938/1/2326
f 938/1/2326 1608/1/2326 1610/1/2326
f 1608/1/2094 938/1/2094 937/1/2094
f 937/1/2094 1609/1/2094 1608/1/2094
f 1609/1/2093 937/1/2093 936/1/2093
f 936/1/2093 1612/1/2093 1609/1/2093
f 1609/1/2092 1612/1/2092 1613/1/2092
f 1613/1/2092 1604/1/2092 1609/1/2092
f 1604/1/2091 1613/1/2091 1611/1/2091
f 1611/1/2091 1605/1/2091 1604/1/2091
f 1614/1/2327 1615/1/2327 1616/1/2328
f 1616/1/2328 1617/1/2327 1614/1/2327
f 1618/1/2329 1619/1/2329 1615/1/2329
f 1615/1/2329 1614/1/2330 1618/1/2329
f 1615/1/2331 1620/1/2331 1621/1/2331
f 1621/1/2331 1616/1/2331 1615/1/2331
f 1622/1/2332 1620/1/2333 1615/1/2332
f 1615/1/2332 1619/1/2332 1622/1/2332
f 1599/1/2334 206/1/2335 228/1/2335
f 228/1/2335 1617/1/2335 1599/1/2334
f 1617/1/2336 228/1/2336 227/1/2336
f 227/1/2336 1614/1/2336 1617/1/2336
f 1618/1/2337 1614/1/2337 227/1/2337
f 227/1/2337 225/1/2337 1618/1/2337
f 1618/1/2338 225/1/2338 226/1/2338
f 226/1/2338 1623/1/2338 1618/1/2338
f 1623/1/2339 1624/1/2339 1619/1/2339
f 1619/1/2339 1618/1/2339 1623/1/2339
f 1622/1/2340 1619/1/2340 1624/1/2340
f 1624/1/2340 1625/1/2340 1622/1/2340
f 843/1/2341 842/1/2341 1622/1/2341
f 1622/1/2341 1625/1/2341 843/1/2341
f 1622/1/2342 842/1/2342 841/1/2343
f 841/1/2343 1620/1/2343 1622/1/2342
f 841/1/2344 840/1/2345 1621/1/2345
f 1621/1/2345 1620/1/2345 841/1/2344
f 840/1/2346 823/1/2347 1601/1/2347
f 1601/1/2347 1621/1/2346 840/1/2346
f 1600/1/2348 1616/1/2349 1621/1/2350
f 1621/1/2350 1601/1/2348 1600/1/2348
f 1616/1/2351 1600/1/2351 1599/1/2351
f 1599/1/2351 1617/1/2351 1616/1/2351
f 1626/1/2153 1627/1/2153 1628/1/2153
f 1628/1/2153 1629/1/2153 1626/1/2153
f 1630/1/2151 1631/1/2352 1627/1/2151
f 1627/1/2151 1626/1/2151 1630/1/2151
f 1627/1/2157 1632/1/2157 1633/1/2157
f 1633/1/2157 1628/1/2157 1627/1/2157
f 1631/1/2353 1634/1/2354 1632/1/2155
f 1632/1/2155 1627/1/2155 1631/1/2353
f 1629/1/2166 1635/1/2166 341/1/2166
f 341/1/2166 340/1/2166 1629/1/2166
f 350/1/2355 1626/1/2165 1629/1/2356
f 1629/1/2356 340/1/2165 350/1/2355
f 350/1/2162 349/1/2162 1630/1/2162
f 1630/1/2162 1626/1/2162 350/1/2162
f 349/1/2357 321/1/2160 1611/1/2357
f 1611/1/2357 1630/1/2358 349/1/2357
f 1631/1/2176 1630/1/2176 1611/1/2176
f 1611/1/2176 1613/1/2176 1631/1/2176
f 1612/1/2174 1634/1/2175 1631/1/2175
f 1631/1/2175 1613/1/2175 1612/1/2174
f 1612/1/2359 936/1/2360 959/1/2359
f 959/1/2359 1634/1/2361 1612/1/2359
f 1634/1/2172 959/1/2171 958/1/2171
f 958/1/2171 1632/1/2171 1634/1/2172
f 1632/1/2362 958/1/2170 957/1/2170
f 957/1/2170 1633/1/2170 1632/1/2362
f 1633/1/2169 957/1/2169 956/1/2169
f 956/1/2169 1636/1/2169 1633/1/2169
f 1637/1/2168 1628/1/2168 1633/1/2168
f 1633/1/2168 1636/1/2168 1637/1/2168
f 1628/1/2167 1637/1/2167 1635/1/2363
f 1635/1/2363 1629/1/2167 1628/1/2167
f 1638/1/2364 1639/1/2364 1640/1/2364
f 1640/1/2364 1641/1/2365 1638/1/2364
f 1642/1/2366 1643/1/2366 1639/1/2367
f 1639/1/2367 1638/1/2366 1642/1/2366
f 1639/1/2368 1644/1/2369 1645/1/2370
f 1645/1/2370 1640/1/2369 1639/1/2368
f 1646/1/2371 1644/1/2372 1639/1/2371
f 1639/1/2371 1643/1/2373 1646/1/2371
f 1623/1/2374 226/1/2375 248/1/2374
f 248/1/2374 1641/1/2374 1623/1/2374
f 1641/1/2376 248/1/2376 247/1/2377
f 247/1/2377 1638/1/2376 1641/1/2376
f 1642/1/2378 1638/1/2378 247/1/2378
f 247/1/2378 245/1/2378 1642/1/2378
f 1642/1/2379 245/1/2380 246/1/2379
f 246/1/2379 1647/1/2381 1642/1/2379
f 1647/1/2382 1648/1/2382 1643/1/2382
f 1643/1/2382 1642/1/2382 1647/1/2382
f 1646/1/2383 1643/1/2383 1648/1/2383
f 1648/1/2383 1649/1/2383 1646/1/2383
f 863/1/2384 862/1/2385 1646/1/2384
f 1646/1/2384 1649/1/2384 863/1/2384
f 1646/1/2386 862/1/2386 861/1/2386
f 861/1/2386 1644/1/2386 1646/1/2386
f 861/1/2387 860/1/2387 1645/1/2387
f 1645/1/2387 1644/1/2387 861/1/2387
f 860/1/2388 843/1/2388 1625/1/2388
f 1625/1/2388 1645/1/2388 860/1/2388
f 1624/1/2389 1640/1/2389 1645/1/2389
f 1645/1/2389 1625/1/2389 1624/1/2389
f 1640/1/2390 1624/1/2390 1623/1/2390
f 1623/1/2390 1641/1/2390 1640/1/2390
f 1650/1/1771 1651/1/1771 1652/1/1771
f 1652/1/1771 1653/1/1771 1650/1/1771
f 1654/1/1770 1655/1/1770 1651/1/1770
f 1651/1/1770 1650/1/1770 1654/1/1770
f 1651/1/1777 1656/1/1778 1657/1/1777
f 1657/1/1777 1652/1/1776 1651/1/1777
f 1655/1/1773 1658/1/1773 1656/1/1773
f 1656/1/1773 1651/1/1773 1655/1/1773
f 1653/1/1785 1659/1/1785 361/1/1785
f 361/1/1785 360/1/1785 1653/1/1785
f 370/1/2391 1650/1/2391 1653/1/2391
f 1653/1/2391 360/1/2391 370/1/2391
f 370/1/1781 369/1/1781 1654/1/1781
f 1654/1/1781 1650/1/1781 370/1/1781
f 369/1/1779 341/1/1779 1635/1/1779
f 1635/1/1779 1654/1/1779 369/1/1779
f 1655/1/1799 1654/1/1799 1635/1/1799
f 1635/1/1799 1637/1/1799 1655/1/1799
f 1636/1/1798 1658/1/1798 1655/1/1798
f 1655/1/1798 1637/1/1798 1636/1/1798
f 1636/1/1797 956/1/1797 979/1/1797
f 979/1/1797 1658/1/1797 1636/1/1797
f 1658/1/1793 979/1/1793 978/1/1793
f 978/1/1793 1656/1/1793 1658/1/1793
f 1656/1/2392 978/1/2393 977/1/2394
f 977/1/2394 1657/1/2393 1656/1/2392
f 1657/1/2395 977/1/1791 976/1/2395
f 976/1/2395 1660/1/2396 1657/1/2395
f 1661/1/1789 1652/1/1789 1657/1/1788
f 1657/1/1788 1660/1/1790 1661/1/1789
f 1652/1/1787 1661/1/1787 1659/1/1787
f 1659/1/1787 1653/1/1787 1652/1/1787
f 1662/1/2397 1663/1/2397 1664/1/2398
f 1664/1/2398 1665/1/2399 1662/1/2397
f 1666/1/2400 1667/1/2400 1663/1/2400
f 1663/1/2400 1662/1/2401 1666/1/2400
f 1663/1/2402 1668/1/2402 1669/1/2402
f 1669/1/2402 1664/1/2402 1663/1/2402
f 1670/1/2403 1668/1/2404 1663/1/2404
f 1663/1/2404 1667/1/2403 1670/1/2403
f 1647/1/2405 246/1/2405 268/1/2405
f 268/1/2405 1665/1/2405 1647/1/2405
f 1665/1/2406 268/1/2406 267/1/2406
f 267/1/2406 1662/1/2406 1665/1/2406
f 1666/1/2407 1662/1/2407 267/1/2407
f 267/1/2407 265/1/2407 1666/1/2407
f 1666/1/2408 265/1/2409 266/1/2410
f 266/1/2410 1671/1/2410 1666/1/2408
f 1671/1/2411 1672/1/2411 1667/1/2412
f 1667/1/2412 1666/1/2411 1671/1/2411
f 1670/1/2413 1667/1/2414 1672/1/2414
f 1672/1/2414 1673/1/2413 1670/1/2413
f 883/1/2415 882/1/2416 1670/1/2416
f 1670/1/2416 1673/1/2417 883/1/2415
f 1670/1/2418 882/1/2418 881/1/2418
f 881/1/2418 1668/1/2419 1670/1/2418
f 881/1/2420 880/1/2421 1669/1/2420
f 1669/1/2420 1668/1/2420 881/1/2420
f 880/1/2422 863/1/2423 1649/1/2423
f 1649/1/2423 1669/1/2422 880/1/2422
f 1648/1/2424 1664/1/2424 1669/1/2425
f 1669/1/2425 1649/1/2424 1648/1/2424
f 1647/1/2426 1665/1/2426 1664/1/2426
f 1664/1/2426 1648/1/2426 1647/1/2426
f 1674/1/1862 1675/1/1862 1676/1/1862
f 1676/1/1862 1677/1/1862 1674/1/1862
f 1678/1/2427 1679/1/1860 1675/1/2428
f 1675/1/2428 1674/1/1860 1678/1/2427
f 1675/1/1867 1680/1/1867 1681/1/1867
f 1681/1/1867 1676/1/1867 1675/1/1867
f 1679/1/1865 1682/1/2429 1680/1/2430
f 1680/1/2430 1675/1/1865 1679/1/1865
f 1677/1/1875 1683/1/2431 381/1/2432
f 381/1/2432 380/1/2433 1677/1/1875
f 390/1/1871 1674/1/1871 1677/1/1871
f 1677/1/1871 380/1/1871 390/1/1871
f 390/1/1870 389/1/1870 1678/1/1870
f 1678/1/1870 1674/1/1870 390/1/1870
f 389/1/1869 361/1/1869 1659/1/1869
f 1659/1/1869 1678/1/1869 389/1/1869
f 1679/1/1889 1678/1/1889 1659/1/1889
f 1659/1/1889 1661/1/2434 1679/1/1889
f 1660/1/2435 1682/1/2436 1679/1/2435
f 1679/1/2435 1661/1/1888 1660/1/2435
f 1660/1/1887 976/1/2437 999/1/1887
f 999/1/1887 1682/1/1887 1660/1/1887
f 1682/1/1885 999/1/1885 998/1/1885
f 998/1/1885 1680/1/1885 1682/1/1885
f 1680/1/1883 998/1/1883 997/1/1883
f 997/1/1883 1681/1/1883 1680/1/1883
f 1681/1/1880 997/1/1880 996/1/1880
f 996/1/1880 1684/1/1880 1681/1/1880
f 1685/1/2438 1676/1/1878 1681/1/1878
f 1681/1/1878 1684/1/1878 1685/1/2438
f 1676/1/1876 1685/1/1876 1683/1/1876
f 1683/1/1876 1677/1/1876 1676/1/1876
f 1686/1/2439 1687/1/2439 1688/1/2440
f 1688/1/2440 1689/1/2440 1686/1/2439
f 1690/1/2441 1691/1/2441 1687/1/2441
f 1687/1/2441 1686/1/2441 1690/1/2441
f 1687/1/2442 1692/1/2443 1693/1/2442
f 1693/1/2442 1688/1/2444 1687/1/2442
f 1694/1/2445 1692/1/2446 1687/1/2445
f 1687/1/2445 1691/1/2445 1694/1/2445
f 1671/1/2447 266/1/2448 288/1/2448
f 288/1/2448 1689/1/2449 1671/1/2447
f 1689/1/2450 288/1/2450 287/1/2450
f 287/1/2450 1686/1/2450 1689/1/2450
f 1690/1/2451 1686/1/2452 287/1/2452
f 287/1/2452 285/1/2452 1690/1/2451
f 1690/1/2453 285/1/2453 286/1/2453
f 286/1/2453 1695/1/2453 1690/1/2453
f 1695/1/2454 1696/1/2454 1691/1/2454
f 1691/1/2454 1690/1/2454 1695/1/2454
f 1694/1/2455 1691/1/2456 1696/1/2455
f 1696/1/2455 1697/1/2457 1694/1/2455
f 903/1/2458 902/1/2458 1694/1/2458
f 1694/1/2458 1697/1/2458 903/1/2458
f 1694/1/2459 902/1/2459 901/1/2459
f 901/1/2459 1692/1/2459 1694/1/2459
f 901/1/2460 900/1/2461 1693/1/2461
f 1693/1/2461 1692/1/2461 901/1/2460
f 900/1/2462 883/1/2463 1673/1/2464
f 1673/1/2464 1693/1/2465 900/1/2462
f 1672/1/2466 1688/1/2466 1693/1/2466
f 1693/1/2466 1673/1/2466 1672/1/2466
f 1671/1/2467 1689/1/2467 1688/1/2467
f 1688/1/2467 1672/1/2467 1671/1/2467
f 1698/1/1950 1699/1/1950 1700/1/1950
f 1700/1/1950 1701/1/1950 1698/1/1950
f 1702/1/1949 1703/1/1949 1699/1/1949
f 1699/1/1949 1698/1/1949 1702/1/1949
f 1699/1/1954 1704/1/1954 1705/1/1954
f 1705/1/1954 1700/1/1954 1699/1/1954
f 1703/1/1953 1706/1/1953 1704/1/1953
f 1704/1/1953 1699/1/1953 1703/1/1953
f 1701/1/2468 1707/1/1961 401/1/2468
f 401/1/2468 400/1/2468 1701/1/2468
f 410/1/2469 1698/1/2470 1701/1/2470
f 1701/1/2470 400/1/2470 410/1/2469
f 410/1/1958 409/1/2471 1702/1/2472
f 1702/1/2472 1698/1/1958 410/1/1958
f 409/1/1956 381/1/2473 1683/1/1956
f 1683/1/1956 1702/1/1956 409/1/1956
f 1703/1/1975 1702/1/1974 1683/1/1974
f 1683/1/1974 1685/1/1975 1703/1/1975
f 1684/1/1973 1706/1/1973 1703/1/1973
f 1703/1/1973 1685/1/1973 1684/1/1973
f 1684/1/2474 996/1/2475 1019/1/1972
f 1019/1/1972 1706/1/1972 1684/1/2474
f 1706/1/1970 1019/1/1970 1018/1/1970
f 1018/1/1970 1704/1/1970 1706/1/1970
f 1704/1/1969 1018/1/1969 1017/1/1968
f 1017/1/1968 1705/1/1969 1704/1/1969
f 1705/1/1967 1017/1/1967 1016/1/2476
f 1016/1/2476 1708/1/1967 1705/1/1967
f 1709/1/2477 1700/1/1964 1705/1/1964
f 1705/1/1964 1708/1/1964 1709/1/2477
f 1700/1/2478 1709/1/1962 1707/1/1962
f 1707/1/1962 1701/1/1962 1700/1/2478
f 1710/1/2479 1711/1/2479 1712/1/2479
f 1712/1/2479 1713/1/2479 1710/1/2479
f 1714/1/2480 1715/1/2481 1711/1/2480
f 1711/1/2480 1710/1/2482 1714/1/2480
f 1711/1/2483 1716/1/2483 1717/1/2483
f 1717/1/2483 1712/1/2484 1711/1/2483
f 1718/1/2485 1716/1/2486 1711/1/2485
f 1711/1/2485 1715/1/2487 1718/1/2485
f 1695/1/2488 286/1/2489 308/1/2490
f 308/1/2490 1713/1/2490 1695/1/2488
f 1713/1/2491 308/1/2492 307/1/2491
f 307/1/2491 1710/1/2493 1713/1/2491
f 1714/1/2494 1710/1/2494 307/1/2494
f 307/1/2494 305/1/2494 1714/1/2494
f 1714/1/2495 305/1/2496 306/1/2495
f 306/1/2495 1719/1/2497 1714/1/2495
f 1719/1/2498 1720/1/2498 1715/1/2498
f 1715/1/2498 1714/1/2498 1719/1/2498
f 1718/1/2499 1715/1/2499 1720/1/2499
f 1720/1/2499 1721/1/2499 1718/1/2499
f 923/1/2500 922/1/2501 1718/1/2501
f 1718/1/2501 1721/1/2501 923/1/2500
f 1718/1/2502 922/1/2502 921/1/2502
f 921/1/2502 1716/1/2502 1718/1/2502
f 921/1/2503 920/1/2504 1717/1/2505
f 1717/1/2505 1716/1/2504 921/1/2503
f 920/1/2506 903/1/2506 1697/1/2507
f 1697/1/2507 1717/1/2506 920/1/2506
f 1696/1/2508 1712/1/2509 1717/1/2510
f 1717/1/2510 1697/1/2509 1696/1/2508
f 1712/1/2511 1696/1/2512 1695/1/2512
f 1695/1/2512 1713/1/2512 1712/1/2511
f 1722/1/2041 1723/1/2041 1724/1/2041
f 1724/1/2041 1725/1/2041 1722/1/2041
f 1726/1/2513 1727/1/2039 1723/1/2039
f 1723/1/2039 1722/1/2039 1726/1/2513
f 1723/1/2043 1728/1/2043 1729/1/2043
f 1729/1/2043 1724/1/2043 1723/1/2043
f 1727/1/2042 1730/1/2042 1728/1/2042
f 1728/1/2042 1723/1/2042 1727/1/2042
f 1725/1/2514 1731/1/2050 421/1/2051
f 421/1/2051 420/1/2515 1725/1/2514
f 430/1/2048 1722/1/2048 1725/1/2048
f 1725/1/2048 420/1/2048 430/1/2048
f 430/1/2046 429/1/2046 1726/1/2046
f 1726/1/2046 1722/1/2046 430/1/2046
f 429/1/2516 401/1/2044 1707/1/2044
f 1707/1/2044 1726/1/2044 429/1/2516
f 1727/1/2517 1726/1/2068 1707/1/2518
f 1707/1/2518 1709/1/2068 1727/1/2517
f 1708/1/2066 1730/1/2066 1727/1/2066
f 1727/1/2066 1709/1/2066 1708/1/2066
f 1708/1/2062 1016/1/2062 1039/1/2062
f 1039/1/2062 1730/1/2062 1708/1/2062
f 1730/1/2519 1039/1/2520 1038/1/2060
f 1038/1/2060 1728/1/2059 1730/1/2519
f 1728/1/2057 1038/1/2057 1037/1/2057
f 1037/1/2057 1729/1/2057 1728/1/2057
f 1729/1/2521 1037/1/2521 1036/1/2522
f 1036/1/2522 1732/1/2523 1729/1/2521
f 1733/1/2054 1724/1/2054 1729/1/2054
f 1729/1/2054 1732/1/2054 1733/1/2054
f 1724/1/2052 1733/1/2052 1731/1/2052
f 1731/1/2052 1725/1/2052 1724/1/2052
f 1734/1/2524 1735/1/2525 1736/1/2526
f 1736/1/2526 1737/1/2525 1734/1/2524
f 1738/1/2527 1739/1/2528 1735/1/2528
f 1735/1/2528 1734/1/2528 1738/1/2527
f 1735/1/2529 1740/1/2530 1741/1/2529
f 1741/1/2529 1736/1/2531 1735/1/2529
f 1742/1/2532 1740/1/2532 1735/1/2533
f 1735/1/2533 1739/1/2532 1742/1/2532
f 1719/1/2534 306/1/2535 328/1/2534
f 328/1/2534 1737/1/2536 1719/1/2534
f 1737/1/2537 328/1/2537 327/1/2537
f 327/1/2537 1734/1/2537 1737/1/2537
f 1738/1/2538 1734/1/2538 327/1/2538
f 327/1/2538 325/1/2538 1738/1/2538
f 1738/1/2539 325/1/2539 326/1/2539
f 326/1/2539 1743/1/2539 1738/1/2539
f 1743/1/2540 1744/1/2540 1739/1/2540
f 1739/1/2540 1738/1/2540 1743/1/2540
f 1742/1/2541 1739/1/2541 1744/1/2541
f 1744/1/2541 1745/1/2541 1742/1/2541
f 943/1/2542 942/1/2543 1742/1/2542
f 1742/1/2542 1745/1/2544 943/1/2542
f 1742/1/2545 942/1/2545 941/1/2545
f 941/1/2545 1740/1/2545 1742/1/2545
f 941/1/2546 940/1/2546 1741/1/2546
f 1741/1/2546 1740/1/2546 941/1/2546
f 940/1/2547 923/1/2547 1721/1/2548
f 1721/1/2548 1741/1/2547 940/1/2547
f 1720/1/2549 1736/1/2549 1741/1/2549
f 1741/1/2549 1721/1/2550 1720/1/2549
f 1736/1/2551 1720/1/2551 1719/1/2551
f 1719/1/2551 1737/1/2551 1736/1/2551
f 1746/1/2107 1747/1/2107 1748/1/2552
f 1748/1/2552 1749/1/2107 1746/1/2107
f 1750/1/2553 1751/1/2553 1747/1/2553
f 1747/1/2553 1746/1/2554 1750/1/2553
f 1747/1/2110 1752/1/2110 1753/1/2555
f 1753/1/2555 1748/1/2110 1747/1/2110
f 1751/1/2109 1754/1/2109 1752/1/2109
f 1752/1/2109 1747/1/2108 1751/1/2109
f 1749/1/2118 1755/1/2556 441/1/2557
f 441/1/2557 440/1/2118 1749/1/2118
f 450/1/2117 1746/1/2558 1749/1/2117
f 1749/1/2117 440/1/2117 450/1/2117
f 450/1/2113 449/1/2113 1750/1/2559
f 1750/1/2559 1746/1/2113 450/1/2113
f 449/1/2560 421/1/2560 1731/1/2560
f 1731/1/2560 1750/1/2561 449/1/2560
f 1751/1/2562 1750/1/2134 1731/1/2134
f 1731/1/2134 1733/1/2134 1751/1/2562
f 1732/1/2132 1754/1/2131 1751/1/2132
f 1751/1/2132 1733/1/2131 1732/1/2132
f 1732/1/2563 1036/1/2564 1059/1/2565
f 1059/1/2565 1754/1/2566 1732/1/2563
f 1754/1/2127 1059/1/2567 1058/1/2127
f 1058/1/2127 1752/1/2127 1754/1/2127
f 1752/1/2126 1058/1/2126 1057/1/2126
f 1057/1/2126 1753/1/2126 1752/1/2126
f 1753/1/2125 1057/1/2124 1056/1/2125
f 1056/1/2125 1756/1/2125 1753/1/2125
f 1757/1/2568 1748/1/2569 1753/1/2569
f 1753/1/2569 1756/1/2569 1757/1/2568
f 1748/1/2120 1757/1/2120 1755/1/2570
f 1755/1/2570 1749/1/2120 1748/1/2120
f 1758/1/2571 1759/1/2571 1760/1/2571
f 1760/1/2571 1761/1/2572 1758/1/2571
f 1762/1/1677 1763/1/1677 1759/1/1677
f 1759/1/1677 1758/1/1677 1762/1/1677
f 1759/1/1684 1764/1/2573 1765/1/1684
f 1765/1/1684 1760/1/1682 1759/1/1684
f 1766/1/1681 1764/1/2574 1759/1/1680
f 1759/1/1680 1763/1/1680 1766/1/1681
f 1743/1/1692 326/1/1692 348/1/1692
f 348/1/1692 1761/1/1692 1743/1/1692
f 1761/1/1690 348/1/1690 347/1/1690
f 347/1/1690 1758/1/1690 1761/1/1690
f 1762/1/1689 1758/1/2575 347/1/1689
f 347/1/1689 345/1/1689 1762/1/1689
f 1762/1/1688 345/1/1688 346/1/1688
f 346/1/1688 1767/1/1688 1762/1/1688
f 1767/1/1708 1768/1/1708 1763/1/1708
f 1763/1/1708 1762/1/1708 1767/1/1708
f 1766/1/1707 1763/1/1707 1768/1/1707
f 1768/1/1707 1769/1/1707 1766/1/1707
f 963/1/1704 962/1/1704 1766/1/1704
f 1766/1/1704 1769/1/1704 963/1/1704
f 1766/1/1700 962/1/1700 961/1/1700
f 961/1/1700 1764/1/1700 1766/1/1700
f 961/1/2576 960/1/2576 1765/1/2576
f 1765/1/2576 1764/1/2577 961/1/2576
f 960/1/2578 943/1/1697 1745/1/2579
f 1745/1/2579 1765/1/2580 960/1/2578
f 1744/1/2581 1760/1/2581 1765/1/2581
f 1765/1/2581 1745/1/2581 1744/1/2581
f 1743/1/1693 1761/1/1693 1760/1/1693
f 1760/1/1693 1744/1/1693 1743/1/1693
f 1770/1/2178 1771/1/2178 1772/1/2582
f 1772/1/2582 1773/1/2179 1770/1/2178
f 1774/1/2583 1775/1/2583 1771/1/2584
f 1771/1/2584 1770/1/2584 1774/1/2583
f 1771/1/2182 1776/1/2182 1777/1/2182
f 1777/1/2182 1772/1/2182 1771/1/2182
f 1775/1/2180 1778/1/2180 1776/1/2180
f 1776/1/2180 1771/1/2181 1775/1/2180
f 1773/1/2585 1779/1/2191 461/1/2585
f 461/1/2585 460/1/2586 1773/1/2585
f 470/1/2189 1770/1/2189 1773/1/2189
f 1773/1/2189 460/1/2189 470/1/2189
f 470/1/2186 469/1/2186 1774/1/2186
f 1774/1/2186 1770/1/2186 470/1/2186
f 469/1/2184 441/1/2587 1755/1/2184
f 1755/1/2184 1774/1/2588 469/1/2184
f 1775/1/2205 1774/1/2589 1755/1/2589
f 1755/1/2589 1757/1/2205 1775/1/2205
f 1756/1/2204 1778/1/2204 1775/1/2204
f 1775/1/2204 1757/1/2204 1756/1/2204
f 1756/1/2203 1056/1/2203 1079/1/2203
f 1079/1/2203 1778/1/2203 1756/1/2203
f 1778/1/2202 1079/1/2202 1078/1/2202
f 1078/1/2202 1776/1/2202 1778/1/2202
f 1776/1/2200 1078/1/2200 1077/1/2200
f 1077/1/2200 1777/1/2200 1776/1/2200
f 1777/1/2198 1077/1/2198 1076/1/2198
f 1076/1/2198 1780/1/2198 1777/1/2198
f 1781/1/2196 1772/1/2196 1777/1/2196
f 1777/1/2196 1780/1/2196 1781/1/2196
f 1772/1/2194 1781/1/2194 1779/1/2194
f 1779/1/2194 1773/1/2194 1772/1/2194
f 1782/1/2590 1783/1/2591 1784/1/2592
f 1784/1/2592 1785/1/2590 1782/1/2590
f 1786/1/2593 1787/1/2593 1783/1/2593
f 1783/1/2593 1782/1/2593 1786/1/2593
f 1783/1/2594 1788/1/2594 1789/1/2594
f 1789/1/2594 1784/1/2594 1783/1/2594
f 1790/1/2595 1788/1/2595 1783/1/2595
f 1783/1/2595 1787/1/2596 1790/1/2595
f 1767/1/2597 346/1/2598 368/1/2598
f 368/1/2598 1785/1/2598 1767/1/2597
f 1785/1/2599 368/1/2599 367/1/2600
f 367/1/2600 1782/1/2599 1785/1/2599
f 1786/1/2601 1782/1/2602 367/1/2603
f 367/1/2603 365/1/2603 1786/1/2601
f 1786/1/2604 365/1/2604 366/1/2604
f 366/1/2604 1791/1/2604 1786/1/2604
f 1791/1/2605 1792/1/2605 1787/1/2605
f 1787/1/2605 1786/1/2605 1791/1/2605
f 1790/1/2606 1787/1/2606 1792/1/2606
f 1792/1/2606 1793/1/2607 1790/1/2606
f 983/1/2608 982/1/2608 1790/1/2609
f 1790/1/2609 1793/1/2610 983/1/2608
f 1790/1/2611 982/1/2611 981/1/2611
f 981/1/2611 1788/1/2611 1790/1/2611
f 981/1/2612 980/1/2612 1789/1/2612
f 1789/1/2612 1788/1/2612 981/1/2612
f 980/1/2613 963/1/2613 1769/1/2613
f 1769/1/2613 1789/1/2613 980/1/2613
f 1768/1/2614 1784/1/2615 1789/1/2615
f 1789/1/2615 1769/1/2615 1768/1/2614
f 1767/1/2616 1785/1/2616 1784/1/2616
f 1784/1/2616 1768/1/2616 1767/1/2616
f 1794/1/2218 1795/1/2218 1796/1/2218
f 1796/1/2218 1797/1/2218 1794/1/2218
f 1798/1/2216 1799/1/2216 1795/1/2216
f 1795/1/2216 1794/1/2617 1798/1/2216
f 1795/1/2221 1800/1/2221 1801/1/2221
f 1801/1/2221 1796/1/2221 1795/1/2221
f 1799/1/2220 1802/1/2220 1800/1/2220
f 1800/1/2220 1795/1/2220 1799/1/2220
f 1797/1/2618 1803/1/2619 481/1/2618
f 481/1/2618 480/1/2227 1797/1/2618
f 490/1/2226 1794/1/2226 1797/1/2226
f 1797/1/2226 480/1/2226 490/1/2226
f 490/1/2223 489/1/2223 1798/1/2223
f 1798/1/2223 1794/1/2223 490/1/2223
f 489/1/2222 461/1/2222 1779/1/2222
f 1779/1/2222 1798/1/2222 489/1/2222
f 1799/1/2240 1798/1/2240 1779/1/2240
f 1779/1/2240 1781/1/2240 1799/1/2240
f 1780/1/2239 1802/1/2239 1799/1/2239
f 1799/1/2239 1781/1/2239 1780/1/2239
f 1780/1/2236 1076/1/2236 1099/1/2620
f 1099/1/2620 1802/1/2236 1780/1/2236
f 1802/1/2621 1099/1/2621 1098/1/2622
f 1098/1/2622 1800/1/2621 1802/1/2621
f 1800/1/2233 1098/1/2233 1097/1/2233
f 1097/1/2233 1801/1/2233 1800/1/2233
f 1801/1/2231 1097/1/2231 1096/1/2231
f 1096/1/2231 1804/1/2231 1801/1/2231
f 1801/1/2623 1804/1/2624 1805/1/2623
f 1805/1/2623 1796/1/2230 1801/1/2623
f 1796/1/2625 1805/1/2625 1803/1/2625
f 1803/1/2625 1797/1/2228 1796/1/2625
f 1806/1/2626 1807/1/2626 1808/1/2626
f 1808/1/2626 1809/1/2626 1806/1/2626
f 1810/1/2627 1811/1/2627 1807/1/2627
f 1807/1/2627 1806/1/2627 1810/1/2627
f 1807/1/2628 1812/1/2628 1813/1/2629
f 1813/1/2629 1808/1/2628 1807/1/2628
f 1814/1/2630 1812/1/2630 1807/1/2630
f 1807/1/2630 1811/1/2630 1814/1/2630
f 1791/1/2631 366/1/2631 388/1/2631
f 388/1/2631 1809/1/2631 1791/1/2631
f 1809/1/2632 388/1/2632 387/1/2632
f 387/1/2632 1806/1/2633 1809/1/2632
f 1810/1/2634 1806/1/2635 387/1/2636
f 387/1/2636 385/1/2635 1810/1/2634
f 1810/1/2637 385/1/2638 386/1/2637
f 386/1/2637 1815/1/2637 1810/1/2637
f 1815/1/2639 1816/1/2639 1811/1/2640
f 1811/1/2640 1810/1/2639 1815/1/2639
f 1814/1/2641 1811/1/2641 1816/1/2642
f 1816/1/2642 1817/1/2641 1814/1/2641
f 1003/1/2643 1002/1/2643 1814/1/2644
f 1814/1/2644 1817/1/2643 1003/1/2643
f 1814/1/2645 1002/1/2646 1001/1/2645
f 1001/1/2645 1812/1/2647 1814/1/2645
f 1001/1/2648 1000/1/2648 1813/1/2648
f 1813/1/2648 1812/1/2648 1001/1/2648
f 1000/1/2649 983/1/2649 1793/1/2649
f 1793/1/2649 1813/1/2649 1000/1/2649
f 1792/1/2650 1808/1/2650 1813/1/2650
f 1813/1/2650 1793/1/2650 1792/1/2650
f 1808/1/2651 1792/1/2651 1791/1/2651
f 1791/1/2651 1809/1/2651 1808/1/2651
f 1818/1/2652 1819/1/2247 1820/1/2246
f 1820/1/2246 1821/1/2247 1818/1/2652
f 1822/1/2245 1823/1/2245 1819/1/2245
f 1819/1/2245 1818/1/2245 1822/1/2245
f 1819/1/2653 1824/1/2251 1825/1/2251
f 1825/1/2251 1820/1/2251 1819/1/2653
f 1823/1/2654 1826/1/2654 1824/1/2654
f 1824/1/2654 1819/1/2654 1823/1/2654
f 1821/1/2259 1827/1/2259 501/1/2259
f 501/1/2259 500/1/2259 1821/1/2259
f 510/1/2258 1818/1/2257 1821/1/2257
f 1821/1/2257 500/1/2257 510/1/2258
f 510/1/2655 509/1/2656 1822/1/2655
f 1822/1/2655 1818/1/2255 510/1/2655
f 509/1/2657 481/1/2252 1803/1/2658
f 1803/1/2658 1822/1/2659 509/1/2657
f 1823/1/2275 1822/1/2275 1803/1/2275
f 1803/1/2275 1805/1/2275 1823/1/2275
f 1804/1/2272 1826/1/2660 1823/1/2272
f 1823/1/2272 1805/1/2272 1804/1/2272
f 1804/1/2270 1096/1/2270 1119/1/2270
f 1119/1/2270 1826/1/2270 1804/1/2270
f 1826/1/2269 1119/1/2269 1118/1/2269
f 1118/1/2269 1824/1/2269 1826/1/2269
f 1824/1/2267 1118/1/2267 1117/1/2661
f 1117/1/2661 1825/1/2267 1824/1/2267
f 1825/1/2662 1117/1/2662 1116/1/2662
f 1116/1/2662 1828/1/2662 1825/1/2662
f 1825/1/2663 1828/1/2261 1829/1/2261
f 1829/1/2261 1820/1/2261 1825/1/2663
f 1820/1/2260 1829/1/2260 1827/1/2260
f 1827/1/2260 1821/1/2260 1820/1/2260
f 1830/1/2664 1831/1/2665 1832/1/2664
f 1832/1/2664 1833/1/2666 1830/1/2664
f 1834/1/2667 1835/1/2668 1831/1/2669
f 1831/1/2669 1830/1/2670 1834/1/2667
f 1831/1/2671 1836/1/2671 1837/1/2671
f 1837/1/2671 1832/1/2671 1831/1/2671
f 1838/1/2672 1836/1/2673 1831/1/2672
f 1831/1/2672 1835/1/2674 1838/1/2672
f 1815/1/2675 386/1/2676 408/1/2675
f 408/1/2675 1833/1/2675 1815/1/2675
f 1833/1/2677 408/1/2677 407/1/2677
f 407/1/2677 1830/1/2677 1833/1/2677
f 1834/1/2678 1830/1/2678 407/1/2678
f 407/1/2678 405/1/2678 1834/1/2678
f 1834/1/2679 405/1/2680 406/1/2679
f 406/1/2679 1839/1/2681 1834/1/2679
f 1839/1/2682 1840/1/2682 1835/1/2683
f 1835/1/2683 1834/1/2684 1839/1/2682
f 1838/1/2685 1835/1/2685 1840/1/2685
f 1840/1/2685 1841/1/2685 1838/1/2685
f 1023/1/2686 1022/1/2686 1838/1/2686
f 1838/1/2686 1841/1/2686 1023/1/2686
f 1838/1/2687 1022/1/2688 1021/1/2687
f 1021/1/2687 1836/1/2689 1838/1/2687
f 1021/1/2690 1020/1/2691 1837/1/2690
f 1837/1/2690 1836/1/2690 1021/1/2690
f 1020/1/2692 1003/1/2692 1817/1/2692
f 1817/1/2692 1837/1/2692 1020/1/2692
f 1816/1/2693 1832/1/2693 1837/1/2693
f 1837/1/2693 1817/1/2693 1816/1/2693
f 1815/1/2694 1833/1/2694 1832/1/2694
f 1832/1/2694 1816/1/2694 1815/1/2694
f 1842/1/2290 1843/1/2290 1844/1/2290
f 1844/1/2290 1845/1/2290 1842/1/2290
f 1846/1/2289 1847/1/2289 1843/1/2289
f 1843/1/2289 1842/1/2289 1846/1/2289
f 1843/1/2294 1848/1/2294 1849/1/2294
f 1849/1/2294 1844/1/2294 1843/1/2294
f 1847/1/2292 1850/1/2292 1848/1/2695
f 1848/1/2695 1843/1/2292 1847/1/2292
f 1845/1/2696 1851/1/2300 521/1/2696
f 521/1/2696 520/1/2697 1845/1/2696
f 530/1/2698 1842/1/2299 1845/1/2699
f 1845/1/2699 520/1/2700 530/1/2698
f 530/1/2297 529/1/2297 1846/1/2297
f 1846/1/2297 1842/1/2297 530/1/2297
f 529/1/2295 501/1/2295 1827/1/2295
f 1827/1/2295 1846/1/2295 529/1/2295
f 1847/1/2317 1846/1/2317 1827/1/2317
f 1827/1/2317 1829/1/2317 1847/1/2317
f 1828/1/2316 1850/1/2316 1847/1/2316
f 1847/1/2316 1829/1/2316 1828/1/2316
f 1828/1/2313 1116/1/2313 1139/1/2313
f 1139/1/2313 1850/1/2313 1828/1/2313
f 1850/1/2310 1139/1/2310 1138/1/2701
f 1138/1/2701 1848/1/2310 1850/1/2310
f 1848/1/2308 1138/1/2308 1137/1/2308
f 1137/1/2308 1849/1/2702 1848/1/2308
f 1849/1/2703 1137/1/2306 1136/1/2704
f 1136/1/2704 1852/1/2705 1849/1/2703
f 1853/1/2305 1844/1/2305 1849/1/2305
f 1849/1/2305 1852/1/2305 1853/1/2305
f 1844/1/2301 1853/1/2303 1851/1/2301
f 1851/1/2301 1845/1/2303 1844/1/2301
f 1854/1/2706 1855/1/2707 1856/1/2706
f 1856/1/2706 1857/1/2708 1854/1/2706
f 1858/1/2709 1859/1/2709 1855/1/2709
f 1855/1/2709 1854/1/2709 1858/1/2709
f 1855/1/2710 1860/1/2710 1861/1/2710
f 1861/1/2710 1856/1/2710 1855/1/2710
f 1862/1/2711 1860/1/2711 1855/1/2711
f 1855/1/2711 1859/1/2711 1862/1/2711
f 1839/1/2712 406/1/2712 428/1/2712
f 428/1/2712 1857/1/2712 1839/1/2712
f 1857/1/2713 428/1/2713 427/1/2713
f 427/1/2713 1854/1/2713 1857/1/2713
f 1858/1/2714 1854/1/2714 427/1/2715
f 427/1/2715 425/1/2714 1858/1/2714
f 1858/1/2716 425/1/2716 426/1/2716
f 426/1/2716 1863/1/2716 1858/1/2716
f 1863/1/2717 1864/1/2717 1859/1/2717
f 1859/1/2717 1858/1/2717 1863/1/2717
f 1862/1/2718 1859/1/2718 1864/1/2718
f 1864/1/2718 1865/1/2718 1862/1/2718
f 1043/1/2719 1042/1/2719 1862/1/2719
f 1862/1/2719 1865/1/2719 1043/1/2719
f 1862/1/2720 1042/1/2720 1041/1/2720
f 1041/1/2720 1860/1/2720 1862/1/2720
f 1041/1/2721 1040/1/2721 1861/1/2722
f 1861/1/2722 1860/1/2721 1041/1/2721
f 1040/1/2723 1023/1/2723 1841/1/2724
f 1841/1/2724 1861/1/2723 1040/1/2723
f 1840/1/2725 1856/1/2726 1861/1/2726
f 1861/1/2726 1841/1/2726 1840/1/2725
f 1839/1/2727 1857/1/2727 1856/1/2727
f 1856/1/2727 1840/1/2727 1839/1/2727
f 1866/1/2728 1867/1/2728 1868/1/2330
f 1868/1/2330 1869/1/2330 1866/1/2728
f 1870/1/2327 1871/1/2327 1867/1/2327
f 1867/1/2327 1866/1/2327 1870/1/2327
f 1867/1/2729 1872/1/2730 1873/1/2729
f 1873/1/2729 1868/1/2332 1867/1/2729
f 1871/1/2731 1874/1/2732 1872/1/2731
f 1872/1/2731 1867/1/2331 1871/1/2731
f 1869/1/2338 1875/1/2338 541/1/2338
f 541/1/2338 540/1/2338 1869/1/2338
f 550/1/2337 1866/1/2337 1869/1/2337
f 1869/1/2337 540/1/2337 550/1/2337
f 550/1/2733 549/1/2336 1870/1/2733
f 1870/1/2733 1866/1/2733 550/1/2733
f 549/1/2335 521/1/2335 1851/1/2335
f 1851/1/2335 1870/1/2335 549/1/2335
f 1871/1/2351 1870/1/2351 1851/1/2351
f 1851/1/2351 1853/1/2351 1871/1/2351
f 1852/1/2348 1874/1/2348 1871/1/2348
f 1871/1/2348 1853/1/2348 1852/1/2348
f 1852/1/2734 1136/1/2346 1159/1/2346
f 1159/1/2346 1874/1/2346 1852/1/2734
f 1874/1/2345 1159/1/2345 1158/1/2345
f 1158/1/2345 1872/1/2345 1874/1/2345
f 1872/1/2735 1158/1/2735 1157/1/2736
f 1157/1/2736 1873/1/2735 1872/1/2735
f 1873/1/2341 1157/1/2341 1156/1/2341
f 1156/1/2341 1876/1/2341 1873/1/2341
f 1877/1/2340 1868/1/2340 1873/1/2340
f 1873/1/2340 1876/1/2340 1877/1/2340
f 1868/1/2339 1877/1/2339 1875/1/2339
f 1875/1/2339 1869/1/2339 1868/1/2339
f 1878/1/2737 1879/1/2738 1880/1/2738
f 1880/1/2738 1881/1/2738 1878/1/2737
f 1882/1/2739 1883/1/2739 1879/1/2739
f 1879/1/2739 1878/1/2739 1882/1/2739
f 1879/1/2740 1884/1/2740 1885/1/2740
f 1885/1/2740 1880/1/2741 1879/1/2740
f 1886/1/2742 1884/1/2742 1879/1/2742
f 1879/1/2742 1883/1/2742 1886/1/2742
f 1863/1/2743 426/1/2744 448/1/2743
f 448/1/2743 1881/1/2743 1863/1/2743
f 1881/1/2745 448/1/2746 447/1/2745
f 447/1/2745 1878/1/2747 1881/1/2745
f 1882/1/2748 1878/1/2748 447/1/2748
f 447/1/2748 445/1/2748 1882/1/2748
f 1882/1/2749 445/1/2749 446/1/2750
f 446/1/2750 1887/1/2751 1882/1/2749
f 1887/1/2752 1888/1/2752 1883/1/2753
f 1883/1/2753 1882/1/2752 1887/1/2752
f 1886/1/2754 1883/1/2754 1888/1/2754
f 1888/1/2754 1889/1/2754 1886/1/2754
f 1063/1/2755 1062/1/2756 1886/1/2756
f 1886/1/2756 1889/1/2757 1063/1/2755
f 1886/1/2758 1062/1/2758 1061/1/2758
f 1061/1/2758 1884/1/2758 1886/1/2758
f 1061/1/2759 1060/1/2760 1885/1/2761
f 1885/1/2761 1884/1/2762 1061/1/2759
f 1060/1/2763 1043/1/2763 1865/1/2763
f 1865/1/2763 1885/1/2764 1060/1/2763
f 1864/1/2765 1880/1/2766 1885/1/2765
f 1885/1/2765 1865/1/2765 1864/1/2765
f 1880/1/2767 1864/1/2767 1863/1/2767
f 1863/1/2767 1881/1/2767 1880/1/2767
f 1890/1/2366 1891/1/2768 1892/1/2366
f 1892/1/2366 1893/1/2366 1890/1/2366
f 1894/1/2769 1895/1/2770 1891/1/2364
f 1891/1/2364 1890/1/2365 1894/1/2769
f 1891/1/2771 1896/1/2771 1897/1/2771
f 1897/1/2771 1892/1/2771 1891/1/2771
f 1895/1/2772 1898/1/2772 1896/1/2772
f 1896/1/2772 1891/1/2772 1895/1/2772
f 1893/1/2381 1899/1/2381 561/1/2381
f 561/1/2381 560/1/2381 1893/1/2381
f 570/1/2378 1890/1/2378 1893/1/2378
f 1893/1/2378 560/1/2378 570/1/2378
f 570/1/2376 569/1/2376 1894/1/2376
f 1894/1/2376 1890/1/2376 570/1/2376
f 569/1/2374 541/1/2374 1875/1/2773
f 1875/1/2773 1894/1/2774 569/1/2374
f 1895/1/2390 1894/1/2390 1875/1/2390
f 1875/1/2390 1877/1/2390 1895/1/2390
f 1876/1/2389 1898/1/2775 1895/1/2389
f 1895/1/2389 1877/1/2389 1876/1/2389
f 1876/1/2388 1156/1/2388 1179/1/2776
f 1179/1/2776 1898/1/2388 1876/1/2388
f 1898/1/2387 1179/1/2387 1178/1/2387
f 1178/1/2387 1896/1/2387 1898/1/2387
f 1896/1/2386 1178/1/2386 1177/1/2386
f 1177/1/2386 1897/1/2386 1896/1/2386
f 1897/1/2384 1177/1/2384 1176/1/2384
f 1176/1/2384 1900/1/2384 1897/1/2384
f 1897/1/2777 1900/1/2383 1901/1/2777
f 1901/1/2777 1892/1/2383 1897/1/2777
f 1892/1/2778 1901/1/2382 1899/1/2779
f 1899/1/2779 1893/1/2780 1892/1/2778
f 1902/1/2593 1903/1/2593 1904/1/2593
f 1904/1/2593 1905/1/2593 1902/1/2593
f 1906/1/2590 1907/1/2590 1903/1/2590
f 1903/1/2590 1902/1/2781 1906/1/2590
f 1903/1/2595 1908/1/2782 1909/1/2782
f 1909/1/2782 1904/1/2783 1903/1/2595
f 1903/1/2594 1907/1/2594 1910/1/2594
f 1910/1/2594 1908/1/2594 1903/1/2594
f 1905/1/2784 1911/1/2785 37/1/2786
f 37/1/2786 36/1/2604 1905/1/2784
f 1905/1/2787 36/1/2602 50/1/2787
f 50/1/2787 1902/1/2787 1905/1/2787
f 48/1/2599 1906/1/2599 1902/1/2599
f 1902/1/2599 50/1/2599 48/1/2599
f 1305/1/2597 1906/1/2788 48/1/2597
f 48/1/2597 49/1/2598 1305/1/2597
f 1906/1/2616 1305/1/2616 1310/1/2616
f 1310/1/2616 1907/1/2616 1906/1/2616
f 1907/1/2615 1310/1/2615 1309/1/2615
f 1309/1/2615 1910/1/2615 1907/1/2615
f 15/1/2789 14/1/2613 1910/1/2613
f 1910/1/2613 1309/1/2613 15/1/2789
f 1910/1/2790 14/1/2612 13/1/2612
f 13/1/2612 1908/1/2612 1910/1/2790
f 1909/1/2611 1908/1/2611 13/1/2611
f 13/1/2611 12/1/2611 1909/1/2611
f 12/1/2609 11/1/2609 1912/1/2609
f 1912/1/2609 1909/1/2609 12/1/2609
f 1904/1/2606 1909/1/2606 1912/1/2606
f 1912/1/2606 1913/1/2606 1904/1/2606
f 1904/1/2605 1913/1/2605 1911/1/2605
f 1911/1/2605 1905/1/2605 1904/1/2605
f 1914/1/1712 1915/1/1712 1916/1/1712
f 1916/1/1712 1917/1/1712 1914/1/1712
f 1918/1/2791 1919/1/2791 1915/1/2791
f 1915/1/2791 1914/1/2791 1918/1/2791
f 1915/1/1716 1920/1/1716 1921/1/1716
f 1921/1/1716 1916/1/1716 1915/1/1716
f 1922/1/1715 1920/1/2792 1915/1/1715
f 1915/1/1715 1919/1/1715 1922/1/1715
f 1887/1/1722 446/1/1722 468/1/1722
f 468/1/1722 1917/1/1722 1887/1/1722
f 1917/1/1721 468/1/1721 467/1/1721
f 467/1/1721 1914/1/1721 1917/1/1721
f 1918/1/1720 1914/1/1720 467/1/1720
f 467/1/1720 465/1/1720 1918/1/1720
f 1923/1/2793 1918/1/1719 465/1/2793
f 465/1/2793 466/1/2793 1923/1/2793
f 1923/1/1736 1924/1/1736 1919/1/1736
f 1919/1/1736 1918/1/1736 1923/1/1736
f 1922/1/1735 1919/1/1735 1924/1/1735
f 1924/1/1735 1925/1/1735 1922/1/1735
f 1922/1/1734 1925/1/1734 1083/1/2794
f 1083/1/2794 1082/1/2795 1922/1/1734
f 1922/1/1732 1082/1/1732 1081/1/1732
f 1081/1/1732 1920/1/1732 1922/1/1732
f 1081/1/1730 1080/1/1730 1921/1/1730
f 1921/1/1730 1920/1/1730 1081/1/1730
f 1080/1/2796 1063/1/2797 1889/1/2798
f 1889/1/2798 1921/1/2799 1080/1/2796
f 1889/1/2800 1888/1/1726 1916/1/2800
f 1916/1/2800 1921/1/2800 1889/1/2800
f 1887/1/1724 1917/1/1724 1916/1/1724
f 1916/1/1724 1888/1/1724 1887/1/1724
f 1926/1/2401 1927/1/2801 1928/1/2802
f 1928/1/2802 1929/1/2401 1926/1/2401
f 1930/1/2397 1931/1/2397 1927/1/2397
f 1927/1/2397 1926/1/2397 1930/1/2397
f 1927/1/2404 1932/1/2803 1933/1/2403
f 1933/1/2403 1928/1/2403 1927/1/2404
f 1931/1/2402 1934/1/2402 1932/1/2402
f 1932/1/2402 1927/1/2402 1931/1/2402
f 1929/1/2804 1935/1/2409 581/1/2409
f 581/1/2409 580/1/2805 1929/1/2804
f 590/1/2407 1926/1/2407 1929/1/2407
f 1929/1/2407 580/1/2407 590/1/2407
f 590/1/2406 589/1/2406 1930/1/2406
f 1930/1/2406 1926/1/2406 590/1/2406
f 589/1/2405 561/1/2405 1899/1/2405
f 1899/1/2405 1930/1/2405 589/1/2405
f 1931/1/2426 1930/1/2426 1899/1/2426
f 1899/1/2426 1901/1/2426 1931/1/2426
f 1900/1/2424 1934/1/2424 1931/1/2424
f 1931/1/2424 1901/1/2424 1900/1/2424
f 1900/1/2422 1176/1/2422 1199/1/2422
f 1199/1/2422 1934/1/2422 1900/1/2422
f 1934/1/2420 1199/1/2420 1198/1/2420
f 1198/1/2420 1932/1/2420 1934/1/2420
f 1932/1/2418 1198/1/2419 1197/1/2806
f 1197/1/2806 1933/1/2807 1932/1/2418
f 1197/1/2808 1196/1/2416 1936/1/2809
f 1936/1/2809 1933/1/2810 1197/1/2808
f 1928/1/2414 1933/1/2414 1936/1/2414
f 1936/1/2414 1937/1/2414 1928/1/2414
f 1929/1/2411 1928/1/2811 1937/1/2411
f 1937/1/2411 1935/1/2411 1929/1/2411
f 1938/1/2627 1939/1/2627 1940/1/2627
f 1940/1/2627 1941/1/2812 1938/1/2627
f 1942/1/2626 1943/1/2626 1939/1/2813
f 1939/1/2813 1938/1/2626 1942/1/2626
f 1939/1/2814 1944/1/2630 1945/1/2630
f 1945/1/2630 1940/1/2630 1939/1/2814
f 1939/1/2628 1943/1/2628 1946/1/2815
f 1946/1/2815 1944/1/2628 1939/1/2628
f 61/1/2637 60/1/2637 1941/1/2637
f 1941/1/2637 1947/1/2637 61/1/2637
f 1941/1/2635 60/1/2635 70/1/2635
f 70/1/2635 1938/1/2635 1941/1/2635
f 70/1/2632 69/1/2632 1942/1/2632
f 1942/1/2632 1938/1/2632 70/1/2632
f 1942/1/2631 69/1/2816 37/1/2631
f 37/1/2631 1911/1/2631 1942/1/2631
f 1913/1/2651 1943/1/2651 1942/1/2651
f 1942/1/2651 1911/1/2651 1913/1/2651
f 1912/1/2817 1946/1/2650 1943/1/2817
f 1943/1/2817 1913/1/2818 1912/1/2817
f 11/1/2819 679/1/2819 1946/1/2819
f 1946/1/2819 1912/1/2649 11/1/2819
f 1946/1/2648 679/1/2648 678/1/2648
f 678/1/2648 1944/1/2648 1946/1/2648
f 1945/1/2647 1944/1/2647 678/1/2647
f 678/1/2647 675/1/2647 1945/1/2647
f 675/1/2643 677/1/2643 1948/1/2643
f 1948/1/2643 1945/1/2643 675/1/2643
f 1940/1/2820 1945/1/2821 1948/1/2820
f 1948/1/2820 1949/1/2641 1940/1/2820
f 1940/1/2639 1949/1/2639 1947/1/2639
f 1947/1/2639 1941/1/2822 1940/1/2639
f 1950/1/2823 1951/1/2823 1952/1/2823
f 1952/1/2823 1953/1/2823 1950/1/2823
f 1954/1/1801 1955/1/1801 1951/1/1801
f 1951/1/1801 1950/1/1801 1954/1/1801
f 1951/1/2824 1956/1/2824 1957/1/2824
f 1957/1/2824 1952/1/2824 1951/1/2824
f 1958/1/1807 1956/1/2825 1951/1/2826
f 1951/1/2826 1955/1/1807 1958/1/1807
f 1923/1/2827 466/1/1816 488/1/1816
f 488/1/1816 1953/1/1816 1923/1/2827
f 1953/1/1815 488/1/1815 487/1/1815
f 487/1/1815 1950/1/1815 1953/1/1815
f 1954/1/1814 1950/1/1814 487/1/1814
f 487/1/1814 485/1/1814 1954/1/1814
f 1959/1/1811 1954/1/1811 485/1/1811
f 485/1/1811 486/1/1811 1959/1/1811
f 1959/1/1833 1960/1/1833 1955/1/2828
f 1955/1/2828 1954/1/1833 1959/1/1833
f 1958/1/1831 1955/1/1832 1960/1/1831
f 1960/1/1831 1961/1/1831 1958/1/1831
f 1958/1/1830 1961/1/1830 1103/1/1830
f 1103/1/1830 1102/1/1830 1958/1/1830
f 1958/1/1828 1102/1/1828 1101/1/2829
f 1101/1/2829 1956/1/1828 1958/1/1828
f 1101/1/1825 1100/1/1825 1957/1/1825
f 1957/1/1825 1956/1/1825 1101/1/1825
f 1100/1/1821 1083/1/1821 1925/1/1821
f 1925/1/1821 1957/1/1821 1100/1/1821
f 1952/1/1818 1957/1/1818 1925/1/1818
f 1925/1/1818 1924/1/1818 1952/1/1818
f 1953/1/2830 1952/1/1817 1924/1/1817
f 1924/1/1817 1923/1/1817 1953/1/2830
f 1962/1/2441 1963/1/2441 1964/1/2831
f 1964/1/2831 1965/1/2441 1962/1/2441
f 1966/1/2439 1967/1/2439 1963/1/2439
f 1963/1/2439 1962/1/2439 1966/1/2439
f 1963/1/2832 1968/1/2445 1969/1/2445
f 1969/1/2445 1964/1/2445 1963/1/2832
f 1967/1/2442 1970/1/2442 1968/1/2442
f 1968/1/2442 1963/1/2442 1967/1/2442
f 1965/1/2453 1971/1/2453 601/1/2453
f 601/1/2453 600/1/2453 1965/1/2453
f 610/1/2451 1962/1/2452 1965/1/2451
f 1965/1/2451 600/1/2451 610/1/2451
f 610/1/2450 609/1/2450 1966/1/2450
f 1966/1/2450 1962/1/2450 610/1/2450
f 609/1/2449 581/1/2448 1935/1/2449
f 1935/1/2449 1966/1/2833 609/1/2449
f 1966/1/2467 1935/1/2467 1937/1/2467
f 1937/1/2467 1967/1/2467 1966/1/2467
f 1936/1/2466 1970/1/2466 1967/1/2466
f 1967/1/2466 1937/1/2466 1936/1/2466
f 1219/1/2834 1970/1/2835 1936/1/2834
f 1936/1/2834 1196/1/2834 1219/1/2834
f 1970/1/2461 1219/1/2461 1218/1/2461
f 1218/1/2461 1968/1/2461 1970/1/2461
f 1968/1/2836 1218/1/2837 1217/1/2838
f 1217/1/2838 1969/1/2839 1968/1/2836
f 1217/1/2458 1216/1/2458 1972/1/2458
f 1972/1/2458 1969/1/2458 1217/1/2458
f 1964/1/2840 1969/1/2840 1972/1/2840
f 1972/1/2840 1973/1/2840 1964/1/2840
f 1965/1/2454 1964/1/2454 1973/1/2454
f 1973/1/2454 1971/1/2454 1965/1/2454
f 1974/1/2668 1975/1/2668 1976/1/2841
f 1976/1/2841 1977/1/2668 1974/1/2668
f 1978/1/2666 1979/1/2666 1975/1/2666
f 1975/1/2666 1974/1/2666 1978/1/2666
f 1975/1/2674 1980/1/2674 1981/1/2674
f 1981/1/2674 1976/1/2674 1975/1/2674
f 1975/1/2671 1979/1/2671 1982/1/2671
f 1982/1/2671 1980/1/2671 1975/1/2671
f 1977/1/2680 1983/1/2680 81/1/2680
f 81/1/2680 80/1/2680 1977/1/2680
f 1977/1/2678 80/1/2678 90/1/2842
f 90/1/2842 1974/1/2678 1977/1/2678
f 1974/1/2677 90/1/2677 89/1/2677
f 89/1/2677 1978/1/2677 1974/1/2677
f 89/1/2675 61/1/2675 1947/1/2843
f 1947/1/2843 1978/1/2675 89/1/2675
f 1949/1/2694 1979/1/2694 1978/1/2694
f 1978/1/2694 1947/1/2694 1949/1/2694
f 1948/1/2844 1982/1/2693 1979/1/2693
f 1979/1/2693 1949/1/2693 1948/1/2844
f 699/1/2692 1982/1/2692 1948/1/2692
f 1948/1/2692 677/1/2692 699/1/2692
f 1982/1/2691 699/1/2691 698/1/2691
f 698/1/2691 1980/1/2691 1982/1/2691
f 1981/1/2687 1980/1/2687 698/1/2687
f 698/1/2687 697/1/2687 1981/1/2687
f 697/1/2686 696/1/2686 1984/1/2686
f 1984/1/2686 1981/1/2686 697/1/2686
f 1976/1/2685 1981/1/2685 1984/1/2685
f 1984/1/2685 1985/1/2685 1976/1/2685
f 1976/1/2682 1985/1/2682 1983/1/2682
f 1983/1/2682 1977/1/2682 1976/1/2682
f 1986/1/2845 1987/1/1894 1988/1/1894
f 1988/1/1894 1989/1/1894 1986/1/2845
f 1990/1/1891 1991/1/1891 1987/1/2846
f 1987/1/2846 1986/1/1891 1990/1/1891
f 1987/1/1898 1992/1/1898 1993/1/1898
f 1993/1/1898 1988/1/2847 1987/1/1898
f 1994/1/1895 1992/1/1897 1987/1/1897
f 1987/1/1897 1991/1/1897 1994/1/1895
f 1959/1/2848 486/1/2848 508/1/1903
f 508/1/1903 1989/1/1903 1959/1/2848
f 1989/1/1901 508/1/1901 507/1/1901
f 507/1/1901 1986/1/1901 1989/1/1901
f 1990/1/1900 1986/1/1900 507/1/1900
f 507/1/1900 505/1/1900 1990/1/1900
f 1995/1/1899 1990/1/1899 505/1/1899
f 505/1/1899 506/1/2849 1995/1/1899
f 1995/1/1916 1996/1/1917 1991/1/1916
f 1991/1/1916 1990/1/2850 1995/1/1916
f 1994/1/1915 1991/1/1915 1996/1/2851
f 1996/1/2851 1997/1/1915 1994/1/1915
f 1994/1/1913 1997/1/1913 1123/1/1913
f 1123/1/1913 1122/1/1913 1994/1/1913
f 1994/1/1911 1122/1/1910 1121/1/1911
f 1121/1/1911 1992/1/1910 1994/1/1911
f 1121/1/2852 1120/1/1908 1993/1/1908
f 1993/1/1908 1992/1/1908 1121/1/2852
f 1120/1/1907 1103/1/1907 1961/1/1907
f 1961/1/1907 1993/1/1907 1120/1/1907
f 1988/1/2853 1993/1/2853 1961/1/2853
f 1961/1/2853 1960/1/2853 1988/1/2853
f 1989/1/1904 1988/1/1904 1960/1/1904
f 1960/1/1904 1959/1/1904 1989/1/1904
f 1998/1/2481 1999/1/2481 2000/1/2854
f 2000/1/2854 2001/1/2855 1998/1/2481
f 2002/1/2479 2003/1/2479 1999/1/2479
f 1999/1/2479 1998/1/2479 2002/1/2479
f 1999/1/2856 2004/1/2487 2005/1/2856
f 2005/1/2856 2000/1/2856 1999/1/2856
f 2003/1/2483 2006/1/2483 2004/1/2483
f 2004/1/2483 1999/1/2483 2003/1/2483
f 2001/1/2857 2007/1/2495 621/1/2497
f 621/1/2497 620/1/2495 2001/1/2857
f 630/1/2494 1998/1/2494 2001/1/2494
f 2001/1/2494 620/1/2494 630/1/2494
f 630/1/2493 629/1/2493 2002/1/2493
f 2002/1/2493 1998/1/2493 630/1/2493
f 629/1/2489 601/1/2489 1971/1/2489
f 1971/1/2489 2002/1/2489 629/1/2489
f 2002/1/2512 1971/1/2512 1973/1/2512
f 1973/1/2512 2003/1/2512 2002/1/2512
f 1972/1/2509 2006/1/2509 2003/1/2509
f 2003/1/2509 1973/1/2509 1972/1/2509
f 1239/1/2506 2006/1/2858 1972/1/2506
f 1972/1/2506 1216/1/2506 1239/1/2506
f 2006/1/2504 1239/1/2504 1238/1/2504
f 1238/1/2504 2004/1/2504 2006/1/2504
f 2004/1/2859 1238/1/2859 1237/1/2859
f 1237/1/2859 2005/1/2502 2004/1/2859
f 1237/1/2860 1236/1/2501 2008/1/2500
f 2008/1/2500 2005/1/2501 1237/1/2860
f 2000/1/2861 2005/1/2499 2008/1/2861
f 2008/1/2861 2009/1/2499 2000/1/2861
f 2001/1/2862 2000/1/2498 2009/1/2498
f 2009/1/2498 2007/1/2498 2001/1/2862
f 2010/1/2709 2011/1/2709 2012/1/2709
f 2012/1/2709 2013/1/2709 2010/1/2709
f 2014/1/2707 2015/1/2707 2011/1/2707
f 2011/1/2707 2010/1/2707 2014/1/2707
f 2011/1/2711 2016/1/2711 2017/1/2711
f 2017/1/2711 2012/1/2711 2011/1/2711
f 2011/1/2710 2015/1/2710 2018/1/2710
f 2018/1/2710 2016/1/2710 2011/1/2710
f 2013/1/2863 2019/1/2864 101/1/2863
f 101/1/2863 100/1/2863 2013/1/2863
f 2013/1/2714 100/1/2714 110/1/2714
f 110/1/2714 2010/1/2714 2013/1/2714
f 2014/1/2713 2010/1/2713 110/1/2713
f 110/1/2713 109/1/2713 2014/1/2713
f 109/1/2712 81/1/2712 1983/1/2712
f 1983/1/2712 2014/1/2712 109/1/2712
f 1985/1/2865 2015/1/2865 2014/1/2865
f 2014/1/2865 1983/1/2865 1985/1/2865
f 1984/1/2726 2018/1/2726 2015/1/2726
f 2015/1/2726 1985/1/2726 1984/1/2726
f 719/1/2723 2018/1/2723 1984/1/2723
f 1984/1/2723 696/1/2723 719/1/2723
f 2018/1/2721 719/1/2721 718/1/2721
f 718/1/2721 2016/1/2721 2018/1/2721
f 718/1/2720 717/1/2720 2017/1/2720
f 2017/1/2720 2016/1/2720 718/1/2720
f 717/1/2719 716/1/2719 2020/1/2719
f 2020/1/2719 2017/1/2719 717/1/2719
f 2012/1/2718 2017/1/2718 2020/1/2866
f 2020/1/2866 2021/1/2866 2012/1/2718
f 2012/1/2717 2021/1/2717 2019/1/2717
f 2019/1/2717 2013/1/2717 2012/1/2717
f 2022/1/2867 2023/1/1977 2024/1/1977
f 2024/1/1977 2025/1/1977 2022/1/2867
f 2026/1/1976 2027/1/1976 2023/1/1976
f 2023/1/1976 2022/1/1976 2026/1/1976
f 2023/1/1980 2028/1/1980 2029/1/1980
f 2029/1/1980 2024/1/1980 2023/1/1980
f 2030/1/1978 2028/1/1978 2023/1/2868
f 2023/1/2868 2027/1/1978 2030/1/1978
f 1995/1/1988 506/1/1988 528/1/1988
f 528/1/1988 2025/1/1988 1995/1/1988
f 2025/1/2869 528/1/2869 527/1/2869
f 527/1/2869 2022/1/1986 2025/1/2869
f 2026/1/1984 2022/1/1984 527/1/1984
f 527/1/1984 525/1/1984 2026/1/1984
f 525/1/1982 526/1/1982 1290/1/1982
f 1290/1/1982 2026/1/1982 525/1/1982
f 1295/1/2006 2027/1/2006 2026/1/2006
f 2026/1/2006 1290/1/2006 1295/1/2006
f 2030/1/2005 2027/1/2003 1295/1/2005
f 1295/1/2005 1294/1/2005 2030/1/2005
f 2030/1/2870 1294/1/2001 1143/1/2001
f 1143/1/2001 1142/1/2001 2030/1/2870
f 2030/1/1999 1142/1/2871 1141/1/2872
f 1141/1/2872 2028/1/2873 2030/1/1999
f 1141/1/1995 1140/1/1995 2029/1/1996
f 2029/1/1996 2028/1/1995 1141/1/1995
f 1140/1/1994 1123/1/1994 1997/1/1994
f 1997/1/1994 2029/1/1994 1140/1/1994
f 2024/1/1992 2029/1/2874 1997/1/2875
f 1997/1/2875 1996/1/1992 2024/1/1992
f 2025/1/1990 2024/1/1990 1996/1/1990
f 1996/1/1990 1995/1/1990 2025/1/1990
f 2031/1/2528 2032/1/2528 2033/1/2876
f 2033/1/2876 2034/1/2528 2031/1/2528
f 2035/1/2525 2036/1/2525 2032/1/2525
f 2032/1/2525 2031/1/2525 2035/1/2525
f 2032/1/2532 2037/1/2532 2038/1/2532
f 2038/1/2532 2033/1/2877 2032/1/2532
f 2036/1/2878 2039/1/2878 2037/1/2879
f 2037/1/2879 2032/1/2879 2036/1/2878
f 2034/1/2880 1306/1/2881 641/1/2882
f 641/1/2882 640/1/2539 2034/1/2880
f 650/1/2538 2031/1/2538 2034/1/2538
f 2034/1/2538 640/1/2538 650/1/2538
f 650/1/2883 649/1/2537 2035/1/2537
f 2035/1/2537 2031/1/2537 650/1/2883
f 649/1/2536 621/1/2536 2007/1/2536
f 2007/1/2536 2035/1/2536 649/1/2536
f 2035/1/2551 2007/1/2551 2009/1/2551
f 2009/1/2551 2036/1/2551 2035/1/2551
f 2008/1/2550 2039/1/2550 2036/1/2550
f 2036/1/2550 2009/1/2550 2008/1/2550
f 1259/1/2547 2039/1/2547 2008/1/2547
f 2008/1/2547 1236/1/2547 1259/1/2547
f 2039/1/2546 1259/1/2546 1258/1/2546
f 1258/1/2546 2037/1/2546 2039/1/2546
f 2037/1/2884 1258/1/2885 1257/1/2886
f 1257/1/2886 2038/1/2887 2037/1/2884
f 1257/1/2542 1256/1/2888 1308/1/2542
f 1308/1/2542 2038/1/2542 1257/1/2542
f 2038/1/2889 1308/1/2541 1307/1/2541
f 1307/1/2541 2033/1/2890 2038/1/2889
f 2034/1/2540 2033/1/2540 1307/1/2540
f 1307/1/2540 1306/1/2540 2034/1/2540
f 2040/1/2739 2041/1/2739 2042/1/2739
f 2042/1/2739 2043/1/2739 2040/1/2739
f 2044/1/2738 2045/1/2738 2041/1/2738
f 2041/1/2738 2040/1/2738 2044/1/2738
f 2041/1/2742 2046/1/2742 2047/1/2742
f 2047/1/2742 2042/1/2742 2041/1/2742
f 2041/1/2891 2045/1/2740 2048/1/2740
f 2048/1/2740 2046/1/2892 2041/1/2891
f 2043/1/2893 1321/1/2894 121/1/2893
f 121/1/2893 120/1/2751 2043/1/2893
f 2043/1/2748 120/1/2748 130/1/2748
f 130/1/2748 2040/1/2748 2043/1/2748
f 2044/1/2747 2040/1/2747 130/1/2747
f 130/1/2747 129/1/2747 2044/1/2747
f 129/1/2895 101/1/2743 2019/1/2896
f 2019/1/2896 2044/1/2743 129/1/2895
f 2021/1/2897 2045/1/2767 2044/1/2897
f 2044/1/2897 2019/1/2898 2021/1/2897
f 2020/1/2899 2048/1/2900 2045/1/2766
f 2045/1/2766 2021/1/2766 2020/1/2899
f 739/1/2763 2048/1/2763 2020/1/2763
f 2020/1/2763 716/1/2763 739/1/2763
f 2048/1/2901 739/1/2902 738/1/2901
f 738/1/2901 2046/1/2901 2048/1/2901
f 738/1/2758 737/1/2758 2047/1/2903
f 2047/1/2903 2046/1/2758 738/1/2758
f 737/1/2756 736/1/2756 1323/1/2756
f 1323/1/2756 2047/1/2756 737/1/2756
f 1323/1/2754 1322/1/2754 2042/1/2754
f 2042/1/2754 2047/1/2754 1323/1/2754
f 2043/1/2752 2042/1/2752 1322/1/2752
f 1322/1/2752 1321/1/2752 2043/1/2752
o C_rculo_005_C_rculo_006
v -0.169004 0.512963 -0.429246
v -0.101904 0.541763 -0.421546
v -0.037304 0.569363 -0.398646
v 0.022096 0.594764 -0.361646
v 0.074196 0.617064 -0.311846
v 0.116996 0.635364 -0.251046
v 0.148796 0.648964 -0.181746
v 0.168296 0.657363 -0.106546
v 0.174996 0.660164 -0.028346
v 0.168296 0.657363 0.049854
v 0.148796 0.648964 0.125054
v 0.116996 0.635364 0.194354
v 0.074196 0.617064 0.255154
v 0.022096 0.594764 0.304954
v -0.037304 0.569364 0.341954
v -0.101904 0.541763 0.364854
v -0.169004 0.512963 0.372554
v -0.236004 0.484264 0.364854
v -0.300604 0.456664 0.341954
v -0.360004 0.431264 0.304954
v -0.412104 0.408964 0.255154
v -0.454904 0.390664 0.194354
v -0.486704 0.377064 0.125054
v -0.506304 0.368663 0.049854
v -0.512904 0.365864 -0.028346
v -0.506304 0.368663 -0.106546
v -0.486704 0.377064 -0.181746
v -0.454904 0.390664 -0.251046
v -0.412104 0.408963 -0.311846
v -0.236004 0.484263 -0.421546
v -0.360004 0.431263 -0.361646
v -0.300604 0.456664 -0.398646
v -0.478204 0.303163 0.049854
v -0.440304 0.298163 0.042854
v -0.446304 0.295664 -0.028346
v -0.484804 0.300363 -0.028346
v -0.272504 0.391164 0.341954
v -0.332004 0.365764 0.304954
v -0.140904 0.447464 -0.429246
v -0.208004 0.418764 -0.421546
v 0.102296 0.551564 -0.311846
v 0.144996 0.569863 -0.251046
v -0.208004 0.418764 0.364854
v -0.272504 0.391163 -0.398646
v 0.050096 0.529264 -0.361646
v -0.140904 0.447464 0.372554
v -0.332004 0.365763 -0.361646
v -0.009304 0.503763 -0.398646
v -0.073804 0.476164 0.364854
v -0.384104 0.343463 -0.311846
v -0.073804 0.476164 -0.421546
v -0.009304 0.503763 0.341954
v -0.426904 0.325164 -0.251046
v 0.050096 0.529264 0.304954
v -0.458604 0.311564 -0.181746
v 0.102296 0.551564 0.255154
v -0.478204 0.303163 -0.106546
v 0.144996 0.569863 0.194354
v 0.176796 0.583463 0.125054
v 0.196396 0.591764 0.049854
v -0.458604 0.311564 0.125054
v 0.202996 0.594564 -0.028346
v -0.426904 0.325164 0.194354
v 0.196396 0.591764 -0.106546
v -0.384104 0.343464 0.255154
v 0.176796 0.583463 -0.181746
v -0.354604 0.334864 0.229654
v -0.368404 0.317564 0.250554
v -0.410504 0.299464 0.190754
v -0.393504 0.318164 0.174354
v 0.173796 0.560964 0.042854
v 0.155996 0.553263 0.111254
v -0.422504 0.305764 0.111254
v 0.179796 0.563464 -0.028346
v 0.173796 0.560964 -0.099546
v 0.155996 0.553263 -0.167946
v -0.307204 0.355164 0.275054
v 0.127096 0.540963 -0.231046
v -0.253104 0.378264 0.308754
v -0.194304 0.403464 -0.386246
v -0.133204 0.429564 -0.393246
v 0.088096 0.524264 -0.286346
v -0.194304 0.403464 0.329554
v -0.253104 0.378264 -0.365446
v 0.040696 0.503964 -0.331746
v -0.133204 0.429564 0.336554
v -0.307204 0.355163 -0.331746
v -0.013404 0.480763 -0.365446
v -0.072204 0.455664 0.329554
v -0.354604 0.334863 -0.286346
v -0.072204 0.455663 -0.386246
v -0.013404 0.480764 0.308754
v -0.393504 0.318164 -0.231046
v 0.040696 0.503964 0.275054
v -0.422504 0.305764 -0.167946
v 0.088096 0.524264 0.229654
v -0.440304 0.298163 -0.099546
v 0.127096 0.540963 0.174354
v -0.258604 0.364464 0.336054
v -0.195104 0.391664 0.358554
v -0.162804 0.316063 0.358554
v -0.226304 0.288964 0.336054
v 0.183496 0.553664 -0.179346
v 0.202796 0.561863 -0.105346
v -0.317104 0.339464 0.299654
v 0.152296 0.540263 -0.247446
v -0.195104 0.391663 -0.415246
v -0.129104 0.419863 -0.422846
v 0.110196 0.522263 -0.307246
v -0.258604 0.364463 -0.392746
v 0.058896 0.500364 -0.356346
v -0.129104 0.419864 0.366154
v -0.317104 0.339464 -0.356346
v 0.000396 0.475264 -0.392746
v -0.063104 0.448164 0.358554
v -0.368404 0.317563 -0.307246
v -0.063104 0.448164 -0.415246
v 0.000396 0.475264 0.336054
v -0.410504 0.299464 -0.247446
v 0.058896 0.500364 0.299654
v -0.441804 0.286164 -0.179346
v 0.110196 0.522263 0.250554
v -0.461004 0.277864 -0.105346
v 0.152296 0.540263 0.190754
v -0.467504 0.275064 -0.028346
v 0.183496 0.553664 0.122654
v -0.461004 0.277864 0.048654
v 0.202796 0.561863 0.048654
v -0.441804 0.286164 0.122654
v 0.209296 0.564663 -0.028346
v 0.032696 0.399764 0.336054
v 0.027796 0.373064 0.297054
v -0.028904 0.348764 0.317154
v -0.030804 0.372564 0.358554
v -0.226304 0.288963 -0.392746
v -0.162804 0.316063 -0.415246
v 0.091196 0.424763 -0.356346
v 0.142496 0.446664 -0.307246
v -0.096804 0.344364 0.366154
v -0.284804 0.263863 -0.356346
v 0.032696 0.399763 -0.392746
v -0.336104 0.241964 -0.307246
v -0.030804 0.372564 -0.415246
v -0.378204 0.223964 -0.247446
v -0.096804 0.344363 -0.422846
v 0.091196 0.424764 0.299654
v -0.409404 0.210563 -0.179346
v 0.142496 0.446664 0.250554
v -0.428704 0.202364 -0.105346
v 0.184596 0.464764 0.190754
v -0.435204 0.199564 -0.028346
v 0.215896 0.478064 0.122654
v -0.428704 0.202364 0.048654
v 0.235096 0.486363 0.048654
v -0.409404 0.210563 0.122654
v 0.241596 0.489164 -0.028346
v -0.378204 0.223964 0.190754
v 0.235096 0.486363 -0.105346
v -0.336104 0.241964 0.250554
v 0.215896 0.478064 -0.179346
v -0.284804 0.263864 0.299654
v 0.184596 0.464764 -0.247446
v 0.163396 0.431063 0.167354
v 0.203196 0.419164 0.190254
v 0.161296 0.401164 0.249854
v 0.125796 0.414964 0.220754
v -0.339204 0.216064 -0.224046
v -0.301604 0.232163 -0.277446
v -0.028904 0.348763 -0.373846
v -0.087904 0.323563 -0.380646
v 0.079996 0.395364 0.264554
v -0.367104 0.204063 -0.163146
v -0.384304 0.196764 -0.097046
v -0.390104 0.194264 -0.028346
v 0.191296 0.442964 0.106454
v -0.384304 0.196764 0.040354
v 0.208496 0.450364 0.040354
v -0.367104 0.204063 0.106454
v 0.214296 0.452864 -0.028346
v -0.339204 0.216064 0.167354
v 0.208496 0.450364 -0.097046
v -0.301604 0.232163 0.220754
v 0.191296 0.442964 -0.163146
v -0.255804 0.251764 0.264554
v 0.163396 0.431063 -0.224046
v -0.203504 0.274064 0.297054
v -0.146904 0.298363 -0.373846
v 0.125796 0.414964 -0.277446
v -0.146904 0.298364 0.317154
v -0.203504 0.274063 -0.353746
v 0.079996 0.395363 -0.321246
v -0.087904 0.323564 0.323954
v -0.255804 0.251763 -0.321246
v 0.027796 0.373063 -0.353746
v 0.292096 0.368764 -0.028346
v 0.285596 0.366064 0.048454
v 0.253596 0.440664 0.048454
v 0.260096 0.443464 -0.028346
v -0.408504 0.157463 -0.105146
v -0.415004 0.154663 -0.028346
v 0.234396 0.432463 0.122254
v -0.408504 0.157463 0.048454
v -0.389304 0.165664 0.122254
v -0.358104 0.178963 0.190254
v 0.253596 0.440664 -0.105146
v -0.316104 0.196963 0.249854
v 0.234396 0.432463 -0.178946
v -0.264904 0.218864 0.298754
v 0.203196 0.419163 -0.246946
v -0.206604 0.243764 0.335154
v -0.143304 0.270863 -0.414246
v -0.077404 0.299063 -0.421746
v 0.161296 0.401163 -0.306546
v -0.143304 0.270864 0.357554
v -0.206604 0.243763 -0.391846
v 0.110096 0.379264 -0.355446
v -0.077404 0.299064 0.365054
v -0.264904 0.218864 -0.355446
v 0.051696 0.354363 -0.391846
v -0.011604 0.327264 0.357554
v -0.316104 0.196963 -0.306546
v -0.011604 0.327264 -0.414246
v 0.051696 0.354364 0.335154
v -0.358104 0.178963 -0.246946
v 0.110096 0.379264 0.298754
v -0.389304 0.165664 -0.178946
v 0.235196 0.344463 -0.246946
v 0.209896 0.294063 -0.216346
v 0.236996 0.304663 -0.157846
v 0.266396 0.357863 -0.178946
v -0.326104 0.104364 0.190254
v -0.357304 0.090964 0.122254
v 0.285596 0.366064 -0.105146
v -0.284204 0.122263 0.249854
v -0.233004 0.144164 0.298754
v -0.174604 0.169164 0.335154
v -0.111304 0.196263 -0.414246
v -0.045504 0.224363 -0.421746
v 0.193196 0.326564 -0.306546
v -0.111304 0.196264 0.357554
v -0.174604 0.169163 -0.391846
v 0.141996 0.304663 -0.355446
v -0.045504 0.224364 0.365054
v -0.233004 0.144164 -0.355446
v 0.083696 0.279663 -0.391846
v 0.020396 0.252564 0.357554
v -0.284204 0.122263 -0.306546
v 0.020396 0.252564 -0.414246
v 0.083696 0.279664 0.335154
v -0.326104 0.104363 -0.246946
v 0.141996 0.304664 0.298754
v -0.357304 0.090964 -0.178946
v 0.193196 0.326564 0.249854
v -0.376504 0.082763 -0.105146
v 0.235196 0.344464 0.190254
v -0.383004 0.079963 -0.028346
v 0.266396 0.357863 0.122254
v -0.376504 0.082763 0.048454
v 0.304196 0.306964 0.047654
v 0.284896 0.299364 0.120654
v 0.236996 0.304663 0.101154
v 0.253696 0.311163 0.037654
v -0.146704 0.154264 0.284254
v -0.197504 0.134363 0.252954
v -0.091604 0.175864 -0.360146
v -0.034304 0.198363 -0.366746
v 0.173296 0.279663 -0.267646
v -0.091604 0.175864 0.303554
v -0.146704 0.154264 -0.340946
v 0.128796 0.262263 -0.309646
v -0.034304 0.198363 0.310054
v -0.197504 0.134363 -0.309646
v 0.078096 0.242363 -0.340946
v 0.022996 0.220764 0.303554
v -0.242004 0.116964 -0.267646
v 0.022996 0.220763 -0.360146
v 0.078096 0.242364 0.284254
v -0.278504 0.102564 -0.216346
v 0.128796 0.262264 0.252954
v -0.305704 0.091963 -0.157846
v 0.173296 0.279664 0.210954
v -0.322404 0.085463 -0.094346
v 0.209896 0.294064 0.159654
v -0.328004 0.083264 -0.028346
v -0.322404 0.085463 0.037654
v -0.305704 0.091963 0.101154
v 0.259396 0.313464 -0.028346
v -0.278504 0.102564 0.159654
v 0.253696 0.311163 -0.094346
v -0.242004 0.116964 0.210954
v 0.284896 0.299364 -0.177346
v 0.308496 0.226764 -0.177346
v 0.327696 0.234263 -0.104346
v 0.304196 0.306964 -0.104346
v -0.339704 0.054564 0.120654
v -0.359004 0.047064 0.047654
v 0.310696 0.309464 -0.028346
v -0.308504 0.066863 0.188054
v -0.266504 0.083264 0.247054
v -0.215204 0.103364 0.295454
v 0.253696 0.287164 -0.244746
v -0.156804 0.126264 0.331454
v -0.093404 0.151163 -0.410346
v -0.027404 0.176963 -0.417846
v 0.211596 0.270664 -0.303746
v -0.093404 0.151164 0.353654
v -0.156804 0.126264 -0.388146
v 0.160396 0.250564 -0.352146
v -0.027404 0.176964 0.361154
v -0.215204 0.103364 -0.352146
v 0.101996 0.227664 -0.388146
v 0.038496 0.202864 0.353654
v -0.266504 0.083264 -0.303746
v 0.038496 0.202863 -0.410346
v 0.101996 0.227664 0.331454
v -0.308504 0.066863 -0.244746
v 0.160396 0.250564 0.295454
v -0.339704 0.054563 -0.177346
v 0.211596 0.270664 0.247054
v -0.359004 0.047064 -0.104346
v 0.253696 0.287164 0.188054
v -0.365504 0.044464 -0.028346
v 0.212696 0.146563 -0.264146
v 0.235196 0.198064 -0.303746
v 0.183996 0.177964 -0.352146
v 0.168396 0.130963 -0.305646
v -0.191704 0.030764 0.295454
v -0.242904 0.010664 0.247054
v 0.277196 0.214464 -0.244746
v -0.133204 0.053664 0.331454
v -0.069804 0.078463 -0.410346
v -0.003904 0.104363 -0.417846
v -0.069804 0.078464 0.353654
v -0.133204 0.053664 -0.388146
v -0.003904 0.104364 0.361154
v -0.191704 0.030763 -0.352146
v 0.125496 0.155064 -0.388146
v 0.062096 0.130164 0.353654
v -0.242904 0.010663 -0.303746
v 0.062096 0.130163 -0.410346
v 0.125496 0.155064 0.331454
v -0.284904 -0.005837 -0.244746
v 0.183996 0.177964 0.295454
v -0.316204 -0.018037 -0.177346
v 0.235196 0.198064 0.247054
v -0.335404 -0.025637 -0.104346
v 0.277196 0.214464 0.188054
v -0.341904 -0.028137 -0.028346
v 0.308496 0.226764 0.120654
v -0.335404 -0.025637 0.047654
v 0.327696 0.234263 0.047654
v -0.316204 -0.018036 0.120654
v 0.334196 0.236864 -0.028346
v -0.284904 -0.005836 0.188054
v 0.010696 0.052463 -0.405446
v 0.075196 0.075164 -0.398246
v 0.063096 0.093763 -0.355446
v 0.006096 0.073663 -0.361846
v 0.006096 0.073664 0.305154
v -0.050904 0.053464 0.298754
v -0.156304 0.016363 -0.305646
v -0.105704 0.034163 -0.336446
v 0.117896 0.113063 -0.336446
v 0.063096 0.093764 0.298754
v -0.200504 0.000663 -0.264146
v 0.117896 0.113064 0.279754
v -0.236904 -0.012136 -0.213646
v 0.168396 0.130964 0.248954
v -0.263904 -0.021637 -0.155946
v 0.212696 0.146563 0.207454
v -0.280504 -0.027536 -0.093446
v 0.249096 0.159364 0.156954
v -0.286104 -0.029536 -0.028346
v 0.276096 0.168963 0.099254
v -0.280504 -0.027536 0.036754
v 0.292696 0.174763 0.036754
v -0.263904 -0.021636 0.099254
v 0.298296 0.176763 -0.028346
v -0.236904 -0.012136 0.156954
v 0.292696 0.174763 -0.093446
v -0.200504 0.000664 0.207454
v 0.276096 0.168963 -0.155946
v -0.156304 0.016364 0.248954
v 0.249096 0.159364 -0.213646
v -0.105704 0.034164 0.279754
v -0.050904 0.053463 -0.355446
v 0.315996 0.160263 0.115954
v 0.331096 0.090964 0.115954
v 0.300496 0.080164 0.181154
v 0.285496 0.149463 0.181154
v 0.194296 0.117263 0.285254
v 0.137196 0.097063 0.320054
v -0.264104 -0.044537 -0.237846
v -0.294604 -0.055336 -0.172646
v 0.244396 0.134964 0.238354
v -0.313504 -0.061937 -0.101946
v -0.319804 -0.064236 -0.028346
v -0.313504 -0.061937 0.045254
v 0.334796 0.166863 0.045254
v -0.294604 -0.055336 0.115954
v 0.341196 0.169063 -0.028346
v -0.264104 -0.044536 0.181154
v 0.334796 0.166863 -0.101946
v -0.223004 -0.030036 0.238354
v 0.315996 0.160263 -0.172646
v -0.172904 -0.012336 0.285254
v 0.285496 0.149463 -0.237846
v -0.115804 0.007864 0.320054
v -0.053804 0.029663 -0.398246
v 0.244396 0.134964 -0.295046
v -0.053804 0.029664 0.341554
v -0.115804 0.007863 -0.376746
v 0.194296 0.117263 -0.341946
v 0.010696 0.052464 0.348754
v -0.172904 -0.012337 -0.341946
v 0.137196 0.097063 -0.376746
v 0.075196 0.075164 0.341554
v -0.223004 -0.030036 -0.295046
v 0.309896 0.041463 -0.028346
v 0.356196 0.099863 -0.028346
v 0.349896 0.097564 -0.101946
v 0.304496 0.039864 -0.089946
v -0.298404 -0.131236 0.045254
v -0.304804 -0.133437 -0.028346
v 0.349896 0.097564 0.045254
v -0.279604 -0.124536 0.115954
v -0.249104 -0.113836 0.181154
v -0.208004 -0.099236 0.238354
v 0.331096 0.090964 -0.172646
v -0.157904 -0.081636 0.285254
v 0.300496 0.080164 -0.237846
v -0.100704 -0.061436 0.320054
v 0.025696 -0.016837 -0.405446
v -0.038704 -0.039537 -0.398246
v 0.259396 0.065663 -0.295046
v -0.038704 -0.039536 0.341554
v -0.100704 -0.061437 -0.376746
v 0.209296 0.047963 -0.341946
v 0.025696 -0.016836 0.348754
v -0.157904 -0.081637 -0.341946
v 0.152196 0.027863 -0.376746
v 0.090196 0.005964 0.341554
v -0.208004 -0.099237 -0.295046
v 0.090196 0.005963 -0.398246
v 0.152196 0.027864 0.320054
v -0.249104 -0.113836 -0.237846
v 0.209296 0.047964 0.285254
v -0.279604 -0.124536 -0.172646
v 0.259396 0.065664 0.238354
v -0.298404 -0.131237 -0.101946
v 0.031196 -0.042237 -0.343946
v -0.023104 -0.058537 -0.337846
v -0.028904 -0.094036 -0.386046
v 0.033896 -0.075137 -0.393046
v -0.165804 -0.101436 0.194854
v -0.200404 -0.111836 0.146954
v 0.288696 0.035163 -0.149146
v -0.123604 -0.088736 0.234054
v 0.262896 0.027364 -0.203646
v -0.075404 -0.074236 0.263254
v 0.228296 0.016964 -0.251546
v -0.023104 -0.058536 0.281154
v -0.075404 -0.074236 -0.319946
v 0.185996 0.004263 -0.290746
v 0.031196 -0.042236 0.287254
v -0.123604 -0.088737 -0.290746
v 0.137896 -0.010137 -0.319946
v 0.085596 -0.025836 0.281154
v -0.165804 -0.101437 -0.251546
v 0.085596 -0.025837 -0.337846
v 0.137896 -0.010136 0.263254
v -0.200404 -0.111837 -0.203646
v 0.185996 0.004264 0.234054
v -0.226204 -0.119536 -0.149146
v 0.228296 0.016964 0.194854
v -0.242004 -0.124336 -0.089946
v 0.262896 0.027364 0.146954
v -0.247404 -0.125936 -0.028346
v 0.288696 0.035164 0.092454
v -0.242004 -0.124336 0.033254
v 0.304496 0.039864 0.033254
v -0.226204 -0.119536 0.092454
v -0.193704 -0.143536 -0.286246
v -0.187804 -0.215637 -0.286246
v -0.139004 -0.200937 -0.331546
v -0.144904 -0.128936 -0.331546
v 0.261596 -0.006736 -0.286246
v 0.301596 0.005263 -0.230946
v -0.028904 -0.094036 0.329354
v -0.089304 -0.112136 0.308554
v -0.089304 -0.112137 -0.365246
v 0.212796 -0.021436 -0.331546
v 0.033896 -0.075136 0.336354
v 0.157096 -0.038137 -0.365246
v 0.096696 -0.056236 0.329354
v 0.096696 -0.056237 -0.386046
v 0.157096 -0.038136 0.308554
v -0.233804 -0.155537 -0.230946
v 0.212796 -0.021436 0.274854
v -0.263504 -0.164537 -0.167946
v 0.261596 -0.006736 0.229554
v -0.281804 -0.170037 -0.099446
v 0.301596 0.005264 0.174254
v -0.288004 -0.171837 -0.028346
v 0.331396 0.014264 0.111254
v -0.281804 -0.170037 0.042754
v 0.349696 0.019764 0.042754
v -0.263504 -0.164536 0.111254
v 0.355896 0.021564 -0.028346
v -0.233804 -0.155536 0.174254
v 0.349696 0.019764 -0.099446
v -0.193704 -0.143536 0.229554
v 0.331396 0.014263 -0.167946
v -0.144904 -0.128936 0.274854
v -0.224004 -0.234637 -0.087946
v -0.208604 -0.230437 -0.145346
v -0.257604 -0.236537 -0.167946
v -0.276004 -0.242036 -0.099446
v 0.102596 -0.128337 -0.386046
v 0.162996 -0.110237 -0.365246
v 0.162996 -0.110236 0.308554
v 0.102596 -0.128336 0.329354
v -0.227904 -0.227636 -0.230946
v 0.039796 -0.147237 -0.393046
v 0.218696 -0.093436 0.274854
v 0.267496 -0.078836 0.229554
v 0.307496 -0.066736 0.174254
v -0.282104 -0.243936 -0.028346
v 0.337296 -0.057836 0.111254
v -0.276004 -0.242036 0.042754
v 0.355596 -0.052336 0.042754
v -0.257604 -0.236537 0.111254
v 0.361796 -0.050437 -0.028346
v -0.227904 -0.227636 0.174254
v 0.355596 -0.052336 -0.099446
v -0.187804 -0.215636 0.229554
v 0.337296 -0.057836 -0.167946
v -0.139004 -0.200936 0.274854
v 0.307496 -0.066736 -0.230946
v -0.083404 -0.184236 0.308554
v -0.023004 -0.166037 -0.386046
v 0.267496 -0.078837 -0.286246
v -0.023004 -0.166036 0.329354
v -0.083404 -0.184237 -0.365246
v 0.218696 -0.093437 -0.331546
v 0.039796 -0.147236 0.336354
v -0.208604 -0.230437 0.088654
v -0.249204 -0.260736 0.107854
v -0.267104 -0.265637 0.041054
v -0.224004 -0.234637 0.031254
v 0.265696 -0.100336 0.141454
v 0.232096 -0.109636 0.187854
v -0.229204 -0.236036 -0.028346
v 0.290696 -0.093536 0.088654
v 0.306096 -0.089336 0.031254
v 0.311196 -0.087936 -0.028346
v -0.183604 -0.223536 0.141454
v 0.306096 -0.089336 -0.087946
v -0.150004 -0.214336 0.187854
v 0.290696 -0.093537 -0.145346
v -0.109104 -0.203137 0.225854
v 0.265696 -0.100337 -0.198146
v -0.062404 -0.190336 0.254054
v -0.011704 -0.176437 -0.328146
v 0.040996 -0.161937 -0.334046
v 0.232096 -0.109637 -0.244546
v -0.011704 -0.176436 0.271454
v -0.062404 -0.190337 -0.310746
v 0.191196 -0.120837 -0.282546
v 0.040996 -0.161936 0.277354
v -0.109104 -0.203137 -0.282546
v 0.144396 -0.133637 -0.310746
v 0.093696 -0.147536 0.271454
v -0.150004 -0.214336 -0.244546
v 0.093696 -0.147537 -0.328146
v 0.144396 -0.133636 0.254054
v -0.183604 -0.223537 -0.198146
v 0.191196 -0.120836 0.225854
v -0.133404 -0.228936 0.267454
v -0.132104 -0.301136 0.267454
v -0.179804 -0.314236 0.223254
v -0.181004 -0.242036 0.223254
v 0.355896 -0.094836 -0.028346
v 0.349796 -0.096536 0.041054
v -0.220204 -0.252736 0.169354
v 0.349796 -0.096536 -0.097746
v 0.331896 -0.101437 -0.164546
v 0.302896 -0.109337 -0.226046
v -0.079004 -0.214036 0.300354
v -0.020004 -0.197837 -0.377346
v 0.041396 -0.181037 -0.384146
v 0.263796 -0.120137 -0.279946
v -0.020004 -0.197836 0.320654
v -0.079004 -0.214037 -0.357046
v 0.216096 -0.133136 -0.324146
v 0.041396 -0.181036 0.327454
v -0.133404 -0.228937 -0.324146
v 0.161696 -0.148037 -0.357046
v 0.102696 -0.164236 0.320654
v -0.181004 -0.242036 -0.279946
v 0.102696 -0.164237 -0.377346
v 0.161696 -0.148036 0.300354
v -0.220204 -0.252736 -0.226046
v 0.216096 -0.133136 0.267454
v -0.249204 -0.260736 -0.164546
v 0.263796 -0.120136 0.223254
v -0.267104 -0.265637 -0.097746
v 0.302896 -0.109336 0.169354
v -0.273204 -0.267236 -0.028346
v 0.331896 -0.101436 0.107854
v 0.042596 -0.253236 0.327454
v 0.043096 -0.281436 0.281754
v -0.010104 -0.292036 0.275754
v -0.018804 -0.270136 0.320654
v 0.304096 -0.181636 -0.226046
v 0.333196 -0.173637 -0.164546
v -0.077804 -0.286236 0.300354
v -0.018804 -0.270137 -0.377346
v 0.042596 -0.253237 -0.384146
v 0.264996 -0.192337 -0.279946
v -0.077804 -0.286236 -0.357046
v 0.217296 -0.205336 -0.324146
v -0.132104 -0.301137 -0.324146
v 0.162996 -0.220237 -0.357046
v 0.103996 -0.236436 0.320654
v -0.179804 -0.314236 -0.279946
v 0.103996 -0.236437 -0.377346
v 0.162996 -0.220236 0.300354
v -0.218904 -0.324936 -0.226046
v 0.217296 -0.205336 0.267454
v -0.248004 -0.332936 -0.164546
v 0.264996 -0.192336 0.223254
v -0.265904 -0.337837 -0.097746
v 0.304096 -0.181636 0.169354
v -0.271904 -0.339436 -0.028346
v 0.333196 -0.173636 0.107854
v -0.265904 -0.337837 0.041054
v 0.351096 -0.168736 0.041054
v -0.248004 -0.332936 0.107854
v 0.357096 -0.167036 -0.028346
v -0.218904 -0.324936 0.169354
v 0.351096 -0.168736 -0.097746
v 0.194496 -0.251236 0.229454
v 0.212396 -0.261337 0.263554
v 0.158996 -0.271936 0.295954
v 0.147396 -0.260636 0.258154
v -0.108404 -0.311636 -0.286146
v -0.061304 -0.302237 -0.314846
v 0.147396 -0.260637 -0.314846
v 0.194496 -0.251237 -0.286146
v 0.096296 -0.270836 0.275754
v -0.149704 -0.319936 -0.247546
v 0.096296 -0.270837 -0.332446
v -0.183604 -0.326736 -0.200646
v 0.043096 -0.281437 -0.338446
v -0.208804 -0.331737 -0.147046
v 0.235896 -0.243036 0.190854
v -0.224304 -0.334836 -0.088846
v 0.269796 -0.236236 0.143954
v -0.229504 -0.335836 -0.028346
v 0.294996 -0.231236 0.090354
v -0.224304 -0.334836 0.032154
v 0.310496 -0.228136 0.032154
v -0.208804 -0.331737 0.090354
v 0.315696 -0.227036 -0.028346
v -0.183604 -0.326736 0.143954
v 0.310496 -0.228136 -0.088846
v -0.149704 -0.319936 0.190854
v 0.294996 -0.231236 -0.147046
v -0.108404 -0.311636 0.229454
v 0.269796 -0.236236 -0.200646
v -0.061304 -0.302236 0.258154
v -0.010104 -0.292037 -0.332446
v 0.235896 -0.243036 -0.247546
v 0.326096 -0.238636 0.105954
v 0.314796 -0.311736 0.105954
v 0.286296 -0.317436 0.166654
v 0.297496 -0.244336 0.166654
v -0.215704 -0.346737 -0.223346
v -0.244204 -0.352436 -0.162646
v 0.259196 -0.251936 0.219854
v -0.261804 -0.355936 -0.096846
v -0.267704 -0.357136 -0.028346
v -0.261804 -0.355936 0.040154
v 0.343596 -0.235136 0.040154
v -0.244204 -0.352436 0.105954
v 0.349596 -0.233937 -0.028346
v -0.215704 -0.346736 0.166654
v 0.343596 -0.235136 -0.096846
v -0.177304 -0.339036 0.219854
v 0.326096 -0.238637 -0.162646
v -0.130604 -0.329736 0.263554
v 0.297496 -0.244337 -0.223346
v -0.077204 -0.319036 0.295954
v -0.019304 -0.307537 -0.372646
v 0.040896 -0.295536 -0.379346
v 0.259196 -0.251937 -0.276546
v -0.019304 -0.307536 0.315954
v -0.077204 -0.319037 -0.352646
v 0.212396 -0.261337 -0.320246
v 0.040896 -0.295536 0.322654
v -0.130604 -0.329737 -0.320246
v 0.158996 -0.271937 -0.352646
v 0.101096 -0.283536 0.315954
v -0.177304 -0.339036 -0.276546
v 0.101096 -0.283537 -0.372646
v 0.332296 -0.308236 -0.096846
v 0.293596 -0.346437 -0.089246
v 0.298796 -0.345536 -0.028346
v 0.338296 -0.307036 -0.028346
v -0.273104 -0.429036 0.040154
v -0.279004 -0.430236 -0.028346
v 0.332296 -0.308236 0.040154
v -0.255504 -0.425536 0.105954
v -0.227004 -0.419836 0.166654
v -0.188604 -0.412236 0.219854
v 0.314796 -0.311736 -0.162646
v -0.141804 -0.402836 0.263554
v 0.286296 -0.317436 -0.223346
v -0.088504 -0.392236 0.295954
v 0.029596 -0.368637 -0.379346
v -0.030604 -0.380636 -0.372646
v 0.247896 -0.325137 -0.276546
v -0.030604 -0.380636 0.315954
v -0.088504 -0.392237 -0.352646
v 0.201096 -0.334437 -0.320246
v 0.029596 -0.368636 0.322654
v -0.141804 -0.402837 -0.320246
v 0.147696 -0.345037 -0.352646
v 0.089796 -0.356636 0.315954
v -0.188604 -0.412236 -0.276546
v 0.089796 -0.356636 -0.372646
v 0.147696 -0.345036 0.295954
v -0.227004 -0.419836 -0.223346
v 0.201096 -0.334436 0.263554
v -0.255504 -0.425536 -0.162646
v 0.247896 -0.325136 0.219854
v -0.273104 -0.429036 -0.096846
v 0.089796 -0.402736 0.316054
v 0.079496 -0.381436 0.277854
v 0.130596 -0.373136 0.260054
v 0.147296 -0.393336 0.296054
v -0.166404 -0.421736 0.192354
v -0.200304 -0.427236 0.145054
v 0.278096 -0.348936 -0.147846
v -0.125104 -0.414936 0.231154
v 0.252896 -0.353036 -0.201746
v -0.078004 -0.407236 0.260054
v -0.026904 -0.398936 -0.334546
v 0.026296 -0.390137 -0.340546
v 0.218996 -0.358637 -0.249046
v -0.026904 -0.398936 0.277854
v -0.078004 -0.407236 -0.316746
v 0.177696 -0.365437 -0.287846
v 0.026296 -0.390136 0.283854
v -0.125104 -0.414937 -0.287846
v 0.130596 -0.373136 -0.316746
v -0.166404 -0.421737 -0.249046
v 0.079496 -0.381436 -0.334546
v -0.200304 -0.427237 -0.201746
v 0.177696 -0.365436 0.231154
v -0.225504 -0.431436 -0.147846
v 0.218996 -0.358636 0.192354
v -0.241004 -0.433936 -0.089246
v 0.252896 -0.353036 0.145054
v -0.246204 -0.434837 -0.028346
v 0.278096 -0.348936 0.091154
v -0.241004 -0.433936 0.032554
v 0.293596 -0.346437 0.032554
v -0.225504 -0.431436 0.091154
v 0.255196 -0.428836 0.219954
v 0.246696 -0.377036 0.219954
v 0.284896 -0.370736 0.166754
v 0.293296 -0.422636 0.166754
v -0.224904 -0.454237 -0.223446
v -0.186804 -0.448037 -0.276646
v 0.029996 -0.412537 -0.379446
v 0.089796 -0.402737 -0.372746
v 0.200296 -0.384636 0.263654
v -0.253204 -0.458936 -0.162746
v -0.270704 -0.461736 -0.096846
v -0.276604 -0.462736 -0.028346
v 0.313196 -0.366136 0.106054
v -0.270704 -0.461736 0.040154
v 0.330596 -0.363236 0.040154
v -0.253204 -0.458936 0.106054
v 0.336496 -0.362336 -0.028346
v -0.224904 -0.454236 0.166754
v 0.330596 -0.363236 -0.096846
v -0.186804 -0.448036 0.219954
v 0.313196 -0.366136 -0.162746
v -0.140304 -0.440436 0.263654
v 0.284896 -0.370737 -0.223446
v -0.087304 -0.431736 0.296054
v -0.029804 -0.422336 -0.372746
v 0.246696 -0.377036 -0.276646
v -0.029804 -0.422336 0.316054
v -0.087304 -0.431736 -0.352746
v 0.200296 -0.384636 -0.320346
v 0.029996 -0.412536 0.322754
v -0.140304 -0.440437 -0.320346
v 0.147296 -0.393337 -0.352746
v 0.317096 -0.487236 0.033254
v 0.339096 -0.415136 0.040154
v 0.344996 -0.414136 -0.028346
v 0.322396 -0.487036 -0.028346
v -0.262204 -0.513636 -0.096846
v -0.268104 -0.514536 -0.028346
v 0.321696 -0.417937 0.106054
v -0.262204 -0.513636 0.040154
v -0.244804 -0.510736 0.106054
v -0.216404 -0.506136 0.166754
v 0.339096 -0.415136 -0.096846
v -0.178304 -0.499836 0.219954
v 0.321696 -0.417937 -0.162746
v -0.131904 -0.492236 0.263654
v 0.293296 -0.422636 -0.223446
v -0.078904 -0.483536 0.296054
v -0.021304 -0.474137 -0.372746
v 0.038496 -0.464337 -0.379446
v 0.255196 -0.428836 -0.276646
v -0.021304 -0.474136 0.316054
v -0.078904 -0.483537 -0.352746
v 0.208796 -0.436437 -0.320346
v 0.038496 -0.464336 0.322754
v -0.131904 -0.492236 -0.320346
v 0.155796 -0.445137 -0.352746
v 0.098296 -0.454536 0.316054
v -0.178304 -0.499837 -0.276646
v 0.098296 -0.454536 -0.372746
v 0.155796 -0.445136 0.296054
v -0.216404 -0.506137 -0.223446
v 0.208796 -0.436436 0.263654
v -0.244804 -0.510736 -0.162746
v -0.011104 -0.495437 -0.337946
v -0.063504 -0.496837 -0.319946
v -0.111704 -0.498037 -0.290746
v -0.154004 -0.499037 -0.251546
v -0.188804 -0.499937 -0.203746
v -0.214504 -0.500636 -0.149146
v -0.230404 -0.501036 -0.089946
v -0.235804 -0.501136 -0.028346
v -0.230404 -0.501036 0.033254
v -0.214504 -0.500636 0.092454
v -0.188804 -0.499936 0.147054
v -0.154004 -0.499036 0.194854
v -0.111704 -0.498036 0.234054
v -0.063504 -0.496836 0.263254
v -0.011104 -0.495436 0.281254
v 0.043296 -0.494136 0.287254
v 0.097796 -0.492736 0.281254
v 0.150096 -0.491436 0.263254
v 0.198396 -0.490236 0.234054
v 0.240696 -0.489136 0.194854
v 0.275396 -0.488236 0.147054
v 0.301196 -0.487636 0.092454
v 0.317096 -0.487236 -0.089946
v 0.301196 -0.487636 -0.149146
v 0.275396 -0.488237 -0.203646
v 0.240696 -0.489137 -0.251546
v 0.198396 -0.490237 -0.290746
v 0.150096 -0.491437 -0.319946
v 0.097796 -0.492737 -0.337946
v 0.043296 -0.494137 -0.343946
vn 0.3933 -0.9194 0.0001
vn 0.3933 -0.9194 -0.0000
vn 0.3934 -0.9194 -0.0002
vn 0.3933 -0.9194 -0.0001
vn 0.3935 -0.9193 -0.0002
vn 0.3934 -0.9194 -0.0001
vn 0.3934 -0.9194 -0.0000
vn 0.3934 -0.9194 0.0001
vn 0.3935 -0.9193 -0.0000
vn 0.3935 -0.9193 0.0001
vn 0.3930 -0.9195 0.0001
vn 0.3931 -0.9195 -0.0000
vn 0.1217 0.9915 -0.0461
vn 0.1218 0.9915 -0.0461
vn 0.1217 0.9915 -0.0460
vn 0.1216 0.9915 -0.0461
vn 0.4570 0.1954 -0.8677
vn 0.4570 0.1955 -0.8677
vn 0.4570 0.1954 -0.8678
vn 0.0965 0.0413 0.9945
vn 0.0964 0.0411 0.9945
vn 0.0965 0.0412 0.9945
vn -0.7300 -0.3124 0.6079
vn -0.7299 -0.3123 0.6080
vn 0.2843 0.1217 -0.9510
vn 0.2842 0.1216 -0.9510
vn 0.2843 0.1216 -0.9510
vn 0.2843 0.1216 0.9510
vn 0.2842 0.1216 0.9510
vn -0.6072 -0.2599 0.7509
vn -0.6072 -0.2598 0.7509
vn -0.6070 -0.2598 0.7510
vn -0.6066 -0.2602 0.7512
vn 0.0965 0.0413 -0.9945
vn 0.0964 0.0414 -0.9945
vn 0.0966 0.0413 -0.9945
vn 0.4566 0.1956 0.8679
vn 0.4570 0.1955 0.8677
vn 0.4566 0.1955 0.8679
vn -0.4570 -0.1955 0.8677
vn -0.4569 -0.1952 0.8678
vn -0.4570 -0.1954 0.8678
vn -0.0964 -0.0413 -0.9945
vn -0.0965 -0.0413 -0.9945
vn 0.6070 0.2595 0.7512
vn -0.2843 -0.1216 0.9510
vn -0.2842 -0.1216 0.9510
vn -0.2843 -0.1216 -0.9510
vn -0.2844 -0.1217 -0.9510
vn -0.2845 -0.1218 -0.9509
vn 0.7301 0.3121 0.6079
vn -0.0964 -0.0413 0.9945
vn -0.4569 -0.1952 -0.8678
vn -0.4570 -0.1955 -0.8677
vn -0.4571 -0.1951 -0.8678
vn 0.8227 0.3524 0.4461
vn 0.8229 0.3520 0.4460
vn 0.8228 0.3520 0.4462
vn 0.8228 0.3520 0.4463
vn -0.6072 -0.2598 -0.7509
vn 0.8846 0.3785 0.2724
vn -0.7299 -0.3123 -0.6080
vn -0.7299 -0.3123 -0.6081
vn 0.9156 0.3916 0.0915
vn 0.9156 0.3915 0.0915
vn 0.9156 0.3917 0.0915
vn -0.8227 -0.3520 -0.4464
vn -0.8227 -0.3522 -0.4462
vn -0.8227 -0.3521 -0.4463
vn 0.9155 0.3917 -0.0915
vn 0.9156 0.3916 -0.0915
vn -0.8846 -0.3784 -0.2724
vn -0.8847 -0.3783 -0.2724
vn -0.8847 -0.3785 -0.2723
vn -0.8847 -0.3785 -0.2722
vn 0.8846 0.3785 -0.2724
vn -0.9155 -0.3917 -0.0916
vn -0.9155 -0.3917 -0.0915
vn -0.9156 -0.3915 -0.0919
vn 0.8228 0.3523 -0.4461
vn 0.8228 0.3520 -0.4462
vn 0.8228 0.3519 -0.4463
vn 0.8228 0.3520 -0.4463
vn -0.9156 -0.3915 0.0918
vn -0.9155 -0.3918 0.0914
vn -0.9155 -0.3916 0.0916
vn -0.9155 -0.3917 0.0915
vn 0.7301 0.3121 -0.6079
vn -0.8846 -0.3785 0.2724
vn -0.8846 -0.3785 0.2723
vn 0.6070 0.2595 -0.7512
vn 0.6072 0.2598 -0.7509
vn -0.8227 -0.3520 0.4464
vn -0.8227 -0.3517 0.4466
vn 0.6235 -0.7524 -0.2124
vn 0.6235 -0.7524 -0.2123
vn -0.7842 0.6053 -0.1365
vn -0.7844 0.6050 -0.1368
vn -0.7845 0.6048 -0.1369
vn 0.1042 0.9851 -0.1368
vn -0.8011 0.5967 -0.0461
vn -0.8012 0.5966 -0.0461
vn -0.8011 0.5968 -0.0461
vn 0.0695 0.9724 -0.2226
vn -0.8012 0.5966 0.0461
vn 0.0186 0.9535 -0.3007
vn 0.0186 0.9536 -0.3005
vn 0.0188 0.9536 -0.3005
vn 0.0189 0.9536 -0.3005
vn -0.7846 0.6048 0.1368
vn -0.7844 0.6049 0.1368
vn -0.7843 0.6051 0.1369
vn -0.7845 0.6049 0.1368
vn -0.0462 0.9289 -0.3673
vn -0.0459 0.9289 -0.3674
vn -0.0464 0.9290 -0.3673
vn -0.0463 0.9289 -0.3673
vn -0.7513 0.6213 0.2226
vn -0.1221 0.8991 -0.4205
vn -0.1227 0.8990 -0.4204
vn -0.1223 0.8991 -0.4204
vn -0.1224 0.8991 -0.4203
vn -0.2991 0.8270 0.4761
vn -0.2991 0.8269 0.4761
vn -0.2991 0.8270 0.4760
vn -0.7027 0.6450 0.3003
vn -0.7027 0.6449 0.3005
vn -0.7028 0.6448 0.3005
vn -0.2079 0.8647 -0.4573
vn -0.2082 0.8646 -0.4573
vn -0.2077 0.8647 -0.4573
vn -0.2082 0.8646 0.4573
vn -0.2083 0.8646 0.4573
vn -0.2082 0.8646 0.4572
vn -0.2082 0.8647 0.4572
vn -0.6402 0.6746 0.3675
vn -0.6401 0.6747 0.3674
vn -0.6397 0.6749 0.3677
vn -0.6402 0.6747 0.3674
vn -0.2991 0.8270 -0.4761
vn -0.2991 0.8271 -0.4759
vn -0.2991 0.8269 -0.4762
vn -0.1227 0.8990 0.4204
vn -0.1222 0.8992 0.4201
vn -0.1226 0.8990 0.4204
vn -0.1226 0.8990 0.4205
vn -0.5655 0.7095 0.4204
vn -0.5655 0.7096 0.4204
vn -0.3915 0.7875 -0.4760
vn -0.3915 0.7875 -0.4761
vn -0.3915 0.7875 -0.4759
vn -0.0463 0.9290 0.3672
vn -0.0464 0.9291 0.3670
vn -0.0463 0.9289 0.3674
vn -0.0460 0.9289 0.3674
vn -0.4816 0.7477 0.4571
vn -0.4816 0.7478 0.4571
vn -0.4816 0.7477 0.4572
vn -0.4816 0.7476 -0.4573
vn -0.4816 0.7477 -0.4572
vn -0.4818 0.7478 -0.4569
vn -0.4817 0.7477 -0.4570
vn 0.0189 0.9536 0.3006
vn 0.0188 0.9536 0.3005
vn 0.0189 0.9536 0.3005
vn -0.3915 0.7875 0.4759
vn -0.3915 0.7875 0.4760
vn -0.5655 0.7096 -0.4204
vn -0.5655 0.7095 -0.4204
vn -0.5656 0.7095 -0.4204
vn 0.0696 0.9724 0.2226
vn 0.0695 0.9724 0.2226
vn 0.0696 0.9724 0.2227
vn 0.0697 0.9724 0.2226
vn -0.6401 0.6748 -0.3673
vn -0.6401 0.6748 -0.3674
vn 0.1042 0.9851 0.1368
vn 0.1041 0.9851 0.1368
vn -0.7028 0.6448 -0.3005
vn -0.7027 0.6449 -0.3005
vn -0.7027 0.6449 -0.3004
vn 0.1218 0.9915 0.0461
vn 0.1218 0.9915 0.0460
vn -0.7513 0.6212 -0.2227
vn -0.7513 0.6213 -0.2226
vn -0.7514 0.6212 -0.2227
vn 0.0526 -0.9939 0.0970
vn 0.0528 -0.9939 0.0969
vn 0.0529 -0.9939 0.0969
vn 0.5787 -0.7732 -0.2593
vn 0.5787 -0.7732 -0.2592
vn 0.5787 -0.7734 -0.2588
vn 0.5787 -0.7733 -0.2590
vn 0.0775 -0.9844 0.1577
vn 0.0776 -0.9844 0.1576
vn 0.0776 -0.9845 0.1576
vn 0.5257 -0.7974 -0.2964
vn 0.5257 -0.7975 -0.2962
vn 0.5257 -0.7974 -0.2963
vn 0.5257 -0.7973 -0.2965
vn 0.4027 -0.8518 0.3351
vn 0.4028 -0.8518 0.3349
vn 0.4029 -0.8518 0.3348
vn 0.1134 -0.9706 0.2125
vn 0.1131 -0.9706 0.2125
vn 0.1135 -0.9706 0.2124
vn 0.1136 -0.9706 0.2124
vn 0.4664 -0.8239 -0.3218
vn 0.4665 -0.8239 -0.3219
vn 0.4663 -0.8240 -0.3217
vn 0.4663 -0.8240 0.3217
vn 0.4662 -0.8241 0.3216
vn 0.1596 -0.9525 0.2592
vn 0.1596 -0.9525 0.2594
vn 0.1597 -0.9525 0.2594
vn 0.4028 -0.8518 -0.3349
vn 0.4032 -0.8517 -0.3347
vn 0.4029 -0.8518 -0.3349
vn 0.5257 -0.7974 0.2964
vn 0.5257 -0.7974 0.2963
vn 0.2139 -0.9309 0.2961
vn 0.2138 -0.9309 0.2962
vn 0.2140 -0.9309 0.2961
vn 0.3379 -0.8796 -0.3350
vn 0.3379 -0.8796 -0.3348
vn 0.3381 -0.8796 -0.3347
vn 0.3379 -0.8795 -0.3350
vn 0.5787 -0.7733 0.2592
vn 0.5788 -0.7731 0.2593
vn 0.5787 -0.7732 0.2592
vn 0.2740 -0.9063 0.3217
vn 0.2740 -0.9063 0.3218
vn 0.2741 -0.9063 -0.3218
vn 0.2740 -0.9063 -0.3217
vn 0.6235 -0.7524 0.2123
vn 0.6235 -0.7524 0.2124
vn 0.6235 -0.7524 0.2122
vn 0.3380 -0.8796 0.3347
vn 0.3379 -0.8797 0.3346
vn 0.3381 -0.8796 0.3347
vn 0.3379 -0.8796 0.3348
vn 0.2138 -0.9309 -0.2962
vn 0.6585 -0.7359 0.1576
vn 0.6586 -0.7358 0.1576
vn 0.1596 -0.9525 -0.2592
vn 0.1596 -0.9525 -0.2593
vn 0.6825 -0.7245 0.0966
vn 0.6825 -0.7245 0.0968
vn 0.6825 -0.7245 0.0969
vn 0.6824 -0.7245 0.0969
vn 0.1135 -0.9706 -0.2124
vn 0.1136 -0.9706 -0.2124
vn 0.6946 -0.7187 0.0327
vn 0.6946 -0.7186 0.0327
vn 0.6945 -0.7187 0.0327
vn 0.0776 -0.9844 -0.1576
vn 0.0777 -0.9844 -0.1576
vn 0.0775 -0.9845 -0.1576
vn 0.6946 -0.7186 -0.0327
vn 0.6946 -0.7187 -0.0327
vn 0.6945 -0.7187 -0.0327
vn 0.0528 -0.9939 -0.0969
vn 0.6824 -0.7245 -0.0969
vn 0.6824 -0.7246 -0.0967
vn 0.6828 -0.7241 -0.0972
vn 0.0402 -0.9987 -0.0327
vn 0.0406 -0.9986 -0.0329
vn 0.6585 -0.7359 -0.1576
vn 0.0402 -0.9987 0.0327
vn 0.0402 -0.9987 0.0328
vn -0.4813 0.7504 -0.4530
vn -0.4813 0.7505 -0.4530
vn -0.4814 0.7503 -0.4530
vn -0.4815 0.7502 -0.4531
vn -0.6073 -0.2597 0.7508
vn -0.6071 -0.2598 0.7510
vn -0.6072 -0.2597 0.7509
vn -0.6076 -0.2596 0.7506
vn 0.0963 0.0412 -0.9945
vn 0.0962 0.0412 -0.9945
vn 0.0968 0.0413 -0.9944
vn 0.4568 0.1953 0.8679
vn 0.4569 0.1954 0.8678
vn 0.4566 0.1953 0.8680
vn -0.4565 -0.1952 0.8680
vn -0.4568 -0.1954 0.8679
vn -0.4567 -0.1951 0.8680
vn -0.0963 -0.0413 -0.9945
vn -0.0962 -0.0413 -0.9945
vn -0.0962 -0.0412 -0.9945
vn 0.6076 0.2596 0.7506
vn 0.6072 0.2598 0.7509
vn -0.2844 -0.1217 0.9510
vn -0.2842 -0.1216 -0.9510
vn -0.2844 -0.1216 -0.9510
vn 0.7300 0.3121 0.6081
vn 0.7300 0.3123 0.6079
vn 0.7299 0.3119 0.6083
vn -0.0965 -0.0413 0.9945
vn -0.0962 -0.0413 0.9945
vn -0.0963 -0.0413 0.9945
vn -0.0962 -0.0412 0.9945
vn -0.4568 -0.1953 -0.8679
vn -0.4567 -0.1952 -0.8679
vn -0.4569 -0.1954 -0.8678
vn 0.8225 0.3522 0.4465
vn 0.8227 0.3521 0.4463
vn 0.8227 0.3520 0.4465
vn 0.8845 0.3788 0.2723
vn 0.8846 0.3785 0.2723
vn 0.8845 0.3787 0.2723
vn 0.8846 0.3788 0.2722
vn -0.7300 -0.3121 -0.6081
vn -0.7300 -0.3123 -0.6079
vn -0.7299 -0.3121 -0.6081
vn -0.7299 -0.3125 -0.6080
vn 0.9155 0.3917 0.0915
vn -0.8225 -0.3522 -0.4465
vn -0.8228 -0.3521 -0.4461
vn -0.8846 -0.3785 -0.2724
vn -0.8845 -0.3787 -0.2723
vn -0.8846 -0.3785 -0.2723
vn 0.8847 0.3785 -0.2722
vn 0.8847 0.3785 -0.2720
vn 0.8845 0.3787 -0.2723
vn 0.8843 0.3790 -0.2726
vn 0.8225 0.3522 -0.4465
vn 0.8227 0.3520 -0.4465
vn 0.8227 0.3521 -0.4463
vn 0.7300 0.3121 -0.6081
vn 0.7298 0.3122 -0.6083
vn 0.7299 0.3121 -0.6081
vn 0.7301 0.3120 -0.6079
vn -0.8846 -0.3784 0.2724
vn -0.8847 -0.3785 0.2720
vn -0.8845 -0.3788 0.2723
vn 0.6076 0.2596 -0.7506
vn -0.8228 -0.3520 0.4463
vn -0.8228 -0.3520 0.4462
vn -0.8229 -0.3519 0.4462
vn 0.4565 0.1952 -0.8680
vn 0.4568 0.1953 -0.8679
vn 0.4569 0.1954 -0.8678
vn 0.4566 0.1953 -0.8680
vn 0.0968 0.0414 0.9944
vn 0.0968 0.0413 0.9944
vn -0.7301 -0.3123 0.6077
vn -0.7301 -0.3120 0.6079
vn -0.7301 -0.3122 0.6078
vn -0.0842 -0.9362 -0.3413
vn -0.0844 -0.9362 -0.3413
vn -0.0843 -0.9362 -0.3413
vn 0.0144 0.9545 0.2978
vn 0.0145 0.9545 0.2980
vn 0.0144 0.9546 0.2976
vn 0.0146 0.9545 0.2978
vn -0.3918 0.7898 0.4720
vn -0.3921 0.7898 0.4717
vn -0.5644 0.7127 -0.4165
vn -0.5643 0.7127 -0.4166
vn -0.5645 0.7127 -0.4164
vn 0.0648 0.9732 0.2205
vn 0.0646 0.9732 0.2208
vn 0.0647 0.9732 0.2208
vn 0.0648 0.9733 0.2203
vn -0.6383 0.6783 -0.3641
vn -0.6383 0.6783 -0.3639
vn -0.6384 0.6783 -0.3639
vn -0.6384 0.6782 -0.3641
vn 0.0990 0.9858 0.1357
vn 0.0991 0.9858 0.1356
vn 0.0991 0.9858 0.1355
vn 0.0990 0.9858 0.1356
vn -0.7005 0.6486 -0.2978
vn -0.7004 0.6486 -0.2978
vn 0.1166 0.9921 0.0459
vn 0.1165 0.9921 0.0459
vn -0.7486 0.6252 -0.2206
vn 0.1166 0.9921 -0.0456
vn 0.1165 0.9921 -0.0459
vn 0.1165 0.9921 -0.0456
vn 0.1166 0.9921 -0.0453
vn -0.7815 0.6091 -0.1355
vn -0.7815 0.6090 -0.1356
vn -0.7814 0.6091 -0.1355
vn 0.0990 0.9858 -0.1355
vn 0.0991 0.9858 -0.1353
vn 0.0991 0.9858 -0.1354
vn 0.0990 0.9858 -0.1356
vn -0.7982 0.6007 -0.0457
vn -0.7981 0.6008 -0.0457
vn 0.0647 0.9732 -0.2208
vn 0.0649 0.9732 -0.2205
vn 0.0648 0.9732 -0.2207
vn 0.0648 0.9732 -0.2206
vn -0.7982 0.6007 0.0456
vn -0.7981 0.6008 0.0457
vn 0.0146 0.9545 -0.2979
vn 0.0146 0.9545 -0.2978
vn 0.0145 0.9546 -0.2977
vn 0.0144 0.9545 -0.2980
vn -0.7814 0.6091 0.1355
vn -0.7814 0.6091 0.1356
vn -0.7815 0.6091 0.1356
vn -0.0497 0.9301 -0.3640
vn -0.0501 0.9301 -0.3639
vn -0.7486 0.6253 0.2205
vn -0.7486 0.6252 0.2205
vn -0.7486 0.6253 0.2206
vn -0.7486 0.6252 0.2206
vn -0.1259 0.9004 -0.4165
vn -0.1257 0.9004 -0.4165
vn -0.1258 0.9004 -0.4165
vn -0.3006 0.8289 0.4717
vn -0.3005 0.8290 0.4717
vn -0.3006 0.8290 0.4717
vn -0.3010 0.8287 0.4719
vn -0.7004 0.6487 0.2977
vn -0.7004 0.6486 0.2978
vn -0.7005 0.6486 0.2977
vn -0.7004 0.6487 0.2976
vn -0.2105 0.8663 -0.4531
vn -0.2105 0.8663 -0.4530
vn -0.2106 0.8663 -0.4530
vn -0.2107 0.8662 0.4532
vn -0.2105 0.8664 0.4529
vn -0.2105 0.8662 0.4531
vn -0.2105 0.8663 0.4530
vn -0.6383 0.6782 0.3642
vn -0.6385 0.6780 0.3642
vn -0.6382 0.6783 0.3641
vn -0.6384 0.6782 0.3640
vn -0.3005 0.8290 -0.4717
vn -0.1258 0.9004 0.4165
vn -0.1259 0.9004 0.4165
vn -0.1257 0.9004 0.4165
vn -0.5644 0.7127 0.4165
vn -0.5643 0.7127 0.4167
vn -0.5643 0.7127 0.4166
vn -0.3918 0.7898 -0.4720
vn -0.3917 0.7898 -0.4720
vn -0.3918 0.7898 -0.4719
vn -0.0497 0.9301 0.3640
vn -0.0501 0.9301 0.3639
vn -0.4812 0.7505 0.4530
vn -0.4813 0.7504 0.4530
vn -0.4810 0.7506 0.4530
vn -0.9156 -0.3916 -0.0915
vn -0.9156 -0.3915 -0.0914
vn 0.8459 -0.5307 0.0523
vn 0.8458 -0.5310 0.0522
vn 0.8458 -0.5309 0.0523
vn 0.8460 -0.5307 0.0523
vn -0.1415 -0.9572 -0.2526
vn -0.1414 -0.9572 -0.2525
vn -0.1415 -0.9572 -0.2527
vn 0.8459 -0.5308 -0.0523
vn 0.8458 -0.5309 -0.0523
vn 0.8460 -0.5307 -0.0523
vn -0.1807 -0.9712 -0.1550
vn -0.1803 -0.9713 -0.1551
vn -0.1806 -0.9712 -0.1552
vn -0.1807 -0.9712 -0.1551
vn 0.8272 -0.5401 -0.1551
vn 0.8271 -0.5402 -0.1551
vn -0.2008 -0.9782 -0.0526
vn -0.2008 -0.9782 -0.0527
vn -0.2009 -0.9782 -0.0526
vn 0.7900 -0.5586 -0.2527
vn 0.7901 -0.5585 -0.2527
vn 0.7901 -0.5585 -0.2525
vn -0.2009 -0.9782 0.0526
vn -0.2006 -0.9783 0.0525
vn -0.2008 -0.9782 0.0526
vn -0.2008 -0.9782 0.0525
vn 0.7354 -0.5853 -0.3414
vn 0.7353 -0.5855 -0.3413
vn 0.7353 -0.5857 -0.3411
vn 0.7354 -0.5853 -0.3413
vn -0.1805 -0.9712 0.1554
vn -0.1805 -0.9713 0.1551
vn -0.1803 -0.9713 0.1551
vn 0.6646 -0.6194 -0.4179
vn 0.6646 -0.6194 -0.4178
vn 0.6646 -0.6195 -0.4177
vn -0.1415 -0.9571 0.2527
vn -0.1415 -0.9572 0.2525
vn -0.1415 -0.9572 0.2526
vn -0.1415 -0.9571 0.2528
vn 0.5801 -0.6593 -0.4783
vn 0.5798 -0.6593 -0.4788
vn 0.5801 -0.6593 -0.4784
vn 0.3823 -0.7481 0.5424
vn 0.3823 -0.7481 0.5423
vn 0.3822 -0.7481 0.5425
vn -0.0842 -0.9362 0.3413
vn -0.0841 -0.9361 0.3415
vn -0.0843 -0.9362 0.3413
vn 0.4848 -0.7028 -0.5207
vn 0.4847 -0.7028 0.5207
vn 0.4848 -0.7029 0.5205
vn 0.4848 -0.7028 0.5206
vn 0.4848 -0.7027 0.5207
vn -0.0108 -0.9084 0.4179
vn -0.0106 -0.9084 0.4179
vn -0.0107 -0.9084 0.4179
vn -0.0108 -0.9085 0.4177
vn 0.3823 -0.7481 -0.5424
vn 0.3823 -0.7481 -0.5423
vn 0.5800 -0.6593 0.4785
vn 0.5801 -0.6592 0.4784
vn 0.5800 -0.6593 0.4784
vn 0.0763 -0.8748 0.4784
vn 0.0762 -0.8748 0.4784
vn 0.2770 -0.7931 -0.5424
vn 0.2771 -0.7932 -0.5423
vn 0.2772 -0.7932 -0.5422
vn 0.6646 -0.6196 0.4176
vn 0.6646 -0.6196 0.4177
vn 0.6646 -0.6195 0.4177
vn 0.1735 -0.8359 0.5207
vn 0.1737 -0.8360 -0.5206
vn 0.1737 -0.8360 -0.5205
vn 0.1738 -0.8360 -0.5205
vn 0.7354 -0.5853 0.3414
vn 0.7352 -0.5856 0.3413
vn 0.7354 -0.5854 0.3414
vn 0.2770 -0.7931 0.5424
vn 0.2771 -0.7932 0.5423
vn 0.2772 -0.7932 0.5422
vn 0.2769 -0.7932 0.5424
vn 0.0762 -0.8748 -0.4785
vn 0.0762 -0.8748 -0.4784
vn 0.7899 -0.5588 0.2526
vn 0.7899 -0.5587 0.2527
vn 0.7899 -0.5590 0.2523
vn -0.0108 -0.9084 -0.4179
vn -0.0110 -0.9084 -0.4180
vn -0.0107 -0.9084 -0.4179
vn -0.0106 -0.9084 -0.4179
vn 0.8272 -0.5401 0.1551
vn -0.7937 0.5491 0.2618
vn -0.7937 0.5493 0.2614
vn 0.8226 0.3521 -0.4464
vn 0.8227 0.3520 -0.4463
vn -0.9155 -0.3918 0.0915
vn -0.9156 -0.3916 0.0915
vn -0.9155 -0.3918 0.0916
vn 0.7300 0.3125 -0.6079
vn 0.7299 0.3122 -0.6081
vn 0.7300 0.3124 -0.6079
vn 0.7299 0.3124 -0.6080
vn -0.8227 -0.3520 0.4463
vn -0.8227 -0.3521 0.4464
vn -0.8227 -0.3521 0.4463
vn 0.4571 0.1956 -0.8677
vn 0.4570 0.1957 -0.8677
vn 0.4571 0.1956 -0.8676
vn 0.4571 0.1955 -0.8677
vn -0.7299 -0.3121 0.6081
vn -0.7299 -0.3124 0.6080
vn 0.2843 0.1220 -0.9509
vn 0.2842 0.1215 -0.9510
vn 0.2843 0.1220 0.9509
vn -0.6070 -0.2597 0.7510
vn -0.6071 -0.2597 0.7510
vn -0.6070 -0.2596 0.7511
vn 0.0964 0.0412 -0.9945
vn 0.4570 0.1956 0.8677
vn 0.4571 0.1956 0.8677
vn 0.4569 0.1957 0.8678
vn -0.4571 -0.1955 0.8677
vn -0.4571 -0.1956 0.8677
vn -0.0966 -0.0414 -0.9945
vn -0.0964 -0.0412 -0.9945
vn -0.2844 -0.1218 0.9509
vn -0.2842 -0.1215 0.9510
vn -0.2844 -0.1218 -0.9509
vn 0.7300 0.3124 0.6079
vn 0.7299 0.3124 0.6080
vn 0.7298 0.3122 0.6082
vn 0.7299 0.3122 0.6081
vn -0.0966 -0.0413 0.9945
vn -0.0964 -0.0412 0.9945
vn -0.4571 -0.1955 -0.8677
vn -0.4572 -0.1955 -0.8676
vn 0.8227 0.3520 0.4463
vn 0.8229 0.3519 0.4462
vn -0.6072 -0.2599 -0.7508
vn -0.6067 -0.2594 -0.7514
vn -0.6071 -0.2598 -0.7510
vn -0.6074 -0.2599 -0.7507
vn 0.8845 0.3789 0.2722
vn -0.7300 -0.3124 -0.6079
vn 0.9156 0.3915 0.0914
vn -0.8227 -0.3520 -0.4463
vn -0.8228 -0.3519 -0.4463
vn 0.9156 0.3915 -0.0914
vn 0.8845 0.3789 -0.2722
vn 0.8846 0.3784 -0.2725
vn -0.0605 -0.9911 -0.1182
vn -0.0606 -0.9911 -0.1184
vn -0.0604 -0.9911 -0.1185
vn -0.1661 0.9238 -0.3449
vn -0.2969 0.8454 0.4441
vn -0.2969 0.8454 0.4440
vn -0.2968 0.8454 0.4440
vn -0.7313 0.5873 0.3468
vn -0.7313 0.5873 0.3469
vn -0.2244 0.8884 -0.4004
vn -0.2245 0.8884 -0.4004
vn -0.2244 0.8884 0.4004
vn -0.6536 0.6344 0.4128
vn -0.2972 0.8451 -0.4444
vn -0.2969 0.8454 -0.4440
vn -0.1661 0.9238 0.3449
vn -0.5653 0.6872 0.4563
vn -0.3810 0.7960 -0.4704
vn -0.1223 0.9514 0.2825
vn -0.4725 0.7423 0.4752
vn -0.4723 0.7422 0.4754
vn -0.4723 0.7423 0.4754
vn -0.4723 0.7422 -0.4755
vn -0.4723 0.7422 -0.4754
vn -0.4724 0.7422 -0.4753
vn -0.0919 0.9717 0.2176
vn -0.0919 0.9717 0.2177
vn -0.0919 0.9717 0.2178
vn -0.3810 0.7960 0.4703
vn -0.3810 0.7960 0.4704
vn -0.5653 0.6872 -0.4563
vn -0.0725 0.9855 0.1533
vn -0.0725 0.9855 0.1534
vn -0.6536 0.6344 -0.4128
vn -0.0615 0.9940 0.0908
vn -0.7313 0.5873 -0.3467
vn -0.7313 0.5873 -0.3468
vn -0.0566 0.9979 0.0300
vn -0.7937 0.5493 -0.2614
vn -0.7937 0.5491 -0.2618
vn -0.7936 0.5492 -0.2618
vn -0.0566 0.9979 -0.0300
vn -0.0565 0.9979 -0.0300
vn -0.8371 0.5223 -0.1627
vn -0.8371 0.5223 -0.1628
vn -0.0615 0.9940 -0.0908
vn -0.0614 0.9940 -0.0907
vn -0.8592 0.5087 -0.0554
vn -0.8593 0.5085 -0.0554
vn -0.8591 0.5088 -0.0554
vn -0.8593 0.5085 -0.0552
vn -0.0725 0.9855 -0.1534
vn -0.0726 0.9855 -0.1534
vn -0.8594 0.5083 0.0551
vn -0.8595 0.5082 0.0549
vn -0.8594 0.5083 0.0550
vn -0.8593 0.5085 0.0552
vn -0.0918 0.9717 -0.2177
vn -0.0919 0.9717 -0.2177
vn -0.8371 0.5223 0.1628
vn -0.8371 0.5222 0.1628
vn -0.1223 0.9514 -0.2826
vn -0.1223 0.9514 -0.2825
vn -0.9155 -0.2968 0.2716
vn -0.9155 -0.2969 0.2716
vn -0.9155 -0.2967 0.2717
vn 0.7042 -0.7009 -0.1133
vn 0.7042 -0.7010 -0.1131
vn 0.7043 -0.7008 -0.1135
vn -0.0766 -0.9963 -0.0401
vn -0.0763 -0.9963 -0.0399
vn -0.0763 -0.9963 -0.0400
vn -0.0764 -0.9963 -0.0399
vn 0.6763 -0.7132 -0.1842
vn 0.6765 -0.7130 -0.1842
vn 0.6767 -0.7128 -0.1841
vn 0.6764 -0.7131 -0.1842
vn -0.0761 -0.9963 0.0400
vn -0.0764 -0.9963 0.0399
vn 0.6360 -0.7305 -0.2488
vn 0.6359 -0.7305 -0.2491
vn 0.6359 -0.7305 -0.2490
vn 0.6359 -0.7305 -0.2489
vn -0.0600 -0.9912 0.1180
vn -0.0605 -0.9911 0.1182
vn -0.0604 -0.9911 0.1185
vn 0.5835 -0.7526 -0.3052
vn 0.5835 -0.7525 -0.3054
vn 0.5835 -0.7526 -0.3051
vn -0.0293 -0.9810 0.1920
vn 0.5210 -0.7783 -0.3505
vn 0.5208 -0.7786 -0.3501
vn 0.5210 -0.7783 -0.3504
vn 0.5211 -0.7783 -0.3502
vn 0.3735 -0.8370 0.3998
vn 0.3735 -0.8371 0.3997
vn 0.3734 -0.8371 0.3997
vn 0.0161 -0.9659 0.2583
vn 0.0160 -0.9659 0.2583
vn 0.0161 -0.9659 0.2584
vn 0.4502 -0.8070 -0.3822
vn 0.4501 -0.8071 -0.3821
vn 0.4504 -0.8070 -0.3820
vn 0.4502 -0.8069 -0.3823
vn 0.4499 -0.8071 0.3822
vn 0.4501 -0.8070 0.3823
vn 0.4500 -0.8072 0.3822
vn 0.4499 -0.8072 0.3822
vn 0.0739 -0.9464 0.3145
vn 0.0741 -0.9463 0.3146
vn 0.0737 -0.9463 0.3147
vn 0.0734 -0.9464 0.3146
vn 0.3734 -0.8371 -0.3997
vn 0.3732 -0.8371 -0.3999
vn 0.3734 -0.8370 -0.4000
vn 0.3740 -0.8371 -0.3993
vn 0.5207 -0.7786 0.3503
vn 0.5212 -0.7781 0.3505
vn 0.5208 -0.7785 0.3503
vn 0.5208 -0.7785 0.3504
vn 0.1413 -0.9230 0.3580
vn 0.1413 -0.9230 0.3579
vn 0.1412 -0.9229 0.3581
vn 0.2942 -0.8672 -0.4017
vn 0.2943 -0.8672 -0.4016
vn 0.2943 -0.8672 -0.4017
vn 0.2943 -0.8673 -0.4016
vn 0.5834 -0.7526 0.3054
vn 0.5835 -0.7526 0.3052
vn 0.5833 -0.7526 0.3055
vn 0.2158 -0.8962 0.3876
vn 0.2158 -0.8963 0.3875
vn 0.2158 -0.8962 -0.3876
vn 0.2157 -0.8962 -0.3876
vn 0.6360 -0.7304 0.2489
vn 0.6359 -0.7305 0.2491
vn 0.6359 -0.7307 0.2486
vn 0.2942 -0.8673 0.4016
vn 0.2943 -0.8672 0.4016
vn 0.2942 -0.8674 0.4014
vn 0.1411 -0.9229 -0.3583
vn 0.1409 -0.9229 -0.3584
vn 0.1411 -0.9229 -0.3582
vn 0.1412 -0.9229 -0.3583
vn 0.6767 -0.7128 0.1841
vn 0.6765 -0.7130 0.1842
vn 0.6763 -0.7132 0.1842
vn 0.0735 -0.9463 -0.3147
vn 0.0734 -0.9464 -0.3146
vn 0.0737 -0.9463 -0.3147
vn 0.0737 -0.9464 -0.3144
vn 0.7042 -0.7010 0.1131
vn 0.7042 -0.7009 0.1132
vn 0.0161 -0.9659 -0.2585
vn 0.0160 -0.9659 -0.2585
vn 0.0160 -0.9659 -0.2583
vn 0.7181 -0.6949 0.0381
vn 0.7182 -0.6948 0.0380
vn 0.7180 -0.6950 0.0382
vn -0.0293 -0.9810 -0.1920
vn 0.7181 -0.6949 -0.0381
vn 0.7182 -0.6948 -0.0380
vn -0.6442 0.6293 0.4347
vn -0.6444 0.6291 0.4347
vn -0.6443 0.6292 0.4347
vn 0.6292 0.2038 -0.7500
vn 0.6292 0.2037 -0.7501
vn 0.6293 0.2039 -0.7500
vn -0.8518 -0.2761 0.4451
vn -0.8517 -0.2760 0.4454
vn -0.8516 -0.2762 0.4454
vn 0.4738 0.1537 -0.8671
vn 0.4738 0.1536 -0.8671
vn 0.1003 0.0325 0.9944
vn 0.1003 0.0326 0.9944
vn 0.1004 0.0325 0.9944
vn -0.7559 -0.2451 0.6071
vn -0.7560 -0.2451 0.6069
vn -0.7559 -0.2450 0.6071
vn -0.7560 -0.2450 0.6070
vn 0.2949 0.0957 -0.9507
vn 0.2948 0.0956 -0.9508
vn 0.2950 0.0958 0.9507
vn 0.2946 0.0956 0.9508
vn 0.2949 0.0957 0.9507
vn 0.2953 0.0960 0.9506
vn -0.6292 -0.2039 0.7500
vn -0.6292 -0.2041 0.7500
vn 0.1003 0.0325 -0.9944
vn 0.1003 0.0326 -0.9944
vn 0.1004 0.0325 -0.9944
vn 0.4738 0.1537 0.8671
vn 0.4739 0.1537 0.8671
vn -0.4738 -0.1537 0.8671
vn -0.4738 -0.1536 0.8671
vn -0.1003 -0.0325 -0.9944
vn -0.1003 -0.0326 -0.9944
vn -0.1004 -0.0325 -0.9944
vn 0.6292 0.2039 0.7500
vn -0.2951 -0.0957 0.9506
vn -0.2948 -0.0956 0.9508
vn -0.2951 -0.0957 0.9507
vn -0.2952 -0.0958 0.9506
vn -0.2951 -0.0957 -0.9507
vn -0.2948 -0.0956 -0.9508
vn 0.7560 0.2453 0.6068
vn 0.7560 0.2454 0.6068
vn 0.7561 0.2456 0.6067
vn 0.7560 0.2452 0.6069
vn -0.1003 -0.0325 0.9944
vn -0.1004 -0.0325 0.9944
vn -0.1003 -0.0326 0.9944
vn -0.4738 -0.1532 -0.8672
vn -0.4738 -0.1536 -0.8671
vn -0.4738 -0.1537 -0.8671
vn 0.8517 0.2758 0.4455
vn 0.8518 0.2762 0.4452
vn 0.8518 0.2759 0.4454
vn 0.8518 0.2757 0.4455
vn -0.6292 -0.2039 -0.7500
vn -0.6293 -0.2037 -0.7500
vn 0.9154 0.2967 0.2721
vn 0.9155 0.2967 0.2717
vn 0.9155 0.2967 0.2718
vn -0.7559 -0.2450 -0.6071
vn -0.7560 -0.2450 -0.6070
vn -0.7562 -0.2451 -0.6067
vn -0.7560 -0.2452 -0.6069
vn 0.9473 0.3072 0.0913
vn 0.9473 0.3070 0.0913
vn 0.9473 0.3071 0.0913
vn -0.8517 -0.2761 -0.4454
vn -0.8518 -0.2760 -0.4452
vn -0.8518 -0.2761 -0.4451
vn 0.9471 0.3077 -0.0913
vn 0.9471 0.3075 -0.0915
vn 0.9472 0.3073 -0.0914
vn 0.9473 0.3070 -0.0913
vn -0.9154 -0.2967 -0.2721
vn -0.9156 -0.2965 -0.2717
vn -0.9155 -0.2967 -0.2718
vn -0.9155 -0.2967 -0.2717
vn 0.9154 0.2967 -0.2721
vn 0.9154 0.2967 -0.2719
vn 0.9156 0.2964 -0.2717
vn -0.9473 -0.3069 -0.0913
vn -0.9473 -0.3070 -0.0913
vn -0.9474 -0.3068 -0.0913
vn 0.8518 0.2759 -0.4454
vn 0.8518 0.2757 -0.4455
vn 0.8517 0.2758 -0.4455
vn 0.8518 0.2762 -0.4452
vn -0.9474 -0.3068 0.0913
vn -0.9473 -0.3070 0.0913
vn -0.9473 -0.3069 0.0913
vn 0.7560 0.2452 -0.6069
vn 0.7561 0.2451 -0.6068
vn 0.7559 0.2457 -0.6068
vn 0.2536 -0.8596 0.4436
vn 0.2537 -0.8597 0.4435
vn 0.2535 -0.8596 0.4437
vn -0.2574 0.8352 -0.4859
vn -0.2574 0.8353 -0.4859
vn -0.1073 0.9170 0.3842
vn -0.5511 0.6792 0.4846
vn -0.5511 0.6792 0.4847
vn -0.5509 0.6792 0.4849
vn -0.3512 0.7854 -0.5097
vn -0.0554 0.9468 0.3171
vn -0.4512 0.7323 0.5101
vn -0.4512 0.7324 0.5099
vn -0.4511 0.7323 0.5101
vn -0.4512 0.7324 -0.5099
vn -0.4512 0.7324 -0.5100
vn -0.0186 0.9691 0.2460
vn -0.0186 0.9691 0.2459
vn -0.3512 0.7854 0.5097
vn -0.5511 0.6791 -0.4848
vn -0.5511 0.6792 -0.4847
vn -0.5511 0.6792 -0.4848
vn 0.0055 0.9847 0.1741
vn -0.6442 0.6290 -0.4350
vn -0.6444 0.6291 -0.4347
vn -0.6444 0.6291 -0.4346
vn 0.0195 0.9944 0.1035
vn -0.7254 0.5852 -0.3624
vn -0.7254 0.5853 -0.3624
vn 0.0257 0.9991 0.0343
vn 0.0258 0.9991 0.0343
vn 0.0259 0.9991 0.0342
vn -0.7896 0.5500 -0.2721
vn -0.7895 0.5501 -0.2721
vn 0.0258 0.9991 -0.0343
vn 0.0260 0.9991 -0.0343
vn 0.0262 0.9991 -0.0342
vn -0.8339 0.5255 -0.1688
vn -0.8338 0.5257 -0.1685
vn -0.8338 0.5257 -0.1684
vn 0.0195 0.9944 -0.1035
vn -0.8564 0.5131 -0.0570
vn -0.8564 0.5132 -0.0571
vn -0.8566 0.5129 -0.0568
vn 0.0055 0.9847 -0.1741
vn -0.8564 0.5131 0.0570
vn -0.8564 0.5132 0.0571
vn -0.0186 0.9691 -0.2460
vn -0.0186 0.9691 -0.2459
vn -0.8338 0.5257 0.1688
vn -0.8338 0.5257 0.1685
vn -0.0554 0.9468 -0.3171
vn -0.7897 0.5499 0.2720
vn -0.7895 0.5501 0.2721
vn -0.7898 0.5498 0.2719
vn -0.1073 0.9170 -0.3841
vn -0.1073 0.9170 -0.3842
vn -0.2576 0.8353 0.4857
vn -0.2574 0.8353 0.4859
vn -0.7253 0.5853 0.3626
vn -0.7254 0.5852 0.3624
vn -0.1749 0.8796 -0.4423
vn -0.1749 0.8796 0.4423
vn -0.1749 0.8797 0.4423
vn -0.8766 -0.1903 -0.4419
vn -0.8766 -0.1903 -0.4420
vn -0.8765 -0.1903 -0.4422
vn -0.8767 -0.1902 -0.4419
vn 0.0785 -0.9133 -0.3997
vn 0.6729 -0.7129 0.1973
vn 0.6729 -0.7130 0.1973
vn 0.6729 -0.7129 0.1974
vn 0.6730 -0.7129 0.1973
vn 0.0003 -0.9359 -0.3524
vn 0.0002 -0.9358 -0.3526
vn 0.0002 -0.9358 -0.3525
vn -0.0000 -0.9358 -0.3525
vn 0.7021 -0.7018 0.1210
vn 0.7020 -0.7018 0.1209
vn 0.7022 -0.7016 0.1209
vn 0.7021 -0.7017 0.1208
vn -0.0671 -0.9545 -0.2905
vn -0.0670 -0.9546 -0.2904
vn -0.0672 -0.9545 -0.2905
vn 0.7168 -0.6961 0.0406
vn 0.7169 -0.6960 0.0408
vn 0.7169 -0.6960 0.0407
vn 0.7168 -0.6961 0.0407
vn -0.1203 -0.9688 -0.2165
vn 0.7169 -0.6960 -0.0407
vn 0.7169 -0.6959 -0.0409
vn 0.7169 -0.6960 -0.0408
vn -0.1571 -0.9785 -0.1337
vn -0.1571 -0.9785 -0.1336
vn 0.7021 -0.7017 -0.1207
vn 0.7021 -0.7017 -0.1208
vn 0.7023 -0.7016 -0.1207
vn 0.7022 -0.7017 -0.1208
vn -0.1758 -0.9834 -0.0451
vn -0.1757 -0.9834 -0.0452
vn -0.1761 -0.9833 -0.0449
vn -0.1759 -0.9834 -0.0451
vn 0.6730 -0.7128 -0.1973
vn 0.6730 -0.7129 -0.1972
vn 0.6729 -0.7129 -0.1973
vn -0.1758 -0.9834 0.0449
vn -0.1757 -0.9834 0.0449
vn -0.1761 -0.9833 0.0451
vn -0.1759 -0.9834 0.0451
vn 0.6293 -0.7295 -0.2681
vn 0.6296 -0.7293 -0.2678
vn 0.6293 -0.7296 -0.2677
vn 0.6294 -0.7296 -0.2675
vn -0.1571 -0.9785 0.1335
vn -0.1570 -0.9785 0.1336
vn -0.1570 -0.9785 0.1337
vn -0.1571 -0.9785 0.1338
vn 0.5735 -0.7501 -0.3293
vn 0.5733 -0.7502 -0.3294
vn 0.5734 -0.7502 -0.3293
vn -0.1203 -0.9688 0.2165
vn -0.1203 -0.9688 0.2168
vn -0.1201 -0.9688 0.2166
vn -0.1201 -0.9689 0.2165
vn 0.5054 -0.7747 -0.3801
vn 0.5053 -0.7747 -0.3802
vn 0.5052 -0.7747 -0.3802
vn 0.5053 -0.7748 -0.3800
vn 0.3424 -0.8308 0.4388
vn 0.3425 -0.8307 0.4389
vn 0.3426 -0.8307 0.4389
vn -0.0670 -0.9546 0.2904
vn -0.0667 -0.9547 0.2900
vn -0.0670 -0.9545 0.2904
vn -0.0671 -0.9545 0.2905
vn 0.4274 -0.8021 -0.4172
vn 0.4275 -0.8020 -0.4172
vn 0.4274 -0.8020 -0.4172
vn 0.4273 -0.8021 -0.4172
vn 0.4273 -0.8021 0.4172
vn 0.4274 -0.8021 0.4172
vn 0.4275 -0.8019 0.4172
vn 0.0001 -0.9358 0.3526
vn 0.0001 -0.9357 0.3528
vn 0.0002 -0.9357 0.3527
vn 0.0002 -0.9358 0.3525
vn 0.3425 -0.8307 -0.4389
vn 0.3426 -0.8307 -0.4389
vn 0.5052 -0.7748 0.3800
vn 0.5052 -0.7748 0.3801
vn 0.5052 -0.7747 0.3804
vn 0.0785 -0.9133 0.3997
vn 0.2536 -0.8596 -0.4437
vn 0.2536 -0.8596 -0.4436
vn 0.2535 -0.8596 -0.4437
vn 0.5734 -0.7502 0.3293
vn 0.5733 -0.7502 0.3294
vn 0.1643 -0.8875 0.4304
vn 0.1643 -0.8875 0.4305
vn 0.1642 -0.8876 0.4304
vn 0.1643 -0.8875 -0.4305
vn 0.1642 -0.8875 -0.4306
vn 0.6294 -0.7294 0.2679
vn 0.6300 -0.7289 0.2679
vn 0.6296 -0.7293 0.2678
vn 0.6294 -0.7295 0.2677
vn -0.7811 0.6224 0.0499
vn -0.7812 0.6223 0.0498
vn 0.9732 0.2115 -0.0904
vn 0.9732 0.2112 -0.0905
vn 0.9732 0.2113 -0.0904
vn -0.9411 -0.2046 -0.2693
vn -0.9411 -0.2045 -0.2693
vn 0.9411 0.2044 -0.2695
vn 0.9411 0.2044 -0.2693
vn -0.9732 -0.2115 -0.0904
vn -0.9732 -0.2115 -0.0902
vn -0.9732 -0.2113 -0.0906
vn 0.8765 0.1904 -0.4422
vn 0.8766 0.1902 -0.4420
vn -0.9732 -0.2115 0.0904
vn -0.9732 -0.2113 0.0904
vn -0.9732 -0.2113 0.0905
vn 0.7793 0.1691 -0.6034
vn 0.7794 0.1690 -0.6033
vn 0.7794 0.1691 -0.6033
vn 0.7793 0.1692 -0.6034
vn -0.9411 -0.2046 0.2694
vn -0.9411 -0.2044 0.2694
vn 0.6497 0.1407 -0.7470
vn 0.6498 0.1407 -0.7470
vn 0.6496 0.1408 -0.7471
vn -0.8766 -0.1902 0.4419
vn -0.8766 -0.1902 0.4420
vn -0.8765 -0.1904 0.4422
vn -0.8767 -0.1902 0.4419
vn 0.4900 0.1064 -0.8652
vn 0.4901 0.1064 -0.8651
vn 0.4899 0.1060 -0.8653
vn 0.1037 0.0225 0.9943
vn 0.1040 0.0225 0.9943
vn 0.1038 0.0225 0.9943
vn -0.7794 -0.1691 0.6033
vn -0.7793 -0.1692 0.6034
vn 0.3055 0.0664 -0.9499
vn 0.3054 0.0663 -0.9499
vn 0.3055 0.0664 0.9499
vn 0.3054 0.0663 0.9499
vn 0.3058 0.0666 0.9498
vn -0.6497 -0.1410 0.7470
vn -0.6497 -0.1406 0.7471
vn -0.6497 -0.1411 0.7470
vn 0.1036 0.0224 -0.9944
vn 0.1033 0.0224 -0.9944
vn 0.1037 0.0224 -0.9944
vn 0.1040 0.0225 -0.9943
vn 0.4900 0.1064 0.8652
vn 0.4901 0.1064 0.8651
vn 0.4902 0.1064 0.8651
vn -0.4901 -0.1064 0.8652
vn -0.4902 -0.1065 0.8651
vn -0.4901 -0.1065 0.8651
vn -0.1038 -0.0225 -0.9943
vn 0.6497 0.1407 0.7470
vn 0.6497 0.1412 0.7470
vn 0.6498 0.1408 0.7470
vn -0.3059 -0.0663 0.9497
vn -0.3056 -0.0663 0.9498
vn -0.3059 -0.0663 -0.9497
vn -0.3056 -0.0663 -0.9498
vn 0.7793 0.1692 0.6034
vn -0.1038 -0.0225 0.9943
vn -0.1039 -0.0225 0.9943
vn -0.4899 -0.1061 -0.8653
vn -0.4902 -0.1065 -0.8651
vn -0.4898 -0.1062 -0.8653
vn 0.8765 0.1904 0.4422
vn 0.8766 0.1903 0.4420
vn 0.8765 0.1903 0.4421
vn -0.6497 -0.1406 -0.7471
vn 0.9410 0.2045 0.2695
vn 0.9411 0.2044 0.2695
vn 0.9410 0.2045 0.2694
vn 0.9409 0.2050 0.2696
vn -0.7793 -0.1692 -0.6034
vn -0.7794 -0.1691 -0.6033
vn 0.9733 0.2110 0.0903
vn 0.9732 0.2112 0.0905
vn 0.9732 0.2115 0.0904
vn 0.9732 0.2115 0.0902
vn 0.2966 -0.7854 0.5434
vn 0.2966 -0.7854 0.5433
vn 0.2965 -0.7853 0.5434
vn -0.1223 0.9819 -0.1448
vn -0.7599 0.6331 0.1471
vn -0.7598 0.6332 0.1471
vn -0.7599 0.6332 0.1471
vn -0.1313 0.9707 -0.2011
vn -0.1316 0.9707 -0.2011
vn -0.1316 0.9707 -0.2010
vn -0.7182 0.6544 0.2365
vn -0.7182 0.6545 0.2363
vn -0.7181 0.6545 0.2363
vn -0.1546 0.9528 -0.2612
vn -0.1546 0.9528 -0.2613
vn -0.2527 0.8942 0.3696
vn -0.6582 0.6850 0.3123
vn -0.6582 0.6850 0.3122
vn -0.1947 0.9273 -0.3197
vn -0.1947 0.9273 0.3196
vn -0.1947 0.9273 0.3197
vn -0.5832 0.7231 0.3701
vn -0.5833 0.7230 0.3702
vn -0.2527 0.8942 -0.3696
vn -0.2528 0.8941 -0.3696
vn -0.1546 0.9528 0.2611
vn -0.1546 0.9528 0.2612
vn -0.4987 0.7657 0.4061
vn -0.4986 0.7660 0.4058
vn -0.3263 0.8546 -0.4039
vn -0.3263 0.8546 -0.4040
vn -0.1317 0.9707 0.2011
vn -0.1316 0.9707 0.2011
vn -0.1315 0.9707 0.2011
vn -0.4106 0.8109 0.4170
vn -0.4106 0.8109 -0.4169
vn -0.4106 0.8109 -0.4170
vn -0.1223 0.9819 0.1448
vn -0.1223 0.9819 0.1447
vn -0.3263 0.8546 0.4039
vn -0.3264 0.8546 0.4039
vn -0.4986 0.7660 -0.4058
vn -0.4986 0.7660 -0.4057
vn -0.1217 0.9880 0.0955
vn -0.1215 0.9880 0.0955
vn -0.5833 0.7230 -0.3702
vn -0.1248 0.9907 0.0536
vn -0.6582 0.6850 -0.3123
vn -0.1275 0.9917 0.0172
vn -0.1274 0.9917 0.0171
vn -0.7182 0.6545 -0.2364
vn -0.7182 0.6545 -0.2363
vn -0.7180 0.6547 -0.2363
vn -0.1275 0.9917 -0.0172
vn -0.7599 0.6332 -0.1471
vn -0.7598 0.6333 -0.1474
vn -0.7598 0.6332 -0.1471
vn -0.1248 0.9907 -0.0537
vn -0.1248 0.9907 -0.0536
vn -0.7812 0.6223 -0.0496
vn -0.7812 0.6223 -0.0499
vn -0.7811 0.6224 -0.0499
vn -0.1217 0.9880 -0.0955
vn 0.6708 0.0548 0.7396
vn 0.6707 0.0548 0.7397
vn -0.2473 -0.8939 0.3739
vn -0.2473 -0.8939 0.3738
vn 0.4032 -0.7592 -0.5110
vn 0.4036 -0.7589 -0.5110
vn 0.4035 -0.7589 -0.5111
vn 0.4034 -0.7590 0.5111
vn 0.4034 -0.7589 0.5111
vn 0.4035 -0.7589 0.5111
vn 0.4035 -0.7590 0.5110
vn -0.1555 -0.8787 0.4514
vn -0.1554 -0.8787 0.4514
vn -0.1556 -0.8787 0.4514
vn 0.2966 -0.7854 -0.5434
vn 0.2966 -0.7854 -0.5433
vn 0.2965 -0.7853 -0.5434
vn 0.4995 -0.7338 0.4606
vn 0.4993 -0.7338 0.4607
vn 0.4996 -0.7337 0.4606
vn 0.4997 -0.7337 0.4605
vn -0.0499 -0.8595 0.5087
vn 0.1821 -0.8118 -0.5547
vn 0.1821 -0.8118 -0.5548
vn 0.1822 -0.8119 -0.5547
vn 0.1822 -0.8119 -0.5546
vn 0.5812 -0.7112 0.3954
vn 0.5811 -0.7112 0.3955
vn 0.5813 -0.7112 0.3955
vn 0.0643 -0.8369 0.5436
vn 0.0646 -0.8370 0.5434
vn 0.0644 -0.8369 0.5436
vn 0.0647 -0.8369 0.5435
vn 0.0643 -0.8369 -0.5436
vn 0.0648 -0.8369 -0.5435
vn 0.0647 -0.8369 -0.5435
vn 0.6477 -0.6920 0.3187
vn 0.6477 -0.6921 0.3187
vn 0.1820 -0.8118 0.5548
vn -0.0500 -0.8595 -0.5087
vn -0.0500 -0.8596 -0.5086
vn -0.0498 -0.8595 -0.5086
vn -0.0499 -0.8595 -0.5087
vn 0.6977 -0.6773 0.2333
vn 0.6979 -0.6771 0.2334
vn 0.6976 -0.6774 0.2333
vn 0.6978 -0.6772 0.2334
vn -0.1555 -0.8787 -0.4514
vn -0.1556 -0.8787 -0.4514
vn -0.1554 -0.8787 -0.4514
vn 0.7316 -0.6668 0.1421
vn 0.7315 -0.6669 0.1422
vn 0.7315 -0.6668 0.1422
vn -0.2473 -0.8939 -0.3737
vn -0.2473 -0.8939 -0.3738
vn -0.2474 -0.8940 -0.3736
vn -0.2474 -0.8940 -0.3735
vn 0.7482 -0.6617 0.0479
vn 0.7482 -0.6617 0.0478
vn 0.7482 -0.6617 0.0477
vn 0.7482 -0.6617 0.0481
vn -0.3201 -0.9052 -0.2795
vn -0.3202 -0.9052 -0.2794
vn -0.3200 -0.9052 -0.2796
vn 0.7482 -0.6617 -0.0481
vn 0.7482 -0.6617 -0.0482
vn 0.7481 -0.6618 -0.0484
vn -0.3707 -0.9126 -0.1726
vn -0.3706 -0.9126 -0.1726
vn -0.3705 -0.9126 -0.1726
vn 0.7315 -0.6669 -0.1421
vn 0.7315 -0.6669 -0.1422
vn 0.7314 -0.6669 -0.1422
vn 0.7315 -0.6669 -0.1420
vn -0.3964 -0.9162 -0.0583
vn -0.3965 -0.9162 -0.0582
vn -0.3963 -0.9163 -0.0583
vn -0.3963 -0.9163 -0.0584
vn 0.6979 -0.6771 -0.2334
vn 0.6980 -0.6770 -0.2334
vn 0.6977 -0.6773 -0.2333
vn 0.6978 -0.6772 -0.2334
vn -0.3964 -0.9162 0.0585
vn -0.3964 -0.9162 0.0584
vn 0.6477 -0.6920 -0.3186
vn 0.6478 -0.6920 -0.3185
vn 0.6477 -0.6921 -0.3186
vn 0.6477 -0.6920 -0.3187
vn -0.3707 -0.9126 0.1726
vn -0.3705 -0.9126 0.1726
vn -0.3708 -0.9125 0.1725
vn 0.5813 -0.7112 -0.3954
vn 0.5813 -0.7111 -0.3954
vn -0.3201 -0.9052 0.2795
vn -0.3202 -0.9052 0.2795
vn 0.4994 -0.7337 -0.4607
vn 0.4994 -0.7338 -0.4607
vn -0.1463 0.9885 0.0372
vn -0.3182 -0.0260 0.9477
vn -0.3185 -0.0261 0.9476
vn -0.3185 -0.0261 -0.9476
vn 0.8010 0.0655 0.5951
vn -0.1081 -0.0088 0.9941
vn -0.5080 -0.0416 -0.8603
vn -0.5080 -0.0416 -0.8604
vn -0.5081 -0.0416 -0.8603
vn 0.8979 0.0733 0.4340
vn 0.8979 0.0733 0.4341
vn 0.8978 0.0732 0.4342
vn -0.6708 -0.0548 -0.7396
vn -0.6709 -0.0548 -0.7395
vn 0.9614 0.0786 0.2637
vn 0.9614 0.0785 0.2638
vn 0.9614 0.0785 0.2637
vn -0.8013 -0.0654 -0.5947
vn -0.8014 -0.0654 -0.5946
vn 0.9928 0.0811 0.0884
vn 0.9928 0.0810 0.0884
vn -0.8979 -0.0733 -0.4341
vn -0.8979 -0.0733 -0.4340
vn 0.9928 0.0810 -0.0884
vn 0.9928 0.0811 -0.0885
vn 0.9928 0.0810 -0.0883
vn 0.9928 0.0813 -0.0884
vn -0.9614 -0.0785 -0.2636
vn -0.9615 -0.0786 -0.2635
vn 0.9614 0.0784 -0.2639
vn 0.9613 0.0786 -0.2641
vn 0.9614 0.0781 -0.2638
vn 0.9614 0.0784 -0.2638
vn -0.9928 -0.0810 -0.0883
vn -0.9928 -0.0810 -0.0881
vn -0.9928 -0.0811 -0.0884
vn 0.8980 0.0735 -0.4338
vn 0.8979 0.0732 -0.4341
vn 0.8979 0.0733 -0.4341
vn -0.9927 -0.0813 0.0887
vn -0.9928 -0.0810 0.0881
vn -0.9927 -0.0813 0.0886
vn 0.8010 0.0655 -0.5951
vn -0.9614 -0.0785 0.2637
vn -0.9613 -0.0784 0.2640
vn -0.9614 -0.0785 0.2636
vn 0.6709 0.0548 -0.7395
vn 0.6709 0.0548 -0.7396
vn 0.6708 0.0548 -0.7396
vn -0.8979 -0.0733 0.4341
vn 0.5087 0.0417 -0.8599
vn 0.5084 0.0415 -0.8601
vn 0.5086 0.0417 -0.8600
vn 0.1081 0.0089 0.9941
vn 0.1082 0.0089 0.9941
vn -0.8012 -0.0654 0.5948
vn -0.8013 -0.0654 0.5947
vn 0.3179 0.0260 -0.9478
vn 0.3180 0.0260 -0.9477
vn 0.3185 0.0261 0.9476
vn 0.3179 0.0260 0.9478
vn 0.3182 0.0260 0.9477
vn 0.3181 0.0260 0.9477
vn -0.6708 -0.0548 0.7396
vn -0.6709 -0.0548 0.7395
vn 0.1081 0.0089 -0.9941
vn 0.1082 0.0089 -0.9941
vn 0.5087 0.0417 0.8599
vn 0.5087 0.0416 0.8599
vn 0.5086 0.0417 0.8600
vn -0.5080 -0.0416 0.8603
vn -0.5080 -0.0416 0.8604
vn -0.5081 -0.0416 0.8603
vn -0.1081 -0.0088 -0.9941
vn 0.5674 -0.8183 -0.0921
vn 0.5677 -0.8181 -0.0920
vn 0.5675 -0.8182 -0.0919
vn 0.5674 -0.8183 -0.0919
vn -0.5104 0.8376 -0.1949
vn -0.1464 0.9891 0.0121
vn -0.1464 0.9892 0.0121
vn -0.5509 0.8213 -0.1482
vn -0.5509 0.8213 -0.1483
vn -0.5509 0.8213 -0.1484
vn -0.1464 0.9891 -0.0121
vn -0.1464 0.9892 -0.0121
vn -0.1465 0.9891 -0.0120
vn -0.5794 0.8097 -0.0928
vn -0.5793 0.8098 -0.0927
vn -0.5796 0.8096 -0.0928
vn -0.1463 0.9885 -0.0372
vn -0.5940 0.8038 -0.0315
vn -0.5941 0.8038 -0.0314
vn -0.5940 0.8039 -0.0314
vn -0.1472 0.9870 -0.0649
vn -0.1473 0.9870 -0.0649
vn -0.1473 0.9870 -0.0650
vn -0.5941 0.8038 0.0313
vn -0.5940 0.8038 0.0315
vn -0.5941 0.8038 0.0314
vn -0.5940 0.8039 0.0313
vn -0.1514 0.9838 -0.0959
vn -0.5794 0.8097 0.0929
vn -0.5793 0.8098 0.0927
vn -0.5795 0.8096 0.0928
vn -0.1613 0.9783 -0.1300
vn -0.5509 0.8213 0.1483
vn -0.5509 0.8213 0.1484
vn -0.1795 0.9697 -0.1655
vn -0.1795 0.9697 -0.1656
vn -0.2461 0.9419 0.2286
vn -0.2462 0.9419 0.2285
vn -0.5104 0.8376 0.1949
vn -0.5103 0.8376 0.1949
vn -0.2077 0.9576 -0.1996
vn -0.2077 0.9576 -0.1997
vn -0.2074 0.9577 0.1995
vn -0.2077 0.9576 0.1996
vn -0.2076 0.9575 0.2000
vn -0.4607 0.8573 0.2298
vn -0.4607 0.8573 0.2297
vn -0.4606 0.8573 0.2298
vn -0.2460 0.9419 -0.2287
vn -0.2462 0.9419 -0.2285
vn -0.2461 0.9419 -0.2286
vn -0.1795 0.9697 0.1655
vn -0.1794 0.9697 0.1657
vn -0.4052 0.8792 0.2506
vn -0.4048 0.8793 0.2508
vn -0.2941 0.9229 -0.2486
vn -0.2939 0.9229 -0.2486
vn -0.1613 0.9783 0.1300
vn -0.3481 0.9016 0.2567
vn -0.3482 0.9016 0.2567
vn -0.3483 0.9016 0.2566
vn -0.3481 0.9016 -0.2567
vn -0.3482 0.9016 -0.2567
vn -0.1514 0.9838 0.0959
vn -0.1512 0.9838 0.0960
vn -0.2939 0.9229 0.2486
vn -0.2936 0.9230 0.2486
vn -0.4052 0.8792 -0.2508
vn -0.4052 0.8792 -0.2506
vn -0.4052 0.8792 -0.2507
vn -0.1472 0.9870 0.0647
vn -0.1473 0.9870 0.0649
vn -0.4607 0.8573 -0.2297
vn -0.4607 0.8573 -0.2298
vn 0.6786 0.0115 -0.7344
vn 0.6784 0.0117 -0.7346
vn 0.6787 0.0114 -0.7343
vn 0.6787 0.0113 -0.7343
vn -0.1536 -0.9874 -0.0369
vn -0.1537 -0.9874 -0.0369
vn 0.5446 -0.8251 -0.1503
vn 0.5447 -0.8250 -0.1505
vn 0.5447 -0.8251 -0.1504
vn 0.5445 -0.8252 -0.1503
vn -0.1536 -0.9874 0.0372
vn -0.1537 -0.9874 0.0367
vn -0.1537 -0.9874 0.0369
vn 0.5109 -0.8349 -0.2048
vn 0.5111 -0.8348 -0.2047
vn 0.5107 -0.8349 -0.2050
vn 0.5109 -0.8350 -0.2046
vn -0.1371 -0.9845 0.1091
vn -0.1370 -0.9845 0.1091
vn 0.4670 -0.8473 -0.2530
vn 0.4671 -0.8472 -0.2530
vn -0.1049 -0.9787 0.1762
vn -0.1048 -0.9787 0.1764
vn -0.1049 -0.9787 0.1763
vn -0.1051 -0.9787 0.1762
vn 0.4136 -0.8619 -0.2934
vn 0.4133 -0.8621 -0.2932
vn 0.4134 -0.8621 -0.2931
vn 0.4138 -0.8618 -0.2935
vn 0.2838 -0.8956 0.3427
vn 0.2837 -0.8955 0.3430
vn 0.2837 -0.8955 0.3429
vn -0.0585 -0.9702 0.2353
vn -0.0584 -0.9702 0.2354
vn 0.3519 -0.8783 -0.3238
vn 0.3519 -0.8782 -0.3239
vn 0.3519 -0.8783 -0.3237
vn 0.3518 -0.8784 -0.3235
vn 0.3519 -0.8783 0.3238
vn 0.3519 -0.8782 0.3239
vn 0.3519 -0.8783 0.3236
vn -0.0008 -0.9590 0.2833
vn -0.0004 -0.9589 0.2838
vn -0.0007 -0.9590 0.2835
vn -0.0005 -0.9590 0.2832
vn 0.2838 -0.8956 -0.3427
vn 0.2837 -0.8955 -0.3430
vn 0.2839 -0.8956 -0.3426
vn 0.4134 -0.8621 0.2931
vn 0.4134 -0.8621 0.2932
vn 0.4133 -0.8621 0.2931
vn 0.0659 -0.9453 0.3195
vn 0.0659 -0.9453 0.3194
vn 0.2113 -0.9129 -0.3491
vn 0.2113 -0.9129 -0.3492
vn 0.2114 -0.9129 -0.3492
vn 0.4672 -0.8472 0.2530
vn 0.4673 -0.8471 0.2530
vn 0.4670 -0.8473 0.2531
vn 0.4671 -0.8472 0.2530
vn 0.1378 -0.9298 0.3413
vn 0.1379 -0.9298 0.3412
vn 0.1377 -0.9298 0.3414
vn 0.1377 -0.9298 -0.3414
vn 0.1377 -0.9298 -0.3413
vn 0.5114 -0.8346 0.2049
vn 0.5115 -0.8344 0.2050
vn 0.5113 -0.8346 0.2049
vn 0.5110 -0.8348 0.2048
vn 0.2113 -0.9130 0.3491
vn 0.2114 -0.9130 0.3490
vn 0.2113 -0.9129 0.3491
vn 0.2112 -0.9129 0.3492
vn 0.0660 -0.9454 -0.3193
vn 0.0659 -0.9453 -0.3195
vn 0.0659 -0.9453 -0.3194
vn 0.5447 -0.8250 0.1505
vn 0.5447 -0.8250 0.1506
vn 0.5447 -0.8251 0.1503
vn -0.0004 -0.9589 -0.2838
vn -0.0006 -0.9589 -0.2836
vn -0.0005 -0.9589 -0.2837
vn -0.0006 -0.9589 -0.2837
vn 0.5673 -0.8184 0.0917
vn 0.5673 -0.8184 0.0920
vn 0.5673 -0.8183 0.0918
vn 0.5675 -0.8182 0.0917
vn -0.0584 -0.9702 -0.2354
vn -0.0585 -0.9702 -0.2353
vn -0.0584 -0.9701 -0.2354
vn 0.5788 -0.8149 0.0309
vn -0.1049 -0.9788 -0.1760
vn -0.1048 -0.9787 -0.1763
vn -0.1049 -0.9788 -0.1761
vn -0.1050 -0.9788 -0.1758
vn 0.5788 -0.8149 -0.0309
vn 0.5788 -0.8149 -0.0310
vn -0.1370 -0.9845 -0.1091
vn -0.1370 -0.9846 -0.1091
vn -0.1371 -0.9845 -0.1091
vn -0.1508 0.8584 -0.4904
vn -0.9033 -0.0156 0.4287
vn -0.9032 -0.0155 0.4289
vn -0.9032 -0.0154 0.4289
vn -0.9033 -0.0155 0.4288
vn 0.5156 0.0088 -0.8568
vn 0.5155 0.0088 -0.8568
vn 0.5157 0.0088 -0.8567
vn 0.5156 0.0093 -0.8568
vn 0.1101 0.0019 0.9939
vn 0.1102 0.0019 0.9939
vn -0.8080 -0.0140 0.5890
vn -0.8080 -0.0143 0.5890
vn -0.8080 -0.0139 0.5890
vn 0.3232 0.0055 -0.9463
vn 0.3232 0.0055 0.9463
vn 0.3234 0.0055 0.9462
vn -0.6785 -0.0116 0.7345
vn -0.6784 -0.0115 0.7346
vn -0.6786 -0.0116 0.7344
vn 0.1101 0.0019 -0.9939
vn 0.1102 0.0019 -0.9939
vn 0.1099 0.0019 -0.9939
vn 0.5157 0.0088 0.8567
vn 0.5155 0.0088 0.8568
vn 0.5156 0.0087 0.8568
vn 0.5156 0.0084 0.8568
vn -0.5157 -0.0088 0.8567
vn -0.5156 -0.0087 0.8568
vn -0.5155 -0.0088 0.8569
vn -0.1100 -0.0019 -0.9939
vn -0.1102 -0.0019 -0.9939
vn 0.6783 0.0118 0.7347
vn 0.6783 0.0114 0.7347
vn 0.6783 0.0117 0.7347
vn 0.6786 0.0122 0.7344
vn -0.3233 -0.0056 0.9463
vn -0.3232 -0.0055 0.9463
vn -0.3235 -0.0057 0.9462
vn -0.3232 -0.0055 -0.9463
vn 0.8080 0.0139 0.5890
vn 0.8081 0.0139 0.5889
vn -0.1100 -0.0019 0.9939
vn -0.1102 -0.0019 0.9939
vn -0.1101 -0.0019 0.9939
vn -0.1095 -0.0020 0.9940
vn -0.5157 -0.0088 -0.8567
vn -0.5156 -0.0093 -0.8568
vn -0.5160 -0.0090 -0.8565
vn -0.5157 -0.0088 -0.8568
vn 0.9033 0.0157 0.4287
vn 0.9033 0.0155 0.4288
vn 0.9033 0.0156 0.4287
vn 0.9033 0.0155 0.4287
vn -0.6786 -0.0116 -0.7344
vn 0.9655 0.0160 0.2599
vn 0.9654 0.0166 0.2601
vn 0.9654 0.0165 0.2601
vn 0.9655 0.0163 0.2600
vn -0.8080 -0.0139 -0.5890
vn -0.8080 -0.0141 -0.5890
vn 0.9960 0.0172 0.0872
vn 0.9961 0.0171 0.0871
vn 0.9960 0.0173 0.0872
vn 0.9960 0.0169 0.0874
vn -0.9033 -0.0156 -0.4287
vn -0.9033 -0.0155 -0.4287
vn -0.9033 -0.0154 -0.4287
vn 0.9960 0.0172 -0.0872
vn 0.9960 0.0169 -0.0874
vn 0.9960 0.0173 -0.0872
vn 0.9961 0.0173 -0.0869
vn -0.9654 -0.0165 -0.2601
vn 0.9654 0.0165 -0.2601
vn 0.9655 0.0163 -0.2600
vn -0.9960 -0.0172 -0.0873
vn -0.9960 -0.0169 -0.0873
vn -0.9960 -0.0173 -0.0872
vn -0.9961 -0.0172 -0.0871
vn 0.9033 0.0153 -0.4288
vn 0.9032 0.0153 -0.4289
vn 0.9033 0.0154 -0.4288
vn -0.9960 -0.0173 0.0872
vn -0.9960 -0.0171 0.0871
vn -0.9960 -0.0172 0.0873
vn -0.9961 -0.0171 0.0871
vn 0.8080 0.0140 -0.5890
vn 0.8081 0.0139 -0.5889
vn 0.8080 0.0140 -0.5891
vn 0.8080 0.0141 -0.5891
vn -0.9654 -0.0165 0.2601
vn -0.9654 -0.0166 0.2601
vn 0.0147 -0.9569 -0.2901
vn 0.0145 -0.9569 -0.2902
vn -0.0284 0.9448 0.3263
vn -0.4845 0.7019 0.5220
vn -0.4846 0.7019 0.5221
vn -0.4846 0.7018 0.5221
vn -0.2529 0.8055 -0.5360
vn -0.2528 0.8054 -0.5361
vn -0.2528 0.8054 -0.5362
vn -0.0143 0.9720 0.2347
vn -0.3681 0.7520 0.5468
vn -0.3682 0.7520 0.5468
vn -0.3680 0.7521 0.5467
vn -0.3682 0.7520 -0.5468
vn -0.3683 0.7518 -0.5470
vn -0.0238 0.9878 0.1540
vn -0.2529 0.8055 0.5360
vn -0.2528 0.8054 0.5361
vn -0.2528 0.8054 0.5362
vn -0.4846 0.7019 -0.5221
vn -0.0453 0.9948 0.0909
vn -0.5914 0.6581 -0.4661
vn -0.5913 0.6581 -0.4661
vn -0.0671 0.9967 0.0459
vn -0.6814 0.6222 -0.3854
vn -0.6814 0.6222 -0.3853
vn -0.0803 0.9967 0.0138
vn -0.7508 0.5951 -0.2866
vn -0.7507 0.5952 -0.2866
vn -0.0803 0.9967 -0.0138
vn -0.0801 0.9967 -0.0138
vn -0.7973 0.5772 -0.1763
vn -0.7973 0.5773 -0.1763
vn -0.0671 0.9967 -0.0459
vn -0.8207 0.5683 -0.0595
vn -0.8206 0.5683 -0.0595
vn -0.0453 0.9948 -0.0909
vn -0.8206 0.5683 0.0594
vn -0.8206 0.5684 0.0595
vn -0.8207 0.5683 0.0593
vn -0.8206 0.5683 0.0595
vn -0.0238 0.9878 -0.1540
vn -0.7972 0.5773 0.1766
vn -0.7973 0.5773 0.1763
vn -0.0143 0.9720 -0.2347
vn -0.7507 0.5952 0.2866
vn -0.7507 0.5952 0.2867
vn -0.0284 0.9448 -0.3263
vn -0.1508 0.8584 0.4904
vn -0.6815 0.6222 0.3853
vn -0.6814 0.6222 0.3853
vn -0.6814 0.6223 0.3854
vn -0.0738 0.9062 -0.4164
vn -0.0738 0.9062 0.4164
vn -0.5913 0.6581 0.4661
vn -0.5914 0.6581 0.4661
vn -0.9013 0.1392 -0.4102
vn -0.9013 0.1393 -0.4101
vn -0.9013 0.1392 -0.4103
vn -0.9012 0.1390 -0.4105
vn 0.4558 -0.8803 0.1318
vn 0.4556 -0.8804 0.1316
vn 0.4557 -0.8804 0.1316
vn -0.0492 -0.9646 -0.2589
vn -0.0492 -0.9647 -0.2589
vn -0.0491 -0.9646 -0.2591
vn 0.4757 -0.8759 0.0804
vn 0.4757 -0.8759 0.0806
vn 0.4762 -0.8757 0.0804
vn 0.4760 -0.8757 0.0803
vn -0.1053 -0.9708 -0.2157
vn -0.1052 -0.9708 -0.2157
vn 0.4858 -0.8737 0.0270
vn 0.4859 -0.8736 0.0270
vn -0.1505 -0.9752 -0.1622
vn -0.1504 -0.9752 -0.1622
vn 0.4860 -0.8735 -0.0268
vn 0.4859 -0.8736 -0.0270
vn 0.4859 -0.8736 -0.0268
vn 0.4859 -0.8736 -0.0265
vn -0.1824 -0.9781 -0.1006
vn -0.1825 -0.9780 -0.1006
vn -0.1823 -0.9781 -0.1006
vn 0.4758 -0.8759 -0.0802
vn 0.4757 -0.8759 -0.0803
vn 0.4758 -0.8759 -0.0801
vn -0.1985 -0.9795 -0.0341
vn 0.4559 -0.8802 -0.1317
vn 0.4557 -0.8804 -0.1313
vn 0.4557 -0.8803 -0.1316
vn 0.4556 -0.8804 -0.1316
vn -0.1984 -0.9795 0.0340
vn -0.1984 -0.9795 0.0339
vn -0.1985 -0.9795 0.0341
vn 0.4257 -0.8869 -0.1796
vn 0.4255 -0.8869 -0.1798
vn 0.4256 -0.8869 -0.1796
vn 0.4257 -0.8869 -0.1795
vn -0.1824 -0.9781 0.1006
vn -0.1823 -0.9781 0.1005
vn -0.1825 -0.9780 0.1007
vn 0.3866 -0.8950 -0.2225
vn 0.3864 -0.8950 -0.2226
vn 0.3864 -0.8951 -0.2225
vn 0.3863 -0.8951 -0.2225
vn -0.1505 -0.9752 0.1623
vn -0.1504 -0.9752 0.1622
vn -0.1506 -0.9752 0.1623
vn 0.3380 -0.9048 -0.2591
vn 0.3381 -0.9047 -0.2592
vn 0.2191 -0.9264 0.3061
vn -0.1053 -0.9708 0.2156
vn -0.1053 -0.9708 0.2157
vn 0.2818 -0.9154 -0.2876
vn 0.2818 -0.9154 -0.2875
vn 0.2817 -0.9153 -0.2877
vn 0.2818 -0.9154 0.2875
vn -0.0493 -0.9646 0.2589
vn -0.0492 -0.9646 0.2591
vn -0.0492 -0.9646 0.2590
vn -0.0492 -0.9647 0.2589
vn 0.2191 -0.9264 -0.3061
vn 0.3381 -0.9047 0.2592
vn 0.3380 -0.9048 0.2591
vn 0.0147 -0.9569 0.2901
vn 0.0146 -0.9569 0.2901
vn 0.1519 -0.9374 -0.3133
vn 0.1519 -0.9374 -0.3134
vn 0.3864 -0.8951 0.2223
vn 0.3862 -0.8953 0.2221
vn 0.3863 -0.8952 0.2223
vn 0.3865 -0.8951 0.2225
vn 0.0827 -0.9477 0.3081
vn 0.0827 -0.9477 0.3082
vn 0.0827 -0.9478 0.3081
vn 0.0827 -0.9477 -0.3082
vn 0.0826 -0.9478 -0.3081
vn 0.4257 -0.8869 0.1796
vn 0.4257 -0.8869 0.1795
vn 0.4257 -0.8869 0.1794
vn 0.1519 -0.9374 0.3134
vn 0.1519 -0.9374 0.3135
vn -0.6966 0.7158 0.0487
vn -0.6968 0.7156 0.0489
vn -0.6968 0.7157 0.0487
vn -0.6966 0.7158 0.0488
vn 0.9849 -0.1520 -0.0825
vn 0.9849 -0.1520 -0.0824
vn -0.9576 0.1479 -0.2471
vn -0.9576 0.1478 -0.2473
vn 0.9575 -0.1478 -0.2478
vn 0.9574 -0.1479 -0.2479
vn 0.9575 -0.1477 -0.2476
vn -0.9849 0.1519 -0.0827
vn -0.9849 0.1519 -0.0826
vn 0.9012 -0.1391 -0.4104
vn 0.9012 -0.1390 -0.4105
vn -0.9849 0.1519 0.0828
vn -0.9849 0.1519 0.0827
vn 0.8129 -0.1256 -0.5687
vn 0.8129 -0.1255 -0.5688
vn 0.8130 -0.1257 -0.5686
vn -0.9576 0.1478 0.2472
vn -0.9576 0.1478 0.2473
vn -0.9576 0.1477 0.2474
vn 0.6898 -0.1064 -0.7162
vn 0.6897 -0.1064 -0.7162
vn 0.6898 -0.1064 -0.7161
vn -0.9012 0.1391 0.4104
vn -0.9012 0.1390 0.4105
vn -0.9011 0.1386 0.4109
vn 0.5296 -0.0817 -0.8443
vn 0.5295 -0.0817 -0.8443
vn 0.1148 -0.0177 0.9932
vn 0.1149 -0.0177 0.9932
vn 0.1146 -0.0177 0.9933
vn -0.8130 0.1254 0.5686
vn -0.8130 0.1252 0.5686
vn -0.8131 0.1254 0.5685
vn 0.3353 -0.0518 -0.9407
vn 0.3352 -0.0517 -0.9407
vn 0.3353 -0.0518 0.9407
vn 0.3352 -0.0518 0.9407
vn -0.6899 0.1066 0.7160
vn -0.6897 0.1064 0.7162
vn -0.6898 0.1066 0.7161
vn 0.1146 -0.0177 -0.9933
vn 0.1147 -0.0177 -0.9932
vn 0.1149 -0.0177 -0.9932
vn 0.5295 -0.0817 0.8444
vn 0.5296 -0.0818 0.8443
vn 0.5296 -0.0817 0.8443
vn -0.5295 0.0817 0.8444
vn -0.5296 0.0817 0.8443
vn -0.5294 0.0817 0.8444
vn -0.1148 0.0177 -0.9932
vn -0.1147 0.0177 -0.9932
vn 0.6897 -0.1064 0.7162
vn 0.6898 -0.1064 0.7161
vn -0.3350 0.0517 0.9408
vn -0.3353 0.0518 0.9407
vn -0.3353 0.0518 -0.9407
vn -0.3350 0.0517 -0.9408
vn 0.8129 -0.1256 0.5687
vn 0.8128 -0.1257 0.5688
vn 0.8130 -0.1255 0.5686
vn -0.1148 0.0177 0.9932
vn -0.5295 0.0817 -0.8443
vn -0.5295 0.0817 -0.8444
vn -0.5296 0.0817 -0.8443
vn 0.9012 -0.1391 0.4104
vn 0.9012 -0.1390 0.4105
vn 0.9013 -0.1393 0.4101
vn -0.6896 0.1063 -0.7164
vn -0.6894 0.1062 -0.7165
vn -0.6896 0.1063 -0.7163
vn 0.9574 -0.1479 0.2479
vn 0.9573 -0.1480 0.2482
vn -0.8133 0.1251 -0.5682
vn -0.8130 0.1251 -0.5686
vn -0.8133 0.1250 -0.5683
vn -0.8130 0.1254 -0.5685
vn 0.9849 -0.1520 0.0824
vn 0.9849 -0.1520 0.0825
vn -0.0237 -0.8766 -0.4807
vn -0.0235 -0.8766 -0.4807
vn -0.0239 -0.8765 -0.4807
vn 0.1211 0.9692 -0.2145
vn -0.6774 0.7212 0.1449
vn -0.6772 0.7213 0.1450
vn -0.6773 0.7213 0.1450
vn 0.0927 0.9540 -0.2851
vn -0.6383 0.7326 0.2362
vn -0.6384 0.7325 0.2363
vn -0.6384 0.7325 0.2365
vn 0.0451 0.9342 -0.3539
vn -0.1100 0.8829 0.4565
vn -0.5806 0.7491 0.3191
vn -0.5806 0.7490 0.3191
vn -0.5807 0.7490 0.3190
vn -0.0232 0.9102 -0.4135
vn -0.0232 0.9102 0.4135
vn -0.5052 0.7703 0.3891
vn -0.1100 0.8829 -0.4565
vn 0.0451 0.9342 0.3539
vn -0.4147 0.7957 0.4414
vn -0.2096 0.8536 -0.4769
vn 0.0927 0.9540 0.2851
vn -0.3139 0.8240 0.4717
vn -0.3139 0.8240 -0.4716
vn -0.3139 0.8240 -0.4717
vn 0.1211 0.9692 0.2145
vn -0.2096 0.8536 0.4769
vn -0.4147 0.7957 -0.4414
vn 0.1351 0.9799 0.1471
vn 0.1351 0.9798 0.1471
vn -0.5052 0.7703 -0.3890
vn -0.5052 0.7703 -0.3891
vn 0.1401 0.9865 0.0852
vn -0.5806 0.7491 -0.3190
vn -0.5806 0.7490 -0.3191
vn -0.5805 0.7490 -0.3195
vn 0.1413 0.9896 0.0278
vn -0.6387 0.7323 -0.2362
vn -0.6384 0.7325 -0.2363
vn -0.6384 0.7326 -0.2363
vn 0.1413 0.9896 -0.0278
vn 0.1412 0.9896 -0.0278
vn -0.6773 0.7213 -0.1450
vn -0.6772 0.7213 -0.1450
vn -0.6773 0.7213 -0.1449
vn -0.6772 0.7214 -0.1450
vn 0.1401 0.9865 -0.0852
vn -0.6970 0.7155 -0.0487
vn -0.6968 0.7156 -0.0485
vn -0.6970 0.7154 -0.0487
vn -0.6969 0.7155 -0.0489
vn 0.1351 0.9798 -0.1471
vn 0.1351 0.9799 -0.1471
vn -0.7986 -0.1308 -0.5876
vn -0.7986 -0.1308 -0.5875
vn 0.5623 -0.7654 0.3132
vn 0.5623 -0.7653 0.3132
vn 0.5622 -0.7654 0.3133
vn 0.0845 -0.8612 0.5011
vn 0.0845 -0.8612 0.5012
vn 0.0845 -0.8613 0.5011
vn -0.1244 -0.8889 -0.4409
vn -0.1243 -0.8890 -0.4408
vn 0.6185 -0.7510 0.2312
vn 0.6184 -0.7510 0.2312
vn -0.2139 -0.8982 -0.3841
vn -0.2138 -0.8982 -0.3841
vn -0.2138 -0.8982 -0.3840
vn -0.2139 -0.8982 -0.3840
vn 0.6565 -0.7409 0.1417
vn -0.2888 -0.9048 -0.3131
vn -0.2887 -0.9048 -0.3131
vn -0.2887 -0.9047 -0.3132
vn 0.6757 -0.7357 0.0472
vn 0.6754 -0.7359 0.0474
vn 0.6757 -0.7356 0.0473
vn 0.6758 -0.7356 0.0476
vn -0.3467 -0.9091 -0.2310
vn -0.3467 -0.9090 -0.2312
vn -0.3470 -0.9090 -0.2309
vn -0.3468 -0.9090 -0.2312
vn 0.6759 -0.7355 -0.0473
vn 0.6759 -0.7355 -0.0476
vn 0.6757 -0.7356 -0.0476
vn 0.6757 -0.7356 -0.0477
vn -0.3858 -0.9116 -0.1417
vn -0.3860 -0.9116 -0.1414
vn -0.3859 -0.9116 -0.1417
vn 0.6565 -0.7409 -0.1418
vn 0.6565 -0.7409 -0.1417
vn -0.4059 -0.9127 -0.0477
vn -0.4057 -0.9128 -0.0477
vn -0.4058 -0.9127 -0.0477
vn 0.6185 -0.7510 -0.2312
vn -0.4055 -0.9129 0.0477
vn -0.4058 -0.9127 0.0477
vn -0.4060 -0.9127 0.0474
vn 0.5623 -0.7653 -0.3132
vn 0.5623 -0.7653 -0.3131
vn 0.5623 -0.7654 -0.3131
vn -0.3860 -0.9115 0.1418
vn -0.3859 -0.9116 0.1417
vn 0.4892 -0.7831 -0.3841
vn 0.4892 -0.7830 -0.3841
vn 0.4892 -0.7831 -0.3840
vn -0.3468 -0.9091 0.2308
vn -0.3467 -0.9091 0.2310
vn -0.3469 -0.9090 0.2311
vn -0.3468 -0.9090 0.2313
vn 0.4014 -0.8028 -0.4409
vn 0.1945 -0.8432 0.5012
vn 0.1946 -0.8432 0.5012
vn -0.2887 -0.9048 0.3131
vn -0.2888 -0.9048 0.3130
vn -0.2888 -0.9048 0.3131
vn 0.3018 -0.8232 -0.4809
vn 0.3018 -0.8233 -0.4807
vn 0.3018 -0.8233 -0.4808
vn 0.3019 -0.8230 -0.4812
vn 0.3017 -0.8232 0.4809
vn 0.3016 -0.8232 0.4809
vn 0.3018 -0.8232 0.4808
vn -0.2138 -0.8983 0.3839
vn -0.2139 -0.8982 0.3840
vn 0.1946 -0.8431 -0.5013
vn 0.1946 -0.8432 -0.5012
vn 0.4014 -0.8028 0.4409
vn -0.1244 -0.8889 0.4409
vn -0.1246 -0.8889 0.4409
vn 0.0845 -0.8612 -0.5012
vn 0.0845 -0.8612 -0.5011
vn 0.4893 -0.7830 0.3841
vn 0.4892 -0.7830 0.3841
vn 0.4892 -0.7831 0.3840
vn 0.4891 -0.7832 0.3840
vn -0.0237 -0.8766 0.4807
vn -0.0239 -0.8765 0.4807
vn -0.0238 -0.8765 0.4807
vn -0.0235 -0.8766 0.4807
vn -0.9517 0.2964 -0.0799
vn -0.9517 0.2964 -0.0798
vn 0.9831 0.1611 0.0869
vn 0.9831 0.1610 0.0870
vn 0.9831 0.1612 0.0869
vn 0.9831 0.1613 0.0868
vn -0.8921 -0.1461 -0.4275
vn -0.8923 -0.1464 -0.4271
vn 0.9831 0.1611 -0.0869
vn 0.9831 0.1610 -0.0868
vn 0.9831 0.1609 -0.0869
vn 0.9831 0.1610 -0.0870
vn -0.9532 -0.1561 -0.2590
vn -0.9531 -0.1561 -0.2591
vn 0.9532 0.1559 -0.2591
vn 0.9531 0.1560 -0.2592
vn 0.9532 0.1560 -0.2592
vn 0.9531 0.1561 -0.2591
vn -0.9831 -0.1609 -0.0867
vn -0.9831 -0.1610 -0.0868
vn -0.9831 -0.1611 -0.0869
vn 0.8922 0.1461 -0.4274
vn 0.8921 0.1461 -0.4275
vn 0.8922 0.1460 -0.4275
vn 0.8922 0.1461 -0.4273
vn -0.9831 -0.1611 0.0869
vn -0.9831 -0.1610 0.0870
vn -0.9831 -0.1612 0.0869
vn -0.9831 -0.1610 0.0868
vn 0.7987 0.1309 -0.5874
vn 0.7986 0.1310 -0.5874
vn 0.7987 0.1309 -0.5873
vn 0.7987 0.1308 -0.5873
vn -0.9532 -0.1561 0.2589
vn -0.9532 -0.1561 0.2590
vn -0.9532 -0.1562 0.2589
vn -0.9531 -0.1561 0.2591
vn 0.6712 0.1099 -0.7331
vn 0.6710 0.1101 -0.7332
vn -0.8922 -0.1463 0.4273
vn -0.8923 -0.1464 0.4271
vn -0.8921 -0.1461 0.4275
vn 0.5104 0.0837 -0.8558
vn 0.5104 0.0835 -0.8559
vn 0.5104 0.0836 -0.8559
vn 0.5104 0.0837 -0.8559
vn 0.1092 0.0179 0.9939
vn 0.1093 0.0179 0.9938
vn -0.7986 -0.1308 0.5875
vn -0.7986 -0.1307 0.5875
vn -0.7986 -0.1306 0.5875
vn 0.3200 0.0521 -0.9460
vn 0.3200 0.0519 -0.9460
vn 0.3202 0.0522 -0.9459
vn 0.3200 0.0523 -0.9460
vn 0.3201 0.0527 0.9459
vn 0.3202 0.0524 0.9459
vn 0.3202 0.0523 0.9459
vn 0.3201 0.0524 0.9459
vn -0.6712 -0.1099 0.7330
vn 0.1092 0.0179 -0.9939
vn 0.1089 0.0179 -0.9939
vn 0.1093 0.0179 -0.9938
vn 0.5103 0.0835 0.8560
vn 0.5102 0.0834 0.8560
vn 0.5103 0.0836 0.8559
vn -0.5105 -0.0836 0.8558
vn -0.5102 -0.0836 0.8560
vn -0.5103 -0.0836 0.8559
vn -0.5106 -0.0836 0.8557
vn -0.1093 -0.0179 -0.9938
vn -0.1089 -0.0179 -0.9939
vn -0.1092 -0.0179 -0.9939
vn 0.6713 0.1098 0.7330
vn 0.6712 0.1099 0.7331
vn 0.6712 0.1099 0.7330
vn 0.6713 0.1099 0.7330
vn -0.3204 -0.0526 0.9458
vn -0.3201 -0.0524 0.9459
vn -0.3204 -0.0526 -0.9458
vn -0.3200 -0.0523 -0.9460
vn -0.3201 -0.0524 -0.9459
vn 0.7987 0.1309 0.5873
vn 0.7986 0.1310 0.5874
vn 0.7987 0.1309 0.5874
vn 0.7987 0.1308 0.5873
vn -0.1092 -0.0179 0.9939
vn -0.1093 -0.0179 0.9938
vn -0.5103 -0.0836 -0.8559
vn -0.5102 -0.0836 -0.8560
vn 0.8922 0.1460 0.4275
vn 0.8921 0.1461 0.4275
vn 0.8922 0.1461 0.4274
vn 0.8922 0.1461 0.4273
vn -0.6712 -0.1099 -0.7331
vn -0.6712 -0.1099 -0.7330
vn 0.9531 0.1560 0.2592
vn 0.9532 0.1561 0.2590
vn 0.9532 0.1560 0.2592
vn -0.0252 0.9997 0.0001
vn -0.0252 0.9997 -0.0000
vn -0.0251 0.9997 0.0003
vn -0.0253 0.9997 0.0001
vn -0.0250 0.9997 -0.0000
vn -0.0251 0.9997 -0.0002
vn -0.0250 0.9997 -0.0001
vn -0.0251 0.9997 -0.0003
vn -0.0251 0.9997 -0.0000
vn -0.0249 0.9997 -0.0001
vn -0.0253 0.9997 -0.0001
vn -0.0254 0.9997 -0.0000
vn -0.0253 0.9997 -0.0000
vn -0.0254 0.9997 0.0001
vn -0.0251 0.9997 -0.0001
vn -0.0253 0.9997 0.0002
vn -0.2350 0.9698 0.0659
vn -0.9518 0.2964 0.0794
vn -0.9517 0.2964 0.0798
vn -0.1189 0.9928 0.0158
vn -0.9205 0.3104 0.2373
vn -0.9205 0.3104 0.2372
vn -0.0071 0.9953 -0.0964
vn -0.8575 0.3388 0.3872
vn -0.8575 0.3388 0.3871
vn -0.8575 0.3390 0.3870
vn 0.0627 0.9641 -0.2579
vn 0.0627 0.9641 -0.2580
vn -0.0129 0.8079 0.5892
vn -0.7621 0.3825 0.5224
vn 0.0625 0.8982 -0.4351
vn 0.0625 0.8982 0.4351
vn -0.6349 0.4423 0.6334
vn -0.6350 0.4423 0.6334
vn -0.0129 0.8079 -0.5892
vn 0.0627 0.9641 0.2579
vn -0.4810 0.5180 0.7073
vn -0.1467 0.7071 -0.6917
vn -0.0071 0.9953 0.0964
vn -0.3116 0.6078 0.7304
vn -0.3116 0.6078 -0.7304
vn -0.1189 0.9928 -0.0158
vn -0.1467 0.7071 0.6917
vn -0.4810 0.5180 -0.7073
vn -0.2350 0.9698 -0.0659
vn -0.6350 0.4423 -0.6334
vn -0.3255 0.9435 -0.0622
vn -0.7621 0.3825 -0.5224
vn -0.3739 0.9271 -0.0245
vn -0.8575 0.3389 -0.3870
vn -0.8575 0.3388 -0.3871
vn -0.3739 0.9272 0.0245
vn -0.3739 0.9271 0.0245
vn -0.9205 0.3104 -0.2373
vn -0.9205 0.3104 -0.2372
vn -0.3255 0.9435 0.0622
vt 0.000000 0.000000
s 1
usemtl Goddard_None
f 2049/2/2904 2050/2/2905 2051/2/2906
f 2051/2/2906 2052/2/2907 2053/2/2908
f 2049/2/2904 2051/2/2906 2053/2/2908
f 2053/2/2908 2054/2/2905 2055/2/2909
f 2055/2/2909 2056/2/2905 2057/2/2910
f 2053/2/2908 2055/2/2909 2057/2/2910
f 2049/2/2904 2053/2/2908 2057/2/2910
f 2057/2/2910 2058/2/2905 2059/2/2911
f 2059/2/2911 2060/2/2912 2061/2/2905
f 2057/2/2910 2059/2/2911 2061/2/2905
f 2061/2/2905 2062/2/2911 2063/2/2905
f 2063/2/2905 2064/2/2905 2065/2/2913
f 2061/2/2905 2063/2/2905 2065/2/2913
f 2057/2/2910 2061/2/2905 2065/2/2913
f 2065/2/2913 2066/2/2905 2067/2/2907
f 2067/2/2907 2068/2/2905 2069/2/2905
f 2065/2/2913 2067/2/2907 2069/2/2905
f 2069/2/2905 2070/2/2914 2071/2/2914
f 2071/2/2914 2072/2/2905 2073/2/2912
f 2069/2/2905 2071/2/2914 2073/2/2912
f 2065/2/2913 2069/2/2905 2073/2/2912
f 2057/2/2910 2065/2/2913 2073/2/2912
f 2049/2/2904 2057/2/2910 2073/2/2912
f 2074/2/2905 2075/2/2905 2076/2/2915
f 2073/2/2912 2074/2/2905 2076/2/2915
f 2073/2/2912 2076/2/2915 2077/2/2905
f 2049/2/2904 2073/2/2912 2077/2/2905
f 2078/2/2904 2049/2/2904 2077/2/2905
f 2078/2/2904 2077/2/2905 2079/2/2905
f 2078/2/2904 2079/2/2905 2080/2/2905
f 2081/2/2916 2082/2/2917 2083/2/2918
f 2083/2/2918 2084/2/2919 2081/2/2916
f 2067/2/2920 2085/2/2921 2086/2/2920
f 2086/2/2920 2068/2/2922 2067/2/2920
f 2087/2/2923 2049/2/2924 2078/2/2923
f 2078/2/2923 2088/2/2925 2087/2/2923
f 2053/2/2926 2089/2/2927 2090/2/2927
f 2090/2/2927 2054/2/2927 2053/2/2926
f 2066/2/2928 2091/2/2929 2085/2/2930
f 2085/2/2930 2067/2/2929 2066/2/2928
f 2088/2/2931 2078/2/2932 2080/2/2931
f 2080/2/2931 2092/2/2932 2088/2/2931
f 2052/2/2933 2093/2/2934 2089/2/2935
f 2089/2/2935 2053/2/2936 2052/2/2933
f 2065/2/2937 2094/2/2938 2091/2/2937
f 2091/2/2937 2066/2/2939 2065/2/2937
f 2092/2/2940 2080/2/2941 2079/2/2942
f 2079/2/2942 2095/2/2941 2092/2/2940
f 2051/2/2943 2096/2/2943 2093/2/2944
f 2093/2/2944 2052/2/2945 2051/2/2943
f 2064/2/2946 2097/2/2947 2094/2/2946
f 2094/2/2946 2065/2/2946 2064/2/2946
f 2079/2/2948 2077/2/2948 2098/2/2948
f 2098/2/2948 2095/2/2948 2079/2/2948
f 2050/2/2949 2099/2/2949 2096/2/2949
f 2096/2/2949 2051/2/2950 2050/2/2949
f 2063/2/2951 2100/2/2951 2097/2/2952
f 2097/2/2952 2064/2/2953 2063/2/2951
f 2076/2/2954 2101/2/2954 2098/2/2954
f 2098/2/2954 2077/2/2954 2076/2/2954
f 2050/2/2955 2049/2/2955 2087/2/2955
f 2087/2/2955 2099/2/2955 2050/2/2955
f 2062/2/2956 2102/2/2957 2100/2/2956
f 2100/2/2956 2063/2/2958 2062/2/2956
f 2103/2/2959 2101/2/2960 2076/2/2961
f 2076/2/2961 2075/2/2962 2103/2/2959
f 2061/2/2963 2104/2/2963 2102/2/2963
f 2102/2/2963 2062/2/2963 2061/2/2963
f 2074/2/2964 2105/2/2964 2103/2/2964
f 2103/2/2964 2075/2/2964 2074/2/2964
f 2060/2/2965 2106/2/2966 2104/2/2965
f 2104/2/2965 2061/2/2965 2060/2/2965
f 2084/2/2967 2105/2/2968 2074/2/2969
f 2074/2/2969 2073/2/2967 2084/2/2967
f 2059/2/2970 2107/2/2971 2106/2/2972
f 2106/2/2972 2060/2/2972 2059/2/2970
f 2084/2/2973 2073/2/2974 2072/2/2973
f 2072/2/2973 2081/2/2973 2084/2/2973
f 2058/2/2975 2108/2/2976 2107/2/2977
f 2107/2/2977 2059/2/2978 2058/2/2975
f 2072/2/2979 2071/2/2979 2109/2/2979
f 2109/2/2979 2081/2/2979 2072/2/2979
f 2057/2/2980 2110/2/2981 2108/2/2982
f 2108/2/2982 2058/2/2980 2057/2/2980
f 2070/2/2983 2111/2/2984 2109/2/2985
f 2109/2/2985 2071/2/2986 2070/2/2983
f 2056/2/2987 2112/2/2988 2110/2/2989
f 2110/2/2989 2057/2/2990 2056/2/2987
f 2069/2/2991 2113/2/2991 2111/2/2991
f 2111/2/2991 2070/2/2991 2069/2/2991
f 2055/2/2992 2114/2/2992 2112/2/2993
f 2112/2/2993 2056/2/2992 2055/2/2992
f 2068/2/2994 2086/2/2995 2113/2/2994
f 2113/2/2994 2069/2/2994 2068/2/2994
f 2054/2/2996 2090/2/2996 2114/2/2996
f 2114/2/2996 2055/2/2997 2054/2/2996
f 2115/2/2998 2116/2/2998 2117/2/2999
f 2117/2/2999 2118/2/2998 2115/2/2998
f 2108/2/3000 2119/2/3001 2120/2/3002
f 2120/2/3002 2107/2/3002 2108/2/3000
f 2109/2/3003 2121/2/3003 2082/2/3003
f 2082/2/3003 2081/2/3003 2109/2/3003
f 2110/2/3004 2122/2/3005 2119/2/3005
f 2119/2/3005 2108/2/3006 2110/2/3004
f 2111/2/3007 2118/2/3007 2121/2/3007
f 2121/2/3007 2109/2/3007 2111/2/3007
f 2112/2/3008 2123/2/3008 2122/2/3008
f 2122/2/3008 2110/2/3008 2112/2/3008
f 2113/2/3009 2115/2/3010 2118/2/3011
f 2118/2/3011 2111/2/3012 2113/2/3009
f 2114/2/3013 2124/2/3014 2123/2/3015
f 2123/2/3015 2112/2/3016 2114/2/3013
f 2086/2/3017 2125/2/3018 2115/2/3019
f 2115/2/3019 2113/2/3020 2086/2/3017
f 2090/2/3021 2126/2/3021 2124/2/3021
f 2124/2/3021 2114/2/3021 2090/2/3021
f 2085/2/3022 2127/2/3023 2125/2/3024
f 2125/2/3024 2086/2/3025 2085/2/3022
f 2088/2/3026 2128/2/3027 2129/2/3028
f 2129/2/3028 2087/2/3028 2088/2/3026
f 2089/2/3029 2130/2/3030 2126/2/3031
f 2126/2/3031 2090/2/3030 2089/2/3029
f 2091/2/3032 2131/2/3033 2127/2/3032
f 2127/2/3032 2085/2/3034 2091/2/3032
f 2092/2/3035 2132/2/3036 2128/2/3037
f 2128/2/3037 2088/2/3038 2092/2/3035
f 2093/2/3039 2133/2/3040 2130/2/3041
f 2130/2/3041 2089/2/3042 2093/2/3039
f 2094/2/3043 2134/2/3044 2131/2/3043
f 2131/2/3043 2091/2/3045 2094/2/3043
f 2095/2/3046 2135/2/3047 2132/2/3048
f 2132/2/3048 2092/2/3049 2095/2/3046
f 2096/2/3050 2136/2/3050 2133/2/3051
f 2133/2/3051 2093/2/3050 2096/2/3050
f 2097/2/3052 2137/2/3053 2134/2/3054
f 2134/2/3054 2094/2/3052 2097/2/3052
f 2098/2/3055 2138/2/3056 2135/2/3057
f 2135/2/3057 2095/2/3058 2098/2/3055
f 2099/2/3059 2139/2/3060 2136/2/3059
f 2136/2/3059 2096/2/3061 2099/2/3059
f 2100/2/3062 2140/2/3063 2137/2/3064
f 2137/2/3064 2097/2/3065 2100/2/3062
f 2101/2/3066 2141/2/3066 2138/2/3067
f 2138/2/3067 2098/2/3068 2101/2/3066
f 2099/2/3069 2087/2/3070 2129/2/3070
f 2129/2/3070 2139/2/3070 2099/2/3069
f 2102/2/3071 2142/2/3071 2140/2/3072
f 2140/2/3072 2100/2/3073 2102/2/3071
f 2103/2/3074 2143/2/3075 2141/2/3076
f 2141/2/3076 2101/2/3077 2103/2/3074
f 2104/2/3078 2144/2/3079 2142/2/3079
f 2142/2/3079 2102/2/3079 2104/2/3078
f 2105/2/3080 2145/2/3081 2143/2/3080
f 2143/2/3080 2103/2/3080 2105/2/3080
f 2106/2/3082 2146/2/3083 2144/2/3084
f 2144/2/3084 2104/2/3083 2106/2/3082
f 2084/2/3085 2083/2/3085 2145/2/3086
f 2145/2/3086 2105/2/3085 2084/2/3085
f 2107/2/3087 2120/2/3088 2146/2/3087
f 2146/2/3087 2106/2/3089 2107/2/3087
f 2147/2/2929 2148/2/2929 2149/2/2929
f 2149/2/2929 2150/2/2930 2147/2/2929
f 2124/2/3090 2151/2/3091 2152/2/3092
f 2152/2/3092 2123/2/3091 2124/2/3090
f 2125/2/3093 2153/2/3094 2116/2/3095
f 2116/2/3095 2115/2/3096 2125/2/3093
f 2126/2/3097 2154/2/3098 2151/2/3099
f 2151/2/3099 2124/2/3099 2126/2/3097
f 2127/2/3100 2147/2/3101 2153/2/3102
f 2153/2/3102 2125/2/3103 2127/2/3100
f 2128/2/3104 2155/2/3105 2156/2/3105
f 2156/2/3105 2129/2/3106 2128/2/3104
f 2130/2/3107 2157/2/3108 2154/2/3109
f 2154/2/3109 2126/2/3110 2130/2/3107
f 2131/2/3111 2148/2/3112 2147/2/3111
f 2147/2/3111 2127/2/3113 2131/2/3111
f 2132/2/3114 2158/2/3114 2155/2/3114
f 2155/2/3114 2128/2/3115 2132/2/3114
f 2133/2/3116 2159/2/3117 2157/2/3118
f 2157/2/3118 2130/2/3116 2133/2/3116
f 2134/2/3119 2160/2/3120 2148/2/3121
f 2148/2/3121 2131/2/3119 2134/2/3119
f 2135/2/3122 2161/2/3122 2158/2/3123
f 2158/2/3123 2132/2/3122 2135/2/3122
f 2136/2/3124 2162/2/3125 2159/2/3124
f 2159/2/3124 2133/2/3126 2136/2/3124
f 2137/2/3127 2163/2/3128 2160/2/3129
f 2160/2/3129 2134/2/3130 2137/2/3127
f 2138/2/3131 2164/2/3131 2161/2/3132
f 2161/2/3132 2135/2/3133 2138/2/3131
f 2139/2/3134 2165/2/3134 2162/2/3135
f 2162/2/3135 2136/2/3134 2139/2/3134
f 2140/2/3136 2166/2/3136 2163/2/3137
f 2163/2/3137 2137/2/3137 2140/2/3136
f 2141/2/3138 2167/2/3139 2164/2/3139
f 2164/2/3139 2138/2/3140 2141/2/3138
f 2139/2/3141 2129/2/3142 2156/2/3143
f 2156/2/3143 2165/2/3144 2139/2/3141
f 2142/2/3145 2168/2/3145 2166/2/3145
f 2166/2/3145 2140/2/3145 2142/2/3145
f 2143/2/3146 2169/2/3146 2167/2/3146
f 2167/2/3146 2141/2/3147 2143/2/3146
f 2144/2/3148 2170/2/3148 2168/2/3149
f 2168/2/3149 2142/2/3148 2144/2/3148
f 2145/2/3150 2171/2/3151 2169/2/3152
f 2169/2/3152 2143/2/3153 2145/2/3150
f 2146/2/3154 2172/2/3155 2170/2/3155
f 2170/2/3155 2144/2/3155 2146/2/3154
f 2083/2/3156 2173/2/3157 2171/2/3156
f 2171/2/3156 2145/2/3158 2083/2/3156
f 2120/2/3159 2174/2/3160 2172/2/3161
f 2172/2/3161 2146/2/3161 2120/2/3159
f 2082/2/3162 2175/2/3163 2173/2/3163
f 2173/2/3163 2083/2/3164 2082/2/3162
f 2119/2/3165 2176/2/3165 2174/2/3165
f 2174/2/3165 2120/2/3165 2119/2/3165
f 2121/2/3166 2177/2/3166 2175/2/3167
f 2175/2/3167 2082/2/3168 2121/2/3166
f 2122/2/3169 2178/2/3170 2176/2/3169
f 2176/2/3169 2119/2/3169 2122/2/3169
f 2118/2/3171 2117/2/3171 2177/2/3171
f 2177/2/3171 2121/2/3171 2118/2/3171
f 2123/2/3172 2152/2/3172 2178/2/3173
f 2178/2/3173 2122/2/3172 2123/2/3172
f 2179/2/3174 2180/2/3175 2181/2/3176
f 2181/2/3176 2182/2/3177 2179/2/3174
f 2158/2/2932 2183/2/2931 2184/2/2932
f 2184/2/2932 2155/2/2932 2158/2/2932
f 2185/2/3178 2186/2/3179 2157/2/3180
f 2157/2/3180 2159/2/3181 2185/2/3178
f 2148/2/3182 2160/2/3183 2187/2/2937
f 2187/2/2937 2149/2/3184 2148/2/3182
f 2161/2/3185 2188/2/2941 2183/2/3186
f 2183/2/3186 2158/2/3187 2161/2/3185
f 2159/2/3188 2162/2/3189 2189/2/3188
f 2189/2/3188 2185/2/3190 2159/2/3188
f 2160/2/3191 2163/2/3192 2182/2/3191
f 2182/2/3191 2187/2/3193 2160/2/3191
f 2164/2/3194 2190/2/3195 2188/2/3195
f 2188/2/3195 2161/2/3194 2164/2/3194
f 2162/2/2950 2165/2/2950 2191/2/3196
f 2191/2/3196 2189/2/2950 2162/2/2950
f 2163/2/3197 2166/2/2951 2179/2/3198
f 2179/2/3198 2182/2/2951 2163/2/3197
f 2167/2/3199 2192/2/3200 2190/2/3199
f 2190/2/3199 2164/2/3201 2167/2/3199
f 2191/2/3202 2165/2/3203 2156/2/3204
f 2156/2/3204 2193/2/3205 2191/2/3202
f 2166/2/3206 2168/2/3207 2194/2/3208
f 2194/2/3208 2179/2/2957 2166/2/3206
f 2169/2/3209 2195/2/3210 2192/2/3209
f 2192/2/3209 2167/2/3211 2169/2/3209
f 2196/2/2963 2194/2/2963 2168/2/2963
f 2168/2/2963 2170/2/2963 2196/2/2963
f 2171/2/3212 2197/2/3213 2195/2/3214
f 2195/2/3214 2169/2/3215 2171/2/3212
f 2170/2/3216 2172/2/3217 2198/2/3218
f 2198/2/3218 2196/2/3219 2170/2/3216
f 2171/2/3220 2173/2/3220 2199/2/3220
f 2199/2/3220 2197/2/3220 2171/2/3220
f 2172/2/3221 2174/2/2972 2200/2/3221
f 2200/2/3221 2198/2/3222 2172/2/3221
f 2173/2/2973 2175/2/2973 2201/2/2973
f 2201/2/2973 2199/2/2973 2173/2/2973
f 2202/2/3223 2200/2/3223 2174/2/3224
f 2174/2/3224 2176/2/3225 2202/2/3223
f 2201/2/3226 2175/2/3227 2177/2/3228
f 2177/2/3228 2203/2/3229 2201/2/3226
f 2176/2/2981 2178/2/2981 2204/2/2981
f 2204/2/2981 2202/2/2981 2176/2/2981
f 2177/2/3230 2117/2/3231 2205/2/3230
f 2205/2/3230 2203/2/3232 2177/2/3230
f 2178/2/2990 2152/2/2990 2206/2/2990
f 2206/2/2990 2204/2/2990 2178/2/2990
f 2205/2/3233 2117/2/3234 2116/2/3235
f 2116/2/3235 2207/2/3236 2205/2/3233
f 2208/2/3237 2206/2/3238 2152/2/3239
f 2152/2/3239 2151/2/2992 2208/2/3237
f 2207/2/3240 2116/2/2995 2153/2/2995
f 2153/2/2995 2209/2/2995 2207/2/3240
f 2151/2/3241 2154/2/3242 2210/2/3242
f 2210/2/3242 2208/2/3243 2151/2/3241
f 2150/2/3244 2209/2/3245 2153/2/3246
f 2153/2/3246 2147/2/3247 2150/2/3244
f 2155/2/3248 2184/2/3249 2193/2/3248
f 2193/2/3248 2156/2/2923 2155/2/3248
f 2154/2/3250 2157/2/3251 2186/2/3252
f 2186/2/3252 2210/2/2927 2154/2/3250
f 2211/2/3253 2212/2/3254 2213/2/3255
f 2213/2/3255 2214/2/3255 2211/2/3253
f 2192/2/3256 2215/2/3257 2216/2/3258
f 2216/2/3258 2190/2/3259 2192/2/3256
f 2217/2/3260 2191/2/3260 2193/2/3260
f 2193/2/3260 2218/2/3261 2217/2/3260
f 2180/2/3262 2179/2/3263 2194/2/3262
f 2194/2/3262 2219/2/3264 2180/2/3262
f 2220/2/3265 2215/2/3266 2192/2/3267
f 2192/2/3267 2195/2/3268 2220/2/3265
f 2196/2/3269 2214/2/3270 2219/2/3271
f 2219/2/3271 2194/2/3272 2196/2/3269
f 2197/2/3273 2221/2/3274 2220/2/3275
f 2220/2/3275 2195/2/3276 2197/2/3273
f 2198/2/3277 2211/2/3278 2214/2/3278
f 2214/2/3278 2196/2/3277 2198/2/3277
f 2199/2/3279 2222/2/3279 2221/2/3279
f 2221/2/3279 2197/2/3280 2199/2/3279
f 2223/2/3281 2211/2/3281 2198/2/3281
f 2198/2/3281 2200/2/3281 2223/2/3281
f 2201/2/3282 2224/2/3283 2222/2/3284
f 2222/2/3284 2199/2/3285 2201/2/3282
f 2202/2/3286 2225/2/3287 2223/2/3286
f 2223/2/3286 2200/2/3288 2202/2/3286
f 2226/2/3289 2224/2/3290 2201/2/3291
f 2201/2/3291 2203/2/3292 2226/2/3289
f 2204/2/3293 2227/2/3294 2225/2/3293
f 2225/2/3293 2202/2/3293 2204/2/3293
f 2205/2/3295 2228/2/3296 2226/2/3297
f 2226/2/3297 2203/2/3298 2205/2/3295
f 2229/2/3299 2227/2/3300 2204/2/3300
f 2204/2/3300 2206/2/3300 2229/2/3299
f 2207/2/3301 2230/2/3302 2228/2/3303
f 2228/2/3303 2205/2/3304 2207/2/3301
f 2208/2/3305 2231/2/3306 2229/2/3306
f 2229/2/3306 2206/2/3307 2208/2/3305
f 2232/2/3308 2230/2/3309 2207/2/3308
f 2207/2/3308 2209/2/3308 2232/2/3308
f 2210/2/3310 2233/2/3311 2231/2/3312
f 2231/2/3312 2208/2/3313 2210/2/3310
f 2150/2/3314 2234/2/3315 2232/2/3316
f 2232/2/3316 2209/2/3315 2150/2/3314
f 2184/2/3317 2235/2/3318 2218/2/3319
f 2218/2/3319 2193/2/3320 2184/2/3317
f 2233/2/3321 2210/2/3322 2186/2/3323
f 2186/2/3323 2236/2/3324 2233/2/3321
f 2149/2/3325 2237/2/3326 2234/2/3326
f 2234/2/3326 2150/2/3327 2149/2/3325
f 2183/2/3328 2238/2/3329 2235/2/3330
f 2235/2/3330 2184/2/3331 2183/2/3328
f 2185/2/3332 2239/2/3333 2236/2/3334
f 2236/2/3334 2186/2/3335 2185/2/3332
f 2240/2/3336 2237/2/3336 2149/2/3336
f 2149/2/3336 2187/2/3336 2240/2/3336
f 2241/2/3337 2238/2/3337 2183/2/3338
f 2183/2/3338 2188/2/3339 2241/2/3337
f 2189/2/3340 2242/2/3341 2239/2/3342
f 2239/2/3342 2185/2/3340 2189/2/3340
f 2182/2/3343 2181/2/3344 2240/2/3343
f 2240/2/3343 2187/2/3345 2182/2/3343
f 2190/2/3346 2216/2/3347 2241/2/3346
f 2241/2/3346 2188/2/3346 2190/2/3346
f 2217/2/3348 2242/2/3348 2189/2/3349
f 2189/2/3349 2191/2/3350 2217/2/3348
f 2243/2/3351 2244/2/3351 2245/2/3351
f 2245/2/3351 2246/2/3352 2243/2/3351
f 2247/2/3353 2221/2/3354 2222/2/3355
f 2222/2/3355 2248/2/3356 2247/2/3353
f 2223/2/3357 2249/2/3358 2212/2/3357
f 2212/2/3357 2211/2/3359 2223/2/3357
f 2224/2/3360 2250/2/3361 2248/2/3360
f 2248/2/3360 2222/2/3362 2224/2/3360
f 2249/2/3363 2223/2/3364 2225/2/3365
f 2225/2/3365 2245/2/3366 2249/2/3363
f 2226/2/3367 2251/2/3368 2250/2/3367
f 2250/2/3367 2224/2/3367 2226/2/3367
f 2227/2/3369 2246/2/3370 2245/2/3371
f 2245/2/3371 2225/2/3371 2227/2/3369
f 2252/2/3372 2251/2/3372 2226/2/3373
f 2226/2/3373 2228/2/3374 2252/2/3372
f 2229/2/3375 2253/2/3376 2246/2/3377
f 2246/2/3377 2227/2/3378 2229/2/3375
f 2230/2/3379 2254/2/3380 2252/2/3381
f 2252/2/3381 2228/2/3382 2230/2/3379
f 2253/2/3383 2229/2/3384 2231/2/3385
f 2231/2/3385 2255/2/3384 2253/2/3383
f 2232/2/3386 2256/2/3386 2254/2/3387
f 2254/2/3387 2230/2/3388 2232/2/3386
f 2233/2/3389 2257/2/3390 2255/2/3391
f 2255/2/3391 2231/2/3392 2233/2/3389
f 2258/2/3393 2256/2/3393 2232/2/3394
f 2232/2/3394 2234/2/3395 2258/2/3393
f 2218/2/3396 2235/2/3397 2259/2/3396
f 2259/2/3396 2260/2/3398 2218/2/3396
f 2236/2/3399 2261/2/3400 2257/2/3401
f 2257/2/3401 2233/2/3401 2236/2/3399
f 2237/2/3402 2262/2/3402 2258/2/3402
f 2258/2/3402 2234/2/3402 2237/2/3402
f 2238/2/3403 2263/2/3404 2259/2/3405
f 2259/2/3405 2235/2/3406 2238/2/3403
f 2264/2/3407 2261/2/3408 2236/2/3409
f 2236/2/3409 2239/2/3410 2264/2/3407
f 2240/2/3411 2265/2/3412 2262/2/3411
f 2262/2/3411 2237/2/3412 2240/2/3411
f 2241/2/3413 2266/2/3414 2263/2/3415
f 2263/2/3415 2238/2/3414 2241/2/3413
f 2242/2/3416 2267/2/3417 2264/2/3416
f 2264/2/3416 2239/2/3416 2242/2/3416
f 2265/2/3418 2240/2/3419 2181/2/3420
f 2181/2/3420 2268/2/3419 2265/2/3418
f 2216/2/3421 2269/2/3422 2266/2/3423
f 2266/2/3423 2241/2/3422 2216/2/3421
f 2217/2/3424 2270/2/3424 2267/2/3424
f 2267/2/3424 2242/2/3424 2217/2/3424
f 2180/2/3425 2271/2/3426 2268/2/3425
f 2268/2/3425 2181/2/3427 2180/2/3425
f 2269/2/3428 2216/2/3429 2215/2/3428
f 2215/2/3428 2272/2/3430 2269/2/3428
f 2260/2/3431 2270/2/3432 2217/2/3433
f 2217/2/3433 2218/2/3434 2260/2/3431
f 2219/2/3435 2273/2/3436 2271/2/3436
f 2271/2/3436 2180/2/3435 2219/2/3435
f 2220/2/3437 2274/2/3438 2272/2/3439
f 2272/2/3439 2215/2/3438 2220/2/3437
f 2273/2/3440 2219/2/3441 2214/2/3442
f 2214/2/3442 2213/2/3443 2273/2/3440
f 2221/2/3444 2247/2/3444 2274/2/3444
f 2274/2/3444 2220/2/3444 2221/2/3444
f 2275/2/3445 2276/2/3445 2277/2/3446
f 2277/2/3446 2278/2/3445 2275/2/3445
f 2252/2/3447 2279/2/3447 2280/2/3448
f 2280/2/3448 2251/2/2985 2252/2/3447
f 2253/2/3449 2281/2/3449 2243/2/3450
f 2243/2/3450 2246/2/3451 2253/2/3449
f 2282/2/3452 2279/2/3453 2252/2/3454
f 2252/2/3454 2254/2/3455 2282/2/3452
f 2255/2/3237 2278/2/3237 2281/2/2992
f 2281/2/2992 2253/2/2992 2255/2/3237
f 2256/2/2995 2283/2/2995 2282/2/2995
f 2282/2/2995 2254/2/2995 2256/2/2995
f 2275/2/3456 2278/2/3456 2255/2/3457
f 2255/2/3457 2257/2/3458 2275/2/3456
f 2258/2/3459 2284/2/3460 2283/2/3461
f 2283/2/3461 2256/2/3462 2258/2/3459
f 2260/2/2923 2259/2/2923 2285/2/2923
f 2285/2/2923 2286/2/2923 2260/2/2923
f 2261/2/2926 2287/2/3463 2275/2/2926
f 2275/2/2926 2257/2/3464 2261/2/2926
f 2288/2/3465 2284/2/3466 2258/2/3465
f 2258/2/3465 2262/2/3465 2288/2/3465
f 2285/2/3467 2259/2/2932 2263/2/3467
f 2263/2/3467 2289/2/2932 2285/2/3467
f 2264/2/3468 2290/2/2934 2287/2/3469
f 2287/2/3469 2261/2/3470 2264/2/3468
f 2265/2/2937 2291/2/3471 2288/2/2937
f 2288/2/2937 2262/2/2937 2265/2/2937
f 2289/2/3472 2263/2/2941 2266/2/3473
f 2266/2/3473 2292/2/3474 2289/2/3472
f 2293/2/3475 2290/2/3475 2264/2/2943
f 2264/2/2943 2267/2/3476 2293/2/3475
f 2268/2/3477 2294/2/3478 2291/2/2947
f 2291/2/2947 2265/2/3477 2268/2/3477
f 2269/2/3195 2295/2/3195 2292/2/3195
f 2292/2/3195 2266/2/3195 2269/2/3195
f 2270/2/3479 2296/2/2950 2293/2/3480
f 2293/2/3480 2267/2/3479 2270/2/3479
f 2297/2/3481 2294/2/3197 2268/2/3481
f 2268/2/3481 2271/2/3481 2297/2/3481
f 2272/2/3482 2298/2/3483 2295/2/3484
f 2295/2/3484 2269/2/3485 2272/2/3482
f 2286/2/3486 2296/2/3487 2270/2/3486
f 2270/2/3486 2260/2/3486 2286/2/3486
f 2273/2/3488 2299/2/3489 2297/2/3488
f 2297/2/3488 2271/2/2957 2273/2/3488
f 2298/2/3490 2272/2/3210 2274/2/3490
f 2274/2/3490 2300/2/3491 2298/2/3490
f 2213/2/3492 2301/2/3493 2299/2/3494
f 2299/2/3494 2273/2/3495 2213/2/3492
f 2247/2/3496 2302/2/3496 2300/2/3496
f 2300/2/3496 2274/2/3496 2247/2/3496
f 2303/2/3497 2301/2/3218 2213/2/3497
f 2213/2/3497 2212/2/2965 2303/2/3497
f 2248/2/3498 2304/2/3498 2302/2/3220
f 2302/2/3220 2247/2/3498 2248/2/3498
f 2249/2/3499 2305/2/3500 2303/2/3499
f 2303/2/3499 2212/2/2972 2249/2/3499
f 2306/2/2973 2304/2/3501 2248/2/2973
f 2248/2/2973 2250/2/2973 2306/2/2973
f 2245/2/3223 2244/2/3223 2305/2/2975
f 2305/2/2975 2249/2/3223 2245/2/3223
f 2251/2/2979 2280/2/3502 2306/2/3503
f 2306/2/3503 2250/2/2979 2251/2/2979
f 2307/2/3504 2308/2/3505 2309/2/3506
f 2309/2/3506 2310/2/3504 2307/2/3504
f 2284/2/3507 2311/2/3507 2312/2/3507
f 2312/2/3507 2283/2/3507 2284/2/3507
f 2313/2/3508 2314/2/3509 2286/2/3510
f 2286/2/3510 2285/2/3509 2313/2/3508
f 2315/2/3511 2276/2/3511 2275/2/3512
f 2275/2/3512 2287/2/3511 2315/2/3511
f 2288/2/3513 2316/2/3513 2311/2/3514
f 2311/2/3514 2284/2/3513 2288/2/3513
f 2289/2/3515 2317/2/3515 2313/2/3515
f 2313/2/3515 2285/2/3515 2289/2/3515
f 2290/2/3516 2318/2/3516 2315/2/3516
f 2315/2/3516 2287/2/3516 2290/2/3516
f 2319/2/3517 2316/2/3518 2288/2/3518
f 2288/2/3518 2291/2/3518 2319/2/3517
f 2292/2/3519 2320/2/3519 2317/2/3519
f 2317/2/3519 2289/2/3519 2292/2/3519
f 2293/2/3520 2321/2/3520 2318/2/3520
f 2318/2/3520 2290/2/3520 2293/2/3520
f 2294/2/3521 2322/2/3521 2319/2/3521
f 2319/2/3521 2291/2/3521 2294/2/3521
f 2323/2/3522 2320/2/3522 2292/2/3522
f 2292/2/3522 2295/2/3522 2323/2/3522
f 2321/2/3523 2293/2/3524 2296/2/3525
f 2296/2/3525 2324/2/3524 2321/2/3523
f 2297/2/3526 2325/2/3527 2322/2/3528
f 2322/2/3528 2294/2/3527 2297/2/3526
f 2298/2/3529 2326/2/3530 2323/2/3531
f 2323/2/3531 2295/2/3530 2298/2/3529
f 2314/2/3532 2324/2/3533 2296/2/3533
f 2296/2/3533 2286/2/3533 2314/2/3532
f 2325/2/3534 2297/2/3534 2299/2/3534
f 2299/2/3534 2327/2/3534 2325/2/3534
f 2300/2/3535 2328/2/3536 2326/2/3536
f 2326/2/3536 2298/2/3536 2300/2/3535
f 2301/2/3537 2329/2/3537 2327/2/3537
f 2327/2/3537 2299/2/3537 2301/2/3537
f 2330/2/3538 2328/2/3538 2300/2/3538
f 2300/2/3538 2302/2/3538 2330/2/3538
f 2303/2/3539 2331/2/3540 2329/2/3540
f 2329/2/3540 2301/2/3540 2303/2/3539
f 2304/2/3541 2332/2/3541 2330/2/3541
f 2330/2/3541 2302/2/3541 2304/2/3541
f 2309/2/3542 2331/2/3543 2303/2/3544
f 2303/2/3544 2305/2/3543 2309/2/3542
f 2306/2/3545 2333/2/3545 2332/2/3546
f 2332/2/3546 2304/2/3545 2306/2/3545
f 2244/2/3547 2310/2/3548 2309/2/3548
f 2309/2/3548 2305/2/3548 2244/2/3547
f 2333/2/3549 2306/2/3549 2280/2/3550
f 2280/2/3550 2334/2/3549 2333/2/3549
f 2243/2/3551 2335/2/3552 2310/2/3553
f 2310/2/3553 2244/2/3554 2243/2/3551
f 2279/2/3555 2336/2/3555 2334/2/3556
f 2334/2/3556 2280/2/3555 2279/2/3555
f 2335/2/3557 2243/2/3558 2281/2/3559
f 2281/2/3559 2337/2/3560 2335/2/3557
f 2282/2/3561 2338/2/3562 2336/2/3562
f 2336/2/3562 2279/2/3562 2282/2/3561
f 2278/2/3563 2277/2/3563 2337/2/3564
f 2337/2/3564 2281/2/3563 2278/2/3563
f 2312/2/3565 2338/2/3566 2282/2/3566
f 2282/2/3566 2283/2/3566 2312/2/3565
f 2339/2/3567 2340/2/3568 2341/2/3567
f 2341/2/3567 2342/2/3569 2339/2/3567
f 2334/2/3570 2343/2/3571 2344/2/3570
f 2344/2/3570 2333/2/3572 2334/2/3570
f 2335/2/3573 2345/2/3574 2307/2/3575
f 2307/2/3575 2310/2/3576 2335/2/3573
f 2346/2/3577 2343/2/3578 2334/2/3579
f 2334/2/3579 2336/2/3580 2346/2/3577
f 2337/2/3581 2342/2/3582 2345/2/3582
f 2345/2/3582 2335/2/3582 2337/2/3581
f 2338/2/3583 2347/2/3584 2346/2/3585
f 2346/2/3585 2336/2/3586 2338/2/3583
f 2342/2/3587 2337/2/3588 2277/2/3589
f 2277/2/3589 2339/2/3588 2342/2/3587
f 2312/2/3590 2348/2/3591 2347/2/3590
f 2347/2/3590 2338/2/3592 2312/2/3590
f 2276/2/3593 2349/2/3593 2339/2/3593
f 2339/2/3593 2277/2/3593 2276/2/3593
f 2348/2/3594 2312/2/3595 2311/2/3596
f 2311/2/3596 2350/2/3597 2348/2/3594
f 2314/2/3598 2313/2/3599 2351/2/3600
f 2351/2/3600 2352/2/3600 2314/2/3598
f 2315/2/3601 2353/2/3602 2349/2/3603
f 2349/2/3603 2276/2/3602 2315/2/3601
f 2316/2/3604 2354/2/3605 2350/2/3606
f 2350/2/3606 2311/2/3607 2316/2/3604
f 2317/2/3608 2355/2/3609 2351/2/3610
f 2351/2/3610 2313/2/3611 2317/2/3608
f 2356/2/3612 2353/2/3613 2315/2/3614
f 2315/2/3614 2318/2/3615 2356/2/3612
f 2319/2/3616 2357/2/3617 2354/2/3618
f 2354/2/3618 2316/2/3619 2319/2/3616
f 2320/2/3620 2358/2/3621 2355/2/3622
f 2355/2/3622 2317/2/3623 2320/2/3620
f 2321/2/3624 2359/2/3625 2356/2/3624
f 2356/2/3624 2318/2/3626 2321/2/3624
f 2360/2/3627 2357/2/3628 2319/2/3629
f 2319/2/3629 2322/2/3630 2360/2/3627
f 2323/2/3631 2361/2/3632 2358/2/3631
f 2358/2/3631 2320/2/3633 2323/2/3631
f 2324/2/3634 2362/2/3634 2359/2/3634
f 2359/2/3634 2321/2/3635 2324/2/3634
f 2325/2/3636 2363/2/3637 2360/2/3637
f 2360/2/3637 2322/2/3636 2325/2/3636
f 2361/2/3638 2323/2/3639 2326/2/3640
f 2326/2/3640 2364/2/3639 2361/2/3638
f 2352/2/3641 2362/2/3642 2324/2/3643
f 2324/2/3643 2314/2/3642 2352/2/3641
f 2327/2/3644 2365/2/3645 2363/2/3646
f 2363/2/3646 2325/2/3647 2327/2/3644
f 2328/2/3648 2366/2/3649 2364/2/3650
f 2364/2/3650 2326/2/3649 2328/2/3648
f 2365/2/3651 2327/2/3652 2329/2/3653
f 2329/2/3653 2367/2/3654 2365/2/3651
f 2330/2/3655 2368/2/3655 2366/2/3656
f 2366/2/3656 2328/2/3656 2330/2/3655
f 2331/2/3657 2369/2/3658 2367/2/3657
f 2367/2/3657 2329/2/3659 2331/2/3657
f 2370/2/3660 2368/2/3661 2330/2/3660
f 2330/2/3660 2332/2/3662 2370/2/3660
f 2309/2/3663 2308/2/3663 2369/2/3663
f 2369/2/3663 2331/2/3663 2309/2/3663
f 2333/2/3664 2344/2/3664 2370/2/3664
f 2370/2/3664 2332/2/3665 2333/2/3664
f 2371/2/3666 2372/2/3667 2373/2/3668
f 2373/2/3668 2374/2/3667 2371/2/3666
f 2348/2/3669 2375/2/3670 2376/2/3669
f 2376/2/3669 2347/2/3671 2348/2/3669
f 2339/2/3672 2349/2/3673 2377/2/3672
f 2377/2/3672 2340/2/3674 2339/2/3672
f 2350/2/3675 2378/2/3676 2375/2/3675
f 2375/2/3675 2348/2/3676 2350/2/3675
f 2352/2/3677 2351/2/3678 2379/2/3677
f 2379/2/3677 2380/2/3679 2352/2/3677
f 2377/2/3680 2349/2/3681 2353/2/3682
f 2353/2/3682 2372/2/3683 2377/2/3680
f 2350/2/3684 2354/2/3685 2381/2/3685
f 2381/2/3685 2378/2/3685 2350/2/3684
f 2379/2/3686 2351/2/3687 2355/2/3688
f 2355/2/3688 2382/2/3689 2379/2/3686
f 2356/2/3690 2373/2/3690 2372/2/3690
f 2372/2/3690 2353/2/3691 2356/2/3690
f 2381/2/3692 2354/2/3693 2357/2/3692
f 2357/2/3692 2383/2/3694 2381/2/3692
f 2382/2/3695 2355/2/3695 2358/2/3695
f 2358/2/3695 2384/2/3696 2382/2/3695
f 2356/2/3697 2359/2/3698 2385/2/3697
f 2385/2/3697 2373/2/3698 2356/2/3697
f 2360/2/3699 2386/2/3700 2383/2/3699
f 2383/2/3699 2357/2/3701 2360/2/3699
f 2361/2/3702 2387/2/3702 2384/2/3702
f 2384/2/3702 2358/2/3702 2361/2/3702
f 2385/2/3703 2359/2/3704 2362/2/3705
f 2362/2/3705 2388/2/3706 2385/2/3703
f 2360/2/3707 2363/2/3708 2389/2/3708
f 2389/2/3708 2386/2/3708 2360/2/3707
f 2364/2/3709 2390/2/3710 2387/2/3711
f 2387/2/3711 2361/2/3712 2364/2/3709
f 2362/2/3713 2352/2/3714 2380/2/3713
f 2380/2/3713 2388/2/3715 2362/2/3713
f 2389/2/3716 2363/2/3717 2365/2/3718
f 2365/2/3718 2391/2/3717 2389/2/3716
f 2390/2/3719 2364/2/3720 2366/2/3721
f 2366/2/3721 2392/2/3722 2390/2/3719
f 2367/2/3723 2393/2/3723 2391/2/3723
f 2391/2/3723 2365/2/3724 2367/2/3723
f 2368/2/3725 2394/2/3726 2392/2/3727
f 2392/2/3727 2366/2/3726 2368/2/3725
f 2367/2/3728 2369/2/3729 2395/2/3730
f 2395/2/3730 2393/2/3731 2367/2/3728
f 2370/2/3732 2396/2/3733 2394/2/3732
f 2394/2/3732 2368/2/3734 2370/2/3732
f 2395/2/3735 2369/2/3736 2308/2/3737
f 2308/2/3737 2397/2/3735 2395/2/3735
f 2370/2/3738 2344/2/3739 2398/2/3740
f 2398/2/3740 2396/2/3741 2370/2/3738
f 2307/2/3742 2399/2/3743 2397/2/3744
f 2397/2/3744 2308/2/3745 2307/2/3742
f 2398/2/3746 2344/2/3747 2343/2/3746
f 2343/2/3746 2400/2/3748 2398/2/3746
f 2307/2/3749 2345/2/3750 2401/2/3751
f 2401/2/3751 2399/2/3751 2307/2/3749
f 2402/2/3752 2400/2/3753 2343/2/3754
f 2343/2/3754 2346/2/3755 2402/2/3752
f 2401/2/3756 2345/2/3757 2342/2/3758
f 2342/2/3758 2341/2/3756 2401/2/3756
f 2402/2/3759 2346/2/3760 2347/2/3759
f 2347/2/3759 2376/2/3761 2402/2/3759
f 2403/2/3762 2404/2/3763 2405/2/3762
f 2405/2/3762 2406/2/3764 2403/2/3762
f 2383/2/3765 2407/2/3766 2408/2/3765
f 2408/2/3765 2381/2/3766 2383/2/3765
f 2384/2/3767 2409/2/3767 2410/2/3767
f 2410/2/3767 2382/2/3767 2384/2/3767
f 2385/2/3768 2411/2/3769 2374/2/3770
f 2374/2/3770 2373/2/3769 2385/2/3768
f 2407/2/3771 2383/2/3771 2386/2/3771
f 2386/2/3771 2412/2/3771 2407/2/3771
f 2384/2/3772 2387/2/3772 2413/2/3772
f 2413/2/3772 2409/2/3772 2384/2/3772
f 2388/2/3773 2405/2/3774 2411/2/3775
f 2411/2/3775 2385/2/3774 2388/2/3773
f 2389/2/3776 2414/2/3776 2412/2/3777
f 2412/2/3777 2386/2/3776 2389/2/3776
f 2413/2/3778 2387/2/3779 2390/2/3779
f 2390/2/3779 2415/2/3779 2413/2/3778
f 2406/2/3780 2405/2/3780 2388/2/3780
f 2388/2/3780 2380/2/3780 2406/2/3780
f 2391/2/3781 2416/2/3782 2414/2/3783
f 2414/2/3783 2389/2/3782 2391/2/3781
f 2392/2/3784 2417/2/3784 2415/2/3784
f 2415/2/3784 2390/2/3784 2392/2/3784
f 2416/2/3785 2391/2/3786 2393/2/3787
f 2393/2/3787 2418/2/3786 2416/2/3785
f 2392/2/3788 2394/2/3788 2419/2/3788
f 2419/2/3788 2417/2/3788 2392/2/3788
f 2395/2/3789 2420/2/3789 2418/2/3789
f 2418/2/3789 2393/2/3790 2395/2/3789
f 2419/2/3791 2394/2/3792 2396/2/3793
f 2396/2/3793 2421/2/3792 2419/2/3791
f 2397/2/3794 2422/2/3795 2420/2/3794
f 2420/2/3794 2395/2/3795 2397/2/3794
f 2398/2/3796 2423/2/3797 2421/2/3798
f 2421/2/3798 2396/2/3796 2398/2/3796
f 2422/2/3799 2397/2/3800 2399/2/3801
f 2399/2/3801 2424/2/3800 2422/2/3799
f 2400/2/3802 2425/2/3802 2423/2/3802
f 2423/2/3802 2398/2/3802 2400/2/3802
f 2401/2/3803 2426/2/3804 2424/2/3805
f 2424/2/3805 2399/2/3804 2401/2/3803
f 2400/2/3806 2402/2/3806 2427/2/3806
f 2427/2/3806 2425/2/3806 2400/2/3806
f 2341/2/3807 2428/2/3808 2426/2/3807
f 2426/2/3807 2401/2/3808 2341/2/3807
f 2429/2/3809 2427/2/3810 2402/2/3810
f 2402/2/3810 2376/2/3810 2429/2/3809
f 2428/2/3811 2341/2/3812 2340/2/3811
f 2340/2/3811 2430/2/3812 2428/2/3811
f 2429/2/3813 2376/2/3813 2375/2/3813
f 2375/2/3813 2431/2/3813 2429/2/3813
f 2377/2/3814 2432/2/3815 2430/2/3816
f 2430/2/3816 2340/2/3815 2377/2/3814
f 2431/2/3817 2375/2/3818 2378/2/3818
f 2378/2/3818 2433/2/3818 2431/2/3817
f 2379/2/3819 2434/2/3820 2406/2/3820
f 2406/2/3820 2380/2/3820 2379/2/3819
f 2372/2/3821 2371/2/3822 2432/2/3822
f 2432/2/3822 2377/2/3822 2372/2/3821
f 2381/2/3823 2408/2/3823 2433/2/3823
f 2433/2/3823 2378/2/3823 2381/2/3823
f 2434/2/3824 2379/2/3824 2382/2/3825
f 2382/2/3825 2410/2/3825 2434/2/3824
f 2435/2/3826 2436/2/3827 2437/2/3828
f 2437/2/3828 2438/2/3829 2435/2/3826
f 2416/2/3830 2439/2/3830 2440/2/3830
f 2440/2/3830 2414/2/3830 2416/2/3830
f 2441/2/3831 2415/2/3832 2417/2/3833
f 2417/2/3833 2442/2/3834 2441/2/3831
f 2418/2/3835 2443/2/3836 2439/2/3837
f 2439/2/3837 2416/2/3838 2418/2/3835
f 2419/2/3839 2444/2/3840 2442/2/3841
f 2442/2/3841 2417/2/3842 2419/2/3839
f 2443/2/3843 2418/2/3843 2420/2/3844
f 2420/2/3844 2438/2/3845 2443/2/3843
f 2421/2/3846 2445/2/3847 2444/2/3848
f 2444/2/3848 2419/2/3849 2421/2/3846
f 2422/2/3850 2435/2/3850 2438/2/3850
f 2438/2/3850 2420/2/3850 2422/2/3850
f 2445/2/3851 2421/2/3852 2423/2/3853
f 2423/2/3853 2446/2/3851 2445/2/3851
f 2424/2/3854 2447/2/3855 2435/2/3854
f 2435/2/3854 2422/2/3855 2424/2/3854
f 2425/2/3856 2448/2/3857 2446/2/3858
f 2446/2/3858 2423/2/3859 2425/2/3856
f 2447/2/3860 2424/2/3861 2426/2/3862
f 2426/2/3862 2449/2/3863 2447/2/3860
f 2427/2/3864 2450/2/3865 2448/2/3864
f 2448/2/3864 2425/2/3866 2427/2/3864
f 2428/2/3867 2451/2/3868 2449/2/3869
f 2449/2/3869 2426/2/3870 2428/2/3867
f 2450/2/3871 2427/2/3872 2429/2/3873
f 2429/2/3873 2452/2/3874 2450/2/3871
f 2430/2/3875 2453/2/3876 2451/2/3877
f 2451/2/3877 2428/2/3878 2430/2/3875
f 2431/2/3879 2454/2/3880 2452/2/3881
f 2452/2/3881 2429/2/3880 2431/2/3879
f 2453/2/3882 2430/2/3883 2432/2/3884
f 2432/2/3884 2455/2/3885 2453/2/3882
f 2433/2/3886 2456/2/3887 2454/2/3888
f 2454/2/3888 2431/2/3889 2433/2/3886
f 2406/2/3890 2434/2/3891 2457/2/3892
f 2457/2/3892 2403/2/3891 2406/2/3890
f 2371/2/3893 2458/2/3894 2455/2/3895
f 2455/2/3895 2432/2/3896 2371/2/3893
f 2456/2/3897 2433/2/3898 2408/2/3899
f 2408/2/3899 2459/2/3900 2456/2/3897
f 2410/2/3901 2460/2/3902 2457/2/3901
f 2457/2/3901 2434/2/3903 2410/2/3901
f 2374/2/3904 2461/2/3905 2458/2/3906
f 2458/2/3906 2371/2/3907 2374/2/3904
f 2407/2/3908 2462/2/3908 2459/2/3909
f 2459/2/3909 2408/2/3908 2407/2/3908
f 2460/2/3910 2410/2/3911 2409/2/3912
f 2409/2/3912 2463/2/3910 2460/2/3910
f 2461/2/3913 2374/2/3913 2411/2/3913
f 2411/2/3913 2464/2/3913 2461/2/3913
f 2412/2/3914 2465/2/3915 2462/2/3916
f 2462/2/3916 2407/2/3916 2412/2/3914
f 2413/2/3917 2466/2/3918 2463/2/3918
f 2463/2/3918 2409/2/3918 2413/2/3917
f 2405/2/3919 2404/2/3920 2464/2/3919
f 2464/2/3919 2411/2/3921 2405/2/3919
f 2465/2/3922 2412/2/3922 2414/2/3923
f 2414/2/3923 2440/2/3923 2465/2/3922
f 2415/2/3924 2441/2/3925 2466/2/3926
f 2466/2/3926 2413/2/3927 2415/2/3924
f 2467/2/3928 2468/2/3928 2469/2/3929
f 2469/2/3929 2470/2/3928 2467/2/3928
f 2471/2/3930 2472/2/3931 2445/2/3930
f 2445/2/3930 2446/2/3932 2471/2/3930
f 2447/2/3933 2473/2/3934 2436/2/3933
f 2436/2/3933 2435/2/3934 2447/2/3933
f 2448/2/3935 2474/2/3936 2471/2/3935
f 2471/2/3935 2446/2/3935 2448/2/3935
f 2468/2/3937 2473/2/3938 2447/2/3937
f 2447/2/3937 2449/2/3939 2468/2/3937
f 2450/2/3940 2475/2/3941 2474/2/3940
f 2474/2/3940 2448/2/3940 2450/2/3940
f 2451/2/3942 2469/2/3943 2468/2/3942
f 2468/2/3942 2449/2/3944 2451/2/3942
f 2476/2/3945 2475/2/3946 2450/2/3947
f 2450/2/3947 2452/2/3948 2476/2/3945
f 2453/2/3949 2477/2/3949 2469/2/3949
f 2469/2/3949 2451/2/3950 2453/2/3949
f 2454/2/3951 2478/2/3952 2476/2/3951
f 2476/2/3951 2452/2/3953 2454/2/3951
f 2479/2/3954 2477/2/3955 2453/2/3956
f 2453/2/3956 2455/2/3957 2479/2/3954
f 2456/2/3958 2480/2/3959 2478/2/3958
f 2478/2/3958 2454/2/3960 2456/2/3958
f 2481/2/3961 2403/2/3962 2457/2/3963
f 2457/2/3963 2482/2/3963 2481/2/3961
f 2458/2/3964 2483/2/3965 2479/2/3965
f 2479/2/3965 2455/2/3965 2458/2/3964
f 2484/2/3966 2480/2/3967 2456/2/3967
f 2456/2/3967 2459/2/3967 2484/2/3966
f 2482/2/3968 2457/2/3969 2460/2/3969
f 2460/2/3969 2485/2/3970 2482/2/3968
f 2461/2/3971 2486/2/3972 2483/2/3972
f 2483/2/3972 2458/2/3973 2461/2/3971
f 2462/2/3974 2487/2/3975 2484/2/3976
f 2484/2/3976 2459/2/3977 2462/2/3974
f 2463/2/3978 2488/2/3979 2485/2/3978
f 2485/2/3978 2460/2/3980 2463/2/3978
f 2489/2/3981 2486/2/3982 2461/2/3981
f 2461/2/3981 2464/2/3983 2489/2/3981
f 2465/2/3984 2490/2/3984 2487/2/3984
f 2487/2/3984 2462/2/3984 2465/2/3984
f 2488/2/3985 2463/2/3986 2466/2/3985
f 2466/2/3985 2491/2/3987 2488/2/3985
f 2404/2/3988 2492/2/3988 2489/2/3988
f 2489/2/3988 2464/2/3989 2404/2/3988
f 2493/2/3990 2490/2/3990 2465/2/3991
f 2465/2/3991 2440/2/3991 2493/2/3990
f 2441/2/3992 2494/2/3992 2491/2/3992
f 2491/2/3992 2466/2/3992 2441/2/3992
f 2481/2/3993 2492/2/3993 2404/2/3994
f 2404/2/3994 2403/2/3993 2481/2/3993
f 2439/2/3995 2495/2/3996 2493/2/3995
f 2493/2/3995 2440/2/3997 2439/2/3995
f 2442/2/3998 2496/2/3999 2494/2/4000
f 2494/2/4000 2441/2/3998 2442/2/3998
f 2443/2/4001 2497/2/4001 2495/2/4001
f 2495/2/4001 2439/2/4001 2443/2/4001
f 2496/2/4002 2442/2/4003 2444/2/4004
f 2444/2/4004 2498/2/4005 2496/2/4002
f 2437/2/4006 2497/2/4006 2443/2/4007
f 2443/2/4007 2438/2/4006 2437/2/4006
f 2445/2/4008 2472/2/4009 2498/2/4010
f 2498/2/4010 2444/2/4011 2445/2/4008
f 2499/2/4012 2500/2/4013 2501/2/4013
f 2501/2/4013 2502/2/4014 2499/2/4012
f 2476/2/4015 2503/2/4015 2504/2/4015
f 2504/2/4015 2475/2/4015 2476/2/4015
f 2477/2/4016 2505/2/4017 2470/2/4018
f 2470/2/4018 2469/2/4018 2477/2/4016
f 2506/2/4019 2503/2/4020 2476/2/4021
f 2476/2/4021 2478/2/4020 2506/2/4019
f 2479/2/4022 2507/2/4023 2505/2/4024
f 2505/2/4024 2477/2/4023 2479/2/4022
f 2480/2/4025 2508/2/4025 2506/2/4026
f 2506/2/4026 2478/2/4025 2480/2/4025
f 2500/2/4027 2499/2/4027 2481/2/4027
f 2481/2/4027 2482/2/4027 2500/2/4027
f 2509/2/4028 2507/2/4028 2479/2/4029
f 2479/2/4029 2483/2/4028 2509/2/4028
f 2484/2/4030 2510/2/4030 2508/2/4030
f 2508/2/4030 2480/2/4030 2484/2/4030
f 2485/2/4031 2511/2/4032 2500/2/4032
f 2500/2/4032 2482/2/4032 2485/2/4031
f 2486/2/4033 2512/2/4034 2509/2/4034
f 2509/2/4034 2483/2/4034 2486/2/4033
f 2513/2/4035 2510/2/4035 2484/2/4036
f 2484/2/4036 2487/2/4035 2513/2/4035
f 2488/2/4037 2514/2/4038 2511/2/4037
f 2511/2/4037 2485/2/4038 2488/2/4037
f 2489/2/4039 2515/2/4040 2512/2/4040
f 2512/2/4040 2486/2/4040 2489/2/4039
f 2490/2/4041 2516/2/4041 2513/2/4042
f 2513/2/4042 2487/2/4041 2490/2/4041
f 2517/2/4043 2514/2/4044 2488/2/4045
f 2488/2/4045 2491/2/4044 2517/2/4043
f 2518/2/4046 2515/2/4046 2489/2/4046
f 2489/2/4046 2492/2/4046 2518/2/4046
f 2493/2/4047 2519/2/4048 2516/2/4048
f 2516/2/4048 2490/2/4048 2493/2/4047
f 2494/2/4049 2520/2/4049 2517/2/4050
f 2517/2/4050 2491/2/4049 2494/2/4049
f 2518/2/4051 2492/2/4051 2481/2/4052
f 2481/2/4052 2499/2/4051 2518/2/4051
f 2519/2/4053 2493/2/4053 2495/2/4054
f 2495/2/4054 2521/2/4053 2519/2/4053
f 2496/2/4055 2522/2/4055 2520/2/4056
f 2520/2/4056 2494/2/4055 2496/2/4055
f 2497/2/4057 2523/2/4057 2521/2/4057
f 2521/2/4057 2495/2/4057 2497/2/4057
f 2524/2/4058 2522/2/4058 2496/2/4058
f 2496/2/4058 2498/2/4058 2524/2/4058
f 2437/2/4059 2525/2/4059 2523/2/4059
f 2523/2/4059 2497/2/4059 2437/2/4059
f 2472/2/4060 2526/2/4060 2524/2/4061
f 2524/2/4061 2498/2/4060 2472/2/4060
f 2525/2/4062 2437/2/4063 2436/2/4064
f 2436/2/4064 2527/2/4063 2525/2/4062
f 2471/2/4065 2528/2/4065 2526/2/4065
f 2526/2/4065 2472/2/4065 2471/2/4065
f 2473/2/4066 2529/2/4066 2527/2/4067
f 2527/2/4067 2436/2/4068 2473/2/4066
f 2530/2/4069 2528/2/4070 2471/2/4070
f 2471/2/4070 2474/2/4070 2530/2/4069
f 2468/2/4071 2467/2/4072 2529/2/4072
f 2529/2/4072 2473/2/4073 2468/2/4071
f 2475/2/4074 2504/2/4074 2530/2/4074
f 2530/2/4074 2474/2/4074 2475/2/4074
f 2531/2/4075 2532/2/4076 2533/2/4075
f 2533/2/4075 2534/2/4075 2531/2/4075
f 2509/2/4077 2535/2/4077 2536/2/4077
f 2536/2/4077 2507/2/4078 2509/2/4077
f 2510/2/4079 2537/2/4080 2538/2/4080
f 2538/2/4080 2508/2/4081 2510/2/4079
f 2511/2/4082 2539/2/4083 2501/2/4084
f 2501/2/4084 2500/2/4085 2511/2/4082
f 2540/2/4086 2535/2/4087 2509/2/4086
f 2509/2/4086 2512/2/4088 2540/2/4086
f 2513/2/4089 2541/2/4090 2537/2/4089
f 2537/2/4089 2510/2/4091 2513/2/4089
f 2514/2/4092 2534/2/4093 2539/2/4094
f 2539/2/4094 2511/2/4095 2514/2/4092
f 2515/2/4096 2542/2/4096 2540/2/4096
f 2540/2/4096 2512/2/4096 2515/2/4096
f 2541/2/4097 2513/2/4098 2516/2/4099
f 2516/2/4099 2543/2/4100 2541/2/4097
f 2517/2/4101 2531/2/4102 2534/2/4101
f 2534/2/4101 2514/2/4103 2517/2/4101
f 2518/2/4104 2544/2/4105 2542/2/4106
f 2542/2/4106 2515/2/4107 2518/2/4104
f 2519/2/4108 2545/2/4109 2543/2/4110
f 2543/2/4110 2516/2/4110 2519/2/4108
f 2531/2/4111 2517/2/4111 2520/2/4112
f 2520/2/4112 2546/2/4111 2531/2/4111
f 2544/2/4113 2518/2/4113 2499/2/4113
f 2499/2/4113 2502/2/4113 2544/2/4113
f 2521/2/4114 2547/2/4115 2545/2/4116
f 2545/2/4116 2519/2/4117 2521/2/4114
f 2522/2/4118 2548/2/4119 2546/2/4120
f 2546/2/4120 2520/2/4121 2522/2/4118
f 2549/2/4122 2547/2/4123 2521/2/4124
f 2521/2/4124 2523/2/4124 2549/2/4122
f 2524/2/4125 2550/2/4126 2548/2/4127
f 2548/2/4127 2522/2/4127 2524/2/4125
f 2525/2/4128 2551/2/4129 2549/2/4130
f 2549/2/4130 2523/2/4131 2525/2/4128
f 2552/2/4132 2550/2/4133 2524/2/4134
f 2524/2/4134 2526/2/4135 2552/2/4132
f 2527/2/4136 2553/2/4137 2551/2/4136
f 2551/2/4136 2525/2/4138 2527/2/4136
f 2528/2/4139 2554/2/4140 2552/2/4139
f 2552/2/4139 2526/2/4141 2528/2/4139
f 2553/2/4142 2527/2/4142 2529/2/4143
f 2529/2/4143 2555/2/4144 2553/2/4142
f 2530/2/4145 2556/2/4146 2554/2/4147
f 2554/2/4147 2528/2/4148 2530/2/4145
f 2467/2/4149 2557/2/4150 2555/2/4151
f 2555/2/4151 2529/2/4152 2467/2/4149
f 2558/2/4153 2556/2/4154 2530/2/4155
f 2530/2/4155 2504/2/4156 2558/2/4153
f 2470/2/4157 2559/2/4158 2557/2/4157
f 2557/2/4157 2467/2/4157 2470/2/4157
f 2503/2/4159 2560/2/4160 2558/2/4161
f 2558/2/4161 2504/2/4162 2503/2/4159
f 2561/2/4163 2559/2/4164 2470/2/4163
f 2470/2/4163 2505/2/4165 2561/2/4163
f 2506/2/4166 2562/2/4166 2560/2/4167
f 2560/2/4167 2503/2/4167 2506/2/4166
f 2507/2/4168 2536/2/4168 2561/2/4169
f 2561/2/4169 2505/2/4169 2507/2/4168
f 2562/2/4170 2506/2/4171 2508/2/4170
f 2508/2/4170 2538/2/4171 2562/2/4170
f 2563/2/4172 2564/2/4172 2565/2/4172
f 2565/2/4172 2566/2/4172 2563/2/4172
f 2544/2/4173 2567/2/4173 2568/2/4174
f 2568/2/4174 2542/2/4173 2544/2/4173
f 2569/2/4175 2570/2/4175 2543/2/4175
f 2543/2/4175 2545/2/4175 2569/2/4175
f 2546/2/4176 2571/2/4176 2532/2/4176
f 2532/2/4176 2531/2/4176 2546/2/4176
f 2572/2/4177 2567/2/4177 2544/2/4177
f 2544/2/4177 2502/2/4177 2572/2/4177
f 2547/2/4178 2573/2/4179 2569/2/4178
f 2569/2/4178 2545/2/4180 2547/2/4178
f 2571/2/4181 2546/2/4182 2548/2/4183
f 2548/2/4183 2565/2/4182 2571/2/4181
f 2549/2/4184 2574/2/4185 2573/2/4185
f 2573/2/4185 2547/2/4185 2549/2/4184
f 2550/2/4186 2566/2/4187 2565/2/4186
f 2565/2/4186 2548/2/4188 2550/2/4186
f 2575/2/4189 2574/2/4189 2549/2/4190
f 2549/2/4190 2551/2/4189 2575/2/4189
f 2552/2/4191 2576/2/4191 2566/2/4192
f 2566/2/4192 2550/2/4191 2552/2/4191
f 2553/2/4193 2577/2/4193 2575/2/4194
f 2575/2/4194 2551/2/4193 2553/2/4193
f 2578/2/4195 2576/2/4196 2552/2/4197
f 2552/2/4197 2554/2/4198 2578/2/4195
f 2555/2/4199 2579/2/4200 2577/2/4199
f 2577/2/4199 2553/2/4200 2555/2/4199
f 2556/2/4201 2580/2/4202 2578/2/4203
f 2578/2/4203 2554/2/4204 2556/2/4201
f 2581/2/4205 2579/2/4206 2555/2/4205
f 2555/2/4205 2557/2/4207 2581/2/4205
f 2558/2/4208 2582/2/4209 2580/2/4209
f 2580/2/4209 2556/2/4210 2558/2/4208
f 2559/2/4211 2583/2/4212 2581/2/4211
f 2581/2/4211 2557/2/4213 2559/2/4211
f 2584/2/4214 2582/2/4214 2558/2/4214
f 2558/2/4214 2560/2/4214 2584/2/4214
f 2561/2/4215 2585/2/4216 2583/2/4215
f 2583/2/4215 2559/2/4217 2561/2/4215
f 2562/2/4218 2586/2/4219 2584/2/4220
f 2584/2/4220 2560/2/4218 2562/2/4218
f 2587/2/4221 2585/2/4221 2561/2/4221
f 2561/2/4221 2536/2/4221 2587/2/4221
f 2538/2/4222 2588/2/4223 2586/2/4222
f 2586/2/4222 2562/2/4224 2538/2/4222
f 2502/2/4225 2501/2/4225 2589/2/4225
f 2589/2/4225 2572/2/4226 2502/2/4225
f 2535/2/4227 2590/2/4228 2587/2/4227
f 2587/2/4227 2536/2/4227 2535/2/4227
f 2591/2/4229 2588/2/4229 2538/2/4230
f 2538/2/4230 2537/2/4230 2591/2/4229
f 2592/2/4231 2589/2/4232 2501/2/4233
f 2501/2/4233 2539/2/4234 2592/2/4231
f 2540/2/4235 2593/2/4236 2590/2/4235
f 2590/2/4235 2535/2/4236 2540/2/4235
f 2541/2/4237 2594/2/4238 2591/2/4237
f 2591/2/4237 2537/2/4237 2541/2/4237
f 2533/2/4239 2592/2/4240 2539/2/4239
f 2539/2/4239 2534/2/4241 2533/2/4239
f 2568/2/4242 2593/2/4243 2540/2/4242
f 2540/2/4242 2542/2/4244 2568/2/4242
f 2543/2/4245 2570/2/4245 2594/2/4245
f 2594/2/4245 2541/2/4245 2543/2/4245
f 2595/2/4246 2596/2/4247 2597/2/4248
f 2597/2/4248 2598/2/4249 2595/2/4246
f 2575/2/4250 2599/2/4250 2600/2/4250
f 2600/2/4250 2574/2/4250 2575/2/4250
f 2576/2/4251 2601/2/4252 2563/2/4252
f 2563/2/4252 2566/2/4252 2576/2/4251
f 2599/2/4253 2575/2/4254 2577/2/4255
f 2577/2/4255 2602/2/4254 2599/2/4253
f 2578/2/4256 2598/2/4257 2601/2/4258
f 2601/2/4258 2576/2/4257 2578/2/4256
f 2579/2/4259 2603/2/4260 2602/2/4261
f 2602/2/4261 2577/2/4260 2579/2/4259
f 2595/2/4262 2598/2/4262 2578/2/4262
f 2578/2/4262 2580/2/4262 2595/2/4262
f 2581/2/4263 2604/2/4263 2603/2/4264
f 2603/2/4264 2579/2/4265 2581/2/4263
f 2582/2/4266 2605/2/4267 2595/2/4268
f 2595/2/4268 2580/2/4267 2582/2/4266
f 2606/2/4269 2604/2/4270 2581/2/4271
f 2581/2/4271 2583/2/4272 2606/2/4269
f 2584/2/4273 2607/2/4273 2605/2/4273
f 2605/2/4273 2582/2/4273 2584/2/4273
f 2585/2/4274 2608/2/4275 2606/2/4276
f 2606/2/4276 2583/2/4275 2585/2/4274
f 2609/2/4277 2607/2/4277 2584/2/4277
f 2584/2/4277 2586/2/4277 2609/2/4277
f 2587/2/4278 2610/2/4278 2608/2/4279
f 2608/2/4279 2585/2/4278 2587/2/4278
f 2588/2/4280 2611/2/4280 2609/2/4281
f 2609/2/4281 2586/2/4280 2588/2/4280
f 2612/2/4282 2613/2/4283 2572/2/4282
f 2572/2/4282 2589/2/4283 2612/2/4282
f 2614/2/4284 2610/2/4284 2587/2/4285
f 2587/2/4285 2590/2/4284 2614/2/4284
f 2591/2/4286 2615/2/4286 2611/2/4287
f 2611/2/4287 2588/2/4286 2591/2/4286
f 2592/2/4288 2616/2/4289 2612/2/4290
f 2612/2/4290 2589/2/4289 2592/2/4288
f 2593/2/4291 2617/2/4292 2614/2/4293
f 2614/2/4293 2590/2/4292 2593/2/4291
f 2615/2/4294 2591/2/4295 2594/2/4296
f 2594/2/4296 2618/2/4295 2615/2/4294
f 2533/2/4297 2619/2/4297 2616/2/4298
f 2616/2/4298 2592/2/4297 2533/2/4297
f 2568/2/4299 2620/2/4299 2617/2/4300
f 2617/2/4300 2593/2/4299 2568/2/4299
f 2570/2/4301 2621/2/4302 2618/2/4302
f 2618/2/4302 2594/2/4302 2570/2/4301
f 2622/2/4303 2619/2/4303 2533/2/4303
f 2533/2/4303 2532/2/4303 2622/2/4303
f 2623/2/4304 2620/2/4305 2568/2/4306
f 2568/2/4306 2567/2/4305 2623/2/4304
f 2569/2/4307 2624/2/4308 2621/2/4307
f 2621/2/4307 2570/2/4308 2569/2/4307
f 2571/2/4309 2625/2/4309 2622/2/4310
f 2622/2/4310 2532/2/4309 2571/2/4309
f 2613/2/4311 2623/2/4311 2567/2/4312
f 2567/2/4312 2572/2/4311 2613/2/4311
f 2624/2/4313 2569/2/4314 2573/2/4315
f 2573/2/4315 2626/2/4314 2624/2/4313
f 2565/2/4316 2564/2/4317 2625/2/4317
f 2625/2/4317 2571/2/4317 2565/2/4316
f 2574/2/4318 2600/2/4318 2626/2/4319
f 2626/2/4319 2573/2/4318 2574/2/4318
f 2627/2/4320 2628/2/4321 2629/2/4322
f 2629/2/4322 2630/2/4323 2627/2/4320
f 2604/2/4324 2631/2/4325 2632/2/4324
f 2632/2/4324 2603/2/4325 2604/2/4324
f 2633/2/4326 2596/2/4327 2595/2/4328
f 2595/2/4328 2605/2/4329 2633/2/4326
f 2606/2/4330 2634/2/4331 2631/2/4332
f 2631/2/4332 2604/2/4332 2606/2/4330
f 2607/2/4333 2630/2/4334 2633/2/4335
f 2633/2/4335 2605/2/4336 2607/2/4333
f 2634/2/4337 2606/2/4337 2608/2/4338
f 2608/2/4338 2635/2/4338 2634/2/4337
f 2609/2/4339 2627/2/4340 2630/2/4339
f 2630/2/4339 2607/2/4340 2609/2/4339
f 2610/2/4341 2636/2/4342 2635/2/4343
f 2635/2/4343 2608/2/4344 2610/2/4341
f 2627/2/4345 2609/2/4346 2611/2/4347
f 2611/2/4347 2637/2/4348 2627/2/4345
f 2613/2/4349 2612/2/4350 2638/2/4351
f 2638/2/4351 2639/2/4350 2613/2/4349
f 2614/2/4352 2640/2/4352 2636/2/4353
f 2636/2/4353 2610/2/4352 2614/2/4352
f 2615/2/4354 2641/2/4355 2637/2/4356
f 2637/2/4356 2611/2/4357 2615/2/4354
f 2616/2/4358 2642/2/4359 2638/2/4358
f 2638/2/4358 2612/2/4360 2616/2/4358
f 2643/2/4361 2640/2/4362 2614/2/4363
f 2614/2/4363 2617/2/4364 2643/2/4361
f 2618/2/4365 2644/2/4366 2641/2/4367
f 2641/2/4367 2615/2/4366 2618/2/4365
f 2619/2/4368 2645/2/4369 2642/2/4368
f 2642/2/4368 2616/2/4370 2619/2/4368
f 2620/2/4371 2646/2/4372 2643/2/4372
f 2643/2/4372 2617/2/4371 2620/2/4371
f 2647/2/4373 2644/2/4374 2618/2/4374
f 2618/2/4374 2621/2/4375 2647/2/4373
f 2622/2/4376 2648/2/4377 2645/2/4378
f 2645/2/4378 2619/2/4379 2622/2/4376
f 2623/2/4380 2649/2/4381 2646/2/4380
f 2646/2/4380 2620/2/4382 2623/2/4380
f 2624/2/4383 2650/2/4383 2647/2/4384
f 2647/2/4384 2621/2/4383 2624/2/4383
f 2648/2/4385 2622/2/4386 2625/2/4387
f 2625/2/4387 2651/2/4388 2648/2/4385
f 2639/2/4389 2649/2/4390 2623/2/4391
f 2623/2/4391 2613/2/4392 2639/2/4389
f 2626/2/4393 2652/2/4394 2650/2/4395
f 2650/2/4395 2624/2/4395 2626/2/4393
f 2564/2/4396 2653/2/4397 2651/2/4398
f 2651/2/4398 2625/2/4397 2564/2/4396
f 2654/2/4399 2652/2/4400 2626/2/4401
f 2626/2/4401 2600/2/4402 2654/2/4399
f 2563/2/4403 2655/2/4404 2653/2/4405
f 2653/2/4405 2564/2/4406 2563/2/4403
f 2599/2/4407 2656/2/4408 2654/2/4407
f 2654/2/4407 2600/2/4409 2599/2/4407
f 2657/2/4410 2655/2/4410 2563/2/4410
f 2563/2/4410 2601/2/4410 2657/2/4410
f 2602/2/4411 2658/2/4412 2656/2/4413
f 2656/2/4413 2599/2/4414 2602/2/4411
f 2598/2/4415 2597/2/4415 2657/2/4416
f 2657/2/4416 2601/2/4415 2598/2/4415
f 2658/2/4417 2602/2/4417 2603/2/4418
f 2603/2/4418 2632/2/4419 2658/2/4417
f 2659/2/4420 2660/2/4420 2661/2/4420
f 2661/2/4420 2662/2/4420 2659/2/4420
f 2635/2/4421 2636/2/4422 2663/2/4423
f 2663/2/4423 2664/2/4424 2635/2/4421
f 2637/2/4425 2665/2/4426 2628/2/4427
f 2628/2/4427 2627/2/4428 2637/2/4425
f 2639/2/4429 2638/2/4429 2666/2/4429
f 2666/2/4429 2667/2/4430 2639/2/4429
f 2663/2/4431 2636/2/4432 2640/2/4433
f 2640/2/4433 2668/2/4433 2663/2/4431
f 2637/2/4434 2641/2/4434 2662/2/4434
f 2662/2/4434 2665/2/4434 2637/2/4434
f 2666/2/4435 2638/2/4435 2642/2/4436
f 2642/2/4436 2669/2/4436 2666/2/4435
f 2643/2/4437 2670/2/4438 2668/2/4438
f 2668/2/4438 2640/2/4439 2643/2/4437
f 2662/2/4440 2641/2/4441 2644/2/4440
f 2644/2/4440 2659/2/4442 2662/2/4440
f 2671/2/4443 2669/2/4444 2642/2/4445
f 2642/2/4445 2645/2/4446 2671/2/4443
f 2643/2/4447 2646/2/4448 2672/2/4447
f 2672/2/4447 2670/2/4449 2643/2/4447
f 2647/2/4450 2673/2/4451 2659/2/4451
f 2659/2/4451 2644/2/4451 2647/2/4450
f 2648/2/4452 2674/2/4453 2671/2/4454
f 2671/2/4454 2645/2/4455 2648/2/4452
f 2672/2/4456 2646/2/4457 2649/2/4456
f 2649/2/4456 2675/2/4458 2672/2/4456
f 2647/2/4459 2650/2/4459 2676/2/4459
f 2676/2/4459 2673/2/4459 2647/2/4459
f 2651/2/4460 2677/2/4460 2674/2/4461
f 2674/2/4461 2648/2/4460 2651/2/4460
f 2649/2/4462 2639/2/4463 2667/2/4464
f 2667/2/4464 2675/2/4465 2649/2/4462
f 2676/2/4466 2650/2/4467 2652/2/4468
f 2652/2/4468 2678/2/4469 2676/2/4466
f 2679/2/4470 2677/2/4471 2651/2/4472
f 2651/2/4472 2653/2/4473 2679/2/4470
f 2654/2/4474 2680/2/4474 2678/2/4474
f 2678/2/4474 2652/2/4474 2654/2/4474
f 2655/2/4475 2681/2/4476 2679/2/4477
f 2679/2/4477 2653/2/4478 2655/2/4475
f 2654/2/4479 2656/2/4480 2682/2/4479
f 2682/2/4479 2680/2/4479 2654/2/4479
f 2657/2/4481 2683/2/4482 2681/2/4483
f 2681/2/4483 2655/2/4484 2657/2/4481
f 2682/2/4485 2656/2/4486 2658/2/4485
f 2658/2/4485 2684/2/4487 2682/2/4485
f 2657/2/4488 2597/2/4489 2685/2/4490
f 2685/2/4490 2683/2/4491 2657/2/4488
f 2632/2/4492 2686/2/4492 2684/2/4492
f 2684/2/4492 2658/2/4492 2632/2/4492
f 2685/2/4493 2597/2/4494 2596/2/4493
f 2596/2/4493 2687/2/4494 2685/2/4493
f 2632/2/4495 2631/2/4496 2688/2/4497
f 2688/2/4497 2686/2/4498 2632/2/4495
f 2689/2/4499 2687/2/4500 2596/2/4501
f 2596/2/4501 2633/2/4501 2689/2/4499
f 2688/2/4502 2631/2/4503 2634/2/4504
f 2634/2/4504 2690/2/4505 2688/2/4502
f 2689/2/4506 2633/2/4507 2630/2/4508
f 2630/2/4508 2629/2/4509 2689/2/4506
f 2635/2/4510 2664/2/4511 2690/2/4510
f 2690/2/4510 2634/2/4510 2635/2/4510
f 2691/2/4512 2692/2/4512 2693/2/4512
f 2693/2/4512 2694/2/4513 2691/2/4512
f 2671/2/4514 2695/2/4514 2696/2/4514
f 2696/2/4514 2669/2/4514 2671/2/4514
f 2672/2/4515 2697/2/4516 2698/2/4517
f 2698/2/4517 2670/2/4516 2672/2/4515
f 2660/2/4518 2659/2/4519 2673/2/4520
f 2673/2/4520 2699/2/4519 2660/2/4518
f 2671/2/4521 2674/2/4521 2700/2/4521
f 2700/2/4521 2695/2/4521 2671/2/4521
f 2675/2/4522 2701/2/4523 2697/2/4524
f 2697/2/4524 2672/2/4523 2675/2/4522
f 2676/2/4525 2694/2/4525 2699/2/4526
f 2699/2/4526 2673/2/4525 2676/2/4525
f 2700/2/4527 2674/2/4527 2677/2/4527
f 2677/2/4527 2702/2/4527 2700/2/4527
f 2703/2/4528 2701/2/4529 2675/2/4530
f 2675/2/4530 2667/2/4529 2703/2/4528
f 2678/2/4531 2691/2/4531 2694/2/4531
f 2694/2/4531 2676/2/4531 2678/2/4531
f 2679/2/4532 2704/2/4532 2702/2/4532
f 2702/2/4532 2677/2/4532 2679/2/4532
f 2691/2/4533 2678/2/4533 2680/2/4534
f 2680/2/4534 2705/2/4533 2691/2/4533
f 2679/2/4535 2681/2/4535 2706/2/4535
f 2706/2/4535 2704/2/4535 2679/2/4535
f 2682/2/4536 2707/2/4537 2705/2/4536
f 2705/2/4536 2680/2/4537 2682/2/4536
f 2706/2/4538 2681/2/4538 2683/2/4538
f 2683/2/4538 2708/2/4538 2706/2/4538
f 2684/2/4539 2709/2/4540 2707/2/4540
f 2707/2/4540 2682/2/4540 2684/2/4539
f 2685/2/4541 2710/2/4541 2708/2/4542
f 2708/2/4542 2683/2/4541 2685/2/4541
f 2709/2/4543 2684/2/4544 2686/2/4544
f 2686/2/4544 2711/2/4544 2709/2/4543
f 2687/2/4545 2712/2/4545 2710/2/4545
f 2710/2/4545 2685/2/4545 2687/2/4545
f 2688/2/4546 2713/2/4546 2711/2/4546
f 2711/2/4546 2686/2/4547 2688/2/4546
f 2687/2/4548 2689/2/4548 2714/2/4548
f 2714/2/4548 2712/2/4548 2687/2/4548
f 2690/2/4549 2715/2/4550 2713/2/4551
f 2713/2/4551 2688/2/4552 2690/2/4549
f 2716/2/4553 2714/2/4553 2689/2/4553
f 2689/2/4553 2629/2/4553 2716/2/4553
f 2715/2/4554 2690/2/4555 2664/2/4555
f 2664/2/4555 2717/2/4555 2715/2/4554
f 2716/2/4556 2629/2/4556 2628/2/4556
f 2628/2/4556 2718/2/4556 2716/2/4556
f 2663/2/4557 2719/2/4557 2717/2/4558
f 2717/2/4558 2664/2/4557 2663/2/4557
f 2718/2/4559 2628/2/4559 2665/2/4559
f 2665/2/4559 2720/2/4559 2718/2/4559
f 2666/2/4560 2721/2/4560 2703/2/4560
f 2703/2/4560 2667/2/4560 2666/2/4560
f 2668/2/4561 2722/2/4562 2719/2/4563
f 2719/2/4563 2663/2/4561 2668/2/4561
f 2662/2/4564 2661/2/4564 2720/2/4564
f 2720/2/4564 2665/2/4564 2662/2/4564
f 2721/2/4565 2666/2/4565 2669/2/4565
f 2669/2/4565 2696/2/4565 2721/2/4565
f 2722/2/4566 2668/2/4567 2670/2/4567
f 2670/2/4567 2698/2/4566 2722/2/4566
f 2723/2/4568 2724/2/4569 2725/2/4570
f 2725/2/4570 2726/2/4571 2723/2/4568
f 2727/2/4572 2702/2/4573 2704/2/4574
f 2704/2/4574 2728/2/4573 2727/2/4572
f 2705/2/4575 2729/2/4576 2692/2/4577
f 2692/2/4577 2691/2/4575 2705/2/4575
f 2706/2/4578 2730/2/4579 2728/2/4580
f 2728/2/4580 2704/2/4581 2706/2/4578
f 2729/2/4582 2705/2/4582 2707/2/4582
f 2707/2/4582 2726/2/4583 2729/2/4582
f 2708/2/4584 2731/2/4584 2730/2/4585
f 2730/2/4585 2706/2/4584 2708/2/4584
f 2709/2/4586 2723/2/4587 2726/2/4587
f 2726/2/4587 2707/2/4587 2709/2/4586
f 2731/2/4588 2708/2/4589 2710/2/4590
f 2710/2/4590 2732/2/4591 2731/2/4588
f 2711/2/4592 2733/2/4593 2723/2/4594
f 2723/2/4594 2709/2/4594 2711/2/4592
f 2712/2/4595 2734/2/4596 2732/2/4595
f 2732/2/4595 2710/2/4597 2712/2/4595
f 2733/2/4598 2711/2/4598 2713/2/4598
f 2713/2/4598 2735/2/4598 2733/2/4598
f 2714/2/4599 2736/2/4600 2734/2/4601
f 2734/2/4601 2712/2/4602 2714/2/4599
f 2715/2/4603 2737/2/4604 2735/2/4603
f 2735/2/4603 2713/2/4605 2715/2/4603
f 2736/2/4606 2714/2/4607 2716/2/4608
f 2716/2/4608 2738/2/4609 2736/2/4606
f 2717/2/4610 2739/2/4611 2737/2/4610
f 2737/2/4610 2715/2/4612 2717/2/4610
f 2718/2/4613 2740/2/4614 2738/2/4615
f 2738/2/4615 2716/2/4616 2718/2/4613
f 2739/2/4617 2717/2/4618 2719/2/4618
f 2719/2/4618 2741/2/4619 2739/2/4617
f 2720/2/4620 2742/2/4620 2740/2/4621
f 2740/2/4621 2718/2/4620 2720/2/4620
f 2703/2/4622 2721/2/4622 2743/2/4622
f 2743/2/4622 2744/2/4622 2703/2/4622
f 2722/2/4623 2745/2/4624 2741/2/4623
f 2741/2/4623 2719/2/4623 2722/2/4623
f 2742/2/4625 2720/2/4626 2661/2/4625
f 2661/2/4625 2746/2/4627 2742/2/4625
f 2696/2/4628 2747/2/4628 2743/2/4628
f 2743/2/4628 2721/2/4628 2696/2/4628
f 2698/2/4629 2748/2/4630 2745/2/4631
f 2745/2/4631 2722/2/4632 2698/2/4629
f 2660/2/4633 2749/2/4633 2746/2/4633
f 2746/2/4633 2661/2/4633 2660/2/4633
f 2747/2/4634 2696/2/4635 2695/2/4635
f 2695/2/4635 2750/2/4635 2747/2/4634
f 2748/2/4636 2698/2/4637 2697/2/4637
f 2697/2/4637 2751/2/4636 2748/2/4636
f 2699/2/4638 2752/2/4638 2749/2/4639
f 2749/2/4639 2660/2/4639 2699/2/4638
f 2700/2/4640 2753/2/4641 2750/2/4642
f 2750/2/4642 2695/2/4643 2700/2/4640
f 2701/2/4644 2754/2/4645 2751/2/4646
f 2751/2/4646 2697/2/4645 2701/2/4644
f 2752/2/4647 2699/2/4647 2694/2/4647
f 2694/2/4647 2693/2/4648 2752/2/4647
f 2702/2/4649 2727/2/4650 2753/2/4651
f 2753/2/4651 2700/2/4650 2702/2/4649
f 2744/2/4652 2754/2/4653 2701/2/4652
f 2701/2/4652 2703/2/4652 2744/2/4652
f 2755/2/4654 2756/2/4655 2757/2/4656
f 2757/2/4656 2758/2/4657 2755/2/4654
f 2732/2/4658 2759/2/4659 2760/2/4659
f 2760/2/4659 2731/2/4658 2732/2/4658
f 2733/2/4660 2761/2/4661 2724/2/4660
f 2724/2/4660 2723/2/4660 2733/2/4660
f 2734/2/4662 2762/2/4663 2759/2/4662
f 2759/2/4662 2732/2/4664 2734/2/4662
f 2735/2/4665 2758/2/4666 2761/2/4665
f 2761/2/4665 2733/2/4665 2735/2/4665
f 2763/2/4667 2762/2/4668 2734/2/4668
f 2734/2/4668 2736/2/4668 2763/2/4667
f 2737/2/4669 2755/2/4670 2758/2/4670
f 2758/2/4670 2735/2/4670 2737/2/4669
f 2738/2/4671 2764/2/4672 2763/2/4671
f 2763/2/4671 2736/2/4673 2738/2/4671
f 2765/2/4674 2755/2/4675 2737/2/4674
f 2737/2/4674 2739/2/4676 2765/2/4674
f 2764/2/4677 2738/2/4678 2740/2/4679
f 2740/2/4679 2766/2/4678 2764/2/4677
f 2767/2/4680 2765/2/4681 2739/2/4682
f 2739/2/4682 2741/2/4681 2767/2/4680
f 2742/2/4683 2768/2/4684 2766/2/4684
f 2766/2/4684 2740/2/4683 2742/2/4683
f 2769/2/4685 2744/2/4685 2743/2/4686
f 2743/2/4686 2770/2/4687 2769/2/4685
f 2771/2/4688 2767/2/4689 2741/2/4688
f 2741/2/4688 2745/2/4690 2771/2/4688
f 2746/2/4691 2772/2/4691 2768/2/4691
f 2768/2/4691 2742/2/4692 2746/2/4691
f 2770/2/4693 2743/2/4694 2747/2/4693
f 2747/2/4693 2773/2/4693 2770/2/4693
f 2771/2/4695 2745/2/4696 2748/2/4695
f 2748/2/4695 2774/2/4697 2771/2/4695
f 2749/2/4698 2775/2/4698 2772/2/4699
f 2772/2/4699 2746/2/4700 2749/2/4698
f 2750/2/4701 2776/2/4702 2773/2/4701
f 2773/2/4701 2747/2/4703 2750/2/4701
f 2751/2/4704 2777/2/4705 2774/2/4705
f 2774/2/4705 2748/2/4706 2751/2/4704
f 2752/2/4707 2778/2/4707 2775/2/4708
f 2775/2/4708 2749/2/4707 2752/2/4707
f 2776/2/4709 2750/2/4709 2753/2/4710
f 2753/2/4710 2779/2/4709 2776/2/4709
f 2754/2/4711 2780/2/4711 2777/2/4712
f 2777/2/4712 2751/2/4712 2754/2/4711
f 2693/2/4713 2781/2/4714 2778/2/4713
f 2778/2/4713 2752/2/4713 2693/2/4713
f 2727/2/4715 2782/2/4716 2779/2/4715
f 2779/2/4715 2753/2/4717 2727/2/4715
f 2769/2/4718 2780/2/4718 2754/2/4718
f 2754/2/4718 2744/2/4718 2769/2/4718
f 2692/2/4719 2783/2/4720 2781/2/4719
f 2781/2/4719 2693/2/4721 2692/2/4719
f 2728/2/4722 2784/2/4723 2782/2/4722
f 2782/2/4722 2727/2/4724 2728/2/4722
f 2729/2/4725 2785/2/4726 2783/2/4727
f 2783/2/4727 2692/2/4725 2729/2/4725
f 2784/2/4728 2728/2/4729 2730/2/4729
f 2730/2/4729 2786/2/4729 2784/2/4728
f 2726/2/4730 2725/2/4731 2785/2/4732
f 2785/2/4732 2729/2/4733 2726/2/4730
f 2760/2/4734 2786/2/4734 2730/2/4734
f 2730/2/4734 2731/2/4735 2760/2/4734
f 2787/2/4736 2788/2/4737 2789/2/4736
f 2789/2/4736 2790/2/4738 2787/2/4736
f 2791/2/4739 2792/2/4739 2763/2/4739
f 2763/2/4739 2764/2/4739 2791/2/4739
f 2793/2/4740 2756/2/4741 2755/2/4742
f 2755/2/4742 2765/2/4741 2793/2/4740
f 2766/2/4743 2794/2/4743 2791/2/4743
f 2791/2/4743 2764/2/4743 2766/2/4743
f 2795/2/4744 2793/2/4745 2765/2/4746
f 2765/2/4746 2767/2/4745 2795/2/4744
f 2768/2/4747 2796/2/4747 2794/2/4747
f 2794/2/4747 2766/2/4747 2768/2/4747
f 2769/2/4748 2770/2/4748 2797/2/4748
f 2797/2/4748 2798/2/4748 2769/2/4748
f 2771/2/4749 2799/2/4750 2795/2/4751
f 2795/2/4751 2767/2/4750 2771/2/4749
f 2796/2/4752 2768/2/4752 2772/2/4752
f 2772/2/4752 2800/2/4752 2796/2/4752
f 2773/2/4753 2801/2/4753 2797/2/4753
f 2797/2/4753 2770/2/4753 2773/2/4753
f 2799/2/4754 2771/2/4754 2774/2/4754
f 2774/2/4754 2802/2/4754 2799/2/4754
f 2775/2/4755 2803/2/4755 2800/2/4755
f 2800/2/4755 2772/2/4755 2775/2/4755
f 2776/2/4756 2804/2/4756 2801/2/4756
f 2801/2/4756 2773/2/4756 2776/2/4756
f 2805/2/4757 2802/2/4757 2774/2/4757
f 2774/2/4757 2777/2/4757 2805/2/4757
f 2788/2/4758 2803/2/4758 2775/2/4758
f 2775/2/4758 2778/2/4758 2788/2/4758
f 2779/2/4759 2806/2/4759 2804/2/4759
f 2804/2/4759 2776/2/4759 2779/2/4759
f 2780/2/4760 2807/2/4760 2805/2/4760
f 2805/2/4760 2777/2/4760 2780/2/4760
f 2788/2/4761 2778/2/4762 2781/2/4762
f 2781/2/4762 2789/2/4762 2788/2/4761
f 2782/2/4763 2808/2/4763 2806/2/4763
f 2806/2/4763 2779/2/4763 2782/2/4763
f 2798/2/4764 2807/2/4764 2780/2/4764
f 2780/2/4764 2769/2/4764 2798/2/4764
f 2783/2/4765 2809/2/4765 2789/2/4765
f 2789/2/4765 2781/2/4765 2783/2/4765
f 2808/2/4766 2782/2/4767 2784/2/4767
f 2784/2/4767 2810/2/4767 2808/2/4766
f 2809/2/4768 2783/2/4769 2785/2/4769
f 2785/2/4769 2811/2/4769 2809/2/4768
f 2786/2/4770 2812/2/4770 2810/2/4770
f 2810/2/4770 2784/2/4770 2786/2/4770
f 2811/2/4771 2785/2/4772 2725/2/4773
f 2725/2/4773 2813/2/4772 2811/2/4771
f 2814/2/4774 2812/2/4774 2786/2/4774
f 2786/2/4774 2760/2/4774 2814/2/4774
f 2815/2/4775 2813/2/4776 2725/2/4777
f 2725/2/4777 2724/2/4776 2815/2/4775
f 2816/2/4778 2814/2/4778 2760/2/4779
f 2760/2/4779 2759/2/4778 2816/2/4778
f 2761/2/4780 2817/2/4781 2815/2/4782
f 2815/2/4782 2724/2/4783 2761/2/4780
f 2762/2/4784 2818/2/4784 2816/2/4784
f 2816/2/4784 2759/2/4784 2762/2/4784
f 2817/2/4785 2761/2/4786 2758/2/4787
f 2758/2/4787 2757/2/4788 2817/2/4785
f 2762/2/4789 2763/2/4789 2792/2/4790
f 2792/2/4790 2818/2/4789 2762/2/4789
f 2819/2/4791 2820/2/4792 2821/2/4792
f 2821/2/4792 2822/2/4792 2819/2/4791
f 2808/2/4793 2823/2/4794 2824/2/4793
f 2824/2/4793 2806/2/4795 2808/2/4793
f 2807/2/4796 2798/2/4797 2825/2/4797
f 2825/2/4797 2826/2/4798 2807/2/4796
f 2827/2/4799 2790/2/4799 2789/2/4800
f 2789/2/4800 2809/2/4799 2827/2/4799
f 2808/2/4801 2810/2/4801 2828/2/4802
f 2828/2/4802 2823/2/4801 2808/2/4801
f 2811/2/4803 2820/2/4804 2827/2/4805
f 2827/2/4805 2809/2/4806 2811/2/4803
f 2829/2/4807 2828/2/4807 2810/2/4807
f 2810/2/4807 2812/2/4807 2829/2/4807
f 2813/2/4808 2821/2/4808 2820/2/4809
f 2820/2/4809 2811/2/4810 2813/2/4808
f 2814/2/4811 2830/2/4812 2829/2/4813
f 2829/2/4813 2812/2/4814 2814/2/4811
f 2821/2/4815 2813/2/4816 2815/2/4817
f 2815/2/4817 2831/2/4818 2821/2/4815
f 2816/2/4819 2832/2/4820 2830/2/4821
f 2830/2/4821 2814/2/4822 2816/2/4819
f 2817/2/4823 2833/2/4823 2831/2/4824
f 2831/2/4824 2815/2/4825 2817/2/4823
f 2816/2/4826 2818/2/4827 2834/2/4827
f 2834/2/4827 2832/2/4827 2816/2/4826
f 2817/2/4828 2757/2/4828 2835/2/4829
f 2835/2/4829 2833/2/4830 2817/2/4828
f 2792/2/4831 2836/2/4831 2834/2/4831
f 2834/2/4831 2818/2/4831 2792/2/4831
f 2837/2/4832 2835/2/4833 2757/2/4834
f 2757/2/4834 2756/2/4833 2837/2/4832
f 2838/2/4835 2836/2/4836 2792/2/4836
f 2792/2/4836 2791/2/4837 2838/2/4835
f 2837/2/4838 2756/2/4839 2793/2/4839
f 2793/2/4839 2839/2/4839 2837/2/4838
f 2840/2/4840 2838/2/4841 2791/2/4840
f 2791/2/4840 2794/2/4842 2840/2/4840
f 2795/2/4843 2841/2/4844 2839/2/4845
f 2839/2/4845 2793/2/4846 2795/2/4843
f 2794/2/4847 2796/2/4847 2842/2/4847
f 2842/2/4847 2840/2/4847 2794/2/4847
f 2843/2/4848 2825/2/4849 2798/2/4848
f 2798/2/4848 2797/2/4848 2843/2/4848
f 2795/2/4850 2799/2/4851 2844/2/4852
f 2844/2/4852 2841/2/4850 2795/2/4850
f 2842/2/4853 2796/2/4854 2800/2/4855
f 2800/2/4855 2845/2/4856 2842/2/4853
f 2843/2/4857 2797/2/4858 2801/2/4857
f 2801/2/4857 2846/2/4859 2843/2/4857
f 2802/2/4860 2847/2/4861 2844/2/4861
f 2844/2/4861 2799/2/4861 2802/2/4860
f 2800/2/4862 2803/2/4863 2848/2/4863
f 2848/2/4863 2845/2/4863 2800/2/4862
f 2801/2/4864 2804/2/4864 2849/2/4864
f 2849/2/4864 2846/2/4864 2801/2/4864
f 2850/2/4865 2847/2/4865 2802/2/4865
f 2802/2/4865 2805/2/4866 2850/2/4865
f 2788/2/4867 2787/2/4868 2848/2/4867
f 2848/2/4867 2803/2/4867 2788/2/4867
f 2824/2/4869 2849/2/4870 2804/2/4871
f 2804/2/4871 2806/2/4872 2824/2/4869
f 2826/2/4873 2850/2/4874 2805/2/4875
f 2805/2/4875 2807/2/4876 2826/2/4873
f 2851/2/4877 2852/2/4878 2853/2/4878
f 2853/2/4878 2854/2/4878 2851/2/4877
f 2855/2/4879 2829/2/4880 2830/2/4881
f 2830/2/4881 2856/2/4882 2855/2/4879
f 2821/2/4883 2831/2/4884 2857/2/4883
f 2857/2/4883 2822/2/4883 2821/2/4883
f 2858/2/4885 2856/2/4886 2830/2/4887
f 2830/2/4887 2832/2/4888 2858/2/4885
f 2852/2/4889 2857/2/4890 2831/2/4889
f 2831/2/4889 2833/2/4889 2852/2/4889
f 2832/2/4891 2834/2/4892 2859/2/4893
f 2859/2/4893 2858/2/4894 2832/2/4891
f 2835/2/4895 2853/2/4896 2852/2/4897
f 2852/2/4897 2833/2/4896 2835/2/4895
f 2860/2/4898 2859/2/4899 2834/2/4900
f 2834/2/4900 2836/2/4901 2860/2/4898
f 2837/2/4902 2861/2/4903 2853/2/4904
f 2853/2/4904 2835/2/4905 2837/2/4902
f 2838/2/4906 2862/2/4907 2860/2/4908
f 2860/2/4908 2836/2/4909 2838/2/4906
f 2861/2/4910 2837/2/4911 2839/2/4912
f 2839/2/4912 2863/2/4913 2861/2/4910
f 2840/2/4914 2864/2/4914 2862/2/4914
f 2862/2/4914 2838/2/4915 2840/2/4914
f 2863/2/4916 2839/2/4917 2841/2/4916
f 2841/2/4916 2865/2/4918 2863/2/4916
f 2864/2/4919 2840/2/4920 2842/2/4921
f 2842/2/4921 2866/2/4922 2864/2/4919
f 2867/2/4923 2868/2/4924 2825/2/4924
f 2825/2/4924 2843/2/4924 2867/2/4923
f 2841/2/4925 2844/2/4925 2869/2/4926
f 2869/2/4926 2865/2/4927 2841/2/4925
f 2870/2/4928 2866/2/4929 2842/2/4930
f 2842/2/4930 2845/2/4931 2870/2/4928
f 2871/2/4932 2867/2/4933 2843/2/4934
f 2843/2/4934 2846/2/4935 2871/2/4932
f 2872/2/4936 2869/2/4936 2844/2/4936
f 2844/2/4936 2847/2/4936 2872/2/4936
f 2845/2/4937 2848/2/4938 2873/2/4939
f 2873/2/4939 2870/2/4937 2845/2/4937
f 2849/2/4940 2874/2/4941 2871/2/4942
f 2871/2/4942 2846/2/4942 2849/2/4940
f 2850/2/4943 2875/2/4944 2872/2/4945
f 2872/2/4945 2847/2/4946 2850/2/4943
f 2876/2/4947 2873/2/4948 2848/2/4947
f 2848/2/4947 2787/2/4949 2876/2/4947
f 2874/2/4950 2849/2/4951 2824/2/4952
f 2824/2/4952 2877/2/4953 2874/2/4950
f 2826/2/4954 2878/2/4955 2875/2/4954
f 2875/2/4954 2850/2/4954 2826/2/4954
f 2790/2/4956 2879/2/4957 2876/2/4958
f 2876/2/4958 2787/2/4958 2790/2/4956
f 2880/2/4959 2877/2/4960 2824/2/4961
f 2824/2/4961 2823/2/4962 2880/2/4959
f 2878/2/4963 2826/2/4963 2825/2/4964
f 2825/2/4964 2868/2/4963 2878/2/4963
f 2827/2/4965 2881/2/4966 2879/2/4965
f 2879/2/4965 2790/2/4965 2827/2/4965
f 2828/2/4967 2882/2/4968 2880/2/4969
f 2880/2/4969 2823/2/4970 2828/2/4967
f 2881/2/4971 2827/2/4972 2820/2/4971
f 2820/2/4971 2819/2/4972 2881/2/4971
f 2829/2/4973 2855/2/4974 2882/2/4975
f 2882/2/4975 2828/2/4973 2829/2/4973
f 2883/2/4976 2884/2/4977 2885/2/4977
f 2883/2/4976 2885/2/4977 2886/2/4978
f 2886/2/4978 2887/2/4977 2888/2/4977
f 2886/2/4978 2888/2/4977 2889/2/4979
f 2883/2/4976 2886/2/4978 2889/2/4979
f 2889/2/4979 2890/2/4977 2891/2/4980
f 2889/2/4979 2891/2/4980 2892/2/4981
f 2893/2/4977 2894/2/4977 2895/2/4982
f 2892/2/4981 2893/2/4977 2895/2/4982
f 2889/2/4979 2892/2/4981 2895/2/4982
f 2883/2/4976 2889/2/4979 2895/2/4982
f 2895/2/4982 2896/2/4977 2897/2/4977
f 2895/2/4982 2897/2/4977 2898/2/4983
f 2899/2/4984 2900/2/4985 2901/2/4986
f 2898/2/4983 2899/2/4984 2901/2/4986
f 2895/2/4982 2898/2/4983 2901/2/4986
f 2883/2/4976 2895/2/4982 2901/2/4986
f 2901/2/4986 2902/2/4987 2903/2/4988
f 2901/2/4986 2903/2/4988 2904/2/4986
f 2901/2/4986 2904/2/4986 2851/2/4989
f 2883/2/4976 2901/2/4986 2851/2/4989
f 2905/2/4977 2906/2/4977 2907/2/4977
f 2854/2/4977 2905/2/4977 2907/2/4977
f 2851/2/4989 2854/2/4977 2907/2/4977
f 2851/2/4989 2907/2/4977 2908/2/4990
f 2883/2/4976 2851/2/4989 2908/2/4990
f 2908/2/4990 2909/2/4977 2910/2/4977
f 2908/2/4990 2910/2/4977 2911/2/4991
f 2908/2/4990 2911/2/4991 2912/2/4977
f 2883/2/4976 2908/2/4990 2912/2/4977
f 2860/2/4992 2893/2/4992 2892/2/4992
f 2892/2/4992 2859/2/4992 2860/2/4992
f 2905/2/4993 2854/2/4994 2853/2/4994
f 2853/2/4994 2861/2/4994 2905/2/4993
f 2893/2/4995 2860/2/4995 2862/2/4995
f 2862/2/4995 2894/2/4995 2893/2/4995
f 2861/2/4996 2863/2/4997 2906/2/4997
f 2906/2/4997 2905/2/4997 2861/2/4996
f 2895/2/4998 2894/2/4998 2862/2/4998
f 2862/2/4998 2864/2/4998 2895/2/4998
f 2907/2/4999 2906/2/5000 2863/2/5001
f 2863/2/5001 2865/2/5000 2907/2/4999
f 2864/2/5002 2866/2/5003 2896/2/5002
f 2896/2/5002 2895/2/5002 2864/2/5002
f 2883/2/5004 2912/2/5004 2868/2/5004
f 2868/2/5004 2867/2/5004 2883/2/5004
f 2869/2/5005 2908/2/5005 2907/2/5005
f 2907/2/5005 2865/2/5005 2869/2/5005
f 2897/2/5006 2896/2/5006 2866/2/5006
f 2866/2/5006 2870/2/5006 2897/2/5006
f 2867/2/5007 2871/2/5007 2884/2/5007
f 2884/2/5007 2883/2/5007 2867/2/5007
f 2872/2/5008 2909/2/5009 2908/2/5009
f 2908/2/5009 2869/2/5009 2872/2/5008
f 2873/2/5010 2898/2/5010 2897/2/5010
f 2897/2/5010 2870/2/5010 2873/2/5010
f 2885/2/5011 2884/2/5011 2871/2/5011
f 2871/2/5011 2874/2/5011 2885/2/5011
f 2909/2/5012 2872/2/5012 2875/2/5012
f 2875/2/5012 2910/2/5012 2909/2/5012
f 2876/2/5013 2899/2/5013 2898/2/5013
f 2898/2/5013 2873/2/5013 2876/2/5013
f 2877/2/5014 2886/2/5014 2885/2/5014
f 2885/2/5014 2874/2/5014 2877/2/5014
f 2911/2/5015 2910/2/5015 2875/2/5015
f 2875/2/5015 2878/2/5015 2911/2/5015
f 2899/2/5016 2876/2/5016 2879/2/5016
f 2879/2/5016 2900/2/5016 2899/2/5016
f 2880/2/5017 2887/2/5017 2886/2/5017
f 2886/2/5017 2877/2/5017 2880/2/5017
f 2868/2/5018 2912/2/5018 2911/2/5018
f 2911/2/5018 2878/2/5018 2868/2/5018
f 2901/2/5019 2900/2/5019 2879/2/5019
f 2879/2/5019 2881/2/5019 2901/2/5019
f 2887/2/5020 2880/2/5020 2882/2/5020
f 2882/2/5020 2888/2/5020 2887/2/5020
f 2881/2/5021 2819/2/5021 2902/2/5021
f 2902/2/5021 2901/2/5021 2881/2/5021
f 2889/2/5022 2888/2/5022 2882/2/5022
f 2882/2/5022 2855/2/5022 2889/2/5022
f 2903/2/5023 2902/2/5023 2819/2/5023
f 2819/2/5023 2822/2/5023 2903/2/5023
f 2855/2/5024 2856/2/5024 2890/2/5024
f 2890/2/5024 2889/2/5024 2855/2/5024
f 2857/2/5025 2904/2/5026 2903/2/5026
f 2903/2/5026 2822/2/5026 2857/2/5025
f 2891/2/5027 2890/2/5028 2856/2/5028
f 2856/2/5028 2858/2/5028 2891/2/5027
f 2852/2/5029 2851/2/5030 2904/2/5030
f 2904/2/5030 2857/2/5030 2852/2/5029
f 2859/2/5031 2892/2/5031 2891/2/5031
f 2891/2/5031 2858/2/5031 2859/2/5031
o C_rculo_017_C_rculo_018
v 0.020696 -0.487437 -0.384846
v 0.090596 -0.487437 -0.377946
v 0.157796 -0.487437 -0.357546
v 0.219696 -0.487437 -0.324446
v 0.273996 -0.487437 -0.279946
v 0.318496 -0.487437 -0.225646
v 0.351596 -0.487436 -0.163746
v 0.371996 -0.487436 -0.096546
v 0.378896 -0.487436 -0.026646
v 0.371996 -0.487436 0.043254
v 0.351596 -0.487436 0.110354
v 0.318496 -0.487436 0.172354
v 0.273996 -0.487436 0.226554
v 0.219696 -0.487436 0.271154
v 0.157796 -0.487436 0.304254
v 0.090596 -0.487436 0.324654
v 0.020696 -0.487436 0.331454
v -0.049204 -0.487436 0.324654
v -0.116304 -0.487436 0.304254
v -0.178304 -0.487436 0.271154
v -0.232504 -0.487436 0.226554
v -0.277104 -0.487436 0.172354
v -0.310204 -0.487436 0.110354
v -0.330604 -0.487436 0.043254
v -0.337404 -0.487436 -0.026646
v -0.330604 -0.487436 -0.096546
v -0.310204 -0.487436 -0.163746
v -0.277104 -0.487437 -0.225646
v -0.232504 -0.487437 -0.279946
v -0.049204 -0.487437 -0.377946
v -0.178304 -0.487437 -0.324446
v -0.116304 -0.487437 -0.357546
v -0.247004 -0.518336 -0.294446
v -0.247004 -0.553136 -0.294446
v -0.189604 -0.553136 -0.341546
v -0.189604 -0.518336 -0.341546
v -0.357904 -0.518336 -0.026646
v -0.350704 -0.518336 0.047254
v 0.392096 -0.518336 0.047254
v 0.370596 -0.518336 0.118254
v -0.329104 -0.518336 0.118254
v 0.399396 -0.518336 -0.026646
v -0.294104 -0.518336 0.183754
v 0.392096 -0.518336 -0.100546
v -0.247004 -0.518336 0.241054
v 0.370596 -0.518336 -0.171546
v -0.189604 -0.518336 0.288154
v 0.335596 -0.518336 -0.237046
v -0.124204 -0.518336 0.323154
v 0.020696 -0.518337 -0.405346
v -0.053204 -0.518336 -0.398046
v 0.288496 -0.518336 -0.294446
v -0.053204 -0.518336 0.344754
v -0.124204 -0.518336 -0.376446
v 0.231096 -0.518336 -0.341546
v 0.020696 -0.518336 0.351954
v 0.165596 -0.518336 -0.376446
v 0.094596 -0.518336 0.344754
v 0.094596 -0.518336 -0.398046
v 0.165596 -0.518336 0.323154
v -0.294104 -0.518336 -0.237046
v 0.231096 -0.518336 0.288154
v -0.329104 -0.518336 -0.171546
v 0.288496 -0.518336 0.241054
v -0.350704 -0.518336 -0.100546
v 0.335596 -0.518336 0.183754
v -0.053204 -0.553136 -0.398046
v -0.124204 -0.553136 -0.376446
v -0.294104 -0.553136 -0.237046
v -0.329104 -0.553136 -0.171546
v -0.350704 -0.553136 -0.100546
v -0.357904 -0.553136 -0.026646
v -0.350704 -0.553136 0.047254
v -0.329104 -0.553136 0.118254
v -0.294104 -0.553136 0.183754
v -0.247004 -0.553136 0.241054
v -0.189604 -0.553136 0.288154
v -0.124204 -0.553136 0.323154
v -0.053204 -0.553136 0.344754
v 0.020696 -0.553136 0.351954
v 0.094596 -0.553136 0.344754
v 0.165596 -0.553136 0.323154
v 0.231096 -0.553136 0.288154
v 0.288496 -0.553136 0.241054
v 0.335596 -0.553136 0.183754
v 0.370596 -0.553136 0.118254
v 0.392096 -0.553136 0.047254
v 0.399396 -0.553136 -0.026646
v 0.392096 -0.553136 -0.100546
v 0.370596 -0.553136 -0.171546
v 0.335596 -0.553136 -0.237046
v 0.288496 -0.553136 -0.294446
v 0.231096 -0.553136 -0.341546
v 0.165596 -0.553136 -0.376446
v 0.094596 -0.553136 -0.398046
v 0.020696 -0.553137 -0.405346
vn -0.0000 -1.0000 -0.0000
vn 0.6343 -0.0000 0.7731
vn 0.8308 -0.5505 -0.0818
vn 0.8308 -0.5505 -0.0817
vn 0.8308 -0.5505 -0.0816
vn -0.7989 -0.5505 -0.2424
vn -0.7989 -0.5504 -0.2424
vn -0.7989 -0.5505 -0.2423
vn 0.7989 -0.5505 -0.2423
vn 0.7989 -0.5505 -0.2422
vn -0.8305 -0.5509 -0.0820
vn -0.8307 -0.5507 -0.0819
vn -0.8306 -0.5509 -0.0820
vn 0.7361 -0.5507 -0.3935
vn 0.7361 -0.5508 -0.3935
vn 0.7363 -0.5507 -0.3932
vn 0.7362 -0.5507 -0.3934
vn -0.8307 -0.5507 0.0819
vn -0.8308 -0.5505 0.0818
vn -0.8308 -0.5506 0.0818
vn 0.6453 -0.5505 -0.5296
vn 0.6452 -0.5506 -0.5296
vn 0.6453 -0.5505 -0.5297
vn 0.6454 -0.5505 -0.5296
vn -0.7988 -0.5506 0.2423
vn -0.7986 -0.5509 0.2424
vn 0.5296 -0.5505 -0.6453
vn -0.7362 -0.5506 0.3935
vn -0.7362 -0.5507 0.3935
vn -0.7362 -0.5505 0.3935
vn 0.3935 -0.5506 -0.7362
vn 0.3936 -0.5506 -0.7361
vn 0.3935 -0.5505 -0.7363
vn 0.0818 -0.5506 0.8308
vn 0.0818 -0.5505 0.8308
vn -0.6453 -0.5506 0.5296
vn -0.6453 -0.5505 0.5296
vn 0.2424 -0.5505 -0.7989
vn 0.2423 -0.5505 -0.7989
vn 0.2424 -0.5505 -0.7988
vn 0.2425 -0.5505 -0.7988
vn 0.2425 -0.5506 0.7988
vn 0.2423 -0.5505 0.7989
vn 0.2425 -0.5505 0.7988
vn 0.2430 -0.5506 0.7986
vn -0.5296 -0.5505 0.6453
vn -0.5297 -0.5505 0.6453
vn 0.0817 -0.5505 -0.8308
vn 0.0818 -0.5505 -0.8308
vn 0.3934 -0.5507 0.7362
vn 0.3935 -0.5506 0.7362
vn 0.3933 -0.5508 0.7362
vn -0.3934 -0.5505 0.7363
vn -0.3935 -0.5505 0.7363
vn -0.3935 -0.5506 0.7362
vn -0.3935 -0.5507 0.7362
vn -0.0818 -0.5505 -0.8308
vn -0.0815 -0.5506 -0.8308
vn 0.5296 -0.5505 0.6453
vn 0.5296 -0.5507 0.6452
vn 0.5295 -0.5507 0.6452
vn 0.5295 -0.5507 0.6453
vn -0.2422 -0.5505 0.7989
vn -0.2423 -0.5505 0.7989
vn -0.2423 -0.5506 0.7988
vn -0.2423 -0.5505 -0.7989
vn -0.2426 -0.5506 -0.7987
vn 0.6452 -0.5506 0.5296
vn 0.6454 -0.5505 0.5296
vn 0.6453 -0.5505 0.5296
vn -0.0820 -0.5509 0.8305
vn -0.0820 -0.5510 0.8305
vn -0.0818 -0.5505 0.8308
vn -0.3936 -0.5502 -0.7364
vn -0.3935 -0.5503 -0.7364
vn -0.3935 -0.5504 -0.7363
vn -0.3936 -0.5504 -0.7363
vn 0.7364 -0.5503 0.3936
vn 0.7364 -0.5503 0.3935
vn 0.7364 -0.5502 0.3936
vn 0.7363 -0.5504 0.3936
vn -0.5298 -0.5504 -0.6453
vn -0.5296 -0.5505 -0.6453
vn -0.5299 -0.5504 -0.6452
vn 0.7989 -0.5505 0.2423
vn 0.7989 -0.5505 0.2422
vn 0.7989 -0.5504 0.2424
vn -0.6453 -0.5505 -0.5296
vn -0.6453 -0.5506 -0.5296
vn -0.6454 -0.5505 -0.5296
vn -0.6454 -0.5504 -0.5296
vn 0.8308 -0.5506 0.0816
vn 0.8308 -0.5505 0.0817
vn 0.8308 -0.5505 0.0818
vn -0.7362 -0.5506 -0.3935
vn -0.7363 -0.5505 -0.3935
vn -0.0000 1.0000 -0.0000
vn -0.2905 -0.0000 0.9569
vn -0.2906 -0.0000 0.9568
vn -0.2903 -0.0000 0.9569
vn -0.2904 -0.0000 -0.9569
vn -0.2903 -0.0000 -0.9569
vn -0.2905 -0.0000 -0.9569
vn 0.7731 -0.0000 0.6343
vn -0.0983 -0.0000 0.9952
vn -0.4713 -0.0000 -0.8820
vn 0.8820 -0.0000 0.4713
vn -0.6343 -0.0000 -0.7731
vn 0.9569 -0.0000 0.2904
vn 0.9569 -0.0000 0.2903
vn -0.7731 -0.0000 -0.6343
vn -0.7729 -0.0000 -0.6346
vn 0.9952 -0.0000 0.0979
vn 0.9952 -0.0000 0.0980
vn -0.8820 -0.0000 -0.4713
vn 0.9952 -0.0000 -0.0979
vn 0.9952 -0.0000 -0.0978
vn 0.9952 -0.0000 -0.0980
vn -0.9571 -0.0000 -0.2898
vn -0.9569 -0.0000 -0.2903
vn 0.9569 -0.0000 -0.2905
vn 0.9568 -0.0000 -0.2906
vn -0.9952 -0.0000 -0.0980
vn -0.9952 -0.0000 -0.0983
vn 0.8820 -0.0000 -0.4713
vn -0.9952 -0.0000 0.0980
vn -0.9952 -0.0000 0.0983
vn 0.7731 -0.0000 -0.6343
vn 0.7729 -0.0000 -0.6346
vn -0.9571 -0.0000 0.2898
vn -0.9569 -0.0000 0.2903
vn 0.6343 -0.0000 -0.7731
vn -0.8820 -0.0000 0.4713
vn 0.4718 -0.0000 -0.8817
vn 0.0983 -0.0000 0.9952
vn -0.7731 -0.0000 0.6343
vn 0.2905 -0.0000 -0.9569
vn 0.2906 -0.0000 -0.9568
vn 0.2902 -0.0000 0.9570
vn 0.2903 -0.0000 0.9569
vn -0.6343 -0.0000 0.7731
vn 0.0979 -0.0000 -0.9952
vn 0.4713 -0.0000 0.8820
vn 0.4712 -0.0000 0.8820
vn 0.4711 -0.0000 0.8821
vn -0.4714 -0.0000 0.8819
vn -0.4715 -0.0000 0.8819
vn -0.0979 -0.0000 -0.9952
vt 0.000000 0.000000
s 1
usemtl Goddard_None
f 2913/3/5032 2914/3/5032 2915/3/5032
f 2915/3/5032 2916/3/5032 2917/3/5032
f 2913/3/5032 2915/3/5032 2917/3/5032
f 2917/3/5032 2918/3/5032 2919/3/5032
f 2919/3/5032 2920/3/5032 2921/3/5032
f 2917/3/5032 2919/3/5032 2921/3/5032
f 2913/3/5032 2917/3/5032 2921/3/5032
f 2921/3/5032 2922/3/5032 2923/3/5032
f 2923/3/5032 2924/3/5032 2925/3/5032
f 2921/3/5032 2923/3/5032 2925/3/5032
f 2925/3/5032 2926/3/5032 2927/3/5032
f 2927/3/5032 2928/3/5032 2929/3/5032
f 2925/3/5032 2927/3/5032 2929/3/5032
f 2921/3/5032 2925/3/5032 2929/3/5032
f 2929/3/5032 2930/3/5032 2931/3/5032
f 2931/3/5032 2932/3/5032 2933/3/5032
f 2929/3/5032 2931/3/5032 2933/3/5032
f 2933/3/5032 2934/3/5032 2935/3/5032
f 2935/3/5032 2936/3/5032 2937/3/5032
f 2933/3/5032 2935/3/5032 2937/3/5032
f 2929/3/5032 2933/3/5032 2937/3/5032
f 2921/3/5032 2929/3/5032 2937/3/5032
f 2913/3/5032 2921/3/5032 2937/3/5032
f 2938/3/5032 2939/3/5032 2940/3/5032
f 2937/3/5032 2938/3/5032 2940/3/5032
f 2937/3/5032 2940/3/5032 2941/3/5032
f 2913/3/5032 2937/3/5032 2941/3/5032
f 2942/3/5032 2913/3/5032 2941/3/5032
f 2942/3/5032 2941/3/5032 2943/3/5032
f 2942/3/5032 2943/3/5032 2944/3/5032
f 2945/3/5033 2946/3/5033 2947/3/5033
f 2947/3/5033 2948/3/5033 2945/3/5033
f 2949/3/5034 2937/3/5034 2936/3/5035
f 2936/3/5035 2950/3/5036 2949/3/5034
f 2922/3/5037 2951/3/5038 2952/3/5037
f 2952/3/5037 2923/3/5039 2922/3/5037
f 2936/3/5040 2935/3/5040 2953/3/5040
f 2953/3/5040 2950/3/5041 2936/3/5040
f 2921/3/5042 2954/3/5043 2951/3/5042
f 2951/3/5042 2922/3/5044 2921/3/5042
f 2934/3/5045 2955/3/5046 2953/3/5047
f 2953/3/5047 2935/3/5048 2934/3/5045
f 2920/3/5049 2956/3/5050 2954/3/5051
f 2954/3/5051 2921/3/5049 2920/3/5049
f 2933/3/5052 2957/3/5053 2955/3/5054
f 2955/3/5054 2934/3/5055 2933/3/5052
f 2919/3/5056 2958/3/5056 2956/3/5056
f 2956/3/5056 2920/3/5057 2919/3/5056
f 2932/3/5058 2959/3/5058 2957/3/5058
f 2957/3/5058 2933/3/5058 2932/3/5058
f 2918/3/5059 2960/3/5060 2958/3/5059
f 2958/3/5059 2919/3/5061 2918/3/5059
f 2931/3/5062 2961/3/5063 2959/3/5062
f 2959/3/5062 2932/3/5064 2931/3/5062
f 2962/3/5065 2913/3/5066 2942/3/5065
f 2942/3/5065 2963/3/5066 2962/3/5065
f 2917/3/5067 2964/3/5067 2960/3/5068
f 2960/3/5068 2918/3/5068 2917/3/5067
f 2930/3/5069 2965/3/5070 2961/3/5071
f 2961/3/5071 2931/3/5072 2930/3/5069
f 2963/3/5073 2942/3/5074 2944/3/5075
f 2944/3/5075 2966/3/5076 2963/3/5073
f 2916/3/5077 2967/3/5077 2964/3/5077
f 2964/3/5077 2917/3/5078 2916/3/5077
f 2929/3/5079 2968/3/5080 2965/3/5079
f 2965/3/5079 2930/3/5080 2929/3/5079
f 2966/3/5081 2944/3/5082 2943/3/5082
f 2943/3/5082 2948/3/5083 2966/3/5081
f 2915/3/5084 2969/3/5085 2967/3/5086
f 2967/3/5086 2916/3/5087 2915/3/5084
f 2928/3/5088 2970/3/5089 2968/3/5088
f 2968/3/5088 2929/3/5088 2928/3/5088
f 2943/3/5090 2941/3/5091 2945/3/5092
f 2945/3/5092 2948/3/5093 2943/3/5090
f 2914/3/5094 2971/3/5095 2969/3/5095
f 2969/3/5095 2915/3/5096 2914/3/5094
f 2927/3/5097 2972/3/5097 2970/3/5098
f 2970/3/5098 2928/3/5097 2927/3/5097
f 2940/3/5099 2973/3/5100 2945/3/5101
f 2945/3/5101 2941/3/5099 2940/3/5099
f 2914/3/5102 2913/3/5103 2962/3/5102
f 2962/3/5102 2971/3/5104 2914/3/5102
f 2926/3/5105 2974/3/5106 2972/3/5107
f 2972/3/5107 2927/3/5108 2926/3/5105
f 2975/3/5109 2973/3/5110 2940/3/5111
f 2940/3/5111 2939/3/5112 2975/3/5109
f 2925/3/5113 2976/3/5114 2974/3/5113
f 2974/3/5113 2926/3/5115 2925/3/5113
f 2938/3/5116 2977/3/5117 2975/3/5118
f 2975/3/5118 2939/3/5116 2938/3/5116
f 2924/3/5119 2978/3/5120 2976/3/5121
f 2976/3/5121 2925/3/5122 2924/3/5119
f 2949/3/5123 2977/3/5124 2938/3/5124
f 2938/3/5124 2937/3/5125 2949/3/5123
f 2923/3/5126 2952/3/5127 2978/3/5126
f 2978/3/5126 2924/3/5126 2923/3/5126
f 2979/3/5128 2980/3/5128 2947/3/5128
f 2947/3/5128 2946/3/5128 2981/3/5128
f 2979/3/5128 2947/3/5128 2981/3/5128
f 2981/3/5128 2982/3/5128 2983/3/5128
f 2981/3/5128 2983/3/5128 2984/3/5128
f 2979/3/5128 2981/3/5128 2984/3/5128
f 2979/3/5128 2984/3/5128 2985/3/5128
f 2985/3/5128 2986/3/5128 2987/3/5128
f 2987/3/5128 2988/3/5128 2989/3/5128
f 2985/3/5128 2987/3/5128 2989/3/5128
f 2989/3/5128 2990/3/5128 2991/3/5128
f 2991/3/5128 2992/3/5128 2993/3/5128
f 2989/3/5128 2991/3/5128 2993/3/5128
f 2985/3/5128 2989/3/5128 2993/3/5128
f 2993/3/5128 2994/3/5128 2995/3/5128
f 2995/3/5128 2996/3/5128 2997/3/5128
f 2993/3/5128 2995/3/5128 2997/3/5128
f 2997/3/5128 2998/3/5128 2999/3/5128
f 2999/3/5128 3000/3/5128 3001/3/5128
f 2997/3/5128 2999/3/5128 3001/3/5128
f 2993/3/5128 2997/3/5128 3001/3/5128
f 2985/3/5128 2993/3/5128 3001/3/5128
f 3001/3/5128 3002/3/5128 3003/3/5128
f 3003/3/5128 3004/3/5128 3005/3/5128
f 3001/3/5128 3003/3/5128 3005/3/5128
f 3005/3/5128 3006/3/5128 3007/3/5128
f 3005/3/5128 3007/3/5128 3008/3/5128
f 3001/3/5128 3005/3/5128 3008/3/5128
f 2985/3/5128 3001/3/5128 3008/3/5128
f 2979/3/5128 2985/3/5128 3008/3/5128
f 2971/3/5129 3007/3/5129 3006/3/5130
f 3006/3/5130 2969/3/5131 2971/3/5129
f 2972/3/5132 2994/3/5133 2993/3/5134
f 2993/3/5134 2970/3/5134 2972/3/5132
f 2973/3/5135 2981/3/5135 2946/3/5135
f 2946/3/5135 2945/3/5135 2973/3/5135
f 2971/3/5136 2962/3/5136 3008/3/5136
f 3008/3/5136 3007/3/5136 2971/3/5136
f 2974/3/5137 2995/3/5137 2994/3/5137
f 2994/3/5137 2972/3/5137 2974/3/5137
f 2975/3/5138 2982/3/5138 2981/3/5138
f 2981/3/5138 2973/3/5138 2975/3/5138
f 2976/3/5139 2996/3/5139 2995/3/5139
f 2995/3/5139 2974/3/5139 2976/3/5139
f 2977/3/5140 2983/3/5141 2982/3/5140
f 2982/3/5140 2975/3/5141 2977/3/5140
f 2978/3/5142 2997/3/5143 2996/3/5142
f 2996/3/5142 2976/3/5142 2978/3/5142
f 2949/3/5144 2984/3/5144 2983/3/5144
f 2983/3/5144 2977/3/5145 2949/3/5144
f 2952/3/5146 2998/3/5146 2997/3/5146
f 2997/3/5146 2978/3/5146 2952/3/5146
f 2950/3/5147 2985/3/5148 2984/3/5147
f 2984/3/5147 2949/3/5149 2950/3/5147
f 2951/3/5150 2999/3/5150 2998/3/5150
f 2998/3/5150 2952/3/5151 2951/3/5150
f 2953/3/5152 2986/3/5153 2985/3/5152
f 2985/3/5152 2950/3/5153 2953/3/5152
f 2954/3/5154 3000/3/5154 2999/3/5154
f 2999/3/5154 2951/3/5155 2954/3/5154
f 2955/3/5156 2987/3/5156 2986/3/5156
f 2986/3/5156 2953/3/5156 2955/3/5156
f 2956/3/5157 3001/3/5157 3000/3/5157
f 3000/3/5157 2954/3/5158 2956/3/5157
f 2957/3/5159 2988/3/5159 2987/3/5159
f 2987/3/5159 2955/3/5160 2957/3/5159
f 2958/3/5161 3002/3/5161 3001/3/5161
f 3001/3/5161 2956/3/5162 2958/3/5161
f 2959/3/5163 2989/3/5163 2988/3/5163
f 2988/3/5163 2957/3/5163 2959/3/5163
f 2960/3/5164 3003/3/5164 3002/3/5164
f 3002/3/5164 2958/3/5164 2960/3/5164
f 2961/3/5165 2990/3/5165 2989/3/5165
f 2989/3/5165 2959/3/5165 2961/3/5165
f 2963/3/5166 2979/3/5166 3008/3/5166
f 3008/3/5166 2962/3/5166 2963/3/5166
f 2964/3/5167 3004/3/5167 3003/3/5167
f 3003/3/5167 2960/3/5167 2964/3/5167
f 2965/3/5168 2991/3/5169 2990/3/5169
f 2990/3/5169 2961/3/5169 2965/3/5168
f 2966/3/5170 2980/3/5171 2979/3/5171
f 2979/3/5171 2963/3/5170 2966/3/5170
f 2967/3/5172 3005/3/5172 3004/3/5172
f 3004/3/5172 2964/3/5172 2967/3/5172
f 2968/3/5173 2992/3/5173 2991/3/5173
f 2991/3/5173 2965/3/5173 2968/3/5173
f 2948/3/5174 2947/3/5175 2980/3/5174
f 2980/3/5174 2966/3/5176 2948/3/5174
f 2969/3/5177 3006/3/5178 3005/3/5177
f 3005/3/5177 2967/3/5178 2969/3/5177
f 2970/3/5179 2993/3/5179 2992/3/5179
f 2992/3/5179 2968/3/5179 2970/3/5179
o C_rculo_018_C_rculo_019
v 0.020096 -0.552037 -0.402346
v 0.093696 -0.552036 -0.395146
v 0.164496 -0.552036 -0.373646
v 0.229796 -0.552036 -0.338746
v 0.286996 -0.552036 -0.291846
v 0.333896 -0.552036 -0.234646
v 0.368796 -0.552036 -0.169446
v 0.390196 -0.552036 -0.098646
v 0.397496 -0.552036 -0.024946
v 0.390196 -0.552036 0.048654
v 0.368796 -0.552036 0.119454
v 0.333896 -0.552036 0.184654
v 0.286996 -0.552036 0.241854
v 0.229796 -0.552036 0.288754
v 0.164496 -0.552036 0.323654
v 0.093696 -0.552036 0.345154
v 0.020096 -0.552036 0.352354
v -0.053504 -0.552036 0.345154
v -0.124304 -0.552036 0.323654
v -0.189504 -0.552036 0.288754
v -0.246704 -0.552036 0.241854
v -0.293704 -0.552036 0.184654
v -0.328504 -0.552036 0.119454
v -0.350004 -0.552036 0.048654
v -0.357304 -0.552036 -0.024946
v -0.350004 -0.552036 -0.098646
v -0.328504 -0.552036 -0.169446
v -0.293704 -0.552036 -0.234646
v -0.246704 -0.552036 -0.291846
v -0.053504 -0.552036 -0.395146
v -0.189504 -0.552036 -0.338746
v -0.124304 -0.552036 -0.373646
v -0.072904 -0.731237 -0.492646
v -0.162404 -0.731237 -0.465546
v -0.244804 -0.731237 -0.421446
v -0.317104 -0.731236 -0.362146
v -0.376404 -0.731236 -0.289946
v -0.420404 -0.731236 -0.207446
v -0.447604 -0.731236 -0.118046
v -0.456704 -0.731236 -0.024946
v -0.447604 -0.731236 0.068054
v -0.420404 -0.731236 0.157454
v -0.376404 -0.731236 0.239954
v -0.317104 -0.731236 0.312254
v -0.244804 -0.731236 0.371554
v -0.162404 -0.731236 0.415554
v -0.072904 -0.731236 0.442754
v 0.020096 -0.731236 0.451854
v 0.113096 -0.731236 0.442754
v 0.202596 -0.731236 0.415554
v 0.284996 -0.731236 0.371554
v 0.357296 -0.731236 0.312254
v 0.416596 -0.731236 0.239954
v 0.460696 -0.731236 0.157454
v 0.487796 -0.731236 0.068054
v 0.496996 -0.731236 -0.024946
v 0.487796 -0.731236 -0.118046
v 0.460696 -0.731236 -0.207446
v 0.416596 -0.731236 -0.289946
v 0.357296 -0.731236 -0.362146
v 0.284996 -0.731237 -0.421446
v 0.202596 -0.731237 -0.465546
v 0.113096 -0.731237 -0.492646
v 0.020096 -0.731237 -0.501846
vn -0.0000 -1.0000 -0.0000
vn -0.0000 1.0000 -0.0000
vn 0.8375 -0.4835 0.2545
vn 0.8376 -0.4836 0.2540
vn 0.8375 -0.4836 0.2544
vn 0.8376 -0.4835 0.2544
vn -0.6768 -0.4836 -0.5550
vn -0.6768 -0.4836 -0.5551
vn -0.6769 -0.4836 -0.5550
vn 0.8711 -0.4836 0.0857
vn 0.8711 -0.4836 0.0858
vn 0.8712 -0.4833 0.0863
vn -0.7719 -0.4837 -0.4125
vn -0.7720 -0.4834 -0.4127
vn -0.7719 -0.4835 -0.4128
vn -0.7719 -0.4836 -0.4126
vn 0.8711 -0.4836 -0.0855
vn 0.8711 -0.4836 -0.0858
vn 0.8711 -0.4835 -0.0858
vn 0.8711 -0.4836 -0.0856
vn -0.8376 -0.4835 -0.2541
vn -0.8376 -0.4837 -0.2539
vn -0.8376 -0.4836 -0.2541
vn 0.8376 -0.4836 -0.2540
vn 0.8376 -0.4835 -0.2544
vn 0.8376 -0.4835 -0.2542
vn 0.8376 -0.4836 -0.2541
vn -0.8711 -0.4836 -0.0857
vn -0.8711 -0.4836 -0.0855
vn 0.7719 -0.4836 -0.4127
vn 0.7719 -0.4836 -0.4126
vn 0.7721 -0.4836 -0.4124
vn -0.8711 -0.4836 0.0857
vn -0.8711 -0.4836 0.0858
vn 0.6766 -0.4836 -0.5553
vn 0.6766 -0.4834 -0.5554
vn -0.8375 -0.4836 0.2543
vn -0.8376 -0.4836 0.2542
vn -0.8376 -0.4836 0.2541
vn 0.5553 -0.4836 -0.6766
vn 0.5552 -0.4837 -0.6766
vn 0.5550 -0.4839 -0.6767
vn 0.5549 -0.4839 -0.6767
vn -0.7719 -0.4837 0.4125
vn -0.7719 -0.4836 0.4126
vn -0.7720 -0.4838 0.4124
vn 0.4128 -0.4838 -0.7717
vn 0.4126 -0.4836 -0.7719
vn 0.4124 -0.4837 -0.7720
vn 0.4130 -0.4839 -0.7715
vn 0.0860 -0.4834 0.8712
vn 0.0858 -0.4836 0.8711
vn 0.0855 -0.4836 0.8711
vn -0.6765 -0.4835 0.5555
vn -0.6765 -0.4834 0.5556
vn -0.6766 -0.4834 0.5555
vn -0.6766 -0.4836 0.5553
vn 0.2539 -0.4836 -0.8377
vn 0.2545 -0.4837 -0.8374
vn 0.2542 -0.4836 -0.8376
vn 0.2538 -0.4835 0.8377
vn 0.2541 -0.4836 0.8376
vn 0.2542 -0.4834 0.8377
vn -0.5553 -0.4836 0.6766
vn -0.5553 -0.4837 0.6765
vn -0.5551 -0.4833 0.6770
vn 0.0857 -0.4836 -0.8711
vn 0.0858 -0.4836 -0.8711
vn 0.0859 -0.4836 -0.8711
vn 0.4126 -0.4836 0.7719
vn -0.4127 -0.4835 0.7720
vn -0.4130 -0.4836 0.7717
vn -0.4129 -0.4835 0.7718
vn -0.4126 -0.4837 0.7719
vn -0.0857 -0.4836 -0.8711
vn -0.0858 -0.4836 -0.8711
vn 0.5550 -0.4836 0.6768
vn 0.5550 -0.4836 0.6769
vn 0.5551 -0.4836 0.6768
vn -0.2542 -0.4835 0.8376
vn -0.2542 -0.4837 0.8375
vn -0.2538 -0.4834 0.8378
vn -0.2543 -0.4836 0.8375
vn -0.2544 -0.4836 -0.8375
vn -0.2540 -0.4836 -0.8376
vn -0.2545 -0.4836 -0.8375
vn -0.2543 -0.4837 -0.8375
vn 0.6767 -0.4836 0.5552
vn 0.6768 -0.4836 0.5551
vn 0.6766 -0.4836 0.5553
vn -0.0858 -0.4836 0.8711
vn -0.0857 -0.4836 0.8711
vn -0.0860 -0.4834 0.8712
vn -0.4125 -0.4836 -0.7720
vn -0.4126 -0.4836 -0.7719
vn -0.4126 -0.4836 -0.7720
vn 0.7719 -0.4836 0.4127
vn 0.7719 -0.4836 0.4126
vn 0.7720 -0.4836 0.4126
vn -0.5554 -0.4836 -0.6765
vn -0.5555 -0.4836 -0.6765
vn -0.5553 -0.4836 -0.6766
vn -0.5555 -0.4836 -0.6764
vt 0.000000 0.000000
s 1
usemtl Goddard_None
f 3009/4/5180 3010/4/5180 3011/4/5180
f 3011/4/5180 3012/4/5180 3013/4/5180
f 3009/4/5180 3011/4/5180 3013/4/5180
f 3013/4/5180 3014/4/5180 3015/4/5180
f 3015/4/5180 3016/4/5180 3017/4/5180
f 3013/4/5180 3015/4/5180 3017/4/5180
f 3009/4/5180 3013/4/5180 3017/4/5180
f 3017/4/5180 3018/4/5180 3019/4/5180
f 3019/4/5180 3020/4/5180 3021/4/5180
f 3017/4/5180 3019/4/5180 3021/4/5180
f 3021/4/5180 3022/4/5180 3023/4/5180
f 3023/4/5180 3024/4/5180 3025/4/5180
f 3021/4/5180 3023/4/5180 3025/4/5180
f 3017/4/5180 3021/4/5180 3025/4/5180
f 3025/4/5180 3026/4/5180 3027/4/5180
f 3027/4/5180 3028/4/5180 3029/4/5180
f 3025/4/5180 3027/4/5180 3029/4/5180
f 3029/4/5180 3030/4/5180 3031/4/5180
f 3031/4/5180 3032/4/5180 3033/4/5180
f 3029/4/5180 3031/4/5180 3033/4/5180
f 3025/4/5180 3029/4/5180 3033/4/5180
f 3017/4/5180 3025/4/5180 3033/4/5180
f 3009/4/5180 3017/4/5180 3033/4/5180
f 3034/4/5180 3035/4/5180 3036/4/5180
f 3033/4/5180 3034/4/5180 3036/4/5180
f 3033/4/5180 3036/4/5180 3037/4/5180
f 3009/4/5180 3033/4/5180 3037/4/5180
f 3038/4/5180 3009/4/5180 3037/4/5180
f 3038/4/5180 3037/4/5180 3039/4/5180
f 3038/4/5180 3039/4/5180 3040/4/5180
f 3041/4/5181 3042/4/5181 3043/4/5181
f 3043/4/5181 3044/4/5181 3045/4/5181
f 3041/4/5181 3043/4/5181 3045/4/5181
f 3045/4/5181 3046/4/5181 3047/4/5181
f 3047/4/5181 3048/4/5181 3049/4/5181
f 3045/4/5181 3047/4/5181 3049/4/5181
f 3041/4/5181 3045/4/5181 3049/4/5181
f 3049/4/5181 3050/4/5181 3051/4/5181
f 3051/4/5181 3052/4/5181 3053/4/5181
f 3049/4/5181 3051/4/5181 3053/4/5181
f 3053/4/5181 3054/4/5181 3055/4/5181
f 3055/4/5181 3056/4/5181 3057/4/5181
f 3053/4/5181 3055/4/5181 3057/4/5181
f 3049/4/5181 3053/4/5181 3057/4/5181
f 3041/4/5181 3049/4/5181 3057/4/5181
f 3057/4/5181 3058/4/5181 3059/4/5181
f 3059/4/5181 3060/4/5181 3061/4/5181
f 3057/4/5181 3059/4/5181 3061/4/5181
f 3061/4/5181 3062/4/5181 3063/4/5181
f 3063/4/5181 3064/4/5181 3065/4/5181
f 3061/4/5181 3063/4/5181 3065/4/5181
f 3057/4/5181 3061/4/5181 3065/4/5181
f 3065/4/5181 3066/4/5181 3067/4/5181
f 3067/4/5181 3068/4/5181 3069/4/5181
f 3065/4/5181 3067/4/5181 3069/4/5181
f 3069/4/5181 3070/4/5181 3071/4/5181
f 3069/4/5181 3071/4/5181 3072/4/5181
f 3065/4/5181 3069/4/5181 3072/4/5181
f 3057/4/5181 3065/4/5181 3072/4/5181
f 3041/4/5181 3057/4/5181 3072/4/5181
f 3034/4/5182 3047/4/5183 3046/4/5184
f 3046/4/5184 3035/4/5185 3034/4/5182
f 3020/4/5186 3061/4/5187 3060/4/5187
f 3060/4/5187 3021/4/5188 3020/4/5186
f 3048/4/5189 3047/4/5190 3034/4/5190
f 3034/4/5190 3033/4/5191 3048/4/5189
f 3019/4/5192 3062/4/5193 3061/4/5194
f 3061/4/5194 3020/4/5195 3019/4/5192
f 3048/4/5196 3033/4/5197 3032/4/5198
f 3032/4/5198 3049/4/5199 3048/4/5196
f 3018/4/5200 3063/4/5201 3062/4/5202
f 3062/4/5202 3019/4/5202 3018/4/5200
f 3032/4/5203 3031/4/5204 3050/4/5205
f 3050/4/5205 3049/4/5206 3032/4/5203
f 3017/4/5207 3064/4/5208 3063/4/5207
f 3063/4/5207 3018/4/5207 3017/4/5207
f 3030/4/5209 3051/4/5209 3050/4/5210
f 3050/4/5210 3031/4/5211 3030/4/5209
f 3016/4/5212 3065/4/5213 3064/4/5213
f 3064/4/5213 3017/4/5213 3016/4/5212
f 3029/4/5214 3052/4/5214 3051/4/5215
f 3051/4/5215 3030/4/5214 3029/4/5214
f 3015/4/5216 3066/4/5217 3065/4/5218
f 3065/4/5218 3016/4/5218 3015/4/5216
f 3028/4/5219 3053/4/5220 3052/4/5221
f 3052/4/5221 3029/4/5222 3028/4/5219
f 3014/4/5223 3067/4/5224 3066/4/5223
f 3066/4/5223 3015/4/5225 3014/4/5223
f 3027/4/5226 3054/4/5227 3053/4/5228
f 3053/4/5228 3028/4/5229 3027/4/5226
f 3072/4/5230 3009/4/5231 3038/4/5232
f 3038/4/5232 3041/4/5231 3072/4/5230
f 3013/4/5233 3068/4/5234 3067/4/5235
f 3067/4/5235 3014/4/5236 3013/4/5233
f 3026/4/5237 3055/4/5238 3054/4/5239
f 3054/4/5239 3027/4/5237 3026/4/5237
f 3041/4/5240 3038/4/5241 3040/4/5242
f 3040/4/5242 3042/4/5241 3041/4/5240
f 3012/4/5243 3069/4/5243 3068/4/5244
f 3068/4/5244 3013/4/5245 3012/4/5243
f 3025/4/5246 3056/4/5247 3055/4/5248
f 3055/4/5248 3026/4/5247 3025/4/5246
f 3042/4/5249 3040/4/5249 3039/4/5249
f 3039/4/5249 3043/4/5249 3042/4/5249
f 3011/4/5250 3070/4/5251 3069/4/5252
f 3069/4/5252 3012/4/5253 3011/4/5250
f 3024/4/5254 3057/4/5255 3056/4/5254
f 3056/4/5254 3025/4/5255 3024/4/5254
f 3039/4/5256 3037/4/5257 3044/4/5258
f 3044/4/5258 3043/4/5258 3039/4/5256
f 3010/4/5259 3071/4/5260 3070/4/5261
f 3070/4/5261 3011/4/5262 3010/4/5259
f 3023/4/5263 3058/4/5264 3057/4/5265
f 3057/4/5265 3024/4/5266 3023/4/5263
f 3036/4/5267 3045/4/5267 3044/4/5268
f 3044/4/5268 3037/4/5269 3036/4/5267
f 3010/4/5270 3009/4/5271 3072/4/5272
f 3072/4/5272 3071/4/5270 3010/4/5270
f 3022/4/5273 3059/4/5274 3058/4/5274
f 3058/4/5274 3023/4/5275 3022/4/5273
f 3046/4/5276 3045/4/5277 3036/4/5278
f 3036/4/5278 3035/4/5277 3046/4/5276
f 3021/4/5279 3060/4/5280 3059/4/5281
f 3059/4/5281 3022/4/5282 3021/4/5279
o C_rculo_019_C_rculo_020
v 0.021396 -0.729937 -0.503946
v 0.114896 -0.729937 -0.494746
v 0.204796 -0.729937 -0.467446
v 0.287696 -0.729937 -0.423146
v 0.360296 -0.729936 -0.363546
v 0.419896 -0.729936 -0.290946
v 0.464196 -0.729936 -0.208046
v 0.491496 -0.729936 -0.118146
v 0.500696 -0.729936 -0.024646
v 0.491496 -0.729936 0.068854
v 0.464196 -0.729936 0.158854
v 0.419896 -0.729936 0.241654
v 0.360296 -0.729936 0.314354
v 0.287696 -0.729936 0.373954
v 0.204796 -0.729936 0.418254
v 0.114896 -0.729936 0.445554
v 0.021396 -0.729936 0.454754
v -0.072204 -0.729936 0.445554
v -0.162104 -0.729936 0.418254
v -0.244904 -0.729936 0.373954
v -0.317604 -0.729936 0.314354
v -0.377204 -0.729936 0.241654
v -0.421504 -0.729936 0.158854
v -0.448804 -0.729936 0.068854
v -0.458004 -0.729936 -0.024646
v -0.448804 -0.729936 -0.118146
v -0.421504 -0.729936 -0.208046
v -0.377204 -0.729936 -0.290946
v -0.317604 -0.729936 -0.363546
v -0.072204 -0.729937 -0.494746
v -0.244904 -0.729937 -0.423146
v -0.162104 -0.729937 -0.467446
v 0.526296 -0.751336 -0.125046
v 0.526296 -0.852136 -0.125046
v 0.536196 -0.852136 -0.024646
v 0.536196 -0.751336 -0.024646
v 0.218396 -0.751337 -0.500246
v 0.307396 -0.751337 -0.452746
v 0.121796 -0.751336 0.480354
v 0.021396 -0.751336 0.490254
v -0.342704 -0.751336 -0.388646
v -0.264704 -0.751337 -0.452746
v 0.121796 -0.751337 -0.529546
v 0.218396 -0.751336 0.451054
v -0.406704 -0.751336 -0.310646
v 0.021396 -0.751337 -0.539446
v 0.307396 -0.751336 0.403454
v -0.454304 -0.751336 -0.221646
v 0.385396 -0.751336 0.339454
v -0.483604 -0.751336 -0.125046
v 0.449396 -0.751336 0.261454
v -0.493504 -0.751336 -0.024646
v 0.496996 -0.751336 0.172354
v -0.483604 -0.751336 0.075854
v 0.526296 -0.751336 0.075854
v -0.454304 -0.751336 0.172354
v -0.406704 -0.751336 0.261454
v -0.342704 -0.751336 0.339454
v 0.496996 -0.751336 -0.221646
v -0.264704 -0.751336 0.403454
v 0.449396 -0.751336 -0.310646
v -0.175704 -0.751336 0.451054
v -0.079104 -0.751337 -0.529546
v 0.385396 -0.751336 -0.388646
v -0.079104 -0.751336 0.480354
v -0.175704 -0.751337 -0.500246
v -0.079104 -0.852137 -0.529546
v -0.175704 -0.852137 -0.500246
v -0.264704 -0.852137 -0.452746
v -0.342704 -0.852136 -0.388646
v -0.406704 -0.852136 -0.310646
v -0.454304 -0.852136 -0.221646
v -0.483604 -0.852136 -0.125046
v -0.493504 -0.852136 -0.024646
v -0.483604 -0.852136 0.075854
v -0.454304 -0.852136 0.172354
v -0.406704 -0.852136 0.261454
v -0.342704 -0.852136 0.339454
v -0.264704 -0.852136 0.403454
v -0.175704 -0.852136 0.451054
v -0.079104 -0.852136 0.480354
v 0.021396 -0.852136 0.490254
v 0.121796 -0.852136 0.480354
v 0.218396 -0.852136 0.451054
v 0.307396 -0.852136 0.403454
v 0.385396 -0.852136 0.339454
v 0.449396 -0.852136 0.261454
v 0.496996 -0.852136 0.172354
v 0.526296 -0.852136 0.075854
v 0.496996 -0.852136 -0.221646
v 0.449396 -0.852136 -0.310646
v 0.385396 -0.852136 -0.388646
v 0.307396 -0.852137 -0.452746
v 0.218396 -0.852137 -0.500246
v 0.121796 -0.852137 -0.529546
v 0.021396 -0.852137 -0.539446
vn -0.0000 -1.0000 -0.0000
vn -0.9952 -0.0000 0.0981
vn -0.9952 -0.0000 0.0977
vn -0.2440 -0.8557 0.4564
vn -0.2440 -0.8555 0.4567
vn -0.2439 -0.8556 0.4565
vn -0.2439 -0.8557 0.4564
vn -0.0507 -0.8556 -0.5152
vn -0.0508 -0.8554 -0.5154
vn -0.0507 -0.8557 -0.5150
vn 0.3283 -0.8556 0.4001
vn 0.3284 -0.8555 0.4003
vn 0.3283 -0.8557 0.3999
vn -0.1502 -0.8557 0.4953
vn -0.1502 -0.8556 0.4953
vn -0.1502 -0.8557 -0.4952
vn -0.1502 -0.8557 -0.4953
vn -0.1502 -0.8557 -0.4951
vn 0.4001 -0.8557 0.3283
vn 0.4000 -0.8557 0.3283
vn 0.4000 -0.8557 0.3282
vn 0.4001 -0.8556 0.3283
vn -0.0507 -0.8556 0.5151
vn -0.0507 -0.8556 0.5152
vn -0.0507 -0.8555 0.5153
vn -0.2440 -0.8556 -0.4565
vn -0.2440 -0.8557 -0.4564
vn -0.2441 -0.8554 -0.4569
vn 0.4566 -0.8556 0.2440
vn 0.4564 -0.8557 0.2440
vn 0.4565 -0.8556 0.2440
vn -0.3283 -0.8557 -0.4001
vn -0.3283 -0.8556 -0.4001
vn 0.4954 -0.8556 0.1503
vn 0.4953 -0.8556 0.1502
vn 0.4957 -0.8554 0.1505
vn -0.4003 -0.8555 -0.3284
vn -0.3999 -0.8558 -0.3281
vn -0.4001 -0.8557 -0.3282
vn -0.4004 -0.8555 -0.3284
vn 0.5151 -0.8556 0.0507
vn 0.5152 -0.8556 0.0507
vn 0.5150 -0.8557 0.0507
vn -0.4565 -0.8556 -0.2440
vn -0.4567 -0.8555 -0.2441
vn -0.4566 -0.8555 -0.2441
vn -0.4566 -0.8555 -0.2443
vn 0.5151 -0.8557 -0.0507
vn 0.5151 -0.8556 -0.0507
vn -0.4953 -0.8556 -0.1502
vn -0.4951 -0.8557 -0.1502
vn -0.4955 -0.8555 -0.1502
vn 0.4953 -0.8556 -0.1502
vn 0.4953 -0.8557 -0.1502
vn 0.4954 -0.8556 -0.1503
vn 0.4955 -0.8555 -0.1504
vn -0.5151 -0.8557 -0.0507
vn -0.5149 -0.8558 -0.0507
vn -0.5151 -0.8556 -0.0507
vn -0.5153 -0.8555 -0.0507
vn 0.4563 -0.8557 -0.2440
vn 0.4564 -0.8557 -0.2440
vn -0.5153 -0.8555 0.0507
vn -0.5154 -0.8555 0.0507
vn -0.5152 -0.8556 0.0507
vn 0.4002 -0.8556 -0.3283
vn 0.4001 -0.8557 -0.3282
vn 0.4000 -0.8557 -0.3283
vn -0.4953 -0.8556 0.1502
vn -0.4952 -0.8557 0.1502
vn -0.4953 -0.8557 0.1502
vn 0.3284 -0.8555 -0.4003
vn 0.3284 -0.8556 -0.4002
vn -0.4566 -0.8556 0.2441
vn -0.4564 -0.8557 0.2440
vn -0.4566 -0.8556 0.2440
vn 0.2443 -0.8554 -0.4567
vn 0.2443 -0.8554 -0.4568
vn 0.2441 -0.8556 -0.4564
vn 0.0507 -0.8556 0.5152
vn 0.0507 -0.8556 0.5151
vn 0.0507 -0.8557 0.5150
vn 0.0507 -0.8554 0.5154
vn -0.4001 -0.8557 0.3283
vn -0.4000 -0.8557 0.3283
vn -0.4000 -0.8557 0.3282
vn 0.1502 -0.8557 -0.4953
vn 0.1501 -0.8557 -0.4952
vn 0.1502 -0.8557 0.4953
vn 0.1501 -0.8557 0.4952
vn -0.3287 -0.8556 0.4000
vn -0.3286 -0.8556 0.3999
vn -0.3285 -0.8556 0.4001
vn -0.3283 -0.8556 0.4001
vn 0.0507 -0.8556 -0.5151
vn 0.0507 -0.8555 -0.5153
vn 0.0507 -0.8556 -0.5152
vn 0.2441 -0.8555 0.4566
vn 0.2440 -0.8557 0.4564
vn 0.2436 -0.8559 0.4562
vn 0.2434 -0.8560 0.4561
vn -0.0000 1.0000 -0.0000
vn 0.7731 -0.0000 -0.6343
vn -0.9569 -0.0000 0.2903
vn 0.6343 -0.0000 -0.7731
vn -0.8818 -0.0000 0.4716
vn 0.4716 -0.0000 -0.8818
vn 0.0980 -0.0000 0.9952
vn -0.7731 -0.0000 0.6343
vn 0.2903 -0.0000 -0.9569
vn 0.2903 -0.0000 0.9569
vn -0.6344 -0.0000 0.7730
vn 0.0980 -0.0000 -0.9952
vn 0.4708 -0.0000 0.8822
vn 0.4711 -0.0000 0.8821
vn -0.4714 -0.0000 0.8819
vn -0.4711 -0.0000 0.8821
vn -0.4713 -0.0000 0.8820
vn -0.0981 -0.0000 -0.9952
vn 0.6342 -0.0000 0.7731
vn 0.6342 -0.0000 0.7732
vn -0.2903 -0.0000 0.9569
vn -0.2903 -0.0000 -0.9569
vn 0.7731 -0.0000 0.6343
vn -0.0981 -0.0000 0.9952
vn -0.0977 -0.0000 0.9952
vn -0.4716 -0.0000 -0.8818
vn 0.8818 -0.0000 0.4716
vn -0.6343 -0.0000 -0.7731
vn 0.9569 -0.0000 0.2903
vn -0.7731 -0.0000 -0.6343
vn 0.9952 -0.0000 0.0981
vn -0.8820 -0.0000 -0.4712
vn 0.9952 -0.0000 -0.0980
vn -0.9569 -0.0000 -0.2905
vn 0.9569 -0.0000 -0.2905
vn -0.9952 -0.0000 -0.0980
vn 0.8820 -0.0000 -0.4712
vt 0.000000 0.000000
s 1
usemtl Goddard_None
f 3073/5/5283 3074/5/5283 3075/5/5283
f 3075/5/5283 3076/5/5283 3077/5/5283
f 3073/5/5283 3075/5/5283 3077/5/5283
f 3077/5/5283 3078/5/5283 3079/5/5283
f 3079/5/5283 3080/5/5283 3081/5/5283
f 3077/5/5283 3079/5/5283 3081/5/5283
f 3073/5/5283 3077/5/5283 3081/5/5283
f 3081/5/5283 3082/5/5283 3083/5/5283
f 3083/5/5283 3084/5/5283 3085/5/5283
f 3081/5/5283 3083/5/5283 3085/5/5283
f 3085/5/5283 3086/5/5283 3087/5/5283
f 3087/5/5283 3088/5/5283 3089/5/5283
f 3085/5/5283 3087/5/5283 3089/5/5283
f 3081/5/5283 3085/5/5283 3089/5/5283
f 3089/5/5283 3090/5/5283 3091/5/5283
f 3091/5/5283 3092/5/5283 3093/5/5283
f 3089/5/5283 3091/5/5283 3093/5/5283
f 3093/5/5283 3094/5/5283 3095/5/5283
f 3095/5/5283 3096/5/5283 3097/5/5283
f 3093/5/5283 3095/5/5283 3097/5/5283
f 3089/5/5283 3093/5/5283 3097/5/5283
f 3081/5/5283 3089/5/5283 3097/5/5283
f 3073/5/5283 3081/5/5283 3097/5/5283
f 3098/5/5283 3099/5/5283 3100/5/5283
f 3097/5/5283 3098/5/5283 3100/5/5283
f 3097/5/5283 3100/5/5283 3101/5/5283
f 3073/5/5283 3097/5/5283 3101/5/5283
f 3102/5/5283 3073/5/5283 3101/5/5283
f 3102/5/5283 3101/5/5283 3103/5/5283
f 3102/5/5283 3103/5/5283 3104/5/5283
f 3105/5/5284 3106/5/5284 3107/5/5284
f 3107/5/5284 3108/5/5285 3105/5/5284
f 3075/5/5286 3109/5/5287 3110/5/5288
f 3110/5/5288 3076/5/5289 3075/5/5286
f 3088/5/5290 3111/5/5291 3112/5/5290
f 3112/5/5290 3089/5/5292 3088/5/5290
f 3103/5/5293 3101/5/5294 3113/5/5294
f 3113/5/5294 3114/5/5295 3103/5/5293
f 3074/5/5296 3115/5/5296 3109/5/5296
f 3109/5/5296 3075/5/5297 3074/5/5296
f 3087/5/5298 3116/5/5299 3111/5/5299
f 3111/5/5299 3088/5/5300 3087/5/5298
f 3100/5/5301 3117/5/5302 3113/5/5303
f 3113/5/5303 3101/5/5304 3100/5/5301
f 3074/5/5305 3073/5/5306 3118/5/5305
f 3118/5/5305 3115/5/5307 3074/5/5305
f 3086/5/5308 3119/5/5309 3116/5/5308
f 3116/5/5308 3087/5/5310 3086/5/5308
f 3120/5/5311 3117/5/5312 3100/5/5312
f 3100/5/5312 3099/5/5313 3120/5/5311
f 3085/5/5314 3121/5/5315 3119/5/5315
f 3119/5/5315 3086/5/5315 3085/5/5314
f 3098/5/5316 3122/5/5317 3120/5/5316
f 3120/5/5316 3099/5/5318 3098/5/5316
f 3084/5/5319 3123/5/5320 3121/5/5321
f 3121/5/5321 3085/5/5322 3084/5/5319
f 3124/5/5323 3122/5/5324 3098/5/5325
f 3098/5/5325 3097/5/5323 3124/5/5323
f 3083/5/5326 3125/5/5327 3123/5/5328
f 3123/5/5328 3084/5/5329 3083/5/5326
f 3124/5/5330 3097/5/5331 3096/5/5331
f 3096/5/5331 3126/5/5331 3124/5/5330
f 3082/5/5332 3127/5/5333 3125/5/5332
f 3125/5/5332 3083/5/5334 3082/5/5332
f 3096/5/5335 3095/5/5336 3128/5/5337
f 3128/5/5337 3126/5/5338 3096/5/5335
f 3081/5/5339 3108/5/5340 3127/5/5341
f 3127/5/5341 3082/5/5342 3081/5/5339
f 3094/5/5343 3129/5/5344 3128/5/5344
f 3128/5/5344 3095/5/5344 3094/5/5343
f 3080/5/5345 3105/5/5345 3108/5/5346
f 3108/5/5346 3081/5/5347 3080/5/5345
f 3093/5/5348 3130/5/5349 3129/5/5350
f 3129/5/5350 3094/5/5350 3093/5/5348
f 3079/5/5351 3131/5/5352 3105/5/5353
f 3105/5/5353 3080/5/5351 3079/5/5351
f 3092/5/5354 3132/5/5355 3130/5/5355
f 3130/5/5355 3093/5/5354 3092/5/5354
f 3078/5/5356 3133/5/5357 3131/5/5358
f 3131/5/5358 3079/5/5358 3078/5/5356
f 3091/5/5359 3134/5/5360 3132/5/5359
f 3132/5/5359 3092/5/5361 3091/5/5359
f 3118/5/5362 3073/5/5363 3102/5/5364
f 3102/5/5364 3135/5/5365 3118/5/5362
f 3077/5/5366 3136/5/5367 3133/5/5367
f 3133/5/5367 3078/5/5368 3077/5/5366
f 3090/5/5369 3137/5/5369 3134/5/5369
f 3134/5/5369 3091/5/5370 3090/5/5369
f 3135/5/5371 3102/5/5372 3104/5/5371
f 3104/5/5371 3138/5/5371 3135/5/5371
f 3076/5/5373 3110/5/5374 3136/5/5375
f 3136/5/5375 3077/5/5376 3076/5/5373
f 3089/5/5377 3112/5/5378 3137/5/5379
f 3137/5/5379 3090/5/5377 3089/5/5377
f 3138/5/5380 3104/5/5381 3103/5/5382
f 3103/5/5382 3114/5/5383 3138/5/5380
f 3139/5/5384 3140/5/5384 3141/5/5384
f 3141/5/5384 3142/5/5384 3143/5/5384
f 3139/5/5384 3141/5/5384 3143/5/5384
f 3143/5/5384 3144/5/5384 3145/5/5384
f 3143/5/5384 3145/5/5384 3146/5/5384
f 3139/5/5384 3143/5/5384 3146/5/5384
f 3139/5/5384 3146/5/5384 3147/5/5384
f 3147/5/5384 3148/5/5384 3149/5/5384
f 3149/5/5384 3150/5/5384 3151/5/5384
f 3147/5/5384 3149/5/5384 3151/5/5384
f 3151/5/5384 3152/5/5384 3153/5/5384
f 3153/5/5384 3154/5/5384 3155/5/5384
f 3151/5/5384 3153/5/5384 3155/5/5384
f 3147/5/5384 3151/5/5384 3155/5/5384
f 3155/5/5384 3156/5/5384 3157/5/5384
f 3157/5/5384 3158/5/5384 3159/5/5384
f 3155/5/5384 3157/5/5384 3159/5/5384
f 3159/5/5384 3160/5/5384 3161/5/5384
f 3161/5/5384 3107/5/5384 3106/5/5384
f 3159/5/5384 3161/5/5384 3106/5/5384
f 3155/5/5384 3159/5/5384 3106/5/5384
f 3147/5/5384 3155/5/5384 3106/5/5384
f 3106/5/5384 3162/5/5384 3163/5/5384
f 3163/5/5384 3164/5/5384 3165/5/5384
f 3106/5/5384 3163/5/5384 3165/5/5384
f 3165/5/5384 3166/5/5384 3167/5/5384
f 3165/5/5384 3167/5/5384 3168/5/5384
f 3106/5/5384 3165/5/5384 3168/5/5384
f 3147/5/5384 3106/5/5384 3168/5/5384
f 3139/5/5384 3147/5/5384 3168/5/5384
f 3130/5/5385 3150/5/5385 3149/5/5385
f 3149/5/5385 3129/5/5385 3130/5/5385
f 3131/5/5386 3162/5/5386 3106/5/5386
f 3106/5/5386 3105/5/5386 3131/5/5386
f 3132/5/5387 3151/5/5387 3150/5/5387
f 3150/5/5387 3130/5/5387 3132/5/5387
f 3133/5/5388 3163/5/5388 3162/5/5388
f 3162/5/5388 3131/5/5388 3133/5/5388
f 3134/5/5389 3152/5/5389 3151/5/5389
f 3151/5/5389 3132/5/5389 3134/5/5389
f 3135/5/5390 3139/5/5390 3168/5/5390
f 3168/5/5390 3118/5/5390 3135/5/5390
f 3136/5/5391 3164/5/5391 3163/5/5391
f 3163/5/5391 3133/5/5391 3136/5/5391
f 3137/5/5392 3153/5/5392 3152/5/5392
f 3152/5/5392 3134/5/5392 3137/5/5392
f 3138/5/5393 3140/5/5393 3139/5/5393
f 3139/5/5393 3135/5/5393 3138/5/5393
f 3110/5/5394 3165/5/5394 3164/5/5394
f 3164/5/5394 3136/5/5394 3110/5/5394
f 3112/5/5395 3154/5/5395 3153/5/5395
f 3153/5/5395 3137/5/5395 3112/5/5395
f 3114/5/5396 3141/5/5396 3140/5/5397
f 3140/5/5397 3138/5/5396 3114/5/5396
f 3109/5/5398 3166/5/5399 3165/5/5398
f 3165/5/5398 3110/5/5400 3109/5/5398
f 3111/5/5401 3155/5/5401 3154/5/5401
f 3154/5/5401 3112/5/5401 3111/5/5401
f 3113/5/5402 3142/5/5403 3141/5/5402
f 3141/5/5402 3114/5/5403 3113/5/5402
f 3115/5/5404 3167/5/5404 3166/5/5404
f 3166/5/5404 3109/5/5404 3115/5/5404
f 3116/5/5405 3156/5/5405 3155/5/5405
f 3155/5/5405 3111/5/5405 3116/5/5405
f 3117/5/5406 3143/5/5406 3142/5/5406
f 3142/5/5406 3113/5/5406 3117/5/5406
f 3115/5/5407 3118/5/5407 3168/5/5407
f 3168/5/5407 3167/5/5408 3115/5/5407
f 3119/5/5409 3157/5/5409 3156/5/5409
f 3156/5/5409 3116/5/5409 3119/5/5409
f 3120/5/5410 3144/5/5410 3143/5/5410
f 3143/5/5410 3117/5/5410 3120/5/5410
f 3121/5/5411 3158/5/5411 3157/5/5411
f 3157/5/5411 3119/5/5411 3121/5/5411
f 3122/5/5412 3145/5/5412 3144/5/5412
f 3144/5/5412 3120/5/5412 3122/5/5412
f 3123/5/5413 3159/5/5413 3158/5/5413
f 3158/5/5413 3121/5/5413 3123/5/5413
f 3124/5/5414 3146/5/5414 3145/5/5414
f 3145/5/5414 3122/5/5414 3124/5/5414
f 3125/5/5415 3160/5/5415 3159/5/5415
f 3159/5/5415 3123/5/5415 3125/5/5415
f 3126/5/5416 3147/5/5416 3146/5/5416
f 3146/5/5416 3124/5/5416 3126/5/5416
f 3127/5/5417 3161/5/5417 3160/5/5417
f 3160/5/5417 3125/5/5417 3127/5/5417
f 3128/5/5418 3148/5/5418 3147/5/5418
f 3147/5/5418 3126/5/5418 3128/5/5418
f 3108/5/5419 3107/5/5419 3161/5/5419
f 3161/5/5419 3127/5/5419 3108/5/5419
f 3129/5/5420 3149/5/5420 3148/5/5420
f 3148/5/5420 3128/5/5420 3129/5/5420
o Cilindro_004_Cilindro_007
v 0.468896 -0.779036 -0.284746
v 0.472796 -0.779036 -0.286246
v 0.472796 -0.853436 -0.286246
v 0.468896 -0.853436 -0.284746
v 0.476896 -0.779036 -0.286946
v 0.476896 -0.853436 -0.286946
v 0.481096 -0.779036 -0.286846
v 0.481096 -0.853436 -0.286846
v 0.485196 -0.779036 -0.285846
v 0.485196 -0.853436 -0.285846
v 0.488996 -0.779036 -0.284146
v 0.488996 -0.853436 -0.284146
v 0.492396 -0.853436 -0.281746
v 0.492396 -0.779036 -0.281746
v 0.495296 -0.853436 -0.278646
v 0.495296 -0.779036 -0.278646
v 0.497496 -0.779036 -0.275146
v 0.497496 -0.853436 -0.275146
v 0.498996 -0.853436 -0.271246
v 0.498996 -0.779036 -0.271246
v 0.499696 -0.853436 -0.267046
v 0.499696 -0.779036 -0.267046
v 0.499496 -0.853436 -0.262946
v 0.499496 -0.779036 -0.262946
v 0.498596 -0.779036 -0.258846
v 0.498596 -0.853436 -0.258846
v 0.496896 -0.853436 -0.255046
v 0.496896 -0.779036 -0.255046
v 0.494396 -0.853436 -0.251646
v 0.494396 -0.779036 -0.251646
v 0.491396 -0.853436 -0.248746
v 0.491396 -0.779036 -0.248746
v 0.487896 -0.853436 -0.246546
v 0.487896 -0.779036 -0.246546
v 0.483896 -0.853436 -0.245046
v 0.483896 -0.779036 -0.245046
v 0.479796 -0.853436 -0.244346
v 0.479796 -0.779036 -0.244346
v 0.475596 -0.853436 -0.244446
v 0.475596 -0.779036 -0.244446
v 0.471596 -0.779036 -0.245446
v 0.471596 -0.853436 -0.245446
v 0.467696 -0.779036 -0.247146
v 0.467696 -0.853436 -0.247146
v 0.464296 -0.853436 -0.249546
v 0.464296 -0.779036 -0.249546
v 0.461496 -0.853436 -0.252546
v 0.461496 -0.779036 -0.252546
v 0.459196 -0.779036 -0.256146
v 0.459196 -0.853436 -0.256146
v 0.457796 -0.779036 -0.260046
v 0.457796 -0.853436 -0.260046
v 0.457096 -0.853436 -0.264146
v 0.457096 -0.779036 -0.264146
v 0.457196 -0.779036 -0.268346
v 0.457196 -0.853436 -0.268346
v 0.458096 -0.853436 -0.272446
v 0.458096 -0.779036 -0.272446
v 0.459796 -0.853436 -0.276246
v 0.459796 -0.779036 -0.276246
v 0.462296 -0.779036 -0.279646
v 0.462296 -0.853436 -0.279646
v 0.488896 -0.760636 -0.270846
v 0.489996 -0.760836 -0.268246
v 0.465296 -0.779036 -0.282546
v 0.465296 -0.853436 -0.282546
v 0.478796 -0.764636 -0.279546
v 0.464396 -0.753837 -0.272446
v 0.464396 -0.751836 -0.270346
v 0.481196 -0.763336 -0.278746
v 0.480396 -0.773036 -0.251346
v 0.482696 -0.771336 -0.251646
v 0.465896 -0.777036 -0.268646
v 0.466096 -0.777836 -0.265846
v 0.483496 -0.762136 -0.277346
v 0.488496 -0.766136 -0.255446
v 0.489696 -0.764636 -0.257546
v 0.469296 -0.778336 -0.257946
v 0.471096 -0.777836 -0.255746
v 0.471796 -0.769536 -0.278846
v 0.473996 -0.767836 -0.279646
v 0.469796 -0.771336 -0.277646
v 0.490596 -0.761336 -0.265446
v 0.477996 -0.774536 -0.251746
v 0.466196 -0.775836 -0.271246
v 0.485596 -0.761336 -0.275546
v 0.486896 -0.767836 -0.253646
v 0.467796 -0.778536 -0.260346
v 0.476296 -0.766136 -0.279846
v 0.490796 -0.762136 -0.262646
v 0.475496 -0.775836 -0.252546
v 0.466996 -0.774536 -0.273746
v 0.487496 -0.760836 -0.273346
v 0.484896 -0.769536 -0.252346
v 0.466696 -0.778336 -0.263046
v 0.490496 -0.763336 -0.259946
v 0.473196 -0.777036 -0.253946
v 0.468196 -0.773036 -0.275846
v 0.465296 -0.758736 -0.275346
v 0.466196 -0.761436 -0.276146
v 0.467396 -0.764036 -0.276446
v 0.468796 -0.766536 -0.276146
v 0.470296 -0.768936 -0.275346
v 0.471896 -0.770936 -0.274146
v 0.473596 -0.772636 -0.272446
v 0.475196 -0.773937 -0.270446
v 0.476796 -0.774637 -0.268046
v 0.478096 -0.774936 -0.265546
v 0.479296 -0.774637 -0.262846
v 0.480296 -0.773937 -0.260246
v 0.480896 -0.772636 -0.257746
v 0.481196 -0.770936 -0.255346
v 0.481296 -0.768936 -0.253346
v 0.480896 -0.766536 -0.251646
v 0.480296 -0.764036 -0.250446
v 0.479396 -0.761436 -0.249646
v 0.478196 -0.758736 -0.249346
v 0.476896 -0.756236 -0.249646
v 0.475296 -0.753837 -0.250446
v 0.473696 -0.751836 -0.251646
v 0.472096 -0.750136 -0.253346
v 0.470396 -0.748836 -0.255346
v 0.468896 -0.748136 -0.257746
v 0.467496 -0.747836 -0.260246
v 0.466296 -0.748136 -0.262846
v 0.465396 -0.748836 -0.265546
v 0.464796 -0.750136 -0.268046
v 0.464696 -0.756236 -0.274146
v 0.510196 -0.779036 0.173354
v 0.510196 -0.853436 0.173354
v 0.507296 -0.853436 0.170354
v 0.507296 -0.779036 0.170354
v 0.512496 -0.853436 0.176854
v 0.512496 -0.779036 0.176854
v 0.513996 -0.779036 0.180754
v 0.513996 -0.853436 0.180754
v 0.514796 -0.853436 0.184854
v 0.514796 -0.779036 0.184854
v 0.514696 -0.779036 0.189054
v 0.514696 -0.853436 0.189054
v 0.513896 -0.853436 0.193154
v 0.513896 -0.779036 0.193154
v 0.512196 -0.853436 0.196954
v 0.512196 -0.779036 0.196954
v 0.509896 -0.779036 0.200454
v 0.509896 -0.853436 0.200454
v 0.506896 -0.853436 0.203354
v 0.506896 -0.779036 0.203354
v 0.503396 -0.779036 0.205654
v 0.503396 -0.853436 0.205654
v 0.499496 -0.779036 0.207154
v 0.499496 -0.853436 0.207154
v 0.495396 -0.853436 0.207954
v 0.495396 -0.779036 0.207954
v 0.491196 -0.779036 0.207954
v 0.491196 -0.853436 0.207954
v 0.487096 -0.779036 0.207054
v 0.487096 -0.853436 0.207054
v 0.483296 -0.853436 0.205454
v 0.483296 -0.779036 0.205454
v 0.479796 -0.779036 0.203054
v 0.479796 -0.853436 0.203054
v 0.476896 -0.779036 0.200054
v 0.476896 -0.853436 0.200054
v 0.474596 -0.853436 0.196554
v 0.474596 -0.779036 0.196554
v 0.472996 -0.853436 0.192654
v 0.472996 -0.779036 0.192654
v 0.472296 -0.779036 0.188554
v 0.472296 -0.853436 0.188554
v 0.472296 -0.853436 0.184354
v 0.472296 -0.779036 0.184354
v 0.473196 -0.779036 0.180254
v 0.473196 -0.853436 0.180254
v 0.474796 -0.779036 0.176454
v 0.474796 -0.853436 0.176454
v 0.477196 -0.853436 0.172954
v 0.477196 -0.779036 0.172954
v 0.480196 -0.853436 0.170054
v 0.480196 -0.779036 0.170054
v 0.483696 -0.779036 0.167754
v 0.483696 -0.853436 0.167754
v 0.487596 -0.853436 0.166154
v 0.487596 -0.779036 0.166154
v 0.491696 -0.779036 0.165454
v 0.491696 -0.853436 0.165454
v 0.495896 -0.779036 0.165454
v 0.495896 -0.853436 0.165454
v 0.499896 -0.853436 0.166354
v 0.499896 -0.779036 0.166354
v 0.500496 -0.760836 0.196354
v 0.502596 -0.760636 0.194254
v 0.503796 -0.779036 0.167954
v 0.503796 -0.853436 0.167954
v 0.506696 -0.763336 0.184054
v 0.506496 -0.764636 0.181454
v 0.494196 -0.753837 0.171154
v 0.492296 -0.751836 0.172054
v 0.481296 -0.773036 0.194254
v 0.482396 -0.771336 0.196354
v 0.491296 -0.777036 0.174054
v 0.488796 -0.777836 0.175354
v 0.506296 -0.762136 0.186754
v 0.490696 -0.764636 0.200354
v 0.488196 -0.766136 0.200054
v 0.481496 -0.777836 0.184054
v 0.482796 -0.778336 0.181454
v 0.502996 -0.769536 0.175354
v 0.504596 -0.767836 0.177054
v 0.501096 -0.771336 0.174054
v 0.498296 -0.761336 0.198054
v 0.480596 -0.774536 0.191854
v 0.493896 -0.775836 0.173354
v 0.505496 -0.761336 0.189354
v 0.485996 -0.767836 0.199254
v 0.484496 -0.778536 0.179054
v 0.505796 -0.766136 0.179154
v 0.495796 -0.762136 0.199354
v 0.480396 -0.775836 0.189354
v 0.496396 -0.774536 0.173054
v 0.504296 -0.760836 0.191954
v 0.483996 -0.769536 0.198054
v 0.486496 -0.778336 0.177054
v 0.493196 -0.763336 0.200054
v 0.480696 -0.777036 0.186654
v 0.498896 -0.773036 0.173354
v 0.498996 -0.764036 0.172354
v 0.499296 -0.766536 0.173754
v 0.499196 -0.768936 0.175454
v 0.498696 -0.770936 0.177454
v 0.497896 -0.772636 0.179654
v 0.496596 -0.773937 0.181954
v 0.495096 -0.774637 0.184254
v 0.493296 -0.774936 0.186554
v 0.491396 -0.774637 0.188654
v 0.489396 -0.773937 0.190554
v 0.487296 -0.772636 0.192154
v 0.485296 -0.770936 0.193454
v 0.483396 -0.768936 0.194254
v 0.481796 -0.766536 0.194654
v 0.480396 -0.764036 0.194554
v 0.479296 -0.761436 0.194054
v 0.478596 -0.758736 0.193054
v 0.478296 -0.756236 0.191754
v 0.478396 -0.753837 0.190054
v 0.478896 -0.751836 0.188054
v 0.479696 -0.750136 0.185854
v 0.480996 -0.748836 0.183554
v 0.482496 -0.748136 0.181154
v 0.484296 -0.747836 0.178954
v 0.486196 -0.748136 0.176754
v 0.488196 -0.748836 0.174854
v 0.490296 -0.750136 0.173254
v 0.495796 -0.756236 0.170754
v 0.498296 -0.761436 0.171354
v 0.497196 -0.758736 0.170854
v 0.541796 -0.779036 -0.064846
v 0.541796 -0.853436 -0.064846
v 0.537596 -0.853436 -0.065146
v 0.537596 -0.779036 -0.065146
v 0.545896 -0.853436 -0.063846
v 0.545896 -0.779036 -0.063846
v 0.549596 -0.779036 -0.062046
v 0.549596 -0.853436 -0.062046
v 0.552996 -0.779036 -0.059446
v 0.552996 -0.853436 -0.059446
v 0.555696 -0.853436 -0.056346
v 0.555696 -0.779036 -0.056346
v 0.557796 -0.779036 -0.052746
v 0.557796 -0.853436 -0.052746
v 0.559196 -0.779036 -0.048746
v 0.559196 -0.853436 -0.048746
v 0.559796 -0.853436 -0.044646
v 0.559796 -0.779036 -0.044646
v 0.559496 -0.779036 -0.040446
v 0.559496 -0.853436 -0.040446
v 0.558496 -0.779036 -0.036446
v 0.558496 -0.853436 -0.036446
v 0.556596 -0.853436 -0.032646
v 0.556596 -0.779036 -0.032646
v 0.554096 -0.779036 -0.029346
v 0.554096 -0.853436 -0.029346
v 0.550996 -0.779036 -0.026546
v 0.550996 -0.853436 -0.026546
v 0.547396 -0.853436 -0.024446
v 0.547396 -0.779036 -0.024446
v 0.543396 -0.853436 -0.023046
v 0.543396 -0.779036 -0.023046
v 0.539296 -0.779036 -0.022446
v 0.539296 -0.853436 -0.022446
v 0.535096 -0.853436 -0.022746
v 0.535096 -0.779036 -0.022746
v 0.530996 -0.853436 -0.023846
v 0.530996 -0.779036 -0.023846
v 0.527296 -0.779036 -0.025646
v 0.527296 -0.853436 -0.025646
v 0.523896 -0.853436 -0.028146
v 0.523896 -0.779036 -0.028146
v 0.521196 -0.779036 -0.031246
v 0.521196 -0.853436 -0.031246
v 0.519096 -0.779036 -0.034946
v 0.519096 -0.853436 -0.034946
v 0.517696 -0.853436 -0.038846
v 0.517696 -0.779036 -0.038846
v 0.517096 -0.853436 -0.043046
v 0.517096 -0.779036 -0.043046
v 0.517396 -0.779036 -0.047146
v 0.517396 -0.853436 -0.047146
v 0.518396 -0.853436 -0.051246
v 0.518396 -0.779036 -0.051246
v 0.520296 -0.779036 -0.054946
v 0.520296 -0.853436 -0.054946
v 0.522796 -0.779036 -0.058346
v 0.522796 -0.853436 -0.058346
v 0.525896 -0.853436 -0.061146
v 0.525896 -0.779036 -0.061146
v 0.529496 -0.779036 -0.063246
v 0.529496 -0.853436 -0.063246
v 0.550296 -0.760636 -0.044246
v 0.550096 -0.760836 -0.041346
v 0.533496 -0.779036 -0.064546
v 0.533496 -0.853436 -0.064546
v 0.544496 -0.764636 -0.056346
v 0.528496 -0.753837 -0.055746
v 0.527696 -0.751836 -0.053846
v 0.546396 -0.763336 -0.054546
v 0.534496 -0.773036 -0.029946
v 0.536696 -0.771336 -0.029246
v 0.528296 -0.777036 -0.051646
v 0.527296 -0.777836 -0.049046
v 0.547996 -0.762136 -0.052446
v 0.545496 -0.764636 -0.031746
v 0.543496 -0.766136 -0.030346
v 0.527796 -0.777836 -0.037746
v 0.526996 -0.778336 -0.040446
v 0.540196 -0.767836 -0.058446
v 0.537896 -0.769536 -0.058646
v 0.535596 -0.771336 -0.058246
v 0.549596 -0.761336 -0.038546
v 0.532396 -0.774536 -0.031246
v 0.529696 -0.775836 -0.053946
v 0.549096 -0.761336 -0.049846
v 0.541296 -0.767836 -0.029446
v 0.526696 -0.778536 -0.043346
v 0.542496 -0.766136 -0.057646
v 0.548596 -0.762136 -0.035946
v 0.530496 -0.775836 -0.033046
v 0.531396 -0.774536 -0.055846
v 0.549896 -0.760836 -0.047146
v 0.538996 -0.769536 -0.029046
v 0.526796 -0.778336 -0.046246
v 0.547196 -0.763336 -0.033646
v 0.528996 -0.777036 -0.035246
v 0.533396 -0.773036 -0.057346
v 0.530596 -0.758736 -0.058046
v 0.531696 -0.761436 -0.058346
v 0.532896 -0.764036 -0.058146
v 0.533996 -0.766536 -0.057346
v 0.535096 -0.768936 -0.056046
v 0.536096 -0.770936 -0.054146
v 0.536896 -0.772636 -0.051946
v 0.537596 -0.773937 -0.049446
v 0.537996 -0.774637 -0.046646
v 0.538196 -0.774936 -0.043846
v 0.538196 -0.774637 -0.040946
v 0.537996 -0.773937 -0.038146
v 0.537496 -0.772636 -0.035546
v 0.536896 -0.770936 -0.033246
v 0.535996 -0.768936 -0.031446
v 0.535096 -0.766536 -0.030046
v 0.533996 -0.764036 -0.029146
v 0.532796 -0.761436 -0.028846
v 0.531696 -0.758736 -0.029046
v 0.530496 -0.756236 -0.029846
v 0.529496 -0.753837 -0.031146
v 0.528496 -0.751836 -0.032946
v 0.527696 -0.750136 -0.035146
v 0.526996 -0.748836 -0.037746
v 0.526596 -0.748136 -0.040446
v 0.526296 -0.747836 -0.043346
v 0.526396 -0.748136 -0.046246
v 0.526596 -0.748836 -0.049046
v 0.526996 -0.750136 -0.051646
v 0.529496 -0.756236 -0.057146
vn -0.3549 -0.0000 -0.9349
vn -0.3550 -0.0000 -0.9349
vn -0.1657 -0.0000 -0.9862
vn 0.0299 -0.0000 -0.9996
vn 0.2243 -0.0000 -0.9745
vn 0.4101 -0.0000 -0.9121
vn 0.4101 -0.0000 -0.9120
vn 0.5802 -0.0000 -0.8145
vn 0.7279 -0.0000 -0.6857
vn 0.8477 -0.0000 -0.5305
vn 0.9349 -0.0000 -0.3550
vn 0.9349 -0.0000 -0.3549
vn 0.9862 -0.0000 -0.1657
vn 0.9862 -0.0000 -0.1655
vn 0.9862 -0.0000 -0.1656
vn 0.9996 -0.0000 0.0299
vn 0.9745 -0.0000 0.2243
vn 0.9121 -0.0000 0.4101
vn 0.9121 -0.0000 0.4100
vn 0.9120 -0.0000 0.4101
vn 0.8145 -0.0000 0.5802
vn 0.6857 -0.0000 0.7279
vn 0.5305 -0.0000 0.8477
vn 0.3549 -0.0000 0.9349
vn 0.1657 -0.0000 0.9862
vn -0.0299 -0.0000 0.9996
vn -0.2243 -0.0000 0.9745
vn -0.4101 -0.0000 0.9120
vn -0.5801 -0.0000 0.8145
vn -0.7279 -0.0000 0.6857
vn -0.8477 -0.0000 0.5305
vn -0.9349 -0.0000 0.3549
vn -0.9862 -0.0000 0.1657
vn -0.9996 -0.0000 -0.0299
vn -0.9745 -0.0000 -0.2243
vn -0.9121 -0.0000 -0.4101
vn -0.9120 -0.0000 -0.4101
vn -0.8145 -0.0000 -0.5802
vn 0.8312 0.4606 -0.3113
vn -0.6857 -0.0000 -0.7279
vn -0.5305 -0.0000 -0.8477
vn -0.5304 -0.0000 -0.8477
vn -0.0000 -1.0000 -0.0000
vn -0.0000 -1.0000 -0.0001
vn -0.0000 -1.0000 0.0001
vn -0.0000 -1.0000 -0.0002
vn 0.0579 0.6232 -0.7799
vn -0.0799 0.7021 0.7076
vn -0.0798 0.7021 0.7076
vn -0.1629 0.9797 0.1167
vn 0.3330 0.4517 -0.8277
vn 0.6771 0.4608 0.5738
vn -0.1180 0.9930 0.0100
vn -0.4227 0.5300 -0.7351
vn -0.4228 0.5300 -0.7351
vn -0.5559 0.6037 -0.5715
vn -0.5559 0.6037 -0.5714
vn -0.5558 0.6037 -0.5715
vn 0.8784 0.4584 -0.1349
vn -0.2241 0.8075 0.5457
vn -0.2240 0.8075 0.5457
vn -0.2940 0.9504 0.1014
vn 0.4980 0.4548 -0.7383
vn 0.5216 0.4843 0.7025
vn 0.5216 0.4843 0.7024
vn 0.5215 0.4843 0.7025
vn -0.0647 0.9978 0.0115
vn -0.2447 0.4843 -0.8400
vn -0.2446 0.4843 -0.8400
vn 0.8892 0.4548 0.0493
vn -0.2814 0.8945 0.3473
vn -0.2814 0.8946 0.3473
vn -0.4467 0.8946 0.0144
vn 0.6383 0.4584 -0.6184
vn 0.3304 0.5300 0.7810
vn 0.3305 0.5300 0.7810
vn 0.3303 0.5300 0.7810
vn -0.0482 0.9978 0.0446
vn -0.0482 0.4608 -0.8862
vn 0.8607 0.4517 0.2348
vn -0.2585 0.9504 0.1730
vn -0.2584 0.9504 0.1730
vn -0.5702 0.8075 -0.1511
vn 0.7503 0.4606 -0.4742
vn 0.1195 0.6037 0.7882
vn -0.0792 0.9930 0.0880
vn 0.1484 0.4521 -0.8795
vn 0.1484 0.4521 -0.8796
vn 0.7905 0.4521 0.4132
vn -0.1914 0.9797 0.0593
vn -0.6121 0.7021 -0.3638
vn -0.6121 0.7021 -0.3637
vn -0.8203 -0.4014 0.4074
vn -0.8203 -0.4014 0.4075
vn -0.8204 -0.4014 0.4073
vn -0.8202 -0.4015 0.4075
vn -0.8202 -0.4015 0.4074
vn -0.8204 -0.4013 0.4073
vn -0.8203 -0.4013 0.4074
vn -0.8203 -0.4013 0.4075
vn -0.8202 -0.4016 0.4074
vn -0.9366 -0.1056 -0.3341
vn -0.9366 -0.1055 -0.3341
vn -0.9366 -0.1056 -0.3340
vn -0.2998 -0.1056 0.9481
vn 0.1544 0.7314 -0.6643
vn 0.1544 0.7314 -0.6642
vn -0.5748 -0.0877 -0.8136
vn -0.5748 -0.0879 -0.8135
vn -0.5748 -0.0878 -0.8136
vn -0.8931 0.3342 0.3011
vn -0.8931 0.3342 0.3010
vn 0.2405 0.8072 -0.5391
vn 0.2405 0.8072 -0.5390
vn -0.7744 0.6269 -0.0856
vn -0.7744 0.6269 -0.0857
vn 0.3184 0.8550 -0.4094
vn -0.6107 0.7775 -0.1501
vn 0.3901 0.8780 -0.2773
vn -0.4802 0.8702 -0.1105
vn -0.4801 0.8702 -0.1105
vn 0.4567 0.8780 -0.1432
vn -0.3773 0.9256 -0.0287
vn -0.3773 0.9257 -0.0287
vn 0.5186 0.8550 -0.0064
vn 0.5186 0.8550 -0.0065
vn -0.2976 0.9518 0.0749
vn -0.2976 0.9517 0.0749
vn 0.5748 0.8072 0.1341
vn -0.2395 0.9518 0.1918
vn 0.6226 0.7314 0.2783
vn -0.2052 0.9256 0.3180
vn 0.6564 0.6232 0.4251
vn -0.2020 0.8702 0.4494
vn 0.6664 0.4794 0.5711
vn -0.3422 0.0998 -0.9343
vn -0.2494 0.7775 0.5773
vn -0.2495 0.7775 0.5773
vn 0.6363 0.3010 0.7103
vn -0.1816 0.3010 -0.9362
vn -0.3996 0.6269 0.6688
vn 0.5377 0.0998 0.8372
vn -0.0525 0.4794 -0.8760
vn -0.7796 0.3341 0.5297
vn -0.7796 0.3342 0.5297
vn -0.7796 0.3342 0.5296
vn 0.3010 -0.0878 0.9496
vn 0.3009 -0.0879 0.9496
vn 0.3009 -0.0878 0.9496
vn 0.7148 -0.0000 -0.6994
vn 0.8375 -0.0000 -0.5464
vn 0.8375 -0.0000 -0.5465
vn 0.9280 -0.0000 -0.3726
vn 0.9829 -0.0000 -0.1844
vn 0.9999 -0.0000 0.0109
vn 0.9786 -0.0000 0.2058
vn 0.9197 -0.0000 0.3927
vn 0.8254 -0.0000 0.5646
vn 0.6993 -0.0000 0.7148
vn 0.5465 -0.0000 0.8375
vn 0.3726 -0.0000 0.9280
vn 0.1844 -0.0000 0.9829
vn 0.1844 -0.0000 0.9828
vn -0.0109 -0.0000 0.9999
vn -0.2058 -0.0000 0.9786
vn -0.3927 -0.0000 0.9197
vn -0.5646 -0.0000 0.8253
vn -0.5646 -0.0000 0.8254
vn -0.7148 -0.0000 0.6994
vn -0.8375 -0.0000 0.5464
vn -0.8375 -0.0000 0.5465
vn -0.9280 -0.0000 0.3726
vn -0.9829 -0.0000 0.1844
vn -0.9999 -0.0000 -0.0109
vn -0.9786 -0.0000 -0.2058
vn -0.9197 -0.0000 -0.3927
vn -0.9197 -0.0000 -0.3926
vn -0.8254 -0.0000 -0.5645
vn -0.8254 -0.0000 -0.5646
vn -0.6993 -0.0000 -0.7148
vn -0.5465 -0.0000 -0.8375
vn -0.3726 -0.0000 -0.9280
vn -0.1844 -0.0000 -0.9829
vn 0.0109 -0.0000 -0.9999
vn 0.2058 -0.0000 -0.9786
vn 0.6179 0.4606 0.6372
vn 0.3927 -0.0000 -0.9197
vn 0.5646 -0.0000 -0.8254
vn 0.7379 0.6232 -0.2591
vn -0.6804 0.7021 0.2099
vn -0.6804 0.7021 0.2100
vn -0.1721 0.9797 -0.1026
vn 0.8918 0.4517 -0.0260
vn -0.2550 0.4608 0.8501
vn -0.0563 0.9930 -0.1042
vn 0.5046 0.5300 -0.6815
vn 0.3013 0.6037 -0.7381
vn 0.4751 0.4584 0.7511
vn -0.5897 0.8075 0.0129
vn -0.2105 0.9504 -0.2289
vn -0.2106 0.9504 -0.2289
vn 0.8759 0.4548 0.1610
vn -0.4351 0.4843 0.7590
vn -0.4351 0.4843 0.7591
vn -0.0364 0.9978 -0.0547
vn 0.6720 0.4843 -0.5603
vn 0.3106 0.4548 0.8347
vn -0.4308 0.8946 -0.1189
vn -0.4308 0.8946 -0.1190
vn -0.1919 0.8946 -0.4036
vn -0.1918 0.8946 -0.4036
vn 0.8222 0.4584 0.3375
vn -0.5835 0.5300 0.6153
vn -0.5836 0.5300 0.6152
vn -0.0602 0.9978 -0.0263
vn 0.7929 0.4608 -0.3987
vn 0.1292 0.4517 0.8828
vn -0.2619 0.9504 -0.1676
vn -0.0897 0.8075 -0.5830
vn -0.0896 0.8075 -0.5830
vn -0.0898 0.8075 -0.5830
vn 0.7349 0.4606 0.4978
vn 0.7348 0.4606 0.4978
vn -0.6745 0.6037 0.4249
vn -0.6746 0.6036 0.4249
vn -0.6746 0.6037 0.4249
vn -0.1124 0.9930 -0.0374
vn 0.8654 0.4521 -0.2160
vn -0.0624 0.4521 0.8898
vn -0.1309 0.9797 -0.1517
vn 0.0885 0.7021 -0.7065
vn 0.0886 0.7021 -0.7065
vn -0.7016 -0.4014 -0.5887
vn -0.7017 -0.4013 -0.5887
vn -0.7016 -0.4014 -0.5888
vn -0.7017 -0.4013 -0.5888
vn -0.7016 -0.4015 -0.5887
vn -0.7016 -0.4016 -0.5886
vn -0.7017 -0.4015 -0.5885
vn -0.7017 -0.4015 -0.5886
vn -0.7017 -0.4014 -0.5887
vn -0.7018 -0.4013 -0.5886
vn -0.7015 -0.4014 -0.5888
vn -0.0685 -0.1056 -0.9920
vn -0.0686 -0.1056 -0.9920
vn -0.9889 -0.1056 0.1047
vn 0.6706 0.7314 -0.1242
vn 0.5157 -0.0878 -0.8523
vn 0.5156 -0.0878 -0.8523
vn -0.6333 0.3342 -0.6980
vn -0.6334 0.3342 -0.6980
vn 0.5902 0.8072 0.0047
vn 0.5902 0.8072 0.0046
vn -0.2313 0.6269 -0.7439
vn -0.2313 0.6270 -0.7439
vn -0.2312 0.6269 -0.7440
vn -0.2313 0.6269 -0.7440
vn 0.5026 0.8550 0.1280
vn -0.1067 0.7775 -0.6197
vn -0.1068 0.7775 -0.6197
vn 0.4102 0.8780 0.2465
vn 0.4102 0.8780 0.2466
vn -0.0908 0.8702 -0.4843
vn 0.3140 0.8780 0.3612
vn -0.1247 0.9256 -0.3573
vn 0.2133 0.8550 0.4727
vn -0.1877 0.9518 -0.2427
vn 0.1071 0.8072 0.5805
vn 0.1071 0.8072 0.5804
vn 0.1071 0.8073 0.5804
vn -0.2716 0.9518 -0.1427
vn -0.0059 0.7314 0.6820
vn -0.0059 0.7314 0.6819
vn -0.0059 0.7313 0.6820
vn -0.3735 0.9256 -0.0608
vn -0.1270 0.6232 0.7717
vn -0.4927 0.8702 -0.0054
vn -0.2568 0.4794 0.8392
vn 0.7193 0.0998 -0.6875
vn -0.6288 0.7776 0.0024
vn -0.6289 0.7775 0.0024
vn -0.6289 0.7775 0.0025
vn -0.3964 0.3010 0.8673
vn -0.3964 0.3011 0.8673
vn -0.3965 0.3010 0.8673
vn 0.7853 0.3010 -0.5410
vn -0.7728 0.6270 -0.0986
vn -0.7728 0.6269 -0.0987
vn -0.7728 0.6269 -0.0986
vn -0.5521 0.0998 0.8278
vn -0.5521 0.0999 0.8278
vn 0.7819 0.4794 -0.3985
vn 0.7819 0.4794 -0.3986
vn 0.7818 0.4794 -0.3987
vn -0.7974 0.3342 -0.5024
vn -0.7974 0.3343 -0.5024
vn -0.7498 -0.0879 0.6558
vn -0.7498 -0.0878 0.6558
vn -0.7499 -0.0878 0.6558
vn 0.0602 -0.0000 -0.9982
vn 0.2538 -0.0000 -0.9673
vn 0.4375 -0.0000 -0.8992
vn 0.4378 -0.0000 -0.8991
vn 0.6047 -0.0000 -0.7965
vn 0.6047 -0.0000 -0.7964
vn 0.6046 -0.0000 -0.7965
vn 0.7484 -0.0000 -0.6633
vn 0.8634 -0.0000 -0.5045
vn 0.9452 -0.0000 -0.3264
vn 0.9907 -0.0000 -0.1357
vn 0.9982 -0.0000 0.0602
vn 0.9673 -0.0000 0.2538
vn 0.8992 -0.0000 0.4376
vn 0.7967 -0.0000 0.6044
vn 0.6633 -0.0000 0.7484
vn 0.5044 -0.0000 0.8635
vn 0.5042 -0.0000 0.8636
vn 0.5043 -0.0000 0.8635
vn 0.5045 -0.0000 0.8634
vn 0.3264 -0.0000 0.9452
vn 0.1357 -0.0000 0.9908
vn -0.0602 -0.0000 0.9982
vn -0.2538 -0.0000 0.9673
vn -0.4375 -0.0000 0.8992
vn -0.6046 -0.0000 0.7965
vn -0.7484 -0.0000 0.6633
vn -0.8634 -0.0000 0.5045
vn -0.9452 -0.0000 0.3264
vn -0.9907 -0.0000 0.1357
vn -0.9982 -0.0000 -0.0602
vn -0.9673 -0.0000 -0.2538
vn -0.8992 -0.0000 -0.4376
vn -0.7965 -0.0000 -0.6046
vn -0.6633 -0.0000 -0.7484
vn -0.5044 -0.0000 -0.8634
vn -0.5045 -0.0000 -0.8634
vn 0.8857 0.4606 0.0574
vn -0.3264 -0.0000 -0.9452
vn -0.1357 -0.0000 -0.9907
vn 0.3730 0.6232 -0.6874
vn -0.3634 0.7021 0.6124
vn -0.1964 0.9797 0.0395
vn 0.6435 0.4517 -0.6180
vn 0.3818 0.4608 0.8012
vn 0.3817 0.4608 0.8012
vn -0.1117 0.9930 -0.0394
vn -0.1117 0.9930 -0.0395
vn -0.0836 0.5300 -0.8439
vn -0.0837 0.5300 -0.8438
vn -0.2723 0.6037 -0.7493
vn -0.2722 0.6037 -0.7493
vn 0.8564 0.4584 0.2376
vn -0.4284 0.8075 0.4055
vn -0.3097 0.9504 -0.0283
vn 0.7572 0.4548 -0.4688
vn 0.1872 0.4843 0.8547
vn 0.1872 0.4843 0.8546
vn -0.0637 0.9978 -0.0161
vn -0.0637 0.9978 -0.0162
vn 0.1219 0.4843 -0.8664
vn 0.7906 0.4548 0.4101
vn 0.7906 0.4548 0.4100
vn -0.3991 0.8946 0.2011
vn -0.4131 0.8946 -0.1703
vn -0.4132 0.8946 -0.1703
vn -0.4132 0.8946 -0.1702
vn 0.8359 0.4584 -0.3019
vn -0.0195 0.5300 0.8478
vn -0.0194 0.5300 0.8478
vn -0.0623 0.9978 0.0209
vn 0.3199 0.4608 -0.8279
vn 0.3198 0.4608 -0.8279
vn 0.6884 0.4517 0.5675
vn 0.6885 0.4517 0.5675
vn -0.3066 0.9504 0.0517
vn -0.4579 0.8075 -0.3719
vn 0.8788 0.4606 -0.1244
vn -0.2147 0.6037 0.7678
vn -0.2146 0.6037 0.7678
vn -0.2148 0.6037 0.7678
vn -0.1084 0.9930 0.0477
vn -0.1084 0.9930 0.0478
vn 0.4964 0.4521 -0.7411
vn 0.5512 0.4521 0.7013
vn -0.1989 0.9797 -0.0245
vn -0.4088 0.7021 -0.5830
vn -0.4088 0.7021 -0.5831
vn -0.9152 -0.4014 0.0347
vn -0.9152 -0.4015 0.0344
vn -0.9153 -0.4014 0.0345
vn -0.9153 -0.4013 0.0347
vn -0.9152 -0.4015 0.0346
vn -0.9152 -0.4015 0.0347
vn -0.9151 -0.4017 0.0348
vn -0.9153 -0.4014 0.0347
vn -0.9152 -0.4014 0.0346
vn -0.9153 -0.4013 0.0350
vn -0.9155 -0.4009 0.0348
vn -0.9152 -0.4015 0.0348
vn -0.7169 -0.1056 -0.6892
vn -0.7169 -0.1056 -0.6891
vn -0.6626 -0.1057 0.7415
vn -0.6626 -0.1056 0.7415
vn 0.4135 0.7314 -0.5423
vn 0.4135 0.7314 -0.5422
vn -0.1902 -0.0878 -0.9778
vn -0.1901 -0.0878 -0.9778
vn -0.9380 0.3342 -0.0922
vn -0.9380 0.3343 -0.0922
vn -0.9380 0.3341 -0.0923
vn 0.4406 0.8072 -0.3928
vn 0.4406 0.8072 -0.3929
vn -0.6709 0.6269 -0.3961
vn -0.6709 0.6269 -0.3960
vn 0.4584 0.8550 -0.2426
vn -0.4952 0.7775 -0.3876
vn -0.4952 0.7775 -0.3877
vn 0.4695 0.8780 -0.0927
vn 0.4695 0.8780 -0.0928
vn -0.3925 0.8702 -0.2979
vn -0.3925 0.8702 -0.2978
vn 0.4752 0.8780 0.0569
vn -0.3323 0.9256 -0.1810
vn -0.3323 0.9256 -0.1811
vn 0.4755 0.8550 0.2071
vn -0.3021 0.9518 -0.0539
vn 0.4691 0.8072 0.3582
vn 0.4691 0.8072 0.3583
vn -0.2971 0.9518 0.0766
vn -0.2971 0.9518 0.0765
vn 0.4535 0.7314 0.5093
vn 0.4535 0.7313 0.5094
vn 0.4535 0.7314 0.5094
vn -0.3176 0.9256 0.2058
vn -0.3176 0.9256 0.2057
vn 0.4240 0.6232 0.6572
vn -0.3687 0.8702 0.3268
vn -0.3687 0.8702 0.3267
vn 0.3731 0.4794 0.7943
vn 0.3731 0.4794 0.7944
vn 0.0715 0.0998 -0.9924
vn -0.4644 0.7775 0.4240
vn -0.4644 0.7775 0.4241
vn 0.2886 0.3010 0.9089
vn 0.2188 0.3010 -0.9282
vn -0.6389 0.6269 0.4459
vn -0.6389 0.6269 0.4458
vn -0.6389 0.6270 0.4458
vn 0.1465 0.0998 0.9842
vn 0.3118 0.4793 -0.8204
vn -0.9283 0.3342 0.1631
vn -0.9283 0.3341 0.1631
vn -0.9283 0.3342 0.1630
vn -0.1155 -0.0879 0.9894
vn -0.1154 -0.0878 0.9894
vt 1.000000 1.000000
vt 0.968800 1.000000
vt 0.968800 0.500000
vt 1.000000 0.500000
vt 0.937500 1.000000
vt 0.937500 0.500000
vt 0.906200 1.000000
vt 0.906200 0.500000
vt 0.875000 1.000000
vt 0.875000 0.500000
vt 0.843800 1.000000
vt 0.843800 0.500000
vt 0.812500 0.500000
vt 0.812500 1.000000
vt 0.781200 0.500000
vt 0.781200 1.000000
vt 0.750000 1.000000
vt 0.750000 0.500000
vt 0.718800 0.500000
vt 0.718800 1.000000
vt 0.687500 0.500000
vt 0.687500 1.000000
vt 0.656200 0.500000
vt 0.656200 1.000000
vt 0.625000 1.000000
vt 0.625000 0.500000
vt 0.593800 0.500000
vt 0.593800 1.000000
vt 0.562500 0.500000
vt 0.562500 1.000000
vt 0.531200 0.500000
vt 0.531200 1.000000
vt 0.500000 0.500000
vt 0.500000 1.000000
vt 0.468800 0.500000
vt 0.468800 1.000000
vt 0.437500 0.500000
vt 0.437500 1.000000
vt 0.406200 0.500000
vt 0.406200 1.000000
vt 0.375000 1.000000
vt 0.375000 0.500000
vt 0.343800 1.000000
vt 0.343800 0.500000
vt 0.312500 0.500000
vt 0.312500 1.000000
vt 0.281200 0.500000
vt 0.281200 1.000000
vt 0.250000 1.000000
vt 0.250000 0.500000
vt 0.218800 1.000000
vt 0.218800 0.500000
vt 0.187500 0.500000
vt 0.187500 1.000000
vt 0.156200 1.000000
vt 0.156200 0.500000
vt 0.125000 0.500000
vt 0.125000 1.000000
vt 0.093800 0.500000
vt 0.093800 1.000000
vt 0.062500 1.000000
vt 0.062500 0.500000
vt 0.031200 1.000000
vt 0.031200 0.500000
vt 0.000000 1.000000
vt 0.000000 0.500000
vt 0.796800 0.485400
vt 0.841800 0.471700
vt 0.883300 0.449600
vt 0.919700 0.419700
vt 0.949600 0.383300
vt 0.971700 0.341800
vt 0.985400 0.296800
vt 0.990000 0.250000
vt 0.985400 0.203200
vt 0.971700 0.158200
vt 0.949600 0.116700
vt 0.919700 0.080300
vt 0.883300 0.050400
vt 0.841800 0.028300
vt 0.796800 0.014600
vt 0.750000 0.010000
vt 0.703200 0.014600
vt 0.658200 0.028300
vt 0.616700 0.050400
vt 0.580300 0.080300
vt 0.550400 0.116700
vt 0.528300 0.158200
vt 0.514600 0.203200
vt 0.510000 0.250000
vt 0.514600 0.296800
vt 0.528300 0.341800
vt 0.550400 0.383300
vt 0.580300 0.419700
vt 0.616700 0.449600
vt 0.658200 0.471700
vt 0.750000 0.490000
vt 0.703200 0.485400
vt 0.296800 0.485400
vt 0.250000 0.490000
vt 0.203200 0.485400
vt 0.158200 0.471700
vt 0.116700 0.449600
vt 0.080300 0.419700
vt 0.050400 0.383300
vt 0.028300 0.341800
vt 0.014600 0.296800
vt 0.010000 0.250000
vt 0.014600 0.203200
vt 0.028300 0.158200
vt 0.050400 0.116700
vt 0.080300 0.080300
vt 0.116700 0.050400
vt 0.158200 0.028300
vt 0.203200 0.014600
vt 0.250000 0.010000
vt 0.296800 0.014600
vt 0.341800 0.028300
vt 0.383300 0.050400
vt 0.419700 0.080300
vt 0.449600 0.116700
vt 0.471700 0.158200
vt 0.485400 0.203200
vt 0.490000 0.250000
vt 0.485400 0.296800
vt 0.471700 0.341800
vt 0.449600 0.383300
vt 0.419700 0.419700
vt 0.383300 0.449600
vt 0.341800 0.471700
s 1
usemtl Goddard_None
f 3169/6/5421 3170/7/5421 3171/8/5422
f 3171/8/5422 3172/9/5422 3169/6/5421
f 3170/7/5423 3173/10/5423 3174/11/5423
f 3174/11/5423 3171/8/5423 3170/7/5423
f 3173/10/5424 3175/12/5424 3176/13/5424
f 3176/13/5424 3174/11/5424 3173/10/5424
f 3175/12/5425 3177/14/5425 3178/15/5425
f 3178/15/5425 3176/13/5425 3175/12/5425
f 3179/16/5426 3180/17/5426 3178/15/5426
f 3178/15/5426 3177/14/5427 3179/16/5426
f 3181/18/5428 3180/17/5428 3179/16/5428
f 3179/16/5428 3182/19/5428 3181/18/5428
f 3183/20/5429 3181/18/5429 3182/19/5429
f 3182/19/5429 3184/21/5429 3183/20/5429
f 3185/22/5430 3186/23/5430 3183/20/5430
f 3183/20/5430 3184/21/5430 3185/22/5430
f 3187/24/5431 3186/23/5432 3185/22/5431
f 3185/22/5431 3188/25/5431 3187/24/5431
f 3189/26/5433 3187/24/5434 3188/25/5435
f 3188/25/5435 3190/27/5433 3189/26/5433
f 3191/28/5436 3189/26/5436 3190/27/5436
f 3190/27/5436 3192/29/5436 3191/28/5436
f 3193/30/5437 3194/31/5437 3191/28/5437
f 3191/28/5437 3192/29/5437 3193/30/5437
f 3195/32/5438 3194/31/5439 3193/30/5440
f 3193/30/5440 3196/33/5438 3195/32/5438
f 3197/34/5441 3195/32/5441 3196/33/5441
f 3196/33/5441 3198/35/5441 3197/34/5441
f 3199/36/5442 3197/34/5442 3198/35/5442
f 3198/35/5442 3200/37/5442 3199/36/5442
f 3201/38/5443 3199/36/5443 3200/37/5443
f 3200/37/5443 3202/39/5443 3201/38/5443
f 3203/40/5444 3201/38/5444 3202/39/5444
f 3202/39/5444 3204/41/5444 3203/40/5444
f 3205/42/5445 3203/40/5445 3204/41/5445
f 3204/41/5445 3206/43/5445 3205/42/5445
f 3207/44/5446 3205/42/5446 3206/43/5446
f 3206/43/5446 3208/45/5446 3207/44/5446
f 3209/46/5447 3210/47/5447 3207/44/5447
f 3207/44/5447 3208/45/5447 3209/46/5447
f 3209/46/5448 3211/48/5448 3212/49/5448
f 3212/49/5448 3210/47/5448 3209/46/5448
f 3213/50/5449 3212/49/5449 3211/48/5449
f 3211/48/5449 3214/51/5449 3213/50/5449
f 3215/52/5450 3213/50/5450 3214/51/5450
f 3214/51/5450 3216/53/5450 3215/52/5450
f 3217/54/5451 3218/55/5451 3215/52/5451
f 3215/52/5451 3216/53/5451 3217/54/5451
f 3219/56/5452 3220/57/5452 3218/55/5452
f 3218/55/5452 3217/54/5452 3219/56/5452
f 3221/58/5453 3220/57/5453 3219/56/5453
f 3219/56/5453 3222/59/5453 3221/58/5453
f 3223/60/5454 3224/61/5454 3221/58/5454
f 3221/58/5454 3222/59/5454 3223/60/5454
f 3225/62/5455 3224/61/5455 3223/60/5455
f 3223/60/5455 3226/63/5455 3225/62/5455
f 3227/64/5456 3225/62/5456 3226/63/5457
f 3226/63/5457 3228/65/5456 3227/64/5456
f 3229/66/5458 3230/67/5458 3227/64/5458
f 3227/64/5458 3228/65/5458 3229/66/5458
f 3185/22/5459 3231/22/5459 3232/25/5459
f 3232/25/5459 3188/25/5459 3185/22/5459
f 3233/68/5460 3234/69/5460 3230/67/5460
f 3230/67/5460 3229/66/5460 3233/68/5460
f 3234/69/5461 3233/68/5461 3169/70/5461
f 3169/70/5461 3172/71/5462 3234/69/5461
f 3171/72/5463 3174/73/5464 3176/74/5463
f 3171/72/5463 3176/74/5463 3178/75/5463
f 3178/75/5463 3180/76/5464 3181/77/5463
f 3181/77/5463 3183/78/5463 3186/79/5463
f 3186/79/5463 3187/80/5463 3189/81/5463
f 3181/77/5463 3186/79/5463 3189/81/5463
f 3178/75/5463 3181/77/5463 3189/81/5463
f 3189/81/5463 3191/82/5463 3194/83/5463
f 3194/83/5463 3195/84/5463 3197/85/5463
f 3189/81/5463 3194/83/5463 3197/85/5463
f 3197/85/5463 3199/86/5465 3201/87/5463
f 3201/87/5463 3203/88/5463 3205/89/5463
f 3197/85/5463 3201/87/5463 3205/89/5463
f 3205/89/5463 3207/90/5465 3210/91/5463
f 3210/91/5463 3212/92/5465 3213/93/5463
f 3205/89/5463 3210/91/5463 3213/93/5463
f 3213/93/5463 3215/94/5464 3218/95/5463
f 3218/95/5463 3220/96/5463 3221/97/5463
f 3213/93/5463 3218/95/5463 3221/97/5463
f 3205/89/5463 3213/93/5463 3221/97/5463
f 3197/85/5463 3205/89/5463 3221/97/5463
f 3189/81/5463 3197/85/5463 3221/97/5463
f 3178/75/5463 3189/81/5463 3221/97/5463
f 3221/97/5463 3224/98/5463 3225/99/5463
f 3225/99/5463 3227/100/5463 3230/101/5463
f 3221/97/5463 3225/99/5463 3230/101/5463
f 3178/75/5463 3221/97/5463 3230/101/5463
f 3171/72/5463 3178/75/5463 3230/101/5463
f 3172/102/5466 3171/72/5463 3230/101/5463
f 3172/102/5466 3230/101/5463 3234/103/5465
f 3235/12/5467 3236/12/5467 3237/14/5467
f 3237/14/5467 3238/14/5467 3235/12/5467
f 3239/43/5468 3206/43/5469 3204/41/5468
f 3204/41/5468 3240/41/5468 3239/43/5468
f 3241/60/5470 3223/60/5470 3222/59/5470
f 3222/59/5470 3242/59/5470 3241/60/5470
f 3243/16/5471 3179/16/5471 3177/14/5471
f 3177/14/5471 3238/14/5471 3243/16/5471
f 3244/35/5472 3198/35/5472 3196/33/5472
f 3196/33/5472 3245/33/5472 3244/35/5472
f 3246/53/5473 3216/53/5473 3214/51/5473
f 3214/51/5473 3247/51/5473 3246/53/5473
f 3170/7/5474 3169/6/5474 3248/6/5475
f 3248/6/5475 3249/7/5475 3170/7/5474
f 3233/68/5476 3250/68/5477 3248/70/5477
f 3248/70/5477 3169/70/5478 3233/68/5476
f 3251/27/5479 3190/27/5479 3188/25/5479
f 3188/25/5479 3232/25/5479 3251/27/5479
f 3252/45/5480 3208/45/5481 3206/43/5480
f 3206/43/5480 3239/43/5480 3252/45/5480
f 3241/60/5482 3253/63/5482 3226/63/5482
f 3226/63/5482 3223/60/5482 3241/60/5482
f 3254/19/5483 3182/19/5483 3179/16/5483
f 3179/16/5483 3243/16/5483 3254/19/5483
f 3255/37/5484 3200/37/5485 3198/35/5485
f 3198/35/5485 3244/35/5486 3255/37/5484
f 3256/54/5487 3217/54/5487 3216/53/5487
f 3216/53/5487 3246/53/5487 3256/54/5487
f 3249/7/5488 3257/10/5489 3173/10/5489
f 3173/10/5489 3170/7/5489 3249/7/5488
f 3258/29/5490 3192/29/5490 3190/27/5490
f 3190/27/5490 3251/27/5490 3258/29/5490
f 3252/45/5491 3259/46/5491 3209/46/5491
f 3209/46/5491 3208/45/5492 3252/45/5491
f 3228/65/5493 3226/63/5493 3253/63/5493
f 3253/63/5493 3260/65/5493 3228/65/5493
f 3261/21/5494 3184/21/5494 3182/19/5494
f 3182/19/5494 3254/19/5494 3261/21/5494
f 3262/39/5495 3202/39/5496 3200/37/5495
f 3200/37/5495 3255/37/5497 3262/39/5495
f 3263/56/5498 3219/56/5498 3217/54/5498
f 3217/54/5498 3256/54/5498 3263/56/5498
f 3235/12/5499 3175/12/5499 3173/10/5499
f 3173/10/5499 3257/10/5499 3235/12/5499
f 3264/30/5500 3193/30/5500 3192/29/5500
f 3192/29/5500 3258/29/5500 3264/30/5500
f 3265/48/5501 3211/48/5502 3209/46/5502
f 3209/46/5502 3259/46/5501 3265/48/5501
f 3229/66/5503 3228/65/5503 3260/65/5503
f 3260/65/5503 3266/66/5503 3229/66/5503
f 3184/21/5504 3261/21/5504 3231/22/5504
f 3231/22/5504 3185/22/5504 3184/21/5504
f 3240/41/5505 3204/41/5505 3202/39/5505
f 3202/39/5505 3262/39/5505 3240/41/5505
f 3242/59/5506 3222/59/5506 3219/56/5506
f 3219/56/5506 3263/56/5506 3242/59/5506
f 3177/14/5507 3175/12/5507 3235/12/5507
f 3235/12/5507 3238/14/5508 3177/14/5507
f 3245/33/5509 3196/33/5509 3193/30/5509
f 3193/30/5509 3264/30/5509 3245/33/5509
f 3247/51/5510 3214/51/5510 3211/48/5510
f 3211/48/5510 3265/48/5510 3247/51/5510
f 3233/68/5511 3229/66/5511 3266/66/5512
f 3266/66/5512 3250/68/5511 3233/68/5511
f 3267/104/5513 3268/105/5514 3269/106/5513
f 3269/106/5513 3270/107/5515 3271/108/5513
f 3267/104/5513 3269/106/5513 3271/108/5513
f 3271/108/5513 3272/109/5513 3273/110/5513
f 3273/110/5513 3274/111/5516 3275/112/5513
f 3271/108/5513 3273/110/5513 3275/112/5513
f 3275/112/5513 3276/113/5513 3277/114/5513
f 3277/114/5513 3278/115/5517 3279/116/5513
f 3275/112/5513 3277/114/5513 3279/116/5513
f 3271/108/5513 3275/112/5513 3279/116/5513
f 3279/116/5513 3280/117/5518 3281/118/5513
f 3281/118/5513 3282/119/5519 3283/120/5513
f 3279/116/5513 3281/118/5513 3283/120/5513
f 3283/120/5513 3284/121/5513 3285/122/5513
f 3285/122/5513 3286/123/5520 3287/124/5521
f 3283/120/5513 3285/122/5513 3287/124/5521
f 3279/116/5513 3283/120/5513 3287/124/5521
f 3271/108/5513 3279/116/5513 3287/124/5521
f 3287/124/5521 3288/125/5513 3289/126/5513
f 3289/126/5513 3290/127/5520 3291/128/5513
f 3287/124/5521 3289/126/5513 3291/128/5513
f 3287/124/5521 3291/128/5513 3292/129/5513
f 3271/108/5513 3287/124/5521 3292/129/5513
f 3292/129/5513 3293/130/5513 3294/131/5513
f 3294/131/5513 3295/132/5520 3237/133/5513
f 3292/129/5513 3294/131/5513 3237/133/5513
f 3271/108/5513 3292/129/5513 3237/133/5513
f 3267/104/5513 3271/108/5513 3237/133/5513
f 3267/104/5513 3237/133/5513 3236/134/5513
f 3267/104/5513 3236/134/5513 3296/135/5513
f 3266/66/5522 3270/66/5523 3269/68/5524
f 3269/68/5524 3250/68/5522 3266/66/5522
f 3240/41/5525 3283/41/5525 3282/43/5525
f 3282/43/5525 3239/43/5525 3240/41/5525
f 3238/14/5526 3237/14/5527 3295/16/5526
f 3295/16/5526 3243/16/5526 3238/14/5526
f 3250/68/5528 3269/68/5529 3268/70/5530
f 3268/70/5530 3248/70/5530 3250/68/5528
f 3239/43/5531 3282/43/5531 3281/45/5531
f 3281/45/5531 3252/45/5532 3239/43/5531
f 3243/16/5533 3295/16/5534 3294/19/5534
f 3294/19/5534 3254/19/5533 3243/16/5533
f 3252/45/5535 3281/45/5536 3280/46/5536
f 3280/46/5536 3259/46/5535 3252/45/5535
f 3254/19/5537 3294/19/5537 3293/21/5537
f 3293/21/5537 3261/21/5537 3254/19/5537
f 3259/46/5538 3280/46/5538 3279/48/5538
f 3279/48/5538 3265/48/5538 3259/46/5538
f 3231/22/5539 3261/21/5539 3293/21/5539
f 3293/21/5539 3292/22/5539 3231/22/5539
f 3265/48/5540 3279/48/5540 3278/51/5540
f 3278/51/5540 3247/51/5541 3265/48/5540
f 3231/22/5542 3292/22/5542 3291/25/5542
f 3291/25/5542 3232/25/5542 3231/22/5542
f 3247/51/5543 3278/51/5543 3277/53/5543
f 3277/53/5543 3246/53/5544 3247/51/5543
f 3232/25/5545 3291/25/5545 3290/27/5546
f 3290/27/5546 3251/27/5545 3232/25/5545
f 3246/53/5547 3277/53/5548 3276/54/5548
f 3276/54/5548 3256/54/5547 3246/53/5547
f 3251/27/5549 3290/27/5549 3289/29/5549
f 3289/29/5549 3258/29/5549 3251/27/5549
f 3256/54/5550 3276/54/5550 3275/56/5550
f 3275/56/5550 3263/56/5550 3256/54/5550
f 3258/29/5551 3289/29/5551 3288/30/5551
f 3288/30/5551 3264/30/5551 3258/29/5551
f 3263/56/5552 3275/56/5552 3274/59/5552
f 3274/59/5552 3242/59/5552 3263/56/5552
f 3264/30/5553 3288/30/5553 3287/33/5553
f 3287/33/5553 3245/33/5553 3264/30/5553
f 3242/59/5554 3274/59/5554 3273/60/5554
f 3273/60/5554 3241/60/5554 3242/59/5554
f 3245/33/5555 3287/33/5555 3286/35/5555
f 3286/35/5555 3244/35/5555 3245/33/5555
f 3248/6/5556 3268/6/5556 3267/7/5556
f 3267/7/5556 3249/7/5556 3248/6/5556
f 3241/60/5557 3273/60/5557 3272/63/5557
f 3272/63/5557 3253/63/5558 3241/60/5557
f 3244/35/5559 3286/35/5559 3285/37/5559
f 3285/37/5559 3255/37/5559 3244/35/5559
f 3249/7/5560 3267/7/5560 3296/10/5560
f 3296/10/5560 3257/10/5560 3249/7/5560
f 3253/63/5561 3272/63/5561 3271/65/5561
f 3271/65/5561 3260/65/5561 3253/63/5561
f 3255/37/5562 3285/37/5562 3284/39/5562
f 3284/39/5562 3262/39/5562 3255/37/5562
f 3257/10/5563 3296/10/5563 3236/12/5563
f 3236/12/5563 3235/12/5563 3257/10/5563
f 3260/65/5564 3271/65/5564 3270/66/5565
f 3270/66/5565 3266/66/5566 3260/65/5564
f 3262/39/5567 3284/39/5568 3283/41/5569
f 3283/41/5569 3240/41/5567 3262/39/5567
f 3297/7/5570 3298/8/5570 3299/9/5570
f 3299/9/5570 3300/6/5570 3297/7/5570
f 3301/11/5571 3298/8/5572 3297/7/5571
f 3297/7/5571 3302/10/5571 3301/11/5571
f 3303/12/5573 3304/13/5573 3301/11/5573
f 3301/11/5573 3302/10/5573 3303/12/5573
f 3305/15/5574 3304/13/5574 3303/12/5574
f 3303/12/5574 3306/14/5574 3305/15/5574
f 3307/16/5575 3308/17/5575 3305/15/5575
f 3305/15/5575 3306/14/5575 3307/16/5575
f 3309/18/5576 3308/17/5576 3307/16/5576
f 3307/16/5576 3310/19/5576 3309/18/5576
f 3311/20/5577 3309/18/5577 3310/19/5577
f 3310/19/5577 3312/21/5577 3311/20/5577
f 3313/22/5578 3314/23/5578 3311/20/5578
f 3311/20/5578 3312/21/5578 3313/22/5578
f 3315/24/5579 3314/23/5579 3313/22/5579
f 3313/22/5579 3316/25/5579 3315/24/5579
f 3317/27/5580 3318/26/5580 3315/24/5580
f 3315/24/5580 3316/25/5580 3317/27/5580
f 3319/29/5581 3320/28/5581 3318/26/5581
f 3318/26/5581 3317/27/5581 3319/29/5581
f 3321/31/5582 3320/28/5582 3319/29/5583
f 3319/29/5583 3322/30/5583 3321/31/5582
f 3323/33/5584 3324/32/5584 3321/31/5584
f 3321/31/5584 3322/30/5584 3323/33/5584
f 3325/35/5585 3326/34/5585 3324/32/5585
f 3324/32/5585 3323/33/5585 3325/35/5585
f 3327/36/5586 3326/34/5586 3325/35/5586
f 3325/35/5586 3328/37/5586 3327/36/5586
f 3328/37/5587 3329/39/5587 3330/38/5588
f 3330/38/5588 3327/36/5587 3328/37/5587
f 3331/41/5589 3332/40/5589 3330/38/5589
f 3330/38/5589 3329/39/5589 3331/41/5589
f 3333/42/5590 3332/40/5591 3331/41/5591
f 3331/41/5591 3334/43/5591 3333/42/5590
f 3335/44/5592 3333/42/5592 3334/43/5592
f 3334/43/5592 3336/45/5592 3335/44/5592
f 3337/46/5593 3338/47/5593 3335/44/5593
f 3335/44/5593 3336/45/5593 3337/46/5593
f 3339/49/5594 3338/47/5594 3337/46/5594
f 3337/46/5594 3340/48/5594 3339/49/5594
f 3341/51/5595 3342/50/5595 3339/49/5595
f 3339/49/5595 3340/48/5595 3341/51/5595
f 3343/53/5596 3344/52/5597 3342/50/5596
f 3342/50/5596 3341/51/5597 3343/53/5596
f 3345/55/5598 3344/52/5599 3343/53/5599
f 3343/53/5599 3346/54/5599 3345/55/5598
f 3347/57/5600 3345/55/5600 3346/54/5600
f 3346/54/5600 3348/56/5600 3347/57/5600
f 3349/59/5601 3350/58/5601 3347/57/5601
f 3347/57/5601 3348/56/5601 3349/59/5601
f 3351/61/5602 3350/58/5602 3349/59/5602
f 3349/59/5602 3352/60/5602 3351/61/5602
f 3353/63/5603 3354/62/5603 3351/61/5603
f 3351/61/5603 3352/60/5603 3353/63/5603
f 3355/65/5604 3356/64/5604 3354/62/5604
f 3354/62/5604 3353/63/5604 3355/65/5604
f 3357/67/5605 3356/64/5605 3355/65/5605
f 3355/65/5605 3358/66/5605 3357/67/5605
f 3359/25/5606 3316/25/5606 3313/22/5606
f 3313/22/5606 3360/22/5606 3359/25/5606
f 3361/68/5607 3362/69/5607 3357/67/5607
f 3357/67/5607 3358/66/5607 3361/68/5607
f 3361/68/5608 3300/70/5608 3299/71/5608
f 3299/71/5608 3362/69/5608 3361/68/5608
f 3299/102/5463 3298/72/5463 3301/73/5463
f 3301/73/5463 3304/74/5463 3305/75/5463
f 3299/102/5463 3301/73/5463 3305/75/5463
f 3308/76/5463 3309/77/5464 3311/78/5463
f 3305/75/5463 3308/76/5463 3311/78/5463
f 3305/75/5463 3311/78/5463 3314/79/5463
f 3314/79/5463 3315/80/5465 3318/81/5463
f 3305/75/5463 3314/79/5463 3318/81/5463
f 3305/75/5463 3318/81/5463 3320/82/5463
f 3320/82/5463 3321/83/5465 3324/84/5463
f 3305/75/5463 3320/82/5463 3324/84/5463
f 3305/75/5463 3324/84/5463 3326/85/5463
f 3326/85/5463 3327/86/5465 3330/87/5463
f 3305/75/5463 3326/85/5463 3330/87/5463
f 3305/75/5463 3330/87/5463 3332/88/5463
f 3332/88/5463 3333/89/5464 3335/90/5463
f 3305/75/5463 3332/88/5463 3335/90/5463
f 3305/75/5463 3335/90/5463 3338/91/5463
f 3338/91/5463 3339/92/5463 3342/93/5463
f 3305/75/5463 3338/91/5463 3342/93/5463
f 3305/75/5463 3342/93/5463 3344/94/5463
f 3344/94/5463 3345/95/5463 3347/96/5463
f 3305/75/5463 3344/94/5463 3347/96/5463
f 3305/75/5463 3347/96/5463 3350/97/5463
f 3350/97/5463 3351/98/5464 3354/99/5463
f 3305/75/5463 3350/97/5463 3354/99/5463
f 3305/75/5463 3354/99/5463 3356/100/5463
f 3299/102/5463 3305/75/5463 3356/100/5463
f 3299/102/5463 3356/100/5463 3357/101/5465
f 3299/102/5463 3357/101/5465 3362/103/5465
f 3363/14/5609 3364/12/5609 3365/12/5609
f 3365/12/5609 3366/14/5609 3363/14/5609
f 3367/43/5610 3334/43/5610 3331/41/5611
f 3331/41/5611 3368/41/5610 3367/43/5610
f 3369/60/5612 3352/60/5612 3349/59/5612
f 3349/59/5612 3370/59/5612 3369/60/5612
f 3306/14/5613 3363/14/5613 3371/16/5613
f 3371/16/5613 3307/16/5613 3306/14/5613
f 3323/33/5614 3372/33/5614 3373/35/5614
f 3373/35/5614 3325/35/5614 3323/33/5614
f 3343/53/5615 3341/51/5615 3374/51/5615
f 3374/51/5615 3375/53/5615 3343/53/5615
f 3300/6/5616 3376/6/5616 3377/7/5616
f 3377/7/5616 3297/7/5616 3300/6/5616
f 3300/70/5617 3361/68/5617 3378/68/5617
f 3378/68/5617 3376/70/5617 3300/70/5617
f 3359/25/5618 3379/27/5618 3317/27/5618
f 3317/27/5618 3316/25/5618 3359/25/5618
f 3367/43/5619 3380/45/5619 3336/45/5619
f 3336/45/5619 3334/43/5619 3367/43/5619
f 3369/60/5620 3381/63/5621 3353/63/5620
f 3353/63/5620 3352/60/5620 3369/60/5620
f 3382/19/5622 3310/19/5622 3307/16/5622
f 3307/16/5622 3371/16/5622 3382/19/5622
f 3383/37/5623 3328/37/5624 3325/35/5624
f 3325/35/5624 3373/35/5624 3383/37/5623
f 3384/54/5625 3346/54/5625 3343/53/5625
f 3343/53/5625 3375/53/5625 3384/54/5625
f 3385/10/5626 3302/10/5626 3297/7/5626
f 3297/7/5626 3377/7/5626 3385/10/5626
f 3317/27/5627 3379/27/5627 3386/29/5627
f 3386/29/5627 3319/29/5627 3317/27/5627
f 3337/46/5628 3336/45/5628 3380/45/5629
f 3380/45/5629 3387/46/5629 3337/46/5628
f 3355/65/5630 3353/63/5631 3381/63/5630
f 3381/63/5630 3388/65/5630 3355/65/5630
f 3382/19/5632 3389/21/5632 3312/21/5632
f 3312/21/5632 3310/19/5632 3382/19/5632
f 3383/37/5633 3390/39/5634 3329/39/5633
f 3329/39/5633 3328/37/5633 3383/37/5633
f 3384/54/5635 3391/56/5635 3348/56/5635
f 3348/56/5635 3346/54/5635 3384/54/5635
f 3302/10/5636 3385/10/5636 3364/12/5636
f 3364/12/5636 3303/12/5636 3302/10/5636
f 3392/30/5637 3322/30/5637 3319/29/5637
f 3319/29/5637 3386/29/5637 3392/30/5637
f 3393/48/5638 3340/48/5638 3337/46/5638
f 3337/46/5638 3387/46/5638 3393/48/5638
f 3394/66/5639 3358/66/5640 3355/65/5639
f 3355/65/5639 3388/65/5641 3394/66/5639
f 3312/21/5642 3389/21/5643 3360/22/5642
f 3360/22/5642 3313/22/5642 3312/21/5642
f 3329/39/5644 3390/39/5645 3368/41/5646
f 3368/41/5646 3331/41/5644 3329/39/5644
f 3349/59/5647 3348/56/5647 3391/56/5647
f 3391/56/5647 3370/59/5647 3349/59/5647
f 3363/14/5648 3306/14/5648 3303/12/5648
f 3303/12/5648 3364/12/5648 3363/14/5648
f 3392/30/5649 3372/33/5649 3323/33/5649
f 3323/33/5649 3322/30/5649 3392/30/5649
f 3393/48/5650 3374/51/5650 3341/51/5650
f 3341/51/5650 3340/48/5650 3393/48/5650
f 3394/66/5651 3378/68/5651 3361/68/5651
f 3361/68/5651 3358/66/5652 3394/66/5651
f 3395/106/5653 3396/107/5654 3397/108/5653
f 3395/106/5653 3397/108/5653 3398/109/5653
f 3398/109/5653 3399/110/5655 3400/111/5653
f 3395/106/5653 3398/109/5653 3400/111/5653
f 3395/106/5653 3400/111/5653 3401/112/5653
f 3401/112/5653 3402/113/5656 3403/114/5657
f 3395/106/5653 3401/112/5653 3403/114/5657
f 3395/106/5653 3403/114/5657 3404/115/5653
f 3404/115/5653 3405/116/5658 3406/117/5653
f 3395/106/5653 3404/115/5653 3406/117/5653
f 3395/106/5653 3406/117/5653 3407/118/5653
f 3407/118/5653 3408/119/5659 3409/120/5653
f 3395/106/5653 3407/118/5653 3409/120/5653
f 3395/106/5653 3409/120/5653 3410/121/5653
f 3410/121/5653 3411/122/5660 3412/123/5653
f 3395/106/5653 3410/121/5653 3412/123/5653
f 3395/106/5653 3412/123/5653 3413/124/5661
f 3413/124/5661 3414/125/5661 3415/126/5653
f 3395/106/5653 3413/124/5661 3415/126/5653
f 3395/106/5653 3415/126/5653 3416/127/5653
f 3416/127/5653 3417/128/5661 3418/129/5653
f 3395/106/5653 3416/127/5653 3418/129/5653
f 3418/129/5653 3419/130/5662 3420/131/5653
f 3418/129/5653 3420/131/5653 3421/132/5653
f 3395/106/5653 3418/129/5653 3421/132/5653
f 3395/106/5653 3421/132/5653 3366/133/5653
f 3366/133/5653 3365/134/5655 3422/135/5653
f 3395/106/5653 3366/133/5653 3422/135/5653
f 3423/105/5653 3395/106/5653 3422/135/5653
f 3424/104/5663 3423/105/5653 3422/135/5653
f 3378/68/5664 3394/66/5665 3396/66/5665
f 3396/66/5665 3395/68/5665 3378/68/5664
f 3409/41/5666 3408/43/5666 3367/43/5666
f 3367/43/5666 3368/41/5666 3409/41/5666
f 3371/16/5667 3363/14/5667 3366/14/5667
f 3366/14/5667 3421/16/5667 3371/16/5667
f 3376/70/5668 3378/68/5668 3395/68/5669
f 3395/68/5669 3423/70/5668 3376/70/5668
f 3380/45/5670 3367/43/5670 3408/43/5670
f 3408/43/5670 3407/45/5671 3380/45/5670
f 3420/19/5672 3382/19/5673 3371/16/5673
f 3371/16/5673 3421/16/5672 3420/19/5672
f 3387/46/5674 3380/45/5675 3407/45/5676
f 3407/45/5676 3406/46/5677 3387/46/5674
f 3389/21/5678 3382/19/5678 3420/19/5678
f 3420/19/5678 3419/21/5678 3389/21/5678
f 3406/46/5679 3405/48/5680 3393/48/5680
f 3393/48/5680 3387/46/5680 3406/46/5679
f 3360/22/5681 3389/21/5681 3419/21/5682
f 3419/21/5682 3418/22/5681 3360/22/5681
f 3374/51/5683 3393/48/5683 3405/48/5683
f 3405/48/5683 3404/51/5683 3374/51/5683
f 3418/22/5684 3417/25/5684 3359/25/5684
f 3359/25/5684 3360/22/5684 3418/22/5684
f 3375/53/5685 3374/51/5685 3404/51/5685
f 3404/51/5685 3403/53/5685 3375/53/5685
f 3379/27/5686 3359/25/5686 3417/25/5686
f 3417/25/5686 3416/27/5686 3379/27/5686
f 3403/53/5687 3402/54/5687 3384/54/5687
f 3384/54/5687 3375/53/5687 3403/53/5687
f 3386/29/5688 3379/27/5688 3416/27/5689
f 3416/27/5689 3415/29/5690 3386/29/5688
f 3391/56/5691 3384/54/5691 3402/54/5691
f 3402/54/5691 3401/56/5691 3391/56/5691
f 3415/29/5692 3414/30/5693 3392/30/5694
f 3392/30/5694 3386/29/5694 3415/29/5692
f 3370/59/5695 3391/56/5695 3401/56/5695
f 3401/56/5695 3400/59/5695 3370/59/5695
f 3372/33/5696 3392/30/5696 3414/30/5696
f 3414/30/5696 3413/33/5696 3372/33/5696
f 3400/59/5697 3399/60/5697 3369/60/5697
f 3369/60/5697 3370/59/5697 3400/59/5697
f 3373/35/5698 3372/33/5698 3413/33/5698
f 3413/33/5698 3412/35/5698 3373/35/5698
f 3376/6/5699 3423/6/5699 3424/7/5699
f 3424/7/5699 3377/7/5699 3376/6/5699
f 3381/63/5700 3369/60/5700 3399/60/5701
f 3399/60/5701 3398/63/5702 3381/63/5700
f 3412/35/5703 3411/37/5704 3383/37/5703
f 3383/37/5703 3373/35/5705 3412/35/5703
f 3422/10/5706 3385/10/5706 3377/7/5706
f 3377/7/5706 3424/7/5706 3422/10/5706
f 3388/65/5707 3381/63/5708 3398/63/5709
f 3398/63/5709 3397/65/5709 3388/65/5707
f 3390/39/5710 3383/37/5710 3411/37/5710
f 3411/37/5710 3410/39/5711 3390/39/5710
f 3365/12/5712 3364/12/5713 3385/10/5714
f 3385/10/5714 3422/10/5712 3365/12/5712
f 3397/65/5715 3396/66/5715 3394/66/5716
f 3394/66/5716 3388/65/5716 3397/65/5715
f 3368/41/5717 3390/39/5718 3410/39/5718
f 3410/39/5718 3409/41/5719 3368/41/5717
f 3425/7/5720 3426/8/5720 3427/9/5720
f 3427/9/5720 3428/6/5720 3425/7/5720
f 3429/11/5721 3426/8/5721 3425/7/5721
f 3425/7/5721 3430/10/5721 3429/11/5721
f 3431/12/5722 3432/13/5723 3429/11/5722
f 3429/11/5722 3430/10/5723 3431/12/5722
f 3433/14/5724 3434/15/5725 3432/13/5724
f 3432/13/5724 3431/12/5726 3433/14/5724
f 3435/17/5727 3434/15/5727 3433/14/5727
f 3433/14/5727 3436/16/5727 3435/17/5727
f 3437/19/5728 3438/18/5728 3435/17/5728
f 3435/17/5728 3436/16/5728 3437/19/5728
f 3439/21/5729 3440/20/5729 3438/18/5729
f 3438/18/5729 3437/19/5729 3439/21/5729
f 3441/23/5730 3440/20/5730 3439/21/5730
f 3439/21/5730 3442/22/5730 3441/23/5730
f 3443/25/5731 3444/24/5731 3441/23/5731
f 3441/23/5731 3442/22/5731 3443/25/5731
f 3445/27/5732 3446/26/5732 3444/24/5732
f 3444/24/5732 3443/25/5732 3445/27/5732
f 3447/28/5733 3446/26/5733 3445/27/5733
f 3445/27/5733 3448/29/5733 3447/28/5733
f 3449/30/5734 3450/31/5734 3447/28/5734
f 3447/28/5734 3448/29/5734 3449/30/5734
f 3451/33/5735 3452/32/5735 3450/31/5735
f 3450/31/5735 3449/30/5735 3451/33/5735
f 3453/34/5736 3452/32/5737 3451/33/5738
f 3451/33/5738 3454/35/5739 3453/34/5736
f 3455/36/5740 3453/34/5740 3454/35/5740
f 3454/35/5740 3456/37/5740 3455/36/5740
f 3457/39/5741 3458/38/5741 3455/36/5741
f 3455/36/5741 3456/37/5741 3457/39/5741
f 3459/40/5742 3458/38/5742 3457/39/5742
f 3457/39/5742 3460/41/5742 3459/40/5742
f 3461/42/5743 3459/40/5743 3460/41/5743
f 3460/41/5743 3462/43/5743 3461/42/5743
f 3463/45/5744 3464/44/5744 3461/42/5744
f 3461/42/5744 3462/43/5744 3463/45/5744
f 3465/47/5745 3464/44/5745 3463/45/5745
f 3463/45/5745 3466/46/5745 3465/47/5745
f 3467/48/5746 3468/49/5746 3465/47/5746
f 3465/47/5746 3466/46/5746 3467/48/5746
f 3469/51/5747 3470/50/5747 3468/49/5747
f 3468/49/5747 3467/48/5747 3469/51/5747
f 3471/52/5748 3470/50/5748 3469/51/5748
f 3469/51/5748 3472/53/5748 3471/52/5748
f 3473/55/5749 3471/52/5749 3472/53/5749
f 3472/53/5749 3474/54/5749 3473/55/5749
f 3475/56/5750 3476/57/5750 3473/55/5750
f 3473/55/5750 3474/54/5750 3475/56/5750
f 3477/58/5751 3476/57/5751 3475/56/5751
f 3475/56/5751 3478/59/5751 3477/58/5751
f 3479/60/5752 3480/61/5752 3477/58/5752
f 3477/58/5752 3478/59/5752 3479/60/5752
f 3481/63/5753 3482/62/5753 3480/61/5753
f 3480/61/5753 3479/60/5753 3481/63/5753
f 3483/64/5754 3482/62/5754 3481/63/5754
f 3481/63/5754 3484/65/5754 3483/64/5754
f 3485/66/5755 3486/67/5756 3483/64/5755
f 3483/64/5755 3484/65/5756 3485/66/5755
f 3442/22/5757 3487/22/5757 3488/25/5757
f 3488/25/5757 3443/25/5757 3442/22/5757
f 3489/68/5758 3490/69/5758 3486/67/5758
f 3486/67/5758 3485/66/5758 3489/68/5758
f 3489/68/5759 3428/70/5759 3427/71/5759
f 3427/71/5759 3490/69/5759 3489/68/5759
f 3426/72/5463 3429/73/5463 3432/74/5463
f 3427/102/5463 3426/72/5463 3432/74/5463
f 3427/102/5463 3432/74/5463 3434/75/5463
f 3434/75/5463 3435/76/5465 3438/77/5463
f 3427/102/5463 3434/75/5463 3438/77/5463
f 3427/102/5463 3438/77/5463 3440/78/5463
f 3440/78/5463 3441/79/5463 3444/80/5463
f 3427/102/5463 3440/78/5463 3444/80/5463
f 3427/102/5463 3444/80/5463 3446/81/5463
f 3446/81/5463 3447/82/5463 3450/83/5463
f 3427/102/5463 3446/81/5463 3450/83/5463
f 3427/102/5463 3450/83/5463 3452/84/5463
f 3452/84/5463 3453/85/5464 3455/86/5463
f 3427/102/5463 3452/84/5463 3455/86/5463
f 3427/102/5463 3455/86/5463 3458/87/5463
f 3458/87/5463 3459/88/5463 3461/89/5463
f 3427/102/5463 3458/87/5463 3461/89/5463
f 3427/102/5463 3461/89/5463 3464/90/5463
f 3464/90/5463 3465/91/5463 3468/92/5463
f 3427/102/5463 3464/90/5463 3468/92/5463
f 3427/102/5463 3468/92/5463 3470/93/5463
f 3470/93/5463 3471/94/5463 3473/95/5463
f 3427/102/5463 3470/93/5463 3473/95/5463
f 3427/102/5463 3473/95/5463 3476/96/5463
f 3476/96/5463 3477/97/5465 3480/98/5463
f 3427/102/5463 3476/96/5463 3480/98/5463
f 3427/102/5463 3480/98/5463 3482/99/5463
f 3482/99/5463 3483/100/5465 3486/101/5463
f 3427/102/5463 3482/99/5463 3486/101/5463
f 3427/102/5463 3486/101/5463 3490/103/5466
f 3491/12/5760 3492/12/5760 3493/14/5760
f 3493/14/5760 3494/14/5760 3491/12/5760
f 3495/43/5761 3462/43/5761 3460/41/5761
f 3460/41/5761 3496/41/5761 3495/43/5761
f 3497/60/5762 3479/60/5762 3478/59/5762
f 3478/59/5762 3498/59/5762 3497/60/5762
f 3433/14/5763 3494/14/5763 3499/16/5763
f 3499/16/5763 3436/16/5763 3433/14/5763
f 3454/35/5764 3451/33/5764 3500/33/5764
f 3500/33/5764 3501/35/5765 3454/35/5764
f 3472/53/5766 3469/51/5766 3502/51/5766
f 3502/51/5766 3503/53/5767 3472/53/5766
f 3504/7/5768 3425/7/5768 3428/6/5768
f 3428/6/5768 3505/6/5769 3504/7/5768
f 3506/68/5770 3505/70/5770 3428/70/5771
f 3428/70/5771 3489/68/5771 3506/68/5770
f 3443/25/5772 3488/25/5772 3507/27/5772
f 3507/27/5772 3445/27/5772 3443/25/5772
f 3508/45/5773 3463/45/5773 3462/43/5773
f 3462/43/5773 3495/43/5773 3508/45/5773
f 3509/63/5774 3481/63/5774 3479/60/5774
f 3479/60/5774 3497/60/5774 3509/63/5774
f 3436/16/5775 3499/16/5775 3510/19/5775
f 3510/19/5775 3437/19/5775 3436/16/5775
f 3511/37/5776 3456/37/5777 3454/35/5777
f 3454/35/5777 3501/35/5776 3511/37/5776
f 3512/54/5778 3474/54/5778 3472/53/5778
f 3472/53/5778 3503/53/5779 3512/54/5778
f 3425/7/5780 3504/7/5780 3513/10/5780
f 3513/10/5780 3430/10/5780 3425/7/5780
f 3507/27/5781 3514/29/5782 3448/29/5782
f 3448/29/5782 3445/27/5782 3507/27/5781
f 3466/46/5783 3463/45/5783 3508/45/5783
f 3508/45/5783 3515/46/5783 3466/46/5783
f 3484/65/5784 3481/63/5785 3509/63/5785
f 3509/63/5785 3516/65/5786 3484/65/5784
f 3437/19/5787 3510/19/5787 3517/21/5787
f 3517/21/5787 3439/21/5787 3437/19/5787
f 3518/39/5788 3457/39/5789 3456/37/5789
f 3456/37/5789 3511/37/5789 3518/39/5788
f 3519/56/5790 3475/56/5790 3474/54/5790
f 3474/54/5790 3512/54/5790 3519/56/5790
f 3430/10/5791 3513/10/5792 3491/12/5792
f 3491/12/5792 3431/12/5791 3430/10/5791
f 3514/29/5793 3520/30/5793 3449/30/5794
f 3449/30/5794 3448/29/5794 3514/29/5793
f 3521/48/5795 3467/48/5795 3466/46/5795
f 3466/46/5795 3515/46/5795 3521/48/5795
f 3522/66/5796 3485/66/5796 3484/65/5796
f 3484/65/5796 3516/65/5796 3522/66/5796
f 3439/21/5797 3517/21/5797 3487/22/5797
f 3487/22/5797 3442/22/5797 3439/21/5797
f 3460/41/5798 3457/39/5799 3518/39/5800
f 3518/39/5800 3496/41/5798 3460/41/5798
f 3478/59/5801 3475/56/5801 3519/56/5801
f 3519/56/5801 3498/59/5802 3478/59/5801
f 3431/12/5803 3491/12/5803 3494/14/5803
f 3494/14/5803 3433/14/5803 3431/12/5803
f 3451/33/5804 3449/30/5804 3520/30/5804
f 3520/30/5804 3500/33/5804 3451/33/5804
f 3502/51/5805 3469/51/5805 3467/48/5805
f 3467/48/5805 3521/48/5805 3502/51/5805
f 3506/68/5806 3489/68/5807 3485/66/5807
f 3485/66/5807 3522/66/5807 3506/68/5806
f 3523/104/5808 3524/105/5809 3525/106/5808
f 3525/106/5808 3526/107/5810 3527/108/5808
f 3523/104/5808 3525/106/5808 3527/108/5808
f 3528/109/5811 3529/110/5812 3530/111/5808
f 3527/108/5808 3528/109/5811 3530/111/5808
f 3523/104/5808 3527/108/5808 3530/111/5808
f 3531/112/5811 3532/113/5813 3533/114/5808
f 3530/111/5808 3531/112/5811 3533/114/5808
f 3534/115/5808 3535/116/5814 3536/117/5808
f 3533/114/5808 3534/115/5808 3536/117/5808
f 3530/111/5808 3533/114/5808 3536/117/5808
f 3523/104/5808 3530/111/5808 3536/117/5808
f 3537/118/5812 3538/119/5815 3539/120/5808
f 3536/117/5808 3537/118/5812 3539/120/5808
f 3540/121/5816 3541/122/5817 3542/123/5808
f 3539/120/5808 3540/121/5816 3542/123/5808
f 3536/117/5808 3539/120/5808 3542/123/5808
f 3543/124/5811 3544/125/5813 3545/126/5808
f 3542/123/5808 3543/124/5811 3545/126/5808
f 3546/127/5808 3547/128/5818 3548/129/5808
f 3545/126/5808 3546/127/5808 3548/129/5808
f 3542/123/5808 3545/126/5808 3548/129/5808
f 3536/117/5808 3542/123/5808 3548/129/5808
f 3523/104/5808 3536/117/5808 3548/129/5808
f 3549/130/5811 3550/131/5815 3551/132/5808
f 3548/129/5808 3549/130/5811 3551/132/5808
f 3493/133/5815 3492/134/5819 3552/135/5808
f 3551/132/5808 3493/133/5815 3552/135/5808
f 3548/129/5808 3551/132/5808 3552/135/5808
f 3523/104/5808 3548/129/5808 3552/135/5808
f 3522/66/5820 3526/66/5821 3525/68/5821
f 3525/68/5821 3506/68/5821 3522/66/5820
f 3495/43/5822 3496/41/5823 3539/41/5823
f 3539/41/5823 3538/43/5823 3495/43/5822
f 3551/16/5824 3499/16/5824 3494/14/5824
f 3494/14/5824 3493/14/5825 3551/16/5824
f 3525/68/5826 3524/70/5826 3505/70/5827
f 3505/70/5827 3506/68/5827 3525/68/5826
f 3495/43/5828 3538/43/5829 3537/45/5828
f 3537/45/5828 3508/45/5830 3495/43/5828
f 3510/19/5831 3499/16/5832 3551/16/5831
f 3551/16/5831 3550/19/5831 3510/19/5831
f 3536/46/5833 3515/46/5833 3508/45/5834
f 3508/45/5834 3537/45/5833 3536/46/5833
f 3510/19/5835 3550/19/5835 3549/21/5835
f 3549/21/5835 3517/21/5835 3510/19/5835
f 3521/48/5836 3515/46/5836 3536/46/5837
f 3536/46/5837 3535/48/5836 3521/48/5836
f 3548/22/5838 3487/22/5839 3517/21/5839
f 3517/21/5839 3549/21/5839 3548/22/5838
f 3521/48/5840 3535/48/5840 3534/51/5840
f 3534/51/5840 3502/51/5841 3521/48/5840
f 3488/25/5842 3487/22/5842 3548/22/5842
f 3548/22/5842 3547/25/5842 3488/25/5842
f 3533/53/5843 3503/53/5844 3502/51/5844
f 3502/51/5844 3534/51/5843 3533/53/5843
f 3488/25/5845 3547/25/5845 3546/27/5845
f 3546/27/5845 3507/27/5845 3488/25/5845
f 3512/54/5846 3503/53/5846 3533/53/5846
f 3533/53/5846 3532/54/5846 3512/54/5846
f 3507/27/5847 3546/27/5848 3545/29/5847
f 3545/29/5847 3514/29/5847 3507/27/5847
f 3512/54/5849 3532/54/5849 3531/56/5850
f 3531/56/5850 3519/56/5849 3512/54/5849
f 3545/29/5851 3544/30/5851 3520/30/5852
f 3520/30/5852 3514/29/5853 3545/29/5851
f 3530/59/5854 3498/59/5855 3519/56/5855
f 3519/56/5855 3531/56/5854 3530/59/5854
f 3543/33/5856 3500/33/5856 3520/30/5856
f 3520/30/5856 3544/30/5856 3543/33/5856
f 3497/60/5857 3498/59/5858 3530/59/5857
f 3530/59/5857 3529/60/5857 3497/60/5857
f 3542/35/5859 3501/35/5860 3500/33/5860
f 3500/33/5860 3543/33/5859 3542/35/5859
f 3504/7/5861 3505/6/5861 3524/6/5861
f 3524/6/5861 3523/7/5861 3504/7/5861
f 3497/60/5862 3529/60/5862 3528/63/5863
f 3528/63/5863 3509/63/5862 3497/60/5862
f 3511/37/5864 3501/35/5864 3542/35/5864
f 3542/35/5864 3541/37/5864 3511/37/5864
f 3552/10/5865 3513/10/5865 3504/7/5865
f 3504/7/5865 3523/7/5865 3552/10/5865
f 3527/65/5866 3516/65/5867 3509/63/5868
f 3509/63/5868 3528/63/5866 3527/65/5866
f 3511/37/5869 3541/37/5869 3540/39/5869
f 3540/39/5869 3518/39/5869 3511/37/5869
f 3491/12/5870 3513/10/5870 3552/10/5870
f 3552/10/5870 3492/12/5870 3491/12/5870
f 3522/66/5871 3516/65/5872 3527/65/5873
f 3527/65/5873 3526/66/5873 3522/66/5871
f 3539/41/5874 3496/41/5875 3518/39/5875
f 3518/39/5875 3540/39/5874 3539/41/5874
