# Blender 4.3.2
# www.blender.org
mtllib patadertras.mtl
o C_rculo_004
v -0.251536 0.529404 -0.451819
v -0.248936 0.527904 -0.439519
v -0.230236 0.535904 -0.442019
v -0.232236 0.537604 -0.454319
v -0.211336 0.543904 -0.443519
v -0.212836 0.545904 -0.455919
v -0.232436 0.535004 -0.466719
v -0.252336 0.526504 -0.464119
v -0.212536 0.543504 -0.468319
v -0.267536 0.520004 -0.435919
v -0.262936 0.514304 -0.425819
v -0.244736 0.522004 -0.429319
v -0.226536 0.529804 -0.431719
v -0.208136 0.537604 -0.433219
v -0.189736 0.545504 -0.433719
v -0.192536 0.552004 -0.444019
v -0.193436 0.554204 -0.456419
v -0.192536 0.552004 -0.468819
v -0.210136 0.536804 -0.478619
v -0.189736 0.545504 -0.479219
v -0.230636 0.528104 -0.477019
v -0.250936 0.519404 -0.474219
v -0.271136 0.510804 -0.470419
v -0.272036 0.518104 -0.460319
v -0.270736 0.521204 -0.448119
v -0.224436 0.465804 -0.451819
v -0.205136 0.474004 -0.454319
v -0.204936 0.476704 -0.442019
v -0.223736 0.468704 -0.439519
v -0.227036 0.467304 -0.464119
v -0.207236 0.475704 -0.466719
v -0.185736 0.482304 -0.455919
v -0.186136 0.484704 -0.443519
v -0.187236 0.484204 -0.468319
v -0.242336 0.460804 -0.435919
v -0.225036 0.475804 -0.429319
v -0.243236 0.468004 -0.425819
v -0.243636 0.457604 -0.448119
v -0.246736 0.458904 -0.460319
v -0.251336 0.464604 -0.470419
v -0.231236 0.473204 -0.474219
v -0.210936 0.481804 -0.477019
v -0.190436 0.490504 -0.478619
v -0.167236 0.492804 -0.468819
v -0.170036 0.499304 -0.479219
v -0.166336 0.490604 -0.456419
v -0.167236 0.492804 -0.444019
v -0.188436 0.491404 -0.433219
v -0.170036 0.499304 -0.433719
v -0.206836 0.483604 -0.431719
v -0.299736 0.433704 -0.431219
v -0.281336 0.441604 -0.437919
v -0.278936 0.445104 -0.426019
v -0.296836 0.437504 -0.419519
v -0.304536 0.434204 -0.442919
v -0.285536 0.442304 -0.449819
v -0.262536 0.449504 -0.443519
v -0.260736 0.452904 -0.431419
v -0.266236 0.450504 -0.455619
v -0.296436 0.445404 -0.409819
v -0.313636 0.438004 -0.402619
v -0.314436 0.430004 -0.412119
v -0.317936 0.425904 -0.423619
v -0.323236 0.426204 -0.435119
v -0.329636 0.431204 -0.444619
v -0.310536 0.439304 -0.452619
v -0.291036 0.447604 -0.459619
v -0.271336 0.456004 -0.465619
v -0.261236 0.460404 -0.421519
v -0.278936 0.452804 -0.416119
v -0.370036 0.403704 -0.395119
v -0.353036 0.411004 -0.405619
v -0.348636 0.415404 -0.394619
v -0.365036 0.408404 -0.384519
v -0.376836 0.403404 -0.405819
v -0.359436 0.410804 -0.416519
v -0.335736 0.418404 -0.415119
v -0.331736 0.422604 -0.403819
v -0.341536 0.418404 -0.426319
v -0.362936 0.417004 -0.375619
v -0.378536 0.410404 -0.364919
v -0.381036 0.401604 -0.373519
v -0.386436 0.396704 -0.383819
v -0.393736 0.396204 -0.394219
v -0.401736 0.400504 -0.402719
v -0.384436 0.407804 -0.414619
v -0.366636 0.415404 -0.425619
v -0.348336 0.423204 -0.435619
v -0.330436 0.430804 -0.394519
v -0.346936 0.423804 -0.385519
v -0.432336 0.377104 -0.344819
v -0.417636 0.383404 -0.358619
v -0.411336 0.388704 -0.349019
v -0.425636 0.382604 -0.335619
v -0.440936 0.376004 -0.354119
v -0.425836 0.382504 -0.368319
v -0.402336 0.390004 -0.371719
v -0.396436 0.395004 -0.361719
v -0.410036 0.389204 -0.381619
v -0.422036 0.391804 -0.328019
v -0.435336 0.386104 -0.314219
v -0.439336 0.376804 -0.321519
v -0.446436 0.371104 -0.330319
v -0.455436 0.369904 -0.339119
v -0.450136 0.379804 -0.361719
v -0.464936 0.373504 -0.346319
v -0.434636 0.386404 -0.376219
v -0.418436 0.393304 -0.389919
v -0.393536 0.403904 -0.353419
v -0.408036 0.397804 -0.341119
v -0.484536 0.354904 -0.282319
v -0.472536 0.360004 -0.298919
v -0.464636 0.365904 -0.291119
v -0.476236 0.361004 -0.274919
v -0.494636 0.353204 -0.289719
v -0.482336 0.358404 -0.306819
v -0.459836 0.365404 -0.315019
v -0.452336 0.371204 -0.306619
v -0.469236 0.364004 -0.323319
v -0.471436 0.370704 -0.268719
v -0.482036 0.366204 -0.252419
v -0.487136 0.356404 -0.258119
v -0.495736 0.350104 -0.265019
v -0.506136 0.348204 -0.271919
v -0.516836 0.351404 -0.277619
v -0.505036 0.356404 -0.295819
v -0.492436 0.361804 -0.313419
v -0.479036 0.367504 -0.330219
v -0.448036 0.380704 -0.299719
v -0.460136 0.375604 -0.284519
v -0.524436 0.337904 -0.209919
v -0.515736 0.341604 -0.228719
v -0.506536 0.348104 -0.222919
v -0.515036 0.344504 -0.204519
v -0.535736 0.335604 -0.215219
v -0.526736 0.339504 -0.234619
v -0.506136 0.345704 -0.247119
v -0.497236 0.352004 -0.240719
v -0.516836 0.343704 -0.253519
v -0.509236 0.354604 -0.200119
v -0.516736 0.351404 -0.181819
v -0.522736 0.341204 -0.185819
v -0.532336 0.334504 -0.190519
v -0.543836 0.332204 -0.195319
v -0.555336 0.335004 -0.199219
v -0.547036 0.338504 -0.219619
v -0.537836 0.342404 -0.239519
v -0.527736 0.346704 -0.258819
v -0.491936 0.362004 -0.235419
v -0.500936 0.358104 -0.218019
v -0.550636 0.326704 -0.130419
v -0.545436 0.328904 -0.150719
v -0.535436 0.335804 -0.147119
v -0.540436 0.333604 -0.127319
v -0.562636 0.324204 -0.133419
v -0.557336 0.326404 -0.154319
v -0.539336 0.331504 -0.170819
v -0.529536 0.338304 -0.166619
v -0.551036 0.329104 -0.175019
v -0.534036 0.344004 -0.124819
v -0.538036 0.342304 -0.105319
v -0.544636 0.331904 -0.107319
v -0.554936 0.324904 -0.109719
v -0.567036 0.322304 -0.112219
v -0.579136 0.324804 -0.114219
v -0.574636 0.326704 -0.135919
v -0.569136 0.329104 -0.157319
v -0.562736 0.331804 -0.178519
v -0.523336 0.348604 -0.163119
v -0.529136 0.346104 -0.144119
v -0.562036 0.321904 -0.046819
v -0.560636 0.322504 -0.067919
v -0.550136 0.329504 -0.066719
v -0.551536 0.328904 -0.046219
v -0.574336 0.319204 -0.047519
v -0.572936 0.319804 -0.069119
v -0.558236 0.323504 -0.088919
v -0.547836 0.330504 -0.087119
v -0.570436 0.320804 -0.090719
v -0.544836 0.339404 -0.045719
v -0.545336 0.339204 -0.025719
v -0.552036 0.328704 -0.025719
v -0.562536 0.321704 -0.025719
v -0.574836 0.319004 -0.025719
v -0.586636 0.321604 -0.048019
v -0.587136 0.321404 -0.025719
v -0.585136 0.322304 -0.070219
v -0.582636 0.323304 -0.092219
v -0.541236 0.341004 -0.085619
v -0.543436 0.340004 -0.065719
v -0.558236 0.323504 0.037481
v -0.560636 0.322504 0.016481
v -0.550136 0.329504 0.015281
v -0.547836 0.330504 0.035681
v -0.570436 0.320804 0.039281
v -0.572936 0.319804 0.017681
v -0.562036 0.321904 -0.004619
v -0.551536 0.328904 -0.005219
v -0.574336 0.319204 -0.004019
v -0.541236 0.341004 0.034181
v -0.538036 0.342304 0.053881
v -0.544636 0.331904 0.055881
v -0.554936 0.324904 0.058281
v -0.567036 0.322304 0.060681
v -0.582636 0.323304 0.040781
v -0.579136 0.324804 0.062781
v -0.585136 0.322304 0.018681
v -0.586636 0.321604 -0.003519
v -0.544836 0.339404 -0.005719
v -0.543436 0.340004 0.014281
v -0.539336 0.331504 0.119381
v -0.545436 0.328904 0.099281
v -0.535436 0.335804 0.095681
v -0.529536 0.338304 0.115181
v -0.551036 0.329104 0.123581
v -0.557336 0.326404 0.102881
v -0.550636 0.326704 0.078881
v -0.540436 0.333604 0.075881
v -0.562636 0.324204 0.081981
v -0.523336 0.348604 0.111681
v -0.516736 0.351404 0.130381
v -0.522736 0.341204 0.134381
v -0.532336 0.334504 0.139081
v -0.543836 0.332204 0.143881
v -0.562736 0.331804 0.127081
v -0.555336 0.335004 0.147781
v -0.569136 0.329104 0.105881
v -0.574636 0.326704 0.084481
v -0.534036 0.344004 0.073381
v -0.529136 0.346104 0.092681
v -0.506136 0.345704 0.195681
v -0.515736 0.341604 0.177281
v -0.506536 0.348104 0.171481
v -0.497236 0.352004 0.189281
v -0.516836 0.343704 0.202081
v -0.526736 0.339504 0.183181
v -0.524436 0.337904 0.158381
v -0.515036 0.344504 0.153081
v -0.535736 0.335604 0.163781
v -0.491936 0.362004 0.183981
v -0.482036 0.366204 0.200881
v -0.487136 0.356404 0.206681
v -0.495736 0.350104 0.213581
v -0.506136 0.348204 0.220481
v -0.527736 0.346704 0.207381
v -0.516836 0.351404 0.226181
v -0.537836 0.342404 0.187981
v -0.547036 0.338504 0.168181
v -0.509236 0.354604 0.148681
v -0.500936 0.358104 0.166581
v -0.459836 0.365404 0.263481
v -0.472536 0.360004 0.247481
v -0.464636 0.365904 0.239581
v -0.452336 0.371204 0.255181
v -0.469236 0.364004 0.271881
v -0.482336 0.358404 0.255381
v -0.484536 0.354904 0.230881
v -0.476236 0.361004 0.223481
v -0.494636 0.353204 0.238281
v -0.448036 0.380704 0.248281
v -0.435336 0.386104 0.262781
v -0.439336 0.376804 0.270081
v -0.446436 0.371104 0.278781
v -0.455436 0.369904 0.287581
v -0.479036 0.367504 0.278781
v -0.464936 0.373504 0.294881
v -0.492436 0.361804 0.261981
v -0.505036 0.356404 0.244381
v -0.471436 0.370704 0.217281
v -0.460136 0.375604 0.233081
v -0.402336 0.390004 0.320181
v -0.417636 0.383404 0.307181
v -0.411336 0.388704 0.297581
v -0.396436 0.395004 0.310281
v -0.410036 0.389204 0.330181
v -0.425836 0.382504 0.316781
v -0.432336 0.377104 0.293381
v -0.425636 0.382604 0.284181
v -0.440936 0.376004 0.302581
v -0.393536 0.403904 0.301981
v -0.378536 0.410404 0.313481
v -0.381036 0.401604 0.322081
v -0.386436 0.396704 0.332381
v -0.393736 0.396204 0.342781
v -0.418436 0.393304 0.338481
v -0.401736 0.400504 0.351281
v -0.434636 0.386404 0.324781
v -0.450136 0.379804 0.310281
v -0.422036 0.391804 0.276581
v -0.408036 0.397804 0.289681
v -0.335736 0.418404 0.363581
v -0.353036 0.411004 0.354081
v -0.348636 0.415404 0.343181
v -0.331736 0.422604 0.352381
v -0.341536 0.418404 0.374881
v -0.359436 0.410804 0.365081
v -0.370036 0.403704 0.343681
v -0.365036 0.408404 0.333081
v -0.376836 0.403404 0.354381
v -0.330436 0.430804 0.343081
v -0.313636 0.438004 0.351181
v -0.314436 0.430004 0.360681
v -0.317936 0.425904 0.372181
v -0.323236 0.426204 0.383681
v -0.348336 0.423204 0.384181
v -0.329636 0.431204 0.393181
v -0.366636 0.415404 0.374181
v -0.384436 0.407804 0.363181
v -0.362936 0.417004 0.324181
v -0.346936 0.423804 0.334081
v -0.262536 0.449504 0.392081
v -0.281336 0.441604 0.386481
v -0.278936 0.445104 0.374581
v -0.260736 0.452904 0.379981
v -0.266236 0.450504 0.404181
v -0.285536 0.442304 0.398381
v -0.299736 0.433704 0.379781
v -0.296836 0.437504 0.368081
v -0.304536 0.434204 0.391481
v -0.261236 0.460404 0.369981
v -0.243236 0.468004 0.374381
v -0.242336 0.460804 0.384481
v -0.243636 0.457604 0.396681
v -0.246736 0.458904 0.408881
v -0.271336 0.456004 0.414081
v -0.251336 0.464604 0.418981
v -0.291036 0.447604 0.408181
v -0.310536 0.439304 0.401181
v -0.296436 0.445404 0.358381
v -0.278936 0.452804 0.364681
v -0.185736 0.482304 0.404481
v -0.205136 0.474004 0.402881
v -0.204936 0.476704 0.390581
v -0.186136 0.484704 0.392081
v -0.187236 0.484204 0.416881
v -0.207236 0.475704 0.415281
v -0.224436 0.465804 0.400281
v -0.223736 0.468704 0.387981
v -0.227036 0.467304 0.412581
v -0.188436 0.491404 0.381781
v -0.170036 0.499304 0.382281
v -0.167236 0.492804 0.392581
v -0.166336 0.490604 0.404981
v -0.167236 0.492804 0.417381
v -0.190436 0.490504 0.427181
v -0.170036 0.499304 0.427681
v -0.210936 0.481804 0.425581
v -0.231236 0.473204 0.422781
v -0.225036 0.475804 0.377781
v -0.206836 0.483604 0.380281
v -0.108136 0.515404 0.400281
v -0.127436 0.507204 0.402881
v -0.129536 0.508804 0.390581
v -0.110736 0.516804 0.387981
v -0.107436 0.518304 0.412581
v -0.127236 0.509804 0.415281
v -0.146836 0.498904 0.404481
v -0.148336 0.500804 0.392081
v -0.147236 0.501304 0.416881
v -0.114936 0.522704 0.377781
v -0.096836 0.530504 0.374381
v -0.092136 0.524804 0.384481
v -0.089036 0.523504 0.396681
v -0.087736 0.526704 0.408881
v -0.108836 0.525404 0.422781
v -0.088636 0.534004 0.418981
v -0.129136 0.516704 0.425581
v -0.149536 0.508004 0.427181
v -0.151636 0.507104 0.381781
v -0.133236 0.514904 0.380281
v -0.032836 0.547504 0.379781
v -0.051336 0.539604 0.386481
v -0.055536 0.540404 0.374581
v -0.037636 0.548004 0.368081
v -0.029936 0.551304 0.391481
v -0.048936 0.543204 0.398381
v -0.070036 0.531604 0.392081
v -0.073736 0.532604 0.379981
v -0.068136 0.535004 0.404181
v -0.043536 0.553204 0.358381
v -0.026436 0.560504 0.351181
v -0.020036 0.555504 0.360681
v -0.014736 0.555204 0.372181
v -0.011236 0.559304 0.383681
v -0.029436 0.559204 0.401181
v -0.010336 0.567304 0.393181
v -0.048936 0.550904 0.408181
v -0.068636 0.542504 0.414081
v -0.078836 0.538104 0.369981
v -0.061036 0.545704 0.364681
v 0.037364 0.577404 0.343681
v 0.020464 0.570204 0.354081
v 0.014164 0.570104 0.343181
v 0.030564 0.577104 0.333081
v 0.042364 0.582104 0.354381
v 0.024964 0.574704 0.365081
v 0.003064 0.562804 0.363581
v -0.002736 0.562904 0.352381
v 0.007064 0.567104 0.374881
v 0.022964 0.581504 0.324181
v 0.038464 0.588204 0.313481
v 0.046564 0.583904 0.322081
v 0.053764 0.584404 0.332381
v 0.059264 0.589304 0.342781
v 0.044464 0.590704 0.363181
v 0.061764 0.598104 0.351281
v 0.026664 0.583104 0.374181
v 0.008364 0.575304 0.384181
v -0.009536 0.567704 0.343081
v 0.006864 0.574704 0.334081
v 0.099764 0.604004 0.293381
v 0.085064 0.597804 0.307181
v 0.076864 0.596804 0.297581
v 0.091164 0.602904 0.284181
v 0.106564 0.609504 0.302581
v 0.091364 0.603004 0.316781
v 0.069664 0.591204 0.320181
v 0.061964 0.590504 0.310281
v 0.075564 0.596304 0.330181
v 0.082064 0.606704 0.276581
v 0.095364 0.612404 0.262781
v 0.104864 0.608804 0.270081
v 0.113864 0.610004 0.278781
v 0.120964 0.615704 0.287581
v 0.110064 0.618704 0.310281
v 0.124964 0.625004 0.294881
v 0.094564 0.612104 0.324781
v 0.078464 0.605204 0.338481
v 0.053564 0.594604 0.301981
v 0.068064 0.600804 0.289681
v 0.151964 0.626304 0.230881
v 0.139964 0.621204 0.247481
v 0.130164 0.619604 0.239581
v 0.141764 0.624504 0.223481
v 0.160164 0.632404 0.238281
v 0.147864 0.627104 0.255381
v 0.127264 0.615804 0.263481
v 0.117864 0.614304 0.255181
v 0.134764 0.621504 0.271881
v 0.131464 0.627804 0.217281
v 0.142064 0.632304 0.200881
v 0.152664 0.629204 0.206681
v 0.163164 0.631104 0.213581
v 0.171664 0.637304 0.220481
v 0.165064 0.642104 0.244381
v 0.176764 0.647104 0.226181
v 0.152464 0.636704 0.261981
v 0.139064 0.631004 0.278781
v 0.108064 0.617804 0.248281
v 0.120064 0.623004 0.233081
v 0.191864 0.643304 0.158381
v 0.183064 0.639604 0.177281
v 0.172064 0.637404 0.171481
v 0.180564 0.641104 0.153081
v 0.201264 0.649904 0.163781
v 0.192264 0.646004 0.183181
v 0.173564 0.635504 0.195681
v 0.162764 0.633504 0.189281
v 0.182364 0.641804 0.202081
v 0.169264 0.643904 0.148681
v 0.176764 0.647104 0.130381
v 0.188264 0.644304 0.134381
v 0.199764 0.646704 0.139081
v 0.209364 0.653304 0.143881
v 0.207064 0.660004 0.168181
v 0.215364 0.663604 0.147781
v 0.197864 0.656104 0.187981
v 0.187764 0.651804 0.207381
v 0.151864 0.636504 0.183981
v 0.160964 0.640404 0.166581
v 0.218064 0.654504 0.078881
v 0.212864 0.652204 0.099281
v 0.200964 0.649704 0.095681
v 0.205964 0.651904 0.075881
v 0.228164 0.661404 0.081981
v 0.222864 0.659104 0.102881
v 0.206764 0.649604 0.119381
v 0.195064 0.647204 0.115181
v 0.216564 0.656404 0.123581
v 0.194064 0.654504 0.073381
v 0.198064 0.656204 0.053881
v 0.210164 0.653704 0.055881
v 0.222264 0.656304 0.058281
v 0.232564 0.663204 0.060681
v 0.234564 0.671804 0.084481
v 0.239064 0.673704 0.062781
v 0.229164 0.669404 0.105881
v 0.222764 0.666704 0.127081
v 0.183364 0.649904 0.111681
v 0.189164 0.652404 0.092681
v 0.229364 0.659304 -0.004619
v 0.227964 0.658704 0.016481
v 0.215664 0.656004 0.015281
v 0.217064 0.656604 -0.005219
v 0.239864 0.666404 -0.004019
v 0.238464 0.665704 0.017681
v 0.225564 0.657704 0.037481
v 0.213364 0.655004 0.035681
v 0.235964 0.664704 0.039281
v 0.204864 0.659104 -0.005719
v 0.205264 0.659304 -0.025719
v 0.217564 0.656804 -0.025719
v 0.229864 0.659504 -0.025719
v 0.240364 0.666604 -0.025719
v 0.246564 0.676904 -0.003519
v 0.247064 0.677104 -0.025719
v 0.245064 0.676204 0.018681
v 0.242564 0.675204 0.040781
v 0.201264 0.657504 0.034181
v 0.203464 0.658504 0.014281
v 0.225564 0.657704 -0.088919
v 0.227964 0.658704 -0.067919
v 0.215664 0.656004 -0.066719
v 0.213364 0.655004 -0.087119
v 0.235964 0.664704 -0.090719
v 0.238464 0.665704 -0.069119
v 0.229364 0.659304 -0.046819
v 0.217064 0.656604 -0.046219
v 0.239864 0.666404 -0.047519
v 0.201264 0.657504 -0.085619
v 0.198064 0.656204 -0.105319
v 0.210164 0.653704 -0.107319
v 0.222264 0.656304 -0.109719
v 0.232564 0.663204 -0.112219
v 0.242564 0.675204 -0.092219
v 0.239064 0.673704 -0.114219
v 0.245064 0.676204 -0.070219
v 0.246564 0.676904 -0.048019
v 0.204864 0.659104 -0.045719
v 0.203464 0.658504 -0.065719
v 0.206764 0.649604 -0.170819
v 0.212864 0.652204 -0.150719
v 0.200964 0.649704 -0.147119
v 0.195064 0.647204 -0.166619
v 0.216564 0.656404 -0.175019
v 0.222864 0.659104 -0.154319
v 0.218064 0.654504 -0.130419
v 0.205964 0.651904 -0.127319
v 0.228164 0.661404 -0.133419
v 0.183364 0.649904 -0.163119
v 0.176764 0.647104 -0.181819
v 0.188264 0.644304 -0.185819
v 0.199764 0.646704 -0.190519
v 0.209364 0.653304 -0.195319
v 0.222764 0.666704 -0.178519
v 0.215364 0.663604 -0.199219
v 0.229164 0.669404 -0.157319
v 0.234564 0.671804 -0.135919
v 0.194064 0.654504 -0.124819
v 0.189164 0.652404 -0.144119
v 0.173564 0.635504 -0.247119
v 0.183064 0.639604 -0.228719
v 0.172064 0.637404 -0.222919
v 0.162764 0.633504 -0.240719
v 0.182364 0.641804 -0.253519
v 0.192264 0.646004 -0.234619
v 0.191864 0.643304 -0.209919
v 0.180564 0.641104 -0.204519
v 0.201264 0.649904 -0.215219
v 0.151864 0.636504 -0.235419
v 0.142064 0.632304 -0.252419
v 0.152664 0.629204 -0.258119
v 0.163164 0.631104 -0.265019
v 0.171664 0.637304 -0.271919
v 0.187764 0.651804 -0.258819
v 0.176764 0.647104 -0.277619
v 0.197864 0.656104 -0.239519
v 0.207064 0.660004 -0.219619
v 0.169264 0.643904 -0.200119
v 0.160964 0.640404 -0.218019
v 0.127264 0.615804 -0.315019
v 0.139964 0.621204 -0.298919
v 0.130164 0.619604 -0.291119
v 0.117864 0.614304 -0.306619
v 0.134764 0.621504 -0.323319
v 0.147864 0.627104 -0.306819
v 0.151964 0.626304 -0.282319
v 0.141764 0.624504 -0.274919
v 0.160164 0.632404 -0.289719
v 0.108064 0.617804 -0.299719
v 0.095364 0.612404 -0.314219
v 0.104864 0.608804 -0.321519
v 0.113864 0.610004 -0.330319
v 0.120964 0.615704 -0.339119
v 0.139064 0.631004 -0.330219
v 0.124964 0.625004 -0.346319
v 0.152464 0.636704 -0.313419
v 0.165064 0.642104 -0.295819
v 0.131464 0.627804 -0.268719
v 0.120064 0.623004 -0.284519
v 0.069664 0.591204 -0.371719
v 0.085064 0.597804 -0.358619
v 0.076864 0.596804 -0.349019
v 0.061964 0.590504 -0.361719
v 0.075564 0.596304 -0.381619
v 0.091364 0.603004 -0.368319
v 0.099764 0.604004 -0.344819
v 0.091164 0.602904 -0.335619
v 0.106564 0.609504 -0.354119
v 0.053564 0.594604 -0.353419
v 0.038464 0.588204 -0.364919
v 0.046564 0.583904 -0.373519
v 0.053764 0.584404 -0.383819
v 0.059264 0.589304 -0.394219
v 0.078464 0.605204 -0.389919
v 0.061764 0.598104 -0.402719
v 0.094564 0.612104 -0.376219
v 0.110064 0.618704 -0.361719
v 0.082064 0.606704 -0.328019
v 0.068064 0.600804 -0.341119
v 0.003064 0.562804 -0.415119
v 0.020464 0.570204 -0.405619
v 0.014164 0.570104 -0.394619
v -0.002736 0.562904 -0.403819
v 0.007064 0.567104 -0.426319
v 0.024964 0.574704 -0.416519
v 0.037364 0.577404 -0.395119
v 0.030564 0.577104 -0.384519
v 0.042364 0.582104 -0.405819
v -0.009536 0.567704 -0.394519
v -0.026436 0.560504 -0.402619
v -0.020036 0.555504 -0.412119
v -0.014736 0.555204 -0.423619
v -0.011236 0.559304 -0.435119
v 0.008364 0.575304 -0.435619
v -0.010336 0.567304 -0.444619
v 0.026664 0.583104 -0.425619
v 0.044464 0.590704 -0.414619
v 0.022964 0.581504 -0.375619
v 0.006864 0.574704 -0.385519
v -0.070036 0.531604 -0.443519
v -0.051336 0.539604 -0.437919
v -0.055536 0.540404 -0.426019
v -0.073736 0.532604 -0.431419
v -0.068136 0.535004 -0.455619
v -0.048936 0.543204 -0.449819
v -0.032836 0.547504 -0.431219
v -0.037636 0.548004 -0.419519
v -0.029936 0.551304 -0.442919
v -0.078836 0.538104 -0.421519
v -0.096836 0.530504 -0.425819
v -0.092136 0.524804 -0.435919
v -0.089036 0.523504 -0.448119
v -0.087736 0.526704 -0.460319
v -0.068636 0.542504 -0.465619
v -0.088636 0.534004 -0.470419
v -0.048936 0.550904 -0.459619
v -0.029436 0.559204 -0.452619
v -0.043536 0.553204 -0.409819
v -0.061036 0.545704 -0.416119
v -0.146836 0.498904 -0.455919
v -0.127436 0.507204 -0.454319
v -0.129536 0.508804 -0.442019
v -0.148336 0.500804 -0.443519
v -0.147236 0.501304 -0.468319
v -0.127236 0.509804 -0.466719
v -0.108136 0.515404 -0.451819
v -0.110736 0.516804 -0.439519
v -0.107436 0.518304 -0.464119
v -0.151636 0.507104 -0.433219
v -0.149536 0.508004 -0.478619
v -0.129136 0.516704 -0.477019
v -0.108836 0.525404 -0.474219
v -0.114936 0.522704 -0.429319
v -0.133236 0.514904 -0.431719
v -0.304136 0.504404 -0.426019
v -0.308436 0.505104 -0.437919
v -0.326936 0.497304 -0.431219
v -0.322136 0.496704 -0.419519
v -0.285936 0.512104 -0.431419
v -0.289636 0.513104 -0.443519
v -0.310836 0.501504 -0.449819
v -0.329836 0.493404 -0.442919
v -0.291536 0.509804 -0.455619
v -0.316136 0.491604 -0.409819
v -0.339736 0.489204 -0.412119
v -0.333336 0.484304 -0.402619
v -0.298636 0.499004 -0.416119
v -0.280936 0.506604 -0.421519
v -0.291036 0.502304 -0.465619
v -0.310836 0.493904 -0.459619
v -0.330236 0.485604 -0.452619
v -0.349336 0.477404 -0.444619
v -0.348436 0.485504 -0.435119
v -0.345036 0.489504 -0.423619
v -0.373836 0.474704 -0.394619
v -0.380136 0.474504 -0.405619
v -0.397136 0.467304 -0.395119
v -0.390336 0.467704 -0.384519
v -0.357036 0.481904 -0.403819
v -0.362836 0.481904 -0.415119
v -0.384636 0.470104 -0.416519
v -0.402036 0.462604 -0.405819
v -0.366736 0.477704 -0.426319
v -0.406236 0.460904 -0.373519
v -0.398236 0.456604 -0.364919
v -0.382636 0.463204 -0.375619
v -0.366636 0.470104 -0.385519
v -0.350136 0.477104 -0.394519
v -0.368036 0.469504 -0.435619
v -0.386336 0.461704 -0.425619
v -0.404136 0.454104 -0.414619
v -0.421436 0.446704 -0.402719
v -0.418936 0.455404 -0.394219
v -0.413536 0.460304 -0.383819
v -0.436536 0.447904 -0.349019
v -0.444736 0.447004 -0.358619
v -0.459436 0.440704 -0.344819
v -0.450836 0.441804 -0.335619
v -0.421736 0.454304 -0.361719
v -0.429436 0.453504 -0.371719
v -0.451136 0.441704 -0.368319
v -0.466236 0.435304 -0.354119
v -0.435336 0.448504 -0.381619
v -0.464536 0.436004 -0.321519
v -0.455036 0.432404 -0.314219
v -0.441736 0.438004 -0.328019
v -0.427836 0.444004 -0.341119
v -0.413236 0.450204 -0.353419
v -0.438236 0.439604 -0.389919
v -0.454336 0.432704 -0.376219
v -0.469836 0.426104 -0.361719
v -0.484636 0.419704 -0.346319
v -0.480736 0.429104 -0.339119
v -0.473536 0.434704 -0.330319
v -0.489936 0.425204 -0.291119
v -0.499636 0.423604 -0.298919
v -0.511636 0.418504 -0.282319
v -0.501536 0.420204 -0.274919
v -0.477536 0.430404 -0.306619
v -0.486936 0.429004 -0.315019
v -0.507636 0.417604 -0.306819
v -0.519936 0.412404 -0.289719
v -0.494536 0.423204 -0.323319
v -0.512436 0.415604 -0.258119
v -0.501736 0.412504 -0.252419
v -0.491136 0.417004 -0.268719
v -0.479836 0.421804 -0.284519
v -0.467736 0.426904 -0.299719
v -0.498736 0.413704 -0.330219
v -0.512136 0.408004 -0.313419
v -0.524736 0.402604 -0.295819
v -0.536536 0.397604 -0.277619
v -0.531436 0.407504 -0.271919
v -0.522836 0.413704 -0.265019
v -0.531836 0.407304 -0.222919
v -0.542836 0.405204 -0.228719
v -0.551536 0.401504 -0.209919
v -0.540336 0.403704 -0.204519
v -0.522536 0.411304 -0.240719
v -0.533236 0.409304 -0.247119
v -0.552036 0.398704 -0.234619
v -0.560936 0.394904 -0.215219
v -0.542136 0.402904 -0.253519
v -0.547936 0.400404 -0.185819
v -0.536436 0.397704 -0.181819
v -0.528936 0.400804 -0.200119
v -0.520636 0.404404 -0.218019
v -0.511636 0.408204 -0.235419
v -0.547436 0.393004 -0.258819
v -0.557536 0.388604 -0.239519
v -0.566736 0.384704 -0.219619
v -0.575036 0.381204 -0.199219
v -0.569136 0.391404 -0.195319
v -0.559436 0.398104 -0.190519
v -0.560636 0.395004 -0.147119
v -0.572536 0.392504 -0.150719
v -0.577736 0.390304 -0.130419
v -0.565736 0.392904 -0.127319
v -0.554736 0.397504 -0.166619
v -0.566436 0.395104 -0.170819
v -0.582536 0.385704 -0.154319
v -0.587936 0.383404 -0.133419
v -0.576336 0.388404 -0.175019
v -0.569836 0.391104 -0.107319
v -0.557836 0.388604 -0.105319
v -0.553736 0.390304 -0.124819
v -0.548836 0.392404 -0.144119
v -0.543036 0.394804 -0.163119
v -0.582436 0.378004 -0.178519
v -0.588836 0.375304 -0.157319
v -0.594336 0.373004 -0.135919
v -0.598836 0.371104 -0.114219
v -0.592336 0.381504 -0.112219
v -0.582036 0.388504 -0.109719
v -0.575436 0.388704 -0.066719
v -0.587736 0.386004 -0.067919
v -0.589136 0.385404 -0.046819
v -0.576736 0.388104 -0.046219
v -0.573036 0.389704 -0.087119
v -0.585336 0.387104 -0.088919
v -0.598136 0.379004 -0.069119
v -0.599636 0.378404 -0.047519
v -0.595736 0.380104 -0.090719
v -0.577236 0.387904 -0.025719
v -0.565036 0.385504 -0.025719
v -0.564536 0.385704 -0.045719
v -0.563236 0.386304 -0.065719
v -0.560936 0.387204 -0.085619
v -0.602336 0.369604 -0.092219
v -0.604836 0.368504 -0.070219
v -0.606336 0.367904 -0.048019
v -0.606836 0.367604 -0.025719
v -0.600136 0.378204 -0.025719
v -0.589636 0.385204 -0.025719
v -0.575436 0.388704 0.015281
v -0.587736 0.386004 0.016481
v -0.585336 0.387104 0.037481
v -0.573036 0.389704 0.035681
v -0.576736 0.388104 -0.005219
v -0.589136 0.385404 -0.004619
v -0.598136 0.379004 0.017681
v -0.595736 0.380104 0.039281
v -0.599636 0.378404 -0.004019
v -0.569836 0.391104 0.055881
v -0.557836 0.388604 0.053881
v -0.560936 0.387204 0.034181
v -0.563236 0.386304 0.014281
v -0.564536 0.385704 -0.005719
v -0.606336 0.367904 -0.003519
v -0.604836 0.368504 0.018681
v -0.602336 0.369604 0.040781
v -0.598836 0.371104 0.062781
v -0.592336 0.381504 0.060681
v -0.582036 0.388504 0.058281
v -0.560636 0.395004 0.095681
v -0.572536 0.392504 0.099281
v -0.566436 0.395104 0.119381
v -0.554736 0.397504 0.115181
v -0.565736 0.392904 0.075881
v -0.577736 0.390304 0.078881
v -0.582536 0.385704 0.102881
v -0.576336 0.388404 0.123581
v -0.587936 0.383404 0.081981
v -0.547936 0.400404 0.134381
v -0.536436 0.397704 0.130381
v -0.543036 0.394804 0.111681
v -0.548836 0.392404 0.092681
v -0.553736 0.390304 0.073381
v -0.594336 0.373004 0.084481
v -0.588836 0.375304 0.105881
v -0.582436 0.378004 0.127081
v -0.575036 0.381204 0.147781
v -0.569136 0.391404 0.143881
v -0.559436 0.398104 0.139081
v -0.531836 0.407304 0.171481
v -0.542836 0.405204 0.177281
v -0.533236 0.409304 0.195681
v -0.522536 0.411304 0.189281
v -0.540336 0.403704 0.153081
v -0.551536 0.401504 0.158381
v -0.552036 0.398704 0.183181
v -0.542136 0.402904 0.202081
v -0.560936 0.394904 0.163781
v -0.512436 0.415604 0.206681
v -0.501736 0.412504 0.200881
v -0.511636 0.408204 0.183981
v -0.520636 0.404404 0.166581
v -0.528936 0.400804 0.148681
v -0.566736 0.384704 0.168181
v -0.557536 0.388604 0.187981
v -0.547436 0.393004 0.207381
v -0.536536 0.397604 0.226181
v -0.531436 0.407504 0.220481
v -0.522836 0.413704 0.213581
v -0.489936 0.425204 0.239581
v -0.499636 0.423604 0.247481
v -0.486936 0.429004 0.263481
v -0.477536 0.430404 0.255181
v -0.501536 0.420204 0.223481
v -0.511636 0.418504 0.230881
v -0.507636 0.417604 0.255381
v -0.494536 0.423204 0.271881
v -0.519936 0.412404 0.238281
v -0.464536 0.436004 0.270081
v -0.455036 0.432404 0.262781
v -0.467736 0.426904 0.248281
v -0.479836 0.421804 0.233081
v -0.491136 0.417004 0.217281
v -0.524736 0.402604 0.244381
v -0.512136 0.408004 0.261981
v -0.498736 0.413704 0.278781
v -0.484636 0.419704 0.294881
v -0.480736 0.429104 0.287581
v -0.473536 0.434704 0.278781
v -0.436536 0.447904 0.297581
v -0.444736 0.447004 0.307181
v -0.429436 0.453504 0.320181
v -0.421736 0.454304 0.310281
v -0.450836 0.441804 0.284181
v -0.459436 0.440704 0.293381
v -0.451136 0.441704 0.316781
v -0.435336 0.448504 0.330181
v -0.466236 0.435304 0.302581
v -0.406236 0.460904 0.322081
v -0.398236 0.456604 0.313481
v -0.413236 0.450204 0.301981
v -0.427836 0.444004 0.289681
v -0.441736 0.438004 0.276581
v -0.469836 0.426104 0.310281
v -0.454336 0.432704 0.324781
v -0.438236 0.439604 0.338481
v -0.421436 0.446704 0.351281
v -0.418936 0.455404 0.342781
v -0.413536 0.460304 0.332381
v -0.373836 0.474704 0.343181
v -0.380136 0.474504 0.354081
v -0.362836 0.481904 0.363581
v -0.357036 0.481904 0.352381
v -0.390336 0.467704 0.333081
v -0.397136 0.467304 0.343681
v -0.384636 0.470104 0.365081
v -0.366736 0.477704 0.374881
v -0.402036 0.462604 0.354381
v -0.339736 0.489204 0.360681
v -0.333336 0.484304 0.351181
v -0.350136 0.477104 0.343081
v -0.366636 0.470104 0.334081
v -0.382636 0.463204 0.324181
v -0.404136 0.454104 0.363181
v -0.386336 0.461704 0.374181
v -0.368036 0.469504 0.384181
v -0.349336 0.477404 0.393181
v -0.348436 0.485504 0.383681
v -0.345036 0.489504 0.372181
v -0.304136 0.504404 0.374581
v -0.308436 0.505104 0.386481
v -0.289636 0.513104 0.392081
v -0.285936 0.512104 0.379981
v -0.322136 0.496704 0.368081
v -0.326936 0.497304 0.379781
v -0.310836 0.501504 0.398381
v -0.291536 0.509804 0.404181
v -0.329836 0.493404 0.391481
v -0.267536 0.520004 0.384481
v -0.262936 0.514304 0.374381
v -0.280936 0.506604 0.369981
v -0.298636 0.499004 0.364681
v -0.316136 0.491604 0.358381
v -0.330236 0.485604 0.401181
v -0.310836 0.493904 0.408181
v -0.291036 0.502304 0.414081
v -0.271136 0.510804 0.418981
v -0.272036 0.518104 0.408881
v -0.270736 0.521204 0.396681
v -0.230236 0.535904 0.390581
v -0.232236 0.537604 0.402881
v -0.212836 0.545904 0.404481
v -0.211336 0.543904 0.392081
v -0.248936 0.527904 0.387981
v -0.251536 0.529404 0.400281
v -0.232436 0.535004 0.415281
v -0.212536 0.543504 0.416881
v -0.252336 0.526504 0.412581
v -0.192536 0.552004 0.392581
v -0.189736 0.545504 0.382281
v -0.208136 0.537604 0.381781
v -0.226536 0.529804 0.380281
v -0.244736 0.522004 0.377781
v -0.250936 0.519404 0.422781
v -0.230636 0.528104 0.425581
v -0.210136 0.536804 0.427181
v -0.189736 0.545504 0.427681
v -0.192536 0.552004 0.417381
v -0.193436 0.554204 0.404981
v -0.154736 0.568104 0.390581
v -0.154536 0.570704 0.402881
v -0.135236 0.579004 0.400281
v -0.136036 0.576104 0.387981
v -0.173636 0.560004 0.392081
v -0.173936 0.562504 0.404481
v -0.152536 0.569004 0.415281
v -0.132636 0.577504 0.412581
v -0.172536 0.560504 0.416881
v -0.117436 0.584004 0.384481
v -0.116536 0.576704 0.374381
v -0.134636 0.569004 0.377781
v -0.152936 0.561204 0.380281
v -0.171336 0.553304 0.381781
v -0.169236 0.554204 0.427181
v -0.148836 0.562904 0.425581
v -0.128536 0.571604 0.422781
v -0.108336 0.580204 0.418981
v -0.112936 0.585904 0.408881
v -0.116136 0.587104 0.396681
v -0.080836 0.599604 0.374581
v -0.078436 0.603204 0.386481
v -0.059936 0.611104 0.379781
v -0.062836 0.607304 0.368081
v -0.099036 0.591904 0.379981
v -0.097136 0.595204 0.392081
v -0.074136 0.602404 0.398381
v -0.055136 0.610504 0.391481
v -0.093436 0.594204 0.404181
v -0.045236 0.614804 0.360681
v -0.046136 0.606704 0.351181
v -0.063336 0.599404 0.358381
v -0.080736 0.591904 0.364681
v -0.098536 0.584404 0.369981
v -0.088336 0.588704 0.414081
v -0.068636 0.597104 0.408181
v -0.049236 0.605404 0.401181
v -0.030136 0.613604 0.393181
v -0.036536 0.618504 0.383681
v -0.041836 0.618804 0.372181
v -0.011136 0.629304 0.343181
v -0.006636 0.633804 0.354081
v 0.010264 0.641004 0.343681
v 0.005364 0.636304 0.333081
v -0.027936 0.622104 0.352381
v -0.024036 0.626404 0.363581
v -0.000336 0.633904 0.365081
v 0.017064 0.641404 0.354381
v -0.018236 0.626304 0.374881
v 0.021264 0.643104 0.322081
v 0.018764 0.634404 0.313481
v 0.003264 0.627804 0.324181
v -0.012836 0.620904 0.334081
v -0.029236 0.613904 0.343081
v -0.011336 0.621504 0.384181
v 0.006864 0.629304 0.374181
v 0.024764 0.636904 0.363181
v 0.042064 0.644304 0.351281
v 0.033964 0.648604 0.342781
v 0.026664 0.648004 0.332381
v 0.051564 0.656104 0.297581
v 0.057964 0.661304 0.307181
v 0.072664 0.667604 0.293381
v 0.065864 0.662204 0.284181
v 0.036664 0.649704 0.310281
v 0.042564 0.654804 0.320181
v 0.066064 0.662304 0.316781
v 0.081264 0.668704 0.302581
v 0.050364 0.655504 0.330181
v 0.079564 0.668004 0.270081
v 0.075664 0.658604 0.262781
v 0.062264 0.653004 0.276581
v 0.048364 0.647004 0.289681
v 0.033864 0.640804 0.301981
v 0.058764 0.651404 0.338481
v 0.074864 0.658304 0.324781
v 0.090364 0.664904 0.310281
v 0.105264 0.671204 0.294881
v 0.095764 0.674904 0.287581
v 0.086764 0.673604 0.278781
v 0.104964 0.678804 0.239581
v 0.112864 0.684704 0.247481
v 0.124864 0.689804 0.230881
v 0.116564 0.683804 0.223481
v 0.092564 0.673504 0.255181
v 0.100164 0.679304 0.263481
v 0.122664 0.686304 0.255381
v 0.134964 0.691604 0.238281
v 0.109564 0.680804 0.271881
v 0.127464 0.688404 0.206681
v 0.122364 0.678504 0.200881
v 0.111764 0.674004 0.217281
v 0.100364 0.669204 0.233081
v 0.088364 0.664104 0.248281
v 0.119364 0.677304 0.278781
v 0.132764 0.683004 0.261981
v 0.145264 0.688304 0.244381
v 0.157064 0.693404 0.226181
v 0.146464 0.696504 0.220481
v 0.136064 0.694604 0.213581
v 0.146864 0.696704 0.171481
v 0.155964 0.703104 0.177281
v 0.164764 0.706904 0.158381
v 0.155364 0.700304 0.153081
v 0.137564 0.692704 0.189281
v 0.146464 0.699104 0.195681
v 0.166964 0.705304 0.183181
v 0.175964 0.709104 0.163781
v 0.157164 0.701104 0.202081
v 0.162964 0.703604 0.134381
v 0.156964 0.693304 0.130381
v 0.149564 0.690104 0.148681
v 0.141264 0.686604 0.166581
v 0.132164 0.682704 0.183981
v 0.168064 0.698004 0.207381
v 0.178164 0.702304 0.187981
v 0.187364 0.706304 0.168181
v 0.195664 0.709804 0.147781
v 0.184164 0.712604 0.143881
v 0.172664 0.710204 0.139081
v 0.175664 0.709004 0.095681
v 0.185764 0.715804 0.099281
v 0.190864 0.718004 0.078881
v 0.180764 0.711104 0.075881
v 0.169764 0.706504 0.115181
v 0.179664 0.713204 0.119381
v 0.197564 0.718304 0.102881
v 0.202964 0.720604 0.081981
v 0.191364 0.715604 0.123581
v 0.184864 0.712904 0.055881
v 0.178364 0.702404 0.053881
v 0.174364 0.700704 0.073381
v 0.169364 0.698604 0.092681
v 0.163664 0.696204 0.111681
v 0.202964 0.712904 0.127081
v 0.209464 0.715704 0.105881
v 0.214864 0.718004 0.084481
v 0.219364 0.719904 0.062781
v 0.207364 0.722504 0.060681
v 0.195164 0.719804 0.058281
v 0.190464 0.715304 0.015281
v 0.200864 0.722304 0.016481
v 0.202264 0.722904 -0.004619
v 0.191764 0.715804 -0.005219
v 0.188064 0.714304 0.035681
v 0.198464 0.721304 0.037481
v 0.213164 0.725004 0.017681
v 0.214664 0.725604 -0.004019
v 0.210764 0.723904 0.039281
v 0.192264 0.716004 -0.025719
v 0.185564 0.705504 -0.025719
v 0.185164 0.705304 -0.005719
v 0.183764 0.704704 0.014281
v 0.181464 0.703804 0.034181
v 0.222864 0.721404 0.040781
v 0.225364 0.722504 0.018681
v 0.226864 0.723104 -0.003519
v 0.227364 0.723304 -0.025719
v 0.215164 0.725804 -0.025719
v 0.202764 0.723104 -0.025719
v 0.190464 0.715304 -0.066719
v 0.200864 0.722304 -0.067919
v 0.198464 0.721304 -0.088919
v 0.188064 0.714304 -0.087119
v 0.191764 0.715804 -0.046219
v 0.202264 0.722904 -0.046819
v 0.213164 0.725004 -0.069119
v 0.210764 0.723904 -0.090719
v 0.214664 0.725604 -0.047519
v 0.184864 0.712904 -0.107319
v 0.178364 0.702404 -0.105319
v 0.181464 0.703804 -0.085619
v 0.183764 0.704704 -0.065719
v 0.185164 0.705304 -0.045719
v 0.226864 0.723104 -0.048019
v 0.225364 0.722504 -0.070219
v 0.222864 0.721404 -0.092219
v 0.219364 0.719904 -0.114219
v 0.207364 0.722504 -0.112219
v 0.195164 0.719804 -0.109719
v 0.175664 0.709004 -0.147119
v 0.185764 0.715804 -0.150719
v 0.179664 0.713204 -0.170819
v 0.169764 0.706504 -0.166619
v 0.180764 0.711104 -0.127319
v 0.190864 0.718004 -0.130419
v 0.197564 0.718304 -0.154319
v 0.191364 0.715604 -0.175019
v 0.202964 0.720604 -0.133419
v 0.162964 0.703604 -0.185819
v 0.156964 0.693304 -0.181819
v 0.163664 0.696204 -0.163119
v 0.169364 0.698604 -0.144119
v 0.174364 0.700704 -0.124819
v 0.214864 0.718004 -0.135919
v 0.209464 0.715704 -0.157319
v 0.202964 0.712904 -0.178519
v 0.195664 0.709804 -0.199219
v 0.184164 0.712604 -0.195319
v 0.172664 0.710204 -0.190519
v 0.146864 0.696704 -0.222919
v 0.155964 0.703104 -0.228719
v 0.146464 0.699104 -0.247119
v 0.137564 0.692704 -0.240719
v 0.155364 0.700304 -0.204519
v 0.164764 0.706904 -0.209919
v 0.166964 0.705304 -0.234619
v 0.157164 0.701104 -0.253519
v 0.175964 0.709104 -0.215219
v 0.127464 0.688404 -0.258119
v 0.122364 0.678504 -0.252419
v 0.132164 0.682704 -0.235419
v 0.141264 0.686604 -0.218019
v 0.149564 0.690104 -0.200119
v 0.187364 0.706304 -0.219619
v 0.178164 0.702304 -0.239519
v 0.168064 0.698004 -0.258819
v 0.157064 0.693404 -0.277619
v 0.146464 0.696504 -0.271919
v 0.136064 0.694604 -0.265019
v 0.104964 0.678804 -0.291119
v 0.112864 0.684704 -0.298919
v 0.100164 0.679304 -0.315019
v 0.092564 0.673504 -0.306619
v 0.116564 0.683804 -0.274919
v 0.124864 0.689804 -0.282319
v 0.122664 0.686304 -0.306819
v 0.109564 0.680804 -0.323319
v 0.134964 0.691604 -0.289719
v 0.079564 0.668004 -0.321519
v 0.075664 0.658604 -0.314219
v 0.088364 0.664104 -0.299719
v 0.100364 0.669204 -0.284519
v 0.111764 0.674004 -0.268719
v 0.145264 0.688304 -0.295819
v 0.132764 0.683004 -0.313419
v 0.119364 0.677304 -0.330219
v 0.105264 0.671204 -0.346319
v 0.095764 0.674904 -0.339119
v 0.086764 0.673604 -0.330319
v 0.051564 0.656104 -0.349019
v 0.057964 0.661304 -0.358619
v 0.042564 0.654804 -0.371719
v 0.036664 0.649704 -0.361719
v 0.065864 0.662204 -0.335619
v 0.072664 0.667604 -0.344819
v 0.066064 0.662304 -0.368319
v 0.050364 0.655504 -0.381619
v 0.081264 0.668704 -0.354119
v 0.021264 0.643104 -0.373519
v 0.018764 0.634404 -0.364919
v 0.033864 0.640804 -0.353419
v 0.048364 0.647004 -0.341119
v 0.062264 0.653004 -0.328019
v 0.090364 0.664904 -0.361719
v 0.074864 0.658304 -0.376219
v 0.058764 0.651404 -0.389919
v 0.042064 0.644304 -0.402719
v 0.033964 0.648604 -0.394219
v 0.026664 0.648004 -0.383819
v -0.011136 0.629304 -0.394619
v -0.006636 0.633804 -0.405619
v -0.024036 0.626404 -0.415119
v -0.027936 0.622104 -0.403819
v 0.005364 0.636304 -0.384519
v 0.010264 0.641004 -0.395119
v -0.000336 0.633904 -0.416519
v -0.018236 0.626304 -0.426319
v 0.017064 0.641404 -0.405819
v -0.045236 0.614804 -0.412119
v -0.046136 0.606704 -0.402619
v -0.029236 0.613904 -0.394519
v -0.012836 0.620904 -0.385519
v 0.003264 0.627804 -0.375619
v 0.024764 0.636904 -0.414619
v 0.006864 0.629304 -0.425619
v -0.011336 0.621504 -0.435619
v -0.030136 0.613604 -0.444619
v -0.036536 0.618504 -0.435119
v -0.041836 0.618804 -0.423619
v -0.080836 0.599604 -0.426019
v -0.078436 0.603204 -0.437919
v -0.097136 0.595204 -0.443519
v -0.099036 0.591904 -0.431419
v -0.062836 0.607304 -0.419519
v -0.059936 0.611104 -0.431219
v -0.074136 0.602404 -0.449819
v -0.093436 0.594204 -0.455619
v -0.055136 0.610504 -0.442919
v -0.117436 0.584004 -0.435919
v -0.116536 0.576704 -0.425819
v -0.098536 0.584404 -0.421519
v -0.080736 0.591904 -0.416119
v -0.063336 0.599404 -0.409819
v -0.049236 0.605404 -0.452619
v -0.068636 0.597104 -0.459619
v -0.088336 0.588704 -0.465619
v -0.108336 0.580204 -0.470419
v -0.112936 0.585904 -0.460319
v -0.116136 0.587104 -0.448119
v -0.154736 0.568104 -0.442019
v -0.154536 0.570704 -0.454319
v -0.173936 0.562504 -0.455919
v -0.173636 0.560004 -0.443519
v -0.136036 0.576104 -0.439519
v -0.135236 0.579004 -0.451819
v -0.152536 0.569004 -0.466719
v -0.172536 0.560504 -0.468319
v -0.132636 0.577504 -0.464119
v -0.171336 0.553304 -0.433219
v -0.152936 0.561204 -0.431719
v -0.134636 0.569004 -0.429319
v -0.128536 0.571604 -0.474219
v -0.148836 0.562904 -0.477019
v -0.169236 0.554204 -0.478619
v 0.230264 0.682304 -0.159219
v 0.226764 0.695804 -0.159819
v 0.232364 0.698104 -0.138019
v 0.235864 0.684704 -0.137419
v 0.223764 0.679504 -0.180619
v 0.220264 0.693004 -0.181319
v 0.219564 0.707604 -0.159219
v 0.225064 0.710004 -0.137419
v 0.213064 0.704804 -0.180619
v 0.240364 0.686604 -0.115419
v 0.216364 0.676404 -0.201719
v 0.212764 0.689804 -0.202519
v 0.205564 0.701604 -0.201719
v 0.229664 0.711904 -0.115419
v 0.236964 0.700104 -0.115819
v -0.138236 0.525204 -0.425419
v -0.143836 0.537704 -0.423219
v -0.161836 0.530104 -0.424719
v -0.156336 0.517504 -0.426819
v -0.120236 0.532804 -0.422919
v -0.125936 0.545404 -0.420819
v -0.149036 0.550504 -0.425419
v -0.167136 0.542704 -0.426819
v -0.131036 0.558104 -0.422919
v -0.174436 0.509704 -0.427319
v -0.102436 0.540504 -0.419619
v -0.108136 0.552904 -0.417519
v -0.113136 0.565704 -0.419619
v -0.185236 0.535004 -0.427319
v -0.179836 0.522404 -0.425219
v -0.500236 0.370804 -0.215019
v -0.503936 0.384204 -0.214019
v -0.512036 0.380804 -0.196519
v -0.508436 0.367404 -0.197419
v -0.491336 0.374604 -0.232219
v -0.495036 0.388004 -0.231119
v -0.511036 0.396104 -0.215019
v -0.519136 0.392604 -0.197419
v -0.502136 0.399904 -0.232219
v -0.515736 0.364204 -0.179419
v -0.481636 0.378804 -0.248819
v -0.485336 0.392104 -0.247619
v -0.492436 0.404104 -0.248819
v -0.526536 0.389504 -0.179419
v -0.519336 0.377604 -0.178619
v 0.198564 0.668804 -0.242519
v 0.194964 0.682204 -0.243519
v 0.204264 0.686204 -0.223219
v 0.207864 0.672804 -0.222319
v 0.188364 0.664404 -0.262119
v 0.184664 0.677804 -0.263219
v 0.187764 0.694104 -0.242519
v 0.197164 0.698104 -0.222319
v 0.177564 0.689704 -0.262119
v 0.177264 0.659704 -0.281219
v 0.173464 0.673004 -0.282419
v 0.166464 0.685004 -0.281219
v -0.215936 0.492104 -0.483319
v -0.221536 0.504604 -0.485519
v -0.200736 0.513504 -0.487119
v -0.195236 0.500904 -0.485019
v -0.236536 0.483304 -0.480619
v -0.242236 0.495804 -0.482719
v -0.226736 0.517304 -0.483319
v -0.206036 0.526204 -0.485019
v -0.247336 0.508604 -0.480619
v -0.174436 0.509704 -0.485519
v -0.257036 0.474504 -0.476719
v -0.262736 0.487004 -0.478819
v -0.267736 0.499804 -0.476719
v -0.185236 0.535004 -0.485519
v -0.179836 0.522404 -0.487719
v -0.527936 0.359004 -0.142319
v -0.531436 0.372504 -0.141719
v -0.536336 0.370404 -0.122819
v -0.532836 0.357004 -0.123319
v -0.522236 0.361404 -0.161019
v -0.525836 0.374904 -0.160319
v -0.538736 0.384304 -0.142319
v -0.543536 0.382204 -0.123319
v -0.533036 0.386704 -0.161019
v -0.536736 0.355304 -0.104119
v -0.547536 0.380504 -0.104119
v -0.540236 0.368704 -0.103619
v 0.152464 0.649104 -0.317419
v 0.148664 0.662404 -0.318819
v 0.161464 0.667904 -0.300919
v 0.165264 0.654604 -0.299619
v 0.138964 0.643404 -0.334519
v 0.134964 0.656604 -0.335919
v 0.141764 0.674404 -0.317419
v 0.154464 0.679904 -0.299619
v 0.128164 0.668704 -0.334519
v 0.124664 0.637304 -0.350919
v 0.120664 0.650504 -0.352419
v 0.113864 0.662504 -0.350919
v -0.297236 0.457404 -0.465719
v -0.303236 0.469804 -0.467819
v -0.283136 0.478404 -0.473819
v -0.277236 0.465904 -0.471819
v -0.316936 0.449004 -0.458719
v -0.323036 0.461304 -0.460719
v -0.308036 0.482704 -0.465719
v -0.288036 0.491204 -0.471819
v -0.327736 0.474304 -0.458719
v -0.336336 0.440704 -0.450519
v -0.342436 0.453004 -0.452519
v -0.347136 0.466004 -0.450519
v -0.542136 0.353004 -0.065119
v -0.545536 0.366504 -0.064919
v -0.546836 0.365904 -0.045319
v -0.543436 0.352404 -0.045419
v -0.539836 0.353904 -0.084619
v -0.543336 0.367404 -0.084319
v -0.552836 0.378304 -0.065119
v -0.554236 0.377704 -0.045419
v -0.550636 0.379204 -0.084619
v -0.543836 0.352204 -0.025719
v -0.554636 0.377504 -0.025719
v -0.547336 0.365704 -0.025719
v 0.093864 0.624204 -0.381219
v 0.089764 0.637304 -0.382819
v 0.105564 0.644104 -0.368019
v 0.109564 0.630904 -0.366419
v 0.077464 0.617204 -0.395119
v 0.073264 0.630304 -0.396819
v 0.083064 0.649404 -0.381219
v 0.098864 0.656104 -0.366419
v 0.066764 0.642504 -0.395119
v 0.060564 0.609904 -0.408019
v 0.056264 0.623004 -0.409819
v 0.049764 0.635204 -0.408019
v -0.373836 0.424704 -0.431219
v -0.380136 0.437004 -0.433119
v -0.361536 0.444904 -0.443319
v -0.355336 0.432604 -0.441419
v -0.391936 0.417004 -0.420119
v -0.398336 0.429204 -0.422019
v -0.384636 0.450004 -0.431219
v -0.366136 0.457904 -0.441419
v -0.402736 0.442304 -0.420119
v -0.409436 0.409504 -0.408019
v -0.415936 0.421704 -0.409819
v -0.420236 0.434804 -0.408019
v -0.542136 0.353004 0.013681
v -0.545536 0.366504 0.013381
v -0.543336 0.367404 0.032881
v -0.539836 0.353904 0.033181
v -0.543436 0.352404 -0.006019
v -0.546836 0.365904 -0.006119
v -0.552836 0.378304 0.013681
v -0.550636 0.379204 0.033181
v -0.554236 0.377704 -0.006019
v -0.536736 0.355304 0.052581
v -0.547536 0.380504 0.052581
v -0.540236 0.368704 0.052181
v 0.024964 0.594804 -0.431219
v 0.020464 0.607804 -0.433119
v 0.038564 0.615504 -0.422019
v 0.042964 0.602504 -0.420119
v 0.006364 0.586804 -0.441419
v 0.001864 0.599804 -0.443319
v 0.014164 0.620004 -0.431219
v 0.032164 0.627704 -0.420119
v -0.004436 0.612104 -0.441419
v -0.012636 0.578804 -0.450519
v -0.017236 0.591704 -0.452519
v -0.023336 0.604004 -0.450519
v -0.442836 0.395304 -0.381219
v -0.449436 0.407404 -0.382819
v -0.433036 0.414404 -0.396819
v -0.426436 0.402304 -0.395119
v -0.458536 0.388604 -0.366419
v -0.465236 0.400704 -0.368019
v -0.453636 0.420604 -0.381219
v -0.437236 0.427604 -0.395119
v -0.469336 0.413904 -0.366419
v -0.473536 0.382204 -0.350919
v -0.480336 0.394304 -0.352419
v -0.484336 0.407504 -0.350919
v -0.527936 0.359004 0.090881
v -0.531436 0.372504 0.090181
v -0.525836 0.374904 0.108881
v -0.522236 0.361404 0.109581
v -0.532836 0.357004 0.071881
v -0.536336 0.370404 0.071281
v -0.538736 0.384304 0.090881
v -0.533036 0.386704 0.109581
v -0.543536 0.382204 0.071881
v -0.515736 0.364204 0.127981
v -0.526536 0.389504 0.127981
v -0.519336 0.377604 0.127181
v -0.051636 0.562104 -0.465719
v -0.056536 0.575004 -0.467819
v -0.036736 0.583404 -0.460719
v -0.031936 0.570504 -0.458719
v -0.071736 0.553604 -0.471819
v -0.076636 0.566404 -0.473819
v -0.062436 0.587404 -0.465719
v -0.042736 0.595804 -0.458719
v -0.082436 0.578804 -0.471819
v -0.091936 0.544904 -0.476719
v -0.096936 0.557704 -0.478819
v -0.102736 0.570204 -0.476719
v -0.501436 0.370304 -0.317419
v -0.508336 0.382304 -0.318819
v -0.494736 0.388104 -0.335919
v -0.487936 0.376104 -0.334519
v -0.514236 0.364904 -0.299619
v -0.521136 0.376804 -0.300919
v -0.512236 0.395604 -0.317419
v -0.498636 0.401404 -0.334519
v -0.525036 0.390204 -0.299619
v -0.526136 0.359804 -0.281219
v -0.533236 0.371704 -0.282419
v -0.536936 0.385104 -0.281219
v -0.500236 0.370804 0.163581
v -0.503936 0.384204 0.162581
v -0.495036 0.388004 0.179581
v -0.491336 0.374604 0.180681
v -0.508436 0.367404 0.145981
v -0.512036 0.380804 0.145081
v -0.511036 0.396104 0.163581
v -0.502136 0.399904 0.180681
v -0.519136 0.392604 0.145981
v -0.481636 0.378804 0.197381
v -0.492436 0.404104 0.197381
v -0.485336 0.392104 0.196181
v -0.133036 0.527404 -0.483319
v -0.138236 0.540104 -0.485519
v -0.117536 0.549004 -0.482719
v -0.112436 0.536204 -0.480619
v -0.153736 0.518604 -0.485019
v -0.159036 0.531304 -0.487119
v -0.143836 0.552704 -0.483319
v -0.123136 0.561504 -0.480619
v -0.164536 0.543904 -0.485019
v -0.547536 0.350704 -0.242519
v -0.554636 0.362604 -0.243519
v -0.544336 0.367004 -0.263219
v -0.537236 0.355004 -0.262119
v -0.556836 0.346704 -0.222319
v -0.564036 0.358604 -0.223219
v -0.558336 0.376004 -0.242519
v -0.548036 0.380304 -0.262119
v -0.567636 0.372004 -0.222319
v -0.565236 0.343104 -0.201719
v -0.572436 0.355004 -0.202519
v -0.576036 0.368404 -0.201719
v -0.460036 0.388004 0.228981
v -0.463936 0.401304 0.227681
v -0.452136 0.406304 0.242481
v -0.448136 0.393004 0.243981
v -0.471136 0.383204 0.213481
v -0.475036 0.396504 0.212181
v -0.470836 0.413304 0.228981
v -0.458936 0.418304 0.243981
v -0.481936 0.408504 0.213481
v -0.435636 0.398404 0.258281
v -0.446436 0.423604 0.258281
v -0.439636 0.411604 0.256681
v -0.579236 0.337104 -0.159219
v -0.586536 0.349004 -0.159819
v -0.579936 0.351804 -0.181319
v -0.572736 0.339904 -0.180619
v -0.584836 0.334804 -0.137419
v -0.592036 0.346604 -0.138019
v -0.590036 0.362404 -0.159219
v -0.583536 0.365204 -0.180619
v -0.595536 0.360104 -0.137419
v -0.589336 0.332804 -0.115419
v -0.596636 0.344704 -0.115819
v -0.600136 0.358104 -0.115419
v -0.408836 0.409804 0.284681
v -0.412936 0.423004 0.283081
v -0.398736 0.429104 0.295081
v -0.394536 0.415904 0.296781
v -0.422536 0.404004 0.271781
v -0.426636 0.417204 0.270281
v -0.419636 0.435104 0.284681
v -0.405336 0.441204 0.296781
v -0.433336 0.429204 0.271781
v -0.379736 0.422204 0.308181
v -0.390436 0.447504 0.308181
v -0.384036 0.435304 0.306381
v -0.595436 0.330304 -0.070819
v -0.602736 0.342104 -0.071019
v -0.600236 0.343104 -0.093519
v -0.592836 0.331304 -0.093219
v -0.596936 0.329604 -0.048319
v -0.604336 0.341404 -0.048419
v -0.606236 0.355504 -0.070819
v -0.603636 0.356604 -0.093219
v -0.607736 0.354904 -0.048319
v -0.597436 0.329404 -0.025719
v -0.604836 0.341204 -0.025719
v -0.608236 0.354704 -0.025719
v -0.348636 0.435504 0.328481
v -0.353036 0.448504 0.326581
v -0.336936 0.455404 0.335381
v -0.332436 0.442404 0.337281
v -0.364336 0.428804 0.318681
v -0.368736 0.441804 0.316881
v -0.359336 0.460804 0.328481
v -0.343236 0.467704 0.337281
v -0.375136 0.454004 0.318681
v -0.315836 0.449504 0.345281
v -0.326636 0.474704 0.345281
v -0.320436 0.462404 0.343281
v -0.595436 0.330304 0.019381
v -0.602736 0.342104 0.019581
v -0.604336 0.341404 -0.003019
v -0.596936 0.329604 -0.003119
v -0.592836 0.331304 0.041781
v -0.600236 0.343104 0.042081
v -0.606236 0.355504 0.019381
v -0.607736 0.354904 -0.003119
v -0.603636 0.356604 0.041781
v -0.589336 0.332804 0.063981
v -0.596636 0.344704 0.064381
v -0.600136 0.358104 0.063981
v -0.281736 0.464004 0.358581
v -0.286536 0.476904 0.356481
v -0.269136 0.484304 0.361781
v -0.264236 0.471504 0.363781
v -0.298936 0.456704 0.352381
v -0.303636 0.469604 0.350381
v -0.292436 0.489304 0.358581
v -0.275036 0.496704 0.363781
v -0.309736 0.482004 0.352381
v -0.246536 0.479004 0.368181
v -0.257336 0.504304 0.368181
v -0.251536 0.491804 0.366081
v -0.579236 0.337104 0.107781
v -0.586536 0.349004 0.108381
v -0.592036 0.346604 0.086481
v -0.584836 0.334804 0.085981
v -0.572736 0.339904 0.129181
v -0.579936 0.351804 0.129881
v -0.590036 0.362404 0.107781
v -0.595536 0.360104 0.085981
v -0.583536 0.365204 0.129181
v -0.565236 0.343104 0.150281
v -0.572436 0.355004 0.151081
v -0.576036 0.368404 0.150281
v -0.210636 0.494304 0.373881
v -0.215836 0.507004 0.371781
v -0.197936 0.514704 0.373281
v -0.192636 0.502004 0.375381
v -0.228636 0.486604 0.371481
v -0.233736 0.499404 0.369381
v -0.221436 0.519604 0.373881
v -0.203336 0.527304 0.375381
v -0.239436 0.511904 0.371481
v -0.174436 0.509704 0.375881
v -0.185236 0.535004 0.375881
v -0.179836 0.522404 0.373681
v -0.547536 0.350704 0.191081
v -0.554636 0.362604 0.192081
v -0.564036 0.358604 0.171781
v -0.556836 0.346704 0.170881
v -0.537236 0.355004 0.210681
v -0.544336 0.367004 0.211781
v -0.558336 0.376004 0.191081
v -0.567636 0.372004 0.170881
v -0.548036 0.380304 0.210681
v -0.526136 0.359804 0.229781
v -0.533236 0.371704 0.230881
v -0.536936 0.385104 0.229781
v -0.138236 0.525204 0.373881
v -0.143836 0.537704 0.371781
v -0.125936 0.545404 0.369381
v -0.120236 0.532804 0.371481
v -0.156336 0.517504 0.375381
v -0.161836 0.530104 0.373281
v -0.149036 0.550504 0.373881
v -0.131036 0.558104 0.371481
v -0.167136 0.542704 0.375381
v -0.102436 0.540504 0.368181
v -0.113136 0.565704 0.368181
v -0.108136 0.552904 0.366081
v -0.501436 0.370304 0.265981
v -0.508336 0.382304 0.267381
v -0.521136 0.376804 0.249481
v -0.514236 0.364904 0.248181
v -0.487936 0.376104 0.283081
v -0.494736 0.388104 0.284481
v -0.512236 0.395604 0.265981
v -0.525036 0.390204 0.248181
v -0.498636 0.401404 0.283081
v -0.473536 0.382204 0.299381
v -0.480336 0.394304 0.300981
v -0.484336 0.407504 0.299381
v -0.067236 0.555504 0.358581
v -0.073236 0.567904 0.356481
v -0.056036 0.575204 0.350381
v -0.050036 0.562804 0.352381
v -0.084736 0.548004 0.363781
v -0.090536 0.560404 0.361781
v -0.078036 0.580704 0.358581
v -0.060836 0.588104 0.352381
v -0.095536 0.573304 0.363781
v -0.033136 0.570004 0.345281
v -0.043836 0.595304 0.345281
v -0.039236 0.582304 0.343281
v -0.442836 0.395304 0.329781
v -0.449436 0.407404 0.331381
v -0.465236 0.400704 0.316581
v -0.458536 0.388604 0.314981
v -0.426436 0.402304 0.343581
v -0.433036 0.414404 0.345281
v -0.453636 0.420604 0.329781
v -0.469336 0.413904 0.314981
v -0.437236 0.427604 0.343581
v -0.409436 0.409504 0.356581
v -0.415936 0.421704 0.358381
v -0.420236 0.434804 0.356581
v -0.000336 0.584004 0.328481
v -0.006636 0.596204 0.326581
v 0.009064 0.602904 0.316881
v 0.015464 0.590704 0.318681
v -0.016536 0.577104 0.337281
v -0.022736 0.589404 0.335381
v -0.011136 0.609304 0.328481
v 0.004664 0.616004 0.318681
v -0.027336 0.602404 0.337281
v 0.030764 0.597204 0.308181
v 0.019964 0.622504 0.308181
v 0.024264 0.609404 0.306381
v -0.373836 0.424704 0.379781
v -0.380136 0.437004 0.381681
v -0.398336 0.429204 0.370481
v -0.391936 0.417004 0.368681
v -0.355336 0.432604 0.389981
v -0.361536 0.444904 0.391881
v -0.384636 0.450004 0.379781
v -0.402736 0.442304 0.368681
v -0.366136 0.457904 0.389981
v -0.336336 0.440704 0.399081
v -0.342436 0.453004 0.401081
v -0.347136 0.466004 0.399081
v 0.059864 0.609704 0.284681
v 0.053264 0.621804 0.283081
v 0.066864 0.627604 0.270281
v 0.073564 0.615504 0.271781
v 0.045564 0.603604 0.296781
v 0.039064 0.615704 0.295081
v 0.049064 0.634904 0.284681
v 0.062864 0.640804 0.271781
v 0.034764 0.628804 0.296781
v 0.086764 0.621104 0.258281
v 0.075964 0.646404 0.258281
v 0.079964 0.633204 0.256681
v -0.297236 0.457404 0.414281
v -0.303236 0.469804 0.416381
v -0.323036 0.461304 0.409281
v -0.316936 0.449004 0.407181
v -0.277236 0.465904 0.420281
v -0.283136 0.478404 0.422381
v -0.308036 0.482704 0.414281
v -0.327736 0.474304 0.407181
v -0.288036 0.491204 0.420281
v -0.257036 0.474504 0.425281
v -0.262736 0.487004 0.427381
v -0.267736 0.499804 0.425281
v 0.111064 0.631504 0.228981
v 0.104164 0.643504 0.227681
v 0.115264 0.648204 0.212181
v 0.122264 0.636204 0.213481
v 0.099264 0.626404 0.243981
v 0.092364 0.638504 0.242481
v 0.100264 0.656804 0.228981
v 0.111464 0.661504 0.213481
v 0.088464 0.651704 0.243981
v 0.132664 0.640704 0.197381
v 0.121864 0.666004 0.197381
v 0.125664 0.652604 0.196181
v -0.215936 0.492104 0.431881
v -0.221536 0.504604 0.433981
v -0.242236 0.495804 0.431281
v -0.236536 0.483304 0.429181
v -0.195236 0.500904 0.433581
v -0.200736 0.513504 0.435681
v -0.226736 0.517304 0.431881
v -0.247336 0.508604 0.429181
v -0.206036 0.526204 0.433581
v -0.174436 0.509704 0.434081
v -0.179836 0.522404 0.436281
v -0.185236 0.535004 0.434081
v 0.151264 0.648604 0.163581
v 0.144164 0.660504 0.162581
v 0.152264 0.664004 0.145081
v 0.159464 0.652104 0.145981
v 0.142364 0.644804 0.180681
v 0.135264 0.656804 0.179581
v 0.140564 0.673904 0.163581
v 0.148664 0.677404 0.145981
v 0.131564 0.670104 0.180681
v 0.166764 0.655304 0.127981
v 0.156064 0.680504 0.127981
v 0.159564 0.667104 0.127181
v -0.133036 0.527404 0.431881
v -0.138236 0.540104 0.433981
v -0.159036 0.531304 0.435681
v -0.153736 0.518604 0.433581
v -0.112436 0.536204 0.429181
v -0.117536 0.549004 0.431281
v -0.143836 0.552704 0.431881
v -0.164536 0.543904 0.433581
v -0.123136 0.561504 0.429181
v -0.091936 0.544904 0.425281
v -0.096936 0.557704 0.427381
v -0.102736 0.570204 0.425281
v 0.179064 0.660504 0.090881
v 0.171764 0.672304 0.090181
v 0.176564 0.674304 0.071281
v 0.183864 0.662504 0.071881
v 0.173364 0.658004 0.109581
v 0.166064 0.669904 0.108881
v 0.168264 0.685704 0.090881
v 0.173064 0.687804 0.071881
v 0.162564 0.683304 0.109581
v 0.187864 0.664204 0.052581
v 0.177064 0.689504 0.052581
v 0.180564 0.676004 0.052181
v -0.051636 0.562104 0.414281
v -0.056536 0.575004 0.416381
v -0.076636 0.566404 0.422381
v -0.071736 0.553604 0.420281
v -0.031936 0.570504 0.407181
v -0.036736 0.583404 0.409281
v -0.062436 0.587404 0.414281
v -0.082436 0.578804 0.420281
v -0.042736 0.595804 0.407181
v -0.012636 0.578804 0.399081
v -0.017236 0.591704 0.401081
v -0.023336 0.604004 0.399081
v 0.193164 0.666504 0.013681
v 0.185764 0.678304 0.013381
v 0.187164 0.678904 -0.006119
v 0.194464 0.667004 -0.006019
v 0.190964 0.665504 0.033181
v 0.183564 0.677304 0.032881
v 0.182364 0.691804 0.013681
v 0.183664 0.692304 -0.006019
v 0.180164 0.690804 0.033181
v 0.194964 0.667204 -0.025719
v 0.184164 0.692504 -0.025719
v 0.187564 0.679004 -0.025719
v 0.024964 0.594804 0.379781
v 0.020464 0.607804 0.381681
v 0.001864 0.599804 0.391881
v 0.006364 0.586804 0.389981
v 0.042964 0.602504 0.368681
v 0.038564 0.615504 0.370481
v 0.014164 0.620004 0.379781
v -0.004436 0.612104 0.389981
v 0.032164 0.627704 0.368681
v 0.060564 0.609904 0.356581
v 0.056264 0.623004 0.358381
v 0.049764 0.635204 0.356581
v 0.193164 0.666504 -0.065119
v 0.185764 0.678304 -0.064919
v 0.183564 0.677304 -0.084319
v 0.190964 0.665504 -0.084619
v 0.194464 0.667004 -0.045419
v 0.187164 0.678904 -0.045319
v 0.182364 0.691804 -0.065119
v 0.180164 0.690804 -0.084619
v 0.183664 0.692304 -0.045419
v 0.187864 0.664204 -0.104119
v 0.177064 0.689504 -0.104119
v 0.180564 0.676004 -0.103619
v 0.093864 0.624204 0.329781
v 0.089764 0.637304 0.331381
v 0.073264 0.630304 0.345281
v 0.077464 0.617204 0.343581
v 0.109564 0.630904 0.314981
v 0.105564 0.644104 0.316581
v 0.083064 0.649404 0.329781
v 0.066764 0.642504 0.343581
v 0.098864 0.656104 0.314981
v 0.124664 0.637304 0.299381
v 0.120664 0.650504 0.300981
v 0.113864 0.662504 0.299381
v 0.179064 0.660504 -0.142319
v 0.171764 0.672304 -0.141719
v 0.166064 0.669904 -0.160319
v 0.173364 0.658004 -0.161019
v 0.183864 0.662504 -0.123319
v 0.176564 0.674304 -0.122819
v 0.168264 0.685704 -0.142319
v 0.162564 0.683304 -0.161019
v 0.173064 0.687804 -0.123319
v 0.166764 0.655304 -0.179419
v 0.156064 0.680504 -0.179419
v 0.159564 0.667104 -0.178619
v 0.152464 0.649104 0.265981
v 0.148664 0.662404 0.267381
v 0.134964 0.656604 0.284481
v 0.138964 0.643404 0.283081
v 0.165264 0.654604 0.248181
v 0.161464 0.667904 0.249481
v 0.141764 0.674404 0.265981
v 0.128164 0.668704 0.283081
v 0.154464 0.679904 0.248181
v 0.177264 0.659704 0.229781
v 0.173464 0.673004 0.230881
v 0.166464 0.685004 0.229781
v 0.151264 0.648604 -0.215019
v 0.144164 0.660504 -0.214019
v 0.135264 0.656804 -0.231119
v 0.142364 0.644804 -0.232219
v 0.159464 0.652104 -0.197419
v 0.152264 0.664004 -0.196519
v 0.140564 0.673904 -0.215019
v 0.131564 0.670104 -0.232219
v 0.148664 0.677404 -0.197419
v 0.132664 0.640704 -0.248819
v 0.121864 0.666004 -0.248819
v 0.125664 0.652604 -0.247619
v -0.210636 0.494304 -0.425419
v -0.215836 0.507004 -0.423219
v -0.233736 0.499404 -0.420819
v -0.228636 0.486604 -0.422919
v -0.192636 0.502004 -0.426819
v -0.197936 0.514704 -0.424719
v -0.221436 0.519604 -0.425419
v -0.239436 0.511904 -0.422919
v -0.203336 0.527304 -0.426819
v -0.246536 0.479004 -0.419619
v -0.257336 0.504304 -0.419619
v -0.251536 0.491804 -0.417519
v 0.198564 0.668804 0.191081
v 0.194964 0.682204 0.192081
v 0.184664 0.677804 0.211781
v 0.188364 0.664404 0.210681
v 0.207864 0.672804 0.170881
v 0.204264 0.686204 0.171781
v 0.187764 0.694104 0.191081
v 0.177564 0.689704 0.210681
v 0.197164 0.698104 0.170881
v 0.216364 0.676404 0.150281
v 0.212764 0.689804 0.151081
v 0.205564 0.701604 0.150281
v 0.111064 0.631504 -0.280519
v 0.104164 0.643504 -0.279119
v 0.092364 0.638504 -0.294019
v 0.099264 0.626404 -0.295419
v 0.122264 0.636204 -0.264919
v 0.115264 0.648204 -0.263719
v 0.100264 0.656804 -0.280519
v 0.088464 0.651704 -0.295419
v 0.111464 0.661504 -0.264919
v 0.086764 0.621104 -0.309719
v 0.075964 0.646404 -0.309719
v 0.079964 0.633204 -0.308219
v -0.281736 0.464004 -0.410019
v -0.286536 0.476904 -0.408019
v -0.303636 0.469604 -0.401819
v -0.298936 0.456704 -0.403819
v -0.264236 0.471504 -0.415319
v -0.269136 0.484304 -0.413219
v -0.292436 0.489304 -0.410019
v -0.309736 0.482004 -0.403819
v -0.275036 0.496704 -0.415319
v -0.315836 0.449504 -0.396719
v -0.326636 0.474704 -0.396719
v -0.320436 0.462404 -0.394719
v 0.230264 0.682304 0.107781
v 0.226764 0.695804 0.108381
v 0.220264 0.693004 0.129881
v 0.223764 0.679504 0.129181
v 0.235864 0.684704 0.085981
v 0.232364 0.698104 0.086481
v 0.219564 0.707604 0.107781
v 0.213064 0.704804 0.129181
v 0.225064 0.710004 0.085981
v 0.240364 0.686604 0.063981
v 0.236964 0.700104 0.064381
v 0.229664 0.711904 0.063981
v 0.059864 0.609704 -0.336119
v 0.053264 0.621804 -0.334519
v 0.039064 0.615704 -0.346519
v 0.045564 0.603604 -0.348319
v 0.073564 0.615504 -0.323319
v 0.066864 0.627604 -0.321719
v 0.049064 0.634904 -0.336119
v 0.034764 0.628804 -0.348319
v 0.062864 0.640804 -0.323319
v 0.030764 0.597204 -0.359619
v 0.019964 0.622504 -0.359619
v 0.024264 0.609404 -0.357819
v -0.348636 0.435504 -0.379919
v -0.353036 0.448504 -0.378019
v -0.368736 0.441804 -0.368319
v -0.364336 0.428804 -0.370219
v -0.332436 0.442404 -0.388719
v -0.336936 0.455404 -0.386819
v -0.359336 0.460804 -0.379919
v -0.375136 0.454004 -0.370219
v -0.343236 0.467704 -0.388719
v -0.379736 0.422204 -0.359619
v -0.390436 0.447504 -0.359619
v -0.384036 0.435304 -0.357819
v 0.246464 0.689204 0.019381
v 0.243064 0.702704 0.019581
v 0.240464 0.701604 0.042081
v 0.243964 0.688104 0.041781
v 0.248064 0.689904 -0.003119
v 0.244564 0.703304 -0.003019
v 0.235664 0.714504 0.019381
v 0.233164 0.713404 0.041781
v 0.237264 0.715204 -0.003119
v 0.248564 0.690104 -0.025719
v 0.245064 0.703604 -0.025719
v 0.237764 0.715404 -0.025719
v -0.000336 0.584004 -0.379919
v -0.006636 0.596204 -0.378019
v -0.022736 0.589404 -0.386819
v -0.016536 0.577104 -0.388719
v 0.015464 0.590704 -0.370219
v 0.009064 0.602904 -0.368319
v -0.011136 0.609304 -0.379919
v -0.027336 0.602404 -0.388719
v 0.004664 0.616004 -0.370219
v -0.033136 0.570004 -0.396719
v -0.043836 0.595304 -0.396719
v -0.039236 0.582304 -0.394719
v -0.408836 0.409804 -0.336119
v -0.412936 0.423004 -0.334519
v -0.426636 0.417204 -0.321719
v -0.422536 0.404004 -0.323319
v -0.394536 0.415904 -0.348319
v -0.398736 0.429104 -0.346519
v -0.419636 0.435104 -0.336119
v -0.433336 0.429204 -0.323319
v -0.405336 0.441204 -0.348319
v -0.435636 0.398404 -0.309719
v -0.446436 0.423604 -0.309719
v -0.439636 0.411604 -0.308219
v 0.246464 0.689204 -0.070819
v 0.243064 0.702704 -0.071019
v 0.244564 0.703304 -0.048419
v 0.248064 0.689904 -0.048319
v 0.243964 0.688104 -0.093219
v 0.240464 0.701604 -0.093519
v 0.235664 0.714504 -0.070819
v 0.237264 0.715204 -0.048319
v 0.233164 0.713404 -0.093219
v -0.067236 0.555504 -0.410019
v -0.073236 0.567904 -0.408019
v -0.090536 0.560404 -0.413219
v -0.084736 0.548004 -0.415319
v -0.050036 0.562804 -0.403819
v -0.056036 0.575204 -0.401819
v -0.078036 0.580704 -0.410019
v -0.095536 0.573304 -0.415319
v -0.060836 0.588104 -0.403819
v -0.460036 0.388004 -0.280519
v -0.463936 0.401304 -0.279119
v -0.475036 0.396504 -0.263719
v -0.471136 0.383204 -0.264919
v -0.448136 0.393004 -0.295419
v -0.452136 0.406304 -0.294019
v -0.470836 0.413304 -0.280519
v -0.481936 0.408504 -0.264919
v -0.458936 0.418304 -0.295419
vn -0.3612 0.9146 0.1816
vn -0.3610 0.9146 0.1820
vn -0.3666 0.9124 0.1820
vn -0.3719 0.9098 0.1844
vn -0.3767 0.9079 0.1841
vn -0.3768 0.9077 0.1845
vn -0.4021 0.8962 -0.1877
vn -0.4020 0.8963 -0.1874
vn -0.4069 0.8943 -0.1864
vn -0.4142 0.8914 -0.1841
vn -0.3927 0.9001 -0.1888
vn -0.3925 0.9003 -0.1883
vn -0.2344 0.7964 0.5575
vn -0.2597 0.7856 0.5616
vn -0.2597 0.7857 0.5615
vn -0.2851 0.7748 0.5643
vn -0.3106 0.7639 0.5657
vn -0.3828 0.9052 0.1848
vn -0.3872 0.9035 0.1839
vn -0.3868 0.9038 -0.1833
vn -0.3867 0.9037 -0.1837
vn -0.3361 0.7530 -0.5657
vn -0.3362 0.7530 -0.5657
vn -0.3362 0.7530 -0.5656
vn -0.3618 0.7421 -0.5643
vn -0.3617 0.7421 -0.5643
vn -0.3871 0.7313 -0.5615
vn -0.3871 0.7313 -0.5616
vn -0.4123 0.7206 -0.5575
vn -0.4121 0.7206 -0.5576
vn -0.4123 0.7205 -0.5575
vn -0.4178 0.8894 -0.1855
vn -0.4167 0.8900 -0.1848
vn -0.3504 0.9193 0.1795
vn -0.3486 0.9195 0.1819
vn 0.4106 -0.8934 0.1821
vn 0.4005 -0.8977 0.1837
vn 0.4042 -0.8960 0.1838
vn 0.4108 -0.8934 0.1817
vn 0.3630 -0.9136 -0.1831
vn 0.3702 -0.9107 -0.1832
vn 0.3701 -0.9108 -0.1827
vn 0.3588 -0.9155 -0.1820
vn 0.3906 -0.9017 0.1854
vn 0.3957 -0.9000 0.1830
vn 0.3735 -0.9087 -0.1862
vn 0.3767 -0.9068 -0.1892
vn 0.4123 -0.7205 0.5575
vn 0.4166 -0.8907 0.1819
vn 0.4199 -0.8893 0.1809
vn 0.3536 -0.9177 -0.1812
vn 0.3499 -0.9191 -0.1809
vn 0.2344 -0.7964 -0.5575
vn 0.2597 -0.7856 -0.5616
vn 0.2597 -0.7857 -0.5615
vn 0.2851 -0.7748 -0.5643
vn 0.3106 -0.7639 -0.5657
vn 0.3844 -0.9048 -0.1832
vn 0.3852 -0.9044 -0.1833
vn 0.3851 -0.9045 0.1833
vn 0.3854 -0.9045 0.1828
vn 0.3361 -0.7530 0.5657
vn 0.3362 -0.7530 0.5657
vn 0.3617 -0.7421 0.5643
vn 0.3871 -0.7313 0.5616
vn 0.3873 -0.7312 0.5616
vn 0.3872 -0.7312 0.5617
vn 0.4404 -0.8799 0.1782
vn 0.4332 -0.8831 0.1802
vn 0.4367 -0.8816 0.1792
vn 0.4448 -0.8790 0.1716
vn 0.3252 -0.9290 -0.1768
vn 0.3353 -0.9248 -0.1799
vn 0.3356 -0.9246 -0.1804
vn 0.3249 -0.9292 -0.1759
vn 0.4273 -0.8862 0.1789
vn 0.4271 -0.8865 0.1782
vn 0.3473 -0.9206 -0.1787
vn 0.3468 -0.9205 -0.1800
vn 0.5107 -0.6785 0.5280
vn 0.5107 -0.6786 0.5279
vn 0.5107 -0.6785 0.5279
vn 0.5110 -0.6782 0.5281
vn 0.4479 -0.8774 0.1718
vn 0.4534 -0.8752 0.1689
vn 0.3178 -0.9320 -0.1746
vn 0.3163 -0.9331 -0.1711
vn 0.1361 -0.8383 -0.5279
vn 0.1601 -0.8281 -0.5373
vn 0.1600 -0.8281 -0.5373
vn 0.1601 -0.8281 -0.5372
vn 0.1845 -0.8177 -0.5453
vn 0.1844 -0.8177 -0.5453
vn 0.2093 -0.8071 -0.5521
vn 0.4375 -0.7098 0.5521
vn 0.4622 -0.6993 0.5453
vn 0.4866 -0.6888 0.5374
vn 0.4866 -0.6888 0.5373
vn 0.4866 -0.6887 0.5375
vn 0.4710 -0.8680 0.1573
vn 0.4644 -0.8698 0.1667
vn 0.4691 -0.8676 0.1648
vn 0.4730 -0.8671 0.1561
vn 0.2980 -0.9416 -0.1567
vn 0.3043 -0.9378 -0.1669
vn 0.3034 -0.9381 -0.1669
vn 0.2977 -0.9417 -0.1571
vn 0.4595 -0.8719 0.1694
vn 0.4598 -0.8717 0.1698
vn 0.3117 -0.9348 -0.1701
vn 0.3117 -0.9349 -0.1697
vn 0.6018 -0.6397 0.4781
vn 0.6018 -0.6398 0.4781
vn 0.4777 -0.8647 0.1550
vn 0.4822 -0.8629 0.1514
vn 0.2920 -0.9442 -0.1521
vn 0.2911 -0.9444 -0.1525
vn 0.0450 -0.8772 -0.4781
vn 0.0449 -0.8772 -0.4781
vn 0.0668 -0.8679 -0.4922
vn 0.0668 -0.8679 -0.4923
vn 0.0893 -0.8583 -0.5054
vn 0.0893 -0.8582 -0.5054
vn 0.0890 -0.8582 -0.5055
vn 0.1124 -0.8484 -0.5173
vn 0.5344 -0.6685 0.5172
vn 0.5343 -0.6685 0.5173
vn 0.5574 -0.6587 0.5054
vn 0.5799 -0.6491 0.4923
vn 0.4984 -0.8559 0.1382
vn 0.4911 -0.8590 0.1447
vn 0.4947 -0.8575 0.1414
vn 0.5010 -0.8547 0.1359
vn 0.2720 -0.9528 -0.1346
vn 0.2775 -0.9503 -0.1408
vn 0.2744 -0.9512 -0.1414
vn 0.2668 -0.9539 -0.1372
vn 0.4881 -0.8597 0.1508
vn 0.4886 -0.8592 0.1517
vn 0.2817 -0.9474 -0.1518
vn 0.2823 -0.9474 -0.1511
vn 0.6823 -0.6054 0.4098
vn 0.5058 -0.8527 0.1309
vn 0.5057 -0.8528 0.1307
vn 0.2666 -0.9547 -0.1324
vn 0.2644 -0.9557 -0.1296
vn -0.0355 -0.9115 -0.4098
vn -0.0165 -0.9033 -0.4286
vn -0.0166 -0.9034 -0.4286
vn -0.0165 -0.9034 -0.4285
vn 0.0031 -0.8950 -0.4461
vn 0.0030 -0.8950 -0.4461
vn 0.0237 -0.8862 -0.4627
vn 0.0237 -0.8862 -0.4626
vn 0.6231 -0.6307 0.4626
vn 0.6436 -0.6219 0.4461
vn 0.6436 -0.6219 0.4462
vn 0.6436 -0.6218 0.4463
vn 0.6635 -0.6133 0.4286
vn 0.6633 -0.6135 0.4285
vn 0.6632 -0.6136 0.4285
vn 0.6633 -0.6136 0.4285
vn 0.5212 -0.8457 0.1151
vn 0.5155 -0.8482 0.1217
vn 0.5212 -0.8455 0.1163
vn 0.5247 -0.8445 0.1074
vn 0.2495 -0.9623 -0.1087
vn 0.2565 -0.9593 -0.1179
vn 0.2557 -0.9596 -0.1170
vn 0.2494 -0.9622 -0.1094
vn 0.5109 -0.8507 0.1231
vn 0.5106 -0.8509 0.1238
vn 0.2583 -0.9583 -0.1221
vn 0.2610 -0.9571 -0.1257
vn 0.7489 -0.5770 0.3258
vn 0.7489 -0.5771 0.3258
vn 0.5263 -0.8440 0.1027
vn 0.5256 -0.8446 0.1025
vn 0.2390 -0.9656 -0.1029
vn 0.2399 -0.9652 -0.1040
vn -0.1022 -0.9399 -0.3258
vn -0.0867 -0.9334 -0.3482
vn -0.0869 -0.9334 -0.3481
vn -0.0867 -0.9334 -0.3483
vn -0.0866 -0.9334 -0.3484
vn -0.0707 -0.9265 -0.3696
vn -0.0708 -0.9265 -0.3696
vn -0.0536 -0.9192 -0.3900
vn -0.0536 -0.9192 -0.3901
vn -0.0535 -0.9193 -0.3899
vn 0.7004 -0.5977 0.3902
vn 0.7175 -0.5904 0.3696
vn 0.7337 -0.5835 0.3481
vn 0.7337 -0.5836 0.3481
vn 0.5377 -0.8392 0.0821
vn 0.5339 -0.8405 0.0924
vn 0.5375 -0.8390 0.0844
vn 0.5399 -0.8383 0.0761
vn 0.2275 -0.9705 -0.0803
vn 0.2358 -0.9680 -0.0854
vn 0.2355 -0.9682 -0.0844
vn 0.2285 -0.9702 -0.0802
vn 0.5338 -0.8401 0.0965
vn 0.5346 -0.8395 0.0971
vn 0.2411 -0.9656 -0.0979
vn 0.2416 -0.9655 -0.0974
vn 0.7992 -0.5556 0.2293
vn 0.5420 -0.8374 0.0705
vn 0.5419 -0.8375 0.0706
vn 0.2301 -0.9706 -0.0702
vn 0.2295 -0.9707 -0.0709
vn -0.1525 -0.9613 -0.2293
vn -0.1414 -0.9567 -0.2544
vn -0.1415 -0.9567 -0.2544
vn -0.1295 -0.9516 -0.2789
vn -0.1164 -0.9459 -0.3027
vn -0.1164 -0.9460 -0.3026
vn -0.1164 -0.9460 -0.3027
vn 0.7631 -0.5710 0.3027
vn 0.7630 -0.5711 0.3027
vn 0.7763 -0.5653 0.2789
vn 0.7763 -0.5654 0.2789
vn 0.7883 -0.5602 0.2544
vn 0.5507 -0.8332 0.0497
vn 0.5476 -0.8349 0.0553
vn 0.5485 -0.8346 0.0516
vn 0.5536 -0.8317 0.0413
vn 0.2215 -0.9741 -0.0453
vn 0.2237 -0.9730 -0.0566
vn 0.2245 -0.9729 -0.0548
vn 0.2210 -0.9742 -0.0452
vn 0.5451 -0.8360 0.0622
vn 0.5452 -0.8360 0.0621
vn 0.2265 -0.9721 -0.0609
vn 0.2266 -0.9721 -0.0612
vn 0.8313 -0.5418 0.1239
vn 0.8313 -0.5419 0.1240
vn 0.8312 -0.5419 0.1240
vn 0.5518 -0.8333 0.0350
vn 0.5516 -0.8334 0.0342
vn 0.2181 -0.9754 -0.0326
vn 0.2174 -0.9755 -0.0331
vn -0.1845 -0.9750 -0.1240
vn -0.1783 -0.9723 -0.1509
vn -0.1708 -0.9692 -0.1774
vn -0.1708 -0.9692 -0.1773
vn -0.1708 -0.9692 -0.1775
vn -0.1622 -0.9655 -0.2037
vn -0.1622 -0.9655 -0.2038
vn -0.1622 -0.9655 -0.2036
vn 0.8090 -0.5514 0.2036
vn 0.8176 -0.5477 0.1775
vn 0.8176 -0.5478 0.1775
vn 0.8250 -0.5446 0.1509
vn 0.5580 -0.8298 0.0117
vn 0.5570 -0.8302 0.0212
vn 0.5577 -0.8299 0.0163
vn 0.5579 -0.8299 0.0064
vn 0.2111 -0.9774 -0.0112
vn 0.2134 -0.9768 -0.0208
vn 0.2128 -0.9769 -0.0203
vn 0.5541 -0.8321 0.0235
vn 0.5513 -0.8339 0.0258
vn 0.2136 -0.9765 -0.0281
vn 0.2140 -0.9764 -0.0279
vn 0.8437 -0.5366 0.0139
vn 0.5590 -0.8292 -0.0000
vn 0.5589 -0.8292 -0.0000
vn 0.2101 -0.9777 -0.0004
vn 0.2100 -0.9777 -0.0002
vn -0.1970 -0.9803 -0.0139
vn -0.1957 -0.9798 -0.0416
vn -0.1932 -0.9787 -0.0692
vn -0.1894 -0.9771 -0.0968
vn -0.1895 -0.9771 -0.0967
vn 0.8362 -0.5398 0.0967
vn 0.8400 -0.5382 0.0692
vn 0.8425 -0.5371 0.0416
vn 0.5562 -0.8307 -0.0231
vn 0.5574 -0.8301 -0.0158
vn 0.5573 -0.8301 -0.0209
vn 0.5537 -0.8321 -0.0312
vn 0.2136 -0.9765 0.0281
vn 0.2133 -0.9768 0.0208
vn 0.2127 -0.9769 0.0203
vn 0.2140 -0.9764 0.0279
vn 0.5586 -0.8294 -0.0091
vn 0.5586 -0.8294 -0.0090
vn 0.2111 -0.9774 0.0112
vn 0.2108 -0.9775 0.0110
vn 0.8362 -0.5398 -0.0967
vn 0.5518 -0.8333 -0.0350
vn 0.5517 -0.8334 -0.0343
vn 0.2186 -0.9753 0.0328
vn 0.2179 -0.9754 0.0331
vn -0.1895 -0.9771 0.0967
vn -0.1932 -0.9787 0.0692
vn -0.1957 -0.9798 0.0416
vn -0.1970 -0.9803 0.0139
vn 0.8437 -0.5366 -0.0139
vn 0.8437 -0.5366 -0.0138
vn 0.8425 -0.5371 -0.0416
vn 0.8400 -0.5382 -0.0692
vn 0.8400 -0.5382 -0.0691
vn 0.5460 -0.8356 -0.0603
vn 0.5483 -0.8347 -0.0519
vn 0.5477 -0.8348 -0.0558
vn 0.5448 -0.8361 -0.0641
vn 0.2265 -0.9721 0.0609
vn 0.2238 -0.9730 0.0566
vn 0.2245 -0.9729 0.0549
vn 0.2266 -0.9721 0.0612
vn 0.5537 -0.8316 -0.0433
vn 0.5503 -0.8339 -0.0421
vn 0.2216 -0.9741 0.0454
vn 0.2211 -0.9742 0.0452
vn 0.8090 -0.5514 -0.2036
vn 0.5420 -0.8374 -0.0705
vn 0.5419 -0.8375 -0.0706
vn 0.2301 -0.9706 0.0700
vn 0.2295 -0.9707 0.0708
vn -0.1622 -0.9655 0.2038
vn -0.1622 -0.9655 0.2037
vn -0.1622 -0.9655 0.2036
vn -0.1709 -0.9692 0.1775
vn -0.1708 -0.9692 0.1775
vn -0.1783 -0.9723 0.1509
vn -0.1845 -0.9750 0.1240
vn 0.8312 -0.5419 -0.1240
vn 0.8250 -0.5446 -0.1508
vn 0.8251 -0.5444 -0.1507
vn 0.8250 -0.5446 -0.1509
vn 0.8176 -0.5477 -0.1775
vn 0.5345 -0.8399 -0.0940
vn 0.5370 -0.8394 -0.0838
vn 0.5343 -0.8403 -0.0924
vn 0.5331 -0.8403 -0.0985
vn 0.2411 -0.9656 0.0979
vn 0.2358 -0.9680 0.0854
vn 0.2353 -0.9683 0.0842
vn 0.2416 -0.9655 0.0976
vn 0.5379 -0.8393 -0.0790
vn 0.5380 -0.8393 -0.0787
vn 0.2278 -0.9704 0.0803
vn 0.2288 -0.9702 0.0802
vn 0.7632 -0.5709 -0.3027
vn 0.7631 -0.5709 -0.3027
vn 0.7631 -0.5710 -0.3027
vn 0.5263 -0.8440 -0.1027
vn 0.5256 -0.8446 -0.1025
vn 0.2390 -0.9656 0.1029
vn 0.2399 -0.9652 0.1040
vn -0.1164 -0.9460 0.3026
vn -0.1164 -0.9459 0.3027
vn -0.1164 -0.9460 0.3027
vn -0.1295 -0.9516 0.2789
vn -0.1415 -0.9567 0.2544
vn -0.1525 -0.9613 0.2293
vn 0.7992 -0.5556 -0.2293
vn 0.7883 -0.5602 -0.2544
vn 0.7763 -0.5653 -0.2789
vn 0.7763 -0.5654 -0.2788
vn 0.7763 -0.5654 -0.2789
vn 0.5124 -0.8501 -0.1219
vn 0.5204 -0.8460 -0.1162
vn 0.5173 -0.8470 -0.1225
vn 0.5101 -0.8508 -0.1259
vn 0.2603 -0.9576 0.1234
vn 0.2566 -0.9593 0.1179
vn 0.2558 -0.9596 0.1168
vn 0.2605 -0.9575 0.1238
vn 0.5261 -0.8430 -0.1124
vn 0.5243 -0.8447 -0.1074
vn 0.2494 -0.9623 0.1087
vn 0.2494 -0.9622 0.1094
vn 0.7004 -0.5977 -0.3901
vn 0.5058 -0.8526 -0.1309
vn 0.5058 -0.8527 -0.1308
vn 0.2658 -0.9551 0.1307
vn 0.2656 -0.9552 0.1308
vn -0.0535 -0.9192 0.3901
vn -0.0536 -0.9192 0.3901
vn -0.0707 -0.9265 0.3697
vn -0.0706 -0.9264 0.3698
vn -0.0706 -0.9265 0.3697
vn -0.0869 -0.9334 0.3481
vn -0.1022 -0.9399 0.3258
vn 0.7489 -0.5770 -0.3258
vn 0.7338 -0.5835 -0.3481
vn 0.7337 -0.5835 -0.3481
vn 0.7175 -0.5904 -0.3696
vn 0.4900 -0.8589 -0.1488
vn 0.4941 -0.8578 -0.1417
vn 0.4912 -0.8590 -0.1446
vn 0.4874 -0.8598 -0.1521
vn 0.2820 -0.9474 0.1517
vn 0.2782 -0.9500 0.1417
vn 0.2764 -0.9507 0.1406
vn 0.2824 -0.9474 0.1508
vn 0.4995 -0.8554 -0.1370
vn 0.4996 -0.8554 -0.1369
vn 0.2724 -0.9526 0.1355
vn 0.2706 -0.9533 0.1340
vn 0.6231 -0.6307 -0.4626
vn 0.4794 -0.8642 -0.1529
vn 0.4798 -0.8642 -0.1517
vn 0.2924 -0.9441 0.1522
vn 0.2912 -0.9444 0.1525
vn 0.0237 -0.8862 0.4627
vn 0.0237 -0.8862 0.4628
vn 0.0237 -0.8863 0.4626
vn 0.0031 -0.8950 0.4461
vn -0.0166 -0.9034 0.4285
vn -0.0355 -0.9115 0.4098
vn 0.6823 -0.6054 -0.4098
vn 0.6635 -0.6133 -0.4285
vn 0.6636 -0.6134 -0.4282
vn 0.6635 -0.6133 -0.4284
vn 0.6634 -0.6133 -0.4286
vn 0.6436 -0.6219 -0.4461
vn 0.4611 -0.8712 -0.1682
vn 0.4699 -0.8672 -0.1649
vn 0.4640 -0.8700 -0.1671
vn 0.4580 -0.8724 -0.1709
vn 0.3118 -0.9349 0.1698
vn 0.3041 -0.9380 0.1663
vn 0.3034 -0.9382 0.1663
vn 0.3118 -0.9349 0.1695
vn 0.4705 -0.8680 -0.1591
vn 0.4709 -0.8680 -0.1578
vn 0.2975 -0.9418 0.1566
vn 0.2974 -0.9417 0.1572
vn 0.5343 -0.6685 -0.5173
vn 0.4500 -0.8768 -0.1698
vn 0.4504 -0.8768 -0.1686
vn 0.3182 -0.9318 0.1747
vn 0.3164 -0.9331 0.1710
vn 0.1124 -0.8484 0.5172
vn 0.1124 -0.8484 0.5173
vn 0.0893 -0.8583 0.5054
vn 0.0893 -0.8582 0.5054
vn 0.0894 -0.8583 0.5054
vn 0.0899 -0.8584 0.5050
vn 0.0668 -0.8679 0.4923
vn 0.0668 -0.8680 0.4921
vn 0.0668 -0.8679 0.4922
vn 0.0668 -0.8682 0.4917
vn 0.0449 -0.8772 0.4781
vn 0.0448 -0.8772 0.4780
vn 0.6017 -0.6397 -0.4782
vn 0.6018 -0.6397 -0.4781
vn 0.6018 -0.6398 -0.4781
vn 0.5799 -0.6492 -0.4923
vn 0.5799 -0.6491 -0.4923
vn 0.5799 -0.6492 -0.4922
vn 0.5574 -0.6587 -0.5054
vn 0.4288 -0.8856 -0.1782
vn 0.4373 -0.8814 -0.1785
vn 0.4342 -0.8826 -0.1803
vn 0.4248 -0.8872 -0.1800
vn 0.3473 -0.9206 0.1787
vn 0.3353 -0.9248 0.1799
vn 0.3356 -0.9246 0.1804
vn 0.3468 -0.9205 0.1799
vn 0.4405 -0.8804 -0.1757
vn 0.4403 -0.8803 -0.1769
vn 0.3252 -0.9290 0.1768
vn 0.3249 -0.9292 0.1758
vn 0.4374 -0.7098 -0.5521
vn 0.4185 -0.8900 -0.1811
vn 0.4184 -0.8901 -0.1810
vn 0.3516 -0.9186 0.1807
vn 0.3516 -0.9185 0.1809
vn 0.2093 -0.8071 0.5521
vn 0.1845 -0.8177 0.5453
vn 0.1846 -0.8176 0.5454
vn 0.1600 -0.8281 0.5373
vn 0.1601 -0.8281 0.5373
vn 0.1600 -0.8281 0.5372
vn 0.1596 -0.8281 0.5374
vn 0.1361 -0.8383 0.5279
vn 0.1361 -0.8384 0.5278
vn 0.5107 -0.6786 -0.5279
vn 0.5108 -0.6785 -0.5279
vn 0.4866 -0.6888 -0.5373
vn 0.4866 -0.6888 -0.5374
vn 0.4866 -0.6887 -0.5375
vn 0.4867 -0.6889 -0.5372
vn 0.4622 -0.6992 -0.5454
vn 0.4622 -0.6993 -0.5453
vn 0.3966 -0.8995 -0.1835
vn 0.4038 -0.8962 -0.1835
vn 0.4001 -0.8978 -0.1840
vn 0.3904 -0.9019 -0.1847
vn 0.3736 -0.9087 0.1863
vn 0.3704 -0.9106 0.1834
vn 0.3705 -0.9106 0.1831
vn 0.3747 -0.9079 0.1881
vn 0.4106 -0.8935 -0.1818
vn 0.4106 -0.8935 -0.1821
vn 0.3611 -0.9146 0.1820
vn 0.3609 -0.9147 0.1820
vn 0.3361 -0.7530 -0.5657
vn 0.3362 -0.7529 -0.5657
vn 0.3861 -0.9041 -0.1834
vn 0.3859 -0.9042 -0.1828
vn 0.3841 -0.9049 0.1833
vn 0.3844 -0.9047 0.1837
vn 0.3106 -0.7639 0.5657
vn 0.2851 -0.7748 0.5643
vn 0.2597 -0.7856 0.5616
vn 0.2344 -0.7964 0.5575
vn 0.2343 -0.7964 0.5575
vn 0.4123 -0.7205 -0.5575
vn 0.3872 -0.7313 -0.5615
vn 0.3871 -0.7313 -0.5616
vn 0.3872 -0.7313 -0.5616
vn 0.3872 -0.7312 -0.5616
vn 0.3618 -0.7421 -0.5643
vn 0.3617 -0.7421 -0.5643
vn 0.3623 -0.9134 -0.1857
vn 0.3706 -0.9098 -0.1870
vn 0.3666 -0.9114 -0.1869
vn 0.3577 -0.9151 -0.1861
vn 0.4108 -0.8935 0.1815
vn 0.4018 -0.8964 0.1874
vn 0.4013 -0.8964 0.1882
vn 0.4113 -0.8932 0.1820
vn 0.3759 -0.9071 -0.1893
vn 0.3774 -0.9065 -0.1894
vn 0.3961 -0.8999 0.1825
vn 0.3927 -0.9013 0.1827
vn 0.3522 -0.9183 -0.1807
vn 0.3526 -0.9183 -0.1799
vn 0.4191 -0.8898 0.1808
vn 0.4190 -0.8898 0.1811
vn 0.4124 -0.7205 0.5575
vn 0.4123 -0.7205 0.5576
vn 0.3363 -0.7530 0.5657
vn 0.3308 -0.9270 -0.1769
vn 0.3384 -0.9243 -0.1763
vn 0.3331 -0.9263 -0.1759
vn 0.3240 -0.9293 -0.1772
vn 0.4412 -0.8807 0.1725
vn 0.4328 -0.8841 0.1760
vn 0.4326 -0.8842 0.1763
vn 0.4407 -0.8810 0.1722
vn 0.3418 -0.9228 -0.1779
vn 0.3437 -0.9222 -0.1776
vn 0.4269 -0.8867 0.1777
vn 0.4260 -0.8871 0.1775
vn 0.3162 -0.9331 -0.1713
vn 0.3160 -0.9332 -0.1710
vn 0.4500 -0.8768 0.1694
vn 0.4500 -0.8768 0.1697
vn 0.4866 -0.6889 0.5373
vn 0.4374 -0.7098 0.5521
vn 0.2094 -0.8071 -0.5521
vn 0.1845 -0.8176 -0.5453
vn 0.3000 -0.9406 -0.1592
vn 0.3078 -0.9372 -0.1639
vn 0.3035 -0.9391 -0.1614
vn 0.2964 -0.9421 -0.1569
vn 0.4767 -0.8642 0.1611
vn 0.4677 -0.8691 0.1611
vn 0.4680 -0.8689 0.1611
vn 0.4758 -0.8644 0.1626
vn 0.3139 -0.9349 -0.1655
vn 0.3134 -0.9352 -0.1652
vn 0.4584 -0.8733 0.1651
vn 0.4580 -0.8735 0.1650
vn 0.0450 -0.8771 -0.4781
vn 0.2915 -0.9444 -0.1520
vn 0.2914 -0.9444 -0.1523
vn 0.4799 -0.8630 0.1580
vn 0.4803 -0.8628 0.1576
vn 0.5801 -0.6490 0.4922
vn 0.5800 -0.6491 0.4923
vn 0.5800 -0.6491 0.4922
vn 0.0894 -0.8582 -0.5054
vn 0.0894 -0.8582 -0.5055
vn 0.2729 -0.9517 -0.1410
vn 0.2779 -0.9494 -0.1464
vn 0.2748 -0.9506 -0.1446
vn 0.2691 -0.9537 -0.1346
vn 0.4992 -0.8558 0.1357
vn 0.4956 -0.8563 0.1456
vn 0.4966 -0.8557 0.1452
vn 0.5002 -0.8553 0.1354
vn 0.2840 -0.9475 -0.1473
vn 0.2841 -0.9475 -0.1464
vn 0.4845 -0.8616 0.1515
vn 0.4848 -0.8619 0.1487
vn -0.0355 -0.9115 -0.4099
vn 0.2652 -0.9553 -0.1306
vn 0.2653 -0.9554 -0.1300
vn 0.5054 -0.8529 0.1305
vn 0.5058 -0.8527 0.1308
vn 0.6435 -0.6220 0.4460
vn 0.6230 -0.6307 0.4626
vn 0.0237 -0.8863 -0.4626
vn 0.0237 -0.8863 -0.4625
vn -0.0166 -0.9034 -0.4285
vn 0.2480 -0.9619 -0.1147
vn 0.2553 -0.9591 -0.1222
vn 0.2505 -0.9613 -0.1149
vn 0.2444 -0.9635 -0.1094
vn 0.5210 -0.8465 0.1095
vn 0.5183 -0.8466 0.1207
vn 0.5189 -0.8462 0.1210
vn 0.5215 -0.8462 0.1096
vn 0.2565 -0.9584 -0.1256
vn 0.2552 -0.9588 -0.1247
vn 0.5137 -0.8484 0.1277
vn 0.5129 -0.8490 0.1268
vn -0.1024 -0.9399 -0.3259
vn 0.2423 -0.9650 -0.0999
vn 0.2428 -0.9650 -0.0994
vn 0.5264 -0.8442 0.1012
vn 0.5267 -0.8440 0.1011
vn -0.0536 -0.9192 -0.3902
vn 0.2333 -0.9691 -0.0798
vn 0.2344 -0.9679 -0.0906
vn 0.2318 -0.9688 -0.0874
vn 0.2303 -0.9701 -0.0765
vn 0.5434 -0.8358 0.0785
vn 0.5374 -0.8386 0.0885
vn 0.5379 -0.8383 0.0889
vn 0.5386 -0.8390 0.0774
vn 0.2409 -0.9660 -0.0944
vn 0.2419 -0.9655 -0.0963
vn 0.5354 -0.8390 0.0969
vn 0.5299 -0.8424 0.0984
vn -0.1525 -0.9613 -0.2294
vn -0.1526 -0.9613 -0.2293
vn 0.2258 -0.9715 -0.0725
vn 0.2257 -0.9714 -0.0737
vn 0.5465 -0.8345 0.0707
vn 0.5455 -0.8350 0.0719
vn 0.7991 -0.5557 0.2293
vn 0.7993 -0.5555 0.2292
vn 0.7763 -0.5653 0.2790
vn -0.1296 -0.9515 -0.2789
vn -0.1295 -0.9515 -0.2789
vn 0.2163 -0.9752 -0.0475
vn 0.2251 -0.9728 -0.0541
vn 0.2206 -0.9741 -0.0503
vn 0.2178 -0.9751 -0.0420
vn 0.5492 -0.8344 0.0458
vn 0.5479 -0.8348 0.0539
vn 0.5477 -0.8349 0.0540
vn 0.5497 -0.8341 0.0460
vn 0.2263 -0.9720 -0.0638
vn 0.2262 -0.9719 -0.0651
vn 0.5451 -0.8361 0.0615
vn 0.5455 -0.8358 0.0616
vn -0.1844 -0.9750 -0.1239
vn 0.2196 -0.9748 -0.0390
vn 0.2159 -0.9756 -0.0397
vn 0.5559 -0.8304 0.0365
vn 0.5552 -0.8309 0.0365
vn 0.8090 -0.5514 0.2037
vn -0.1623 -0.9655 -0.2036
vn -0.1623 -0.9655 -0.2037
vn -0.1709 -0.9692 -0.1775
vn 0.2137 -0.9768 -0.0135
vn 0.2133 -0.9767 -0.0217
vn 0.2134 -0.9769 -0.0146
vn 0.2137 -0.9769 -0.0045
vn 0.5544 -0.8322 0.0096
vn 0.5576 -0.8299 0.0191
vn 0.5583 -0.8294 0.0196
vn 0.5547 -0.8320 0.0090
vn 0.2140 -0.9764 -0.0280
vn 0.2137 -0.9765 -0.0284
vn 0.5575 -0.8298 0.0260
vn 0.5542 -0.8320 0.0235
vn 0.2144 -0.9767 -0.0000
vn 0.2102 -0.9777 -0.0000
vn 0.5549 -0.8319 -0.0000
vn 0.8437 -0.5367 0.0139
vn 0.8438 -0.5366 0.0139
vn 0.8436 -0.5367 0.0139
vn 0.8363 -0.5397 0.0965
vn 0.8363 -0.5397 0.0966
vn 0.8364 -0.5395 0.0963
vn -0.1932 -0.9787 -0.0693
vn 0.2139 -0.9765 0.0254
vn 0.2127 -0.9770 0.0146
vn 0.2134 -0.9767 0.0217
vn 0.2147 -0.9762 0.0300
vn 0.5576 -0.8297 -0.0263
vn 0.5577 -0.8299 -0.0190
vn 0.5583 -0.8294 -0.0195
vn 0.5550 -0.8315 -0.0234
vn 0.2109 -0.9774 0.0110
vn 0.2105 -0.9776 0.0099
vn 0.5544 -0.8322 -0.0096
vn 0.5547 -0.8320 -0.0090
vn -0.1895 -0.9771 0.0966
vn 0.2196 -0.9748 0.0390
vn 0.2158 -0.9756 0.0396
vn 0.5558 -0.8305 -0.0367
vn 0.5551 -0.8310 -0.0364
vn 0.8362 -0.5398 -0.0968
vn 0.8437 -0.5367 -0.0139
vn -0.1957 -0.9798 0.0417
vn -0.1932 -0.9787 0.0693
vn 0.2264 -0.9721 0.0614
vn 0.2206 -0.9741 0.0505
vn 0.2253 -0.9727 0.0558
vn 0.2257 -0.9720 0.0658
vn 0.5451 -0.8361 -0.0615
vn 0.5479 -0.8348 -0.0539
vn 0.5478 -0.8349 -0.0540
vn 0.5455 -0.8358 -0.0616
vn 0.2171 -0.9752 0.0437
vn 0.2174 -0.9751 0.0431
vn 0.5493 -0.8344 -0.0457
vn 0.5497 -0.8341 -0.0459
vn -0.1623 -0.9655 0.2036
vn -0.1622 -0.9655 0.2035
vn 0.2257 -0.9715 0.0726
vn 0.2258 -0.9714 0.0736
vn 0.5466 -0.8344 -0.0707
vn 0.5455 -0.8350 -0.0718
vn 0.8090 -0.5514 -0.2037
vn 0.8176 -0.5478 -0.1775
vn 0.8312 -0.5419 -0.1242
vn -0.1844 -0.9750 0.1240
vn 0.2406 -0.9662 0.0927
vn 0.2321 -0.9689 0.0860
vn 0.2331 -0.9683 0.0899
vn 0.2407 -0.9657 0.0979
vn 0.5354 -0.8390 -0.0969
vn 0.5374 -0.8386 -0.0885
vn 0.5379 -0.8383 -0.0889
vn 0.5298 -0.8424 -0.0984
vn 0.2326 -0.9694 0.0787
vn 0.2343 -0.9690 0.0782
vn 0.5425 -0.8366 -0.0764
vn 0.5387 -0.8389 -0.0777
vn 0.2423 -0.9650 0.0999
vn 0.2428 -0.9650 0.0994
vn 0.5264 -0.8442 -0.1012
vn 0.5267 -0.8440 -0.1011
vn 0.7631 -0.5711 -0.3027
vn 0.7630 -0.5712 -0.3027
vn 0.7762 -0.5654 -0.2789
vn 0.7993 -0.5555 -0.2294
vn 0.7992 -0.5556 -0.2292
vn -0.1524 -0.9613 0.2294
vn -0.1525 -0.9613 0.2294
vn -0.1414 -0.9567 0.2544
vn -0.1295 -0.9516 0.2788
vn -0.1295 -0.9516 0.2787
vn -0.1296 -0.9515 0.2789
vn -0.1295 -0.9515 0.2789
vn 0.2560 -0.9587 0.1236
vn 0.2543 -0.9603 0.1144
vn 0.2555 -0.9592 0.1208
vn 0.2574 -0.9579 0.1272
vn 0.5126 -0.8489 -0.1286
vn 0.5183 -0.8466 -0.1208
vn 0.5187 -0.8463 -0.1213
vn 0.5127 -0.8491 -0.1272
vn 0.2451 -0.9630 0.1120
vn 0.2443 -0.9632 0.1117
vn 0.5210 -0.8465 -0.1096
vn 0.5215 -0.8462 -0.1096
vn -0.0537 -0.9192 0.3901
vn -0.0538 -0.9193 0.3899
vn 0.2653 -0.9553 0.1305
vn 0.2653 -0.9554 0.1296
vn 0.5054 -0.8529 -0.1305
vn 0.7004 -0.5977 -0.3902
vn -0.0708 -0.9265 0.3696
vn 0.2810 -0.9485 0.1461
vn 0.2741 -0.9509 0.1438
vn 0.2772 -0.9496 0.1466
vn 0.2866 -0.9462 0.1503
vn 0.4843 -0.8621 -0.1491
vn 0.4953 -0.8565 -0.1452
vn 0.4961 -0.8560 -0.1454
vn 0.4856 -0.8616 -0.1481
vn 0.2731 -0.9518 0.1392
vn 0.2741 -0.9518 0.1375
vn 0.4995 -0.8557 -0.1349
vn 0.5011 -0.8548 -0.1352
vn 0.0237 -0.8862 0.4626
vn 0.2915 -0.9444 0.1520
vn 0.2912 -0.9445 0.1521
vn 0.4795 -0.8631 -0.1582
vn 0.4803 -0.8628 -0.1577
vn 0.6633 -0.6135 -0.4285
vn 0.6823 -0.6054 -0.4097
vn -0.0354 -0.9115 0.4098
vn 0.3089 -0.9365 0.1660
vn 0.3034 -0.9392 0.1609
vn 0.3084 -0.9370 0.1642
vn 0.3165 -0.9332 0.1702
vn 0.4584 -0.8732 -0.1657
vn 0.4663 -0.8698 -0.1614
vn 0.4662 -0.8699 -0.1612
vn 0.4583 -0.8732 -0.1657
vn 0.2986 -0.9412 0.1579
vn 0.2988 -0.9412 0.1577
vn 0.4742 -0.8650 -0.1639
vn 0.4715 -0.8666 -0.1633
vn 0.3162 -0.9331 0.1713
vn 0.3160 -0.9329 0.1725
vn 0.4501 -0.8768 -0.1694
vn 0.4500 -0.8768 -0.1697
vn 0.5574 -0.6588 -0.5053
vn 0.5801 -0.6490 -0.4923
vn 0.0449 -0.8771 0.4782
vn 0.0450 -0.8772 0.4781
vn 0.0670 -0.8678 0.4924
vn 0.0668 -0.8678 0.4924
vn 0.0671 -0.8677 0.4925
vn 0.0893 -0.8582 0.5055
vn 0.3407 -0.9230 0.1790
vn 0.3335 -0.9263 0.1754
vn 0.3390 -0.9239 0.1774
vn 0.3470 -0.9207 0.1786
vn 0.4268 -0.8867 -0.1777
vn 0.4328 -0.8842 -0.1759
vn 0.4326 -0.8842 -0.1762
vn 0.4259 -0.8872 -0.1776
vn 0.3274 -0.9278 0.1787
vn 0.3302 -0.9270 0.1779
vn 0.4411 -0.8807 -0.1726
vn 0.4404 -0.8810 -0.1727
vn 0.3524 -0.9182 0.1807
vn 0.3530 -0.9181 0.1800
vn 0.4189 -0.8899 -0.1808
vn 0.4189 -0.8898 -0.1811
vn 0.4867 -0.6888 -0.5373
vn 0.4866 -0.6889 -0.5373
vn 0.1601 -0.8281 0.5372
vn 0.3785 -0.9062 0.1886
vn 0.3663 -0.9116 0.1866
vn 0.3704 -0.9098 0.1872
vn 0.3788 -0.9062 0.1879
vn 0.3977 -0.8986 -0.1855
vn 0.4020 -0.8963 -0.1874
vn 0.4019 -0.8961 -0.1883
vn 0.3903 -0.9020 -0.1846
vn 0.3606 -0.9140 0.1861
vn 0.3605 -0.9139 0.1868
vn 0.4108 -0.8935 -0.1814
vn 0.4113 -0.8932 -0.1820
vn 0.3105 -0.7639 0.5657
vn 0.3362 -0.7530 -0.5657
vn 0.3362 -0.7530 -0.5656
vn 0.3360 -0.7530 -0.5657
vn 0.3870 -0.7313 -0.5616
vn 0.2345 -0.7965 0.5574
vn 0.2345 -0.7964 0.5574
vn 0.2347 -0.7964 0.5573
vn 0.2597 -0.7856 0.5615
vn 0.2851 -0.7747 0.5644
vn 0.2850 -0.7747 0.5644
vn 0.2850 -0.7748 0.5643
vn -0.3355 0.9246 0.1806
vn -0.3381 0.9238 0.1797
vn -0.3297 0.9279 0.1743
vn -0.3262 0.9293 0.1735
vn -0.3401 0.9231 0.1796
vn -0.3482 0.9201 0.1794
vn -0.4330 0.8841 -0.1756
vn -0.4325 0.8840 -0.1774
vn -0.4427 0.8797 -0.1736
vn -0.4427 0.8796 -0.1741
vn -0.4255 0.8863 -0.1825
vn -0.4290 0.8849 -0.1815
vn -0.1361 0.8383 0.5279
vn -0.1361 0.8383 0.5280
vn -0.1601 0.8281 0.5373
vn -0.1845 0.8177 0.5453
vn -0.1844 0.8177 0.5454
vn -0.2093 0.8071 0.5521
vn -0.2093 0.8070 0.5522
vn -0.4374 0.7098 -0.5521
vn -0.4622 0.6993 -0.5453
vn -0.4866 0.6888 -0.5373
vn -0.5107 0.6786 -0.5279
vn -0.5106 0.6787 -0.5279
vn -0.4545 0.8742 -0.1710
vn -0.4471 0.8777 -0.1725
vn -0.3202 0.9308 0.1761
vn -0.3222 0.9306 0.1739
vn -0.3024 0.9389 0.1645
vn -0.3056 0.9376 0.1661
vn -0.2983 0.9406 0.1621
vn -0.2947 0.9421 0.1601
vn -0.3113 0.9350 0.1697
vn -0.3114 0.9351 0.1694
vn -0.4667 0.8686 -0.1665
vn -0.4665 0.8689 -0.1658
vn -0.4703 0.8680 -0.1593
vn -0.4749 0.8659 -0.1570
vn -0.4554 0.8738 -0.1706
vn -0.4622 0.8707 -0.1682
vn -0.0449 0.8772 0.4781
vn -0.0669 0.8679 0.4923
vn -0.0669 0.8678 0.4923
vn -0.0668 0.8679 0.4923
vn -0.0893 0.8582 0.5055
vn -0.0893 0.8583 0.5054
vn -0.1124 0.8484 0.5173
vn -0.1125 0.8484 0.5173
vn -0.5343 0.6685 -0.5173
vn -0.5574 0.6587 -0.5054
vn -0.5800 0.6491 -0.4922
vn -0.5799 0.6491 -0.4923
vn -0.6018 0.6397 -0.4781
vn -0.6018 0.6398 -0.4780
vn -0.4802 0.8640 -0.1514
vn -0.4789 0.8645 -0.1526
vn -0.2888 0.9445 0.1564
vn -0.2887 0.9445 0.1565
vn -0.2752 0.9510 0.1412
vn -0.2803 0.9492 0.1428
vn -0.2736 0.9522 0.1356
vn -0.2740 0.9519 0.1375
vn -0.2819 0.9475 0.1511
vn -0.2824 0.9474 0.1509
vn -0.4950 0.8565 -0.1463
vn -0.4949 0.8564 -0.1473
vn -0.5014 0.8539 -0.1394
vn -0.5012 0.8541 -0.1392
vn -0.4871 0.8600 -0.1522
vn -0.4898 0.8590 -0.1490
vn 0.0355 0.9115 0.4097
vn 0.0355 0.9115 0.4098
vn 0.0165 0.9034 0.4285
vn 0.0166 0.9034 0.4285
vn 0.0164 0.9034 0.4285
vn -0.0031 0.8950 0.4461
vn -0.0032 0.8950 0.4461
vn -0.0030 0.8950 0.4461
vn -0.0237 0.8862 0.4626
vn -0.0237 0.8863 0.4626
vn -0.0237 0.8863 0.4625
vn -0.6231 0.6307 -0.4626
vn -0.6436 0.6219 -0.4461
vn -0.6634 0.6134 -0.4286
vn -0.6634 0.6135 -0.4285
vn -0.6634 0.6135 -0.4284
vn -0.6823 0.6054 -0.4099
vn -0.6823 0.6054 -0.4098
vn -0.6822 0.6054 -0.4100
vn -0.5094 0.8505 -0.1312
vn -0.5060 0.8519 -0.1346
vn -0.2610 0.9566 0.1296
vn -0.2640 0.9549 0.1356
vn -0.2535 0.9607 0.1133
vn -0.2553 0.9593 0.1209
vn -0.2500 0.9621 0.1089
vn -0.2496 0.9621 0.1096
vn -0.2614 0.9572 0.1241
vn -0.2606 0.9575 0.1240
vn -0.5186 0.8473 -0.1144
vn -0.5181 0.8476 -0.1146
vn -0.5208 0.8459 -0.1154
vn -0.5256 0.8438 -0.1080
vn -0.5100 0.8505 -0.1287
vn -0.5153 0.8484 -0.1213
vn 0.1022 0.9399 0.3258
vn 0.0869 0.9334 0.3481
vn 0.0708 0.9265 0.3696
vn 0.0536 0.9192 0.3901
vn -0.7004 0.5977 -0.3902
vn -0.7175 0.5904 -0.3696
vn -0.7337 0.5835 -0.3482
vn -0.7337 0.5835 -0.3481
vn -0.7489 0.5770 -0.3258
vn -0.5296 0.8416 -0.1062
vn -0.5298 0.8416 -0.1049
vn -0.2397 0.9656 0.1012
vn -0.2444 0.9637 0.1074
vn -0.2345 0.9684 0.0844
vn -0.2374 0.9673 0.0891
vn -0.2327 0.9695 0.0777
vn -0.2326 0.9695 0.0772
vn -0.2423 0.9655 0.0957
vn -0.2416 0.9655 0.0975
vn -0.5342 0.8411 -0.0854
vn -0.5358 0.8402 -0.0835
vn -0.5375 0.8393 -0.0812
vn -0.5402 0.8381 -0.0759
vn -0.5296 0.8426 -0.0976
vn -0.5318 0.8418 -0.0924
vn 0.1524 0.9613 0.2293
vn 0.1524 0.9614 0.2291
vn 0.1524 0.9614 0.2293
vn 0.1414 0.9567 0.2544
vn 0.1415 0.9567 0.2544
vn 0.1420 0.9566 0.2546
vn 0.1295 0.9515 0.2789
vn 0.1295 0.9516 0.2789
vn 0.1164 0.9460 0.3027
vn 0.1164 0.9459 0.3027
vn -0.7631 0.5710 -0.3028
vn -0.7631 0.5710 -0.3027
vn -0.7632 0.5709 -0.3028
vn -0.7632 0.5707 -0.3029
vn -0.7763 0.5654 -0.2789
vn -0.7762 0.5654 -0.2789
vn -0.7883 0.5602 -0.2544
vn -0.7992 0.5556 -0.2293
vn -0.5462 0.8345 -0.0726
vn -0.5446 0.8354 -0.0744
vn -0.2276 0.9714 0.0682
vn -0.2297 0.9706 0.0723
vn -0.2188 0.9745 0.0495
vn -0.2234 0.9730 0.0575
vn -0.2167 0.9751 0.0469
vn -0.2171 0.9751 0.0461
vn -0.2268 0.9720 0.0616
vn -0.2267 0.9720 0.0612
vn -0.5512 0.8325 -0.0556
vn -0.5506 0.8329 -0.0567
vn -0.5519 0.8324 -0.0494
vn -0.5527 0.8323 -0.0412
vn -0.5472 0.8345 -0.0648
vn -0.5482 0.8341 -0.0612
vn 0.1844 0.9750 0.1240
vn 0.1845 0.9750 0.1240
vn 0.1845 0.9750 0.1241
vn 0.1784 0.9723 0.1510
vn 0.1783 0.9723 0.1509
vn 0.1709 0.9692 0.1775
vn 0.1709 0.9692 0.1774
vn 0.1621 0.9656 0.2034
vn 0.1620 0.9656 0.2032
vn 0.1622 0.9655 0.2036
vn -0.8090 0.5514 -0.2036
vn -0.8177 0.5477 -0.1775
vn -0.8177 0.5475 -0.1775
vn -0.8177 0.5476 -0.1775
vn -0.8176 0.5477 -0.1775
vn -0.8250 0.5446 -0.1509
vn -0.8250 0.5446 -0.1510
vn -0.8311 0.5420 -0.1243
vn -0.8312 0.5419 -0.1240
vn -0.8315 0.5415 -0.1240
vn -0.5513 0.8336 -0.0345
vn -0.5515 0.8334 -0.0352
vn -0.2189 0.9752 0.0335
vn -0.2203 0.9746 0.0390
vn -0.2133 0.9769 0.0143
vn -0.2152 0.9763 0.0231
vn -0.2179 0.9759 0.0080
vn -0.2173 0.9761 0.0076
vn -0.2177 0.9757 0.0264
vn -0.2174 0.9757 0.0266
vn -0.5545 0.8319 -0.0215
vn -0.5534 0.8327 -0.0199
vn -0.5582 0.8296 -0.0121
vn -0.5581 0.8297 -0.0065
vn -0.5537 0.8321 -0.0311
vn -0.5543 0.8320 -0.0224
vn 0.1970 0.9803 0.0139
vn 0.1957 0.9798 0.0416
vn 0.1932 0.9787 0.0692
vn 0.1895 0.9771 0.0967
vn -0.8361 0.5400 -0.0965
vn -0.8362 0.5399 -0.0967
vn -0.8363 0.5397 -0.0965
vn -0.8364 0.5395 -0.0963
vn -0.8400 0.5382 -0.0692
vn -0.8400 0.5382 -0.0691
vn -0.8425 0.5371 -0.0416
vn -0.8437 0.5367 -0.0138
vn -0.8437 0.5366 -0.0139
vn -0.8436 0.5368 -0.0139
vn -0.5589 0.8292 -0.0000
vn -0.5590 0.8292 -0.0000
vn -0.2159 0.9764 -0.0036
vn -0.2157 0.9764 0.0037
vn -0.2140 0.9767 -0.0159
vn -0.2142 0.9767 -0.0149
vn -0.2178 0.9756 -0.0265
vn -0.2175 0.9757 -0.0269
vn -0.2181 0.9759 -0.0091
vn -0.2176 0.9760 -0.0099
vn -0.5545 0.8319 0.0214
vn -0.5534 0.8326 0.0199
vn -0.5544 0.8320 0.0224
vn -0.5536 0.8322 0.0311
vn -0.5581 0.8298 0.0065
vn -0.5582 0.8296 0.0121
vn 0.1895 0.9771 -0.0968
vn 0.1895 0.9771 -0.0967
vn 0.1895 0.9771 -0.0969
vn 0.1932 0.9787 -0.0692
vn 0.1957 0.9798 -0.0416
vn 0.1970 0.9803 -0.0139
vn -0.8437 0.5366 0.0139
vn -0.8436 0.5368 0.0139
vn -0.8437 0.5366 0.0138
vn -0.8425 0.5371 0.0416
vn -0.8400 0.5382 0.0692
vn -0.8400 0.5382 0.0693
vn -0.8362 0.5398 0.0967
vn -0.8362 0.5398 0.0969
vn -0.5513 0.8336 0.0347
vn -0.5516 0.8334 0.0352
vn -0.2200 0.9747 -0.0394
vn -0.2182 0.9753 -0.0333
vn -0.2230 0.9731 -0.0573
vn -0.2198 0.9743 -0.0489
vn -0.2270 0.9719 -0.0620
vn -0.2270 0.9719 -0.0625
vn -0.2169 0.9751 -0.0473
vn -0.2172 0.9750 -0.0465
vn -0.5511 0.8326 0.0556
vn -0.5504 0.8329 0.0568
vn -0.5482 0.8341 0.0612
vn -0.5472 0.8345 0.0648
vn -0.5531 0.8321 0.0414
vn -0.5520 0.8324 0.0492
vn 0.1621 0.9656 -0.2034
vn 0.1622 0.9655 -0.2036
vn 0.1620 0.9656 -0.2032
vn 0.1709 0.9692 -0.1775
vn 0.1783 0.9723 -0.1509
vn 0.1845 0.9750 -0.1240
vn 0.1845 0.9750 -0.1241
vn -0.8312 0.5419 0.1240
vn -0.8312 0.5419 0.1241
vn -0.8250 0.5446 0.1510
vn -0.8176 0.5477 0.1775
vn -0.8090 0.5514 0.2036
vn -0.5463 0.8345 0.0722
vn -0.5448 0.8353 0.0744
vn -0.2297 0.9706 -0.0719
vn -0.2273 0.9714 -0.0682
vn -0.2372 0.9673 -0.0894
vn -0.2351 0.9683 -0.0846
vn -0.2412 0.9660 -0.0928
vn -0.2390 0.9667 -0.0919
vn -0.2326 0.9694 -0.0780
vn -0.2328 0.9694 -0.0780
vn -0.5339 0.8412 0.0857
vn -0.5352 0.8405 0.0838
vn -0.5318 0.8418 0.0925
vn -0.5296 0.8426 0.0976
vn -0.5403 0.8380 0.0756
vn -0.5374 0.8393 0.0818
vn 0.1164 0.9460 -0.3027
vn 0.1295 0.9515 -0.2789
vn 0.1295 0.9516 -0.2789
vn 0.1415 0.9567 -0.2544
vn 0.1416 0.9567 -0.2544
vn 0.1525 0.9613 -0.2293
vn 0.1524 0.9613 -0.2294
vn -0.7992 0.5556 0.2293
vn -0.7992 0.5557 0.2293
vn -0.7883 0.5602 0.2544
vn -0.7884 0.5602 0.2544
vn -0.7763 0.5654 0.2789
vn -0.7763 0.5653 0.2789
vn -0.7631 0.5710 0.3027
vn -0.7632 0.5710 0.3026
vn -0.5296 0.8416 0.1062
vn -0.5298 0.8416 0.1050
vn -0.2445 0.9638 -0.1068
vn -0.2398 0.9652 -0.1043
vn -0.2550 0.9592 -0.1223
vn -0.2503 0.9613 -0.1152
vn -0.2610 0.9574 -0.1238
vn -0.2602 0.9576 -0.1239
vn -0.2498 0.9622 -0.1086
vn -0.2494 0.9622 -0.1094
vn -0.5193 0.8468 0.1147
vn -0.5179 0.8477 0.1145
vn -0.5156 0.8479 0.1229
vn -0.5114 0.8496 0.1289
vn -0.5256 0.8439 0.1079
vn -0.5203 0.8462 0.1152
vn 0.0536 0.9192 -0.3901
vn 0.0708 0.9265 -0.3696
vn 0.0869 0.9334 -0.3481
vn 0.1022 0.9399 -0.3258
vn -0.7489 0.5771 0.3258
vn -0.7489 0.5770 0.3258
vn -0.7337 0.5835 0.3481
vn -0.7176 0.5904 0.3695
vn -0.7175 0.5904 0.3696
vn -0.7176 0.5904 0.3694
vn -0.7004 0.5977 0.3902
vn -0.5080 0.8510 0.1334
vn -0.5082 0.8509 0.1331
vn -0.2663 0.9544 -0.1348
vn -0.2614 0.9567 -0.1279
vn -0.2805 0.9489 -0.1446
vn -0.2762 0.9508 -0.1405
vn -0.2815 0.9476 -0.1509
vn -0.2819 0.9476 -0.1505
vn -0.2725 0.9527 -0.1346
vn -0.2706 0.9533 -0.1340
vn -0.4948 0.8565 0.1468
vn -0.4910 0.8588 0.1461
vn -0.4897 0.8590 0.1491
vn -0.4870 0.8601 0.1519
vn -0.5026 0.8534 0.1380
vn -0.4995 0.8548 0.1408
vn -0.0237 0.8862 -0.4627
vn -0.0237 0.8862 -0.4626
vn -0.0238 0.8862 -0.4628
vn -0.0237 0.8863 -0.4626
vn -0.0031 0.8950 -0.4461
vn -0.0029 0.8950 -0.4461
vn -0.0030 0.8950 -0.4461
vn 0.0165 0.9034 -0.4285
vn 0.0164 0.9034 -0.4285
vn 0.0165 0.9034 -0.4284
vn 0.0166 0.9034 -0.4285
vn 0.0355 0.9115 -0.4098
vn 0.0356 0.9115 -0.4097
vn -0.6823 0.6054 0.4098
vn -0.6824 0.6053 0.4098
vn -0.6634 0.6135 0.4285
vn -0.6633 0.6135 0.4285
vn -0.6436 0.6219 0.4461
vn -0.6231 0.6307 0.4626
vn -0.4798 0.8643 0.1513
vn -0.4786 0.8646 0.1530
vn -0.2906 0.9438 -0.1575
vn -0.2874 0.9452 -0.1547
vn -0.3055 0.9375 -0.1664
vn -0.3022 0.9389 -0.1646
vn -0.3114 0.9350 -0.1700
vn -0.3116 0.9349 -0.1697
vn -0.2964 0.9413 -0.1616
vn -0.2965 0.9413 -0.1616
vn -0.4667 0.8687 0.1661
vn -0.4664 0.8689 0.1655
vn -0.4614 0.8710 0.1688
vn -0.4563 0.8732 0.1710
vn -0.4750 0.8658 0.1571
vn -0.4703 0.8681 0.1591
vn -0.1124 0.8484 -0.5173
vn -0.1125 0.8484 -0.5173
vn -0.0892 0.8582 -0.5056
vn -0.0893 0.8582 -0.5055
vn -0.0893 0.8582 -0.5054
vn -0.0893 0.8583 -0.5054
vn -0.0668 0.8678 -0.4924
vn -0.0668 0.8679 -0.4923
vn -0.0448 0.8772 -0.4781
vn -0.0449 0.8772 -0.4781
vn -0.0447 0.8772 -0.4781
vn -0.6018 0.6398 0.4781
vn -0.6016 0.6398 0.4782
vn -0.6017 0.6398 0.4780
vn -0.6018 0.6397 0.4781
vn -0.5799 0.6491 0.4923
vn -0.5574 0.6587 0.5054
vn -0.5343 0.6685 0.5173
vn -0.5343 0.6685 0.5174
vn -0.4478 0.8775 0.1717
vn -0.4488 0.8766 0.1738
vn -0.3239 0.9305 -0.1712
vn -0.3160 0.9329 -0.1729
vn -0.3378 0.9237 -0.1809
vn -0.3314 0.9263 -0.1790
vn -0.3401 0.9231 -0.1796
vn -0.3437 0.9223 -0.1767
vn -0.3286 0.9285 -0.1732
vn -0.3283 0.9284 -0.1739
vn -0.4331 0.8841 0.1755
vn -0.4326 0.8840 0.1774
vn -0.4291 0.8848 0.1815
vn -0.4256 0.8863 0.1825
vn -0.4446 0.8788 0.1735
vn -0.4414 0.8802 0.1745
vn -0.2093 0.8071 -0.5521
vn -0.2092 0.8071 -0.5521
vn -0.1845 0.8177 -0.5453
vn -0.1601 0.8281 -0.5373
vn -0.1600 0.8281 -0.5372
vn -0.1361 0.8383 -0.5279
vn -0.1361 0.8383 -0.5280
vn -0.5107 0.6786 0.5279
vn -0.5107 0.6786 0.5278
vn -0.4866 0.6888 0.5373
vn -0.4622 0.6993 0.5453
vn -0.4374 0.7098 0.5521
vn -0.4375 0.7098 0.5521
vn -0.4374 0.7098 0.5522
vn -0.4184 0.8891 0.1856
vn -0.4170 0.8898 0.1854
vn -0.3564 0.9165 -0.1815
vn -0.3480 0.9197 -0.1815
vn -0.3720 0.9098 -0.1840
vn -0.3653 0.9126 -0.1837
vn -0.3768 0.9078 -0.1841
vn -0.3769 0.9077 -0.1844
vn -0.3614 0.9146 -0.1816
vn -0.3609 0.9147 -0.1820
vn -0.4017 0.8963 0.1876
vn -0.4018 0.8964 0.1873
vn -0.3963 0.8987 0.1876
vn -0.3905 0.9013 0.1876
vn -0.4143 0.8913 0.1841
vn -0.4068 0.8943 0.1863
vn -0.3106 0.7639 -0.5657
vn -0.3107 0.7639 -0.5657
vn -0.2851 0.7748 -0.5643
vn -0.2597 0.7856 -0.5616
vn -0.2344 0.7964 -0.5575
vn -0.2345 0.7964 -0.5575
vn -0.4125 0.7205 0.5575
vn -0.4124 0.7205 0.5575
vn -0.3870 0.7313 0.5616
vn -0.3871 0.7313 0.5616
vn -0.3617 0.7421 0.5643
vn -0.3361 0.7530 0.5658
vn -0.3360 0.7530 0.5658
vn -0.3361 0.7530 0.5657
vn -0.3362 0.7530 0.5657
vn -0.3860 0.9042 0.1829
vn -0.3852 0.9044 0.1833
vn -0.3880 0.9030 -0.1844
vn -0.3832 0.9051 -0.1842
vn -0.4028 0.8959 -0.1877
vn -0.3989 0.8979 -0.1862
vn -0.4090 0.8930 -0.1876
vn -0.4080 0.8935 -0.1875
vn -0.3947 0.9002 -0.1838
vn -0.3944 0.9003 -0.1843
vn -0.3710 0.9106 0.1822
vn -0.3695 0.9099 0.1886
vn -0.3625 0.9140 0.1822
vn -0.3580 0.9157 0.1824
vn -0.3797 0.9064 0.1851
vn -0.3759 0.9083 0.1833
vn -0.4122 0.7206 -0.5576
vn -0.4124 0.7205 -0.5575
vn -0.3360 0.7530 -0.5657
vn -0.3106 0.7639 0.5656
vn -0.3104 0.7636 0.5662
vn -0.2849 0.7750 0.5640
vn -0.2850 0.7748 0.5643
vn -0.2849 0.7748 0.5644
vn -0.3549 0.9174 0.1803
vn -0.3554 0.9166 0.1833
vn -0.4217 0.8879 -0.1837
vn -0.4154 0.8907 -0.1845
vn -0.4382 0.8814 -0.1763
vn -0.4309 0.8843 -0.1799
vn -0.4398 0.8811 -0.1741
vn -0.4398 0.8810 -0.1743
vn -0.4272 0.8855 -0.1827
vn -0.4271 0.8857 -0.1821
vn -0.3364 0.9250 0.1764
vn -0.3365 0.9250 0.1766
vn -0.3295 0.9279 0.1746
vn -0.3263 0.9292 0.1734
vn -0.3483 0.9199 0.1803
vn -0.3410 0.9230 0.1783
vn -0.5105 0.6788 -0.5279
vn -0.4867 0.6888 -0.5373
vn -0.4375 0.7098 -0.5521
vn -0.2094 0.8068 0.5524
vn -0.1601 0.8281 0.5372
vn -0.1600 0.8281 0.5373
vn -0.3201 0.9323 0.1684
vn -0.3212 0.9306 0.1757
vn -0.4540 0.8746 -0.1702
vn -0.4526 0.8746 -0.1738
vn -0.4674 0.8692 -0.1611
vn -0.4634 0.8709 -0.1638
vn -0.4727 0.8670 -0.1578
vn -0.4728 0.8669 -0.1580
vn -0.4582 0.8731 -0.1665
vn -0.4582 0.8731 -0.1669
vn -0.3022 0.9395 0.1614
vn -0.3043 0.9388 0.1612
vn -0.2979 0.9407 0.1622
vn -0.2949 0.9420 0.1599
vn -0.3159 0.9334 0.1702
vn -0.3086 0.9367 0.1655
vn -0.5800 0.6492 -0.4921
vn -0.1124 0.8483 0.5174
vn -0.0893 0.8582 0.5054
vn -0.0894 0.8582 0.5054
vn -0.0892 0.8582 0.5055
vn -0.0668 0.8678 0.4923
vn -0.0449 0.8771 0.4781
vn -0.2891 0.9444 0.1569
vn -0.2890 0.9445 0.1562
vn -0.4811 0.8634 -0.1519
vn -0.4779 0.8646 -0.1550
vn -0.4957 0.8565 -0.1440
vn -0.4931 0.8576 -0.1463
vn -0.5016 0.8538 -0.1392
vn -0.5017 0.8538 -0.1390
vn -0.4859 0.8616 -0.1465
vn -0.4870 0.8609 -0.1471
vn -0.2754 0.9503 0.1454
vn -0.2758 0.9502 0.1449
vn -0.2723 0.9517 0.1418
vn -0.2678 0.9540 0.1351
vn -0.2860 0.9463 0.1505
vn -0.2843 0.9474 0.1472
vn -0.6633 0.6135 -0.4285
vn -0.6230 0.6306 -0.4627
vn 0.0167 0.9034 0.4284
vn 0.0354 0.9115 0.4098
vn 0.0353 0.9115 0.4098
vn -0.2621 0.9557 0.1339
vn -0.2629 0.9554 0.1344
vn -0.5095 0.8506 -0.1299
vn -0.5067 0.8515 -0.1348
vn -0.5204 0.8458 -0.1173
vn -0.5175 0.8470 -0.1220
vn -0.5241 0.8443 -0.1119
vn -0.5238 0.8445 -0.1117
vn -0.5154 0.8478 -0.1253
vn -0.5152 0.8482 -0.1229
vn -0.2514 0.9602 0.1214
vn -0.2566 0.9593 0.1179
vn -0.2475 0.9622 0.1139
vn -0.2451 0.9632 0.1101
vn -0.2586 0.9575 0.1277
vn -0.2558 0.9587 0.1246
vn -0.7490 0.5769 -0.3259
vn -0.7491 0.5768 -0.3259
vn -0.7004 0.5976 -0.3902
vn -0.7003 0.5977 -0.3903
vn 0.1021 0.9399 0.3258
vn -0.2402 0.9652 0.1029
vn -0.2405 0.9652 0.1026
vn -0.5312 0.8410 -0.1026
vn -0.5277 0.8427 -0.1065
vn -0.5400 0.8373 -0.0859
vn -0.5352 0.8397 -0.0916
vn -0.5380 0.8389 -0.0830
vn -0.5380 0.8392 -0.0794
vn -0.5294 0.8430 -0.0958
vn -0.5302 0.8425 -0.0951
vn -0.2324 0.9685 0.0891
vn -0.2329 0.9684 0.0886
vn -0.2339 0.9687 0.0833
vn -0.2292 0.9704 0.0760
vn -0.2406 0.9655 0.0992
vn -0.2355 0.9675 0.0926
vn -0.7761 0.5655 -0.2790
vn -0.7760 0.5656 -0.2791
vn -0.7761 0.5656 -0.2789
vn -0.7631 0.5711 -0.3026
vn 0.1165 0.9459 0.3027
vn 0.1525 0.9613 0.2293
vn -0.2253 0.9716 0.0730
vn -0.2257 0.9715 0.0723
vn -0.5451 0.8354 -0.0698
vn -0.5441 0.8358 -0.0735
vn -0.5511 0.8328 -0.0524
vn -0.5497 0.8335 -0.0563
vn -0.5491 0.8346 -0.0425
vn -0.5497 0.8342 -0.0443
vn -0.5478 0.8342 -0.0632
vn -0.5477 0.8343 -0.0632
vn -0.2186 0.9744 0.0522
vn -0.2188 0.9743 0.0525
vn -0.2175 0.9749 0.0487
vn -0.2169 0.9753 0.0428
vn -0.2260 0.9719 0.0661
vn -0.2263 0.9722 0.0598
vn -0.8313 0.5419 -0.1240
vn -0.8091 0.5513 -0.2036
vn 0.1623 0.9655 0.2036
vn 0.1782 0.9723 0.1509
vn -0.2150 0.9759 0.0362
vn -0.2158 0.9758 0.0362
vn -0.5554 0.8309 -0.0344
vn -0.5541 0.8315 -0.0396
vn -0.5551 0.8317 -0.0148
vn -0.5536 0.8325 -0.0217
vn -0.5547 0.8320 -0.0086
vn -0.5548 0.8319 -0.0085
vn -0.5551 0.8312 -0.0310
vn -0.5540 0.8320 -0.0305
vn -0.2173 0.9760 0.0149
vn -0.2119 0.9771 0.0168
vn -0.2152 0.9765 0.0131
vn -0.2160 0.9764 0.0053
vn -0.2178 0.9756 0.0295
vn -0.2174 0.9758 0.0253
vn -0.8425 0.5371 -0.0417
vn -0.8362 0.5398 -0.0967
vn -0.8362 0.5398 -0.0968
vn 0.1897 0.9771 0.0967
vn 0.1899 0.9770 0.0968
vn -0.2175 0.9761 0.0001
vn -0.2174 0.9761 -0.0000
vn -0.5552 0.8317 0.0021
vn -0.5552 0.8317 -0.0021
vn -0.5529 0.8330 0.0203
vn -0.5550 0.8317 0.0148
vn -0.5559 0.8307 0.0311
vn -0.5521 0.8334 0.0245
vn -0.5546 0.8321 0.0088
vn -0.5547 0.8320 0.0090
vn -0.2173 0.9760 -0.0149
vn -0.2120 0.9771 -0.0167
vn -0.2174 0.9758 -0.0254
vn -0.2178 0.9756 -0.0295
vn -0.2161 0.9764 -0.0053
vn -0.2153 0.9765 -0.0131
vn -0.8425 0.5371 0.0417
vn 0.1932 0.9787 -0.0691
vn -0.2150 0.9759 -0.0362
vn -0.2159 0.9757 -0.0362
vn -0.5535 0.8319 0.0394
vn -0.5551 0.8310 0.0360
vn -0.5500 0.8333 0.0558
vn -0.5510 0.8329 0.0522
vn -0.5478 0.8342 0.0632
vn -0.5486 0.8350 0.0429
vn -0.5495 0.8343 0.0447
vn -0.2187 0.9744 -0.0520
vn -0.2187 0.9744 -0.0526
vn -0.2263 0.9722 -0.0598
vn -0.2260 0.9719 -0.0661
vn -0.2170 0.9752 -0.0425
vn -0.2173 0.9749 -0.0488
vn -0.8091 0.5513 0.2036
vn -0.8177 0.5476 0.1774
vn -0.8177 0.5476 0.1775
vn -0.8250 0.5446 0.1509
vn -0.8313 0.5419 0.1240
vn -0.8313 0.5418 0.1240
vn 0.1623 0.9655 -0.2036
vn -0.2254 0.9715 -0.0731
vn -0.2257 0.9715 -0.0723
vn -0.5439 0.8359 0.0737
vn -0.5451 0.8354 0.0703
vn -0.5362 0.8390 0.0923
vn -0.5388 0.8382 0.0848
vn -0.5294 0.8430 0.0957
vn -0.5302 0.8425 0.0949
vn -0.5437 0.8355 0.0792
vn -0.5387 0.8389 0.0772
vn -0.2323 0.9685 -0.0891
vn -0.2329 0.9684 -0.0886
vn -0.2355 0.9675 -0.0926
vn -0.2406 0.9655 -0.0992
vn -0.2297 0.9703 -0.0760
vn -0.2345 0.9687 -0.0810
vn -0.7631 0.5709 0.3027
vn -0.7632 0.5709 0.3027
vn -0.7762 0.5654 0.2790
vn -0.7762 0.5655 0.2788
vn -0.7761 0.5655 0.2790
vn -0.7760 0.5656 0.2791
vn 0.1164 0.9459 -0.3027
vn -0.2402 0.9652 -0.1029
vn -0.2405 0.9652 -0.1025
vn -0.5273 0.8430 0.1065
vn -0.5307 0.8415 0.1011
vn -0.5160 0.8480 0.1214
vn -0.5207 0.8456 0.1174
vn -0.5149 0.8480 0.1259
vn -0.5150 0.8480 0.1254
vn -0.5240 0.8443 0.1119
vn -0.5238 0.8445 0.1117
vn -0.2520 0.9601 -0.1216
vn -0.2565 0.9593 -0.1181
vn -0.2555 0.9587 -0.1249
vn -0.2588 0.9574 -0.1280
vn -0.2452 0.9632 -0.1101
vn -0.2475 0.9622 -0.1139
vn -0.7004 0.5976 0.3902
vn -0.7005 0.5976 0.3902
vn -0.7337 0.5836 0.3481
vn -0.7339 0.5834 0.3478
vn 0.0869 0.9334 -0.3482
vn 0.0536 0.9192 -0.3902
vn -0.2620 0.9557 -0.1338
vn -0.2624 0.9556 -0.1341
vn -0.5066 0.8517 0.1345
vn -0.5091 0.8508 0.1303
vn -0.4934 0.8574 0.1462
vn -0.4959 0.8564 0.1435
vn -0.4842 0.8619 0.1506
vn -0.4849 0.8617 0.1496
vn -0.5015 0.8539 0.1393
vn -0.5013 0.8539 0.1394
vn -0.2755 0.9503 -0.1453
vn -0.2759 0.9502 -0.1447
vn -0.2839 0.9475 -0.1473
vn -0.2858 0.9464 -0.1503
vn -0.2674 0.9540 -0.1358
vn -0.2711 0.9521 -0.1416
vn -0.6230 0.6306 0.4627
vn -0.0034 0.8950 -0.4461
vn -0.2889 0.9444 -0.1569
vn -0.2889 0.9446 -0.1560
vn -0.4779 0.8647 0.1548
vn -0.4810 0.8634 0.1518
vn -0.4631 0.8712 0.1628
vn -0.4686 0.8685 0.1616
vn -0.4584 0.8731 0.1660
vn -0.4584 0.8730 0.1665
vn -0.4725 0.8671 0.1579
vn -0.4726 0.8670 0.1582
vn -0.3052 0.9386 -0.1608
vn -0.3050 0.9385 -0.1618
vn -0.3107 0.9361 -0.1650
vn -0.3160 0.9337 -0.1686
vn -0.2950 0.9420 -0.1600
vn -0.2980 0.9407 -0.1623
vn -0.5799 0.6491 0.4922
vn -0.0667 0.8679 -0.4922
vn -0.0666 0.8681 -0.4919
vn -0.0668 0.8678 -0.4923
vn -0.0892 0.8583 -0.5054
vn -0.1124 0.8484 -0.5174
vn -0.3198 0.9324 -0.1686
vn -0.3181 0.9316 -0.1760
vn -0.4473 0.8772 0.1745
vn -0.4542 0.8745 0.1699
vn -0.4313 0.8841 0.1796
vn -0.4369 0.8825 0.1744
vn -0.4273 0.8855 0.1826
vn -0.4273 0.8856 0.1821
vn -0.4397 0.8812 0.1738
vn -0.4405 0.8810 0.1725
vn -0.3365 0.9250 -0.1764
vn -0.3365 0.9250 -0.1766
vn -0.3410 0.9230 -0.1783
vn -0.3483 0.9198 -0.1807
vn -0.3263 0.9292 -0.1734
vn -0.3295 0.9279 -0.1745
vn -0.5105 0.6788 0.5279
vn -0.1602 0.8278 -0.5376
vn -0.1601 0.8281 -0.5372
vn -0.3551 0.9170 -0.1815
vn -0.3550 0.9167 -0.1833
vn -0.4156 0.8904 0.1855
vn -0.4217 0.8879 0.1839
vn -0.3986 0.8978 0.1872
vn -0.4051 0.8950 0.1864
vn -0.3945 0.9004 0.1837
vn -0.3940 0.9005 0.1842
vn -0.4087 0.8932 0.1874
vn -0.4073 0.8941 0.1861
vn -0.3683 0.9118 -0.1814
vn -0.3674 0.9107 -0.1887
vn -0.3785 0.9072 -0.1838
vn -0.3783 0.9072 -0.1842
vn -0.3580 0.9157 -0.1824
vn -0.3625 0.9140 -0.1822
vn -0.3870 0.7314 0.5616
vn -0.3869 0.7315 0.5615
vn -0.4123 0.7205 0.5575
vn -0.2598 0.7856 -0.5615
vn -0.3106 0.7639 -0.5656
vn 0.9362 0.2326 -0.2636
vn 0.9232 0.2271 -0.3099
vn 0.8160 0.5144 -0.2636
vn 0.8160 0.5145 -0.2636
vn 0.8160 0.5144 -0.2637
vn 0.8031 0.5090 -0.3098
vn 0.8031 0.5090 -0.3099
vn 0.9746 -0.1168 -0.1910
vn 0.9746 -0.1167 -0.1910
vn 0.9746 -0.1166 -0.1911
vn 0.9651 -0.1207 -0.2325
vn 0.9651 -0.1207 -0.2326
vn 0.9536 -0.1255 -0.2735
vn 0.9404 -0.1312 -0.3138
vn 0.9082 0.2207 -0.3556
vn 0.7880 0.5026 -0.3556
vn 0.7880 0.5026 -0.3555
vn 0.7878 0.5028 -0.3557
vn 0.7880 0.5027 -0.3556
vn 0.5564 0.7694 -0.3138
vn 0.5564 0.7693 -0.3138
vn 0.5697 0.7750 -0.2735
vn 0.5812 0.7798 -0.2326
vn 0.5811 0.7799 -0.2326
vn 0.5906 0.7840 -0.1911
vn 0.8268 0.5191 -0.2166
vn 0.9470 0.2372 -0.2166
vn 0.9470 0.2372 -0.2165
vn -0.0068 -0.1695 0.9855
vn -0.0512 -0.1884 0.9808
vn -0.1270 0.1124 0.9855
vn -0.1713 0.0935 0.9808
vn 0.1723 -0.4588 0.8717
vn 0.1721 -0.4588 0.8717
vn 0.1722 -0.4587 0.8718
vn 0.1723 -0.4587 0.8717
vn 0.1330 -0.4755 0.8696
vn 0.0938 -0.4922 0.8654
vn 0.0549 -0.5087 0.8592
vn -0.0953 -0.2072 0.9736
vn -0.2155 0.0747 0.9736
vn -0.3291 0.3917 0.8592
vn -0.3291 0.3918 0.8592
vn -0.2902 0.4084 0.8654
vn -0.2902 0.4084 0.8655
vn -0.2510 0.4251 0.8696
vn -0.2510 0.4251 0.8697
vn -0.2116 0.4418 0.8718
vn -0.2117 0.4419 0.8717
vn -0.2122 0.4421 0.8715
vn -0.0824 0.1314 0.9879
vn 0.0377 -0.1504 0.9879
vn 0.0377 -0.1505 0.9879
vn 0.8720 0.2053 0.4444
vn 0.8720 0.2052 0.4443
vn 0.8720 0.2053 0.4445
vn 0.8720 0.2052 0.4445
vn 0.8511 0.1963 0.4870
vn 0.8511 0.1962 0.4870
vn 0.8510 0.1963 0.4870
vn 0.7519 0.4871 0.4443
vn 0.7518 0.4871 0.4443
vn 0.7308 0.4782 0.4871
vn 0.7308 0.4782 0.4870
vn 0.9253 -0.1376 0.3534
vn 0.9253 -0.1375 0.3534
vn 0.9085 -0.1448 0.3921
vn 0.8899 -0.1527 0.4298
vn 0.8697 -0.1611 0.4666
vn 0.8697 -0.1610 0.4667
vn 0.8697 -0.1612 0.4666
vn 0.8697 -0.1613 0.4665
vn 0.8281 0.1865 0.5286
vn 0.7079 0.4684 0.5286
vn 0.4857 0.7392 0.4665
vn 0.5059 0.7479 0.4298
vn 0.5245 0.7558 0.3921
vn 0.5412 0.7630 0.3534
vn 0.5413 0.7630 0.3534
vn 0.7709 0.4953 0.4005
vn 0.8911 0.2137 0.4003
vn 0.8911 0.2134 0.4005
vn 0.8721 0.2052 -0.4443
vn 0.8720 0.2052 -0.4443
vn 0.8721 0.2052 -0.4442
vn 0.8722 0.2052 -0.4441
vn 0.8510 0.1963 -0.4870
vn 0.7519 0.4871 -0.4443
vn 0.7518 0.4871 -0.4443
vn 0.7308 0.4783 -0.4870
vn 0.7308 0.4782 -0.4870
vn 0.9253 -0.1376 -0.3534
vn 0.9085 -0.1448 -0.3921
vn 0.8899 -0.1527 -0.4298
vn 0.8697 -0.1613 -0.4665
vn 0.8281 0.1865 -0.5286
vn 0.7079 0.4684 -0.5286
vn 0.7079 0.4685 -0.5286
vn 0.4857 0.7393 -0.4665
vn 0.4857 0.7392 -0.4665
vn 0.5059 0.7479 -0.4298
vn 0.5245 0.7558 -0.3921
vn 0.5413 0.7629 -0.3534
vn 0.7709 0.4953 -0.4005
vn 0.8911 0.2134 -0.4005
vn -0.0068 -0.1695 -0.9855
vn -0.0512 -0.1884 -0.9808
vn -0.1270 0.1124 -0.9855
vn -0.1713 0.0935 -0.9808
vn 0.1723 -0.4587 -0.8717
vn 0.1330 -0.4755 -0.8696
vn 0.0939 -0.4922 -0.8654
vn 0.0938 -0.4921 -0.8654
vn 0.0938 -0.4921 -0.8655
vn 0.0549 -0.5088 -0.8591
vn 0.0549 -0.5088 -0.8592
vn -0.0953 -0.2072 -0.9736
vn -0.2155 0.0747 -0.9736
vn -0.3291 0.3918 -0.8592
vn -0.2902 0.4084 -0.8654
vn -0.2511 0.4251 -0.8696
vn -0.2510 0.4251 -0.8696
vn -0.2116 0.4419 -0.8717
vn -0.2117 0.4419 -0.8717
vn -0.0824 0.1314 -0.9879
vn 0.0377 -0.1505 -0.9879
vn 0.0376 -0.1506 -0.9879
vn 0.9362 0.2326 0.2636
vn 0.9233 0.2271 0.3099
vn 0.9232 0.2271 0.3099
vn 0.9233 0.2270 0.3099
vn 0.8160 0.5145 0.2636
vn 0.8031 0.5089 0.3100
vn 0.8031 0.5088 0.3100
vn 0.8031 0.5090 0.3099
vn 0.9746 -0.1166 0.1911
vn 0.9651 -0.1207 0.2326
vn 0.9536 -0.1255 0.2735
vn 0.9404 -0.1312 0.3137
vn 0.9404 -0.1312 0.3136
vn 0.9082 0.2207 0.3556
vn 0.7880 0.5026 0.3556
vn 0.5564 0.7694 0.3138
vn 0.5564 0.7693 0.3138
vn 0.5698 0.7750 0.2735
vn 0.5697 0.7750 0.2735
vn 0.5811 0.7799 0.2326
vn 0.5906 0.7840 0.1911
vn 0.8268 0.5192 0.2166
vn 0.8268 0.5191 0.2166
vn 0.9470 0.2372 0.2166
vn 0.7767 0.1645 -0.6080
vn 0.7767 0.1646 -0.6080
vn 0.7484 0.1525 -0.6454
vn 0.7485 0.1525 -0.6454
vn 0.6565 0.4465 -0.6080
vn 0.6565 0.4466 -0.6079
vn 0.6282 0.4344 -0.6454
vn 0.6282 0.4344 -0.6455
vn 0.8478 -0.1707 -0.5021
vn 0.8243 -0.1807 -0.5365
vn 0.7994 -0.1913 -0.5695
vn 0.7730 -0.2026 -0.6012
vn 0.7185 0.1398 -0.6814
vn 0.5983 0.4217 -0.6813
vn 0.5983 0.4217 -0.6814
vn 0.3890 0.6980 -0.6012
vn 0.4154 0.7093 -0.5696
vn 0.4153 0.7093 -0.5696
vn 0.4153 0.7093 -0.5695
vn 0.4154 0.7093 -0.5695
vn 0.4403 0.7199 -0.5365
vn 0.4638 0.7299 -0.5021
vn 0.6831 0.4578 -0.5690
vn 0.6831 0.4578 -0.5691
vn 0.8033 0.1759 -0.5690
vn -0.1824 -0.2442 -0.9524
vn -0.1824 -0.2443 -0.9524
vn -0.2250 -0.2625 -0.9383
vn -0.3026 0.0376 -0.9524
vn -0.3452 0.0194 -0.9383
vn 0.0162 -0.5252 -0.8508
vn -0.0220 -0.5415 -0.8404
vn -0.0595 -0.5576 -0.8280
vn -0.0596 -0.5576 -0.8280
vn -0.0967 -0.5734 -0.8135
vn -0.0966 -0.5733 -0.8136
vn -0.0967 -0.5734 -0.8136
vn -0.0967 -0.5735 -0.8135
vn -0.2670 -0.2804 -0.9220
vn -0.3872 0.0015 -0.9220
vn -0.4806 0.3272 -0.8136
vn -0.4438 0.3429 -0.8279
vn -0.4436 0.3430 -0.8280
vn -0.4060 0.3591 -0.8404
vn -0.4060 0.3591 -0.8403
vn -0.3678 0.3753 -0.8508
vn -0.2593 0.0560 -0.9642
vn -0.1391 -0.2259 -0.9642
vn 0.9667 0.2455 0.0727
vn 0.9667 0.2456 0.0727
vn 0.9666 0.2456 0.0727
vn 0.9623 0.2437 0.1209
vn 0.9623 0.2437 0.1210
vn 0.8465 0.5275 0.0727
vn 0.8465 0.5274 0.0728
vn 0.8464 0.5275 0.0727
vn 0.8421 0.5256 0.1209
vn 0.9939 -0.1084 0.0214
vn 0.9919 -0.1092 0.0642
vn 0.9919 -0.1091 0.0643
vn 0.9919 -0.1092 0.0644
vn 0.9881 -0.1109 0.1067
vn 0.9881 -0.1111 0.1065
vn 0.9823 -0.1133 0.1490
vn 0.9557 0.2409 0.1689
vn 0.8358 0.5225 0.1688
vn 0.8356 0.5227 0.1689
vn 0.8355 0.5229 0.1687
vn 0.8355 0.5229 0.1689
vn 0.5986 0.7871 0.1492
vn 0.5983 0.7873 0.1490
vn 0.5982 0.7873 0.1491
vn 0.6041 0.7897 0.1067
vn 0.6079 0.7914 0.0644
vn 0.6079 0.7914 0.0642
vn 0.6080 0.7913 0.0642
vn 0.6099 0.7922 0.0214
vn 0.8487 0.5284 0.0243
vn 0.8486 0.5284 0.0243
vn 0.9688 0.2466 0.0243
vn 0.9688 0.2465 0.0243
vn 0.9688 0.2465 0.0244
vn 0.6538 0.1123 -0.7483
vn 0.6538 0.1122 -0.7483
vn 0.6192 0.0978 -0.7791
vn 0.6195 0.0975 -0.7789
vn 0.6194 0.0976 -0.7790
vn 0.5336 0.3942 -0.7482
vn 0.5336 0.3944 -0.7482
vn 0.5336 0.3941 -0.7483
vn 0.4992 0.3794 -0.7790
vn 0.7450 -0.2145 -0.6316
vn 0.7451 -0.2145 -0.6316
vn 0.7160 -0.2271 -0.6602
vn 0.7159 -0.2269 -0.6603
vn 0.6855 -0.2399 -0.6874
vn 0.6855 -0.2400 -0.6874
vn 0.6540 -0.2534 -0.7128
vn 0.6539 -0.2535 -0.7129
vn 0.6541 -0.2536 -0.7127
vn 0.5835 0.0822 -0.8079
vn 0.4634 0.3641 -0.8079
vn 0.2699 0.6472 -0.7129
vn 0.3015 0.6607 -0.6874
vn 0.3015 0.6608 -0.6874
vn 0.3319 0.6737 -0.6603
vn 0.3319 0.6738 -0.6602
vn 0.3318 0.6737 -0.6603
vn 0.3612 0.6861 -0.6315
vn 0.3611 0.6861 -0.6316
vn 0.3612 0.6861 -0.6316
vn 0.5667 0.4082 -0.7157
vn 0.6869 0.1263 -0.7157
vn -0.3487 -0.3152 -0.8827
vn -0.3488 -0.3152 -0.8826
vn -0.3486 -0.3152 -0.8827
vn -0.3879 -0.3320 -0.8598
vn -0.4688 -0.0334 -0.8827
vn -0.4689 -0.0333 -0.8826
vn -0.4688 -0.0333 -0.8827
vn -0.5081 -0.0501 -0.8598
vn -0.1331 -0.5889 -0.7972
vn -0.1330 -0.5889 -0.7972
vn -0.1688 -0.6041 -0.7788
vn -0.1687 -0.6041 -0.7789
vn -0.2033 -0.6189 -0.7587
vn -0.2034 -0.6189 -0.7587
vn -0.2371 -0.6333 -0.7367
vn -0.4262 -0.3483 -0.8349
vn -0.5464 -0.0664 -0.8349
vn -0.5465 -0.0664 -0.8349
vn -0.6211 0.2673 -0.7367
vn -0.5873 0.2817 -0.7588
vn -0.5873 0.2817 -0.7587
vn -0.5872 0.2818 -0.7588
vn -0.5527 0.2965 -0.7789
vn -0.5528 0.2965 -0.7788
vn -0.5170 0.3118 -0.7972
vn -0.5169 0.3119 -0.7972
vn -0.5171 0.3117 -0.7972
vn -0.4285 -0.0161 -0.9034
vn -0.3083 -0.2980 -0.9034
vn 0.9623 0.2437 -0.1209
vn 0.9666 0.2456 -0.0727
vn 0.9667 0.2456 -0.0727
vn 0.8421 0.5256 -0.1209
vn 0.8465 0.5275 -0.0727
vn 0.9823 -0.1132 -0.1489
vn 0.9823 -0.1133 -0.1490
vn 0.9824 -0.1131 -0.1488
vn 0.9881 -0.1109 -0.1067
vn 0.9881 -0.1111 -0.1065
vn 0.9919 -0.1092 -0.0642
vn 0.9919 -0.1092 -0.0643
vn 0.9939 -0.1085 -0.0214
vn 0.9939 -0.1084 -0.0214
vn 0.9688 0.2467 -0.0242
vn 0.9688 0.2465 -0.0243
vn 0.8486 0.5284 -0.0242
vn 0.8486 0.5284 -0.0243
vn 0.8486 0.5285 -0.0243
vn 0.6099 0.7922 -0.0213
vn 0.6099 0.7922 -0.0214
vn 0.6080 0.7914 -0.0642
vn 0.6080 0.7913 -0.0642
vn 0.6041 0.7897 -0.1067
vn 0.5983 0.7873 -0.1490
vn 0.8356 0.5227 -0.1689
vn 0.8356 0.5228 -0.1689
vn 0.8355 0.5228 -0.1689
vn 0.9557 0.2410 -0.1689
vn 0.5081 0.0501 -0.8599
vn 0.5079 0.0501 -0.8599
vn 0.5081 0.0501 -0.8598
vn 0.4690 0.0334 -0.8826
vn 0.4690 0.0333 -0.8826
vn 0.4690 0.0334 -0.8825
vn 0.3879 0.3320 -0.8598
vn 0.3486 0.3150 -0.8828
vn 0.3486 0.3152 -0.8827
vn 0.3486 0.3150 -0.8827
vn 0.3486 0.3149 -0.8828
vn 0.6211 -0.2675 -0.7367
vn 0.6211 -0.2677 -0.7366
vn 0.6211 -0.2673 -0.7367
vn 0.5873 -0.2817 -0.7587
vn 0.5527 -0.2963 -0.7789
vn 0.5527 -0.2965 -0.7789
vn 0.5527 -0.2964 -0.7789
vn 0.5171 -0.3117 -0.7972
vn 0.4285 0.0161 -0.9034
vn 0.3081 0.2982 -0.9034
vn 0.3083 0.2980 -0.9034
vn 0.1331 0.5889 -0.7972
vn 0.1331 0.5888 -0.7972
vn 0.1687 0.6041 -0.7788
vn 0.1688 0.6043 -0.7786
vn 0.1687 0.6041 -0.7789
vn 0.2034 0.6188 -0.7587
vn 0.2034 0.6188 -0.7588
vn 0.2035 0.6188 -0.7588
vn 0.2034 0.6189 -0.7587
vn 0.2371 0.6333 -0.7367
vn 0.4262 0.3483 -0.8349
vn 0.5464 0.0663 -0.8349
vn 0.5464 0.0664 -0.8349
vn -0.4992 -0.3794 -0.7790
vn -0.4993 -0.3794 -0.7790
vn -0.5336 -0.3943 -0.7482
vn -0.5336 -0.3944 -0.7482
vn -0.5336 -0.3941 -0.7483
vn -0.6194 -0.0975 -0.7790
vn -0.6538 -0.1122 -0.7483
vn -0.2699 -0.6472 -0.7129
vn -0.3015 -0.6607 -0.6874
vn -0.3015 -0.6608 -0.6874
vn -0.3319 -0.6737 -0.6603
vn -0.3611 -0.6861 -0.6316
vn -0.5667 -0.4081 -0.7157
vn -0.5667 -0.4082 -0.7157
vn -0.5666 -0.4081 -0.7158
vn -0.6869 -0.1263 -0.7157
vn -0.6871 -0.1263 -0.7155
vn -0.6870 -0.1263 -0.7156
vn -0.7451 0.2145 -0.6316
vn -0.7450 0.2145 -0.6316
vn -0.7159 0.2269 -0.6603
vn -0.7160 0.2269 -0.6602
vn -0.6855 0.2399 -0.6874
vn -0.6539 0.2534 -0.7129
vn -0.5835 -0.0822 -0.8079
vn -0.4634 -0.3641 -0.8079
vn 0.9233 0.2271 -0.3099
vn 0.9362 0.2325 -0.2636
vn 0.9404 -0.1312 -0.3137
vn 0.9537 -0.1255 -0.2735
vn 0.9746 -0.1166 -0.1912
vn 0.5698 0.7750 -0.2735
vn 0.5565 0.7693 -0.3138
vn 0.7881 0.5025 -0.3554
vn 0.7880 0.5025 -0.3556
vn 0.9082 0.2208 -0.3556
vn 0.3452 -0.0194 -0.9383
vn 0.3026 -0.0376 -0.9524
vn 0.2250 0.2625 -0.9383
vn 0.1824 0.2443 -0.9524
vn 0.4806 -0.3272 -0.8136
vn 0.4436 -0.3430 -0.8280
vn 0.4060 -0.3591 -0.8404
vn 0.3678 -0.3753 -0.8508
vn 0.2593 -0.0560 -0.9642
vn 0.1391 0.2259 -0.9642
vn -0.0162 0.5252 -0.8508
vn -0.0161 0.5252 -0.8508
vn -0.0162 0.5253 -0.8508
vn 0.0220 0.5415 -0.8404
vn 0.0596 0.5576 -0.8280
vn 0.0967 0.5734 -0.8136
vn 0.0966 0.5734 -0.8136
vn 0.2670 0.2804 -0.9220
vn 0.3872 -0.0015 -0.9220
vn -0.6280 -0.4346 -0.6456
vn -0.6282 -0.4345 -0.6455
vn -0.6282 -0.4344 -0.6454
vn -0.6283 -0.4344 -0.6454
vn -0.6565 -0.4465 -0.6080
vn -0.6565 -0.4465 -0.6079
vn -0.6566 -0.4463 -0.6080
vn -0.7484 -0.1525 -0.6454
vn -0.7767 -0.1646 -0.6080
vn -0.3890 -0.6980 -0.6012
vn -0.4153 -0.7094 -0.5695
vn -0.4155 -0.7093 -0.5695
vn -0.4154 -0.7093 -0.5695
vn -0.4403 -0.7199 -0.5365
vn -0.4639 -0.7299 -0.5021
vn -0.4638 -0.7299 -0.5021
vn -0.6831 -0.4580 -0.5689
vn -0.6831 -0.4578 -0.5690
vn -0.6831 -0.4582 -0.5688
vn -0.8033 -0.1759 -0.5690
vn -0.8478 0.1706 -0.5021
vn -0.8478 0.1707 -0.5021
vn -0.8243 0.1807 -0.5366
vn -0.8243 0.1807 -0.5365
vn -0.7994 0.1913 -0.5696
vn -0.7993 0.1912 -0.5696
vn -0.7994 0.1913 -0.5695
vn -0.7730 0.2026 -0.6012
vn -0.7185 -0.1398 -0.6813
vn -0.7185 -0.1398 -0.6814
vn -0.7184 -0.1398 -0.6814
vn -0.5983 -0.4216 -0.6814
vn -0.5983 -0.4217 -0.6814
vn -0.5983 -0.4215 -0.6814
vn 0.8511 0.1963 -0.4870
vn 0.8510 0.1963 -0.4871
vn 0.8719 0.2056 -0.4445
vn 0.8720 0.2053 -0.4443
vn 0.7308 0.4782 -0.4871
vn 0.7310 0.4781 -0.4870
vn 0.8899 -0.1526 -0.4298
vn 0.8899 -0.1525 -0.4298
vn 0.8911 0.2137 -0.4003
vn 0.5412 0.7630 -0.3534
vn 0.5410 0.7630 -0.3538
vn 0.5413 0.7630 -0.3534
vn 0.5245 0.7558 -0.3919
vn 0.5245 0.7558 -0.3920
vn 0.4857 0.7392 -0.4666
vn 0.1713 -0.0935 -0.9808
vn 0.1713 -0.0936 -0.9808
vn 0.1270 -0.1124 -0.9855
vn 0.0511 0.1884 -0.9808
vn 0.0069 0.1695 -0.9855
vn 0.0068 0.1695 -0.9855
vn 0.3291 -0.3918 -0.8592
vn 0.2902 -0.4084 -0.8654
vn 0.2902 -0.4084 -0.8655
vn 0.2510 -0.4251 -0.8696
vn 0.2511 -0.4251 -0.8696
vn 0.2117 -0.4419 -0.8717
vn 0.2115 -0.4421 -0.8717
vn 0.2116 -0.4419 -0.8718
vn 0.0824 -0.1314 -0.9879
vn 0.0825 -0.1314 -0.9879
vn -0.0377 0.1506 -0.9879
vn -0.0377 0.1505 -0.9879
vn -0.1723 0.4587 -0.8717
vn -0.1330 0.4756 -0.8696
vn -0.1330 0.4755 -0.8696
vn -0.1329 0.4755 -0.8696
vn -0.0938 0.4921 -0.8655
vn -0.0549 0.5088 -0.8592
vn -0.0549 0.5089 -0.8591
vn -0.0549 0.5087 -0.8592
vn 0.0953 0.2072 -0.9736
vn 0.2155 -0.0748 -0.9736
vn 0.2155 -0.0747 -0.9736
vn -0.7308 -0.4782 -0.4871
vn -0.7308 -0.4782 -0.4872
vn -0.7308 -0.4782 -0.4870
vn -0.7519 -0.4870 -0.4444
vn -0.7519 -0.4871 -0.4443
vn -0.8510 -0.1963 -0.4870
vn -0.8511 -0.1963 -0.4870
vn -0.8720 -0.2053 -0.4443
vn -0.8720 -0.2054 -0.4443
vn -0.4857 -0.7392 -0.4666
vn -0.4858 -0.7392 -0.4665
vn -0.4856 -0.7393 -0.4665
vn -0.5059 -0.7479 -0.4299
vn -0.5059 -0.7479 -0.4298
vn -0.5245 -0.7557 -0.3922
vn -0.5245 -0.7557 -0.3921
vn -0.5245 -0.7558 -0.3921
vn -0.5413 -0.7629 -0.3534
vn -0.5413 -0.7630 -0.3534
vn -0.5412 -0.7630 -0.3534
vn -0.5412 -0.7630 -0.3535
vn -0.7710 -0.4953 -0.4004
vn -0.7709 -0.4953 -0.4005
vn -0.7709 -0.4955 -0.4003
vn -0.8911 -0.2135 -0.4004
vn -0.8911 -0.2134 -0.4005
vn -0.9253 0.1376 -0.3534
vn -0.9085 0.1448 -0.3921
vn -0.8899 0.1528 -0.4299
vn -0.8899 0.1527 -0.4298
vn -0.8898 0.1529 -0.4299
vn -0.8697 0.1613 -0.4664
vn -0.8698 0.1613 -0.4663
vn -0.8697 0.1613 -0.4666
vn -0.8281 -0.1865 -0.5286
vn -0.7079 -0.4684 -0.5286
vn 0.7485 0.1526 -0.6454
vn 0.7489 0.1525 -0.6449
vn 0.6284 0.4343 -0.6454
vn 0.6280 0.4344 -0.6457
vn 0.7730 -0.2025 -0.6012
vn 0.8032 0.1760 -0.5691
vn 0.8034 0.1758 -0.5689
vn 0.7185 0.1397 -0.6814
vn 0.7185 0.1398 -0.6813
vn 0.7186 0.1397 -0.6813
vn -0.8030 -0.5090 -0.3100
vn -0.8030 -0.5090 -0.3101
vn -0.8031 -0.5089 -0.3099
vn -0.8160 -0.5145 -0.2636
vn -0.8160 -0.5144 -0.2636
vn -0.8160 -0.5144 -0.2637
vn -0.9232 -0.2272 -0.3100
vn -0.9231 -0.2272 -0.3101
vn -0.9232 -0.2271 -0.3099
vn -0.9362 -0.2326 -0.2636
vn -0.5564 -0.7694 -0.3138
vn -0.5697 -0.7750 -0.2735
vn -0.5811 -0.7799 -0.2326
vn -0.5906 -0.7840 -0.1911
vn -0.8268 -0.5191 -0.2166
vn -0.9470 -0.2372 -0.2166
vn -0.9470 -0.2371 -0.2166
vn -0.9746 0.1166 -0.1911
vn -0.9651 0.1207 -0.2326
vn -0.9536 0.1256 -0.2735
vn -0.9536 0.1256 -0.2734
vn -0.9404 0.1312 -0.3138
vn -0.9082 -0.2207 -0.3556
vn -0.7880 -0.5026 -0.3556
vn 0.6194 0.0975 -0.7790
vn 0.6539 -0.2534 -0.7129
vn 0.6854 -0.2400 -0.6874
vn 0.7160 -0.2269 -0.6602
vn 0.7161 -0.2269 -0.6601
vn 0.7450 -0.2146 -0.6316
vn 0.7453 -0.2147 -0.6313
vn 0.5667 0.4083 -0.7157
vn 0.3014 0.6607 -0.6874
vn 0.2699 0.6473 -0.7129
vn 0.5836 0.0822 -0.8079
vn -0.8421 -0.5256 -0.1209
vn -0.8465 -0.5275 -0.0727
vn -0.8464 -0.5275 -0.0727
vn -0.8465 -0.5274 -0.0727
vn -0.9623 -0.2437 -0.1209
vn -0.9666 -0.2456 -0.0728
vn -0.9666 -0.2456 -0.0727
vn -0.5983 -0.7873 -0.1490
vn -0.5982 -0.7874 -0.1490
vn -0.5982 -0.7873 -0.1490
vn -0.6042 -0.7897 -0.1067
vn -0.6041 -0.7897 -0.1067
vn -0.6042 -0.7896 -0.1067
vn -0.6080 -0.7914 -0.0642
vn -0.6079 -0.7914 -0.0642
vn -0.6099 -0.7922 -0.0214
vn -0.8486 -0.5284 -0.0243
vn -0.9689 -0.2465 -0.0243
vn -0.9689 -0.2464 -0.0243
vn -0.9688 -0.2465 -0.0243
vn -0.9939 0.1085 -0.0215
vn -0.9939 0.1084 -0.0214
vn -0.9939 0.1083 -0.0214
vn -0.9920 0.1091 -0.0642
vn -0.9920 0.1092 -0.0641
vn -0.9919 0.1092 -0.0642
vn -0.9881 0.1109 -0.1067
vn -0.9823 0.1133 -0.1490
vn -0.9557 -0.2410 -0.1689
vn -0.9557 -0.2409 -0.1689
vn -0.8355 -0.5229 -0.1689
vn -0.8355 -0.5228 -0.1689
vn 0.4688 0.0333 -0.8827
vn 0.3485 0.3152 -0.8827
vn 0.5171 -0.3116 -0.7972
vn 0.2370 0.6332 -0.7368
vn 0.2033 0.6189 -0.7587
vn 0.2032 0.6189 -0.7587
vn 0.1330 0.5889 -0.7972
vn 0.4285 0.0162 -0.9034
vn 0.4284 0.0163 -0.9034
vn -0.8465 -0.5274 0.0727
vn -0.8465 -0.5275 0.0727
vn -0.8421 -0.5256 0.1209
vn -0.9666 -0.2456 0.0727
vn -0.9623 -0.2437 0.1208
vn -0.9623 -0.2437 0.1209
vn -0.6099 -0.7922 0.0214
vn -0.6100 -0.7921 0.0214
vn -0.6080 -0.7913 0.0642
vn -0.6080 -0.7914 0.0642
vn -0.6041 -0.7897 0.1067
vn -0.6042 -0.7897 0.1067
vn -0.5983 -0.7873 0.1490
vn -0.8355 -0.5228 0.1689
vn -0.8355 -0.5229 0.1689
vn -0.9557 -0.2409 0.1689
vn -0.9558 -0.2408 0.1689
vn -0.9823 0.1133 0.1490
vn -0.9881 0.1109 0.1067
vn -0.9919 0.1092 0.0642
vn -0.9919 0.1092 0.0643
vn -0.9920 0.1092 0.0641
vn -0.9939 0.1085 0.0215
vn -0.9939 0.1085 0.0214
vn -0.9688 -0.2465 0.0243
vn -0.9689 -0.2465 0.0243
vn -0.8486 -0.5284 0.0243
vn 0.3453 -0.0194 -0.9383
vn 0.1824 0.2442 -0.9524
vn 0.2252 0.2625 -0.9383
vn 0.2256 0.2623 -0.9383
vn 0.2252 0.2624 -0.9383
vn 0.3679 -0.3753 -0.8508
vn 0.4059 -0.3591 -0.8404
vn 0.3873 -0.0015 -0.9219
vn 0.3875 -0.0015 -0.9219
vn 0.0966 0.5734 -0.8135
vn 0.0967 0.5734 -0.8135
vn 0.0219 0.5414 -0.8405
vn 0.0220 0.5414 -0.8405
vn -0.0162 0.5251 -0.8509
vn -0.8160 -0.5145 0.2636
vn -0.8031 -0.5090 0.3099
vn -0.8031 -0.5089 0.3099
vn -0.8031 -0.5088 0.3100
vn -0.9362 -0.2326 0.2636
vn -0.9232 -0.2271 0.3099
vn -0.9231 -0.2272 0.3101
vn -0.5906 -0.7840 0.1911
vn -0.5811 -0.7799 0.2327
vn -0.5811 -0.7799 0.2326
vn -0.5697 -0.7750 0.2735
vn -0.5564 -0.7694 0.3138
vn -0.7880 -0.5026 0.3556
vn -0.9082 -0.2207 0.3556
vn -0.9404 0.1312 0.3138
vn -0.9536 0.1255 0.2735
vn -0.9537 0.1255 0.2735
vn -0.9651 0.1207 0.2326
vn -0.9746 0.1166 0.1911
vn -0.9470 -0.2372 0.2166
vn -0.8268 -0.5191 0.2166
vn 0.0510 0.1883 -0.9808
vn 0.2510 -0.4251 -0.8697
vn 0.2509 -0.4251 -0.8697
vn 0.0953 0.2072 -0.9737
vn -0.0938 0.4922 -0.8654
vn -0.0937 0.4921 -0.8655
vn -0.1722 0.4588 -0.8717
vn -0.7519 -0.4872 0.4443
vn -0.7518 -0.4871 0.4443
vn -0.7518 -0.4872 0.4443
vn -0.7308 -0.4782 0.4871
vn -0.7308 -0.4782 0.4872
vn -0.8720 -0.2053 0.4443
vn -0.8721 -0.2050 0.4443
vn -0.8511 -0.1963 0.4870
vn -0.8510 -0.1963 0.4871
vn -0.8510 -0.1963 0.4870
vn -0.5413 -0.7630 0.3534
vn -0.5412 -0.7630 0.3534
vn -0.5412 -0.7630 0.3535
vn -0.5245 -0.7558 0.3921
vn -0.5245 -0.7558 0.3920
vn -0.5059 -0.7479 0.4298
vn -0.4855 -0.7393 0.4666
vn -0.4857 -0.7392 0.4665
vn -0.7079 -0.4684 0.5286
vn -0.7079 -0.4683 0.5287
vn -0.7079 -0.4685 0.5286
vn -0.8282 -0.1865 0.5285
vn -0.8281 -0.1865 0.5286
vn -0.8697 0.1613 0.4665
vn -0.8697 0.1613 0.4664
vn -0.8899 0.1527 0.4298
vn -0.9085 0.1448 0.3921
vn -0.9253 0.1377 0.3534
vn -0.9253 0.1376 0.3534
vn -0.8911 -0.2134 0.4005
vn -0.8911 -0.2134 0.4004
vn -0.7709 -0.4955 0.4003
vn -0.7709 -0.4953 0.4005
vn -0.0512 -0.1884 -0.9807
vn -0.1712 0.0935 -0.9808
vn -0.1714 0.0935 -0.9808
vn -0.1270 0.1123 -0.9855
vn 0.0549 -0.5087 -0.8592
vn 0.0938 -0.4922 -0.8654
vn 0.0937 -0.4922 -0.8654
vn 0.1724 -0.4587 -0.8717
vn 0.0378 -0.1505 -0.9879
vn -0.2116 0.4419 -0.8718
vn -0.2115 0.4419 -0.8718
vn -0.2116 0.4418 -0.8718
vn -0.2118 0.4419 -0.8717
vn -0.2904 0.4085 -0.8654
vn -0.2155 0.0747 -0.9737
vn -0.6565 -0.4465 0.6080
vn -0.6565 -0.4466 0.6079
vn -0.6565 -0.4467 0.6078
vn -0.6283 -0.4343 0.6455
vn -0.6282 -0.4344 0.6455
vn -0.6283 -0.4345 0.6454
vn -0.7767 -0.1646 0.6080
vn -0.7767 -0.1644 0.6080
vn -0.7484 -0.1525 0.6454
vn -0.4639 -0.7299 0.5021
vn -0.4640 -0.7298 0.5020
vn -0.4638 -0.7299 0.5021
vn -0.4403 -0.7199 0.5365
vn -0.4403 -0.7199 0.5366
vn -0.4155 -0.7093 0.5695
vn -0.4154 -0.7093 0.5695
vn -0.3889 -0.6980 0.6012
vn -0.3890 -0.6980 0.6012
vn -0.3890 -0.6980 0.6013
vn -0.5982 -0.4217 0.6814
vn -0.5983 -0.4217 0.6814
vn -0.5982 -0.4216 0.6814
vn -0.7185 -0.1397 0.6814
vn -0.7185 -0.1398 0.6814
vn -0.7730 0.2026 0.6012
vn -0.7994 0.1913 0.5695
vn -0.7994 0.1914 0.5696
vn -0.7994 0.1913 0.5696
vn -0.8243 0.1808 0.5365
vn -0.8243 0.1807 0.5365
vn -0.8242 0.1807 0.5367
vn -0.8478 0.1708 0.5021
vn -0.8477 0.1709 0.5021
vn -0.8478 0.1707 0.5021
vn -0.8033 -0.1760 0.5690
vn -0.8033 -0.1759 0.5690
vn -0.6831 -0.4578 0.5690
vn -0.2249 -0.2626 -0.9383
vn -0.3026 0.0375 -0.9524
vn -0.0965 -0.5733 -0.8136
vn -0.0966 -0.5734 -0.8136
vn -0.0594 -0.5576 -0.8280
vn -0.0591 -0.5576 -0.8280
vn -0.1390 -0.2259 -0.9642
vn -0.2594 0.0562 -0.9641
vn -0.3872 0.0016 -0.9220
vn -0.5336 -0.3941 0.7483
vn -0.4992 -0.3794 0.7790
vn -0.6537 -0.1123 0.7484
vn -0.6538 -0.1122 0.7483
vn -0.6535 -0.1123 0.7485
vn -0.6194 -0.0974 0.7790
vn -0.6194 -0.0975 0.7790
vn -0.6194 -0.0972 0.7791
vn -0.3611 -0.6861 0.6316
vn -0.3320 -0.6736 0.6603
vn -0.3319 -0.6737 0.6603
vn -0.3015 -0.6607 0.6875
vn -0.3015 -0.6607 0.6874
vn -0.2699 -0.6472 0.7129
vn -0.4634 -0.3641 0.8079
vn -0.4634 -0.3642 0.8079
vn -0.5836 -0.0820 0.8079
vn -0.5836 -0.0821 0.8079
vn -0.5835 -0.0822 0.8079
vn -0.6539 0.2534 0.7129
vn -0.6855 0.2398 0.6874
vn -0.6855 0.2399 0.6874
vn -0.7159 0.2269 0.6603
vn -0.7160 0.2271 0.6602
vn -0.7450 0.2145 0.6316
vn -0.7451 0.2145 0.6316
vn -0.6869 -0.1263 0.7157
vn -0.5667 -0.4082 0.7157
vn -0.3486 -0.3153 -0.8827
vn -0.3485 -0.3152 -0.8827
vn -0.4688 -0.0332 -0.8827
vn -0.2371 -0.6332 -0.7367
vn -0.2371 -0.6332 -0.7368
vn -0.4285 -0.0160 -0.9034
vn -0.5170 0.3115 -0.7973
vn -0.5171 0.3117 -0.7971
vn -0.5527 0.2965 -0.7788
vn -0.6211 0.2674 -0.7367
vn -0.5463 -0.0662 -0.8350
vn -0.5464 -0.0666 -0.8349
vn -0.4262 -0.3485 -0.8348
vn -0.4262 -0.3484 -0.8349
vn -0.3879 -0.3320 0.8598
vn -0.3878 -0.3319 0.8599
vn -0.3486 -0.3152 0.8827
vn -0.5081 -0.0501 0.8598
vn -0.4688 -0.0333 0.8827
vn -0.2371 -0.6333 0.7367
vn -0.2034 -0.6189 0.7587
vn -0.2033 -0.6189 0.7587
vn -0.1687 -0.6041 0.7789
vn -0.1330 -0.5889 0.7972
vn -0.1331 -0.5889 0.7972
vn -0.3081 -0.2980 0.9035
vn -0.3083 -0.2980 0.9034
vn -0.4285 -0.0161 0.9034
vn -0.5171 0.3117 0.7972
vn -0.5170 0.3117 0.7972
vn -0.5527 0.2965 0.7789
vn -0.5527 0.2964 0.7789
vn -0.5873 0.2817 0.7587
vn -0.5874 0.2817 0.7587
vn -0.6211 0.2673 0.7367
vn -0.6211 0.2674 0.7367
vn -0.5465 -0.0665 0.8348
vn -0.5464 -0.0665 0.8349
vn -0.5464 -0.0664 0.8349
vn -0.4261 -0.3483 0.8349
vn -0.4262 -0.3483 0.8349
vn -0.3612 -0.6861 -0.6315
vn -0.3014 -0.6608 -0.6874
vn -0.4637 -0.3640 -0.8078
vn -0.4635 -0.3640 -0.8079
vn -0.5835 -0.0823 -0.8079
vn -0.6855 0.2400 -0.6874
vn -0.7162 0.2270 -0.6600
vn -0.7450 0.2145 -0.6317
vn -0.2250 -0.2625 0.9383
vn -0.1824 -0.2443 0.9524
vn -0.3452 0.0194 0.9383
vn -0.3026 0.0376 0.9524
vn -0.0966 -0.5734 0.8136
vn -0.0596 -0.5576 0.8280
vn -0.0220 -0.5415 0.8404
vn 0.0162 -0.5252 0.8508
vn 0.0162 -0.5253 0.8508
vn -0.1391 -0.2259 0.9642
vn -0.1390 -0.2259 0.9642
vn -0.2593 0.0560 0.9642
vn -0.3678 0.3752 0.8508
vn -0.3678 0.3753 0.8508
vn -0.3678 0.3751 0.8509
vn -0.4060 0.3591 0.8404
vn -0.4059 0.3591 0.8404
vn -0.4436 0.3430 0.8280
vn -0.4806 0.3272 0.8136
vn -0.4807 0.3274 0.8135
vn -0.3872 0.0015 0.9220
vn -0.3871 0.0015 0.9220
vn -0.2670 -0.2804 0.9220
vn -0.6566 -0.4464 -0.6080
vn -0.6564 -0.4466 -0.6080
vn -0.6282 -0.4345 -0.6454
vn -0.7768 -0.1645 -0.6079
vn -0.7485 -0.1525 -0.6454
vn -0.4637 -0.7300 -0.5021
vn -0.3891 -0.6980 -0.6012
vn -0.3890 -0.6979 -0.6013
vn -0.3891 -0.6979 -0.6012
vn -0.7995 0.1913 -0.5695
vn -0.8033 -0.1757 -0.5690
vn -0.8032 -0.1759 -0.5691
vn -0.8033 -0.1760 -0.5691
vn -0.8033 -0.1759 -0.5691
vn -0.6830 -0.4579 -0.5690
vn -0.6829 -0.4580 -0.5691
vn -0.0511 -0.1884 0.9808
vn -0.1270 0.1123 0.9855
vn -0.1270 0.1122 0.9855
vn 0.0549 -0.5088 0.8592
vn -0.0824 0.1313 0.9879
vn -0.2116 0.4419 0.8717
vn -0.7518 -0.4871 -0.4444
vn -0.7307 -0.4783 -0.4871
vn -0.8721 -0.2053 -0.4443
vn -0.5245 -0.7558 -0.3920
vn -0.4857 -0.7393 -0.4665
vn -0.4857 -0.7392 -0.4665
vn -0.7079 -0.4684 -0.5287
vn -0.8282 -0.1865 -0.5286
vn -0.8697 0.1614 -0.4664
vn -0.8697 0.1613 -0.4665
vn -0.9084 0.1448 -0.3921
vn -0.8911 -0.2136 -0.4005
vn 0.1270 -0.1123 0.9855
vn 0.1270 -0.1125 0.9855
vn 0.1713 -0.0935 0.9808
vn 0.1712 -0.0935 0.9808
vn 0.0068 0.1695 0.9855
vn 0.0511 0.1884 0.9808
vn 0.2116 -0.4421 0.8717
vn 0.2117 -0.4419 0.8717
vn 0.2113 -0.4425 0.8715
vn 0.2510 -0.4251 0.8696
vn 0.2902 -0.4085 0.8654
vn 0.3291 -0.3918 0.8592
vn 0.2156 -0.0747 0.9736
vn 0.2155 -0.0747 0.9736
vn 0.0953 0.2072 0.9736
vn 0.0953 0.2072 0.9737
vn -0.0549 0.5088 0.8591
vn -0.0549 0.5088 0.8592
vn -0.0938 0.4921 0.8655
vn -0.0938 0.4922 0.8654
vn -0.1330 0.4755 0.8696
vn -0.1723 0.4587 0.8717
vn -0.1724 0.4587 0.8717
vn -0.0377 0.1505 0.9879
vn -0.0377 0.1507 0.9879
vn 0.0824 -0.1314 0.9879
vn 0.0823 -0.1315 0.9879
vn -0.8030 -0.5090 -0.3099
vn -0.8029 -0.5092 -0.3099
vn -0.8031 -0.5090 -0.3099
vn -0.9233 -0.2270 -0.3099
vn -0.5906 -0.7840 -0.1910
vn -0.5810 -0.7799 -0.2326
vn -0.5697 -0.7750 -0.2736
vn -0.7879 -0.5027 -0.3556
vn -0.9536 0.1255 -0.2735
vn -0.9650 0.1208 -0.2328
vn -0.9746 0.1165 -0.1911
vn -0.9470 -0.2372 -0.2167
vn 0.3026 -0.0376 0.9524
vn 0.3452 -0.0195 0.9383
vn 0.3452 -0.0194 0.9383
vn 0.1824 0.2443 0.9524
vn 0.2250 0.2625 0.9383
vn 0.3678 -0.3753 0.8508
vn 0.4060 -0.3591 0.8404
vn 0.4436 -0.3429 0.8280
vn 0.4437 -0.3430 0.8279
vn 0.4436 -0.3430 0.8280
vn 0.4806 -0.3272 0.8136
vn 0.3872 -0.0015 0.9220
vn 0.2670 0.2804 0.9220
vn 0.0966 0.5734 0.8136
vn 0.0597 0.5577 0.8279
vn 0.0598 0.5577 0.8279
vn 0.0596 0.5576 0.8280
vn 0.0220 0.5415 0.8404
vn 0.0220 0.5417 0.8403
vn -0.0162 0.5252 0.8508
vn 0.1391 0.2259 0.9642
vn 0.2593 -0.0560 0.9642
vn -0.8464 -0.5275 -0.0728
vn -0.9667 -0.2455 -0.0727
vn -0.6042 -0.7896 -0.1068
vn -0.5984 -0.7872 -0.1491
vn -0.5984 -0.7872 -0.1492
vn -0.5981 -0.7875 -0.1488
vn -0.9558 -0.2409 -0.1688
vn -0.9881 0.1108 -0.1068
vn -0.9919 0.1092 -0.0643
vn -0.9919 0.1093 -0.0643
vn -0.9919 0.1093 -0.0642
vn -0.9939 0.1085 -0.0214
vn -0.9688 -0.2466 -0.0243
vn 0.4690 0.0334 0.8825
vn 0.4690 0.0333 0.8826
vn 0.4690 0.0334 0.8826
vn 0.5082 0.0502 0.8598
vn 0.5081 0.0501 0.8598
vn 0.5082 0.0501 0.8598
vn 0.3486 0.3150 0.8828
vn 0.3486 0.3152 0.8827
vn 0.3486 0.3149 0.8828
vn 0.3880 0.3320 0.8598
vn 0.3879 0.3320 0.8598
vn 0.5171 -0.3117 0.7972
vn 0.5170 -0.3117 0.7972
vn 0.5527 -0.2964 0.7789
vn 0.5527 -0.2965 0.7789
vn 0.5873 -0.2817 0.7587
vn 0.6211 -0.2673 0.7367
vn 0.5464 0.0664 0.8349
vn 0.4262 0.3483 0.8349
vn 0.4263 0.3483 0.8349
vn 0.2371 0.6333 0.7367
vn 0.2033 0.6189 0.7587
vn 0.2034 0.6188 0.7588
vn 0.2033 0.6188 0.7587
vn 0.1687 0.6041 0.7789
vn 0.1686 0.6039 0.7791
vn 0.1686 0.6040 0.7789
vn 0.1331 0.5888 0.7972
vn 0.1331 0.5889 0.7972
vn 0.1330 0.5889 0.7972
vn 0.3082 0.2980 0.9034
vn 0.3081 0.2982 0.9034
vn 0.3083 0.2980 0.9034
vn 0.4285 0.0162 0.9034
vn 0.4285 0.0161 0.9034
vn -0.5984 -0.7872 0.1491
vn -0.5984 -0.7872 0.1489
vn -0.5984 -0.7872 0.1490
vn -0.6041 -0.7898 0.1067
vn -0.6041 -0.7897 0.1068
vn -0.6039 -0.7899 0.1067
vn -0.9939 0.1084 0.0214
vn -0.9823 0.1132 0.1489
vn -0.9824 0.1131 0.1489
vn -0.9824 0.1128 0.1487
vn -0.9557 -0.2410 0.1689
vn -0.9557 -0.2410 0.1688
vn 0.6194 0.0975 0.7790
vn 0.6538 0.1122 0.7483
vn 0.4991 0.3794 0.7791
vn 0.4990 0.3794 0.7791
vn 0.4992 0.3794 0.7790
vn 0.5336 0.3941 0.7483
vn 0.6539 -0.2536 0.7128
vn 0.6541 -0.2536 0.7127
vn 0.6540 -0.2535 0.7128
vn 0.6539 -0.2534 0.7129
vn 0.6855 -0.2399 0.6874
vn 0.7160 -0.2271 0.6602
vn 0.7159 -0.2269 0.6603
vn 0.7450 -0.2144 0.6317
vn 0.7450 -0.2144 0.6316
vn 0.7450 -0.2145 0.6316
vn 0.7450 -0.2145 0.6317
vn 0.6869 0.1263 0.7157
vn 0.5667 0.4082 0.7157
vn 0.3611 0.6861 0.6316
vn 0.3314 0.6739 0.6603
vn 0.3317 0.6735 0.6605
vn 0.3318 0.6737 0.6603
vn 0.3319 0.6737 0.6603
vn 0.3015 0.6608 0.6874
vn 0.2699 0.6472 0.7129
vn 0.4634 0.3638 0.8081
vn 0.4634 0.3641 0.8079
vn 0.5835 0.0822 0.8079
vn -0.8030 -0.5090 0.3099
vn -0.9232 -0.2271 0.3100
vn -0.9230 -0.2272 0.3105
vn -0.9362 -0.2326 0.2635
vn -0.9362 -0.2326 0.2634
vn -0.5564 -0.7694 0.3137
vn -0.5697 -0.7750 0.2736
vn -0.5810 -0.7799 0.2326
vn -0.5906 -0.7840 0.1910
vn -0.9470 -0.2372 0.2167
vn -0.9650 0.1207 0.2326
vn -0.9537 0.1256 0.2734
vn -0.9536 0.1256 0.2735
vn 0.7484 0.1525 0.6454
vn 0.7767 0.1646 0.6080
vn 0.6282 0.4344 0.6454
vn 0.6282 0.4344 0.6455
vn 0.6565 0.4465 0.6080
vn 0.7730 -0.2026 0.6012
vn 0.7994 -0.1913 0.5695
vn 0.8243 -0.1807 0.5365
vn 0.8478 -0.1707 0.5021
vn 0.8478 -0.1706 0.5021
vn 0.8033 0.1759 0.5690
vn 0.6832 0.4578 0.5690
vn 0.6831 0.4578 0.5690
vn 0.4638 0.7299 0.5021
vn 0.4403 0.7199 0.5365
vn 0.4154 0.7093 0.5695
vn 0.4154 0.7092 0.5695
vn 0.3890 0.6980 0.6012
vn 0.5983 0.4217 0.6814
vn 0.7185 0.1397 0.6814
vn 0.7184 0.1398 0.6814
vn 0.7185 0.1398 0.6814
vn -0.7518 -0.4871 0.4444
vn -0.7518 -0.4872 0.4444
vn -0.8511 -0.1963 0.4869
vn -0.8721 -0.2053 0.4443
vn -0.4858 -0.7392 0.4665
vn -0.5058 -0.7479 0.4298
vn -0.5411 -0.7630 0.3536
vn -0.7708 -0.4954 0.4005
vn -0.7707 -0.4955 0.4005
vn -0.8911 -0.2133 0.4005
vn -0.9253 0.1376 0.3535
vn -0.9085 0.1448 0.3920
vn -0.8280 -0.1865 0.5288
vn -0.8278 -0.1865 0.5291
vn 0.1270 -0.1124 0.9855
vn 0.0512 0.1884 0.9808
vn 0.0068 0.1696 0.9855
vn 0.3290 -0.3918 0.8592
vn 0.2902 -0.4084 0.8654
vn 0.2510 -0.4251 0.8697
vn 0.2117 -0.4420 0.8717
vn 0.2115 -0.4422 0.8716
vn -0.1722 0.4588 0.8717
vn -0.1329 0.4755 0.8696
vn -0.0938 0.4921 0.8654
vn -0.0549 0.5087 0.8592
vn 0.8721 0.2052 0.4443
vn 0.9084 -0.1448 0.3921
vn 0.7709 0.4953 0.4004
vn 0.5413 0.7630 0.3533
vn 0.5413 0.7630 0.3532
vn 0.5245 0.7557 0.3921
vn 0.4857 0.7393 0.4665
vn 0.7079 0.4685 0.5286
vn -0.6282 -0.4345 0.6454
vn -0.6284 -0.4344 0.6452
vn -0.6565 -0.4464 0.6080
vn -0.6565 -0.4465 0.6079
vn -0.7486 -0.1524 0.6452
vn -0.7485 -0.1525 0.6454
vn -0.7486 -0.1525 0.6453
vn -0.3891 -0.6981 0.6011
vn -0.3891 -0.6980 0.6011
vn -0.3890 -0.6982 0.6010
vn -0.4154 -0.7093 0.5696
vn -0.6831 -0.4578 0.5691
vn -0.8244 0.1807 0.5365
vn -0.8243 0.1807 0.5366
vn -0.7995 0.1913 0.5695
vn -0.7730 0.2024 0.6012
vn -0.7731 0.2024 0.6011
vn -0.7733 0.2022 0.6010
vn 0.3452 -0.0193 0.9383
vn 0.3026 -0.0377 0.9524
vn 0.2251 0.2625 0.9383
vn 0.1824 0.2442 0.9524
vn 0.0597 0.5576 0.8279
vn 0.0967 0.5734 0.8135
vn 0.0967 0.5734 0.8136
vn 0.2671 0.2804 0.9220
vn 0.2672 0.2806 0.9219
vn 0.2671 0.2805 0.9220
vn 0.3874 -0.0015 0.9219
vn 0.3873 -0.0015 0.9220
vn 0.3875 -0.0015 0.9219
vn 0.9232 0.2271 0.3100
vn 0.8031 0.5089 0.3099
vn 0.8031 0.5089 0.3098
vn 0.8032 0.5089 0.3097
vn 0.8160 0.5144 0.2636
vn 0.9403 -0.1313 0.3139
vn 0.9404 -0.1312 0.3138
vn 0.9746 -0.1166 0.1912
vn 0.9470 0.2371 0.2166
vn 0.8268 0.5191 0.2167
vn 0.5813 0.7798 0.2325
vn 0.5815 0.7796 0.2325
vn 0.5697 0.7750 0.2736
vn 0.7878 0.5028 0.3557
vn 0.7880 0.5027 0.3556
vn -0.4992 -0.3795 0.7790
vn -0.3015 -0.6608 0.6873
vn -0.3319 -0.6737 0.6602
vn -0.5667 -0.4083 0.7157
vn -0.5667 -0.4083 0.7156
vn -0.5666 -0.4082 0.7158
vn -0.7159 0.2269 0.6604
vn -0.5835 -0.0823 0.8079
vn 0.5082 0.0500 0.8598
vn 0.4686 0.0332 0.8828
vn 0.4684 0.0331 0.8829
vn 0.4688 0.0333 0.8827
vn 0.3485 0.3151 0.8827
vn 0.3485 0.3152 0.8827
vn 0.3484 0.3150 0.8828
vn 0.6215 -0.2675 0.7363
vn 0.6211 -0.2672 0.7368
vn 0.5526 -0.2965 0.7789
vn 0.5171 -0.3116 0.7972
vn 0.5171 -0.3115 0.7972
vn 0.3084 0.2980 0.9034
vn 0.1332 0.5889 0.7972
vn 0.1688 0.6041 0.7789
vn 0.1689 0.6040 0.7789
vn 0.1688 0.6040 0.7789
vn 0.9623 0.2438 0.1209
vn 0.9824 -0.1128 0.1486
vn 0.9919 -0.1092 0.0643
vn 0.9919 -0.1093 0.0643
vn 0.9939 -0.1084 0.0213
vn 0.8486 0.5284 0.0242
vn 0.6080 0.7914 0.0642
vn 0.6042 0.7897 0.1067
vn 0.6041 0.7897 0.1068
vn 0.6043 0.7896 0.1067
vn 0.8356 0.5228 0.1688
vn 0.8355 0.5228 0.1689
vn 0.9557 0.2410 0.1689
vn -0.3485 -0.3152 0.8827
vn -0.1332 -0.5889 0.7972
vn -0.1333 -0.5889 0.7971
vn -0.2372 -0.6332 0.7368
vn -0.5873 0.2817 0.7588
vn -0.5170 0.3115 0.7973
vn -0.5171 0.3117 0.7971
vn -0.4285 -0.0160 0.9034
vn 0.7451 -0.2144 0.6316
vn 0.7451 -0.2143 0.6316
vn 0.2700 0.6472 0.7129
vn 0.2702 0.6471 0.7129
vn 0.3015 0.6607 0.6874
vn 0.3016 0.6607 0.6874
vn 0.6868 0.1263 0.7158
vn 0.9666 0.2457 -0.0727
vn 0.9623 0.2438 -0.1210
vn 0.9623 0.2436 -0.1209
vn 0.8464 0.5275 -0.0727
vn 0.8421 0.5256 -0.1210
vn 0.9557 0.2409 -0.1689
vn 0.5984 0.7872 -0.1490
vn 0.6042 0.7897 -0.1067
vn 0.6042 0.7896 -0.1067
vn 0.6079 0.7914 -0.0642
vn -0.1824 -0.2444 0.9524
vn -0.1824 -0.2442 0.9524
vn -0.3026 0.0375 0.9524
vn -0.3026 0.0373 0.9524
vn -0.3452 0.0192 0.9383
vn -0.3452 0.0193 0.9383
vn -0.0594 -0.5576 0.8280
vn -0.0591 -0.5576 0.8280
vn -0.0593 -0.5576 0.8280
vn -0.0968 -0.5734 0.8135
vn -0.0967 -0.5734 0.8136
vn -0.0967 -0.5733 0.8136
vn -0.2670 -0.2806 0.9219
vn -0.3873 0.0015 0.9220
vn -0.4061 0.3592 0.8403
vn -0.4061 0.3593 0.8403
vn -0.4064 0.3594 0.8401
vn -0.3679 0.3753 0.8508
vn -0.2594 0.0561 0.9641
vn -0.2595 0.0562 0.9641
vn -0.2596 0.0563 0.9641
vn 0.6280 0.4344 0.6457
vn 0.6283 0.4344 0.6454
vn 0.7730 -0.2025 0.6012
vn 0.5982 0.4217 0.6815
vn 0.5982 0.4217 0.6814
vn 0.4155 0.7095 0.5692
vn 0.4155 0.7092 0.5696
vt 0.000000 0.000000
s 1
usemtl Goddard_None
f 1/1/1 2/1/2 3/1/3
f 3/1/3 4/1/4 1/1/1
f 4/1/4 3/1/3 5/1/5
f 5/1/5 6/1/6 4/1/4
f 4/1/7 7/1/8 8/1/9
f 8/1/9 1/1/10 4/1/7
f 9/1/11 7/1/8 4/1/7
f 4/1/7 6/1/12 9/1/11
f 10/1/13 11/1/13 12/1/13
f 12/1/13 2/1/13 10/1/13
f 13/1/14 3/1/15 2/1/14
f 2/1/14 12/1/14 13/1/14
f 13/1/16 14/1/16 5/1/16
f 5/1/16 3/1/16 13/1/16
f 5/1/17 14/1/17 15/1/17
f 15/1/17 16/1/17 5/1/17
f 17/1/18 6/1/6 5/1/5
f 5/1/5 16/1/19 17/1/18
f 17/1/20 18/1/21 9/1/11
f 9/1/11 6/1/12 17/1/20
f 19/1/22 9/1/23 18/1/23
f 18/1/23 20/1/24 19/1/22
f 9/1/25 19/1/26 21/1/26
f 21/1/26 7/1/26 9/1/25
f 7/1/27 21/1/28 22/1/28
f 22/1/28 8/1/27 7/1/27
f 22/1/29 23/1/30 24/1/29
f 24/1/29 8/1/31 22/1/29
f 1/1/10 8/1/9 24/1/32
f 24/1/32 25/1/33 1/1/10
f 10/1/34 2/1/2 1/1/1
f 1/1/1 25/1/35 10/1/34
f 26/1/36 27/1/37 28/1/38
f 28/1/38 29/1/39 26/1/36
f 30/1/40 31/1/41 27/1/42
f 27/1/42 26/1/43 30/1/40
f 27/1/37 32/1/44 33/1/45
f 33/1/45 28/1/38 27/1/37
f 27/1/42 31/1/41 34/1/46
f 34/1/46 32/1/47 27/1/42
f 35/1/48 29/1/48 36/1/48
f 36/1/48 37/1/48 35/1/48
f 26/1/36 29/1/39 35/1/49
f 35/1/49 38/1/50 26/1/36
f 39/1/51 30/1/40 26/1/43
f 26/1/43 38/1/52 39/1/51
f 30/1/53 39/1/53 40/1/53
f 40/1/53 41/1/53 30/1/53
f 42/1/54 31/1/55 30/1/54
f 30/1/54 41/1/54 42/1/54
f 43/1/56 34/1/56 31/1/56
f 31/1/56 42/1/56 43/1/56
f 44/1/57 34/1/57 43/1/57
f 43/1/57 45/1/57 44/1/57
f 44/1/58 46/1/59 32/1/47
f 32/1/47 34/1/46 44/1/58
f 32/1/44 46/1/60 47/1/61
f 47/1/61 33/1/45 32/1/44
f 48/1/62 33/1/63 47/1/63
f 47/1/63 49/1/63 48/1/62
f 28/1/64 33/1/64 48/1/64
f 48/1/64 50/1/64 28/1/64
f 29/1/65 28/1/66 50/1/67
f 50/1/67 36/1/65 29/1/65
f 51/1/68 52/1/69 53/1/70
f 53/1/70 54/1/71 51/1/68
f 55/1/72 56/1/73 52/1/74
f 52/1/74 51/1/75 55/1/72
f 52/1/69 57/1/76 58/1/77
f 58/1/77 53/1/70 52/1/69
f 52/1/74 56/1/73 59/1/78
f 59/1/78 57/1/79 52/1/74
f 54/1/80 60/1/81 61/1/82
f 61/1/82 62/1/83 54/1/80
f 62/1/84 63/1/85 51/1/68
f 51/1/68 54/1/71 62/1/84
f 55/1/72 51/1/75 63/1/86
f 63/1/86 64/1/87 55/1/72
f 64/1/88 65/1/88 66/1/88
f 66/1/88 55/1/88 64/1/88
f 67/1/89 56/1/90 55/1/89
f 55/1/89 66/1/91 67/1/89
f 68/1/92 59/1/92 56/1/92
f 56/1/92 67/1/93 68/1/92
f 39/1/94 59/1/94 68/1/94
f 68/1/94 40/1/94 39/1/94
f 38/1/52 57/1/79 59/1/78
f 59/1/78 39/1/51 38/1/52
f 38/1/50 35/1/49 58/1/77
f 58/1/77 57/1/76 38/1/50
f 35/1/95 37/1/95 69/1/95
f 69/1/95 58/1/95 35/1/95
f 53/1/96 58/1/96 69/1/96
f 69/1/96 70/1/96 53/1/96
f 54/1/97 53/1/98 70/1/99
f 70/1/99 60/1/97 54/1/97
f 71/1/100 72/1/101 73/1/102
f 73/1/102 74/1/103 71/1/100
f 75/1/104 76/1/105 72/1/106
f 72/1/106 71/1/107 75/1/104
f 72/1/101 77/1/108 78/1/109
f 78/1/109 73/1/102 72/1/101
f 72/1/106 76/1/105 79/1/110
f 79/1/110 77/1/111 72/1/106
f 80/1/112 81/1/112 82/1/112
f 82/1/112 74/1/113 80/1/112
f 71/1/100 74/1/103 82/1/114
f 82/1/114 83/1/115 71/1/100
f 75/1/104 71/1/107 83/1/116
f 83/1/116 84/1/117 75/1/104
f 84/1/118 85/1/119 86/1/119
f 86/1/119 75/1/118 84/1/118
f 87/1/120 76/1/120 75/1/120
f 75/1/120 86/1/121 87/1/120
f 88/1/122 79/1/123 76/1/124
f 76/1/124 87/1/122 88/1/122
f 65/1/125 64/1/125 79/1/125
f 79/1/125 88/1/125 65/1/125
f 63/1/86 77/1/111 79/1/110
f 79/1/110 64/1/87 63/1/86
f 63/1/85 62/1/84 78/1/109
f 78/1/109 77/1/108 63/1/85
f 62/1/126 61/1/127 89/1/127
f 89/1/127 78/1/127 62/1/126
f 78/1/128 89/1/128 90/1/128
f 90/1/128 73/1/128 78/1/128
f 74/1/129 73/1/129 90/1/129
f 90/1/129 80/1/129 74/1/129
f 91/1/130 92/1/131 93/1/132
f 93/1/132 94/1/133 91/1/130
f 95/1/134 96/1/135 92/1/136
f 92/1/136 91/1/137 95/1/134
f 92/1/131 97/1/138 98/1/139
f 98/1/139 93/1/132 92/1/131
f 92/1/136 96/1/135 99/1/140
f 99/1/140 97/1/141 92/1/136
f 94/1/142 100/1/142 101/1/142
f 101/1/142 102/1/142 94/1/142
f 94/1/133 102/1/143 103/1/144
f 103/1/144 91/1/130 94/1/133
f 103/1/145 104/1/146 95/1/134
f 95/1/134 91/1/137 103/1/145
f 105/1/147 95/1/147 104/1/147
f 104/1/147 106/1/147 105/1/147
f 96/1/148 95/1/149 105/1/150
f 105/1/150 107/1/150 96/1/148
f 108/1/151 99/1/151 96/1/151
f 96/1/151 107/1/152 108/1/151
f 85/1/153 84/1/154 99/1/154
f 99/1/154 108/1/154 85/1/153
f 83/1/116 97/1/141 99/1/140
f 99/1/140 84/1/117 83/1/116
f 83/1/115 82/1/114 98/1/139
f 98/1/139 97/1/138 83/1/115
f 82/1/155 81/1/155 109/1/155
f 109/1/155 98/1/155 82/1/155
f 98/1/156 109/1/156 110/1/157
f 110/1/157 93/1/158 98/1/156
f 100/1/159 94/1/160 93/1/161
f 93/1/161 110/1/162 100/1/159
f 111/1/163 112/1/164 113/1/165
f 113/1/165 114/1/166 111/1/163
f 115/1/167 116/1/168 112/1/169
f 112/1/169 111/1/170 115/1/167
f 112/1/164 117/1/171 118/1/172
f 118/1/172 113/1/165 112/1/164
f 112/1/169 116/1/168 119/1/173
f 119/1/173 117/1/174 112/1/169
f 114/1/175 120/1/176 121/1/176
f 121/1/176 122/1/175 114/1/175
f 114/1/166 122/1/177 123/1/178
f 123/1/178 111/1/163 114/1/166
f 115/1/167 111/1/170 123/1/179
f 123/1/179 124/1/180 115/1/167
f 124/1/181 125/1/181 126/1/181
f 126/1/181 115/1/181 124/1/181
f 116/1/182 115/1/183 126/1/184
f 126/1/184 127/1/185 116/1/182
f 128/1/186 119/1/187 116/1/186
f 116/1/186 127/1/186 128/1/186
f 104/1/188 119/1/189 128/1/190
f 128/1/190 106/1/189 104/1/188
f 117/1/174 119/1/173 104/1/146
f 104/1/146 103/1/145 117/1/174
f 103/1/144 102/1/143 118/1/172
f 118/1/172 117/1/171 103/1/144
f 102/1/191 101/1/191 129/1/191
f 129/1/191 118/1/191 102/1/191
f 118/1/192 129/1/192 130/1/192
f 130/1/192 113/1/192 118/1/192
f 120/1/193 114/1/193 113/1/194
f 113/1/194 130/1/193 120/1/193
f 131/1/195 132/1/196 133/1/197
f 133/1/197 134/1/198 131/1/195
f 135/1/199 136/1/200 132/1/201
f 132/1/201 131/1/202 135/1/199
f 132/1/196 137/1/203 138/1/204
f 138/1/204 133/1/197 132/1/196
f 132/1/201 136/1/200 139/1/205
f 139/1/205 137/1/206 132/1/201
f 134/1/207 140/1/207 141/1/207
f 141/1/207 142/1/207 134/1/207
f 134/1/198 142/1/208 143/1/209
f 143/1/209 131/1/195 134/1/198
f 135/1/199 131/1/202 143/1/210
f 143/1/210 144/1/211 135/1/199
f 144/1/212 145/1/212 146/1/212
f 146/1/212 135/1/212 144/1/212
f 136/1/213 135/1/214 146/1/214
f 146/1/214 147/1/214 136/1/213
f 148/1/215 139/1/215 136/1/215
f 136/1/215 147/1/215 148/1/215
f 124/1/216 139/1/216 148/1/217
f 148/1/217 125/1/218 124/1/216
f 123/1/179 137/1/206 139/1/205
f 139/1/205 124/1/180 123/1/179
f 123/1/178 122/1/177 138/1/204
f 138/1/204 137/1/203 123/1/178
f 122/1/219 121/1/220 149/1/219
f 149/1/219 138/1/219 122/1/219
f 138/1/221 149/1/222 150/1/222
f 150/1/222 133/1/222 138/1/221
f 140/1/223 134/1/223 133/1/223
f 133/1/223 150/1/223 140/1/223
f 151/1/224 152/1/225 153/1/226
f 153/1/226 154/1/227 151/1/224
f 155/1/228 156/1/229 152/1/230
f 152/1/230 151/1/231 155/1/228
f 152/1/225 157/1/232 158/1/233
f 158/1/233 153/1/226 152/1/225
f 152/1/230 156/1/229 159/1/234
f 159/1/234 157/1/235 152/1/230
f 154/1/236 160/1/236 161/1/237
f 161/1/237 162/1/238 154/1/236
f 154/1/227 162/1/239 163/1/240
f 163/1/240 151/1/224 154/1/227
f 155/1/228 151/1/231 163/1/241
f 163/1/241 164/1/242 155/1/228
f 164/1/243 165/1/243 166/1/243
f 166/1/243 155/1/243 164/1/243
f 156/1/244 155/1/244 166/1/244
f 166/1/244 167/1/244 156/1/244
f 168/1/245 159/1/246 156/1/245
f 156/1/245 167/1/247 168/1/245
f 144/1/248 159/1/249 168/1/249
f 168/1/249 145/1/250 144/1/248
f 143/1/210 157/1/235 159/1/234
f 159/1/234 144/1/211 143/1/210
f 143/1/209 142/1/208 158/1/233
f 158/1/233 157/1/232 143/1/209
f 142/1/251 141/1/251 169/1/251
f 169/1/251 158/1/251 142/1/251
f 158/1/252 169/1/252 170/1/252
f 170/1/252 153/1/253 158/1/252
f 160/1/254 154/1/254 153/1/254
f 153/1/254 170/1/254 160/1/254
f 171/1/255 172/1/256 173/1/257
f 173/1/257 174/1/258 171/1/255
f 175/1/259 176/1/260 172/1/261
f 172/1/261 171/1/259 175/1/259
f 172/1/256 177/1/262 178/1/263
f 178/1/263 173/1/257 172/1/256
f 172/1/261 176/1/260 179/1/264
f 179/1/264 177/1/265 172/1/261
f 174/1/266 180/1/266 181/1/266
f 181/1/266 182/1/266 174/1/266
f 174/1/258 182/1/267 183/1/268
f 183/1/268 171/1/255 174/1/258
f 175/1/259 171/1/259 183/1/269
f 183/1/269 184/1/270 175/1/259
f 185/1/271 175/1/271 184/1/271
f 184/1/271 186/1/271 185/1/271
f 176/1/272 175/1/272 185/1/272
f 185/1/272 187/1/272 176/1/272
f 188/1/273 179/1/273 176/1/273
f 176/1/273 187/1/273 188/1/273
f 164/1/274 179/1/274 188/1/274
f 188/1/274 165/1/275 164/1/274
f 163/1/241 177/1/265 179/1/264
f 179/1/264 164/1/242 163/1/241
f 163/1/240 162/1/239 178/1/263
f 178/1/263 177/1/262 163/1/240
f 162/1/276 161/1/276 189/1/276
f 189/1/276 178/1/276 162/1/276
f 178/1/277 189/1/277 190/1/277
f 190/1/277 173/1/277 178/1/277
f 180/1/278 174/1/278 173/1/278
f 173/1/278 190/1/278 180/1/278
f 191/1/279 192/1/280 193/1/281
f 193/1/281 194/1/282 191/1/279
f 195/1/283 196/1/284 192/1/285
f 192/1/285 191/1/286 195/1/283
f 192/1/280 197/1/287 198/1/288
f 198/1/288 193/1/281 192/1/280
f 192/1/285 196/1/284 199/1/289
f 199/1/289 197/1/290 192/1/285
f 194/1/291 200/1/291 201/1/291
f 201/1/291 202/1/291 194/1/291
f 194/1/282 202/1/292 203/1/293
f 203/1/293 191/1/279 194/1/282
f 195/1/283 191/1/286 203/1/294
f 203/1/294 204/1/295 195/1/283
f 205/1/296 195/1/296 204/1/296
f 204/1/296 206/1/296 205/1/296
f 196/1/297 195/1/297 205/1/297
f 205/1/297 207/1/297 196/1/297
f 208/1/298 199/1/298 196/1/298
f 196/1/298 207/1/298 208/1/298
f 186/1/299 184/1/299 199/1/299
f 199/1/299 208/1/299 186/1/299
f 183/1/269 197/1/290 199/1/289
f 199/1/289 184/1/270 183/1/269
f 183/1/268 182/1/267 198/1/288
f 198/1/288 197/1/287 183/1/268
f 182/1/300 181/1/301 209/1/300
f 209/1/300 198/1/300 182/1/300
f 198/1/302 209/1/302 210/1/302
f 210/1/302 193/1/302 198/1/302
f 200/1/303 194/1/304 193/1/303
f 193/1/303 210/1/303 200/1/303
f 211/1/305 212/1/306 213/1/307
f 213/1/307 214/1/308 211/1/305
f 215/1/309 216/1/310 212/1/311
f 212/1/311 211/1/312 215/1/309
f 212/1/306 217/1/313 218/1/314
f 218/1/314 213/1/307 212/1/306
f 212/1/311 216/1/310 219/1/315
f 219/1/315 217/1/316 212/1/311
f 214/1/317 220/1/317 221/1/317
f 221/1/317 222/1/317 214/1/317
f 214/1/308 222/1/318 223/1/319
f 223/1/319 211/1/305 214/1/308
f 215/1/309 211/1/312 223/1/320
f 223/1/320 224/1/321 215/1/309
f 225/1/322 215/1/323 224/1/323
f 224/1/323 226/1/324 225/1/322
f 216/1/325 215/1/325 225/1/326
f 225/1/326 227/1/325 216/1/325
f 228/1/327 219/1/327 216/1/327
f 216/1/327 227/1/327 228/1/327
f 206/1/328 204/1/328 219/1/328
f 219/1/328 228/1/328 206/1/328
f 203/1/294 217/1/316 219/1/315
f 219/1/315 204/1/295 203/1/294
f 203/1/293 202/1/292 218/1/314
f 218/1/314 217/1/313 203/1/293
f 202/1/329 201/1/329 229/1/329
f 229/1/329 218/1/329 202/1/329
f 218/1/330 229/1/331 230/1/330
f 230/1/330 213/1/332 218/1/330
f 220/1/333 214/1/333 213/1/333
f 213/1/333 230/1/333 220/1/333
f 231/1/334 232/1/335 233/1/336
f 233/1/336 234/1/337 231/1/334
f 235/1/338 236/1/339 232/1/340
f 232/1/340 231/1/341 235/1/338
f 232/1/335 237/1/342 238/1/343
f 238/1/343 233/1/336 232/1/335
f 232/1/340 236/1/339 239/1/344
f 239/1/344 237/1/345 232/1/340
f 234/1/346 240/1/347 241/1/347
f 241/1/347 242/1/348 234/1/346
f 234/1/337 242/1/349 243/1/350
f 243/1/350 231/1/334 234/1/337
f 235/1/338 231/1/341 243/1/351
f 243/1/351 244/1/352 235/1/338
f 245/1/353 235/1/354 244/1/354
f 244/1/354 246/1/355 245/1/353
f 236/1/356 235/1/356 245/1/356
f 245/1/356 247/1/356 236/1/356
f 248/1/357 239/1/357 236/1/357
f 236/1/357 247/1/357 248/1/357
f 226/1/358 224/1/358 239/1/358
f 239/1/358 248/1/358 226/1/358
f 223/1/320 237/1/345 239/1/344
f 239/1/344 224/1/321 223/1/320
f 223/1/319 222/1/318 238/1/343
f 238/1/343 237/1/342 223/1/319
f 222/1/359 221/1/359 249/1/359
f 249/1/359 238/1/359 222/1/359
f 238/1/360 249/1/360 250/1/360
f 250/1/360 233/1/360 238/1/360
f 240/1/361 234/1/361 233/1/362
f 233/1/362 250/1/363 240/1/361
f 251/1/364 252/1/365 253/1/366
f 253/1/366 254/1/367 251/1/364
f 255/1/368 256/1/369 252/1/370
f 252/1/370 251/1/371 255/1/368
f 252/1/365 257/1/372 258/1/373
f 258/1/373 253/1/366 252/1/365
f 252/1/370 256/1/369 259/1/374
f 259/1/374 257/1/375 252/1/370
f 254/1/376 260/1/376 261/1/376
f 261/1/376 262/1/376 254/1/376
f 254/1/367 262/1/377 263/1/378
f 263/1/378 251/1/364 254/1/367
f 255/1/368 251/1/371 263/1/379
f 263/1/379 264/1/380 255/1/368
f 265/1/381 255/1/382 264/1/382
f 264/1/382 266/1/382 265/1/381
f 256/1/383 255/1/384 265/1/383
f 265/1/383 267/1/385 256/1/383
f 268/1/386 259/1/386 256/1/386
f 256/1/386 267/1/386 268/1/386
f 246/1/387 244/1/387 259/1/387
f 259/1/387 268/1/387 246/1/387
f 243/1/351 257/1/375 259/1/374
f 259/1/374 244/1/352 243/1/351
f 243/1/350 242/1/349 258/1/373
f 258/1/373 257/1/372 243/1/350
f 242/1/388 241/1/388 269/1/388
f 269/1/388 258/1/388 242/1/388
f 258/1/389 269/1/390 270/1/390
f 270/1/390 253/1/390 258/1/389
f 260/1/391 254/1/391 253/1/391
f 253/1/391 270/1/391 260/1/391
f 271/1/392 272/1/393 273/1/394
f 273/1/394 274/1/395 271/1/392
f 275/1/396 276/1/397 272/1/398
f 272/1/398 271/1/399 275/1/396
f 272/1/393 277/1/400 278/1/401
f 278/1/401 273/1/394 272/1/393
f 272/1/398 276/1/397 279/1/402
f 279/1/402 277/1/403 272/1/398
f 274/1/404 280/1/404 281/1/404
f 281/1/404 282/1/404 274/1/404
f 274/1/395 282/1/405 283/1/406
f 283/1/406 271/1/392 274/1/395
f 275/1/396 271/1/399 283/1/407
f 283/1/407 284/1/408 275/1/396
f 285/1/409 275/1/410 284/1/409
f 284/1/409 286/1/411 285/1/409
f 276/1/412 275/1/412 285/1/412
f 285/1/412 287/1/412 276/1/412
f 288/1/413 279/1/413 276/1/413
f 276/1/413 287/1/413 288/1/413
f 266/1/414 264/1/414 279/1/414
f 279/1/414 288/1/414 266/1/414
f 263/1/379 277/1/403 279/1/402
f 279/1/402 264/1/380 263/1/379
f 263/1/378 262/1/377 278/1/401
f 278/1/401 277/1/400 263/1/378
f 262/1/415 261/1/415 289/1/415
f 289/1/415 278/1/415 262/1/415
f 278/1/416 289/1/417 290/1/418
f 290/1/418 273/1/419 278/1/416
f 280/1/420 274/1/420 273/1/420
f 273/1/420 290/1/420 280/1/420
f 291/1/421 292/1/422 293/1/423
f 293/1/423 294/1/424 291/1/421
f 295/1/425 296/1/426 292/1/427
f 292/1/427 291/1/428 295/1/425
f 292/1/422 297/1/429 298/1/430
f 298/1/430 293/1/423 292/1/422
f 292/1/427 296/1/426 299/1/431
f 299/1/431 297/1/432 292/1/427
f 294/1/433 300/1/433 301/1/433
f 301/1/433 302/1/433 294/1/433
f 294/1/424 302/1/434 303/1/435
f 303/1/435 291/1/421 294/1/424
f 295/1/425 291/1/428 303/1/436
f 303/1/436 304/1/437 295/1/425
f 305/1/438 295/1/439 304/1/439
f 304/1/439 306/1/439 305/1/438
f 296/1/440 295/1/441 305/1/442
f 305/1/442 307/1/443 296/1/440
f 308/1/444 299/1/445 296/1/446
f 296/1/446 307/1/447 308/1/444
f 286/1/448 284/1/448 299/1/448
f 299/1/448 308/1/449 286/1/448
f 283/1/407 297/1/432 299/1/431
f 299/1/431 284/1/408 283/1/407
f 283/1/406 282/1/405 298/1/430
f 298/1/430 297/1/429 283/1/406
f 282/1/450 281/1/451 309/1/452
f 309/1/452 298/1/451 282/1/450
f 298/1/453 309/1/454 310/1/453
f 310/1/453 293/1/455 298/1/453
f 300/1/456 294/1/456 293/1/456
f 293/1/456 310/1/456 300/1/456
f 311/1/457 312/1/458 313/1/459
f 313/1/459 314/1/460 311/1/457
f 315/1/461 316/1/462 312/1/463
f 312/1/463 311/1/464 315/1/461
f 312/1/458 317/1/465 318/1/466
f 318/1/466 313/1/459 312/1/458
f 312/1/463 316/1/462 319/1/467
f 319/1/467 317/1/468 312/1/463
f 314/1/469 320/1/469 321/1/469
f 321/1/469 322/1/469 314/1/469
f 314/1/460 322/1/470 323/1/471
f 323/1/471 311/1/457 314/1/460
f 315/1/461 311/1/464 323/1/472
f 323/1/472 324/1/473 315/1/461
f 325/1/474 315/1/474 324/1/474
f 324/1/474 326/1/474 325/1/474
f 316/1/475 315/1/475 325/1/475
f 325/1/475 327/1/476 316/1/475
f 328/1/477 319/1/478 316/1/479
f 316/1/479 327/1/480 328/1/477
f 306/1/481 304/1/481 319/1/482
f 319/1/482 328/1/481 306/1/481
f 303/1/436 317/1/468 319/1/467
f 319/1/467 304/1/437 303/1/436
f 303/1/435 302/1/434 318/1/466
f 318/1/466 317/1/465 303/1/435
f 302/1/483 301/1/484 329/1/483
f 329/1/483 318/1/483 302/1/483
f 318/1/485 329/1/486 330/1/487
f 330/1/487 313/1/488 318/1/485
f 320/1/489 314/1/490 313/1/490
f 313/1/490 330/1/490 320/1/489
f 331/1/491 332/1/492 333/1/493
f 333/1/493 334/1/494 331/1/491
f 335/1/495 336/1/496 332/1/497
f 332/1/497 331/1/498 335/1/495
f 332/1/492 337/1/499 338/1/500
f 338/1/500 333/1/493 332/1/492
f 332/1/497 336/1/496 339/1/501
f 339/1/501 337/1/502 332/1/497
f 334/1/503 340/1/503 341/1/503
f 341/1/503 342/1/504 334/1/503
f 334/1/494 342/1/505 343/1/506
f 343/1/506 331/1/491 334/1/494
f 335/1/495 331/1/498 343/1/507
f 343/1/507 344/1/508 335/1/495
f 345/1/509 335/1/509 344/1/509
f 344/1/509 346/1/509 345/1/509
f 336/1/510 335/1/510 345/1/510
f 345/1/510 347/1/510 336/1/510
f 348/1/511 339/1/511 336/1/511
f 336/1/511 347/1/511 348/1/511
f 326/1/512 324/1/512 339/1/513
f 339/1/513 348/1/512 326/1/512
f 323/1/472 337/1/502 339/1/501
f 339/1/501 324/1/473 323/1/472
f 323/1/471 322/1/470 338/1/500
f 338/1/500 337/1/499 323/1/471
f 322/1/514 321/1/514 349/1/514
f 349/1/514 338/1/514 322/1/514
f 338/1/515 349/1/516 350/1/517
f 350/1/517 333/1/518 338/1/515
f 340/1/519 334/1/520 333/1/519
f 333/1/519 350/1/519 340/1/519
f 351/1/521 352/1/522 353/1/523
f 353/1/523 354/1/524 351/1/521
f 355/1/525 356/1/526 352/1/527
f 352/1/527 351/1/528 355/1/525
f 352/1/522 357/1/529 358/1/530
f 358/1/530 353/1/523 352/1/522
f 352/1/527 356/1/526 359/1/531
f 359/1/531 357/1/532 352/1/527
f 354/1/53 360/1/53 361/1/53
f 361/1/53 362/1/53 354/1/53
f 354/1/524 362/1/533 363/1/534
f 363/1/534 351/1/521 354/1/524
f 355/1/525 351/1/528 363/1/535
f 363/1/535 364/1/536 355/1/525
f 365/1/537 355/1/537 364/1/538
f 364/1/538 366/1/48 365/1/537
f 356/1/65 355/1/65 365/1/65
f 365/1/65 367/1/65 356/1/65
f 368/1/64 359/1/64 356/1/64
f 356/1/64 367/1/64 368/1/64
f 346/1/539 344/1/539 359/1/63
f 359/1/63 368/1/63 346/1/539
f 343/1/507 357/1/532 359/1/531
f 359/1/531 344/1/508 343/1/507
f 343/1/506 342/1/505 358/1/530
f 358/1/530 357/1/529 343/1/506
f 342/1/57 341/1/57 369/1/57
f 369/1/57 358/1/57 342/1/57
f 358/1/56 369/1/56 370/1/56
f 370/1/56 353/1/56 358/1/56
f 360/1/54 354/1/54 353/1/54
f 353/1/54 370/1/54 360/1/54
f 371/1/540 372/1/541 373/1/542
f 373/1/542 374/1/543 371/1/540
f 375/1/544 376/1/545 372/1/546
f 372/1/546 371/1/547 375/1/544
f 372/1/541 377/1/548 378/1/549
f 378/1/549 373/1/542 372/1/541
f 372/1/546 376/1/545 379/1/550
f 379/1/550 377/1/551 372/1/546
f 374/1/88 380/1/88 381/1/88
f 381/1/88 382/1/88 374/1/88
f 374/1/543 382/1/552 383/1/553
f 383/1/553 371/1/540 374/1/543
f 375/1/544 371/1/547 383/1/554
f 383/1/554 384/1/555 375/1/544
f 385/1/81 375/1/81 384/1/81
f 384/1/81 386/1/81 385/1/81
f 376/1/556 375/1/97 385/1/98
f 385/1/98 387/1/98 376/1/556
f 388/1/96 379/1/96 376/1/96
f 376/1/96 387/1/96 388/1/96
f 366/1/557 364/1/557 379/1/557
f 379/1/557 388/1/557 366/1/557
f 363/1/535 377/1/551 379/1/550
f 379/1/550 364/1/536 363/1/535
f 363/1/534 362/1/533 378/1/549
f 378/1/549 377/1/548 363/1/534
f 362/1/94 361/1/558 389/1/94
f 389/1/94 378/1/94 362/1/94
f 378/1/92 389/1/92 390/1/92
f 390/1/92 373/1/559 378/1/92
f 380/1/90 374/1/89 373/1/89
f 373/1/89 390/1/89 380/1/90
f 391/1/560 392/1/561 393/1/562
f 393/1/562 394/1/563 391/1/560
f 395/1/564 396/1/565 392/1/566
f 392/1/566 391/1/567 395/1/564
f 392/1/561 397/1/568 398/1/569
f 398/1/569 393/1/562 392/1/561
f 392/1/566 396/1/565 399/1/570
f 399/1/570 397/1/571 392/1/566
f 394/1/119 400/1/119 401/1/572
f 401/1/572 402/1/119 394/1/119
f 394/1/563 402/1/573 403/1/574
f 403/1/574 391/1/560 394/1/563
f 395/1/564 391/1/567 403/1/575
f 403/1/575 404/1/576 395/1/564
f 405/1/112 395/1/112 404/1/112
f 404/1/112 406/1/112 405/1/112
f 396/1/577 395/1/129 405/1/578
f 405/1/578 407/1/579 396/1/577
f 408/1/128 399/1/128 396/1/128
f 396/1/128 407/1/128 408/1/128
f 386/1/127 384/1/127 399/1/127
f 399/1/127 408/1/127 386/1/127
f 383/1/554 397/1/571 399/1/570
f 399/1/570 384/1/555 383/1/554
f 383/1/553 382/1/552 398/1/569
f 398/1/569 397/1/568 383/1/553
f 382/1/125 381/1/125 409/1/125
f 409/1/125 398/1/125 382/1/125
f 398/1/580 409/1/123 410/1/580
f 410/1/580 393/1/581 398/1/580
f 400/1/121 394/1/121 393/1/121
f 393/1/121 410/1/121 400/1/121
f 411/1/582 412/1/583 413/1/584
f 413/1/584 414/1/585 411/1/582
f 415/1/586 416/1/587 412/1/588
f 412/1/588 411/1/589 415/1/586
f 412/1/583 417/1/590 418/1/591
f 418/1/591 413/1/584 412/1/583
f 412/1/588 416/1/587 419/1/592
f 419/1/592 417/1/593 412/1/588
f 414/1/147 420/1/594 421/1/147
f 421/1/147 422/1/147 414/1/147
f 414/1/585 422/1/595 423/1/596
f 423/1/596 411/1/582 414/1/585
f 415/1/586 411/1/589 423/1/597
f 423/1/597 424/1/598 415/1/586
f 425/1/142 415/1/142 424/1/142
f 424/1/142 426/1/142 425/1/142
f 416/1/160 415/1/160 425/1/160
f 425/1/160 427/1/160 416/1/160
f 428/1/599 419/1/156 416/1/156
f 416/1/156 427/1/156 428/1/599
f 406/1/155 404/1/155 419/1/600
f 419/1/600 428/1/155 406/1/155
f 403/1/575 417/1/593 419/1/592
f 419/1/592 404/1/576 403/1/575
f 403/1/574 402/1/573 418/1/591
f 418/1/591 417/1/590 403/1/574
f 402/1/601 401/1/601 429/1/602
f 429/1/602 418/1/601 402/1/601
f 418/1/151 429/1/151 430/1/151
f 430/1/151 413/1/151 418/1/151
f 420/1/603 414/1/603 413/1/603
f 413/1/603 430/1/603 420/1/603
f 431/1/604 432/1/605 433/1/606
f 433/1/606 434/1/607 431/1/604
f 435/1/608 436/1/609 432/1/610
f 432/1/610 431/1/611 435/1/608
f 432/1/605 437/1/612 438/1/613
f 438/1/613 433/1/606 432/1/605
f 432/1/610 436/1/609 439/1/614
f 439/1/614 437/1/615 432/1/610
f 434/1/616 440/1/181 441/1/181
f 441/1/181 442/1/181 434/1/616
f 434/1/607 442/1/617 443/1/618
f 443/1/618 431/1/604 434/1/607
f 435/1/608 431/1/611 443/1/619
f 443/1/619 444/1/620 435/1/608
f 445/1/175 435/1/175 444/1/175
f 444/1/175 446/1/175 445/1/175
f 436/1/193 435/1/193 445/1/193
f 445/1/193 447/1/193 436/1/193
f 448/1/192 439/1/192 436/1/192
f 436/1/192 447/1/192 448/1/192
f 426/1/191 424/1/191 439/1/191
f 439/1/191 448/1/191 426/1/191
f 423/1/597 437/1/615 439/1/614
f 439/1/614 424/1/598 423/1/597
f 423/1/596 422/1/595 438/1/613
f 438/1/613 437/1/612 423/1/596
f 422/1/621 421/1/621 449/1/621
f 449/1/621 438/1/621 422/1/621
f 438/1/187 449/1/187 450/1/187
f 450/1/187 433/1/187 438/1/187
f 440/1/183 434/1/183 433/1/183
f 433/1/183 450/1/183 440/1/183
f 451/1/622 452/1/623 453/1/624
f 453/1/624 454/1/625 451/1/622
f 455/1/626 456/1/627 452/1/628
f 452/1/628 451/1/629 455/1/626
f 452/1/623 457/1/630 458/1/631
f 458/1/631 453/1/624 452/1/623
f 452/1/628 456/1/627 459/1/632
f 459/1/632 457/1/633 452/1/628
f 454/1/212 460/1/212 461/1/634
f 461/1/634 462/1/635 454/1/212
f 454/1/625 462/1/636 463/1/637
f 463/1/637 451/1/622 454/1/625
f 455/1/626 451/1/629 463/1/638
f 463/1/638 464/1/639 455/1/626
f 465/1/640 455/1/207 464/1/641
f 464/1/641 466/1/207 465/1/640
f 456/1/223 455/1/223 465/1/223
f 465/1/223 467/1/223 456/1/223
f 468/1/222 459/1/222 456/1/642
f 456/1/642 467/1/222 468/1/222
f 446/1/219 444/1/219 459/1/219
f 459/1/219 468/1/219 446/1/219
f 443/1/619 457/1/633 459/1/632
f 459/1/632 444/1/620 443/1/619
f 443/1/618 442/1/617 458/1/631
f 458/1/631 457/1/630 443/1/618
f 442/1/218 441/1/218 469/1/218
f 469/1/218 458/1/218 442/1/218
f 458/1/643 469/1/644 470/1/644
f 470/1/644 453/1/644 458/1/643
f 460/1/214 454/1/214 453/1/214
f 453/1/214 470/1/214 460/1/214
f 471/1/645 472/1/646 473/1/647
f 473/1/647 474/1/648 471/1/645
f 475/1/649 476/1/650 472/1/651
f 472/1/651 471/1/652 475/1/649
f 472/1/646 477/1/653 478/1/654
f 478/1/654 473/1/647 472/1/646
f 472/1/651 476/1/650 479/1/655
f 479/1/655 477/1/656 472/1/651
f 474/1/657 480/1/243 481/1/243
f 481/1/243 482/1/243 474/1/657
f 474/1/648 482/1/658 483/1/659
f 483/1/659 471/1/645 474/1/648
f 475/1/649 471/1/652 483/1/660
f 483/1/660 484/1/661 475/1/649
f 485/1/238 475/1/238 484/1/238
f 484/1/238 486/1/238 485/1/238
f 476/1/254 475/1/254 485/1/254
f 485/1/254 487/1/254 476/1/254
f 488/1/253 479/1/252 476/1/253
f 476/1/253 487/1/253 488/1/253
f 466/1/662 464/1/251 479/1/251
f 479/1/251 488/1/251 466/1/662
f 463/1/638 477/1/656 479/1/655
f 479/1/655 464/1/639 463/1/638
f 463/1/637 462/1/636 478/1/654
f 478/1/654 477/1/653 463/1/637
f 462/1/663 461/1/663 489/1/664
f 489/1/664 478/1/663 462/1/663
f 478/1/665 489/1/665 490/1/665
f 490/1/665 473/1/665 478/1/665
f 480/1/244 474/1/244 473/1/244
f 473/1/244 490/1/244 480/1/244
f 491/1/666 492/1/667 493/1/668
f 493/1/668 494/1/669 491/1/666
f 495/1/670 496/1/671 492/1/672
f 492/1/672 491/1/673 495/1/670
f 492/1/667 497/1/674 498/1/675
f 498/1/675 493/1/668 492/1/667
f 492/1/672 496/1/671 499/1/676
f 499/1/676 497/1/677 492/1/672
f 494/1/271 500/1/271 501/1/271
f 501/1/271 502/1/271 494/1/271
f 494/1/669 502/1/678 503/1/679
f 503/1/679 491/1/666 494/1/669
f 495/1/670 491/1/673 503/1/680
f 503/1/680 504/1/680 495/1/670
f 505/1/681 495/1/682 504/1/266
f 504/1/266 506/1/683 505/1/681
f 496/1/278 495/1/278 505/1/278
f 505/1/278 507/1/278 496/1/278
f 508/1/277 499/1/277 496/1/277
f 496/1/277 507/1/277 508/1/277
f 486/1/684 484/1/276 499/1/685
f 499/1/685 508/1/686 486/1/684
f 483/1/660 497/1/677 499/1/676
f 499/1/676 484/1/661 483/1/660
f 483/1/659 482/1/658 498/1/675
f 498/1/675 497/1/674 483/1/659
f 482/1/275 481/1/275 509/1/275
f 509/1/275 498/1/275 482/1/275
f 498/1/687 509/1/687 510/1/687
f 510/1/687 493/1/687 498/1/687
f 500/1/272 494/1/272 493/1/272
f 493/1/272 510/1/272 500/1/272
f 511/1/688 512/1/689 513/1/690
f 513/1/690 514/1/691 511/1/688
f 515/1/692 516/1/693 512/1/694
f 512/1/694 511/1/695 515/1/692
f 512/1/689 517/1/696 518/1/697
f 518/1/697 513/1/690 512/1/689
f 512/1/694 516/1/693 519/1/698
f 519/1/698 517/1/699 512/1/694
f 514/1/700 520/1/296 521/1/296
f 521/1/296 522/1/296 514/1/700
f 514/1/691 522/1/701 523/1/702
f 523/1/702 511/1/688 514/1/691
f 515/1/692 511/1/695 523/1/703
f 523/1/703 524/1/704 515/1/692
f 525/1/291 515/1/705 524/1/291
f 524/1/291 526/1/291 525/1/291
f 516/1/303 515/1/303 525/1/303
f 525/1/303 527/1/303 516/1/303
f 528/1/302 519/1/302 516/1/302
f 516/1/302 527/1/302 528/1/302
f 506/1/300 504/1/706 519/1/300
f 519/1/300 528/1/300 506/1/300
f 503/1/680 517/1/699 519/1/698
f 519/1/698 504/1/680 503/1/680
f 503/1/679 502/1/678 518/1/697
f 518/1/697 517/1/696 503/1/679
f 502/1/299 501/1/299 529/1/299
f 529/1/299 518/1/299 502/1/299
f 518/1/707 529/1/707 530/1/707
f 530/1/707 513/1/707 518/1/707
f 520/1/708 514/1/708 513/1/708
f 513/1/708 530/1/708 520/1/708
f 531/1/709 532/1/710 533/1/711
f 533/1/711 534/1/712 531/1/709
f 535/1/713 536/1/714 532/1/715
f 532/1/715 531/1/716 535/1/713
f 532/1/710 537/1/717 538/1/718
f 538/1/718 533/1/711 532/1/710
f 532/1/715 536/1/714 539/1/719
f 539/1/719 537/1/720 532/1/715
f 534/1/721 540/1/722 541/1/324
f 541/1/324 542/1/721 534/1/721
f 534/1/712 542/1/723 543/1/724
f 543/1/724 531/1/709 534/1/712
f 535/1/713 531/1/716 543/1/725
f 543/1/725 544/1/726 535/1/713
f 545/1/317 535/1/317 544/1/727
f 544/1/727 546/1/727 545/1/317
f 536/1/728 535/1/333 545/1/728
f 545/1/728 547/1/333 536/1/728
f 548/1/330 539/1/330 536/1/330
f 536/1/330 547/1/332 548/1/330
f 526/1/329 524/1/329 539/1/329
f 539/1/329 548/1/729 526/1/329
f 523/1/703 537/1/720 539/1/719
f 539/1/719 524/1/704 523/1/703
f 523/1/702 522/1/701 538/1/718
f 538/1/718 537/1/717 523/1/702
f 522/1/730 521/1/328 549/1/328
f 549/1/328 538/1/328 522/1/730
f 538/1/327 549/1/327 550/1/327
f 550/1/327 533/1/327 538/1/327
f 540/1/325 534/1/325 533/1/325
f 533/1/325 550/1/325 540/1/325
f 551/1/731 552/1/732 553/1/733
f 553/1/733 554/1/734 551/1/731
f 555/1/735 556/1/736 552/1/737
f 552/1/737 551/1/738 555/1/735
f 552/1/732 557/1/739 558/1/740
f 558/1/740 553/1/733 552/1/732
f 552/1/737 556/1/736 559/1/741
f 559/1/741 557/1/742 552/1/737
f 554/1/354 560/1/355 561/1/353
f 561/1/353 562/1/353 554/1/354
f 554/1/734 562/1/743 563/1/744
f 563/1/744 551/1/731 554/1/734
f 555/1/735 551/1/738 563/1/745
f 563/1/745 564/1/746 555/1/735
f 565/1/348 555/1/348 564/1/747
f 564/1/747 566/1/748 565/1/348
f 556/1/363 555/1/363 565/1/363
f 565/1/363 567/1/749 556/1/363
f 568/1/360 559/1/360 556/1/360
f 556/1/360 567/1/360 568/1/360
f 546/1/750 544/1/359 559/1/751
f 559/1/751 568/1/359 546/1/750
f 543/1/725 557/1/742 559/1/741
f 559/1/741 544/1/726 543/1/725
f 543/1/724 542/1/723 558/1/740
f 558/1/740 557/1/739 543/1/724
f 542/1/752 541/1/753 569/1/358
f 569/1/358 558/1/358 542/1/752
f 558/1/754 569/1/357 570/1/357
f 570/1/357 553/1/357 558/1/754
f 560/1/755 554/1/756 553/1/757
f 553/1/757 570/1/758 560/1/755
f 571/1/759 572/1/760 573/1/761
f 573/1/761 574/1/762 571/1/759
f 575/1/763 576/1/764 572/1/765
f 572/1/765 571/1/766 575/1/763
f 572/1/760 577/1/767 578/1/768
f 578/1/768 573/1/761 572/1/760
f 572/1/765 576/1/764 579/1/769
f 579/1/769 577/1/770 572/1/765
f 574/1/771 580/1/772 581/1/771
f 581/1/771 582/1/382 574/1/771
f 574/1/762 582/1/773 583/1/774
f 583/1/774 571/1/759 574/1/762
f 575/1/763 571/1/766 583/1/775
f 583/1/775 584/1/378 575/1/763
f 585/1/776 575/1/776 584/1/776
f 584/1/776 586/1/776 585/1/776
f 576/1/391 575/1/391 585/1/391
f 585/1/391 587/1/391 576/1/391
f 588/1/390 579/1/390 576/1/390
f 576/1/390 587/1/390 588/1/390
f 566/1/388 564/1/388 579/1/388
f 579/1/388 588/1/388 566/1/388
f 563/1/745 577/1/770 579/1/769
f 579/1/769 564/1/746 563/1/745
f 563/1/744 562/1/743 578/1/768
f 578/1/768 577/1/767 563/1/744
f 562/1/387 561/1/387 589/1/387
f 589/1/387 578/1/387 562/1/387
f 578/1/386 589/1/386 590/1/386
f 590/1/386 573/1/386 578/1/386
f 580/1/777 574/1/777 573/1/777
f 573/1/777 590/1/777 580/1/777
f 591/1/778 592/1/779 593/1/780
f 593/1/780 594/1/781 591/1/778
f 595/1/782 596/1/783 592/1/784
f 592/1/784 591/1/785 595/1/782
f 592/1/779 597/1/786 598/1/787
f 598/1/787 593/1/780 592/1/779
f 592/1/784 596/1/783 599/1/788
f 599/1/788 597/1/789 592/1/784
f 594/1/409 600/1/409 601/1/409
f 601/1/409 602/1/790 594/1/409
f 594/1/781 602/1/791 603/1/792
f 603/1/792 591/1/778 594/1/781
f 595/1/782 591/1/785 603/1/793
f 603/1/793 604/1/794 595/1/782
f 605/1/404 595/1/404 604/1/404
f 604/1/404 606/1/404 605/1/404
f 596/1/420 595/1/420 605/1/420
f 605/1/420 607/1/420 596/1/420
f 608/1/795 599/1/795 596/1/795
f 596/1/795 607/1/795 608/1/795
f 586/1/796 584/1/415 599/1/415
f 599/1/415 608/1/415 586/1/796
f 583/1/775 597/1/789 599/1/788
f 599/1/788 584/1/378 583/1/775
f 583/1/774 582/1/773 598/1/787
f 598/1/787 597/1/786 583/1/774
f 582/1/797 581/1/414 609/1/414
f 609/1/414 598/1/414 582/1/797
f 598/1/413 609/1/413 610/1/413
f 610/1/413 593/1/413 598/1/413
f 600/1/412 594/1/412 593/1/412
f 593/1/412 610/1/412 600/1/412
f 611/1/798 612/1/799 613/1/800
f 613/1/800 614/1/801 611/1/798
f 615/1/802 616/1/803 612/1/804
f 612/1/804 611/1/805 615/1/802
f 612/1/799 617/1/806 618/1/807
f 618/1/807 613/1/800 612/1/799
f 612/1/804 616/1/803 619/1/808
f 619/1/808 617/1/809 612/1/804
f 614/1/439 620/1/439 621/1/438
f 621/1/438 622/1/439 614/1/439
f 614/1/801 622/1/810 623/1/811
f 623/1/811 611/1/798 614/1/801
f 615/1/802 611/1/805 623/1/812
f 623/1/812 624/1/813 615/1/802
f 625/1/433 615/1/433 624/1/433
f 624/1/433 626/1/433 625/1/433
f 616/1/456 615/1/456 625/1/814
f 625/1/814 627/1/456 616/1/456
f 628/1/454 619/1/454 616/1/815
f 616/1/815 627/1/454 628/1/454
f 606/1/451 604/1/451 619/1/451
f 619/1/451 628/1/451 606/1/451
f 603/1/793 617/1/809 619/1/808
f 619/1/808 604/1/794 603/1/793
f 603/1/792 602/1/791 618/1/807
f 618/1/807 617/1/806 603/1/792
f 602/1/448 601/1/816 629/1/817
f 629/1/817 618/1/448 602/1/448
f 618/1/818 629/1/819 630/1/818
f 630/1/818 613/1/820 618/1/818
f 620/1/821 614/1/440 613/1/821
f 613/1/821 630/1/441 620/1/821
f 631/1/822 632/1/823 633/1/824
f 633/1/824 634/1/825 631/1/822
f 635/1/826 636/1/827 632/1/828
f 632/1/828 631/1/829 635/1/826
f 632/1/823 637/1/830 638/1/831
f 638/1/831 633/1/824 632/1/823
f 632/1/828 636/1/827 639/1/832
f 639/1/832 637/1/833 632/1/828
f 634/1/474 640/1/474 641/1/474
f 641/1/474 642/1/474 634/1/474
f 634/1/825 642/1/834 643/1/835
f 643/1/835 631/1/822 634/1/825
f 635/1/826 631/1/829 643/1/836
f 643/1/836 644/1/837 635/1/826
f 645/1/469 635/1/469 644/1/469
f 644/1/469 646/1/469 645/1/469
f 636/1/490 635/1/490 645/1/490
f 645/1/490 647/1/490 636/1/490
f 648/1/838 639/1/838 636/1/839
f 636/1/839 647/1/485 648/1/838
f 626/1/483 624/1/483 639/1/483
f 639/1/483 648/1/483 626/1/483
f 623/1/812 637/1/833 639/1/832
f 639/1/832 624/1/813 623/1/812
f 623/1/811 622/1/810 638/1/831
f 638/1/831 637/1/830 623/1/811
f 622/1/481 621/1/481 649/1/481
f 649/1/481 638/1/481 622/1/481
f 638/1/477 649/1/840 650/1/840
f 650/1/840 633/1/840 638/1/477
f 640/1/475 634/1/475 633/1/475
f 633/1/475 650/1/475 640/1/475
f 651/1/841 652/1/842 653/1/843
f 653/1/843 654/1/844 651/1/841
f 655/1/845 656/1/846 652/1/847
f 652/1/847 651/1/848 655/1/845
f 652/1/842 657/1/849 658/1/850
f 658/1/850 653/1/843 652/1/842
f 652/1/847 656/1/846 659/1/851
f 659/1/851 657/1/852 652/1/847
f 654/1/853 660/1/509 49/1/509
f 49/1/509 47/1/853 654/1/853
f 651/1/841 654/1/844 47/1/61
f 47/1/61 46/1/60 651/1/841
f 651/1/848 46/1/59 44/1/58
f 44/1/58 655/1/845 651/1/848
f 44/1/854 45/1/855 661/1/854
f 661/1/854 655/1/856 44/1/854
f 656/1/519 655/1/520 661/1/520
f 661/1/520 662/1/520 656/1/519
f 663/1/516 659/1/516 656/1/516
f 656/1/516 662/1/857 663/1/516
f 646/1/514 644/1/514 659/1/514
f 659/1/514 663/1/514 646/1/514
f 643/1/836 657/1/852 659/1/851
f 659/1/851 644/1/837 643/1/836
f 643/1/835 642/1/834 658/1/850
f 658/1/850 657/1/849 643/1/835
f 642/1/858 641/1/512 664/1/859
f 664/1/859 658/1/860 642/1/858
f 658/1/511 664/1/511 665/1/861
f 665/1/861 653/1/511 658/1/511
f 660/1/862 654/1/863 653/1/864
f 653/1/864 665/1/510 660/1/862
f 666/1/865 667/1/866 668/1/867
f 668/1/867 669/1/868 666/1/865
f 670/1/869 671/1/870 667/1/866
f 667/1/866 666/1/865 670/1/869
f 667/1/871 672/1/872 673/1/873
f 673/1/873 668/1/874 667/1/871
f 667/1/871 671/1/875 674/1/876
f 674/1/876 672/1/872 667/1/871
f 675/1/877 669/1/878 676/1/877
f 676/1/877 677/1/877 675/1/877
f 678/1/879 666/1/879 669/1/879
f 669/1/879 675/1/879 678/1/879
f 666/1/880 678/1/880 679/1/880
f 679/1/880 670/1/881 666/1/880
f 10/1/882 670/1/883 679/1/882
f 679/1/882 11/1/882 10/1/882
f 10/1/34 25/1/35 671/1/870
f 671/1/870 670/1/869 10/1/34
f 24/1/32 674/1/876 671/1/875
f 671/1/875 25/1/33 24/1/32
f 674/1/884 24/1/884 23/1/884
f 23/1/884 680/1/884 674/1/884
f 680/1/885 681/1/885 672/1/885
f 672/1/885 674/1/885 680/1/885
f 672/1/886 681/1/886 682/1/886
f 682/1/886 673/1/886 672/1/886
f 682/1/887 683/1/887 684/1/888
f 684/1/888 673/1/887 682/1/887
f 673/1/873 684/1/889 685/1/890
f 685/1/890 668/1/874 673/1/873
f 669/1/868 668/1/867 685/1/891
f 685/1/891 676/1/892 669/1/868
f 686/1/893 687/1/894 688/1/895
f 688/1/895 689/1/896 686/1/893
f 690/1/897 691/1/898 687/1/894
f 687/1/894 686/1/893 690/1/897
f 687/1/899 692/1/900 693/1/901
f 693/1/901 688/1/902 687/1/899
f 687/1/899 691/1/903 694/1/904
f 694/1/904 692/1/900 687/1/899
f 695/1/905 696/1/905 697/1/905
f 697/1/905 689/1/905 695/1/905
f 697/1/906 698/1/907 686/1/907
f 686/1/907 689/1/908 697/1/906
f 686/1/909 698/1/910 699/1/909
f 699/1/909 690/1/909 686/1/909
f 676/1/911 690/1/911 699/1/912
f 699/1/912 677/1/911 676/1/911
f 690/1/897 676/1/892 685/1/891
f 685/1/891 691/1/898 690/1/897
f 684/1/889 694/1/904 691/1/903
f 691/1/903 685/1/890 684/1/889
f 694/1/913 684/1/913 683/1/913
f 683/1/913 700/1/913 694/1/913
f 700/1/914 701/1/914 692/1/914
f 692/1/914 694/1/914 700/1/914
f 702/1/915 693/1/916 692/1/915
f 692/1/915 701/1/915 702/1/915
f 702/1/917 703/1/917 704/1/918
f 704/1/918 693/1/917 702/1/917
f 688/1/902 693/1/901 704/1/919
f 704/1/919 705/1/920 688/1/902
f 705/1/921 695/1/922 689/1/896
f 689/1/896 688/1/895 705/1/921
f 706/1/923 707/1/924 708/1/925
f 708/1/925 709/1/926 706/1/923
f 710/1/927 711/1/928 707/1/924
f 707/1/924 706/1/923 710/1/927
f 707/1/929 712/1/930 713/1/931
f 713/1/931 708/1/932 707/1/929
f 707/1/929 711/1/933 714/1/934
f 714/1/934 712/1/930 707/1/929
f 715/1/935 716/1/935 717/1/935
f 717/1/935 709/1/936 715/1/935
f 706/1/937 709/1/938 717/1/938
f 717/1/938 718/1/939 706/1/937
f 706/1/940 718/1/941 719/1/941
f 719/1/941 710/1/942 706/1/940
f 695/1/943 710/1/944 719/1/945
f 719/1/945 696/1/943 695/1/943
f 710/1/927 695/1/922 705/1/921
f 705/1/921 711/1/928 710/1/927
f 704/1/919 714/1/934 711/1/933
f 711/1/933 705/1/920 704/1/919
f 714/1/946 704/1/946 703/1/946
f 703/1/946 720/1/946 714/1/946
f 720/1/947 721/1/947 712/1/947
f 712/1/947 714/1/947 720/1/947
f 721/1/948 722/1/949 713/1/950
f 713/1/950 712/1/949 721/1/948
f 722/1/951 723/1/952 724/1/951
f 724/1/951 713/1/953 722/1/951
f 713/1/931 724/1/954 725/1/955
f 725/1/955 708/1/932 713/1/931
f 708/1/925 725/1/956 715/1/957
f 715/1/957 709/1/926 708/1/925
f 726/1/958 727/1/959 728/1/960
f 728/1/960 729/1/961 726/1/958
f 730/1/962 731/1/963 727/1/959
f 727/1/959 726/1/958 730/1/962
f 727/1/964 732/1/965 733/1/966
f 733/1/966 728/1/967 727/1/964
f 727/1/964 731/1/968 734/1/969
f 734/1/969 732/1/965 727/1/964
f 735/1/970 736/1/970 737/1/970
f 737/1/970 729/1/970 735/1/970
f 726/1/971 729/1/971 737/1/971
f 737/1/971 738/1/971 726/1/971
f 726/1/972 738/1/972 739/1/972
f 739/1/972 730/1/972 726/1/972
f 715/1/973 730/1/973 739/1/973
f 739/1/973 716/1/973 715/1/973
f 730/1/962 715/1/957 725/1/956
f 725/1/956 731/1/963 730/1/962
f 731/1/968 725/1/955 724/1/954
f 724/1/954 734/1/969 731/1/968
f 734/1/974 724/1/974 723/1/974
f 723/1/974 740/1/974 734/1/974
f 740/1/975 741/1/975 732/1/975
f 732/1/975 734/1/975 740/1/975
f 741/1/976 742/1/977 733/1/976
f 733/1/976 732/1/976 741/1/976
f 742/1/978 743/1/978 744/1/978
f 744/1/978 733/1/978 742/1/978
f 728/1/967 733/1/966 744/1/979
f 744/1/979 745/1/980 728/1/967
f 728/1/960 745/1/981 735/1/982
f 735/1/982 729/1/961 728/1/960
f 746/1/983 747/1/984 748/1/985
f 748/1/985 749/1/986 746/1/983
f 750/1/987 751/1/988 747/1/984
f 747/1/984 746/1/983 750/1/987
f 747/1/989 752/1/990 753/1/991
f 753/1/991 748/1/992 747/1/989
f 747/1/989 751/1/993 754/1/994
f 754/1/994 752/1/990 747/1/989
f 755/1/995 756/1/995 757/1/996
f 757/1/996 749/1/997 755/1/995
f 746/1/998 749/1/999 757/1/1000
f 757/1/1000 758/1/999 746/1/998
f 746/1/1001 758/1/1002 759/1/1001
f 759/1/1001 750/1/1002 746/1/1001
f 735/1/1003 750/1/1003 759/1/1004
f 759/1/1004 736/1/1003 735/1/1003
f 750/1/987 735/1/982 745/1/981
f 745/1/981 751/1/988 750/1/987
f 744/1/979 754/1/994 751/1/993
f 751/1/993 745/1/980 744/1/979
f 754/1/1005 744/1/1006 743/1/1007
f 743/1/1007 760/1/1008 754/1/1005
f 760/1/1009 761/1/1009 752/1/1009
f 752/1/1009 754/1/1010 760/1/1009
f 761/1/1011 762/1/1011 753/1/1011
f 753/1/1011 752/1/1011 761/1/1011
f 762/1/1012 763/1/1012 764/1/1012
f 764/1/1012 753/1/1012 762/1/1012
f 748/1/992 753/1/991 764/1/1013
f 764/1/1013 765/1/1014 748/1/992
f 748/1/985 765/1/1015 755/1/1016
f 755/1/1016 749/1/986 748/1/985
f 766/1/1017 767/1/1018 768/1/1019
f 768/1/1019 769/1/1020 766/1/1017
f 770/1/1021 771/1/1022 767/1/1018
f 767/1/1018 766/1/1017 770/1/1021
f 767/1/1023 772/1/1024 773/1/1025
f 773/1/1025 768/1/1026 767/1/1023
f 767/1/1023 771/1/1027 774/1/1028
f 774/1/1028 772/1/1024 767/1/1023
f 775/1/1029 776/1/1030 777/1/1031
f 777/1/1031 769/1/1030 775/1/1029
f 766/1/1032 769/1/1033 777/1/1033
f 777/1/1033 778/1/1033 766/1/1032
f 766/1/1034 778/1/1034 779/1/1035
f 779/1/1035 770/1/1034 766/1/1034
f 755/1/1036 770/1/1037 779/1/1036
f 779/1/1036 756/1/1038 755/1/1036
f 770/1/1021 755/1/1016 765/1/1015
f 765/1/1015 771/1/1022 770/1/1021
f 764/1/1013 774/1/1028 771/1/1027
f 771/1/1027 765/1/1014 764/1/1013
f 774/1/1039 764/1/1039 763/1/1039
f 763/1/1039 780/1/1039 774/1/1039
f 780/1/1040 781/1/1041 772/1/1042
f 772/1/1042 774/1/1043 780/1/1040
f 781/1/1044 782/1/1045 773/1/1045
f 773/1/1045 772/1/1044 781/1/1044
f 782/1/1046 783/1/1047 784/1/1047
f 784/1/1047 773/1/1048 782/1/1046
f 768/1/1026 773/1/1025 784/1/1049
f 784/1/1049 785/1/1050 768/1/1026
f 768/1/1019 785/1/1051 775/1/1052
f 775/1/1052 769/1/1020 768/1/1019
f 786/1/1053 787/1/1054 788/1/1055
f 788/1/1055 789/1/1056 786/1/1053
f 790/1/1057 791/1/1058 787/1/1054
f 787/1/1054 786/1/1053 790/1/1057
f 787/1/1059 792/1/1060 793/1/1061
f 793/1/1061 788/1/1062 787/1/1059
f 787/1/1059 791/1/1063 794/1/1064
f 794/1/1064 792/1/1060 787/1/1059
f 795/1/1065 796/1/1065 797/1/1065
f 797/1/1065 789/1/1065 795/1/1065
f 786/1/1066 789/1/1066 797/1/1066
f 797/1/1066 798/1/1066 786/1/1066
f 786/1/1067 798/1/1067 799/1/1067
f 799/1/1067 790/1/1067 786/1/1067
f 775/1/1068 790/1/1068 799/1/1068
f 799/1/1068 776/1/1068 775/1/1068
f 790/1/1057 775/1/1052 785/1/1051
f 785/1/1051 791/1/1058 790/1/1057
f 784/1/1049 794/1/1064 791/1/1063
f 791/1/1063 785/1/1050 784/1/1049
f 794/1/1069 784/1/1070 783/1/1071
f 783/1/1071 800/1/1072 794/1/1069
f 800/1/1073 801/1/1073 792/1/1073
f 792/1/1073 794/1/1074 800/1/1073
f 801/1/1075 802/1/1075 793/1/1075
f 793/1/1075 792/1/1075 801/1/1075
f 802/1/1076 803/1/1077 804/1/1077
f 804/1/1077 793/1/1078 802/1/1076
f 788/1/1062 793/1/1061 804/1/1079
f 804/1/1079 805/1/1080 788/1/1062
f 788/1/1055 805/1/1081 795/1/1082
f 795/1/1082 789/1/1056 788/1/1055
f 806/1/1083 807/1/1084 808/1/1085
f 808/1/1085 809/1/1086 806/1/1083
f 810/1/1087 811/1/1088 807/1/1084
f 807/1/1084 806/1/1083 810/1/1087
f 807/1/1089 812/1/1090 813/1/1091
f 813/1/1091 808/1/1092 807/1/1089
f 807/1/1089 811/1/1093 814/1/1094
f 814/1/1094 812/1/1090 807/1/1089
f 815/1/1095 816/1/1096 817/1/1095
f 817/1/1095 809/1/1097 815/1/1095
f 806/1/1098 809/1/1098 817/1/1098
f 817/1/1098 818/1/1098 806/1/1098
f 806/1/1099 818/1/1099 819/1/1099
f 819/1/1099 810/1/1099 806/1/1099
f 795/1/1100 810/1/1100 819/1/1100
f 819/1/1100 796/1/1100 795/1/1100
f 810/1/1087 795/1/1082 805/1/1081
f 805/1/1081 811/1/1088 810/1/1087
f 804/1/1079 814/1/1094 811/1/1093
f 811/1/1093 805/1/1080 804/1/1079
f 820/1/1101 814/1/1102 804/1/1103
f 804/1/1103 803/1/1101 820/1/1101
f 820/1/1104 821/1/1104 812/1/1104
f 812/1/1104 814/1/1104 820/1/1104
f 821/1/1105 822/1/1106 813/1/1106
f 813/1/1106 812/1/1105 821/1/1105
f 822/1/1107 823/1/1107 824/1/1107
f 824/1/1107 813/1/1108 822/1/1107
f 808/1/1092 813/1/1091 824/1/1109
f 824/1/1109 825/1/1110 808/1/1092
f 808/1/1085 825/1/1111 815/1/1112
f 815/1/1112 809/1/1086 808/1/1085
f 826/1/1113 827/1/1114 828/1/1115
f 828/1/1115 829/1/1116 826/1/1113
f 830/1/1117 831/1/1118 827/1/1114
f 827/1/1114 826/1/1113 830/1/1117
f 827/1/1119 832/1/1120 833/1/1121
f 833/1/1121 828/1/1122 827/1/1119
f 827/1/1119 831/1/1123 834/1/1124
f 834/1/1124 832/1/1120 827/1/1119
f 835/1/1125 836/1/1126 837/1/1125
f 837/1/1125 829/1/1127 835/1/1125
f 826/1/1128 829/1/1128 837/1/1128
f 837/1/1128 838/1/1128 826/1/1128
f 826/1/1129 838/1/1129 839/1/1129
f 839/1/1129 830/1/1129 826/1/1129
f 815/1/1130 830/1/1131 839/1/1131
f 839/1/1131 816/1/1130 815/1/1130
f 830/1/1117 815/1/1112 825/1/1111
f 825/1/1111 831/1/1118 830/1/1117
f 824/1/1109 834/1/1124 831/1/1123
f 831/1/1123 825/1/1110 824/1/1109
f 834/1/1132 824/1/1132 823/1/1132
f 823/1/1132 840/1/1133 834/1/1132
f 840/1/1134 841/1/1134 832/1/1134
f 832/1/1134 834/1/1134 840/1/1134
f 841/1/1135 842/1/1135 833/1/1135
f 833/1/1135 832/1/1135 841/1/1135
f 842/1/1136 843/1/1136 844/1/1136
f 844/1/1136 833/1/1136 842/1/1136
f 828/1/1122 833/1/1121 844/1/1137
f 844/1/1137 845/1/1138 828/1/1122
f 828/1/1115 845/1/1139 835/1/1140
f 835/1/1140 829/1/1116 828/1/1115
f 846/1/1141 847/1/1142 848/1/1143
f 848/1/1143 849/1/1144 846/1/1141
f 850/1/1145 851/1/1146 847/1/1142
f 847/1/1142 846/1/1141 850/1/1145
f 847/1/1147 852/1/1148 853/1/1149
f 853/1/1149 848/1/1150 847/1/1147
f 847/1/1147 851/1/1151 854/1/1152
f 854/1/1152 852/1/1148 847/1/1147
f 855/1/1153 856/1/1153 857/1/1153
f 857/1/1153 849/1/1153 855/1/1153
f 846/1/1154 849/1/1155 857/1/1154
f 857/1/1154 858/1/1154 846/1/1154
f 846/1/1156 858/1/1156 859/1/1157
f 859/1/1157 850/1/1157 846/1/1156
f 835/1/1158 850/1/1158 859/1/1159
f 859/1/1159 836/1/1158 835/1/1158
f 850/1/1145 835/1/1140 845/1/1139
f 845/1/1139 851/1/1146 850/1/1145
f 844/1/1137 854/1/1152 851/1/1151
f 851/1/1151 845/1/1138 844/1/1137
f 854/1/1160 844/1/1160 843/1/1160
f 843/1/1160 860/1/1161 854/1/1160
f 860/1/1162 861/1/1162 852/1/1162
f 852/1/1162 854/1/1163 860/1/1162
f 861/1/1164 862/1/1164 853/1/1165
f 853/1/1165 852/1/1164 861/1/1164
f 862/1/1166 863/1/1166 864/1/1166
f 864/1/1166 853/1/1167 862/1/1166
f 848/1/1150 853/1/1149 864/1/1168
f 864/1/1168 865/1/1169 848/1/1150
f 848/1/1143 865/1/1170 855/1/1171
f 855/1/1171 849/1/1144 848/1/1143
f 866/1/1172 867/1/1173 868/1/1174
f 868/1/1174 869/1/1175 866/1/1172
f 870/1/1176 871/1/1177 867/1/1173
f 867/1/1173 866/1/1172 870/1/1176
f 867/1/1178 872/1/1179 873/1/1180
f 873/1/1180 868/1/1181 867/1/1178
f 867/1/1178 871/1/1182 874/1/1183
f 874/1/1183 872/1/1179 867/1/1178
f 875/1/1184 876/1/1184 877/1/1184
f 877/1/1184 869/1/1184 875/1/1184
f 866/1/1185 869/1/1185 877/1/1185
f 877/1/1185 878/1/1185 866/1/1185
f 866/1/1186 878/1/1186 879/1/1186
f 879/1/1186 870/1/1186 866/1/1186
f 855/1/1187 870/1/1187 879/1/1187
f 879/1/1187 856/1/1187 855/1/1187
f 870/1/1176 855/1/1171 865/1/1170
f 865/1/1170 871/1/1177 870/1/1176
f 864/1/1168 874/1/1183 871/1/1182
f 871/1/1182 865/1/1169 864/1/1168
f 874/1/1188 864/1/1189 863/1/1189
f 863/1/1189 880/1/1189 874/1/1188
f 880/1/1190 881/1/1190 872/1/1190
f 872/1/1190 874/1/1190 880/1/1190
f 881/1/1191 882/1/1192 873/1/1191
f 873/1/1191 872/1/1193 881/1/1191
f 882/1/1194 883/1/1194 884/1/1194
f 884/1/1194 873/1/1194 882/1/1194
f 868/1/1181 873/1/1180 884/1/1195
f 884/1/1195 885/1/1196 868/1/1181
f 868/1/1174 885/1/1197 875/1/1198
f 875/1/1198 869/1/1175 868/1/1174
f 886/1/1199 887/1/1200 888/1/1201
f 888/1/1201 889/1/1202 886/1/1199
f 890/1/1203 891/1/1204 887/1/1200
f 887/1/1200 886/1/1199 890/1/1203
f 887/1/1205 892/1/1206 893/1/1207
f 893/1/1207 888/1/1208 887/1/1205
f 887/1/1205 891/1/1209 894/1/1210
f 894/1/1210 892/1/1206 887/1/1205
f 895/1/1211 896/1/1212 897/1/1213
f 897/1/1213 889/1/1214 895/1/1211
f 886/1/1215 889/1/1216 897/1/1217
f 897/1/1217 898/1/1215 886/1/1215
f 886/1/1218 898/1/1219 899/1/1220
f 899/1/1220 890/1/1221 886/1/1218
f 875/1/1222 890/1/1222 899/1/1223
f 899/1/1223 876/1/1222 875/1/1222
f 890/1/1203 875/1/1198 885/1/1197
f 885/1/1197 891/1/1204 890/1/1203
f 884/1/1195 894/1/1210 891/1/1209
f 891/1/1209 885/1/1196 884/1/1195
f 894/1/1224 884/1/1224 883/1/1225
f 883/1/1225 900/1/1224 894/1/1224
f 900/1/1226 901/1/1226 892/1/1227
f 892/1/1227 894/1/1226 900/1/1226
f 901/1/1228 902/1/1228 893/1/1228
f 893/1/1228 892/1/1228 901/1/1228
f 902/1/1229 903/1/1229 904/1/1229
f 904/1/1229 893/1/1229 902/1/1229
f 888/1/1208 893/1/1207 904/1/1230
f 904/1/1230 905/1/1231 888/1/1208
f 888/1/1201 905/1/1232 895/1/1233
f 895/1/1233 889/1/1202 888/1/1201
f 906/1/1234 907/1/1235 908/1/1236
f 908/1/1236 909/1/1237 906/1/1234
f 910/1/1238 911/1/1239 907/1/1235
f 907/1/1235 906/1/1234 910/1/1238
f 907/1/1240 912/1/1241 913/1/1242
f 913/1/1242 908/1/1243 907/1/1240
f 907/1/1240 911/1/1244 914/1/1245
f 914/1/1245 912/1/1241 907/1/1240
f 915/1/1246 916/1/1246 917/1/1247
f 917/1/1247 909/1/1246 915/1/1246
f 906/1/1248 909/1/1249 917/1/1250
f 917/1/1250 918/1/1251 906/1/1248
f 906/1/1252 918/1/1253 919/1/1252
f 919/1/1252 910/1/1252 906/1/1252
f 895/1/1254 910/1/1255 919/1/1254
f 919/1/1254 896/1/1256 895/1/1254
f 910/1/1238 895/1/1233 905/1/1232
f 905/1/1232 911/1/1239 910/1/1238
f 904/1/1230 914/1/1245 911/1/1244
f 911/1/1244 905/1/1231 904/1/1230
f 914/1/1257 904/1/1258 903/1/1259
f 903/1/1259 920/1/1260 914/1/1257
f 920/1/1261 921/1/1261 912/1/1261
f 912/1/1261 914/1/1261 920/1/1261
f 921/1/1262 922/1/1262 913/1/1262
f 913/1/1262 912/1/1262 921/1/1262
f 922/1/1263 923/1/1264 924/1/1263
f 924/1/1263 913/1/1263 922/1/1263
f 908/1/1243 913/1/1242 924/1/1265
f 924/1/1265 925/1/1266 908/1/1243
f 908/1/1236 925/1/1267 915/1/1268
f 915/1/1268 909/1/1237 908/1/1236
f 926/1/1269 927/1/1270 928/1/1271
f 928/1/1271 929/1/1272 926/1/1269
f 930/1/1273 931/1/1274 927/1/1270
f 927/1/1270 926/1/1269 930/1/1273
f 927/1/1275 932/1/1276 933/1/1277
f 933/1/1277 928/1/1278 927/1/1275
f 927/1/1275 931/1/1279 934/1/1280
f 934/1/1280 932/1/1276 927/1/1275
f 935/1/1281 936/1/1281 937/1/1281
f 937/1/1281 929/1/1282 935/1/1281
f 926/1/1283 929/1/1283 937/1/1283
f 937/1/1283 938/1/1283 926/1/1283
f 926/1/1284 938/1/1284 939/1/1285
f 939/1/1285 930/1/1284 926/1/1284
f 915/1/1286 930/1/1287 939/1/1286
f 939/1/1286 916/1/1286 915/1/1286
f 930/1/1273 915/1/1268 925/1/1267
f 925/1/1267 931/1/1274 930/1/1273
f 924/1/1265 934/1/1280 931/1/1279
f 931/1/1279 925/1/1266 924/1/1265
f 934/1/1288 924/1/1288 923/1/1288
f 923/1/1288 940/1/1289 934/1/1288
f 940/1/1290 941/1/1290 932/1/1290
f 932/1/1290 934/1/1290 940/1/1290
f 941/1/1291 942/1/1291 933/1/1291
f 933/1/1291 932/1/1291 941/1/1291
f 942/1/1292 943/1/1293 944/1/1294
f 944/1/1294 933/1/1292 942/1/1292
f 928/1/1278 933/1/1277 944/1/1295
f 944/1/1295 945/1/1296 928/1/1278
f 928/1/1271 945/1/1297 935/1/1298
f 935/1/1298 929/1/1272 928/1/1271
f 946/1/1299 947/1/1300 948/1/1301
f 948/1/1301 949/1/1302 946/1/1299
f 950/1/1303 951/1/1304 947/1/1300
f 947/1/1300 946/1/1299 950/1/1303
f 947/1/1305 952/1/1306 953/1/1307
f 953/1/1307 948/1/1308 947/1/1305
f 947/1/1305 951/1/1309 954/1/1310
f 954/1/1310 952/1/1306 947/1/1305
f 955/1/1311 956/1/1311 957/1/1312
f 957/1/1312 949/1/1311 955/1/1311
f 946/1/1313 949/1/1313 957/1/1313
f 957/1/1313 958/1/1313 946/1/1313
f 946/1/1314 958/1/1314 959/1/1314
f 959/1/1314 950/1/1314 946/1/1314
f 935/1/1315 950/1/1316 959/1/1315
f 959/1/1315 936/1/1315 935/1/1315
f 950/1/1303 935/1/1298 945/1/1297
f 945/1/1297 951/1/1304 950/1/1303
f 944/1/1295 954/1/1310 951/1/1309
f 951/1/1309 945/1/1296 944/1/1295
f 954/1/1317 944/1/1318 943/1/1318
f 943/1/1318 960/1/1318 954/1/1317
f 960/1/1319 961/1/1320 952/1/1319
f 952/1/1319 954/1/1319 960/1/1319
f 961/1/1321 962/1/1321 953/1/1321
f 953/1/1321 952/1/1321 961/1/1321
f 962/1/1322 963/1/1323 964/1/1324
f 964/1/1324 953/1/1325 962/1/1322
f 948/1/1308 953/1/1307 964/1/1326
f 964/1/1326 965/1/1327 948/1/1308
f 948/1/1301 965/1/1328 955/1/1329
f 955/1/1329 949/1/1302 948/1/1301
f 966/1/1330 967/1/1331 968/1/1332
f 968/1/1332 969/1/1333 966/1/1330
f 970/1/1334 971/1/1335 967/1/1331
f 967/1/1331 966/1/1330 970/1/1334
f 967/1/1336 972/1/1337 973/1/1338
f 973/1/1338 968/1/1339 967/1/1336
f 967/1/1336 971/1/1340 974/1/1341
f 974/1/1341 972/1/1337 967/1/1336
f 975/1/31 976/1/1342 977/1/31
f 977/1/31 969/1/1343 975/1/31
f 966/1/28 969/1/28 977/1/28
f 977/1/28 978/1/28 966/1/28
f 966/1/26 978/1/26 979/1/26
f 979/1/26 970/1/26 966/1/26
f 955/1/22 970/1/23 979/1/22
f 979/1/22 956/1/1344 955/1/22
f 970/1/1334 955/1/1329 965/1/1328
f 965/1/1328 971/1/1335 970/1/1334
f 964/1/1326 974/1/1341 971/1/1340
f 971/1/1340 965/1/1327 964/1/1326
f 974/1/1345 964/1/1346 963/1/17
f 963/1/17 980/1/17 974/1/1345
f 980/1/1347 981/1/16 972/1/1348
f 972/1/1348 974/1/1349 980/1/1347
f 981/1/14 982/1/14 973/1/14
f 973/1/14 972/1/14 981/1/14
f 982/1/13 983/1/13 984/1/13
f 984/1/13 973/1/13 982/1/13
f 968/1/1339 973/1/1338 984/1/1350
f 984/1/1350 985/1/1351 968/1/1339
f 968/1/1332 985/1/1352 975/1/1353
f 975/1/1353 969/1/1333 968/1/1332
f 986/1/1354 987/1/1355 988/1/1356
f 988/1/1356 989/1/1357 986/1/1354
f 990/1/1358 991/1/1359 987/1/1355
f 987/1/1355 986/1/1354 990/1/1358
f 987/1/1360 992/1/1361 993/1/1362
f 993/1/1362 988/1/1363 987/1/1360
f 987/1/1360 991/1/1364 994/1/1365
f 994/1/1365 992/1/1361 987/1/1360
f 995/1/887 996/1/887 997/1/1366
f 997/1/1366 989/1/887 995/1/887
f 986/1/886 989/1/1367 997/1/1367
f 997/1/1367 998/1/886 986/1/886
f 986/1/885 998/1/885 999/1/885
f 999/1/885 990/1/885 986/1/885
f 975/1/1368 990/1/1368 999/1/1368
f 999/1/1368 976/1/884 975/1/1368
f 990/1/1358 975/1/1353 985/1/1352
f 985/1/1352 991/1/1359 990/1/1358
f 984/1/1350 994/1/1365 991/1/1364
f 991/1/1364 985/1/1351 984/1/1350
f 994/1/882 984/1/882 983/1/1369
f 983/1/1369 1000/1/882 994/1/882
f 1000/1/880 1001/1/880 992/1/880
f 992/1/880 994/1/880 1000/1/880
f 1001/1/879 1002/1/1370 993/1/879
f 993/1/879 992/1/1371 1001/1/879
f 1002/1/877 1003/1/877 1004/1/877
f 1004/1/877 993/1/877 1002/1/877
f 988/1/1363 993/1/1362 1004/1/1372
f 1004/1/1372 1005/1/1373 988/1/1363
f 988/1/1356 1005/1/1374 995/1/1375
f 995/1/1375 989/1/1357 988/1/1356
f 1006/1/1376 1007/1/1377 1008/1/1378
f 1008/1/1378 1009/1/1379 1006/1/1376
f 1010/1/1380 1011/1/1381 1007/1/1377
f 1007/1/1377 1006/1/1376 1010/1/1380
f 1007/1/1382 1012/1/1383 1013/1/1384
f 1013/1/1384 1008/1/1385 1007/1/1382
f 1007/1/1382 1011/1/1386 1014/1/1387
f 1014/1/1387 1012/1/1383 1007/1/1382
f 1015/1/917 1016/1/917 1017/1/917
f 1017/1/917 1009/1/917 1015/1/917
f 1006/1/916 1009/1/916 1017/1/916
f 1017/1/916 1018/1/1388 1006/1/916
f 1006/1/914 1018/1/914 1019/1/914
f 1019/1/914 1010/1/914 1006/1/914
f 995/1/913 1010/1/913 1019/1/913
f 1019/1/913 996/1/913 995/1/913
f 1010/1/1380 995/1/1375 1005/1/1374
f 1005/1/1374 1011/1/1381 1010/1/1380
f 1004/1/1372 1014/1/1387 1011/1/1386
f 1011/1/1386 1005/1/1373 1004/1/1372
f 1014/1/911 1004/1/911 1003/1/1389
f 1003/1/1389 1020/1/911 1014/1/911
f 1020/1/1390 1021/1/1391 1012/1/1392
f 1012/1/1392 1014/1/1390 1020/1/1390
f 1021/1/908 1022/1/1393 1013/1/908
f 1013/1/908 1012/1/908 1021/1/908
f 1022/1/1394 1023/1/905 1024/1/905
f 1024/1/905 1013/1/905 1022/1/1394
f 1008/1/1385 1013/1/1384 1024/1/1395
f 1024/1/1395 1025/1/1396 1008/1/1385
f 1008/1/1378 1025/1/1397 1015/1/1398
f 1015/1/1398 1009/1/1379 1008/1/1378
f 1026/1/1399 1027/1/1400 1028/1/1401
f 1028/1/1401 1029/1/1402 1026/1/1399
f 1030/1/1403 1031/1/1404 1027/1/1400
f 1027/1/1400 1026/1/1399 1030/1/1403
f 1027/1/1405 1032/1/1406 1033/1/1407
f 1033/1/1407 1028/1/1408 1027/1/1405
f 1027/1/1405 1031/1/1409 1034/1/1410
f 1034/1/1410 1032/1/1406 1027/1/1405
f 1035/1/952 1036/1/952 1037/1/952
f 1037/1/952 1029/1/952 1035/1/952
f 1026/1/1411 1029/1/1411 1037/1/1411
f 1037/1/1411 1038/1/949 1026/1/1411
f 1026/1/947 1038/1/947 1039/1/947
f 1039/1/947 1030/1/947 1026/1/947
f 1015/1/946 1030/1/946 1039/1/1412
f 1039/1/1412 1016/1/946 1015/1/946
f 1030/1/1403 1015/1/1398 1025/1/1397
f 1025/1/1397 1031/1/1404 1030/1/1403
f 1024/1/1395 1034/1/1410 1031/1/1409
f 1031/1/1409 1025/1/1396 1024/1/1395
f 1034/1/943 1024/1/943 1023/1/944
f 1023/1/944 1040/1/944 1034/1/943
f 1040/1/940 1041/1/940 1032/1/940
f 1032/1/940 1034/1/940 1040/1/940
f 1041/1/938 1042/1/938 1033/1/1413
f 1033/1/1413 1032/1/938 1041/1/938
f 1042/1/936 1043/1/936 1044/1/1414
f 1044/1/1414 1033/1/1415 1042/1/936
f 1028/1/1408 1033/1/1407 1044/1/1416
f 1044/1/1416 1045/1/1417 1028/1/1408
f 1028/1/1401 1045/1/1418 1035/1/1419
f 1035/1/1419 1029/1/1402 1028/1/1401
f 1046/1/1420 1047/1/1421 1048/1/1422
f 1048/1/1422 1049/1/1423 1046/1/1420
f 1050/1/1424 1051/1/1425 1047/1/1421
f 1047/1/1421 1046/1/1420 1050/1/1424
f 1047/1/1426 1052/1/1427 1053/1/1428
f 1053/1/1428 1048/1/1429 1047/1/1426
f 1047/1/1426 1051/1/1430 1054/1/1431
f 1054/1/1431 1052/1/1427 1047/1/1426
f 1055/1/1432 1056/1/1433 1057/1/1432
f 1057/1/1432 1049/1/978 1055/1/1432
f 1046/1/977 1049/1/977 1057/1/976
f 1057/1/976 1058/1/977 1046/1/977
f 1046/1/975 1058/1/975 1059/1/975
f 1059/1/975 1050/1/975 1046/1/975
f 1035/1/1434 1050/1/1434 1059/1/1435
f 1059/1/1435 1036/1/974 1035/1/1434
f 1050/1/1424 1035/1/1419 1045/1/1418
f 1045/1/1418 1051/1/1425 1050/1/1424
f 1044/1/1416 1054/1/1431 1051/1/1430
f 1051/1/1430 1045/1/1417 1044/1/1416
f 1054/1/973 1044/1/973 1043/1/973
f 1043/1/973 1060/1/973 1054/1/973
f 1060/1/972 1061/1/972 1052/1/972
f 1052/1/972 1054/1/972 1060/1/972
f 1061/1/971 1062/1/971 1053/1/971
f 1053/1/971 1052/1/971 1061/1/971
f 1062/1/1436 1063/1/1436 1064/1/1436
f 1064/1/1436 1053/1/1436 1062/1/1436
f 1048/1/1429 1053/1/1428 1064/1/1437
f 1064/1/1437 1065/1/1438 1048/1/1429
f 1048/1/1422 1065/1/1439 1055/1/1440
f 1055/1/1440 1049/1/1423 1048/1/1422
f 1066/1/1441 1067/1/1442 1068/1/1443
f 1068/1/1443 1069/1/1444 1066/1/1441
f 1070/1/1445 1071/1/1446 1067/1/1442
f 1067/1/1442 1066/1/1441 1070/1/1445
f 1067/1/1447 1072/1/1448 1073/1/1449
f 1073/1/1449 1068/1/1450 1067/1/1447
f 1067/1/1447 1071/1/1451 1074/1/1452
f 1074/1/1452 1072/1/1448 1067/1/1447
f 1075/1/1012 1076/1/1012 1077/1/1012
f 1077/1/1012 1069/1/1012 1075/1/1012
f 1066/1/1011 1069/1/1011 1077/1/1011
f 1077/1/1011 1078/1/1011 1066/1/1011
f 1066/1/1453 1078/1/1454 1079/1/1455
f 1079/1/1455 1070/1/1009 1066/1/1453
f 1055/1/1006 1070/1/1456 1079/1/1006
f 1079/1/1006 1056/1/1006 1055/1/1006
f 1070/1/1445 1055/1/1440 1065/1/1439
f 1065/1/1439 1071/1/1446 1070/1/1445
f 1064/1/1437 1074/1/1452 1071/1/1451
f 1071/1/1451 1065/1/1438 1064/1/1437
f 1074/1/1003 1064/1/1003 1063/1/1457
f 1063/1/1457 1080/1/1003 1074/1/1003
f 1080/1/1001 1081/1/1001 1072/1/1001
f 1072/1/1001 1074/1/1001 1080/1/1001
f 1081/1/999 1082/1/999 1073/1/999
f 1073/1/999 1072/1/999 1081/1/999
f 1082/1/1458 1083/1/1458 1084/1/1458
f 1084/1/1458 1073/1/1458 1082/1/1458
f 1068/1/1450 1073/1/1449 1084/1/1459
f 1084/1/1459 1085/1/1460 1068/1/1450
f 1068/1/1443 1085/1/1461 1075/1/1462
f 1075/1/1462 1069/1/1444 1068/1/1443
f 1086/1/1463 1087/1/1464 1088/1/1465
f 1088/1/1465 1089/1/1466 1086/1/1463
f 1090/1/1467 1091/1/1468 1087/1/1464
f 1087/1/1464 1086/1/1463 1090/1/1467
f 1087/1/1469 1092/1/1470 1093/1/1471
f 1093/1/1471 1088/1/1472 1087/1/1469
f 1087/1/1469 1091/1/1473 1094/1/1474
f 1094/1/1474 1092/1/1470 1087/1/1469
f 1095/1/1475 1096/1/1475 1097/1/1475
f 1097/1/1475 1089/1/1047 1095/1/1475
f 1086/1/1045 1089/1/1044 1097/1/1044
f 1097/1/1044 1098/1/1045 1086/1/1045
f 1086/1/1040 1098/1/1043 1099/1/1040
f 1099/1/1040 1090/1/1042 1086/1/1040
f 1075/1/1039 1090/1/1039 1099/1/1476
f 1099/1/1476 1076/1/1039 1075/1/1039
f 1090/1/1467 1075/1/1462 1085/1/1461
f 1085/1/1461 1091/1/1468 1090/1/1467
f 1084/1/1459 1094/1/1474 1091/1/1473
f 1091/1/1473 1085/1/1460 1084/1/1459
f 1094/1/1477 1084/1/1038 1083/1/1038
f 1083/1/1038 1100/1/1477 1094/1/1477
f 1100/1/1034 1101/1/1034 1092/1/1034
f 1092/1/1034 1094/1/1034 1100/1/1034
f 1101/1/1033 1102/1/1033 1093/1/1478
f 1093/1/1478 1092/1/1033 1101/1/1033
f 1102/1/1030 1103/1/1030 1104/1/1030
f 1104/1/1030 1093/1/1030 1102/1/1030
f 1088/1/1472 1093/1/1471 1104/1/1479
f 1104/1/1479 1105/1/1480 1088/1/1472
f 1088/1/1465 1105/1/1481 1095/1/1482
f 1095/1/1482 1089/1/1466 1088/1/1465
f 1106/1/1483 1107/1/1484 1108/1/1485
f 1108/1/1485 1109/1/1486 1106/1/1483
f 1110/1/1487 1111/1/1488 1107/1/1484
f 1107/1/1484 1106/1/1483 1110/1/1487
f 1107/1/1489 1112/1/1490 1113/1/1491
f 1113/1/1491 1108/1/1492 1107/1/1489
f 1107/1/1489 1111/1/1493 1114/1/1494
f 1114/1/1494 1112/1/1490 1107/1/1489
f 1115/1/1077 1116/1/1077 1117/1/1077
f 1117/1/1077 1109/1/1077 1115/1/1077
f 1106/1/1075 1109/1/1075 1117/1/1495
f 1117/1/1495 1118/1/1495 1106/1/1075
f 1106/1/1073 1118/1/1073 1119/1/1073
f 1119/1/1073 1110/1/1073 1106/1/1073
f 1095/1/1496 1110/1/1497 1119/1/1496
f 1119/1/1496 1096/1/1496 1095/1/1496
f 1110/1/1487 1095/1/1482 1105/1/1481
f 1105/1/1481 1111/1/1488 1110/1/1487
f 1104/1/1479 1114/1/1494 1111/1/1493
f 1111/1/1493 1105/1/1480 1104/1/1479
f 1114/1/1498 1104/1/1068 1103/1/1498
f 1103/1/1498 1120/1/1499 1114/1/1498
f 1120/1/1067 1121/1/1067 1112/1/1067
f 1112/1/1067 1114/1/1067 1120/1/1067
f 1121/1/1066 1122/1/1066 1113/1/1066
f 1113/1/1066 1112/1/1066 1121/1/1066
f 1122/1/1065 1123/1/1065 1124/1/1065
f 1124/1/1065 1113/1/1065 1122/1/1065
f 1108/1/1492 1113/1/1491 1124/1/1500
f 1124/1/1500 1125/1/1501 1108/1/1492
f 1108/1/1485 1125/1/1502 1115/1/1503
f 1115/1/1503 1109/1/1486 1108/1/1485
f 1126/1/1504 1127/1/1505 1128/1/1506
f 1128/1/1506 1129/1/1507 1126/1/1504
f 1130/1/1508 1131/1/1509 1127/1/1505
f 1127/1/1505 1126/1/1504 1130/1/1508
f 1127/1/1510 1132/1/1511 1133/1/1512
f 1133/1/1512 1128/1/1513 1127/1/1510
f 1127/1/1510 1131/1/1514 1134/1/1515
f 1134/1/1515 1132/1/1511 1127/1/1510
f 1135/1/1107 1136/1/1107 1137/1/1107
f 1137/1/1107 1129/1/1107 1135/1/1107
f 1126/1/1105 1129/1/1106 1137/1/1105
f 1137/1/1105 1138/1/1105 1126/1/1105
f 1126/1/1516 1138/1/1516 1139/1/1516
f 1139/1/1516 1130/1/1104 1126/1/1516
f 1115/1/1101 1130/1/1101 1139/1/1101
f 1139/1/1101 1116/1/1101 1115/1/1101
f 1130/1/1508 1115/1/1503 1125/1/1502
f 1125/1/1502 1131/1/1509 1130/1/1508
f 1124/1/1500 1134/1/1515 1131/1/1514
f 1131/1/1514 1125/1/1501 1124/1/1500
f 1134/1/1100 1124/1/1100 1123/1/1100
f 1123/1/1100 1140/1/1100 1134/1/1100
f 1140/1/1099 1141/1/1099 1132/1/1099
f 1132/1/1099 1134/1/1099 1140/1/1099
f 1141/1/1098 1142/1/1517 1133/1/1098
f 1133/1/1098 1132/1/1098 1141/1/1098
f 1142/1/1096 1143/1/1096 1144/1/1096
f 1144/1/1096 1133/1/1096 1142/1/1096
f 1128/1/1513 1133/1/1512 1144/1/1518
f 1144/1/1518 1145/1/1519 1128/1/1513
f 1128/1/1506 1145/1/1520 1135/1/1521
f 1135/1/1521 1129/1/1507 1128/1/1506
f 1146/1/1522 1147/1/1523 1148/1/1524
f 1148/1/1524 1149/1/1524 1146/1/1522
f 1150/1/1525 1151/1/1526 1147/1/1523
f 1147/1/1523 1146/1/1522 1150/1/1525
f 1147/1/1527 1152/1/1528 1153/1/1529
f 1153/1/1529 1148/1/1530 1147/1/1527
f 1147/1/1527 1151/1/1531 1154/1/1532
f 1154/1/1532 1152/1/1528 1147/1/1527
f 1155/1/1136 1156/1/1136 1157/1/1533
f 1157/1/1533 1149/1/1136 1155/1/1136
f 1146/1/1534 1149/1/1535 1157/1/1534
f 1157/1/1534 1158/1/1534 1146/1/1534
f 1146/1/1134 1158/1/1134 1159/1/1536
f 1159/1/1536 1150/1/1536 1146/1/1134
f 1135/1/1537 1150/1/1132 1159/1/1537
f 1159/1/1537 1136/1/1538 1135/1/1537
f 1150/1/1525 1135/1/1521 1145/1/1520
f 1145/1/1520 1151/1/1526 1150/1/1525
f 1144/1/1518 1154/1/1532 1151/1/1531
f 1151/1/1531 1145/1/1519 1144/1/1518
f 1154/1/1130 1144/1/1130 1143/1/1130
f 1143/1/1130 1160/1/1130 1154/1/1130
f 1160/1/1129 1161/1/1129 1152/1/1129
f 1152/1/1129 1154/1/1129 1160/1/1129
f 1161/1/1128 1162/1/1128 1153/1/1128
f 1153/1/1128 1152/1/1128 1161/1/1128
f 1162/1/1539 1163/1/1539 1164/1/1539
f 1164/1/1539 1153/1/1126 1162/1/1539
f 1148/1/1530 1153/1/1529 1164/1/1540
f 1164/1/1540 1165/1/1541 1148/1/1530
f 1148/1/1524 1165/1/1542 1155/1/1543
f 1155/1/1543 1149/1/1524 1148/1/1524
f 1166/1/1544 1167/1/1545 1168/1/1546
f 1168/1/1546 1169/1/1547 1166/1/1544
f 1170/1/1548 1171/1/1549 1167/1/1545
f 1167/1/1545 1166/1/1544 1170/1/1548
f 1167/1/1550 1172/1/1551 1173/1/1552
f 1173/1/1552 1168/1/1553 1167/1/1550
f 1167/1/1550 1171/1/1554 1174/1/1555
f 1174/1/1555 1172/1/1551 1167/1/1550
f 1175/1/1556 1176/1/1557 1177/1/1557
f 1177/1/1557 1169/1/1556 1175/1/1556
f 1166/1/1558 1169/1/1559 1177/1/1560
f 1177/1/1560 1178/1/1561 1166/1/1558
f 1166/1/1162 1178/1/1162 1179/1/1162
f 1179/1/1162 1170/1/1162 1166/1/1162
f 1155/1/1160 1170/1/1160 1179/1/1160
f 1179/1/1160 1156/1/1160 1155/1/1160
f 1170/1/1548 1155/1/1543 1165/1/1542
f 1165/1/1542 1171/1/1549 1170/1/1548
f 1164/1/1540 1174/1/1555 1171/1/1554
f 1171/1/1554 1165/1/1541 1164/1/1540
f 1174/1/1158 1164/1/1158 1163/1/1158
f 1163/1/1158 1180/1/1158 1174/1/1158
f 1180/1/1156 1181/1/1156 1172/1/1156
f 1172/1/1156 1174/1/1156 1180/1/1156
f 1181/1/1154 1182/1/1154 1173/1/1155
f 1173/1/1155 1172/1/1155 1181/1/1154
f 1182/1/1562 1183/1/1562 1184/1/1153
f 1184/1/1153 1173/1/1153 1182/1/1562
f 1168/1/1553 1173/1/1552 1184/1/1563
f 1184/1/1563 1185/1/1564 1168/1/1553
f 1168/1/1546 1185/1/1565 1175/1/1566
f 1175/1/1566 1169/1/1547 1168/1/1546
f 1186/1/1567 1187/1/1568 1188/1/1569
f 1188/1/1569 1189/1/1570 1186/1/1567
f 1190/1/1571 1191/1/1572 1187/1/1568
f 1187/1/1568 1186/1/1567 1190/1/1571
f 1187/1/1573 1192/1/1574 1193/1/1575
f 1193/1/1575 1188/1/1576 1187/1/1573
f 1187/1/1573 1191/1/1577 1194/1/1578
f 1194/1/1578 1192/1/1574 1187/1/1573
f 1195/1/1579 1196/1/1194 1197/1/1580
f 1197/1/1580 1189/1/1579 1195/1/1579
f 1186/1/1192 1189/1/1192 1197/1/1192
f 1197/1/1192 1198/1/1192 1186/1/1192
f 1186/1/1581 1198/1/1190 1199/1/1582
f 1199/1/1582 1190/1/1190 1186/1/1581
f 1175/1/1189 1190/1/1189 1199/1/1189
f 1199/1/1189 1176/1/1189 1175/1/1189
f 1190/1/1571 1175/1/1566 1185/1/1565
f 1185/1/1565 1191/1/1572 1190/1/1571
f 1184/1/1563 1194/1/1578 1191/1/1577
f 1191/1/1577 1185/1/1564 1184/1/1563
f 1194/1/1187 1184/1/1187 1183/1/1187
f 1183/1/1187 1200/1/1187 1194/1/1187
f 1200/1/1583 1201/1/1186 1192/1/1186
f 1192/1/1186 1194/1/1186 1200/1/1583
f 1201/1/1185 1202/1/1185 1193/1/1185
f 1193/1/1185 1192/1/1185 1201/1/1185
f 1202/1/1584 1203/1/1584 1204/1/1584
f 1204/1/1584 1193/1/1184 1202/1/1584
f 1188/1/1576 1193/1/1575 1204/1/1585
f 1204/1/1585 1205/1/1586 1188/1/1576
f 1188/1/1569 1205/1/1587 1195/1/1588
f 1195/1/1588 1189/1/1570 1188/1/1569
f 1206/1/1589 1207/1/1590 1208/1/1591
f 1208/1/1591 1209/1/1592 1206/1/1589
f 1210/1/1593 1211/1/1594 1207/1/1590
f 1207/1/1590 1206/1/1589 1210/1/1593
f 1207/1/1595 1212/1/1596 1213/1/1597
f 1213/1/1597 1208/1/1598 1207/1/1595
f 1207/1/1595 1211/1/1599 1214/1/1600
f 1214/1/1600 1212/1/1596 1207/1/1595
f 1215/1/1229 1216/1/1229 1217/1/1601
f 1217/1/1601 1209/1/1229 1215/1/1229
f 1206/1/1228 1209/1/1228 1217/1/1228
f 1217/1/1228 1218/1/1228 1206/1/1228
f 1206/1/1227 1218/1/1227 1219/1/1227
f 1219/1/1227 1210/1/1227 1206/1/1227
f 1195/1/1224 1210/1/1224 1219/1/1224
f 1219/1/1224 1196/1/1224 1195/1/1224
f 1210/1/1593 1195/1/1588 1205/1/1587
f 1205/1/1587 1211/1/1594 1210/1/1593
f 1204/1/1585 1214/1/1600 1211/1/1599
f 1211/1/1599 1205/1/1586 1204/1/1585
f 1214/1/1222 1204/1/1222 1203/1/1222
f 1203/1/1222 1220/1/1222 1214/1/1222
f 1220/1/1221 1221/1/1221 1212/1/1221
f 1212/1/1221 1214/1/1221 1220/1/1221
f 1221/1/1215 1222/1/1602 1213/1/1215
f 1213/1/1215 1212/1/1215 1221/1/1215
f 1222/1/1212 1223/1/1212 1224/1/1212
f 1224/1/1212 1213/1/1212 1222/1/1212
f 1208/1/1598 1213/1/1597 1224/1/1603
f 1224/1/1603 1225/1/1604 1208/1/1598
f 1208/1/1591 1225/1/1605 1215/1/1606
f 1215/1/1606 1209/1/1592 1208/1/1591
f 1226/1/1607 1227/1/1608 1228/1/1609
f 1228/1/1609 1229/1/1610 1226/1/1607
f 1230/1/1611 1231/1/1612 1227/1/1608
f 1227/1/1608 1226/1/1607 1230/1/1611
f 1227/1/1613 1232/1/1614 1233/1/1615
f 1233/1/1615 1228/1/1616 1227/1/1613
f 1227/1/1613 1231/1/1617 1234/1/1618
f 1234/1/1618 1232/1/1614 1227/1/1613
f 1235/1/1263 1236/1/1263 1237/1/1263
f 1237/1/1263 1229/1/1263 1235/1/1263
f 1226/1/1262 1229/1/1262 1237/1/1262
f 1237/1/1262 1238/1/1262 1226/1/1262
f 1226/1/1261 1238/1/1619 1239/1/1261
f 1239/1/1261 1230/1/1261 1226/1/1261
f 1215/1/1260 1230/1/1260 1239/1/1260
f 1239/1/1260 1216/1/1260 1215/1/1260
f 1230/1/1611 1215/1/1606 1225/1/1605
f 1225/1/1605 1231/1/1612 1230/1/1611
f 1224/1/1603 1234/1/1618 1231/1/1617
f 1231/1/1617 1225/1/1604 1224/1/1603
f 1234/1/1255 1224/1/1255 1223/1/1255
f 1223/1/1255 1240/1/1255 1234/1/1255
f 1240/1/1620 1241/1/1621 1232/1/1620
f 1232/1/1620 1234/1/1622 1240/1/1620
f 1241/1/1623 1242/1/1250 1233/1/1250
f 1233/1/1250 1232/1/1251 1241/1/1623
f 1242/1/1246 1243/1/1246 1244/1/1624
f 1244/1/1624 1233/1/1246 1242/1/1246
f 1228/1/1616 1233/1/1615 1244/1/1625
f 1244/1/1625 1245/1/1626 1228/1/1616
f 1228/1/1609 1245/1/1627 1235/1/1628
f 1235/1/1628 1229/1/1610 1228/1/1609
f 1246/1/1629 1247/1/1630 1248/1/1631
f 1248/1/1631 1249/1/1632 1246/1/1629
f 1250/1/1633 1251/1/1634 1247/1/1630
f 1247/1/1630 1246/1/1629 1250/1/1633
f 1247/1/1635 1252/1/1636 1253/1/1637
f 1253/1/1637 1248/1/1638 1247/1/1635
f 1247/1/1635 1251/1/1639 1254/1/1640
f 1254/1/1640 1252/1/1636 1247/1/1635
f 1255/1/1292 1256/1/1292 1257/1/1294
f 1257/1/1294 1249/1/1292 1255/1/1292
f 1246/1/1291 1249/1/1291 1257/1/1291
f 1257/1/1291 1258/1/1291 1246/1/1291
f 1246/1/1290 1258/1/1290 1259/1/1290
f 1259/1/1290 1250/1/1290 1246/1/1290
f 1235/1/1288 1250/1/1288 1259/1/1641
f 1259/1/1641 1236/1/1288 1235/1/1288
f 1250/1/1633 1235/1/1628 1245/1/1627
f 1245/1/1627 1251/1/1634 1250/1/1633
f 1244/1/1625 1254/1/1640 1251/1/1639
f 1251/1/1639 1245/1/1626 1244/1/1625
f 1254/1/1286 1244/1/1286 1243/1/1286
f 1243/1/1286 1260/1/1286 1254/1/1286
f 1260/1/1284 1261/1/1642 1252/1/1643
f 1252/1/1643 1254/1/1643 1260/1/1284
f 1261/1/1283 1262/1/1283 1253/1/1283
f 1253/1/1283 1252/1/1283 1261/1/1283
f 1262/1/1281 1263/1/1281 1264/1/1281
f 1264/1/1281 1253/1/1281 1262/1/1281
f 1248/1/1638 1253/1/1637 1264/1/1644
f 1264/1/1644 1265/1/1645 1248/1/1638
f 1248/1/1631 1265/1/1646 1255/1/1647
f 1255/1/1647 1249/1/1632 1248/1/1631
f 1266/1/1648 1267/1/1649 1268/1/1650
f 1268/1/1650 1269/1/1651 1266/1/1648
f 1270/1/1652 1271/1/1653 1267/1/1649
f 1267/1/1649 1266/1/1648 1270/1/1652
f 1267/1/1654 1272/1/1655 1273/1/1656
f 1273/1/1656 1268/1/1657 1267/1/1654
f 1267/1/1654 1271/1/1658 1274/1/1659
f 1274/1/1659 1272/1/1655 1267/1/1654
f 16/1/1325 15/1/1325 1275/1/1325
f 1275/1/1325 1269/1/1325 16/1/1325
f 1266/1/1321 1269/1/1321 1275/1/1321
f 1275/1/1321 1276/1/1321 1266/1/1321
f 1266/1/1660 1276/1/1320 1277/1/1319
f 1277/1/1319 1270/1/1661 1266/1/1660
f 1255/1/1662 1270/1/1662 1277/1/1662
f 1277/1/1662 1256/1/1662 1255/1/1662
f 1270/1/1652 1255/1/1647 1265/1/1646
f 1265/1/1646 1271/1/1653 1270/1/1652
f 1264/1/1644 1274/1/1659 1271/1/1658
f 1271/1/1658 1265/1/1645 1264/1/1644
f 1274/1/1315 1264/1/1315 1263/1/1315
f 1263/1/1315 1278/1/1315 1274/1/1315
f 1278/1/1314 1279/1/1314 1272/1/1663
f 1272/1/1663 1274/1/1314 1278/1/1314
f 1279/1/1313 1280/1/1313 1273/1/1313
f 1273/1/1313 1272/1/1313 1279/1/1313
f 18/1/1664 1273/1/1664 1280/1/1664
f 1280/1/1664 20/1/1311 18/1/1664
f 1273/1/1656 18/1/21 17/1/20
f 17/1/20 1268/1/1657 1273/1/1656
f 1268/1/1650 17/1/18 16/1/19
f 16/1/19 1269/1/1651 1268/1/1650
f 1281/1/1665 1282/1/1665 1283/1/1665
f 1283/1/1665 1284/1/1665 1281/1/1665
f 1285/1/1666 1286/1/1666 1282/1/1666
f 1282/1/1666 1281/1/1666 1285/1/1666
f 1282/1/1667 1287/1/1668 1288/1/1667
f 1288/1/1667 1283/1/1669 1282/1/1667
f 1289/1/1670 1287/1/1671 1282/1/1670
f 1282/1/1670 1286/1/1670 1289/1/1670
f 1290/1/1672 526/1/1673 548/1/1673
f 548/1/1673 1284/1/1674 1290/1/1672
f 1284/1/1675 548/1/1676 547/1/1676
f 547/1/1676 1281/1/1676 1284/1/1675
f 1285/1/1677 1281/1/1677 547/1/1677
f 547/1/1677 545/1/1677 1285/1/1677
f 1285/1/1678 545/1/1678 546/1/1678
f 546/1/1678 1291/1/1678 1285/1/1678
f 1285/1/1679 1291/1/1679 1292/1/1679
f 1292/1/1679 1286/1/1679 1285/1/1679
f 1293/1/1680 1289/1/1681 1286/1/1682
f 1286/1/1682 1292/1/1683 1293/1/1680
f 1289/1/1684 1293/1/1685 1163/1/1684
f 1163/1/1684 1162/1/1684 1289/1/1684
f 1289/1/1686 1162/1/1686 1161/1/1686
f 1161/1/1686 1287/1/1686 1289/1/1686
f 1161/1/1687 1160/1/1688 1288/1/1688
f 1288/1/1688 1287/1/1688 1161/1/1687
f 1160/1/1689 1143/1/1689 1294/1/1689
f 1294/1/1689 1288/1/1689 1160/1/1689
f 1283/1/1690 1288/1/1690 1294/1/1690
f 1294/1/1690 1295/1/1690 1283/1/1690
f 1283/1/1691 1295/1/1691 1290/1/1691
f 1290/1/1691 1284/1/1692 1283/1/1691
f 1296/1/1693 1297/1/1693 1298/1/1693
f 1298/1/1693 1299/1/1693 1296/1/1693
f 1300/1/1694 1301/1/1694 1297/1/1694
f 1297/1/1694 1296/1/1694 1300/1/1694
f 1297/1/1695 1302/1/1695 1303/1/1695
f 1303/1/1695 1298/1/1695 1297/1/1695
f 1301/1/1696 1304/1/1696 1302/1/1696
f 1302/1/1696 1297/1/1696 1301/1/1696
f 49/1/1697 660/1/1698 1299/1/1699
f 1299/1/1699 1305/1/1700 49/1/1697
f 665/1/1701 1296/1/1701 1299/1/1701
f 1299/1/1701 660/1/1701 665/1/1701
f 665/1/1702 664/1/1702 1300/1/1702
f 1300/1/1702 1296/1/1702 665/1/1702
f 664/1/1703 641/1/1703 1306/1/1703
f 1306/1/1703 1300/1/1703 664/1/1703
f 1300/1/1704 1306/1/1704 1307/1/1704
f 1307/1/1704 1301/1/1704 1300/1/1704
f 1308/1/1705 1304/1/1705 1301/1/1705
f 1301/1/1705 1307/1/1705 1308/1/1705
f 1304/1/1706 1308/1/1707 1256/1/1707
f 1256/1/1707 1277/1/1707 1304/1/1706
f 1304/1/1708 1277/1/1708 1276/1/1709
f 1276/1/1709 1302/1/1708 1304/1/1708
f 1302/1/1710 1276/1/1710 1275/1/1711
f 1275/1/1711 1303/1/1711 1302/1/1710
f 1275/1/1712 15/1/1713 1309/1/1713
f 1309/1/1713 1303/1/1714 1275/1/1712
f 1303/1/1715 1309/1/1715 1310/1/1715
f 1310/1/1715 1298/1/1715 1303/1/1715
f 1298/1/1716 1310/1/1717 1305/1/1717
f 1305/1/1717 1299/1/1717 1298/1/1716
f 1311/1/1718 1312/1/1719 1313/1/1720
f 1313/1/1720 1314/1/1721 1311/1/1718
f 1315/1/1722 1316/1/1723 1312/1/1722
f 1312/1/1722 1311/1/1724 1315/1/1722
f 1312/1/1725 1317/1/1725 1318/1/1725
f 1318/1/1725 1313/1/1726 1312/1/1725
f 1312/1/1727 1316/1/1727 1319/1/1728
f 1319/1/1728 1317/1/1727 1312/1/1727
f 1314/1/1729 1320/1/1729 141/1/1730
f 141/1/1730 140/1/1729 1314/1/1729
f 1314/1/1731 140/1/1731 150/1/1731
f 150/1/1731 1311/1/1731 1314/1/1731
f 1315/1/1732 1311/1/1732 150/1/1732
f 150/1/1732 149/1/1732 1315/1/1732
f 149/1/1733 121/1/1734 1321/1/1735
f 1321/1/1735 1315/1/1736 149/1/1733
f 1315/1/1737 1321/1/1737 1322/1/1737
f 1322/1/1737 1316/1/1737 1315/1/1737
f 1323/1/1738 1319/1/1738 1316/1/1738
f 1316/1/1738 1322/1/1738 1323/1/1738
f 736/1/1739 759/1/1739 1319/1/1739
f 1319/1/1739 1323/1/1739 736/1/1739
f 1319/1/1740 759/1/1740 758/1/1740
f 758/1/1740 1317/1/1740 1319/1/1740
f 758/1/1741 757/1/1741 1318/1/1741
f 1318/1/1741 1317/1/1741 758/1/1741
f 757/1/1742 756/1/1743 1324/1/1743
f 1324/1/1743 1318/1/1743 757/1/1742
f 1325/1/1744 1313/1/1744 1318/1/1744
f 1318/1/1744 1324/1/1744 1325/1/1744
f 1313/1/1745 1325/1/1746 1320/1/1746
f 1320/1/1746 1314/1/1746 1313/1/1745
f 1326/1/1747 1327/1/1748 1328/1/1749
f 1328/1/1749 1329/1/1750 1326/1/1747
f 1330/1/1751 1331/1/1751 1327/1/1751
f 1327/1/1751 1326/1/1751 1330/1/1751
f 1327/1/1752 1332/1/1753 1333/1/1752
f 1333/1/1752 1328/1/1752 1327/1/1752
f 1334/1/1754 1332/1/1755 1327/1/1755
f 1327/1/1755 1331/1/1755 1334/1/1754
f 1329/1/1756 1291/1/1756 546/1/1756
f 546/1/1756 568/1/1756 1329/1/1756
f 1329/1/1757 568/1/1757 567/1/1757
f 567/1/1757 1326/1/1757 1329/1/1757
f 1330/1/1758 1326/1/1758 567/1/1758
f 567/1/1758 565/1/1758 1330/1/1758
f 1335/1/1759 1330/1/1759 565/1/1759
f 565/1/1759 566/1/1759 1335/1/1759
f 1335/1/1760 1336/1/1760 1331/1/1760
f 1331/1/1760 1330/1/1760 1335/1/1760
f 1337/1/1761 1334/1/1761 1331/1/1762
f 1331/1/1762 1336/1/1761 1337/1/1761
f 1334/1/1763 1337/1/1764 1183/1/1764
f 1183/1/1764 1182/1/1764 1334/1/1763
f 1334/1/1765 1182/1/1765 1181/1/1765
f 1181/1/1765 1332/1/1765 1334/1/1765
f 1181/1/1766 1180/1/1766 1333/1/1766
f 1333/1/1766 1332/1/1766 1181/1/1766
f 1163/1/1767 1293/1/1767 1333/1/1767
f 1333/1/1767 1180/1/1767 1163/1/1767
f 1328/1/1768 1333/1/1768 1293/1/1768
f 1293/1/1768 1292/1/1768 1328/1/1768
f 1329/1/1769 1328/1/1769 1292/1/1769
f 1292/1/1769 1291/1/1769 1329/1/1769
f 1338/1/1770 1339/1/1770 1340/1/1770
f 1340/1/1770 1341/1/1770 1338/1/1770
f 1342/1/1771 1343/1/1771 1339/1/1771
f 1339/1/1771 1338/1/1771 1342/1/1771
f 1339/1/1772 1344/1/1772 1345/1/1772
f 1345/1/1772 1340/1/1772 1339/1/1772
f 1343/1/1773 1346/1/1773 1344/1/1773
f 1344/1/1773 1339/1/1773 1343/1/1773
f 1347/1/1774 45/1/1774 43/1/1774
f 43/1/1774 1341/1/1774 1347/1/1774
f 42/1/1775 1338/1/1775 1341/1/1775
f 1341/1/1775 43/1/1775 42/1/1775
f 41/1/1776 1342/1/1777 1338/1/1778
f 1338/1/1778 42/1/1778 41/1/1776
f 1348/1/1779 1342/1/1779 41/1/1779
f 41/1/1779 40/1/1780 1348/1/1779
f 1348/1/1781 1349/1/1781 1343/1/1781
f 1343/1/1781 1342/1/1781 1348/1/1781
f 1350/1/1782 1346/1/1782 1343/1/1782
f 1343/1/1782 1349/1/1782 1350/1/1782
f 1350/1/1783 23/1/1783 22/1/1783
f 22/1/1783 1346/1/1783 1350/1/1783
f 1344/1/1784 1346/1/1784 22/1/1784
f 22/1/1784 21/1/1784 1344/1/1784
f 1345/1/1785 1344/1/1786 21/1/1786
f 21/1/1786 19/1/1786 1345/1/1785
f 19/1/1787 20/1/1788 1351/1/1788
f 1351/1/1788 1345/1/1788 19/1/1787
f 1340/1/1789 1345/1/1789 1351/1/1789
f 1351/1/1789 1352/1/1789 1340/1/1789
f 1352/1/1790 1347/1/1790 1341/1/1791
f 1341/1/1791 1340/1/1790 1352/1/1790
f 1353/1/1792 1354/1/1792 1355/1/1792
f 1355/1/1792 1356/1/1792 1353/1/1792
f 1357/1/1793 1358/1/1794 1354/1/1793
f 1354/1/1793 1353/1/1795 1357/1/1793
f 1354/1/1796 1359/1/1796 1360/1/1796
f 1360/1/1796 1355/1/1796 1354/1/1796
f 1358/1/1797 1361/1/1798 1359/1/1797
f 1359/1/1797 1354/1/1799 1358/1/1797
f 1362/1/1800 161/1/1800 160/1/1800
f 160/1/1800 1356/1/1800 1362/1/1800
f 170/1/1801 1353/1/1801 1356/1/1801
f 1356/1/1801 160/1/1801 170/1/1801
f 170/1/1802 169/1/1802 1357/1/1802
f 1357/1/1802 1353/1/1802 170/1/1802
f 1320/1/1803 1357/1/1804 169/1/1803
f 169/1/1803 141/1/1803 1320/1/1803
f 1358/1/1805 1357/1/1805 1320/1/1805
f 1320/1/1805 1325/1/1805 1358/1/1805
f 1358/1/1806 1325/1/1806 1324/1/1806
f 1324/1/1806 1361/1/1806 1358/1/1806
f 756/1/1807 779/1/1807 1361/1/1808
f 1361/1/1808 1324/1/1807 756/1/1807
f 1361/1/1809 779/1/1810 778/1/1810
f 778/1/1810 1359/1/1810 1361/1/1809
f 1359/1/1811 778/1/1811 777/1/1811
f 777/1/1811 1360/1/1811 1359/1/1811
f 776/1/1812 1363/1/1812 1360/1/1812
f 1360/1/1812 777/1/1812 776/1/1812
f 1364/1/1813 1355/1/1814 1360/1/1814
f 1360/1/1814 1363/1/1814 1364/1/1813
f 1364/1/1815 1362/1/1815 1356/1/1815
f 1356/1/1815 1355/1/1815 1364/1/1815
f 1365/1/1816 1366/1/1817 1367/1/1816
f 1367/1/1816 1368/1/1816 1365/1/1816
f 1369/1/1818 1370/1/1818 1366/1/1818
f 1366/1/1818 1365/1/1819 1369/1/1818
f 1366/1/1820 1371/1/1820 1372/1/1821
f 1372/1/1821 1367/1/1820 1366/1/1820
f 1373/1/1822 1371/1/1822 1366/1/1823
f 1366/1/1823 1370/1/1822 1373/1/1822
f 1335/1/1824 566/1/1824 588/1/1824
f 588/1/1824 1368/1/1824 1335/1/1824
f 1368/1/1825 588/1/1825 587/1/1825
f 587/1/1825 1365/1/1825 1368/1/1825
f 1369/1/1826 1365/1/1826 587/1/1826
f 587/1/1826 585/1/1826 1369/1/1826
f 1374/1/1827 1369/1/1827 585/1/1827
f 585/1/1827 586/1/1827 1374/1/1827
f 1374/1/1828 1375/1/1828 1370/1/1828
f 1370/1/1828 1369/1/1828 1374/1/1828
f 1375/1/1829 1376/1/1830 1373/1/1830
f 1373/1/1830 1370/1/1830 1375/1/1829
f 1373/1/1831 1376/1/1831 1203/1/1831
f 1203/1/1831 1202/1/1831 1373/1/1831
f 1373/1/1832 1202/1/1833 1201/1/1834
f 1201/1/1834 1371/1/1835 1373/1/1832
f 1201/1/1836 1200/1/1836 1372/1/1836
f 1372/1/1836 1371/1/1836 1201/1/1836
f 1200/1/1837 1183/1/1837 1337/1/1837
f 1337/1/1837 1372/1/1837 1200/1/1837
f 1337/1/1838 1336/1/1838 1367/1/1839
f 1367/1/1839 1372/1/1838 1337/1/1838
f 1335/1/1840 1368/1/1840 1367/1/1840
f 1367/1/1840 1336/1/1840 1335/1/1840
f 1377/1/1841 1378/1/1842 1379/1/1842
f 1379/1/1842 1380/1/1842 1377/1/1841
f 1381/1/1843 1382/1/1843 1378/1/1843
f 1378/1/1843 1377/1/1843 1381/1/1843
f 1378/1/1844 1383/1/1844 1384/1/1844
f 1384/1/1844 1379/1/1844 1378/1/1844
f 1382/1/1845 1385/1/1845 1383/1/1845
f 1383/1/1845 1378/1/1845 1382/1/1845
f 1348/1/1846 40/1/1846 68/1/1846
f 68/1/1846 1380/1/1846 1348/1/1846
f 67/1/1847 1377/1/1847 1380/1/1847
f 1380/1/1847 68/1/1847 67/1/1847
f 66/1/1848 1381/1/1849 1377/1/1849
f 1377/1/1849 67/1/1849 66/1/1848
f 66/1/1850 65/1/1851 1386/1/1852
f 1386/1/1852 1381/1/1853 66/1/1850
f 1386/1/1854 1387/1/1854 1382/1/1854
f 1382/1/1854 1381/1/1854 1386/1/1854
f 1388/1/1855 1385/1/1855 1382/1/1855
f 1382/1/1855 1387/1/1855 1388/1/1855
f 1385/1/1856 1388/1/1856 683/1/1856
f 683/1/1856 682/1/1856 1385/1/1856
f 1383/1/1857 1385/1/1858 682/1/1858
f 682/1/1858 681/1/1858 1383/1/1857
f 1384/1/1859 1383/1/1859 681/1/1859
f 681/1/1859 680/1/1860 1384/1/1859
f 680/1/1861 23/1/1861 1350/1/1861
f 1350/1/1861 1384/1/1861 680/1/1861
f 1349/1/1862 1379/1/1862 1384/1/1862
f 1384/1/1862 1350/1/1862 1349/1/1862
f 1380/1/1863 1379/1/1863 1349/1/1863
f 1349/1/1863 1348/1/1863 1380/1/1863
f 1389/1/1864 1390/1/1865 1391/1/1866
f 1391/1/1866 1392/1/1864 1389/1/1864
f 1393/1/1867 1394/1/1867 1390/1/1868
f 1390/1/1868 1389/1/1867 1393/1/1867
f 1390/1/1869 1395/1/1870 1396/1/1871
f 1396/1/1871 1391/1/1869 1390/1/1869
f 1394/1/1872 1397/1/1872 1395/1/1872
f 1395/1/1872 1390/1/1872 1394/1/1872
f 1392/1/1873 1398/1/1873 181/1/1873
f 181/1/1873 180/1/1873 1392/1/1873
f 190/1/1874 1389/1/1874 1392/1/1875
f 1392/1/1875 180/1/1876 190/1/1874
f 190/1/1877 189/1/1877 1393/1/1878
f 1393/1/1878 1389/1/1877 190/1/1877
f 161/1/1879 1362/1/1879 1393/1/1879
f 1393/1/1879 189/1/1879 161/1/1879
f 1362/1/1880 1364/1/1880 1394/1/1880
f 1394/1/1880 1393/1/1880 1362/1/1880
f 1397/1/1881 1394/1/1882 1364/1/1883
f 1364/1/1883 1363/1/1884 1397/1/1881
f 1397/1/1885 1363/1/1886 776/1/1886
f 776/1/1886 799/1/1887 1397/1/1885
f 1397/1/1888 799/1/1888 798/1/1888
f 798/1/1888 1395/1/1888 1397/1/1888
f 1395/1/1889 798/1/1890 797/1/1891
f 797/1/1891 1396/1/1891 1395/1/1889
f 797/1/1892 796/1/1892 1399/1/1892
f 1399/1/1892 1396/1/1892 797/1/1892
f 1391/1/1893 1396/1/1894 1399/1/1894
f 1399/1/1894 1400/1/1894 1391/1/1893
f 1400/1/1895 1398/1/1896 1392/1/1897
f 1392/1/1897 1391/1/1896 1400/1/1895
f 1401/1/1898 1402/1/1899 1403/1/1899
f 1403/1/1899 1404/1/1899 1401/1/1898
f 1405/1/1900 1406/1/1901 1402/1/1902
f 1402/1/1902 1401/1/1902 1405/1/1900
f 1402/1/1903 1407/1/1904 1408/1/1903
f 1408/1/1903 1403/1/1905 1402/1/1903
f 1409/1/1906 1407/1/1906 1402/1/1906
f 1402/1/1906 1406/1/1906 1409/1/1906
f 1374/1/1907 586/1/1908 608/1/1907
f 608/1/1907 1404/1/1907 1374/1/1907
f 1404/1/1909 608/1/1910 607/1/1910
f 607/1/1910 1401/1/1910 1404/1/1909
f 1405/1/1911 1401/1/1911 607/1/1912
f 607/1/1912 605/1/1911 1405/1/1911
f 1410/1/1913 1405/1/1914 605/1/1913
f 605/1/1913 606/1/1915 1410/1/1913
f 1410/1/1916 1411/1/1916 1406/1/1916
f 1406/1/1916 1405/1/1916 1410/1/1916
f 1409/1/1917 1406/1/1917 1411/1/1917
f 1411/1/1917 1412/1/1917 1409/1/1917
f 1409/1/1918 1412/1/1918 1223/1/1918
f 1223/1/1918 1222/1/1918 1409/1/1918
f 1409/1/1919 1222/1/1920 1221/1/1919
f 1221/1/1919 1407/1/1919 1409/1/1919
f 1221/1/1921 1220/1/1922 1408/1/1923
f 1408/1/1923 1407/1/1921 1221/1/1921
f 1203/1/1924 1376/1/1925 1408/1/1926
f 1408/1/1926 1220/1/1924 1203/1/1924
f 1375/1/1927 1403/1/1927 1408/1/1927
f 1408/1/1927 1376/1/1927 1375/1/1927
f 1404/1/1928 1403/1/1928 1375/1/1928
f 1375/1/1928 1374/1/1928 1404/1/1928
f 1413/1/1929 1414/1/1930 1415/1/1929
f 1415/1/1929 1416/1/1931 1413/1/1929
f 1417/1/1932 1418/1/1932 1414/1/1932
f 1414/1/1932 1413/1/1932 1417/1/1932
f 1414/1/1933 1419/1/1934 1420/1/1935
f 1420/1/1935 1415/1/1933 1414/1/1933
f 1418/1/1936 1421/1/1936 1419/1/1936
f 1419/1/1936 1414/1/1936 1418/1/1936
f 1386/1/1937 65/1/1937 88/1/1938
f 88/1/1938 1416/1/1937 1386/1/1937
f 1416/1/1939 88/1/1940 87/1/1940
f 87/1/1940 1413/1/1940 1416/1/1939
f 86/1/1941 1417/1/1942 1413/1/1941
f 1413/1/1941 87/1/1941 86/1/1941
f 86/1/1943 85/1/1943 1422/1/1943
f 1422/1/1943 1417/1/1943 86/1/1943
f 1422/1/1944 1423/1/1944 1418/1/1944
f 1418/1/1944 1417/1/1944 1422/1/1944
f 1421/1/1945 1418/1/1945 1423/1/1945
f 1423/1/1945 1424/1/1946 1421/1/1945
f 1421/1/1947 1424/1/1947 703/1/1947
f 703/1/1947 702/1/1947 1421/1/1947
f 1419/1/1948 1421/1/1949 702/1/1950
f 702/1/1950 701/1/1949 1419/1/1948
f 701/1/1951 700/1/1951 1420/1/1952
f 1420/1/1952 1419/1/1951 701/1/1951
f 700/1/1953 683/1/1954 1388/1/1955
f 1388/1/1955 1420/1/1955 700/1/1953
f 1387/1/1956 1415/1/1956 1420/1/1956
f 1420/1/1956 1388/1/1956 1387/1/1956
f 1415/1/1957 1387/1/1957 1386/1/1957
f 1386/1/1957 1416/1/1957 1415/1/1957
f 1425/1/1958 1426/1/1958 1427/1/1958
f 1427/1/1958 1428/1/1958 1425/1/1958
f 1429/1/1959 1430/1/1959 1426/1/1960
f 1426/1/1960 1425/1/1959 1429/1/1959
f 1426/1/1961 1431/1/1961 1432/1/1961
f 1432/1/1961 1427/1/1961 1426/1/1961
f 1430/1/1962 1433/1/1962 1431/1/1962
f 1431/1/1962 1426/1/1962 1430/1/1962
f 201/1/1963 200/1/1964 1428/1/1963
f 1428/1/1963 1434/1/1965 201/1/1963
f 210/1/1966 1425/1/1966 1428/1/1967
f 1428/1/1967 200/1/1966 210/1/1966
f 210/1/1968 209/1/1969 1429/1/1969
f 1429/1/1969 1425/1/1968 210/1/1968
f 1429/1/1970 209/1/1971 181/1/1971
f 181/1/1971 1398/1/1971 1429/1/1970
f 1430/1/1972 1429/1/1973 1398/1/1973
f 1398/1/1973 1400/1/1973 1430/1/1972
f 1399/1/1974 1433/1/1975 1430/1/1976
f 1430/1/1976 1400/1/1975 1399/1/1974
f 819/1/1977 1433/1/1978 1399/1/1978
f 1399/1/1978 796/1/1977 819/1/1977
f 1433/1/1979 819/1/1980 818/1/1979
f 818/1/1979 1431/1/1979 1433/1/1979
f 1431/1/1981 818/1/1981 817/1/1981
f 817/1/1981 1432/1/1981 1431/1/1981
f 817/1/1982 816/1/1982 1435/1/1982
f 1435/1/1982 1432/1/1982 817/1/1982
f 1427/1/1983 1432/1/1984 1435/1/1983
f 1435/1/1983 1436/1/1985 1427/1/1983
f 1436/1/1986 1434/1/1986 1428/1/1986
f 1428/1/1986 1427/1/1986 1436/1/1986
f 1437/1/1987 1438/1/1988 1439/1/1987
f 1439/1/1987 1440/1/1989 1437/1/1987
f 1441/1/1990 1442/1/1991 1438/1/1992
f 1438/1/1992 1437/1/1990 1441/1/1990
f 1438/1/1993 1443/1/1993 1444/1/1993
f 1444/1/1993 1439/1/1993 1438/1/1993
f 1445/1/1994 1443/1/1995 1438/1/1996
f 1438/1/1996 1442/1/1997 1445/1/1994
f 1410/1/1998 606/1/1999 628/1/1998
f 628/1/1998 1440/1/2000 1410/1/1998
f 1440/1/2001 628/1/2001 627/1/2001
f 627/1/2001 1437/1/2001 1440/1/2001
f 1441/1/2002 1437/1/2003 627/1/2004
f 627/1/2004 625/1/2004 1441/1/2002
f 1446/1/2005 1441/1/2005 625/1/2005
f 625/1/2005 626/1/2005 1446/1/2005
f 1446/1/2006 1447/1/2006 1442/1/2006
f 1442/1/2006 1441/1/2006 1446/1/2006
f 1445/1/2007 1442/1/2008 1447/1/2008
f 1447/1/2008 1448/1/2008 1445/1/2007
f 1445/1/2009 1448/1/2009 1243/1/2009
f 1243/1/2009 1242/1/2010 1445/1/2009
f 1445/1/2011 1242/1/2012 1241/1/2011
f 1241/1/2011 1443/1/2013 1445/1/2011
f 1241/1/2014 1240/1/2015 1444/1/2016
f 1444/1/2016 1443/1/2017 1241/1/2014
f 1240/1/2018 1223/1/2018 1412/1/2018
f 1412/1/2018 1444/1/2018 1240/1/2018
f 1439/1/2019 1444/1/2019 1412/1/2019
f 1412/1/2019 1411/1/2019 1439/1/2019
f 1440/1/2020 1439/1/2021 1411/1/2021
f 1411/1/2021 1410/1/2020 1440/1/2020
f 1449/1/2022 1450/1/2022 1451/1/2023
f 1451/1/2023 1452/1/2022 1449/1/2022
f 1453/1/2024 1454/1/2025 1450/1/2024
f 1450/1/2024 1449/1/2026 1453/1/2024
f 1450/1/2027 1455/1/2027 1456/1/2027
f 1456/1/2027 1451/1/2027 1450/1/2027
f 1454/1/2028 1457/1/2028 1455/1/2028
f 1455/1/2028 1450/1/2028 1454/1/2028
f 1452/1/2029 1422/1/2029 85/1/2029
f 85/1/2029 108/1/2029 1452/1/2029
f 107/1/2030 1449/1/2031 1452/1/2030
f 1452/1/2030 108/1/2030 107/1/2030
f 105/1/2032 1453/1/2032 1449/1/2032
f 1449/1/2032 107/1/2032 105/1/2032
f 1458/1/2033 1453/1/2033 105/1/2033
f 105/1/2033 106/1/2033 1458/1/2033
f 1458/1/2034 1459/1/2035 1454/1/2036
f 1454/1/2036 1453/1/2035 1458/1/2034
f 1457/1/2037 1454/1/2038 1459/1/2039
f 1459/1/2039 1460/1/2037 1457/1/2037
f 1457/1/2040 1460/1/2040 723/1/2041
f 723/1/2041 722/1/2041 1457/1/2040
f 1455/1/2042 1457/1/2042 722/1/2043
f 722/1/2043 721/1/2042 1455/1/2042
f 1456/1/2044 1455/1/2044 721/1/2044
f 721/1/2044 720/1/2044 1456/1/2044
f 720/1/2045 703/1/2045 1424/1/2045
f 1424/1/2045 1456/1/2045 720/1/2045
f 1423/1/2046 1451/1/2046 1456/1/2046
f 1456/1/2046 1424/1/2046 1423/1/2046
f 1452/1/2047 1451/1/2047 1423/1/2047
f 1423/1/2047 1422/1/2047 1452/1/2047
f 1461/1/2048 1462/1/1666 1463/1/1666
f 1463/1/1666 1464/1/1666 1461/1/2048
f 1465/1/1665 1466/1/1665 1462/1/1665
f 1462/1/1665 1461/1/2049 1465/1/1665
f 1462/1/1671 1467/1/1671 1468/1/1671
f 1468/1/1671 1463/1/1671 1462/1/1671
f 1466/1/1668 1469/1/1667 1467/1/1668
f 1467/1/1668 1462/1/1668 1466/1/1668
f 1464/1/2050 1470/1/1678 221/1/1678
f 221/1/1678 220/1/1678 1464/1/2050
f 230/1/1677 1461/1/1677 1464/1/2051
f 1464/1/2051 220/1/2051 230/1/1677
f 230/1/1676 229/1/1676 1465/1/1676
f 1465/1/1676 1461/1/1676 230/1/1676
f 1434/1/1674 1465/1/1674 229/1/1674
f 229/1/1674 201/1/2052 1434/1/1674
f 1466/1/1691 1465/1/1691 1434/1/1691
f 1434/1/1691 1436/1/1691 1466/1/1691
f 1435/1/1690 1469/1/1690 1466/1/1690
f 1466/1/1690 1436/1/1690 1435/1/1690
f 839/1/1689 1469/1/1689 1435/1/1689
f 1435/1/1689 816/1/1689 839/1/1689
f 1469/1/1688 839/1/1688 838/1/1688
f 838/1/1688 1467/1/1688 1469/1/1688
f 1467/1/2053 838/1/1686 837/1/1686
f 837/1/1686 1468/1/1686 1467/1/2053
f 837/1/2054 836/1/1684 1471/1/2054
f 1471/1/2054 1468/1/2054 837/1/2054
f 1463/1/1680 1468/1/2055 1471/1/1680
f 1471/1/1680 1472/1/2056 1463/1/1680
f 1472/1/2057 1470/1/1679 1464/1/1679
f 1464/1/1679 1463/1/1679 1472/1/2057
f 1473/1/2058 1474/1/2058 1475/1/2058
f 1475/1/2058 1476/1/2058 1473/1/2058
f 1477/1/2059 1478/1/2059 1474/1/2059
f 1474/1/2059 1473/1/2059 1477/1/2059
f 1474/1/2060 1479/1/2060 1480/1/2060
f 1480/1/2060 1475/1/2060 1474/1/2060
f 1481/1/2061 1479/1/2061 1474/1/2061
f 1474/1/2061 1478/1/2061 1481/1/2061
f 1446/1/2062 626/1/2062 648/1/2062
f 648/1/2062 1476/1/2062 1446/1/2062
f 1476/1/2063 648/1/2063 647/1/2063
f 647/1/2063 1473/1/2063 1476/1/2063
f 1477/1/2064 1473/1/2064 647/1/2064
f 647/1/2064 645/1/2064 1477/1/2064
f 1482/1/2065 1477/1/2065 645/1/2065
f 645/1/2065 646/1/2065 1482/1/2065
f 1482/1/2066 1483/1/2066 1478/1/2066
f 1478/1/2066 1477/1/2066 1482/1/2066
f 1481/1/2067 1478/1/2067 1483/1/2067
f 1483/1/2067 1484/1/2067 1481/1/2067
f 1481/1/2068 1484/1/2069 1263/1/2068
f 1263/1/2068 1262/1/2070 1481/1/2068
f 1481/1/2071 1262/1/2071 1261/1/2071
f 1261/1/2071 1479/1/2071 1481/1/2071
f 1261/1/2072 1260/1/2072 1480/1/2072
f 1480/1/2072 1479/1/2072 1261/1/2072
f 1260/1/2073 1243/1/2073 1448/1/2074
f 1448/1/2074 1480/1/2073 1260/1/2073
f 1475/1/2075 1480/1/2075 1448/1/2075
f 1448/1/2075 1447/1/2075 1475/1/2075
f 1476/1/2076 1475/1/2076 1447/1/2076
f 1447/1/2076 1446/1/2076 1476/1/2076
f 1485/1/2077 1486/1/2078 1487/1/2079
f 1487/1/2079 1488/1/2080 1485/1/2077
f 1489/1/2081 1490/1/2082 1486/1/2081
f 1486/1/2081 1485/1/2083 1489/1/2081
f 1486/1/2084 1491/1/2084 1492/1/2084
f 1492/1/2084 1487/1/2084 1486/1/2084
f 1490/1/2085 1493/1/2085 1491/1/2085
f 1491/1/2085 1486/1/2085 1490/1/2085
f 1458/1/2086 106/1/2086 128/1/2086
f 128/1/2086 1488/1/2086 1458/1/2086
f 127/1/2087 1485/1/2088 1488/1/2088
f 1488/1/2088 128/1/2089 127/1/2087
f 126/1/2090 1489/1/2090 1485/1/2090
f 1485/1/2090 127/1/2090 126/1/2090
f 1494/1/2091 1489/1/2092 126/1/2091
f 126/1/2091 125/1/2091 1494/1/2091
f 1494/1/2093 1495/1/2094 1490/1/2093
f 1490/1/2093 1489/1/2095 1494/1/2093
f 1493/1/2096 1490/1/2096 1495/1/2096
f 1495/1/2096 1496/1/2096 1493/1/2096
f 1493/1/2097 1496/1/2098 743/1/2098
f 743/1/2098 742/1/2097 1493/1/2097
f 1491/1/2099 1493/1/2100 742/1/2100
f 742/1/2100 741/1/2100 1491/1/2099
f 1492/1/2101 1491/1/2102 741/1/2101
f 741/1/2101 740/1/2103 1492/1/2101
f 740/1/2104 723/1/2104 1460/1/2104
f 1460/1/2104 1492/1/2104 740/1/2104
f 1459/1/2105 1487/1/2105 1492/1/2106
f 1492/1/2106 1460/1/2107 1459/1/2105
f 1488/1/2108 1487/1/2109 1459/1/2108
f 1459/1/2108 1458/1/2110 1488/1/2108
f 1497/1/2111 1498/1/1751 1499/1/2112
f 1499/1/2112 1500/1/1751 1497/1/2111
f 1501/1/2113 1502/1/2114 1498/1/2114
f 1498/1/2114 1497/1/2114 1501/1/2113
f 1498/1/2115 1503/1/2116 1504/1/2115
f 1504/1/2115 1499/1/2115 1498/1/2115
f 1502/1/1753 1505/1/1753 1503/1/1752
f 1503/1/1752 1498/1/1752 1502/1/1753
f 1500/1/1759 1506/1/1759 241/1/1759
f 241/1/1759 240/1/1759 1500/1/1759
f 250/1/2117 1497/1/2118 1500/1/1758
f 1500/1/1758 240/1/1758 250/1/2117
f 250/1/1757 249/1/1757 1501/1/1757
f 1501/1/1757 1497/1/1757 250/1/1757
f 1470/1/1756 1501/1/1756 249/1/1756
f 249/1/1756 221/1/1756 1470/1/1756
f 1502/1/2119 1501/1/1769 1470/1/1769
f 1470/1/1769 1472/1/1769 1502/1/2119
f 1471/1/1768 1505/1/1768 1502/1/1768
f 1502/1/1768 1472/1/1768 1471/1/1768
f 859/1/2120 1505/1/2121 1471/1/2120
f 1471/1/2120 836/1/2122 859/1/2120
f 1505/1/1766 859/1/2123 858/1/2124
f 858/1/2124 1503/1/1766 1505/1/1766
f 1503/1/1765 858/1/1765 857/1/1765
f 857/1/1765 1504/1/1765 1503/1/1765
f 857/1/1764 856/1/1764 1507/1/2125
f 1507/1/2125 1504/1/1764 857/1/1764
f 1499/1/1761 1504/1/1761 1507/1/1761
f 1507/1/1761 1508/1/1761 1499/1/1761
f 1508/1/1760 1506/1/1760 1500/1/1760
f 1500/1/1760 1499/1/1760 1508/1/1760
f 1509/1/2126 1510/1/2126 1511/1/2127
f 1511/1/2127 1512/1/2126 1509/1/2126
f 1513/1/2128 1514/1/2128 1510/1/2128
f 1510/1/2128 1509/1/2128 1513/1/2128
f 1510/1/2129 1515/1/2129 1516/1/2129
f 1516/1/2129 1511/1/2129 1510/1/2129
f 1517/1/2130 1515/1/2131 1510/1/2131
f 1510/1/2131 1514/1/2131 1517/1/2130
f 1482/1/2132 646/1/2132 663/1/2132
f 663/1/2132 1512/1/2132 1482/1/2132
f 1512/1/2133 663/1/2133 662/1/2134
f 662/1/2134 1509/1/2133 1512/1/2133
f 1513/1/2135 1509/1/2135 662/1/2136
f 662/1/2136 661/1/2136 1513/1/2135
f 1347/1/2137 1513/1/2138 661/1/2139
f 661/1/2139 45/1/2137 1347/1/2137
f 1352/1/2140 1514/1/2140 1513/1/2141
f 1513/1/2141 1347/1/2140 1352/1/2140
f 1351/1/2142 1517/1/2143 1514/1/2143
f 1514/1/2143 1352/1/2143 1351/1/2142
f 1517/1/2144 1351/1/2144 20/1/2144
f 20/1/2144 1280/1/2144 1517/1/2144
f 1517/1/2145 1280/1/2146 1279/1/2147
f 1279/1/2147 1515/1/2146 1517/1/2145
f 1279/1/2148 1278/1/2148 1516/1/2148
f 1516/1/2148 1515/1/2148 1279/1/2148
f 1278/1/2149 1263/1/2150 1484/1/2151
f 1484/1/2151 1516/1/2151 1278/1/2149
f 1511/1/2152 1516/1/2152 1484/1/2152
f 1484/1/2152 1483/1/2152 1511/1/2152
f 1512/1/2153 1511/1/2154 1483/1/2154
f 1483/1/2154 1482/1/2154 1512/1/2153
f 1518/1/2155 1519/1/2156 1520/1/2155
f 1520/1/2155 1521/1/2157 1518/1/2155
f 1522/1/2158 1523/1/2159 1519/1/2159
f 1519/1/2159 1518/1/2159 1522/1/2158
f 1519/1/2160 1524/1/2161 1525/1/2160
f 1525/1/2160 1520/1/2160 1519/1/2160
f 1523/1/2162 1526/1/2162 1524/1/2163
f 1524/1/2163 1519/1/2163 1523/1/2162
f 1494/1/2164 125/1/2165 148/1/2165
f 148/1/2165 1521/1/2166 1494/1/2164
f 147/1/2167 1518/1/2168 1521/1/2168
f 1521/1/2168 148/1/2168 147/1/2167
f 146/1/2169 1522/1/2169 1518/1/2170
f 1518/1/2170 147/1/2171 146/1/2169
f 146/1/2172 145/1/2173 1527/1/2174
f 1527/1/2174 1522/1/2175 146/1/2172
f 1527/1/2176 1528/1/2177 1523/1/2178
f 1523/1/2178 1522/1/2177 1527/1/2176
f 1523/1/2179 1528/1/2180 1529/1/2180
f 1529/1/2180 1526/1/2180 1523/1/2179
f 763/1/2181 762/1/2181 1526/1/2181
f 1526/1/2181 1529/1/2181 763/1/2181
f 1524/1/2182 1526/1/2182 762/1/2182
f 762/1/2182 761/1/2182 1524/1/2182
f 1525/1/2183 1524/1/2184 761/1/2184
f 761/1/2184 760/1/2185 1525/1/2183
f 760/1/2186 743/1/2187 1496/1/2186
f 1496/1/2186 1525/1/2188 760/1/2186
f 1495/1/2189 1520/1/2189 1525/1/2189
f 1525/1/2189 1496/1/2189 1495/1/2189
f 1521/1/2190 1520/1/2190 1495/1/2190
f 1495/1/2190 1494/1/2190 1521/1/2190
f 1530/1/1819 1531/1/1818 1532/1/2191
f 1532/1/2191 1533/1/2192 1530/1/1819
f 1534/1/1817 1535/1/1817 1531/1/1817
f 1531/1/1817 1530/1/1817 1534/1/1817
f 1531/1/2193 1536/1/1822 1537/1/2194
f 1537/1/2194 1532/1/1822 1531/1/2193
f 1535/1/1820 1538/1/1820 1536/1/1820
f 1536/1/1820 1531/1/1820 1535/1/1820
f 1533/1/2195 1539/1/2195 261/1/1827
f 261/1/1827 260/1/1827 1533/1/2195
f 270/1/1826 1530/1/1826 1533/1/1826
f 1533/1/1826 260/1/1826 270/1/1826
f 270/1/1825 269/1/1825 1534/1/1825
f 1534/1/1825 1530/1/1825 270/1/1825
f 1506/1/1824 1534/1/1824 269/1/1824
f 269/1/1824 241/1/1824 1506/1/1824
f 1535/1/2196 1534/1/1840 1506/1/2197
f 1506/1/2197 1508/1/1840 1535/1/2196
f 1507/1/1838 1538/1/1838 1535/1/1838
f 1535/1/1838 1508/1/1838 1507/1/1838
f 879/1/1837 1538/1/1837 1507/1/1837
f 1507/1/1837 856/1/1837 879/1/1837
f 1538/1/1836 879/1/1836 878/1/1836
f 878/1/1836 1536/1/1836 1538/1/1836
f 1536/1/1835 878/1/1835 877/1/1835
f 877/1/1835 1537/1/1835 1536/1/1835
f 1537/1/1831 877/1/1831 876/1/1831
f 876/1/1831 1540/1/1831 1537/1/1831
f 1537/1/1830 1540/1/1830 1541/1/1830
f 1541/1/1830 1532/1/1830 1537/1/1830
f 1532/1/2198 1541/1/1828 1539/1/2199
f 1539/1/2199 1533/1/2200 1532/1/2198
f 1542/1/2201 1543/1/2202 1544/1/2201
f 1544/1/2201 1545/1/2203 1542/1/2201
f 1546/1/2204 1547/1/2204 1543/1/2205
f 1543/1/2205 1542/1/2206 1546/1/2204
f 1543/1/2207 1548/1/2208 1549/1/2207
f 1549/1/2207 1544/1/2209 1543/1/2207
f 1550/1/2210 1548/1/2210 1543/1/2210
f 1543/1/2210 1547/1/2210 1550/1/2210
f 1527/1/2211 145/1/2211 168/1/2211
f 168/1/2211 1545/1/2211 1527/1/2211
f 1545/1/2212 168/1/2212 167/1/2212
f 167/1/2212 1542/1/2212 1545/1/2212
f 1546/1/2213 1542/1/2213 167/1/2213
f 167/1/2213 166/1/2213 1546/1/2213
f 1551/1/2214 1546/1/2214 166/1/2214
f 166/1/2214 165/1/2214 1551/1/2214
f 1551/1/2215 1552/1/2215 1547/1/2215
f 1547/1/2215 1546/1/2215 1551/1/2215
f 1550/1/2216 1547/1/2217 1552/1/2217
f 1552/1/2217 1553/1/2216 1550/1/2216
f 783/1/2218 782/1/2218 1550/1/2218
f 1550/1/2218 1553/1/2218 783/1/2218
f 1550/1/2219 782/1/2219 781/1/2219
f 781/1/2219 1548/1/2219 1550/1/2219
f 781/1/2220 780/1/2221 1549/1/2220
f 1549/1/2220 1548/1/2220 781/1/2220
f 780/1/2222 763/1/2222 1529/1/2222
f 1529/1/2222 1549/1/2222 780/1/2222
f 1544/1/2223 1549/1/2223 1529/1/2223
f 1529/1/2223 1528/1/2223 1544/1/2223
f 1545/1/2224 1544/1/2224 1528/1/2224
f 1528/1/2224 1527/1/2224 1545/1/2224
f 1554/1/2225 1555/1/2225 1556/1/2225
f 1556/1/2225 1557/1/2225 1554/1/2225
f 1558/1/1899 1559/1/1899 1555/1/1899
f 1555/1/1899 1554/1/1899 1558/1/1899
f 1555/1/1906 1560/1/1906 1561/1/1906
f 1561/1/1906 1556/1/1906 1555/1/1906
f 1559/1/1905 1562/1/1905 1560/1/1905
f 1560/1/1905 1555/1/1905 1559/1/1905
f 1557/1/2226 1563/1/2226 281/1/2226
f 281/1/2226 280/1/2226 1557/1/2226
f 290/1/2227 1554/1/1911 1557/1/1912
f 1557/1/1912 280/1/1912 290/1/2227
f 290/1/2228 289/1/1910 1558/1/2228
f 1558/1/2228 1554/1/2229 290/1/2228
f 289/1/2230 261/1/1908 1539/1/2231
f 1539/1/2231 1558/1/1907 289/1/2230
f 1559/1/1928 1558/1/1928 1539/1/1928
f 1539/1/1928 1541/1/1928 1559/1/1928
f 1540/1/1927 1562/1/1927 1559/1/2232
f 1559/1/2232 1541/1/1927 1540/1/1927
f 1540/1/1925 876/1/1925 899/1/1925
f 899/1/1925 1562/1/1925 1540/1/1925
f 1562/1/1921 899/1/1921 898/1/1921
f 898/1/1921 1560/1/1921 1562/1/1921
f 1560/1/1919 898/1/1919 897/1/2233
f 897/1/2233 1561/1/1919 1560/1/1919
f 1561/1/2234 897/1/2234 896/1/2234
f 896/1/2234 1564/1/1918 1561/1/2234
f 1565/1/1917 1556/1/1917 1561/1/1917
f 1561/1/1917 1564/1/1917 1565/1/1917
f 1556/1/1916 1565/1/1916 1563/1/1916
f 1563/1/1916 1557/1/2235 1556/1/1916
f 1566/1/2236 1567/1/2236 1568/1/2236
f 1568/1/2236 1569/1/2236 1566/1/2236
f 1570/1/2237 1571/1/2238 1567/1/2237
f 1567/1/2237 1566/1/2239 1570/1/2237
f 1567/1/2240 1572/1/2240 1573/1/2240
f 1573/1/2240 1568/1/2240 1567/1/2240
f 1574/1/2241 1572/1/2242 1567/1/2242
f 1567/1/2242 1571/1/2242 1574/1/2241
f 1551/1/2243 165/1/2244 188/1/2245
f 188/1/2245 1569/1/2243 1551/1/2243
f 1569/1/2246 188/1/2247 187/1/2246
f 187/1/2246 1566/1/2248 1569/1/2246
f 1570/1/2249 1566/1/2250 187/1/2250
f 187/1/2250 185/1/2249 1570/1/2249
f 1570/1/2251 185/1/2251 186/1/2251
f 186/1/2251 1575/1/2251 1570/1/2251
f 1575/1/2252 1576/1/2252 1571/1/2252
f 1571/1/2252 1570/1/2252 1575/1/2252
f 1574/1/2253 1571/1/2254 1576/1/2255
f 1576/1/2255 1577/1/2255 1574/1/2253
f 803/1/2256 802/1/2256 1574/1/2257
f 1574/1/2257 1577/1/2258 803/1/2256
f 1574/1/2259 802/1/2259 801/1/2260
f 801/1/2260 1572/1/2261 1574/1/2259
f 801/1/2262 800/1/2262 1573/1/2262
f 1573/1/2262 1572/1/2262 801/1/2262
f 800/1/2263 783/1/2263 1553/1/2263
f 1553/1/2263 1573/1/2263 800/1/2263
f 1552/1/2264 1568/1/2265 1573/1/2264
f 1573/1/2264 1553/1/2265 1552/1/2264
f 1568/1/2266 1552/1/2267 1551/1/2267
f 1551/1/2267 1569/1/2267 1568/1/2266
f 1578/1/2268 1579/1/2268 1580/1/2268
f 1580/1/2268 1581/1/2268 1578/1/2268
f 1582/1/1989 1583/1/1989 1579/1/1989
f 1579/1/1989 1578/1/1989 1582/1/1989
f 1579/1/2269 1584/1/2269 1585/1/2269
f 1585/1/2269 1580/1/2269 1579/1/2269
f 1583/1/1993 1586/1/1993 1584/1/1993
f 1584/1/1993 1579/1/1993 1583/1/1993
f 1581/1/2270 1587/1/2005 301/1/2005
f 301/1/2005 300/1/2270 1581/1/2270
f 310/1/2003 1578/1/2003 1581/1/2003
f 1581/1/2003 300/1/2003 310/1/2003
f 310/1/2001 309/1/2001 1582/1/2001
f 1582/1/2001 1578/1/2001 310/1/2001
f 309/1/2000 281/1/2000 1563/1/2000
f 1563/1/2000 1582/1/2000 309/1/2000
f 1583/1/2021 1582/1/2021 1563/1/2021
f 1563/1/2021 1565/1/2021 1583/1/2021
f 1564/1/2019 1586/1/2019 1583/1/2019
f 1583/1/2019 1565/1/2019 1564/1/2019
f 1564/1/2018 896/1/2018 919/1/2271
f 919/1/2271 1586/1/2018 1564/1/2018
f 1586/1/2272 919/1/2273 918/1/2017
f 918/1/2017 1584/1/2017 1586/1/2272
f 1584/1/2013 918/1/2013 917/1/2013
f 917/1/2013 1585/1/2013 1584/1/2013
f 1585/1/2010 917/1/2274 916/1/2009
f 916/1/2009 1588/1/2009 1585/1/2010
f 1589/1/2008 1580/1/2008 1585/1/2008
f 1585/1/2008 1588/1/2008 1589/1/2008
f 1580/1/2275 1589/1/2006 1587/1/2275
f 1587/1/2275 1581/1/2276 1580/1/2275
f 1590/1/2277 1591/1/2278 1592/1/2277
f 1592/1/2277 1593/1/2277 1590/1/2277
f 1594/1/2279 1595/1/2279 1591/1/2279
f 1591/1/2279 1590/1/2279 1594/1/2279
f 1591/1/2280 1596/1/2280 1597/1/2280
f 1597/1/2280 1592/1/2280 1591/1/2280
f 1598/1/2281 1596/1/2282 1591/1/2282
f 1591/1/2282 1595/1/2282 1598/1/2281
f 1575/1/2283 186/1/2284 208/1/2283
f 208/1/2283 1593/1/2283 1575/1/2283
f 1593/1/2285 208/1/2286 207/1/2286
f 207/1/2286 1590/1/2285 1593/1/2285
f 1594/1/2287 1590/1/2287 207/1/2288
f 207/1/2288 205/1/2287 1594/1/2287
f 1594/1/2289 205/1/2289 206/1/2289
f 206/1/2289 1599/1/2289 1594/1/2289
f 1599/1/2290 1600/1/2290 1595/1/2291
f 1595/1/2291 1594/1/2291 1599/1/2290
f 1598/1/2292 1595/1/2292 1600/1/2293
f 1600/1/2293 1601/1/2292 1598/1/2292
f 823/1/2294 822/1/2294 1598/1/2294
f 1598/1/2294 1601/1/2294 823/1/2294
f 1598/1/2295 822/1/2295 821/1/2295
f 821/1/2295 1596/1/2295 1598/1/2295
f 821/1/2296 820/1/2297 1597/1/2298
f 1597/1/2298 1596/1/2296 821/1/2296
f 820/1/2299 803/1/2299 1577/1/2299
f 1577/1/2299 1597/1/2300 820/1/2299
f 1576/1/2301 1592/1/2301 1597/1/2302
f 1597/1/2302 1577/1/2301 1576/1/2301
f 1575/1/2303 1593/1/2303 1592/1/2303
f 1592/1/2303 1576/1/2303 1575/1/2303
f 1602/1/2059 1603/1/2059 1604/1/2059
f 1604/1/2059 1605/1/2059 1602/1/2059
f 1606/1/2058 1607/1/2304 1603/1/2058
f 1603/1/2058 1602/1/2058 1606/1/2058
f 1603/1/2305 1608/1/2061 1609/1/2061
f 1609/1/2061 1604/1/2061 1603/1/2305
f 1607/1/2306 1610/1/2307 1608/1/2308
f 1608/1/2308 1603/1/2060 1607/1/2306
f 1605/1/2065 1611/1/2065 321/1/2065
f 321/1/2065 320/1/2309 1605/1/2065
f 330/1/2064 1602/1/2064 1605/1/2310
f 1605/1/2310 320/1/2064 330/1/2064
f 330/1/2063 329/1/2063 1606/1/2063
f 1606/1/2063 1602/1/2063 330/1/2063
f 329/1/2062 301/1/2062 1587/1/2062
f 1587/1/2062 1606/1/2062 329/1/2062
f 1607/1/2311 1606/1/2312 1587/1/2311
f 1587/1/2311 1589/1/2076 1607/1/2311
f 1588/1/2075 1610/1/2075 1607/1/2075
f 1607/1/2075 1589/1/2075 1588/1/2075
f 1588/1/2073 916/1/2074 939/1/2313
f 939/1/2313 1610/1/2314 1588/1/2073
f 1610/1/2072 939/1/2072 938/1/2072
f 938/1/2072 1608/1/2072 1610/1/2072
f 1608/1/2315 938/1/2071 937/1/2071
f 937/1/2071 1609/1/2316 1608/1/2315
f 1609/1/2068 937/1/2317 936/1/2068
f 936/1/2068 1612/1/2068 1609/1/2068
f 1609/1/2067 1612/1/2067 1613/1/2067
f 1613/1/2067 1604/1/2067 1609/1/2067
f 1604/1/2066 1613/1/2066 1611/1/2066
f 1611/1/2066 1605/1/2066 1604/1/2066
f 1614/1/2318 1615/1/2318 1616/1/2318
f 1616/1/2318 1617/1/2318 1614/1/2318
f 1618/1/2319 1619/1/2319 1615/1/2320
f 1615/1/2320 1614/1/2321 1618/1/2319
f 1615/1/2322 1620/1/2322 1621/1/2322
f 1621/1/2322 1616/1/2322 1615/1/2322
f 1622/1/2323 1620/1/2324 1615/1/2323
f 1615/1/2323 1619/1/2323 1622/1/2323
f 1599/1/2325 206/1/2325 228/1/2325
f 228/1/2325 1617/1/2325 1599/1/2325
f 1617/1/2326 228/1/2327 227/1/2327
f 227/1/2327 1614/1/2327 1617/1/2326
f 1618/1/2328 1614/1/2328 227/1/2328
f 227/1/2328 225/1/2328 1618/1/2328
f 1618/1/2329 225/1/2329 226/1/2329
f 226/1/2329 1623/1/2329 1618/1/2329
f 1623/1/2330 1624/1/2330 1619/1/2330
f 1619/1/2330 1618/1/2330 1623/1/2330
f 1622/1/2331 1619/1/2331 1624/1/2331
f 1624/1/2331 1625/1/2331 1622/1/2331
f 843/1/2332 842/1/2332 1622/1/2332
f 1622/1/2332 1625/1/2332 843/1/2332
f 1622/1/2333 842/1/2334 841/1/2333
f 841/1/2333 1620/1/2333 1622/1/2333
f 841/1/2335 840/1/2335 1621/1/2335
f 1621/1/2335 1620/1/2335 841/1/2335
f 840/1/2336 823/1/2336 1601/1/2336
f 1601/1/2336 1621/1/2336 840/1/2336
f 1600/1/2337 1616/1/2337 1621/1/2337
f 1621/1/2337 1601/1/2337 1600/1/2337
f 1616/1/2338 1600/1/2338 1599/1/2338
f 1599/1/2338 1617/1/2338 1616/1/2338
f 1626/1/2128 1627/1/2128 1628/1/2128
f 1628/1/2128 1629/1/2128 1626/1/2128
f 1630/1/2127 1631/1/2127 1627/1/2127
f 1627/1/2127 1626/1/2127 1630/1/2127
f 1627/1/2131 1632/1/2131 1633/1/2131
f 1633/1/2131 1628/1/2131 1627/1/2131
f 1631/1/2129 1634/1/2339 1632/1/2129
f 1632/1/2129 1627/1/2129 1631/1/2129
f 1629/1/2137 1635/1/2137 341/1/2137
f 341/1/2137 340/1/2137 1629/1/2137
f 350/1/2340 1626/1/2135 1629/1/2340
f 1629/1/2340 340/1/2341 350/1/2340
f 350/1/2133 349/1/2133 1630/1/2133
f 1630/1/2133 1626/1/2133 350/1/2133
f 349/1/2132 321/1/2132 1611/1/2132
f 1611/1/2132 1630/1/2132 349/1/2132
f 1631/1/2154 1630/1/2154 1611/1/2154
f 1611/1/2154 1613/1/2154 1631/1/2154
f 1612/1/2152 1634/1/2152 1631/1/2152
f 1631/1/2152 1613/1/2342 1612/1/2152
f 1612/1/2151 936/1/2151 959/1/2151
f 959/1/2151 1634/1/2151 1612/1/2151
f 1634/1/2343 959/1/2344 958/1/2343
f 958/1/2343 1632/1/2343 1634/1/2343
f 1632/1/2146 958/1/2146 957/1/2146
f 957/1/2146 1633/1/2146 1632/1/2146
f 1633/1/2144 957/1/2144 956/1/2345
f 956/1/2345 1636/1/2144 1633/1/2144
f 1637/1/2143 1628/1/2143 1633/1/2143
f 1633/1/2143 1636/1/2143 1637/1/2143
f 1628/1/2140 1637/1/2140 1635/1/2140
f 1635/1/2140 1629/1/2140 1628/1/2140
f 1638/1/2346 1639/1/2347 1640/1/2348
f 1640/1/2348 1641/1/2348 1638/1/2346
f 1642/1/2349 1643/1/2350 1639/1/2349
f 1639/1/2349 1638/1/2349 1642/1/2349
f 1639/1/2351 1644/1/2351 1645/1/2351
f 1645/1/2351 1640/1/2352 1639/1/2351
f 1646/1/2353 1644/1/2354 1639/1/2355
f 1639/1/2355 1643/1/2353 1646/1/2353
f 1623/1/2356 226/1/2356 248/1/2357
f 248/1/2357 1641/1/2358 1623/1/2356
f 1641/1/2359 248/1/2360 247/1/2360
f 247/1/2360 1638/1/2359 1641/1/2359
f 1642/1/2361 1638/1/2361 247/1/2361
f 247/1/2361 245/1/2361 1642/1/2361
f 1642/1/2362 245/1/2363 246/1/2363
f 246/1/2363 1647/1/2363 1642/1/2362
f 1647/1/2364 1648/1/2364 1643/1/2365
f 1643/1/2365 1642/1/2366 1647/1/2364
f 1646/1/2367 1643/1/2368 1648/1/2368
f 1648/1/2368 1649/1/2368 1646/1/2367
f 863/1/2369 862/1/2370 1646/1/2370
f 1646/1/2370 1649/1/2369 863/1/2369
f 1646/1/2371 862/1/2371 861/1/2371
f 861/1/2371 1644/1/2371 1646/1/2371
f 861/1/2372 860/1/2372 1645/1/2372
f 1645/1/2372 1644/1/2372 861/1/2372
f 860/1/2373 843/1/2374 1625/1/2374
f 1625/1/2374 1645/1/2373 860/1/2373
f 1624/1/2375 1640/1/2376 1645/1/2376
f 1645/1/2376 1625/1/2375 1624/1/2375
f 1640/1/2377 1624/1/2378 1623/1/2378
f 1623/1/2378 1641/1/2378 1640/1/2377
f 1650/1/1771 1651/1/1771 1652/1/2379
f 1652/1/2379 1653/1/1771 1650/1/1771
f 1654/1/1770 1655/1/1770 1651/1/1770
f 1651/1/1770 1650/1/1770 1654/1/1770
f 1651/1/2380 1656/1/1773 1657/1/2380
f 1657/1/2380 1652/1/2381 1651/1/2380
f 1655/1/1772 1658/1/1772 1656/1/1772
f 1656/1/1772 1651/1/2382 1655/1/1772
f 1653/1/2383 1659/1/2383 361/1/2383
f 361/1/2383 360/1/2383 1653/1/2383
f 370/1/2384 1650/1/2384 1653/1/2385
f 1653/1/2385 360/1/2384 370/1/2384
f 370/1/1775 369/1/1775 1654/1/1775
f 1654/1/1775 1650/1/1775 370/1/1775
f 369/1/2386 341/1/1774 1635/1/2386
f 1635/1/2386 1654/1/2386 369/1/2386
f 1655/1/2387 1654/1/1790 1635/1/1790
f 1635/1/1790 1637/1/1790 1655/1/2387
f 1636/1/1789 1658/1/1789 1655/1/1789
f 1655/1/1789 1637/1/1789 1636/1/1789
f 1636/1/2388 956/1/2389 979/1/2390
f 979/1/2390 1658/1/2391 1636/1/2388
f 1658/1/1786 979/1/1786 978/1/1786
f 978/1/1786 1656/1/1786 1658/1/1786
f 1656/1/2392 978/1/1784 977/1/1784
f 977/1/1784 1657/1/1784 1656/1/2392
f 1657/1/1783 977/1/1783 976/1/1783
f 976/1/1783 1660/1/1783 1657/1/1783
f 1661/1/1782 1652/1/2393 1657/1/1782
f 1657/1/1782 1660/1/1782 1661/1/1782
f 1652/1/1781 1661/1/1781 1659/1/1781
f 1659/1/1781 1653/1/1781 1652/1/1781
f 1662/1/2394 1663/1/2394 1664/1/2395
f 1664/1/2395 1665/1/2396 1662/1/2394
f 1666/1/2397 1667/1/2398 1663/1/2399
f 1663/1/2399 1662/1/2398 1666/1/2397
f 1663/1/2400 1668/1/2401 1669/1/2400
f 1669/1/2400 1664/1/2400 1663/1/2400
f 1670/1/2402 1668/1/2402 1663/1/2402
f 1663/1/2402 1667/1/2402 1670/1/2402
f 1647/1/2403 246/1/2404 268/1/2403
f 268/1/2403 1665/1/2405 1647/1/2403
f 1665/1/2406 268/1/2406 267/1/2406
f 267/1/2406 1662/1/2407 1665/1/2406
f 1666/1/2408 1662/1/2408 267/1/2409
f 267/1/2409 265/1/2409 1666/1/2408
f 1666/1/2410 265/1/2411 266/1/2411
f 266/1/2411 1671/1/2412 1666/1/2410
f 1671/1/2413 1672/1/2414 1667/1/2415
f 1667/1/2415 1666/1/2414 1671/1/2413
f 1670/1/2416 1667/1/2417 1672/1/2416
f 1672/1/2416 1673/1/2416 1670/1/2416
f 883/1/2418 882/1/2418 1670/1/2418
f 1670/1/2418 1673/1/2418 883/1/2418
f 1670/1/2419 882/1/2420 881/1/2421
f 881/1/2421 1668/1/2421 1670/1/2419
f 881/1/2422 880/1/2423 1669/1/2423
f 1669/1/2423 1668/1/2424 881/1/2422
f 880/1/2425 863/1/2426 1649/1/2425
f 1649/1/2425 1669/1/2427 880/1/2425
f 1648/1/2428 1664/1/2429 1669/1/2429
f 1669/1/2429 1649/1/2429 1648/1/2428
f 1647/1/2430 1665/1/2430 1664/1/2430
f 1664/1/2430 1648/1/2430 1647/1/2430
f 1674/1/1843 1675/1/1843 1676/1/2431
f 1676/1/2431 1677/1/1843 1674/1/1843
f 1678/1/1842 1679/1/1842 1675/1/1842
f 1675/1/1842 1674/1/1842 1678/1/1842
f 1675/1/1845 1680/1/1845 1681/1/1845
f 1681/1/1845 1676/1/1845 1675/1/1845
f 1679/1/2432 1682/1/1844 1680/1/1844
f 1680/1/1844 1675/1/1844 1679/1/2432
f 1677/1/2433 1683/1/2433 381/1/2433
f 381/1/2433 380/1/2434 1677/1/2433
f 390/1/2435 1674/1/1849 1677/1/2435
f 1677/1/2435 380/1/2436 390/1/2435
f 390/1/1847 389/1/1847 1678/1/1847
f 1678/1/1847 1674/1/1847 390/1/1847
f 389/1/1846 361/1/1846 1659/1/1846
f 1659/1/1846 1678/1/1846 389/1/1846
f 1679/1/1863 1678/1/1863 1659/1/2437
f 1659/1/2437 1661/1/1863 1679/1/1863
f 1660/1/1862 1682/1/1862 1679/1/1862
f 1679/1/1862 1661/1/2438 1660/1/1862
f 1660/1/1861 976/1/1861 999/1/1861
f 999/1/1861 1682/1/1861 1660/1/1861
f 1682/1/1859 999/1/1859 998/1/1859
f 998/1/1859 1680/1/1859 1682/1/1859
f 1680/1/1858 998/1/1858 997/1/1858
f 997/1/1858 1681/1/1858 1680/1/1858
f 1681/1/1856 997/1/1856 996/1/1856
f 996/1/1856 1684/1/1856 1681/1/1856
f 1685/1/2439 1676/1/1855 1681/1/2439
f 1681/1/2439 1684/1/2439 1685/1/2439
f 1676/1/1854 1685/1/1854 1683/1/1854
f 1683/1/1854 1677/1/1854 1676/1/1854
f 1686/1/2440 1687/1/2440 1688/1/2440
f 1688/1/2440 1689/1/2440 1686/1/2440
f 1690/1/2441 1691/1/2441 1687/1/2441
f 1687/1/2441 1686/1/2441 1690/1/2441
f 1687/1/2442 1692/1/2443 1693/1/2442
f 1693/1/2442 1688/1/2444 1687/1/2442
f 1694/1/2445 1692/1/2446 1687/1/2446
f 1687/1/2446 1691/1/2447 1694/1/2445
f 1671/1/2448 266/1/2448 288/1/2448
f 288/1/2448 1689/1/2448 1671/1/2448
f 1689/1/2449 288/1/2450 287/1/2450
f 287/1/2450 1686/1/2450 1689/1/2449
f 1690/1/2451 1686/1/2452 287/1/2451
f 287/1/2451 285/1/2451 1690/1/2451
f 1690/1/2453 285/1/2453 286/1/2453
f 286/1/2453 1695/1/2453 1690/1/2453
f 1695/1/2454 1696/1/2455 1691/1/2454
f 1691/1/2454 1690/1/2454 1695/1/2454
f 1694/1/2456 1691/1/2457 1696/1/2457
f 1696/1/2457 1697/1/2458 1694/1/2456
f 903/1/2459 902/1/2459 1694/1/2459
f 1694/1/2459 1697/1/2459 903/1/2459
f 1694/1/2460 902/1/2461 901/1/2461
f 901/1/2461 1692/1/2461 1694/1/2460
f 901/1/2462 900/1/2462 1693/1/2463
f 1693/1/2463 1692/1/2462 901/1/2462
f 900/1/2464 883/1/2464 1673/1/2464
f 1673/1/2464 1693/1/2465 900/1/2464
f 1672/1/2466 1688/1/2466 1693/1/2466
f 1693/1/2466 1673/1/2466 1672/1/2466
f 1671/1/2467 1689/1/2467 1688/1/2467
f 1688/1/2467 1672/1/2467 1671/1/2467
f 1698/1/1932 1699/1/1932 1700/1/1932
f 1700/1/1932 1701/1/1932 1698/1/1932
f 1702/1/2468 1703/1/1931 1699/1/1931
f 1699/1/1931 1698/1/2469 1702/1/2468
f 1699/1/1936 1704/1/1936 1705/1/1936
f 1705/1/1936 1700/1/1936 1699/1/1936
f 1703/1/2470 1706/1/1935 1704/1/1935
f 1704/1/1935 1699/1/2470 1703/1/2470
f 1701/1/2471 1707/1/2471 401/1/1943
f 401/1/1943 400/1/2472 1701/1/2471
f 410/1/1941 1698/1/1941 1701/1/1941
f 1701/1/1941 400/1/1941 410/1/1941
f 410/1/1940 409/1/1940 1702/1/1940
f 1702/1/1940 1698/1/1940 410/1/1940
f 409/1/1937 381/1/1937 1683/1/1937
f 1683/1/1937 1702/1/1937 409/1/1937
f 1703/1/1957 1702/1/1957 1683/1/1957
f 1683/1/1957 1685/1/1957 1703/1/1957
f 1684/1/1956 1706/1/1956 1703/1/2473
f 1703/1/2473 1685/1/1956 1684/1/1956
f 1684/1/2474 996/1/1955 1019/1/2475
f 1019/1/2475 1706/1/1955 1684/1/2474
f 1706/1/1951 1019/1/2476 1018/1/1951
f 1018/1/1951 1704/1/1951 1706/1/1951
f 1704/1/1949 1018/1/1949 1017/1/1949
f 1017/1/1949 1705/1/1948 1704/1/1949
f 1705/1/2477 1017/1/1947 1016/1/1947
f 1016/1/1947 1708/1/1947 1705/1/2477
f 1709/1/2478 1700/1/1945 1705/1/2479
f 1705/1/2479 1708/1/1945 1709/1/2478
f 1700/1/2480 1709/1/1944 1707/1/2481
f 1707/1/2481 1701/1/1944 1700/1/2480
f 1710/1/2482 1711/1/2483 1712/1/2482
f 1712/1/2482 1713/1/2482 1710/1/2482
f 1714/1/2484 1715/1/2484 1711/1/2484
f 1711/1/2484 1710/1/2484 1714/1/2484
f 1711/1/2485 1716/1/2485 1717/1/2485
f 1717/1/2485 1712/1/2485 1711/1/2485
f 1718/1/2486 1716/1/2486 1711/1/2486
f 1711/1/2486 1715/1/2486 1718/1/2486
f 1695/1/2487 286/1/2487 308/1/2487
f 308/1/2487 1713/1/2487 1695/1/2487
f 1713/1/2488 308/1/2489 307/1/2489
f 307/1/2489 1710/1/2489 1713/1/2488
f 1714/1/2490 1710/1/2490 307/1/2490
f 307/1/2490 305/1/2490 1714/1/2490
f 1714/1/2491 305/1/2491 306/1/2492
f 306/1/2492 1719/1/2492 1714/1/2491
f 1719/1/2493 1720/1/2494 1715/1/2494
f 1715/1/2494 1714/1/2494 1719/1/2493
f 1718/1/2495 1715/1/2495 1720/1/2495
f 1720/1/2495 1721/1/2495 1718/1/2495
f 923/1/2496 922/1/2496 1718/1/2497
f 1718/1/2497 1721/1/2497 923/1/2496
f 1718/1/2498 922/1/2498 921/1/2499
f 921/1/2499 1716/1/2498 1718/1/2498
f 921/1/2500 920/1/2500 1717/1/2501
f 1717/1/2501 1716/1/2500 921/1/2500
f 920/1/2502 903/1/2502 1697/1/2503
f 1697/1/2503 1717/1/2502 920/1/2502
f 1696/1/2504 1712/1/2505 1717/1/2505
f 1717/1/2505 1697/1/2506 1696/1/2504
f 1712/1/2507 1696/1/2508 1695/1/2508
f 1695/1/2508 1713/1/2508 1712/1/2507
f 1722/1/2026 1723/1/2026 1724/1/2026
f 1724/1/2026 1725/1/2026 1722/1/2026
f 1726/1/2022 1727/1/2022 1723/1/2022
f 1723/1/2022 1722/1/2022 1726/1/2022
f 1723/1/2028 1728/1/2028 1729/1/2028
f 1729/1/2028 1724/1/2028 1723/1/2028
f 1727/1/2027 1730/1/2027 1728/1/2027
f 1728/1/2027 1723/1/2027 1727/1/2027
f 1725/1/2033 1731/1/2033 421/1/2033
f 421/1/2033 420/1/2509 1725/1/2033
f 430/1/2032 1722/1/2032 1725/1/2032
f 1725/1/2032 420/1/2032 430/1/2032
f 430/1/2510 429/1/2030 1726/1/2510
f 1726/1/2510 1722/1/2510 430/1/2510
f 429/1/2029 401/1/2029 1707/1/2029
f 1707/1/2029 1726/1/2029 429/1/2029
f 1727/1/2511 1726/1/2047 1707/1/2512
f 1707/1/2512 1709/1/2047 1727/1/2511
f 1708/1/2513 1730/1/2046 1727/1/2046
f 1727/1/2046 1709/1/2046 1708/1/2513
f 1708/1/2045 1016/1/2045 1039/1/2045
f 1039/1/2045 1730/1/2045 1708/1/2045
f 1730/1/2044 1039/1/2044 1038/1/2044
f 1038/1/2044 1728/1/2514 1730/1/2044
f 1728/1/2042 1038/1/2042 1037/1/2515
f 1037/1/2515 1729/1/2042 1728/1/2042
f 1729/1/2041 1037/1/2040 1036/1/2041
f 1036/1/2041 1732/1/2516 1729/1/2041
f 1733/1/2037 1724/1/2037 1729/1/2037
f 1729/1/2037 1732/1/2037 1733/1/2037
f 1724/1/2035 1733/1/2035 1731/1/2035
f 1731/1/2035 1725/1/2035 1724/1/2035
f 1734/1/2517 1735/1/2517 1736/1/2517
f 1736/1/2517 1737/1/2517 1734/1/2517
f 1738/1/2518 1739/1/2518 1735/1/2518
f 1735/1/2518 1734/1/2518 1738/1/2518
f 1735/1/2519 1740/1/2519 1741/1/2519
f 1741/1/2519 1736/1/2519 1735/1/2519
f 1742/1/2520 1740/1/2520 1735/1/2520
f 1735/1/2520 1739/1/2520 1742/1/2520
f 1719/1/2521 306/1/2521 328/1/2521
f 328/1/2521 1737/1/2521 1719/1/2521
f 1737/1/2522 328/1/2522 327/1/2522
f 327/1/2522 1734/1/2522 1737/1/2522
f 1738/1/2523 1734/1/2523 327/1/2523
f 327/1/2523 325/1/2523 1738/1/2523
f 1738/1/2524 325/1/2524 326/1/2524
f 326/1/2524 1743/1/2525 1738/1/2524
f 1743/1/2526 1744/1/2527 1739/1/2526
f 1739/1/2526 1738/1/2526 1743/1/2526
f 1742/1/2528 1739/1/2528 1744/1/2528
f 1744/1/2528 1745/1/2528 1742/1/2528
f 943/1/2529 942/1/2530 1742/1/2530
f 1742/1/2530 1745/1/2531 943/1/2529
f 1742/1/2532 942/1/2532 941/1/2533
f 941/1/2533 1740/1/2532 1742/1/2532
f 941/1/2534 940/1/2534 1741/1/2534
f 1741/1/2534 1740/1/2534 941/1/2534
f 940/1/2535 923/1/2535 1721/1/2536
f 1721/1/2536 1741/1/2535 940/1/2535
f 1720/1/2537 1736/1/2537 1741/1/2537
f 1741/1/2537 1721/1/2538 1720/1/2537
f 1736/1/2539 1720/1/2539 1719/1/2539
f 1719/1/2539 1737/1/2539 1736/1/2539
f 1746/1/2540 1747/1/2081 1748/1/2541
f 1748/1/2541 1749/1/2081 1746/1/2540
f 1750/1/2542 1751/1/2542 1747/1/2079
f 1747/1/2079 1746/1/2079 1750/1/2542
f 1747/1/2085 1752/1/2085 1753/1/2543
f 1753/1/2543 1748/1/2085 1747/1/2085
f 1751/1/2544 1754/1/2084 1752/1/2084
f 1752/1/2084 1747/1/2084 1751/1/2544
f 1749/1/2092 1755/1/2092 441/1/2545
f 441/1/2545 440/1/2092 1749/1/2092
f 450/1/2090 1746/1/2090 1749/1/2090
f 1749/1/2090 440/1/2090 450/1/2090
f 450/1/2089 449/1/2089 1750/1/2089
f 1750/1/2089 1746/1/2089 450/1/2089
f 449/1/2546 421/1/2547 1731/1/2548
f 1731/1/2548 1750/1/2086 449/1/2546
f 1751/1/2109 1750/1/2109 1731/1/2109
f 1731/1/2109 1733/1/2109 1751/1/2109
f 1732/1/2106 1754/1/2106 1751/1/2106
f 1751/1/2106 1733/1/2106 1732/1/2106
f 1732/1/2104 1036/1/2104 1059/1/2104
f 1059/1/2104 1754/1/2104 1732/1/2104
f 1754/1/2103 1059/1/2549 1058/1/2103
f 1058/1/2103 1752/1/2103 1754/1/2103
f 1752/1/2100 1058/1/2100 1057/1/2100
f 1057/1/2100 1753/1/2100 1752/1/2100
f 1753/1/2098 1057/1/2098 1056/1/2098
f 1056/1/2098 1756/1/2098 1753/1/2098
f 1757/1/2550 1748/1/2551 1753/1/2552
f 1753/1/2552 1756/1/2553 1757/1/2550
f 1748/1/2554 1757/1/2555 1755/1/2554
f 1755/1/2554 1749/1/2094 1748/1/2554
f 1758/1/2556 1759/1/2556 1760/1/2556
f 1760/1/2556 1761/1/2556 1758/1/2556
f 1762/1/1693 1763/1/1693 1759/1/1693
f 1759/1/1693 1758/1/1693 1762/1/1693
f 1759/1/1696 1764/1/1696 1765/1/1696
f 1765/1/1696 1760/1/1696 1759/1/1696
f 1766/1/2557 1764/1/1695 1759/1/2557
f 1759/1/2557 1763/1/2558 1766/1/2557
f 1743/1/2559 326/1/2559 348/1/1703
f 348/1/1703 1761/1/1703 1743/1/2559
f 1761/1/1702 348/1/1702 347/1/1702
f 347/1/1702 1758/1/1702 1761/1/1702
f 1762/1/1701 1758/1/1701 347/1/1701
f 347/1/1701 345/1/1701 1762/1/1701
f 1762/1/1700 345/1/1700 346/1/1700
f 346/1/1700 1767/1/1700 1762/1/1700
f 1767/1/1717 1768/1/1717 1763/1/1717
f 1763/1/1717 1762/1/1717 1767/1/1717
f 1766/1/1715 1763/1/2560 1768/1/1715
f 1768/1/1715 1769/1/1715 1766/1/1715
f 963/1/2561 962/1/1713 1766/1/1713
f 1766/1/1713 1769/1/1713 963/1/2561
f 1766/1/1710 962/1/1710 961/1/1710
f 961/1/1710 1764/1/1710 1766/1/1710
f 961/1/1709 960/1/1708 1765/1/1708
f 1765/1/1708 1764/1/1708 961/1/1709
f 960/1/1707 943/1/1707 1745/1/1707
f 1745/1/1707 1765/1/1707 960/1/1707
f 1744/1/1705 1760/1/1705 1765/1/1705
f 1765/1/1705 1745/1/1705 1744/1/1705
f 1743/1/1704 1761/1/1704 1760/1/1704
f 1760/1/1704 1744/1/1704 1743/1/1704
f 1770/1/2562 1771/1/2158 1772/1/2562
f 1772/1/2562 1773/1/2562 1770/1/2562
f 1774/1/2155 1775/1/2563 1771/1/2155
f 1771/1/2155 1770/1/2155 1774/1/2155
f 1771/1/2162 1776/1/2162 1777/1/2564
f 1777/1/2564 1772/1/2162 1771/1/2162
f 1775/1/2160 1778/1/2160 1776/1/2160
f 1776/1/2160 1771/1/2160 1775/1/2160
f 1773/1/2175 1779/1/2175 461/1/2175
f 461/1/2175 460/1/2175 1773/1/2175
f 470/1/2565 1770/1/2171 1773/1/2565
f 1773/1/2565 460/1/2565 470/1/2565
f 470/1/2168 469/1/2168 1774/1/2168
f 1774/1/2168 1770/1/2168 470/1/2168
f 469/1/2566 441/1/2567 1755/1/2567
f 1755/1/2567 1774/1/2567 469/1/2566
f 1775/1/2568 1774/1/2190 1755/1/2190
f 1755/1/2190 1757/1/2190 1775/1/2568
f 1756/1/2189 1778/1/2569 1775/1/2189
f 1775/1/2189 1757/1/2189 1756/1/2189
f 1756/1/2570 1056/1/2571 1079/1/2570
f 1079/1/2570 1778/1/2570 1756/1/2570
f 1778/1/2184 1079/1/2184 1078/1/2184
f 1078/1/2184 1776/1/2184 1778/1/2184
f 1776/1/2572 1078/1/2182 1077/1/2182
f 1077/1/2182 1777/1/2182 1776/1/2572
f 1777/1/2181 1077/1/2181 1076/1/2181
f 1076/1/2181 1780/1/2181 1777/1/2181
f 1781/1/2180 1772/1/2573 1777/1/2180
f 1777/1/2180 1780/1/2180 1781/1/2180
f 1772/1/2177 1781/1/2177 1779/1/2177
f 1779/1/2177 1773/1/2177 1772/1/2177
f 1782/1/2574 1783/1/2575 1784/1/2574
f 1784/1/2574 1785/1/2574 1782/1/2574
f 1786/1/2576 1787/1/2576 1783/1/2576
f 1783/1/2576 1782/1/2577 1786/1/2576
f 1783/1/2578 1788/1/2578 1789/1/2578
f 1789/1/2578 1784/1/2578 1783/1/2578
f 1790/1/2579 1788/1/2579 1783/1/2579
f 1783/1/2579 1787/1/2579 1790/1/2579
f 1767/1/2580 346/1/2581 368/1/2580
f 368/1/2580 1785/1/2582 1767/1/2580
f 1785/1/2583 368/1/2583 367/1/2583
f 367/1/2583 1782/1/2583 1785/1/2583
f 1786/1/2584 1782/1/2584 367/1/2584
f 367/1/2584 365/1/2584 1786/1/2584
f 1786/1/2585 365/1/2585 366/1/2585
f 366/1/2585 1791/1/2585 1786/1/2585
f 1791/1/2586 1792/1/2587 1787/1/2587
f 1787/1/2587 1786/1/2587 1791/1/2586
f 1790/1/2588 1787/1/2588 1792/1/2589
f 1792/1/2589 1793/1/2588 1790/1/2588
f 983/1/2590 982/1/2591 1790/1/2590
f 1790/1/2590 1793/1/2590 983/1/2590
f 1790/1/2592 982/1/2592 981/1/2592
f 981/1/2592 1788/1/2593 1790/1/2592
f 981/1/2594 980/1/2594 1789/1/2594
f 1789/1/2594 1788/1/2594 981/1/2594
f 980/1/2595 963/1/2595 1769/1/2596
f 1769/1/2596 1789/1/2595 980/1/2595
f 1768/1/2597 1784/1/2597 1789/1/2598
f 1789/1/2598 1769/1/2597 1768/1/2597
f 1767/1/2599 1785/1/2599 1784/1/2600
f 1784/1/2600 1768/1/2599 1767/1/2599
f 1794/1/2204 1795/1/2204 1796/1/2204
f 1796/1/2204 1797/1/2204 1794/1/2204
f 1798/1/2601 1799/1/2602 1795/1/2601
f 1795/1/2601 1794/1/2603 1798/1/2601
f 1795/1/2210 1800/1/2210 1801/1/2210
f 1801/1/2210 1796/1/2210 1795/1/2210
f 1799/1/2604 1802/1/2209 1800/1/2604
f 1800/1/2604 1795/1/2604 1799/1/2604
f 1797/1/2214 1803/1/2214 481/1/2605
f 481/1/2605 480/1/2214 1797/1/2214
f 490/1/2213 1794/1/2213 1797/1/2213
f 1797/1/2213 480/1/2606 490/1/2213
f 490/1/2212 489/1/2607 1798/1/2607
f 1798/1/2607 1794/1/2212 490/1/2212
f 489/1/2211 461/1/2211 1779/1/2211
f 1779/1/2211 1798/1/2211 489/1/2211
f 1799/1/2224 1798/1/2608 1779/1/2224
f 1779/1/2224 1781/1/2224 1799/1/2224
f 1780/1/2223 1802/1/2223 1799/1/2223
f 1799/1/2223 1781/1/2223 1780/1/2223
f 1780/1/2222 1076/1/2222 1099/1/2222
f 1099/1/2222 1802/1/2222 1780/1/2222
f 1802/1/2609 1099/1/2609 1098/1/2609
f 1098/1/2609 1800/1/2609 1802/1/2609
f 1800/1/2219 1098/1/2219 1097/1/2610
f 1097/1/2610 1801/1/2219 1800/1/2219
f 1801/1/2611 1097/1/2218 1096/1/2218
f 1096/1/2218 1804/1/2611 1801/1/2611
f 1801/1/2216 1804/1/2216 1805/1/2612
f 1805/1/2612 1796/1/2216 1801/1/2216
f 1796/1/2215 1805/1/2215 1803/1/2215
f 1803/1/2215 1797/1/2215 1796/1/2215
f 1806/1/2613 1807/1/2613 1808/1/2613
f 1808/1/2613 1809/1/2613 1806/1/2613
f 1810/1/2614 1811/1/2614 1807/1/2614
f 1807/1/2614 1806/1/2615 1810/1/2614
f 1807/1/2616 1812/1/2616 1813/1/2616
f 1813/1/2616 1808/1/2616 1807/1/2616
f 1814/1/2617 1812/1/2617 1807/1/2617
f 1807/1/2617 1811/1/2617 1814/1/2617
f 1791/1/2618 366/1/2618 388/1/2618
f 388/1/2618 1809/1/2618 1791/1/2618
f 1809/1/2619 388/1/2619 387/1/2619
f 387/1/2619 1806/1/2619 1809/1/2619
f 1810/1/2620 1806/1/2621 387/1/2622
f 387/1/2622 385/1/2622 1810/1/2620
f 1810/1/2623 385/1/2623 386/1/2623
f 386/1/2623 1815/1/2623 1810/1/2623
f 1815/1/2624 1816/1/2624 1811/1/2624
f 1811/1/2624 1810/1/2624 1815/1/2624
f 1814/1/2625 1811/1/2625 1816/1/2625
f 1816/1/2625 1817/1/2625 1814/1/2625
f 1003/1/2626 1002/1/2626 1814/1/2626
f 1814/1/2626 1817/1/2626 1003/1/2626
f 1814/1/2627 1002/1/2628 1001/1/2627
f 1001/1/2627 1812/1/2629 1814/1/2627
f 1001/1/2630 1000/1/2631 1813/1/2630
f 1813/1/2630 1812/1/2630 1001/1/2630
f 1000/1/2632 983/1/2632 1793/1/2632
f 1793/1/2632 1813/1/2632 1000/1/2632
f 1792/1/2633 1808/1/2633 1813/1/2633
f 1813/1/2633 1793/1/2633 1792/1/2633
f 1808/1/2634 1792/1/2634 1791/1/2634
f 1791/1/2634 1809/1/2634 1808/1/2634
f 1818/1/2635 1819/1/2237 1820/1/2239
f 1820/1/2239 1821/1/2238 1818/1/2635
f 1822/1/2236 1823/1/2236 1819/1/2236
f 1819/1/2236 1818/1/2236 1822/1/2236
f 1819/1/2636 1824/1/2242 1825/1/2242
f 1825/1/2242 1820/1/2242 1819/1/2636
f 1823/1/2240 1826/1/2240 1824/1/2240
f 1824/1/2240 1819/1/2240 1823/1/2240
f 1821/1/2251 1827/1/2251 501/1/2251
f 501/1/2251 500/1/2251 1821/1/2251
f 510/1/2249 1818/1/2249 1821/1/2249
f 1821/1/2249 500/1/2249 510/1/2249
f 510/1/2246 509/1/2248 1822/1/2637
f 1822/1/2637 1818/1/2247 510/1/2246
f 509/1/2638 481/1/2639 1803/1/2640
f 1803/1/2640 1822/1/2243 509/1/2638
f 1823/1/2267 1822/1/2266 1803/1/2267
f 1803/1/2267 1805/1/2267 1823/1/2267
f 1804/1/2265 1826/1/2641 1823/1/2265
f 1823/1/2265 1805/1/2265 1804/1/2265
f 1804/1/2263 1096/1/2263 1119/1/2263
f 1119/1/2263 1826/1/2263 1804/1/2263
f 1826/1/2262 1119/1/2262 1118/1/2642
f 1118/1/2642 1824/1/2262 1826/1/2262
f 1824/1/2643 1118/1/2644 1117/1/2645
f 1117/1/2645 1825/1/2261 1824/1/2643
f 1825/1/2257 1117/1/2257 1116/1/2646
f 1116/1/2646 1828/1/2257 1825/1/2257
f 1825/1/2647 1828/1/2255 1829/1/2647
f 1829/1/2647 1820/1/2255 1825/1/2647
f 1820/1/2252 1829/1/2252 1827/1/2252
f 1827/1/2252 1821/1/2252 1820/1/2252
f 1830/1/2648 1831/1/2649 1832/1/2648
f 1832/1/2648 1833/1/2650 1830/1/2648
f 1834/1/2651 1835/1/2652 1831/1/2653
f 1831/1/2653 1830/1/2653 1834/1/2651
f 1831/1/2654 1836/1/2655 1837/1/2654
f 1837/1/2654 1832/1/2656 1831/1/2654
f 1838/1/2657 1836/1/2658 1831/1/2658
f 1831/1/2658 1835/1/2658 1838/1/2657
f 1815/1/2659 386/1/2659 408/1/2660
f 408/1/2660 1833/1/2659 1815/1/2659
f 1833/1/2661 408/1/2661 407/1/2662
f 407/1/2662 1830/1/2662 1833/1/2661
f 1834/1/2663 1830/1/2663 407/1/2663
f 407/1/2663 405/1/2663 1834/1/2663
f 1834/1/2664 405/1/2664 406/1/2664
f 406/1/2664 1839/1/2664 1834/1/2664
f 1839/1/2665 1840/1/2665 1835/1/2665
f 1835/1/2665 1834/1/2665 1839/1/2665
f 1838/1/2666 1835/1/2666 1840/1/2667
f 1840/1/2667 1841/1/2666 1838/1/2666
f 1023/1/2668 1022/1/2668 1838/1/2668
f 1838/1/2668 1841/1/2668 1023/1/2668
f 1838/1/2669 1022/1/2669 1021/1/2670
f 1021/1/2670 1836/1/2671 1838/1/2669
f 1021/1/2672 1020/1/2673 1837/1/2674
f 1837/1/2674 1836/1/2672 1021/1/2672
f 1020/1/2675 1003/1/2676 1817/1/2676
f 1817/1/2676 1837/1/2677 1020/1/2675
f 1816/1/2678 1832/1/2678 1837/1/2679
f 1837/1/2679 1817/1/2680 1816/1/2678
f 1815/1/2681 1833/1/2682 1832/1/2682
f 1832/1/2682 1816/1/2682 1815/1/2681
f 1842/1/2279 1843/1/2279 1844/1/2279
f 1844/1/2279 1845/1/2279 1842/1/2279
f 1846/1/2277 1847/1/2278 1843/1/2278
f 1843/1/2278 1842/1/2278 1846/1/2277
f 1843/1/2282 1848/1/2282 1849/1/2282
f 1849/1/2282 1844/1/2282 1843/1/2282
f 1847/1/2280 1850/1/2280 1848/1/2280
f 1848/1/2280 1843/1/2280 1847/1/2280
f 1845/1/2683 1851/1/2289 521/1/2684
f 521/1/2684 520/1/2685 1845/1/2683
f 530/1/2686 1842/1/2287 1845/1/2687
f 1845/1/2687 520/1/2688 530/1/2686
f 530/1/2286 529/1/2286 1846/1/2286
f 1846/1/2286 1842/1/2286 530/1/2286
f 529/1/2283 501/1/2283 1827/1/2283
f 1827/1/2283 1846/1/2283 529/1/2283
f 1847/1/2303 1846/1/2303 1827/1/2303
f 1827/1/2303 1829/1/2303 1847/1/2303
f 1828/1/2301 1850/1/2301 1847/1/2301
f 1847/1/2301 1829/1/2301 1828/1/2301
f 1828/1/2689 1116/1/2689 1139/1/2689
f 1139/1/2689 1850/1/2689 1828/1/2689
f 1850/1/2296 1139/1/2296 1138/1/2296
f 1138/1/2296 1848/1/2296 1850/1/2296
f 1848/1/2295 1138/1/2295 1137/1/2295
f 1137/1/2295 1849/1/2295 1848/1/2295
f 1849/1/2690 1137/1/2294 1136/1/2691
f 1136/1/2691 1852/1/2692 1849/1/2690
f 1853/1/2693 1844/1/2292 1849/1/2693
f 1849/1/2693 1852/1/2694 1853/1/2693
f 1844/1/2290 1853/1/2290 1851/1/2290
f 1851/1/2290 1845/1/2290 1844/1/2290
f 1854/1/2695 1855/1/2695 1856/1/2695
f 1856/1/2695 1857/1/2695 1854/1/2695
f 1858/1/2696 1859/1/2696 1855/1/2696
f 1855/1/2696 1854/1/2696 1858/1/2696
f 1855/1/2697 1860/1/2698 1861/1/2697
f 1861/1/2697 1856/1/2699 1855/1/2697
f 1862/1/2700 1860/1/2700 1855/1/2700
f 1855/1/2700 1859/1/2700 1862/1/2700
f 1839/1/2701 406/1/2702 428/1/2703
f 428/1/2703 1857/1/2704 1839/1/2701
f 1857/1/2705 428/1/2705 427/1/2705
f 427/1/2705 1854/1/2705 1857/1/2705
f 1858/1/2706 1854/1/2707 427/1/2707
f 427/1/2707 425/1/2707 1858/1/2706
f 1858/1/2708 425/1/2709 426/1/2710
f 426/1/2710 1863/1/2711 1858/1/2708
f 1863/1/2712 1864/1/2712 1859/1/2712
f 1859/1/2712 1858/1/2712 1863/1/2712
f 1862/1/2713 1859/1/2713 1864/1/2713
f 1864/1/2713 1865/1/2713 1862/1/2713
f 1043/1/2714 1042/1/2714 1862/1/2714
f 1862/1/2714 1865/1/2714 1043/1/2714
f 1862/1/2715 1042/1/2716 1041/1/2717
f 1041/1/2717 1860/1/2718 1862/1/2715
f 1041/1/2719 1040/1/2719 1861/1/2719
f 1861/1/2719 1860/1/2719 1041/1/2719
f 1040/1/2720 1023/1/2720 1841/1/2720
f 1841/1/2720 1861/1/2720 1040/1/2720
f 1840/1/2721 1856/1/2722 1861/1/2722
f 1861/1/2722 1841/1/2722 1840/1/2721
f 1839/1/2723 1857/1/2723 1856/1/2723
f 1856/1/2723 1840/1/2723 1839/1/2723
f 1866/1/2724 1867/1/2724 1868/1/2724
f 1868/1/2724 1869/1/2319 1866/1/2724
f 1870/1/2318 1871/1/2318 1867/1/2318
f 1867/1/2318 1866/1/2318 1870/1/2318
f 1867/1/2725 1872/1/2726 1873/1/2725
f 1873/1/2725 1868/1/2323 1867/1/2725
f 1871/1/2727 1874/1/2728 1872/1/2727
f 1872/1/2727 1867/1/2322 1871/1/2727
f 1869/1/2329 1875/1/2329 541/1/2729
f 541/1/2729 540/1/2329 1869/1/2329
f 550/1/2328 1866/1/2328 1869/1/2730
f 1869/1/2730 540/1/2730 550/1/2328
f 550/1/2327 549/1/2731 1870/1/2327
f 1870/1/2327 1866/1/2327 550/1/2327
f 549/1/2325 521/1/2325 1851/1/2732
f 1851/1/2732 1870/1/2325 549/1/2325
f 1871/1/2338 1870/1/2338 1851/1/2338
f 1851/1/2338 1853/1/2338 1871/1/2338
f 1852/1/2337 1874/1/2733 1871/1/2733
f 1871/1/2733 1853/1/2337 1852/1/2337
f 1852/1/2336 1136/1/2336 1159/1/2336
f 1159/1/2336 1874/1/2336 1852/1/2336
f 1874/1/2734 1159/1/2734 1158/1/2335
f 1158/1/2335 1872/1/2335 1874/1/2734
f 1872/1/2735 1158/1/2736 1157/1/2735
f 1157/1/2735 1873/1/2735 1872/1/2735
f 1873/1/2332 1157/1/2332 1156/1/2332
f 1156/1/2332 1876/1/2332 1873/1/2332
f 1877/1/2331 1868/1/2331 1873/1/2331
f 1873/1/2331 1876/1/2331 1877/1/2331
f 1868/1/2330 1877/1/2330 1875/1/2330
f 1875/1/2330 1869/1/2330 1868/1/2330
f 1878/1/2737 1879/1/2737 1880/1/2737
f 1880/1/2737 1881/1/2737 1878/1/2737
f 1882/1/2738 1883/1/2738 1879/1/2738
f 1879/1/2738 1878/1/2738 1882/1/2738
f 1879/1/2739 1884/1/2739 1885/1/2740
f 1885/1/2740 1880/1/2739 1879/1/2739
f 1886/1/2741 1884/1/2741 1879/1/2741
f 1879/1/2741 1883/1/2741 1886/1/2741
f 1863/1/2742 426/1/2742 448/1/2742
f 448/1/2742 1881/1/2742 1863/1/2742
f 1881/1/2743 448/1/2743 447/1/2743
f 447/1/2743 1878/1/2743 1881/1/2743
f 1882/1/2744 1878/1/2744 447/1/2744
f 447/1/2744 445/1/2744 1882/1/2744
f 1882/1/2745 445/1/2745 446/1/2746
f 446/1/2746 1887/1/2745 1882/1/2745
f 1887/1/2747 1888/1/2747 1883/1/2747
f 1883/1/2747 1882/1/2747 1887/1/2747
f 1886/1/2748 1883/1/2749 1888/1/2749
f 1888/1/2749 1889/1/2749 1886/1/2748
f 1063/1/2750 1062/1/2750 1886/1/2750
f 1886/1/2750 1889/1/2750 1063/1/2750
f 1886/1/2751 1062/1/2751 1061/1/2751
f 1061/1/2751 1884/1/2751 1886/1/2751
f 1061/1/2752 1060/1/2752 1885/1/2753
f 1885/1/2753 1884/1/2752 1061/1/2752
f 1060/1/2754 1043/1/2754 1865/1/2754
f 1865/1/2754 1885/1/2754 1060/1/2754
f 1864/1/2755 1880/1/2755 1885/1/2755
f 1885/1/2755 1865/1/2755 1864/1/2755
f 1880/1/2756 1864/1/2757 1863/1/2758
f 1863/1/2758 1881/1/2758 1880/1/2756
f 1890/1/2349 1891/1/2349 1892/1/2349
f 1892/1/2349 1893/1/2349 1890/1/2349
f 1894/1/2759 1895/1/2760 1891/1/2760
f 1891/1/2760 1890/1/2759 1894/1/2759
f 1891/1/2353 1896/1/2355 1897/1/2353
f 1897/1/2353 1892/1/2761 1891/1/2353
f 1895/1/2351 1898/1/2762 1896/1/2351
f 1896/1/2351 1891/1/2351 1895/1/2351
f 1893/1/2763 1899/1/2363 561/1/2363
f 561/1/2363 560/1/2763 1893/1/2763
f 570/1/2361 1890/1/2361 1893/1/2764
f 1893/1/2764 560/1/2361 570/1/2361
f 570/1/2359 569/1/2359 1894/1/2359
f 1894/1/2359 1890/1/2359 570/1/2359
f 569/1/2357 541/1/2356 1875/1/2358
f 1875/1/2358 1894/1/2765 569/1/2357
f 1895/1/2766 1894/1/2767 1875/1/2766
f 1875/1/2766 1877/1/2378 1895/1/2766
f 1876/1/2375 1898/1/2375 1895/1/2768
f 1895/1/2768 1877/1/2375 1876/1/2375
f 1876/1/2374 1156/1/2374 1179/1/2769
f 1179/1/2769 1898/1/2374 1876/1/2374
f 1898/1/2372 1179/1/2372 1178/1/2770
f 1178/1/2770 1896/1/2372 1898/1/2372
f 1896/1/2371 1178/1/2371 1177/1/2371
f 1177/1/2371 1897/1/2371 1896/1/2371
f 1897/1/2369 1177/1/2369 1176/1/2369
f 1176/1/2369 1900/1/2369 1897/1/2369
f 1897/1/2771 1900/1/2368 1901/1/2771
f 1901/1/2771 1892/1/2772 1897/1/2771
f 1892/1/2364 1901/1/2364 1899/1/2364
f 1899/1/2364 1893/1/2366 1892/1/2364
f 1902/1/2576 1903/1/2576 1904/1/2576
f 1904/1/2576 1905/1/2576 1902/1/2576
f 1906/1/2773 1907/1/2773 1903/1/2574
f 1903/1/2574 1902/1/2773 1906/1/2773
f 1903/1/2579 1908/1/2579 1909/1/2579
f 1909/1/2579 1904/1/2774 1903/1/2579
f 1903/1/2578 1907/1/2578 1910/1/2775
f 1910/1/2775 1908/1/2578 1903/1/2578
f 1905/1/2585 1911/1/2585 37/1/2776
f 37/1/2776 36/1/2585 1905/1/2585
f 1905/1/2777 36/1/2777 50/1/2777
f 50/1/2777 1902/1/2777 1905/1/2777
f 48/1/2583 1906/1/2583 1902/1/2583
f 1902/1/2583 50/1/2778 48/1/2583
f 1305/1/2779 1906/1/2780 48/1/2779
f 48/1/2779 49/1/2581 1305/1/2779
f 1906/1/2599 1305/1/2599 1310/1/2599
f 1310/1/2599 1907/1/2599 1906/1/2599
f 1907/1/2597 1310/1/2597 1309/1/2597
f 1309/1/2597 1910/1/2597 1907/1/2597
f 15/1/2781 14/1/2595 1910/1/2595
f 1910/1/2595 1309/1/2595 15/1/2781
f 1910/1/2782 14/1/2594 13/1/2594
f 13/1/2594 1908/1/2594 1910/1/2782
f 1909/1/2783 1908/1/2592 13/1/2592
f 13/1/2592 12/1/2783 1909/1/2783
f 12/1/2784 11/1/2784 1912/1/2784
f 1912/1/2784 1909/1/2784 12/1/2784
f 1904/1/2588 1909/1/2588 1912/1/2588
f 1912/1/2588 1913/1/2589 1904/1/2588
f 1904/1/2587 1913/1/2587 1911/1/2587
f 1911/1/2587 1905/1/2587 1904/1/2587
f 1914/1/1724 1915/1/1724 1916/1/1724
f 1916/1/1724 1917/1/1724 1914/1/1724
f 1918/1/2785 1919/1/2785 1915/1/2785
f 1915/1/2785 1914/1/2785 1918/1/2785
f 1915/1/1727 1920/1/1727 1921/1/1727
f 1921/1/1727 1916/1/1727 1915/1/1727
f 1922/1/1726 1920/1/1726 1915/1/1725
f 1915/1/1725 1919/1/1725 1922/1/1726
f 1887/1/1736 446/1/1736 468/1/1736
f 468/1/1736 1917/1/1736 1887/1/1736
f 1917/1/1732 468/1/1732 467/1/1732
f 467/1/1732 1914/1/1732 1917/1/1732
f 1918/1/1731 1914/1/1731 467/1/2786
f 467/1/2786 465/1/1731 1918/1/1731
f 1923/1/1729 1918/1/1729 465/1/1729
f 465/1/1729 466/1/1729 1923/1/1729
f 1923/1/1746 1924/1/1746 1919/1/1746
f 1919/1/1746 1918/1/1746 1923/1/1746
f 1922/1/1744 1919/1/1744 1924/1/2787
f 1924/1/2787 1925/1/2787 1922/1/1744
f 1922/1/2788 1925/1/1743 1083/1/1743
f 1083/1/1743 1082/1/2789 1922/1/2788
f 1922/1/2790 1082/1/1741 1081/1/2790
f 1081/1/2790 1920/1/2790 1922/1/2790
f 1081/1/1740 1080/1/1740 1921/1/1740
f 1921/1/1740 1920/1/1740 1081/1/1740
f 1080/1/1739 1063/1/2791 1889/1/1739
f 1889/1/1739 1921/1/1739 1080/1/1739
f 1889/1/1738 1888/1/1738 1916/1/2792
f 1916/1/2792 1921/1/1738 1889/1/1738
f 1887/1/1737 1917/1/1737 1916/1/1737
f 1916/1/1737 1888/1/1737 1887/1/1737
f 1926/1/2398 1927/1/2793 1928/1/2794
f 1928/1/2794 1929/1/2398 1926/1/2398
f 1930/1/2795 1931/1/2394 1927/1/2796
f 1927/1/2796 1926/1/2394 1930/1/2795
f 1927/1/2797 1932/1/2798 1933/1/2799
f 1933/1/2799 1928/1/2798 1927/1/2797
f 1931/1/2400 1934/1/2400 1932/1/2400
f 1932/1/2400 1927/1/2400 1931/1/2400
f 1929/1/2800 1935/1/2411 581/1/2801
f 581/1/2801 580/1/2802 1929/1/2800
f 590/1/2803 1926/1/2409 1929/1/2409
f 1929/1/2409 580/1/2409 590/1/2803
f 590/1/2406 589/1/2406 1930/1/2406
f 1930/1/2406 1926/1/2406 590/1/2406
f 589/1/2405 561/1/2405 1899/1/2405
f 1899/1/2405 1930/1/2405 589/1/2405
f 1931/1/2804 1930/1/2804 1899/1/2430
f 1899/1/2430 1901/1/2804 1931/1/2804
f 1900/1/2429 1934/1/2429 1931/1/2429
f 1931/1/2429 1901/1/2429 1900/1/2429
f 1900/1/2427 1176/1/2427 1199/1/2427
f 1199/1/2427 1934/1/2427 1900/1/2427
f 1934/1/2423 1199/1/2423 1198/1/2805
f 1198/1/2805 1932/1/2806 1934/1/2423
f 1932/1/2419 1198/1/2419 1197/1/2419
f 1197/1/2419 1933/1/2807 1932/1/2419
f 1197/1/2808 1196/1/2418 1936/1/2809
f 1936/1/2809 1933/1/2810 1197/1/2808
f 1928/1/2417 1933/1/2417 1936/1/2417
f 1936/1/2417 1937/1/2417 1928/1/2417
f 1929/1/2414 1928/1/2414 1937/1/2414
f 1937/1/2414 1935/1/2414 1929/1/2414
f 1938/1/2811 1939/1/2811 1940/1/2811
f 1940/1/2811 1941/1/2615 1938/1/2811
f 1942/1/2812 1943/1/2613 1939/1/2613
f 1939/1/2613 1938/1/2613 1942/1/2812
f 1939/1/2813 1944/1/2617 1945/1/2813
f 1945/1/2813 1940/1/2617 1939/1/2813
f 1939/1/2616 1943/1/2616 1946/1/2814
f 1946/1/2814 1944/1/2616 1939/1/2616
f 61/1/2623 60/1/2623 1941/1/2623
f 1941/1/2623 1947/1/2623 61/1/2623
f 1941/1/2620 60/1/2622 70/1/2622
f 70/1/2622 1938/1/2622 1941/1/2620
f 70/1/2619 69/1/2619 1942/1/2619
f 1942/1/2619 1938/1/2619 70/1/2619
f 1942/1/2618 69/1/2618 37/1/2618
f 37/1/2618 1911/1/2618 1942/1/2618
f 1913/1/2634 1943/1/2634 1942/1/2634
f 1942/1/2634 1911/1/2634 1913/1/2634
f 1912/1/2633 1946/1/2633 1943/1/2633
f 1943/1/2633 1913/1/2633 1912/1/2633
f 11/1/2632 679/1/2632 1946/1/2632
f 1946/1/2632 1912/1/2632 11/1/2632
f 1946/1/2630 679/1/2630 678/1/2630
f 678/1/2630 1944/1/2630 1946/1/2630
f 1945/1/2629 1944/1/2629 678/1/2815
f 678/1/2815 675/1/2629 1945/1/2629
f 675/1/2816 677/1/2817 1948/1/2816
f 1948/1/2816 1945/1/2817 675/1/2816
f 1940/1/2818 1945/1/2819 1948/1/2820
f 1948/1/2820 1949/1/2625 1940/1/2818
f 1940/1/2821 1949/1/2624 1947/1/2822
f 1947/1/2822 1941/1/2823 1940/1/2821
f 1950/1/2824 1951/1/2824 1952/1/2824
f 1952/1/2824 1953/1/2824 1950/1/2824
f 1954/1/1792 1955/1/1792 1951/1/1792
f 1951/1/1792 1950/1/1792 1954/1/1792
f 1951/1/2825 1956/1/1799 1957/1/2826
f 1957/1/2826 1952/1/2827 1951/1/2825
f 1958/1/2828 1956/1/1796 1951/1/2828
f 1951/1/2828 1955/1/1796 1958/1/2828
f 1923/1/2829 466/1/2830 488/1/2830
f 488/1/2830 1953/1/2830 1923/1/2829
f 1953/1/1802 488/1/1802 487/1/1802
f 487/1/1802 1950/1/1802 1953/1/1802
f 1954/1/1801 1950/1/1801 487/1/1801
f 487/1/1801 485/1/1801 1954/1/1801
f 1959/1/1800 1954/1/1800 485/1/1800
f 485/1/1800 486/1/2831 1959/1/1800
f 1959/1/2832 1960/1/1815 1955/1/1815
f 1955/1/1815 1954/1/1815 1959/1/2832
f 1958/1/1814 1955/1/1814 1960/1/2833
f 1960/1/2833 1961/1/1814 1958/1/1814
f 1958/1/1812 1961/1/1812 1103/1/1812
f 1103/1/1812 1102/1/1812 1958/1/1812
f 1958/1/2834 1102/1/1811 1101/1/2834
f 1101/1/2834 1956/1/2835 1958/1/2834
f 1101/1/2836 1100/1/1810 1957/1/1810
f 1957/1/1810 1956/1/1810 1101/1/2836
f 1100/1/1807 1083/1/1807 1925/1/1807
f 1925/1/1807 1957/1/1807 1100/1/1807
f 1952/1/2837 1957/1/1806 1925/1/2838
f 1925/1/2838 1924/1/2838 1952/1/2837
f 1953/1/1805 1952/1/1805 1924/1/1805
f 1924/1/1805 1923/1/1805 1953/1/1805
f 1962/1/2441 1963/1/2441 1964/1/2839
f 1964/1/2839 1965/1/2441 1962/1/2441
f 1966/1/2440 1967/1/2440 1963/1/2440
f 1963/1/2440 1962/1/2440 1966/1/2440
f 1963/1/2446 1968/1/2446 1969/1/2446
f 1969/1/2446 1964/1/2446 1963/1/2446
f 1967/1/2443 1970/1/2443 1968/1/2443
f 1968/1/2443 1963/1/2443 1967/1/2443
f 1965/1/2453 1971/1/2453 601/1/2453
f 601/1/2453 600/1/2453 1965/1/2453
f 610/1/2452 1962/1/2840 1965/1/2452
f 1965/1/2452 600/1/2452 610/1/2452
f 610/1/2841 609/1/2450 1966/1/2841
f 1966/1/2841 1962/1/2450 610/1/2841
f 609/1/2448 581/1/2448 1935/1/2448
f 1935/1/2448 1966/1/2448 609/1/2448
f 1966/1/2842 1935/1/2843 1937/1/2842
f 1937/1/2842 1967/1/2844 1966/1/2842
f 1936/1/2466 1970/1/2466 1967/1/2466
f 1967/1/2466 1937/1/2466 1936/1/2466
f 1219/1/2464 1970/1/2465 1936/1/2465
f 1936/1/2465 1196/1/2464 1219/1/2464
f 1970/1/2462 1219/1/2462 1218/1/2845
f 1218/1/2845 1968/1/2462 1970/1/2462
f 1968/1/2461 1218/1/2461 1217/1/2461
f 1217/1/2461 1969/1/2461 1968/1/2461
f 1217/1/2459 1216/1/2459 1972/1/2459
f 1972/1/2459 1969/1/2459 1217/1/2459
f 1964/1/2458 1969/1/2846 1972/1/2458
f 1972/1/2458 1973/1/2458 1964/1/2458
f 1965/1/2454 1964/1/2454 1973/1/2454
f 1973/1/2454 1971/1/2454 1965/1/2454
f 1974/1/2653 1975/1/2652 1976/1/2653
f 1976/1/2653 1977/1/2847 1974/1/2653
f 1978/1/2848 1979/1/2849 1975/1/2848
f 1975/1/2848 1974/1/2850 1978/1/2848
f 1975/1/2658 1980/1/2658 1981/1/2658
f 1981/1/2658 1976/1/2658 1975/1/2658
f 1975/1/2851 1979/1/2852 1982/1/2852
f 1982/1/2852 1980/1/2853 1975/1/2851
f 1977/1/2664 1983/1/2854 81/1/2855
f 81/1/2855 80/1/2664 1977/1/2664
f 1977/1/2663 80/1/2663 90/1/2663
f 90/1/2663 1974/1/2663 1977/1/2663
f 1974/1/2662 90/1/2662 89/1/2856
f 89/1/2856 1978/1/2662 1974/1/2662
f 89/1/2857 61/1/2858 1947/1/2857
f 1947/1/2857 1978/1/2858 89/1/2857
f 1949/1/2682 1979/1/2682 1978/1/2681
f 1978/1/2681 1947/1/2682 1949/1/2682
f 1948/1/2680 1982/1/2859 1979/1/2680
f 1979/1/2680 1949/1/2680 1948/1/2680
f 699/1/2860 1982/1/2676 1948/1/2676
f 1948/1/2676 677/1/2676 699/1/2860
f 1982/1/2861 699/1/2862 698/1/2863
f 698/1/2863 1980/1/2672 1982/1/2861
f 1981/1/2669 1980/1/2669 698/1/2669
f 698/1/2669 697/1/2669 1981/1/2669
f 697/1/2668 696/1/2668 1984/1/2668
f 1984/1/2668 1981/1/2668 697/1/2668
f 1976/1/2666 1981/1/2666 1984/1/2666
f 1984/1/2666 1985/1/2666 1976/1/2666
f 1976/1/2665 1985/1/2665 1983/1/2665
f 1983/1/2665 1977/1/2665 1976/1/2665
f 1986/1/2864 1987/1/1867 1988/1/1867
f 1988/1/1867 1989/1/2864 1986/1/2864
f 1990/1/1866 1991/1/1866 1987/1/1866
f 1987/1/1866 1986/1/1866 1990/1/1866
f 1987/1/1872 1992/1/1872 1993/1/1872
f 1993/1/1872 1988/1/1872 1987/1/1872
f 1994/1/1871 1992/1/1869 1987/1/1871
f 1987/1/1871 1991/1/1871 1994/1/1871
f 1959/1/1879 486/1/2865 508/1/1879
f 508/1/1879 1989/1/1879 1959/1/1879
f 1989/1/1877 508/1/1877 507/1/1877
f 507/1/1877 1986/1/1877 1989/1/1877
f 1990/1/2866 1986/1/2866 507/1/2867
f 507/1/2867 505/1/1874 1990/1/2866
f 1995/1/1873 1990/1/1873 505/1/1873
f 505/1/1873 506/1/2868 1995/1/1873
f 1995/1/1896 1996/1/1896 1991/1/1896
f 1991/1/1896 1990/1/1896 1995/1/1896
f 1994/1/1894 1991/1/1894 1996/1/2869
f 1996/1/2869 1997/1/1894 1994/1/1894
f 1994/1/1892 1997/1/1892 1123/1/1892
f 1123/1/1892 1122/1/1892 1994/1/1892
f 1994/1/2870 1122/1/2870 1121/1/2870
f 1121/1/2870 1992/1/2870 1994/1/2870
f 1121/1/2871 1120/1/1888 1993/1/2872
f 1993/1/2872 1992/1/2873 1121/1/2871
f 1120/1/1886 1103/1/1886 1961/1/1886
f 1961/1/1886 1993/1/1886 1120/1/1886
f 1988/1/2874 1993/1/2874 1961/1/2874
f 1961/1/2874 1960/1/2875 1988/1/2874
f 1989/1/1880 1988/1/1880 1960/1/1880
f 1960/1/1880 1959/1/2876 1989/1/1880
f 1998/1/2877 1999/1/2484 2000/1/2484
f 2000/1/2484 2001/1/2484 1998/1/2877
f 2002/1/2482 2003/1/2482 1999/1/2482
f 1999/1/2482 1998/1/2482 2002/1/2482
f 1999/1/2486 2004/1/2486 2005/1/2486
f 2005/1/2486 2000/1/2486 1999/1/2486
f 2003/1/2485 2006/1/2485 2004/1/2485
f 2004/1/2485 1999/1/2485 2003/1/2485
f 2001/1/2878 2007/1/2879 621/1/2878
f 621/1/2878 620/1/2492 2001/1/2878
f 630/1/2490 1998/1/2490 2001/1/2490
f 2001/1/2490 620/1/2490 630/1/2490
f 630/1/2489 629/1/2489 2002/1/2489
f 2002/1/2489 1998/1/2489 630/1/2489
f 629/1/2487 601/1/2487 1971/1/2880
f 1971/1/2880 2002/1/2487 629/1/2487
f 2002/1/2508 1971/1/2508 1973/1/2508
f 1973/1/2508 2003/1/2508 2002/1/2508
f 1972/1/2506 2006/1/2506 2003/1/2506
f 2003/1/2506 1973/1/2506 1972/1/2506
f 1239/1/2502 2006/1/2502 1972/1/2502
f 1972/1/2502 1216/1/2502 1239/1/2502
f 2006/1/2881 1239/1/2500 1238/1/2881
f 1238/1/2881 2004/1/2500 2006/1/2881
f 2004/1/2498 1238/1/2499 1237/1/2498
f 1237/1/2498 2005/1/2498 2004/1/2498
f 1237/1/2496 1236/1/2496 2008/1/2882
f 2008/1/2882 2005/1/2883 1237/1/2496
f 2000/1/2884 2005/1/2495 2008/1/2495
f 2008/1/2495 2009/1/2495 2000/1/2884
f 2001/1/2494 2000/1/2494 2009/1/2494
f 2009/1/2494 2007/1/2494 2001/1/2494
f 2010/1/2696 2011/1/2696 2012/1/2696
f 2012/1/2696 2013/1/2696 2010/1/2696
f 2014/1/2695 2015/1/2695 2011/1/2695
f 2011/1/2695 2010/1/2695 2014/1/2695
f 2011/1/2700 2016/1/2700 2017/1/2700
f 2017/1/2700 2012/1/2700 2011/1/2700
f 2011/1/2699 2015/1/2699 2018/1/2699
f 2018/1/2699 2016/1/2699 2011/1/2699
f 2013/1/2885 2019/1/2886 101/1/2885
f 101/1/2885 100/1/2885 2013/1/2885
f 2013/1/2707 100/1/2707 110/1/2707
f 110/1/2707 2010/1/2707 2013/1/2707
f 2014/1/2705 2010/1/2705 110/1/2705
f 110/1/2705 109/1/2705 2014/1/2705
f 109/1/2704 81/1/2704 1983/1/2704
f 1983/1/2704 2014/1/2704 109/1/2704
f 1985/1/2723 2015/1/2723 2014/1/2723
f 2014/1/2723 1983/1/2723 1985/1/2723
f 1984/1/2722 2018/1/2722 2015/1/2722
f 2015/1/2722 1985/1/2722 1984/1/2722
f 719/1/2887 2018/1/2720 1984/1/2887
f 1984/1/2887 696/1/2888 719/1/2887
f 2018/1/2889 719/1/2889 718/1/2890
f 718/1/2890 2016/1/2889 2018/1/2889
f 718/1/2718 717/1/2718 2017/1/2718
f 2017/1/2718 2016/1/2718 718/1/2718
f 717/1/2714 716/1/2714 2020/1/2714
f 2020/1/2714 2017/1/2714 717/1/2714
f 2012/1/2713 2017/1/2713 2020/1/2713
f 2020/1/2713 2021/1/2713 2012/1/2713
f 2012/1/2712 2021/1/2712 2019/1/2712
f 2019/1/2712 2013/1/2891 2012/1/2712
f 2022/1/2892 2023/1/1959 2024/1/1959
f 2024/1/1959 2025/1/1959 2022/1/2892
f 2026/1/2893 2027/1/1958 2023/1/2894
f 2023/1/2894 2022/1/1958 2026/1/2893
f 2023/1/1962 2028/1/1962 2029/1/2895
f 2029/1/2895 2024/1/1962 2023/1/1962
f 2030/1/2896 2028/1/1961 2023/1/1961
f 2023/1/1961 2027/1/1961 2030/1/2896
f 1995/1/1971 506/1/1971 528/1/1971
f 528/1/1971 2025/1/1971 1995/1/1971
f 2025/1/1968 528/1/1968 527/1/1968
f 527/1/1968 2022/1/1968 2025/1/1968
f 2026/1/1966 2022/1/1966 527/1/1966
f 527/1/1966 525/1/1966 2026/1/1966
f 525/1/1964 526/1/1964 1290/1/1964
f 1290/1/1964 2026/1/1964 525/1/1964
f 1295/1/2897 2027/1/2897 2026/1/2897
f 2026/1/2897 1290/1/2897 1295/1/2897
f 2030/1/1984 2027/1/1985 1295/1/1984
f 1295/1/1984 1294/1/1984 2030/1/1984
f 2030/1/1982 1294/1/1982 1143/1/2898
f 1143/1/2898 1142/1/2898 2030/1/1982
f 2030/1/1981 1142/1/1981 1141/1/2899
f 1141/1/2899 2028/1/2900 2030/1/1981
f 1141/1/1979 1140/1/1979 2029/1/2901
f 2029/1/2901 2028/1/1980 1141/1/1979
f 1140/1/1978 1123/1/1978 1997/1/1978
f 1997/1/1978 2029/1/1978 1140/1/1978
f 2024/1/1975 2029/1/1975 1997/1/1975
f 1997/1/1975 1996/1/1975 2024/1/1975
f 2025/1/1973 2024/1/1973 1996/1/1973
f 1996/1/1973 1995/1/1973 2025/1/1973
f 2031/1/2902 2032/1/2518 2033/1/2903
f 2033/1/2903 2034/1/2518 2031/1/2902
f 2035/1/2517 2036/1/2517 2032/1/2517
f 2032/1/2517 2031/1/2517 2035/1/2517
f 2032/1/2904 2037/1/2520 2038/1/2904
f 2038/1/2904 2033/1/2905 2032/1/2904
f 2036/1/2519 2039/1/2906 2037/1/2907
f 2037/1/2907 2032/1/2519 2036/1/2519
f 2034/1/2524 1306/1/2524 641/1/2524
f 641/1/2524 640/1/2524 2034/1/2524
f 650/1/2523 2031/1/2523 2034/1/2523
f 2034/1/2523 640/1/2523 650/1/2523
f 650/1/2908 649/1/2909 2035/1/2910
f 2035/1/2910 2031/1/2522 650/1/2908
f 649/1/2911 621/1/2912 2007/1/2913
f 2007/1/2913 2035/1/2913 649/1/2911
f 2035/1/2539 2007/1/2914 2009/1/2539
f 2009/1/2539 2036/1/2539 2035/1/2539
f 2008/1/2915 2039/1/2537 2036/1/2537
f 2036/1/2537 2009/1/2537 2008/1/2915
f 1259/1/2535 2039/1/2535 2008/1/2535
f 2008/1/2535 1236/1/2535 1259/1/2535
f 2039/1/2534 1259/1/2534 1258/1/2534
f 1258/1/2534 2037/1/2534 2039/1/2534
f 2037/1/2916 1258/1/2917 1257/1/2916
f 1257/1/2916 2038/1/2918 2037/1/2916
f 1257/1/2530 1256/1/2530 1308/1/2530
f 1308/1/2530 2038/1/2919 1257/1/2530
f 2038/1/2920 1308/1/2528 1307/1/2921
f 1307/1/2921 2033/1/2922 2038/1/2920
f 2034/1/2526 2033/1/2526 1307/1/2526
f 1307/1/2526 1306/1/2526 2034/1/2526
f 2040/1/2738 2041/1/2738 2042/1/2738
f 2042/1/2738 2043/1/2738 2040/1/2738
f 2044/1/2737 2045/1/2737 2041/1/2737
f 2041/1/2737 2040/1/2737 2044/1/2737
f 2041/1/2741 2046/1/2741 2047/1/2741
f 2047/1/2741 2042/1/2741 2041/1/2741
f 2041/1/2923 2045/1/2924 2048/1/2924
f 2048/1/2924 2046/1/2739 2041/1/2923
f 2043/1/2745 1321/1/2745 121/1/2745
f 121/1/2745 120/1/2745 2043/1/2745
f 2043/1/2744 120/1/2744 130/1/2744
f 130/1/2744 2040/1/2744 2043/1/2744
f 2044/1/2743 2040/1/2743 130/1/2743
f 130/1/2743 129/1/2743 2044/1/2743
f 129/1/2742 101/1/2742 2019/1/2925
f 2019/1/2925 2044/1/2742 129/1/2742
f 2021/1/2758 2045/1/2758 2044/1/2757
f 2044/1/2757 2019/1/2756 2021/1/2758
f 2020/1/2926 2048/1/2755 2045/1/2927
f 2045/1/2927 2021/1/2927 2020/1/2926
f 739/1/2754 2048/1/2754 2020/1/2754
f 2020/1/2754 716/1/2754 739/1/2754
f 2048/1/2752 739/1/2928 738/1/2752
f 738/1/2752 2046/1/2929 2048/1/2752
f 738/1/2751 737/1/2751 2047/1/2751
f 2047/1/2751 2046/1/2751 738/1/2751
f 737/1/2750 736/1/2750 1323/1/2750
f 1323/1/2750 2047/1/2750 737/1/2750
f 1323/1/2749 1322/1/2749 2042/1/2749
f 2042/1/2749 2047/1/2749 1323/1/2749
f 2043/1/2747 2042/1/2747 1322/1/2747
f 1322/1/2747 1321/1/2747 2043/1/2747
o C_rculo_007_C_rculo_008
v -0.168936 0.512804 -0.411019
v -0.101836 0.541604 -0.403319
v -0.037236 0.569204 -0.380519
v 0.022164 0.594604 -0.343519
v 0.074264 0.616904 -0.293619
v 0.117064 0.635204 -0.232919
v 0.148864 0.648804 -0.163619
v 0.168364 0.657204 -0.088419
v 0.175064 0.660004 -0.010219
v 0.168364 0.657204 0.067981
v 0.148864 0.648804 0.143181
v 0.117064 0.635204 0.212481
v 0.074264 0.616904 0.273281
v 0.022164 0.594604 0.323081
v -0.037236 0.569204 0.360181
v -0.101836 0.541604 0.382981
v -0.168936 0.512804 0.390681
v -0.235936 0.484104 0.382981
v -0.300536 0.456504 0.360181
v -0.359936 0.431104 0.323081
v -0.412036 0.408804 0.273281
v -0.454836 0.390504 0.212481
v -0.486636 0.376904 0.143181
v -0.506236 0.368504 0.067981
v -0.512836 0.365704 -0.010219
v -0.506236 0.368504 -0.088419
v -0.486636 0.376904 -0.163619
v -0.454836 0.390504 -0.232919
v -0.412036 0.408804 -0.293619
v -0.235936 0.484104 -0.403319
v -0.359936 0.431104 -0.343519
v -0.300536 0.456504 -0.380519
v -0.478136 0.303004 0.067981
v -0.440236 0.298004 0.060981
v -0.446236 0.295504 -0.010219
v -0.484736 0.300204 -0.010219
v -0.272436 0.391004 0.360181
v -0.331936 0.365604 0.323081
v -0.140836 0.447304 -0.411019
v -0.207936 0.418604 -0.403319
v 0.102364 0.551404 -0.293619
v 0.145064 0.569704 -0.232919
v -0.207936 0.418604 0.382981
v -0.272436 0.391004 -0.380519
v 0.050164 0.529104 -0.343519
v -0.140836 0.447304 0.390681
v -0.331936 0.365604 -0.343519
v -0.009236 0.503604 -0.380519
v -0.073736 0.476004 0.382981
v -0.384036 0.343304 -0.293619
v -0.073736 0.476004 -0.403319
v -0.009236 0.503604 0.360181
v -0.426836 0.325004 -0.232919
v 0.050164 0.529104 0.323081
v -0.458536 0.311404 -0.163619
v 0.102364 0.551404 0.273281
v -0.478136 0.303004 -0.088419
v 0.145064 0.569704 0.212481
v 0.176864 0.583304 0.143181
v 0.196464 0.591604 0.067981
v -0.458536 0.311404 0.143181
v 0.203064 0.594404 -0.010219
v -0.426836 0.325004 0.212481
v 0.196464 0.591604 -0.088419
v -0.384036 0.343304 0.273281
v 0.176864 0.583304 -0.163619
v -0.354536 0.334704 0.247881
v -0.368336 0.317404 0.268781
v -0.410436 0.299304 0.208981
v -0.393436 0.318004 0.192581
v 0.173864 0.560804 0.060981
v 0.156064 0.553104 0.129481
v -0.422436 0.305604 0.129481
v 0.179864 0.563304 -0.010219
v 0.173864 0.560804 -0.081419
v 0.156064 0.553104 -0.149819
v -0.307136 0.355004 0.293181
v 0.127164 0.540804 -0.212919
v -0.253036 0.378104 0.326981
v -0.194236 0.403304 -0.368119
v -0.133136 0.429404 -0.375119
v 0.088164 0.524104 -0.268219
v -0.194236 0.403304 0.347681
v -0.253036 0.378104 -0.347319
v 0.040764 0.503804 -0.313619
v -0.133136 0.429404 0.354681
v -0.307136 0.355004 -0.313619
v -0.013336 0.480604 -0.347319
v -0.072136 0.455504 0.347681
v -0.354536 0.334704 -0.268219
v -0.072136 0.455504 -0.368119
v -0.013336 0.480604 0.326981
v -0.393436 0.318004 -0.212919
v 0.040764 0.503804 0.293181
v -0.422436 0.305604 -0.149819
v 0.088164 0.524104 0.247881
v -0.440236 0.298004 -0.081419
v 0.127164 0.540804 0.192581
v -0.258536 0.364304 0.354281
v -0.195036 0.391504 0.376681
v -0.162736 0.315904 0.376681
v -0.226236 0.288804 0.354281
v 0.183564 0.553504 -0.161119
v 0.202864 0.561704 -0.087119
v -0.317036 0.339304 0.317781
v 0.152364 0.540104 -0.229319
v -0.195036 0.391504 -0.397019
v -0.129036 0.419704 -0.404619
v 0.110264 0.522104 -0.289119
v -0.258536 0.364304 -0.374619
v 0.058964 0.500204 -0.338119
v -0.129036 0.419704 0.384281
v -0.317036 0.339304 -0.338119
v 0.000464 0.475104 -0.374619
v -0.063036 0.448004 0.376681
v -0.368336 0.317404 -0.289119
v -0.063036 0.448004 -0.397019
v 0.000464 0.475104 0.354281
v -0.410436 0.299304 -0.229319
v 0.058964 0.500204 0.317781
v -0.441736 0.286004 -0.161119
v 0.110264 0.522104 0.268781
v -0.460936 0.277704 -0.087119
v 0.152364 0.540104 0.208981
v -0.467436 0.274904 -0.010219
v 0.183564 0.553504 0.140781
v -0.460936 0.277704 0.066781
v 0.202864 0.561704 0.066781
v -0.441736 0.286004 0.140781
v 0.209364 0.564504 -0.010219
v 0.032764 0.399604 0.354281
v 0.027864 0.372904 0.315281
v -0.028836 0.348604 0.335281
v -0.030736 0.372404 0.376681
v -0.226236 0.288804 -0.374619
v -0.162736 0.315904 -0.397019
v 0.091264 0.424604 -0.338119
v 0.142564 0.446504 -0.289119
v -0.096736 0.344204 0.384281
v -0.284736 0.263704 -0.338119
v 0.032764 0.399604 -0.374619
v -0.336036 0.241804 -0.289119
v -0.030736 0.372404 -0.397019
v -0.378136 0.223804 -0.229319
v -0.096736 0.344204 -0.404619
v 0.091264 0.424604 0.317781
v -0.409336 0.210404 -0.161119
v 0.142564 0.446504 0.268781
v -0.428636 0.202204 -0.087119
v 0.184664 0.464604 0.208981
v -0.435136 0.199404 -0.010219
v 0.215964 0.477904 0.140781
v -0.428636 0.202204 0.066781
v 0.235164 0.486204 0.066781
v -0.409336 0.210404 0.140781
v 0.241664 0.489004 -0.010219
v -0.378136 0.223804 0.208981
v 0.235164 0.486204 -0.087119
v -0.336036 0.241804 0.268781
v 0.215964 0.477904 -0.161119
v -0.284736 0.263704 0.317781
v 0.184664 0.464604 -0.229319
v 0.163464 0.430904 0.185481
v 0.203264 0.419004 0.208381
v 0.161364 0.401004 0.267981
v 0.125864 0.414804 0.238881
v -0.339136 0.215904 -0.205919
v -0.301536 0.232004 -0.259319
v -0.028836 0.348604 -0.355719
v -0.087836 0.323404 -0.362419
v 0.080064 0.395204 0.282681
v -0.367036 0.203904 -0.145019
v -0.384236 0.196604 -0.078919
v -0.390036 0.194104 -0.010219
v 0.191364 0.442804 0.124581
v -0.384236 0.196604 0.058581
v 0.208564 0.450204 0.058581
v -0.367036 0.203904 0.124581
v 0.214364 0.452704 -0.010219
v -0.339136 0.215904 0.185481
v 0.208564 0.450204 -0.078919
v -0.301536 0.232004 0.238881
v 0.191364 0.442804 -0.145019
v -0.255736 0.251604 0.282681
v 0.163464 0.430904 -0.205919
v -0.203436 0.273904 0.315281
v -0.146836 0.298204 -0.355719
v 0.125864 0.414804 -0.259319
v -0.146836 0.298204 0.335281
v -0.203436 0.273904 -0.335619
v 0.080064 0.395204 -0.303119
v -0.087836 0.323404 0.342081
v -0.255736 0.251604 -0.303119
v 0.027864 0.372904 -0.335619
v 0.292164 0.368604 -0.010219
v 0.285664 0.365904 0.066581
v 0.253664 0.440504 0.066581
v 0.260164 0.443304 -0.010219
v -0.408436 0.157304 -0.086919
v -0.414936 0.154504 -0.010219
v 0.234464 0.432304 0.140381
v -0.408436 0.157304 0.066581
v -0.389236 0.165504 0.140381
v -0.358036 0.178804 0.208381
v 0.253664 0.440504 -0.086919
v -0.316036 0.196804 0.267981
v 0.234464 0.432304 -0.160719
v -0.264836 0.218704 0.316981
v 0.203264 0.419004 -0.228719
v -0.206536 0.243604 0.353281
v -0.143236 0.270704 -0.396019
v -0.077336 0.298904 -0.403619
v 0.161364 0.401004 -0.288419
v -0.143236 0.270704 0.375681
v -0.206536 0.243604 -0.373619
v 0.110164 0.379104 -0.337319
v -0.077336 0.298904 0.383281
v -0.264836 0.218704 -0.337319
v 0.051764 0.354204 -0.373619
v -0.011536 0.327104 0.375681
v -0.316036 0.196804 -0.288419
v -0.011536 0.327104 -0.396019
v 0.051764 0.354204 0.353281
v -0.358036 0.178804 -0.228719
v 0.110164 0.379104 0.316981
v -0.389236 0.165504 -0.160719
v 0.235264 0.344304 -0.228719
v 0.209964 0.293904 -0.198119
v 0.237064 0.304504 -0.139619
v 0.266464 0.357704 -0.160719
v -0.326036 0.104204 0.208381
v -0.357236 0.090804 0.140381
v 0.285664 0.365904 -0.086919
v -0.284136 0.122104 0.267981
v -0.232936 0.144004 0.316981
v -0.174536 0.169004 0.353281
v -0.111236 0.196104 -0.396019
v -0.045436 0.224204 -0.403619
v 0.193264 0.326404 -0.288419
v -0.111236 0.196104 0.375681
v -0.174536 0.169004 -0.373619
v 0.142064 0.304504 -0.337319
v -0.045436 0.224204 0.383281
v -0.232936 0.144004 -0.337319
v 0.083764 0.279504 -0.373619
v 0.020464 0.252404 0.375681
v -0.284136 0.122104 -0.288419
v 0.020464 0.252404 -0.396019
v 0.083764 0.279504 0.353281
v -0.326036 0.104204 -0.228719
v 0.142064 0.304504 0.316981
v -0.357236 0.090804 -0.160719
v 0.193264 0.326404 0.267981
v -0.376436 0.082604 -0.086919
v 0.235264 0.344304 0.208381
v -0.382936 0.079804 -0.010219
v 0.266464 0.357704 0.140381
v -0.376436 0.082604 0.066581
v 0.304264 0.306804 0.065781
v 0.284964 0.299204 0.138881
v 0.237064 0.304504 0.119281
v 0.253764 0.311004 0.055781
v -0.146636 0.154104 0.302381
v -0.197436 0.134204 0.271181
v -0.091536 0.175704 -0.342019
v -0.034236 0.198204 -0.348519
v 0.173364 0.279504 -0.249419
v -0.091536 0.175704 0.321681
v -0.146636 0.154104 -0.322819
v 0.128864 0.262104 -0.291519
v -0.034236 0.198204 0.328181
v -0.197436 0.134204 -0.291519
v 0.078164 0.242204 -0.322819
v 0.023064 0.220604 0.321681
v -0.241936 0.116804 -0.249419
v 0.023064 0.220604 -0.342019
v 0.078164 0.242204 0.302381
v -0.278436 0.102404 -0.198119
v 0.128864 0.262104 0.271181
v -0.305636 0.091804 -0.139619
v 0.173364 0.279504 0.229081
v -0.322336 0.085304 -0.076219
v 0.209964 0.293904 0.177781
v -0.327936 0.083104 -0.010219
v -0.322336 0.085304 0.055781
v -0.305636 0.091804 0.119281
v 0.259464 0.313304 -0.010219
v -0.278436 0.102404 0.177781
v 0.253764 0.311004 -0.076219
v -0.241936 0.116804 0.229081
v 0.284964 0.299204 -0.159219
v 0.308564 0.226604 -0.159219
v 0.327764 0.234104 -0.086119
v 0.304264 0.306804 -0.086119
v -0.339636 0.054404 0.138881
v -0.358936 0.046904 0.065781
v 0.310764 0.309304 -0.010219
v -0.308436 0.066704 0.206181
v -0.266436 0.083104 0.265181
v -0.215136 0.103204 0.313681
v 0.253764 0.287004 -0.226519
v -0.156736 0.126104 0.349681
v -0.093336 0.151004 -0.392219
v -0.027336 0.176804 -0.399619
v 0.211664 0.270504 -0.285619
v -0.093336 0.151004 0.371781
v -0.156736 0.126104 -0.370019
v 0.160464 0.250404 -0.334019
v -0.027336 0.176804 0.379281
v -0.215136 0.103204 -0.334019
v 0.102064 0.227504 -0.370019
v 0.038564 0.202704 0.371781
v -0.266436 0.083104 -0.285619
v 0.038564 0.202704 -0.392219
v 0.102064 0.227504 0.349681
v -0.308436 0.066704 -0.226519
v 0.160464 0.250404 0.313681
v -0.339636 0.054404 -0.159219
v 0.211664 0.270504 0.265181
v -0.358936 0.046904 -0.086119
v 0.253764 0.287004 0.206181
v -0.365436 0.044304 -0.010219
v 0.212764 0.146404 -0.246019
v 0.235264 0.197904 -0.285619
v 0.184064 0.177804 -0.334019
v 0.168464 0.130804 -0.287419
v -0.191636 0.030604 0.313681
v -0.242836 0.010504 0.265181
v 0.277264 0.214304 -0.226519
v -0.133136 0.053504 0.349681
v -0.069736 0.078304 -0.392219
v -0.003836 0.104204 -0.399619
v -0.069736 0.078304 0.371781
v -0.133136 0.053504 -0.370019
v -0.003836 0.104204 0.379281
v -0.191636 0.030604 -0.334019
v 0.125564 0.154904 -0.370019
v 0.062164 0.130004 0.371781
v -0.242836 0.010504 -0.285619
v 0.062164 0.130004 -0.392219
v 0.125564 0.154904 0.349681
v -0.284836 -0.005996 -0.226519
v 0.184064 0.177804 0.313681
v -0.316136 -0.018196 -0.159219
v 0.235264 0.197904 0.265181
v -0.335336 -0.025796 -0.086119
v 0.277264 0.214304 0.206181
v -0.341836 -0.028296 -0.010219
v 0.308564 0.226604 0.138881
v -0.335336 -0.025796 0.065781
v 0.327764 0.234104 0.065781
v -0.316136 -0.018196 0.138881
v 0.334264 0.236704 -0.010219
v -0.284836 -0.005996 0.206181
v 0.010764 0.052304 -0.387319
v 0.075264 0.075004 -0.380119
v 0.063164 0.093604 -0.337219
v 0.006164 0.073504 -0.343619
v 0.006164 0.073504 0.323281
v -0.050836 0.053304 0.316881
v -0.156236 0.016204 -0.287419
v -0.105636 0.034004 -0.318219
v 0.117964 0.112904 -0.318219
v 0.063164 0.093604 0.316881
v -0.200436 0.000504 -0.246019
v 0.117964 0.112904 0.297881
v -0.236836 -0.012296 -0.195419
v 0.168464 0.130804 0.267081
v -0.263836 -0.021796 -0.137819
v 0.212764 0.146404 0.225581
v -0.280436 -0.027696 -0.075219
v 0.249164 0.159204 0.175081
v -0.286036 -0.029696 -0.010219
v 0.276164 0.168804 0.117381
v -0.280436 -0.027696 0.054881
v 0.292764 0.174604 0.054881
v -0.263836 -0.021796 0.117381
v 0.298364 0.176604 -0.010219
v -0.236836 -0.012296 0.175081
v 0.292764 0.174604 -0.075219
v -0.200436 0.000504 0.225581
v 0.276164 0.168804 -0.137819
v -0.156236 0.016204 0.267081
v 0.249164 0.159204 -0.195419
v -0.105636 0.034004 0.297881
v -0.050836 0.053304 -0.337219
v 0.316064 0.160104 0.134181
v 0.331164 0.090804 0.134181
v 0.300564 0.080004 0.199381
v 0.285564 0.149304 0.199381
v 0.194364 0.117104 0.303381
v 0.137264 0.096904 0.338281
v -0.264036 -0.044696 -0.219719
v -0.294536 -0.055496 -0.154519
v 0.244464 0.134804 0.256481
v -0.313436 -0.062096 -0.083719
v -0.319736 -0.064396 -0.010219
v -0.313436 -0.062096 0.063381
v 0.334864 0.166704 0.063381
v -0.294536 -0.055496 0.134181
v 0.341264 0.168904 -0.010219
v -0.264036 -0.044696 0.199381
v 0.334864 0.166704 -0.083719
v -0.222936 -0.030196 0.256481
v 0.316064 0.160104 -0.154519
v -0.172836 -0.012496 0.303381
v 0.285564 0.149304 -0.219719
v -0.115736 0.007704 0.338281
v -0.053736 0.029504 -0.380119
v 0.244464 0.134804 -0.276819
v -0.053736 0.029504 0.359681
v -0.115736 0.007704 -0.358619
v 0.194364 0.117104 -0.323719
v 0.010764 0.052304 0.366981
v -0.172836 -0.012496 -0.323719
v 0.137264 0.096904 -0.358619
v 0.075264 0.075004 0.359681
v -0.222936 -0.030196 -0.276819
v 0.309964 0.041304 -0.010219
v 0.356264 0.099704 -0.010219
v 0.349964 0.097404 -0.083719
v 0.304564 0.039704 -0.071719
v -0.298336 -0.131396 0.063381
v -0.304736 -0.133596 -0.010219
v 0.349964 0.097404 0.063381
v -0.279536 -0.124696 0.134181
v -0.249036 -0.113996 0.199381
v -0.207936 -0.099396 0.256481
v 0.331164 0.090804 -0.154519
v -0.157836 -0.081796 0.303381
v 0.300564 0.080004 -0.219719
v -0.100636 -0.061596 0.338281
v 0.025764 -0.016996 -0.387319
v -0.038636 -0.039696 -0.380119
v 0.259464 0.065504 -0.276819
v -0.038636 -0.039696 0.359681
v -0.100636 -0.061596 -0.358619
v 0.209364 0.047804 -0.323719
v 0.025764 -0.016996 0.366981
v -0.157836 -0.081796 -0.323719
v 0.152264 0.027704 -0.358619
v 0.090264 0.005804 0.359681
v -0.207936 -0.099396 -0.276819
v 0.090264 0.005804 -0.380119
v 0.152264 0.027704 0.338281
v -0.249036 -0.113996 -0.219719
v 0.209364 0.047804 0.303381
v -0.279536 -0.124696 -0.154519
v 0.259464 0.065504 0.256481
v -0.298336 -0.131396 -0.083719
v 0.031264 -0.042396 -0.325819
v -0.023036 -0.058696 -0.319719
v -0.028836 -0.094196 -0.367819
v 0.033964 -0.075296 -0.374919
v -0.165736 -0.101596 0.212981
v -0.200336 -0.111996 0.165181
v 0.288764 0.035004 -0.130919
v -0.123536 -0.088896 0.252281
v 0.262964 0.027204 -0.185519
v -0.075336 -0.074396 0.281381
v 0.228364 0.016804 -0.233319
v -0.023036 -0.058696 0.299381
v -0.075336 -0.074396 -0.301719
v 0.186064 0.004104 -0.272619
v 0.031264 -0.042396 0.305381
v -0.123536 -0.088896 -0.272619
v 0.137964 -0.010296 -0.301719
v 0.085664 -0.025996 0.299381
v -0.165736 -0.101596 -0.233319
v 0.085664 -0.025996 -0.319719
v 0.137964 -0.010296 0.281381
v -0.200336 -0.111996 -0.185519
v 0.186064 0.004104 0.252281
v -0.226136 -0.119696 -0.130919
v 0.228364 0.016804 0.212981
v -0.241936 -0.124496 -0.071719
v 0.262964 0.027204 0.165181
v -0.247336 -0.126096 -0.010219
v 0.288764 0.035004 0.110581
v -0.241936 -0.124496 0.051381
v 0.304564 0.039704 0.051381
v -0.226136 -0.119696 0.110581
v -0.193636 -0.143696 -0.268019
v -0.187736 -0.215796 -0.268019
v -0.138936 -0.201096 -0.313419
v -0.144836 -0.129096 -0.313419
v 0.261664 -0.006896 -0.268019
v 0.301664 0.005104 -0.212819
v -0.028836 -0.094196 0.347481
v -0.089236 -0.112296 0.326781
v -0.089236 -0.112296 -0.347119
v 0.212864 -0.021596 -0.313419
v 0.033964 -0.075296 0.354481
v 0.157164 -0.038296 -0.347119
v 0.096764 -0.056396 0.347481
v 0.096764 -0.056396 -0.367819
v 0.157164 -0.038296 0.326781
v -0.233736 -0.155696 -0.212819
v 0.212864 -0.021596 0.293081
v -0.263436 -0.164696 -0.149719
v 0.261664 -0.006896 0.247681
v -0.281736 -0.170196 -0.081319
v 0.301664 0.005104 0.192381
v -0.287936 -0.171996 -0.010219
v 0.331464 0.014104 0.129381
v -0.281736 -0.170196 0.060981
v 0.349764 0.019604 0.060981
v -0.263436 -0.164696 0.129381
v 0.355964 0.021404 -0.010219
v -0.233736 -0.155696 0.192381
v 0.349764 0.019604 -0.081319
v -0.193636 -0.143696 0.247681
v 0.331464 0.014104 -0.149719
v -0.144836 -0.129096 0.293081
v -0.223936 -0.234796 -0.069819
v -0.208536 -0.230596 -0.127119
v -0.257536 -0.236696 -0.149719
v -0.275936 -0.242196 -0.081319
v 0.102664 -0.128496 -0.367819
v 0.163064 -0.110396 -0.347119
v 0.163064 -0.110396 0.326781
v 0.102664 -0.128496 0.347481
v -0.227836 -0.227796 -0.212819
v 0.039864 -0.147396 -0.374919
v 0.218764 -0.093596 0.293081
v 0.267564 -0.078996 0.247681
v 0.307564 -0.066896 0.192381
v -0.282036 -0.244096 -0.010219
v 0.337364 -0.057996 0.129381
v -0.275936 -0.242196 0.060981
v 0.355664 -0.052496 0.060981
v -0.257536 -0.236696 0.129381
v 0.361864 -0.050596 -0.010219
v -0.227836 -0.227796 0.192381
v 0.355664 -0.052496 -0.081319
v -0.187736 -0.215796 0.247681
v 0.337364 -0.057996 -0.149719
v -0.138936 -0.201096 0.293081
v 0.307564 -0.066896 -0.212819
v -0.083336 -0.184396 0.326781
v -0.022936 -0.166196 -0.367819
v 0.267564 -0.078996 -0.268019
v -0.022936 -0.166196 0.347481
v -0.083336 -0.184396 -0.347119
v 0.218764 -0.093596 -0.313419
v 0.039864 -0.147396 0.354481
v -0.208536 -0.230596 0.106781
v -0.249136 -0.260896 0.125981
v -0.267036 -0.265796 0.059181
v -0.223936 -0.234796 0.049481
v 0.265764 -0.100496 0.159681
v 0.232164 -0.109796 0.205981
v -0.229136 -0.236196 -0.010219
v 0.290764 -0.093696 0.106781
v 0.306164 -0.089496 0.049481
v 0.311264 -0.088096 -0.010219
v -0.183536 -0.223696 0.159681
v 0.306164 -0.089496 -0.069819
v -0.149936 -0.214496 0.205981
v 0.290764 -0.093696 -0.127119
v -0.109036 -0.203296 0.243981
v 0.265764 -0.100496 -0.180019
v -0.062336 -0.190496 0.272281
v -0.011636 -0.176596 -0.310019
v 0.041064 -0.162096 -0.315919
v 0.232164 -0.109796 -0.226319
v -0.011636 -0.176596 0.289581
v -0.062336 -0.190496 -0.292619
v 0.191264 -0.120996 -0.264319
v 0.041064 -0.162096 0.295481
v -0.109036 -0.203296 -0.264319
v 0.144464 -0.133796 -0.292619
v 0.093764 -0.147696 0.289581
v -0.149936 -0.214496 -0.226319
v 0.093764 -0.147696 -0.310019
v 0.144464 -0.133796 0.272281
v -0.183536 -0.223696 -0.180019
v 0.191264 -0.120996 0.243981
v -0.133336 -0.229096 0.285681
v -0.132036 -0.301296 0.285681
v -0.179736 -0.314396 0.241381
v -0.180936 -0.242196 0.241381
v 0.355964 -0.094996 -0.010219
v 0.349864 -0.096696 0.059181
v -0.220136 -0.252896 0.187481
v 0.349864 -0.096696 -0.079619
v 0.331964 -0.101596 -0.146319
v 0.302964 -0.109496 -0.207819
v -0.078936 -0.214196 0.318581
v -0.019936 -0.197996 -0.359119
v 0.041464 -0.181196 -0.366019
v 0.263864 -0.120296 -0.261819
v -0.019936 -0.197996 0.338781
v -0.078936 -0.214196 -0.338919
v 0.216164 -0.133296 -0.306019
v 0.041464 -0.181196 0.345581
v -0.133336 -0.229096 -0.306019
v 0.161764 -0.148196 -0.338919
v 0.102764 -0.164396 0.338781
v -0.180936 -0.242196 -0.261819
v 0.102764 -0.164396 -0.359119
v 0.161764 -0.148196 0.318581
v -0.220136 -0.252896 -0.207819
v 0.216164 -0.133296 0.285681
v -0.249136 -0.260896 -0.146319
v 0.263864 -0.120296 0.241381
v -0.267036 -0.265796 -0.079619
v 0.302964 -0.109496 0.187481
v -0.273136 -0.267396 -0.010219
v 0.331964 -0.101596 0.125981
v 0.042664 -0.253396 0.345581
v 0.043164 -0.281596 0.299881
v -0.010036 -0.292196 0.293881
v -0.018736 -0.270296 0.338781
v 0.304164 -0.181796 -0.207819
v 0.333264 -0.173796 -0.146319
v -0.077736 -0.286396 0.318581
v -0.018736 -0.270296 -0.359119
v 0.042664 -0.253396 -0.366019
v 0.265064 -0.192496 -0.261819
v -0.077736 -0.286396 -0.338919
v 0.217364 -0.205496 -0.306019
v -0.132036 -0.301296 -0.306019
v 0.163064 -0.220396 -0.338919
v 0.104064 -0.236596 0.338781
v -0.179736 -0.314396 -0.261819
v 0.104064 -0.236596 -0.359119
v 0.163064 -0.220396 0.318581
v -0.218836 -0.325096 -0.207819
v 0.217364 -0.205496 0.285681
v -0.247936 -0.333096 -0.146319
v 0.265064 -0.192496 0.241381
v -0.265836 -0.337996 -0.079619
v 0.304164 -0.181796 0.187481
v -0.271836 -0.339596 -0.010219
v 0.333264 -0.173796 0.125981
v -0.265836 -0.337996 0.059181
v 0.351164 -0.168896 0.059181
v -0.247936 -0.333096 0.125981
v 0.357164 -0.167196 -0.010219
v -0.218836 -0.325096 0.187481
v 0.351164 -0.168896 -0.079619
v 0.194564 -0.251396 0.247581
v 0.212464 -0.261496 0.281681
v 0.159064 -0.272096 0.314081
v 0.147464 -0.260796 0.276281
v -0.108336 -0.311796 -0.268019
v -0.061236 -0.302396 -0.296619
v 0.147464 -0.260796 -0.296619
v 0.194564 -0.251396 -0.268019
v 0.096364 -0.270996 0.293881
v -0.149636 -0.320096 -0.229419
v 0.096364 -0.270996 -0.314319
v -0.183536 -0.326896 -0.182419
v 0.043164 -0.281596 -0.320219
v -0.208736 -0.331896 -0.128819
v 0.235964 -0.243196 0.209081
v -0.224236 -0.334996 -0.070719
v 0.269864 -0.236396 0.162081
v -0.229436 -0.335996 -0.010219
v 0.295064 -0.231396 0.108481
v -0.224236 -0.334996 0.050281
v 0.310564 -0.228296 0.050281
v -0.208736 -0.331896 0.108481
v 0.315764 -0.227196 -0.010219
v -0.183536 -0.326896 0.162081
v 0.310564 -0.228296 -0.070719
v -0.149636 -0.320096 0.209081
v 0.295064 -0.231396 -0.128819
v -0.108336 -0.311796 0.247581
v 0.269864 -0.236396 -0.182419
v -0.061236 -0.302396 0.276281
v -0.010036 -0.292196 -0.314319
v 0.235964 -0.243196 -0.229419
v 0.326164 -0.238796 0.124181
v 0.314864 -0.311896 0.124181
v 0.286364 -0.317596 0.184881
v 0.297564 -0.244496 0.184881
v -0.215636 -0.346896 -0.205219
v -0.244136 -0.352596 -0.144519
v 0.259264 -0.252096 0.237981
v -0.261736 -0.356096 -0.078619
v -0.267636 -0.357296 -0.010219
v -0.261736 -0.356096 0.058281
v 0.343664 -0.235296 0.058281
v -0.244136 -0.352596 0.124181
v 0.349664 -0.234096 -0.010219
v -0.215636 -0.346896 0.184881
v 0.343664 -0.235296 -0.078619
v -0.177236 -0.339196 0.237981
v 0.326164 -0.238796 -0.144519
v -0.130536 -0.329896 0.281681
v 0.297564 -0.244496 -0.205219
v -0.077136 -0.319196 0.314081
v -0.019236 -0.307696 -0.354419
v 0.040964 -0.295696 -0.361219
v 0.259264 -0.252096 -0.258419
v -0.019236 -0.307696 0.334081
v -0.077136 -0.319196 -0.334519
v 0.212464 -0.261496 -0.302019
v 0.040964 -0.295696 0.340881
v -0.130536 -0.329896 -0.302019
v 0.159064 -0.272096 -0.334519
v 0.101164 -0.283696 0.334081
v -0.177236 -0.339196 -0.258419
v 0.101164 -0.283696 -0.354419
v 0.332364 -0.308396 -0.078619
v 0.293664 -0.346596 -0.071119
v 0.298864 -0.345696 -0.010219
v 0.338364 -0.307196 -0.010219
v -0.273036 -0.429196 0.058281
v -0.278936 -0.430396 -0.010219
v 0.332364 -0.308396 0.058281
v -0.255436 -0.425696 0.124181
v -0.226936 -0.419996 0.184881
v -0.188536 -0.412396 0.237981
v 0.314864 -0.311896 -0.144519
v -0.141736 -0.402996 0.281681
v 0.286364 -0.317596 -0.205219
v -0.088436 -0.392396 0.314081
v 0.029664 -0.368796 -0.361219
v -0.030536 -0.380796 -0.354419
v 0.247964 -0.325296 -0.258419
v -0.030536 -0.380796 0.334081
v -0.088436 -0.392396 -0.334519
v 0.201164 -0.334596 -0.302019
v 0.029664 -0.368796 0.340881
v -0.141736 -0.402996 -0.302019
v 0.147764 -0.345196 -0.334519
v 0.089864 -0.356796 0.334081
v -0.188536 -0.412396 -0.258419
v 0.089864 -0.356796 -0.354419
v 0.147764 -0.345196 0.314081
v -0.226936 -0.419996 -0.205219
v 0.201164 -0.334596 0.281681
v -0.255436 -0.425696 -0.144519
v 0.247964 -0.325296 0.237981
v -0.273036 -0.429196 -0.078619
v 0.089864 -0.402896 0.334181
v 0.079564 -0.381596 0.295981
v 0.130664 -0.373296 0.278181
v 0.147364 -0.393496 0.314181
v -0.166336 -0.421896 0.210581
v -0.200236 -0.427396 0.163281
v 0.278164 -0.349096 -0.129619
v -0.125036 -0.415096 0.249381
v 0.252964 -0.353196 -0.183619
v -0.077936 -0.407396 0.278181
v -0.026836 -0.399096 -0.316319
v 0.026364 -0.390296 -0.322319
v 0.219064 -0.358796 -0.230919
v -0.026836 -0.399096 0.295981
v -0.077936 -0.407396 -0.298619
v 0.177764 -0.365596 -0.269719
v 0.026364 -0.390296 0.301981
v -0.125036 -0.415096 -0.269719
v 0.130664 -0.373296 -0.298619
v -0.166336 -0.421896 -0.230919
v 0.079564 -0.381596 -0.316319
v -0.200236 -0.427396 -0.183619
v 0.177764 -0.365596 0.249381
v -0.225436 -0.431596 -0.129619
v 0.219064 -0.358796 0.210581
v -0.240936 -0.434096 -0.071119
v 0.252964 -0.353196 0.163281
v -0.246136 -0.434996 -0.010219
v 0.278164 -0.349096 0.109281
v -0.240936 -0.434096 0.050681
v 0.293664 -0.346596 0.050681
v -0.225436 -0.431596 0.109281
v 0.255264 -0.428996 0.238081
v 0.246764 -0.377196 0.238081
v 0.284964 -0.370896 0.184881
v 0.293364 -0.422796 0.184881
v -0.224836 -0.454396 -0.205219
v -0.186736 -0.448196 -0.258519
v 0.030064 -0.412696 -0.361319
v 0.089864 -0.402896 -0.354619
v 0.200364 -0.384796 0.281781
v -0.253136 -0.459096 -0.144519
v -0.270636 -0.461896 -0.078719
v -0.276536 -0.462896 -0.010219
v 0.313264 -0.366296 0.124181
v -0.270636 -0.461896 0.058281
v 0.330664 -0.363396 0.058281
v -0.253136 -0.459096 0.124181
v 0.336564 -0.362496 -0.010219
v -0.224836 -0.454396 0.184881
v 0.330664 -0.363396 -0.078719
v -0.186736 -0.448196 0.238081
v 0.313264 -0.366296 -0.144519
v -0.140236 -0.440596 0.281781
v 0.284964 -0.370896 -0.205219
v -0.087236 -0.431896 0.314181
v -0.029736 -0.422496 -0.354619
v 0.246764 -0.377196 -0.258519
v -0.029736 -0.422496 0.334181
v -0.087236 -0.431896 -0.334619
v 0.200364 -0.384796 -0.302119
v 0.030064 -0.412696 0.340981
v -0.140236 -0.440596 -0.302119
v 0.147364 -0.393496 -0.334619
v 0.317164 -0.487396 0.051381
v 0.339164 -0.415296 0.058281
v 0.345064 -0.414296 -0.010219
v 0.322464 -0.487196 -0.010219
v -0.262136 -0.513796 -0.078719
v -0.268036 -0.514696 -0.010219
v 0.321764 -0.418096 0.124181
v -0.262136 -0.513796 0.058281
v -0.244736 -0.510896 0.124181
v -0.216336 -0.506296 0.184881
v 0.339164 -0.415296 -0.078719
v -0.178236 -0.499996 0.238081
v 0.321764 -0.418096 -0.144519
v -0.131836 -0.492396 0.281781
v 0.293364 -0.422796 -0.205219
v -0.078836 -0.483696 0.314181
v -0.021236 -0.474296 -0.354619
v 0.038564 -0.464496 -0.361319
v 0.255264 -0.428996 -0.258519
v -0.021236 -0.474296 0.334181
v -0.078836 -0.483696 -0.334619
v 0.208864 -0.436596 -0.302119
v 0.038564 -0.464496 0.340981
v -0.131836 -0.492396 -0.302119
v 0.155864 -0.445296 -0.334619
v 0.098364 -0.454696 0.334181
v -0.178236 -0.499996 -0.258519
v 0.098364 -0.454696 -0.354619
v 0.155864 -0.445296 0.314181
v -0.216336 -0.506296 -0.205219
v 0.208864 -0.436596 0.281781
v -0.244736 -0.510896 -0.144519
v -0.011036 -0.495596 -0.319719
v -0.063436 -0.496996 -0.301819
v -0.111636 -0.498196 -0.272619
v -0.153936 -0.499196 -0.233319
v -0.188736 -0.500096 -0.185519
v -0.214436 -0.500796 -0.130919
v -0.230336 -0.501196 -0.071719
v -0.235736 -0.501296 -0.010219
v -0.230336 -0.501196 0.051381
v -0.214436 -0.500796 0.110581
v -0.188736 -0.500096 0.165181
v -0.153936 -0.499196 0.212981
v -0.111636 -0.498196 0.252281
v -0.063436 -0.496996 0.281381
v -0.011036 -0.495596 0.299381
v 0.043364 -0.494296 0.305481
v 0.097864 -0.492896 0.299381
v 0.150164 -0.491596 0.281381
v 0.198464 -0.490396 0.252281
v 0.240764 -0.489296 0.212981
v 0.275464 -0.488396 0.165181
v 0.301264 -0.487796 0.110581
v 0.317164 -0.487396 -0.071719
v 0.301264 -0.487796 -0.130919
v 0.275464 -0.488396 -0.185519
v 0.240764 -0.489296 -0.233319
v 0.198464 -0.490396 -0.272619
v 0.150164 -0.491596 -0.301819
v 0.097864 -0.492896 -0.319719
v 0.043364 -0.494296 -0.325819
vn 0.3933 -0.9194 0.0001
vn 0.3933 -0.9194 -0.0000
vn 0.3931 -0.9195 0.0001
vn 0.3930 -0.9195 0.0001
vn 0.3934 -0.9194 -0.0001
vn 0.3934 -0.9194 -0.0000
vn 0.3931 -0.9195 -0.0000
vn 0.3930 -0.9195 -0.0001
vn 0.3935 -0.9193 0.0001
vn 0.3933 -0.9194 -0.0001
vn 0.3935 -0.9193 -0.0000
vn 0.1219 0.9915 -0.0461
vn 0.1218 0.9915 -0.0461
vn 0.1218 0.9915 -0.0460
vn 0.4571 0.1956 -0.8676
vn 0.4572 0.1961 -0.8675
vn 0.4572 0.1957 -0.8676
vn 0.4573 0.1956 -0.8676
vn 0.0965 0.0413 0.9945
vn 0.0964 0.0411 0.9945
vn 0.0965 0.0412 0.9945
vn -0.7297 -0.3125 0.6081
vn -0.7299 -0.3123 0.6080
vn -0.7297 -0.3125 0.6082
vn -0.7297 -0.3119 0.6085
vn 0.2840 0.1216 -0.9511
vn 0.2842 0.1215 -0.9510
vn 0.2839 0.1216 -0.9511
vn 0.2837 0.1217 -0.9512
vn 0.2839 0.1216 0.9511
vn 0.2839 0.1213 0.9512
vn 0.2840 0.1216 0.9511
vn 0.2840 0.1219 0.9510
vn -0.6072 -0.2600 0.7508
vn -0.6071 -0.2595 0.7511
vn -0.6072 -0.2601 0.7508
vn -0.6072 -0.2601 0.7507
vn 0.0965 0.0413 -0.9945
vn 0.0964 0.0414 -0.9945
vn 0.0966 0.0413 -0.9945
vn 0.4566 0.1956 0.8679
vn 0.4570 0.1955 0.8677
vn 0.4569 0.1955 0.8678
vn 0.4568 0.1954 0.8678
vn -0.4570 -0.1955 0.8677
vn -0.4570 -0.1954 0.8678
vn -0.0964 -0.0413 -0.9945
vn -0.0965 -0.0413 -0.9945
vn 0.6077 0.2598 0.7505
vn 0.6076 0.2598 0.7505
vn 0.6074 0.2598 0.7507
vn -0.2840 -0.1214 0.9511
vn -0.2841 -0.1217 0.9510
vn -0.2842 -0.1217 0.9510
vn -0.2842 -0.1216 0.9510
vn -0.2840 -0.1214 -0.9511
vn -0.2843 -0.1213 -0.9510
vn -0.2838 -0.1216 -0.9512
vn 0.7298 0.3122 0.6082
vn 0.7299 0.3123 0.6080
vn -0.0964 -0.0413 0.9945
vn -0.4570 -0.1955 -0.8677
vn -0.4571 -0.1955 -0.8677
vn 0.8227 0.3524 0.4461
vn 0.8229 0.3520 0.4460
vn 0.8228 0.3523 0.4461
vn 0.8227 0.3521 0.4463
vn -0.6072 -0.2598 -0.7509
vn -0.6071 -0.2598 -0.7509
vn 0.8846 0.3786 0.2724
vn 0.8846 0.3785 0.2724
vn 0.8845 0.3787 0.2725
vn -0.7299 -0.3124 -0.6079
vn -0.7299 -0.3123 -0.6080
vn -0.7299 -0.3124 -0.6080
vn 0.9156 0.3917 0.0915
vn 0.9155 0.3918 0.0915
vn 0.9155 0.3917 0.0915
vn -0.8227 -0.3517 -0.4466
vn -0.8227 -0.3521 -0.4463
vn 0.9156 0.3916 -0.0915
vn 0.9156 0.3917 -0.0915
vn 0.9155 0.3917 -0.0915
vn -0.8846 -0.3785 -0.2724
vn -0.8846 -0.3786 -0.2724
vn -0.8846 -0.3784 -0.2725
vn 0.8847 0.3784 -0.2724
vn 0.8846 0.3785 -0.2724
vn 0.8847 0.3783 -0.2724
vn -0.9156 -0.3915 -0.0918
vn -0.9155 -0.3917 -0.0915
vn -0.9156 -0.3915 -0.0919
vn -0.9155 -0.3917 -0.0917
vn 0.8228 0.3523 -0.4461
vn 0.8229 0.3520 -0.4461
vn 0.8228 0.3520 -0.4462
vn 0.8227 0.3520 -0.4463
vn -0.9156 -0.3915 0.0918
vn -0.9156 -0.3915 0.0916
vn -0.9156 -0.3915 0.0919
vn -0.9155 -0.3917 0.0915
vn 0.7301 0.3121 -0.6079
vn -0.8847 -0.3783 0.2724
vn -0.8848 -0.3782 0.2723
vn -0.8847 -0.3784 0.2723
vn -0.8846 -0.3784 0.2725
vn 0.6072 0.2598 -0.7509
vn 0.6071 0.2597 -0.7510
vn -0.8227 -0.3517 0.4466
vn -0.8227 -0.3521 0.4463
vn 0.6235 -0.7524 -0.2123
vn 0.6235 -0.7524 -0.2124
vn 0.6235 -0.7524 -0.2122
vn -0.7844 0.6049 -0.1368
vn -0.7844 0.6050 -0.1368
vn -0.7845 0.6048 -0.1368
vn 0.1042 0.9851 -0.1368
vn -0.8012 0.5966 -0.0461
vn -0.8012 0.5967 -0.0461
vn -0.8011 0.5967 -0.0461
vn 0.0695 0.9724 -0.2226
vn -0.8011 0.5967 0.0461
vn -0.8012 0.5966 0.0461
vn -0.8010 0.5969 0.0461
vn 0.0190 0.9535 -0.3006
vn 0.0188 0.9535 -0.3008
vn 0.0190 0.9536 -0.3006
vn 0.0190 0.9536 -0.3005
vn -0.7846 0.6048 0.1368
vn -0.7845 0.6048 0.1368
vn -0.7844 0.6050 0.1369
vn -0.7844 0.6049 0.1368
vn -0.0460 0.9289 -0.3674
vn -0.0460 0.9289 -0.3673
vn -0.0460 0.9290 -0.3672
vn -0.7513 0.6213 0.2226
vn -0.7513 0.6212 0.2226
vn -0.1227 0.8990 -0.4204
vn -0.1226 0.8990 -0.4204
vn -0.2991 0.8268 0.4764
vn -0.2991 0.8269 0.4761
vn -0.2989 0.8270 0.4762
vn -0.2990 0.8268 0.4764
vn -0.7028 0.6447 0.3007
vn -0.7025 0.6451 0.3006
vn -0.7026 0.6449 0.3006
vn -0.7027 0.6449 0.3005
vn -0.2082 0.8646 -0.4574
vn -0.2083 0.8646 -0.4572
vn -0.2083 0.8646 -0.4573
vn -0.2082 0.8645 -0.4575
vn -0.2084 0.8647 0.4571
vn -0.2083 0.8646 0.4573
vn -0.2085 0.8646 0.4572
vn -0.2085 0.8647 0.4570
vn -0.6402 0.6747 0.3674
vn -0.6401 0.6747 0.3674
vn -0.6402 0.6746 0.3676
vn -0.6403 0.6747 0.3672
vn -0.2991 0.8269 -0.4762
vn -0.1222 0.8991 0.4203
vn -0.1222 0.8992 0.4201
vn -0.1225 0.8991 0.4202
vn -0.1226 0.8990 0.4205
vn -0.5655 0.7096 0.4204
vn -0.5655 0.7095 0.4204
vn -0.3915 0.7876 -0.4759
vn -0.3915 0.7875 -0.4761
vn -0.0457 0.9289 0.3675
vn -0.0457 0.9289 0.3676
vn -0.0458 0.9289 0.3674
vn -0.0462 0.9289 0.3676
vn -0.4815 0.7477 0.4573
vn -0.4814 0.7478 0.4573
vn -0.4816 0.7477 0.4572
vn -0.4815 0.7477 -0.4573
vn -0.4816 0.7477 -0.4572
vn -0.4815 0.7477 -0.4572
vn 0.0190 0.9535 0.3007
vn 0.0189 0.9536 0.3006
vn 0.0190 0.9535 0.3008
vn -0.3915 0.7873 0.4764
vn -0.3914 0.7873 0.4765
vn -0.3914 0.7873 0.4764
vn -0.3915 0.7873 0.4763
vn -0.5655 0.7095 -0.4204
vn -0.5655 0.7096 -0.4204
vn 0.0696 0.9724 0.2226
vn 0.0695 0.9724 0.2226
vn 0.0697 0.9724 0.2226
vn -0.6401 0.6748 -0.3673
vn -0.6401 0.6748 -0.3674
vn -0.6401 0.6747 -0.3675
vn 0.1041 0.9851 0.1368
vn 0.1042 0.9851 0.1368
vn -0.7027 0.6449 -0.3005
vn -0.7028 0.6448 -0.3005
vn 0.1218 0.9915 0.0461
vn 0.1218 0.9915 0.0460
vn -0.7513 0.6213 -0.2226
vn 0.2841 0.1215 -0.9511
vn 0.2840 0.1214 -0.9511
vn 0.2840 0.1215 -0.9511
vn 0.0526 -0.9939 0.0970
vn 0.0527 -0.9939 0.0969
vn 0.0528 -0.9939 0.0969
vn 0.5787 -0.7732 -0.2593
vn 0.5785 -0.7735 -0.2590
vn 0.5787 -0.7732 -0.2592
vn 0.0776 -0.9844 0.1576
vn 0.0776 -0.9845 0.1576
vn 0.0776 -0.9845 0.1575
vn 0.5257 -0.7974 -0.2962
vn 0.5257 -0.7974 -0.2963
vn 0.5257 -0.7975 -0.2962
vn 0.4029 -0.8518 0.3349
vn 0.4029 -0.8518 0.3348
vn 0.4029 -0.8518 0.3350
vn 0.1136 -0.9706 0.2124
vn 0.1134 -0.9706 0.2124
vn 0.1135 -0.9706 0.2124
vn 0.4663 -0.8240 -0.3218
vn 0.4663 -0.8240 -0.3217
vn 0.4664 -0.8240 -0.3219
vn 0.4664 -0.8240 0.3218
vn 0.4663 -0.8240 0.3217
vn 0.1596 -0.9525 0.2593
vn 0.1594 -0.9525 0.2593
vn 0.1596 -0.9525 0.2592
vn 0.4025 -0.8519 -0.3351
vn 0.4029 -0.8518 -0.3348
vn 0.4029 -0.8518 -0.3349
vn 0.4028 -0.8518 -0.3350
vn 0.5257 -0.7974 0.2963
vn 0.5257 -0.7974 0.2964
vn 0.2138 -0.9309 0.2962
vn 0.2140 -0.9309 0.2962
vn 0.2139 -0.9309 0.2962
vn 0.3379 -0.8796 -0.3349
vn 0.3379 -0.8796 -0.3348
vn 0.3381 -0.8796 -0.3347
vn 0.3379 -0.8795 -0.3350
vn 0.5786 -0.7733 0.2593
vn 0.5788 -0.7732 0.2592
vn 0.5787 -0.7732 0.2592
vn 0.2740 -0.9063 0.3217
vn 0.2740 -0.9063 -0.3218
vn 0.2740 -0.9064 -0.3217
vn 0.2740 -0.9063 -0.3219
vn 0.6235 -0.7524 0.2124
vn 0.3380 -0.8796 0.3348
vn 0.3379 -0.8796 0.3348
vn 0.3379 -0.8796 0.3349
vn 0.3381 -0.8796 0.3348
vn 0.2138 -0.9309 -0.2962
vn 0.2139 -0.9309 -0.2961
vn 0.6585 -0.7359 0.1576
vn 0.1595 -0.9526 -0.2591
vn 0.1593 -0.9526 -0.2592
vn 0.1596 -0.9526 -0.2592
vn 0.1596 -0.9525 -0.2592
vn 0.6824 -0.7245 0.0969
vn 0.1135 -0.9706 -0.2124
vn 0.1136 -0.9706 -0.2124
vn 0.1135 -0.9705 -0.2125
vn 0.1136 -0.9706 -0.2123
vn 0.6945 -0.7187 0.0327
vn 0.6946 -0.7187 0.0327
vn 0.0776 -0.9845 -0.1576
vn 0.0776 -0.9844 -0.1576
vn 0.0775 -0.9845 -0.1576
vn 0.0774 -0.9845 -0.1576
vn 0.6947 -0.7186 -0.0327
vn 0.6948 -0.7185 -0.0327
vn 0.6946 -0.7186 -0.0327
vn 0.6946 -0.7187 -0.0327
vn 0.0529 -0.9939 -0.0969
vn 0.0528 -0.9939 -0.0969
vn 0.6824 -0.7245 -0.0969
vn 0.6825 -0.7245 -0.0967
vn 0.6825 -0.7244 -0.0969
vn 0.0399 -0.9987 -0.0327
vn 0.0402 -0.9987 -0.0327
vn 0.6585 -0.7359 -0.1576
vn 0.0402 -0.9987 0.0327
vn 0.0403 -0.9987 0.0328
vn -0.4812 0.7505 -0.4530
vn -0.4814 0.7503 -0.4532
vn -0.4813 0.7504 -0.4530
vn 0.2841 0.1215 0.9511
vn 0.2837 0.1214 0.9512
vn 0.2842 0.1216 0.9510
vn 0.2840 0.1214 0.9511
vn -0.6071 -0.2597 0.7510
vn -0.6072 -0.2598 0.7509
vn -0.6072 -0.2598 0.7508
vn 0.0968 0.0414 -0.9944
vn 0.0968 0.0413 -0.9944
vn 0.4571 0.1955 0.8677
vn 0.4575 0.1956 0.8675
vn 0.4575 0.1957 0.8674
vn -0.4575 -0.1956 0.8675
vn -0.4573 -0.1956 0.8675
vn -0.4572 -0.1955 0.8676
vn -0.4573 -0.1955 0.8675
vn -0.0962 -0.0413 -0.9945
vn -0.0963 -0.0412 -0.9945
vn -0.0964 -0.0412 -0.9945
vn 0.6071 0.2596 0.7510
vn 0.6072 0.2598 0.7509
vn 0.6069 0.2593 0.7513
vn -0.2841 -0.1215 0.9511
vn -0.2840 -0.1215 -0.9511
vn -0.2842 -0.1216 -0.9510
vn 0.7299 0.3121 0.6081
vn 0.7300 0.3123 0.6079
vn 0.7300 0.3121 0.6081
vn 0.7299 0.3119 0.6083
vn -0.0965 -0.0413 0.9945
vn -0.0961 -0.0412 0.9945
vn -0.0963 -0.0412 0.9945
vn -0.4572 -0.1955 -0.8676
vn 0.8228 0.3521 0.4462
vn 0.8227 0.3520 0.4463
vn 0.8228 0.3520 0.4463
vn -0.6071 -0.2597 -0.7510
vn -0.6070 -0.2596 -0.7511
vn 0.8846 0.3785 0.2725
vn 0.8846 0.3784 0.2726
vn 0.8845 0.3787 0.2723
vn 0.8847 0.3783 0.2725
vn -0.7300 -0.3121 -0.6081
vn -0.7300 -0.3123 -0.6079
vn -0.7299 -0.3121 -0.6081
vn -0.7299 -0.3125 -0.6080
vn 0.9155 0.3917 0.0916
vn -0.8227 -0.3519 -0.4464
vn -0.8227 -0.3520 -0.4463
vn -0.8228 -0.3520 -0.4463
vn -0.8845 -0.3788 -0.2723
vn -0.8845 -0.3791 -0.2720
vn -0.8845 -0.3787 -0.2723
vn -0.8846 -0.3784 -0.2726
vn 0.8845 0.3788 -0.2723
vn 0.8847 0.3785 -0.2720
vn 0.8845 0.3787 -0.2723
vn 0.8227 0.3520 -0.4464
vn 0.8228 0.3520 -0.4463
vn 0.8228 0.3526 -0.4457
vn -0.9155 -0.3918 0.0912
vn -0.9155 -0.3917 0.0916
vn -0.9155 -0.3918 0.0913
vn -0.9155 -0.3919 0.0910
vn 0.7300 0.3121 -0.6081
vn 0.7298 0.3122 -0.6083
vn 0.7299 0.3121 -0.6081
vn 0.7299 0.3123 -0.6080
vn -0.8845 -0.3787 0.2723
vn -0.8847 -0.3785 0.2720
vn -0.8845 -0.3788 0.2723
vn -0.8843 -0.3790 0.2726
vn 0.6070 0.2596 -0.7511
vn -0.8228 -0.3523 0.4460
vn -0.8227 -0.3520 0.4463
vn -0.8226 -0.3525 0.4463
vn 0.4571 0.1955 -0.8677
vn 0.4570 0.1955 -0.8677
vn 0.0968 0.0414 0.9944
vn 0.0968 0.0413 0.9944
vn -0.7299 -0.3124 0.6080
vn -0.7299 -0.3121 0.6081
vn -0.7298 -0.3122 0.6083
vn -0.0840 -0.9362 -0.3414
vn -0.0843 -0.9362 -0.3413
vn -0.0840 -0.9361 -0.3414
vn 0.0149 0.9546 0.2976
vn 0.0148 0.9546 0.2974
vn 0.0148 0.9545 0.2978
vn 0.0146 0.9545 0.2978
vn -0.3921 0.7898 0.4717
vn -0.3921 0.7897 0.4719
vn -0.3920 0.7898 0.4718
vn -0.3920 0.7898 0.4717
vn -0.5645 0.7127 -0.4165
vn -0.5644 0.7127 -0.4165
vn -0.5646 0.7125 -0.4167
vn -0.5646 0.7125 -0.4166
vn 0.0649 0.9732 0.2207
vn 0.0648 0.9732 0.2205
vn 0.0649 0.9732 0.2205
vn -0.6384 0.6782 -0.3640
vn -0.6383 0.6782 -0.3642
vn 0.0990 0.9858 0.1357
vn 0.0991 0.9858 0.1355
vn 0.0991 0.9858 0.1356
vn 0.0992 0.9858 0.1356
vn -0.7004 0.6486 -0.2977
vn -0.7004 0.6487 -0.2978
vn -0.7004 0.6486 -0.2978
vn 0.1166 0.9921 0.0460
vn 0.1166 0.9921 0.0459
vn 0.1166 0.9921 0.0456
vn -0.7486 0.6252 -0.2205
vn -0.7486 0.6252 -0.2206
vn 0.1166 0.9921 -0.0459
vn 0.1167 0.9921 -0.0459
vn 0.1167 0.9921 -0.0456
vn -0.7815 0.6090 -0.1356
vn -0.7815 0.6089 -0.1356
vn -0.7814 0.6091 -0.1355
vn 0.0992 0.9858 -0.1355
vn 0.0991 0.9858 -0.1356
vn -0.7981 0.6007 -0.0457
vn -0.7981 0.6008 -0.0457
vn -0.7982 0.6006 -0.0457
vn 0.0649 0.9732 -0.2207
vn 0.0648 0.9732 -0.2206
vn 0.0650 0.9732 -0.2206
vn 0.0649 0.9731 -0.2209
vn -0.7984 0.6004 0.0456
vn -0.7981 0.6008 0.0457
vn -0.7984 0.6003 0.0456
vn 0.0146 0.9545 -0.2978
vn -0.7815 0.6091 0.1356
vn -0.7814 0.6091 0.1355
vn -0.7814 0.6091 0.1356
vn -0.7815 0.6090 0.1356
vn -0.0497 0.9301 -0.3640
vn -0.0498 0.9301 -0.3639
vn -0.7486 0.6251 0.2211
vn -0.7486 0.6253 0.2206
vn -0.7485 0.6253 0.2208
vn -0.1258 0.9004 -0.4165
vn -0.1257 0.9004 -0.4165
vn -0.1258 0.9004 -0.4164
vn -0.3004 0.8290 0.4717
vn -0.3005 0.8290 0.4717
vn -0.7004 0.6487 0.2977
vn -0.7004 0.6486 0.2978
vn -0.7007 0.6484 0.2976
vn -0.7004 0.6487 0.2976
vn -0.2105 0.8663 -0.4530
vn -0.2103 0.8663 -0.4531
vn -0.2103 0.8663 -0.4532
vn -0.2104 0.8662 0.4533
vn -0.2105 0.8662 0.4533
vn -0.2104 0.8664 0.4529
vn -0.2105 0.8663 0.4529
vn -0.6384 0.6781 0.3643
vn -0.6384 0.6781 0.3641
vn -0.6383 0.6782 0.3642
vn -0.6383 0.6783 0.3641
vn -0.3005 0.8290 -0.4717
vn -0.1255 0.9004 0.4165
vn -0.1257 0.9004 0.4165
vn -0.1258 0.9004 0.4164
vn -0.5644 0.7127 0.4166
vn -0.5644 0.7127 0.4165
vn -0.5644 0.7126 0.4166
vn -0.5645 0.7125 0.4167
vn -0.3918 0.7898 -0.4720
vn -0.3917 0.7898 -0.4720
vn -0.3918 0.7898 -0.4719
vn -0.0498 0.9301 0.3639
vn -0.0501 0.9301 0.3639
vn -0.0498 0.9301 0.3640
vn -0.0497 0.9301 0.3639
vn -0.4812 0.7504 0.4531
vn -0.4812 0.7505 0.4530
vn -0.9155 -0.3918 -0.0915
vn -0.9156 -0.3917 -0.0915
vn 0.8459 -0.5308 0.0523
vn 0.8458 -0.5309 0.0522
vn 0.8458 -0.5309 0.0523
vn -0.1415 -0.9572 -0.2526
vn -0.1415 -0.9571 -0.2527
vn 0.8459 -0.5308 -0.0523
vn 0.8459 -0.5307 -0.0523
vn 0.8460 -0.5307 -0.0523
vn -0.1804 -0.9713 -0.1552
vn -0.1804 -0.9713 -0.1551
vn -0.1807 -0.9712 -0.1553
vn -0.1805 -0.9713 -0.1551
vn 0.8272 -0.5401 -0.1551
vn -0.2005 -0.9783 -0.0523
vn -0.2004 -0.9783 -0.0523
vn -0.2005 -0.9783 -0.0524
vn 0.7899 -0.5587 -0.2527
vn 0.7899 -0.5588 -0.2526
vn -0.2009 -0.9782 0.0527
vn -0.2006 -0.9783 0.0524
vn -0.2009 -0.9782 0.0526
vn -0.2008 -0.9782 0.0525
vn 0.7353 -0.5856 -0.3413
vn 0.7353 -0.5855 -0.3413
vn 0.7351 -0.5859 -0.3411
vn -0.1808 -0.9711 0.1555
vn -0.1805 -0.9713 0.1551
vn -0.1806 -0.9712 0.1552
vn 0.6645 -0.6196 -0.4177
vn 0.6644 -0.6197 -0.4177
vn 0.6645 -0.6197 -0.4176
vn 0.6645 -0.6198 -0.4175
vn -0.1415 -0.9572 0.2524
vn -0.1415 -0.9572 0.2527
vn -0.1415 -0.9572 0.2526
vn -0.1415 -0.9572 0.2525
vn 0.5799 -0.6594 -0.4785
vn 0.5799 -0.6593 -0.4785
vn 0.5796 -0.6595 -0.4787
vn 0.5800 -0.6593 -0.4784
vn 0.3822 -0.7481 0.5424
vn 0.3823 -0.7481 0.5424
vn 0.3823 -0.7482 0.5423
vn 0.3821 -0.7483 0.5423
vn -0.0842 -0.9361 0.3414
vn -0.0841 -0.9362 0.3413
vn -0.0842 -0.9361 0.3415
vn 0.4848 -0.7027 -0.5207
vn 0.4848 -0.7028 -0.5206
vn 0.4847 -0.7028 -0.5207
vn 0.4849 -0.7027 0.5207
vn 0.4850 -0.7026 0.5207
vn 0.4848 -0.7028 0.5207
vn -0.0108 -0.9084 0.4179
vn -0.0106 -0.9084 0.4179
vn -0.0107 -0.9084 0.4179
vn -0.0108 -0.9085 0.4177
vn 0.3824 -0.7479 -0.5426
vn 0.3826 -0.7480 -0.5423
vn 0.3824 -0.7480 -0.5425
vn 0.3823 -0.7482 -0.5423
vn 0.5800 -0.6593 0.4784
vn 0.5801 -0.6592 0.4785
vn 0.5801 -0.6593 0.4784
vn 0.0764 -0.8748 0.4784
vn 0.0762 -0.8748 0.4784
vn 0.0758 -0.8749 0.4784
vn 0.0763 -0.8748 0.4784
vn 0.2771 -0.7931 -0.5424
vn 0.2770 -0.7932 -0.5423
vn 0.2771 -0.7932 -0.5422
vn 0.6645 -0.6196 0.4177
vn 0.6644 -0.6194 0.4182
vn 0.6646 -0.6195 0.4178
vn 0.6646 -0.6196 0.4177
vn 0.1737 -0.8360 0.5206
vn 0.1737 -0.8359 0.5206
vn 0.1737 -0.8360 -0.5206
vn 0.1738 -0.8360 -0.5205
vn 0.1737 -0.8359 -0.5206
vn 0.7353 -0.5855 0.3413
vn 0.2772 -0.7932 0.5423
vn 0.2773 -0.7932 0.5422
vn 0.2772 -0.7931 0.5423
vn 0.0762 -0.8748 -0.4785
vn 0.0762 -0.8748 -0.4784
vn 0.7899 -0.5587 0.2527
vn 0.7898 -0.5588 0.2527
vn 0.7901 -0.5585 0.2525
vn 0.7900 -0.5586 0.2527
vn -0.0106 -0.9086 -0.4175
vn -0.0103 -0.9087 -0.4174
vn -0.0107 -0.9086 -0.4175
vn -0.0109 -0.9086 -0.4175
vn 0.8272 -0.5401 0.1551
vn -0.7937 0.5491 0.2618
vn -0.7937 0.5491 0.2617
vn 0.8226 0.3521 -0.4464
vn 0.8228 0.3519 -0.4463
vn -0.9156 -0.3916 0.0914
vn -0.9156 -0.3916 0.0915
vn -0.9156 -0.3917 0.0915
vn 0.7300 0.3125 -0.6079
vn 0.7300 0.3124 -0.6079
vn 0.7299 0.3122 -0.6081
vn -0.8846 -0.3785 0.2724
vn -0.8846 -0.3784 0.2724
vn -0.8227 -0.3520 0.4464
vn -0.8226 -0.3522 0.4465
vn -0.8226 -0.3521 0.4464
vn -0.8228 -0.3518 0.4463
vn 0.4569 0.1954 -0.8678
vn 0.4569 0.1955 -0.8678
vn 0.4570 0.1952 -0.8678
vn 0.0966 0.0414 0.9945
vn 0.0964 0.0413 0.9945
vn 0.0966 0.0413 0.9945
vn -0.7300 -0.3123 0.6079
vn -0.7301 -0.3123 0.6078
vn -0.7300 -0.3124 0.6078
vn 0.2843 0.1220 -0.9509
vn 0.2842 0.1214 -0.9511
vn 0.2842 0.1216 -0.9510
vn 0.2843 0.1220 0.9509
vn -0.6070 -0.2596 0.7511
vn 0.0966 0.0414 -0.9945
vn 0.4570 0.1956 0.8677
vn 0.4567 0.1959 0.8678
vn -0.4568 -0.1954 0.8679
vn -0.4567 -0.1954 0.8679
vn -0.4569 -0.1955 0.8678
vn -0.0966 -0.0413 -0.9945
vn -0.0966 -0.0414 -0.9945
vn -0.2844 -0.1218 0.9509
vn -0.2844 -0.1218 -0.9509
vn -0.2842 -0.1215 -0.9510
vn -0.0969 -0.0415 0.9944
vn -0.0965 -0.0414 0.9945
vn -0.4569 -0.1955 -0.8678
vn 0.8226 0.3521 0.4464
vn 0.8227 0.3522 0.4463
vn 0.8226 0.3522 0.4464
vn 0.8227 0.3521 0.4464
vn -0.6074 -0.2597 -0.7507
vn 0.8846 0.3783 0.2725
vn -0.7300 -0.3124 -0.6079
vn 0.9156 0.3916 0.0914
vn 0.9155 0.3918 0.0916
vn 0.9156 0.3915 0.0913
vn -0.8226 -0.3521 -0.4464
vn -0.8226 -0.3522 -0.4464
vn 0.9156 0.3916 -0.0914
vn 0.9156 0.3915 -0.0914
vn 0.8845 0.3789 -0.2722
vn -0.0604 -0.9912 -0.1181
vn -0.0605 -0.9911 -0.1182
vn -0.0603 -0.9911 -0.1183
vn -0.1661 0.9238 -0.3449
vn -0.2969 0.8454 0.4440
vn -0.7313 0.5873 0.3468
vn -0.7313 0.5873 0.3469
vn -0.2244 0.8884 -0.4004
vn -0.2246 0.8884 -0.4004
vn -0.2244 0.8885 0.4004
vn -0.2244 0.8884 0.4004
vn -0.6536 0.6344 0.4128
vn -0.6535 0.6342 0.4131
vn -0.2970 0.8454 -0.4440
vn -0.2969 0.8454 -0.4440
vn -0.1661 0.9238 0.3449
vn -0.1661 0.9238 0.3450
vn -0.5654 0.6871 0.4564
vn -0.5653 0.6872 0.4563
vn -0.3811 0.7960 -0.4704
vn -0.3810 0.7960 -0.4704
vn -0.1223 0.9514 0.2825
vn -0.1222 0.9514 0.2825
vn -0.4723 0.7422 0.4754
vn -0.4722 0.7423 0.4754
vn -0.4723 0.7422 -0.4755
vn -0.4723 0.7422 -0.4754
vn -0.4724 0.7422 -0.4753
vn -0.0919 0.9717 0.2177
vn -0.3810 0.7960 0.4704
vn -0.5652 0.6872 -0.4564
vn -0.5653 0.6872 -0.4563
vn -0.0725 0.9855 0.1533
vn -0.0725 0.9855 0.1534
vn -0.6536 0.6344 -0.4128
vn -0.6537 0.6342 -0.4128
vn -0.0615 0.9940 0.0908
vn -0.7313 0.5873 -0.3468
vn -0.7314 0.5872 -0.3468
vn -0.0566 0.9979 0.0300
vn -0.7937 0.5491 -0.2617
vn -0.7937 0.5491 -0.2618
vn -0.7936 0.5492 -0.2618
vn -0.0566 0.9979 -0.0300
vn -0.0565 0.9979 -0.0300
vn -0.8371 0.5223 -0.1627
vn -0.8371 0.5223 -0.1628
vn -0.8372 0.5222 -0.1628
vn -0.0615 0.9940 -0.0908
vn -0.8592 0.5086 -0.0553
vn -0.8593 0.5085 -0.0554
vn -0.8593 0.5085 -0.0552
vn -0.0724 0.9855 -0.1534
vn -0.0725 0.9855 -0.1534
vn -0.0726 0.9855 -0.1534
vn -0.8594 0.5084 0.0551
vn -0.8595 0.5082 0.0549
vn -0.8594 0.5083 0.0550
vn -0.8593 0.5085 0.0552
vn -0.0919 0.9717 -0.2177
vn -0.8371 0.5222 0.1627
vn -0.8371 0.5223 0.1628
vn -0.8372 0.5222 0.1627
vn -0.1223 0.9514 -0.2826
vn -0.1223 0.9514 -0.2825
vn -0.9155 -0.2968 0.2717
vn -0.9155 -0.2967 0.2717
vn 0.7042 -0.7009 -0.1132
vn 0.7042 -0.7010 -0.1131
vn 0.7042 -0.7009 -0.1131
vn 0.7042 -0.7010 -0.1130
vn -0.0766 -0.9963 -0.0401
vn -0.0763 -0.9963 -0.0399
vn -0.0764 -0.9963 -0.0399
vn 0.6766 -0.7129 -0.1842
vn 0.6766 -0.7130 -0.1841
vn 0.6765 -0.7130 -0.1842
vn -0.0765 -0.9963 0.0398
vn -0.0764 -0.9963 0.0399
vn 0.6359 -0.7304 -0.2491
vn 0.6359 -0.7303 -0.2494
vn 0.6359 -0.7305 -0.2491
vn -0.0601 -0.9912 0.1181
vn -0.0604 -0.9912 0.1181
vn -0.0604 -0.9911 0.1184
vn -0.0605 -0.9911 0.1182
vn 0.5836 -0.7525 -0.3054
vn 0.5835 -0.7525 -0.3053
vn 0.5835 -0.7526 -0.3051
vn -0.0293 -0.9810 0.1920
vn 0.5207 -0.7785 -0.3504
vn 0.5208 -0.7785 -0.3502
vn 0.5207 -0.7786 -0.3502
vn 0.5208 -0.7785 -0.3503
vn 0.3735 -0.8371 0.3996
vn 0.3735 -0.8372 0.3996
vn 0.3734 -0.8371 0.3997
vn 0.0162 -0.9659 0.2584
vn 0.0161 -0.9659 0.2583
vn 0.0162 -0.9659 0.2585
vn 0.0160 -0.9659 0.2584
vn 0.4500 -0.8071 -0.3821
vn 0.4501 -0.8072 -0.3818
vn 0.4502 -0.8072 -0.3817
vn 0.4499 -0.8071 0.3822
vn 0.4501 -0.8070 0.3823
vn 0.4500 -0.8072 0.3822
vn 0.4499 -0.8072 0.3822
vn 0.0739 -0.9464 0.3145
vn 0.0737 -0.9464 0.3144
vn 0.0737 -0.9465 0.3143
vn 0.0736 -0.9464 0.3144
vn 0.3734 -0.8371 -0.3999
vn 0.3734 -0.8371 -0.3998
vn 0.3734 -0.8370 -0.4000
vn 0.3733 -0.8371 -0.3998
vn 0.5208 -0.7786 0.3501
vn 0.5212 -0.7781 0.3505
vn 0.5209 -0.7785 0.3502
vn 0.5208 -0.7785 0.3504
vn 0.1413 -0.9230 0.3580
vn 0.1412 -0.9229 0.3581
vn 0.1414 -0.9230 0.3579
vn 0.2942 -0.8672 -0.4017
vn 0.2943 -0.8672 -0.4016
vn 0.2943 -0.8673 -0.4015
vn 0.5835 -0.7525 0.3053
vn 0.5835 -0.7526 0.3052
vn 0.2158 -0.8962 0.3877
vn 0.2158 -0.8962 0.3876
vn 0.2158 -0.8961 0.3877
vn 0.2158 -0.8960 0.3880
vn 0.2158 -0.8962 -0.3876
vn 0.2157 -0.8963 -0.3876
vn 0.2156 -0.8964 -0.3872
vn 0.2158 -0.8964 -0.3871
vn 0.6359 -0.7305 0.2490
vn 0.6359 -0.7305 0.2491
vn 0.6359 -0.7305 0.2489
vn 0.2945 -0.8671 0.4017
vn 0.2943 -0.8672 0.4016
vn 0.1412 -0.9229 -0.3582
vn 0.1411 -0.9229 -0.3583
vn 0.1412 -0.9228 -0.3585
vn 0.1414 -0.9229 -0.3582
vn 0.6766 -0.7130 0.1841
vn 0.6766 -0.7129 0.1842
vn 0.6762 -0.7133 0.1842
vn 0.6765 -0.7130 0.1842
vn 0.0738 -0.9464 -0.3143
vn 0.0737 -0.9464 -0.3144
vn 0.0738 -0.9465 -0.3143
vn 0.7042 -0.7009 0.1131
vn 0.7042 -0.7009 0.1132
vn 0.7042 -0.7010 0.1131
vn 0.0160 -0.9659 -0.2585
vn 0.0157 -0.9658 -0.2589
vn 0.0160 -0.9659 -0.2584
vn 0.0161 -0.9659 -0.2584
vn 0.7181 -0.6949 0.0381
vn 0.7180 -0.6950 0.0382
vn 0.7182 -0.6948 0.0380
vn -0.0295 -0.9810 -0.1920
vn -0.0293 -0.9810 -0.1920
vn -0.0294 -0.9810 -0.1920
vn 0.7182 -0.6948 -0.0380
vn 0.7183 -0.6947 -0.0379
vn 0.7180 -0.6950 -0.0381
vn -0.6444 0.6291 0.4347
vn 0.6292 0.2039 -0.7500
vn -0.8518 -0.2760 0.4454
vn -0.8518 -0.2759 0.4453
vn -0.8516 -0.2761 0.4457
vn -0.8517 -0.2760 0.4454
vn 0.4738 0.1537 -0.8671
vn 0.4737 0.1537 -0.8672
vn 0.4738 0.1536 -0.8671
vn 0.1001 0.0324 0.9945
vn 0.1000 0.0324 0.9945
vn 0.1001 0.0324 0.9944
vn -0.7560 -0.2449 0.6070
vn -0.7560 -0.2450 0.6070
vn 0.2946 0.0956 -0.9508
vn 0.2945 0.0956 -0.9509
vn 0.2944 0.0956 -0.9509
vn 0.2949 0.0957 0.9507
vn 0.2948 0.0956 0.9508
vn -0.6289 -0.2044 0.7502
vn -0.6291 -0.2040 0.7500
vn 0.1003 0.0325 -0.9944
vn 0.1003 0.0326 -0.9944
vn 0.1004 0.0325 -0.9944
vn 0.4738 0.1537 0.8671
vn 0.4738 0.1536 0.8672
vn 0.4739 0.1537 0.8671
vn -0.4738 -0.1537 0.8671
vn -0.4738 -0.1536 0.8671
vn -0.1003 -0.0325 -0.9944
vn -0.1003 -0.0326 -0.9944
vn -0.1004 -0.0325 -0.9944
vn 0.6292 0.2039 0.7500
vn -0.2949 -0.0955 0.9508
vn -0.2951 -0.0955 0.9507
vn -0.2951 -0.0957 0.9507
vn -0.2946 -0.0956 0.9508
vn -0.2947 -0.0956 -0.9508
vn -0.2948 -0.0956 -0.9508
vn -0.2946 -0.0956 -0.9508
vn 0.7560 0.2450 0.6070
vn -0.1001 -0.0324 0.9944
vn -0.1001 -0.0324 0.9945
vn -0.4738 -0.1534 -0.8672
vn -0.4738 -0.1536 -0.8671
vn -0.4738 -0.1537 -0.8671
vn 0.8517 0.2760 0.4454
vn 0.8516 0.2765 0.4453
vn 0.8516 0.2760 0.4457
vn 0.8516 0.2759 0.4456
vn -0.6292 -0.2039 -0.7500
vn 0.9155 0.2968 0.2717
vn 0.9155 0.2967 0.2717
vn 0.9155 0.2966 0.2719
vn -0.7559 -0.2450 -0.6071
vn -0.7560 -0.2451 -0.6069
vn -0.7559 -0.2451 -0.6071
vn -0.7560 -0.2450 -0.6070
vn 0.9472 0.3072 0.0914
vn 0.9473 0.3070 0.0913
vn 0.9471 0.3075 0.0916
vn -0.8516 -0.2761 -0.4457
vn -0.8517 -0.2760 -0.4454
vn -0.8516 -0.2760 -0.4457
vn 0.9472 0.3073 -0.0914
vn 0.9471 0.3075 -0.0915
vn 0.9471 0.3077 -0.0913
vn 0.9473 0.3070 -0.0913
vn -0.9155 -0.2968 -0.2717
vn -0.9155 -0.2967 -0.2717
vn -0.9154 -0.2969 -0.2719
vn 0.9156 0.2965 -0.2715
vn 0.9155 0.2967 -0.2717
vn 0.9156 0.2966 -0.2715
vn 0.9157 0.2964 -0.2713
vn -0.9473 -0.3070 -0.0913
vn -0.9473 -0.3072 -0.0913
vn -0.9474 -0.3069 -0.0913
vn 0.8516 0.2760 -0.4457
vn 0.8515 0.2756 -0.4460
vn 0.8517 0.2760 -0.4454
vn -0.9474 -0.3068 0.0913
vn -0.9474 -0.3067 0.0912
vn -0.9475 -0.3065 0.0914
vn -0.9474 -0.3068 0.0914
vn 0.7560 0.2452 -0.6069
vn 0.7560 0.2451 -0.6070
vn 0.7560 0.2452 -0.6070
vn 0.2534 -0.8596 0.4436
vn 0.2534 -0.8596 0.4437
vn 0.2531 -0.8596 0.4439
vn 0.2533 -0.8596 0.4437
vn -0.2574 0.8352 -0.4859
vn -0.2574 0.8353 -0.4859
vn -0.1073 0.9170 0.3842
vn -0.5510 0.6794 0.4846
vn -0.5511 0.6792 0.4847
vn -0.5511 0.6793 0.4847
vn -0.3512 0.7854 -0.5097
vn -0.0554 0.9468 0.3171
vn -0.4511 0.7327 0.5095
vn -0.4512 0.7324 0.5099
vn -0.4512 0.7325 0.5098
vn -0.4511 0.7323 -0.5101
vn -0.4512 0.7324 -0.5099
vn -0.4512 0.7324 -0.5100
vn -0.0186 0.9691 0.2459
vn -0.3512 0.7854 0.5097
vn -0.5510 0.6792 -0.4848
vn -0.5511 0.6792 -0.4847
vn -0.5510 0.6792 -0.4849
vn 0.0055 0.9847 0.1741
vn -0.6444 0.6292 -0.4347
vn -0.6444 0.6291 -0.4347
vn -0.6444 0.6292 -0.4346
vn 0.0196 0.9944 0.1035
vn 0.0195 0.9944 0.1035
vn -0.7254 0.5852 -0.3624
vn -0.7254 0.5853 -0.3624
vn 0.0258 0.9991 0.0343
vn -0.7897 0.5498 -0.2722
vn -0.7895 0.5501 -0.2721
vn -0.7897 0.5498 -0.2721
vn 0.0258 0.9991 -0.0343
vn 0.0259 0.9991 -0.0343
vn -0.8338 0.5256 -0.1687
vn -0.8338 0.5257 -0.1685
vn -0.8338 0.5257 -0.1684
vn 0.0195 0.9944 -0.1035
vn -0.8564 0.5132 -0.0571
vn -0.8564 0.5132 -0.0570
vn 0.0055 0.9847 -0.1741
vn -0.8565 0.5130 0.0568
vn -0.8564 0.5132 0.0571
vn -0.0186 0.9691 -0.2459
vn -0.8338 0.5256 0.1685
vn -0.8338 0.5257 0.1685
vn -0.8338 0.5257 0.1686
vn -0.0554 0.9468 -0.3171
vn -0.7896 0.5499 0.2723
vn -0.7895 0.5501 0.2721
vn -0.1072 0.9170 -0.3843
vn -0.1073 0.9170 -0.3842
vn -0.2573 0.8353 0.4859
vn -0.2574 0.8353 0.4859
vn -0.2575 0.8352 0.4859
vn -0.7252 0.5852 0.3628
vn -0.7254 0.5852 0.3624
vn -0.1749 0.8796 -0.4423
vn -0.1745 0.8796 -0.4425
vn -0.1749 0.8796 0.4423
vn -0.8765 -0.1904 -0.4422
vn -0.8766 -0.1903 -0.4420
vn -0.8766 -0.1903 -0.4419
vn -0.8766 -0.1902 -0.4421
vn 0.0785 -0.9133 -0.3997
vn 0.0786 -0.9133 -0.3997
vn 0.6730 -0.7129 0.1974
vn 0.6729 -0.7130 0.1973
vn 0.6729 -0.7129 0.1973
vn 0.6730 -0.7129 0.1973
vn 0.0003 -0.9359 -0.3524
vn 0.0002 -0.9358 -0.3526
vn -0.0001 -0.9358 -0.3525
vn 0.0002 -0.9358 -0.3525
vn 0.7022 -0.7017 0.1207
vn 0.7022 -0.7017 0.1208
vn 0.7021 -0.7017 0.1208
vn -0.0668 -0.9546 -0.2903
vn -0.0670 -0.9546 -0.2904
vn -0.0670 -0.9545 -0.2905
vn 0.7169 -0.6960 0.0407
vn 0.7169 -0.6960 0.0406
vn 0.7168 -0.6961 0.0407
vn -0.1199 -0.9689 -0.2166
vn -0.1200 -0.9688 -0.2166
vn -0.1202 -0.9688 -0.2166
vn -0.1203 -0.9688 -0.2165
vn 0.7169 -0.6960 -0.0407
vn 0.7169 -0.6960 -0.0406
vn -0.1571 -0.9785 -0.1336
vn -0.1571 -0.9785 -0.1337
vn -0.1571 -0.9785 -0.1338
vn 0.7021 -0.7017 -0.1208
vn 0.7019 -0.7019 -0.1209
vn -0.1758 -0.9834 -0.0451
vn -0.1754 -0.9835 -0.0453
vn -0.1761 -0.9833 -0.0449
vn -0.1761 -0.9834 -0.0450
vn 0.6731 -0.7128 -0.1972
vn 0.6732 -0.7128 -0.1968
vn 0.6730 -0.7128 -0.1972
vn 0.6729 -0.7129 -0.1973
vn -0.1758 -0.9834 0.0450
vn -0.1759 -0.9834 0.0451
vn -0.1761 -0.9833 0.0452
vn 0.6295 -0.7294 -0.2678
vn 0.6296 -0.7293 -0.2678
vn 0.6296 -0.7293 -0.2677
vn 0.6296 -0.7294 -0.2677
vn -0.1572 -0.9785 0.1334
vn -0.1574 -0.9785 0.1333
vn -0.1572 -0.9785 0.1335
vn -0.1571 -0.9785 0.1336
vn 0.5734 -0.7502 -0.3294
vn 0.5733 -0.7502 -0.3294
vn 0.5733 -0.7502 -0.3295
vn -0.1204 -0.9688 0.2165
vn -0.1203 -0.9688 0.2165
vn 0.5053 -0.7749 -0.3799
vn 0.5053 -0.7747 -0.3801
vn 0.5051 -0.7748 -0.3802
vn 0.5052 -0.7747 -0.3801
vn 0.3426 -0.8307 0.4389
vn 0.3425 -0.8307 0.4389
vn 0.3425 -0.8306 0.4390
vn 0.3426 -0.8306 0.4390
vn -0.0671 -0.9545 0.2906
vn -0.0670 -0.9545 0.2906
vn -0.0670 -0.9545 0.2904
vn -0.0671 -0.9545 0.2905
vn 0.4274 -0.8021 -0.4171
vn 0.4275 -0.8021 -0.4170
vn 0.4274 -0.8020 -0.4171
vn 0.4273 -0.8021 -0.4172
vn 0.4275 -0.8020 0.4172
vn 0.4275 -0.8020 0.4171
vn -0.0000 -0.9357 0.3529
vn 0.0002 -0.9358 0.3525
vn -0.0000 -0.9357 0.3528
vn 0.0001 -0.9358 0.3525
vn 0.3427 -0.8306 -0.4389
vn 0.3425 -0.8307 -0.4389
vn 0.5053 -0.7747 0.3801
vn 0.5053 -0.7748 0.3799
vn 0.5054 -0.7747 0.3801
vn 0.0785 -0.9133 0.3996
vn 0.0785 -0.9133 0.3997
vn 0.2534 -0.8596 -0.4436
vn 0.2535 -0.8596 -0.4436
vn 0.2533 -0.8596 -0.4437
vn 0.5733 -0.7502 0.3293
vn 0.5732 -0.7504 0.3292
vn 0.5733 -0.7502 0.3294
vn 0.1642 -0.8875 0.4305
vn 0.1643 -0.8875 0.4305
vn 0.1643 -0.8876 0.4304
vn 0.1641 -0.8877 0.4303
vn 0.1642 -0.8875 -0.4306
vn 0.1641 -0.8874 -0.4308
vn 0.1643 -0.8875 -0.4304
vn 0.6293 -0.7295 0.2679
vn 0.6295 -0.7294 0.2679
vn 0.6292 -0.7296 0.2679
vn 0.6294 -0.7295 0.2678
vn -0.7811 0.6224 0.0500
vn -0.7811 0.6224 0.0499
vn -0.7813 0.6222 0.0497
vn 0.9732 0.2115 -0.0904
vn 0.9732 0.2112 -0.0905
vn 0.9732 0.2113 -0.0904
vn -0.9411 -0.2045 -0.2692
vn -0.9411 -0.2043 -0.2694
vn -0.9411 -0.2047 -0.2691
vn 0.9410 0.2045 -0.2697
vn 0.9411 0.2043 -0.2693
vn 0.9411 0.2044 -0.2694
vn -0.9732 -0.2115 -0.0904
vn -0.9732 -0.2113 -0.0904
vn -0.9732 -0.2113 -0.0906
vn 0.8765 0.1903 -0.4422
vn 0.8766 0.1902 -0.4420
vn 0.8766 0.1903 -0.4420
vn -0.9732 -0.2115 0.0905
vn -0.9732 -0.2114 0.0903
vn -0.9732 -0.2115 0.0906
vn -0.9732 -0.2113 0.0906
vn 0.7792 0.1691 -0.6035
vn 0.7793 0.1693 -0.6033
vn 0.7791 0.1689 -0.6037
vn -0.9411 -0.2046 0.2692
vn -0.9411 -0.2044 0.2694
vn 0.6495 0.1412 -0.7471
vn 0.6497 0.1410 -0.7470
vn 0.6496 0.1410 -0.7471
vn 0.6496 0.1408 -0.7471
vn -0.8765 -0.1903 0.4422
vn -0.8766 -0.1903 0.4420
vn -0.8765 -0.1904 0.4422
vn 0.4900 0.1063 -0.8652
vn 0.4901 0.1062 -0.8652
vn 0.4901 0.1064 -0.8651
vn 0.4902 0.1064 -0.8651
vn 0.1038 0.0225 0.9943
vn 0.1040 0.0225 0.9943
vn -0.7793 -0.1691 0.6035
vn -0.7792 -0.1690 0.6035
vn -0.7793 -0.1692 0.6034
vn 0.3053 0.0663 -0.9499
vn 0.3053 0.0663 -0.9500
vn 0.3054 0.0663 -0.9499
vn 0.3055 0.0664 0.9499
vn 0.3054 0.0663 0.9499
vn 0.3058 0.0666 0.9498
vn -0.6497 -0.1406 0.7471
vn -0.6497 -0.1411 0.7470
vn 0.1039 0.0225 -0.9943
vn 0.1038 0.0225 -0.9943
vn 0.4903 0.1063 0.8650
vn 0.4903 0.1061 0.8651
vn 0.4905 0.1065 0.8649
vn 0.4901 0.1064 0.8651
vn -0.4902 -0.1064 0.8651
vn -0.4901 -0.1064 0.8651
vn -0.4900 -0.1064 0.8652
vn -0.1039 -0.0225 -0.9943
vn -0.1038 -0.0225 -0.9943
vn -0.1040 -0.0225 -0.9943
vn 0.6497 0.1407 0.7470
vn 0.6497 0.1406 0.7471
vn 0.6498 0.1408 0.7470
vn -0.3059 -0.0663 0.9497
vn -0.3056 -0.0663 0.9498
vn -0.3052 -0.0662 -0.9500
vn -0.3046 -0.0660 -0.9502
vn -0.3052 -0.0663 -0.9500
vn 0.7792 0.1690 0.6036
vn 0.7793 0.1693 0.6033
vn 0.7792 0.1691 0.6035
vn 0.7791 0.1689 0.6037
vn -0.1038 -0.0225 0.9943
vn -0.1039 -0.0225 0.9943
vn -0.4901 -0.1064 -0.8651
vn -0.4901 -0.1064 -0.8652
vn 0.8765 0.1903 0.4422
vn 0.8766 0.1902 0.4421
vn -0.6497 -0.1406 -0.7471
vn 0.9411 0.2046 0.2691
vn 0.9411 0.2044 0.2693
vn 0.9411 0.2045 0.2693
vn 0.9410 0.2050 0.2693
vn -0.7793 -0.1692 -0.6034
vn -0.7793 -0.1691 -0.6035
vn 0.9732 0.2112 0.0903
vn 0.9732 0.2111 0.0908
vn 0.9732 0.2112 0.0904
vn 0.9732 0.2115 0.0903
vn 0.2966 -0.7854 0.5433
vn -0.1223 0.9819 -0.1448
vn -0.1222 0.9819 -0.1447
vn -0.7598 0.6333 0.1471
vn -0.7598 0.6332 0.1471
vn -0.7599 0.6332 0.1471
vn -0.1315 0.9707 -0.2011
vn -0.1316 0.9707 -0.2011
vn -0.1316 0.9707 -0.2010
vn -0.7182 0.6545 0.2363
vn -0.7181 0.6545 0.2363
vn -0.1543 0.9528 -0.2613
vn -0.1546 0.9528 -0.2612
vn -0.1546 0.9528 -0.2613
vn -0.2527 0.8942 0.3696
vn -0.2525 0.8943 0.3694
vn -0.6582 0.6850 0.3124
vn -0.6582 0.6850 0.3123
vn -0.6584 0.6850 0.3121
vn -0.1946 0.9273 -0.3197
vn -0.1947 0.9273 -0.3197
vn -0.1948 0.9273 -0.3197
vn -0.1947 0.9273 0.3197
vn -0.5834 0.7229 0.3702
vn -0.5833 0.7230 0.3702
vn -0.2527 0.8942 -0.3696
vn -0.1546 0.9528 0.2611
vn -0.1546 0.9528 0.2612
vn -0.4987 0.7657 0.4061
vn -0.4986 0.7660 0.4058
vn -0.3264 0.8546 -0.4039
vn -0.3263 0.8546 -0.4039
vn -0.3263 0.8546 -0.4040
vn -0.1315 0.9707 0.2011
vn -0.1316 0.9707 0.2011
vn -0.4106 0.8109 0.4170
vn -0.4106 0.8109 0.4169
vn -0.4106 0.8109 -0.4169
vn -0.4106 0.8109 -0.4170
vn -0.1223 0.9819 0.1448
vn -0.1223 0.9819 0.1447
vn -0.3263 0.8546 0.4039
vn -0.3264 0.8546 0.4039
vn -0.4986 0.7660 -0.4058
vn -0.4986 0.7660 -0.4057
vn -0.1217 0.9880 0.0955
vn -0.1218 0.9880 0.0955
vn -0.5833 0.7230 -0.3701
vn -0.5833 0.7230 -0.3702
vn -0.1248 0.9907 0.0536
vn -0.1247 0.9907 0.0536
vn -0.6582 0.6850 -0.3123
vn -0.6582 0.6850 -0.3124
vn -0.1275 0.9917 0.0172
vn -0.1274 0.9917 0.0171
vn -0.7182 0.6545 -0.2364
vn -0.7182 0.6545 -0.2363
vn -0.7180 0.6548 -0.2361
vn -0.1275 0.9917 -0.0172
vn -0.7599 0.6332 -0.1471
vn -0.7599 0.6332 -0.1470
vn -0.1248 0.9907 -0.0536
vn -0.7812 0.6223 -0.0496
vn -0.7811 0.6224 -0.0499
vn -0.7814 0.6221 -0.0499
vn -0.1217 0.9880 -0.0955
vn -0.1218 0.9880 -0.0954
vn 0.6712 0.0550 0.7392
vn 0.6712 0.0549 0.7392
vn 0.6709 0.0548 0.7395
vn -0.2473 -0.8939 0.3739
vn -0.2473 -0.8940 0.3737
vn -0.2473 -0.8939 0.3738
vn 0.4034 -0.7590 -0.5111
vn 0.4033 -0.7589 -0.5112
vn 0.4032 -0.7592 -0.5110
vn 0.4036 -0.7588 -0.5112
vn 0.4035 -0.7589 0.5111
vn 0.4036 -0.7590 0.5110
vn 0.4036 -0.7589 0.5111
vn 0.4037 -0.7587 0.5113
vn -0.1553 -0.8787 0.4513
vn -0.1556 -0.8787 0.4514
vn -0.1555 -0.8787 0.4513
vn 0.2969 -0.7853 -0.5432
vn 0.2966 -0.7854 -0.5433
vn 0.2964 -0.7855 -0.5433
vn 0.2967 -0.7854 -0.5432
vn 0.4995 -0.7337 0.4606
vn 0.4994 -0.7338 0.4607
vn 0.4998 -0.7336 0.4605
vn -0.0497 -0.8595 0.5087
vn -0.0502 -0.8594 0.5088
vn -0.0502 -0.8595 0.5086
vn -0.0500 -0.8595 0.5086
vn 0.1822 -0.8117 -0.5549
vn 0.1820 -0.8118 -0.5548
vn 0.1824 -0.8116 -0.5550
vn 0.5812 -0.7112 0.3955
vn 0.5811 -0.7112 0.3955
vn 0.0643 -0.8369 0.5436
vn 0.0647 -0.8369 0.5435
vn 0.0649 -0.8369 0.5435
vn 0.0648 -0.8369 -0.5435
vn 0.0645 -0.8369 -0.5435
vn 0.0646 -0.8369 -0.5435
vn 0.0647 -0.8369 -0.5435
vn 0.6476 -0.6921 0.3187
vn 0.6476 -0.6921 0.3188
vn 0.6477 -0.6920 0.3187
vn 0.1821 -0.8119 0.5546
vn 0.1824 -0.8116 0.5550
vn 0.1820 -0.8120 0.5546
vn -0.0497 -0.8595 -0.5088
vn -0.0496 -0.8594 -0.5088
vn -0.0499 -0.8595 -0.5087
vn -0.0500 -0.8595 -0.5087
vn 0.6979 -0.6773 0.2330
vn 0.6979 -0.6771 0.2334
vn 0.6978 -0.6772 0.2333
vn 0.6977 -0.6773 0.2334
vn -0.1553 -0.8787 -0.4513
vn -0.1553 -0.8787 -0.4515
vn -0.1556 -0.8787 -0.4514
vn 0.7315 -0.6669 0.1421
vn 0.7316 -0.6668 0.1421
vn 0.7315 -0.6669 0.1422
vn -0.2473 -0.8939 -0.3738
vn -0.2472 -0.8939 -0.3738
vn -0.2473 -0.8939 -0.3739
vn 0.7482 -0.6617 0.0477
vn 0.7482 -0.6617 0.0476
vn 0.7482 -0.6617 0.0480
vn 0.7481 -0.6618 0.0485
vn -0.3201 -0.9052 -0.2795
vn -0.3200 -0.9052 -0.2796
vn -0.3201 -0.9052 -0.2796
vn -0.3200 -0.9052 -0.2798
vn 0.7482 -0.6617 -0.0481
vn 0.7482 -0.6617 -0.0484
vn 0.7482 -0.6618 -0.0484
vn -0.3707 -0.9126 -0.1727
vn -0.3707 -0.9125 -0.1728
vn -0.3706 -0.9126 -0.1726
vn -0.3705 -0.9126 -0.1727
vn 0.7316 -0.6668 -0.1421
vn 0.7316 -0.6667 -0.1422
vn 0.7315 -0.6669 -0.1421
vn -0.3964 -0.9162 -0.0583
vn -0.3965 -0.9162 -0.0582
vn -0.3964 -0.9162 -0.0584
vn 0.6978 -0.6772 -0.2332
vn 0.6979 -0.6771 -0.2334
vn 0.6979 -0.6772 -0.2332
vn 0.6978 -0.6772 -0.2334
vn -0.3964 -0.9162 0.0585
vn -0.3966 -0.9162 0.0584
vn -0.3965 -0.9162 0.0585
vn -0.3964 -0.9162 0.0586
vn 0.6478 -0.6920 -0.3187
vn 0.6477 -0.6920 -0.3187
vn -0.3707 -0.9125 0.1727
vn -0.3707 -0.9126 0.1726
vn -0.3708 -0.9125 0.1725
vn 0.5813 -0.7111 -0.3955
vn 0.5813 -0.7110 -0.3956
vn 0.5812 -0.7112 -0.3955
vn -0.3200 -0.9052 0.2796
vn -0.3201 -0.9052 0.2795
vn -0.3201 -0.9052 0.2796
vn 0.4995 -0.7337 -0.4606
vn 0.4994 -0.7338 -0.4607
vn 0.4993 -0.7338 -0.4607
vn -0.1463 0.9885 0.0372
vn -0.3176 -0.0260 0.9479
vn -0.3178 -0.0260 -0.9478
vn 0.8012 0.0654 0.5948
vn 0.8013 0.0654 0.5947
vn 0.8011 0.0654 0.5950
vn -0.1082 -0.0088 0.9941
vn -0.5080 -0.0416 -0.8603
vn -0.5083 -0.0415 -0.8602
vn -0.5081 -0.0416 -0.8603
vn 0.8979 0.0733 0.4340
vn 0.8979 0.0733 0.4341
vn 0.8980 0.0733 0.4339
vn -0.6712 -0.0550 -0.7392
vn -0.6713 -0.0549 -0.7392
vn -0.6709 -0.0548 -0.7395
vn 0.9614 0.0787 0.2637
vn 0.9614 0.0785 0.2638
vn 0.9614 0.0786 0.2637
vn 0.9614 0.0788 0.2636
vn -0.8014 -0.0655 -0.5945
vn -0.8013 -0.0654 -0.5947
vn 0.9928 0.0811 0.0884
vn 0.9928 0.0810 0.0884
vn -0.8979 -0.0733 -0.4340
vn -0.8979 -0.0733 -0.4341
vn 0.9928 0.0811 -0.0884
vn 0.9928 0.0811 -0.0886
vn 0.9928 0.0810 -0.0884
vn -0.9614 -0.0787 -0.2636
vn 0.9614 0.0783 -0.2639
vn 0.9614 0.0785 -0.2639
vn 0.9615 0.0780 -0.2636
vn -0.9927 -0.0813 -0.0886
vn -0.9927 -0.0812 -0.0886
vn -0.9928 -0.0808 -0.0884
vn -0.9928 -0.0810 -0.0884
vn 0.8980 0.0735 -0.4338
vn 0.8978 0.0732 -0.4343
vn 0.8978 0.0733 -0.4342
vn 0.8980 0.0736 -0.4338
vn -0.9927 -0.0813 0.0887
vn -0.9928 -0.0811 0.0883
vn -0.9928 -0.0812 0.0884
vn -0.9927 -0.0813 0.0886
vn 0.8010 0.0655 -0.5951
vn -0.9614 -0.0787 0.2636
vn 0.6712 0.0550 -0.7392
vn 0.6712 0.0550 -0.7393
vn 0.6709 0.0548 -0.7395
vn -0.8977 -0.0735 0.4344
vn -0.8977 -0.0735 0.4343
vn -0.8977 -0.0736 0.4344
vn 0.5084 0.0416 -0.8601
vn 0.5083 0.0415 -0.8602
vn 0.5087 0.0417 -0.8599
vn 0.5086 0.0417 -0.8600
vn 0.1083 0.0088 0.9941
vn 0.1082 0.0088 0.9941
vn -0.8011 -0.0656 0.5949
vn -0.8012 -0.0657 0.5948
vn 0.3177 0.0260 -0.9478
vn 0.3176 0.0260 -0.9479
vn 0.3178 0.0260 -0.9478
vn 0.3176 0.0260 0.9479
vn 0.3174 0.0260 0.9479
vn 0.3178 0.0260 0.9478
vn -0.6712 -0.0550 0.7392
vn -0.6709 -0.0548 0.7395
vn -0.6712 -0.0549 0.7392
vn 0.1081 0.0089 -0.9941
vn 0.1082 0.0089 -0.9941
vn 0.5087 0.0417 0.8599
vn 0.5087 0.0416 0.8599
vn 0.5086 0.0417 0.8600
vn -0.5080 -0.0416 0.8603
vn -0.5080 -0.0416 0.8604
vn -0.5081 -0.0416 0.8603
vn -0.1081 -0.0088 -0.9941
vn 0.5674 -0.8183 -0.0922
vn 0.5673 -0.8184 -0.0920
vn 0.5674 -0.8182 -0.0923
vn 0.5674 -0.8183 -0.0921
vn -0.5104 0.8376 -0.1949
vn -0.5104 0.8375 -0.1949
vn -0.1464 0.9891 0.0121
vn -0.1464 0.9892 0.0121
vn -0.5509 0.8213 -0.1482
vn -0.5509 0.8213 -0.1483
vn -0.1464 0.9892 -0.0121
vn -0.5793 0.8098 -0.0927
vn -0.5792 0.8099 -0.0926
vn -0.1463 0.9885 -0.0372
vn -0.5940 0.8039 -0.0315
vn -0.5940 0.8039 -0.0314
vn -0.1472 0.9870 -0.0649
vn -0.1473 0.9870 -0.0649
vn -0.1473 0.9870 -0.0651
vn -0.5941 0.8038 0.0314
vn -0.5940 0.8038 0.0315
vn -0.5940 0.8039 0.0314
vn -0.1514 0.9838 -0.0959
vn -0.5793 0.8098 0.0927
vn -0.5795 0.8097 0.0929
vn -0.1613 0.9783 -0.1299
vn -0.1613 0.9783 -0.1300
vn -0.5508 0.8213 0.1484
vn -0.5509 0.8213 0.1483
vn -0.1795 0.9697 -0.1655
vn -0.1796 0.9697 -0.1655
vn -0.2462 0.9419 0.2285
vn -0.2461 0.9419 0.2286
vn -0.5105 0.8375 0.1948
vn -0.5104 0.8376 0.1949
vn -0.5103 0.8376 0.1950
vn -0.2077 0.9576 -0.1996
vn -0.2075 0.9576 0.1997
vn -0.2077 0.9576 0.1996
vn -0.2077 0.9576 0.1997
vn -0.4607 0.8573 0.2298
vn -0.4607 0.8573 0.2297
vn -0.2462 0.9419 -0.2285
vn -0.2461 0.9419 -0.2286
vn -0.1795 0.9698 0.1654
vn -0.1795 0.9697 0.1655
vn -0.1792 0.9697 0.1658
vn -0.4051 0.8793 0.2505
vn -0.4052 0.8792 0.2506
vn -0.4049 0.8794 0.2505
vn -0.2939 0.9229 -0.2486
vn -0.1613 0.9783 0.1300
vn -0.1614 0.9783 0.1300
vn -0.3482 0.9016 0.2567
vn -0.3483 0.9016 0.2566
vn -0.3483 0.9016 -0.2567
vn -0.3482 0.9016 -0.2567
vn -0.1514 0.9838 0.0959
vn -0.1515 0.9838 0.0958
vn -0.2940 0.9229 0.2485
vn -0.2939 0.9229 0.2486
vn -0.4052 0.8792 -0.2507
vn -0.4052 0.8792 -0.2506
vn -0.1472 0.9870 0.0648
vn -0.1473 0.9870 0.0649
vn -0.1472 0.9870 0.0649
vn -0.4607 0.8573 -0.2297
vn -0.4607 0.8573 -0.2298
vn 0.6785 0.0119 -0.7345
vn 0.6787 0.0122 -0.7344
vn 0.6786 0.0119 -0.7344
vn 0.6786 0.0116 -0.7344
vn -0.1537 -0.9874 -0.0369
vn -0.1538 -0.9874 -0.0369
vn 0.5447 -0.8250 -0.1505
vn 0.5447 -0.8250 -0.1504
vn 0.5447 -0.8250 -0.1506
vn -0.1536 -0.9874 0.0372
vn -0.1537 -0.9874 0.0368
vn -0.1537 -0.9874 0.0369
vn 0.5109 -0.8349 -0.2048
vn 0.5111 -0.8347 -0.2049
vn 0.5109 -0.8349 -0.2049
vn 0.5107 -0.8350 -0.2047
vn -0.1370 -0.9845 0.1091
vn -0.1371 -0.9845 0.1091
vn -0.1369 -0.9846 0.1091
vn 0.4672 -0.8472 -0.2529
vn 0.4671 -0.8472 -0.2530
vn 0.4672 -0.8472 -0.2530
vn 0.4674 -0.8469 -0.2534
vn -0.1048 -0.9787 0.1763
vn 0.4136 -0.8619 -0.2933
vn 0.4137 -0.8619 -0.2934
vn 0.4137 -0.8618 -0.2934
vn 0.2838 -0.8954 0.3430
vn 0.2837 -0.8955 0.3430
vn 0.2837 -0.8954 0.3431
vn -0.0585 -0.9702 0.2353
vn 0.3518 -0.8783 -0.3238
vn 0.3519 -0.8782 -0.3239
vn 0.3519 -0.8782 -0.3240
vn 0.3516 -0.8784 -0.3238
vn 0.3519 -0.8784 0.3234
vn 0.3519 -0.8783 0.3237
vn -0.0006 -0.9589 0.2837
vn -0.0007 -0.9590 0.2834
vn -0.0006 -0.9589 0.2836
vn -0.0006 -0.9589 0.2838
vn 0.2837 -0.8955 -0.3430
vn 0.2837 -0.8955 -0.3429
vn 0.4137 -0.8619 0.2931
vn 0.4136 -0.8619 0.2933
vn 0.4137 -0.8620 0.2930
vn 0.4138 -0.8620 0.2929
vn 0.0659 -0.9453 0.3194
vn 0.0659 -0.9453 0.3195
vn 0.2113 -0.9130 -0.3491
vn 0.2113 -0.9130 -0.3489
vn 0.2114 -0.9129 -0.3491
vn 0.4670 -0.8472 0.2531
vn 0.4670 -0.8473 0.2531
vn 0.4671 -0.8473 0.2530
vn 0.4671 -0.8472 0.2530
vn 0.1377 -0.9298 0.3414
vn 0.1380 -0.9297 0.3415
vn 0.1378 -0.9298 0.3412
vn 0.1378 -0.9298 -0.3414
vn 0.1379 -0.9298 -0.3413
vn 0.5113 -0.8347 0.2048
vn 0.5111 -0.8347 0.2050
vn 0.5111 -0.8347 0.2049
vn 0.5111 -0.8348 0.2048
vn 0.2112 -0.9129 0.3492
vn 0.2112 -0.9130 0.3491
vn 0.2113 -0.9129 0.3491
vn 0.0659 -0.9453 -0.3195
vn 0.0659 -0.9453 -0.3194
vn 0.5447 -0.8250 0.1504
vn 0.5447 -0.8250 0.1505
vn -0.0005 -0.9589 -0.2837
vn -0.0006 -0.9589 -0.2837
vn -0.0005 -0.9589 -0.2838
vn -0.0009 -0.9589 -0.2836
vn 0.5673 -0.8183 0.0920
vn 0.5673 -0.8184 0.0918
vn 0.5673 -0.8183 0.0922
vn -0.0585 -0.9702 -0.2353
vn -0.0585 -0.9701 -0.2354
vn 0.5788 -0.8149 0.0309
vn 0.5788 -0.8149 0.0308
vn -0.1048 -0.9787 -0.1763
vn -0.1049 -0.9787 -0.1762
vn 0.5787 -0.8149 -0.0310
vn 0.5788 -0.8149 -0.0311
vn 0.5788 -0.8149 -0.0309
vn 0.5787 -0.8149 -0.0309
vn -0.1372 -0.9845 -0.1091
vn -0.1370 -0.9845 -0.1091
vn -0.1375 -0.9845 -0.1091
vn -0.1508 0.8584 -0.4904
vn -0.9033 -0.0156 0.4287
vn -0.9032 -0.0155 0.4289
vn -0.9033 -0.0153 0.4288
vn -0.9033 -0.0154 0.4287
vn 0.5156 0.0088 -0.8568
vn 0.5155 0.0088 -0.8568
vn 0.5157 0.0088 -0.8568
vn 0.5156 0.0089 -0.8568
vn 0.1103 0.0019 0.9939
vn 0.1102 0.0019 0.9939
vn -0.8079 -0.0139 0.5891
vn -0.8079 -0.0139 0.5892
vn 0.3231 0.0055 -0.9463
vn 0.3232 0.0055 -0.9463
vn 0.3230 0.0055 -0.9464
vn 0.3229 0.0055 0.9464
vn 0.3230 0.0055 0.9464
vn -0.6786 -0.0116 0.7344
vn 0.1101 0.0019 -0.9939
vn 0.5157 0.0087 0.8567
vn 0.5155 0.0088 0.8568
vn 0.5158 0.0088 0.8567
vn 0.5156 0.0084 0.8568
vn -0.5157 -0.0089 0.8567
vn -0.5156 -0.0088 0.8568
vn -0.5157 -0.0088 0.8567
vn -0.5155 -0.0088 0.8569
vn -0.1101 -0.0019 -0.9939
vn 0.6786 0.0116 0.7344
vn 0.6786 0.0119 0.7344
vn -0.3232 -0.0055 0.9463
vn -0.3232 -0.0055 -0.9463
vn -0.3231 -0.0056 -0.9464
vn 0.8079 0.0139 0.5891
vn 0.8080 0.0139 0.5890
vn 0.8080 0.0139 0.5891
vn -0.1102 -0.0019 0.9939
vn -0.1104 -0.0019 0.9939
vn -0.1103 -0.0019 0.9939
vn -0.5157 -0.0087 -0.8567
vn -0.5156 -0.0086 -0.8568
vn -0.5156 -0.0087 -0.8568
vn -0.5157 -0.0088 -0.8568
vn 0.9033 0.0157 0.4287
vn 0.9033 0.0154 0.4287
vn 0.9033 0.0156 0.4287
vn 0.9033 0.0155 0.4287
vn -0.6788 -0.0113 -0.7342
vn 0.9654 0.0166 0.2601
vn 0.9654 0.0160 0.2603
vn 0.9654 0.0165 0.2602
vn -0.8080 -0.0141 -0.5890
vn -0.8080 -0.0139 -0.5890
vn -0.8080 -0.0140 -0.5890
vn 0.9960 0.0172 0.0872
vn 0.9961 0.0171 0.0871
vn 0.9960 0.0173 0.0872
vn 0.9960 0.0169 0.0874
vn -0.9033 -0.0156 -0.4287
vn -0.9032 -0.0155 -0.4289
vn -0.9032 -0.0154 -0.4289
vn -0.9033 -0.0155 -0.4288
vn 0.9960 0.0172 -0.0872
vn 0.9960 0.0169 -0.0874
vn 0.9960 0.0173 -0.0872
vn 0.9961 0.0172 -0.0870
vn -0.9654 -0.0166 -0.2601
vn -0.9654 -0.0165 -0.2601
vn -0.9654 -0.0169 -0.2601
vn 0.9654 0.0167 -0.2601
vn 0.9654 0.0166 -0.2601
vn 0.9654 0.0165 -0.2601
vn -0.9960 -0.0172 -0.0873
vn -0.9961 -0.0171 -0.0871
vn -0.9960 -0.0173 -0.0872
vn 0.9033 0.0156 -0.4287
vn 0.9033 0.0155 -0.4288
vn 0.9033 0.0157 -0.4287
vn -0.9960 -0.0173 0.0872
vn -0.9960 -0.0170 0.0872
vn -0.9960 -0.0172 0.0873
vn -0.9961 -0.0171 0.0871
vn 0.8080 0.0139 -0.5890
vn 0.8081 0.0139 -0.5889
vn -0.9654 -0.0167 0.2602
vn -0.9654 -0.0168 0.2601
vn -0.9654 -0.0168 0.2602
vn 0.0147 -0.9569 -0.2901
vn 0.0146 -0.9569 -0.2901
vn -0.0284 0.9448 0.3263
vn -0.4847 0.7018 0.5221
vn -0.4846 0.7019 0.5221
vn -0.2529 0.8055 -0.5360
vn -0.2528 0.8054 -0.5361
vn -0.0143 0.9720 0.2347
vn -0.3682 0.7520 0.5468
vn -0.3681 0.7520 0.5468
vn -0.3682 0.7520 -0.5467
vn -0.3682 0.7520 -0.5468
vn -0.3679 0.7520 -0.5470
vn -0.0238 0.9878 0.1540
vn -0.2529 0.8055 0.5360
vn -0.2528 0.8054 0.5361
vn -0.4846 0.7019 -0.5220
vn -0.4846 0.7019 -0.5221
vn -0.0453 0.9948 0.0909
vn -0.5914 0.6581 -0.4661
vn -0.0671 0.9967 0.0459
vn -0.6815 0.6222 -0.3853
vn -0.6814 0.6222 -0.3853
vn -0.6814 0.6222 -0.3854
vn -0.0802 0.9967 0.0138
vn -0.0803 0.9967 0.0138
vn -0.7508 0.5951 -0.2866
vn -0.7507 0.5952 -0.2866
vn -0.0803 0.9967 -0.0138
vn -0.0801 0.9967 -0.0138
vn -0.7973 0.5772 -0.1763
vn -0.7973 0.5773 -0.1763
vn -0.7974 0.5772 -0.1762
vn -0.0671 0.9967 -0.0459
vn -0.8207 0.5683 -0.0595
vn -0.8207 0.5682 -0.0595
vn -0.0453 0.9948 -0.0909
vn -0.8206 0.5683 0.0594
vn -0.8206 0.5684 0.0595
vn -0.8207 0.5683 0.0593
vn -0.8206 0.5683 0.0595
vn -0.0238 0.9878 -0.1540
vn -0.7972 0.5773 0.1765
vn -0.7973 0.5773 0.1763
vn -0.7974 0.5772 0.1763
vn -0.0143 0.9720 -0.2347
vn -0.7508 0.5951 0.2867
vn -0.7507 0.5952 0.2866
vn -0.0284 0.9448 -0.3263
vn -0.1508 0.8584 0.4904
vn -0.6816 0.6221 0.3852
vn -0.6814 0.6222 0.3853
vn -0.6814 0.6223 0.3853
vn -0.6815 0.6222 0.3853
vn -0.0738 0.9062 -0.4164
vn -0.0738 0.9062 0.4164
vn -0.5913 0.6581 0.4661
vn -0.5914 0.6581 0.4661
vn -0.9012 0.1390 -0.4105
vn -0.9011 0.1387 -0.4108
vn 0.4556 -0.8804 0.1317
vn 0.4556 -0.8804 0.1316
vn 0.4555 -0.8804 0.1316
vn -0.0493 -0.9646 -0.2590
vn -0.0492 -0.9646 -0.2589
vn -0.0492 -0.9646 -0.2591
vn 0.4760 -0.8757 0.0805
vn 0.4758 -0.8758 0.0806
vn 0.4761 -0.8757 0.0804
vn 0.4763 -0.8756 0.0804
vn -0.1052 -0.9708 -0.2157
vn -0.1053 -0.9708 -0.2157
vn -0.1051 -0.9708 -0.2158
vn 0.4858 -0.8736 0.0271
vn 0.4858 -0.8737 0.0270
vn 0.4858 -0.8736 0.0273
vn -0.1506 -0.9752 -0.1623
vn -0.1504 -0.9752 -0.1622
vn -0.1505 -0.9752 -0.1622
vn -0.1506 -0.9752 -0.1622
vn 0.4859 -0.8736 -0.0268
vn 0.4859 -0.8736 -0.0270
vn 0.4862 -0.8734 -0.0269
vn 0.4859 -0.8736 -0.0265
vn -0.1824 -0.9781 -0.1005
vn -0.1819 -0.9781 -0.1007
vn -0.1820 -0.9781 -0.1006
vn 0.4758 -0.8759 -0.0802
vn 0.4762 -0.8756 -0.0807
vn 0.4760 -0.8758 -0.0803
vn 0.4758 -0.8759 -0.0801
vn -0.1986 -0.9795 -0.0342
vn -0.1985 -0.9795 -0.0340
vn -0.1986 -0.9795 -0.0341
vn -0.1988 -0.9794 -0.0342
vn 0.4556 -0.8804 -0.1316
vn 0.4556 -0.8804 -0.1315
vn 0.4558 -0.8803 -0.1318
vn -0.1985 -0.9795 0.0341
vn -0.1983 -0.9795 0.0339
vn -0.1987 -0.9795 0.0343
vn 0.4258 -0.8868 -0.1795
vn 0.4257 -0.8869 -0.1796
vn 0.4258 -0.8869 -0.1791
vn 0.4259 -0.8868 -0.1794
vn -0.1821 -0.9781 0.1008
vn -0.1821 -0.9781 0.1009
vn -0.1822 -0.9781 0.1007
vn -0.1823 -0.9781 0.1007
vn 0.3866 -0.8950 -0.2226
vn 0.3864 -0.8950 -0.2226
vn 0.3866 -0.8950 -0.2225
vn 0.3863 -0.8951 -0.2225
vn -0.1507 -0.9752 0.1621
vn -0.1504 -0.9752 0.1622
vn 0.3382 -0.9047 -0.2592
vn 0.3384 -0.9046 -0.2593
vn 0.3380 -0.9048 -0.2591
vn 0.2191 -0.9264 0.3061
vn 0.2191 -0.9264 0.3062
vn -0.1053 -0.9708 0.2156
vn -0.1053 -0.9708 0.2157
vn -0.1052 -0.9708 0.2157
vn 0.2818 -0.9154 -0.2876
vn 0.2817 -0.9153 -0.2878
vn 0.2818 -0.9154 -0.2875
vn 0.2817 -0.9154 0.2876
vn 0.2815 -0.9154 0.2877
vn 0.2817 -0.9154 0.2875
vn 0.2818 -0.9154 0.2875
vn -0.0492 -0.9647 0.2589
vn -0.0492 -0.9646 0.2591
vn -0.0492 -0.9646 0.2589
vn 0.2191 -0.9264 -0.3062
vn 0.2191 -0.9264 -0.3061
vn 0.3381 -0.9047 0.2592
vn 0.3380 -0.9047 0.2593
vn 0.3380 -0.9048 0.2592
vn 0.3380 -0.9048 0.2591
vn 0.0145 -0.9569 0.2901
vn 0.0146 -0.9569 0.2901
vn 0.0144 -0.9569 0.2901
vn 0.1520 -0.9374 -0.3133
vn 0.1519 -0.9374 -0.3134
vn 0.3867 -0.8950 0.2225
vn 0.3862 -0.8952 0.2225
vn 0.3863 -0.8951 0.2225
vn 0.0827 -0.9477 0.3082
vn 0.0827 -0.9478 0.3081
vn 0.0827 -0.9477 -0.3082
vn 0.0827 -0.9477 -0.3081
vn 0.0826 -0.9478 -0.3081
vn 0.4257 -0.8869 0.1795
vn 0.4257 -0.8869 0.1796
vn 0.1519 -0.9374 0.3133
vn 0.1519 -0.9374 0.3134
vn -0.6967 0.7157 0.0488
vn -0.6968 0.7156 0.0489
vn -0.6967 0.7157 0.0489
vn -0.6966 0.7158 0.0488
vn 0.9849 -0.1520 -0.0824
vn 0.9849 -0.1520 -0.0825
vn -0.9576 0.1477 -0.2474
vn -0.9576 0.1477 -0.2475
vn 0.9574 -0.1480 -0.2478
vn -0.9849 0.1520 -0.0830
vn -0.9849 0.1520 -0.0831
vn -0.9849 0.1519 -0.0829
vn 0.9012 -0.1390 -0.4105
vn 0.9012 -0.1391 -0.4105
vn 0.9013 -0.1393 -0.4101
vn -0.9849 0.1520 0.0828
vn -0.9849 0.1521 0.0832
vn -0.9849 0.1519 0.0827
vn 0.8129 -0.1254 -0.5687
vn 0.8128 -0.1255 -0.5689
vn -0.9576 0.1477 0.2474
vn -0.9576 0.1477 0.2475
vn 0.6899 -0.1063 -0.7161
vn 0.6897 -0.1064 -0.7162
vn 0.6898 -0.1062 -0.7162
vn -0.9013 0.1392 0.4103
vn -0.9013 0.1393 0.4101
vn -0.9013 0.1392 0.4102
vn -0.9012 0.1390 0.4105
vn 0.5295 -0.0816 -0.8444
vn 0.5295 -0.0817 -0.8444
vn 0.5296 -0.0817 -0.8443
vn 0.1150 -0.0177 0.9932
vn 0.1152 -0.0178 0.9932
vn 0.1151 -0.0177 0.9932
vn -0.8133 0.1250 0.5683
vn -0.8130 0.1252 0.5686
vn -0.8130 0.1254 0.5686
vn -0.8131 0.1254 0.5685
vn 0.3353 -0.0518 -0.9407
vn 0.3352 -0.0517 -0.9407
vn 0.3348 -0.0517 0.9409
vn 0.3347 -0.0517 0.9409
vn -0.6896 0.1064 0.7163
vn -0.6897 0.1064 0.7162
vn -0.6895 0.1064 0.7164
vn 0.1148 -0.0177 -0.9932
vn 0.1149 -0.0177 -0.9932
vn 0.5296 -0.0817 0.8443
vn 0.5294 -0.0817 0.8445
vn -0.5296 0.0817 0.8443
vn -0.1148 0.0177 -0.9932
vn -0.1151 0.0177 -0.9932
vn 0.6897 -0.1063 0.7163
vn 0.6897 -0.1063 0.7162
vn 0.6898 -0.1065 0.7161
vn 0.6898 -0.1064 0.7161
vn -0.3348 0.0517 0.9409
vn -0.3350 0.0517 0.9408
vn -0.3346 0.0517 0.9410
vn -0.3353 0.0518 -0.9407
vn 0.8129 -0.1256 0.5687
vn 0.8128 -0.1257 0.5688
vn 0.8130 -0.1255 0.5686
vn -0.1147 0.0177 0.9932
vn -0.1146 0.0177 0.9933
vn -0.1148 0.0177 0.9932
vn -0.5296 0.0817 -0.8443
vn 0.9012 -0.1390 0.4105
vn 0.9012 -0.1391 0.4104
vn -0.6899 0.1066 -0.7160
vn -0.6898 0.1065 -0.7161
vn -0.6900 0.1067 -0.7160
vn 0.9574 -0.1480 0.2478
vn -0.8130 0.1255 -0.5685
vn -0.8130 0.1254 -0.5686
vn -0.8131 0.1255 -0.5685
vn 0.9849 -0.1520 0.0825
vn 0.9849 -0.1519 0.0827
vn -0.0237 -0.8766 -0.4807
vn -0.0235 -0.8766 -0.4807
vn -0.0238 -0.8765 -0.4807
vn -0.0239 -0.8765 -0.4807
vn 0.1211 0.9692 -0.2145
vn -0.6773 0.7213 0.1449
vn -0.6772 0.7213 0.1450
vn -0.6773 0.7213 0.1450
vn -0.6772 0.7214 0.1449
vn 0.0927 0.9540 -0.2851
vn -0.6384 0.7325 0.2363
vn -0.6384 0.7325 0.2366
vn 0.0451 0.9342 -0.3539
vn -0.1100 0.8829 0.4565
vn -0.5806 0.7491 0.3191
vn -0.5806 0.7490 0.3191
vn -0.5807 0.7490 0.3190
vn -0.0232 0.9102 -0.4135
vn -0.0232 0.9102 0.4135
vn -0.5053 0.7702 0.3892
vn -0.5052 0.7703 0.3891
vn -0.1100 0.8829 -0.4565
vn 0.0451 0.9342 0.3539
vn -0.4147 0.7957 0.4414
vn -0.2096 0.8536 -0.4769
vn 0.0927 0.9540 0.2851
vn -0.3139 0.8240 0.4717
vn -0.3139 0.8240 -0.4717
vn 0.1211 0.9692 0.2145
vn -0.2096 0.8536 0.4769
vn -0.4147 0.7957 -0.4414
vn -0.4149 0.7957 -0.4413
vn 0.1351 0.9799 0.1471
vn 0.1351 0.9798 0.1471
vn -0.5052 0.7703 -0.3891
vn 0.1401 0.9865 0.0852
vn -0.5806 0.7490 -0.3191
vn -0.5806 0.7489 -0.3194
vn 0.1413 0.9896 0.0278
vn 0.1414 0.9896 0.0278
vn -0.6386 0.7325 -0.2359
vn -0.6384 0.7325 -0.2363
vn 0.1413 0.9896 -0.0278
vn 0.1412 0.9896 -0.0278
vn -0.6773 0.7213 -0.1450
vn -0.6772 0.7213 -0.1450
vn 0.1401 0.9865 -0.0852
vn -0.6967 0.7157 -0.0488
vn -0.6968 0.7156 -0.0485
vn -0.6970 0.7154 -0.0487
vn -0.6968 0.7156 -0.0488
vn 0.1351 0.9799 -0.1471
vn 0.1351 0.9798 -0.1471
vn -0.7985 -0.1306 -0.5876
vn -0.7986 -0.1308 -0.5875
vn -0.7986 -0.1306 -0.5875
vn 0.5623 -0.7653 0.3132
vn 0.5623 -0.7654 0.3131
vn 0.5623 -0.7654 0.3132
vn 0.5622 -0.7654 0.3132
vn 0.0845 -0.8611 0.5013
vn 0.0845 -0.8612 0.5012
vn -0.1239 -0.8890 -0.4408
vn -0.1239 -0.8888 -0.4413
vn -0.1242 -0.8889 -0.4409
vn -0.1243 -0.8890 -0.4408
vn 0.6185 -0.7510 0.2312
vn -0.2141 -0.8981 -0.3842
vn -0.2139 -0.8982 -0.3840
vn -0.2141 -0.8982 -0.3839
vn 0.6565 -0.7409 0.1417
vn -0.2888 -0.9047 -0.3131
vn -0.2888 -0.9048 -0.3130
vn 0.6757 -0.7356 0.0476
vn 0.6757 -0.7356 0.0477
vn 0.6758 -0.7356 0.0475
vn 0.6758 -0.7356 0.0476
vn -0.3469 -0.9090 -0.2311
vn -0.3467 -0.9090 -0.2312
vn -0.3468 -0.9090 -0.2312
vn 0.6757 -0.7356 -0.0476
vn 0.6757 -0.7356 -0.0477
vn 0.6756 -0.7357 -0.0475
vn -0.3858 -0.9116 -0.1417
vn -0.3859 -0.9116 -0.1417
vn -0.3860 -0.9116 -0.1414
vn 0.6565 -0.7409 -0.1417
vn 0.6565 -0.7409 -0.1418
vn -0.4058 -0.9127 -0.0477
vn -0.4057 -0.9128 -0.0477
vn 0.6185 -0.7510 -0.2312
vn -0.4059 -0.9127 0.0478
vn -0.4056 -0.9128 0.0479
vn -0.4057 -0.9128 0.0479
vn -0.4058 -0.9127 0.0477
vn 0.5623 -0.7654 -0.3131
vn -0.3860 -0.9115 0.1418
vn -0.3859 -0.9116 0.1417
vn -0.3858 -0.9116 0.1419
vn -0.3862 -0.9114 0.1423
vn 0.4892 -0.7831 -0.3840
vn -0.3469 -0.9090 0.2310
vn -0.3468 -0.9090 0.2311
vn -0.3467 -0.9090 0.2312
vn 0.4014 -0.8028 -0.4409
vn 0.1947 -0.8431 0.5012
vn 0.1946 -0.8431 0.5012
vn 0.1946 -0.8432 0.5012
vn -0.2888 -0.9048 0.3130
vn -0.2888 -0.9048 0.3129
vn 0.3018 -0.8232 -0.4809
vn 0.3018 -0.8232 -0.4808
vn 0.3019 -0.8230 -0.4812
vn 0.3017 -0.8233 0.4807
vn 0.3018 -0.8233 0.4807
vn 0.3017 -0.8233 0.4808
vn -0.2138 -0.8982 0.3840
vn -0.2136 -0.8984 0.3838
vn -0.2138 -0.8982 0.3842
vn 0.1945 -0.8432 -0.5012
vn 0.1946 -0.8432 -0.5012
vn 0.1944 -0.8432 -0.5012
vn 0.4014 -0.8028 0.4409
vn -0.1245 -0.8889 0.4409
vn -0.1244 -0.8889 0.4409
vn -0.1245 -0.8891 0.4405
vn -0.1248 -0.8889 0.4408
vn 0.0845 -0.8612 -0.5012
vn 0.0845 -0.8612 -0.5013
vn 0.4892 -0.7830 0.3841
vn 0.4892 -0.7831 0.3840
vn -0.0238 -0.8765 0.4807
vn -0.0236 -0.8766 0.4807
vn -0.9518 0.2964 -0.0794
vn -0.9517 0.2964 -0.0798
vn -0.9517 0.2964 -0.0797
vn 0.9831 0.1611 0.0869
vn 0.9831 0.1610 0.0870
vn 0.9831 0.1612 0.0869
vn 0.9831 0.1613 0.0868
vn -0.8921 -0.1462 -0.4274
vn -0.8923 -0.1464 -0.4271
vn -0.8921 -0.1461 -0.4275
vn 0.9832 0.1608 -0.0869
vn 0.9831 0.1610 -0.0868
vn 0.9831 0.1612 -0.0869
vn 0.9831 0.1610 -0.0870
vn -0.9531 -0.1561 -0.2592
vn -0.9531 -0.1561 -0.2591
vn -0.9532 -0.1562 -0.2589
vn -0.9532 -0.1561 -0.2590
vn 0.9531 0.1561 -0.2591
vn 0.9531 0.1562 -0.2592
vn 0.9532 0.1561 -0.2591
vn 0.9532 0.1561 -0.2590
vn -0.9831 -0.1612 -0.0869
vn -0.9831 -0.1609 -0.0868
vn -0.9832 -0.1607 -0.0867
vn -0.9831 -0.1610 -0.0868
vn 0.8922 0.1461 -0.4274
vn 0.8921 0.1461 -0.4275
vn 0.8922 0.1461 -0.4273
vn -0.9831 -0.1611 0.0869
vn -0.9831 -0.1610 0.0870
vn -0.9831 -0.1609 0.0869
vn -0.9831 -0.1610 0.0868
vn 0.7987 0.1309 -0.5874
vn 0.7986 0.1310 -0.5874
vn 0.7987 0.1309 -0.5873
vn 0.7987 0.1308 -0.5873
vn -0.9532 -0.1562 0.2588
vn -0.9532 -0.1561 0.2589
vn -0.9532 -0.1563 0.2588
vn -0.9532 -0.1564 0.2587
vn 0.6711 0.1100 -0.7331
vn 0.6712 0.1099 -0.7331
vn 0.6710 0.1101 -0.7332
vn -0.8922 -0.1462 0.4273
vn -0.8923 -0.1464 0.4271
vn -0.8922 -0.1463 0.4273
vn -0.8921 -0.1461 0.4275
vn 0.5103 0.0836 -0.8559
vn 0.5103 0.0835 -0.8560
vn 0.1093 0.0179 0.9938
vn 0.1092 0.0179 0.9939
vn -0.7985 -0.1310 0.5876
vn -0.7984 -0.1310 0.5877
vn -0.7986 -0.1308 0.5875
vn 0.3202 0.0523 -0.9459
vn 0.3201 0.0524 -0.9459
vn 0.3201 0.0525 -0.9459
vn 0.3202 0.0522 0.9459
vn 0.3199 0.0525 0.9460
vn 0.3202 0.0523 0.9459
vn 0.3201 0.0524 0.9459
vn -0.6710 -0.1101 0.7333
vn -0.6712 -0.1099 0.7331
vn 0.1092 0.0179 -0.9939
vn 0.5103 0.0837 0.8559
vn 0.5104 0.0836 0.8559
vn -0.5103 -0.0836 0.8559
vn -0.5104 -0.0836 0.8558
vn -0.5105 -0.0837 0.8558
vn -0.1092 -0.0179 -0.9939
vn 0.6711 0.1098 0.7332
vn 0.6712 0.1099 0.7331
vn -0.3201 -0.0524 0.9459
vn -0.3199 -0.0523 0.9460
vn -0.3204 -0.0526 -0.9458
vn -0.3201 -0.0524 -0.9459
vn 0.7987 0.1308 0.5873
vn 0.7986 0.1308 0.5875
vn 0.7986 0.1308 0.5874
vn -0.1093 -0.0179 0.9938
vn -0.1092 -0.0179 0.9939
vn -0.5105 -0.0836 -0.8558
vn 0.8922 0.1461 0.4274
vn 0.8921 0.1461 0.4275
vn 0.8922 0.1460 0.4275
vn 0.8922 0.1461 0.4273
vn -0.6712 -0.1099 -0.7330
vn -0.6712 -0.1099 -0.7331
vn 0.9532 0.1562 0.2590
vn 0.9532 0.1561 0.2589
vn 0.9532 0.1561 0.2591
vn 0.9531 0.1560 0.2593
vn -0.0252 0.9997 -0.0000
vn -0.0253 0.9997 0.0001
vn -0.0250 0.9997 -0.0000
vn -0.0251 0.9997 -0.0002
vn -0.0253 0.9997 -0.0000
vn -0.0251 0.9997 -0.0001
vn -0.0249 0.9997 -0.0000
vn -0.0253 0.9997 -0.0001
vn -0.0255 0.9997 -0.0000
vn -0.0256 0.9997 -0.0002
vn -0.0254 0.9997 0.0001
vn -0.0252 0.9997 0.0001
vn -0.2350 0.9698 0.0659
vn -0.9517 0.2964 0.0799
vn -0.9517 0.2964 0.0798
vn -0.9517 0.2964 0.0797
vn -0.1189 0.9928 0.0158
vn -0.9205 0.3104 0.2372
vn -0.0071 0.9953 -0.0964
vn -0.8575 0.3388 0.3871
vn -0.8575 0.3390 0.3870
vn 0.0627 0.9641 -0.2579
vn 0.0627 0.9641 -0.2580
vn -0.0129 0.8079 0.5892
vn -0.7621 0.3825 0.5224
vn 0.0625 0.8982 -0.4351
vn 0.0625 0.8982 0.4351
vn -0.6350 0.4423 0.6334
vn -0.0129 0.8079 -0.5892
vn 0.0627 0.9641 0.2579
vn -0.4810 0.5180 0.7073
vn -0.4809 0.5181 0.7073
vn -0.1467 0.7071 -0.6917
vn -0.0071 0.9953 0.0964
vn -0.3116 0.6078 0.7304
vn -0.3116 0.6078 -0.7304
vn -0.1189 0.9928 -0.0158
vn -0.1467 0.7071 0.6917
vn -0.4810 0.5180 -0.7073
vn -0.2350 0.9698 -0.0659
vn -0.6350 0.4423 -0.6334
vn -0.3255 0.9435 -0.0622
vn -0.7621 0.3825 -0.5224
vn -0.3739 0.9271 -0.0245
vn -0.8575 0.3390 -0.3870
vn -0.8575 0.3388 -0.3871
vn -0.8575 0.3388 -0.3872
vn -0.3739 0.9272 0.0245
vn -0.3739 0.9271 0.0245
vn -0.9205 0.3104 -0.2373
vn -0.9205 0.3104 -0.2372
vn -0.9205 0.3105 -0.2372
vn -0.3255 0.9435 0.0622
vt 0.000000 0.000000
s 1
usemtl Goddard_None
f 2049/2/2930 2050/2/2931 2051/2/2931
f 2051/2/2931 2052/2/2931 2053/2/2932
f 2049/2/2930 2051/2/2931 2053/2/2932
f 2053/2/2932 2054/2/2933 2055/2/2934
f 2055/2/2934 2056/2/2931 2057/2/2935
f 2053/2/2932 2055/2/2934 2057/2/2935
f 2049/2/2930 2053/2/2932 2057/2/2935
f 2057/2/2935 2058/2/2931 2059/2/2936
f 2059/2/2936 2060/2/2937 2061/2/2931
f 2057/2/2935 2059/2/2936 2061/2/2931
f 2061/2/2931 2062/2/2931 2063/2/2931
f 2063/2/2931 2064/2/2931 2065/2/2938
f 2061/2/2931 2063/2/2931 2065/2/2938
f 2057/2/2935 2061/2/2931 2065/2/2938
f 2065/2/2938 2066/2/2931 2067/2/2939
f 2067/2/2939 2068/2/2931 2069/2/2931
f 2065/2/2938 2067/2/2939 2069/2/2931
f 2069/2/2931 2070/2/2933 2071/2/2933
f 2071/2/2933 2072/2/2931 2073/2/2940
f 2069/2/2931 2071/2/2933 2073/2/2940
f 2065/2/2938 2069/2/2931 2073/2/2940
f 2057/2/2935 2065/2/2938 2073/2/2940
f 2049/2/2930 2057/2/2935 2073/2/2940
f 2074/2/2931 2075/2/2931 2076/2/2936
f 2073/2/2940 2074/2/2931 2076/2/2936
f 2073/2/2940 2076/2/2936 2077/2/2931
f 2049/2/2930 2073/2/2940 2077/2/2931
f 2078/2/2931 2049/2/2930 2077/2/2931
f 2078/2/2931 2077/2/2931 2079/2/2931
f 2078/2/2931 2079/2/2931 2080/2/2931
f 2081/2/2941 2082/2/2942 2083/2/2943
f 2083/2/2943 2084/2/2942 2081/2/2941
f 2067/2/2944 2085/2/2945 2086/2/2946
f 2086/2/2946 2068/2/2947 2067/2/2944
f 2087/2/2948 2049/2/2949 2078/2/2948
f 2078/2/2948 2088/2/2950 2087/2/2948
f 2053/2/2951 2089/2/2952 2090/2/2953
f 2090/2/2953 2054/2/2954 2053/2/2951
f 2066/2/2955 2091/2/2956 2085/2/2957
f 2085/2/2957 2067/2/2958 2066/2/2955
f 2088/2/2959 2078/2/2960 2080/2/2961
f 2080/2/2961 2092/2/2962 2088/2/2959
f 2052/2/2963 2093/2/2964 2089/2/2965
f 2089/2/2965 2053/2/2966 2052/2/2963
f 2065/2/2967 2094/2/2968 2091/2/2967
f 2091/2/2967 2066/2/2969 2065/2/2967
f 2092/2/2970 2080/2/2971 2079/2/2972
f 2079/2/2972 2095/2/2973 2092/2/2970
f 2051/2/2974 2096/2/2974 2093/2/2974
f 2093/2/2974 2052/2/2975 2051/2/2974
f 2064/2/2976 2097/2/2977 2094/2/2976
f 2094/2/2976 2065/2/2976 2064/2/2976
f 2079/2/2978 2077/2/2979 2098/2/2980
f 2098/2/2980 2095/2/2978 2079/2/2978
f 2050/2/2981 2099/2/2982 2096/2/2983
f 2096/2/2983 2051/2/2984 2050/2/2981
f 2063/2/2985 2100/2/2986 2097/2/2985
f 2097/2/2985 2064/2/2987 2063/2/2985
f 2076/2/2988 2101/2/2989 2098/2/2989
f 2098/2/2989 2077/2/2989 2076/2/2988
f 2050/2/2990 2049/2/2990 2087/2/2990
f 2087/2/2990 2099/2/2990 2050/2/2990
f 2062/2/2991 2102/2/2991 2100/2/2992
f 2100/2/2992 2063/2/2991 2062/2/2991
f 2103/2/2993 2101/2/2994 2076/2/2995
f 2076/2/2995 2075/2/2996 2103/2/2993
f 2061/2/2997 2104/2/2997 2102/2/2998
f 2102/2/2998 2062/2/2997 2061/2/2997
f 2074/2/2999 2105/2/3000 2103/2/2999
f 2103/2/2999 2075/2/3001 2074/2/2999
f 2060/2/3002 2106/2/3003 2104/2/3004
f 2104/2/3004 2061/2/3004 2060/2/3002
f 2084/2/3005 2105/2/3005 2074/2/3006
f 2074/2/3006 2073/2/3007 2084/2/3005
f 2059/2/3008 2107/2/3009 2106/2/3009
f 2106/2/3009 2060/2/3009 2059/2/3008
f 2084/2/3010 2073/2/3010 2072/2/3011
f 2072/2/3011 2081/2/3012 2084/2/3010
f 2058/2/3013 2108/2/3014 2107/2/3015
f 2107/2/3015 2059/2/3013 2058/2/3013
f 2072/2/3016 2071/2/3017 2109/2/3016
f 2109/2/3016 2081/2/3018 2072/2/3016
f 2057/2/3019 2110/2/3020 2108/2/3021
f 2108/2/3021 2058/2/3022 2057/2/3019
f 2070/2/3023 2111/2/3024 2109/2/3025
f 2109/2/3025 2071/2/3026 2070/2/3023
f 2056/2/3027 2112/2/3028 2110/2/3029
f 2110/2/3029 2057/2/3030 2056/2/3027
f 2069/2/3031 2113/2/3031 2111/2/3031
f 2111/2/3031 2070/2/3031 2069/2/3031
f 2055/2/3032 2114/2/3033 2112/2/3034
f 2112/2/3034 2056/2/3035 2055/2/3032
f 2068/2/3036 2086/2/3036 2113/2/3037
f 2113/2/3037 2069/2/3036 2068/2/3036
f 2054/2/3038 2090/2/3039 2114/2/3038
f 2114/2/3038 2055/2/3038 2054/2/3038
f 2115/2/3040 2116/2/3041 2117/2/3041
f 2117/2/3041 2118/2/3042 2115/2/3040
f 2108/2/3043 2119/2/3044 2120/2/3044
f 2120/2/3044 2107/2/3045 2108/2/3043
f 2109/2/3046 2121/2/3046 2082/2/3046
f 2082/2/3046 2081/2/3046 2109/2/3046
f 2110/2/3047 2122/2/3047 2119/2/3048
f 2119/2/3048 2108/2/3049 2110/2/3047
f 2111/2/3050 2118/2/3050 2121/2/3050
f 2121/2/3050 2109/2/3050 2111/2/3050
f 2112/2/3051 2123/2/3052 2122/2/3051
f 2122/2/3051 2110/2/3053 2112/2/3051
f 2113/2/3054 2115/2/3055 2118/2/3056
f 2118/2/3056 2111/2/3057 2113/2/3054
f 2114/2/3058 2124/2/3059 2123/2/3060
f 2123/2/3060 2112/2/3061 2114/2/3058
f 2086/2/3062 2125/2/3062 2115/2/3063
f 2115/2/3063 2113/2/3064 2086/2/3062
f 2090/2/3065 2126/2/3065 2124/2/3065
f 2124/2/3065 2114/2/3066 2090/2/3065
f 2085/2/3067 2127/2/3067 2125/2/3068
f 2125/2/3068 2086/2/3067 2085/2/3067
f 2088/2/3069 2128/2/3070 2129/2/3071
f 2129/2/3071 2087/2/3072 2088/2/3069
f 2089/2/3073 2130/2/3074 2126/2/3075
f 2126/2/3075 2090/2/3076 2089/2/3073
f 2091/2/3077 2131/2/3078 2127/2/3079
f 2127/2/3079 2085/2/3080 2091/2/3077
f 2092/2/3081 2132/2/3082 2128/2/3083
f 2128/2/3083 2088/2/3084 2092/2/3081
f 2093/2/3085 2133/2/3086 2130/2/3087
f 2130/2/3087 2089/2/3088 2093/2/3085
f 2094/2/3089 2134/2/3089 2131/2/3089
f 2131/2/3089 2091/2/3089 2094/2/3089
f 2095/2/3090 2135/2/3091 2132/2/3092
f 2132/2/3092 2092/2/3093 2095/2/3090
f 2096/2/3094 2136/2/3095 2133/2/3094
f 2133/2/3094 2093/2/3095 2096/2/3094
f 2097/2/3096 2137/2/3097 2134/2/3096
f 2134/2/3096 2094/2/3096 2097/2/3096
f 2098/2/3098 2138/2/3099 2135/2/3100
f 2135/2/3100 2095/2/3101 2098/2/3098
f 2099/2/3102 2139/2/3103 2136/2/3102
f 2136/2/3102 2096/2/3104 2099/2/3102
f 2100/2/3105 2140/2/3106 2137/2/3107
f 2137/2/3107 2097/2/3106 2100/2/3105
f 2101/2/3108 2141/2/3109 2138/2/3108
f 2138/2/3108 2098/2/3110 2101/2/3108
f 2099/2/3111 2087/2/3112 2129/2/3113
f 2129/2/3113 2139/2/3114 2099/2/3111
f 2102/2/3115 2142/2/3116 2140/2/3116
f 2140/2/3116 2100/2/3115 2102/2/3115
f 2103/2/3117 2143/2/3118 2141/2/3117
f 2141/2/3117 2101/2/3119 2103/2/3117
f 2104/2/3120 2144/2/3121 2142/2/3121
f 2142/2/3121 2102/2/3122 2104/2/3120
f 2105/2/3123 2145/2/3123 2143/2/3123
f 2143/2/3123 2103/2/3124 2105/2/3123
f 2106/2/3125 2146/2/3125 2144/2/3126
f 2144/2/3126 2104/2/3125 2106/2/3125
f 2084/2/3127 2083/2/3127 2145/2/3128
f 2145/2/3128 2105/2/3127 2084/2/3127
f 2107/2/3129 2120/2/3129 2146/2/3129
f 2146/2/3129 2106/2/3129 2107/2/3129
f 2147/2/3130 2148/2/3131 2149/2/3130
f 2149/2/3130 2150/2/3132 2147/2/3130
f 2124/2/3133 2151/2/3134 2152/2/3135
f 2152/2/3135 2123/2/3135 2124/2/3133
f 2125/2/3136 2153/2/3136 2116/2/3137
f 2116/2/3137 2115/2/3138 2125/2/3136
f 2126/2/3139 2154/2/3140 2151/2/3141
f 2151/2/3141 2124/2/3140 2126/2/3139
f 2127/2/3142 2147/2/3143 2153/2/3142
f 2153/2/3142 2125/2/3144 2127/2/3142
f 2128/2/3145 2155/2/3146 2156/2/3146
f 2156/2/3146 2129/2/3147 2128/2/3145
f 2130/2/3148 2157/2/3149 2154/2/3150
f 2154/2/3150 2126/2/3148 2130/2/3148
f 2131/2/3151 2148/2/3152 2147/2/3153
f 2147/2/3153 2127/2/3152 2131/2/3151
f 2132/2/3154 2158/2/3155 2155/2/3155
f 2155/2/3155 2128/2/3155 2132/2/3154
f 2133/2/3156 2159/2/3156 2157/2/3157
f 2157/2/3157 2130/2/3158 2133/2/3156
f 2134/2/3159 2160/2/3160 2148/2/3161
f 2148/2/3161 2131/2/3162 2134/2/3159
f 2135/2/3163 2161/2/3163 2158/2/3164
f 2158/2/3164 2132/2/3164 2135/2/3163
f 2136/2/3165 2162/2/3165 2159/2/3166
f 2159/2/3166 2133/2/3167 2136/2/3165
f 2137/2/3168 2163/2/3169 2160/2/3170
f 2160/2/3170 2134/2/3171 2137/2/3168
f 2138/2/3172 2164/2/3173 2161/2/3173
f 2161/2/3173 2135/2/3174 2138/2/3172
f 2139/2/3175 2165/2/3175 2162/2/3175
f 2162/2/3175 2136/2/3175 2139/2/3175
f 2140/2/3176 2166/2/3177 2163/2/3176
f 2163/2/3176 2137/2/3178 2140/2/3176
f 2141/2/3179 2167/2/3179 2164/2/3179
f 2164/2/3179 2138/2/3179 2141/2/3179
f 2139/2/3180 2129/2/3181 2156/2/3182
f 2156/2/3182 2165/2/3183 2139/2/3180
f 2142/2/3184 2168/2/3184 2166/2/3185
f 2166/2/3185 2140/2/3184 2142/2/3184
f 2143/2/3186 2169/2/3186 2167/2/3186
f 2167/2/3186 2141/2/3186 2143/2/3186
f 2144/2/3187 2170/2/3188 2168/2/3189
f 2168/2/3189 2142/2/3190 2144/2/3187
f 2145/2/3191 2171/2/3191 2169/2/3191
f 2169/2/3191 2143/2/3191 2145/2/3191
f 2146/2/3192 2172/2/3193 2170/2/3194
f 2170/2/3194 2144/2/3195 2146/2/3192
f 2083/2/3196 2173/2/3196 2171/2/3197
f 2171/2/3197 2145/2/3196 2083/2/3196
f 2120/2/3198 2174/2/3199 2172/2/3200
f 2172/2/3200 2146/2/3201 2120/2/3198
f 2082/2/3202 2175/2/3203 2173/2/3204
f 2173/2/3204 2083/2/3205 2082/2/3202
f 2119/2/3206 2176/2/3207 2174/2/3207
f 2174/2/3207 2120/2/3207 2119/2/3206
f 2121/2/3208 2177/2/3208 2175/2/3209
f 2175/2/3209 2082/2/3210 2121/2/3208
f 2122/2/3211 2178/2/3212 2176/2/3212
f 2176/2/3212 2119/2/3212 2122/2/3211
f 2118/2/3213 2117/2/3213 2177/2/3213
f 2177/2/3213 2121/2/3213 2118/2/3213
f 2123/2/3214 2152/2/3214 2178/2/3215
f 2178/2/3215 2122/2/3214 2123/2/3214
f 2179/2/3216 2180/2/3217 2181/2/3218
f 2181/2/3218 2182/2/3216 2179/2/3216
f 2158/2/3219 2183/2/3220 2184/2/3221
f 2184/2/3221 2155/2/3222 2158/2/3219
f 2185/2/3223 2186/2/3224 2157/2/3224
f 2157/2/3224 2159/2/3225 2185/2/3223
f 2148/2/3226 2160/2/2967 2187/2/3226
f 2187/2/3226 2149/2/3227 2148/2/3226
f 2161/2/3228 2188/2/2971 2183/2/3229
f 2183/2/3229 2158/2/3230 2161/2/3228
f 2159/2/3231 2162/2/3232 2189/2/3233
f 2189/2/3233 2185/2/3234 2159/2/3231
f 2160/2/2977 2163/2/3235 2182/2/3236
f 2182/2/3236 2187/2/3237 2160/2/2977
f 2164/2/3238 2190/2/3239 2188/2/3238
f 2188/2/3238 2161/2/3240 2164/2/3238
f 2162/2/3241 2165/2/2984 2191/2/2984
f 2191/2/2984 2189/2/2984 2162/2/3241
f 2163/2/3242 2166/2/3242 2179/2/3243
f 2179/2/3243 2182/2/3243 2163/2/3242
f 2167/2/3244 2192/2/3245 2190/2/3246
f 2190/2/3246 2164/2/3247 2167/2/3244
f 2191/2/3248 2165/2/3249 2156/2/3250
f 2156/2/3250 2193/2/3248 2191/2/3248
f 2166/2/3251 2168/2/2991 2194/2/3251
f 2194/2/3251 2179/2/2992 2166/2/3251
f 2169/2/3252 2195/2/3253 2192/2/3253
f 2192/2/3253 2167/2/3254 2169/2/3252
f 2196/2/3255 2194/2/2997 2168/2/3255
f 2168/2/3255 2170/2/3256 2196/2/3255
f 2171/2/3257 2197/2/3258 2195/2/3259
f 2195/2/3259 2169/2/3260 2171/2/3257
f 2170/2/3261 2172/2/3262 2198/2/3263
f 2198/2/3263 2196/2/3264 2170/2/3261
f 2171/2/3265 2173/2/3265 2199/2/3265
f 2199/2/3265 2197/2/3265 2171/2/3265
f 2172/2/3266 2174/2/3267 2200/2/3267
f 2200/2/3267 2198/2/3268 2172/2/3266
f 2173/2/3012 2175/2/3012 2201/2/3012
f 2201/2/3012 2199/2/3012 2173/2/3012
f 2202/2/3269 2200/2/3270 2174/2/3271
f 2174/2/3271 2176/2/3272 2202/2/3269
f 2201/2/3273 2175/2/3274 2177/2/3275
f 2177/2/3275 2203/2/3017 2201/2/3273
f 2176/2/3020 2178/2/3020 2204/2/3020
f 2204/2/3020 2202/2/3020 2176/2/3020
f 2177/2/3276 2117/2/3277 2205/2/3026
f 2205/2/3026 2203/2/3278 2177/2/3276
f 2178/2/3279 2152/2/3280 2206/2/3281
f 2206/2/3281 2204/2/3282 2178/2/3279
f 2205/2/3283 2117/2/3284 2116/2/3285
f 2116/2/3285 2207/2/3286 2205/2/3283
f 2208/2/3287 2206/2/3288 2152/2/3289
f 2152/2/3289 2151/2/3290 2208/2/3287
f 2207/2/3291 2116/2/3291 2153/2/3037
f 2153/2/3037 2209/2/3037 2207/2/3291
f 2151/2/3292 2154/2/3293 2210/2/3292
f 2210/2/3292 2208/2/3294 2151/2/3292
f 2150/2/3295 2209/2/3296 2153/2/3295
f 2153/2/3295 2147/2/3295 2150/2/3295
f 2155/2/3297 2184/2/3298 2193/2/3297
f 2193/2/3297 2156/2/2948 2155/2/3297
f 2154/2/2953 2157/2/3299 2186/2/3300
f 2186/2/3300 2210/2/3301 2154/2/2953
f 2211/2/3302 2212/2/3303 2213/2/3303
f 2213/2/3303 2214/2/3304 2211/2/3302
f 2192/2/3305 2215/2/3306 2216/2/3307
f 2216/2/3307 2190/2/3308 2192/2/3305
f 2217/2/3309 2191/2/3310 2193/2/3311
f 2193/2/3311 2218/2/3312 2217/2/3309
f 2180/2/3313 2179/2/3314 2194/2/3315
f 2194/2/3315 2219/2/3316 2180/2/3313
f 2220/2/3317 2215/2/3318 2192/2/3319
f 2192/2/3319 2195/2/3317 2220/2/3317
f 2196/2/3320 2214/2/3320 2219/2/3320
f 2219/2/3320 2194/2/3321 2196/2/3320
f 2197/2/3322 2221/2/3323 2220/2/3324
f 2220/2/3324 2195/2/3325 2197/2/3322
f 2198/2/3326 2211/2/3327 2214/2/3327
f 2214/2/3327 2196/2/3328 2198/2/3326
f 2199/2/3329 2222/2/3330 2221/2/3331
f 2221/2/3331 2197/2/3331 2199/2/3329
f 2223/2/3332 2211/2/3333 2198/2/3332
f 2198/2/3332 2200/2/3333 2223/2/3332
f 2201/2/3334 2224/2/3335 2222/2/3336
f 2222/2/3336 2199/2/3334 2201/2/3334
f 2202/2/3337 2225/2/3338 2223/2/3337
f 2223/2/3337 2200/2/3339 2202/2/3337
f 2226/2/3340 2224/2/3341 2201/2/3341
f 2201/2/3341 2203/2/3341 2226/2/3340
f 2204/2/3342 2227/2/3343 2225/2/3342
f 2225/2/3342 2202/2/3344 2204/2/3342
f 2205/2/3345 2228/2/3346 2226/2/3347
f 2226/2/3347 2203/2/3348 2205/2/3345
f 2229/2/3349 2227/2/3350 2204/2/3350
f 2204/2/3350 2206/2/3351 2229/2/3349
f 2207/2/3352 2230/2/3352 2228/2/3352
f 2228/2/3352 2205/2/3352 2207/2/3352
f 2208/2/3353 2231/2/3354 2229/2/3355
f 2229/2/3355 2206/2/3356 2208/2/3353
f 2232/2/3357 2230/2/3357 2207/2/3358
f 2207/2/3358 2209/2/3357 2232/2/3357
f 2210/2/3359 2233/2/3360 2231/2/3361
f 2231/2/3361 2208/2/3361 2210/2/3359
f 2150/2/3362 2234/2/3363 2232/2/3364
f 2232/2/3364 2209/2/3362 2150/2/3362
f 2184/2/3365 2235/2/3366 2218/2/3365
f 2218/2/3365 2193/2/3366 2184/2/3365
f 2233/2/3367 2210/2/3368 2186/2/3369
f 2186/2/3369 2236/2/3370 2233/2/3367
f 2149/2/3371 2237/2/3371 2234/2/3372
f 2234/2/3372 2150/2/3373 2149/2/3371
f 2183/2/3374 2238/2/3375 2235/2/3376
f 2235/2/3376 2184/2/3377 2183/2/3374
f 2185/2/3378 2239/2/3379 2236/2/3380
f 2236/2/3380 2186/2/3381 2185/2/3378
f 2240/2/3382 2237/2/3382 2149/2/3382
f 2149/2/3382 2187/2/3382 2240/2/3382
f 2241/2/3383 2238/2/3384 2183/2/3385
f 2183/2/3385 2188/2/3384 2241/2/3383
f 2189/2/3386 2242/2/3387 2239/2/3388
f 2239/2/3388 2185/2/3389 2189/2/3386
f 2182/2/3390 2181/2/3391 2240/2/3390
f 2240/2/3390 2187/2/3392 2182/2/3390
f 2190/2/3393 2216/2/3394 2241/2/3395
f 2241/2/3395 2188/2/3396 2190/2/3393
f 2217/2/3397 2242/2/3398 2189/2/3398
f 2189/2/3398 2191/2/3398 2217/2/3397
f 2243/2/3020 2244/2/3399 2245/2/3399
f 2245/2/3399 2246/2/3400 2243/2/3020
f 2247/2/3401 2221/2/3402 2222/2/3401
f 2222/2/3401 2248/2/3403 2247/2/3401
f 2223/2/3404 2249/2/3404 2212/2/3404
f 2212/2/3404 2211/2/3405 2223/2/3404
f 2224/2/3406 2250/2/3406 2248/2/3407
f 2248/2/3407 2222/2/3408 2224/2/3406
f 2249/2/3409 2223/2/3410 2225/2/3411
f 2225/2/3411 2245/2/3412 2249/2/3409
f 2226/2/3413 2251/2/3413 2250/2/3413
f 2250/2/3413 2224/2/3413 2226/2/3413
f 2227/2/3414 2246/2/3415 2245/2/3416
f 2245/2/3416 2225/2/3415 2227/2/3414
f 2252/2/3417 2251/2/3417 2226/2/3418
f 2226/2/3418 2228/2/3417 2252/2/3417
f 2229/2/3419 2253/2/3420 2246/2/3421
f 2246/2/3421 2227/2/3422 2229/2/3419
f 2230/2/3423 2254/2/3424 2252/2/3423
f 2252/2/3423 2228/2/3425 2230/2/3423
f 2253/2/3426 2229/2/3427 2231/2/3428
f 2231/2/3428 2255/2/3427 2253/2/3426
f 2232/2/3429 2256/2/3430 2254/2/3431
f 2254/2/3431 2230/2/3432 2232/2/3429
f 2233/2/3433 2257/2/3434 2255/2/3435
f 2255/2/3435 2231/2/3436 2233/2/3433
f 2258/2/3437 2256/2/3438 2232/2/3439
f 2232/2/3439 2234/2/3440 2258/2/3437
f 2218/2/3441 2235/2/3442 2259/2/3443
f 2259/2/3443 2260/2/3444 2218/2/3441
f 2236/2/3445 2261/2/3446 2257/2/3445
f 2257/2/3445 2233/2/3447 2236/2/3445
f 2237/2/3448 2262/2/3449 2258/2/3448
f 2258/2/3448 2234/2/3450 2237/2/3448
f 2238/2/3451 2263/2/3452 2259/2/3451
f 2259/2/3451 2235/2/3453 2238/2/3451
f 2264/2/3454 2261/2/3455 2236/2/3456
f 2236/2/3456 2239/2/3457 2264/2/3454
f 2240/2/3458 2265/2/3459 2262/2/3460
f 2262/2/3460 2237/2/3461 2240/2/3458
f 2241/2/3462 2266/2/3463 2263/2/3464
f 2263/2/3464 2238/2/3462 2241/2/3462
f 2242/2/3465 2267/2/3466 2264/2/3467
f 2264/2/3467 2239/2/3468 2242/2/3465
f 2265/2/3469 2240/2/3470 2181/2/3471
f 2181/2/3471 2268/2/3471 2265/2/3469
f 2216/2/3472 2269/2/3473 2266/2/3474
f 2266/2/3474 2241/2/3475 2216/2/3472
f 2217/2/3476 2270/2/3476 2267/2/3476
f 2267/2/3476 2242/2/3477 2217/2/3476
f 2180/2/3478 2271/2/3478 2268/2/3479
f 2268/2/3479 2181/2/3480 2180/2/3478
f 2269/2/3481 2216/2/3481 2215/2/3481
f 2215/2/3481 2272/2/3481 2269/2/3481
f 2260/2/3482 2270/2/3483 2217/2/3483
f 2217/2/3483 2218/2/3484 2260/2/3482
f 2219/2/3485 2273/2/3486 2271/2/3486
f 2271/2/3486 2180/2/3486 2219/2/3485
f 2220/2/3487 2274/2/3488 2272/2/3489
f 2272/2/3489 2215/2/3490 2220/2/3487
f 2273/2/3491 2219/2/3492 2214/2/3493
f 2214/2/3493 2213/2/3494 2273/2/3491
f 2221/2/3495 2247/2/3495 2274/2/3495
f 2274/2/3495 2220/2/3495 2221/2/3495
f 2275/2/3496 2276/2/3496 2277/2/3497
f 2277/2/3497 2278/2/3496 2275/2/3496
f 2252/2/3498 2279/2/3026 2280/2/3026
f 2280/2/3026 2251/2/3499 2252/2/3498
f 2253/2/3500 2281/2/3501 2243/2/3502
f 2243/2/3502 2246/2/3030 2253/2/3500
f 2282/2/3503 2279/2/3286 2252/2/3504
f 2252/2/3504 2254/2/3505 2282/2/3503
f 2255/2/3506 2278/2/3507 2281/2/3506
f 2281/2/3506 2253/2/3506 2255/2/3506
f 2256/2/3036 2283/2/3036 2282/2/3036
f 2282/2/3036 2254/2/3036 2256/2/3036
f 2275/2/3508 2278/2/3509 2255/2/3510
f 2255/2/3510 2257/2/3511 2275/2/3508
f 2258/2/3512 2284/2/3513 2283/2/3512
f 2283/2/3512 2256/2/3514 2258/2/3512
f 2260/2/2948 2259/2/3515 2285/2/3516
f 2285/2/3516 2286/2/3517 2260/2/2948
f 2261/2/3518 2287/2/3519 2275/2/3518
f 2275/2/3518 2257/2/3520 2261/2/3518
f 2288/2/3521 2284/2/3522 2258/2/3523
f 2258/2/3523 2262/2/3523 2288/2/3521
f 2285/2/3221 2259/2/3221 2263/2/3524
f 2263/2/3524 2289/2/3221 2285/2/3221
f 2264/2/3223 2290/2/3224 2287/2/3223
f 2287/2/3223 2261/2/3525 2264/2/3223
f 2265/2/2967 2291/2/2967 2288/2/2967
f 2288/2/2967 2262/2/3526 2265/2/2967
f 2289/2/3527 2263/2/3528 2266/2/2972
f 2266/2/2972 2292/2/2971 2289/2/3527
f 2293/2/3529 2290/2/2974 2264/2/3530
f 2264/2/3530 2267/2/3531 2293/2/3529
f 2268/2/3532 2294/2/3533 2291/2/2977
f 2291/2/2977 2265/2/2976 2268/2/3532
f 2269/2/3239 2295/2/3239 2292/2/3239
f 2292/2/3239 2266/2/3239 2269/2/3239
f 2270/2/3534 2296/2/2984 2293/2/3534
f 2293/2/3534 2267/2/3534 2270/2/3534
f 2297/2/3535 2294/2/3243 2268/2/3536
f 2268/2/3536 2271/2/3535 2297/2/3535
f 2272/2/2989 2298/2/2989 2295/2/2989
f 2295/2/2989 2269/2/2989 2272/2/2989
f 2286/2/2990 2296/2/3537 2270/2/3538
f 2270/2/3538 2260/2/2990 2286/2/2990
f 2273/2/3539 2299/2/2991 2297/2/2991
f 2297/2/2991 2271/2/2991 2273/2/3539
f 2298/2/3540 2272/2/3541 2274/2/3542
f 2274/2/3542 2300/2/3543 2298/2/3540
f 2213/2/3544 2301/2/3544 2299/2/3544
f 2299/2/3544 2273/2/3544 2213/2/3544
f 2247/2/2999 2302/2/3000 2300/2/2999
f 2300/2/2999 2274/2/3545 2247/2/2999
f 2303/2/3546 2301/2/3263 2213/2/3546
f 2213/2/3546 2212/2/3003 2303/2/3546
f 2248/2/3547 2304/2/3548 2302/2/3547
f 2302/2/3547 2247/2/3549 2248/2/3547
f 2249/2/3550 2305/2/3267 2303/2/3551
f 2303/2/3551 2212/2/3009 2249/2/3550
f 2306/2/3552 2304/2/3012 2248/2/3012
f 2248/2/3012 2250/2/3553 2306/2/3552
f 2245/2/3013 2244/2/3013 2305/2/3013
f 2305/2/3013 2249/2/3013 2245/2/3013
f 2251/2/3017 2280/2/3554 2306/2/3017
f 2306/2/3017 2250/2/3017 2251/2/3017
f 2307/2/3555 2308/2/3556 2309/2/3557
f 2309/2/3557 2310/2/3556 2307/2/3555
f 2284/2/3558 2311/2/3558 2312/2/3558
f 2312/2/3558 2283/2/3558 2284/2/3558
f 2313/2/3559 2314/2/3559 2286/2/3559
f 2286/2/3559 2285/2/3559 2313/2/3559
f 2315/2/3560 2276/2/3560 2275/2/3561
f 2275/2/3561 2287/2/3560 2315/2/3560
f 2288/2/3562 2316/2/3562 2311/2/3563
f 2311/2/3563 2284/2/3562 2288/2/3562
f 2289/2/3564 2317/2/3565 2313/2/3565
f 2313/2/3565 2285/2/3565 2289/2/3564
f 2290/2/3566 2318/2/3566 2315/2/3567
f 2315/2/3567 2287/2/3566 2290/2/3566
f 2319/2/3568 2316/2/3569 2288/2/3569
f 2288/2/3569 2291/2/3569 2319/2/3568
f 2292/2/3570 2320/2/3570 2317/2/3571
f 2317/2/3571 2289/2/3570 2292/2/3570
f 2293/2/3572 2321/2/3573 2318/2/3573
f 2318/2/3573 2290/2/3573 2293/2/3572
f 2294/2/3574 2322/2/3575 2319/2/3575
f 2319/2/3575 2291/2/3575 2294/2/3574
f 2323/2/3576 2320/2/3576 2292/2/3577
f 2292/2/3577 2295/2/3576 2323/2/3576
f 2321/2/3578 2293/2/3578 2296/2/3579
f 2296/2/3579 2324/2/3578 2321/2/3578
f 2297/2/3580 2325/2/3581 2322/2/3582
f 2322/2/3582 2294/2/3581 2297/2/3580
f 2298/2/3583 2326/2/3583 2323/2/3583
f 2323/2/3583 2295/2/3583 2298/2/3583
f 2314/2/3584 2324/2/3584 2296/2/3584
f 2296/2/3584 2286/2/3584 2314/2/3584
f 2325/2/3585 2297/2/3586 2299/2/3586
f 2299/2/3586 2327/2/3586 2325/2/3585
f 2300/2/3587 2328/2/3588 2326/2/3588
f 2326/2/3588 2298/2/3588 2300/2/3587
f 2301/2/3589 2329/2/3589 2327/2/3590
f 2327/2/3590 2299/2/3589 2301/2/3589
f 2330/2/3591 2328/2/3591 2300/2/3591
f 2300/2/3591 2302/2/3591 2330/2/3591
f 2303/2/3592 2331/2/3592 2329/2/3593
f 2329/2/3593 2301/2/3592 2303/2/3592
f 2304/2/3594 2332/2/3594 2330/2/3594
f 2330/2/3594 2302/2/3594 2304/2/3594
f 2309/2/3595 2331/2/3596 2303/2/3597
f 2303/2/3597 2305/2/3596 2309/2/3595
f 2306/2/3598 2333/2/3598 2332/2/3599
f 2332/2/3599 2304/2/3598 2306/2/3598
f 2244/2/3600 2310/2/3601 2309/2/3602
f 2309/2/3602 2305/2/3601 2244/2/3600
f 2333/2/3603 2306/2/3603 2280/2/3603
f 2280/2/3603 2334/2/3603 2333/2/3603
f 2243/2/3604 2335/2/3605 2310/2/3604
f 2310/2/3604 2244/2/3606 2243/2/3604
f 2279/2/3607 2336/2/3608 2334/2/3609
f 2334/2/3609 2280/2/3608 2279/2/3607
f 2335/2/3610 2243/2/3611 2281/2/3612
f 2281/2/3612 2337/2/3613 2335/2/3610
f 2282/2/3614 2338/2/3614 2336/2/3614
f 2336/2/3614 2279/2/3614 2282/2/3614
f 2278/2/3615 2277/2/3616 2337/2/3617
f 2337/2/3617 2281/2/3616 2278/2/3615
f 2312/2/3618 2338/2/3619 2282/2/3619
f 2282/2/3619 2283/2/3619 2312/2/3618
f 2339/2/3620 2340/2/3621 2341/2/3620
f 2341/2/3620 2342/2/3621 2339/2/3620
f 2334/2/3622 2343/2/3623 2344/2/3624
f 2344/2/3624 2333/2/3625 2334/2/3622
f 2335/2/3626 2345/2/3627 2307/2/3628
f 2307/2/3628 2310/2/3628 2335/2/3626
f 2346/2/3629 2343/2/3629 2334/2/3630
f 2334/2/3630 2336/2/3631 2346/2/3629
f 2337/2/3632 2342/2/3633 2345/2/3633
f 2345/2/3633 2335/2/3633 2337/2/3632
f 2338/2/3634 2347/2/3635 2346/2/3636
f 2346/2/3636 2336/2/3636 2338/2/3634
f 2342/2/3637 2337/2/3638 2277/2/3639
f 2277/2/3639 2339/2/3640 2342/2/3637
f 2312/2/3641 2348/2/3642 2347/2/3642
f 2347/2/3642 2338/2/3643 2312/2/3641
f 2276/2/3644 2349/2/3644 2339/2/3644
f 2339/2/3644 2277/2/3644 2276/2/3644
f 2348/2/3645 2312/2/3646 2311/2/3647
f 2311/2/3647 2350/2/3648 2348/2/3645
f 2314/2/3649 2313/2/3650 2351/2/3649
f 2351/2/3649 2352/2/3651 2314/2/3649
f 2315/2/3652 2353/2/3653 2349/2/3654
f 2349/2/3654 2276/2/3655 2315/2/3652
f 2316/2/3656 2354/2/3657 2350/2/3657
f 2350/2/3657 2311/2/3658 2316/2/3656
f 2317/2/3659 2355/2/3660 2351/2/3661
f 2351/2/3661 2313/2/3662 2317/2/3659
f 2356/2/3663 2353/2/3664 2315/2/3665
f 2315/2/3665 2318/2/3666 2356/2/3663
f 2319/2/3667 2357/2/3668 2354/2/3669
f 2354/2/3669 2316/2/3670 2319/2/3667
f 2320/2/3671 2358/2/3672 2355/2/3673
f 2355/2/3673 2317/2/3674 2320/2/3671
f 2321/2/3675 2359/2/3676 2356/2/3676
f 2356/2/3676 2318/2/3677 2321/2/3675
f 2360/2/3678 2357/2/3679 2319/2/3680
f 2319/2/3680 2322/2/3679 2360/2/3678
f 2323/2/3681 2361/2/3682 2358/2/3681
f 2358/2/3681 2320/2/3681 2323/2/3681
f 2324/2/3683 2362/2/3684 2359/2/3685
f 2359/2/3685 2321/2/3686 2324/2/3683
f 2325/2/3687 2363/2/3688 2360/2/3689
f 2360/2/3689 2322/2/3690 2325/2/3687
f 2361/2/3691 2323/2/3692 2326/2/3693
f 2326/2/3693 2364/2/3692 2361/2/3691
f 2352/2/3694 2362/2/3695 2324/2/3695
f 2324/2/3695 2314/2/3695 2352/2/3694
f 2327/2/3696 2365/2/3697 2363/2/3698
f 2363/2/3698 2325/2/3699 2327/2/3696
f 2328/2/3700 2366/2/3701 2364/2/3702
f 2364/2/3702 2326/2/3703 2328/2/3700
f 2365/2/3704 2327/2/3705 2329/2/3704
f 2329/2/3704 2367/2/3706 2365/2/3704
f 2330/2/3707 2368/2/3708 2366/2/3708
f 2366/2/3708 2328/2/3709 2330/2/3707
f 2331/2/3710 2369/2/3711 2367/2/3712
f 2367/2/3712 2329/2/3713 2331/2/3710
f 2370/2/3714 2368/2/3715 2330/2/3714
f 2330/2/3714 2332/2/3716 2370/2/3714
f 2309/2/3717 2308/2/3718 2369/2/3719
f 2369/2/3719 2331/2/3717 2309/2/3717
f 2333/2/3720 2344/2/3721 2370/2/3721
f 2370/2/3721 2332/2/3722 2333/2/3720
f 2371/2/3723 2372/2/3723 2373/2/3723
f 2373/2/3723 2374/2/3723 2371/2/3723
f 2348/2/3724 2375/2/3724 2376/2/3724
f 2376/2/3724 2347/2/3724 2348/2/3724
f 2339/2/3725 2349/2/3726 2377/2/3727
f 2377/2/3727 2340/2/3728 2339/2/3725
f 2350/2/3729 2378/2/3730 2375/2/3729
f 2375/2/3729 2348/2/3731 2350/2/3729
f 2352/2/3732 2351/2/3733 2379/2/3732
f 2379/2/3732 2380/2/3734 2352/2/3732
f 2377/2/3735 2349/2/3735 2353/2/3736
f 2353/2/3736 2372/2/3736 2377/2/3735
f 2350/2/3737 2354/2/3737 2381/2/3738
f 2381/2/3738 2378/2/3739 2350/2/3737
f 2379/2/3740 2351/2/3741 2355/2/3740
f 2355/2/3740 2382/2/3741 2379/2/3740
f 2356/2/3742 2373/2/3742 2372/2/3743
f 2372/2/3743 2353/2/3742 2356/2/3742
f 2381/2/3744 2354/2/3745 2357/2/3744
f 2357/2/3744 2383/2/3746 2381/2/3744
f 2382/2/3747 2355/2/3748 2358/2/3747
f 2358/2/3747 2384/2/3749 2382/2/3747
f 2356/2/3750 2359/2/3751 2385/2/3750
f 2385/2/3750 2373/2/3751 2356/2/3750
f 2360/2/3752 2386/2/3753 2383/2/3752
f 2383/2/3752 2357/2/3754 2360/2/3752
f 2361/2/3755 2387/2/3755 2384/2/3755
f 2384/2/3755 2358/2/3755 2361/2/3755
f 2385/2/3756 2359/2/3757 2362/2/3758
f 2362/2/3758 2388/2/3759 2385/2/3756
f 2360/2/3760 2363/2/3761 2389/2/3760
f 2389/2/3760 2386/2/3762 2360/2/3760
f 2364/2/3763 2390/2/3763 2387/2/3763
f 2387/2/3763 2361/2/3763 2364/2/3763
f 2362/2/3764 2352/2/3764 2380/2/3765
f 2380/2/3765 2388/2/3764 2362/2/3764
f 2389/2/3766 2363/2/3767 2365/2/3768
f 2365/2/3768 2391/2/3767 2389/2/3766
f 2390/2/3769 2364/2/3770 2366/2/3771
f 2366/2/3771 2392/2/3772 2390/2/3769
f 2367/2/3773 2393/2/3773 2391/2/3773
f 2391/2/3773 2365/2/3773 2367/2/3773
f 2368/2/3774 2394/2/3775 2392/2/3774
f 2392/2/3774 2366/2/3776 2368/2/3774
f 2367/2/3777 2369/2/3778 2395/2/3779
f 2395/2/3779 2393/2/3780 2367/2/3777
f 2370/2/3781 2396/2/3782 2394/2/3781
f 2394/2/3781 2368/2/3783 2370/2/3781
f 2395/2/3784 2369/2/3785 2308/2/3786
f 2308/2/3786 2397/2/3785 2395/2/3784
f 2370/2/3787 2344/2/3788 2398/2/3789
f 2398/2/3789 2396/2/3790 2370/2/3787
f 2307/2/3791 2399/2/3792 2397/2/3791
f 2397/2/3791 2308/2/3793 2307/2/3791
f 2398/2/3794 2344/2/3795 2343/2/3796
f 2343/2/3796 2400/2/3797 2398/2/3794
f 2307/2/3798 2345/2/3799 2401/2/3798
f 2401/2/3798 2399/2/3800 2307/2/3798
f 2402/2/3801 2400/2/3802 2343/2/3801
f 2343/2/3801 2346/2/3803 2402/2/3801
f 2401/2/3804 2345/2/3805 2342/2/3806
f 2342/2/3806 2341/2/3807 2401/2/3804
f 2402/2/3808 2346/2/3808 2347/2/3809
f 2347/2/3809 2376/2/3810 2402/2/3808
f 2403/2/3811 2404/2/3812 2405/2/3813
f 2405/2/3813 2406/2/3814 2403/2/3811
f 2383/2/3815 2407/2/3816 2408/2/3815
f 2408/2/3815 2381/2/3816 2383/2/3815
f 2384/2/3817 2409/2/3817 2410/2/3817
f 2410/2/3817 2382/2/3817 2384/2/3817
f 2385/2/3818 2411/2/3819 2374/2/3820
f 2374/2/3820 2373/2/3819 2385/2/3818
f 2407/2/3821 2383/2/3821 2386/2/3821
f 2386/2/3821 2412/2/3821 2407/2/3821
f 2384/2/3822 2387/2/3822 2413/2/3822
f 2413/2/3822 2409/2/3822 2384/2/3822
f 2388/2/3823 2405/2/3824 2411/2/3825
f 2411/2/3825 2385/2/3824 2388/2/3823
f 2389/2/3826 2414/2/3827 2412/2/3828
f 2412/2/3828 2386/2/3827 2389/2/3826
f 2413/2/3829 2387/2/3829 2390/2/3829
f 2390/2/3829 2415/2/3829 2413/2/3829
f 2406/2/3830 2405/2/3830 2388/2/3830
f 2388/2/3830 2380/2/3830 2406/2/3830
f 2391/2/3831 2416/2/3832 2414/2/3833
f 2414/2/3833 2389/2/3832 2391/2/3831
f 2392/2/3834 2417/2/3834 2415/2/3834
f 2415/2/3834 2390/2/3834 2392/2/3834
f 2416/2/3835 2391/2/3836 2393/2/3837
f 2393/2/3837 2418/2/3836 2416/2/3835
f 2392/2/3838 2394/2/3839 2419/2/3839
f 2419/2/3839 2417/2/3839 2392/2/3838
f 2395/2/3840 2420/2/3840 2418/2/3840
f 2418/2/3840 2393/2/3841 2395/2/3840
f 2419/2/3842 2394/2/3842 2396/2/3842
f 2396/2/3842 2421/2/3842 2419/2/3842
f 2397/2/3843 2422/2/3844 2420/2/3845
f 2420/2/3845 2395/2/3844 2397/2/3843
f 2398/2/3846 2423/2/3846 2421/2/3847
f 2421/2/3847 2396/2/3846 2398/2/3846
f 2422/2/3848 2397/2/3849 2399/2/3850
f 2399/2/3850 2424/2/3849 2422/2/3848
f 2400/2/3851 2425/2/3851 2423/2/3851
f 2423/2/3851 2398/2/3851 2400/2/3851
f 2401/2/3852 2426/2/3852 2424/2/3852
f 2424/2/3852 2399/2/3853 2401/2/3852
f 2400/2/3854 2402/2/3854 2427/2/3854
f 2427/2/3854 2425/2/3854 2400/2/3854
f 2341/2/3855 2428/2/3856 2426/2/3856
f 2426/2/3856 2401/2/3856 2341/2/3855
f 2429/2/3857 2427/2/3857 2402/2/3857
f 2402/2/3857 2376/2/3857 2429/2/3857
f 2428/2/3858 2341/2/3859 2340/2/3860
f 2340/2/3860 2430/2/3859 2428/2/3858
f 2429/2/3861 2376/2/3861 2375/2/3861
f 2375/2/3861 2431/2/3861 2429/2/3861
f 2377/2/3862 2432/2/3863 2430/2/3862
f 2430/2/3862 2340/2/3863 2377/2/3862
f 2431/2/3864 2375/2/3865 2378/2/3865
f 2378/2/3865 2433/2/3865 2431/2/3864
f 2379/2/3866 2434/2/3867 2406/2/3868
f 2406/2/3868 2380/2/3867 2379/2/3866
f 2372/2/3869 2371/2/3870 2432/2/3870
f 2432/2/3870 2377/2/3870 2372/2/3869
f 2381/2/3871 2408/2/3871 2433/2/3872
f 2433/2/3872 2378/2/3871 2381/2/3871
f 2434/2/3873 2379/2/3873 2382/2/3873
f 2382/2/3873 2410/2/3873 2434/2/3873
f 2435/2/3874 2436/2/3875 2437/2/3876
f 2437/2/3876 2438/2/3877 2435/2/3874
f 2416/2/3878 2439/2/3878 2440/2/3879
f 2440/2/3879 2414/2/3878 2416/2/3878
f 2441/2/3880 2415/2/3881 2417/2/3882
f 2417/2/3882 2442/2/3883 2441/2/3880
f 2418/2/3884 2443/2/3885 2439/2/3886
f 2439/2/3886 2416/2/3887 2418/2/3884
f 2419/2/3888 2444/2/3889 2442/2/3889
f 2442/2/3889 2417/2/3890 2419/2/3888
f 2443/2/3891 2418/2/3892 2420/2/3893
f 2420/2/3893 2438/2/3893 2443/2/3891
f 2421/2/3894 2445/2/3895 2444/2/3894
f 2444/2/3894 2419/2/3896 2421/2/3894
f 2422/2/3897 2435/2/3898 2438/2/3899
f 2438/2/3899 2420/2/3900 2422/2/3897
f 2445/2/3901 2421/2/3902 2423/2/3901
f 2423/2/3901 2446/2/3901 2445/2/3901
f 2424/2/3903 2447/2/3904 2435/2/3905
f 2435/2/3905 2422/2/3905 2424/2/3903
f 2425/2/3906 2448/2/3906 2446/2/3907
f 2446/2/3907 2423/2/3906 2425/2/3906
f 2447/2/3908 2424/2/3909 2426/2/3910
f 2426/2/3910 2449/2/3911 2447/2/3908
f 2427/2/3912 2450/2/3913 2448/2/3914
f 2448/2/3914 2425/2/3915 2427/2/3912
f 2428/2/3916 2451/2/3917 2449/2/3918
f 2449/2/3918 2426/2/3917 2428/2/3916
f 2450/2/3919 2427/2/3920 2429/2/3921
f 2429/2/3921 2452/2/3922 2450/2/3919
f 2430/2/3923 2453/2/3924 2451/2/3925
f 2451/2/3925 2428/2/3926 2430/2/3923
f 2431/2/3927 2454/2/3928 2452/2/3929
f 2452/2/3929 2429/2/3928 2431/2/3927
f 2453/2/3930 2430/2/3931 2432/2/3931
f 2432/2/3931 2455/2/3930 2453/2/3930
f 2433/2/3932 2456/2/3933 2454/2/3934
f 2454/2/3934 2431/2/3935 2433/2/3932
f 2406/2/3936 2434/2/3937 2457/2/3938
f 2457/2/3938 2403/2/3939 2406/2/3936
f 2371/2/3940 2458/2/3941 2455/2/3942
f 2455/2/3942 2432/2/3943 2371/2/3940
f 2456/2/3944 2433/2/3945 2408/2/3946
f 2408/2/3946 2459/2/3947 2456/2/3944
f 2410/2/3948 2460/2/3948 2457/2/3949
f 2457/2/3949 2434/2/3948 2410/2/3948
f 2374/2/3950 2461/2/3951 2458/2/3952
f 2458/2/3952 2371/2/3953 2374/2/3950
f 2407/2/3954 2462/2/3954 2459/2/3954
f 2459/2/3954 2408/2/3955 2407/2/3954
f 2460/2/3956 2410/2/3956 2409/2/3957
f 2409/2/3957 2463/2/3958 2460/2/3956
f 2461/2/3959 2374/2/3959 2411/2/3960
f 2411/2/3960 2464/2/3960 2461/2/3959
f 2412/2/3961 2465/2/3962 2462/2/3962
f 2462/2/3962 2407/2/3963 2412/2/3961
f 2413/2/3964 2466/2/3965 2463/2/3964
f 2463/2/3964 2409/2/3966 2413/2/3964
f 2405/2/3967 2404/2/3968 2464/2/3969
f 2464/2/3969 2411/2/3970 2405/2/3967
f 2465/2/3971 2412/2/3971 2414/2/3972
f 2414/2/3972 2440/2/3973 2465/2/3971
f 2415/2/3974 2441/2/3975 2466/2/3976
f 2466/2/3976 2413/2/3977 2415/2/3974
f 2467/2/3978 2468/2/3979 2469/2/3980
f 2469/2/3980 2470/2/3979 2467/2/3978
f 2471/2/3981 2472/2/3982 2445/2/3981
f 2445/2/3981 2446/2/3983 2471/2/3981
f 2447/2/3984 2473/2/3985 2436/2/3984
f 2436/2/3984 2435/2/3986 2447/2/3984
f 2448/2/3987 2474/2/3988 2471/2/3988
f 2471/2/3988 2446/2/3989 2448/2/3987
f 2468/2/3990 2473/2/3991 2447/2/3990
f 2447/2/3990 2449/2/3992 2468/2/3990
f 2450/2/3993 2475/2/3994 2474/2/3995
f 2474/2/3995 2448/2/3995 2450/2/3993
f 2451/2/3996 2469/2/3997 2468/2/3998
f 2468/2/3998 2449/2/3999 2451/2/3996
f 2476/2/4000 2475/2/4001 2450/2/4000
f 2450/2/4000 2452/2/4002 2476/2/4000
f 2453/2/4003 2477/2/4003 2469/2/4003
f 2469/2/4003 2451/2/4004 2453/2/4003
f 2454/2/4005 2478/2/4006 2476/2/4007
f 2476/2/4007 2452/2/4008 2454/2/4005
f 2479/2/4009 2477/2/4010 2453/2/4011
f 2453/2/4011 2455/2/4011 2479/2/4009
f 2456/2/4012 2480/2/4013 2478/2/4014
f 2478/2/4014 2454/2/4015 2456/2/4012
f 2481/2/4016 2403/2/4017 2457/2/4016
f 2457/2/4016 2482/2/4016 2481/2/4016
f 2458/2/4018 2483/2/4019 2479/2/4020
f 2479/2/4020 2455/2/4020 2458/2/4018
f 2484/2/4021 2480/2/4022 2456/2/4021
f 2456/2/4021 2459/2/4023 2484/2/4021
f 2482/2/4024 2457/2/4025 2460/2/4024
f 2460/2/4024 2485/2/4026 2482/2/4024
f 2461/2/4027 2486/2/4028 2483/2/4028
f 2483/2/4028 2458/2/4027 2461/2/4027
f 2462/2/4029 2487/2/4030 2484/2/4030
f 2484/2/4030 2459/2/4030 2462/2/4029
f 2463/2/4031 2488/2/4032 2485/2/4033
f 2485/2/4033 2460/2/4034 2463/2/4031
f 2489/2/4035 2486/2/4036 2461/2/4037
f 2461/2/4037 2464/2/4036 2489/2/4035
f 2465/2/4038 2490/2/4039 2487/2/4040
f 2487/2/4040 2462/2/4040 2465/2/4038
f 2488/2/4041 2463/2/4042 2466/2/4041
f 2466/2/4041 2491/2/4043 2488/2/4041
f 2404/2/4044 2492/2/4044 2489/2/4044
f 2489/2/4044 2464/2/4045 2404/2/4044
f 2493/2/4046 2490/2/4047 2465/2/4046
f 2465/2/4046 2440/2/4048 2493/2/4046
f 2441/2/4049 2494/2/4050 2491/2/4051
f 2491/2/4051 2466/2/4052 2441/2/4049
f 2481/2/4053 2492/2/4054 2404/2/4054
f 2404/2/4054 2403/2/4053 2481/2/4053
f 2439/2/4055 2495/2/4056 2493/2/4055
f 2493/2/4055 2440/2/4055 2439/2/4055
f 2442/2/4057 2496/2/4057 2494/2/4057
f 2494/2/4057 2441/2/4058 2442/2/4057
f 2443/2/4059 2497/2/4059 2495/2/4059
f 2495/2/4059 2439/2/4059 2443/2/4059
f 2496/2/4060 2442/2/4061 2444/2/4062
f 2444/2/4062 2498/2/4063 2496/2/4060
f 2437/2/4064 2497/2/4064 2443/2/4064
f 2443/2/4064 2438/2/4065 2437/2/4064
f 2445/2/4066 2472/2/4067 2498/2/4068
f 2498/2/4068 2444/2/4069 2445/2/4066
f 2499/2/4070 2500/2/4070 2501/2/4070
f 2501/2/4070 2502/2/4070 2499/2/4070
f 2476/2/4071 2503/2/4071 2504/2/4072
f 2504/2/4072 2475/2/4071 2476/2/4071
f 2477/2/4073 2505/2/4074 2470/2/4073
f 2470/2/4073 2469/2/4075 2477/2/4073
f 2506/2/4076 2503/2/4077 2476/2/4078
f 2476/2/4078 2478/2/4077 2506/2/4076
f 2479/2/4079 2507/2/4079 2505/2/4080
f 2505/2/4080 2477/2/4079 2479/2/4079
f 2480/2/4081 2508/2/4082 2506/2/4083
f 2506/2/4083 2478/2/4082 2480/2/4081
f 2500/2/4084 2499/2/4084 2481/2/4085
f 2481/2/4085 2482/2/4084 2500/2/4084
f 2509/2/4086 2507/2/4087 2479/2/4088
f 2479/2/4088 2483/2/4087 2509/2/4086
f 2484/2/4089 2510/2/4090 2508/2/4091
f 2508/2/4091 2480/2/4090 2484/2/4089
f 2485/2/4092 2511/2/4092 2500/2/4092
f 2500/2/4092 2482/2/4092 2485/2/4092
f 2486/2/4093 2512/2/4094 2509/2/4094
f 2509/2/4094 2483/2/4094 2486/2/4093
f 2513/2/4095 2510/2/4095 2484/2/4095
f 2484/2/4095 2487/2/4095 2513/2/4095
f 2488/2/4096 2514/2/4097 2511/2/4096
f 2511/2/4096 2485/2/4097 2488/2/4096
f 2489/2/4098 2515/2/4099 2512/2/4099
f 2512/2/4099 2486/2/4099 2489/2/4098
f 2490/2/4100 2516/2/4101 2513/2/4102
f 2513/2/4102 2487/2/4101 2490/2/4100
f 2517/2/4103 2514/2/4104 2488/2/4104
f 2488/2/4104 2491/2/4104 2517/2/4103
f 2518/2/4105 2515/2/4105 2489/2/4106
f 2489/2/4106 2492/2/4105 2518/2/4105
f 2493/2/4107 2519/2/4108 2516/2/4108
f 2516/2/4108 2490/2/4108 2493/2/4107
f 2494/2/4109 2520/2/4109 2517/2/4110
f 2517/2/4110 2491/2/4109 2494/2/4109
f 2518/2/4111 2492/2/4111 2481/2/4112
f 2481/2/4112 2499/2/4111 2518/2/4111
f 2519/2/4113 2493/2/4113 2495/2/4114
f 2495/2/4114 2521/2/4113 2519/2/4113
f 2496/2/4115 2522/2/4115 2520/2/4116
f 2520/2/4116 2494/2/4115 2496/2/4115
f 2497/2/4117 2523/2/4118 2521/2/4118
f 2521/2/4118 2495/2/4118 2497/2/4117
f 2524/2/4119 2522/2/4119 2496/2/4120
f 2496/2/4120 2498/2/4119 2524/2/4119
f 2437/2/4121 2525/2/4121 2523/2/4122
f 2523/2/4122 2497/2/4121 2437/2/4121
f 2472/2/4123 2526/2/4123 2524/2/4124
f 2524/2/4124 2498/2/4123 2472/2/4123
f 2525/2/4125 2437/2/4126 2436/2/4127
f 2436/2/4127 2527/2/4126 2525/2/4125
f 2471/2/4128 2528/2/4128 2526/2/4128
f 2526/2/4128 2472/2/4128 2471/2/4128
f 2473/2/4129 2529/2/4129 2527/2/4130
f 2527/2/4130 2436/2/4129 2473/2/4129
f 2530/2/4131 2528/2/4131 2471/2/4131
f 2471/2/4131 2474/2/4131 2530/2/4131
f 2468/2/4132 2467/2/4133 2529/2/4134
f 2529/2/4134 2473/2/4133 2468/2/4132
f 2475/2/4135 2504/2/4135 2530/2/4136
f 2530/2/4136 2474/2/4135 2475/2/4135
f 2531/2/4137 2532/2/4138 2533/2/4137
f 2533/2/4137 2534/2/4139 2531/2/4137
f 2509/2/4140 2535/2/4140 2536/2/4141
f 2536/2/4141 2507/2/4142 2509/2/4140
f 2510/2/4143 2537/2/4144 2538/2/4145
f 2538/2/4145 2508/2/4146 2510/2/4143
f 2511/2/4147 2539/2/4148 2501/2/4149
f 2501/2/4149 2500/2/4150 2511/2/4147
f 2540/2/4151 2535/2/4152 2509/2/4152
f 2509/2/4152 2512/2/4153 2540/2/4151
f 2513/2/4154 2541/2/4155 2537/2/4156
f 2537/2/4156 2510/2/4157 2513/2/4154
f 2514/2/4158 2534/2/4159 2539/2/4160
f 2539/2/4160 2511/2/4159 2514/2/4158
f 2515/2/4161 2542/2/4162 2540/2/4163
f 2540/2/4163 2512/2/4164 2515/2/4161
f 2541/2/4165 2513/2/4166 2516/2/4165
f 2516/2/4165 2543/2/4167 2541/2/4165
f 2517/2/4168 2531/2/4168 2534/2/4169
f 2534/2/4169 2514/2/4169 2517/2/4168
f 2518/2/4170 2544/2/4171 2542/2/4170
f 2542/2/4170 2515/2/4172 2518/2/4170
f 2519/2/4173 2545/2/4174 2543/2/4175
f 2543/2/4175 2516/2/4176 2519/2/4173
f 2531/2/4177 2517/2/4178 2520/2/4178
f 2520/2/4178 2546/2/4179 2531/2/4177
f 2544/2/4180 2518/2/4181 2499/2/4180
f 2499/2/4180 2502/2/4182 2544/2/4180
f 2521/2/4183 2547/2/4184 2545/2/4185
f 2545/2/4185 2519/2/4186 2521/2/4183
f 2522/2/4187 2548/2/4188 2546/2/4189
f 2546/2/4189 2520/2/4190 2522/2/4187
f 2549/2/4191 2547/2/4192 2521/2/4191
f 2521/2/4191 2523/2/4193 2549/2/4191
f 2524/2/4194 2550/2/4194 2548/2/4195
f 2548/2/4195 2522/2/4196 2524/2/4194
f 2525/2/4197 2551/2/4198 2549/2/4197
f 2549/2/4197 2523/2/4199 2525/2/4197
f 2552/2/4200 2550/2/4201 2524/2/4202
f 2524/2/4202 2526/2/4203 2552/2/4200
f 2527/2/4204 2553/2/4205 2551/2/4206
f 2551/2/4206 2525/2/4207 2527/2/4204
f 2528/2/4208 2554/2/4209 2552/2/4210
f 2552/2/4210 2526/2/4208 2528/2/4208
f 2553/2/4211 2527/2/4212 2529/2/4213
f 2529/2/4213 2555/2/4214 2553/2/4211
f 2530/2/4215 2556/2/4216 2554/2/4215
f 2554/2/4215 2528/2/4217 2530/2/4215
f 2467/2/4218 2557/2/4219 2555/2/4218
f 2555/2/4218 2529/2/4220 2467/2/4218
f 2558/2/4221 2556/2/4222 2530/2/4223
f 2530/2/4223 2504/2/4224 2558/2/4221
f 2470/2/4225 2559/2/4226 2557/2/4227
f 2557/2/4227 2467/2/4228 2470/2/4225
f 2503/2/4229 2560/2/4230 2558/2/4230
f 2558/2/4230 2504/2/4230 2503/2/4229
f 2561/2/4231 2559/2/4231 2470/2/4232
f 2470/2/4232 2505/2/4233 2561/2/4231
f 2506/2/4234 2562/2/4235 2560/2/4234
f 2560/2/4234 2503/2/4236 2506/2/4234
f 2507/2/4237 2536/2/4237 2561/2/4238
f 2561/2/4238 2505/2/4239 2507/2/4237
f 2562/2/4240 2506/2/4241 2508/2/4242
f 2508/2/4242 2538/2/4241 2562/2/4240
f 2563/2/4243 2564/2/4243 2565/2/4243
f 2565/2/4243 2566/2/4243 2563/2/4243
f 2544/2/4244 2567/2/4244 2568/2/4244
f 2568/2/4244 2542/2/4244 2544/2/4244
f 2569/2/4245 2570/2/4245 2543/2/4245
f 2543/2/4245 2545/2/4245 2569/2/4245
f 2546/2/4246 2571/2/4247 2532/2/4246
f 2532/2/4246 2531/2/4248 2546/2/4246
f 2572/2/4249 2567/2/4249 2544/2/4249
f 2544/2/4249 2502/2/4249 2572/2/4249
f 2547/2/4250 2573/2/4251 2569/2/4250
f 2569/2/4250 2545/2/4252 2547/2/4250
f 2571/2/4253 2546/2/4254 2548/2/4254
f 2548/2/4254 2565/2/4255 2571/2/4253
f 2549/2/4256 2574/2/4257 2573/2/4256
f 2573/2/4256 2547/2/4258 2549/2/4256
f 2550/2/4259 2566/2/4260 2565/2/4261
f 2565/2/4261 2548/2/4262 2550/2/4259
f 2575/2/4263 2574/2/4264 2549/2/4263
f 2549/2/4263 2551/2/4263 2575/2/4263
f 2552/2/4265 2576/2/4265 2566/2/4266
f 2566/2/4266 2550/2/4265 2552/2/4265
f 2553/2/4267 2577/2/4268 2575/2/4267
f 2575/2/4267 2551/2/4267 2553/2/4267
f 2578/2/4269 2576/2/4270 2552/2/4271
f 2552/2/4271 2554/2/4269 2578/2/4269
f 2555/2/4272 2579/2/4272 2577/2/4272
f 2577/2/4272 2553/2/4272 2555/2/4272
f 2556/2/4273 2580/2/4274 2578/2/4273
f 2578/2/4273 2554/2/4275 2556/2/4273
f 2581/2/4276 2579/2/4277 2555/2/4278
f 2555/2/4278 2557/2/4279 2581/2/4276
f 2558/2/4280 2582/2/4281 2580/2/4282
f 2580/2/4282 2556/2/4283 2558/2/4280
f 2559/2/4284 2583/2/4285 2581/2/4286
f 2581/2/4286 2557/2/4287 2559/2/4284
f 2584/2/4288 2582/2/4288 2558/2/4288
f 2558/2/4288 2560/2/4288 2584/2/4288
f 2561/2/4289 2585/2/4289 2583/2/4289
f 2583/2/4289 2559/2/4289 2561/2/4289
f 2562/2/4290 2586/2/4291 2584/2/4290
f 2584/2/4290 2560/2/4292 2562/2/4290
f 2587/2/4293 2585/2/4294 2561/2/4293
f 2561/2/4293 2536/2/4295 2587/2/4293
f 2538/2/4296 2588/2/4297 2586/2/4298
f 2586/2/4298 2562/2/4299 2538/2/4296
f 2502/2/4300 2501/2/4301 2589/2/4300
f 2589/2/4300 2572/2/4301 2502/2/4300
f 2535/2/4302 2590/2/4302 2587/2/4302
f 2587/2/4302 2536/2/4303 2535/2/4302
f 2591/2/4304 2588/2/4305 2538/2/4305
f 2538/2/4305 2537/2/4306 2591/2/4304
f 2592/2/4307 2589/2/4308 2501/2/4307
f 2501/2/4307 2539/2/4309 2592/2/4307
f 2540/2/4310 2593/2/4311 2590/2/4310
f 2590/2/4310 2535/2/4312 2540/2/4310
f 2541/2/4313 2594/2/4314 2591/2/4313
f 2591/2/4313 2537/2/4313 2541/2/4313
f 2533/2/4315 2592/2/4316 2539/2/4315
f 2539/2/4315 2534/2/4317 2533/2/4315
f 2568/2/4318 2593/2/4319 2540/2/4318
f 2540/2/4318 2542/2/4320 2568/2/4318
f 2543/2/4321 2570/2/4321 2594/2/4321
f 2594/2/4321 2541/2/4321 2543/2/4321
f 2595/2/4322 2596/2/4323 2597/2/4324
f 2597/2/4324 2598/2/4325 2595/2/4322
f 2575/2/4326 2599/2/4326 2600/2/4327
f 2600/2/4327 2574/2/4326 2575/2/4326
f 2576/2/4328 2601/2/4329 2563/2/4328
f 2563/2/4328 2566/2/4328 2576/2/4328
f 2599/2/4330 2575/2/4331 2577/2/4331
f 2577/2/4331 2602/2/4331 2599/2/4330
f 2578/2/4332 2598/2/4332 2601/2/4332
f 2601/2/4332 2576/2/4332 2578/2/4332
f 2579/2/4333 2603/2/4333 2602/2/4334
f 2602/2/4334 2577/2/4333 2579/2/4333
f 2595/2/4335 2598/2/4335 2578/2/4335
f 2578/2/4335 2580/2/4335 2595/2/4335
f 2581/2/4336 2604/2/4336 2603/2/4336
f 2603/2/4336 2579/2/4337 2581/2/4336
f 2582/2/4338 2605/2/4339 2595/2/4340
f 2595/2/4340 2580/2/4339 2582/2/4338
f 2606/2/4341 2604/2/4342 2581/2/4341
f 2581/2/4341 2583/2/4343 2606/2/4341
f 2584/2/4344 2607/2/4344 2605/2/4344
f 2605/2/4344 2582/2/4344 2584/2/4344
f 2585/2/4345 2608/2/4345 2606/2/4346
f 2606/2/4346 2583/2/4345 2585/2/4345
f 2609/2/4347 2607/2/4348 2584/2/4348
f 2584/2/4348 2586/2/4348 2609/2/4347
f 2587/2/4349 2610/2/4350 2608/2/4350
f 2608/2/4350 2585/2/4350 2587/2/4349
f 2588/2/4351 2611/2/4351 2609/2/4352
f 2609/2/4352 2586/2/4351 2588/2/4351
f 2612/2/4353 2613/2/4353 2572/2/4354
f 2572/2/4354 2589/2/4353 2612/2/4353
f 2614/2/4355 2610/2/4356 2587/2/4357
f 2587/2/4357 2590/2/4356 2614/2/4355
f 2591/2/4358 2615/2/4358 2611/2/4358
f 2611/2/4358 2588/2/4358 2591/2/4358
f 2592/2/4359 2616/2/4360 2612/2/4361
f 2612/2/4361 2589/2/4360 2592/2/4359
f 2593/2/4362 2617/2/4363 2614/2/4363
f 2614/2/4363 2590/2/4363 2593/2/4362
f 2615/2/4364 2591/2/4364 2594/2/4365
f 2594/2/4365 2618/2/4364 2615/2/4364
f 2533/2/4366 2619/2/4367 2616/2/4368
f 2616/2/4368 2592/2/4367 2533/2/4366
f 2568/2/4369 2620/2/4370 2617/2/4371
f 2617/2/4371 2593/2/4370 2568/2/4369
f 2570/2/4372 2621/2/4372 2618/2/4372
f 2618/2/4372 2594/2/4372 2570/2/4372
f 2622/2/4373 2619/2/4373 2533/2/4374
f 2533/2/4374 2532/2/4373 2622/2/4373
f 2623/2/4375 2620/2/4375 2568/2/4376
f 2568/2/4376 2567/2/4375 2623/2/4375
f 2569/2/4377 2624/2/4378 2621/2/4378
f 2621/2/4378 2570/2/4378 2569/2/4377
f 2571/2/4379 2625/2/4379 2622/2/4380
f 2622/2/4380 2532/2/4379 2571/2/4379
f 2613/2/4381 2623/2/4382 2567/2/4381
f 2567/2/4381 2572/2/4382 2613/2/4381
f 2624/2/4383 2569/2/4384 2573/2/4383
f 2573/2/4383 2626/2/4384 2624/2/4383
f 2565/2/4385 2564/2/4386 2625/2/4387
f 2625/2/4387 2571/2/4386 2565/2/4385
f 2574/2/4388 2600/2/4388 2626/2/4389
f 2626/2/4389 2573/2/4388 2574/2/4388
f 2627/2/4390 2628/2/4391 2629/2/4392
f 2629/2/4392 2630/2/4393 2627/2/4390
f 2604/2/4394 2631/2/4394 2632/2/4394
f 2632/2/4394 2603/2/4395 2604/2/4394
f 2633/2/4396 2596/2/4396 2595/2/4397
f 2595/2/4397 2605/2/4398 2633/2/4396
f 2606/2/4399 2634/2/4400 2631/2/4401
f 2631/2/4401 2604/2/4401 2606/2/4399
f 2607/2/4402 2630/2/4403 2633/2/4404
f 2633/2/4404 2605/2/4405 2607/2/4402
f 2634/2/4406 2606/2/4407 2608/2/4406
f 2608/2/4406 2635/2/4408 2634/2/4406
f 2609/2/4409 2627/2/4410 2630/2/4411
f 2630/2/4411 2607/2/4412 2609/2/4409
f 2610/2/4413 2636/2/4413 2635/2/4413
f 2635/2/4413 2608/2/4413 2610/2/4413
f 2627/2/4414 2609/2/4414 2611/2/4415
f 2611/2/4415 2637/2/4416 2627/2/4414
f 2613/2/4417 2612/2/4418 2638/2/4417
f 2638/2/4417 2639/2/4419 2613/2/4417
f 2614/2/4420 2640/2/4420 2636/2/4420
f 2636/2/4420 2610/2/4420 2614/2/4420
f 2615/2/4421 2641/2/4422 2637/2/4423
f 2637/2/4423 2611/2/4424 2615/2/4421
f 2616/2/4425 2642/2/4425 2638/2/4425
f 2638/2/4425 2612/2/4426 2616/2/4425
f 2643/2/4427 2640/2/4428 2614/2/4429
f 2614/2/4429 2617/2/4430 2643/2/4427
f 2618/2/4431 2644/2/4431 2641/2/4432
f 2641/2/4432 2615/2/4431 2618/2/4431
f 2619/2/4433 2645/2/4434 2642/2/4435
f 2642/2/4435 2616/2/4436 2619/2/4433
f 2620/2/4437 2646/2/4438 2643/2/4438
f 2643/2/4438 2617/2/4437 2620/2/4437
f 2647/2/4439 2644/2/4440 2618/2/4439
f 2618/2/4439 2621/2/4441 2647/2/4439
f 2622/2/4442 2648/2/4443 2645/2/4444
f 2645/2/4444 2619/2/4445 2622/2/4442
f 2623/2/4446 2649/2/4447 2646/2/4446
f 2646/2/4446 2620/2/4448 2623/2/4446
f 2624/2/4449 2650/2/4450 2647/2/4449
f 2647/2/4449 2621/2/4450 2624/2/4449
f 2648/2/4451 2622/2/4452 2625/2/4453
f 2625/2/4453 2651/2/4454 2648/2/4451
f 2639/2/4455 2649/2/4456 2623/2/4457
f 2623/2/4457 2613/2/4457 2639/2/4455
f 2626/2/4458 2652/2/4458 2650/2/4459
f 2650/2/4459 2624/2/4458 2626/2/4458
f 2564/2/4460 2653/2/4461 2651/2/4461
f 2651/2/4461 2625/2/4461 2564/2/4460
f 2654/2/4462 2652/2/4463 2626/2/4464
f 2626/2/4464 2600/2/4465 2654/2/4462
f 2563/2/4466 2655/2/4467 2653/2/4466
f 2653/2/4466 2564/2/4468 2563/2/4466
f 2599/2/4469 2656/2/4470 2654/2/4470
f 2654/2/4470 2600/2/4469 2599/2/4469
f 2657/2/4471 2655/2/4472 2563/2/4471
f 2563/2/4471 2601/2/4471 2657/2/4471
f 2602/2/4473 2658/2/4473 2656/2/4474
f 2656/2/4474 2599/2/4473 2602/2/4473
f 2598/2/4475 2597/2/4476 2657/2/4477
f 2657/2/4477 2601/2/4478 2598/2/4475
f 2658/2/4479 2602/2/4480 2603/2/4479
f 2603/2/4479 2632/2/4481 2658/2/4479
f 2659/2/4482 2660/2/4482 2661/2/4482
f 2661/2/4482 2662/2/4482 2659/2/4482
f 2635/2/4483 2636/2/4484 2663/2/4485
f 2663/2/4485 2664/2/4486 2635/2/4483
f 2637/2/4487 2665/2/4488 2628/2/4489
f 2628/2/4489 2627/2/4490 2637/2/4487
f 2639/2/4491 2638/2/4491 2666/2/4491
f 2666/2/4491 2667/2/4492 2639/2/4491
f 2663/2/4493 2636/2/4494 2640/2/4494
f 2640/2/4494 2668/2/4493 2663/2/4493
f 2637/2/4495 2641/2/4496 2662/2/4496
f 2662/2/4496 2665/2/4497 2637/2/4495
f 2666/2/4498 2638/2/4499 2642/2/4498
f 2642/2/4498 2669/2/4499 2666/2/4498
f 2643/2/4500 2670/2/4500 2668/2/4500
f 2668/2/4500 2640/2/4500 2643/2/4500
f 2662/2/4501 2641/2/4501 2644/2/4501
f 2644/2/4501 2659/2/4501 2662/2/4501
f 2671/2/4502 2669/2/4503 2642/2/4504
f 2642/2/4504 2645/2/4505 2671/2/4502
f 2643/2/4506 2646/2/4507 2672/2/4508
f 2672/2/4508 2670/2/4509 2643/2/4506
f 2647/2/4510 2673/2/4510 2659/2/4510
f 2659/2/4510 2644/2/4510 2647/2/4510
f 2648/2/4511 2674/2/4511 2671/2/4511
f 2671/2/4511 2645/2/4512 2648/2/4511
f 2672/2/4513 2646/2/4513 2649/2/4513
f 2649/2/4513 2675/2/4513 2672/2/4513
f 2647/2/4514 2650/2/4514 2676/2/4514
f 2676/2/4514 2673/2/4515 2647/2/4514
f 2651/2/4516 2677/2/4517 2674/2/4518
f 2674/2/4518 2648/2/4517 2651/2/4516
f 2649/2/4519 2639/2/4520 2667/2/4521
f 2667/2/4521 2675/2/4519 2649/2/4519
f 2676/2/4522 2650/2/4523 2652/2/4524
f 2652/2/4524 2678/2/4525 2676/2/4522
f 2679/2/4526 2677/2/4527 2651/2/4528
f 2651/2/4528 2653/2/4529 2679/2/4526
f 2654/2/4530 2680/2/4530 2678/2/4530
f 2678/2/4530 2652/2/4530 2654/2/4530
f 2655/2/4531 2681/2/4532 2679/2/4533
f 2679/2/4533 2653/2/4531 2655/2/4531
f 2654/2/4534 2656/2/4535 2682/2/4536
f 2682/2/4536 2680/2/4535 2654/2/4534
f 2657/2/4537 2683/2/4538 2681/2/4539
f 2681/2/4539 2655/2/4540 2657/2/4537
f 2682/2/4541 2656/2/4542 2658/2/4543
f 2658/2/4543 2684/2/4544 2682/2/4541
f 2657/2/4545 2597/2/4546 2685/2/4547
f 2685/2/4547 2683/2/4548 2657/2/4545
f 2632/2/4549 2686/2/4550 2684/2/4549
f 2684/2/4549 2658/2/4551 2632/2/4549
f 2685/2/4552 2597/2/4553 2596/2/4554
f 2596/2/4554 2687/2/4553 2685/2/4552
f 2632/2/4555 2631/2/4556 2688/2/4557
f 2688/2/4557 2686/2/4556 2632/2/4555
f 2689/2/4558 2687/2/4559 2596/2/4560
f 2596/2/4560 2633/2/4559 2689/2/4558
f 2688/2/4561 2631/2/4562 2634/2/4563
f 2634/2/4563 2690/2/4564 2688/2/4561
f 2689/2/4565 2633/2/4565 2630/2/4566
f 2630/2/4566 2629/2/4565 2689/2/4565
f 2635/2/4567 2664/2/4568 2690/2/4567
f 2690/2/4567 2634/2/4569 2635/2/4567
f 2691/2/4570 2692/2/4570 2693/2/4570
f 2693/2/4570 2694/2/4571 2691/2/4570
f 2671/2/4572 2695/2/4572 2696/2/4572
f 2696/2/4572 2669/2/4572 2671/2/4572
f 2672/2/4573 2697/2/4574 2698/2/4574
f 2698/2/4574 2670/2/4574 2672/2/4573
f 2660/2/4575 2659/2/4576 2673/2/4576
f 2673/2/4576 2699/2/4576 2660/2/4575
f 2671/2/4577 2674/2/4577 2700/2/4577
f 2700/2/4577 2695/2/4577 2671/2/4577
f 2675/2/4578 2701/2/4578 2697/2/4579
f 2697/2/4579 2672/2/4578 2675/2/4578
f 2676/2/4580 2694/2/4581 2699/2/4582
f 2699/2/4582 2673/2/4581 2676/2/4580
f 2700/2/4583 2674/2/4583 2677/2/4583
f 2677/2/4583 2702/2/4583 2700/2/4583
f 2703/2/4584 2701/2/4585 2675/2/4585
f 2675/2/4585 2667/2/4585 2703/2/4584
f 2678/2/4586 2691/2/4587 2694/2/4587
f 2694/2/4587 2676/2/4587 2678/2/4586
f 2679/2/4588 2704/2/4588 2702/2/4588
f 2702/2/4588 2677/2/4588 2679/2/4588
f 2691/2/4589 2678/2/4589 2680/2/4589
f 2680/2/4589 2705/2/4589 2691/2/4589
f 2679/2/4590 2681/2/4590 2706/2/4590
f 2706/2/4590 2704/2/4590 2679/2/4590
f 2682/2/4591 2707/2/4592 2705/2/4593
f 2705/2/4593 2680/2/4592 2682/2/4591
f 2706/2/4594 2681/2/4595 2683/2/4595
f 2683/2/4595 2708/2/4595 2706/2/4594
f 2684/2/4596 2709/2/4597 2707/2/4597
f 2707/2/4597 2682/2/4597 2684/2/4596
f 2685/2/4598 2710/2/4598 2708/2/4599
f 2708/2/4599 2683/2/4598 2685/2/4598
f 2709/2/4600 2684/2/4601 2686/2/4602
f 2686/2/4602 2711/2/4601 2709/2/4600
f 2687/2/4603 2712/2/4603 2710/2/4603
f 2710/2/4603 2685/2/4603 2687/2/4603
f 2688/2/4604 2713/2/4605 2711/2/4604
f 2711/2/4604 2686/2/4604 2688/2/4604
f 2687/2/4606 2689/2/4606 2714/2/4606
f 2714/2/4606 2712/2/4606 2687/2/4606
f 2690/2/4607 2715/2/4608 2713/2/4609
f 2713/2/4609 2688/2/4610 2690/2/4607
f 2716/2/4611 2714/2/4611 2689/2/4611
f 2689/2/4611 2629/2/4611 2716/2/4611
f 2715/2/4612 2690/2/4613 2664/2/4614
f 2664/2/4614 2717/2/4613 2715/2/4612
f 2716/2/4615 2629/2/4615 2628/2/4615
f 2628/2/4615 2718/2/4615 2716/2/4615
f 2663/2/4616 2719/2/4617 2717/2/4617
f 2717/2/4617 2664/2/4617 2663/2/4616
f 2718/2/4618 2628/2/4618 2665/2/4618
f 2665/2/4618 2720/2/4618 2718/2/4618
f 2666/2/4619 2721/2/4619 2703/2/4619
f 2703/2/4619 2667/2/4619 2666/2/4619
f 2668/2/4620 2722/2/4621 2719/2/4622
f 2719/2/4622 2663/2/4623 2668/2/4620
f 2662/2/4624 2661/2/4624 2720/2/4624
f 2720/2/4624 2665/2/4624 2662/2/4624
f 2721/2/4625 2666/2/4625 2669/2/4625
f 2669/2/4625 2696/2/4625 2721/2/4625
f 2722/2/4626 2668/2/4627 2670/2/4627
f 2670/2/4627 2698/2/4626 2722/2/4626
f 2723/2/4628 2724/2/4628 2725/2/4629
f 2725/2/4629 2726/2/4628 2723/2/4628
f 2727/2/4630 2702/2/4631 2704/2/4632
f 2704/2/4632 2728/2/4631 2727/2/4630
f 2705/2/4633 2729/2/4634 2692/2/4635
f 2692/2/4635 2691/2/4633 2705/2/4633
f 2706/2/4636 2730/2/4637 2728/2/4638
f 2728/2/4638 2704/2/4639 2706/2/4636
f 2729/2/4640 2705/2/4641 2707/2/4642
f 2707/2/4642 2726/2/4640 2729/2/4640
f 2708/2/4643 2731/2/4644 2730/2/4643
f 2730/2/4643 2706/2/4645 2708/2/4643
f 2709/2/4646 2723/2/4647 2726/2/4648
f 2726/2/4648 2707/2/4649 2709/2/4646
f 2731/2/4650 2708/2/4651 2710/2/4652
f 2710/2/4652 2732/2/4653 2731/2/4650
f 2711/2/4654 2733/2/4655 2723/2/4655
f 2723/2/4655 2709/2/4656 2711/2/4654
f 2712/2/4657 2734/2/4658 2732/2/4659
f 2732/2/4659 2710/2/4660 2712/2/4657
f 2733/2/4661 2711/2/4662 2713/2/4663
f 2713/2/4663 2735/2/4664 2733/2/4661
f 2714/2/4665 2736/2/4666 2734/2/4667
f 2734/2/4667 2712/2/4665 2714/2/4665
f 2715/2/4668 2737/2/4669 2735/2/4668
f 2735/2/4668 2713/2/4670 2715/2/4668
f 2736/2/4671 2714/2/4672 2716/2/4673
f 2716/2/4673 2738/2/4674 2736/2/4671
f 2717/2/4675 2739/2/4676 2737/2/4677
f 2737/2/4677 2715/2/4678 2717/2/4675
f 2718/2/4679 2740/2/4680 2738/2/4681
f 2738/2/4681 2716/2/4682 2718/2/4679
f 2739/2/4683 2717/2/4684 2719/2/4684
f 2719/2/4684 2741/2/4684 2739/2/4683
f 2720/2/4685 2742/2/4686 2740/2/4685
f 2740/2/4685 2718/2/4687 2720/2/4685
f 2703/2/4688 2721/2/4688 2743/2/4689
f 2743/2/4689 2744/2/4689 2703/2/4688
f 2722/2/4690 2745/2/4691 2741/2/4692
f 2741/2/4692 2719/2/4691 2722/2/4690
f 2742/2/4693 2720/2/4694 2661/2/4693
f 2661/2/4693 2746/2/4695 2742/2/4693
f 2696/2/4696 2747/2/4697 2743/2/4698
f 2743/2/4698 2721/2/4699 2696/2/4696
f 2698/2/4700 2748/2/4701 2745/2/4702
f 2745/2/4702 2722/2/4700 2698/2/4700
f 2660/2/4703 2749/2/4704 2746/2/4703
f 2746/2/4703 2661/2/4704 2660/2/4703
f 2747/2/4705 2696/2/4706 2695/2/4707
f 2695/2/4707 2750/2/4708 2747/2/4705
f 2748/2/4709 2698/2/4710 2697/2/4710
f 2697/2/4710 2751/2/4711 2748/2/4709
f 2699/2/4712 2752/2/4712 2749/2/4713
f 2749/2/4713 2660/2/4713 2699/2/4712
f 2700/2/4714 2753/2/4715 2750/2/4716
f 2750/2/4716 2695/2/4716 2700/2/4714
f 2701/2/4717 2754/2/4717 2751/2/4718
f 2751/2/4718 2697/2/4717 2701/2/4717
f 2752/2/4719 2699/2/4720 2694/2/4719
f 2694/2/4719 2693/2/4721 2752/2/4719
f 2702/2/4722 2727/2/4723 2753/2/4722
f 2753/2/4722 2700/2/4722 2702/2/4722
f 2744/2/4724 2754/2/4725 2701/2/4725
f 2701/2/4725 2703/2/4724 2744/2/4724
f 2755/2/4726 2756/2/4727 2757/2/4728
f 2757/2/4728 2758/2/4729 2755/2/4726
f 2732/2/4730 2759/2/4731 2760/2/4731
f 2760/2/4731 2731/2/4730 2732/2/4730
f 2733/2/4732 2761/2/4732 2724/2/4732
f 2724/2/4732 2723/2/4733 2733/2/4732
f 2734/2/4734 2762/2/4734 2759/2/4734
f 2759/2/4734 2732/2/4734 2734/2/4734
f 2735/2/4735 2758/2/4736 2761/2/4737
f 2761/2/4737 2733/2/4737 2735/2/4735
f 2763/2/4738 2762/2/4739 2734/2/4740
f 2734/2/4740 2736/2/4738 2763/2/4738
f 2737/2/4741 2755/2/4742 2758/2/4741
f 2758/2/4741 2735/2/4743 2737/2/4741
f 2738/2/4744 2764/2/4744 2763/2/4744
f 2763/2/4744 2736/2/4745 2738/2/4744
f 2765/2/4746 2755/2/4746 2737/2/4746
f 2737/2/4746 2739/2/4747 2765/2/4746
f 2764/2/4748 2738/2/4749 2740/2/4749
f 2740/2/4749 2766/2/4750 2764/2/4748
f 2767/2/4751 2765/2/4752 2739/2/4753
f 2739/2/4753 2741/2/4754 2767/2/4751
f 2742/2/4755 2768/2/4756 2766/2/4757
f 2766/2/4757 2740/2/4757 2742/2/4755
f 2769/2/4758 2744/2/4759 2743/2/4758
f 2743/2/4758 2770/2/4760 2769/2/4758
f 2771/2/4761 2767/2/4762 2741/2/4763
f 2741/2/4763 2745/2/4764 2771/2/4761
f 2746/2/4765 2772/2/4765 2768/2/4765
f 2768/2/4765 2742/2/4766 2746/2/4765
f 2770/2/4767 2743/2/4767 2747/2/4767
f 2747/2/4767 2773/2/4768 2770/2/4767
f 2771/2/4769 2745/2/4770 2748/2/4770
f 2748/2/4770 2774/2/4771 2771/2/4769
f 2749/2/4772 2775/2/4772 2772/2/4773
f 2772/2/4773 2746/2/4772 2749/2/4772
f 2750/2/4774 2776/2/4774 2773/2/4774
f 2773/2/4774 2747/2/4775 2750/2/4774
f 2751/2/4776 2777/2/4776 2774/2/4776
f 2774/2/4776 2748/2/4776 2751/2/4776
f 2752/2/4777 2778/2/4777 2775/2/4777
f 2775/2/4777 2749/2/4778 2752/2/4777
f 2776/2/4779 2750/2/4780 2753/2/4781
f 2753/2/4781 2779/2/4782 2776/2/4779
f 2754/2/4783 2780/2/4784 2777/2/4783
f 2777/2/4783 2751/2/4785 2754/2/4783
f 2693/2/4786 2781/2/4786 2778/2/4786
f 2778/2/4786 2752/2/4786 2693/2/4786
f 2727/2/4787 2782/2/4788 2779/2/4787
f 2779/2/4787 2753/2/4789 2727/2/4787
f 2769/2/4790 2780/2/4791 2754/2/4790
f 2754/2/4790 2744/2/4792 2769/2/4790
f 2692/2/4793 2783/2/4793 2781/2/4793
f 2781/2/4793 2693/2/4793 2692/2/4793
f 2728/2/4794 2784/2/4794 2782/2/4795
f 2782/2/4795 2727/2/4794 2728/2/4794
f 2729/2/4796 2785/2/4797 2783/2/4796
f 2783/2/4796 2692/2/4798 2729/2/4796
f 2784/2/4799 2728/2/4799 2730/2/4799
f 2730/2/4799 2786/2/4799 2784/2/4799
f 2726/2/4800 2725/2/4801 2785/2/4801
f 2785/2/4801 2729/2/4802 2726/2/4800
f 2760/2/4803 2786/2/4804 2730/2/4804
f 2730/2/4804 2731/2/4804 2760/2/4803
f 2787/2/4805 2788/2/4806 2789/2/4807
f 2789/2/4807 2790/2/4808 2787/2/4805
f 2791/2/4809 2792/2/4809 2763/2/4809
f 2763/2/4809 2764/2/4809 2791/2/4809
f 2793/2/4810 2756/2/4811 2755/2/4812
f 2755/2/4812 2765/2/4813 2793/2/4810
f 2766/2/4814 2794/2/4814 2791/2/4814
f 2791/2/4814 2764/2/4814 2766/2/4814
f 2795/2/4815 2793/2/4815 2765/2/4816
f 2765/2/4816 2767/2/4815 2795/2/4815
f 2768/2/4817 2796/2/4817 2794/2/4817
f 2794/2/4817 2766/2/4817 2768/2/4817
f 2769/2/4818 2770/2/4818 2797/2/4818
f 2797/2/4818 2798/2/4818 2769/2/4818
f 2771/2/4819 2799/2/4820 2795/2/4821
f 2795/2/4821 2767/2/4820 2771/2/4819
f 2796/2/4822 2768/2/4822 2772/2/4822
f 2772/2/4822 2800/2/4822 2796/2/4822
f 2773/2/4823 2801/2/4823 2797/2/4823
f 2797/2/4823 2770/2/4823 2773/2/4823
f 2799/2/4824 2771/2/4825 2774/2/4825
f 2774/2/4825 2802/2/4825 2799/2/4824
f 2775/2/4826 2803/2/4826 2800/2/4826
f 2800/2/4826 2772/2/4826 2775/2/4826
f 2776/2/4827 2804/2/4827 2801/2/4827
f 2801/2/4827 2773/2/4827 2776/2/4827
f 2805/2/4828 2802/2/4828 2774/2/4828
f 2774/2/4828 2777/2/4828 2805/2/4828
f 2788/2/4829 2803/2/4829 2775/2/4829
f 2775/2/4829 2778/2/4829 2788/2/4829
f 2779/2/4830 2806/2/4830 2804/2/4830
f 2804/2/4830 2776/2/4830 2779/2/4830
f 2780/2/4831 2807/2/4831 2805/2/4831
f 2805/2/4831 2777/2/4831 2780/2/4831
f 2788/2/4832 2778/2/4832 2781/2/4832
f 2781/2/4832 2789/2/4832 2788/2/4832
f 2782/2/4833 2808/2/4833 2806/2/4833
f 2806/2/4833 2779/2/4833 2782/2/4833
f 2798/2/4834 2807/2/4834 2780/2/4834
f 2780/2/4834 2769/2/4834 2798/2/4834
f 2783/2/4835 2809/2/4835 2789/2/4836
f 2789/2/4836 2781/2/4835 2783/2/4835
f 2808/2/4837 2782/2/4838 2784/2/4837
f 2784/2/4837 2810/2/4837 2808/2/4837
f 2809/2/4839 2783/2/4839 2785/2/4839
f 2785/2/4839 2811/2/4839 2809/2/4839
f 2786/2/4840 2812/2/4840 2810/2/4840
f 2810/2/4840 2784/2/4840 2786/2/4840
f 2811/2/4841 2785/2/4841 2725/2/4842
f 2725/2/4842 2813/2/4841 2811/2/4841
f 2814/2/4843 2812/2/4843 2786/2/4844
f 2786/2/4844 2760/2/4843 2814/2/4843
f 2815/2/4845 2813/2/4846 2725/2/4846
f 2725/2/4846 2724/2/4846 2815/2/4845
f 2816/2/4847 2814/2/4847 2760/2/4848
f 2760/2/4848 2759/2/4847 2816/2/4847
f 2761/2/4849 2817/2/4850 2815/2/4850
f 2815/2/4850 2724/2/4850 2761/2/4849
f 2762/2/4851 2818/2/4851 2816/2/4851
f 2816/2/4851 2759/2/4851 2762/2/4851
f 2817/2/4852 2761/2/4853 2758/2/4854
f 2758/2/4854 2757/2/4855 2817/2/4852
f 2762/2/4856 2763/2/4857 2792/2/4856
f 2792/2/4856 2818/2/4856 2762/2/4856
f 2819/2/4858 2820/2/4859 2821/2/4859
f 2821/2/4859 2822/2/4860 2819/2/4858
f 2808/2/4861 2823/2/4862 2824/2/4863
f 2824/2/4863 2806/2/4864 2808/2/4861
f 2807/2/4865 2798/2/4866 2825/2/4866
f 2825/2/4866 2826/2/4866 2807/2/4865
f 2827/2/4867 2790/2/4868 2789/2/4869
f 2789/2/4869 2809/2/4870 2827/2/4867
f 2808/2/4871 2810/2/4871 2828/2/4871
f 2828/2/4871 2823/2/4871 2808/2/4871
f 2811/2/4872 2820/2/4873 2827/2/4874
f 2827/2/4874 2809/2/4873 2811/2/4872
f 2829/2/4875 2828/2/4875 2810/2/4875
f 2810/2/4875 2812/2/4875 2829/2/4875
f 2813/2/4876 2821/2/4877 2820/2/4877
f 2820/2/4877 2811/2/4876 2813/2/4876
f 2814/2/4878 2830/2/4879 2829/2/4880
f 2829/2/4880 2812/2/4881 2814/2/4878
f 2821/2/4882 2813/2/4883 2815/2/4884
f 2815/2/4884 2831/2/4882 2821/2/4882
f 2816/2/4885 2832/2/4886 2830/2/4885
f 2830/2/4885 2814/2/4887 2816/2/4885
f 2817/2/4888 2833/2/4889 2831/2/4890
f 2831/2/4890 2815/2/4889 2817/2/4888
f 2816/2/4891 2818/2/4891 2834/2/4892
f 2834/2/4892 2832/2/4892 2816/2/4891
f 2817/2/4893 2757/2/4893 2835/2/4894
f 2835/2/4894 2833/2/4893 2817/2/4893
f 2792/2/4895 2836/2/4895 2834/2/4895
f 2834/2/4895 2818/2/4895 2792/2/4895
f 2837/2/4896 2835/2/4897 2757/2/4898
f 2757/2/4898 2756/2/4899 2837/2/4896
f 2838/2/4900 2836/2/4900 2792/2/4900
f 2792/2/4900 2791/2/4900 2838/2/4900
f 2837/2/4901 2756/2/4902 2793/2/4903
f 2793/2/4903 2839/2/4904 2837/2/4901
f 2840/2/4905 2838/2/4905 2791/2/4905
f 2791/2/4905 2794/2/4905 2840/2/4905
f 2795/2/4906 2841/2/4907 2839/2/4907
f 2839/2/4907 2793/2/4908 2795/2/4906
f 2794/2/4909 2796/2/4909 2842/2/4909
f 2842/2/4909 2840/2/4909 2794/2/4909
f 2843/2/4910 2825/2/4911 2798/2/4911
f 2798/2/4911 2797/2/4912 2843/2/4910
f 2795/2/4913 2799/2/4913 2844/2/4913
f 2844/2/4913 2841/2/4914 2795/2/4913
f 2842/2/4915 2796/2/4916 2800/2/4916
f 2800/2/4916 2845/2/4917 2842/2/4915
f 2843/2/4918 2797/2/4919 2801/2/4920
f 2801/2/4920 2846/2/4919 2843/2/4918
f 2802/2/4921 2847/2/4922 2844/2/4921
f 2844/2/4921 2799/2/4923 2802/2/4921
f 2800/2/4924 2803/2/4925 2848/2/4924
f 2848/2/4924 2845/2/4926 2800/2/4924
f 2801/2/4927 2804/2/4927 2849/2/4927
f 2849/2/4927 2846/2/4927 2801/2/4927
f 2850/2/4928 2847/2/4929 2802/2/4930
f 2802/2/4930 2805/2/4931 2850/2/4928
f 2788/2/4932 2787/2/4932 2848/2/4932
f 2848/2/4932 2803/2/4933 2788/2/4932
f 2824/2/4934 2849/2/4935 2804/2/4935
f 2804/2/4935 2806/2/4935 2824/2/4934
f 2826/2/4936 2850/2/4937 2805/2/4937
f 2805/2/4937 2807/2/4937 2826/2/4936
f 2851/2/4938 2852/2/4939 2853/2/4940
f 2853/2/4940 2854/2/4939 2851/2/4938
f 2855/2/4941 2829/2/4942 2830/2/4943
f 2830/2/4943 2856/2/4944 2855/2/4941
f 2821/2/4945 2831/2/4946 2857/2/4947
f 2857/2/4947 2822/2/4947 2821/2/4945
f 2858/2/4948 2856/2/4949 2830/2/4950
f 2830/2/4950 2832/2/4951 2858/2/4948
f 2852/2/4952 2857/2/4953 2831/2/4954
f 2831/2/4954 2833/2/4955 2852/2/4952
f 2832/2/4956 2834/2/4957 2859/2/4958
f 2859/2/4958 2858/2/4959 2832/2/4956
f 2835/2/4960 2853/2/4961 2852/2/4962
f 2852/2/4962 2833/2/4963 2835/2/4960
f 2860/2/4964 2859/2/4965 2834/2/4964
f 2834/2/4964 2836/2/4966 2860/2/4964
f 2837/2/4967 2861/2/4968 2853/2/4969
f 2853/2/4969 2835/2/4970 2837/2/4967
f 2838/2/4971 2862/2/4972 2860/2/4973
f 2860/2/4973 2836/2/4974 2838/2/4971
f 2861/2/4975 2837/2/4976 2839/2/4977
f 2839/2/4977 2863/2/4978 2861/2/4975
f 2840/2/4979 2864/2/4980 2862/2/4980
f 2862/2/4980 2838/2/4981 2840/2/4979
f 2863/2/4982 2839/2/4983 2841/2/4984
f 2841/2/4984 2865/2/4985 2863/2/4982
f 2864/2/4986 2840/2/4986 2842/2/4987
f 2842/2/4987 2866/2/4986 2864/2/4986
f 2867/2/4988 2868/2/4989 2825/2/4989
f 2825/2/4989 2843/2/4988 2867/2/4988
f 2841/2/4990 2844/2/4991 2869/2/4992
f 2869/2/4992 2865/2/4992 2841/2/4990
f 2870/2/4993 2866/2/4994 2842/2/4995
f 2842/2/4995 2845/2/4994 2870/2/4993
f 2871/2/4996 2867/2/4997 2843/2/4998
f 2843/2/4998 2846/2/4999 2871/2/4996
f 2872/2/5000 2869/2/5001 2844/2/5000
f 2844/2/5000 2847/2/5000 2872/2/5000
f 2845/2/5002 2848/2/5002 2873/2/5002
f 2873/2/5002 2870/2/5002 2845/2/5002
f 2849/2/5003 2874/2/5003 2871/2/5004
f 2871/2/5004 2846/2/5004 2849/2/5003
f 2850/2/5005 2875/2/5006 2872/2/5007
f 2872/2/5007 2847/2/5005 2850/2/5005
f 2876/2/5008 2873/2/5008 2848/2/5008
f 2848/2/5008 2787/2/5008 2876/2/5008
f 2874/2/5009 2849/2/5010 2824/2/5009
f 2824/2/5009 2877/2/5010 2874/2/5009
f 2826/2/5011 2878/2/5011 2875/2/5011
f 2875/2/5011 2850/2/5012 2826/2/5011
f 2790/2/5013 2879/2/5014 2876/2/5013
f 2876/2/5013 2787/2/5014 2790/2/5013
f 2880/2/5015 2877/2/5016 2824/2/5017
f 2824/2/5017 2823/2/5015 2880/2/5015
f 2878/2/5018 2826/2/5019 2825/2/5018
f 2825/2/5018 2868/2/5019 2878/2/5018
f 2827/2/5020 2881/2/5020 2879/2/5020
f 2879/2/5020 2790/2/5020 2827/2/5020
f 2828/2/5021 2882/2/5022 2880/2/5023
f 2880/2/5023 2823/2/5024 2828/2/5021
f 2881/2/5025 2827/2/5025 2820/2/5025
f 2820/2/5025 2819/2/5026 2881/2/5025
f 2829/2/5027 2855/2/5028 2882/2/5029
f 2882/2/5029 2828/2/5030 2829/2/5027
f 2883/2/5031 2884/2/5031 2885/2/5031
f 2883/2/5031 2885/2/5031 2886/2/5031
f 2886/2/5031 2887/2/5031 2888/2/5031
f 2886/2/5031 2888/2/5031 2889/2/5032
f 2883/2/5031 2886/2/5031 2889/2/5032
f 2889/2/5032 2890/2/5031 2891/2/5033
f 2889/2/5032 2891/2/5033 2892/2/5034
f 2893/2/5031 2894/2/5031 2895/2/5035
f 2892/2/5034 2893/2/5031 2895/2/5035
f 2889/2/5032 2892/2/5034 2895/2/5035
f 2883/2/5031 2889/2/5032 2895/2/5035
f 2895/2/5035 2896/2/5031 2897/2/5031
f 2895/2/5035 2897/2/5031 2898/2/5036
f 2899/2/5036 2900/2/5037 2901/2/5038
f 2898/2/5036 2899/2/5036 2901/2/5038
f 2895/2/5035 2898/2/5036 2901/2/5038
f 2883/2/5031 2895/2/5035 2901/2/5038
f 2901/2/5038 2902/2/5039 2903/2/5031
f 2901/2/5038 2903/2/5031 2904/2/5040
f 2901/2/5038 2904/2/5040 2851/2/5041
f 2883/2/5031 2901/2/5038 2851/2/5041
f 2905/2/5031 2906/2/5031 2907/2/5031
f 2854/2/5031 2905/2/5031 2907/2/5031
f 2851/2/5041 2854/2/5031 2907/2/5031
f 2851/2/5041 2907/2/5031 2908/2/5036
f 2883/2/5031 2851/2/5041 2908/2/5036
f 2908/2/5036 2909/2/5031 2910/2/5031
f 2908/2/5036 2910/2/5031 2911/2/5042
f 2908/2/5036 2911/2/5042 2912/2/5031
f 2883/2/5031 2908/2/5036 2912/2/5031
f 2860/2/5043 2893/2/5043 2892/2/5043
f 2892/2/5043 2859/2/5043 2860/2/5043
f 2905/2/5044 2854/2/5045 2853/2/5046
f 2853/2/5046 2861/2/5045 2905/2/5044
f 2893/2/5047 2860/2/5047 2862/2/5047
f 2862/2/5047 2894/2/5047 2893/2/5047
f 2861/2/5048 2863/2/5048 2906/2/5048
f 2906/2/5048 2905/2/5048 2861/2/5048
f 2895/2/5049 2894/2/5049 2862/2/5049
f 2862/2/5049 2864/2/5049 2895/2/5049
f 2907/2/5050 2906/2/5050 2863/2/5051
f 2863/2/5051 2865/2/5050 2907/2/5050
f 2864/2/5052 2866/2/5053 2896/2/5052
f 2896/2/5052 2895/2/5052 2864/2/5052
f 2883/2/5054 2912/2/5054 2868/2/5054
f 2868/2/5054 2867/2/5054 2883/2/5054
f 2869/2/5055 2908/2/5055 2907/2/5055
f 2907/2/5055 2865/2/5055 2869/2/5055
f 2897/2/5056 2896/2/5056 2866/2/5056
f 2866/2/5056 2870/2/5056 2897/2/5056
f 2867/2/5057 2871/2/5057 2884/2/5057
f 2884/2/5057 2883/2/5057 2867/2/5057
f 2872/2/5058 2909/2/5058 2908/2/5058
f 2908/2/5058 2869/2/5058 2872/2/5058
f 2873/2/5059 2898/2/5059 2897/2/5059
f 2897/2/5059 2870/2/5059 2873/2/5059
f 2885/2/5060 2884/2/5060 2871/2/5060
f 2871/2/5060 2874/2/5060 2885/2/5060
f 2909/2/5061 2872/2/5061 2875/2/5062
f 2875/2/5062 2910/2/5061 2909/2/5061
f 2876/2/5063 2899/2/5063 2898/2/5063
f 2898/2/5063 2873/2/5063 2876/2/5063
f 2877/2/5064 2886/2/5064 2885/2/5064
f 2885/2/5064 2874/2/5064 2877/2/5064
f 2911/2/5065 2910/2/5065 2875/2/5065
f 2875/2/5065 2878/2/5065 2911/2/5065
f 2899/2/5066 2876/2/5066 2879/2/5066
f 2879/2/5066 2900/2/5066 2899/2/5066
f 2880/2/5067 2887/2/5067 2886/2/5067
f 2886/2/5067 2877/2/5067 2880/2/5067
f 2868/2/5068 2912/2/5068 2911/2/5068
f 2911/2/5068 2878/2/5068 2868/2/5068
f 2901/2/5069 2900/2/5069 2879/2/5069
f 2879/2/5069 2881/2/5069 2901/2/5069
f 2887/2/5070 2880/2/5070 2882/2/5070
f 2882/2/5070 2888/2/5070 2887/2/5070
f 2881/2/5071 2819/2/5071 2902/2/5071
f 2902/2/5071 2901/2/5071 2881/2/5071
f 2889/2/5072 2888/2/5072 2882/2/5072
f 2882/2/5072 2855/2/5072 2889/2/5072
f 2903/2/5073 2902/2/5073 2819/2/5073
f 2819/2/5073 2822/2/5073 2903/2/5073
f 2855/2/5074 2856/2/5074 2890/2/5074
f 2890/2/5074 2889/2/5074 2855/2/5074
f 2857/2/5075 2904/2/5076 2903/2/5077
f 2903/2/5077 2822/2/5076 2857/2/5075
f 2891/2/5078 2890/2/5079 2856/2/5078
f 2856/2/5078 2858/2/5078 2891/2/5078
f 2852/2/5080 2851/2/5081 2904/2/5082
f 2904/2/5082 2857/2/5081 2852/2/5080
f 2859/2/5083 2892/2/5083 2891/2/5083
f 2891/2/5083 2858/2/5083 2859/2/5083
o C_rculo_014_C_rculo_015
v 0.021464 -0.730096 -0.498019
v 0.114964 -0.730096 -0.488819
v 0.204864 -0.730096 -0.461519
v 0.287764 -0.730096 -0.417319
v 0.360364 -0.730096 -0.357619
v 0.419964 -0.730096 -0.285019
v 0.464264 -0.730096 -0.202119
v 0.491564 -0.730096 -0.112219
v 0.500764 -0.730096 -0.018719
v 0.491564 -0.730096 0.074781
v 0.464264 -0.730096 0.164681
v 0.419964 -0.730096 0.247581
v 0.360364 -0.730096 0.320281
v 0.287764 -0.730096 0.379881
v 0.204864 -0.730096 0.424181
v 0.114964 -0.730096 0.451381
v 0.021464 -0.730096 0.460581
v -0.072136 -0.730096 0.451381
v -0.162036 -0.730096 0.424181
v -0.244836 -0.730096 0.379881
v -0.317536 -0.730096 0.320281
v -0.377136 -0.730096 0.247581
v -0.421436 -0.730096 0.164681
v -0.448736 -0.730096 0.074781
v -0.457936 -0.730096 -0.018719
v -0.448736 -0.730096 -0.112219
v -0.421436 -0.730096 -0.202119
v -0.377136 -0.730096 -0.285019
v -0.317536 -0.730096 -0.357619
v -0.072136 -0.730096 -0.488819
v -0.244836 -0.730096 -0.417319
v -0.162036 -0.730096 -0.461519
v 0.526364 -0.751496 -0.119119
v 0.526364 -0.852296 -0.119119
v 0.536264 -0.852296 -0.018719
v 0.536264 -0.751496 -0.018719
v 0.218464 -0.751496 -0.494419
v 0.307464 -0.751496 -0.446819
v 0.121864 -0.751496 0.486281
v 0.021464 -0.751496 0.496181
v -0.342636 -0.751496 -0.382819
v -0.264636 -0.751496 -0.446819
v 0.121864 -0.751496 -0.523719
v 0.218464 -0.751496 0.456981
v -0.406636 -0.751496 -0.304719
v 0.021464 -0.751496 -0.533619
v 0.307464 -0.751496 0.409381
v -0.454236 -0.751496 -0.215719
v 0.385464 -0.751496 0.345381
v -0.483536 -0.751496 -0.119119
v 0.449464 -0.751496 0.267281
v -0.493436 -0.751496 -0.018719
v 0.497064 -0.751496 0.178281
v -0.483536 -0.751496 0.081681
v 0.526364 -0.751496 0.081681
v -0.454236 -0.751496 0.178281
v -0.406636 -0.751496 0.267281
v -0.342636 -0.751496 0.345381
v 0.497064 -0.751496 -0.215719
v -0.264636 -0.751496 0.409381
v 0.449464 -0.751496 -0.304719
v -0.175636 -0.751496 0.456981
v -0.079036 -0.751496 -0.523719
v 0.385464 -0.751496 -0.382819
v -0.079036 -0.751496 0.486281
v -0.175636 -0.751496 -0.494419
v -0.079036 -0.852296 -0.523719
v -0.175636 -0.852296 -0.494419
v -0.264636 -0.852296 -0.446819
v -0.342636 -0.852296 -0.382819
v -0.406636 -0.852296 -0.304719
v -0.454236 -0.852296 -0.215719
v -0.483536 -0.852296 -0.119119
v -0.493436 -0.852296 -0.018719
v -0.483536 -0.852296 0.081681
v -0.454236 -0.852296 0.178281
v -0.406636 -0.852296 0.267281
v -0.342636 -0.852296 0.345381
v -0.264636 -0.852296 0.409381
v -0.175636 -0.852296 0.456981
v -0.079036 -0.852296 0.486281
v 0.021464 -0.852296 0.496181
v 0.121864 -0.852296 0.486281
v 0.218464 -0.852296 0.456981
v 0.307464 -0.852296 0.409381
v 0.385464 -0.852296 0.345381
v 0.449464 -0.852296 0.267281
v 0.497064 -0.852296 0.178281
v 0.526364 -0.852296 0.081681
v 0.497064 -0.852296 -0.215719
v 0.449464 -0.852296 -0.304719
v 0.385464 -0.852296 -0.382819
v 0.307464 -0.852296 -0.446819
v 0.218464 -0.852296 -0.494419
v 0.121864 -0.852296 -0.523719
v 0.021464 -0.852296 -0.533619
vn -0.0000 -1.0000 -0.0000
vn -0.9952 -0.0000 0.0981
vn -0.9952 -0.0000 0.0977
vn -0.2439 -0.8557 0.4563
vn -0.2439 -0.8559 0.4559
vn -0.2440 -0.8556 0.4565
vn -0.2440 -0.8557 0.4564
vn -0.0507 -0.8557 -0.5150
vn -0.0507 -0.8556 -0.5152
vn -0.0506 -0.8560 -0.5145
vn 0.3284 -0.8556 0.4001
vn 0.3283 -0.8558 0.3998
vn 0.3283 -0.8557 0.3999
vn 0.3284 -0.8556 0.4002
vn -0.1502 -0.8558 0.4950
vn -0.1502 -0.8558 0.4951
vn -0.1502 -0.8557 0.4952
vn -0.1502 -0.8555 -0.4956
vn -0.1502 -0.8557 -0.4953
vn -0.1503 -0.8556 -0.4953
vn -0.1502 -0.8556 -0.4953
vn 0.4001 -0.8556 0.3284
vn 0.4000 -0.8557 0.3283
vn 0.4002 -0.8556 0.3284
vn 0.3999 -0.8557 0.3283
vn -0.0507 -0.8559 0.5147
vn -0.0507 -0.8557 0.5149
vn -0.0508 -0.8557 0.5150
vn -0.0508 -0.8558 0.5147
vn -0.2441 -0.8555 -0.4566
vn -0.2442 -0.8555 -0.4566
vn -0.2441 -0.8555 -0.4567
vn -0.2440 -0.8556 -0.4566
vn 0.4564 -0.8557 0.2440
vn 0.4565 -0.8556 0.2440
vn -0.3284 -0.8556 -0.4001
vn -0.3283 -0.8556 -0.4001
vn -0.3284 -0.8556 -0.4002
vn 0.4956 -0.8555 0.1503
vn 0.4955 -0.8555 0.1502
vn 0.4955 -0.8555 0.1503
vn 0.4954 -0.8555 0.1503
vn -0.4001 -0.8556 -0.3283
vn -0.4000 -0.8557 -0.3283
vn -0.3999 -0.8557 -0.3283
vn 0.5151 -0.8556 0.0507
vn 0.5152 -0.8556 0.0507
vn 0.5156 -0.8553 0.0507
vn -0.4565 -0.8556 -0.2440
vn -0.4568 -0.8554 -0.2443
vn -0.4566 -0.8555 -0.2441
vn -0.4564 -0.8557 -0.2440
vn 0.5153 -0.8555 -0.0507
vn 0.5156 -0.8553 -0.0507
vn 0.5152 -0.8556 -0.0507
vn 0.5151 -0.8556 -0.0507
vn -0.4954 -0.8556 -0.1503
vn -0.4953 -0.8557 -0.1502
vn -0.4953 -0.8556 -0.1503
vn 0.4953 -0.8556 -0.1502
vn 0.4954 -0.8555 -0.1503
vn 0.4954 -0.8556 -0.1503
vn -0.5153 -0.8555 -0.0507
vn -0.5151 -0.8556 -0.0507
vn 0.4564 -0.8557 -0.2440
vn 0.4569 -0.8554 -0.2441
vn -0.5152 -0.8556 0.0507
vn -0.5151 -0.8556 0.0507
vn 0.4000 -0.8557 -0.3283
vn 0.4001 -0.8556 -0.3283
vn -0.4953 -0.8556 0.1502
vn -0.4952 -0.8557 0.1502
vn -0.4954 -0.8556 0.1503
vn 0.3284 -0.8555 -0.4003
vn 0.3284 -0.8556 -0.4002
vn 0.3283 -0.8555 -0.4003
vn -0.4566 -0.8556 0.2441
vn -0.4563 -0.8557 0.2440
vn -0.4565 -0.8556 0.2440
vn -0.4569 -0.8554 0.2441
vn 0.2441 -0.8556 -0.4565
vn 0.2443 -0.8554 -0.4568
vn 0.2443 -0.8554 -0.4567
vn 0.2441 -0.8556 -0.4564
vn 0.0507 -0.8557 0.5150
vn 0.0507 -0.8557 0.5149
vn 0.0507 -0.8555 0.5153
vn -0.4001 -0.8557 0.3281
vn -0.4003 -0.8557 0.3280
vn -0.4000 -0.8557 0.3282
vn 0.1501 -0.8557 -0.4953
vn 0.1502 -0.8558 -0.4951
vn 0.1502 -0.8557 -0.4952
vn 0.1502 -0.8557 -0.4953
vn 0.1502 -0.8557 0.4952
vn 0.1502 -0.8556 0.4953
vn 0.1501 -0.8559 0.4948
vn 0.1502 -0.8558 0.4950
vn -0.3284 -0.8557 0.3998
vn -0.3283 -0.8556 0.4001
vn -0.3286 -0.8556 0.3999
vn -0.3285 -0.8558 0.3995
vn 0.0507 -0.8559 -0.5146
vn 0.0507 -0.8558 -0.5148
vn 0.0506 -0.8559 -0.5147
vn 0.0506 -0.8558 -0.5148
vn 0.2441 -0.8556 0.4565
vn 0.2439 -0.8557 0.4564
vn 0.2438 -0.8558 0.4562
vn 0.2439 -0.8558 0.4563
vn -0.0000 1.0000 -0.0000
vn 0.7729 -0.0000 -0.6346
vn -0.9569 -0.0000 0.2903
vn 0.6343 -0.0000 -0.7731
vn -0.8818 -0.0000 0.4716
vn 0.4716 -0.0000 -0.8818
vn 0.0980 -0.0000 0.9952
vn -0.7730 -0.0000 0.6343
vn -0.7735 -0.0000 0.6338
vn -0.7732 -0.0000 0.6342
vn 0.2903 -0.0000 -0.9569
vn 0.2903 -0.0000 0.9569
vn -0.6343 -0.0000 0.7731
vn 0.0980 -0.0000 -0.9952
vn 0.4716 -0.0000 0.8818
vn -0.4716 -0.0000 0.8818
vn -0.0978 -0.0000 -0.9952
vn -0.0977 -0.0000 -0.9952
vn 0.6343 -0.0000 0.7731
vn -0.2903 -0.0000 0.9569
vn -0.2903 -0.0000 -0.9569
vn 0.7730 -0.0000 0.6343
vn 0.7735 -0.0000 0.6338
vn 0.7732 -0.0000 0.6342
vn -0.0981 -0.0000 0.9952
vn -0.0977 -0.0000 0.9952
vn -0.4716 -0.0000 -0.8818
vn 0.8818 -0.0000 0.4716
vn -0.6343 -0.0000 -0.7731
vn 0.9569 -0.0000 0.2903
vn -0.7729 -0.0000 -0.6346
vn 0.9952 -0.0000 0.0981
vn -0.8818 -0.0000 -0.4716
vn 0.9952 -0.0000 -0.0981
vn -0.9569 -0.0000 -0.2903
vn 0.9569 -0.0000 -0.2903
vn -0.9952 -0.0000 -0.0978
vn -0.9952 -0.0000 -0.0977
vn 0.8818 -0.0000 -0.4716
vt 0.000000 0.000000
s 1
usemtl Goddard_None
f 2913/3/5084 2914/3/5084 2915/3/5084
f 2915/3/5084 2916/3/5084 2917/3/5084
f 2913/3/5084 2915/3/5084 2917/3/5084
f 2917/3/5084 2918/3/5084 2919/3/5084
f 2919/3/5084 2920/3/5084 2921/3/5084
f 2917/3/5084 2919/3/5084 2921/3/5084
f 2913/3/5084 2917/3/5084 2921/3/5084
f 2921/3/5084 2922/3/5084 2923/3/5084
f 2923/3/5084 2924/3/5084 2925/3/5084
f 2921/3/5084 2923/3/5084 2925/3/5084
f 2925/3/5084 2926/3/5084 2927/3/5084
f 2927/3/5084 2928/3/5084 2929/3/5084
f 2925/3/5084 2927/3/5084 2929/3/5084
f 2921/3/5084 2925/3/5084 2929/3/5084
f 2929/3/5084 2930/3/5084 2931/3/5084
f 2931/3/5084 2932/3/5084 2933/3/5084
f 2929/3/5084 2931/3/5084 2933/3/5084
f 2933/3/5084 2934/3/5084 2935/3/5084
f 2935/3/5084 2936/3/5084 2937/3/5084
f 2933/3/5084 2935/3/5084 2937/3/5084
f 2929/3/5084 2933/3/5084 2937/3/5084
f 2921/3/5084 2929/3/5084 2937/3/5084
f 2913/3/5084 2921/3/5084 2937/3/5084
f 2938/3/5084 2939/3/5084 2940/3/5084
f 2937/3/5084 2938/3/5084 2940/3/5084
f 2937/3/5084 2940/3/5084 2941/3/5084
f 2913/3/5084 2937/3/5084 2941/3/5084
f 2942/3/5084 2913/3/5084 2941/3/5084
f 2942/3/5084 2941/3/5084 2943/3/5084
f 2942/3/5084 2943/3/5084 2944/3/5084
f 2945/3/5085 2946/3/5085 2947/3/5085
f 2947/3/5085 2948/3/5086 2945/3/5085
f 2915/3/5087 2949/3/5088 2950/3/5089
f 2950/3/5089 2916/3/5090 2915/3/5087
f 2928/3/5091 2951/3/5092 2952/3/5092
f 2952/3/5092 2929/3/5093 2928/3/5091
f 2943/3/5094 2941/3/5095 2953/3/5096
f 2953/3/5096 2954/3/5097 2943/3/5094
f 2914/3/5098 2955/3/5099 2949/3/5100
f 2949/3/5100 2915/3/5100 2914/3/5098
f 2927/3/5101 2956/3/5102 2951/3/5103
f 2951/3/5103 2928/3/5104 2927/3/5101
f 2940/3/5105 2957/3/5106 2953/3/5107
f 2953/3/5107 2941/3/5108 2940/3/5105
f 2914/3/5109 2913/3/5110 2958/3/5111
f 2958/3/5111 2955/3/5112 2914/3/5109
f 2926/3/5113 2959/3/5114 2956/3/5115
f 2956/3/5115 2927/3/5116 2926/3/5113
f 2960/3/5117 2957/3/5118 2940/3/5117
f 2940/3/5117 2939/3/5117 2960/3/5117
f 2925/3/5119 2961/3/5120 2959/3/5121
f 2959/3/5121 2926/3/5119 2925/3/5119
f 2938/3/5122 2962/3/5123 2960/3/5124
f 2960/3/5124 2939/3/5125 2938/3/5122
f 2924/3/5126 2963/3/5127 2961/3/5127
f 2961/3/5127 2925/3/5128 2924/3/5126
f 2964/3/5129 2962/3/5129 2938/3/5130
f 2938/3/5130 2937/3/5131 2964/3/5129
f 2923/3/5132 2965/3/5133 2963/3/5134
f 2963/3/5134 2924/3/5135 2923/3/5132
f 2964/3/5136 2937/3/5137 2936/3/5138
f 2936/3/5138 2966/3/5139 2964/3/5136
f 2922/3/5140 2967/3/5141 2965/3/5140
f 2965/3/5140 2923/3/5142 2922/3/5140
f 2936/3/5143 2935/3/5144 2968/3/5145
f 2968/3/5145 2966/3/5143 2936/3/5143
f 2921/3/5146 2948/3/5147 2967/3/5147
f 2967/3/5147 2922/3/5146 2921/3/5146
f 2934/3/5148 2969/3/5148 2968/3/5148
f 2968/3/5148 2935/3/5149 2934/3/5148
f 2920/3/5150 2945/3/5151 2948/3/5151
f 2948/3/5151 2921/3/5150 2920/3/5150
f 2933/3/5152 2970/3/5152 2969/3/5153
f 2969/3/5153 2934/3/5152 2933/3/5152
f 2919/3/5154 2971/3/5155 2945/3/5156
f 2945/3/5156 2920/3/5155 2919/3/5154
f 2932/3/5157 2972/3/5158 2970/3/5157
f 2970/3/5157 2933/3/5159 2932/3/5157
f 2918/3/5160 2973/3/5161 2971/3/5162
f 2971/3/5162 2919/3/5163 2918/3/5160
f 2931/3/5164 2974/3/5165 2972/3/5166
f 2972/3/5166 2932/3/5167 2931/3/5164
f 2958/3/5168 2913/3/5169 2942/3/5168
f 2942/3/5168 2975/3/5170 2958/3/5168
f 2917/3/5171 2976/3/5172 2973/3/5171
f 2973/3/5171 2918/3/5173 2917/3/5171
f 2930/3/5174 2977/3/5175 2974/3/5176
f 2974/3/5176 2931/3/5177 2930/3/5174
f 2975/3/5178 2942/3/5179 2944/3/5180
f 2944/3/5180 2978/3/5181 2975/3/5178
f 2916/3/5182 2950/3/5183 2976/3/5184
f 2976/3/5184 2917/3/5185 2916/3/5182
f 2929/3/5186 2952/3/5187 2977/3/5188
f 2977/3/5188 2930/3/5189 2929/3/5186
f 2978/3/5190 2944/3/5191 2943/3/5192
f 2943/3/5192 2954/3/5193 2978/3/5190
f 2979/3/5194 2980/3/5194 2981/3/5194
f 2981/3/5194 2982/3/5194 2983/3/5194
f 2979/3/5194 2981/3/5194 2983/3/5194
f 2983/3/5194 2984/3/5194 2985/3/5194
f 2983/3/5194 2985/3/5194 2986/3/5194
f 2979/3/5194 2983/3/5194 2986/3/5194
f 2979/3/5194 2986/3/5194 2987/3/5194
f 2987/3/5194 2988/3/5194 2989/3/5194
f 2989/3/5194 2990/3/5194 2991/3/5194
f 2987/3/5194 2989/3/5194 2991/3/5194
f 2991/3/5194 2992/3/5194 2993/3/5194
f 2993/3/5194 2994/3/5194 2995/3/5194
f 2991/3/5194 2993/3/5194 2995/3/5194
f 2987/3/5194 2991/3/5194 2995/3/5194
f 2995/3/5194 2996/3/5194 2997/3/5194
f 2997/3/5194 2998/3/5194 2999/3/5194
f 2995/3/5194 2997/3/5194 2999/3/5194
f 2999/3/5194 3000/3/5194 3001/3/5194
f 3001/3/5194 2947/3/5194 2946/3/5194
f 2999/3/5194 3001/3/5194 2946/3/5194
f 2995/3/5194 2999/3/5194 2946/3/5194
f 2987/3/5194 2995/3/5194 2946/3/5194
f 2946/3/5194 3002/3/5194 3003/3/5194
f 3003/3/5194 3004/3/5194 3005/3/5194
f 2946/3/5194 3003/3/5194 3005/3/5194
f 3005/3/5194 3006/3/5194 3007/3/5194
f 3005/3/5194 3007/3/5194 3008/3/5194
f 2946/3/5194 3005/3/5194 3008/3/5194
f 2987/3/5194 2946/3/5194 3008/3/5194
f 2979/3/5194 2987/3/5194 3008/3/5194
f 2970/3/5195 2990/3/5195 2989/3/5195
f 2989/3/5195 2969/3/5195 2970/3/5195
f 2971/3/5196 3002/3/5196 2946/3/5196
f 2946/3/5196 2945/3/5196 2971/3/5196
f 2972/3/5197 2991/3/5197 2990/3/5197
f 2990/3/5197 2970/3/5197 2972/3/5197
f 2973/3/5198 3003/3/5198 3002/3/5198
f 3002/3/5198 2971/3/5198 2973/3/5198
f 2974/3/5199 2992/3/5199 2991/3/5199
f 2991/3/5199 2972/3/5199 2974/3/5199
f 2975/3/5200 2979/3/5200 3008/3/5200
f 3008/3/5200 2958/3/5200 2975/3/5200
f 2976/3/5201 3004/3/5202 3003/3/5201
f 3003/3/5201 2973/3/5203 2976/3/5201
f 2977/3/5204 2993/3/5204 2992/3/5204
f 2992/3/5204 2974/3/5204 2977/3/5204
f 2978/3/5205 2980/3/5205 2979/3/5205
f 2979/3/5205 2975/3/5205 2978/3/5205
f 2950/3/5206 3005/3/5206 3004/3/5206
f 3004/3/5206 2976/3/5206 2950/3/5206
f 2952/3/5207 2994/3/5207 2993/3/5207
f 2993/3/5207 2977/3/5207 2952/3/5207
f 2954/3/5208 2981/3/5208 2980/3/5208
f 2980/3/5208 2978/3/5208 2954/3/5208
f 2949/3/5209 3006/3/5209 3005/3/5209
f 3005/3/5209 2950/3/5209 2949/3/5209
f 2951/3/5210 2995/3/5211 2994/3/5210
f 2994/3/5210 2952/3/5211 2951/3/5210
f 2953/3/5212 2982/3/5212 2981/3/5212
f 2981/3/5212 2954/3/5212 2953/3/5212
f 2955/3/5213 3007/3/5213 3006/3/5213
f 3006/3/5213 2949/3/5213 2955/3/5213
f 2956/3/5214 2996/3/5214 2995/3/5214
f 2995/3/5214 2951/3/5214 2956/3/5214
f 2957/3/5215 2983/3/5216 2982/3/5215
f 2982/3/5215 2953/3/5217 2957/3/5215
f 2955/3/5218 2958/3/5219 3008/3/5218
f 3008/3/5218 3007/3/5218 2955/3/5218
f 2959/3/5220 2997/3/5220 2996/3/5220
f 2996/3/5220 2956/3/5220 2959/3/5220
f 2960/3/5221 2984/3/5221 2983/3/5221
f 2983/3/5221 2957/3/5221 2960/3/5221
f 2961/3/5222 2998/3/5222 2997/3/5222
f 2997/3/5222 2959/3/5222 2961/3/5222
f 2962/3/5223 2985/3/5223 2984/3/5223
f 2984/3/5223 2960/3/5223 2962/3/5223
f 2963/3/5224 2999/3/5224 2998/3/5224
f 2998/3/5224 2961/3/5224 2963/3/5224
f 2964/3/5225 2986/3/5225 2985/3/5225
f 2985/3/5225 2962/3/5225 2964/3/5225
f 2965/3/5226 3000/3/5226 2999/3/5226
f 2999/3/5226 2963/3/5226 2965/3/5226
f 2966/3/5227 2987/3/5227 2986/3/5227
f 2986/3/5227 2964/3/5227 2966/3/5227
f 2967/3/5228 3001/3/5228 3000/3/5228
f 3000/3/5228 2965/3/5228 2967/3/5228
f 2968/3/5229 2988/3/5229 2987/3/5229
f 2987/3/5229 2966/3/5229 2968/3/5229
f 2948/3/5230 2947/3/5231 3001/3/5230
f 3001/3/5230 2967/3/5231 2948/3/5230
f 2969/3/5232 2989/3/5232 2988/3/5232
f 2988/3/5232 2968/3/5232 2969/3/5232
o C_rculo_015_C_rculo_016
v 0.020164 -0.552196 -0.396419
v 0.093764 -0.552196 -0.389219
v 0.164564 -0.552196 -0.367719
v 0.229864 -0.552196 -0.332819
v 0.287064 -0.552196 -0.285919
v 0.333964 -0.552196 -0.228719
v 0.368864 -0.552196 -0.163519
v 0.390264 -0.552196 -0.092719
v 0.397564 -0.552196 -0.019119
v 0.390264 -0.552196 0.054581
v 0.368864 -0.552196 0.125381
v 0.333964 -0.552196 0.190581
v 0.287064 -0.552196 0.247781
v 0.229864 -0.552196 0.294681
v 0.164564 -0.552196 0.329581
v 0.093764 -0.552196 0.351081
v 0.020164 -0.552196 0.358281
v -0.053436 -0.552196 0.351081
v -0.124236 -0.552196 0.329581
v -0.189436 -0.552196 0.294681
v -0.246636 -0.552196 0.247781
v -0.293636 -0.552196 0.190581
v -0.328436 -0.552196 0.125381
v -0.349936 -0.552196 0.054581
v -0.357236 -0.552196 -0.019119
v -0.349936 -0.552196 -0.092719
v -0.328436 -0.552196 -0.163519
v -0.293636 -0.552196 -0.228719
v -0.246636 -0.552196 -0.285919
v -0.053436 -0.552196 -0.389219
v -0.189436 -0.552196 -0.332819
v -0.124236 -0.552196 -0.367719
v -0.072836 -0.731396 -0.486819
v -0.162336 -0.731396 -0.459619
v -0.244736 -0.731396 -0.415619
v -0.317036 -0.731396 -0.356219
v -0.376336 -0.731396 -0.284019
v -0.420336 -0.731396 -0.201519
v -0.447536 -0.731396 -0.112119
v -0.456636 -0.731396 -0.019119
v -0.447536 -0.731396 0.073981
v -0.420336 -0.731396 0.163381
v -0.376336 -0.731396 0.245881
v -0.317036 -0.731396 0.318081
v -0.244736 -0.731396 0.377381
v -0.162336 -0.731396 0.421481
v -0.072836 -0.731396 0.448581
v 0.020164 -0.731396 0.457781
v 0.113164 -0.731396 0.448581
v 0.202664 -0.731396 0.421481
v 0.285064 -0.731396 0.377381
v 0.357364 -0.731396 0.318081
v 0.416664 -0.731396 0.245881
v 0.460764 -0.731396 0.163381
v 0.487864 -0.731396 0.073981
v 0.497064 -0.731396 -0.019119
v 0.487864 -0.731396 -0.112119
v 0.460764 -0.731396 -0.201519
v 0.416664 -0.731396 -0.284019
v 0.357364 -0.731396 -0.356219
v 0.285064 -0.731396 -0.415619
v 0.202664 -0.731396 -0.459619
v 0.113164 -0.731396 -0.486819
v 0.020164 -0.731396 -0.495919
vn -0.0000 -1.0000 -0.0000
vn -0.0000 1.0000 -0.0000
vn 0.8376 -0.4835 0.2541
vn 0.8376 -0.4836 0.2541
vn 0.8376 -0.4835 0.2542
vn 0.8376 -0.4835 0.2544
vn -0.6766 -0.4836 -0.5553
vn -0.6765 -0.4835 -0.5554
vn 0.8711 -0.4836 0.0855
vn 0.8711 -0.4836 0.0856
vn 0.8711 -0.4835 0.0858
vn 0.8711 -0.4836 0.0858
vn -0.7718 -0.4836 -0.4130
vn -0.7719 -0.4837 -0.4126
vn -0.7718 -0.4838 -0.4127
vn -0.7717 -0.4836 -0.4131
vn 0.8711 -0.4836 -0.0857
vn 0.8711 -0.4836 -0.0858
vn -0.8376 -0.4837 -0.2540
vn -0.8376 -0.4837 -0.2539
vn -0.8375 -0.4837 -0.2542
vn -0.8376 -0.4836 -0.2541
vn 0.8376 -0.4836 -0.2541
vn 0.8376 -0.4835 -0.2544
vn 0.8375 -0.4836 -0.2544
vn -0.8711 -0.4836 -0.0858
vn -0.8711 -0.4836 -0.0856
vn -0.8711 -0.4836 -0.0857
vn 0.7720 -0.4836 -0.4125
vn 0.7719 -0.4836 -0.4127
vn -0.8711 -0.4836 0.0859
vn -0.8710 -0.4837 0.0862
vn -0.8711 -0.4836 0.0858
vn 0.6766 -0.4836 -0.5553
vn 0.6764 -0.4836 -0.5555
vn -0.8376 -0.4836 0.2541
vn -0.8376 -0.4836 0.2542
vn 0.5550 -0.4836 -0.6768
vn 0.5551 -0.4836 -0.6768
vn 0.5553 -0.4836 -0.6766
vn -0.7718 -0.4835 0.4130
vn -0.7719 -0.4836 0.4126
vn -0.7719 -0.4835 0.4127
vn -0.7719 -0.4835 0.4128
vn 0.4126 -0.4836 -0.7719
vn 0.4127 -0.4836 -0.7719
vn 0.4126 -0.4836 -0.7720
vn 0.0857 -0.4836 0.8711
vn 0.0858 -0.4836 0.8711
vn 0.0860 -0.4836 0.8711
vn -0.6765 -0.4836 0.5554
vn -0.6767 -0.4837 0.5552
vn -0.6766 -0.4838 0.5552
vn -0.6764 -0.4836 0.5555
vn 0.2539 -0.4837 -0.8376
vn 0.2540 -0.4836 -0.8376
vn 0.2541 -0.4837 -0.8375
vn 0.2539 -0.4836 -0.8377
vn 0.2540 -0.4837 0.8376
vn 0.2543 -0.4837 0.8375
vn 0.2544 -0.4836 0.8375
vn 0.2541 -0.4836 0.8376
vn -0.5554 -0.4837 0.6764
vn -0.5556 -0.4836 0.6763
vn -0.5555 -0.4836 0.6764
vn -0.5551 -0.4833 0.6770
vn 0.0859 -0.4835 -0.8711
vn 0.0862 -0.4836 -0.8710
vn 0.0860 -0.4836 -0.8711
vn 0.0852 -0.4833 -0.8713
vn 0.4124 -0.4838 0.7719
vn 0.4126 -0.4836 0.7719
vn 0.4128 -0.4837 0.7718
vn -0.4125 -0.4837 0.7719
vn -0.4126 -0.4836 0.7719
vn -0.4126 -0.4837 0.7719
vn -0.0858 -0.4836 -0.8711
vn -0.0860 -0.4834 -0.8712
vn 0.5551 -0.4836 0.6767
vn 0.5550 -0.4836 0.6769
vn 0.5554 -0.4838 0.6763
vn 0.5555 -0.4839 0.6762
vn -0.2544 -0.4836 0.8375
vn -0.2545 -0.4837 0.8374
vn -0.2545 -0.4836 0.8375
vn -0.2543 -0.4836 0.8375
vn -0.2542 -0.4834 -0.8377
vn -0.2541 -0.4836 -0.8376
vn -0.2543 -0.4834 -0.8376
vn -0.2544 -0.4833 -0.8377
vn 0.6767 -0.4836 0.5551
vn 0.6767 -0.4836 0.5552
vn 0.6768 -0.4836 0.5551
vn -0.0858 -0.4836 0.8711
vn -0.0855 -0.4836 0.8711
vn -0.0857 -0.4836 0.8711
vn -0.4127 -0.4836 -0.7719
vn -0.4131 -0.4834 -0.7718
vn -0.4130 -0.4835 -0.7718
vn -0.4126 -0.4836 -0.7720
vn 0.7720 -0.4836 0.4125
vn 0.7719 -0.4836 0.4127
vn -0.5554 -0.4837 -0.6764
vn -0.5554 -0.4837 -0.6765
vn -0.5553 -0.4836 -0.6765
vt 0.000000 0.000000
s 1
usemtl Goddard_None
f 3009/4/5233 3010/4/5233 3011/4/5233
f 3011/4/5233 3012/4/5233 3013/4/5233
f 3009/4/5233 3011/4/5233 3013/4/5233
f 3013/4/5233 3014/4/5233 3015/4/5233
f 3015/4/5233 3016/4/5233 3017/4/5233
f 3013/4/5233 3015/4/5233 3017/4/5233
f 3009/4/5233 3013/4/5233 3017/4/5233
f 3017/4/5233 3018/4/5233 3019/4/5233
f 3019/4/5233 3020/4/5233 3021/4/5233
f 3017/4/5233 3019/4/5233 3021/4/5233
f 3021/4/5233 3022/4/5233 3023/4/5233
f 3023/4/5233 3024/4/5233 3025/4/5233
f 3021/4/5233 3023/4/5233 3025/4/5233
f 3017/4/5233 3021/4/5233 3025/4/5233
f 3025/4/5233 3026/4/5233 3027/4/5233
f 3027/4/5233 3028/4/5233 3029/4/5233
f 3025/4/5233 3027/4/5233 3029/4/5233
f 3029/4/5233 3030/4/5233 3031/4/5233
f 3031/4/5233 3032/4/5233 3033/4/5233
f 3029/4/5233 3031/4/5233 3033/4/5233
f 3025/4/5233 3029/4/5233 3033/4/5233
f 3017/4/5233 3025/4/5233 3033/4/5233
f 3009/4/5233 3017/4/5233 3033/4/5233
f 3034/4/5233 3035/4/5233 3036/4/5233
f 3033/4/5233 3034/4/5233 3036/4/5233
f 3033/4/5233 3036/4/5233 3037/4/5233
f 3009/4/5233 3033/4/5233 3037/4/5233
f 3038/4/5233 3009/4/5233 3037/4/5233
f 3038/4/5233 3037/4/5233 3039/4/5233
f 3038/4/5233 3039/4/5233 3040/4/5233
f 3041/4/5234 3042/4/5234 3043/4/5234
f 3043/4/5234 3044/4/5234 3045/4/5234
f 3041/4/5234 3043/4/5234 3045/4/5234
f 3045/4/5234 3046/4/5234 3047/4/5234
f 3047/4/5234 3048/4/5234 3049/4/5234
f 3045/4/5234 3047/4/5234 3049/4/5234
f 3041/4/5234 3045/4/5234 3049/4/5234
f 3049/4/5234 3050/4/5234 3051/4/5234
f 3051/4/5234 3052/4/5234 3053/4/5234
f 3049/4/5234 3051/4/5234 3053/4/5234
f 3053/4/5234 3054/4/5234 3055/4/5234
f 3055/4/5234 3056/4/5234 3057/4/5234
f 3053/4/5234 3055/4/5234 3057/4/5234
f 3049/4/5234 3053/4/5234 3057/4/5234
f 3041/4/5234 3049/4/5234 3057/4/5234
f 3057/4/5234 3058/4/5234 3059/4/5234
f 3059/4/5234 3060/4/5234 3061/4/5234
f 3057/4/5234 3059/4/5234 3061/4/5234
f 3061/4/5234 3062/4/5234 3063/4/5234
f 3063/4/5234 3064/4/5234 3065/4/5234
f 3061/4/5234 3063/4/5234 3065/4/5234
f 3057/4/5234 3061/4/5234 3065/4/5234
f 3065/4/5234 3066/4/5234 3067/4/5234
f 3067/4/5234 3068/4/5234 3069/4/5234
f 3065/4/5234 3067/4/5234 3069/4/5234
f 3069/4/5234 3070/4/5234 3071/4/5234
f 3069/4/5234 3071/4/5234 3072/4/5234
f 3065/4/5234 3069/4/5234 3072/4/5234
f 3057/4/5234 3065/4/5234 3072/4/5234
f 3041/4/5234 3057/4/5234 3072/4/5234
f 3034/4/5235 3047/4/5236 3046/4/5237
f 3046/4/5237 3035/4/5238 3034/4/5235
f 3020/4/5239 3061/4/5239 3060/4/5240
f 3060/4/5240 3021/4/5239 3020/4/5239
f 3048/4/5241 3047/4/5242 3034/4/5243
f 3034/4/5243 3033/4/5244 3048/4/5241
f 3019/4/5245 3062/4/5246 3061/4/5247
f 3061/4/5247 3020/4/5248 3019/4/5245
f 3048/4/5249 3033/4/5250 3032/4/5250
f 3032/4/5250 3049/4/5250 3048/4/5249
f 3018/4/5251 3063/4/5252 3062/4/5253
f 3062/4/5253 3019/4/5254 3018/4/5251
f 3032/4/5255 3031/4/5256 3050/4/5257
f 3050/4/5257 3049/4/5255 3032/4/5255
f 3017/4/5258 3064/4/5259 3063/4/5260
f 3063/4/5260 3018/4/5258 3017/4/5258
f 3030/4/5261 3051/4/5262 3050/4/5261
f 3050/4/5261 3031/4/5261 3030/4/5261
f 3016/4/5263 3065/4/5264 3064/4/5264
f 3064/4/5264 3017/4/5265 3016/4/5263
f 3029/4/5266 3052/4/5267 3051/4/5266
f 3051/4/5266 3030/4/5266 3029/4/5266
f 3015/4/5268 3066/4/5269 3065/4/5268
f 3065/4/5268 3016/4/5269 3015/4/5268
f 3028/4/5270 3053/4/5271 3052/4/5271
f 3052/4/5271 3029/4/5272 3028/4/5270
f 3014/4/5273 3067/4/5274 3066/4/5275
f 3066/4/5275 3015/4/5276 3014/4/5273
f 3027/4/5277 3054/4/5277 3053/4/5278
f 3053/4/5278 3028/4/5279 3027/4/5277
f 3072/4/5280 3009/4/5281 3038/4/5280
f 3038/4/5280 3041/4/5282 3072/4/5280
f 3013/4/5283 3068/4/5284 3067/4/5285
f 3067/4/5285 3014/4/5286 3013/4/5283
f 3026/4/5287 3055/4/5288 3054/4/5289
f 3054/4/5289 3027/4/5290 3026/4/5287
f 3041/4/5291 3038/4/5292 3040/4/5293
f 3040/4/5293 3042/4/5294 3041/4/5291
f 3012/4/5295 3069/4/5296 3068/4/5297
f 3068/4/5297 3013/4/5298 3012/4/5295
f 3025/4/5299 3056/4/5300 3055/4/5301
f 3055/4/5301 3026/4/5302 3025/4/5299
f 3042/4/5303 3040/4/5304 3039/4/5305
f 3039/4/5305 3043/4/5304 3042/4/5303
f 3011/4/5306 3070/4/5307 3069/4/5308
f 3069/4/5308 3012/4/5306 3011/4/5306
f 3024/4/5309 3057/4/5309 3056/4/5310
f 3056/4/5310 3025/4/5309 3024/4/5309
f 3039/4/5311 3037/4/5312 3044/4/5313
f 3044/4/5313 3043/4/5314 3039/4/5311
f 3010/4/5315 3071/4/5316 3070/4/5317
f 3070/4/5317 3011/4/5318 3010/4/5315
f 3023/4/5319 3058/4/5320 3057/4/5321
f 3057/4/5321 3024/4/5322 3023/4/5319
f 3036/4/5323 3045/4/5324 3044/4/5324
f 3044/4/5324 3037/4/5325 3036/4/5323
f 3010/4/5326 3009/4/5327 3072/4/5328
f 3072/4/5328 3071/4/5326 3010/4/5326
f 3022/4/5329 3059/4/5330 3058/4/5331
f 3058/4/5331 3023/4/5332 3022/4/5329
f 3046/4/5333 3045/4/5334 3036/4/5334
f 3036/4/5334 3035/4/5333 3046/4/5333
f 3021/4/5335 3060/4/5336 3059/4/5337
f 3059/4/5337 3022/4/5336 3021/4/5335
o C_rculo_016_C_rculo_017
v 0.020764 -0.487596 -0.378919
v 0.090664 -0.487596 -0.372019
v 0.157864 -0.487596 -0.351619
v 0.219764 -0.487596 -0.318519
v 0.274064 -0.487596 -0.274019
v 0.318564 -0.487596 -0.219719
v 0.351664 -0.487596 -0.157819
v 0.372064 -0.487596 -0.090619
v 0.378964 -0.487596 -0.020719
v 0.372064 -0.487596 0.049081
v 0.351664 -0.487596 0.116281
v 0.318564 -0.487596 0.178281
v 0.274064 -0.487596 0.232481
v 0.219764 -0.487596 0.277081
v 0.157864 -0.487596 0.310181
v 0.090664 -0.487596 0.330581
v 0.020764 -0.487596 0.337381
v -0.049136 -0.487596 0.330581
v -0.116236 -0.487596 0.310181
v -0.178236 -0.487596 0.277081
v -0.232436 -0.487596 0.232481
v -0.277036 -0.487596 0.178281
v -0.310136 -0.487596 0.116281
v -0.330536 -0.487596 0.049081
v -0.337336 -0.487596 -0.020719
v -0.330536 -0.487596 -0.090619
v -0.310136 -0.487596 -0.157819
v -0.277036 -0.487596 -0.219719
v -0.232436 -0.487596 -0.274019
v -0.049136 -0.487596 -0.372019
v -0.178236 -0.487596 -0.318519
v -0.116236 -0.487596 -0.351619
v -0.246936 -0.518496 -0.288519
v -0.246936 -0.553296 -0.288519
v -0.189536 -0.553296 -0.335619
v -0.189536 -0.518496 -0.335619
v -0.357836 -0.518496 -0.020719
v -0.350636 -0.518496 0.053081
v 0.392164 -0.518496 0.053081
v 0.370664 -0.518496 0.124181
v -0.329036 -0.518496 0.124181
v 0.399464 -0.518496 -0.020719
v -0.294036 -0.518496 0.189581
v 0.392164 -0.518496 -0.094619
v -0.246936 -0.518496 0.246981
v 0.370664 -0.518496 -0.165619
v -0.189536 -0.518496 0.294081
v 0.335664 -0.518496 -0.231119
v -0.124136 -0.518496 0.329081
v 0.020764 -0.518496 -0.399419
v -0.053136 -0.518496 -0.392119
v 0.288564 -0.518496 -0.288519
v -0.053136 -0.518496 0.350581
v -0.124136 -0.518496 -0.370619
v 0.231164 -0.518496 -0.335619
v 0.020764 -0.518496 0.357881
v 0.165664 -0.518496 -0.370619
v 0.094664 -0.518496 0.350581
v 0.094664 -0.518496 -0.392119
v 0.165664 -0.518496 0.329081
v -0.294036 -0.518496 -0.231119
v 0.231164 -0.518496 0.294081
v -0.329036 -0.518496 -0.165619
v 0.288564 -0.518496 0.246981
v -0.350636 -0.518496 -0.094619
v 0.335664 -0.518496 0.189581
v -0.053136 -0.553296 -0.392119
v -0.124136 -0.553296 -0.370619
v -0.294036 -0.553296 -0.231119
v -0.329036 -0.553296 -0.165619
v -0.350636 -0.553296 -0.094619
v -0.357836 -0.553296 -0.020719
v -0.350636 -0.553296 0.053081
v -0.329036 -0.553296 0.124181
v -0.294036 -0.553296 0.189581
v -0.246936 -0.553296 0.246981
v -0.189536 -0.553296 0.294081
v -0.124136 -0.553296 0.329081
v -0.053136 -0.553296 0.350581
v 0.020764 -0.553296 0.357881
v 0.094664 -0.553296 0.350581
v 0.165664 -0.553296 0.329081
v 0.231164 -0.553296 0.294081
v 0.288564 -0.553296 0.246981
v 0.335664 -0.553296 0.189581
v 0.370664 -0.553296 0.124181
v 0.392164 -0.553296 0.053081
v 0.399464 -0.553296 -0.020719
v 0.392164 -0.553296 -0.094619
v 0.370664 -0.553296 -0.165619
v 0.335664 -0.553296 -0.231119
v 0.288564 -0.553296 -0.288519
v 0.231164 -0.553296 -0.335619
v 0.165664 -0.553296 -0.370619
v 0.094664 -0.553296 -0.392119
v 0.020764 -0.553296 -0.399419
vn -0.0000 -1.0000 -0.0000
vn 0.6343 -0.0000 0.7731
vn 0.8308 -0.5505 -0.0817
vn 0.8308 -0.5506 -0.0817
vn 0.8308 -0.5506 -0.0816
vn 0.8308 -0.5506 -0.0815
vn -0.7989 -0.5505 -0.2423
vn 0.7989 -0.5505 -0.2423
vn 0.7989 -0.5505 -0.2422
vn 0.7987 -0.5507 -0.2425
vn -0.8308 -0.5505 -0.0817
vn -0.8308 -0.5506 -0.0818
vn -0.8309 -0.5505 -0.0817
vn 0.7363 -0.5504 -0.3936
vn 0.7364 -0.5504 -0.3934
vn 0.7362 -0.5506 -0.3935
vn -0.8307 -0.5507 0.0819
vn -0.8305 -0.5509 0.0820
vn -0.8308 -0.5506 0.0819
vn -0.8308 -0.5505 0.0818
vn 0.6451 -0.5505 -0.5298
vn 0.6452 -0.5508 -0.5295
vn 0.6453 -0.5505 -0.5297
vn -0.7989 -0.5505 0.2423
vn -0.7989 -0.5504 0.2423
vn 0.5296 -0.5506 -0.6452
vn 0.5296 -0.5505 -0.6453
vn 0.5296 -0.5506 -0.6453
vn 0.5297 -0.5506 -0.6452
vn -0.7362 -0.5506 0.3935
vn -0.7361 -0.5507 0.3935
vn -0.7362 -0.5507 0.3935
vn 0.3937 -0.5504 -0.7362
vn 0.3935 -0.5506 -0.7362
vn 0.3936 -0.5506 -0.7362
vn 0.3935 -0.5505 -0.7362
vn 0.0820 -0.5509 0.8305
vn 0.0820 -0.5510 0.8305
vn 0.0819 -0.5507 0.8307
vn 0.0818 -0.5505 0.8308
vn -0.6453 -0.5506 0.5296
vn -0.6452 -0.5508 0.5295
vn -0.6453 -0.5505 0.5296
vn 0.2423 -0.5505 -0.7989
vn 0.2424 -0.5505 -0.7989
vn 0.2428 -0.5506 -0.7987
vn 0.2423 -0.5504 0.7989
vn 0.2423 -0.5505 0.7989
vn -0.5296 -0.5505 0.6453
vn -0.5295 -0.5507 0.6453
vn 0.0817 -0.5504 -0.8309
vn 0.0820 -0.5510 -0.8305
vn 0.0818 -0.5505 -0.8308
vn 0.3935 -0.5505 0.7362
vn 0.3935 -0.5506 0.7362
vn 0.3935 -0.5504 0.7363
vn -0.3935 -0.5507 0.7362
vn -0.3935 -0.5506 0.7362
vn -0.0818 -0.5504 -0.8309
vn -0.0818 -0.5505 -0.8308
vn -0.0815 -0.5505 -0.8309
vn 0.5295 -0.5508 0.6452
vn 0.5296 -0.5506 0.6453
vn 0.5295 -0.5507 0.6452
vn 0.5295 -0.5507 0.6453
vn -0.2422 -0.5505 0.7989
vn -0.2421 -0.5507 0.7988
vn -0.2423 -0.5505 0.7989
vn -0.2423 -0.5505 -0.7989
vn 0.6452 -0.5506 0.5296
vn 0.6454 -0.5505 0.5296
vn 0.6453 -0.5505 0.5296
vn -0.0818 -0.5506 0.8308
vn -0.0818 -0.5505 0.8308
vn -0.3936 -0.5502 -0.7364
vn -0.3935 -0.5503 -0.7364
vn -0.3935 -0.5504 -0.7363
vn -0.3936 -0.5505 -0.7363
vn 0.7365 -0.5500 0.3937
vn 0.7364 -0.5503 0.3935
vn 0.7364 -0.5502 0.3936
vn 0.7363 -0.5505 0.3936
vn -0.5299 -0.5503 -0.6453
vn -0.5296 -0.5505 -0.6453
vn -0.5298 -0.5503 -0.6454
vn -0.5299 -0.5504 -0.6452
vn 0.7989 -0.5505 0.2424
vn 0.7989 -0.5505 0.2423
vn 0.7991 -0.5500 0.2426
vn -0.6454 -0.5503 -0.5297
vn -0.6455 -0.5503 -0.5297
vn -0.6455 -0.5503 -0.5296
vn 0.8308 -0.5505 0.0817
vn 0.8308 -0.5505 0.0816
vn 0.8308 -0.5506 0.0816
vn -0.7362 -0.5507 -0.3934
vn -0.7362 -0.5506 -0.3935
vn -0.7362 -0.5508 -0.3933
vn -0.0000 1.0000 -0.0000
vn -0.2898 -0.0000 0.9571
vn -0.2898 -0.0000 -0.9571
vn 0.7731 -0.0000 0.6343
vn -0.0983 -0.0000 0.9952
vn -0.4713 -0.0000 -0.8820
vn 0.8820 -0.0000 0.4713
vn -0.6343 -0.0000 -0.7731
vn 0.9569 -0.0000 0.2905
vn 0.9569 -0.0000 0.2903
vn -0.7731 -0.0000 -0.6343
vn 0.9952 -0.0000 0.0979
vn 0.9952 -0.0000 0.0980
vn -0.8817 -0.0000 -0.4718
vn 0.9952 -0.0000 -0.0979
vn 0.9952 -0.0000 -0.0980
vn 0.9952 -0.0000 -0.0978
vn -0.9569 -0.0000 -0.2903
vn 0.9569 -0.0000 -0.2904
vn 0.9568 -0.0000 -0.2907
vn -0.9952 -0.0000 -0.0981
vn -0.9952 -0.0000 -0.0980
vn 0.8817 -0.0000 -0.4718
vn -0.9952 -0.0000 0.0980
vn 0.7731 -0.0000 -0.6343
vn -0.9571 -0.0000 0.2898
vn -0.9569 -0.0000 0.2903
vn -0.9570 -0.0000 0.2901
vn 0.6343 -0.0000 -0.7731
vn -0.8820 -0.0000 0.4713
vn 0.4716 -0.0000 -0.8818
vn 0.4718 -0.0000 -0.8817
vn 0.4713 -0.0000 -0.8820
vn 0.0983 -0.0000 0.9952
vn -0.7731 -0.0000 0.6343
vn 0.2903 -0.0000 -0.9569
vn 0.2901 -0.0000 0.9570
vn 0.2903 -0.0000 0.9569
vn -0.6343 -0.0000 0.7731
vn 0.0983 -0.0000 -0.9952
vn 0.4716 -0.0000 0.8818
vn 0.4718 -0.0000 0.8817
vn 0.4713 -0.0000 0.8820
vn -0.4713 -0.0000 0.8820
vn -0.0983 -0.0000 -0.9952
vt 0.000000 0.000000
s 1
usemtl Goddard_None
f 3073/5/5338 3074/5/5338 3075/5/5338
f 3075/5/5338 3076/5/5338 3077/5/5338
f 3073/5/5338 3075/5/5338 3077/5/5338
f 3077/5/5338 3078/5/5338 3079/5/5338
f 3079/5/5338 3080/5/5338 3081/5/5338
f 3077/5/5338 3079/5/5338 3081/5/5338
f 3073/5/5338 3077/5/5338 3081/5/5338
f 3081/5/5338 3082/5/5338 3083/5/5338
f 3083/5/5338 3084/5/5338 3085/5/5338
f 3081/5/5338 3083/5/5338 3085/5/5338
f 3085/5/5338 3086/5/5338 3087/5/5338
f 3087/5/5338 3088/5/5338 3089/5/5338
f 3085/5/5338 3087/5/5338 3089/5/5338
f 3081/5/5338 3085/5/5338 3089/5/5338
f 3089/5/5338 3090/5/5338 3091/5/5338
f 3091/5/5338 3092/5/5338 3093/5/5338
f 3089/5/5338 3091/5/5338 3093/5/5338
f 3093/5/5338 3094/5/5338 3095/5/5338
f 3095/5/5338 3096/5/5338 3097/5/5338
f 3093/5/5338 3095/5/5338 3097/5/5338
f 3089/5/5338 3093/5/5338 3097/5/5338
f 3081/5/5338 3089/5/5338 3097/5/5338
f 3073/5/5338 3081/5/5338 3097/5/5338
f 3098/5/5338 3099/5/5338 3100/5/5338
f 3097/5/5338 3098/5/5338 3100/5/5338
f 3097/5/5338 3100/5/5338 3101/5/5338
f 3073/5/5338 3097/5/5338 3101/5/5338
f 3102/5/5338 3073/5/5338 3101/5/5338
f 3102/5/5338 3101/5/5338 3103/5/5338
f 3102/5/5338 3103/5/5338 3104/5/5338
f 3105/5/5339 3106/5/5339 3107/5/5339
f 3107/5/5339 3108/5/5339 3105/5/5339
f 3109/5/5340 3097/5/5341 3096/5/5342
f 3096/5/5342 3110/5/5343 3109/5/5340
f 3082/5/5344 3111/5/5344 3112/5/5344
f 3112/5/5344 3083/5/5344 3082/5/5344
f 3096/5/5345 3095/5/5346 3113/5/5347
f 3113/5/5347 3110/5/5345 3096/5/5345
f 3081/5/5348 3114/5/5349 3111/5/5348
f 3111/5/5348 3082/5/5350 3081/5/5348
f 3094/5/5351 3115/5/5351 3113/5/5352
f 3113/5/5352 3095/5/5353 3094/5/5351
f 3080/5/5354 3116/5/5355 3114/5/5356
f 3114/5/5356 3081/5/5357 3080/5/5354
f 3093/5/5358 3117/5/5359 3115/5/5360
f 3115/5/5360 3094/5/5360 3093/5/5358
f 3079/5/5361 3118/5/5361 3116/5/5362
f 3116/5/5362 3080/5/5361 3079/5/5361
f 3092/5/5363 3119/5/5364 3117/5/5365
f 3117/5/5365 3093/5/5366 3092/5/5363
f 3078/5/5367 3120/5/5367 3118/5/5368
f 3118/5/5368 3079/5/5369 3078/5/5367
f 3091/5/5370 3121/5/5371 3119/5/5372
f 3119/5/5372 3092/5/5373 3091/5/5370
f 3122/5/5374 3073/5/5375 3102/5/5376
f 3102/5/5376 3123/5/5377 3122/5/5374
f 3077/5/5378 3124/5/5379 3120/5/5380
f 3120/5/5380 3078/5/5380 3077/5/5378
f 3090/5/5381 3125/5/5381 3121/5/5382
f 3121/5/5382 3091/5/5383 3090/5/5381
f 3123/5/5384 3102/5/5385 3104/5/5385
f 3104/5/5385 3126/5/5385 3123/5/5384
f 3076/5/5386 3127/5/5386 3124/5/5386
f 3124/5/5386 3077/5/5387 3076/5/5386
f 3089/5/5388 3128/5/5389 3125/5/5390
f 3125/5/5390 3090/5/5390 3089/5/5388
f 3126/5/5391 3104/5/5392 3103/5/5392
f 3103/5/5392 3108/5/5393 3126/5/5391
f 3075/5/5394 3129/5/5395 3127/5/5395
f 3127/5/5395 3076/5/5394 3075/5/5394
f 3088/5/5396 3130/5/5397 3128/5/5398
f 3128/5/5398 3089/5/5397 3088/5/5396
f 3103/5/5399 3101/5/5400 3105/5/5401
f 3105/5/5401 3108/5/5402 3103/5/5399
f 3074/5/5403 3131/5/5404 3129/5/5405
f 3129/5/5405 3075/5/5405 3074/5/5403
f 3087/5/5406 3132/5/5406 3130/5/5406
f 3130/5/5406 3088/5/5406 3087/5/5406
f 3100/5/5407 3133/5/5408 3105/5/5409
f 3105/5/5409 3101/5/5407 3100/5/5407
f 3074/5/5410 3073/5/5411 3122/5/5410
f 3122/5/5410 3131/5/5411 3074/5/5410
f 3086/5/5412 3134/5/5413 3132/5/5414
f 3132/5/5414 3087/5/5415 3086/5/5412
f 3135/5/5416 3133/5/5417 3100/5/5418
f 3100/5/5418 3099/5/5419 3135/5/5416
f 3085/5/5420 3136/5/5421 3134/5/5422
f 3134/5/5422 3086/5/5423 3085/5/5420
f 3098/5/5424 3137/5/5425 3135/5/5425
f 3135/5/5425 3099/5/5426 3098/5/5424
f 3084/5/5427 3138/5/5427 3136/5/5428
f 3136/5/5428 3085/5/5429 3084/5/5427
f 3109/5/5430 3137/5/5431 3098/5/5430
f 3098/5/5430 3097/5/5432 3109/5/5430
f 3083/5/5433 3112/5/5434 3138/5/5434
f 3138/5/5434 3084/5/5435 3083/5/5433
f 3139/5/5436 3140/5/5436 3107/5/5436
f 3107/5/5436 3106/5/5436 3141/5/5436
f 3139/5/5436 3107/5/5436 3141/5/5436
f 3141/5/5436 3142/5/5436 3143/5/5436
f 3141/5/5436 3143/5/5436 3144/5/5436
f 3139/5/5436 3141/5/5436 3144/5/5436
f 3139/5/5436 3144/5/5436 3145/5/5436
f 3145/5/5436 3146/5/5436 3147/5/5436
f 3147/5/5436 3148/5/5436 3149/5/5436
f 3145/5/5436 3147/5/5436 3149/5/5436
f 3149/5/5436 3150/5/5436 3151/5/5436
f 3151/5/5436 3152/5/5436 3153/5/5436
f 3149/5/5436 3151/5/5436 3153/5/5436
f 3145/5/5436 3149/5/5436 3153/5/5436
f 3153/5/5436 3154/5/5436 3155/5/5436
f 3155/5/5436 3156/5/5436 3157/5/5436
f 3153/5/5436 3155/5/5436 3157/5/5436
f 3157/5/5436 3158/5/5436 3159/5/5436
f 3159/5/5436 3160/5/5436 3161/5/5436
f 3157/5/5436 3159/5/5436 3161/5/5436
f 3153/5/5436 3157/5/5436 3161/5/5436
f 3145/5/5436 3153/5/5436 3161/5/5436
f 3161/5/5436 3162/5/5436 3163/5/5436
f 3163/5/5436 3164/5/5436 3165/5/5436
f 3161/5/5436 3163/5/5436 3165/5/5436
f 3165/5/5436 3166/5/5436 3167/5/5436
f 3165/5/5436 3167/5/5436 3168/5/5436
f 3161/5/5436 3165/5/5436 3168/5/5436
f 3145/5/5436 3161/5/5436 3168/5/5436
f 3139/5/5436 3145/5/5436 3168/5/5436
f 3131/5/5437 3167/5/5437 3166/5/5437
f 3166/5/5437 3129/5/5437 3131/5/5437
f 3132/5/5438 3154/5/5438 3153/5/5438
f 3153/5/5438 3130/5/5438 3132/5/5438
f 3133/5/5439 3141/5/5439 3106/5/5439
f 3106/5/5439 3105/5/5439 3133/5/5439
f 3131/5/5440 3122/5/5440 3168/5/5440
f 3168/5/5440 3167/5/5440 3131/5/5440
f 3134/5/5441 3155/5/5441 3154/5/5441
f 3154/5/5441 3132/5/5441 3134/5/5441
f 3135/5/5442 3142/5/5442 3141/5/5442
f 3141/5/5442 3133/5/5442 3135/5/5442
f 3136/5/5443 3156/5/5443 3155/5/5443
f 3155/5/5443 3134/5/5443 3136/5/5443
f 3137/5/5444 3143/5/5445 3142/5/5444
f 3142/5/5444 3135/5/5444 3137/5/5444
f 3138/5/5446 3157/5/5446 3156/5/5446
f 3156/5/5446 3136/5/5446 3138/5/5446
f 3109/5/5447 3144/5/5447 3143/5/5447
f 3143/5/5447 3137/5/5448 3109/5/5447
f 3112/5/5449 3158/5/5449 3157/5/5449
f 3157/5/5449 3138/5/5449 3112/5/5449
f 3110/5/5450 3145/5/5450 3144/5/5451
f 3144/5/5451 3109/5/5452 3110/5/5450
f 3111/5/5453 3159/5/5453 3158/5/5453
f 3158/5/5453 3112/5/5453 3111/5/5453
f 3113/5/5454 3146/5/5455 3145/5/5454
f 3145/5/5454 3110/5/5455 3113/5/5454
f 3114/5/5456 3160/5/5457 3159/5/5456
f 3159/5/5456 3111/5/5457 3114/5/5456
f 3115/5/5458 3147/5/5458 3146/5/5458
f 3146/5/5458 3113/5/5458 3115/5/5458
f 3116/5/5459 3161/5/5459 3160/5/5459
f 3160/5/5459 3114/5/5459 3116/5/5459
f 3117/5/5460 3148/5/5460 3147/5/5460
f 3147/5/5460 3115/5/5460 3117/5/5460
f 3118/5/5461 3162/5/5462 3161/5/5463
f 3161/5/5463 3116/5/5461 3118/5/5461
f 3119/5/5464 3149/5/5464 3148/5/5464
f 3148/5/5464 3117/5/5464 3119/5/5464
f 3120/5/5465 3163/5/5465 3162/5/5465
f 3162/5/5465 3118/5/5465 3120/5/5465
f 3121/5/5466 3150/5/5467 3149/5/5467
f 3149/5/5467 3119/5/5468 3121/5/5466
f 3123/5/5469 3139/5/5469 3168/5/5469
f 3168/5/5469 3122/5/5469 3123/5/5469
f 3124/5/5470 3164/5/5470 3163/5/5470
f 3163/5/5470 3120/5/5470 3124/5/5470
f 3125/5/5471 3151/5/5471 3150/5/5471
f 3150/5/5471 3121/5/5471 3125/5/5471
f 3126/5/5472 3140/5/5473 3139/5/5472
f 3139/5/5472 3123/5/5473 3126/5/5472
f 3127/5/5474 3165/5/5474 3164/5/5474
f 3164/5/5474 3124/5/5474 3127/5/5474
f 3128/5/5475 3152/5/5475 3151/5/5475
f 3151/5/5475 3125/5/5475 3128/5/5475
f 3108/5/5476 3107/5/5477 3140/5/5477
f 3140/5/5477 3126/5/5478 3108/5/5476
f 3129/5/5479 3166/5/5479 3165/5/5479
f 3165/5/5479 3127/5/5479 3129/5/5479
f 3130/5/5480 3153/5/5480 3152/5/5480
f 3152/5/5480 3128/5/5480 3130/5/5480
o Cilindro_001_Cilindro_006
v 0.468964 -0.779196 -0.278819
v 0.472864 -0.779196 -0.280319
v 0.472864 -0.853596 -0.280319
v 0.468964 -0.853596 -0.278819
v 0.476964 -0.779196 -0.281019
v 0.476964 -0.853596 -0.281019
v 0.481164 -0.779196 -0.280919
v 0.481164 -0.853596 -0.280919
v 0.485264 -0.779196 -0.279919
v 0.485264 -0.853596 -0.279919
v 0.489064 -0.779196 -0.278219
v 0.489064 -0.853596 -0.278219
v 0.492464 -0.853596 -0.275819
v 0.492464 -0.779196 -0.275819
v 0.495364 -0.853596 -0.272719
v 0.495364 -0.779196 -0.272719
v 0.497564 -0.779196 -0.269219
v 0.497564 -0.853596 -0.269219
v 0.499064 -0.853596 -0.265319
v 0.499064 -0.779196 -0.265319
v 0.499764 -0.853596 -0.261219
v 0.499764 -0.779196 -0.261219
v 0.499564 -0.853596 -0.257019
v 0.499564 -0.779196 -0.257019
v 0.498664 -0.779196 -0.252919
v 0.498664 -0.853596 -0.252919
v 0.496964 -0.853596 -0.249119
v 0.496964 -0.779196 -0.249119
v 0.494464 -0.853596 -0.245719
v 0.494464 -0.779196 -0.245719
v 0.491464 -0.853596 -0.242819
v 0.491464 -0.779196 -0.242819
v 0.487964 -0.853596 -0.240619
v 0.487964 -0.779196 -0.240619
v 0.483964 -0.853596 -0.239119
v 0.483964 -0.779196 -0.239119
v 0.479864 -0.853596 -0.238419
v 0.479864 -0.779196 -0.238419
v 0.475664 -0.853596 -0.238519
v 0.475664 -0.779196 -0.238519
v 0.471664 -0.779196 -0.239519
v 0.471664 -0.853596 -0.239519
v 0.467764 -0.779196 -0.241219
v 0.467764 -0.853596 -0.241219
v 0.464364 -0.853596 -0.243619
v 0.464364 -0.779196 -0.243619
v 0.461564 -0.853596 -0.246719
v 0.461564 -0.779196 -0.246719
v 0.459264 -0.779196 -0.250219
v 0.459264 -0.853596 -0.250219
v 0.457864 -0.779196 -0.254119
v 0.457864 -0.853596 -0.254119
v 0.457164 -0.853596 -0.258219
v 0.457164 -0.779196 -0.258219
v 0.457264 -0.779196 -0.262419
v 0.457264 -0.853596 -0.262419
v 0.458164 -0.853596 -0.266519
v 0.458164 -0.779196 -0.266519
v 0.459864 -0.853596 -0.270319
v 0.459864 -0.779196 -0.270319
v 0.462364 -0.779196 -0.273719
v 0.462364 -0.853596 -0.273719
v 0.488964 -0.760796 -0.265019
v 0.490064 -0.760996 -0.262319
v 0.465364 -0.779196 -0.276619
v 0.465364 -0.853596 -0.276619
v 0.478864 -0.764796 -0.273619
v 0.464464 -0.753996 -0.266519
v 0.464464 -0.751996 -0.264519
v 0.481264 -0.763496 -0.272819
v 0.480464 -0.773196 -0.245519
v 0.482764 -0.771496 -0.245719
v 0.465964 -0.777196 -0.262719
v 0.466164 -0.777996 -0.259919
v 0.483564 -0.762296 -0.271419
v 0.488564 -0.766296 -0.249519
v 0.489764 -0.764796 -0.251619
v 0.469364 -0.778496 -0.252019
v 0.471164 -0.777996 -0.249819
v 0.471864 -0.769696 -0.273019
v 0.474064 -0.767996 -0.273719
v 0.469864 -0.771496 -0.271719
v 0.490664 -0.761496 -0.259519
v 0.478064 -0.774696 -0.245819
v 0.466264 -0.775996 -0.265419
v 0.485664 -0.761496 -0.269619
v 0.486964 -0.767996 -0.247719
v 0.467864 -0.778696 -0.254519
v 0.476364 -0.766296 -0.274019
v 0.490864 -0.762296 -0.256719
v 0.475564 -0.775996 -0.246619
v 0.467064 -0.774696 -0.267819
v 0.487564 -0.760996 -0.267419
v 0.484964 -0.769696 -0.246519
v 0.466764 -0.778496 -0.257119
v 0.490564 -0.763496 -0.254119
v 0.473264 -0.777196 -0.248019
v 0.468264 -0.773196 -0.269919
v 0.465364 -0.758896 -0.269419
v 0.466264 -0.761596 -0.270219
v 0.467464 -0.764196 -0.270519
v 0.468864 -0.766696 -0.270219
v 0.470364 -0.769096 -0.269419
v 0.471964 -0.771096 -0.268219
v 0.473664 -0.772796 -0.266519
v 0.475264 -0.774096 -0.264519
v 0.476864 -0.774796 -0.262119
v 0.478164 -0.775096 -0.259619
v 0.479364 -0.774796 -0.257019
v 0.480364 -0.774096 -0.254319
v 0.480964 -0.772796 -0.251819
v 0.481264 -0.771096 -0.249519
v 0.481364 -0.769096 -0.247419
v 0.480964 -0.766696 -0.245719
v 0.480364 -0.764196 -0.244519
v 0.479464 -0.761596 -0.243719
v 0.478264 -0.758896 -0.243419
v 0.476964 -0.756396 -0.243719
v 0.475364 -0.753996 -0.244519
v 0.473764 -0.751996 -0.245719
v 0.472164 -0.750296 -0.247419
v 0.470464 -0.748996 -0.249419
v 0.468964 -0.748296 -0.251819
v 0.467564 -0.747996 -0.254319
v 0.466364 -0.748296 -0.257019
v 0.465464 -0.748996 -0.259619
v 0.464864 -0.750296 -0.262119
v 0.464764 -0.756396 -0.268219
v 0.510264 -0.779196 0.179281
v 0.510264 -0.853596 0.179281
v 0.507364 -0.853596 0.176281
v 0.507364 -0.779196 0.176281
v 0.512564 -0.853596 0.182781
v 0.512564 -0.779196 0.182781
v 0.514064 -0.779196 0.186681
v 0.514064 -0.853596 0.186681
v 0.514864 -0.853596 0.190781
v 0.514864 -0.779196 0.190781
v 0.514764 -0.779196 0.194981
v 0.514764 -0.853596 0.194981
v 0.513964 -0.853596 0.198981
v 0.513964 -0.779196 0.198981
v 0.512264 -0.853596 0.202881
v 0.512264 -0.779196 0.202881
v 0.509964 -0.779196 0.206281
v 0.509964 -0.853596 0.206281
v 0.506964 -0.853596 0.209281
v 0.506964 -0.779196 0.209281
v 0.503464 -0.779196 0.211581
v 0.503464 -0.853596 0.211581
v 0.499564 -0.779196 0.213081
v 0.499564 -0.853596 0.213081
v 0.495464 -0.853596 0.213881
v 0.495464 -0.779196 0.213881
v 0.491264 -0.779196 0.213781
v 0.491264 -0.853596 0.213781
v 0.487164 -0.779196 0.212981
v 0.487164 -0.853596 0.212981
v 0.483364 -0.853596 0.211281
v 0.483364 -0.779196 0.211281
v 0.479864 -0.779196 0.208981
v 0.479864 -0.853596 0.208981
v 0.476964 -0.779196 0.205981
v 0.476964 -0.853596 0.205981
v 0.474664 -0.853596 0.202481
v 0.474664 -0.779196 0.202481
v 0.473064 -0.853596 0.198581
v 0.473064 -0.779196 0.198581
v 0.472364 -0.779196 0.194481
v 0.472364 -0.853596 0.194481
v 0.472364 -0.853596 0.190281
v 0.472364 -0.779196 0.190281
v 0.473264 -0.779196 0.186181
v 0.473264 -0.853596 0.186181
v 0.474864 -0.779196 0.182381
v 0.474864 -0.853596 0.182381
v 0.477264 -0.853596 0.178881
v 0.477264 -0.779196 0.178881
v 0.480264 -0.853596 0.175981
v 0.480264 -0.779196 0.175981
v 0.483764 -0.779196 0.173681
v 0.483764 -0.853596 0.173681
v 0.487664 -0.853596 0.172081
v 0.487664 -0.779196 0.172081
v 0.491764 -0.779196 0.171381
v 0.491764 -0.853596 0.171381
v 0.495964 -0.779196 0.171381
v 0.495964 -0.853596 0.171381
v 0.499964 -0.853596 0.172281
v 0.499964 -0.779196 0.172281
v 0.500564 -0.760996 0.202281
v 0.502664 -0.760796 0.200181
v 0.503864 -0.779196 0.173881
v 0.503864 -0.853596 0.173881
v 0.506764 -0.763496 0.189981
v 0.506564 -0.764796 0.187381
v 0.494264 -0.753996 0.177081
v 0.492364 -0.751996 0.177881
v 0.481364 -0.773196 0.200181
v 0.482464 -0.771496 0.202281
v 0.491364 -0.777196 0.179981
v 0.488864 -0.777996 0.181281
v 0.506364 -0.762296 0.192581
v 0.490764 -0.764796 0.206281
v 0.488264 -0.766296 0.205981
v 0.481564 -0.777996 0.189881
v 0.482864 -0.778496 0.187381
v 0.503064 -0.769696 0.181281
v 0.504664 -0.767996 0.182981
v 0.501164 -0.771496 0.179981
v 0.498364 -0.761496 0.203981
v 0.480664 -0.774696 0.197781
v 0.493964 -0.775996 0.179181
v 0.505564 -0.761496 0.195281
v 0.486064 -0.767996 0.205181
v 0.484564 -0.778696 0.184981
v 0.505864 -0.766296 0.185081
v 0.495864 -0.762296 0.205181
v 0.480464 -0.775996 0.195281
v 0.496464 -0.774696 0.178981
v 0.504364 -0.760996 0.197881
v 0.484064 -0.769696 0.203981
v 0.486564 -0.778496 0.182981
v 0.493264 -0.763496 0.205981
v 0.480764 -0.777196 0.192581
v 0.498964 -0.773196 0.179281
v 0.499064 -0.764196 0.178281
v 0.499364 -0.766696 0.179581
v 0.499264 -0.769096 0.181381
v 0.498764 -0.771096 0.183281
v 0.497964 -0.772796 0.185481
v 0.496664 -0.774096 0.187781
v 0.495164 -0.774796 0.190181
v 0.493364 -0.775096 0.192481
v 0.491464 -0.774796 0.194581
v 0.489464 -0.774096 0.196481
v 0.487364 -0.772796 0.198081
v 0.485364 -0.771096 0.199381
v 0.483464 -0.769096 0.200181
v 0.481864 -0.766696 0.200581
v 0.480464 -0.764196 0.200481
v 0.479364 -0.761596 0.199981
v 0.478664 -0.758896 0.198981
v 0.478364 -0.756396 0.197681
v 0.478464 -0.753996 0.195981
v 0.478964 -0.751996 0.193981
v 0.479764 -0.750296 0.191781
v 0.481064 -0.748996 0.189481
v 0.482564 -0.748296 0.187081
v 0.484364 -0.747996 0.184781
v 0.486264 -0.748296 0.182681
v 0.488264 -0.748996 0.180781
v 0.490364 -0.750296 0.179181
v 0.495864 -0.756396 0.176681
v 0.498364 -0.761596 0.177281
v 0.497264 -0.758896 0.176781
v 0.541864 -0.779196 -0.059019
v 0.541864 -0.853596 -0.059019
v 0.537664 -0.853596 -0.059219
v 0.537664 -0.779196 -0.059219
v 0.545964 -0.853596 -0.057919
v 0.545964 -0.779196 -0.057919
v 0.549664 -0.779196 -0.056119
v 0.549664 -0.853596 -0.056119
v 0.553064 -0.779196 -0.053519
v 0.553064 -0.853596 -0.053519
v 0.555764 -0.853596 -0.050419
v 0.555764 -0.779196 -0.050419
v 0.557864 -0.779196 -0.046819
v 0.557864 -0.853596 -0.046819
v 0.559264 -0.779196 -0.042819
v 0.559264 -0.853596 -0.042819
v 0.559864 -0.853596 -0.038719
v 0.559864 -0.779196 -0.038719
v 0.559564 -0.779196 -0.034519
v 0.559564 -0.853596 -0.034519
v 0.558564 -0.779196 -0.030519
v 0.558564 -0.853596 -0.030519
v 0.556664 -0.853596 -0.026719
v 0.556664 -0.779196 -0.026719
v 0.554164 -0.779196 -0.023419
v 0.554164 -0.853596 -0.023419
v 0.551064 -0.779196 -0.020619
v 0.551064 -0.853596 -0.020619
v 0.547464 -0.853596 -0.018519
v 0.547464 -0.779196 -0.018519
v 0.543464 -0.853596 -0.017119
v 0.543464 -0.779196 -0.017119
v 0.539364 -0.779196 -0.016619
v 0.539364 -0.853596 -0.016619
v 0.535164 -0.853596 -0.016819
v 0.535164 -0.779196 -0.016819
v 0.531064 -0.853596 -0.017919
v 0.531064 -0.779196 -0.017919
v 0.527364 -0.779196 -0.019719
v 0.527364 -0.853596 -0.019719
v 0.523964 -0.853596 -0.022219
v 0.523964 -0.779196 -0.022219
v 0.521264 -0.779196 -0.025419
v 0.521264 -0.853596 -0.025419
v 0.519164 -0.779196 -0.029019
v 0.519164 -0.853596 -0.029019
v 0.517764 -0.853596 -0.032919
v 0.517764 -0.779196 -0.032919
v 0.517164 -0.853596 -0.037119
v 0.517164 -0.779196 -0.037119
v 0.517464 -0.779196 -0.041319
v 0.517464 -0.853596 -0.041319
v 0.518464 -0.853596 -0.045319
v 0.518464 -0.779196 -0.045319
v 0.520364 -0.779196 -0.049119
v 0.520364 -0.853596 -0.049119
v 0.522864 -0.779196 -0.052419
v 0.522864 -0.853596 -0.052419
v 0.525964 -0.853596 -0.055219
v 0.525964 -0.779196 -0.055219
v 0.529564 -0.779196 -0.057319
v 0.529564 -0.853596 -0.057319
v 0.550364 -0.760796 -0.038319
v 0.550164 -0.760996 -0.035419
v 0.533564 -0.779196 -0.058619
v 0.533564 -0.853596 -0.058619
v 0.544564 -0.764796 -0.050419
v 0.528564 -0.753996 -0.049819
v 0.527764 -0.751996 -0.047919
v 0.546464 -0.763496 -0.048719
v 0.534564 -0.773196 -0.024119
v 0.536764 -0.771496 -0.023319
v 0.528364 -0.777196 -0.045719
v 0.527364 -0.777996 -0.043119
v 0.548064 -0.762296 -0.046519
v 0.545564 -0.764796 -0.025819
v 0.543564 -0.766296 -0.024419
v 0.527864 -0.777996 -0.031819
v 0.527064 -0.778496 -0.034619
v 0.540264 -0.767996 -0.052519
v 0.537964 -0.769696 -0.052719
v 0.535664 -0.771496 -0.052319
v 0.549664 -0.761496 -0.032619
v 0.532464 -0.774696 -0.025319
v 0.529764 -0.775996 -0.048019
v 0.549164 -0.761496 -0.044019
v 0.541364 -0.767996 -0.023519
v 0.526764 -0.778696 -0.037419
v 0.542564 -0.766296 -0.051719
v 0.548664 -0.762296 -0.030019
v 0.530564 -0.775996 -0.027119
v 0.531464 -0.774696 -0.049919
v 0.549964 -0.760996 -0.041219
v 0.539064 -0.769696 -0.023119
v 0.526864 -0.778496 -0.040319
v 0.547264 -0.763496 -0.027719
v 0.529064 -0.777196 -0.029319
v 0.533464 -0.773196 -0.051419
v 0.530664 -0.758896 -0.052119
v 0.531764 -0.761596 -0.052419
v 0.532964 -0.764196 -0.052219
v 0.534064 -0.766696 -0.051419
v 0.535164 -0.769096 -0.050119
v 0.536164 -0.771096 -0.048319
v 0.536964 -0.772796 -0.046019
v 0.537664 -0.774096 -0.043519
v 0.538064 -0.774796 -0.040819
v 0.538264 -0.775096 -0.037919
v 0.538264 -0.774796 -0.035019
v 0.538064 -0.774096 -0.032219
v 0.537564 -0.772796 -0.029619
v 0.536964 -0.771096 -0.027419
v 0.536064 -0.769096 -0.025519
v 0.535164 -0.766696 -0.024119
v 0.534064 -0.764196 -0.023219
v 0.532864 -0.761596 -0.022919
v 0.531764 -0.758896 -0.023119
v 0.530564 -0.756396 -0.023919
v 0.529564 -0.753996 -0.025219
v 0.528564 -0.751996 -0.027019
v 0.527764 -0.750296 -0.029319
v 0.527064 -0.748996 -0.031819
v 0.526664 -0.748296 -0.034519
v 0.526364 -0.747996 -0.037419
v 0.526464 -0.748296 -0.040319
v 0.526664 -0.748996 -0.043119
v 0.527064 -0.750296 -0.045719
v 0.529564 -0.756396 -0.051219
vn -0.3549 -0.0000 -0.9349
vn -0.1657 -0.0000 -0.9862
vn 0.0299 -0.0000 -0.9996
vn 0.2243 -0.0000 -0.9745
vn 0.4101 -0.0000 -0.9121
vn 0.5801 -0.0000 -0.8145
vn 0.5802 -0.0000 -0.8145
vn 0.7279 -0.0000 -0.6857
vn 0.8477 -0.0000 -0.5305
vn 0.9349 -0.0000 -0.3549
vn 0.9862 -0.0000 -0.1657
vn 0.9996 -0.0000 0.0299
vn 0.9745 -0.0000 0.2243
vn 0.9120 -0.0000 0.4101
vn 0.9121 -0.0000 0.4100
vn 0.8145 -0.0000 0.5802
vn 0.6857 -0.0000 0.7279
vn 0.5305 -0.0000 0.8477
vn 0.3549 -0.0000 0.9349
vn 0.1657 -0.0000 0.9862
vn -0.0299 -0.0000 0.9996
vn -0.2243 -0.0000 0.9745
vn -0.4101 -0.0000 0.9120
vn -0.5802 -0.0000 0.8145
vn -0.7279 -0.0000 0.6857
vn -0.8477 -0.0000 0.5305
vn -0.9349 -0.0000 0.3549
vn -0.9862 -0.0000 0.1657
vn -0.9996 -0.0000 -0.0299
vn -0.9745 -0.0000 -0.2243
vn -0.9121 -0.0000 -0.4101
vn -0.9120 -0.0000 -0.4101
vn -0.8145 -0.0000 -0.5802
vn 0.8312 0.4606 -0.3113
vn -0.6857 -0.0000 -0.7279
vn -0.5305 -0.0000 -0.8477
vn -0.0000 -1.0000 -0.0000
vn -0.0000 -1.0000 0.0001
vn -0.0000 -1.0000 -0.0001
vn -0.0000 -1.0000 -0.0002
vn 0.0579 0.6232 -0.7799
vn 0.0580 0.6233 -0.7799
vn 0.0580 0.6232 -0.7799
vn -0.0799 0.7021 0.7076
vn -0.0798 0.7021 0.7076
vn -0.1629 0.9797 0.1167
vn 0.3330 0.4517 -0.8277
vn 0.6771 0.4608 0.5738
vn -0.1180 0.9930 0.0100
vn -0.4226 0.5300 -0.7352
vn -0.4227 0.5300 -0.7351
vn -0.4226 0.5300 -0.7351
vn -0.5559 0.6037 -0.5715
vn -0.5559 0.6037 -0.5714
vn -0.5558 0.6037 -0.5715
vn 0.8784 0.4584 -0.1349
vn 0.8785 0.4584 -0.1349
vn -0.2242 0.8075 0.5456
vn -0.2241 0.8075 0.5456
vn -0.2940 0.9504 0.1014
vn -0.2940 0.9504 0.1015
vn 0.4980 0.4548 -0.7383
vn 0.5215 0.4843 0.7025
vn 0.5216 0.4843 0.7024
vn -0.0647 0.9978 0.0115
vn -0.2446 0.4843 -0.8400
vn 0.8892 0.4548 0.0493
vn -0.2814 0.8945 0.3473
vn -0.4467 0.8946 0.0144
vn -0.4467 0.8946 0.0145
vn 0.6383 0.4584 -0.6184
vn 0.3304 0.5300 0.7810
vn -0.0482 0.9978 0.0446
vn -0.0482 0.4608 -0.8862
vn 0.8607 0.4517 0.2348
vn -0.2585 0.9504 0.1730
vn -0.2584 0.9504 0.1730
vn -0.5702 0.8075 -0.1511
vn -0.5702 0.8075 -0.1512
vn -0.5702 0.8075 -0.1510
vn 0.7503 0.4606 -0.4742
vn 0.7503 0.4606 -0.4743
vn 0.1195 0.6037 0.7882
vn -0.0792 0.9930 0.0880
vn 0.1484 0.4521 -0.8795
vn 0.1485 0.4521 -0.8795
vn 0.1484 0.4521 -0.8796
vn 0.7905 0.4521 0.4132
vn -0.1914 0.9797 0.0593
vn -0.6121 0.7021 -0.3638
vn -0.6122 0.7021 -0.3638
vn -0.8203 -0.4014 0.4074
vn -0.8203 -0.4015 0.4074
vn -0.8203 -0.4016 0.4073
vn -0.8204 -0.4014 0.4073
vn -0.8203 -0.4014 0.4075
vn -0.8203 -0.4013 0.4075
vn -0.8201 -0.4018 0.4074
vn -0.8202 -0.4015 0.4076
vn -0.8202 -0.4015 0.4075
vn -0.8201 -0.4017 0.4075
vn -0.8203 -0.4013 0.4074
vn -0.9366 -0.1056 -0.3341
vn -0.9366 -0.1055 -0.3340
vn -0.2996 -0.1056 0.9482
vn -0.2997 -0.1054 0.9482
vn -0.2997 -0.1056 0.9482
vn 0.1544 0.7314 -0.6643
vn -0.5748 -0.0878 -0.8136
vn -0.8931 0.3342 0.3010
vn -0.8931 0.3342 0.3011
vn -0.8932 0.3341 0.3010
vn 0.2405 0.8072 -0.5390
vn -0.7744 0.6269 -0.0856
vn -0.7744 0.6269 -0.0857
vn 0.3184 0.8550 -0.4094
vn -0.6107 0.7775 -0.1501
vn -0.6107 0.7775 -0.1502
vn 0.3901 0.8780 -0.2773
vn -0.4802 0.8702 -0.1104
vn -0.4802 0.8702 -0.1105
vn 0.4567 0.8780 -0.1432
vn -0.3773 0.9256 -0.0287
vn 0.5186 0.8550 -0.0064
vn -0.2976 0.9517 0.0749
vn -0.2976 0.9518 0.0749
vn 0.5748 0.8072 0.1341
vn -0.2395 0.9518 0.1918
vn 0.6226 0.7314 0.2783
vn -0.2052 0.9256 0.3180
vn 0.6564 0.6232 0.4251
vn -0.2020 0.8702 0.4494
vn -0.2021 0.8702 0.4493
vn 0.6664 0.4794 0.5711
vn -0.3422 0.0998 -0.9343
vn -0.3421 0.0998 -0.9343
vn -0.2494 0.7775 0.5773
vn -0.2493 0.7775 0.5773
vn -0.2494 0.7775 0.5774
vn 0.6362 0.3010 0.7104
vn 0.6362 0.3011 0.7103
vn -0.1817 0.3010 -0.9362
vn -0.1815 0.3010 -0.9362
vn -0.3996 0.6270 0.6688
vn -0.3996 0.6269 0.6688
vn -0.3995 0.6269 0.6688
vn 0.5377 0.0998 0.8372
vn 0.5378 0.0998 0.8372
vn -0.0526 0.4794 -0.8760
vn -0.0524 0.4795 -0.8760
vn -0.0524 0.4794 -0.8760
vn -0.7796 0.3341 0.5297
vn -0.7796 0.3342 0.5297
vn -0.7796 0.3342 0.5296
vn 0.3010 -0.0878 0.9496
vn 0.3009 -0.0878 0.9496
vn 0.7148 -0.0000 -0.6994
vn 0.7147 -0.0000 -0.6994
vn 0.8375 -0.0000 -0.5465
vn 0.8375 -0.0000 -0.5464
vn 0.9280 -0.0000 -0.3726
vn 0.9829 -0.0000 -0.1844
vn 0.9999 -0.0000 0.0109
vn 0.9786 -0.0000 0.2058
vn 0.9197 -0.0000 0.3927
vn 0.8254 -0.0000 0.5646
vn 0.8253 -0.0000 0.5646
vn 0.6993 -0.0000 0.7148
vn 0.5465 -0.0000 0.8375
vn 0.3725 -0.0000 0.9280
vn 0.3726 -0.0000 0.9280
vn 0.1844 -0.0000 0.9828
vn 0.1844 -0.0000 0.9829
vn -0.0109 -0.0000 0.9999
vn -0.2058 -0.0000 0.9786
vn -0.3927 -0.0000 0.9197
vn -0.5646 -0.0000 0.8253
vn -0.7148 -0.0000 0.6994
vn -0.7148 -0.0000 0.6993
vn -0.7147 -0.0000 0.6994
vn -0.8375 -0.0000 0.5465
vn -0.9280 -0.0000 0.3726
vn -0.9829 -0.0000 0.1844
vn -0.9999 -0.0000 -0.0109
vn -0.9786 -0.0000 -0.2058
vn -0.9197 -0.0000 -0.3927
vn -0.9197 -0.0000 -0.3926
vn -0.8253 -0.0000 -0.5647
vn -0.8252 -0.0000 -0.5648
vn -0.6993 -0.0000 -0.7148
vn -0.5464 -0.0000 -0.8375
vn -0.5465 -0.0000 -0.8374
vn -0.3726 -0.0000 -0.9280
vn -0.1844 -0.0000 -0.9829
vn 0.0109 -0.0000 -0.9999
vn 0.2058 -0.0000 -0.9786
vn 0.6179 0.4606 0.6372
vn 0.3927 -0.0000 -0.9197
vn 0.5645 -0.0000 -0.8254
vn 0.5645 -0.0000 -0.8255
vn 0.7379 0.6232 -0.2592
vn 0.7379 0.6232 -0.2591
vn 0.7379 0.6232 -0.2590
vn -0.6804 0.7021 0.2099
vn -0.6804 0.7021 0.2100
vn -0.1721 0.9797 -0.1026
vn -0.1721 0.9797 -0.1027
vn 0.8918 0.4517 -0.0260
vn -0.2549 0.4608 0.8501
vn -0.2550 0.4608 0.8501
vn -0.0563 0.9930 -0.1042
vn 0.5046 0.5300 -0.6815
vn 0.3013 0.6037 -0.7381
vn 0.3012 0.6037 -0.7381
vn 0.4751 0.4584 0.7511
vn -0.5897 0.8075 0.0129
vn -0.5897 0.8075 0.0130
vn -0.2106 0.9504 -0.2289
vn -0.2105 0.9504 -0.2289
vn 0.8759 0.4548 0.1610
vn -0.4350 0.4843 0.7591
vn -0.0364 0.9978 -0.0547
vn 0.6720 0.4843 -0.5603
vn 0.3106 0.4548 0.8347
vn -0.4308 0.8946 -0.1189
vn -0.1919 0.8946 -0.4036
vn -0.1918 0.8946 -0.4036
vn 0.8222 0.4584 0.3375
vn -0.5836 0.5300 0.6153
vn -0.5836 0.5300 0.6152
vn -0.5835 0.5300 0.6153
vn -0.0602 0.9978 -0.0263
vn 0.7929 0.4608 -0.3987
vn 0.7929 0.4608 -0.3988
vn 0.1292 0.4517 0.8828
vn 0.1293 0.4517 0.8827
vn 0.1293 0.4517 0.8828
vn -0.2619 0.9504 -0.1676
vn -0.2620 0.9504 -0.1677
vn -0.0898 0.8075 -0.5830
vn -0.0896 0.8075 -0.5830
vn -0.0897 0.8075 -0.5830
vn 0.7348 0.4606 0.4978
vn 0.7349 0.4606 0.4978
vn -0.6746 0.6037 0.4249
vn -0.1124 0.9930 -0.0374
vn 0.8654 0.4521 -0.2160
vn -0.0624 0.4521 0.8898
vn -0.1309 0.9797 -0.1517
vn 0.0885 0.7021 -0.7065
vn 0.0886 0.7021 -0.7065
vn -0.7016 -0.4014 -0.5887
vn -0.7014 -0.4016 -0.5889
vn -0.7018 -0.4014 -0.5886
vn -0.7016 -0.4015 -0.5887
vn -0.7017 -0.4012 -0.5887
vn -0.7016 -0.4013 -0.5888
vn -0.7015 -0.4016 -0.5888
vn -0.7016 -0.4014 -0.5888
vn -0.7017 -0.4014 -0.5887
vn -0.7020 -0.4011 -0.5885
vn -0.7015 -0.4014 -0.5888
vn -0.7018 -0.4013 -0.5886
vn -0.0687 -0.1056 -0.9920
vn -0.0688 -0.1056 -0.9920
vn -0.9889 -0.1056 0.1047
vn 0.6706 0.7314 -0.1242
vn 0.5157 -0.0878 -0.8523
vn -0.6333 0.3342 -0.6980
vn -0.6334 0.3342 -0.6980
vn -0.6334 0.3342 -0.6979
vn 0.5902 0.8072 0.0047
vn -0.2313 0.6269 -0.7440
vn -0.2312 0.6269 -0.7440
vn 0.5025 0.8550 0.1280
vn 0.5026 0.8550 0.1280
vn -0.1067 0.7775 -0.6197
vn -0.1067 0.7775 -0.6198
vn -0.1068 0.7775 -0.6197
vn 0.4102 0.8781 0.2465
vn -0.0908 0.8702 -0.4843
vn -0.0908 0.8702 -0.4842
vn 0.3141 0.8780 0.3612
vn 0.3140 0.8780 0.3612
vn -0.1247 0.9256 -0.3573
vn 0.2133 0.8550 0.4727
vn 0.2134 0.8550 0.4727
vn -0.1877 0.9518 -0.2427
vn 0.1071 0.8072 0.5804
vn 0.1072 0.8072 0.5804
vn -0.2716 0.9518 -0.1427
vn -0.0059 0.7314 0.6820
vn -0.0059 0.7313 0.6820
vn -0.3735 0.9256 -0.0608
vn -0.1270 0.6232 0.7717
vn -0.1269 0.6232 0.7717
vn -0.4927 0.8702 -0.0054
vn -0.4927 0.8702 -0.0055
vn -0.2568 0.4794 0.8392
vn 0.7193 0.0998 -0.6875
vn 0.7194 0.0997 -0.6874
vn 0.7193 0.0997 -0.6875
vn -0.6288 0.7775 0.0024
vn -0.6288 0.7776 0.0024
vn -0.6289 0.7775 0.0024
vn -0.6288 0.7775 0.0025
vn -0.3964 0.3010 0.8673
vn 0.7853 0.3011 -0.5410
vn 0.7853 0.3010 -0.5410
vn 0.7853 0.3011 -0.5409
vn -0.7728 0.6270 -0.0987
vn -0.7728 0.6269 -0.0987
vn -0.7738 0.6254 -0.1004
vn -0.7729 0.6269 -0.0986
vn -0.5522 0.0998 0.8277
vn -0.5523 0.0998 0.8277
vn -0.5525 0.0998 0.8275
vn 0.7819 0.4794 -0.3985
vn 0.7819 0.4794 -0.3986
vn -0.7974 0.3342 -0.5024
vn -0.7974 0.3342 -0.5025
vn -0.7498 -0.0878 0.6558
vn -0.7499 -0.0878 0.6557
vn 0.0602 -0.0000 -0.9982
vn 0.2538 -0.0000 -0.9673
vn 0.4375 -0.0000 -0.8992
vn 0.6047 -0.0000 -0.7965
vn 0.6046 -0.0000 -0.7966
vn 0.6046 -0.0000 -0.7965
vn 0.6047 -0.0000 -0.7964
vn 0.7484 -0.0000 -0.6633
vn 0.8634 -0.0000 -0.5045
vn 0.9452 -0.0000 -0.3264
vn 0.9452 -0.0000 -0.3265
vn 0.9907 -0.0000 -0.1357
vn 0.9982 -0.0000 0.0602
vn 0.9673 -0.0000 0.2538
vn 0.8992 -0.0000 0.4376
vn 0.7967 -0.0000 0.6044
vn 0.7965 -0.0000 0.6046
vn 0.6633 -0.0000 0.7484
vn 0.5045 -0.0000 0.8634
vn 0.5044 -0.0000 0.8635
vn 0.3264 -0.0000 0.9452
vn 0.1356 -0.0000 0.9908
vn 0.1357 -0.0000 0.9907
vn 0.1357 -0.0000 0.9908
vn -0.0602 -0.0000 0.9982
vn -0.0601 -0.0000 0.9982
vn -0.2538 -0.0000 0.9673
vn -0.4375 -0.0000 0.8992
vn -0.6046 -0.0000 0.7965
vn -0.7484 -0.0000 0.6633
vn -0.8634 -0.0000 0.5044
vn -0.8634 -0.0000 0.5045
vn -0.9452 -0.0000 0.3264
vn -0.9907 -0.0000 0.1357
vn -0.9982 -0.0000 -0.0602
vn -0.9673 -0.0000 -0.2538
vn -0.8992 -0.0000 -0.4376
vn -0.7966 -0.0000 -0.6045
vn -0.7965 -0.0000 -0.6046
vn -0.7967 -0.0000 -0.6044
vn -0.6633 -0.0000 -0.7484
vn -0.6632 -0.0000 -0.7484
vn -0.5044 -0.0000 -0.8635
vn -0.5045 -0.0000 -0.8634
vn 0.8857 0.4606 0.0574
vn 0.8858 0.4606 0.0574
vn -0.3264 -0.0000 -0.9452
vn -0.1357 -0.0000 -0.9908
vn -0.1357 -0.0000 -0.9907
vn 0.3730 0.6232 -0.6874
vn 0.3731 0.6232 -0.6873
vn 0.3730 0.6231 -0.6874
vn -0.3634 0.7021 0.6124
vn -0.3633 0.7021 0.6124
vn -0.1964 0.9797 0.0395
vn 0.6435 0.4517 -0.6180
vn 0.6434 0.4517 -0.6180
vn 0.3818 0.4608 0.8012
vn -0.1117 0.9930 -0.0394
vn -0.0836 0.5300 -0.8439
vn -0.2722 0.6037 -0.7493
vn 0.8564 0.4584 0.2376
vn -0.4284 0.8075 0.4055
vn -0.3097 0.9504 -0.0283
vn -0.3097 0.9504 -0.0282
vn 0.7572 0.4548 -0.4688
vn 0.1871 0.4843 0.8547
vn 0.1872 0.4843 0.8546
vn 0.1872 0.4843 0.8547
vn -0.0637 0.9978 -0.0161
vn 0.1219 0.4843 -0.8664
vn 0.7906 0.4548 0.4100
vn -0.3991 0.8946 0.2011
vn -0.3991 0.8946 0.2012
vn -0.4132 0.8946 -0.1703
vn 0.8359 0.4584 -0.3019
vn -0.0194 0.5300 0.8478
vn -0.0193 0.5300 0.8478
vn -0.0623 0.9978 0.0209
vn 0.3199 0.4608 -0.8279
vn 0.3198 0.4608 -0.8279
vn 0.6884 0.4517 0.5675
vn 0.6883 0.4517 0.5676
vn 0.6885 0.4517 0.5674
vn 0.6885 0.4516 0.5674
vn -0.3067 0.9504 0.0517
vn -0.3066 0.9504 0.0517
vn -0.4579 0.8075 -0.3718
vn -0.4579 0.8075 -0.3719
vn 0.8788 0.4606 -0.1244
vn -0.2146 0.6037 0.7678
vn -0.2147 0.6037 0.7678
vn -0.1084 0.9930 0.0477
vn -0.1084 0.9930 0.0478
vn 0.4964 0.4521 -0.7411
vn 0.5512 0.4521 0.7013
vn 0.5511 0.4521 0.7013
vn -0.1989 0.9797 -0.0245
vn -0.4088 0.7021 -0.5831
vn -0.9152 -0.4014 0.0347
vn -0.9154 -0.4011 0.0342
vn -0.9151 -0.4016 0.0347
vn -0.9152 -0.4015 0.0348
vn -0.9152 -0.4015 0.0347
vn -0.9153 -0.4014 0.0347
vn -0.9152 -0.4016 0.0348
vn -0.9153 -0.4013 0.0349
vn -0.9153 -0.4012 0.0347
vn -0.9152 -0.4016 0.0346
vn -0.9153 -0.4013 0.0348
vn -0.9153 -0.4013 0.0347
vn -0.7169 -0.1056 -0.6891
vn -0.6625 -0.1056 0.7416
vn -0.6626 -0.1055 0.7415
vn -0.6627 -0.1056 0.7414
vn 0.4135 0.7314 -0.5423
vn -0.1902 -0.0878 -0.9778
vn -0.1903 -0.0878 -0.9778
vn -0.1900 -0.0878 -0.9778
vn -0.9380 0.3342 -0.0923
vn -0.9380 0.3342 -0.0922
vn 0.4406 0.8072 -0.3929
vn 0.4406 0.8072 -0.3928
vn -0.6709 0.6269 -0.3961
vn -0.6709 0.6269 -0.3960
vn 0.4584 0.8550 -0.2426
vn -0.4952 0.7775 -0.3876
vn -0.4952 0.7775 -0.3877
vn 0.4695 0.8780 -0.0928
vn -0.3925 0.8702 -0.2978
vn -0.3925 0.8702 -0.2979
vn 0.4752 0.8780 0.0569
vn -0.3323 0.9256 -0.1810
vn -0.3323 0.9256 -0.1811
vn 0.4755 0.8550 0.2071
vn -0.3021 0.9518 -0.0539
vn -0.3021 0.9517 -0.0539
vn 0.4691 0.8072 0.3582
vn -0.2971 0.9518 0.0766
vn -0.2971 0.9518 0.0767
vn 0.4535 0.7314 0.5093
vn 0.4534 0.7314 0.5094
vn -0.3176 0.9256 0.2057
vn 0.4240 0.6232 0.6571
vn 0.4240 0.6232 0.6572
vn -0.3687 0.8702 0.3267
vn -0.3687 0.8703 0.3267
vn -0.3687 0.8702 0.3268
vn 0.3731 0.4794 0.7943
vn 0.3730 0.4794 0.7943
vn 0.0715 0.0998 -0.9924
vn 0.0716 0.0998 -0.9924
vn -0.4644 0.7775 0.4240
vn -0.4644 0.7775 0.4241
vn 0.2886 0.3010 0.9089
vn 0.2188 0.3010 -0.9282
vn -0.6390 0.6268 0.4458
vn -0.6389 0.6269 0.4458
vn -0.6390 0.6269 0.4458
vn 0.1465 0.0998 0.9842
vn 0.3118 0.4793 -0.8204
vn -0.9283 0.3342 0.1630
vn -0.9283 0.3342 0.1629
vn -0.1154 -0.0878 0.9894
vn -0.1155 -0.0878 0.9894
vt 1.000000 1.000000
vt 0.968800 1.000000
vt 0.968800 0.500000
vt 1.000000 0.500000
vt 0.937500 1.000000
vt 0.937500 0.500000
vt 0.906200 1.000000
vt 0.906200 0.500000
vt 0.875000 1.000000
vt 0.875000 0.500000
vt 0.843800 1.000000
vt 0.843800 0.500000
vt 0.812500 0.500000
vt 0.812500 1.000000
vt 0.781200 0.500000
vt 0.781200 1.000000
vt 0.750000 1.000000
vt 0.750000 0.500000
vt 0.718800 0.500000
vt 0.718800 1.000000
vt 0.687500 0.500000
vt 0.687500 1.000000
vt 0.656200 0.500000
vt 0.656200 1.000000
vt 0.625000 1.000000
vt 0.625000 0.500000
vt 0.593800 0.500000
vt 0.593800 1.000000
vt 0.562500 0.500000
vt 0.562500 1.000000
vt 0.531200 0.500000
vt 0.531200 1.000000
vt 0.500000 0.500000
vt 0.500000 1.000000
vt 0.468800 0.500000
vt 0.468800 1.000000
vt 0.437500 0.500000
vt 0.437500 1.000000
vt 0.406200 0.500000
vt 0.406200 1.000000
vt 0.375000 1.000000
vt 0.375000 0.500000
vt 0.343800 1.000000
vt 0.343800 0.500000
vt 0.312500 0.500000
vt 0.312500 1.000000
vt 0.281200 0.500000
vt 0.281200 1.000000
vt 0.250000 1.000000
vt 0.250000 0.500000
vt 0.218800 1.000000
vt 0.218800 0.500000
vt 0.187500 0.500000
vt 0.187500 1.000000
vt 0.156200 1.000000
vt 0.156200 0.500000
vt 0.125000 0.500000
vt 0.125000 1.000000
vt 0.093800 0.500000
vt 0.093800 1.000000
vt 0.062500 1.000000
vt 0.062500 0.500000
vt 0.031200 1.000000
vt 0.031200 0.500000
vt 0.000000 1.000000
vt 0.000000 0.500000
vt 0.796800 0.485400
vt 0.841800 0.471700
vt 0.883300 0.449600
vt 0.919700 0.419700
vt 0.949600 0.383300
vt 0.971700 0.341800
vt 0.985400 0.296800
vt 0.990000 0.250000
vt 0.985400 0.203200
vt 0.971700 0.158200
vt 0.949600 0.116700
vt 0.919700 0.080300
vt 0.883300 0.050400
vt 0.841800 0.028300
vt 0.796800 0.014600
vt 0.750000 0.010000
vt 0.703200 0.014600
vt 0.658200 0.028300
vt 0.616700 0.050400
vt 0.580300 0.080300
vt 0.550400 0.116700
vt 0.528300 0.158200
vt 0.514600 0.203200
vt 0.510000 0.250000
vt 0.514600 0.296800
vt 0.528300 0.341800
vt 0.550400 0.383300
vt 0.580300 0.419700
vt 0.616700 0.449600
vt 0.658200 0.471700
vt 0.750000 0.490000
vt 0.703200 0.485400
vt 0.296800 0.485400
vt 0.250000 0.490000
vt 0.203200 0.485400
vt 0.158200 0.471700
vt 0.116700 0.449600
vt 0.080300 0.419700
vt 0.050400 0.383300
vt 0.028300 0.341800
vt 0.014600 0.296800
vt 0.010000 0.250000
vt 0.014600 0.203200
vt 0.028300 0.158200
vt 0.050400 0.116700
vt 0.080300 0.080300
vt 0.116700 0.050400
vt 0.158200 0.028300
vt 0.203200 0.014600
vt 0.250000 0.010000
vt 0.296800 0.014600
vt 0.341800 0.028300
vt 0.383300 0.050400
vt 0.419700 0.080300
vt 0.449600 0.116700
vt 0.471700 0.158200
vt 0.485400 0.203200
vt 0.490000 0.250000
vt 0.485400 0.296800
vt 0.471700 0.341800
vt 0.449600 0.383300
vt 0.419700 0.419700
vt 0.383300 0.449600
vt 0.341800 0.471700
s 1
usemtl Goddard_None
f 3169/6/5481 3170/7/5481 3171/8/5481
f 3171/8/5481 3172/9/5481 3169/6/5481
f 3170/7/5482 3173/10/5482 3174/11/5482
f 3174/11/5482 3171/8/5482 3170/7/5482
f 3173/10/5483 3175/12/5483 3176/13/5483
f 3176/13/5483 3174/11/5483 3173/10/5483
f 3175/12/5484 3177/14/5484 3178/15/5484
f 3178/15/5484 3176/13/5484 3175/12/5484
f 3179/16/5485 3180/17/5485 3178/15/5485
f 3178/15/5485 3177/14/5485 3179/16/5485
f 3181/18/5486 3180/17/5486 3179/16/5487
f 3179/16/5487 3182/19/5487 3181/18/5486
f 3183/20/5488 3181/18/5488 3182/19/5488
f 3182/19/5488 3184/21/5488 3183/20/5488
f 3185/22/5489 3186/23/5489 3183/20/5489
f 3183/20/5489 3184/21/5489 3185/22/5489
f 3187/24/5490 3186/23/5490 3185/22/5490
f 3185/22/5490 3188/25/5490 3187/24/5490
f 3189/26/5491 3187/24/5491 3188/25/5491
f 3188/25/5491 3190/27/5491 3189/26/5491
f 3191/28/5492 3189/26/5492 3190/27/5492
f 3190/27/5492 3192/29/5492 3191/28/5492
f 3193/30/5493 3194/31/5493 3191/28/5493
f 3191/28/5493 3192/29/5493 3193/30/5493
f 3195/32/5494 3194/31/5494 3193/30/5495
f 3193/30/5495 3196/33/5494 3195/32/5494
f 3197/34/5496 3195/32/5496 3196/33/5496
f 3196/33/5496 3198/35/5496 3197/34/5496
f 3199/36/5497 3197/34/5497 3198/35/5497
f 3198/35/5497 3200/37/5497 3199/36/5497
f 3201/38/5498 3199/36/5498 3200/37/5498
f 3200/37/5498 3202/39/5498 3201/38/5498
f 3203/40/5499 3201/38/5499 3202/39/5499
f 3202/39/5499 3204/41/5499 3203/40/5499
f 3205/42/5500 3203/40/5500 3204/41/5500
f 3204/41/5500 3206/43/5500 3205/42/5500
f 3207/44/5501 3205/42/5501 3206/43/5501
f 3206/43/5501 3208/45/5501 3207/44/5501
f 3209/46/5502 3210/47/5502 3207/44/5502
f 3207/44/5502 3208/45/5502 3209/46/5502
f 3209/46/5503 3211/48/5503 3212/49/5503
f 3212/49/5503 3210/47/5503 3209/46/5503
f 3213/50/5504 3212/49/5504 3211/48/5504
f 3211/48/5504 3214/51/5504 3213/50/5504
f 3215/52/5505 3213/50/5505 3214/51/5505
f 3214/51/5505 3216/53/5505 3215/52/5505
f 3217/54/5506 3218/55/5506 3215/52/5506
f 3215/52/5506 3216/53/5506 3217/54/5506
f 3219/56/5507 3220/57/5507 3218/55/5507
f 3218/55/5507 3217/54/5507 3219/56/5507
f 3221/58/5508 3220/57/5508 3219/56/5508
f 3219/56/5508 3222/59/5508 3221/58/5508
f 3223/60/5509 3224/61/5509 3221/58/5509
f 3221/58/5509 3222/59/5509 3223/60/5509
f 3225/62/5510 3224/61/5510 3223/60/5510
f 3223/60/5510 3226/63/5510 3225/62/5510
f 3227/64/5511 3225/62/5512 3226/63/5511
f 3226/63/5511 3228/65/5511 3227/64/5511
f 3229/66/5513 3230/67/5513 3227/64/5513
f 3227/64/5513 3228/65/5513 3229/66/5513
f 3185/22/5514 3231/22/5514 3232/25/5514
f 3232/25/5514 3188/25/5514 3185/22/5514
f 3233/68/5515 3234/69/5515 3230/67/5515
f 3230/67/5515 3229/66/5515 3233/68/5515
f 3234/69/5516 3233/68/5516 3169/70/5516
f 3169/70/5516 3172/71/5516 3234/69/5516
f 3171/72/5517 3174/73/5518 3176/74/5517
f 3171/72/5517 3176/74/5517 3178/75/5517
f 3178/75/5517 3180/76/5519 3181/77/5517
f 3181/77/5517 3183/78/5519 3186/79/5517
f 3186/79/5517 3187/80/5517 3189/81/5517
f 3181/77/5517 3186/79/5517 3189/81/5517
f 3178/75/5517 3181/77/5517 3189/81/5517
f 3189/81/5517 3191/82/5517 3194/83/5517
f 3194/83/5517 3195/84/5519 3197/85/5517
f 3189/81/5517 3194/83/5517 3197/85/5517
f 3197/85/5517 3199/86/5517 3201/87/5517
f 3201/87/5517 3203/88/5519 3205/89/5517
f 3197/85/5517 3201/87/5517 3205/89/5517
f 3205/89/5517 3207/90/5517 3210/91/5517
f 3210/91/5517 3212/92/5518 3213/93/5517
f 3205/89/5517 3210/91/5517 3213/93/5517
f 3213/93/5517 3215/94/5520 3218/95/5517
f 3218/95/5517 3220/96/5517 3221/97/5517
f 3213/93/5517 3218/95/5517 3221/97/5517
f 3205/89/5517 3213/93/5517 3221/97/5517
f 3197/85/5517 3205/89/5517 3221/97/5517
f 3189/81/5517 3197/85/5517 3221/97/5517
f 3178/75/5517 3189/81/5517 3221/97/5517
f 3221/97/5517 3224/98/5517 3225/99/5517
f 3225/99/5517 3227/100/5517 3230/101/5517
f 3221/97/5517 3225/99/5517 3230/101/5517
f 3178/75/5517 3221/97/5517 3230/101/5517
f 3171/72/5517 3178/75/5517 3230/101/5517
f 3172/102/5520 3171/72/5517 3230/101/5517
f 3172/102/5520 3230/101/5517 3234/103/5517
f 3235/12/5521 3236/12/5522 3237/14/5523
f 3237/14/5523 3238/14/5521 3235/12/5521
f 3239/43/5524 3206/43/5525 3204/41/5525
f 3204/41/5525 3240/41/5524 3239/43/5524
f 3241/60/5526 3223/60/5526 3222/59/5526
f 3222/59/5526 3242/59/5526 3241/60/5526
f 3243/16/5527 3179/16/5527 3177/14/5527
f 3177/14/5527 3238/14/5527 3243/16/5527
f 3244/35/5528 3198/35/5528 3196/33/5528
f 3196/33/5528 3245/33/5528 3244/35/5528
f 3246/53/5529 3216/53/5529 3214/51/5529
f 3214/51/5529 3247/51/5529 3246/53/5529
f 3170/7/5530 3169/6/5530 3248/6/5531
f 3248/6/5531 3249/7/5532 3170/7/5530
f 3233/68/5533 3250/68/5534 3248/70/5534
f 3248/70/5534 3169/70/5535 3233/68/5533
f 3251/27/5536 3190/27/5536 3188/25/5537
f 3188/25/5537 3232/25/5536 3251/27/5536
f 3252/45/5538 3208/45/5539 3206/43/5539
f 3206/43/5539 3239/43/5539 3252/45/5538
f 3241/60/5540 3253/63/5541 3226/63/5540
f 3226/63/5540 3223/60/5540 3241/60/5540
f 3254/19/5542 3182/19/5542 3179/16/5542
f 3179/16/5542 3243/16/5542 3254/19/5542
f 3255/37/5543 3200/37/5544 3198/35/5544
f 3198/35/5544 3244/35/5543 3255/37/5543
f 3256/54/5545 3217/54/5545 3216/53/5545
f 3216/53/5545 3246/53/5545 3256/54/5545
f 3249/7/5546 3257/10/5546 3173/10/5546
f 3173/10/5546 3170/7/5546 3249/7/5546
f 3258/29/5547 3192/29/5547 3190/27/5547
f 3190/27/5547 3251/27/5547 3258/29/5547
f 3252/45/5548 3259/46/5548 3209/46/5548
f 3209/46/5548 3208/45/5548 3252/45/5548
f 3228/65/5549 3226/63/5549 3253/63/5549
f 3253/63/5549 3260/65/5550 3228/65/5549
f 3261/21/5551 3184/21/5551 3182/19/5551
f 3182/19/5551 3254/19/5551 3261/21/5551
f 3262/39/5552 3202/39/5552 3200/37/5552
f 3200/37/5552 3255/37/5552 3262/39/5552
f 3263/56/5553 3219/56/5553 3217/54/5553
f 3217/54/5553 3256/54/5553 3263/56/5553
f 3235/12/5554 3175/12/5554 3173/10/5554
f 3173/10/5554 3257/10/5554 3235/12/5554
f 3264/30/5555 3193/30/5555 3192/29/5555
f 3192/29/5555 3258/29/5555 3264/30/5555
f 3265/48/5556 3211/48/5557 3209/46/5557
f 3209/46/5557 3259/46/5556 3265/48/5556
f 3229/66/5558 3228/65/5559 3260/65/5558
f 3260/65/5558 3266/66/5560 3229/66/5558
f 3184/21/5561 3261/21/5562 3231/22/5562
f 3231/22/5562 3185/22/5561 3184/21/5561
f 3240/41/5563 3204/41/5563 3202/39/5563
f 3202/39/5563 3262/39/5563 3240/41/5563
f 3242/59/5564 3222/59/5564 3219/56/5564
f 3219/56/5564 3263/56/5564 3242/59/5564
f 3177/14/5565 3175/12/5566 3235/12/5565
f 3235/12/5565 3238/14/5567 3177/14/5565
f 3245/33/5568 3196/33/5568 3193/30/5568
f 3193/30/5568 3264/30/5568 3245/33/5568
f 3247/51/5569 3214/51/5569 3211/48/5569
f 3211/48/5569 3265/48/5569 3247/51/5569
f 3233/68/5570 3229/66/5570 3266/66/5570
f 3266/66/5570 3250/68/5571 3233/68/5570
f 3267/104/5572 3268/105/5573 3269/106/5572
f 3269/106/5572 3270/107/5574 3271/108/5572
f 3267/104/5572 3269/106/5572 3271/108/5572
f 3271/108/5572 3272/109/5575 3273/110/5576
f 3273/110/5576 3274/111/5573 3275/112/5572
f 3271/108/5572 3273/110/5576 3275/112/5572
f 3275/112/5572 3276/113/5577 3277/114/5572
f 3277/114/5572 3278/115/5572 3279/116/5573
f 3275/112/5572 3277/114/5572 3279/116/5573
f 3271/108/5572 3275/112/5572 3279/116/5573
f 3279/116/5573 3280/117/5578 3281/118/5572
f 3281/118/5572 3282/119/5573 3283/120/5572
f 3279/116/5573 3281/118/5572 3283/120/5572
f 3283/120/5572 3284/121/5579 3285/122/5572
f 3285/122/5572 3286/123/5580 3287/124/5581
f 3283/120/5572 3285/122/5572 3287/124/5581
f 3279/116/5573 3283/120/5572 3287/124/5581
f 3271/108/5572 3279/116/5573 3287/124/5581
f 3287/124/5581 3288/125/5580 3289/126/5572
f 3289/126/5572 3290/127/5582 3291/128/5572
f 3287/124/5581 3289/126/5572 3291/128/5572
f 3287/124/5581 3291/128/5572 3292/129/5572
f 3271/108/5572 3287/124/5581 3292/129/5572
f 3292/129/5572 3293/130/5573 3294/131/5572
f 3294/131/5572 3295/132/5572 3237/133/5572
f 3292/129/5572 3294/131/5572 3237/133/5572
f 3271/108/5572 3292/129/5572 3237/133/5572
f 3267/104/5572 3271/108/5572 3237/133/5572
f 3267/104/5572 3237/133/5572 3236/134/5572
f 3267/104/5572 3236/134/5572 3296/135/5572
f 3266/66/5583 3270/66/5584 3269/68/5583
f 3269/68/5583 3250/68/5583 3266/66/5583
f 3240/41/5585 3283/41/5586 3282/43/5587
f 3282/43/5587 3239/43/5585 3240/41/5585
f 3238/14/5588 3237/14/5588 3295/16/5588
f 3295/16/5588 3243/16/5588 3238/14/5588
f 3250/68/5589 3269/68/5589 3268/70/5589
f 3268/70/5589 3248/70/5589 3250/68/5589
f 3239/43/5590 3282/43/5591 3281/45/5591
f 3281/45/5591 3252/45/5592 3239/43/5590
f 3243/16/5593 3295/16/5593 3294/19/5593
f 3294/19/5593 3254/19/5593 3243/16/5593
f 3252/45/5594 3281/45/5595 3280/46/5595
f 3280/46/5595 3259/46/5595 3252/45/5594
f 3254/19/5596 3294/19/5596 3293/21/5596
f 3293/21/5596 3261/21/5596 3254/19/5596
f 3259/46/5597 3280/46/5597 3279/48/5598
f 3279/48/5598 3265/48/5597 3259/46/5597
f 3231/22/5599 3261/21/5599 3293/21/5599
f 3293/21/5599 3292/22/5599 3231/22/5599
f 3265/48/5600 3279/48/5601 3278/51/5601
f 3278/51/5601 3247/51/5600 3265/48/5600
f 3231/22/5602 3292/22/5602 3291/25/5602
f 3291/25/5602 3232/25/5602 3231/22/5602
f 3247/51/5603 3278/51/5603 3277/53/5603
f 3277/53/5603 3246/53/5603 3247/51/5603
f 3232/25/5604 3291/25/5604 3290/27/5604
f 3290/27/5604 3251/27/5604 3232/25/5604
f 3246/53/5605 3277/53/5606 3276/54/5606
f 3276/54/5606 3256/54/5606 3246/53/5605
f 3251/27/5607 3290/27/5607 3289/29/5607
f 3289/29/5607 3258/29/5607 3251/27/5607
f 3256/54/5608 3276/54/5608 3275/56/5608
f 3275/56/5608 3263/56/5608 3256/54/5608
f 3258/29/5609 3289/29/5609 3288/30/5609
f 3288/30/5609 3264/30/5609 3258/29/5609
f 3263/56/5610 3275/56/5610 3274/59/5610
f 3274/59/5610 3242/59/5610 3263/56/5610
f 3264/30/5611 3288/30/5611 3287/33/5611
f 3287/33/5611 3245/33/5611 3264/30/5611
f 3242/59/5612 3274/59/5612 3273/60/5612
f 3273/60/5612 3241/60/5613 3242/59/5612
f 3245/33/5614 3287/33/5614 3286/35/5614
f 3286/35/5614 3244/35/5614 3245/33/5614
f 3248/6/5615 3268/6/5616 3267/7/5615
f 3267/7/5615 3249/7/5615 3248/6/5615
f 3241/60/5617 3273/60/5618 3272/63/5617
f 3272/63/5617 3253/63/5619 3241/60/5617
f 3244/35/5620 3286/35/5621 3285/37/5621
f 3285/37/5621 3255/37/5620 3244/35/5620
f 3249/7/5622 3267/7/5623 3296/10/5623
f 3296/10/5623 3257/10/5622 3249/7/5622
f 3253/63/5624 3272/63/5625 3271/65/5625
f 3271/65/5625 3260/65/5626 3253/63/5624
f 3255/37/5627 3285/37/5628 3284/39/5628
f 3284/39/5628 3262/39/5627 3255/37/5627
f 3257/10/5629 3296/10/5630 3236/12/5631
f 3236/12/5631 3235/12/5629 3257/10/5629
f 3260/65/5632 3271/65/5632 3270/66/5633
f 3270/66/5633 3266/66/5634 3260/65/5632
f 3262/39/5635 3284/39/5636 3283/41/5635
f 3283/41/5635 3240/41/5635 3262/39/5635
f 3297/7/5637 3298/8/5638 3299/9/5637
f 3299/9/5637 3300/6/5638 3297/7/5637
f 3301/11/5639 3298/8/5640 3297/7/5639
f 3297/7/5639 3302/10/5639 3301/11/5639
f 3303/12/5641 3304/13/5641 3301/11/5641
f 3301/11/5641 3302/10/5641 3303/12/5641
f 3305/15/5642 3304/13/5642 3303/12/5642
f 3303/12/5642 3306/14/5642 3305/15/5642
f 3307/16/5643 3308/17/5643 3305/15/5643
f 3305/15/5643 3306/14/5643 3307/16/5643
f 3309/18/5644 3308/17/5644 3307/16/5644
f 3307/16/5644 3310/19/5644 3309/18/5644
f 3311/20/5645 3309/18/5645 3310/19/5645
f 3310/19/5645 3312/21/5645 3311/20/5645
f 3313/22/5646 3314/23/5646 3311/20/5646
f 3311/20/5646 3312/21/5647 3313/22/5646
f 3315/24/5648 3314/23/5648 3313/22/5648
f 3313/22/5648 3316/25/5648 3315/24/5648
f 3317/27/5649 3318/26/5649 3315/24/5649
f 3315/24/5649 3316/25/5649 3317/27/5649
f 3319/29/5650 3320/28/5651 3318/26/5651
f 3318/26/5651 3317/27/5651 3319/29/5650
f 3321/31/5652 3320/28/5652 3319/29/5653
f 3319/29/5653 3322/30/5653 3321/31/5652
f 3323/33/5654 3324/32/5654 3321/31/5654
f 3321/31/5654 3322/30/5654 3323/33/5654
f 3325/35/5655 3326/34/5655 3324/32/5655
f 3324/32/5655 3323/33/5655 3325/35/5655
f 3327/36/5656 3326/34/5656 3325/35/5656
f 3325/35/5656 3328/37/5656 3327/36/5656
f 3328/37/5657 3329/39/5657 3330/38/5657
f 3330/38/5657 3327/36/5657 3328/37/5657
f 3331/41/5658 3332/40/5659 3330/38/5659
f 3330/38/5659 3329/39/5660 3331/41/5658
f 3333/42/5661 3332/40/5661 3331/41/5661
f 3331/41/5661 3334/43/5661 3333/42/5661
f 3335/44/5662 3333/42/5662 3334/43/5662
f 3334/43/5662 3336/45/5662 3335/44/5662
f 3337/46/5663 3338/47/5663 3335/44/5663
f 3335/44/5663 3336/45/5663 3337/46/5663
f 3339/49/5664 3338/47/5664 3337/46/5664
f 3337/46/5664 3340/48/5664 3339/49/5664
f 3341/51/5665 3342/50/5665 3339/49/5665
f 3339/49/5665 3340/48/5665 3341/51/5665
f 3343/53/5666 3344/52/5667 3342/50/5666
f 3342/50/5666 3341/51/5666 3343/53/5666
f 3345/55/5668 3344/52/5669 3343/53/5668
f 3343/53/5668 3346/54/5669 3345/55/5668
f 3347/57/5670 3345/55/5670 3346/54/5670
f 3346/54/5670 3348/56/5670 3347/57/5670
f 3349/59/5671 3350/58/5672 3347/57/5672
f 3347/57/5672 3348/56/5671 3349/59/5671
f 3351/61/5673 3350/58/5673 3349/59/5673
f 3349/59/5673 3352/60/5673 3351/61/5673
f 3353/63/5674 3354/62/5674 3351/61/5674
f 3351/61/5674 3352/60/5674 3353/63/5674
f 3355/65/5675 3356/64/5675 3354/62/5675
f 3354/62/5675 3353/63/5675 3355/65/5675
f 3357/67/5676 3356/64/5676 3355/65/5676
f 3355/65/5676 3358/66/5676 3357/67/5676
f 3359/25/5677 3316/25/5677 3313/22/5677
f 3313/22/5677 3360/22/5677 3359/25/5677
f 3361/68/5678 3362/69/5678 3357/67/5678
f 3357/67/5678 3358/66/5678 3361/68/5678
f 3361/68/5679 3300/70/5680 3299/71/5679
f 3299/71/5679 3362/69/5679 3361/68/5679
f 3299/102/5517 3298/72/5519 3301/73/5517
f 3301/73/5517 3304/74/5517 3305/75/5517
f 3299/102/5517 3301/73/5517 3305/75/5517
f 3308/76/5517 3309/77/5517 3311/78/5517
f 3305/75/5517 3308/76/5517 3311/78/5517
f 3305/75/5517 3311/78/5517 3314/79/5517
f 3314/79/5517 3315/80/5517 3318/81/5517
f 3305/75/5517 3314/79/5517 3318/81/5517
f 3305/75/5517 3318/81/5517 3320/82/5517
f 3320/82/5517 3321/83/5519 3324/84/5517
f 3305/75/5517 3320/82/5517 3324/84/5517
f 3305/75/5517 3324/84/5517 3326/85/5517
f 3326/85/5517 3327/86/5517 3330/87/5517
f 3305/75/5517 3326/85/5517 3330/87/5517
f 3305/75/5517 3330/87/5517 3332/88/5517
f 3332/88/5517 3333/89/5519 3335/90/5517
f 3305/75/5517 3332/88/5517 3335/90/5517
f 3305/75/5517 3335/90/5517 3338/91/5517
f 3338/91/5517 3339/92/5517 3342/93/5517
f 3305/75/5517 3338/91/5517 3342/93/5517
f 3305/75/5517 3342/93/5517 3344/94/5517
f 3344/94/5517 3345/95/5517 3347/96/5517
f 3305/75/5517 3344/94/5517 3347/96/5517
f 3305/75/5517 3347/96/5517 3350/97/5517
f 3350/97/5517 3351/98/5517 3354/99/5517
f 3305/75/5517 3350/97/5517 3354/99/5517
f 3305/75/5517 3354/99/5517 3356/100/5517
f 3299/102/5517 3305/75/5517 3356/100/5517
f 3299/102/5517 3356/100/5517 3357/101/5517
f 3299/102/5517 3357/101/5517 3362/103/5517
f 3363/14/5681 3364/12/5682 3365/12/5683
f 3365/12/5683 3366/14/5683 3363/14/5681
f 3367/43/5684 3334/43/5685 3331/41/5684
f 3331/41/5684 3368/41/5684 3367/43/5684
f 3369/60/5686 3352/60/5687 3349/59/5686
f 3349/59/5686 3370/59/5686 3369/60/5686
f 3306/14/5688 3363/14/5688 3371/16/5688
f 3371/16/5688 3307/16/5688 3306/14/5688
f 3323/33/5689 3372/33/5690 3373/35/5690
f 3373/35/5690 3325/35/5689 3323/33/5689
f 3343/53/5691 3341/51/5691 3374/51/5691
f 3374/51/5691 3375/53/5691 3343/53/5691
f 3300/6/5692 3376/6/5692 3377/7/5692
f 3377/7/5692 3297/7/5692 3300/6/5692
f 3300/70/5693 3361/68/5693 3378/68/5694
f 3378/68/5694 3376/70/5694 3300/70/5693
f 3359/25/5695 3379/27/5695 3317/27/5695
f 3317/27/5695 3316/25/5695 3359/25/5695
f 3367/43/5696 3380/45/5696 3336/45/5696
f 3336/45/5696 3334/43/5697 3367/43/5696
f 3369/60/5698 3381/63/5698 3353/63/5699
f 3353/63/5699 3352/60/5699 3369/60/5698
f 3382/19/5700 3310/19/5700 3307/16/5700
f 3307/16/5700 3371/16/5700 3382/19/5700
f 3383/37/5701 3328/37/5701 3325/35/5701
f 3325/35/5701 3373/35/5701 3383/37/5701
f 3384/54/5702 3346/54/5702 3343/53/5702
f 3343/53/5702 3375/53/5702 3384/54/5702
f 3385/10/5703 3302/10/5703 3297/7/5703
f 3297/7/5703 3377/7/5703 3385/10/5703
f 3317/27/5704 3379/27/5704 3386/29/5704
f 3386/29/5704 3319/29/5704 3317/27/5704
f 3337/46/5705 3336/45/5705 3380/45/5705
f 3380/45/5705 3387/46/5705 3337/46/5705
f 3355/65/5706 3353/63/5707 3381/63/5706
f 3381/63/5706 3388/65/5706 3355/65/5706
f 3382/19/5708 3389/21/5708 3312/21/5708
f 3312/21/5708 3310/19/5708 3382/19/5708
f 3383/37/5709 3390/39/5710 3329/39/5711
f 3329/39/5711 3328/37/5711 3383/37/5709
f 3384/54/5712 3391/56/5712 3348/56/5712
f 3348/56/5712 3346/54/5712 3384/54/5712
f 3302/10/5713 3385/10/5714 3364/12/5714
f 3364/12/5714 3303/12/5713 3302/10/5713
f 3392/30/5715 3322/30/5716 3319/29/5717
f 3319/29/5717 3386/29/5715 3392/30/5715
f 3393/48/5718 3340/48/5718 3337/46/5718
f 3337/46/5718 3387/46/5719 3393/48/5718
f 3394/66/5720 3358/66/5721 3355/65/5722
f 3355/65/5722 3388/65/5720 3394/66/5720
f 3312/21/5723 3389/21/5724 3360/22/5724
f 3360/22/5724 3313/22/5723 3312/21/5723
f 3329/39/5725 3390/39/5725 3368/41/5725
f 3368/41/5725 3331/41/5725 3329/39/5725
f 3349/59/5726 3348/56/5726 3391/56/5726
f 3391/56/5726 3370/59/5726 3349/59/5726
f 3363/14/5727 3306/14/5727 3303/12/5727
f 3303/12/5727 3364/12/5727 3363/14/5727
f 3392/30/5728 3372/33/5728 3323/33/5728
f 3323/33/5728 3322/30/5728 3392/30/5728
f 3393/48/5729 3374/51/5729 3341/51/5729
f 3341/51/5729 3340/48/5729 3393/48/5729
f 3394/66/5730 3378/68/5730 3361/68/5731
f 3361/68/5731 3358/66/5731 3394/66/5730
f 3395/106/5732 3396/107/5733 3397/108/5734
f 3395/106/5732 3397/108/5734 3398/109/5735
f 3398/109/5735 3399/110/5736 3400/111/5732
f 3395/106/5732 3398/109/5735 3400/111/5732
f 3395/106/5732 3400/111/5732 3401/112/5732
f 3401/112/5732 3402/113/5737 3403/114/5735
f 3395/106/5732 3401/112/5732 3403/114/5735
f 3395/106/5732 3403/114/5735 3404/115/5735
f 3404/115/5735 3405/116/5736 3406/117/5732
f 3395/106/5732 3404/115/5735 3406/117/5732
f 3395/106/5732 3406/117/5732 3407/118/5732
f 3407/118/5732 3408/119/5738 3409/120/5732
f 3395/106/5732 3407/118/5732 3409/120/5732
f 3395/106/5732 3409/120/5732 3410/121/5732
f 3410/121/5732 3411/122/5739 3412/123/5732
f 3395/106/5732 3410/121/5732 3412/123/5732
f 3395/106/5732 3412/123/5732 3413/124/5740
f 3413/124/5740 3414/125/5741 3415/126/5732
f 3395/106/5732 3413/124/5740 3415/126/5732
f 3395/106/5732 3415/126/5732 3416/127/5732
f 3416/127/5732 3417/128/5742 3418/129/5732
f 3395/106/5732 3416/127/5732 3418/129/5732
f 3418/129/5732 3419/130/5743 3420/131/5732
f 3418/129/5732 3420/131/5732 3421/132/5732
f 3395/106/5732 3418/129/5732 3421/132/5732
f 3395/106/5732 3421/132/5732 3366/133/5732
f 3366/133/5732 3365/134/5743 3422/135/5732
f 3395/106/5732 3366/133/5732 3422/135/5732
f 3423/105/5739 3395/106/5732 3422/135/5732
f 3424/104/5736 3423/105/5739 3422/135/5732
f 3378/68/5744 3394/66/5744 3396/66/5745
f 3396/66/5745 3395/68/5745 3378/68/5744
f 3409/41/5746 3408/43/5746 3367/43/5746
f 3367/43/5746 3368/41/5746 3409/41/5746
f 3371/16/5747 3363/14/5747 3366/14/5747
f 3366/14/5747 3421/16/5747 3371/16/5747
f 3376/70/5748 3378/68/5748 3395/68/5748
f 3395/68/5748 3423/70/5748 3376/70/5748
f 3380/45/5749 3367/43/5750 3408/43/5751
f 3408/43/5751 3407/45/5750 3380/45/5749
f 3420/19/5752 3382/19/5752 3371/16/5752
f 3371/16/5752 3421/16/5752 3420/19/5752
f 3387/46/5753 3380/45/5753 3407/45/5754
f 3407/45/5754 3406/46/5753 3387/46/5753
f 3389/21/5755 3382/19/5755 3420/19/5756
f 3420/19/5756 3419/21/5756 3389/21/5755
f 3406/46/5757 3405/48/5758 3393/48/5759
f 3393/48/5759 3387/46/5759 3406/46/5757
f 3360/22/5760 3389/21/5760 3419/21/5760
f 3419/21/5760 3418/22/5760 3360/22/5760
f 3374/51/5761 3393/48/5762 3405/48/5761
f 3405/48/5761 3404/51/5761 3374/51/5761
f 3418/22/5763 3417/25/5763 3359/25/5764
f 3359/25/5764 3360/22/5764 3418/22/5763
f 3375/53/5765 3374/51/5765 3404/51/5765
f 3404/51/5765 3403/53/5765 3375/53/5765
f 3379/27/5766 3359/25/5767 3417/25/5766
f 3417/25/5766 3416/27/5766 3379/27/5766
f 3403/53/5768 3402/54/5768 3384/54/5768
f 3384/54/5768 3375/53/5768 3403/53/5768
f 3386/29/5769 3379/27/5769 3416/27/5770
f 3416/27/5770 3415/29/5770 3386/29/5769
f 3391/56/5771 3384/54/5771 3402/54/5771
f 3402/54/5771 3401/56/5771 3391/56/5771
f 3415/29/5772 3414/30/5772 3392/30/5773
f 3392/30/5773 3386/29/5772 3415/29/5772
f 3370/59/5774 3391/56/5774 3401/56/5774
f 3401/56/5774 3400/59/5774 3370/59/5774
f 3372/33/5775 3392/30/5775 3414/30/5775
f 3414/30/5775 3413/33/5776 3372/33/5775
f 3400/59/5777 3399/60/5777 3369/60/5778
f 3369/60/5778 3370/59/5778 3400/59/5777
f 3373/35/5779 3372/33/5779 3413/33/5779
f 3413/33/5779 3412/35/5779 3373/35/5779
f 3376/6/5780 3423/6/5781 3424/7/5782
f 3424/7/5782 3377/7/5780 3376/6/5780
f 3381/63/5783 3369/60/5784 3399/60/5785
f 3399/60/5785 3398/63/5786 3381/63/5783
f 3412/35/5787 3411/37/5787 3383/37/5787
f 3383/37/5787 3373/35/5787 3412/35/5787
f 3422/10/5788 3385/10/5789 3377/7/5789
f 3377/7/5789 3424/7/5790 3422/10/5788
f 3388/65/5791 3381/63/5792 3398/63/5793
f 3398/63/5793 3397/65/5794 3388/65/5791
f 3390/39/5795 3383/37/5795 3411/37/5796
f 3411/37/5796 3410/39/5797 3390/39/5795
f 3365/12/5798 3364/12/5799 3385/10/5799
f 3385/10/5799 3422/10/5798 3365/12/5798
f 3397/65/5800 3396/66/5800 3394/66/5800
f 3394/66/5800 3388/65/5801 3397/65/5800
f 3368/41/5802 3390/39/5802 3410/39/5802
f 3410/39/5802 3409/41/5803 3368/41/5802
f 3425/7/5804 3426/8/5804 3427/9/5804
f 3427/9/5804 3428/6/5804 3425/7/5804
f 3429/11/5805 3426/8/5805 3425/7/5805
f 3425/7/5805 3430/10/5805 3429/11/5805
f 3431/12/5806 3432/13/5806 3429/11/5806
f 3429/11/5806 3430/10/5806 3431/12/5806
f 3433/14/5807 3434/15/5808 3432/13/5809
f 3432/13/5809 3431/12/5810 3433/14/5807
f 3435/17/5811 3434/15/5811 3433/14/5811
f 3433/14/5811 3436/16/5811 3435/17/5811
f 3437/19/5812 3438/18/5812 3435/17/5812
f 3435/17/5812 3436/16/5812 3437/19/5812
f 3439/21/5813 3440/20/5814 3438/18/5813
f 3438/18/5813 3437/19/5813 3439/21/5813
f 3441/23/5815 3440/20/5815 3439/21/5815
f 3439/21/5815 3442/22/5815 3441/23/5815
f 3443/25/5816 3444/24/5816 3441/23/5816
f 3441/23/5816 3442/22/5816 3443/25/5816
f 3445/27/5817 3446/26/5817 3444/24/5817
f 3444/24/5817 3443/25/5817 3445/27/5817
f 3447/28/5818 3446/26/5818 3445/27/5818
f 3445/27/5818 3448/29/5818 3447/28/5818
f 3449/30/5819 3450/31/5820 3447/28/5819
f 3447/28/5819 3448/29/5819 3449/30/5819
f 3451/33/5821 3452/32/5821 3450/31/5821
f 3450/31/5821 3449/30/5821 3451/33/5821
f 3453/34/5822 3452/32/5822 3451/33/5823
f 3451/33/5823 3454/35/5822 3453/34/5822
f 3455/36/5824 3453/34/5824 3454/35/5824
f 3454/35/5824 3456/37/5824 3455/36/5824
f 3457/39/5825 3458/38/5826 3455/36/5827
f 3455/36/5827 3456/37/5827 3457/39/5825
f 3459/40/5828 3458/38/5829 3457/39/5828
f 3457/39/5828 3460/41/5828 3459/40/5828
f 3461/42/5830 3459/40/5830 3460/41/5830
f 3460/41/5830 3462/43/5830 3461/42/5830
f 3463/45/5831 3464/44/5831 3461/42/5831
f 3461/42/5831 3462/43/5831 3463/45/5831
f 3465/47/5832 3464/44/5832 3463/45/5832
f 3463/45/5832 3466/46/5832 3465/47/5832
f 3467/48/5833 3468/49/5833 3465/47/5833
f 3465/47/5833 3466/46/5833 3467/48/5833
f 3469/51/5834 3470/50/5834 3468/49/5834
f 3468/49/5834 3467/48/5835 3469/51/5834
f 3471/52/5836 3470/50/5836 3469/51/5836
f 3469/51/5836 3472/53/5836 3471/52/5836
f 3473/55/5837 3471/52/5837 3472/53/5837
f 3472/53/5837 3474/54/5837 3473/55/5837
f 3475/56/5838 3476/57/5838 3473/55/5838
f 3473/55/5838 3474/54/5838 3475/56/5838
f 3477/58/5839 3476/57/5839 3475/56/5839
f 3475/56/5839 3478/59/5839 3477/58/5839
f 3479/60/5840 3480/61/5840 3477/58/5840
f 3477/58/5840 3478/59/5840 3479/60/5840
f 3481/63/5841 3482/62/5842 3480/61/5841
f 3480/61/5841 3479/60/5843 3481/63/5841
f 3483/64/5844 3482/62/5844 3481/63/5845
f 3481/63/5845 3484/65/5845 3483/64/5844
f 3485/66/5846 3486/67/5847 3483/64/5847
f 3483/64/5847 3484/65/5847 3485/66/5846
f 3442/22/5848 3487/22/5849 3488/25/5849
f 3488/25/5849 3443/25/5848 3442/22/5848
f 3489/68/5850 3490/69/5850 3486/67/5850
f 3486/67/5850 3485/66/5850 3489/68/5850
f 3489/68/5851 3428/70/5851 3427/71/5852
f 3427/71/5852 3490/69/5852 3489/68/5851
f 3426/72/5520 3429/73/5517 3432/74/5517
f 3427/102/5517 3426/72/5520 3432/74/5517
f 3427/102/5517 3432/74/5517 3434/75/5517
f 3434/75/5517 3435/76/5518 3438/77/5517
f 3427/102/5517 3434/75/5517 3438/77/5517
f 3427/102/5517 3438/77/5517 3440/78/5517
f 3440/78/5517 3441/79/5517 3444/80/5517
f 3427/102/5517 3440/78/5517 3444/80/5517
f 3427/102/5517 3444/80/5517 3446/81/5517
f 3446/81/5517 3447/82/5517 3450/83/5517
f 3427/102/5517 3446/81/5517 3450/83/5517
f 3427/102/5517 3450/83/5517 3452/84/5517
f 3452/84/5517 3453/85/5517 3455/86/5517
f 3427/102/5517 3452/84/5517 3455/86/5517
f 3427/102/5517 3455/86/5517 3458/87/5517
f 3458/87/5517 3459/88/5517 3461/89/5517
f 3427/102/5517 3458/87/5517 3461/89/5517
f 3427/102/5517 3461/89/5517 3464/90/5517
f 3464/90/5517 3465/91/5517 3468/92/5517
f 3427/102/5517 3464/90/5517 3468/92/5517
f 3427/102/5517 3468/92/5517 3470/93/5517
f 3470/93/5517 3471/94/5517 3473/95/5517
f 3427/102/5517 3470/93/5517 3473/95/5517
f 3427/102/5517 3473/95/5517 3476/96/5517
f 3476/96/5517 3477/97/5518 3480/98/5517
f 3427/102/5517 3476/96/5517 3480/98/5517
f 3427/102/5517 3480/98/5517 3482/99/5517
f 3482/99/5517 3483/100/5517 3486/101/5517
f 3427/102/5517 3482/99/5517 3486/101/5517
f 3427/102/5517 3486/101/5517 3490/103/5517
f 3491/12/5853 3492/12/5854 3493/14/5854
f 3493/14/5854 3494/14/5855 3491/12/5853
f 3495/43/5856 3462/43/5857 3460/41/5857
f 3460/41/5857 3496/41/5857 3495/43/5856
f 3497/60/5858 3479/60/5858 3478/59/5858
f 3478/59/5858 3498/59/5858 3497/60/5858
f 3433/14/5859 3494/14/5860 3499/16/5859
f 3499/16/5859 3436/16/5859 3433/14/5859
f 3454/35/5861 3451/33/5861 3500/33/5861
f 3500/33/5861 3501/35/5861 3454/35/5861
f 3472/53/5862 3469/51/5862 3502/51/5862
f 3502/51/5862 3503/53/5862 3472/53/5862
f 3504/7/5863 3425/7/5863 3428/6/5863
f 3428/6/5863 3505/6/5863 3504/7/5863
f 3506/68/5864 3505/70/5864 3428/70/5864
f 3428/70/5864 3489/68/5864 3506/68/5864
f 3443/25/5865 3488/25/5865 3507/27/5865
f 3507/27/5865 3445/27/5865 3443/25/5865
f 3508/45/5866 3463/45/5866 3462/43/5866
f 3462/43/5866 3495/43/5866 3508/45/5866
f 3509/63/5867 3481/63/5867 3479/60/5867
f 3479/60/5867 3497/60/5868 3509/63/5867
f 3436/16/5869 3499/16/5869 3510/19/5869
f 3510/19/5869 3437/19/5869 3436/16/5869
f 3511/37/5870 3456/37/5871 3454/35/5872
f 3454/35/5872 3501/35/5870 3511/37/5870
f 3512/54/5873 3474/54/5873 3472/53/5873
f 3472/53/5873 3503/53/5873 3512/54/5873
f 3425/7/5874 3504/7/5874 3513/10/5874
f 3513/10/5874 3430/10/5874 3425/7/5874
f 3507/27/5875 3514/29/5875 3448/29/5875
f 3448/29/5875 3445/27/5875 3507/27/5875
f 3466/46/5876 3463/45/5877 3508/45/5876
f 3508/45/5876 3515/46/5876 3466/46/5876
f 3484/65/5878 3481/63/5878 3509/63/5878
f 3509/63/5878 3516/65/5878 3484/65/5878
f 3437/19/5879 3510/19/5879 3517/21/5879
f 3517/21/5879 3439/21/5879 3437/19/5879
f 3518/39/5880 3457/39/5881 3456/37/5881
f 3456/37/5881 3511/37/5880 3518/39/5880
f 3519/56/5882 3475/56/5882 3474/54/5882
f 3474/54/5882 3512/54/5882 3519/56/5882
f 3430/10/5883 3513/10/5884 3491/12/5884
f 3491/12/5884 3431/12/5883 3430/10/5883
f 3514/29/5885 3520/30/5886 3449/30/5887
f 3449/30/5887 3448/29/5888 3514/29/5885
f 3521/48/5889 3467/48/5890 3466/46/5890
f 3466/46/5890 3515/46/5889 3521/48/5889
f 3522/66/5891 3485/66/5892 3484/65/5892
f 3484/65/5892 3516/65/5892 3522/66/5891
f 3439/21/5893 3517/21/5893 3487/22/5893
f 3487/22/5893 3442/22/5893 3439/21/5893
f 3460/41/5894 3457/39/5894 3518/39/5894
f 3518/39/5894 3496/41/5895 3460/41/5894
f 3478/59/5896 3475/56/5896 3519/56/5896
f 3519/56/5896 3498/59/5897 3478/59/5896
f 3431/12/5898 3491/12/5898 3494/14/5898
f 3494/14/5898 3433/14/5898 3431/12/5898
f 3451/33/5899 3449/30/5900 3520/30/5899
f 3520/30/5899 3500/33/5899 3451/33/5899
f 3502/51/5901 3469/51/5901 3467/48/5901
f 3467/48/5901 3521/48/5901 3502/51/5901
f 3506/68/5902 3489/68/5902 3485/66/5902
f 3485/66/5902 3522/66/5902 3506/68/5902
f 3523/104/5903 3524/105/5904 3525/106/5903
f 3525/106/5903 3526/107/5905 3527/108/5903
f 3523/104/5903 3525/106/5903 3527/108/5903
f 3528/109/5903 3529/110/5906 3530/111/5903
f 3527/108/5903 3528/109/5903 3530/111/5903
f 3523/104/5903 3527/108/5903 3530/111/5903
f 3531/112/5907 3532/113/5907 3533/114/5908
f 3530/111/5903 3531/112/5907 3533/114/5908
f 3534/115/5903 3535/116/5907 3536/117/5903
f 3533/114/5908 3534/115/5903 3536/117/5903
f 3530/111/5903 3533/114/5908 3536/117/5903
f 3523/104/5903 3530/111/5903 3536/117/5903
f 3537/118/5907 3538/119/5909 3539/120/5907
f 3536/117/5903 3537/118/5907 3539/120/5907
f 3540/121/5903 3541/122/5910 3542/123/5903
f 3539/120/5907 3540/121/5903 3542/123/5903
f 3536/117/5903 3539/120/5907 3542/123/5903
f 3543/124/5911 3544/125/5912 3545/126/5903
f 3542/123/5903 3543/124/5911 3545/126/5903
f 3546/127/5908 3547/128/5913 3548/129/5908
f 3545/126/5903 3546/127/5908 3548/129/5908
f 3542/123/5903 3545/126/5903 3548/129/5908
f 3536/117/5903 3542/123/5903 3548/129/5908
f 3523/104/5903 3536/117/5903 3548/129/5908
f 3549/130/5908 3550/131/5914 3551/132/5903
f 3548/129/5908 3549/130/5908 3551/132/5903
f 3493/133/5908 3492/134/5909 3552/135/5903
f 3551/132/5903 3493/133/5908 3552/135/5903
f 3548/129/5908 3551/132/5903 3552/135/5903
f 3523/104/5903 3548/129/5908 3552/135/5903
f 3522/66/5915 3526/66/5915 3525/68/5915
f 3525/68/5915 3506/68/5915 3522/66/5915
f 3495/43/5916 3496/41/5916 3539/41/5917
f 3539/41/5917 3538/43/5918 3495/43/5916
f 3551/16/5919 3499/16/5919 3494/14/5919
f 3494/14/5919 3493/14/5919 3551/16/5919
f 3525/68/5920 3524/70/5921 3505/70/5922
f 3505/70/5922 3506/68/5922 3525/68/5920
f 3495/43/5923 3538/43/5924 3537/45/5924
f 3537/45/5924 3508/45/5923 3495/43/5923
f 3510/19/5925 3499/16/5926 3551/16/5926
f 3551/16/5926 3550/19/5926 3510/19/5925
f 3536/46/5927 3515/46/5927 3508/45/5928
f 3508/45/5928 3537/45/5927 3536/46/5927
f 3510/19/5929 3550/19/5929 3549/21/5929
f 3549/21/5929 3517/21/5929 3510/19/5929
f 3521/48/5930 3515/46/5930 3536/46/5931
f 3536/46/5931 3535/48/5931 3521/48/5930
f 3548/22/5932 3487/22/5932 3517/21/5932
f 3517/21/5932 3549/21/5932 3548/22/5932
f 3521/48/5933 3535/48/5934 3534/51/5934
f 3534/51/5934 3502/51/5933 3521/48/5933
f 3488/25/5935 3487/22/5935 3548/22/5935
f 3548/22/5935 3547/25/5935 3488/25/5935
f 3533/53/5936 3503/53/5936 3502/51/5936
f 3502/51/5936 3534/51/5937 3533/53/5936
f 3488/25/5938 3547/25/5938 3546/27/5938
f 3546/27/5938 3507/27/5938 3488/25/5938
f 3512/54/5939 3503/53/5939 3533/53/5939
f 3533/53/5939 3532/54/5940 3512/54/5939
f 3507/27/5941 3546/27/5941 3545/29/5941
f 3545/29/5941 3514/29/5941 3507/27/5941
f 3512/54/5942 3532/54/5942 3531/56/5942
f 3531/56/5942 3519/56/5943 3512/54/5942
f 3545/29/5944 3544/30/5944 3520/30/5945
f 3520/30/5945 3514/29/5945 3545/29/5944
f 3530/59/5946 3498/59/5946 3519/56/5946
f 3519/56/5946 3531/56/5946 3530/59/5946
f 3543/33/5947 3500/33/5948 3520/30/5948
f 3520/30/5948 3544/30/5948 3543/33/5947
f 3497/60/5949 3498/59/5950 3530/59/5951
f 3530/59/5951 3529/60/5951 3497/60/5949
f 3542/35/5952 3501/35/5952 3500/33/5952
f 3500/33/5952 3543/33/5953 3542/35/5952
f 3504/7/5954 3505/6/5954 3524/6/5955
f 3524/6/5955 3523/7/5955 3504/7/5954
f 3497/60/5956 3529/60/5957 3528/63/5956
f 3528/63/5956 3509/63/5956 3497/60/5956
f 3511/37/5958 3501/35/5958 3542/35/5958
f 3542/35/5958 3541/37/5958 3511/37/5958
f 3552/10/5959 3513/10/5959 3504/7/5959
f 3504/7/5959 3523/7/5959 3552/10/5959
f 3527/65/5960 3516/65/5961 3509/63/5962
f 3509/63/5962 3528/63/5962 3527/65/5960
f 3511/37/5963 3541/37/5963 3540/39/5963
f 3540/39/5963 3518/39/5963 3511/37/5963
f 3491/12/5964 3513/10/5964 3552/10/5964
f 3552/10/5964 3492/12/5964 3491/12/5964
f 3522/66/5965 3516/65/5965 3527/65/5965
f 3527/65/5965 3526/66/5966 3522/66/5965
f 3539/41/5967 3496/41/5968 3518/39/5968
f 3518/39/5968 3540/39/5967 3539/41/5967
