# Blender 4.3.2
# www.blender.org
mtllib pataderdel.mtl
o C_rculo_001
v -0.460249 1.021744 -0.413021
v -0.457649 1.020344 -0.400721
v -0.438949 1.028344 -0.403221
v -0.440949 1.030044 -0.415621
v -0.420149 1.036344 -0.404721
v -0.421549 1.038244 -0.417121
v -0.441149 1.027344 -0.427921
v -0.461049 1.018844 -0.425321
v -0.421249 1.035844 -0.429521
v -0.476249 1.012344 -0.397221
v -0.471649 1.006644 -0.387121
v -0.453549 1.014444 -0.390521
v -0.435249 1.022244 -0.392921
v -0.416849 1.030044 -0.394421
v -0.398449 1.037844 -0.394921
v -0.401249 1.044344 -0.405221
v -0.402149 1.046544 -0.417621
v -0.401249 1.044344 -0.430121
v -0.418949 1.029144 -0.439821
v -0.398449 1.037844 -0.440421
v -0.439349 1.020444 -0.438221
v -0.459649 1.011744 -0.435521
v -0.479849 1.003144 -0.431721
v -0.480749 1.010444 -0.421621
v -0.479449 1.013644 -0.409421
v -0.433149 0.958244 -0.413021
v -0.413849 0.966444 -0.415621
v -0.413649 0.969044 -0.403221
v -0.432449 0.961044 -0.400721
v -0.435749 0.959644 -0.425321
v -0.415949 0.968144 -0.427921
v -0.394449 0.974744 -0.417121
v -0.394849 0.977144 -0.404721
v -0.395949 0.976644 -0.429521
v -0.451049 0.953144 -0.397221
v -0.433849 0.968144 -0.390521
v -0.451949 0.960443 -0.387121
v -0.452349 0.950043 -0.409421
v -0.455449 0.951244 -0.421621
v -0.460149 0.956944 -0.431721
v -0.439949 0.965544 -0.435521
v -0.419649 0.974244 -0.438221
v -0.399249 0.982944 -0.439821
v -0.375949 0.985144 -0.430121
v -0.378749 0.991644 -0.440421
v -0.375049 0.982944 -0.417621
v -0.375949 0.985144 -0.405221
v -0.397149 0.983844 -0.394421
v -0.378749 0.991644 -0.394921
v -0.415549 0.975944 -0.392921
v -0.508549 0.926044 -0.392521
v -0.490049 0.933944 -0.399121
v -0.487649 0.937544 -0.387221
v -0.505549 0.929844 -0.380821
v -0.513349 0.926644 -0.404221
v -0.494349 0.934744 -0.411021
v -0.471349 0.941944 -0.404721
v -0.469449 0.945244 -0.392721
v -0.475049 0.942944 -0.416821
v -0.505149 0.937744 -0.371121
v -0.522349 0.930444 -0.363921
v -0.523249 0.922344 -0.373421
v -0.526649 0.918344 -0.384921
v -0.531949 0.918643 -0.396321
v -0.538349 0.923644 -0.405921
v -0.519249 0.931744 -0.413921
v -0.499849 0.940043 -0.420921
v -0.480049 0.948444 -0.426821
v -0.469949 0.952744 -0.382721
v -0.487649 0.945244 -0.377321
v -0.578749 0.896144 -0.356421
v -0.561849 0.903343 -0.366821
v -0.557349 0.907844 -0.355821
v -0.573749 0.900844 -0.345721
v -0.585549 0.895844 -0.367021
v -0.568149 0.903244 -0.377821
v -0.544449 0.910744 -0.376321
v -0.540449 0.915044 -0.365121
v -0.550249 0.910844 -0.387521
v -0.571649 0.909344 -0.336921
v -0.587249 0.902744 -0.326221
v -0.589749 0.894044 -0.334721
v -0.595149 0.889144 -0.345121
v -0.602449 0.888544 -0.355421
v -0.610449 0.892844 -0.364021
v -0.593149 0.900244 -0.375921
v -0.575349 0.907844 -0.386821
v -0.557049 0.915643 -0.396821
v -0.539149 0.923244 -0.355721
v -0.555649 0.916244 -0.346721
v -0.641149 0.869544 -0.306121
v -0.626349 0.875844 -0.319921
v -0.620049 0.881044 -0.310321
v -0.634349 0.874944 -0.296921
v -0.649749 0.868444 -0.315321
v -0.634549 0.874844 -0.329521
v -0.611049 0.882344 -0.332921
v -0.605149 0.887444 -0.322921
v -0.618749 0.881644 -0.342921
v -0.630749 0.884244 -0.289221
v -0.644149 0.878544 -0.275421
v -0.648049 0.869144 -0.282721
v -0.655249 0.863544 -0.291521
v -0.664249 0.862244 -0.300321
v -0.658849 0.872244 -0.322921
v -0.673649 0.865944 -0.307621
v -0.643349 0.878844 -0.337521
v -0.627249 0.885744 -0.351121
v -0.602249 0.896344 -0.314621
v -0.616849 0.890144 -0.302321
v -0.693249 0.847344 -0.243521
v -0.681349 0.852444 -0.260221
v -0.673349 0.858344 -0.252321
v -0.685049 0.853344 -0.236121
v -0.703349 0.845544 -0.250921
v -0.691049 0.850844 -0.268121
v -0.668649 0.857844 -0.276221
v -0.661049 0.863644 -0.267821
v -0.678049 0.856344 -0.284521
v -0.680149 0.863144 -0.230021
v -0.690749 0.858644 -0.213621
v -0.695849 0.848743 -0.219321
v -0.704449 0.842544 -0.226221
v -0.714949 0.840644 -0.233121
v -0.725549 0.843744 -0.238921
v -0.713749 0.848844 -0.257121
v -0.701149 0.854144 -0.274621
v -0.687849 0.859844 -0.291521
v -0.656849 0.873044 -0.260921
v -0.668849 0.867944 -0.245821
v -0.733249 0.830244 -0.171121
v -0.724449 0.834044 -0.190021
v -0.715249 0.840444 -0.184121
v -0.723749 0.836844 -0.165821
v -0.744449 0.828044 -0.176421
v -0.735449 0.831844 -0.195821
v -0.714849 0.838044 -0.208421
v -0.705949 0.844444 -0.202021
v -0.725649 0.836044 -0.214821
v -0.717949 0.847044 -0.161421
v -0.725449 0.843844 -0.143121
v -0.731449 0.833544 -0.147021
v -0.741049 0.826944 -0.151821
v -0.752549 0.824544 -0.156521
v -0.764149 0.827344 -0.160521
v -0.755849 0.830844 -0.180821
v -0.746649 0.834844 -0.200721
v -0.736549 0.839144 -0.220121
v -0.700649 0.854444 -0.196721
v -0.709749 0.850544 -0.179321
v -0.759349 0.819144 -0.091621
v -0.754149 0.821344 -0.112021
v -0.744149 0.828144 -0.108421
v -0.749249 0.826044 -0.088621
v -0.771349 0.816544 -0.094621
v -0.766049 0.818844 -0.115621
v -0.748049 0.823944 -0.132021
v -0.738249 0.830644 -0.127921
v -0.759749 0.821544 -0.136221
v -0.742749 0.836444 -0.086121
v -0.746849 0.834744 -0.066521
v -0.753349 0.824244 -0.068521
v -0.763649 0.817344 -0.071021
v -0.775749 0.814644 -0.073421
v -0.787849 0.817244 -0.075421
v -0.783349 0.819144 -0.097121
v -0.777849 0.821444 -0.118621
v -0.771449 0.824244 -0.139721
v -0.732049 0.841044 -0.124421
v -0.737849 0.838544 -0.105421
v -0.770749 0.814244 -0.008121
v -0.769349 0.814844 -0.029221
v -0.758849 0.821844 -0.027921
v -0.760249 0.821344 -0.007521
v -0.783149 0.811544 -0.008721
v -0.781649 0.812144 -0.030421
v -0.766949 0.815844 -0.050121
v -0.756549 0.822844 -0.048321
v -0.779149 0.813244 -0.052021
v -0.753549 0.831844 -0.007021
v -0.754049 0.831644 0.013079
v -0.760749 0.821144 0.013079
v -0.771249 0.814044 0.013079
v -0.783649 0.811344 0.013079
v -0.795349 0.814044 -0.009221
v -0.795849 0.813844 0.013079
v -0.793849 0.814644 -0.031421
v -0.791349 0.815744 -0.053521
v -0.749949 0.833344 -0.046821
v -0.752249 0.832444 -0.026921
v -0.766949 0.815844 0.076279
v -0.769349 0.814844 0.055279
v -0.758849 0.821844 0.054079
v -0.756549 0.822844 0.074379
v -0.779149 0.813244 0.078079
v -0.781649 0.812144 0.056479
v -0.770749 0.814244 0.034179
v -0.760249 0.821344 0.033579
v -0.783149 0.811544 0.034779
v -0.749949 0.833344 0.072879
v -0.746849 0.834744 0.092679
v -0.753349 0.824244 0.094679
v -0.763649 0.817344 0.097079
v -0.775749 0.814644 0.099479
v -0.791349 0.815744 0.079579
v -0.787849 0.817244 0.101479
v -0.793849 0.814644 0.057479
v -0.795349 0.814044 0.035279
v -0.753549 0.831844 0.033079
v -0.752249 0.832444 0.052979
v -0.748049 0.823944 0.158179
v -0.754149 0.821344 0.138079
v -0.744149 0.828144 0.134479
v -0.738249 0.830644 0.153979
v -0.759749 0.821544 0.162379
v -0.766049 0.818844 0.141679
v -0.759349 0.819144 0.117679
v -0.749249 0.826044 0.114679
v -0.771349 0.816544 0.120679
v -0.732049 0.841044 0.150479
v -0.725449 0.843844 0.169179
v -0.731449 0.833544 0.173079
v -0.741049 0.826944 0.177879
v -0.752549 0.824544 0.182579
v -0.771449 0.824244 0.165779
v -0.764149 0.827344 0.186579
v -0.777849 0.821444 0.144679
v -0.783349 0.819144 0.123179
v -0.742749 0.836444 0.112179
v -0.737849 0.838544 0.131479
v -0.714849 0.838044 0.234479
v -0.724449 0.834044 0.216079
v -0.715249 0.840444 0.210179
v -0.705949 0.844444 0.228079
v -0.725649 0.836044 0.240879
v -0.735449 0.831844 0.221979
v -0.733249 0.830244 0.197179
v -0.723749 0.836844 0.191879
v -0.744449 0.828044 0.202479
v -0.700649 0.854444 0.222779
v -0.690749 0.858644 0.239679
v -0.695849 0.848743 0.245379
v -0.704449 0.842544 0.252379
v -0.714949 0.840644 0.259279
v -0.736549 0.839144 0.246179
v -0.725549 0.843744 0.264979
v -0.746649 0.834844 0.226779
v -0.755849 0.830844 0.206879
v -0.717949 0.847044 0.187479
v -0.709749 0.850544 0.205379
v -0.668649 0.857844 0.302279
v -0.681349 0.852444 0.286279
v -0.673349 0.858344 0.278379
v -0.661049 0.863644 0.293979
v -0.678049 0.856344 0.310679
v -0.691049 0.850844 0.294179
v -0.693249 0.847344 0.269579
v -0.685049 0.853344 0.262179
v -0.703349 0.845544 0.276979
v -0.656849 0.873044 0.286979
v -0.644149 0.878544 0.301479
v -0.648049 0.869144 0.308779
v -0.655249 0.863544 0.317579
v -0.664249 0.862244 0.326379
v -0.687849 0.859844 0.317579
v -0.673649 0.865944 0.333679
v -0.701149 0.854144 0.300679
v -0.713749 0.848844 0.283179
v -0.680149 0.863144 0.256079
v -0.668849 0.867944 0.271879
v -0.611049 0.882344 0.358979
v -0.626349 0.875844 0.345979
v -0.620049 0.881044 0.336379
v -0.605149 0.887444 0.348979
v -0.618749 0.881644 0.368979
v -0.634549 0.874844 0.355579
v -0.641149 0.869544 0.332179
v -0.634349 0.874944 0.322979
v -0.649749 0.868444 0.341379
v -0.602249 0.896344 0.340679
v -0.587249 0.902744 0.352279
v -0.589749 0.894044 0.360779
v -0.595149 0.889144 0.371179
v -0.602449 0.888544 0.381479
v -0.627249 0.885744 0.377279
v -0.610449 0.892844 0.390079
v -0.643349 0.878844 0.363579
v -0.658849 0.872244 0.348979
v -0.630749 0.884244 0.315279
v -0.616849 0.890144 0.328379
v -0.544449 0.910744 0.402379
v -0.561849 0.903343 0.392879
v -0.557349 0.907844 0.381879
v -0.540449 0.915044 0.391179
v -0.550249 0.910844 0.413679
v -0.568149 0.903244 0.403879
v -0.578749 0.896144 0.382479
v -0.573749 0.900844 0.371779
v -0.585549 0.895844 0.393179
v -0.539149 0.923244 0.381879
v -0.522349 0.930444 0.389979
v -0.523249 0.922344 0.399479
v -0.526649 0.918344 0.410979
v -0.531949 0.918644 0.422479
v -0.557049 0.915644 0.422979
v -0.538349 0.923644 0.431979
v -0.575349 0.907844 0.412979
v -0.593149 0.900244 0.401979
v -0.571649 0.909344 0.362979
v -0.555649 0.916244 0.372879
v -0.471349 0.941944 0.430879
v -0.490049 0.933944 0.425179
v -0.487649 0.937544 0.413279
v -0.469449 0.945244 0.418779
v -0.475049 0.942944 0.442879
v -0.494349 0.934744 0.437079
v -0.508549 0.926044 0.418579
v -0.505549 0.929844 0.406879
v -0.513349 0.926644 0.430279
v -0.469949 0.952744 0.408779
v -0.451949 0.960444 0.413179
v -0.451049 0.953144 0.423279
v -0.452349 0.950044 0.435479
v -0.455449 0.951244 0.447679
v -0.480049 0.948444 0.452879
v -0.460149 0.956944 0.457779
v -0.499849 0.940044 0.446979
v -0.519249 0.931744 0.439979
v -0.505149 0.937744 0.397179
v -0.487649 0.945244 0.403479
v -0.394449 0.974744 0.443179
v -0.413849 0.966444 0.441679
v -0.413649 0.969044 0.429279
v -0.394849 0.977144 0.430779
v -0.395949 0.976644 0.455679
v -0.415949 0.968144 0.454079
v -0.433149 0.958244 0.439079
v -0.432449 0.961044 0.426779
v -0.435749 0.959644 0.451379
v -0.397149 0.983844 0.420479
v -0.378749 0.991644 0.420979
v -0.375949 0.985144 0.431279
v -0.375049 0.982944 0.443779
v -0.375949 0.985144 0.456179
v -0.399249 0.982944 0.465979
v -0.378749 0.991644 0.466479
v -0.419649 0.974244 0.464279
v -0.439949 0.965544 0.461579
v -0.433849 0.968144 0.416579
v -0.415549 0.975944 0.419079
v -0.316949 1.007744 0.439079
v -0.336249 0.999544 0.441679
v -0.338249 1.001244 0.429279
v -0.319549 1.009244 0.426779
v -0.316149 1.010644 0.451379
v -0.336049 1.002144 0.454079
v -0.355649 0.991244 0.443179
v -0.357049 0.993244 0.430779
v -0.355949 0.993644 0.455679
v -0.323649 1.015144 0.416579
v -0.305549 1.022844 0.413179
v -0.300949 1.017144 0.423279
v -0.297749 1.015944 0.435479
v -0.296449 1.019044 0.447679
v -0.317549 1.017744 0.461579
v -0.297349 1.026344 0.457779
v -0.337849 1.009044 0.464279
v -0.358249 1.000344 0.465979
v -0.360349 0.999544 0.420479
v -0.341949 1.007344 0.419079
v -0.241549 1.039944 0.418579
v -0.260049 1.032044 0.425179
v -0.264249 1.032744 0.413279
v -0.246349 1.040444 0.406879
v -0.238649 1.043744 0.430279
v -0.257649 1.035644 0.437079
v -0.278749 1.024044 0.430879
v -0.282449 1.025044 0.418779
v -0.276949 1.027344 0.442879
v -0.252349 1.045544 0.397179
v -0.235149 1.052844 0.389979
v -0.228749 1.047944 0.399479
v -0.223449 1.047644 0.410979
v -0.219949 1.051644 0.422479
v -0.238249 1.051544 0.439979
v -0.219149 1.059744 0.431979
v -0.257649 1.043244 0.446979
v -0.277349 1.034844 0.452879
v -0.287549 1.030544 0.408779
v -0.269849 1.038144 0.403479
v -0.171349 1.069844 0.382479
v -0.188249 1.062644 0.392879
v -0.194549 1.062444 0.381879
v -0.178149 1.069444 0.371779
v -0.166449 1.074544 0.393179
v -0.183849 1.067044 0.403879
v -0.205649 1.055244 0.402379
v -0.211449 1.055244 0.391179
v -0.201649 1.059444 0.413679
v -0.185849 1.073944 0.362979
v -0.170249 1.080544 0.352279
v -0.162249 1.076244 0.360779
v -0.154949 1.076844 0.371179
v -0.149549 1.081744 0.381479
v -0.164349 1.083044 0.401979
v -0.147049 1.090444 0.390079
v -0.182149 1.075444 0.412979
v -0.200449 1.067644 0.422979
v -0.218249 1.060044 0.381879
v -0.201849 1.067044 0.372879
v -0.108949 1.096444 0.332179
v -0.123749 1.090144 0.345979
v -0.131849 1.089244 0.336379
v -0.117549 1.095344 0.322979
v -0.102249 1.101844 0.341379
v -0.117349 1.095444 0.355579
v -0.139049 1.083644 0.358979
v -0.146749 1.082844 0.348979
v -0.133149 1.088644 0.368979
v -0.126749 1.099144 0.315279
v -0.113349 1.104844 0.301479
v -0.103949 1.101144 0.308779
v -0.094849 1.102444 0.317579
v -0.087749 1.108044 0.326379
v -0.098649 1.111044 0.348979
v -0.083849 1.117444 0.333679
v -0.114149 1.104444 0.363579
v -0.130249 1.097644 0.377279
v -0.155149 1.086944 0.340679
v -0.140649 1.093144 0.328379
v -0.056849 1.118644 0.269579
v -0.068749 1.113544 0.286279
v -0.078549 1.111944 0.278379
v -0.066949 1.116944 0.262179
v -0.048549 1.124744 0.276979
v -0.060849 1.119544 0.294179
v -0.081449 1.108144 0.302279
v -0.090849 1.106744 0.293979
v -0.073949 1.113944 0.310679
v -0.077349 1.120144 0.256079
v -0.066749 1.124744 0.239679
v -0.056049 1.121544 0.245379
v -0.045649 1.123444 0.252379
v -0.037049 1.129644 0.259279
v -0.043749 1.134544 0.283179
v -0.031949 1.139544 0.264979
v -0.056349 1.129144 0.300679
v -0.069649 1.123444 0.317579
v -0.100649 1.110244 0.286979
v -0.088649 1.115344 0.271879
v -0.016849 1.135644 0.197179
v -0.025649 1.131944 0.216079
v -0.036649 1.129844 0.210179
v -0.028149 1.133444 0.191879
v -0.007449 1.142244 0.202479
v -0.016449 1.138444 0.221979
v -0.035249 1.127844 0.234479
v -0.045949 1.125844 0.228079
v -0.026349 1.134244 0.240879
v -0.039449 1.136344 0.187479
v -0.032049 1.139444 0.169179
v -0.020449 1.136744 0.173079
v -0.009049 1.139044 0.177879
v 0.000651 1.145744 0.182579
v -0.001649 1.152444 0.206879
v 0.006651 1.155944 0.186579
v -0.010849 1.148544 0.226779
v -0.020949 1.144244 0.246179
v -0.056849 1.128944 0.222779
v -0.047749 1.132744 0.205379
v 0.009251 1.146844 0.117679
v 0.004051 1.144644 0.138079
v -0.007749 1.142144 0.134479
v -0.002749 1.144244 0.114679
v 0.019451 1.153744 0.120679
v 0.014151 1.151444 0.141679
v -0.002049 1.142044 0.158179
v -0.013749 1.139644 0.153979
v 0.007851 1.148844 0.162379
v -0.014749 1.146844 0.112179
v -0.010649 1.148544 0.092679
v 0.001351 1.146044 0.094679
v 0.013551 1.148644 0.097079
v 0.023851 1.155644 0.099479
v 0.025851 1.164144 0.123179
v 0.030351 1.166044 0.101479
v 0.020451 1.161844 0.144679
v 0.013951 1.159144 0.165779
v -0.025349 1.142344 0.150479
v -0.019649 1.144744 0.131479
v 0.020651 1.151744 0.034179
v 0.019251 1.151144 0.055279
v 0.006951 1.148444 0.054079
v 0.008351 1.149044 0.033579
v 0.031151 1.158744 0.034779
v 0.029651 1.158144 0.056479
v 0.016851 1.150044 0.076279
v 0.004651 1.147444 0.074379
v 0.027251 1.157044 0.078079
v -0.003949 1.151444 0.033079
v -0.003449 1.151644 0.013079
v 0.008751 1.149244 0.013079
v 0.021151 1.151944 0.013079
v 0.031651 1.158944 0.013079
v 0.037851 1.169244 0.035279
v 0.038351 1.169544 0.013079
v 0.036351 1.168644 0.057479
v 0.033851 1.167544 0.079579
v -0.007549 1.149944 0.072879
v -0.005249 1.150844 0.052979
v 0.016851 1.150044 -0.050121
v 0.019251 1.151144 -0.029221
v 0.006951 1.148444 -0.027921
v 0.004651 1.147444 -0.048321
v 0.027251 1.157044 -0.052021
v 0.029651 1.158144 -0.030421
v 0.020651 1.151744 -0.008121
v 0.008351 1.149044 -0.007521
v 0.031151 1.158744 -0.008721
v -0.007549 1.149944 -0.046821
v -0.010649 1.148544 -0.066521
v 0.001351 1.146044 -0.068521
v 0.013551 1.148644 -0.071021
v 0.023851 1.155644 -0.073421
v 0.033851 1.167544 -0.053521
v 0.030351 1.166044 -0.075421
v 0.036351 1.168644 -0.031421
v 0.037851 1.169244 -0.009221
v -0.003949 1.151444 -0.007021
v -0.005249 1.150844 -0.026921
v -0.002049 1.142044 -0.132021
v 0.004051 1.144644 -0.112021
v -0.007749 1.142144 -0.108421
v -0.013749 1.139644 -0.127921
v 0.007851 1.148844 -0.136221
v 0.014151 1.151444 -0.115621
v 0.009251 1.146844 -0.091621
v -0.002749 1.144244 -0.088621
v 0.019451 1.153744 -0.094621
v -0.025349 1.142344 -0.124421
v -0.032049 1.139444 -0.143121
v -0.020449 1.136744 -0.147021
v -0.009049 1.139044 -0.151821
v 0.000651 1.145744 -0.156521
v 0.013951 1.159144 -0.139721
v 0.006651 1.155944 -0.160521
v 0.020451 1.161844 -0.118621
v 0.025851 1.164144 -0.097121
v -0.014749 1.146844 -0.086121
v -0.019649 1.144744 -0.105421
v -0.035249 1.127844 -0.208421
v -0.025649 1.131944 -0.190021
v -0.036649 1.129844 -0.184121
v -0.045949 1.125844 -0.202021
v -0.026349 1.134244 -0.214821
v -0.016449 1.138444 -0.195821
v -0.016849 1.135644 -0.171121
v -0.028149 1.133444 -0.165821
v -0.007449 1.142244 -0.176421
v -0.056849 1.128944 -0.196721
v -0.066749 1.124744 -0.213621
v -0.056049 1.121544 -0.219321
v -0.045649 1.123444 -0.226221
v -0.037049 1.129644 -0.233121
v -0.020949 1.144244 -0.220121
v -0.031949 1.139544 -0.238921
v -0.010849 1.148544 -0.200721
v -0.001649 1.152444 -0.180821
v -0.039449 1.136344 -0.161421
v -0.047749 1.132744 -0.179321
v -0.081449 1.108144 -0.276221
v -0.068749 1.113544 -0.260221
v -0.078549 1.111944 -0.252321
v -0.090849 1.106744 -0.267821
v -0.073949 1.113944 -0.284521
v -0.060849 1.119544 -0.268121
v -0.056849 1.118644 -0.243521
v -0.066949 1.116944 -0.236121
v -0.048549 1.124744 -0.250921
v -0.100649 1.110244 -0.260921
v -0.113349 1.104844 -0.275421
v -0.103949 1.101144 -0.282721
v -0.094849 1.102444 -0.291521
v -0.087749 1.108044 -0.300321
v -0.069649 1.123444 -0.291521
v -0.083849 1.117444 -0.307621
v -0.056349 1.129144 -0.274621
v -0.043749 1.134544 -0.257121
v -0.077349 1.120144 -0.230021
v -0.088649 1.115344 -0.245821
v -0.139049 1.083644 -0.332921
v -0.123749 1.090144 -0.319921
v -0.131849 1.089244 -0.310321
v -0.146749 1.082844 -0.322921
v -0.133149 1.088644 -0.342921
v -0.117349 1.095444 -0.329521
v -0.108949 1.096444 -0.306121
v -0.117549 1.095344 -0.296921
v -0.102249 1.101844 -0.315321
v -0.155149 1.086944 -0.314621
v -0.170249 1.080544 -0.326221
v -0.162249 1.076244 -0.334721
v -0.154949 1.076844 -0.345121
v -0.149549 1.081744 -0.355421
v -0.130249 1.097644 -0.351121
v -0.147049 1.090444 -0.364021
v -0.114149 1.104444 -0.337521
v -0.098649 1.111044 -0.322921
v -0.126749 1.099144 -0.289221
v -0.140649 1.093144 -0.302321
v -0.205649 1.055244 -0.376321
v -0.188249 1.062644 -0.366821
v -0.194549 1.062444 -0.355821
v -0.211449 1.055244 -0.365121
v -0.201649 1.059444 -0.387521
v -0.183849 1.067044 -0.377821
v -0.171349 1.069844 -0.356421
v -0.178149 1.069444 -0.345721
v -0.166449 1.074544 -0.367021
v -0.218249 1.060044 -0.355721
v -0.235149 1.052844 -0.363921
v -0.228749 1.047944 -0.373421
v -0.223449 1.047644 -0.384921
v -0.219949 1.051644 -0.396321
v -0.200449 1.067644 -0.396821
v -0.219149 1.059744 -0.405921
v -0.182149 1.075444 -0.386821
v -0.164349 1.083044 -0.375921
v -0.185849 1.073944 -0.336921
v -0.201849 1.067044 -0.346721
v -0.278749 1.024044 -0.404721
v -0.260049 1.032044 -0.399121
v -0.264249 1.032744 -0.387221
v -0.282449 1.025044 -0.392721
v -0.276949 1.027344 -0.416821
v -0.257649 1.035644 -0.411021
v -0.241549 1.039944 -0.392521
v -0.246349 1.040444 -0.380821
v -0.238649 1.043744 -0.404221
v -0.287549 1.030544 -0.382721
v -0.305549 1.022844 -0.387121
v -0.300949 1.017144 -0.397221
v -0.297749 1.015944 -0.409421
v -0.296449 1.019044 -0.421621
v -0.277349 1.034844 -0.426821
v -0.297349 1.026344 -0.431721
v -0.257649 1.043244 -0.420921
v -0.238249 1.051544 -0.413921
v -0.252349 1.045544 -0.371121
v -0.269849 1.038144 -0.377321
v -0.355649 0.991244 -0.417121
v -0.336249 0.999544 -0.415621
v -0.338249 1.001244 -0.403221
v -0.357049 0.993244 -0.404721
v -0.355949 0.993644 -0.429521
v -0.336049 1.002144 -0.427921
v -0.316949 1.007744 -0.413021
v -0.319549 1.009244 -0.400721
v -0.316149 1.010644 -0.425321
v -0.360349 0.999544 -0.394421
v -0.358249 1.000344 -0.439821
v -0.337849 1.009044 -0.438221
v -0.317549 1.017744 -0.435521
v -0.323649 1.015144 -0.390521
v -0.341949 1.007344 -0.392921
v -0.512949 0.996744 -0.387221
v -0.517149 0.997544 -0.399121
v -0.535649 0.989644 -0.392521
v -0.530849 0.989144 -0.380821
v -0.494749 1.004544 -0.392721
v -0.498449 1.005544 -0.404721
v -0.519549 0.993944 -0.411021
v -0.538549 0.985844 -0.404221
v -0.500249 1.002144 -0.416821
v -0.524849 0.983944 -0.371121
v -0.548449 0.981644 -0.373421
v -0.542049 0.976644 -0.363921
v -0.507349 0.991444 -0.377321
v -0.489649 0.999044 -0.382721
v -0.499849 0.994644 -0.426821
v -0.519549 0.986244 -0.420921
v -0.538949 0.977944 -0.413921
v -0.558049 0.969844 -0.405921
v -0.557249 0.977844 -0.396321
v -0.553749 0.981944 -0.384921
v -0.582649 0.967044 -0.355821
v -0.588949 0.966944 -0.366821
v -0.605849 0.959744 -0.356421
v -0.599049 0.960044 -0.345721
v -0.565749 0.974244 -0.365121
v -0.571549 0.974344 -0.376321
v -0.593349 0.962444 -0.377821
v -0.610749 0.955044 -0.367021
v -0.575549 0.970044 -0.387521
v -0.614949 0.953244 -0.334721
v -0.606949 0.948944 -0.326221
v -0.591349 0.955644 -0.336921
v -0.575349 0.962444 -0.346721
v -0.558949 0.969444 -0.355721
v -0.576749 0.961844 -0.396821
v -0.595049 0.954044 -0.386821
v -0.612849 0.946444 -0.375921
v -0.630149 0.939044 -0.364021
v -0.627649 0.947844 -0.355421
v -0.622249 0.952744 -0.345121
v -0.645349 0.940344 -0.310321
v -0.653449 0.939344 -0.319921
v -0.668249 0.933144 -0.306121
v -0.659649 0.934244 -0.296921
v -0.630449 0.946644 -0.322921
v -0.638149 0.945944 -0.332921
v -0.659849 0.934144 -0.329521
v -0.674949 0.927644 -0.315321
v -0.644049 0.940844 -0.342921
v -0.673249 0.928344 -0.282721
v -0.663849 0.924744 -0.275421
v -0.650449 0.930444 -0.289221
v -0.636549 0.936344 -0.302321
v -0.622049 0.942544 -0.314621
v -0.646949 0.931944 -0.351121
v -0.663049 0.925044 -0.337521
v -0.678549 0.918444 -0.322921
v -0.693349 0.912144 -0.307621
v -0.689449 0.921444 -0.300321
v -0.682349 0.927144 -0.291521
v -0.698649 0.917544 -0.252321
v -0.708449 0.915944 -0.260221
v -0.720349 0.910844 -0.243521
v -0.710249 0.912644 -0.236121
v -0.686349 0.922844 -0.267821
v -0.695749 0.921344 -0.276221
v -0.716349 0.910044 -0.268121
v -0.728649 0.904744 -0.250921
v -0.703249 0.915644 -0.284521
v -0.721149 0.907944 -0.219321
v -0.710449 0.904844 -0.213621
v -0.699849 0.909344 -0.230021
v -0.688549 0.914244 -0.245821
v -0.676549 0.919344 -0.260921
v -0.707549 0.906144 -0.291521
v -0.720849 0.900444 -0.274621
v -0.733449 0.895044 -0.257121
v -0.745249 0.890044 -0.238921
v -0.740149 0.899844 -0.233121
v -0.731549 0.906144 -0.226221
v -0.740549 0.899744 -0.184121
v -0.751549 0.897544 -0.190021
v -0.760349 0.893844 -0.171121
v -0.749049 0.896044 -0.165821
v -0.731249 0.903644 -0.202021
v -0.741949 0.901644 -0.208421
v -0.760749 0.891144 -0.195821
v -0.769749 0.887244 -0.176421
v -0.750849 0.895344 -0.214821
v -0.756749 0.892844 -0.147021
v -0.745149 0.890044 -0.143121
v -0.737749 0.893244 -0.161421
v -0.729449 0.896744 -0.179321
v -0.720349 0.900644 -0.196721
v -0.756249 0.885344 -0.220121
v -0.766349 0.881044 -0.200721
v -0.775549 0.877144 -0.180821
v -0.783849 0.873544 -0.160521
v -0.777849 0.883844 -0.156521
v -0.768149 0.890444 -0.151821
v -0.769449 0.887444 -0.108421
v -0.781249 0.884944 -0.112021
v -0.786449 0.882644 -0.091621
v -0.774449 0.885244 -0.088621
v -0.763449 0.889944 -0.127921
v -0.775149 0.887543 -0.132021
v -0.791349 0.878044 -0.115621
v -0.796649 0.875744 -0.094621
v -0.785049 0.880744 -0.136221
v -0.778549 0.883444 -0.068521
v -0.766549 0.880944 -0.066521
v -0.762449 0.882644 -0.086121
v -0.757549 0.884744 -0.105421
v -0.751849 0.887244 -0.124421
v -0.791149 0.870444 -0.139721
v -0.797649 0.867744 -0.118621
v -0.803049 0.865344 -0.097121
v -0.807549 0.863444 -0.075421
v -0.801049 0.873944 -0.073421
v -0.790749 0.880844 -0.071021
v -0.784149 0.881144 -0.027921
v -0.796449 0.878444 -0.029221
v -0.797849 0.877844 -0.008121
v -0.785549 0.880544 -0.007521
v -0.781849 0.882144 -0.048321
v -0.794049 0.879444 -0.050121
v -0.806949 0.871444 -0.030421
v -0.808349 0.870744 -0.008721
v -0.804449 0.872443 -0.052021
v -0.785949 0.880344 0.013079
v -0.773749 0.877844 0.013079
v -0.773249 0.878044 -0.007021
v -0.771949 0.878644 -0.026921
v -0.769649 0.879643 -0.046821
v -0.811049 0.861944 -0.053521
v -0.813549 0.860944 -0.031421
v -0.815049 0.860244 -0.009221
v -0.815549 0.860044 0.013079
v -0.808849 0.870544 0.013079
v -0.798349 0.877644 0.013079
v -0.784149 0.881144 0.054079
v -0.796449 0.878444 0.055279
v -0.794049 0.879444 0.076279
v -0.781849 0.882144 0.074379
v -0.785549 0.880544 0.033579
v -0.797849 0.877844 0.034179
v -0.806949 0.871444 0.056479
v -0.804449 0.872443 0.078079
v -0.808349 0.870744 0.034779
v -0.778549 0.883444 0.094679
v -0.766549 0.880944 0.092679
v -0.769649 0.879643 0.072879
v -0.771949 0.878644 0.052979
v -0.773249 0.878044 0.033079
v -0.815049 0.860244 0.035279
v -0.813549 0.860944 0.057479
v -0.811049 0.861944 0.079579
v -0.807549 0.863444 0.101479
v -0.801049 0.873944 0.099479
v -0.790749 0.880844 0.097079
v -0.769449 0.887444 0.134479
v -0.781249 0.884944 0.138079
v -0.775149 0.887543 0.158179
v -0.763449 0.889944 0.153979
v -0.774449 0.885244 0.114679
v -0.786449 0.882644 0.117679
v -0.791349 0.878044 0.141679
v -0.785049 0.880744 0.162379
v -0.796649 0.875744 0.120679
v -0.756749 0.892844 0.173079
v -0.745149 0.890044 0.169179
v -0.751849 0.887244 0.150479
v -0.757549 0.884744 0.131479
v -0.762449 0.882644 0.112179
v -0.803049 0.865344 0.123179
v -0.797649 0.867744 0.144679
v -0.791149 0.870444 0.165779
v -0.783849 0.873544 0.186579
v -0.777849 0.883844 0.182579
v -0.768149 0.890444 0.177879
v -0.740549 0.899744 0.210179
v -0.751549 0.897544 0.216079
v -0.741949 0.901644 0.234479
v -0.731249 0.903644 0.228079
v -0.749049 0.896044 0.191879
v -0.760349 0.893844 0.197179
v -0.760749 0.891144 0.221979
v -0.750849 0.895344 0.240879
v -0.769749 0.887244 0.202479
v -0.721149 0.907944 0.245379
v -0.710449 0.904844 0.239679
v -0.720349 0.900644 0.222779
v -0.729449 0.896744 0.205379
v -0.737749 0.893244 0.187479
v -0.775549 0.877144 0.206879
v -0.766349 0.881044 0.226779
v -0.756249 0.885344 0.246179
v -0.745249 0.890044 0.264979
v -0.740149 0.899844 0.259279
v -0.731549 0.906144 0.252279
v -0.698649 0.917544 0.278379
v -0.708449 0.915944 0.286279
v -0.695749 0.921344 0.302279
v -0.686349 0.922844 0.293979
v -0.710249 0.912644 0.262179
v -0.720349 0.910844 0.269579
v -0.716349 0.910044 0.294179
v -0.703249 0.915644 0.310679
v -0.728649 0.904744 0.276979
v -0.673249 0.928344 0.308779
v -0.663849 0.924744 0.301479
v -0.676549 0.919344 0.286979
v -0.688549 0.914244 0.271879
v -0.699849 0.909344 0.256079
v -0.733449 0.895044 0.283179
v -0.720849 0.900444 0.300679
v -0.707549 0.906144 0.317579
v -0.693349 0.912144 0.333679
v -0.689449 0.921444 0.326379
v -0.682349 0.927144 0.317579
v -0.645349 0.940344 0.336379
v -0.653449 0.939344 0.345979
v -0.638149 0.945944 0.358979
v -0.630449 0.946644 0.348979
v -0.659649 0.934244 0.322979
v -0.668249 0.933144 0.332179
v -0.659849 0.934144 0.355579
v -0.644049 0.940844 0.368979
v -0.674949 0.927644 0.341379
v -0.614949 0.953244 0.360779
v -0.606949 0.948944 0.352279
v -0.622049 0.942544 0.340679
v -0.636549 0.936344 0.328379
v -0.650449 0.930444 0.315279
v -0.678549 0.918444 0.348979
v -0.663049 0.925044 0.363579
v -0.646949 0.931944 0.377279
v -0.630149 0.939044 0.390079
v -0.627649 0.947844 0.381479
v -0.622249 0.952744 0.371179
v -0.582649 0.967044 0.381879
v -0.588949 0.966944 0.392879
v -0.571549 0.974344 0.402379
v -0.565749 0.974244 0.391179
v -0.599049 0.960044 0.371779
v -0.605849 0.959744 0.382479
v -0.593349 0.962444 0.403879
v -0.575549 0.970044 0.413679
v -0.610749 0.955044 0.393179
v -0.548449 0.981644 0.399479
v -0.542049 0.976644 0.389979
v -0.558949 0.969444 0.381879
v -0.575349 0.962444 0.372879
v -0.591349 0.955644 0.362979
v -0.612849 0.946444 0.401979
v -0.595049 0.954044 0.412979
v -0.576749 0.961844 0.422979
v -0.558049 0.969844 0.431979
v -0.557249 0.977844 0.422479
v -0.553749 0.981944 0.410979
v -0.512949 0.996744 0.413279
v -0.517149 0.997544 0.425179
v -0.498449 1.005544 0.430879
v -0.494749 1.004544 0.418779
v -0.530849 0.989144 0.406879
v -0.535649 0.989644 0.418579
v -0.519549 0.993944 0.437079
v -0.500249 1.002144 0.442879
v -0.538549 0.985844 0.430279
v -0.476249 1.012344 0.423279
v -0.471649 1.006644 0.413179
v -0.489649 0.999044 0.408779
v -0.507349 0.991444 0.403479
v -0.524849 0.983944 0.397179
v -0.538949 0.977944 0.439979
v -0.519549 0.986244 0.446979
v -0.499849 0.994644 0.452879
v -0.479849 1.003144 0.457779
v -0.480749 1.010444 0.447679
v -0.479449 1.013644 0.435479
v -0.438949 1.028344 0.429279
v -0.440949 1.030044 0.441679
v -0.421549 1.038244 0.443179
v -0.420149 1.036344 0.430779
v -0.457649 1.020344 0.426779
v -0.460249 1.021744 0.439079
v -0.441149 1.027344 0.454079
v -0.421249 1.035844 0.455679
v -0.461049 1.018844 0.451379
v -0.401249 1.044344 0.431279
v -0.398449 1.037844 0.420979
v -0.416849 1.030044 0.420479
v -0.435249 1.022244 0.419079
v -0.453549 1.014444 0.416579
v -0.459649 1.011744 0.461579
v -0.439349 1.020444 0.464279
v -0.418949 1.029144 0.465979
v -0.398449 1.037844 0.466479
v -0.401249 1.044344 0.456179
v -0.402149 1.046544 0.443779
v -0.363549 1.060444 0.429279
v -0.363349 1.063144 0.441679
v -0.344049 1.071344 0.439079
v -0.344749 1.068444 0.426779
v -0.382349 1.052444 0.430779
v -0.382749 1.054844 0.443179
v -0.361249 1.061444 0.454079
v -0.341449 1.069844 0.451379
v -0.381249 1.052944 0.455679
v -0.326149 1.076444 0.423279
v -0.325249 1.069144 0.413179
v -0.343349 1.061344 0.416579
v -0.361649 1.053544 0.419079
v -0.380049 1.045744 0.420479
v -0.377949 1.046644 0.465979
v -0.357549 1.055344 0.464279
v -0.337249 1.063944 0.461579
v -0.317049 1.072544 0.457779
v -0.321749 1.078344 0.447679
v -0.324849 1.079544 0.435479
v -0.289549 1.092044 0.413279
v -0.287149 1.095544 0.425179
v -0.268649 1.103444 0.418579
v -0.271649 1.099644 0.406879
v -0.307749 1.084244 0.418779
v -0.305849 1.087644 0.430879
v -0.282849 1.094844 0.437079
v -0.263949 1.102944 0.430279
v -0.302149 1.086644 0.442879
v -0.253949 1.107144 0.399479
v -0.254849 1.099144 0.389979
v -0.272049 1.091744 0.397179
v -0.289549 1.084344 0.403479
v -0.307249 1.076744 0.408779
v -0.297149 1.081144 0.452879
v -0.277349 1.089544 0.446979
v -0.257949 1.097844 0.439979
v -0.238849 1.105944 0.431979
v -0.245249 1.110944 0.422479
v -0.250549 1.111244 0.410979
v -0.219849 1.121744 0.381879
v -0.215349 1.126144 0.392879
v -0.198449 1.133444 0.382479
v -0.203449 1.128744 0.371779
v -0.236749 1.114544 0.391179
v -0.232749 1.118744 0.402379
v -0.209049 1.126344 0.403879
v -0.191649 1.133744 0.393179
v -0.226949 1.118744 0.413679
v -0.187449 1.135544 0.360779
v -0.189949 1.126744 0.352279
v -0.205549 1.120144 0.362979
v -0.221549 1.113344 0.372879
v -0.238049 1.106344 0.381879
v -0.220149 1.113944 0.422979
v -0.201849 1.121744 0.412979
v -0.184049 1.129344 0.401979
v -0.166749 1.136644 0.390079
v -0.174749 1.140944 0.381479
v -0.182049 1.140444 0.371179
v -0.157149 1.148444 0.336379
v -0.150849 1.153744 0.345979
v -0.136049 1.160044 0.332179
v -0.142849 1.154544 0.322979
v -0.172049 1.142144 0.348979
v -0.166149 1.147144 0.358979
v -0.142649 1.154644 0.355579
v -0.127449 1.161144 0.341379
v -0.158449 1.147944 0.368979
v -0.129149 1.160344 0.308779
v -0.133049 1.151044 0.301479
v -0.146449 1.145344 0.315279
v -0.160349 1.139444 0.328379
v -0.174949 1.133244 0.340679
v -0.149949 1.143844 0.377279
v -0.133849 1.150744 0.363579
v -0.118349 1.157344 0.348979
v -0.103549 1.163644 0.333679
v -0.112949 1.167244 0.326379
v -0.121949 1.166044 0.317579
v -0.103849 1.171244 0.278379
v -0.095849 1.177144 0.286279
v -0.083949 1.182244 0.269579
v -0.092149 1.176144 0.262179
v -0.116149 1.165944 0.293979
v -0.108549 1.171744 0.302279
v -0.086149 1.178744 0.294179
v -0.073849 1.183944 0.276979
v -0.099149 1.173144 0.310679
v -0.081349 1.180744 0.245379
v -0.086449 1.170944 0.239679
v -0.097049 1.166444 0.256079
v -0.108349 1.161544 0.271879
v -0.120349 1.156444 0.286979
v -0.089349 1.169644 0.317579
v -0.076049 1.175344 0.300679
v -0.063449 1.180744 0.283179
v -0.051649 1.185744 0.264979
v -0.062249 1.188944 0.259279
v -0.072749 1.187044 0.252379
v -0.061949 1.189044 0.210179
v -0.052749 1.195544 0.216079
v -0.043949 1.199244 0.197179
v -0.053449 1.192644 0.191879
v -0.071249 1.185144 0.228079
v -0.062349 1.191444 0.234479
v -0.041749 1.197644 0.221979
v -0.032749 1.201544 0.202479
v -0.051549 1.193444 0.240879
v -0.045749 1.195944 0.173079
v -0.051749 1.185744 0.169179
v -0.059249 1.182544 0.187479
v -0.067449 1.179044 0.205379
v -0.076549 1.175144 0.222779
v -0.040649 1.190444 0.246179
v -0.030549 1.194744 0.226779
v -0.021349 1.198644 0.206879
v -0.013049 1.202244 0.186579
v -0.024649 1.204944 0.182579
v -0.036149 1.202644 0.177879
v -0.033049 1.201344 0.134479
v -0.023049 1.208244 0.138079
v -0.017849 1.210444 0.117679
v -0.027949 1.203544 0.114679
v -0.038949 1.198844 0.153979
v -0.029149 1.205644 0.158179
v -0.011149 1.210744 0.141679
v -0.005849 1.212944 0.120679
v -0.017449 1.208044 0.162379
v -0.023849 1.205244 0.094679
v -0.030349 1.194844 0.092679
v -0.034449 1.193144 0.112179
v -0.039349 1.191044 0.131479
v -0.045149 1.188544 0.150479
v -0.005749 1.205344 0.165779
v 0.000651 1.208044 0.144679
v 0.006151 1.210444 0.123179
v 0.010651 1.212344 0.101479
v -0.001449 1.214844 0.099479
v -0.013549 1.212244 0.097079
v -0.018349 1.207644 0.054079
v -0.007849 1.214644 0.055279
v -0.006449 1.215244 0.034179
v -0.016949 1.208244 0.033579
v -0.020649 1.206644 0.074379
v -0.010249 1.213644 0.076279
v 0.004451 1.217344 0.056479
v 0.005951 1.217944 0.034779
v 0.001951 1.216344 0.078079
v -0.016449 1.208444 0.013079
v -0.023149 1.197944 0.013079
v -0.023649 1.197744 0.033079
v -0.024949 1.197144 0.052979
v -0.027249 1.196144 0.072879
v 0.014151 1.213844 0.079579
v 0.016651 1.214844 0.057479
v 0.018151 1.215544 0.035279
v 0.018651 1.215744 0.013079
v 0.006451 1.218144 0.013079
v -0.005949 1.215444 0.013079
v -0.018349 1.207644 -0.027921
v -0.007849 1.214644 -0.029221
v -0.010249 1.213644 -0.050121
v -0.020649 1.206644 -0.048321
v -0.016949 1.208244 -0.007521
v -0.006449 1.215244 -0.008121
v 0.004451 1.217344 -0.030421
v 0.001951 1.216344 -0.052021
v 0.005951 1.217944 -0.008721
v -0.023849 1.205244 -0.068521
v -0.030349 1.194844 -0.066521
v -0.027249 1.196144 -0.046821
v -0.024949 1.197144 -0.026921
v -0.023649 1.197744 -0.007021
v 0.018151 1.215544 -0.009221
v 0.016651 1.214844 -0.031421
v 0.014151 1.213844 -0.053521
v 0.010651 1.212344 -0.075421
v -0.001449 1.214844 -0.073421
v -0.013549 1.212244 -0.071021
v -0.033049 1.201344 -0.108421
v -0.023049 1.208244 -0.112021
v -0.029149 1.205644 -0.132021
v -0.038949 1.198844 -0.127921
v -0.027949 1.203544 -0.088621
v -0.017849 1.210444 -0.091621
v -0.011149 1.210744 -0.115621
v -0.017449 1.208044 -0.136221
v -0.005849 1.212944 -0.094621
v -0.045749 1.195944 -0.147021
v -0.051749 1.185744 -0.143121
v -0.045149 1.188544 -0.124421
v -0.039349 1.191044 -0.105421
v -0.034449 1.193144 -0.086121
v 0.006151 1.210444 -0.097121
v 0.000651 1.208044 -0.118621
v -0.005749 1.205344 -0.139721
v -0.013049 1.202244 -0.160521
v -0.024649 1.204944 -0.156521
v -0.036149 1.202644 -0.151821
v -0.061949 1.189044 -0.184121
v -0.052749 1.195544 -0.190021
v -0.062349 1.191444 -0.208421
v -0.071249 1.185144 -0.202021
v -0.053449 1.192644 -0.165821
v -0.043949 1.199244 -0.171121
v -0.041749 1.197644 -0.195821
v -0.051549 1.193444 -0.214821
v -0.032749 1.201544 -0.176421
v -0.081349 1.180744 -0.219321
v -0.086449 1.170944 -0.213621
v -0.076549 1.175144 -0.196721
v -0.067449 1.179044 -0.179321
v -0.059249 1.182544 -0.161421
v -0.021349 1.198644 -0.180821
v -0.030549 1.194744 -0.200721
v -0.040649 1.190444 -0.220121
v -0.051649 1.185744 -0.238921
v -0.062249 1.188944 -0.233121
v -0.072749 1.187044 -0.226221
v -0.103849 1.171244 -0.252321
v -0.095849 1.177144 -0.260221
v -0.108549 1.171744 -0.276221
v -0.116149 1.165944 -0.267821
v -0.092149 1.176144 -0.236121
v -0.083949 1.182244 -0.243521
v -0.086149 1.178744 -0.268121
v -0.099149 1.173144 -0.284521
v -0.073849 1.183944 -0.250921
v -0.129149 1.160344 -0.282721
v -0.133049 1.151044 -0.275421
v -0.120349 1.156444 -0.260921
v -0.108349 1.161544 -0.245821
v -0.097049 1.166444 -0.230021
v -0.063449 1.180744 -0.257121
v -0.076049 1.175344 -0.274621
v -0.089349 1.169644 -0.291521
v -0.103549 1.163644 -0.307621
v -0.112949 1.167244 -0.300321
v -0.121949 1.166044 -0.291521
v -0.157149 1.148444 -0.310321
v -0.150849 1.153744 -0.319921
v -0.166149 1.147144 -0.332921
v -0.172049 1.142144 -0.322921
v -0.142849 1.154544 -0.296921
v -0.136049 1.160044 -0.306121
v -0.142649 1.154644 -0.329521
v -0.158449 1.147944 -0.342921
v -0.127449 1.161144 -0.315321
v -0.187449 1.135544 -0.334721
v -0.189949 1.126744 -0.326221
v -0.174949 1.133244 -0.314621
v -0.160349 1.139444 -0.302321
v -0.146449 1.145344 -0.289221
v -0.118349 1.157344 -0.322921
v -0.133849 1.150744 -0.337521
v -0.149949 1.143844 -0.351121
v -0.166749 1.136644 -0.364021
v -0.174749 1.140944 -0.355421
v -0.182049 1.140444 -0.345121
v -0.219849 1.121744 -0.355821
v -0.215349 1.126144 -0.366821
v -0.232749 1.118744 -0.376321
v -0.236749 1.114544 -0.365121
v -0.203449 1.128744 -0.345721
v -0.198449 1.133444 -0.356421
v -0.209049 1.126344 -0.377821
v -0.226949 1.118744 -0.387521
v -0.191649 1.133744 -0.367021
v -0.253949 1.107144 -0.373421
v -0.254849 1.099144 -0.363921
v -0.238049 1.106344 -0.355721
v -0.221549 1.113344 -0.346721
v -0.205549 1.120144 -0.336921
v -0.184049 1.129344 -0.375921
v -0.201849 1.121744 -0.386821
v -0.220149 1.113944 -0.396821
v -0.238849 1.105944 -0.405921
v -0.245249 1.110944 -0.396321
v -0.250549 1.111244 -0.384921
v -0.289549 1.092044 -0.387221
v -0.287149 1.095544 -0.399121
v -0.305849 1.087644 -0.404721
v -0.307749 1.084244 -0.392721
v -0.271649 1.099644 -0.380821
v -0.268649 1.103444 -0.392521
v -0.282849 1.094844 -0.411021
v -0.302149 1.086644 -0.416821
v -0.263949 1.102944 -0.404221
v -0.326149 1.076444 -0.397221
v -0.325249 1.069144 -0.387121
v -0.307249 1.076744 -0.382721
v -0.289549 1.084344 -0.377321
v -0.272049 1.091744 -0.371121
v -0.257949 1.097844 -0.413921
v -0.277349 1.089544 -0.420921
v -0.297149 1.081144 -0.426821
v -0.317049 1.072544 -0.431721
v -0.321749 1.078344 -0.421621
v -0.324849 1.079544 -0.409421
v -0.363549 1.060444 -0.403221
v -0.363349 1.063144 -0.415621
v -0.382749 1.054844 -0.417121
v -0.382349 1.052444 -0.404721
v -0.344749 1.068444 -0.400721
v -0.344049 1.071344 -0.413021
v -0.361249 1.061444 -0.427921
v -0.381249 1.052944 -0.429521
v -0.341449 1.069844 -0.425321
v -0.380049 1.045744 -0.394421
v -0.361649 1.053544 -0.392921
v -0.343349 1.061344 -0.390521
v -0.337249 1.063944 -0.435521
v -0.357549 1.055344 -0.438221
v -0.377949 1.046644 -0.439821
v 0.021551 1.174744 -0.120421
v 0.018051 1.188144 -0.121021
v 0.023651 1.190544 -0.099221
v 0.027151 1.177044 -0.098721
v 0.015051 1.171944 -0.141921
v 0.011551 1.185344 -0.142621
v 0.010751 1.200044 -0.120421
v 0.016351 1.202344 -0.098721
v 0.004251 1.197244 -0.141921
v 0.031651 1.179044 -0.076621
v 0.007551 1.168744 -0.162921
v 0.004051 1.182144 -0.163721
v -0.003149 1.194044 -0.162921
v 0.020851 1.204344 -0.076621
v 0.028151 1.192444 -0.077121
v -0.347049 1.017544 -0.386621
v -0.352549 1.030144 -0.384521
v -0.370549 1.022444 -0.385921
v -0.365049 1.009844 -0.388021
v -0.329049 1.025244 -0.384221
v -0.334649 1.037744 -0.382121
v -0.357749 1.042844 -0.386621
v -0.375849 1.035144 -0.388021
v -0.339749 1.050544 -0.384221
v -0.383249 1.002144 -0.388521
v -0.311149 1.032844 -0.380821
v -0.316949 1.045344 -0.378721
v -0.321949 1.058144 -0.380821
v -0.393949 1.027444 -0.388521
v -0.388649 1.014744 -0.386421
v -0.708949 0.863244 -0.176221
v -0.712649 0.876644 -0.175221
v -0.720749 0.873144 -0.157721
v -0.717149 0.859744 -0.158621
v -0.700049 0.867044 -0.193421
v -0.703749 0.880344 -0.192321
v -0.719749 0.888544 -0.176221
v -0.727949 0.885044 -0.158621
v -0.710849 0.892344 -0.193421
v -0.724449 0.856643 -0.140621
v -0.690349 0.871144 -0.210021
v -0.694149 0.884544 -0.208921
v -0.701149 0.896444 -0.210021
v -0.735249 0.881944 -0.140621
v -0.728049 0.870044 -0.139821
v -0.010149 1.161144 -0.203721
v -0.013849 1.174544 -0.204721
v -0.004449 1.178544 -0.184521
v -0.000849 1.165144 -0.183521
v -0.020349 1.156844 -0.223321
v -0.024149 1.170144 -0.224421
v -0.020949 1.186444 -0.203721
v -0.011649 1.190444 -0.183521
v -0.031149 1.182144 -0.223321
v -0.031549 1.152044 -0.242421
v -0.035249 1.165444 -0.243621
v -0.042249 1.177344 -0.242421
v -0.424649 0.984444 -0.444621
v -0.430249 0.997044 -0.446721
v -0.409449 1.005844 -0.448421
v -0.403949 0.993244 -0.446221
v -0.445249 0.975644 -0.441821
v -0.450949 0.988144 -0.443921
v -0.435449 1.009744 -0.444621
v -0.414749 1.018544 -0.446221
v -0.456049 1.000944 -0.441821
v -0.383249 1.002144 -0.446821
v -0.465749 0.966944 -0.437921
v -0.471549 0.979444 -0.440021
v -0.476549 0.992244 -0.437921
v -0.393949 1.027444 -0.446821
v -0.388649 1.014744 -0.448921
v -0.736749 0.851444 -0.103521
v -0.740249 0.864844 -0.102921
v -0.745049 0.862844 -0.084021
v -0.741549 0.849344 -0.084521
v -0.731049 0.853844 -0.122221
v -0.734549 0.867244 -0.121521
v -0.747449 0.876644 -0.103521
v -0.752349 0.874644 -0.084521
v -0.741749 0.879144 -0.122221
v -0.745549 0.847644 -0.065321
v -0.756249 0.872944 -0.065321
v -0.748949 0.861144 -0.064921
v -0.056249 1.141544 -0.278721
v -0.060149 1.154844 -0.280021
v -0.047249 1.160344 -0.262121
v -0.043449 1.146944 -0.260921
v -0.069749 1.135744 -0.295721
v -0.073749 1.149044 -0.297221
v -0.067049 1.166844 -0.278721
v -0.054249 1.172244 -0.260921
v -0.080549 1.161044 -0.295721
v -0.084149 1.129644 -0.312121
v -0.088149 1.142844 -0.313621
v -0.094849 1.154944 -0.312121
v -0.505949 0.949744 -0.427021
v -0.511949 0.962144 -0.429021
v -0.491849 0.970744 -0.435121
v -0.485949 0.958344 -0.433021
v -0.525749 0.941344 -0.419921
v -0.531749 0.953743 -0.421921
v -0.516749 0.975044 -0.427021
v -0.496749 0.983544 -0.433021
v -0.536449 0.966644 -0.419921
v -0.545049 0.933144 -0.411821
v -0.551249 0.945444 -0.413721
v -0.555849 0.958444 -0.411821
v -0.750849 0.845344 -0.026321
v -0.754249 0.858844 -0.026121
v -0.755549 0.858244 -0.006521
v -0.752149 0.844844 -0.006621
v -0.748649 0.846344 -0.045921
v -0.752049 0.859844 -0.045521
v -0.761649 0.870644 -0.026321
v -0.762949 0.870144 -0.006621
v -0.759349 0.871644 -0.045921
v -0.752649 0.844644 0.013079
v -0.763349 0.869944 0.013079
v -0.756049 0.858144 0.013079
v -0.114849 1.116544 -0.342421
v -0.119049 1.129744 -0.344021
v -0.103249 1.136444 -0.329221
v -0.099149 1.123244 -0.327721
v -0.131249 1.109544 -0.356321
v -0.135449 1.122744 -0.358021
v -0.125649 1.141844 -0.342421
v -0.109949 1.148544 -0.327721
v -0.142049 1.134844 -0.356321
v -0.148249 1.102344 -0.369321
v -0.152549 1.115444 -0.371121
v -0.158949 1.127644 -0.369321
v -0.582649 0.917144 -0.392521
v -0.588949 0.929343 -0.394421
v -0.570249 0.937344 -0.404621
v -0.564049 0.925044 -0.402621
v -0.600649 0.909444 -0.381421
v -0.607049 0.921644 -0.383221
v -0.593349 0.942343 -0.392521
v -0.574849 0.950344 -0.402621
v -0.611449 0.934644 -0.381421
v -0.618249 0.901944 -0.369321
v -0.624649 0.914144 -0.371121
v -0.628949 0.927244 -0.369321
v -0.750849 0.845344 0.052379
v -0.754249 0.858844 0.052179
v -0.752049 0.859844 0.071679
v -0.748649 0.846344 0.071979
v -0.752149 0.844844 0.032779
v -0.755549 0.858244 0.032679
v -0.761649 0.870644 0.052379
v -0.759349 0.871644 0.071979
v -0.762949 0.870144 0.032779
v -0.745549 0.847644 0.091379
v -0.756249 0.872944 0.091379
v -0.748949 0.861144 0.090979
v -0.183849 1.087144 -0.392521
v -0.188249 1.100144 -0.394421
v -0.170149 1.107944 -0.383221
v -0.165749 1.094844 -0.381421
v -0.202349 1.079244 -0.402621
v -0.206949 1.092244 -0.404621
v -0.194549 1.112444 -0.392521
v -0.176549 1.120144 -0.381421
v -0.213149 1.104544 -0.402621
v -0.221349 1.071144 -0.411821
v -0.225949 1.084144 -0.413721
v -0.232149 1.096444 -0.411821
v -0.651549 0.887744 -0.342421
v -0.658149 0.899844 -0.344021
v -0.641749 0.906844 -0.358021
v -0.635149 0.894644 -0.356321
v -0.667249 0.881044 -0.327721
v -0.673949 0.893044 -0.329221
v -0.662349 0.913044 -0.342421
v -0.645949 0.919944 -0.356321
v -0.678049 0.906344 -0.327721
v -0.682349 0.874644 -0.312121
v -0.689049 0.886644 -0.313621
v -0.693049 0.899844 -0.312121
v -0.736749 0.851444 0.129579
v -0.740249 0.864844 0.128979
v -0.734549 0.867244 0.147579
v -0.731049 0.853844 0.148279
v -0.741549 0.849344 0.110579
v -0.745049 0.862844 0.110079
v -0.747449 0.876644 0.129579
v -0.741749 0.879144 0.148279
v -0.752349 0.874644 0.110579
v -0.724449 0.856643 0.166679
v -0.735249 0.881944 0.166679
v -0.728049 0.870044 0.165879
v -0.260449 1.054444 -0.427021
v -0.265249 1.067344 -0.429021
v -0.245449 1.075844 -0.421921
v -0.240749 1.062844 -0.419921
v -0.280449 1.045944 -0.433021
v -0.285349 1.058844 -0.435121
v -0.271249 1.079744 -0.427021
v -0.251449 1.088144 -0.419921
v -0.291249 1.071244 -0.433021
v -0.300649 1.037344 -0.437921
v -0.305649 1.050144 -0.440021
v -0.311449 1.062644 -0.437921
v -0.710149 0.862744 -0.278721
v -0.717049 0.874744 -0.280021
v -0.703449 0.880544 -0.297221
v -0.696649 0.868544 -0.295721
v -0.722949 0.857244 -0.260921
v -0.729949 0.869244 -0.262121
v -0.720949 0.888044 -0.278721
v -0.707449 0.893744 -0.295721
v -0.733749 0.882544 -0.260921
v -0.734949 0.852144 -0.242421
v -0.741949 0.864144 -0.243621
v -0.745649 0.877444 -0.242421
v -0.708949 0.863244 0.202379
v -0.712649 0.876644 0.201379
v -0.703749 0.880344 0.218379
v -0.700049 0.867044 0.219479
v -0.717149 0.859744 0.184779
v -0.720749 0.873144 0.183779
v -0.719749 0.888544 0.202379
v -0.710849 0.892344 0.219479
v -0.727949 0.885044 0.184779
v -0.690349 0.871144 0.236179
v -0.701149 0.896444 0.236179
v -0.694149 0.884544 0.234979
v -0.341749 1.019844 -0.444621
v -0.346949 1.032544 -0.446721
v -0.326249 1.041344 -0.443921
v -0.321149 1.028544 -0.441821
v -0.362449 1.010944 -0.446221
v -0.367749 1.023644 -0.448421
v -0.352549 1.045044 -0.444621
v -0.331949 1.053844 -0.441821
v -0.373249 1.036244 -0.446221
v -0.756249 0.843044 -0.203721
v -0.763349 0.854944 -0.204721
v -0.753049 0.859344 -0.224421
v -0.746049 0.847444 -0.223321
v -0.765549 0.839044 -0.183521
v -0.772749 0.850944 -0.184521
v -0.767049 0.868344 -0.203721
v -0.756849 0.872744 -0.223321
v -0.776349 0.864344 -0.183521
v -0.774049 0.835544 -0.162921
v -0.781249 0.847344 -0.163721
v -0.784749 0.860744 -0.162921
v -0.668749 0.880344 0.267779
v -0.672649 0.893644 0.266479
v -0.660849 0.898644 0.281279
v -0.656949 0.885444 0.282679
v -0.679949 0.875644 0.252279
v -0.683749 0.888944 0.250979
v -0.679549 0.905644 0.267779
v -0.667649 0.910744 0.282679
v -0.690649 0.900944 0.252279
v -0.644449 0.890744 0.296979
v -0.655149 0.916044 0.296979
v -0.648449 0.903944 0.295479
v -0.787949 0.829544 -0.120421
v -0.795249 0.841344 -0.121021
v -0.788749 0.844144 -0.142621
v -0.781449 0.832344 -0.141921
v -0.793549 0.827144 -0.098721
v -0.800849 0.839044 -0.099221
v -0.798749 0.854844 -0.120421
v -0.792249 0.857644 -0.141921
v -0.804349 0.852444 -0.098721
v -0.798049 0.825244 -0.076621
v -0.805349 0.837044 -0.077121
v -0.808849 0.850544 -0.076621
v -0.617549 0.902244 0.323479
v -0.621749 0.915344 0.321779
v -0.607449 0.921444 0.333879
v -0.603249 0.908344 0.335579
v -0.631249 0.896344 0.310579
v -0.635349 0.909544 0.308979
v -0.628349 0.927544 0.323479
v -0.614049 0.933544 0.335579
v -0.642049 0.921644 0.310579
v -0.588449 0.914644 0.346979
v -0.599249 0.939944 0.346979
v -0.592749 0.927744 0.345179
v -0.804149 0.822644 -0.032021
v -0.811549 0.834444 -0.032221
v -0.808949 0.835544 -0.054721
v -0.801649 0.823744 -0.054421
v -0.805649 0.821944 -0.009521
v -0.813049 0.833844 -0.009621
v -0.814949 0.847944 -0.032021
v -0.812449 0.849044 -0.054421
v -0.816449 0.847244 -0.009521
v -0.806249 0.821744 0.013079
v -0.813549 0.833544 0.013079
v -0.816949 0.847044 0.013079
v -0.557349 0.927844 0.367179
v -0.561849 0.940944 0.365279
v -0.545749 0.947744 0.374179
v -0.541149 0.934744 0.376079
v -0.573149 0.921144 0.357479
v -0.577549 0.934244 0.355679
v -0.568149 0.953144 0.367179
v -0.551949 0.960044 0.376079
v -0.583949 0.946444 0.357479
v -0.524549 0.941844 0.384079
v -0.535349 0.967144 0.384079
v -0.529249 0.954844 0.382079
v -0.804149 0.822644 0.058079
v -0.811549 0.834444 0.058279
v -0.813049 0.833844 0.035679
v -0.805649 0.821944 0.035579
v -0.801649 0.823744 0.080479
v -0.808949 0.835544 0.080779
v -0.814949 0.847944 0.058079
v -0.816449 0.847244 0.035579
v -0.812449 0.849044 0.080479
v -0.798049 0.825244 0.102779
v -0.805349 0.837044 0.103179
v -0.808849 0.850544 0.102779
v -0.490449 0.956444 0.397279
v -0.495249 0.969244 0.395279
v -0.477849 0.976744 0.400479
v -0.472949 0.963844 0.402579
v -0.507649 0.949044 0.391179
v -0.512349 0.961944 0.389179
v -0.501249 0.981644 0.397279
v -0.483749 0.989144 0.402579
v -0.518449 0.974344 0.391179
v -0.455249 0.971444 0.406879
v -0.466049 0.996644 0.406879
v -0.460249 0.984244 0.404779
v -0.787949 0.829544 0.146479
v -0.795249 0.841344 0.147179
v -0.800849 0.839044 0.125279
v -0.793549 0.827144 0.124779
v -0.781449 0.832344 0.167979
v -0.788749 0.844144 0.168679
v -0.798749 0.854844 0.146479
v -0.804349 0.852444 0.124779
v -0.792249 0.857644 0.167979
v -0.774049 0.835544 0.188979
v -0.781249 0.847344 0.189779
v -0.784749 0.860744 0.188979
v -0.419449 0.986644 0.412679
v -0.424649 0.999444 0.410579
v -0.406649 1.007044 0.411979
v -0.401349 0.994444 0.414179
v -0.437449 0.979044 0.410279
v -0.442549 0.991744 0.408179
v -0.430149 1.011944 0.412679
v -0.412149 1.019644 0.414179
v -0.448149 1.004344 0.410279
v -0.383249 1.002144 0.414579
v -0.393949 1.027444 0.414579
v -0.388649 1.014744 0.412479
v -0.756249 0.843044 0.229779
v -0.763349 0.854944 0.230779
v -0.772749 0.850944 0.210579
v -0.765549 0.839044 0.209679
v -0.746049 0.847444 0.249479
v -0.753049 0.859344 0.250579
v -0.767049 0.868344 0.229779
v -0.776349 0.864344 0.209679
v -0.756849 0.872744 0.249479
v -0.734949 0.852144 0.268479
v -0.741949 0.864144 0.269679
v -0.745649 0.877444 0.268479
v -0.347049 1.017544 0.412679
v -0.352549 1.030144 0.410579
v -0.334649 1.037744 0.408179
v -0.329049 1.025244 0.410279
v -0.365049 1.009844 0.414179
v -0.370549 1.022444 0.411979
v -0.357749 1.042844 0.412679
v -0.339749 1.050544 0.410279
v -0.375849 1.035144 0.414179
v -0.311149 1.032844 0.406879
v -0.321949 1.058144 0.406879
v -0.316949 1.045344 0.404779
v -0.710149 0.862744 0.304779
v -0.717049 0.874744 0.306079
v -0.729949 0.869244 0.288279
v -0.722949 0.857244 0.286979
v -0.696649 0.868544 0.321879
v -0.703449 0.880544 0.323279
v -0.720949 0.888044 0.304779
v -0.733749 0.882544 0.286979
v -0.707449 0.893744 0.321879
v -0.682349 0.874644 0.338179
v -0.689049 0.886644 0.339679
v -0.693049 0.899844 0.338179
v -0.275949 1.047844 0.397279
v -0.281949 1.060244 0.395279
v -0.264849 1.067544 0.389179
v -0.258749 1.055144 0.391179
v -0.293449 1.040444 0.402579
v -0.299349 1.052844 0.400479
v -0.286749 1.073144 0.397279
v -0.269549 1.080444 0.391179
v -0.304249 1.065644 0.402579
v -0.241849 1.062444 0.384079
v -0.252649 1.087644 0.384079
v -0.247949 1.074744 0.382079
v -0.651549 0.887744 0.368479
v -0.658149 0.899844 0.370179
v -0.673949 0.893044 0.355379
v -0.667249 0.881044 0.353779
v -0.635149 0.894644 0.382379
v -0.641749 0.906844 0.384079
v -0.662349 0.913044 0.368479
v -0.678049 0.906344 0.353779
v -0.645949 0.919944 0.382379
v -0.618249 0.901944 0.395379
v -0.624649 0.914144 0.397179
v -0.628949 0.927244 0.395379
v -0.209049 1.076344 0.367179
v -0.215349 1.088644 0.365279
v -0.199649 1.095344 0.355679
v -0.193249 1.083144 0.357479
v -0.225249 1.069444 0.376079
v -0.231449 1.081744 0.374179
v -0.219849 1.101644 0.367179
v -0.204049 1.108344 0.357479
v -0.236049 1.094744 0.376079
v -0.177949 1.089644 0.346979
v -0.188749 1.114944 0.346979
v -0.184449 1.101844 0.345179
v -0.582649 0.917144 0.418579
v -0.588949 0.929344 0.420479
v -0.607049 0.921644 0.409279
v -0.600649 0.909444 0.407479
v -0.564049 0.925044 0.428679
v -0.570249 0.937344 0.430679
v -0.593349 0.942344 0.418579
v -0.611449 0.934644 0.407479
v -0.574849 0.950344 0.428679
v -0.545049 0.933144 0.437879
v -0.551249 0.945444 0.439879
v -0.555849 0.958444 0.437879
v -0.148849 1.102044 0.323479
v -0.155449 1.114144 0.321779
v -0.141849 1.119944 0.308979
v -0.135149 1.107944 0.310579
v -0.163149 1.095944 0.335579
v -0.169749 1.108144 0.333879
v -0.159649 1.127344 0.323479
v -0.145949 1.133144 0.310579
v -0.173949 1.121244 0.335579
v -0.122049 1.113544 0.296979
v -0.132749 1.138744 0.296979
v -0.128749 1.125544 0.295479
v -0.505949 0.949744 0.453079
v -0.511949 0.962144 0.455079
v -0.531749 0.953744 0.447979
v -0.525749 0.941344 0.445979
v -0.485949 0.958344 0.459079
v -0.491849 0.970744 0.461179
v -0.516749 0.975044 0.453079
v -0.536449 0.966644 0.445979
v -0.496749 0.983544 0.459079
v -0.465749 0.966944 0.464079
v -0.471549 0.979444 0.466179
v -0.476549 0.992244 0.464079
v -0.097649 1.123844 0.267779
v -0.104549 1.135844 0.266479
v -0.093449 1.140644 0.250979
v -0.086549 1.128644 0.252279
v -0.109549 1.118844 0.282679
v -0.116349 1.130844 0.281279
v -0.108449 1.149144 0.267779
v -0.097249 1.153944 0.252279
v -0.120249 1.144144 0.282679
v -0.076049 1.133044 0.236179
v -0.086849 1.158344 0.236179
v -0.083049 1.145044 0.234979
v -0.424649 0.984444 0.470679
v -0.430249 0.997044 0.472779
v -0.450949 0.988144 0.469979
v -0.445249 0.975644 0.467879
v -0.403949 0.993244 0.472279
v -0.409449 1.005844 0.474479
v -0.435449 1.009744 0.470679
v -0.456049 1.000944 0.467879
v -0.414749 1.018544 0.472279
v -0.383249 1.002144 0.472879
v -0.388649 1.014744 0.474979
v -0.393949 1.027444 0.472879
v -0.057449 1.141044 0.202379
v -0.064549 1.152944 0.201379
v -0.056449 1.156444 0.183779
v -0.049249 1.144544 0.184779
v -0.066349 1.137244 0.219479
v -0.073449 1.149144 0.218379
v -0.068249 1.166344 0.202379
v -0.060049 1.169744 0.184779
v -0.077149 1.162544 0.219479
v -0.041949 1.147644 0.166679
v -0.052749 1.172944 0.166679
v -0.049149 1.159544 0.165879
v -0.341749 1.019844 0.470679
v -0.346949 1.032544 0.472779
v -0.367749 1.023644 0.474479
v -0.362449 1.010944 0.472279
v -0.321149 1.028544 0.467879
v -0.326249 1.041344 0.469979
v -0.352549 1.045044 0.470679
v -0.373249 1.036244 0.472279
v -0.331949 1.053844 0.467879
v -0.300649 1.037344 0.464079
v -0.305649 1.050144 0.466179
v -0.311449 1.062644 0.464079
v -0.029749 1.152844 0.129579
v -0.036949 1.164644 0.128979
v -0.032149 1.166744 0.110079
v -0.024849 1.154944 0.110579
v -0.035449 1.150444 0.148279
v -0.042649 1.162244 0.147579
v -0.040449 1.178144 0.129579
v -0.035649 1.180244 0.110579
v -0.046149 1.175744 0.148279
v -0.020949 1.156644 0.091379
v -0.031649 1.181844 0.091379
v -0.028249 1.168444 0.090979
v -0.260449 1.054444 0.453079
v -0.265249 1.067344 0.455079
v -0.285349 1.058844 0.461179
v -0.280449 1.045944 0.459079
v -0.240749 1.062844 0.445979
v -0.245449 1.075844 0.447979
v -0.271249 1.079744 0.453079
v -0.291249 1.071244 0.459079
v -0.251449 1.088144 0.445979
v -0.221349 1.071144 0.437879
v -0.225949 1.084144 0.439879
v -0.232149 1.096444 0.437879
v -0.015549 1.158844 0.052379
v -0.022949 1.170644 0.052179
v -0.021649 1.171244 0.032679
v -0.014249 1.159444 0.032779
v -0.017849 1.157944 0.071979
v -0.025149 1.169744 0.071679
v -0.026349 1.184144 0.052379
v -0.025049 1.184744 0.032779
v -0.028549 1.183244 0.071979
v -0.013849 1.159644 0.013079
v -0.024549 1.184944 0.013079
v -0.021149 1.171444 0.013079
v -0.183849 1.087144 0.418579
v -0.188249 1.100144 0.420479
v -0.206949 1.092244 0.430679
v -0.202349 1.079244 0.428679
v -0.165749 1.094844 0.407479
v -0.170149 1.107944 0.409279
v -0.194549 1.112444 0.418579
v -0.213149 1.104544 0.428679
v -0.176549 1.120144 0.407479
v -0.148249 1.102344 0.395379
v -0.152549 1.115444 0.397179
v -0.158949 1.127644 0.395379
v -0.015549 1.158844 -0.026321
v -0.022949 1.170644 -0.026121
v -0.025149 1.169744 -0.045521
v -0.017849 1.157944 -0.045921
v -0.014249 1.159444 -0.006621
v -0.021649 1.171244 -0.006521
v -0.026349 1.184144 -0.026321
v -0.028549 1.183244 -0.045921
v -0.025049 1.184744 -0.006621
v -0.020949 1.156644 -0.065321
v -0.031649 1.181844 -0.065321
v -0.028249 1.168444 -0.064921
v -0.114849 1.116544 0.368479
v -0.119049 1.129744 0.370179
v -0.135449 1.122744 0.384079
v -0.131249 1.109544 0.382379
v -0.099149 1.123244 0.353779
v -0.103249 1.136444 0.355379
v -0.125649 1.141844 0.368479
v -0.142049 1.134844 0.382379
v -0.109949 1.148544 0.353779
v -0.084149 1.129644 0.338179
v -0.088149 1.142844 0.339679
v -0.094849 1.154944 0.338179
v -0.029749 1.152844 -0.103521
v -0.036949 1.164644 -0.102921
v -0.042649 1.162244 -0.121521
v -0.035449 1.150444 -0.122221
v -0.024849 1.154944 -0.084521
v -0.032149 1.166744 -0.084021
v -0.040449 1.178144 -0.103521
v -0.046149 1.175744 -0.122221
v -0.035649 1.180244 -0.084521
v -0.041949 1.147644 -0.140621
v -0.052749 1.172944 -0.140621
v -0.049149 1.159544 -0.139821
v -0.056249 1.141544 0.304779
v -0.060149 1.154844 0.306079
v -0.073749 1.149044 0.323279
v -0.069749 1.135744 0.321879
v -0.043449 1.146944 0.286979
v -0.047249 1.160344 0.288279
v -0.067049 1.166844 0.304779
v -0.080549 1.161044 0.321879
v -0.054249 1.172244 0.286979
v -0.031549 1.152044 0.268479
v -0.035249 1.165444 0.269679
v -0.042249 1.177344 0.268479
v -0.057449 1.141044 -0.176221
v -0.064549 1.152944 -0.175221
v -0.073449 1.149144 -0.192321
v -0.066349 1.137244 -0.193421
v -0.049249 1.144544 -0.158621
v -0.056449 1.156444 -0.157721
v -0.068249 1.166344 -0.176221
v -0.077149 1.162544 -0.193421
v -0.060049 1.169744 -0.158621
v -0.076049 1.133044 -0.210021
v -0.086849 1.158344 -0.210021
v -0.083049 1.145044 -0.208921
v -0.419449 0.986644 -0.386621
v -0.424649 0.999444 -0.384521
v -0.442549 0.991744 -0.382121
v -0.437449 0.979044 -0.384221
v -0.401349 0.994444 -0.388021
v -0.406649 1.007044 -0.385921
v -0.430149 1.011944 -0.386621
v -0.448149 1.004344 -0.384221
v -0.412149 1.019644 -0.388021
v -0.455249 0.971444 -0.380821
v -0.466049 0.996644 -0.380821
v -0.460249 0.984244 -0.378721
v -0.010149 1.161144 0.229779
v -0.013849 1.174544 0.230779
v -0.024149 1.170144 0.250579
v -0.020349 1.156844 0.249479
v -0.000849 1.165144 0.209679
v -0.004449 1.178544 0.210579
v -0.020949 1.186444 0.229779
v -0.031149 1.182144 0.249479
v -0.011649 1.190444 0.209679
v 0.007551 1.168744 0.188979
v 0.004051 1.182144 0.189779
v -0.003149 1.194044 0.188979
v -0.097649 1.123844 -0.241721
v -0.104549 1.135844 -0.240321
v -0.116349 1.130844 -0.255221
v -0.109549 1.118844 -0.256621
v -0.086549 1.128644 -0.226221
v -0.093449 1.140644 -0.224921
v -0.108449 1.149144 -0.241721
v -0.120249 1.144144 -0.256621
v -0.097249 1.153944 -0.226221
v -0.122049 1.113544 -0.270921
v -0.132749 1.138744 -0.270921
v -0.128749 1.125544 -0.269421
v -0.490449 0.956444 -0.371221
v -0.495249 0.969244 -0.369221
v -0.512349 0.961944 -0.363021
v -0.507649 0.949044 -0.365021
v -0.472949 0.963844 -0.376521
v -0.477849 0.976744 -0.374421
v -0.501249 0.981644 -0.371221
v -0.518449 0.974344 -0.365021
v -0.483749 0.989144 -0.376521
v -0.524549 0.941844 -0.357921
v -0.535349 0.967144 -0.357921
v -0.529249 0.954844 -0.356021
v 0.021551 1.174744 0.146479
v 0.018051 1.188144 0.147179
v 0.011551 1.185344 0.168679
v 0.015051 1.171944 0.167979
v 0.027151 1.177044 0.124779
v 0.023651 1.190544 0.125279
v 0.010751 1.200044 0.146479
v 0.004251 1.197244 0.167979
v 0.016351 1.202344 0.124779
v 0.031651 1.179044 0.102779
v 0.028151 1.192444 0.103179
v 0.020851 1.204344 0.102779
v -0.148849 1.102044 -0.297421
v -0.155449 1.114144 -0.295721
v -0.169749 1.108144 -0.307821
v -0.163149 1.095944 -0.309521
v -0.135149 1.107944 -0.284521
v -0.141849 1.119944 -0.282921
v -0.159649 1.127344 -0.297421
v -0.173949 1.121244 -0.309521
v -0.145949 1.133144 -0.284521
v -0.177949 1.089644 -0.320821
v -0.188749 1.114944 -0.320821
v -0.184449 1.101844 -0.319121
v -0.557349 0.927844 -0.341121
v -0.561849 0.940944 -0.339221
v -0.577549 0.934244 -0.329621
v -0.573149 0.921144 -0.331421
v -0.541149 0.934744 -0.350021
v -0.545749 0.947744 -0.348021
v -0.568149 0.953144 -0.341121
v -0.583949 0.946444 -0.331421
v -0.551949 0.960044 -0.350021
v -0.588449 0.914644 -0.320821
v -0.599249 0.939944 -0.320821
v -0.592749 0.927744 -0.319121
v 0.037751 1.181644 0.058079
v 0.034351 1.195044 0.058279
v 0.031751 1.194044 0.080779
v 0.035251 1.180544 0.080479
v 0.039251 1.182244 0.035579
v 0.035851 1.195744 0.035679
v 0.026951 1.206944 0.058079
v 0.024451 1.205844 0.080479
v 0.028451 1.207544 0.035579
v 0.039751 1.182444 0.013079
v 0.036351 1.195944 0.013079
v 0.029051 1.207744 0.013079
v -0.209049 1.076344 -0.341121
v -0.215349 1.088644 -0.339221
v -0.231449 1.081744 -0.348021
v -0.225249 1.069444 -0.350021
v -0.193249 1.083144 -0.331421
v -0.199649 1.095344 -0.329621
v -0.219849 1.101644 -0.341121
v -0.236049 1.094744 -0.350021
v -0.204049 1.108344 -0.331421
v -0.241849 1.062444 -0.357921
v -0.252649 1.087644 -0.357921
v -0.247949 1.074744 -0.356021
v -0.617549 0.902244 -0.297421
v -0.621749 0.915344 -0.295721
v -0.635349 0.909544 -0.282921
v -0.631249 0.896344 -0.284521
v -0.603249 0.908344 -0.309521
v -0.607449 0.921444 -0.307821
v -0.628349 0.927544 -0.297421
v -0.642049 0.921644 -0.284521
v -0.614049 0.933544 -0.309521
v -0.644449 0.890744 -0.270921
v -0.655149 0.916044 -0.270921
v -0.648449 0.903944 -0.269421
v 0.037751 1.181644 -0.032021
v 0.034351 1.195044 -0.032221
v 0.035851 1.195744 -0.009621
v 0.039251 1.182244 -0.009521
v 0.035251 1.180544 -0.054421
v 0.031751 1.194044 -0.054721
v 0.026951 1.206944 -0.032021
v 0.028451 1.207544 -0.009521
v 0.024451 1.205844 -0.054421
v -0.275949 1.047844 -0.371221
v -0.281949 1.060244 -0.369221
v -0.299349 1.052844 -0.374421
v -0.293449 1.040444 -0.376521
v -0.258749 1.055144 -0.365021
v -0.264849 1.067544 -0.363021
v -0.286749 1.073144 -0.371221
v -0.304249 1.065644 -0.376521
v -0.269549 1.080444 -0.365021
v -0.668749 0.880344 -0.241721
v -0.672649 0.893644 -0.240321
v -0.683749 0.888944 -0.224921
v -0.679949 0.875644 -0.226221
v -0.656949 0.885444 -0.256621
v -0.660849 0.898644 -0.255221
v -0.679549 0.905644 -0.241721
v -0.690649 0.900944 -0.226221
v -0.667649 0.910744 -0.256621
vn -0.3579 0.9150 0.1860
vn -0.3590 0.9147 0.1856
vn -0.3652 0.9122 0.1860
vn -0.3706 0.9095 0.1881
vn -0.3774 0.9067 0.1884
vn -0.3769 0.9070 0.1879
vn -0.4020 0.8972 -0.1828
vn -0.4020 0.8970 -0.1836
vn -0.4069 0.8947 -0.1840
vn -0.4133 0.8924 -0.1808
vn -0.3966 0.8986 -0.1878
vn -0.3950 0.8992 -0.1881
vn -0.2344 0.7964 0.5575
vn -0.2597 0.7856 0.5616
vn -0.2597 0.7856 0.5615
vn -0.2851 0.7748 0.5643
vn -0.2850 0.7748 0.5643
vn -0.3106 0.7639 0.5657
vn -0.3107 0.7639 0.5656
vn -0.3818 0.9056 0.1847
vn -0.3885 0.9028 0.1847
vn -0.3820 0.9051 -0.1869
vn -0.3826 0.9053 -0.1845
vn -0.3361 0.7530 -0.5657
vn -0.3363 0.7528 -0.5659
vn -0.3362 0.7530 -0.5657
vn -0.3617 0.7421 -0.5643
vn -0.3871 0.7313 -0.5616
vn -0.3870 0.7313 -0.5616
vn -0.4122 0.7205 -0.5577
vn -0.4124 0.7205 -0.5575
vn -0.4123 0.7205 -0.5576
vn -0.4120 0.7204 -0.5580
vn -0.4189 0.8899 -0.1807
vn -0.4190 0.8898 -0.1811
vn -0.3529 0.9180 0.1810
vn -0.3526 0.9180 0.1815
vn 0.4110 -0.8924 0.1862
vn 0.3997 -0.8974 0.1871
vn 0.4037 -0.8956 0.1870
vn 0.4110 -0.8924 0.1860
vn 0.3622 -0.9133 -0.1865
vn 0.3684 -0.9115 -0.1831
vn 0.3678 -0.9119 -0.1823
vn 0.3580 -0.9151 -0.1857
vn 0.3914 -0.9018 0.1831
vn 0.3977 -0.8986 0.1856
vn 0.3726 -0.9090 -0.1870
vn 0.3804 -0.9056 -0.1875
vn 0.4124 -0.7205 0.5575
vn 0.4125 -0.7205 0.5575
vn 0.4125 -0.7204 0.5575
vn 0.4158 -0.8906 0.1844
vn 0.4211 -0.8880 0.1848
vn 0.3541 -0.9168 -0.1845
vn 0.3490 -0.9188 -0.1844
vn 0.2343 -0.7966 -0.5572
vn 0.2344 -0.7964 -0.5575
vn 0.2343 -0.7965 -0.5573
vn 0.2343 -0.7966 -0.5573
vn 0.2597 -0.7856 -0.5616
vn 0.2849 -0.7750 -0.5640
vn 0.2850 -0.7748 -0.5643
vn 0.2851 -0.7748 -0.5642
vn 0.2851 -0.7748 -0.5643
vn 0.3106 -0.7639 -0.5657
vn 0.3886 -0.9022 -0.1870
vn 0.3882 -0.9029 -0.1843
vn 0.3866 -0.9038 0.1836
vn 0.3864 -0.9039 0.1835
vn 0.3361 -0.7530 0.5657
vn 0.3362 -0.7530 0.5657
vn 0.3617 -0.7421 0.5643
vn 0.3871 -0.7313 0.5616
vn 0.3870 -0.7313 0.5616
vn 0.4437 -0.8783 0.1781
vn 0.4306 -0.8846 0.1792
vn 0.4386 -0.8812 0.1765
vn 0.4434 -0.8785 0.1776
vn 0.3282 -0.9285 -0.1737
vn 0.3364 -0.9250 -0.1766
vn 0.3363 -0.9251 -0.1764
vn 0.3282 -0.9285 -0.1739
vn 0.4270 -0.8857 0.1825
vn 0.4269 -0.8856 0.1830
vn 0.3462 -0.9211 -0.1779
vn 0.3426 -0.9226 -0.1771
vn 0.5107 -0.6786 0.5278
vn 0.5107 -0.6786 0.5279
vn 0.4497 -0.8757 0.1759
vn 0.4545 -0.8743 0.1704
vn 0.3202 -0.9321 -0.1692
vn 0.3187 -0.9327 -0.1692
vn 0.1361 -0.8383 -0.5279
vn 0.1601 -0.8281 -0.5372
vn 0.1601 -0.8281 -0.5373
vn 0.1845 -0.8177 -0.5453
vn 0.2092 -0.8071 -0.5521
vn 0.2093 -0.8071 -0.5521
vn 0.2091 -0.8071 -0.5522
vn 0.4375 -0.7098 0.5521
vn 0.4374 -0.7098 0.5521
vn 0.4623 -0.6992 0.5453
vn 0.4622 -0.6993 0.5453
vn 0.4867 -0.6888 0.5373
vn 0.4867 -0.6888 0.5372
vn 0.4866 -0.6888 0.5373
vn 0.4742 -0.8666 0.1555
vn 0.4623 -0.8714 0.1643
vn 0.4693 -0.8682 0.1613
vn 0.4769 -0.8642 0.1607
vn 0.2982 -0.9415 -0.1570
vn 0.3073 -0.9376 -0.1628
vn 0.3070 -0.9378 -0.1624
vn 0.2984 -0.9413 -0.1578
vn 0.4579 -0.8734 0.1659
vn 0.4581 -0.8734 0.1653
vn 0.3141 -0.9348 -0.1657
vn 0.3140 -0.9349 -0.1656
vn 0.6018 -0.6397 0.4781
vn 0.4773 -0.8649 0.1556
vn 0.4814 -0.8634 0.1513
vn 0.2873 -0.9450 -0.1560
vn 0.2885 -0.9447 -0.1562
vn 0.0449 -0.8772 -0.4781
vn 0.0449 -0.8771 -0.4781
vn 0.0450 -0.8772 -0.4781
vn 0.0668 -0.8678 -0.4924
vn 0.0893 -0.8582 -0.5055
vn 0.0893 -0.8582 -0.5054
vn 0.1124 -0.8484 -0.5173
vn 0.1125 -0.8484 -0.5173
vn 0.1123 -0.8484 -0.5173
vn 0.5343 -0.6685 0.5173
vn 0.5574 -0.6587 0.5054
vn 0.5799 -0.6491 0.4923
vn 0.4999 -0.8546 0.1406
vn 0.4928 -0.8576 0.1473
vn 0.4965 -0.8560 0.1441
vn 0.5028 -0.8534 0.1376
vn 0.2701 -0.9523 -0.1417
vn 0.2757 -0.9502 -0.1453
vn 0.2753 -0.9502 -0.1460
vn 0.2738 -0.9521 -0.1361
vn 0.4856 -0.8617 0.1471
vn 0.4843 -0.8622 0.1488
vn 0.2822 -0.9469 -0.1538
vn 0.2856 -0.9470 -0.1474
vn 0.6823 -0.6054 0.4099
vn 0.6822 -0.6054 0.4100
vn 0.6823 -0.6054 0.4098
vn 0.5084 -0.8509 0.1322
vn 0.5084 -0.8509 0.1326
vn 0.2654 -0.9546 -0.1354
vn 0.2610 -0.9565 -0.1307
vn -0.0355 -0.9115 -0.4098
vn -0.0166 -0.9034 -0.4285
vn 0.0031 -0.8950 -0.4461
vn 0.0237 -0.8862 -0.4626
vn 0.6231 -0.6307 0.4626
vn 0.6436 -0.6219 0.4461
vn 0.6435 -0.6218 0.4463
vn 0.6634 -0.6134 0.4285
vn 0.6634 -0.6135 0.4285
vn 0.5225 -0.8450 0.1138
vn 0.5172 -0.8473 0.1205
vn 0.5195 -0.8463 0.1179
vn 0.5255 -0.8436 0.1102
vn 0.2455 -0.9629 -0.1118
vn 0.2501 -0.9608 -0.1199
vn 0.2506 -0.9606 -0.1198
vn 0.2460 -0.9628 -0.1117
vn 0.5151 -0.8479 0.1259
vn 0.5141 -0.8483 0.1266
vn 0.2556 -0.9587 -0.1246
vn 0.2587 -0.9574 -0.1280
vn 0.7489 -0.5771 0.3257
vn 0.7489 -0.5772 0.3257
vn 0.7489 -0.5770 0.3258
vn 0.5298 -0.8416 0.1050
vn 0.5291 -0.8419 0.1062
vn 0.2411 -0.9653 -0.1002
vn 0.2445 -0.9645 -0.0996
vn -0.1022 -0.9399 -0.3258
vn -0.0869 -0.9334 -0.3482
vn -0.0867 -0.9334 -0.3481
vn -0.0708 -0.9265 -0.3696
vn -0.0536 -0.9192 -0.3901
vn -0.0536 -0.9192 -0.3902
vn 0.7004 -0.5977 0.3901
vn 0.7003 -0.5978 0.3901
vn 0.7003 -0.5978 0.3900
vn 0.7176 -0.5902 0.3698
vn 0.7175 -0.5904 0.3696
vn 0.7337 -0.5835 0.3482
vn 0.7336 -0.5835 0.3483
vn 0.7337 -0.5835 0.3481
vn 0.5408 -0.8371 0.0826
vn 0.5365 -0.8390 0.0903
vn 0.5382 -0.8383 0.0870
vn 0.5426 -0.8364 0.0774
vn 0.2273 -0.9708 -0.0771
vn 0.2329 -0.9684 -0.0888
vn 0.2324 -0.9685 -0.0896
vn 0.2328 -0.9694 -0.0779
vn 0.5308 -0.8423 0.0939
vn 0.5316 -0.8420 0.0917
vn 0.2414 -0.9659 -0.0933
vn 0.2410 -0.9659 -0.0948
vn 0.7992 -0.5556 0.2293
vn 0.7992 -0.5555 0.2294
vn 0.7992 -0.5555 0.2293
vn 0.5454 -0.8351 0.0722
vn 0.5456 -0.8349 0.0723
vn 0.2249 -0.9716 -0.0730
vn 0.2254 -0.9716 -0.0722
vn -0.1526 -0.9613 -0.2293
vn -0.1527 -0.9613 -0.2292
vn -0.1525 -0.9613 -0.2293
vn -0.1415 -0.9567 -0.2545
vn -0.1415 -0.9567 -0.2544
vn -0.1295 -0.9515 -0.2789
vn -0.1164 -0.9460 -0.3027
vn 0.7631 -0.5709 0.3027
vn 0.7631 -0.5709 0.3028
vn 0.7763 -0.5654 0.2789
vn 0.7763 -0.5653 0.2789
vn 0.7883 -0.5602 0.2544
vn 0.5493 -0.8344 0.0456
vn 0.5501 -0.8331 0.0579
vn 0.5505 -0.8333 0.0504
vn 0.5514 -0.8332 0.0420
vn 0.2170 -0.9751 -0.0459
vn 0.2221 -0.9737 -0.0507
vn 0.2215 -0.9739 -0.0502
vn 0.2173 -0.9750 -0.0465
vn 0.5489 -0.8334 0.0642
vn 0.5490 -0.8334 0.0638
vn 0.2279 -0.9717 -0.0624
vn 0.2267 -0.9720 -0.0613
vn 0.8312 -0.5420 0.1240
vn 0.8312 -0.5419 0.1240
vn 0.8312 -0.5419 0.1239
vn 0.5545 -0.8313 0.0376
vn 0.5546 -0.8312 0.0384
vn 0.2156 -0.9758 -0.0366
vn 0.2161 -0.9757 -0.0367
vn -0.1845 -0.9750 -0.1240
vn -0.1845 -0.9750 -0.1242
vn -0.1783 -0.9723 -0.1509
vn -0.1782 -0.9724 -0.1508
vn -0.1708 -0.9692 -0.1775
vn -0.1708 -0.9692 -0.1773
vn -0.1622 -0.9655 -0.2036
vn 0.8091 -0.5513 0.2036
vn 0.8090 -0.5514 0.2036
vn 0.8090 -0.5514 0.2035
vn 0.8176 -0.5477 0.1775
vn 0.8177 -0.5476 0.1775
vn 0.8177 -0.5475 0.1775
vn 0.8250 -0.5445 0.1509
vn 0.8250 -0.5446 0.1509
vn 0.8251 -0.5445 0.1509
vn 0.5544 -0.8322 0.0105
vn 0.5570 -0.8302 0.0211
vn 0.5577 -0.8299 0.0154
vn 0.5557 -0.8314 0.0066
vn 0.2173 -0.9760 -0.0111
vn 0.2115 -0.9772 -0.0179
vn 0.2149 -0.9765 -0.0183
vn 0.2177 -0.9760 -0.0098
vn 0.5540 -0.8320 0.0305
vn 0.5560 -0.8306 0.0300
vn 0.2179 -0.9757 -0.0245
vn 0.2177 -0.9757 -0.0262
vn 0.8437 -0.5366 0.0139
vn 0.8436 -0.5367 0.0139
vn 0.5549 -0.8319 -0.0000
vn 0.2175 -0.9761 -0.0001
vn 0.2174 -0.9761 -0.0000
vn -0.1970 -0.9803 -0.0139
vn -0.1957 -0.9798 -0.0416
vn -0.1932 -0.9787 -0.0693
vn -0.1895 -0.9771 -0.0967
vn 0.8362 -0.5398 0.0967
vn 0.8362 -0.5398 0.0966
vn 0.8400 -0.5382 0.0692
vn 0.8425 -0.5371 0.0416
vn 0.5573 -0.8298 -0.0281
vn 0.5569 -0.8304 -0.0152
vn 0.5575 -0.8299 -0.0192
vn 0.5546 -0.8316 -0.0309
vn 0.2180 -0.9756 0.0248
vn 0.2115 -0.9772 0.0180
vn 0.2149 -0.9765 0.0182
vn 0.2176 -0.9757 0.0262
vn 0.5547 -0.8320 -0.0090
vn 0.5545 -0.8321 -0.0083
vn 0.2173 -0.9760 0.0112
vn 0.2177 -0.9760 0.0097
vn 0.8362 -0.5398 -0.0967
vn 0.5545 -0.8313 -0.0377
vn 0.5546 -0.8312 -0.0386
vn 0.2156 -0.9758 0.0366
vn 0.2161 -0.9757 0.0367
vn -0.1895 -0.9771 0.0967
vn -0.1932 -0.9787 0.0692
vn -0.1957 -0.9798 0.0417
vn -0.1970 -0.9803 0.0139
vn 0.8437 -0.5366 -0.0139
vn 0.8425 -0.5371 -0.0416
vn 0.8400 -0.5382 -0.0692
vn 0.8401 -0.5381 -0.0690
vn 0.5491 -0.8336 -0.0605
vn 0.5505 -0.8333 -0.0505
vn 0.5514 -0.8324 -0.0557
vn 0.5472 -0.8344 -0.0661
vn 0.2279 -0.9717 0.0623
vn 0.2223 -0.9737 0.0507
vn 0.2217 -0.9738 0.0500
vn 0.2267 -0.9720 0.0613
vn 0.5499 -0.8340 -0.0440
vn 0.5498 -0.8342 -0.0428
vn 0.2170 -0.9751 0.0459
vn 0.2173 -0.9750 0.0465
vn 0.8091 -0.5513 -0.2036
vn 0.8090 -0.5514 -0.2036
vn 0.5454 -0.8351 -0.0722
vn 0.5455 -0.8350 -0.0723
vn 0.2248 -0.9717 0.0729
vn 0.2254 -0.9716 0.0722
vn -0.1622 -0.9655 0.2036
vn -0.1709 -0.9692 0.1775
vn -0.1709 -0.9692 0.1774
vn -0.1782 -0.9724 0.1508
vn -0.1783 -0.9723 0.1509
vn -0.1845 -0.9750 0.1240
vn 0.8312 -0.5419 -0.1240
vn 0.8250 -0.5446 -0.1509
vn 0.8177 -0.5475 -0.1775
vn 0.8177 -0.5476 -0.1775
vn 0.8178 -0.5475 -0.1775
vn 0.8177 -0.5477 -0.1775
vn 0.5311 -0.8423 -0.0921
vn 0.5382 -0.8384 -0.0863
vn 0.5370 -0.8388 -0.0898
vn 0.5300 -0.8423 -0.0980
vn 0.2420 -0.9657 0.0940
vn 0.2330 -0.9684 0.0887
vn 0.2325 -0.9685 0.0894
vn 0.2410 -0.9659 0.0950
vn 0.5420 -0.8364 -0.0814
vn 0.5420 -0.8365 -0.0807
vn 0.2267 -0.9708 0.0782
vn 0.2328 -0.9694 0.0779
vn 0.7631 -0.5710 -0.3027
vn 0.5295 -0.8418 -0.1048
vn 0.5292 -0.8419 -0.1057
vn 0.2410 -0.9653 0.1003
vn 0.2439 -0.9647 0.0994
vn -0.1164 -0.9459 0.3027
vn -0.1164 -0.9460 0.3027
vn -0.1295 -0.9515 0.2789
vn -0.1295 -0.9516 0.2789
vn -0.1415 -0.9567 0.2544
vn -0.1525 -0.9613 0.2294
vn -0.1525 -0.9613 0.2293
vn 0.7992 -0.5556 -0.2293
vn 0.7992 -0.5555 -0.2294
vn 0.7883 -0.5602 -0.2544
vn 0.7763 -0.5654 -0.2789
vn 0.5158 -0.8477 -0.1240
vn 0.5197 -0.8462 -0.1175
vn 0.5175 -0.8472 -0.1205
vn 0.5102 -0.8504 -0.1283
vn 0.2571 -0.9580 0.1268
vn 0.2506 -0.9605 0.1206
vn 0.2509 -0.9606 0.1200
vn 0.2572 -0.9581 0.1264
vn 0.5239 -0.8443 -0.1129
vn 0.5240 -0.8442 -0.1126
vn 0.2454 -0.9630 0.1117
vn 0.2459 -0.9628 0.1116
vn 0.7004 -0.5977 -0.3901
vn 0.7004 -0.5977 -0.3902
vn 0.5084 -0.8509 -0.1320
vn 0.5085 -0.8508 -0.1324
vn 0.2617 -0.9559 0.1332
vn 0.2614 -0.9561 0.1325
vn -0.0536 -0.9192 0.3901
vn -0.0536 -0.9192 0.3902
vn -0.0708 -0.9265 0.3696
vn -0.0869 -0.9334 0.3481
vn -0.1022 -0.9399 0.3258
vn 0.7489 -0.5770 -0.3258
vn 0.7338 -0.5835 -0.3481
vn 0.7337 -0.5835 -0.3481
vn 0.7175 -0.5904 -0.3696
vn 0.7176 -0.5903 -0.3696
vn 0.4892 -0.8600 -0.1452
vn 0.4967 -0.8560 -0.1434
vn 0.4927 -0.8576 -0.1473
vn 0.4844 -0.8617 -0.1509
vn 0.2818 -0.9471 0.1536
vn 0.2757 -0.9502 0.1453
vn 0.2753 -0.9502 0.1460
vn 0.2855 -0.9470 0.1474
vn 0.5016 -0.8538 -0.1392
vn 0.5017 -0.8537 -0.1392
vn 0.2701 -0.9523 0.1416
vn 0.2739 -0.9520 0.1363
vn 0.6231 -0.6307 -0.4626
vn 0.4790 -0.8645 -0.1526
vn 0.4785 -0.8647 -0.1526
vn 0.2875 -0.9449 0.1564
vn 0.2886 -0.9446 0.1563
vn 0.0236 -0.8862 0.4627
vn 0.0236 -0.8862 0.4626
vn 0.0030 -0.8950 0.4461
vn 0.0031 -0.8950 0.4461
vn -0.0166 -0.9034 0.4285
vn -0.0355 -0.9115 0.4098
vn 0.6823 -0.6054 -0.4098
vn 0.6633 -0.6135 -0.4285
vn 0.6633 -0.6136 -0.4285
vn 0.6436 -0.6219 -0.4461
vn 0.6436 -0.6219 -0.4462
vn 0.4602 -0.8723 -0.1653
vn 0.4693 -0.8681 -0.1617
vn 0.4623 -0.8713 -0.1645
vn 0.4555 -0.8743 -0.1678
vn 0.3160 -0.9339 0.1670
vn 0.3073 -0.9376 0.1627
vn 0.3072 -0.9377 0.1625
vn 0.3164 -0.9335 0.1689
vn 0.4754 -0.8646 -0.1630
vn 0.4736 -0.8669 -0.1555
vn 0.2979 -0.9417 0.1564
vn 0.2987 -0.9413 0.1573
vn 0.5343 -0.6685 -0.5173
vn 0.5343 -0.6683 -0.5176
vn 0.4537 -0.8745 -0.1718
vn 0.4540 -0.8742 -0.1720
vn 0.3190 -0.9326 0.1688
vn 0.3170 -0.9329 0.1708
vn 0.1124 -0.8484 0.5172
vn 0.1124 -0.8485 0.5172
vn 0.1124 -0.8484 0.5173
vn 0.0893 -0.8583 0.5054
vn 0.0893 -0.8582 0.5054
vn 0.0894 -0.8583 0.5054
vn 0.0899 -0.8584 0.5050
vn 0.0668 -0.8678 0.4924
vn 0.0668 -0.8679 0.4922
vn 0.0450 -0.8771 0.4781
vn 0.0449 -0.8772 0.4781
vn 0.0452 -0.8771 0.4782
vn 0.6018 -0.6397 -0.4781
vn 0.6018 -0.6397 -0.4782
vn 0.5799 -0.6491 -0.4923
vn 0.5574 -0.6586 -0.5055
vn 0.5574 -0.6587 -0.5053
vn 0.5574 -0.6587 -0.5054
vn 0.4291 -0.8848 -0.1815
vn 0.4338 -0.8838 -0.1753
vn 0.4318 -0.8840 -0.1793
vn 0.4257 -0.8863 -0.1825
vn 0.3453 -0.9215 0.1779
vn 0.3364 -0.9250 0.1765
vn 0.3363 -0.9251 0.1764
vn 0.3441 -0.9219 0.1778
vn 0.4437 -0.8784 -0.1775
vn 0.4439 -0.8782 -0.1780
vn 0.3281 -0.9286 0.1735
vn 0.3282 -0.9285 0.1739
vn 0.4375 -0.7097 -0.5522
vn 0.4374 -0.7098 -0.5521
vn 0.4375 -0.7098 -0.5521
vn 0.4177 -0.8894 -0.1859
vn 0.4187 -0.8890 -0.1853
vn 0.3520 -0.9174 0.1854
vn 0.3523 -0.9174 0.1850
vn 0.2093 -0.8071 0.5521
vn 0.2092 -0.8072 0.5520
vn 0.1845 -0.8177 0.5453
vn 0.1601 -0.8281 0.5373
vn 0.1601 -0.8281 0.5372
vn 0.1361 -0.8383 0.5279
vn 0.1361 -0.8384 0.5279
vn 0.5107 -0.6786 -0.5279
vn 0.4866 -0.6888 -0.5373
vn 0.4866 -0.6889 -0.5373
vn 0.4622 -0.6993 -0.5453
vn 0.3980 -0.8984 -0.1854
vn 0.4043 -0.8954 -0.1867
vn 0.3998 -0.8973 -0.1872
vn 0.3902 -0.9019 -0.1852
vn 0.3786 -0.9062 0.1885
vn 0.3684 -0.9116 0.1824
vn 0.3655 -0.9126 0.1831
vn 0.3774 -0.9067 0.1883
vn 0.4107 -0.8926 -0.1861
vn 0.4109 -0.8925 -0.1862
vn 0.3596 -0.9143 0.1866
vn 0.3600 -0.9142 0.1862
vn 0.3361 -0.7530 -0.5657
vn 0.3362 -0.7530 -0.5657
vn 0.3870 -0.9038 -0.1826
vn 0.3869 -0.9038 -0.1831
vn 0.3886 -0.9026 0.1853
vn 0.3867 -0.9037 0.1838
vn 0.3106 -0.7639 0.5656
vn 0.3106 -0.7639 0.5657
vn 0.3106 -0.7639 0.5658
vn 0.3107 -0.7640 0.5655
vn 0.2851 -0.7748 0.5643
vn 0.2597 -0.7856 0.5616
vn 0.2599 -0.7855 0.5616
vn 0.2598 -0.7856 0.5616
vn 0.2344 -0.7964 0.5575
vn 0.2344 -0.7963 0.5576
vn 0.4124 -0.7205 -0.5575
vn 0.3871 -0.7313 -0.5616
vn 0.3872 -0.7312 -0.5616
vn 0.3617 -0.7421 -0.5643
vn 0.3628 -0.9138 -0.1824
vn 0.3723 -0.9093 -0.1860
vn 0.3640 -0.9128 -0.1852
vn 0.3581 -0.9157 -0.1822
vn 0.4109 -0.8922 0.1876
vn 0.4018 -0.8964 0.1873
vn 0.4019 -0.8963 0.1876
vn 0.4136 -0.8913 0.1861
vn 0.3763 -0.9081 -0.1837
vn 0.3759 -0.9083 -0.1834
vn 0.3931 -0.9000 0.1884
vn 0.3931 -0.9001 0.1880
vn 0.2344 -0.7964 -0.5576
vn 0.3558 -0.9164 -0.1833
vn 0.3530 -0.9184 -0.1788
vn 0.4195 -0.8885 0.1861
vn 0.4196 -0.8885 0.1859
vn 0.4123 -0.7205 0.5576
vn 0.4125 -0.7205 0.5574
vn 0.3871 -0.7312 0.5616
vn 0.3617 -0.7421 0.5644
vn 0.3360 -0.7530 0.5657
vn 0.3362 -0.7529 0.5657
vn 0.3105 -0.7639 -0.5657
vn 0.2596 -0.7856 -0.5617
vn 0.3289 -0.9273 -0.1785
vn 0.3370 -0.9241 -0.1803
vn 0.3334 -0.9256 -0.1792
vn 0.3242 -0.9298 -0.1745
vn 0.4465 -0.8776 0.1748
vn 0.4325 -0.8841 0.1770
vn 0.4321 -0.8842 0.1775
vn 0.4439 -0.8795 0.1713
vn 0.3425 -0.9227 -0.1771
vn 0.3430 -0.9210 -0.1846
vn 0.4248 -0.8865 0.1834
vn 0.4256 -0.8860 0.1838
vn 0.1361 -0.8383 -0.5280
vn 0.3222 -0.9306 -0.1735
vn 0.3205 -0.9310 -0.1748
vn 0.4521 -0.8750 0.1735
vn 0.4521 -0.8750 0.1733
vn 0.4374 -0.7099 0.5520
vn 0.4379 -0.7096 0.5519
vn 0.1845 -0.8176 -0.5454
vn 0.1601 -0.8280 -0.5373
vn 0.2980 -0.9407 -0.1619
vn 0.3055 -0.9376 -0.1662
vn 0.3025 -0.9389 -0.1645
vn 0.2949 -0.9421 -0.1598
vn 0.4719 -0.8674 0.1578
vn 0.4656 -0.8692 0.1665
vn 0.4658 -0.8690 0.1669
vn 0.4725 -0.8671 0.1577
vn 0.3114 -0.9350 -0.1696
vn 0.3115 -0.9349 -0.1699
vn 0.4592 -0.8719 0.1698
vn 0.4592 -0.8720 0.1696
vn 0.2890 -0.9445 -0.1562
vn 0.4806 -0.8637 0.1519
vn 0.4806 -0.8636 0.1527
vn 0.5800 -0.6491 0.4922
vn 0.5573 -0.6588 0.5054
vn 0.5343 -0.6685 0.5174
vn 0.0893 -0.8583 -0.5054
vn 0.0668 -0.8678 -0.4923
vn 0.0668 -0.8679 -0.4923
vn 0.2738 -0.9515 -0.1402
vn 0.2786 -0.9489 -0.1480
vn 0.2743 -0.9512 -0.1412
vn 0.2680 -0.9540 -0.1342
vn 0.5033 -0.8534 0.1355
vn 0.4909 -0.8590 0.1458
vn 0.4952 -0.8562 0.1471
vn 0.5036 -0.8529 0.1374
vn 0.2824 -0.9474 -0.1508
vn 0.2821 -0.9474 -0.1510
vn 0.4886 -0.8593 0.1514
vn 0.4881 -0.8597 0.1509
vn -0.0357 -0.9115 -0.4098
vn 0.2638 -0.9561 -0.1277
vn 0.2667 -0.9551 -0.1290
vn 0.5042 -0.8538 0.1297
vn 0.5040 -0.8538 0.1302
vn 0.6824 -0.6054 0.4096
vn 0.6825 -0.6054 0.4095
vn 0.6633 -0.6136 0.4285
vn 0.6632 -0.6136 0.4286
vn 0.6633 -0.6135 0.4286
vn 0.6633 -0.6135 0.4285
vn 0.6437 -0.6219 0.4460
vn 0.6435 -0.6220 0.4460
vn 0.0032 -0.8950 -0.4461
vn 0.0033 -0.8950 -0.4461
vn -0.0165 -0.9034 -0.4285
vn -0.0164 -0.9034 -0.4284
vn 0.2504 -0.9618 -0.1108
vn 0.2559 -0.9592 -0.1202
vn 0.2531 -0.9607 -0.1141
vn 0.2472 -0.9629 -0.1078
vn 0.5194 -0.8472 0.1119
vn 0.5167 -0.8481 0.1168
vn 0.5164 -0.8484 0.1166
vn 0.5217 -0.8455 0.1142
vn 0.2602 -0.9576 -0.1239
vn 0.2606 -0.9575 -0.1237
vn 0.5109 -0.8508 0.1232
vn 0.5111 -0.8507 0.1230
vn -0.1021 -0.9399 -0.3258
vn 0.2415 -0.9646 -0.1057
vn 0.2419 -0.9644 -0.1069
vn 0.5298 -0.8415 0.1060
vn 0.5293 -0.8419 0.1056
vn 0.7176 -0.5904 0.3695
vn 0.7004 -0.5977 0.3902
vn -0.0708 -0.9265 -0.3695
vn -0.0869 -0.9334 -0.3481
vn 0.2329 -0.9692 -0.0805
vn 0.2372 -0.9673 -0.0898
vn 0.2349 -0.9684 -0.0844
vn 0.2309 -0.9700 -0.0767
vn 0.5375 -0.8395 0.0792
vn 0.5374 -0.8391 0.0845
vn 0.5360 -0.8400 0.0846
vn 0.5380 -0.8393 0.0790
vn 0.2420 -0.9654 -0.0968
vn 0.2425 -0.9654 -0.0960
vn 0.5303 -0.8427 0.0935
vn 0.5307 -0.8423 0.0940
vn 0.2282 -0.9712 -0.0682
vn 0.2284 -0.9711 -0.0687
vn 0.5421 -0.8370 0.0741
vn 0.5431 -0.8364 0.0746
vn 0.7994 -0.5555 0.2288
vn 0.7993 -0.5555 0.2293
vn 0.7991 -0.5557 0.2293
vn 0.7762 -0.5654 0.2789
vn 0.7632 -0.5709 0.3027
vn 0.7631 -0.5709 0.3029
vn -0.1164 -0.9459 -0.3027
vn -0.1295 -0.9516 -0.2789
vn -0.1293 -0.9516 -0.2789
vn 0.2187 -0.9746 -0.0483
vn 0.2220 -0.9733 -0.0579
vn 0.2183 -0.9744 -0.0535
vn 0.2163 -0.9753 -0.0437
vn 0.5545 -0.8310 0.0452
vn 0.5505 -0.8331 0.0543
vn 0.5510 -0.8328 0.0544
vn 0.5537 -0.8316 0.0433
vn 0.2267 -0.9720 -0.0612
vn 0.2272 -0.9719 -0.0613
vn 0.5497 -0.8330 0.0627
vn 0.5440 -0.8365 0.0656
vn -0.1845 -0.9750 -0.1241
vn -0.1844 -0.9750 -0.1240
vn 0.2194 -0.9750 -0.0346
vn 0.2202 -0.9748 -0.0348
vn 0.5512 -0.8337 0.0347
vn 0.5514 -0.8335 0.0354
vn 0.8313 -0.5418 0.1241
vn 0.8315 -0.5415 0.1240
vn 0.8314 -0.5417 0.1241
vn 0.8250 -0.5446 0.1508
vn -0.1623 -0.9655 -0.2036
vn -0.1709 -0.9692 -0.1775
vn 0.2138 -0.9768 -0.0135
vn 0.2135 -0.9767 -0.0230
vn 0.2134 -0.9769 -0.0146
vn 0.2141 -0.9768 -0.0046
vn 0.5588 -0.8292 0.0085
vn 0.5534 -0.8327 0.0198
vn 0.5544 -0.8320 0.0214
vn 0.5586 -0.8294 0.0091
vn 0.2180 -0.9756 -0.0258
vn 0.5527 -0.8328 0.0296
vn 0.5537 -0.8321 0.0304
vn 0.2175 -0.9761 -0.0000
vn 0.2178 -0.9760 -0.0001
vn 0.5589 -0.8292 -0.0000
vn 0.8363 -0.5396 0.0967
vn 0.8364 -0.5395 0.0967
vn -0.1932 -0.9787 -0.0692
vn -0.1957 -0.9798 -0.0417
vn 0.2171 -0.9758 0.0244
vn 0.2140 -0.9767 0.0149
vn 0.2113 -0.9772 0.0200
vn 0.2181 -0.9755 0.0292
vn 0.5529 -0.8327 -0.0300
vn 0.5534 -0.8327 -0.0200
vn 0.5545 -0.8319 -0.0215
vn 0.5544 -0.8317 -0.0306
vn 0.2108 -0.9775 0.0112
vn 0.2101 -0.9776 0.0086
vn 0.5589 -0.8292 -0.0086
vn 0.5586 -0.8294 -0.0091
vn 0.2195 -0.9750 0.0345
vn 0.2203 -0.9748 0.0347
vn 0.5512 -0.8337 -0.0348
vn 0.5514 -0.8335 -0.0354
vn 0.8362 -0.5399 -0.0969
vn 0.8362 -0.5398 -0.0970
vn 0.8362 -0.5398 -0.0968
vn 0.8437 -0.5366 -0.0140
vn 0.2253 -0.9725 0.0592
vn 0.2184 -0.9745 0.0520
vn 0.2221 -0.9733 0.0578
vn 0.2265 -0.9718 0.0651
vn 0.5497 -0.8330 -0.0625
vn 0.5505 -0.8330 -0.0543
vn 0.5509 -0.8328 -0.0543
vn 0.5434 -0.8370 -0.0643
vn 0.2172 -0.9750 0.0465
vn 0.2168 -0.9751 0.0469
vn 0.5545 -0.8310 -0.0452
vn 0.5537 -0.8316 -0.0432
vn -0.1623 -0.9655 0.2036
vn 0.2282 -0.9712 0.0682
vn 0.2285 -0.9711 0.0688
vn 0.5422 -0.8370 -0.0740
vn 0.5430 -0.8364 -0.0745
vn 0.8176 -0.5477 -0.1775
vn 0.8250 -0.5446 -0.1508
vn 0.8312 -0.5420 -0.1240
vn 0.8312 -0.5420 -0.1241
vn 0.8312 -0.5419 -0.1241
vn -0.1843 -0.9750 0.1243
vn -0.1845 -0.9750 0.1242
vn 0.2377 -0.9670 0.0915
vn 0.2351 -0.9683 0.0845
vn 0.2374 -0.9673 0.0897
vn 0.2410 -0.9654 0.0995
vn 0.5305 -0.8425 -0.0934
vn 0.5361 -0.8399 -0.0845
vn 0.5356 -0.8402 -0.0850
vn 0.5309 -0.8422 -0.0939
vn 0.2322 -0.9695 0.0785
vn 0.2325 -0.9694 0.0784
vn 0.5376 -0.8395 -0.0790
vn 0.5380 -0.8392 -0.0790
vn 0.2418 -0.9645 0.1062
vn 0.2437 -0.9639 0.1072
vn 0.5296 -0.8416 -0.1062
vn 0.5292 -0.8419 -0.1056
vn 0.7630 -0.5712 -0.3027
vn 0.7631 -0.5711 -0.3027
vn 0.7630 -0.5711 -0.3029
vn 0.7762 -0.5655 -0.2788
vn 0.7762 -0.5654 -0.2789
vn 0.7762 -0.5656 -0.2787
vn 0.7884 -0.5602 -0.2544
vn 0.7884 -0.5602 -0.2543
vn 0.7884 -0.5601 -0.2544
vn 0.7992 -0.5557 -0.2293
vn 0.7991 -0.5556 -0.2295
vn 0.2589 -0.9582 0.1219
vn 0.2518 -0.9610 0.1145
vn 0.2567 -0.9591 0.1193
vn 0.2613 -0.9570 0.1263
vn 0.5110 -0.8507 -0.1234
vn 0.5168 -0.8481 -0.1168
vn 0.5165 -0.8483 -0.1166
vn 0.5112 -0.8506 -0.1234
vn 0.2492 -0.9623 0.1092
vn 0.2496 -0.9622 0.1087
vn 0.5199 -0.8468 -0.1128
vn 0.5217 -0.8455 -0.1140
vn -0.0540 -0.9194 0.3897
vn -0.0536 -0.9192 0.3900
vn 0.2662 -0.9554 0.1279
vn 0.2672 -0.9549 0.1295
vn 0.5041 -0.8538 -0.1301
vn 0.5038 -0.8538 -0.1308
vn -0.1020 -0.9400 0.3257
vn 0.2809 -0.9481 0.1493
vn 0.2743 -0.9514 0.1400
vn 0.2790 -0.9489 0.1475
vn 0.2836 -0.9469 0.1516
vn 0.4886 -0.8593 -0.1513
vn 0.4909 -0.8590 -0.1457
vn 0.4952 -0.8562 -0.1471
vn 0.4882 -0.8596 -0.1509
vn 0.2740 -0.9520 0.1364
vn 0.2741 -0.9519 0.1367
vn 0.5032 -0.8535 -0.1354
vn 0.5037 -0.8529 -0.1374
vn 0.0237 -0.8862 0.4626
vn 0.0237 -0.8863 0.4626
vn 0.0237 -0.8862 0.4627
vn 0.2890 -0.9445 0.1563
vn 0.2891 -0.9445 0.1562
vn 0.4807 -0.8636 -0.1521
vn 0.4807 -0.8635 -0.1528
vn 0.6231 -0.6308 -0.4625
vn 0.6634 -0.6135 -0.4284
vn 0.6636 -0.6134 -0.4283
vn -0.0355 -0.9115 0.4097
vn 0.3100 -0.9357 0.1687
vn 0.3025 -0.9389 0.1645
vn 0.3055 -0.9376 0.1662
vn 0.3133 -0.9343 0.1703
vn 0.4594 -0.8718 -0.1701
vn 0.4656 -0.8692 -0.1664
vn 0.4655 -0.8691 -0.1671
vn 0.4593 -0.8719 -0.1699
vn 0.2963 -0.9414 0.1612
vn 0.2963 -0.9414 0.1611
vn 0.4722 -0.8672 -0.1579
vn 0.4727 -0.8669 -0.1581
vn 0.3223 -0.9306 0.1736
vn 0.3205 -0.9310 0.1749
vn 0.4524 -0.8747 -0.1738
vn 0.4524 -0.8748 -0.1735
vn 0.5343 -0.6685 -0.5174
vn 0.5799 -0.6491 -0.4924
vn 0.0449 -0.8771 0.4781
vn 0.0670 -0.8678 0.4924
vn 0.0668 -0.8679 0.4923
vn 0.0671 -0.8677 0.4925
vn 0.3416 -0.9230 0.1771
vn 0.3331 -0.9258 0.1785
vn 0.3363 -0.9243 0.1804
vn 0.3469 -0.9204 0.1805
vn 0.4260 -0.8859 -0.1835
vn 0.4325 -0.8841 -0.1770
vn 0.4319 -0.8842 -0.1779
vn 0.4266 -0.8857 -0.1833
vn 0.3263 -0.9282 0.1786
vn 0.3257 -0.9286 0.1777
vn 0.4464 -0.8778 -0.1737
vn 0.4439 -0.8795 -0.1713
vn 0.2094 -0.8071 0.5520
vn 0.2095 -0.8071 0.5519
vn 0.3559 -0.9164 0.1833
vn 0.3535 -0.9181 0.1793
vn 0.4190 -0.8887 -0.1860
vn 0.4196 -0.8885 -0.1859
vn 0.4374 -0.7098 -0.5522
vn 0.4374 -0.7099 -0.5520
vn 0.4370 -0.7100 -0.5521
vn 0.5108 -0.6787 -0.5277
vn 0.5107 -0.6786 -0.5278
vn 0.1601 -0.8280 0.5373
vn 0.1844 -0.8177 0.5453
vn 0.1845 -0.8177 0.5452
vn 0.3761 -0.9083 0.1834
vn 0.3649 -0.9125 0.1850
vn 0.3727 -0.9088 0.1876
vn 0.3767 -0.9080 0.1835
vn 0.3964 -0.8987 -0.1878
vn 0.4018 -0.8962 -0.1880
vn 0.4019 -0.8961 -0.1882
vn 0.3907 -0.9012 -0.1878
vn 0.3609 -0.9147 0.1820
vn 0.3612 -0.9147 0.1814
vn 0.4116 -0.8919 -0.1876
vn 0.4136 -0.8912 -0.1862
vn 0.3363 -0.7528 -0.5659
vn 0.3361 -0.7529 -0.5659
vn 0.3362 -0.7529 -0.5657
vn 0.3365 -0.7530 -0.5655
vn 0.3617 -0.7421 -0.5644
vn 0.4122 -0.7206 -0.5575
vn 0.4120 -0.7207 -0.5576
vn -0.3331 0.9263 0.1759
vn -0.3382 0.9244 0.1763
vn -0.3310 0.9269 0.1771
vn -0.3234 0.9297 0.1763
vn -0.3428 0.9225 0.1777
vn -0.3466 0.9206 0.1798
vn -0.4349 0.8833 -0.1750
vn -0.4362 0.8827 -0.1748
vn -0.4420 0.8804 -0.1721
vn -0.4437 0.8797 -0.1712
vn -0.4249 0.8872 -0.1798
vn -0.4286 0.8857 -0.1786
vn -0.1361 0.8383 0.5279
vn -0.1602 0.8281 0.5373
vn -0.1601 0.8281 0.5372
vn -0.1601 0.8281 0.5373
vn -0.1845 0.8177 0.5453
vn -0.2093 0.8071 0.5521
vn -0.4375 0.7098 -0.5521
vn -0.4375 0.7098 -0.5520
vn -0.4374 0.7098 -0.5521
vn -0.4622 0.6993 -0.5453
vn -0.4866 0.6888 -0.5373
vn -0.4866 0.6888 -0.5374
vn -0.5106 0.6787 -0.5279
vn -0.5107 0.6786 -0.5279
vn -0.4519 0.8758 -0.1696
vn -0.4483 0.8773 -0.1715
vn -0.3161 0.9333 0.1706
vn -0.3164 0.9331 0.1710
vn -0.3032 0.9393 0.1608
vn -0.3082 0.9370 0.1646
vn -0.3006 0.9404 0.1593
vn -0.2960 0.9422 0.1567
vn -0.3138 0.9350 0.1652
vn -0.3139 0.9349 0.1656
vn -0.4655 0.8700 -0.1624
vn -0.4654 0.8700 -0.1624
vn -0.4713 0.8675 -0.1593
vn -0.4745 0.8661 -0.1573
vn -0.4561 0.8741 -0.1674
vn -0.4603 0.8722 -0.1656
vn -0.0448 0.8773 0.4779
vn -0.0449 0.8772 0.4781
vn -0.0447 0.8773 0.4778
vn -0.0671 0.8677 0.4925
vn -0.0670 0.8677 0.4925
vn -0.0894 0.8582 0.5054
vn -0.0890 0.8583 0.5053
vn -0.0894 0.8583 0.5054
vn -0.0893 0.8583 0.5054
vn -0.1125 0.8484 0.5173
vn -0.1123 0.8485 0.5172
vn -0.1124 0.8484 0.5173
vn -0.5343 0.6685 -0.5173
vn -0.5574 0.6587 -0.5054
vn -0.5801 0.6490 -0.4922
vn -0.5800 0.6491 -0.4922
vn -0.5799 0.6491 -0.4923
vn -0.6017 0.6398 -0.4781
vn -0.6019 0.6397 -0.4781
vn -0.6019 0.6395 -0.4782
vn -0.6018 0.6398 -0.4781
vn -0.4793 0.8642 -0.1529
vn -0.4791 0.8643 -0.1532
vn -0.2914 0.9444 0.1524
vn -0.2914 0.9444 0.1526
vn -0.2750 0.9506 0.1441
vn -0.2777 0.9495 0.1461
vn -0.2712 0.9531 0.1341
vn -0.2690 0.9536 0.1355
vn -0.2819 0.9482 0.1464
vn -0.2830 0.9478 0.1470
vn -0.4951 0.8565 -0.1458
vn -0.4946 0.8570 -0.1451
vn -0.4997 0.8554 -0.1363
vn -0.5000 0.8552 -0.1366
vn -0.4845 0.8617 -0.1507
vn -0.4910 0.8588 -0.1464
vn 0.0355 0.9115 0.4098
vn 0.0166 0.9034 0.4285
vn 0.0164 0.9034 0.4285
vn -0.0031 0.8950 0.4460
vn -0.0031 0.8950 0.4461
vn -0.0237 0.8862 0.4626
vn -0.0237 0.8862 0.4627
vn -0.6231 0.6307 -0.4626
vn -0.6436 0.6219 -0.4460
vn -0.6436 0.6219 -0.4461
vn -0.6633 0.6135 -0.4285
vn -0.6825 0.6053 -0.4097
vn -0.6822 0.6055 -0.4098
vn -0.6824 0.6054 -0.4097
vn -0.6825 0.6054 -0.4095
vn -0.5068 0.8523 -0.1296
vn -0.5047 0.8531 -0.1324
vn -0.2642 0.9558 0.1294
vn -0.2663 0.9548 0.1323
vn -0.2505 0.9612 0.1152
vn -0.2546 0.9592 0.1228
vn -0.2458 0.9626 0.1137
vn -0.2461 0.9628 0.1120
vn -0.2554 0.9587 0.1254
vn -0.2568 0.9583 0.1256
vn -0.5185 0.8465 -0.1208
vn -0.5183 0.8466 -0.1208
vn -0.5211 0.8458 -0.1143
vn -0.5244 0.8448 -0.1065
vn -0.5117 0.8494 -0.1293
vn -0.5147 0.8484 -0.1236
vn 0.1021 0.9399 0.3259
vn 0.0869 0.9334 0.3481
vn 0.0870 0.9334 0.3481
vn 0.0708 0.9265 0.3696
vn 0.0536 0.9192 0.3902
vn -0.7004 0.5977 -0.3902
vn -0.7175 0.5904 -0.3696
vn -0.7337 0.5835 -0.3481
vn -0.7338 0.5835 -0.3480
vn -0.7489 0.5770 -0.3258
vn -0.5263 0.8442 -0.1013
vn -0.5265 0.8440 -0.1022
vn -0.2434 0.9646 0.1012
vn -0.2453 0.9638 0.1045
vn -0.2320 0.9688 0.0874
vn -0.2344 0.9679 0.0904
vn -0.2329 0.9695 0.0763
vn -0.2323 0.9695 0.0787
vn -0.2385 0.9668 0.0919
vn -0.2377 0.9669 0.0928
vn -0.5378 0.8384 -0.0888
vn -0.5374 0.8386 -0.0887
vn -0.5368 0.8399 -0.0802
vn -0.5412 0.8374 -0.0760
vn -0.5326 0.8406 -0.0989
vn -0.5343 0.8400 -0.0943
vn 0.1526 0.9613 0.2293
vn 0.1526 0.9613 0.2294
vn 0.1525 0.9613 0.2293
vn 0.1415 0.9567 0.2544
vn 0.1295 0.9515 0.2789
vn 0.1295 0.9516 0.2788
vn 0.1164 0.9460 0.3027
vn 0.1164 0.9459 0.3027
vn -0.7631 0.5710 -0.3027
vn -0.7630 0.5711 -0.3027
vn -0.7762 0.5655 -0.2788
vn -0.7762 0.5656 -0.2787
vn -0.7762 0.5655 -0.2789
vn -0.7883 0.5602 -0.2544
vn -0.7992 0.5556 -0.2293
vn -0.7992 0.5558 -0.2289
vn -0.5452 0.8352 -0.0720
vn -0.5446 0.8356 -0.0718
vn -0.2252 0.9718 0.0697
vn -0.2262 0.9713 0.0734
vn -0.2194 0.9743 0.0511
vn -0.2190 0.9740 0.0577
vn -0.2171 0.9752 0.0439
vn -0.2174 0.9751 0.0444
vn -0.2256 0.9720 0.0656
vn -0.2263 0.9720 0.0635
vn -0.5477 0.8347 -0.0571
vn -0.5470 0.8352 -0.0561
vn -0.5518 0.8325 -0.0497
vn -0.5540 0.8315 -0.0425
vn -0.5468 0.8346 -0.0669
vn -0.5476 0.8348 -0.0580
vn 0.1845 0.9750 0.1240
vn 0.1845 0.9750 0.1241
vn 0.1783 0.9723 0.1509
vn 0.1708 0.9692 0.1775
vn 0.1709 0.9692 0.1775
vn 0.1623 0.9655 0.2036
vn -0.8090 0.5514 -0.2036
vn -0.8176 0.5477 -0.1776
vn -0.8176 0.5477 -0.1775
vn -0.8250 0.5446 -0.1509
vn -0.8312 0.5419 -0.1241
vn -0.8312 0.5419 -0.1240
vn -0.5555 0.8307 -0.0361
vn -0.5552 0.8310 -0.0363
vn -0.2203 0.9748 0.0357
vn -0.2185 0.9750 0.0395
vn -0.2132 0.9769 0.0146
vn -0.2133 0.9768 0.0216
vn -0.2108 0.9775 0.0071
vn -0.2115 0.9774 0.0066
vn -0.2138 0.9765 0.0287
vn -0.2140 0.9764 0.0280
vn -0.5583 0.8294 -0.0195
vn -0.5576 0.8299 -0.0191
vn -0.5550 0.8318 -0.0118
vn -0.5551 0.8317 -0.0069
vn -0.5550 0.8313 -0.0316
vn -0.5562 0.8307 -0.0231
vn 0.1970 0.9803 0.0139
vn 0.1971 0.9803 0.0139
vn 0.1958 0.9798 0.0417
vn 0.1957 0.9798 0.0417
vn 0.1932 0.9787 0.0692
vn 0.1895 0.9771 0.0967
vn -0.8363 0.5396 -0.0967
vn -0.8363 0.5397 -0.0967
vn -0.8364 0.5395 -0.0967
vn -0.8400 0.5382 -0.0692
vn -0.8425 0.5371 -0.0416
vn -0.8437 0.5367 -0.0139
vn -0.8436 0.5367 -0.0139
vn -0.5549 0.8319 -0.0000
vn -0.2161 0.9764 -0.0037
vn -0.2153 0.9765 0.0039
vn -0.2133 0.9767 -0.0217
vn -0.2127 0.9770 -0.0146
vn -0.2140 0.9764 -0.0288
vn -0.2144 0.9763 -0.0283
vn -0.2102 0.9776 -0.0091
vn -0.2109 0.9774 -0.0111
vn -0.5583 0.8294 0.0195
vn -0.5576 0.8299 0.0191
vn -0.5560 0.8309 0.0230
vn -0.5547 0.8314 0.0317
vn -0.5552 0.8317 0.0069
vn -0.5550 0.8318 0.0118
vn 0.1895 0.9771 -0.0967
vn 0.1932 0.9787 -0.0692
vn 0.1957 0.9798 -0.0417
vn 0.1958 0.9798 -0.0417
vn 0.1970 0.9803 -0.0139
vn -0.8437 0.5366 0.0139
vn -0.8425 0.5371 0.0416
vn -0.8400 0.5382 0.0693
vn -0.8400 0.5382 0.0692
vn -0.8362 0.5398 0.0967
vn -0.5555 0.8307 0.0360
vn -0.5551 0.8310 0.0362
vn -0.2200 0.9747 -0.0393
vn -0.2182 0.9754 -0.0323
vn -0.2199 0.9738 -0.0584
vn -0.2198 0.9742 -0.0511
vn -0.2250 0.9721 -0.0663
vn -0.2270 0.9719 -0.0622
vn -0.2170 0.9752 -0.0439
vn -0.2170 0.9751 -0.0448
vn -0.5477 0.8348 0.0568
vn -0.5470 0.8353 0.0560
vn -0.5476 0.8347 0.0580
vn -0.5471 0.8344 0.0668
vn -0.5539 0.8315 0.0425
vn -0.5516 0.8326 0.0497
vn 0.1623 0.9655 -0.2036
vn 0.1626 0.9655 -0.2036
vn 0.1709 0.9692 -0.1775
vn 0.1783 0.9723 -0.1509
vn 0.1844 0.9750 -0.1240
vn 0.1845 0.9750 -0.1241
vn 0.1845 0.9750 -0.1242
vn 0.1845 0.9750 -0.1240
vn -0.8312 0.5419 0.1241
vn -0.8312 0.5419 0.1240
vn -0.8250 0.5446 0.1508
vn -0.8250 0.5446 0.1509
vn -0.8176 0.5478 0.1776
vn -0.8176 0.5477 0.1775
vn -0.8090 0.5513 0.2036
vn -0.8091 0.5514 0.2035
vn -0.8090 0.5514 0.2036
vn -0.5452 0.8352 0.0719
vn -0.5446 0.8356 0.0718
vn -0.2270 0.9711 -0.0738
vn -0.2254 0.9717 -0.0707
vn -0.2335 0.9682 -0.0899
vn -0.2320 0.9689 -0.0862
vn -0.2421 0.9654 -0.0969
vn -0.2404 0.9657 -0.0980
vn -0.2322 0.9697 -0.0759
vn -0.2322 0.9695 -0.0785
vn -0.5378 0.8384 0.0887
vn -0.5374 0.8387 0.0886
vn -0.5342 0.8400 0.0943
vn -0.5325 0.8406 0.0988
vn -0.5412 0.8374 0.0760
vn -0.5367 0.8399 0.0804
vn 0.1164 0.9460 -0.3027
vn 0.1163 0.9460 -0.3027
vn 0.1295 0.9515 -0.2789
vn 0.1295 0.9516 -0.2788
vn 0.1295 0.9516 -0.2789
vn 0.1415 0.9567 -0.2544
vn 0.1525 0.9613 -0.2293
vn -0.7992 0.5557 0.2293
vn -0.7992 0.5556 0.2294
vn -0.7992 0.5556 0.2293
vn -0.7883 0.5602 0.2544
vn -0.7883 0.5603 0.2545
vn -0.7762 0.5654 0.2789
vn -0.7762 0.5655 0.2788
vn -0.7763 0.5654 0.2789
vn -0.7631 0.5710 0.3027
vn -0.5264 0.8442 0.1009
vn -0.5264 0.8441 0.1021
vn -0.2451 0.9639 -0.1036
vn -0.2426 0.9649 -0.1009
vn -0.2551 0.9593 -0.1212
vn -0.2494 0.9616 -0.1145
vn -0.2549 0.9587 -0.1263
vn -0.2570 0.9581 -0.1267
vn -0.2467 0.9624 -0.1139
vn -0.2467 0.9625 -0.1125
vn -0.5184 0.8466 0.1207
vn -0.5181 0.8468 0.1208
vn -0.5146 0.8485 0.1238
vn -0.5124 0.8491 0.1285
vn -0.5248 0.8445 0.1067
vn -0.5212 0.8457 0.1144
vn 0.0536 0.9192 -0.3902
vn 0.0707 0.9265 -0.3696
vn 0.0869 0.9334 -0.3481
vn 0.1020 0.9399 -0.3258
vn 0.1022 0.9399 -0.3259
vn -0.7489 0.5771 0.3258
vn -0.7489 0.5770 0.3258
vn -0.7337 0.5835 0.3481
vn -0.7338 0.5834 0.3481
vn -0.7175 0.5904 0.3696
vn -0.7004 0.5977 0.3902
vn -0.5055 0.8529 0.1306
vn -0.5057 0.8527 0.1310
vn -0.2658 0.9550 -0.1317
vn -0.2635 0.9559 -0.1294
vn -0.2770 0.9497 -0.1461
vn -0.2745 0.9508 -0.1435
vn -0.2857 0.9471 -0.1462
vn -0.2860 0.9466 -0.1486
vn -0.2736 0.9518 -0.1388
vn -0.2725 0.9520 -0.1393
vn -0.4951 0.8565 0.1458
vn -0.4946 0.8570 0.1451
vn -0.4912 0.8586 0.1467
vn -0.4845 0.8617 0.1508
vn -0.5013 0.8546 0.1358
vn -0.4981 0.8561 0.1379
vn -0.0237 0.8862 -0.4627
vn -0.0237 0.8862 -0.4626
vn -0.0238 0.8862 -0.4627
vn -0.0240 0.8862 -0.4627
vn -0.0031 0.8950 -0.4461
vn 0.0166 0.9034 -0.4285
vn 0.0165 0.9034 -0.4285
vn 0.0355 0.9115 -0.4098
vn -0.6822 0.6055 0.4098
vn -0.6823 0.6055 0.4097
vn -0.6823 0.6054 0.4098
vn -0.6822 0.6055 0.4099
vn -0.6634 0.6135 0.4285
vn -0.6634 0.6134 0.4285
vn -0.6436 0.6218 0.4462
vn -0.6436 0.6219 0.4461
vn -0.6231 0.6307 0.4626
vn -0.6230 0.6307 0.4626
vn -0.4792 0.8643 0.1530
vn -0.4792 0.8643 0.1531
vn -0.2931 0.9435 -0.1544
vn -0.2890 0.9452 -0.1520
vn -0.3082 0.9370 -0.1643
vn -0.3031 0.9393 -0.1608
vn -0.3136 0.9351 -0.1650
vn -0.3129 0.9353 -0.1651
vn -0.2986 0.9413 -0.1572
vn -0.2987 0.9413 -0.1573
vn -0.4654 0.8701 0.1622
vn -0.4654 0.8700 0.1624
vn -0.4608 0.8720 0.1654
vn -0.4552 0.8745 0.1676
vn -0.4745 0.8661 0.1569
vn -0.4710 0.8677 0.1593
vn -0.1124 0.8484 -0.5173
vn -0.1124 0.8484 -0.5172
vn -0.0893 0.8582 -0.5055
vn -0.0893 0.8582 -0.5054
vn -0.0669 0.8678 -0.4924
vn -0.0668 0.8678 -0.4923
vn -0.0670 0.8677 -0.4925
vn -0.0448 0.8773 -0.4779
vn -0.0447 0.8773 -0.4778
vn -0.0448 0.8772 -0.4779
vn -0.0449 0.8771 -0.4781
vn -0.6018 0.6397 0.4781
vn -0.6019 0.6397 0.4781
vn -0.5799 0.6490 0.4924
vn -0.5799 0.6491 0.4923
vn -0.5575 0.6587 0.5054
vn -0.5574 0.6587 0.5055
vn -0.5574 0.6587 0.5054
vn -0.5343 0.6685 0.5173
vn -0.5344 0.6685 0.5173
vn -0.5343 0.6685 0.5172
vn -0.4501 0.8768 0.1693
vn -0.4502 0.8767 0.1696
vn -0.3234 0.9302 -0.1739
vn -0.3163 0.9333 -0.1700
vn -0.3389 0.9240 -0.1773
vn -0.3335 0.9263 -0.1755
vn -0.3451 0.9215 -0.1781
vn -0.3469 0.9205 -0.1796
vn -0.3287 0.9273 -0.1792
vn -0.3263 0.9283 -0.1786
vn -0.4347 0.8834 0.1752
vn -0.4363 0.8826 0.1749
vn -0.4284 0.8857 0.1788
vn -0.4250 0.8871 0.1799
vn -0.4463 0.8781 0.1724
vn -0.4392 0.8809 0.1762
vn -0.2093 0.8071 -0.5521
vn -0.1846 0.8177 -0.5453
vn -0.1847 0.8177 -0.5453
vn -0.1845 0.8177 -0.5453
vn -0.1601 0.8281 -0.5373
vn -0.1361 0.8383 -0.5279
vn -0.1361 0.8383 -0.5280
vn -0.5107 0.6785 0.5281
vn -0.5106 0.6784 0.5283
vn -0.4867 0.6888 0.5373
vn -0.4866 0.6888 0.5374
vn -0.4622 0.6993 0.5453
vn -0.4374 0.7098 0.5521
vn -0.4375 0.7098 0.5521
vn -0.4374 0.7099 0.5520
vn -0.4190 0.8898 0.1809
vn -0.4191 0.8897 0.1811
vn -0.3540 0.9175 -0.1815
vn -0.3504 0.9189 -0.1810
vn -0.3715 0.9094 -0.1871
vn -0.3652 0.9120 -0.1870
vn -0.3775 0.9067 -0.1881
vn -0.3773 0.9069 -0.1877
vn -0.3586 0.9146 -0.1870
vn -0.3600 0.9142 -0.1862
vn -0.4014 0.8976 0.1823
vn -0.4017 0.8973 0.1832
vn -0.3965 0.8988 0.1869
vn -0.3927 0.9002 0.1883
vn -0.4138 0.8922 0.1811
vn -0.4069 0.8947 0.1845
vn -0.3106 0.7639 -0.5657
vn -0.2851 0.7748 -0.5643
vn -0.2595 0.7856 -0.5617
vn -0.2597 0.7856 -0.5616
vn -0.2344 0.7964 -0.5575
vn -0.4122 0.7206 0.5576
vn -0.4120 0.7207 0.5576
vn -0.4122 0.7206 0.5575
vn -0.4124 0.7205 0.5575
vn -0.3872 0.7312 0.5616
vn -0.3871 0.7313 0.5616
vn -0.3617 0.7421 0.5643
vn -0.3361 0.7530 0.5657
vn -0.3362 0.7530 0.5657
vn -0.3361 0.7531 0.5657
vn -0.3822 0.9053 0.1853
vn -0.3842 0.9047 0.1838
vn -0.3884 0.9032 -0.1829
vn -0.3814 0.9054 -0.1864
vn -0.4045 0.8959 -0.1836
vn -0.4002 0.8979 -0.1834
vn -0.4098 0.8939 -0.1816
vn -0.4096 0.8939 -0.1821
vn -0.3921 0.9014 -0.1835
vn -0.3915 0.9016 -0.1841
vn -0.3706 0.9106 0.1830
vn -0.3704 0.9106 0.1834
vn -0.3622 0.9141 0.1823
vn -0.3578 0.9158 0.1823
vn -0.3773 0.9067 0.1886
vn -0.3739 0.9085 0.1866
vn -0.4123 0.7205 -0.5575
vn -0.3872 0.7312 -0.5616
vn -0.3871 0.7312 -0.5616
vn -0.3616 0.7421 -0.5643
vn -0.3615 0.7423 -0.5642
vn -0.2596 0.7856 0.5616
vn -0.3493 0.9186 0.1849
vn -0.3509 0.9180 0.1849
vn -0.4225 0.8878 -0.1826
vn -0.4147 0.8911 -0.1845
vn -0.4369 0.8815 -0.1790
vn -0.4335 0.8830 -0.1802
vn -0.4444 0.8780 -0.1777
vn -0.4445 0.8782 -0.1766
vn -0.4302 0.8844 -0.1810
vn -0.4286 0.8858 -0.1781
vn -0.3351 0.9246 0.1812
vn -0.3345 0.9249 0.1807
vn -0.3283 0.9277 0.1777
vn -0.3248 0.9294 0.1755
vn -0.3467 0.9204 0.1808
vn -0.3447 0.9216 0.1787
vn -0.5107 0.6786 -0.5280
vn -0.4866 0.6889 -0.5373
vn -0.4622 0.6992 -0.5454
vn -0.4374 0.7098 -0.5522
vn -0.4373 0.7098 -0.5522
vn -0.3184 0.9317 0.1746
vn -0.3211 0.9306 0.1758
vn -0.4516 0.8759 -0.1699
vn -0.4486 0.8771 -0.1720
vn -0.4679 0.8683 -0.1648
vn -0.4648 0.8697 -0.1661
vn -0.4732 0.8657 -0.1632
vn -0.4768 0.8642 -0.1606
vn -0.4601 0.8715 -0.1700
vn -0.4598 0.8717 -0.1693
vn -0.3037 0.9382 0.1658
vn -0.3041 0.9381 0.1656
vn -0.3014 0.9402 0.1590
vn -0.2956 0.9423 0.1573
vn -0.3132 0.9343 0.1702
vn -0.3101 0.9356 0.1686
vn -0.6018 0.6397 -0.4781
vn -0.6018 0.6397 -0.4782
vn -0.5574 0.6588 -0.5052
vn -0.5574 0.6586 -0.5055
vn -0.1124 0.8483 0.5174
vn -0.0895 0.8583 0.5053
vn -0.0899 0.8584 0.5050
vn -0.0893 0.8582 0.5054
vn -0.0668 0.8678 0.4924
vn -0.0668 0.8677 0.4925
vn -0.0449 0.8772 0.4780
vn -0.0448 0.8772 0.4781
vn -0.2925 0.9439 0.1532
vn -0.2918 0.9441 0.1537
vn -0.4831 0.8624 -0.1513
vn -0.4773 0.8649 -0.1555
vn -0.4951 0.8572 -0.1413
vn -0.4912 0.8591 -0.1437
vn -0.4994 0.8556 -0.1358
vn -0.4995 0.8556 -0.1355
vn -0.4887 0.8592 -0.1515
vn -0.4881 0.8596 -0.1508
vn -0.2778 0.9503 0.1403
vn -0.2786 0.9498 0.1420
vn -0.2732 0.9517 0.1399
vn -0.2710 0.9532 0.1344
vn -0.2833 0.9470 0.1518
vn -0.2809 0.9481 0.1490
vn -0.6823 0.6054 -0.4098
vn -0.2658 0.9551 0.1306
vn -0.2655 0.9552 0.1307
vn -0.5068 0.8524 -0.1288
vn -0.5040 0.8535 -0.1323
vn -0.5198 0.8461 -0.1180
vn -0.5172 0.8474 -0.1206
vn -0.5217 0.8462 -0.1085
vn -0.5222 0.8458 -0.1091
vn -0.5122 0.8491 -0.1290
vn -0.5153 0.8482 -0.1228
vn -0.2570 0.9593 0.1172
vn -0.2505 0.9606 0.1205
vn -0.2505 0.9618 0.1108
vn -0.2473 0.9629 0.1079
vn -0.2612 0.9571 0.1255
vn -0.2577 0.9585 0.1217
vn -0.7002 0.5978 -0.3903
vn -0.7004 0.5977 -0.3900
vn 0.0536 0.9192 0.3900
vn 0.0536 0.9192 0.3901
vn 0.0537 0.9193 0.3900
vn 0.0706 0.9265 0.3697
vn 0.0706 0.9264 0.3698
vn 0.0704 0.9264 0.3699
vn 0.1020 0.9399 0.3258
vn 0.1021 0.9399 0.3258
vn -0.2458 0.9640 0.1014
vn -0.2468 0.9637 0.1018
vn -0.5270 0.8439 -0.1005
vn -0.5257 0.8442 -0.1049
vn -0.5379 0.8387 -0.0847
vn -0.5388 0.8378 -0.0880
vn -0.5432 0.8357 -0.0809
vn -0.5425 0.8362 -0.0802
vn -0.5345 0.8396 -0.0970
vn -0.5338 0.8401 -0.0965
vn -0.2355 0.9682 0.0843
vn -0.2355 0.9681 0.0853
vn -0.2303 0.9696 0.0823
vn -0.2283 0.9704 0.0789
vn -0.2411 0.9656 0.0978
vn -0.2397 0.9664 0.0928
vn -0.7992 0.5557 -0.2293
vn -0.7884 0.5601 -0.2544
vn -0.7763 0.5653 -0.2789
vn -0.7632 0.5709 -0.3027
vn -0.7632 0.5708 -0.3027
vn 0.1163 0.9460 0.3027
vn 0.1295 0.9516 0.2789
vn 0.1414 0.9567 0.2545
vn 0.1525 0.9613 0.2294
vn -0.2289 0.9710 0.0688
vn -0.2284 0.9711 0.0696
vn -0.5425 0.8372 -0.0692
vn -0.5415 0.8375 -0.0735
vn -0.5487 0.8344 -0.0517
vn -0.5476 0.8349 -0.0554
vn -0.5499 0.8341 -0.0442
vn -0.5498 0.8341 -0.0443
vn -0.5451 0.8360 -0.0621
vn -0.5451 0.8360 -0.0622
vn -0.2244 0.9729 0.0550
vn -0.2236 0.9730 0.0567
vn -0.2213 0.9741 0.0470
vn -0.2203 0.9745 0.0428
vn -0.2270 0.9718 0.0643
vn -0.2243 0.9727 0.0592
vn -0.8312 0.5420 -0.1240
vn -0.8249 0.5447 -0.1509
vn -0.8176 0.5478 -0.1775
vn -0.8090 0.5515 -0.2036
vn 0.1622 0.9655 0.2036
vn -0.2210 0.9747 0.0345
vn -0.2201 0.9747 0.0388
vn -0.5523 0.8330 -0.0332
vn -0.5514 0.8334 -0.0384
vn -0.5577 0.8299 -0.0163
vn -0.5570 0.8302 -0.0212
vn -0.5586 0.8294 -0.0090
vn -0.5586 0.8294 -0.0088
vn -0.5547 0.8316 -0.0273
vn -0.5555 0.8312 -0.0234
vn -0.2133 0.9768 0.0207
vn -0.2137 0.9767 0.0208
vn -0.2154 0.9764 0.0130
vn -0.2162 0.9763 0.0055
vn -0.2144 0.9763 0.0298
vn -0.2140 0.9765 0.0252
vn -0.8437 0.5366 -0.0139
vn -0.8437 0.5366 -0.0138
vn -0.8399 0.5382 -0.0693
vn -0.8399 0.5382 -0.0692
vn -0.8399 0.5384 -0.0694
vn -0.8362 0.5399 -0.0965
vn -0.8362 0.5398 -0.0968
vn -0.8362 0.5399 -0.0966
vn -0.8362 0.5400 -0.0964
vn 0.1894 0.9771 0.0967
vn 0.1892 0.9772 0.0968
vn 0.1953 0.9799 0.0418
vn -0.2175 0.9761 -0.0000
vn -0.2174 0.9761 -0.0000
vn -0.5582 0.8297 0.0028
vn -0.5582 0.8297 -0.0029
vn -0.5573 0.8301 0.0209
vn -0.5574 0.8301 0.0158
vn -0.5540 0.8319 0.0312
vn -0.5539 0.8321 0.0306
vn -0.5586 0.8294 0.0090
vn -0.5586 0.8294 0.0091
vn -0.2132 0.9768 -0.0207
vn -0.2137 0.9767 -0.0208
vn -0.2141 0.9765 -0.0252
vn -0.2145 0.9763 -0.0297
vn -0.2160 0.9764 -0.0054
vn -0.2153 0.9765 -0.0131
vn -0.8362 0.5399 0.0966
vn -0.8361 0.5400 0.0965
vn -0.8362 0.5398 0.0966
vn -0.8425 0.5371 0.0415
vn -0.8437 0.5367 0.0140
vn -0.8436 0.5367 0.0139
vn -0.8437 0.5366 0.0140
vn 0.1957 0.9798 -0.0416
vn 0.1894 0.9771 -0.0967
vn -0.2212 0.9746 -0.0349
vn -0.2199 0.9747 -0.0389
vn -0.5512 0.8335 0.0379
vn -0.5524 0.8329 0.0331
vn -0.5476 0.8349 0.0555
vn -0.5486 0.8345 0.0517
vn -0.5452 0.8360 0.0621
vn -0.5453 0.8359 0.0620
vn -0.5499 0.8341 0.0442
vn -0.5499 0.8340 0.0440
vn -0.2245 0.9729 -0.0548
vn -0.2237 0.9730 -0.0567
vn -0.2243 0.9727 -0.0591
vn -0.2270 0.9718 -0.0643
vn -0.2204 0.9745 -0.0428
vn -0.2213 0.9741 -0.0470
vn -0.8176 0.5478 0.1775
vn 0.1622 0.9655 -0.2036
vn 0.1622 0.9655 -0.2037
vn -0.2291 0.9710 -0.0689
vn -0.2285 0.9710 -0.0697
vn -0.5415 0.8375 0.0735
vn -0.5429 0.8370 0.0686
vn -0.5362 0.8390 0.0926
vn -0.5383 0.8385 0.0842
vn -0.5343 0.8396 0.0974
vn -0.5335 0.8402 0.0969
vn -0.5424 0.8361 0.0823
vn -0.5420 0.8364 0.0815
vn -0.2360 0.9680 -0.0849
vn -0.2356 0.9681 -0.0858
vn -0.2396 0.9664 -0.0928
vn -0.2412 0.9656 -0.0977
vn -0.2283 0.9704 -0.0789
vn -0.2303 0.9696 -0.0823
vn -0.7763 0.5653 0.2789
vn -0.7883 0.5603 0.2544
vn 0.1163 0.9460 -0.3026
vn -0.2458 0.9640 -0.1015
vn -0.2468 0.9637 -0.1020
vn -0.5257 0.8443 0.1041
vn -0.5276 0.8435 0.1004
vn -0.5179 0.8470 0.1202
vn -0.5199 0.8461 0.1171
vn -0.5119 0.8494 0.1282
vn -0.5114 0.8498 0.1275
vn -0.5208 0.8466 0.1096
vn -0.5212 0.8463 0.1104
vn -0.2559 0.9598 -0.1153
vn -0.2500 0.9608 -0.1199
vn -0.2581 0.9584 -0.1220
vn -0.2610 0.9571 -0.1256
vn -0.2473 0.9629 -0.1079
vn -0.2506 0.9617 -0.1109
vn -0.7004 0.5977 0.3901
vn 0.1022 0.9399 -0.3258
vn 0.0865 0.9334 -0.3483
vn 0.0708 0.9265 -0.3696
vn 0.0536 0.9192 -0.3901
vn -0.2658 0.9551 -0.1306
vn -0.2655 0.9552 -0.1307
vn -0.5042 0.8535 0.1317
vn -0.5072 0.8522 0.1287
vn -0.4911 0.8590 0.1446
vn -0.4941 0.8578 0.1415
vn -0.4889 0.8591 0.1515
vn -0.4883 0.8596 0.1508
vn -0.4995 0.8556 0.1359
vn -0.4994 0.8557 0.1355
vn -0.2778 0.9503 -0.1403
vn -0.2786 0.9498 -0.1420
vn -0.2809 0.9481 -0.1490
vn -0.2833 0.9469 -0.1518
vn -0.2710 0.9532 -0.1344
vn -0.2732 0.9517 -0.1399
vn -0.6633 0.6135 0.4285
vn -0.6823 0.6055 0.4098
vn -0.6822 0.6056 0.4098
vn 0.0356 0.9115 -0.4097
vn 0.0355 0.9115 -0.4097
vn 0.0356 0.9115 -0.4098
vn 0.0166 0.9034 -0.4286
vn -0.0237 0.8863 -0.4626
vn -0.2923 0.9440 -0.1531
vn -0.2918 0.9441 -0.1537
vn -0.4786 0.8646 0.1530
vn -0.4831 0.8622 0.1524
vn -0.4651 0.8695 0.1662
vn -0.4681 0.8682 0.1646
vn -0.4593 0.8717 0.1707
vn -0.4586 0.8722 0.1701
vn -0.4721 0.8664 0.1626
vn -0.4713 0.8671 0.1615
vn -0.3037 0.9382 -0.1659
vn -0.3041 0.9381 -0.1656
vn -0.3100 0.9356 -0.1687
vn -0.3133 0.9342 -0.1704
vn -0.2958 0.9422 -0.1574
vn -0.3003 0.9406 -0.1585
vn -0.5797 0.6492 0.4923
vn -0.0449 0.8772 -0.4780
vn -0.0449 0.8771 -0.4782
vn -0.0668 0.8678 -0.4924
vn -0.0668 0.8678 -0.4925
vn -0.0668 0.8677 -0.4925
vn -0.1123 0.8485 -0.5172
vn -0.3184 0.9316 -0.1754
vn -0.3220 0.9315 -0.1692
vn -0.4492 0.8769 0.1710
vn -0.4526 0.8753 0.1700
vn -0.4341 0.8827 0.1803
vn -0.4372 0.8815 0.1785
vn -0.4287 0.8859 0.1772
vn -0.4266 0.8867 0.1782
vn -0.4430 0.8787 0.1782
vn -0.4425 0.8790 0.1774
vn -0.3349 0.9247 -0.1810
vn -0.3344 0.9249 -0.1807
vn -0.3456 0.9209 -0.1804
vn -0.3468 0.9203 -0.1814
vn -0.3247 0.9294 -0.1755
vn -0.3285 0.9276 -0.1777
vn -0.4373 0.7098 0.5521
vn -0.4375 0.7098 0.5520
vn -0.4866 0.6888 0.5373
vn -0.5107 0.6786 0.5280
vn -0.5107 0.6786 0.5279
vn -0.1361 0.8384 -0.5278
vn -0.3501 0.9182 -0.1856
vn -0.3512 0.9178 -0.1850
vn -0.4153 0.8909 0.1837
vn -0.4218 0.8875 0.1855
vn -0.4000 0.8979 0.1835
vn -0.4043 0.8961 0.1833
vn -0.3929 0.9012 0.1831
vn -0.3926 0.9014 0.1828
vn -0.4102 0.8938 0.1815
vn -0.4106 0.8935 0.1817
vn -0.3696 0.9110 -0.1829
vn -0.3695 0.9110 -0.1834
vn -0.3737 0.9087 -0.1861
vn -0.3745 0.9080 -0.1876
vn -0.3578 0.9158 -0.1823
vn -0.3621 0.9141 -0.1824
vn -0.2344 0.7963 -0.5576
vn -0.2344 0.7962 -0.5578
vn -0.2596 0.7857 -0.5615
vn -0.2597 0.7857 -0.5615
vn -0.2596 0.7858 -0.5614
vn -0.3106 0.7638 -0.5657
vn -0.3106 0.7639 -0.5656
vn 0.9362 0.2326 -0.2637
vn 0.9361 0.2326 -0.2637
vn 0.9362 0.2326 -0.2636
vn 0.9233 0.2271 -0.3099
vn 0.9232 0.2271 -0.3099
vn 0.8160 0.5145 -0.2636
vn 0.8030 0.5090 -0.3099
vn 0.8030 0.5090 -0.3100
vn 0.8030 0.5090 -0.3098
vn 0.9746 -0.1166 -0.1911
vn 0.9651 -0.1207 -0.2326
vn 0.9536 -0.1255 -0.2735
vn 0.9404 -0.1312 -0.3138
vn 0.9082 0.2207 -0.3556
vn 0.7883 0.5021 -0.3556
vn 0.7880 0.5026 -0.3556
vn 0.7880 0.5027 -0.3554
vn 0.7880 0.5025 -0.3556
vn 0.5564 0.7694 -0.3138
vn 0.5697 0.7750 -0.2735
vn 0.5811 0.7799 -0.2326
vn 0.5906 0.7840 -0.1911
vn 0.8268 0.5191 -0.2166
vn 0.9470 0.2372 -0.2166
vn -0.0068 -0.1695 0.9855
vn -0.0511 -0.1884 0.9808
vn -0.0512 -0.1883 0.9808
vn -0.1270 0.1124 0.9855
vn -0.1712 0.0934 0.9808
vn -0.1714 0.0936 0.9807
vn -0.1713 0.0935 0.9808
vn 0.1723 -0.4587 0.8717
vn 0.1330 -0.4755 0.8696
vn 0.1330 -0.4756 0.8696
vn 0.0938 -0.4921 0.8655
vn 0.0938 -0.4921 0.8654
vn 0.0549 -0.5087 0.8592
vn 0.0550 -0.5089 0.8591
vn 0.0549 -0.5088 0.8591
vn -0.0953 -0.2072 0.9736
vn -0.0953 -0.2072 0.9737
vn -0.2155 0.0747 0.9736
vn -0.3291 0.3918 0.8592
vn -0.3292 0.3918 0.8592
vn -0.2902 0.4084 0.8654
vn -0.2510 0.4251 0.8697
vn -0.2510 0.4251 0.8696
vn -0.2118 0.4420 0.8717
vn -0.2117 0.4419 0.8717
vn -0.2119 0.4420 0.8716
vn -0.2122 0.4421 0.8715
vn -0.0824 0.1314 0.9879
vn 0.0377 -0.1505 0.9879
vn 0.8720 0.2054 0.4444
vn 0.8720 0.2054 0.4443
vn 0.8720 0.2053 0.4443
vn 0.8510 0.1963 0.4871
vn 0.7518 0.4872 0.4444
vn 0.7518 0.4871 0.4444
vn 0.7308 0.4782 0.4871
vn 0.9253 -0.1376 0.3535
vn 0.9253 -0.1376 0.3534
vn 0.9085 -0.1448 0.3921
vn 0.8899 -0.1527 0.4298
vn 0.8697 -0.1614 0.4665
vn 0.8697 -0.1613 0.4665
vn 0.8281 0.1865 0.5286
vn 0.8281 0.1866 0.5286
vn 0.7079 0.4683 0.5287
vn 0.7079 0.4682 0.5288
vn 0.7079 0.4684 0.5287
vn 0.7079 0.4684 0.5286
vn 0.4856 0.7392 0.4667
vn 0.4857 0.7393 0.4665
vn 0.4856 0.7393 0.4665
vn 0.5059 0.7479 0.4298
vn 0.5245 0.7557 0.3921
vn 0.5245 0.7558 0.3921
vn 0.5413 0.7630 0.3534
vn 0.7709 0.4953 0.4005
vn 0.8911 0.2134 0.4005
vn 0.8911 0.2135 0.4005
vn 0.8718 0.2052 -0.4448
vn 0.8720 0.2053 -0.4443
vn 0.8721 0.2053 -0.4443
vn 0.8510 0.1963 -0.4870
vn 0.8511 0.1963 -0.4870
vn 0.7519 0.4871 -0.4443
vn 0.7518 0.4871 -0.4443
vn 0.7308 0.4782 -0.4871
vn 0.7308 0.4782 -0.4870
vn 0.9253 -0.1377 -0.3534
vn 0.9253 -0.1377 -0.3533
vn 0.9084 -0.1448 -0.3921
vn 0.9085 -0.1448 -0.3921
vn 0.9085 -0.1447 -0.3921
vn 0.8899 -0.1527 -0.4298
vn 0.8899 -0.1526 -0.4298
vn 0.8900 -0.1524 -0.4298
vn 0.8697 -0.1613 -0.4665
vn 0.8281 0.1865 -0.5286
vn 0.7079 0.4684 -0.5286
vn 0.4857 0.7392 -0.4666
vn 0.4857 0.7392 -0.4665
vn 0.5059 0.7479 -0.4298
vn 0.5245 0.7558 -0.3921
vn 0.5413 0.7629 -0.3534
vn 0.7709 0.4953 -0.4005
vn 0.8911 0.2134 -0.4005
vn 0.8911 0.2133 -0.4005
vn -0.0068 -0.1695 -0.9855
vn -0.0512 -0.1884 -0.9808
vn -0.0511 -0.1884 -0.9808
vn -0.1270 0.1124 -0.9855
vn -0.1713 0.0935 -0.9808
vn 0.1723 -0.4587 -0.8717
vn 0.1330 -0.4755 -0.8696
vn 0.0938 -0.4923 -0.8654
vn 0.0938 -0.4921 -0.8655
vn 0.0549 -0.5088 -0.8591
vn -0.0953 -0.2072 -0.9736
vn -0.2154 0.0747 -0.9737
vn -0.2155 0.0747 -0.9736
vn -0.2156 0.0748 -0.9736
vn -0.3290 0.3919 -0.8592
vn -0.3291 0.3919 -0.8591
vn -0.3291 0.3918 -0.8592
vn -0.3290 0.3920 -0.8591
vn -0.2902 0.4085 -0.8654
vn -0.2901 0.4084 -0.8655
vn -0.2902 0.4084 -0.8655
vn -0.2901 0.4084 -0.8654
vn -0.2510 0.4251 -0.8696
vn -0.2117 0.4419 -0.8717
vn -0.0824 0.1314 -0.9879
vn -0.0823 0.1315 -0.9879
vn 0.0377 -0.1506 -0.9879
vn 0.0376 -0.1505 -0.9879
vn 0.0377 -0.1505 -0.9879
vn 0.9362 0.2326 0.2637
vn 0.9362 0.2326 0.2636
vn 0.9361 0.2326 0.2637
vn 0.9232 0.2271 0.3100
vn 0.9232 0.2271 0.3099
vn 0.8160 0.5145 0.2636
vn 0.8030 0.5090 0.3100
vn 0.9746 -0.1166 0.1911
vn 0.9651 -0.1207 0.2326
vn 0.9536 -0.1256 0.2735
vn 0.9404 -0.1312 0.3138
vn 0.9082 0.2207 0.3556
vn 0.7880 0.5026 0.3556
vn 0.5564 0.7694 0.3138
vn 0.5697 0.7750 0.2735
vn 0.5814 0.7798 0.2323
vn 0.5815 0.7796 0.2325
vn 0.5813 0.7799 0.2322
vn 0.5811 0.7799 0.2325
vn 0.5906 0.7840 0.1911
vn 0.5906 0.7839 0.1915
vn 0.8268 0.5191 0.2166
vn 0.8268 0.5191 0.2165
vn 0.9470 0.2372 0.2166
vn 0.9470 0.2372 0.2165
vn 0.7767 0.1645 -0.6080
vn 0.7767 0.1646 -0.6080
vn 0.7484 0.1527 -0.6454
vn 0.7484 0.1526 -0.6454
vn 0.6565 0.4465 -0.6080
vn 0.6282 0.4345 -0.6454
vn 0.6282 0.4344 -0.6455
vn 0.6282 0.4344 -0.6454
vn 0.8477 -0.1708 -0.5022
vn 0.8478 -0.1707 -0.5021
vn 0.8243 -0.1807 -0.5365
vn 0.7994 -0.1913 -0.5695
vn 0.7729 -0.2026 -0.6013
vn 0.7184 0.1398 -0.6814
vn 0.7183 0.1398 -0.6815
vn 0.7185 0.1398 -0.6814
vn 0.5983 0.4217 -0.6814
vn 0.3890 0.6979 -0.6013
vn 0.3890 0.6980 -0.6013
vn 0.4155 0.7093 -0.5695
vn 0.4154 0.7093 -0.5695
vn 0.4153 0.7094 -0.5695
vn 0.4403 0.7199 -0.5365
vn 0.4403 0.7199 -0.5366
vn 0.4638 0.7299 -0.5021
vn 0.4640 0.7298 -0.5021
vn 0.4639 0.7299 -0.5021
vn 0.6830 0.4580 -0.5690
vn 0.6829 0.4580 -0.5690
vn 0.8033 0.1759 -0.5690
vn -0.1823 -0.2443 -0.9524
vn -0.1824 -0.2443 -0.9524
vn -0.2250 -0.2624 -0.9383
vn -0.2250 -0.2625 -0.9383
vn -0.3026 0.0375 -0.9524
vn -0.3453 0.0194 -0.9383
vn -0.3454 0.0194 -0.9383
vn -0.3452 0.0193 -0.9383
vn -0.3452 0.0194 -0.9383
vn 0.0162 -0.5252 -0.8508
vn -0.0220 -0.5415 -0.8404
vn -0.0598 -0.5578 -0.8278
vn -0.0597 -0.5577 -0.8279
vn -0.0597 -0.5578 -0.8278
vn -0.0966 -0.5733 -0.8136
vn -0.0966 -0.5733 -0.8137
vn -0.0967 -0.5733 -0.8136
vn -0.2670 -0.2804 -0.9220
vn -0.3872 0.0014 -0.9220
vn -0.3872 0.0015 -0.9220
vn -0.4806 0.3272 -0.8136
vn -0.4807 0.3272 -0.8136
vn -0.4436 0.3429 -0.8280
vn -0.4436 0.3430 -0.8280
vn -0.4060 0.3591 -0.8404
vn -0.3678 0.3754 -0.8508
vn -0.2593 0.0560 -0.9642
vn -0.1391 -0.2259 -0.9642
vn -0.1392 -0.2259 -0.9642
vn 0.9666 0.2456 0.0727
vn 0.9623 0.2437 0.1209
vn 0.8464 0.5275 0.0727
vn 0.8465 0.5275 0.0727
vn 0.8421 0.5256 0.1209
vn 0.9939 -0.1084 0.0214
vn 0.9939 -0.1084 0.0213
vn 0.9919 -0.1093 0.0641
vn 0.9919 -0.1092 0.0642
vn 0.9881 -0.1108 0.1067
vn 0.9881 -0.1109 0.1067
vn 0.9823 -0.1132 0.1491
vn 0.9823 -0.1129 0.1494
vn 0.9823 -0.1133 0.1490
vn 0.9557 0.2409 0.1689
vn 0.8357 0.5227 0.1686
vn 0.8356 0.5228 0.1689
vn 0.5983 0.7873 0.1490
vn 0.5983 0.7873 0.1489
vn 0.6041 0.7897 0.1068
vn 0.6041 0.7897 0.1067
vn 0.6080 0.7914 0.0642
vn 0.6080 0.7913 0.0642
vn 0.6098 0.7922 0.0214
vn 0.6099 0.7922 0.0214
vn 0.8486 0.5284 0.0243
vn 0.8486 0.5285 0.0243
vn 0.9688 0.2465 0.0243
vn 0.9688 0.2465 0.0244
vn 0.6538 0.1122 -0.7483
vn 0.6194 0.0975 -0.7790
vn 0.5336 0.3941 -0.7483
vn 0.4992 0.3794 -0.7790
vn 0.7452 -0.2145 -0.6314
vn 0.7453 -0.2145 -0.6312
vn 0.7451 -0.2145 -0.6315
vn 0.7159 -0.2269 -0.6603
vn 0.7159 -0.2270 -0.6602
vn 0.7157 -0.2267 -0.6605
vn 0.6855 -0.2399 -0.6874
vn 0.6854 -0.2400 -0.6875
vn 0.6540 -0.2533 -0.7128
vn 0.6539 -0.2534 -0.7129
vn 0.5835 0.0822 -0.8079
vn 0.5836 0.0821 -0.8079
vn 0.4634 0.3642 -0.8078
vn 0.4634 0.3642 -0.8079
vn 0.4634 0.3641 -0.8079
vn 0.2699 0.6472 -0.7129
vn 0.2699 0.6473 -0.7129
vn 0.3015 0.6607 -0.6874
vn 0.3319 0.6737 -0.6603
vn 0.3319 0.6737 -0.6602
vn 0.3611 0.6861 -0.6316
vn 0.5667 0.4082 -0.7157
vn 0.6869 0.1263 -0.7157
vn -0.3486 -0.3152 -0.8827
vn -0.3879 -0.3320 -0.8598
vn -0.4688 -0.0333 -0.8827
vn -0.5080 -0.0502 -0.8599
vn -0.5081 -0.0501 -0.8598
vn -0.1331 -0.5889 -0.7972
vn -0.1331 -0.5889 -0.7971
vn -0.1687 -0.6041 -0.7789
vn -0.2034 -0.6189 -0.7587
vn -0.2035 -0.6189 -0.7587
vn -0.2370 -0.6333 -0.7368
vn -0.2371 -0.6333 -0.7367
vn -0.4262 -0.3483 -0.8349
vn -0.5464 -0.0664 -0.8349
vn -0.6211 0.2674 -0.7367
vn -0.6211 0.2673 -0.7367
vn -0.6211 0.2673 -0.7368
vn -0.5873 0.2817 -0.7587
vn -0.5527 0.2965 -0.7789
vn -0.5527 0.2965 -0.7788
vn -0.5171 0.3117 -0.7972
vn -0.4285 -0.0160 -0.9034
vn -0.4285 -0.0161 -0.9034
vn -0.3083 -0.2980 -0.9034
vn -0.3083 -0.2981 -0.9034
vn 0.9623 0.2436 -0.1209
vn 0.9623 0.2437 -0.1209
vn 0.9666 0.2456 -0.0727
vn 0.8421 0.5256 -0.1209
vn 0.8465 0.5275 -0.0727
vn 0.8464 0.5275 -0.0727
vn 0.9823 -0.1133 -0.1490
vn 0.9823 -0.1132 -0.1490
vn 0.9881 -0.1109 -0.1067
vn 0.9919 -0.1093 -0.0642
vn 0.9919 -0.1092 -0.0642
vn 0.9939 -0.1084 -0.0214
vn 0.9688 0.2465 -0.0243
vn 0.8486 0.5284 -0.0243
vn 0.6099 0.7922 -0.0214
vn 0.6080 0.7913 -0.0642
vn 0.6080 0.7914 -0.0642
vn 0.6041 0.7897 -0.1067
vn 0.5983 0.7873 -0.1490
vn 0.5983 0.7873 -0.1489
vn 0.8356 0.5227 -0.1689
vn 0.8355 0.5229 -0.1689
vn 0.8356 0.5227 -0.1690
vn 0.8355 0.5228 -0.1690
vn 0.9557 0.2409 -0.1689
vn 0.5081 0.0501 -0.8598
vn 0.5082 0.0501 -0.8598
vn 0.5080 0.0501 -0.8599
vn 0.5081 0.0501 -0.8599
vn 0.4688 0.0333 -0.8827
vn 0.3880 0.3320 -0.8598
vn 0.3879 0.3320 -0.8598
vn 0.3880 0.3319 -0.8598
vn 0.3486 0.3152 -0.8827
vn 0.6212 -0.2672 -0.7367
vn 0.6211 -0.2673 -0.7367
vn 0.5873 -0.2817 -0.7587
vn 0.5527 -0.2965 -0.7789
vn 0.5527 -0.2966 -0.7788
vn 0.5171 -0.3117 -0.7971
vn 0.5171 -0.3117 -0.7972
vn 0.4285 0.0161 -0.9034
vn 0.3083 0.2980 -0.9034
vn 0.3084 0.2980 -0.9034
vn 0.1331 0.5889 -0.7972
vn 0.1332 0.5889 -0.7971
vn 0.1331 0.5889 -0.7971
vn 0.1687 0.6041 -0.7789
vn 0.2034 0.6189 -0.7587
vn 0.2371 0.6333 -0.7367
vn 0.2370 0.6333 -0.7367
vn 0.2366 0.6334 -0.7368
vn 0.4262 0.3483 -0.8349
vn 0.5464 0.0665 -0.8349
vn 0.5464 0.0664 -0.8349
vn 0.5465 0.0664 -0.8348
vn -0.4992 -0.3794 -0.7790
vn -0.5336 -0.3941 -0.7483
vn -0.6194 -0.0975 -0.7790
vn -0.6538 -0.1122 -0.7483
vn -0.2699 -0.6472 -0.7129
vn -0.2699 -0.6472 -0.7130
vn -0.3016 -0.6607 -0.6874
vn -0.3015 -0.6607 -0.6874
vn -0.3317 -0.6741 -0.6600
vn -0.3319 -0.6737 -0.6603
vn -0.3611 -0.6861 -0.6316
vn -0.5667 -0.4081 -0.7157
vn -0.5667 -0.4082 -0.7157
vn -0.6869 -0.1263 -0.7157
vn -0.7451 0.2145 -0.6315
vn -0.7451 0.2145 -0.6316
vn -0.7160 0.2269 -0.6602
vn -0.7159 0.2269 -0.6603
vn -0.6855 0.2399 -0.6874
vn -0.6854 0.2400 -0.6874
vn -0.6539 0.2534 -0.7128
vn -0.6540 0.2534 -0.7128
vn -0.6542 0.2538 -0.7125
vn -0.6539 0.2534 -0.7129
vn -0.5834 -0.0822 -0.8080
vn -0.5833 -0.0823 -0.8081
vn -0.5834 -0.0823 -0.8080
vn -0.5835 -0.0823 -0.8079
vn -0.4634 -0.3641 -0.8079
vn -0.4634 -0.3640 -0.8079
vn 0.9233 0.2270 -0.3099
vn 0.8162 0.5142 -0.2635
vn 0.9746 -0.1166 -0.1912
vn 0.5812 0.7799 -0.2323
vn 0.5810 0.7800 -0.2324
vn 0.5810 0.7800 -0.2325
vn 0.5812 0.7798 -0.2324
vn 0.5699 0.7750 -0.2733
vn 0.3453 -0.0194 -0.9383
vn 0.3452 -0.0195 -0.9383
vn 0.3454 -0.0194 -0.9383
vn 0.3026 -0.0376 -0.9524
vn 0.3026 -0.0375 -0.9524
vn 0.2250 0.2624 -0.9383
vn 0.2250 0.2625 -0.9383
vn 0.1824 0.2443 -0.9524
vn 0.4807 -0.3274 -0.8135
vn 0.4806 -0.3272 -0.8136
vn 0.4436 -0.3429 -0.8280
vn 0.4436 -0.3430 -0.8280
vn 0.4060 -0.3591 -0.8404
vn 0.3678 -0.3753 -0.8508
vn 0.2593 -0.0560 -0.9642
vn 0.1391 0.2259 -0.9642
vn -0.0162 0.5252 -0.8508
vn -0.0162 0.5254 -0.8507
vn 0.0220 0.5415 -0.8404
vn 0.0596 0.5576 -0.8280
vn 0.0966 0.5734 -0.8136
vn 0.0966 0.5733 -0.8136
vn 0.0966 0.5734 -0.8135
vn 0.0967 0.5734 -0.8136
vn 0.2669 0.2804 -0.9220
vn 0.2668 0.2802 -0.9221
vn 0.2670 0.2803 -0.9220
vn 0.2670 0.2804 -0.9220
vn 0.3872 -0.0014 -0.9220
vn 0.3873 -0.0015 -0.9220
vn 0.3872 -0.0015 -0.9220
vn -0.6282 -0.4344 -0.6454
vn -0.6282 -0.4344 -0.6455
vn -0.6565 -0.4465 -0.6080
vn -0.7485 -0.1525 -0.6454
vn -0.7484 -0.1525 -0.6454
vn -0.7485 -0.1525 -0.6453
vn -0.7767 -0.1646 -0.6080
vn -0.3890 -0.6980 -0.6012
vn -0.4154 -0.7093 -0.5695
vn -0.4403 -0.7199 -0.5365
vn -0.4406 -0.7197 -0.5366
vn -0.4638 -0.7299 -0.5021
vn -0.6831 -0.4578 -0.5691
vn -0.8034 -0.1760 -0.5689
vn -0.8033 -0.1759 -0.5690
vn -0.8477 0.1707 -0.5022
vn -0.8478 0.1707 -0.5021
vn -0.8243 0.1807 -0.5365
vn -0.7994 0.1913 -0.5696
vn -0.7994 0.1913 -0.5695
vn -0.7730 0.2026 -0.6012
vn -0.7184 -0.1398 -0.6814
vn -0.7185 -0.1398 -0.6814
vn -0.7183 -0.1398 -0.6815
vn -0.5982 -0.4218 -0.6813
vn -0.5982 -0.4217 -0.6814
vn -0.5983 -0.4217 -0.6813
vn -0.5983 -0.4217 -0.6814
vn 0.8510 0.1962 -0.4872
vn 0.8510 0.1963 -0.4871
vn 0.8509 0.1963 -0.4872
vn 0.8509 0.1961 -0.4874
vn 0.8721 0.2052 -0.4443
vn 0.8720 0.2052 -0.4444
vn 0.8720 0.2052 -0.4443
vn 0.7309 0.4781 -0.4871
vn 0.7518 0.4872 -0.4443
vn 0.9253 -0.1376 -0.3534
vn 0.5413 0.7630 -0.3534
vn 0.5245 0.7557 -0.3922
vn 0.4858 0.7392 -0.4665
vn 0.7080 0.4684 -0.5286
vn 0.7079 0.4685 -0.5286
vn 0.1712 -0.0935 -0.9808
vn 0.1713 -0.0934 -0.9808
vn 0.1713 -0.0935 -0.9808
vn 0.1712 -0.0936 -0.9808
vn 0.1270 -0.1124 -0.9855
vn 0.1270 -0.1123 -0.9855
vn 0.0510 0.1884 -0.9808
vn 0.0509 0.1884 -0.9808
vn 0.0511 0.1884 -0.9808
vn 0.0512 0.1884 -0.9808
vn 0.0068 0.1695 -0.9855
vn 0.3291 -0.3919 -0.8592
vn 0.2901 -0.4082 -0.8656
vn 0.2900 -0.4082 -0.8656
vn 0.2511 -0.4251 -0.8696
vn 0.2510 -0.4251 -0.8697
vn 0.2510 -0.4251 -0.8696
vn 0.2118 -0.4418 -0.8717
vn 0.2118 -0.4419 -0.8717
vn 0.2117 -0.4419 -0.8717
vn 0.0825 -0.1315 -0.9879
vn 0.0824 -0.1314 -0.9879
vn -0.0377 0.1505 -0.9879
vn -0.1723 0.4587 -0.8717
vn -0.1722 0.4587 -0.8717
vn -0.1330 0.4755 -0.8696
vn -0.0938 0.4922 -0.8654
vn -0.0937 0.4922 -0.8654
vn -0.0549 0.5087 -0.8592
vn -0.0549 0.5086 -0.8593
vn 0.0953 0.2072 -0.9736
vn 0.0954 0.2073 -0.9736
vn 0.2154 -0.0747 -0.9737
vn 0.2154 -0.0749 -0.9737
vn 0.2155 -0.0747 -0.9736
vn -0.7309 -0.4782 -0.4870
vn -0.7308 -0.4782 -0.4870
vn -0.7309 -0.4781 -0.4870
vn -0.7519 -0.4871 -0.4443
vn -0.7518 -0.4871 -0.4443
vn -0.8510 -0.1963 -0.4870
vn -0.8720 -0.2053 -0.4443
vn -0.8719 -0.2053 -0.4445
vn -0.8720 -0.2053 -0.4444
vn -0.4858 -0.7392 -0.4665
vn -0.4857 -0.7392 -0.4665
vn -0.5058 -0.7479 -0.4299
vn -0.5059 -0.7479 -0.4298
vn -0.5245 -0.7558 -0.3921
vn -0.5246 -0.7557 -0.3921
vn -0.5245 -0.7557 -0.3921
vn -0.5413 -0.7630 -0.3534
vn -0.7709 -0.4953 -0.4005
vn -0.8911 -0.2134 -0.4005
vn -0.9253 0.1376 -0.3534
vn -0.9085 0.1448 -0.3921
vn -0.8899 0.1527 -0.4298
vn -0.8899 0.1526 -0.4298
vn -0.8697 0.1613 -0.4665
vn -0.8281 -0.1864 -0.5287
vn -0.8281 -0.1865 -0.5286
vn -0.8281 -0.1866 -0.5286
vn -0.7080 -0.4684 -0.5286
vn -0.7079 -0.4684 -0.5286
vn 0.7484 0.1525 -0.6455
vn 0.7484 0.1525 -0.6454
vn 0.7483 0.1524 -0.6456
vn 0.7766 0.1647 -0.6081
vn 0.7730 -0.2025 -0.6013
vn 0.7728 -0.2026 -0.6014
vn 0.7994 -0.1914 -0.5695
vn 0.7994 -0.1913 -0.5696
vn 0.8033 0.1758 -0.5690
vn 0.8031 0.1756 -0.5694
vn 0.6831 0.4578 -0.5691
vn 0.6831 0.4578 -0.5690
vn 0.6831 0.4579 -0.5690
vn 0.3890 0.6980 -0.6012
vn 0.5983 0.4216 -0.6814
vn -0.8031 -0.5090 -0.3099
vn -0.8160 -0.5144 -0.2636
vn -0.8160 -0.5145 -0.2636
vn -0.9232 -0.2271 -0.3099
vn -0.9362 -0.2326 -0.2636
vn -0.5564 -0.7694 -0.3138
vn -0.5697 -0.7750 -0.2735
vn -0.5698 -0.7750 -0.2735
vn -0.5698 -0.7749 -0.2735
vn -0.5811 -0.7799 -0.2326
vn -0.5906 -0.7840 -0.1911
vn -0.8268 -0.5191 -0.2166
vn -0.9470 -0.2372 -0.2166
vn -0.9470 -0.2372 -0.2165
vn -0.9746 0.1166 -0.1911
vn -0.9651 0.1207 -0.2326
vn -0.9536 0.1256 -0.2735
vn -0.9403 0.1313 -0.3139
vn -0.9404 0.1312 -0.3138
vn -0.9082 -0.2207 -0.3556
vn -0.7880 -0.5026 -0.3556
vn -0.7880 -0.5027 -0.3556
vn 0.4991 0.3795 -0.7790
vn 0.7160 -0.2269 -0.6602
vn 0.7161 -0.2269 -0.6601
vn 0.7160 -0.2269 -0.6603
vn 0.7451 -0.2145 -0.6316
vn 0.7450 -0.2145 -0.6316
vn 0.3611 0.6861 -0.6315
vn 0.3610 0.6861 -0.6316
vn 0.3015 0.6608 -0.6873
vn 0.3014 0.6608 -0.6874
vn 0.3016 0.6607 -0.6874
vn 0.2700 0.6473 -0.7129
vn 0.5836 0.0822 -0.8079
vn -0.8421 -0.5256 -0.1209
vn -0.8420 -0.5257 -0.1209
vn -0.8464 -0.5275 -0.0727
vn -0.8465 -0.5275 -0.0727
vn -0.9623 -0.2436 -0.1209
vn -0.9623 -0.2437 -0.1209
vn -0.9666 -0.2456 -0.0727
vn -0.5984 -0.7872 -0.1491
vn -0.5983 -0.7873 -0.1490
vn -0.5983 -0.7873 -0.1491
vn -0.6042 -0.7897 -0.1068
vn -0.6041 -0.7897 -0.1068
vn -0.6041 -0.7897 -0.1067
vn -0.6079 -0.7914 -0.0642
vn -0.6080 -0.7914 -0.0642
vn -0.6099 -0.7922 -0.0214
vn -0.8486 -0.5284 -0.0243
vn -0.9688 -0.2465 -0.0243
vn -0.9939 0.1084 -0.0214
vn -0.9939 0.1085 -0.0214
vn -0.9920 0.1092 -0.0641
vn -0.9920 0.1090 -0.0641
vn -0.9920 0.1091 -0.0642
vn -0.9881 0.1109 -0.1067
vn -0.9823 0.1133 -0.1490
vn -0.9557 -0.2410 -0.1689
vn -0.9557 -0.2409 -0.1689
vn -0.8356 -0.5228 -0.1690
vn -0.8356 -0.5228 -0.1689
vn -0.8355 -0.5228 -0.1690
vn -0.8355 -0.5228 -0.1689
vn 0.5172 -0.3117 -0.7971
vn 0.5173 -0.3117 -0.7970
vn 0.5527 -0.2965 -0.7788
vn 0.5873 -0.2818 -0.7587
vn 0.5874 -0.2817 -0.7587
vn 0.5463 0.0665 -0.8349
vn 0.5468 0.0664 -0.8347
vn 0.4262 0.3481 -0.8350
vn 0.2035 0.6188 -0.7587
vn 0.2034 0.6188 -0.7587
vn 0.1687 0.6041 -0.7788
vn 0.1687 0.6042 -0.7788
vn 0.1330 0.5889 -0.7972
vn 0.1329 0.5888 -0.7972
vn -0.8464 -0.5275 0.0727
vn -0.8464 -0.5276 0.0727
vn -0.8421 -0.5256 0.1209
vn -0.9667 -0.2456 0.0727
vn -0.9666 -0.2456 0.0727
vn -0.9623 -0.2437 0.1209
vn -0.9623 -0.2436 0.1209
vn -0.6099 -0.7922 0.0214
vn -0.6080 -0.7913 0.0642
vn -0.6081 -0.7913 0.0642
vn -0.6079 -0.7914 0.0642
vn -0.6042 -0.7896 0.1068
vn -0.6042 -0.7896 0.1067
vn -0.6041 -0.7897 0.1068
vn -0.5983 -0.7873 0.1490
vn -0.5983 -0.7873 0.1489
vn -0.8356 -0.5227 0.1691
vn -0.8355 -0.5228 0.1690
vn -0.8356 -0.5228 0.1690
vn -0.8356 -0.5228 0.1689
vn -0.9557 -0.2409 0.1689
vn -0.9557 -0.2410 0.1689
vn -0.9823 0.1133 0.1490
vn -0.9881 0.1110 0.1067
vn -0.9881 0.1109 0.1067
vn -0.9919 0.1092 0.0641
vn -0.9919 0.1092 0.0642
vn -0.9920 0.1091 0.0640
vn -0.9939 0.1084 0.0214
vn -0.9939 0.1083 0.0214
vn -0.9689 -0.2464 0.0243
vn -0.9689 -0.2463 0.0244
vn -0.9689 -0.2464 0.0244
vn -0.9688 -0.2465 0.0243
vn -0.8486 -0.5284 0.0243
vn 0.3027 -0.0377 -0.9524
vn 0.3452 -0.0194 -0.9383
vn 0.1825 0.2443 -0.9524
vn 0.3679 -0.3752 -0.8508
vn 0.3678 -0.3752 -0.8509
vn 0.3680 -0.3753 -0.8507
vn 0.3685 -0.3754 -0.8505
vn 0.4059 -0.3591 -0.8404
vn 0.4059 -0.3592 -0.8404
vn 0.4436 -0.3431 -0.8279
vn 0.4806 -0.3274 -0.8135
vn 0.4806 -0.3273 -0.8136
vn 0.4807 -0.3272 -0.8135
vn 0.0965 0.5734 -0.8136
vn 0.0595 0.5574 -0.8281
vn 0.0593 0.5572 -0.8282
vn -0.0162 0.5253 -0.8508
vn 0.2593 -0.0561 -0.9642
vn 0.2593 -0.0562 -0.9642
vn -0.8160 -0.5145 0.2636
vn -0.8030 -0.5090 0.3099
vn -0.9362 -0.2326 0.2636
vn -0.9362 -0.2326 0.2635
vn -0.9361 -0.2328 0.2636
vn -0.9232 -0.2271 0.3099
vn -0.5906 -0.7840 0.1911
vn -0.5810 -0.7799 0.2326
vn -0.5811 -0.7799 0.2326
vn -0.5811 -0.7799 0.2327
vn -0.5697 -0.7750 0.2736
vn -0.5697 -0.7750 0.2735
vn -0.5564 -0.7694 0.3138
vn -0.7880 -0.5026 0.3556
vn -0.9082 -0.2207 0.3556
vn -0.9404 0.1312 0.3138
vn -0.9536 0.1256 0.2735
vn -0.9651 0.1207 0.2326
vn -0.9746 0.1166 0.1911
vn -0.9470 -0.2372 0.2166
vn -0.9470 -0.2372 0.2165
vn -0.8268 -0.5191 0.2165
vn -0.8269 -0.5191 0.2164
vn -0.8268 -0.5191 0.2166
vn 0.1270 -0.1125 -0.9855
vn 0.1712 -0.0934 -0.9808
vn 0.0511 0.1883 -0.9808
vn 0.2902 -0.4084 -0.8654
vn 0.2902 -0.4085 -0.8654
vn 0.3291 -0.3918 -0.8592
vn 0.3292 -0.3914 -0.8593
vn 0.2155 -0.0747 -0.9737
vn 0.0953 0.2071 -0.9737
vn -0.0549 0.5088 -0.8591
vn -0.0938 0.4921 -0.8655
vn -0.7518 -0.4872 0.4443
vn -0.7518 -0.4871 0.4443
vn -0.7308 -0.4782 0.4871
vn -0.8720 -0.2053 0.4443
vn -0.8720 -0.2053 0.4444
vn -0.8510 -0.1963 0.4871
vn -0.8510 -0.1962 0.4871
vn -0.5413 -0.7630 0.3534
vn -0.5412 -0.7630 0.3534
vn -0.5245 -0.7558 0.3921
vn -0.5245 -0.7558 0.3920
vn -0.5059 -0.7480 0.4297
vn -0.5058 -0.7481 0.4296
vn -0.5059 -0.7479 0.4298
vn -0.4858 -0.7392 0.4665
vn -0.4857 -0.7392 0.4665
vn -0.7080 -0.4684 0.5286
vn -0.7080 -0.4683 0.5286
vn -0.7079 -0.4684 0.5286
vn -0.8281 -0.1866 0.5286
vn -0.8281 -0.1865 0.5286
vn -0.8697 0.1613 0.4665
vn -0.8697 0.1614 0.4665
vn -0.8899 0.1527 0.4298
vn -0.9084 0.1449 0.3921
vn -0.9085 0.1448 0.3921
vn -0.9084 0.1450 0.3921
vn -0.9253 0.1376 0.3534
vn -0.8911 -0.2134 0.4005
vn -0.8911 -0.2133 0.4005
vn -0.7709 -0.4953 0.4005
vn -0.0511 -0.1883 -0.9808
vn -0.0068 -0.1696 -0.9855
vn -0.1712 0.0934 -0.9808
vn -0.1713 0.0934 -0.9808
vn -0.1269 0.1124 -0.9855
vn -0.1268 0.1124 -0.9855
vn 0.0549 -0.5087 -0.8592
vn 0.0548 -0.5088 -0.8591
vn 0.1330 -0.4756 -0.8695
vn -0.2901 0.4083 -0.8655
vn -0.2902 0.4084 -0.8654
vn -0.2900 0.4082 -0.8656
vn -0.0953 -0.2072 -0.9737
vn -0.6565 -0.4465 0.6080
vn -0.6283 -0.4344 0.6454
vn -0.6282 -0.4344 0.6455
vn -0.7767 -0.1646 0.6080
vn -0.7484 -0.1525 0.6454
vn -0.4638 -0.7299 0.5021
vn -0.4404 -0.7199 0.5365
vn -0.4404 -0.7199 0.5364
vn -0.4404 -0.7198 0.5366
vn -0.4155 -0.7093 0.5695
vn -0.4154 -0.7093 0.5695
vn -0.3890 -0.6980 0.6012
vn -0.3889 -0.6981 0.6012
vn -0.5983 -0.4217 0.6814
vn -0.7185 -0.1398 0.6814
vn -0.7184 -0.1398 0.6814
vn -0.7730 0.2026 0.6012
vn -0.7994 0.1913 0.5696
vn -0.8243 0.1807 0.5365
vn -0.8478 0.1707 0.5021
vn -0.8033 -0.1759 0.5690
vn -0.6831 -0.4578 0.5690
vn -0.6831 -0.4579 0.5689
vn -0.2250 -0.2624 -0.9384
vn -0.3027 0.0377 -0.9524
vn -0.3026 0.0376 -0.9524
vn -0.3025 0.0376 -0.9524
vn -0.0967 -0.5734 -0.8136
vn -0.0967 -0.5734 -0.8135
vn -0.0972 -0.5733 -0.8136
vn -0.0596 -0.5576 -0.8280
vn 0.0162 -0.5253 -0.8508
vn -0.1391 -0.2258 -0.9642
vn -0.1391 -0.2257 -0.9642
vn -0.2594 0.0561 -0.9642
vn -0.2594 0.0560 -0.9642
vn -0.2595 0.0563 -0.9641
vn -0.3678 0.3753 -0.8508
vn -0.3678 0.3752 -0.8508
vn -0.3677 0.3754 -0.8508
vn -0.3873 0.0015 -0.9220
vn -0.3871 0.0015 -0.9220
vn -0.3875 0.0015 -0.9219
vn -0.2670 -0.2805 -0.9220
vn -0.2671 -0.2805 -0.9219
vn -0.5336 -0.3941 0.7483
vn -0.4990 -0.3796 0.7790
vn -0.4992 -0.3794 0.7790
vn -0.6538 -0.1122 0.7483
vn -0.6192 -0.0971 0.7792
vn -0.6194 -0.0973 0.7790
vn -0.6194 -0.0975 0.7790
vn -0.6190 -0.0973 0.7793
vn -0.3611 -0.6861 0.6316
vn -0.3319 -0.6737 0.6603
vn -0.3015 -0.6607 0.6874
vn -0.3016 -0.6607 0.6874
vn -0.2699 -0.6472 0.7129
vn -0.2697 -0.6474 0.7129
vn -0.2698 -0.6472 0.7130
vn -0.2698 -0.6471 0.7131
vn -0.4634 -0.3641 0.8079
vn -0.5836 -0.0822 0.8079
vn -0.5837 -0.0823 0.8078
vn -0.5835 -0.0822 0.8079
vn -0.6539 0.2535 0.7128
vn -0.6539 0.2534 0.7129
vn -0.6540 0.2535 0.7128
vn -0.6540 0.2536 0.7128
vn -0.6855 0.2399 0.6874
vn -0.7159 0.2269 0.6603
vn -0.7159 0.2270 0.6603
vn -0.7451 0.2145 0.6315
vn -0.7450 0.2144 0.6316
vn -0.7451 0.2145 0.6316
vn -0.6869 -0.1263 0.7157
vn -0.5667 -0.4082 0.7157
vn -0.3487 -0.3152 -0.8827
vn -0.3488 -0.3152 -0.8826
vn -0.5081 -0.0501 -0.8599
vn -0.2371 -0.6332 -0.7367
vn -0.2371 -0.6332 -0.7368
vn -0.2034 -0.6188 -0.7588
vn -0.3083 -0.2979 -0.9034
vn -0.5171 0.3116 -0.7972
vn -0.5526 0.2965 -0.7789
vn -0.5874 0.2818 -0.7586
vn -0.5874 0.2817 -0.7587
vn -0.5872 0.2816 -0.7588
vn -0.5872 0.2817 -0.7588
vn -0.5461 -0.0663 -0.8351
vn -0.5464 -0.0666 -0.8349
vn -0.5464 -0.0665 -0.8349
vn -0.4262 -0.3481 -0.8350
vn -0.4262 -0.3484 -0.8348
vn -0.3880 -0.3320 0.8598
vn -0.3879 -0.3320 0.8598
vn -0.3880 -0.3319 0.8598
vn -0.3485 -0.3152 0.8827
vn -0.5081 -0.0501 0.8598
vn -0.4688 -0.0333 0.8827
vn -0.2372 -0.6332 0.7367
vn -0.2371 -0.6331 0.7369
vn -0.2371 -0.6332 0.7368
vn -0.2374 -0.6332 0.7367
vn -0.2033 -0.6189 0.7587
vn -0.2032 -0.6188 0.7588
vn -0.1687 -0.6041 0.7789
vn -0.1330 -0.5889 0.7972
vn -0.1331 -0.5888 0.7972
vn -0.1331 -0.5889 0.7972
vn -0.3083 -0.2980 0.9034
vn -0.4285 -0.0161 0.9034
vn -0.5172 0.3116 0.7971
vn -0.5171 0.3117 0.7972
vn -0.5171 0.3116 0.7972
vn -0.5527 0.2965 0.7789
vn -0.5873 0.2817 0.7588
vn -0.5873 0.2817 0.7587
vn -0.6211 0.2675 0.7367
vn -0.6211 0.2677 0.7366
vn -0.6211 0.2674 0.7367
vn -0.6211 0.2673 0.7367
vn -0.5464 -0.0664 0.8349
vn -0.5464 -0.0665 0.8349
vn -0.4262 -0.3483 0.8349
vn -0.4993 -0.3793 -0.7790
vn -0.3610 -0.6862 -0.6315
vn -0.5835 -0.0822 -0.8079
vn -0.7159 0.2268 -0.6603
vn -0.7450 0.2145 -0.6316
vn -0.6870 -0.1263 -0.7156
vn -0.6871 -0.1263 -0.7155
vn -0.5666 -0.4082 -0.7158
vn -0.2250 -0.2625 0.9383
vn -0.1824 -0.2443 0.9524
vn -0.1824 -0.2444 0.9524
vn -0.3452 0.0194 0.9383
vn -0.3452 0.0192 0.9383
vn -0.3453 0.0193 0.9383
vn -0.3026 0.0376 0.9524
vn -0.0966 -0.5733 0.8137
vn -0.0966 -0.5733 0.8136
vn -0.0967 -0.5733 0.8136
vn -0.0596 -0.5576 0.8280
vn -0.0594 -0.5574 0.8281
vn -0.0220 -0.5415 0.8404
vn -0.0220 -0.5414 0.8405
vn 0.0162 -0.5252 0.8508
vn -0.1391 -0.2259 0.9642
vn -0.2593 0.0560 0.9642
vn -0.3678 0.3754 0.8508
vn -0.4060 0.3591 0.8404
vn -0.4436 0.3430 0.8280
vn -0.4436 0.3429 0.8280
vn -0.4806 0.3272 0.8136
vn -0.4805 0.3272 0.8136
vn -0.3872 0.0015 0.9220
vn -0.2671 -0.2804 0.9220
vn -0.2670 -0.2804 0.9220
vn -0.7484 -0.1525 -0.6455
vn -0.4638 -0.7299 -0.5022
vn -0.4636 -0.7301 -0.5020
vn -0.4637 -0.7299 -0.5021
vn -0.4404 -0.7199 -0.5364
vn -0.7185 -0.1398 -0.6813
vn -0.7729 0.2026 -0.6013
vn -0.8033 -0.1760 -0.5689
vn -0.8033 -0.1756 -0.5691
vn -0.6831 -0.4578 -0.5690
vn -0.0511 -0.1883 0.9808
vn -0.0510 -0.1884 0.9808
vn -0.0067 -0.1695 0.9855
vn 0.0550 -0.5088 0.8591
vn 0.0549 -0.5088 0.8592
vn 0.0938 -0.4922 0.8654
vn 0.1723 -0.4588 0.8717
vn 0.1724 -0.4589 0.8716
vn -0.0823 0.1314 0.9879
vn -0.2118 0.4418 0.8718
vn -0.2511 0.4251 0.8696
vn -0.2902 0.4085 0.8654
vn -0.2903 0.4085 0.8654
vn -0.2156 0.0747 0.9736
vn -0.7518 -0.4872 -0.4443
vn -0.7308 -0.4782 -0.4871
vn -0.7307 -0.4782 -0.4872
vn -0.8721 -0.2052 -0.4443
vn -0.8720 -0.2052 -0.4443
vn -0.8510 -0.1964 -0.4871
vn -0.8509 -0.1965 -0.4872
vn -0.8510 -0.1964 -0.4872
vn -0.8510 -0.1963 -0.4871
vn -0.5061 -0.7479 -0.4297
vn -0.5060 -0.7478 -0.4298
vn -0.5063 -0.7476 -0.4298
vn -0.7080 -0.4684 -0.5285
vn -0.8281 -0.1865 -0.5287
vn -0.8697 0.1612 -0.4664
vn -0.9253 0.1375 -0.3534
vn -0.7709 -0.4953 -0.4004
vn 0.1270 -0.1124 0.9855
vn 0.1713 -0.0935 0.9808
vn 0.0068 0.1695 0.9855
vn 0.0512 0.1884 0.9808
vn 0.0511 0.1884 0.9808
vn 0.2117 -0.4419 0.8717
vn 0.2510 -0.4251 0.8696
vn 0.2510 -0.4251 0.8697
vn 0.2901 -0.4082 0.8656
vn 0.2900 -0.4082 0.8656
vn 0.2902 -0.4085 0.8654
vn 0.3290 -0.3918 0.8592
vn 0.3291 -0.3918 0.8592
vn 0.2155 -0.0747 0.9736
vn 0.0953 0.2072 0.9736
vn -0.0549 0.5087 0.8592
vn -0.0939 0.4922 0.8654
vn -0.0938 0.4922 0.8654
vn -0.0937 0.4922 0.8654
vn -0.1330 0.4755 0.8696
vn -0.1723 0.4587 0.8717
vn -0.0375 0.1506 0.9879
vn -0.0377 0.1505 0.9879
vn 0.0824 -0.1314 0.9879
vn -0.8030 -0.5090 -0.3099
vn -0.9361 -0.2327 -0.2636
vn -0.9362 -0.2327 -0.2635
vn -0.9361 -0.2329 -0.2636
vn -0.5811 -0.7799 -0.2327
vn -0.9536 0.1255 -0.2735
vn -0.9470 -0.2371 -0.2166
vn 0.3026 -0.0376 0.9524
vn 0.3451 -0.0194 0.9384
vn 0.3449 -0.0197 0.9384
vn 0.3451 -0.0195 0.9384
vn 0.3452 -0.0192 0.9383
vn 0.1823 0.2443 0.9524
vn 0.1824 0.2443 0.9524
vn 0.2249 0.2623 0.9384
vn 0.2250 0.2624 0.9384
vn 0.2250 0.2623 0.9384
vn 0.2248 0.2623 0.9384
vn 0.3678 -0.3753 0.8508
vn 0.3678 -0.3752 0.8509
vn 0.4060 -0.3591 0.8404
vn 0.4436 -0.3430 0.8280
vn 0.4806 -0.3272 0.8136
vn 0.4804 -0.3275 0.8136
vn 0.4806 -0.3273 0.8136
vn 0.3872 -0.0015 0.9220
vn 0.2670 0.2804 0.9220
vn 0.0967 0.5734 0.8136
vn 0.0967 0.5734 0.8135
vn 0.0596 0.5575 0.8280
vn 0.0596 0.5576 0.8280
vn 0.0220 0.5415 0.8404
vn -0.0162 0.5252 0.8508
vn 0.1391 0.2259 0.9642
vn 0.1391 0.2258 0.9642
vn 0.2593 -0.0560 0.9642
vn -0.6100 -0.7921 -0.0215
vn -0.6099 -0.7922 -0.0216
vn -0.6080 -0.7913 -0.0642
vn -0.6042 -0.7897 -0.1067
vn -0.6041 -0.7897 -0.1066
vn -0.6041 -0.7898 -0.1067
vn -0.5984 -0.7872 -0.1489
vn -0.5984 -0.7872 -0.1490
vn -0.5985 -0.7873 -0.1484
vn -0.8355 -0.5229 -0.1689
vn -0.8356 -0.5227 -0.1690
vn -0.9881 0.1108 -0.1067
vn -0.9919 0.1092 -0.0641
vn -0.9919 0.1092 -0.0642
vn -0.8487 -0.5283 -0.0243
vn 0.4688 0.0333 0.8827
vn 0.4688 0.0332 0.8827
vn 0.5082 0.0502 0.8598
vn 0.5081 0.0502 0.8598
vn 0.5081 0.0501 0.8598
vn 0.3485 0.3152 0.8827
vn 0.3486 0.3152 0.8827
vn 0.3880 0.3320 0.8598
vn 0.3883 0.3317 0.8598
vn 0.3879 0.3320 0.8598
vn 0.5170 -0.3117 0.7972
vn 0.5169 -0.3119 0.7972
vn 0.5171 -0.3117 0.7972
vn 0.5527 -0.2965 0.7789
vn 0.5877 -0.2817 0.7585
vn 0.5873 -0.2817 0.7587
vn 0.6211 -0.2673 0.7367
vn 0.6211 -0.2673 0.7368
vn 0.5463 0.0664 0.8349
vn 0.5464 0.0663 0.8349
vn 0.5464 0.0664 0.8349
vn 0.4262 0.3483 0.8349
vn 0.2371 0.6333 0.7367
vn 0.2034 0.6189 0.7587
vn 0.2034 0.6190 0.7586
vn 0.2034 0.6188 0.7587
vn 0.2033 0.6189 0.7587
vn 0.1687 0.6041 0.7789
vn 0.1687 0.6040 0.7789
vn 0.1331 0.5889 0.7972
vn 0.3083 0.2980 0.9034
vn 0.4285 0.0161 0.9034
vn -0.8465 -0.5275 0.0727
vn -0.6042 -0.7897 0.1066
vn -0.6042 -0.7897 0.1067
vn -0.6041 -0.7897 0.1065
vn -0.8487 -0.5284 0.0243
vn -0.8357 -0.5227 0.1686
vn -0.8355 -0.5228 0.1691
vn 0.6194 0.0975 0.7790
vn 0.6538 0.1122 0.7483
vn 0.6539 0.1122 0.7482
vn 0.6538 0.1121 0.7483
vn 0.6538 0.1124 0.7483
vn 0.4992 0.3794 0.7790
vn 0.5336 0.3941 0.7483
vn 0.5336 0.3940 0.7483
vn 0.5336 0.3940 0.7484
vn 0.6539 -0.2534 0.7129
vn 0.6855 -0.2399 0.6874
vn 0.7159 -0.2269 0.6603
vn 0.7159 -0.2270 0.6602
vn 0.7451 -0.2145 0.6315
vn 0.7452 -0.2145 0.6314
vn 0.6869 0.1263 0.7157
vn 0.5667 0.4082 0.7157
vn 0.3611 0.6861 0.6316
vn 0.3319 0.6737 0.6602
vn 0.3319 0.6737 0.6603
vn 0.3015 0.6607 0.6874
vn 0.2699 0.6473 0.7129
vn 0.2699 0.6472 0.7129
vn 0.4634 0.3641 0.8079
vn 0.5835 0.0822 0.8079
vn 0.5835 0.0821 0.8079
vn 0.5835 0.0823 0.8079
vn -0.8031 -0.5089 0.3099
vn -0.8031 -0.5090 0.3099
vn -0.9361 -0.2326 0.2637
vn -0.9362 -0.2325 0.2636
vn -0.5698 -0.7750 0.2735
vn -0.5700 -0.7749 0.2732
vn -0.8268 -0.5191 0.2167
vn -0.8268 -0.5191 0.2168
vn -0.9536 0.1255 0.2735
vn -0.9082 -0.2207 0.3557
vn -0.7881 -0.5025 0.3555
vn 0.7484 0.1525 0.6454
vn 0.7767 0.1646 0.6080
vn 0.6283 0.4344 0.6454
vn 0.6282 0.4344 0.6454
vn 0.6565 0.4465 0.6080
vn 0.7730 -0.2026 0.6012
vn 0.7994 -0.1913 0.5695
vn 0.7995 -0.1913 0.5694
vn 0.7994 -0.1913 0.5696
vn 0.8243 -0.1807 0.5365
vn 0.8478 -0.1707 0.5021
vn 0.8033 0.1759 0.5690
vn 0.6831 0.4578 0.5690
vn 0.4639 0.7299 0.5021
vn 0.4638 0.7299 0.5021
vn 0.4639 0.7298 0.5021
vn 0.4403 0.7199 0.5365
vn 0.4154 0.7093 0.5695
vn 0.4154 0.7093 0.5694
vn 0.3889 0.6980 0.6013
vn 0.3890 0.6980 0.6012
vn 0.3890 0.6980 0.6013
vn 0.5983 0.4217 0.6814
vn 0.7184 0.1398 0.6814
vn 0.7184 0.1398 0.6815
vn 0.7185 0.1398 0.6814
vn -0.7308 -0.4782 0.4870
vn -0.7519 -0.4871 0.4443
vn -0.7518 -0.4872 0.4444
vn -0.8510 -0.1963 0.4870
vn -0.8720 -0.2054 0.4444
vn -0.8720 -0.2055 0.4443
vn -0.4857 -0.7393 0.4665
vn -0.5244 -0.7558 0.3921
vn -0.7709 -0.4953 0.4004
vn -0.8911 -0.2135 0.4005
vn -0.8281 -0.1865 0.5287
vn 0.1714 -0.0935 0.9808
vn 0.0512 0.1884 0.9807
vn 0.0512 0.1885 0.9807
vn 0.3291 -0.3917 0.8592
vn 0.2902 -0.4084 0.8654
vn 0.2510 -0.4252 0.8696
vn 0.2507 -0.4256 0.8695
vn 0.2119 -0.4420 0.8716
vn 0.2122 -0.4421 0.8715
vn 0.2115 -0.4418 0.8718
vn -0.1723 0.4588 0.8717
vn -0.0938 0.4921 0.8655
vn -0.0938 0.4921 0.8654
vn -0.0550 0.5087 0.8592
vn 0.2155 -0.0747 0.9737
vn 0.8510 0.1963 0.4870
vn 0.8720 0.2052 0.4443
vn 0.8721 0.2052 0.4443
vn 0.7308 0.4782 0.4870
vn 0.7519 0.4871 0.4443
vn 0.9084 -0.1448 0.3921
vn 0.9253 -0.1375 0.3534
vn 0.7709 0.4953 0.4006
vn 0.7709 0.4952 0.4005
vn 0.5413 0.7629 0.3535
vn 0.5413 0.7629 0.3534
vn 0.4857 0.7392 0.4666
vn 0.4857 0.7392 0.4665
vn 0.8281 0.1864 0.5287
vn -0.6282 -0.4344 0.6454
vn -0.7484 -0.1526 0.6454
vn -0.7485 -0.1526 0.6454
vn -0.4403 -0.7199 0.5365
vn -0.4638 -0.7299 0.5022
vn -0.4638 -0.7300 0.5021
vn -0.6831 -0.4578 0.5691
vn -0.8479 0.1705 0.5019
vn -0.8478 0.1707 0.5020
vn -0.8243 0.1806 0.5365
vn -0.7994 0.1914 0.5695
vn -0.7994 0.1913 0.5695
vn -0.7730 0.2025 0.6012
vn -0.7186 -0.1398 0.6813
vn -0.7184 -0.1398 0.6815
vn -0.5982 -0.4217 0.6814
vn 0.3453 -0.0194 0.9383
vn 0.3452 -0.0194 0.9383
vn 0.3454 -0.0194 0.9383
vn 0.3026 -0.0374 0.9524
vn 0.2250 0.2625 0.9383
vn 0.1825 0.2443 0.9524
vn 0.4439 -0.3431 0.8278
vn 0.4060 -0.3590 0.8404
vn 0.3680 -0.3753 0.8507
vn 0.3678 -0.3752 0.8508
vn -0.0161 0.5253 0.8508
vn -0.0161 0.5252 0.8508
vn -0.0162 0.5253 0.8508
vn 0.0221 0.5415 0.8404
vn 0.0592 0.5573 0.8282
vn 0.0966 0.5734 0.8136
vn 0.2672 0.2804 0.9219
vn 0.3873 -0.0015 0.9220
vn 0.3879 -0.0016 0.9217
vn 0.9232 0.2270 0.3100
vn 0.9361 0.2326 0.2638
vn 0.8030 0.5090 0.3099
vn 0.8031 0.5090 0.3099
vn 0.9404 -0.1311 0.3138
vn 0.9536 -0.1255 0.2735
vn 0.9746 -0.1166 0.1912
vn 0.5906 0.7839 0.1912
vn 0.5811 0.7799 0.2327
vn 0.5811 0.7799 0.2326
vn 0.7880 0.5027 0.3555
vn 0.7881 0.5024 0.3556
vn -0.4991 -0.3795 0.7790
vn -0.4991 -0.3794 0.7791
vn -0.3015 -0.6607 0.6875
vn -0.3610 -0.6861 0.6316
vn -0.3611 -0.6861 0.6315
vn -0.5666 -0.4081 0.7158
vn -0.7450 0.2145 0.6316
vn -0.7159 0.2268 0.6603
vn -0.4633 -0.3641 0.8079
vn -0.4633 -0.3641 0.8080
vn 0.4689 0.0333 0.8826
vn 0.6210 -0.2673 0.7369
vn 0.5873 -0.2817 0.7588
vn 0.5527 -0.2965 0.7788
vn 0.5170 -0.3116 0.7972
vn 0.5171 -0.3117 0.7971
vn 0.2371 0.6332 0.7367
vn 0.9622 0.2439 0.1211
vn 0.9623 0.2438 0.1209
vn 0.9667 0.2456 0.0727
vn 0.8421 0.5256 0.1207
vn 0.8421 0.5256 0.1208
vn 0.9823 -0.1132 0.1492
vn 0.9920 -0.1090 0.0640
vn 0.9919 -0.1093 0.0640
vn 0.9939 -0.1083 0.0214
vn 0.6079 0.7914 0.0642
vn 0.6041 0.7897 0.1066
vn 0.6041 0.7897 0.1065
vn 0.5983 0.7872 0.1492
vn 0.8355 0.5228 0.1689
vn -0.3486 -0.3151 0.8827
vn -0.3484 -0.3150 0.8829
vn -0.3485 -0.3151 0.8827
vn -0.3486 -0.3152 0.8827
vn -0.4689 -0.0333 0.8826
vn -0.5081 -0.0501 0.8599
vn -0.2371 -0.6332 0.7367
vn -0.6212 0.2673 0.7367
vn 0.4991 0.3795 0.7790
vn 0.7451 -0.2145 0.6316
vn 0.7450 -0.2145 0.6316
vn 0.7450 -0.2145 0.6317
vn 0.6539 -0.2533 0.7129
vn 0.5835 0.0822 0.8080
vn 0.3016 0.6607 0.6874
vn 0.3015 0.6608 0.6873
vn 0.9666 0.2457 -0.0727
vn 0.9623 0.2437 -0.1207
vn 0.9623 0.2436 -0.1208
vn 0.8422 0.5255 -0.1208
vn 0.8421 0.5256 -0.1208
vn 0.9939 -0.1084 -0.0213
vn 0.9939 -0.1083 -0.0213
vn 0.9939 -0.1086 -0.0214
vn 0.9920 -0.1092 -0.0641
vn 0.9823 -0.1135 -0.1490
vn 0.9823 -0.1134 -0.1490
vn 0.9558 0.2409 -0.1689
vn 0.8355 0.5228 -0.1689
vn 0.5983 0.7873 -0.1491
vn 0.6041 0.7897 -0.1066
vn 0.6041 0.7897 -0.1065
vn 0.6079 0.7914 -0.0641
vn 0.6079 0.7914 -0.0642
vn 0.6099 0.7922 -0.0213
vn 0.6100 0.7921 -0.0214
vn 0.8487 0.5284 -0.0243
vn 0.9689 0.2465 -0.0243
vn -0.1824 -0.2442 0.9524
vn -0.3026 0.0375 0.9524
vn -0.3453 0.0194 0.9383
vn -0.3455 0.0194 0.9382
vn 0.0162 -0.5253 0.8508
vn -0.0221 -0.5415 0.8404
vn -0.0967 -0.5734 0.8136
vn -0.3873 0.0015 0.9220
vn -0.3677 0.3754 0.8508
vn -0.3677 0.3755 0.8508
vn 0.7485 0.1525 0.6454
vn 0.7485 0.1524 0.6454
vn 0.6565 0.4465 0.6079
vn 0.7994 -0.1914 0.5695
vn 0.7729 -0.2026 0.6013
vn 0.7728 -0.2027 0.6014
vn 0.7729 -0.2027 0.6013
vn 0.7185 0.1398 0.6813
vn 0.3890 0.6981 0.6012
vn 0.4404 0.7199 0.5364
vn 0.4402 0.7200 0.5365
vn 0.4638 0.7300 0.5021
vn 0.8033 0.1760 0.5690
vt 0.000000 0.000000
s 1
usemtl Goddard_None
f 1/1/1 2/1/2 3/1/3
f 3/1/3 4/1/4 1/1/1
f 4/1/4 3/1/3 5/1/5
f 5/1/5 6/1/6 4/1/4
f 4/1/7 7/1/8 8/1/9
f 8/1/9 1/1/10 4/1/7
f 9/1/11 7/1/8 4/1/7
f 4/1/7 6/1/12 9/1/11
f 10/1/13 11/1/13 12/1/13
f 12/1/13 2/1/13 10/1/13
f 13/1/14 3/1/15 2/1/14
f 2/1/14 12/1/14 13/1/14
f 13/1/16 14/1/16 5/1/17
f 5/1/17 3/1/16 13/1/16
f 5/1/18 14/1/19 15/1/18
f 15/1/18 16/1/18 5/1/18
f 17/1/20 6/1/6 5/1/5
f 5/1/5 16/1/21 17/1/20
f 17/1/22 18/1/23 9/1/11
f 9/1/11 6/1/12 17/1/22
f 19/1/24 9/1/24 18/1/25
f 18/1/25 20/1/26 19/1/24
f 9/1/27 19/1/27 21/1/27
f 21/1/27 7/1/27 9/1/27
f 7/1/28 21/1/28 22/1/28
f 22/1/28 8/1/29 7/1/28
f 22/1/30 23/1/31 24/1/32
f 24/1/32 8/1/33 22/1/30
f 1/1/10 8/1/9 24/1/34
f 24/1/34 25/1/35 1/1/10
f 10/1/36 2/1/2 1/1/1
f 1/1/1 25/1/37 10/1/36
f 26/1/38 27/1/39 28/1/40
f 28/1/40 29/1/41 26/1/38
f 30/1/42 31/1/43 27/1/44
f 27/1/44 26/1/45 30/1/42
f 27/1/39 32/1/46 33/1/47
f 33/1/47 28/1/40 27/1/39
f 27/1/44 31/1/43 34/1/48
f 34/1/48 32/1/49 27/1/44
f 35/1/50 29/1/51 36/1/51
f 36/1/51 37/1/52 35/1/50
f 26/1/38 29/1/41 35/1/53
f 35/1/53 38/1/54 26/1/38
f 39/1/55 30/1/42 26/1/45
f 26/1/45 38/1/56 39/1/55
f 30/1/57 39/1/58 40/1/59
f 40/1/59 41/1/60 30/1/57
f 42/1/61 31/1/61 30/1/61
f 30/1/61 41/1/61 42/1/61
f 43/1/62 34/1/63 31/1/64
f 31/1/64 42/1/65 43/1/62
f 44/1/66 34/1/66 43/1/66
f 43/1/66 45/1/66 44/1/66
f 44/1/67 46/1/68 32/1/49
f 32/1/49 34/1/48 44/1/67
f 32/1/46 46/1/69 47/1/70
f 47/1/70 33/1/47 32/1/46
f 48/1/71 33/1/71 47/1/72
f 47/1/72 49/1/72 48/1/71
f 28/1/73 33/1/73 48/1/73
f 48/1/73 50/1/73 28/1/73
f 29/1/74 28/1/74 50/1/75
f 50/1/75 36/1/74 29/1/74
f 51/1/76 52/1/77 53/1/78
f 53/1/78 54/1/79 51/1/76
f 55/1/80 56/1/81 52/1/82
f 52/1/82 51/1/83 55/1/80
f 52/1/77 57/1/84 58/1/85
f 58/1/85 53/1/78 52/1/77
f 52/1/82 56/1/81 59/1/86
f 59/1/86 57/1/87 52/1/82
f 54/1/88 60/1/89 61/1/89
f 61/1/89 62/1/89 54/1/88
f 62/1/90 63/1/91 51/1/76
f 51/1/76 54/1/79 62/1/90
f 55/1/80 51/1/83 63/1/92
f 63/1/92 64/1/93 55/1/80
f 64/1/94 65/1/94 66/1/94
f 66/1/94 55/1/94 64/1/94
f 67/1/95 56/1/96 55/1/96
f 55/1/96 66/1/96 67/1/95
f 68/1/97 59/1/97 56/1/97
f 56/1/97 67/1/97 68/1/97
f 39/1/98 59/1/99 68/1/98
f 68/1/98 40/1/100 39/1/98
f 38/1/56 57/1/87 59/1/86
f 59/1/86 39/1/55 38/1/56
f 38/1/54 35/1/53 58/1/85
f 58/1/85 57/1/84 38/1/54
f 35/1/101 37/1/102 69/1/101
f 69/1/101 58/1/101 35/1/101
f 53/1/103 58/1/104 69/1/104
f 69/1/104 70/1/104 53/1/103
f 54/1/105 53/1/106 70/1/105
f 70/1/105 60/1/107 54/1/105
f 71/1/108 72/1/109 73/1/110
f 73/1/110 74/1/111 71/1/108
f 75/1/112 76/1/113 72/1/114
f 72/1/114 71/1/115 75/1/112
f 72/1/109 77/1/116 78/1/117
f 78/1/117 73/1/110 72/1/109
f 72/1/114 76/1/113 79/1/118
f 79/1/118 77/1/119 72/1/114
f 80/1/120 81/1/120 82/1/120
f 82/1/120 74/1/120 80/1/120
f 71/1/108 74/1/111 82/1/121
f 82/1/121 83/1/122 71/1/108
f 75/1/112 71/1/115 83/1/123
f 83/1/123 84/1/124 75/1/112
f 84/1/125 85/1/126 86/1/127
f 86/1/127 75/1/125 84/1/125
f 87/1/128 76/1/128 75/1/128
f 75/1/128 86/1/128 87/1/128
f 88/1/129 79/1/130 76/1/129
f 76/1/129 87/1/129 88/1/129
f 65/1/131 64/1/132 79/1/133
f 79/1/133 88/1/133 65/1/131
f 63/1/92 77/1/119 79/1/118
f 79/1/118 64/1/93 63/1/92
f 63/1/91 62/1/90 78/1/117
f 78/1/117 77/1/116 63/1/91
f 62/1/134 61/1/134 89/1/134
f 89/1/134 78/1/134 62/1/134
f 78/1/135 89/1/135 90/1/135
f 90/1/135 73/1/135 78/1/135
f 74/1/136 73/1/136 90/1/136
f 90/1/136 80/1/136 74/1/136
f 91/1/137 92/1/138 93/1/139
f 93/1/139 94/1/140 91/1/137
f 95/1/141 96/1/142 92/1/143
f 92/1/143 91/1/144 95/1/141
f 92/1/138 97/1/145 98/1/146
f 98/1/146 93/1/139 92/1/138
f 92/1/143 96/1/142 99/1/147
f 99/1/147 97/1/148 92/1/143
f 94/1/149 100/1/150 101/1/149
f 101/1/149 102/1/151 94/1/149
f 94/1/140 102/1/152 103/1/153
f 103/1/153 91/1/137 94/1/140
f 103/1/154 104/1/155 95/1/141
f 95/1/141 91/1/144 103/1/154
f 105/1/156 95/1/156 104/1/156
f 104/1/156 106/1/156 105/1/156
f 96/1/157 95/1/157 105/1/157
f 105/1/157 107/1/157 96/1/157
f 108/1/158 99/1/158 96/1/158
f 96/1/158 107/1/158 108/1/158
f 85/1/159 84/1/159 99/1/159
f 99/1/159 108/1/159 85/1/159
f 83/1/123 97/1/148 99/1/147
f 99/1/147 84/1/124 83/1/123
f 83/1/122 82/1/121 98/1/146
f 98/1/146 97/1/145 83/1/122
f 82/1/160 81/1/160 109/1/160
f 109/1/160 98/1/160 82/1/160
f 98/1/161 109/1/161 110/1/162
f 110/1/162 93/1/161 98/1/161
f 100/1/163 94/1/164 93/1/163
f 93/1/163 110/1/164 100/1/163
f 111/1/165 112/1/166 113/1/167
f 113/1/167 114/1/168 111/1/165
f 115/1/169 116/1/170 112/1/171
f 112/1/171 111/1/172 115/1/169
f 112/1/166 117/1/173 118/1/174
f 118/1/174 113/1/167 112/1/166
f 112/1/171 116/1/170 119/1/175
f 119/1/175 117/1/176 112/1/171
f 114/1/177 120/1/178 121/1/177
f 121/1/177 122/1/179 114/1/177
f 114/1/168 122/1/180 123/1/181
f 123/1/181 111/1/165 114/1/168
f 115/1/169 111/1/172 123/1/182
f 123/1/182 124/1/183 115/1/169
f 124/1/184 125/1/184 126/1/184
f 126/1/184 115/1/184 124/1/184
f 116/1/185 115/1/185 126/1/186
f 126/1/186 127/1/185 116/1/185
f 128/1/187 119/1/187 116/1/187
f 116/1/187 127/1/187 128/1/187
f 104/1/188 119/1/189 128/1/189
f 128/1/189 106/1/189 104/1/188
f 117/1/176 119/1/175 104/1/155
f 104/1/155 103/1/154 117/1/176
f 103/1/153 102/1/152 118/1/174
f 118/1/174 117/1/173 103/1/153
f 102/1/190 101/1/190 129/1/191
f 129/1/191 118/1/192 102/1/190
f 118/1/193 129/1/194 130/1/194
f 130/1/194 113/1/194 118/1/193
f 120/1/195 114/1/196 113/1/195
f 113/1/195 130/1/197 120/1/195
f 131/1/198 132/1/199 133/1/200
f 133/1/200 134/1/201 131/1/198
f 135/1/202 136/1/203 132/1/204
f 132/1/204 131/1/205 135/1/202
f 132/1/199 137/1/206 138/1/207
f 138/1/207 133/1/200 132/1/199
f 132/1/204 136/1/203 139/1/208
f 139/1/208 137/1/209 132/1/204
f 134/1/210 140/1/211 141/1/210
f 141/1/210 142/1/212 134/1/210
f 134/1/201 142/1/213 143/1/214
f 143/1/214 131/1/198 134/1/201
f 135/1/202 131/1/205 143/1/215
f 143/1/215 144/1/216 135/1/202
f 144/1/217 145/1/218 146/1/219
f 146/1/219 135/1/219 144/1/217
f 136/1/220 135/1/221 146/1/221
f 146/1/221 147/1/221 136/1/220
f 148/1/222 139/1/222 136/1/222
f 136/1/222 147/1/222 148/1/222
f 124/1/223 139/1/223 148/1/223
f 148/1/223 125/1/223 124/1/223
f 123/1/182 137/1/209 139/1/208
f 139/1/208 124/1/183 123/1/182
f 123/1/181 122/1/180 138/1/207
f 138/1/207 137/1/206 123/1/181
f 122/1/224 121/1/225 149/1/224
f 149/1/224 138/1/224 122/1/224
f 138/1/226 149/1/227 150/1/226
f 150/1/226 133/1/226 138/1/226
f 140/1/228 134/1/228 133/1/228
f 133/1/228 150/1/228 140/1/228
f 151/1/229 152/1/230 153/1/231
f 153/1/231 154/1/232 151/1/229
f 155/1/233 156/1/234 152/1/235
f 152/1/235 151/1/236 155/1/233
f 152/1/230 157/1/237 158/1/238
f 158/1/238 153/1/231 152/1/230
f 152/1/235 156/1/234 159/1/239
f 159/1/239 157/1/240 152/1/235
f 154/1/241 160/1/242 161/1/243
f 161/1/243 162/1/242 154/1/241
f 154/1/232 162/1/244 163/1/245
f 163/1/245 151/1/229 154/1/232
f 155/1/233 151/1/236 163/1/246
f 163/1/246 164/1/247 155/1/233
f 164/1/248 165/1/248 166/1/248
f 166/1/248 155/1/249 164/1/248
f 156/1/250 155/1/250 166/1/251
f 166/1/251 167/1/250 156/1/250
f 168/1/252 159/1/253 156/1/252
f 156/1/252 167/1/252 168/1/252
f 144/1/254 159/1/254 168/1/254
f 168/1/254 145/1/254 144/1/254
f 143/1/215 157/1/240 159/1/239
f 159/1/239 144/1/216 143/1/215
f 143/1/214 142/1/213 158/1/238
f 158/1/238 157/1/237 143/1/214
f 142/1/255 141/1/256 169/1/256
f 169/1/256 158/1/257 142/1/255
f 158/1/258 169/1/258 170/1/259
f 170/1/259 153/1/260 158/1/258
f 160/1/261 154/1/262 153/1/262
f 153/1/262 170/1/263 160/1/261
f 171/1/264 172/1/265 173/1/266
f 173/1/266 174/1/267 171/1/264
f 175/1/268 176/1/269 172/1/270
f 172/1/270 171/1/271 175/1/268
f 172/1/265 177/1/272 178/1/273
f 178/1/273 173/1/266 172/1/265
f 172/1/270 176/1/269 179/1/274
f 179/1/274 177/1/275 172/1/270
f 174/1/276 180/1/277 181/1/276
f 181/1/276 182/1/276 174/1/276
f 174/1/267 182/1/278 183/1/278
f 183/1/278 171/1/264 174/1/267
f 175/1/268 171/1/271 183/1/279
f 183/1/279 184/1/280 175/1/268
f 185/1/281 175/1/281 184/1/281
f 184/1/281 186/1/281 185/1/281
f 176/1/282 175/1/282 185/1/282
f 185/1/282 187/1/282 176/1/282
f 188/1/283 179/1/283 176/1/283
f 176/1/283 187/1/283 188/1/283
f 164/1/284 179/1/284 188/1/284
f 188/1/284 165/1/284 164/1/284
f 163/1/246 177/1/275 179/1/274
f 179/1/274 164/1/247 163/1/246
f 163/1/245 162/1/244 178/1/273
f 178/1/273 177/1/272 163/1/245
f 162/1/285 161/1/285 189/1/286
f 189/1/286 178/1/286 162/1/285
f 178/1/287 189/1/287 190/1/287
f 190/1/287 173/1/287 178/1/287
f 180/1/288 174/1/288 173/1/288
f 173/1/288 190/1/288 180/1/288
f 191/1/289 192/1/290 193/1/291
f 193/1/291 194/1/292 191/1/289
f 195/1/293 196/1/294 192/1/295
f 192/1/295 191/1/296 195/1/293
f 192/1/290 197/1/297 198/1/298
f 198/1/298 193/1/291 192/1/290
f 192/1/295 196/1/294 199/1/299
f 199/1/299 197/1/300 192/1/295
f 194/1/301 200/1/301 201/1/301
f 201/1/301 202/1/301 194/1/301
f 194/1/292 202/1/302 203/1/303
f 203/1/303 191/1/289 194/1/292
f 195/1/293 191/1/296 203/1/304
f 203/1/304 204/1/305 195/1/293
f 205/1/306 195/1/306 204/1/306
f 204/1/306 206/1/306 205/1/306
f 196/1/307 195/1/307 205/1/307
f 205/1/307 207/1/307 196/1/307
f 208/1/308 199/1/308 196/1/308
f 196/1/308 207/1/308 208/1/308
f 186/1/309 184/1/309 199/1/309
f 199/1/309 208/1/309 186/1/309
f 183/1/279 197/1/300 199/1/299
f 199/1/299 184/1/280 183/1/279
f 183/1/278 182/1/278 198/1/298
f 198/1/298 197/1/297 183/1/278
f 182/1/310 181/1/310 209/1/310
f 209/1/310 198/1/310 182/1/310
f 198/1/311 209/1/311 210/1/311
f 210/1/311 193/1/311 198/1/311
f 200/1/312 194/1/313 193/1/312
f 193/1/312 210/1/312 200/1/312
f 211/1/314 212/1/315 213/1/316
f 213/1/316 214/1/317 211/1/314
f 215/1/318 216/1/319 212/1/320
f 212/1/320 211/1/321 215/1/318
f 212/1/315 217/1/322 218/1/323
f 218/1/323 213/1/316 212/1/315
f 212/1/320 216/1/319 219/1/324
f 219/1/324 217/1/325 212/1/320
f 214/1/326 220/1/326 221/1/326
f 221/1/326 222/1/327 214/1/326
f 214/1/317 222/1/328 223/1/329
f 223/1/329 211/1/314 214/1/317
f 215/1/318 211/1/321 223/1/330
f 223/1/330 224/1/331 215/1/318
f 225/1/332 215/1/332 224/1/332
f 224/1/332 226/1/332 225/1/332
f 216/1/333 215/1/333 225/1/334
f 225/1/334 227/1/333 216/1/333
f 228/1/335 219/1/335 216/1/335
f 216/1/335 227/1/336 228/1/335
f 206/1/337 204/1/337 219/1/337
f 219/1/337 228/1/337 206/1/337
f 203/1/304 217/1/325 219/1/324
f 219/1/324 204/1/305 203/1/304
f 203/1/303 202/1/302 218/1/323
f 218/1/323 217/1/322 203/1/303
f 202/1/338 201/1/338 229/1/338
f 229/1/338 218/1/338 202/1/338
f 218/1/339 229/1/339 230/1/339
f 230/1/339 213/1/339 218/1/339
f 220/1/340 214/1/341 213/1/342
f 213/1/342 230/1/343 220/1/340
f 231/1/344 232/1/345 233/1/346
f 233/1/346 234/1/347 231/1/344
f 235/1/348 236/1/349 232/1/350
f 232/1/350 231/1/351 235/1/348
f 232/1/345 237/1/352 238/1/353
f 238/1/353 233/1/346 232/1/345
f 232/1/350 236/1/349 239/1/354
f 239/1/354 237/1/355 232/1/350
f 234/1/356 240/1/356 241/1/356
f 241/1/356 242/1/356 234/1/356
f 234/1/347 242/1/357 243/1/358
f 243/1/358 231/1/344 234/1/347
f 235/1/348 231/1/351 243/1/359
f 243/1/359 244/1/360 235/1/348
f 245/1/361 235/1/362 244/1/362
f 244/1/362 246/1/361 245/1/361
f 236/1/363 235/1/364 245/1/363
f 245/1/363 247/1/364 236/1/363
f 248/1/365 239/1/365 236/1/365
f 236/1/365 247/1/365 248/1/365
f 226/1/366 224/1/366 239/1/367
f 239/1/367 248/1/367 226/1/366
f 223/1/330 237/1/355 239/1/354
f 239/1/354 224/1/331 223/1/330
f 223/1/329 222/1/328 238/1/353
f 238/1/353 237/1/352 223/1/329
f 222/1/368 221/1/369 249/1/369
f 249/1/369 238/1/368 222/1/368
f 238/1/370 249/1/370 250/1/370
f 250/1/370 233/1/370 238/1/370
f 240/1/371 234/1/371 233/1/371
f 233/1/371 250/1/371 240/1/371
f 251/1/372 252/1/373 253/1/374
f 253/1/374 254/1/375 251/1/372
f 255/1/376 256/1/377 252/1/378
f 252/1/378 251/1/379 255/1/376
f 252/1/373 257/1/380 258/1/381
f 258/1/381 253/1/374 252/1/373
f 252/1/378 256/1/377 259/1/382
f 259/1/382 257/1/383 252/1/378
f 254/1/384 260/1/384 261/1/385
f 261/1/385 262/1/384 254/1/384
f 254/1/375 262/1/386 263/1/387
f 263/1/387 251/1/372 254/1/375
f 255/1/376 251/1/379 263/1/388
f 263/1/388 264/1/389 255/1/376
f 265/1/390 255/1/390 264/1/391
f 264/1/391 266/1/391 265/1/390
f 256/1/392 255/1/392 265/1/392
f 265/1/392 267/1/392 256/1/392
f 268/1/393 259/1/393 256/1/393
f 256/1/393 267/1/393 268/1/393
f 246/1/394 244/1/394 259/1/394
f 259/1/394 268/1/394 246/1/394
f 243/1/359 257/1/383 259/1/382
f 259/1/382 244/1/360 243/1/359
f 243/1/358 242/1/357 258/1/381
f 258/1/381 257/1/380 243/1/358
f 242/1/395 241/1/395 269/1/395
f 269/1/395 258/1/395 242/1/395
f 258/1/396 269/1/397 270/1/396
f 270/1/396 253/1/397 258/1/396
f 260/1/398 254/1/398 253/1/399
f 253/1/399 270/1/398 260/1/398
f 271/1/400 272/1/401 273/1/402
f 273/1/402 274/1/403 271/1/400
f 275/1/404 276/1/405 272/1/406
f 272/1/406 271/1/407 275/1/404
f 272/1/401 277/1/408 278/1/409
f 278/1/409 273/1/402 272/1/401
f 272/1/406 276/1/405 279/1/410
f 279/1/410 277/1/411 272/1/406
f 274/1/412 280/1/412 281/1/412
f 281/1/412 282/1/412 274/1/412
f 274/1/403 282/1/413 283/1/414
f 283/1/414 271/1/400 274/1/403
f 275/1/404 271/1/407 283/1/415
f 283/1/415 284/1/416 275/1/404
f 285/1/417 275/1/417 284/1/417
f 284/1/417 286/1/418 285/1/417
f 276/1/419 275/1/419 285/1/420
f 285/1/420 287/1/420 276/1/419
f 288/1/421 279/1/421 276/1/421
f 276/1/421 287/1/421 288/1/421
f 266/1/422 264/1/422 279/1/422
f 279/1/422 288/1/422 266/1/422
f 263/1/388 277/1/411 279/1/410
f 279/1/410 264/1/389 263/1/388
f 263/1/387 262/1/386 278/1/409
f 278/1/409 277/1/408 263/1/387
f 262/1/423 261/1/423 289/1/423
f 289/1/423 278/1/423 262/1/423
f 278/1/424 289/1/424 290/1/425
f 290/1/425 273/1/424 278/1/424
f 280/1/426 274/1/426 273/1/427
f 273/1/427 290/1/426 280/1/426
f 291/1/428 292/1/429 293/1/430
f 293/1/430 294/1/431 291/1/428
f 295/1/432 296/1/433 292/1/434
f 292/1/434 291/1/435 295/1/432
f 292/1/429 297/1/436 298/1/437
f 298/1/437 293/1/430 292/1/429
f 292/1/434 296/1/433 299/1/438
f 299/1/438 297/1/439 292/1/434
f 294/1/440 300/1/440 301/1/441
f 301/1/441 302/1/440 294/1/440
f 294/1/431 302/1/442 303/1/443
f 303/1/443 291/1/428 294/1/431
f 295/1/432 291/1/435 303/1/444
f 303/1/444 304/1/445 295/1/432
f 305/1/446 295/1/447 304/1/448
f 304/1/448 306/1/448 305/1/446
f 296/1/449 295/1/450 305/1/451
f 305/1/451 307/1/452 296/1/449
f 308/1/453 299/1/453 296/1/454
f 296/1/454 307/1/454 308/1/453
f 286/1/455 284/1/456 299/1/456
f 299/1/456 308/1/457 286/1/455
f 283/1/415 297/1/439 299/1/438
f 299/1/438 284/1/416 283/1/415
f 283/1/414 282/1/413 298/1/437
f 298/1/437 297/1/436 283/1/414
f 282/1/458 281/1/459 309/1/458
f 309/1/458 298/1/458 282/1/458
f 298/1/460 309/1/460 310/1/460
f 310/1/460 293/1/460 298/1/460
f 300/1/461 294/1/462 293/1/463
f 293/1/463 310/1/463 300/1/461
f 311/1/464 312/1/465 313/1/466
f 313/1/466 314/1/467 311/1/464
f 315/1/468 316/1/469 312/1/470
f 312/1/470 311/1/471 315/1/468
f 312/1/465 317/1/472 318/1/473
f 318/1/473 313/1/466 312/1/465
f 312/1/470 316/1/469 319/1/474
f 319/1/474 317/1/475 312/1/470
f 314/1/476 320/1/477 321/1/478
f 321/1/478 322/1/477 314/1/476
f 314/1/467 322/1/479 323/1/480
f 323/1/480 311/1/464 314/1/467
f 315/1/468 311/1/471 323/1/481
f 323/1/481 324/1/482 315/1/468
f 325/1/483 315/1/483 324/1/484
f 324/1/484 326/1/483 325/1/483
f 316/1/485 315/1/485 325/1/485
f 325/1/485 327/1/485 316/1/485
f 328/1/486 319/1/486 316/1/486
f 316/1/486 327/1/487 328/1/486
f 306/1/488 304/1/488 319/1/489
f 319/1/489 328/1/488 306/1/488
f 303/1/444 317/1/475 319/1/474
f 319/1/474 304/1/445 303/1/444
f 303/1/443 302/1/442 318/1/473
f 318/1/473 317/1/472 303/1/443
f 302/1/490 301/1/490 329/1/490
f 329/1/490 318/1/490 302/1/490
f 318/1/491 329/1/491 330/1/491
f 330/1/491 313/1/492 318/1/491
f 320/1/493 314/1/493 313/1/493
f 313/1/493 330/1/493 320/1/493
f 331/1/494 332/1/495 333/1/496
f 333/1/496 334/1/497 331/1/494
f 335/1/498 336/1/499 332/1/500
f 332/1/500 331/1/501 335/1/498
f 332/1/495 337/1/502 338/1/503
f 338/1/503 333/1/496 332/1/495
f 332/1/500 336/1/499 339/1/504
f 339/1/504 337/1/505 332/1/500
f 334/1/506 340/1/506 341/1/507
f 341/1/507 342/1/507 334/1/506
f 334/1/497 342/1/508 343/1/509
f 343/1/509 331/1/494 334/1/497
f 335/1/498 331/1/501 343/1/510
f 343/1/510 344/1/511 335/1/498
f 345/1/512 335/1/513 344/1/514
f 344/1/514 346/1/515 345/1/512
f 336/1/516 335/1/516 345/1/516
f 345/1/516 347/1/516 336/1/516
f 348/1/517 339/1/518 336/1/519
f 336/1/519 347/1/517 348/1/517
f 326/1/520 324/1/520 339/1/521
f 339/1/521 348/1/520 326/1/520
f 323/1/481 337/1/505 339/1/504
f 339/1/504 324/1/482 323/1/481
f 323/1/480 322/1/479 338/1/503
f 338/1/503 337/1/502 323/1/480
f 322/1/522 321/1/522 349/1/522
f 349/1/522 338/1/522 322/1/522
f 338/1/523 349/1/524 350/1/523
f 350/1/523 333/1/523 338/1/523
f 340/1/525 334/1/525 333/1/525
f 333/1/525 350/1/525 340/1/525
f 351/1/526 352/1/527 353/1/528
f 353/1/528 354/1/529 351/1/526
f 355/1/530 356/1/531 352/1/532
f 352/1/532 351/1/533 355/1/530
f 352/1/527 357/1/534 358/1/535
f 358/1/535 353/1/528 352/1/527
f 352/1/532 356/1/531 359/1/536
f 359/1/536 357/1/537 352/1/532
f 354/1/58 360/1/538 361/1/538
f 361/1/538 362/1/58 354/1/58
f 354/1/529 362/1/539 363/1/540
f 363/1/540 351/1/526 354/1/529
f 355/1/530 351/1/533 363/1/541
f 363/1/541 364/1/542 355/1/530
f 365/1/543 355/1/544 364/1/543
f 364/1/543 366/1/50 365/1/543
f 356/1/74 355/1/75 365/1/75
f 365/1/75 367/1/545 356/1/74
f 368/1/73 359/1/546 356/1/73
f 356/1/73 367/1/73 368/1/73
f 346/1/71 344/1/547 359/1/72
f 359/1/72 368/1/548 346/1/71
f 343/1/510 357/1/537 359/1/536
f 359/1/536 344/1/511 343/1/510
f 343/1/509 342/1/508 358/1/535
f 358/1/535 357/1/534 343/1/509
f 342/1/66 341/1/66 369/1/549
f 369/1/549 358/1/549 342/1/66
f 358/1/65 369/1/64 370/1/65
f 370/1/65 353/1/65 358/1/65
f 360/1/61 354/1/61 353/1/550
f 353/1/550 370/1/61 360/1/61
f 371/1/551 372/1/552 373/1/553
f 373/1/553 374/1/554 371/1/551
f 375/1/555 376/1/556 372/1/557
f 372/1/557 371/1/558 375/1/555
f 372/1/552 377/1/559 378/1/560
f 378/1/560 373/1/553 372/1/552
f 372/1/557 376/1/556 379/1/561
f 379/1/561 377/1/562 372/1/557
f 374/1/94 380/1/563 381/1/94
f 381/1/94 382/1/94 374/1/94
f 374/1/554 382/1/564 383/1/565
f 383/1/565 371/1/551 374/1/554
f 375/1/555 371/1/558 383/1/566
f 383/1/566 384/1/567 375/1/555
f 385/1/89 375/1/89 384/1/89
f 384/1/89 386/1/89 385/1/89
f 376/1/107 375/1/107 385/1/107
f 385/1/107 387/1/107 376/1/107
f 388/1/104 379/1/104 376/1/104
f 376/1/104 387/1/104 388/1/104
f 366/1/568 364/1/569 379/1/568
f 379/1/568 388/1/568 366/1/568
f 363/1/541 377/1/562 379/1/561
f 379/1/561 364/1/542 363/1/541
f 363/1/540 362/1/539 378/1/560
f 378/1/560 377/1/559 363/1/540
f 362/1/99 361/1/99 389/1/99
f 389/1/99 378/1/99 362/1/99
f 378/1/570 389/1/97 390/1/97
f 390/1/97 373/1/97 378/1/570
f 380/1/571 374/1/96 373/1/96
f 373/1/96 390/1/96 380/1/571
f 391/1/572 392/1/573 393/1/574
f 393/1/574 394/1/575 391/1/572
f 395/1/576 396/1/577 392/1/578
f 392/1/578 391/1/579 395/1/576
f 392/1/573 397/1/580 398/1/581
f 398/1/581 393/1/574 392/1/573
f 392/1/578 396/1/577 399/1/582
f 399/1/582 397/1/583 392/1/578
f 394/1/125 400/1/125 401/1/125
f 401/1/125 402/1/125 394/1/125
f 394/1/575 402/1/584 403/1/584
f 403/1/584 391/1/572 394/1/575
f 395/1/576 391/1/579 403/1/585
f 403/1/585 404/1/586 395/1/576
f 405/1/120 395/1/120 404/1/120
f 404/1/120 406/1/120 405/1/120
f 396/1/136 395/1/136 405/1/136
f 405/1/136 407/1/587 396/1/136
f 408/1/135 399/1/135 396/1/588
f 396/1/588 407/1/135 408/1/135
f 386/1/134 384/1/589 399/1/134
f 399/1/134 408/1/134 386/1/134
f 383/1/566 397/1/583 399/1/582
f 399/1/582 384/1/567 383/1/566
f 383/1/565 382/1/564 398/1/581
f 398/1/581 397/1/580 383/1/565
f 382/1/131 381/1/131 409/1/132
f 409/1/132 398/1/131 382/1/131
f 398/1/130 409/1/129 410/1/130
f 410/1/130 393/1/590 398/1/130
f 400/1/591 394/1/592 393/1/128
f 393/1/128 410/1/128 400/1/591
f 411/1/593 412/1/594 413/1/595
f 413/1/595 414/1/596 411/1/593
f 415/1/597 416/1/598 412/1/599
f 412/1/599 411/1/600 415/1/597
f 412/1/594 417/1/601 418/1/602
f 418/1/602 413/1/595 412/1/594
f 412/1/599 416/1/598 419/1/603
f 419/1/603 417/1/604 412/1/599
f 414/1/605 420/1/156 421/1/156
f 421/1/156 422/1/156 414/1/605
f 414/1/596 422/1/606 423/1/607
f 423/1/607 411/1/593 414/1/596
f 415/1/597 411/1/600 423/1/608
f 423/1/608 424/1/609 415/1/597
f 425/1/610 415/1/611 424/1/610
f 424/1/610 426/1/151 425/1/610
f 416/1/612 415/1/613 425/1/614
f 425/1/614 427/1/615 416/1/612
f 428/1/616 419/1/616 416/1/616
f 416/1/616 427/1/617 428/1/616
f 406/1/160 404/1/160 419/1/160
f 419/1/160 428/1/160 406/1/160
f 403/1/585 417/1/604 419/1/603
f 419/1/603 404/1/586 403/1/585
f 403/1/584 402/1/584 418/1/602
f 418/1/602 417/1/601 403/1/584
f 402/1/159 401/1/159 429/1/159
f 429/1/159 418/1/159 402/1/159
f 418/1/618 429/1/619 430/1/618
f 430/1/618 413/1/158 418/1/618
f 420/1/620 414/1/621 413/1/620
f 413/1/620 430/1/157 420/1/620
f 431/1/622 432/1/623 433/1/624
f 433/1/624 434/1/625 431/1/622
f 435/1/626 436/1/627 432/1/628
f 432/1/628 431/1/629 435/1/626
f 432/1/623 437/1/630 438/1/631
f 438/1/631 433/1/624 432/1/623
f 432/1/628 436/1/627 439/1/632
f 439/1/632 437/1/633 432/1/628
f 434/1/634 440/1/184 441/1/184
f 441/1/184 442/1/184 434/1/634
f 434/1/625 442/1/635 443/1/636
f 443/1/636 431/1/622 434/1/625
f 435/1/626 431/1/629 443/1/637
f 443/1/637 444/1/638 435/1/626
f 445/1/179 435/1/179 444/1/179
f 444/1/179 446/1/179 445/1/179
f 436/1/197 435/1/195 445/1/197
f 445/1/197 447/1/197 436/1/197
f 448/1/639 439/1/194 436/1/194
f 436/1/194 447/1/194 448/1/639
f 426/1/640 424/1/190 439/1/190
f 439/1/190 448/1/190 426/1/640
f 423/1/608 437/1/633 439/1/632
f 439/1/632 424/1/609 423/1/608
f 423/1/607 422/1/606 438/1/631
f 438/1/631 437/1/630 423/1/607
f 422/1/188 421/1/188 449/1/188
f 449/1/188 438/1/188 422/1/188
f 438/1/641 449/1/187 450/1/187
f 450/1/187 433/1/187 438/1/641
f 440/1/642 434/1/642 433/1/642
f 433/1/642 450/1/642 440/1/642
f 451/1/643 452/1/644 453/1/645
f 453/1/645 454/1/646 451/1/643
f 455/1/647 456/1/648 452/1/649
f 452/1/649 451/1/650 455/1/647
f 452/1/644 457/1/651 458/1/652
f 458/1/652 453/1/645 452/1/644
f 452/1/649 456/1/648 459/1/653
f 459/1/653 457/1/654 452/1/649
f 454/1/219 460/1/219 461/1/219
f 461/1/219 462/1/219 454/1/219
f 454/1/646 462/1/655 463/1/656
f 463/1/656 451/1/643 454/1/646
f 455/1/647 451/1/650 463/1/657
f 463/1/657 464/1/658 455/1/647
f 465/1/659 455/1/660 464/1/661
f 464/1/661 466/1/210 465/1/659
f 456/1/228 455/1/228 465/1/228
f 465/1/228 467/1/228 456/1/228
f 468/1/662 459/1/662 456/1/662
f 456/1/662 467/1/226 468/1/662
f 446/1/663 444/1/663 459/1/664
f 459/1/664 468/1/663 446/1/663
f 443/1/637 457/1/654 459/1/653
f 459/1/653 444/1/638 443/1/637
f 443/1/636 442/1/635 458/1/652
f 458/1/652 457/1/651 443/1/636
f 442/1/223 441/1/665 469/1/665
f 469/1/665 458/1/665 442/1/223
f 458/1/666 469/1/666 470/1/666
f 470/1/666 453/1/667 458/1/666
f 460/1/221 454/1/221 453/1/221
f 453/1/221 470/1/221 460/1/221
f 471/1/668 472/1/669 473/1/670
f 473/1/670 474/1/671 471/1/668
f 475/1/672 476/1/673 472/1/674
f 472/1/674 471/1/675 475/1/672
f 472/1/669 477/1/676 478/1/677
f 478/1/677 473/1/670 472/1/669
f 472/1/674 476/1/673 479/1/678
f 479/1/678 477/1/679 472/1/674
f 474/1/680 480/1/248 481/1/681
f 481/1/681 482/1/248 474/1/680
f 474/1/671 482/1/682 483/1/683
f 483/1/683 471/1/668 474/1/671
f 475/1/672 471/1/675 483/1/684
f 483/1/684 484/1/685 475/1/672
f 485/1/686 475/1/687 484/1/688
f 484/1/688 486/1/242 485/1/686
f 476/1/689 475/1/689 485/1/689
f 485/1/689 487/1/689 476/1/689
f 488/1/258 479/1/258 476/1/258
f 476/1/258 487/1/258 488/1/258
f 466/1/256 464/1/256 479/1/256
f 479/1/256 488/1/256 466/1/256
f 463/1/657 477/1/679 479/1/678
f 479/1/678 464/1/658 463/1/657
f 463/1/656 462/1/655 478/1/677
f 478/1/677 477/1/676 463/1/656
f 462/1/690 461/1/690 489/1/690
f 489/1/690 478/1/690 462/1/690
f 478/1/691 489/1/691 490/1/691
f 490/1/691 473/1/691 478/1/691
f 480/1/250 474/1/250 473/1/250
f 473/1/250 490/1/250 480/1/250
f 491/1/692 492/1/693 493/1/694
f 493/1/694 494/1/695 491/1/692
f 495/1/696 496/1/697 492/1/698
f 492/1/698 491/1/699 495/1/696
f 492/1/693 497/1/275 498/1/700
f 498/1/700 493/1/694 492/1/693
f 492/1/698 496/1/697 499/1/701
f 499/1/701 497/1/702 492/1/698
f 494/1/281 500/1/281 501/1/281
f 501/1/281 502/1/281 494/1/281
f 494/1/695 502/1/703 503/1/704
f 503/1/704 491/1/692 494/1/695
f 495/1/696 491/1/699 503/1/705
f 503/1/705 504/1/705 495/1/696
f 505/1/276 495/1/276 504/1/276
f 504/1/276 506/1/276 505/1/276
f 496/1/288 495/1/288 505/1/288
f 505/1/288 507/1/288 496/1/288
f 508/1/287 499/1/287 496/1/287
f 496/1/287 507/1/287 508/1/287
f 486/1/706 484/1/285 499/1/706
f 499/1/706 508/1/707 486/1/706
f 483/1/684 497/1/702 499/1/701
f 499/1/701 484/1/685 483/1/684
f 483/1/683 482/1/682 498/1/700
f 498/1/700 497/1/275 483/1/683
f 482/1/284 481/1/284 509/1/284
f 509/1/284 498/1/284 482/1/284
f 498/1/708 509/1/708 510/1/708
f 510/1/708 493/1/708 498/1/708
f 500/1/709 494/1/709 493/1/709
f 493/1/709 510/1/709 500/1/709
f 511/1/710 512/1/711 513/1/712
f 513/1/712 514/1/713 511/1/710
f 515/1/714 516/1/715 512/1/716
f 512/1/716 511/1/717 515/1/714
f 512/1/711 517/1/718 518/1/719
f 518/1/719 513/1/712 512/1/711
f 512/1/716 516/1/715 519/1/720
f 519/1/720 517/1/721 512/1/716
f 514/1/306 520/1/306 521/1/306
f 521/1/306 522/1/306 514/1/306
f 514/1/713 522/1/722 523/1/723
f 523/1/723 511/1/710 514/1/713
f 515/1/714 511/1/717 523/1/724
f 523/1/724 524/1/725 515/1/714
f 525/1/726 515/1/727 524/1/728
f 524/1/728 526/1/301 525/1/726
f 516/1/312 515/1/312 525/1/312
f 525/1/312 527/1/312 516/1/312
f 528/1/311 519/1/311 516/1/311
f 516/1/311 527/1/311 528/1/311
f 506/1/310 504/1/310 519/1/729
f 519/1/729 528/1/310 506/1/310
f 503/1/705 517/1/721 519/1/720
f 519/1/720 504/1/705 503/1/705
f 503/1/704 502/1/703 518/1/719
f 518/1/719 517/1/718 503/1/704
f 502/1/309 501/1/309 529/1/309
f 529/1/309 518/1/309 502/1/309
f 518/1/308 529/1/308 530/1/308
f 530/1/308 513/1/308 518/1/308
f 520/1/307 514/1/307 513/1/307
f 513/1/307 530/1/307 520/1/307
f 531/1/730 532/1/731 533/1/732
f 533/1/732 534/1/733 531/1/730
f 535/1/734 536/1/735 532/1/736
f 532/1/736 531/1/737 535/1/734
f 532/1/731 537/1/738 538/1/739
f 538/1/739 533/1/732 532/1/731
f 532/1/736 536/1/735 539/1/740
f 539/1/740 537/1/741 532/1/736
f 534/1/742 540/1/742 541/1/742
f 541/1/742 542/1/742 534/1/742
f 534/1/733 542/1/743 543/1/744
f 543/1/744 531/1/730 534/1/733
f 535/1/734 531/1/737 543/1/745
f 543/1/745 544/1/746 535/1/734
f 545/1/327 535/1/327 544/1/327
f 544/1/327 546/1/327 545/1/327
f 536/1/747 535/1/747 545/1/747
f 545/1/747 547/1/747 536/1/747
f 548/1/339 539/1/339 536/1/748
f 536/1/748 547/1/748 548/1/339
f 526/1/338 524/1/749 539/1/750
f 539/1/750 548/1/751 526/1/338
f 523/1/724 537/1/741 539/1/740
f 539/1/740 524/1/725 523/1/724
f 523/1/723 522/1/722 538/1/739
f 538/1/739 537/1/738 523/1/723
f 522/1/337 521/1/337 549/1/752
f 549/1/752 538/1/753 522/1/337
f 538/1/336 549/1/336 550/1/336
f 550/1/336 533/1/336 538/1/336
f 540/1/333 534/1/333 533/1/333
f 533/1/333 550/1/333 540/1/333
f 551/1/754 552/1/755 553/1/756
f 553/1/756 554/1/757 551/1/754
f 555/1/758 556/1/759 552/1/760
f 552/1/760 551/1/761 555/1/758
f 552/1/755 557/1/762 558/1/763
f 558/1/763 553/1/756 552/1/755
f 552/1/760 556/1/759 559/1/764
f 559/1/764 557/1/765 552/1/760
f 554/1/361 560/1/362 561/1/362
f 561/1/362 562/1/361 554/1/361
f 554/1/757 562/1/766 563/1/767
f 563/1/767 551/1/754 554/1/757
f 555/1/758 551/1/761 563/1/768
f 563/1/768 564/1/769 555/1/758
f 565/1/770 555/1/771 564/1/772
f 564/1/772 566/1/356 565/1/770
f 556/1/773 555/1/774 565/1/773
f 565/1/773 567/1/775 556/1/773
f 568/1/776 559/1/370 556/1/777
f 556/1/777 567/1/778 568/1/776
f 546/1/779 544/1/368 559/1/780
f 559/1/780 568/1/368 546/1/779
f 543/1/745 557/1/765 559/1/764
f 559/1/764 544/1/746 543/1/745
f 543/1/744 542/1/743 558/1/763
f 558/1/763 557/1/762 543/1/744
f 542/1/367 541/1/367 569/1/367
f 569/1/367 558/1/367 542/1/367
f 558/1/365 569/1/365 570/1/365
f 570/1/365 553/1/365 558/1/365
f 560/1/363 554/1/363 553/1/363
f 553/1/363 570/1/364 560/1/363
f 571/1/781 572/1/782 573/1/783
f 573/1/783 574/1/784 571/1/781
f 575/1/785 576/1/786 572/1/787
f 572/1/787 571/1/788 575/1/785
f 572/1/782 577/1/789 578/1/790
f 578/1/790 573/1/783 572/1/782
f 572/1/787 576/1/786 579/1/791
f 579/1/791 577/1/792 572/1/787
f 574/1/390 580/1/793 581/1/794
f 581/1/794 582/1/390 574/1/390
f 574/1/784 582/1/795 583/1/796
f 583/1/796 571/1/781 574/1/784
f 575/1/785 571/1/788 583/1/797
f 583/1/797 584/1/798 575/1/785
f 585/1/384 575/1/384 584/1/384
f 584/1/384 586/1/384 585/1/384
f 576/1/398 575/1/398 585/1/398
f 585/1/398 587/1/398 576/1/398
f 588/1/397 579/1/397 576/1/397
f 576/1/397 587/1/397 588/1/397
f 566/1/395 564/1/395 579/1/395
f 579/1/395 588/1/395 566/1/395
f 563/1/768 577/1/792 579/1/791
f 579/1/791 564/1/769 563/1/768
f 563/1/767 562/1/766 578/1/790
f 578/1/790 577/1/789 563/1/767
f 562/1/394 561/1/394 589/1/799
f 589/1/799 578/1/394 562/1/394
f 578/1/393 589/1/393 590/1/393
f 590/1/393 573/1/393 578/1/393
f 580/1/392 574/1/392 573/1/392
f 573/1/392 590/1/392 580/1/392
f 591/1/800 592/1/801 593/1/802
f 593/1/802 594/1/803 591/1/800
f 595/1/804 596/1/805 592/1/806
f 592/1/806 591/1/807 595/1/804
f 592/1/801 597/1/808 598/1/809
f 598/1/809 593/1/802 592/1/801
f 592/1/806 596/1/805 599/1/810
f 599/1/810 597/1/811 592/1/806
f 594/1/812 600/1/813 601/1/812
f 601/1/812 602/1/814 594/1/812
f 594/1/803 602/1/815 603/1/816
f 603/1/816 591/1/800 594/1/803
f 595/1/804 591/1/807 603/1/817
f 603/1/817 604/1/818 595/1/804
f 605/1/412 595/1/412 604/1/819
f 604/1/819 606/1/412 605/1/412
f 596/1/427 595/1/426 605/1/426
f 605/1/426 607/1/426 596/1/427
f 608/1/820 599/1/821 596/1/820
f 596/1/820 607/1/424 608/1/820
f 586/1/423 584/1/423 599/1/423
f 599/1/423 608/1/423 586/1/423
f 583/1/797 597/1/811 599/1/810
f 599/1/810 584/1/798 583/1/797
f 583/1/796 582/1/795 598/1/809
f 598/1/809 597/1/808 583/1/796
f 582/1/422 581/1/422 609/1/422
f 609/1/422 598/1/822 582/1/422
f 598/1/421 609/1/421 610/1/421
f 610/1/421 593/1/421 598/1/421
f 600/1/420 594/1/420 593/1/420
f 593/1/420 610/1/420 600/1/420
f 611/1/823 612/1/824 613/1/825
f 613/1/825 614/1/826 611/1/823
f 615/1/827 616/1/828 612/1/829
f 612/1/829 611/1/830 615/1/827
f 612/1/824 617/1/831 618/1/832
f 618/1/832 613/1/825 612/1/824
f 612/1/829 616/1/828 619/1/833
f 619/1/833 617/1/834 612/1/829
f 614/1/448 620/1/448 621/1/448
f 621/1/448 622/1/448 614/1/448
f 614/1/826 622/1/835 623/1/836
f 623/1/836 611/1/823 614/1/826
f 615/1/827 611/1/830 623/1/837
f 623/1/837 624/1/838 615/1/827
f 625/1/839 615/1/839 624/1/440
f 624/1/440 626/1/440 625/1/839
f 616/1/463 615/1/463 625/1/463
f 625/1/463 627/1/463 616/1/463
f 628/1/840 619/1/840 616/1/460
f 616/1/460 627/1/840 628/1/840
f 606/1/458 604/1/458 619/1/458
f 619/1/458 628/1/458 606/1/458
f 603/1/817 617/1/834 619/1/833
f 619/1/833 604/1/818 603/1/817
f 603/1/816 602/1/815 618/1/832
f 618/1/832 617/1/831 603/1/816
f 602/1/456 601/1/456 629/1/456
f 629/1/456 618/1/841 602/1/456
f 618/1/842 629/1/843 630/1/842
f 630/1/842 613/1/844 618/1/842
f 620/1/449 614/1/449 613/1/450
f 613/1/450 630/1/450 620/1/449
f 631/1/845 632/1/846 633/1/847
f 633/1/847 634/1/848 631/1/845
f 635/1/849 636/1/850 632/1/851
f 632/1/851 631/1/852 635/1/849
f 632/1/846 637/1/853 638/1/854
f 638/1/854 633/1/847 632/1/846
f 632/1/851 636/1/850 639/1/855
f 639/1/855 637/1/856 632/1/851
f 634/1/857 640/1/858 641/1/857
f 641/1/857 642/1/483 634/1/857
f 634/1/848 642/1/859 643/1/860
f 643/1/860 631/1/845 634/1/848
f 635/1/849 631/1/852 643/1/861
f 643/1/861 644/1/862 635/1/849
f 645/1/477 635/1/863 644/1/864
f 644/1/864 646/1/865 645/1/477
f 636/1/493 635/1/493 645/1/493
f 645/1/493 647/1/493 636/1/493
f 648/1/492 639/1/492 636/1/491
f 636/1/491 647/1/491 648/1/492
f 626/1/866 624/1/867 639/1/490
f 639/1/490 648/1/490 626/1/866
f 623/1/837 637/1/856 639/1/855
f 639/1/855 624/1/838 623/1/837
f 623/1/836 622/1/835 638/1/854
f 638/1/854 637/1/853 623/1/836
f 622/1/488 621/1/488 649/1/488
f 649/1/488 638/1/488 622/1/488
f 638/1/486 649/1/868 650/1/486
f 650/1/486 633/1/486 638/1/486
f 640/1/869 634/1/870 633/1/485
f 633/1/485 650/1/485 640/1/869
f 651/1/871 652/1/872 653/1/873
f 653/1/873 654/1/874 651/1/871
f 655/1/875 656/1/876 652/1/877
f 652/1/877 651/1/878 655/1/875
f 652/1/872 657/1/879 658/1/880
f 658/1/880 653/1/873 652/1/872
f 652/1/877 656/1/876 659/1/881
f 659/1/881 657/1/882 652/1/877
f 654/1/513 660/1/513 49/1/513
f 49/1/513 47/1/513 654/1/513
f 651/1/871 654/1/874 47/1/70
f 47/1/70 46/1/69 651/1/871
f 651/1/878 46/1/68 44/1/67
f 44/1/67 655/1/875 651/1/878
f 44/1/883 45/1/884 661/1/885
f 661/1/885 655/1/886 44/1/883
f 656/1/525 655/1/887 661/1/525
f 661/1/525 662/1/525 656/1/525
f 663/1/523 659/1/523 656/1/523
f 656/1/523 662/1/523 663/1/523
f 646/1/888 644/1/889 659/1/888
f 659/1/888 663/1/522 646/1/888
f 643/1/861 657/1/882 659/1/881
f 659/1/881 644/1/862 643/1/861
f 643/1/860 642/1/859 658/1/880
f 658/1/880 657/1/879 643/1/860
f 642/1/520 641/1/520 664/1/520
f 664/1/520 658/1/520 642/1/520
f 658/1/517 664/1/517 665/1/517
f 665/1/517 653/1/517 658/1/517
f 660/1/516 654/1/516 653/1/516
f 653/1/516 665/1/516 660/1/516
f 666/1/890 667/1/891 668/1/892
f 668/1/892 669/1/893 666/1/890
f 670/1/894 671/1/895 667/1/891
f 667/1/891 666/1/890 670/1/894
f 667/1/896 672/1/897 673/1/898
f 673/1/898 668/1/899 667/1/896
f 667/1/896 671/1/900 674/1/901
f 674/1/901 672/1/897 667/1/896
f 675/1/902 669/1/902 676/1/902
f 676/1/902 677/1/902 675/1/902
f 678/1/903 666/1/904 669/1/905
f 669/1/905 675/1/905 678/1/903
f 666/1/906 678/1/906 679/1/906
f 679/1/906 670/1/906 666/1/906
f 10/1/907 670/1/907 679/1/907
f 679/1/907 11/1/907 10/1/907
f 10/1/36 25/1/37 671/1/895
f 671/1/895 670/1/894 10/1/36
f 24/1/34 674/1/901 671/1/900
f 671/1/900 25/1/35 24/1/34
f 674/1/908 24/1/908 23/1/909
f 23/1/909 680/1/910 674/1/908
f 680/1/911 681/1/911 672/1/911
f 672/1/911 674/1/911 680/1/911
f 672/1/912 681/1/912 682/1/912
f 682/1/912 673/1/913 672/1/912
f 682/1/914 683/1/915 684/1/915
f 684/1/915 673/1/915 682/1/914
f 673/1/898 684/1/916 685/1/917
f 685/1/917 668/1/899 673/1/898
f 669/1/893 668/1/892 685/1/918
f 685/1/918 676/1/919 669/1/893
f 686/1/920 687/1/921 688/1/922
f 688/1/922 689/1/923 686/1/920
f 690/1/924 691/1/925 687/1/921
f 687/1/921 686/1/920 690/1/924
f 687/1/926 692/1/927 693/1/928
f 693/1/928 688/1/929 687/1/926
f 687/1/926 691/1/930 694/1/931
f 694/1/931 692/1/927 687/1/926
f 695/1/932 696/1/933 697/1/932
f 697/1/932 689/1/934 695/1/932
f 697/1/935 698/1/935 686/1/935
f 686/1/935 689/1/936 697/1/935
f 686/1/937 698/1/938 699/1/939
f 699/1/939 690/1/940 686/1/937
f 676/1/941 690/1/941 699/1/942
f 699/1/942 677/1/943 676/1/941
f 690/1/924 676/1/919 685/1/918
f 685/1/918 691/1/925 690/1/924
f 684/1/916 694/1/931 691/1/930
f 691/1/930 685/1/917 684/1/916
f 694/1/944 684/1/944 683/1/944
f 683/1/944 700/1/944 694/1/944
f 700/1/945 701/1/945 692/1/945
f 692/1/945 694/1/945 700/1/945
f 702/1/946 693/1/947 692/1/948
f 692/1/948 701/1/948 702/1/946
f 702/1/949 703/1/950 704/1/951
f 704/1/951 693/1/952 702/1/949
f 688/1/929 693/1/928 704/1/953
f 704/1/953 705/1/954 688/1/929
f 705/1/955 695/1/956 689/1/923
f 689/1/923 688/1/922 705/1/955
f 706/1/957 707/1/958 708/1/959
f 708/1/959 709/1/960 706/1/957
f 710/1/961 711/1/962 707/1/958
f 707/1/958 706/1/957 710/1/961
f 707/1/963 712/1/964 713/1/965
f 713/1/965 708/1/966 707/1/963
f 707/1/963 711/1/967 714/1/968
f 714/1/968 712/1/964 707/1/963
f 715/1/969 716/1/969 717/1/969
f 717/1/969 709/1/969 715/1/969
f 706/1/970 709/1/971 717/1/970
f 717/1/970 718/1/970 706/1/970
f 706/1/972 718/1/973 719/1/973
f 719/1/973 710/1/973 706/1/972
f 695/1/974 710/1/974 719/1/975
f 719/1/975 696/1/974 695/1/974
f 710/1/961 695/1/956 705/1/955
f 705/1/955 711/1/962 710/1/961
f 704/1/953 714/1/968 711/1/967
f 711/1/967 705/1/954 704/1/953
f 714/1/976 704/1/976 703/1/976
f 703/1/976 720/1/976 714/1/976
f 720/1/977 721/1/977 712/1/978
f 712/1/978 714/1/978 720/1/977
f 721/1/979 722/1/979 713/1/979
f 713/1/979 712/1/979 721/1/979
f 722/1/980 723/1/981 724/1/982
f 724/1/982 713/1/983 722/1/980
f 713/1/965 724/1/984 725/1/985
f 725/1/985 708/1/966 713/1/965
f 708/1/959 725/1/986 715/1/987
f 715/1/987 709/1/960 708/1/959
f 726/1/988 727/1/989 728/1/990
f 728/1/990 729/1/991 726/1/988
f 730/1/992 731/1/993 727/1/989
f 727/1/989 726/1/988 730/1/992
f 727/1/994 732/1/995 733/1/996
f 733/1/996 728/1/997 727/1/994
f 727/1/994 731/1/998 734/1/999
f 734/1/999 732/1/995 727/1/994
f 735/1/1000 736/1/1000 737/1/1000
f 737/1/1000 729/1/1000 735/1/1000
f 726/1/1001 729/1/1001 737/1/1002
f 737/1/1002 738/1/1001 726/1/1001
f 726/1/1003 738/1/1003 739/1/1003
f 739/1/1003 730/1/1003 726/1/1003
f 715/1/1004 730/1/1004 739/1/1004
f 739/1/1004 716/1/1004 715/1/1004
f 730/1/992 715/1/987 725/1/986
f 725/1/986 731/1/993 730/1/992
f 731/1/998 725/1/985 724/1/984
f 724/1/984 734/1/999 731/1/998
f 734/1/1005 724/1/1005 723/1/1005
f 723/1/1005 740/1/1005 734/1/1005
f 740/1/1006 741/1/1006 732/1/1006
f 732/1/1006 734/1/1006 740/1/1006
f 741/1/1007 742/1/1007 733/1/1008
f 733/1/1008 732/1/1007 741/1/1007
f 742/1/1009 743/1/1009 744/1/1009
f 744/1/1009 733/1/1009 742/1/1009
f 728/1/997 733/1/996 744/1/1010
f 744/1/1010 745/1/1011 728/1/997
f 728/1/990 745/1/1012 735/1/1013
f 735/1/1013 729/1/991 728/1/990
f 746/1/1014 747/1/1015 748/1/1016
f 748/1/1016 749/1/1017 746/1/1014
f 750/1/1018 751/1/1019 747/1/1015
f 747/1/1015 746/1/1014 750/1/1018
f 747/1/1020 752/1/1021 753/1/1022
f 753/1/1022 748/1/1023 747/1/1020
f 747/1/1020 751/1/1024 754/1/1025
f 754/1/1025 752/1/1021 747/1/1020
f 755/1/1026 756/1/1026 757/1/1027
f 757/1/1027 749/1/1028 755/1/1026
f 746/1/1029 749/1/1029 757/1/1029
f 757/1/1029 758/1/1029 746/1/1029
f 746/1/1030 758/1/1030 759/1/1030
f 759/1/1030 750/1/1031 746/1/1030
f 735/1/1032 750/1/1033 759/1/1032
f 759/1/1032 736/1/1032 735/1/1032
f 750/1/1018 735/1/1013 745/1/1012
f 745/1/1012 751/1/1019 750/1/1018
f 744/1/1010 754/1/1025 751/1/1024
f 751/1/1024 745/1/1011 744/1/1010
f 754/1/1034 744/1/1034 743/1/1034
f 743/1/1034 760/1/1035 754/1/1034
f 760/1/1036 761/1/1037 752/1/1036
f 752/1/1036 754/1/1038 760/1/1036
f 761/1/1039 762/1/1039 753/1/1039
f 753/1/1039 752/1/1039 761/1/1039
f 762/1/1040 763/1/1040 764/1/1041
f 764/1/1041 753/1/1040 762/1/1040
f 748/1/1023 753/1/1022 764/1/1042
f 764/1/1042 765/1/1043 748/1/1023
f 748/1/1016 765/1/1044 755/1/1045
f 755/1/1045 749/1/1017 748/1/1016
f 766/1/1046 767/1/1047 768/1/1048
f 768/1/1048 769/1/1049 766/1/1046
f 770/1/1050 771/1/1051 767/1/1047
f 767/1/1047 766/1/1046 770/1/1050
f 767/1/1052 772/1/1053 773/1/1054
f 773/1/1054 768/1/1055 767/1/1052
f 767/1/1052 771/1/1056 774/1/1057
f 774/1/1057 772/1/1053 767/1/1052
f 775/1/1058 776/1/1058 777/1/1058
f 777/1/1058 769/1/1059 775/1/1058
f 766/1/1060 769/1/1060 777/1/1060
f 777/1/1060 778/1/1060 766/1/1060
f 766/1/1061 778/1/1062 779/1/1062
f 779/1/1062 770/1/1061 766/1/1061
f 755/1/1063 770/1/1063 779/1/1063
f 779/1/1063 756/1/1063 755/1/1063
f 770/1/1050 755/1/1045 765/1/1044
f 765/1/1044 771/1/1051 770/1/1050
f 764/1/1042 774/1/1057 771/1/1056
f 771/1/1056 765/1/1043 764/1/1042
f 774/1/1064 764/1/1064 763/1/1064
f 763/1/1064 780/1/1064 774/1/1064
f 780/1/1065 781/1/1066 772/1/1066
f 772/1/1066 774/1/1066 780/1/1065
f 781/1/1067 782/1/1067 773/1/1067
f 773/1/1067 772/1/1067 781/1/1067
f 782/1/1068 783/1/1069 784/1/1068
f 784/1/1068 773/1/1068 782/1/1068
f 768/1/1055 773/1/1054 784/1/1070
f 784/1/1070 785/1/1071 768/1/1055
f 768/1/1048 785/1/1072 775/1/1073
f 775/1/1073 769/1/1049 768/1/1048
f 786/1/1074 787/1/1075 788/1/1076
f 788/1/1076 789/1/1077 786/1/1074
f 790/1/1078 791/1/1079 787/1/1075
f 787/1/1075 786/1/1074 790/1/1078
f 787/1/1080 792/1/1081 793/1/1082
f 793/1/1082 788/1/1083 787/1/1080
f 787/1/1080 791/1/1084 794/1/1085
f 794/1/1085 792/1/1081 787/1/1080
f 795/1/1086 796/1/1086 797/1/1087
f 797/1/1087 789/1/1086 795/1/1086
f 786/1/1088 789/1/1088 797/1/1088
f 797/1/1088 798/1/1089 786/1/1088
f 786/1/1090 798/1/1090 799/1/1090
f 799/1/1090 790/1/1090 786/1/1090
f 775/1/1091 790/1/1091 799/1/1091
f 799/1/1091 776/1/1091 775/1/1091
f 790/1/1078 775/1/1073 785/1/1072
f 785/1/1072 791/1/1079 790/1/1078
f 784/1/1070 794/1/1085 791/1/1084
f 791/1/1084 785/1/1071 784/1/1070
f 794/1/1092 784/1/1093 783/1/1092
f 783/1/1092 800/1/1094 794/1/1092
f 800/1/1095 801/1/1095 792/1/1095
f 792/1/1095 794/1/1095 800/1/1095
f 801/1/1096 802/1/1096 793/1/1096
f 793/1/1096 792/1/1096 801/1/1096
f 802/1/1097 803/1/1098 804/1/1097
f 804/1/1097 793/1/1098 802/1/1097
f 788/1/1083 793/1/1082 804/1/1099
f 804/1/1099 805/1/1099 788/1/1083
f 788/1/1076 805/1/1100 795/1/1101
f 795/1/1101 789/1/1077 788/1/1076
f 806/1/1102 807/1/1103 808/1/1104
f 808/1/1104 809/1/1105 806/1/1102
f 810/1/1106 811/1/1107 807/1/1103
f 807/1/1103 806/1/1102 810/1/1106
f 807/1/1108 812/1/1109 813/1/1110
f 813/1/1110 808/1/1111 807/1/1108
f 807/1/1108 811/1/1112 814/1/1113
f 814/1/1113 812/1/1109 807/1/1108
f 815/1/1114 816/1/1114 817/1/1114
f 817/1/1114 809/1/1114 815/1/1114
f 806/1/1115 809/1/1115 817/1/1115
f 817/1/1115 818/1/1115 806/1/1115
f 806/1/1116 818/1/1116 819/1/1116
f 819/1/1116 810/1/1117 806/1/1116
f 795/1/1118 810/1/1118 819/1/1118
f 819/1/1118 796/1/1118 795/1/1118
f 810/1/1106 795/1/1101 805/1/1100
f 805/1/1100 811/1/1107 810/1/1106
f 804/1/1099 814/1/1113 811/1/1112
f 811/1/1112 805/1/1099 804/1/1099
f 820/1/1119 814/1/1119 804/1/1119
f 804/1/1119 803/1/1119 820/1/1119
f 820/1/1120 821/1/1120 812/1/1120
f 812/1/1120 814/1/1120 820/1/1120
f 821/1/1121 822/1/1122 813/1/1121
f 813/1/1121 812/1/1121 821/1/1121
f 822/1/1123 823/1/1123 824/1/1123
f 824/1/1123 813/1/1123 822/1/1123
f 808/1/1111 813/1/1110 824/1/1124
f 824/1/1124 825/1/1125 808/1/1111
f 808/1/1104 825/1/1126 815/1/1127
f 815/1/1127 809/1/1105 808/1/1104
f 826/1/1128 827/1/1129 828/1/1130
f 828/1/1130 829/1/1131 826/1/1128
f 830/1/1132 831/1/1133 827/1/1129
f 827/1/1129 826/1/1128 830/1/1132
f 827/1/1134 832/1/1135 833/1/1136
f 833/1/1136 828/1/1137 827/1/1134
f 827/1/1134 831/1/1138 834/1/1139
f 834/1/1139 832/1/1135 827/1/1134
f 835/1/1140 836/1/1140 837/1/1140
f 837/1/1140 829/1/1141 835/1/1140
f 826/1/1142 829/1/1142 837/1/1142
f 837/1/1142 838/1/1142 826/1/1142
f 826/1/1143 838/1/1143 839/1/1143
f 839/1/1143 830/1/1143 826/1/1143
f 815/1/1144 830/1/1145 839/1/1146
f 839/1/1146 816/1/1147 815/1/1144
f 830/1/1132 815/1/1127 825/1/1126
f 825/1/1126 831/1/1133 830/1/1132
f 824/1/1124 834/1/1139 831/1/1138
f 831/1/1138 825/1/1125 824/1/1124
f 834/1/1148 824/1/1149 823/1/1148
f 823/1/1148 840/1/1148 834/1/1148
f 840/1/1150 841/1/1151 832/1/1151
f 832/1/1151 834/1/1150 840/1/1150
f 841/1/1152 842/1/1153 833/1/1153
f 833/1/1153 832/1/1153 841/1/1152
f 842/1/1154 843/1/1155 844/1/1156
f 844/1/1156 833/1/1156 842/1/1154
f 828/1/1137 833/1/1136 844/1/1157
f 844/1/1157 845/1/1158 828/1/1137
f 828/1/1130 845/1/1159 835/1/1160
f 835/1/1160 829/1/1131 828/1/1130
f 846/1/1161 847/1/1162 848/1/1163
f 848/1/1163 849/1/1164 846/1/1161
f 850/1/1165 851/1/1166 847/1/1162
f 847/1/1162 846/1/1161 850/1/1165
f 847/1/1167 852/1/1168 853/1/1169
f 853/1/1169 848/1/1170 847/1/1167
f 847/1/1167 851/1/1171 854/1/1172
f 854/1/1172 852/1/1168 847/1/1167
f 855/1/1173 856/1/1173 857/1/1174
f 857/1/1174 849/1/1173 855/1/1173
f 846/1/1175 849/1/1176 857/1/1177
f 857/1/1177 858/1/1175 846/1/1175
f 846/1/1178 858/1/1178 859/1/1178
f 859/1/1178 850/1/1178 846/1/1178
f 835/1/1179 850/1/1179 859/1/1179
f 859/1/1179 836/1/1179 835/1/1179
f 850/1/1165 835/1/1160 845/1/1159
f 845/1/1159 851/1/1166 850/1/1165
f 844/1/1157 854/1/1172 851/1/1171
f 851/1/1171 845/1/1158 844/1/1157
f 854/1/1180 844/1/1181 843/1/1182
f 843/1/1182 860/1/1182 854/1/1180
f 860/1/1183 861/1/1183 852/1/1184
f 852/1/1184 854/1/1183 860/1/1183
f 861/1/1185 862/1/1186 853/1/1185
f 853/1/1185 852/1/1187 861/1/1185
f 862/1/1188 863/1/1188 864/1/1188
f 864/1/1188 853/1/1188 862/1/1188
f 848/1/1170 853/1/1169 864/1/1189
f 864/1/1189 865/1/1190 848/1/1170
f 848/1/1163 865/1/1191 855/1/1192
f 855/1/1192 849/1/1164 848/1/1163
f 866/1/1193 867/1/1194 868/1/1195
f 868/1/1195 869/1/1196 866/1/1193
f 870/1/1197 871/1/1198 867/1/1194
f 867/1/1194 866/1/1193 870/1/1197
f 867/1/1199 872/1/1200 873/1/1201
f 873/1/1201 868/1/1202 867/1/1199
f 867/1/1199 871/1/1203 874/1/1204
f 874/1/1204 872/1/1200 867/1/1199
f 875/1/1205 876/1/1205 877/1/1205
f 877/1/1205 869/1/1205 875/1/1205
f 866/1/1206 869/1/1206 877/1/1206
f 877/1/1206 878/1/1206 866/1/1206
f 866/1/1207 878/1/1207 879/1/1207
f 879/1/1207 870/1/1207 866/1/1207
f 855/1/1208 870/1/1209 879/1/1209
f 879/1/1209 856/1/1209 855/1/1208
f 870/1/1197 855/1/1192 865/1/1191
f 865/1/1191 871/1/1198 870/1/1197
f 864/1/1189 874/1/1204 871/1/1203
f 871/1/1203 865/1/1190 864/1/1189
f 874/1/1210 864/1/1211 863/1/1211
f 863/1/1211 880/1/1211 874/1/1210
f 880/1/1212 881/1/1212 872/1/1213
f 872/1/1213 874/1/1212 880/1/1212
f 881/1/1214 882/1/1214 873/1/1214
f 873/1/1214 872/1/1214 881/1/1214
f 882/1/1215 883/1/1215 884/1/1215
f 884/1/1215 873/1/1215 882/1/1215
f 868/1/1202 873/1/1201 884/1/1216
f 884/1/1216 885/1/1217 868/1/1202
f 868/1/1195 885/1/1218 875/1/1219
f 875/1/1219 869/1/1196 868/1/1195
f 886/1/1220 887/1/1221 888/1/1222
f 888/1/1222 889/1/1223 886/1/1220
f 890/1/1224 891/1/1225 887/1/1221
f 887/1/1221 886/1/1220 890/1/1224
f 887/1/1226 892/1/1227 893/1/1228
f 893/1/1228 888/1/1229 887/1/1226
f 887/1/1226 891/1/1230 894/1/1231
f 894/1/1231 892/1/1227 887/1/1226
f 895/1/1232 896/1/1233 897/1/1234
f 897/1/1234 889/1/1235 895/1/1232
f 886/1/1236 889/1/1236 897/1/1236
f 897/1/1236 898/1/1236 886/1/1236
f 886/1/1237 898/1/1237 899/1/1237
f 899/1/1237 890/1/1238 886/1/1237
f 875/1/1239 890/1/1239 899/1/1239
f 899/1/1239 876/1/1239 875/1/1239
f 890/1/1224 875/1/1219 885/1/1218
f 885/1/1218 891/1/1225 890/1/1224
f 884/1/1216 894/1/1231 891/1/1230
f 891/1/1230 885/1/1217 884/1/1216
f 894/1/1240 884/1/1241 883/1/1242
f 883/1/1242 900/1/1243 894/1/1240
f 900/1/1244 901/1/1244 892/1/1245
f 892/1/1245 894/1/1244 900/1/1244
f 901/1/1246 902/1/1247 893/1/1247
f 893/1/1247 892/1/1247 901/1/1246
f 902/1/1248 903/1/1248 904/1/1249
f 904/1/1249 893/1/1248 902/1/1248
f 888/1/1229 893/1/1228 904/1/1250
f 904/1/1250 905/1/1251 888/1/1229
f 888/1/1222 905/1/1252 895/1/1253
f 895/1/1253 889/1/1223 888/1/1222
f 906/1/1254 907/1/1255 908/1/1256
f 908/1/1256 909/1/1257 906/1/1254
f 910/1/1258 911/1/1259 907/1/1255
f 907/1/1255 906/1/1254 910/1/1258
f 907/1/1260 912/1/1261 913/1/1262
f 913/1/1262 908/1/1263 907/1/1260
f 907/1/1260 911/1/1264 914/1/1265
f 914/1/1265 912/1/1261 907/1/1260
f 915/1/1266 916/1/1266 917/1/1266
f 917/1/1266 909/1/1267 915/1/1266
f 906/1/1268 909/1/1269 917/1/1268
f 917/1/1268 918/1/1268 906/1/1268
f 906/1/1270 918/1/1271 919/1/1270
f 919/1/1270 910/1/1272 906/1/1270
f 895/1/1273 910/1/1274 919/1/1275
f 919/1/1275 896/1/1276 895/1/1273
f 910/1/1258 895/1/1253 905/1/1252
f 905/1/1252 911/1/1259 910/1/1258
f 904/1/1250 914/1/1265 911/1/1264
f 911/1/1264 905/1/1251 904/1/1250
f 914/1/1277 904/1/1277 903/1/1278
f 903/1/1278 920/1/1277 914/1/1277
f 920/1/1279 921/1/1280 912/1/1280
f 912/1/1280 914/1/1280 920/1/1279
f 921/1/1281 922/1/1282 913/1/1283
f 913/1/1283 912/1/1283 921/1/1281
f 922/1/1284 923/1/1285 924/1/1286
f 924/1/1286 913/1/1284 922/1/1284
f 908/1/1263 913/1/1262 924/1/1287
f 924/1/1287 925/1/1288 908/1/1263
f 908/1/1256 925/1/1289 915/1/1290
f 915/1/1290 909/1/1257 908/1/1256
f 926/1/1291 927/1/1292 928/1/1293
f 928/1/1293 929/1/1294 926/1/1291
f 930/1/1295 931/1/1296 927/1/1292
f 927/1/1292 926/1/1291 930/1/1295
f 927/1/1297 932/1/1298 933/1/1299
f 933/1/1299 928/1/1300 927/1/1297
f 927/1/1297 931/1/1301 934/1/1302
f 934/1/1302 932/1/1298 927/1/1297
f 935/1/1303 936/1/1303 937/1/1303
f 937/1/1303 929/1/1303 935/1/1303
f 926/1/1304 929/1/1305 937/1/1306
f 937/1/1306 938/1/1306 926/1/1304
f 926/1/1307 938/1/1307 939/1/1307
f 939/1/1307 930/1/1307 926/1/1307
f 915/1/1308 930/1/1309 939/1/1308
f 939/1/1308 916/1/1308 915/1/1308
f 930/1/1295 915/1/1290 925/1/1289
f 925/1/1289 931/1/1296 930/1/1295
f 924/1/1287 934/1/1302 931/1/1301
f 931/1/1301 925/1/1288 924/1/1287
f 934/1/1310 924/1/1311 923/1/1311
f 923/1/1311 940/1/1310 934/1/1310
f 940/1/1312 941/1/1312 932/1/1312
f 932/1/1312 934/1/1313 940/1/1312
f 941/1/1314 942/1/1314 933/1/1314
f 933/1/1314 932/1/1314 941/1/1314
f 942/1/1315 943/1/1316 944/1/1317
f 944/1/1317 933/1/1315 942/1/1315
f 928/1/1300 933/1/1299 944/1/1318
f 944/1/1318 945/1/1319 928/1/1300
f 928/1/1293 945/1/1320 935/1/1321
f 935/1/1321 929/1/1294 928/1/1293
f 946/1/1322 947/1/1323 948/1/1324
f 948/1/1324 949/1/1325 946/1/1322
f 950/1/1326 951/1/1327 947/1/1323
f 947/1/1323 946/1/1322 950/1/1326
f 947/1/1328 952/1/1329 953/1/1330
f 953/1/1330 948/1/1331 947/1/1328
f 947/1/1328 951/1/1332 954/1/1333
f 954/1/1333 952/1/1329 947/1/1328
f 955/1/1334 956/1/1334 957/1/1334
f 957/1/1334 949/1/1334 955/1/1334
f 946/1/1335 949/1/1335 957/1/1335
f 957/1/1335 958/1/1335 946/1/1335
f 946/1/1336 958/1/1337 959/1/1337
f 959/1/1337 950/1/1337 946/1/1336
f 935/1/1338 950/1/1338 959/1/1338
f 959/1/1338 936/1/1338 935/1/1338
f 950/1/1326 935/1/1321 945/1/1320
f 945/1/1320 951/1/1327 950/1/1326
f 944/1/1318 954/1/1333 951/1/1332
f 951/1/1332 945/1/1319 944/1/1318
f 954/1/1339 944/1/1340 943/1/1341
f 943/1/1341 960/1/1342 954/1/1339
f 960/1/1343 961/1/1344 952/1/1343
f 952/1/1343 954/1/1344 960/1/1343
f 961/1/1345 962/1/1345 953/1/1345
f 953/1/1345 952/1/1345 961/1/1345
f 962/1/1346 963/1/1347 964/1/1347
f 964/1/1347 953/1/1348 962/1/1346
f 948/1/1331 953/1/1330 964/1/1349
f 964/1/1349 965/1/1350 948/1/1331
f 948/1/1324 965/1/1351 955/1/1352
f 955/1/1352 949/1/1325 948/1/1324
f 966/1/1353 967/1/1354 968/1/1355
f 968/1/1355 969/1/1356 966/1/1353
f 970/1/1357 971/1/1358 967/1/1354
f 967/1/1354 966/1/1353 970/1/1357
f 967/1/1359 972/1/1360 973/1/1361
f 973/1/1361 968/1/1362 967/1/1359
f 967/1/1359 971/1/1363 974/1/1364
f 974/1/1364 972/1/1360 967/1/1359
f 975/1/1365 976/1/1365 977/1/1365
f 977/1/1365 969/1/1365 975/1/1365
f 966/1/28 969/1/1366 977/1/1367
f 977/1/1367 978/1/28 966/1/28
f 966/1/1368 978/1/27 979/1/1368
f 979/1/1368 970/1/1369 966/1/1368
f 955/1/24 970/1/26 979/1/24
f 979/1/24 956/1/26 955/1/24
f 970/1/1357 955/1/1352 965/1/1351
f 965/1/1351 971/1/1358 970/1/1357
f 964/1/1349 974/1/1364 971/1/1363
f 971/1/1363 965/1/1350 964/1/1349
f 974/1/18 964/1/18 963/1/18
f 963/1/18 980/1/18 974/1/18
f 980/1/16 981/1/16 972/1/16
f 972/1/16 974/1/16 980/1/16
f 981/1/14 982/1/14 973/1/1370
f 973/1/1370 972/1/14 981/1/14
f 982/1/13 983/1/13 984/1/13
f 984/1/13 973/1/13 982/1/13
f 968/1/1362 973/1/1361 984/1/1371
f 984/1/1371 985/1/1372 968/1/1362
f 968/1/1355 985/1/1373 975/1/1374
f 975/1/1374 969/1/1356 968/1/1355
f 986/1/1375 987/1/1376 988/1/1377
f 988/1/1377 989/1/1378 986/1/1375
f 990/1/1379 991/1/1380 987/1/1376
f 987/1/1376 986/1/1375 990/1/1379
f 987/1/1381 992/1/1382 993/1/1383
f 993/1/1383 988/1/1384 987/1/1381
f 987/1/1381 991/1/1385 994/1/1386
f 994/1/1386 992/1/1382 987/1/1381
f 995/1/915 996/1/915 997/1/915
f 997/1/915 989/1/1387 995/1/915
f 986/1/1388 989/1/1388 997/1/1388
f 997/1/1388 998/1/1388 986/1/1388
f 986/1/911 998/1/1389 999/1/1389
f 999/1/1389 990/1/911 986/1/911
f 975/1/1390 990/1/1391 999/1/1390
f 999/1/1390 976/1/910 975/1/1390
f 990/1/1379 975/1/1374 985/1/1373
f 985/1/1373 991/1/1380 990/1/1379
f 984/1/1371 994/1/1386 991/1/1385
f 991/1/1385 985/1/1372 984/1/1371
f 994/1/907 984/1/907 983/1/907
f 983/1/907 1000/1/907 994/1/907
f 1000/1/906 1001/1/906 992/1/906
f 992/1/906 994/1/906 1000/1/906
f 1001/1/904 1002/1/905 993/1/904
f 993/1/904 992/1/905 1001/1/904
f 1002/1/902 1003/1/902 1004/1/902
f 1004/1/902 993/1/902 1002/1/902
f 988/1/1384 993/1/1383 1004/1/1392
f 1004/1/1392 1005/1/1393 988/1/1384
f 988/1/1377 1005/1/1394 995/1/1395
f 995/1/1395 989/1/1378 988/1/1377
f 1006/1/1396 1007/1/1397 1008/1/1398
f 1008/1/1398 1009/1/1399 1006/1/1396
f 1010/1/1400 1011/1/1401 1007/1/1397
f 1007/1/1397 1006/1/1396 1010/1/1400
f 1007/1/1402 1012/1/1403 1013/1/1404
f 1013/1/1404 1008/1/1405 1007/1/1402
f 1007/1/1402 1011/1/1406 1014/1/1407
f 1014/1/1407 1012/1/1403 1007/1/1402
f 1015/1/1408 1016/1/1408 1017/1/1408
f 1017/1/1408 1009/1/1409 1015/1/1408
f 1006/1/948 1009/1/948 1017/1/948
f 1017/1/948 1018/1/948 1006/1/948
f 1006/1/945 1018/1/945 1019/1/1410
f 1019/1/1410 1010/1/1411 1006/1/945
f 995/1/944 1010/1/944 1019/1/944
f 1019/1/944 996/1/944 995/1/944
f 1010/1/1400 995/1/1395 1005/1/1394
f 1005/1/1394 1011/1/1401 1010/1/1400
f 1004/1/1392 1014/1/1407 1011/1/1406
f 1011/1/1406 1005/1/1393 1004/1/1392
f 1014/1/943 1004/1/943 1003/1/943
f 1003/1/943 1020/1/1412 1014/1/943
f 1020/1/1413 1021/1/1414 1012/1/939
f 1012/1/939 1014/1/1415 1020/1/1413
f 1021/1/1416 1022/1/1416 1013/1/1416
f 1013/1/1416 1012/1/1417 1021/1/1416
f 1022/1/1418 1023/1/1419 1024/1/1418
f 1024/1/1418 1013/1/1418 1022/1/1418
f 1008/1/1405 1013/1/1404 1024/1/1420
f 1024/1/1420 1025/1/1421 1008/1/1405
f 1008/1/1398 1025/1/1422 1015/1/1423
f 1015/1/1423 1009/1/1399 1008/1/1398
f 1026/1/1424 1027/1/1425 1028/1/1426
f 1028/1/1426 1029/1/1427 1026/1/1424
f 1030/1/1428 1031/1/1429 1027/1/1425
f 1027/1/1425 1026/1/1424 1030/1/1428
f 1027/1/1430 1032/1/1431 1033/1/1432
f 1033/1/1432 1028/1/1433 1027/1/1430
f 1027/1/1430 1031/1/1434 1034/1/1435
f 1034/1/1435 1032/1/1431 1027/1/1430
f 1035/1/1436 1036/1/1436 1037/1/1436
f 1037/1/1436 1029/1/1436 1035/1/1436
f 1026/1/979 1029/1/979 1037/1/979
f 1037/1/979 1038/1/979 1026/1/979
f 1026/1/978 1038/1/978 1039/1/978
f 1039/1/978 1030/1/978 1026/1/978
f 1015/1/976 1030/1/976 1039/1/976
f 1039/1/976 1016/1/976 1015/1/976
f 1030/1/1428 1015/1/1423 1025/1/1422
f 1025/1/1422 1031/1/1429 1030/1/1428
f 1024/1/1420 1034/1/1435 1031/1/1434
f 1031/1/1434 1025/1/1421 1024/1/1420
f 1034/1/975 1024/1/975 1023/1/974
f 1023/1/974 1040/1/974 1034/1/975
f 1040/1/972 1041/1/972 1032/1/972
f 1032/1/972 1034/1/972 1040/1/972
f 1041/1/970 1042/1/970 1033/1/970
f 1033/1/970 1032/1/970 1041/1/970
f 1042/1/969 1043/1/969 1044/1/969
f 1044/1/969 1033/1/969 1042/1/969
f 1028/1/1433 1033/1/1432 1044/1/1437
f 1044/1/1437 1045/1/1438 1028/1/1433
f 1028/1/1426 1045/1/1439 1035/1/1440
f 1035/1/1440 1029/1/1427 1028/1/1426
f 1046/1/1441 1047/1/1442 1048/1/1443
f 1048/1/1443 1049/1/1444 1046/1/1441
f 1050/1/1445 1051/1/1446 1047/1/1442
f 1047/1/1442 1046/1/1441 1050/1/1445
f 1047/1/1447 1052/1/1448 1053/1/1449
f 1053/1/1449 1048/1/1450 1047/1/1447
f 1047/1/1447 1051/1/1451 1054/1/1452
f 1054/1/1452 1052/1/1448 1047/1/1447
f 1055/1/1009 1056/1/1009 1057/1/1009
f 1057/1/1009 1049/1/1009 1055/1/1009
f 1046/1/1007 1049/1/1007 1057/1/1007
f 1057/1/1007 1058/1/1007 1046/1/1007
f 1046/1/1006 1058/1/1006 1059/1/1006
f 1059/1/1006 1050/1/1006 1046/1/1006
f 1035/1/1005 1050/1/1453 1059/1/1454
f 1059/1/1454 1036/1/1005 1035/1/1005
f 1050/1/1445 1035/1/1440 1045/1/1439
f 1045/1/1439 1051/1/1446 1050/1/1445
f 1044/1/1437 1054/1/1452 1051/1/1451
f 1051/1/1451 1045/1/1438 1044/1/1437
f 1054/1/1455 1044/1/1456 1043/1/1456
f 1043/1/1456 1060/1/1457 1054/1/1455
f 1060/1/1458 1061/1/1003 1052/1/1459
f 1052/1/1459 1054/1/1460 1060/1/1458
f 1061/1/1001 1062/1/1001 1053/1/1001
f 1053/1/1001 1052/1/1001 1061/1/1001
f 1062/1/1461 1063/1/1462 1064/1/1462
f 1064/1/1462 1053/1/1462 1062/1/1461
f 1048/1/1450 1053/1/1449 1064/1/1463
f 1064/1/1463 1065/1/1464 1048/1/1450
f 1048/1/1443 1065/1/1465 1055/1/1466
f 1055/1/1466 1049/1/1444 1048/1/1443
f 1066/1/1467 1067/1/1468 1068/1/1469
f 1068/1/1469 1069/1/1470 1066/1/1467
f 1070/1/1471 1071/1/1472 1067/1/1468
f 1067/1/1468 1066/1/1467 1070/1/1471
f 1067/1/1473 1072/1/1474 1073/1/1475
f 1073/1/1475 1068/1/1476 1067/1/1473
f 1067/1/1473 1071/1/1477 1074/1/1478
f 1074/1/1478 1072/1/1474 1067/1/1473
f 1075/1/1040 1076/1/1479 1077/1/1479
f 1077/1/1479 1069/1/1040 1075/1/1040
f 1066/1/1039 1069/1/1039 1077/1/1480
f 1077/1/1480 1078/1/1039 1066/1/1039
f 1066/1/1481 1078/1/1481 1079/1/1481
f 1079/1/1481 1070/1/1481 1066/1/1481
f 1055/1/1482 1070/1/1482 1079/1/1483
f 1079/1/1483 1056/1/1482 1055/1/1482
f 1070/1/1471 1055/1/1466 1065/1/1465
f 1065/1/1465 1071/1/1472 1070/1/1471
f 1064/1/1463 1074/1/1478 1071/1/1477
f 1071/1/1477 1065/1/1464 1064/1/1463
f 1074/1/1484 1064/1/1032 1063/1/1032
f 1063/1/1032 1080/1/1032 1074/1/1484
f 1080/1/1030 1081/1/1485 1072/1/1030
f 1072/1/1030 1074/1/1030 1080/1/1030
f 1081/1/1486 1082/1/1029 1073/1/1029
f 1073/1/1029 1072/1/1029 1081/1/1486
f 1082/1/1487 1083/1/1028 1084/1/1028
f 1084/1/1028 1073/1/1028 1082/1/1487
f 1068/1/1476 1073/1/1475 1084/1/1488
f 1084/1/1488 1085/1/1489 1068/1/1476
f 1068/1/1469 1085/1/1490 1075/1/1491
f 1075/1/1491 1069/1/1470 1068/1/1469
f 1086/1/1492 1087/1/1493 1088/1/1494
f 1088/1/1494 1089/1/1495 1086/1/1492
f 1090/1/1496 1091/1/1497 1087/1/1493
f 1087/1/1493 1086/1/1492 1090/1/1496
f 1087/1/1498 1092/1/1499 1093/1/1500
f 1093/1/1500 1088/1/1501 1087/1/1498
f 1087/1/1498 1091/1/1502 1094/1/1503
f 1094/1/1503 1092/1/1499 1087/1/1498
f 1095/1/1504 1096/1/1069 1097/1/1069
f 1097/1/1069 1089/1/1069 1095/1/1504
f 1086/1/1067 1089/1/1505 1097/1/1067
f 1097/1/1067 1098/1/1067 1086/1/1067
f 1086/1/1506 1098/1/1066 1099/1/1506
f 1099/1/1506 1090/1/1506 1086/1/1506
f 1075/1/1507 1090/1/1064 1099/1/1064
f 1099/1/1064 1076/1/1064 1075/1/1507
f 1090/1/1496 1075/1/1491 1085/1/1490
f 1085/1/1490 1091/1/1497 1090/1/1496
f 1084/1/1488 1094/1/1503 1091/1/1502
f 1091/1/1502 1085/1/1489 1084/1/1488
f 1094/1/1508 1084/1/1508 1083/1/1508
f 1083/1/1508 1100/1/1508 1094/1/1508
f 1100/1/1061 1101/1/1061 1092/1/1061
f 1092/1/1061 1094/1/1061 1100/1/1061
f 1101/1/1060 1102/1/1060 1093/1/1060
f 1093/1/1060 1092/1/1060 1101/1/1060
f 1102/1/1058 1103/1/1058 1104/1/1058
f 1104/1/1058 1093/1/1058 1102/1/1058
f 1088/1/1501 1093/1/1500 1104/1/1509
f 1104/1/1509 1105/1/1510 1088/1/1501
f 1088/1/1494 1105/1/1511 1095/1/1512
f 1095/1/1512 1089/1/1495 1088/1/1494
f 1106/1/1513 1107/1/1514 1108/1/1515
f 1108/1/1515 1109/1/1516 1106/1/1513
f 1110/1/1517 1111/1/1518 1107/1/1514
f 1107/1/1514 1106/1/1513 1110/1/1517
f 1107/1/1519 1112/1/1520 1113/1/1521
f 1113/1/1521 1108/1/1522 1107/1/1519
f 1107/1/1519 1111/1/1523 1114/1/1524
f 1114/1/1524 1112/1/1520 1107/1/1519
f 1115/1/1525 1116/1/1526 1117/1/1525
f 1117/1/1525 1109/1/1525 1115/1/1525
f 1106/1/1096 1109/1/1096 1117/1/1096
f 1117/1/1096 1118/1/1096 1106/1/1096
f 1106/1/1527 1118/1/1095 1119/1/1528
f 1119/1/1528 1110/1/1529 1106/1/1527
f 1095/1/1530 1110/1/1531 1119/1/1532
f 1119/1/1532 1096/1/1533 1095/1/1530
f 1110/1/1517 1095/1/1512 1105/1/1511
f 1105/1/1511 1111/1/1518 1110/1/1517
f 1104/1/1509 1114/1/1524 1111/1/1523
f 1111/1/1523 1105/1/1510 1104/1/1509
f 1114/1/1534 1104/1/1091 1103/1/1534
f 1103/1/1534 1120/1/1535 1114/1/1534
f 1120/1/1090 1121/1/1090 1112/1/1090
f 1112/1/1090 1114/1/1090 1120/1/1090
f 1121/1/1536 1122/1/1089 1113/1/1089
f 1113/1/1089 1112/1/1088 1121/1/1536
f 1122/1/1086 1123/1/1086 1124/1/1086
f 1124/1/1086 1113/1/1086 1122/1/1086
f 1108/1/1522 1113/1/1521 1124/1/1537
f 1124/1/1537 1125/1/1538 1108/1/1522
f 1108/1/1515 1125/1/1539 1115/1/1540
f 1115/1/1540 1109/1/1516 1108/1/1515
f 1126/1/1541 1127/1/1542 1128/1/1543
f 1128/1/1543 1129/1/1544 1126/1/1541
f 1130/1/1545 1131/1/1546 1127/1/1542
f 1127/1/1542 1126/1/1541 1130/1/1545
f 1127/1/1547 1132/1/1548 1133/1/1549
f 1133/1/1549 1128/1/1550 1127/1/1547
f 1127/1/1547 1131/1/1551 1134/1/1552
f 1134/1/1552 1132/1/1548 1127/1/1547
f 1135/1/1553 1136/1/1554 1137/1/1553
f 1137/1/1553 1129/1/1555 1135/1/1553
f 1126/1/1122 1129/1/1122 1137/1/1122
f 1137/1/1122 1138/1/1122 1126/1/1122
f 1126/1/1120 1138/1/1120 1139/1/1556
f 1139/1/1556 1130/1/1120 1126/1/1120
f 1115/1/1557 1130/1/1558 1139/1/1557
f 1139/1/1557 1116/1/1559 1115/1/1557
f 1130/1/1545 1115/1/1540 1125/1/1539
f 1125/1/1539 1131/1/1546 1130/1/1545
f 1124/1/1537 1134/1/1552 1131/1/1551
f 1131/1/1551 1125/1/1538 1124/1/1537
f 1134/1/1118 1124/1/1118 1123/1/1118
f 1123/1/1118 1140/1/1118 1134/1/1118
f 1140/1/1560 1141/1/1560 1132/1/1116
f 1132/1/1116 1134/1/1560 1140/1/1560
f 1141/1/1115 1142/1/1115 1133/1/1115
f 1133/1/1115 1132/1/1115 1141/1/1115
f 1142/1/1561 1143/1/1114 1144/1/1114
f 1144/1/1114 1133/1/1114 1142/1/1561
f 1128/1/1550 1133/1/1549 1144/1/1562
f 1144/1/1562 1145/1/1563 1128/1/1550
f 1128/1/1543 1145/1/1564 1135/1/1565
f 1135/1/1565 1129/1/1544 1128/1/1543
f 1146/1/1566 1147/1/1567 1148/1/1568
f 1148/1/1568 1149/1/1569 1146/1/1566
f 1150/1/1570 1151/1/1571 1147/1/1567
f 1147/1/1567 1146/1/1566 1150/1/1570
f 1147/1/1572 1152/1/1573 1153/1/1574
f 1153/1/1574 1148/1/1575 1147/1/1572
f 1147/1/1572 1151/1/1576 1154/1/1577
f 1154/1/1577 1152/1/1573 1147/1/1572
f 1155/1/1156 1156/1/1156 1157/1/1156
f 1157/1/1156 1149/1/1156 1155/1/1156
f 1146/1/1153 1149/1/1578 1157/1/1578
f 1157/1/1578 1158/1/1153 1146/1/1153
f 1146/1/1151 1158/1/1151 1159/1/1151
f 1159/1/1151 1150/1/1151 1146/1/1151
f 1135/1/1149 1150/1/1149 1159/1/1149
f 1159/1/1149 1136/1/1149 1135/1/1149
f 1150/1/1570 1135/1/1565 1145/1/1564
f 1145/1/1564 1151/1/1571 1150/1/1570
f 1144/1/1562 1154/1/1577 1151/1/1576
f 1151/1/1576 1145/1/1563 1144/1/1562
f 1154/1/1147 1144/1/1147 1143/1/1147
f 1143/1/1147 1160/1/1147 1154/1/1147
f 1160/1/1143 1161/1/1143 1152/1/1143
f 1152/1/1143 1154/1/1143 1160/1/1143
f 1161/1/1142 1162/1/1142 1153/1/1142
f 1153/1/1142 1152/1/1142 1161/1/1142
f 1162/1/1579 1163/1/1579 1164/1/1579
f 1164/1/1579 1153/1/1580 1162/1/1579
f 1148/1/1575 1153/1/1574 1164/1/1581
f 1164/1/1581 1165/1/1582 1148/1/1575
f 1148/1/1568 1165/1/1583 1155/1/1584
f 1155/1/1584 1149/1/1569 1148/1/1568
f 1166/1/1585 1167/1/1586 1168/1/1587
f 1168/1/1587 1169/1/1588 1166/1/1585
f 1170/1/1589 1171/1/1590 1167/1/1586
f 1167/1/1586 1166/1/1585 1170/1/1589
f 1167/1/1591 1172/1/1592 1173/1/1593
f 1173/1/1593 1168/1/1594 1167/1/1591
f 1167/1/1591 1171/1/1595 1174/1/1596
f 1174/1/1596 1172/1/1592 1167/1/1591
f 1175/1/1188 1176/1/1188 1177/1/1188
f 1177/1/1188 1169/1/1188 1175/1/1188
f 1166/1/1597 1169/1/1597 1177/1/1597
f 1177/1/1597 1178/1/1597 1166/1/1597
f 1166/1/1183 1178/1/1183 1179/1/1598
f 1179/1/1598 1170/1/1183 1166/1/1183
f 1155/1/1182 1170/1/1182 1179/1/1182
f 1179/1/1182 1156/1/1182 1155/1/1182
f 1170/1/1589 1155/1/1584 1165/1/1583
f 1165/1/1583 1171/1/1590 1170/1/1589
f 1164/1/1581 1174/1/1596 1171/1/1595
f 1171/1/1595 1165/1/1582 1164/1/1581
f 1174/1/1179 1164/1/1179 1163/1/1179
f 1163/1/1179 1180/1/1179 1174/1/1179
f 1180/1/1178 1181/1/1178 1172/1/1178
f 1172/1/1178 1174/1/1178 1180/1/1178
f 1181/1/1177 1182/1/1177 1173/1/1177
f 1173/1/1177 1172/1/1177 1181/1/1177
f 1182/1/1599 1183/1/1173 1184/1/1173
f 1184/1/1173 1173/1/1173 1182/1/1599
f 1168/1/1594 1173/1/1593 1184/1/1600
f 1184/1/1600 1185/1/1601 1168/1/1594
f 1168/1/1587 1185/1/1602 1175/1/1603
f 1175/1/1603 1169/1/1588 1168/1/1587
f 1186/1/1604 1187/1/1605 1188/1/1606
f 1188/1/1606 1189/1/1607 1186/1/1604
f 1190/1/1608 1191/1/1609 1187/1/1605
f 1187/1/1605 1186/1/1604 1190/1/1608
f 1187/1/1610 1192/1/1611 1193/1/1612
f 1193/1/1612 1188/1/1613 1187/1/1610
f 1187/1/1610 1191/1/1614 1194/1/1615
f 1194/1/1615 1192/1/1611 1187/1/1610
f 1195/1/1616 1196/1/1616 1197/1/1616
f 1197/1/1616 1189/1/1616 1195/1/1616
f 1186/1/1214 1189/1/1214 1197/1/1214
f 1197/1/1214 1198/1/1214 1186/1/1214
f 1186/1/1212 1198/1/1212 1199/1/1212
f 1199/1/1212 1190/1/1212 1186/1/1212
f 1175/1/1211 1190/1/1211 1199/1/1211
f 1199/1/1211 1176/1/1211 1175/1/1211
f 1190/1/1608 1175/1/1603 1185/1/1602
f 1185/1/1602 1191/1/1609 1190/1/1608
f 1184/1/1600 1194/1/1615 1191/1/1614
f 1191/1/1614 1185/1/1601 1184/1/1600
f 1194/1/1617 1184/1/1617 1183/1/1617
f 1183/1/1617 1200/1/1617 1194/1/1617
f 1200/1/1207 1201/1/1207 1192/1/1618
f 1192/1/1618 1194/1/1207 1200/1/1207
f 1201/1/1619 1202/1/1619 1193/1/1619
f 1193/1/1619 1192/1/1619 1201/1/1619
f 1202/1/1620 1203/1/1620 1204/1/1620
f 1204/1/1620 1193/1/1620 1202/1/1620
f 1188/1/1613 1193/1/1612 1204/1/1621
f 1204/1/1621 1205/1/1622 1188/1/1613
f 1188/1/1606 1205/1/1623 1195/1/1624
f 1195/1/1624 1189/1/1607 1188/1/1606
f 1206/1/1625 1207/1/1626 1208/1/1627
f 1208/1/1627 1209/1/1628 1206/1/1625
f 1210/1/1629 1211/1/1630 1207/1/1626
f 1207/1/1626 1206/1/1625 1210/1/1629
f 1207/1/1631 1212/1/1632 1213/1/1633
f 1213/1/1633 1208/1/1634 1207/1/1631
f 1207/1/1631 1211/1/1635 1214/1/1636
f 1214/1/1636 1212/1/1632 1207/1/1631
f 1215/1/1248 1216/1/1248 1217/1/1248
f 1217/1/1248 1209/1/1248 1215/1/1248
f 1206/1/1247 1209/1/1247 1217/1/1247
f 1217/1/1247 1218/1/1247 1206/1/1247
f 1206/1/1637 1218/1/1637 1219/1/1637
f 1219/1/1637 1210/1/1637 1206/1/1637
f 1195/1/1638 1210/1/1242 1219/1/1242
f 1219/1/1242 1196/1/1639 1195/1/1638
f 1210/1/1629 1195/1/1624 1205/1/1623
f 1205/1/1623 1211/1/1630 1210/1/1629
f 1204/1/1621 1214/1/1636 1211/1/1635
f 1211/1/1635 1205/1/1622 1204/1/1621
f 1214/1/1640 1204/1/1641 1203/1/1642
f 1203/1/1642 1220/1/1642 1214/1/1640
f 1220/1/1237 1221/1/1237 1212/1/1237
f 1212/1/1237 1214/1/1643 1220/1/1237
f 1221/1/1236 1222/1/1236 1213/1/1236
f 1213/1/1236 1212/1/1236 1221/1/1236
f 1222/1/1644 1223/1/1233 1224/1/1644
f 1224/1/1644 1213/1/1644 1222/1/1644
f 1208/1/1634 1213/1/1633 1224/1/1645
f 1224/1/1645 1225/1/1646 1208/1/1634
f 1208/1/1627 1225/1/1647 1215/1/1648
f 1215/1/1648 1209/1/1628 1208/1/1627
f 1226/1/1649 1227/1/1650 1228/1/1651
f 1228/1/1651 1229/1/1652 1226/1/1649
f 1230/1/1653 1231/1/1654 1227/1/1650
f 1227/1/1650 1226/1/1649 1230/1/1653
f 1227/1/1655 1232/1/1656 1233/1/1657
f 1233/1/1657 1228/1/1658 1227/1/1655
f 1227/1/1655 1231/1/1659 1234/1/1660
f 1234/1/1660 1232/1/1656 1227/1/1655
f 1235/1/1284 1236/1/1284 1237/1/1284
f 1237/1/1284 1229/1/1284 1235/1/1284
f 1226/1/1283 1229/1/1283 1237/1/1283
f 1237/1/1283 1238/1/1283 1226/1/1283
f 1226/1/1280 1238/1/1661 1239/1/1280
f 1239/1/1280 1230/1/1280 1226/1/1280
f 1215/1/1277 1230/1/1277 1239/1/1277
f 1239/1/1277 1216/1/1277 1215/1/1277
f 1230/1/1653 1215/1/1648 1225/1/1647
f 1225/1/1647 1231/1/1654 1230/1/1653
f 1224/1/1645 1234/1/1660 1231/1/1659
f 1231/1/1659 1225/1/1646 1224/1/1645
f 1234/1/1662 1224/1/1663 1223/1/1662
f 1223/1/1662 1240/1/1662 1234/1/1662
f 1240/1/1664 1241/1/1665 1232/1/1666
f 1232/1/1666 1234/1/1664 1240/1/1664
f 1241/1/1269 1242/1/1269 1233/1/1269
f 1233/1/1269 1232/1/1269 1241/1/1269
f 1242/1/1266 1243/1/1667 1244/1/1266
f 1244/1/1266 1233/1/1266 1242/1/1266
f 1228/1/1658 1233/1/1657 1244/1/1668
f 1244/1/1668 1245/1/1669 1228/1/1658
f 1228/1/1651 1245/1/1670 1235/1/1671
f 1235/1/1671 1229/1/1652 1228/1/1651
f 1246/1/1672 1247/1/1673 1248/1/1674
f 1248/1/1674 1249/1/1675 1246/1/1672
f 1250/1/1676 1251/1/1677 1247/1/1673
f 1247/1/1673 1246/1/1672 1250/1/1676
f 1247/1/1678 1252/1/1679 1253/1/1680
f 1253/1/1680 1248/1/1681 1247/1/1678
f 1247/1/1678 1251/1/1682 1254/1/1683
f 1254/1/1683 1252/1/1679 1247/1/1678
f 1255/1/1316 1256/1/1684 1257/1/1316
f 1257/1/1316 1249/1/1685 1255/1/1316
f 1246/1/1314 1249/1/1314 1257/1/1314
f 1257/1/1314 1258/1/1314 1246/1/1314
f 1246/1/1686 1258/1/1686 1259/1/1686
f 1259/1/1686 1250/1/1686 1246/1/1686
f 1235/1/1687 1250/1/1688 1259/1/1688
f 1259/1/1688 1236/1/1688 1235/1/1687
f 1250/1/1676 1235/1/1671 1245/1/1670
f 1245/1/1670 1251/1/1677 1250/1/1676
f 1244/1/1668 1254/1/1683 1251/1/1682
f 1251/1/1682 1245/1/1669 1244/1/1668
f 1254/1/1308 1244/1/1689 1243/1/1689
f 1243/1/1689 1260/1/1309 1254/1/1308
f 1260/1/1307 1261/1/1307 1252/1/1307
f 1252/1/1307 1254/1/1307 1260/1/1307
f 1261/1/1306 1262/1/1306 1253/1/1306
f 1253/1/1306 1252/1/1306 1261/1/1306
f 1262/1/1303 1263/1/1303 1264/1/1303
f 1264/1/1303 1253/1/1303 1262/1/1303
f 1248/1/1681 1253/1/1680 1264/1/1690
f 1264/1/1690 1265/1/1691 1248/1/1681
f 1248/1/1674 1265/1/1692 1255/1/1693
f 1255/1/1693 1249/1/1675 1248/1/1674
f 1266/1/1694 1267/1/1695 1268/1/1696
f 1268/1/1696 1269/1/1697 1266/1/1694
f 1270/1/1698 1271/1/1699 1267/1/1695
f 1267/1/1695 1266/1/1694 1270/1/1698
f 1267/1/1700 1272/1/1701 1273/1/1702
f 1273/1/1702 1268/1/1703 1267/1/1700
f 1267/1/1700 1271/1/1704 1274/1/1705
f 1274/1/1705 1272/1/1701 1267/1/1700
f 16/1/1346 15/1/1347 1275/1/1346
f 1275/1/1346 1269/1/1347 16/1/1346
f 1266/1/1345 1269/1/1345 1275/1/1345
f 1275/1/1345 1276/1/1345 1266/1/1345
f 1266/1/1344 1276/1/1344 1277/1/1344
f 1277/1/1344 1270/1/1343 1266/1/1344
f 1255/1/1342 1270/1/1342 1277/1/1342
f 1277/1/1342 1256/1/1342 1255/1/1342
f 1270/1/1698 1255/1/1693 1265/1/1692
f 1265/1/1692 1271/1/1699 1270/1/1698
f 1264/1/1690 1274/1/1705 1271/1/1704
f 1271/1/1704 1265/1/1691 1264/1/1690
f 1274/1/1706 1264/1/1338 1263/1/1706
f 1263/1/1706 1278/1/1707 1274/1/1706
f 1278/1/1708 1279/1/1337 1272/1/1709
f 1272/1/1709 1274/1/1710 1278/1/1708
f 1279/1/1335 1280/1/1335 1273/1/1335
f 1273/1/1335 1272/1/1335 1279/1/1335
f 18/1/1711 1273/1/1334 1280/1/1712
f 1280/1/1712 20/1/1334 18/1/1711
f 1273/1/1702 18/1/23 17/1/22
f 17/1/22 1268/1/1703 1273/1/1702
f 1268/1/1696 17/1/20 16/1/21
f 16/1/21 1269/1/1697 1268/1/1696
f 1281/1/1713 1282/1/1714 1283/1/1713
f 1283/1/1713 1284/1/1715 1281/1/1713
f 1285/1/1716 1286/1/1717 1282/1/1716
f 1282/1/1716 1281/1/1716 1285/1/1716
f 1282/1/1718 1287/1/1718 1288/1/1718
f 1288/1/1718 1283/1/1718 1282/1/1718
f 1289/1/1719 1287/1/1720 1282/1/1721
f 1282/1/1721 1286/1/1719 1289/1/1719
f 1290/1/1722 526/1/1722 548/1/1722
f 548/1/1722 1284/1/1722 1290/1/1722
f 1284/1/1723 548/1/1723 547/1/1723
f 547/1/1723 1281/1/1723 1284/1/1723
f 1285/1/1724 1281/1/1724 547/1/1724
f 547/1/1724 545/1/1724 1285/1/1724
f 1285/1/1725 545/1/1725 546/1/1725
f 546/1/1725 1291/1/1725 1285/1/1725
f 1285/1/1726 1291/1/1726 1292/1/1726
f 1292/1/1726 1286/1/1726 1285/1/1726
f 1293/1/1727 1289/1/1728 1286/1/1729
f 1286/1/1729 1292/1/1730 1293/1/1727
f 1289/1/1731 1293/1/1731 1163/1/1731
f 1163/1/1731 1162/1/1731 1289/1/1731
f 1289/1/1732 1162/1/1732 1161/1/1732
f 1161/1/1732 1287/1/1732 1289/1/1732
f 1161/1/1733 1160/1/1733 1288/1/1733
f 1288/1/1733 1287/1/1733 1161/1/1733
f 1160/1/1734 1143/1/1734 1294/1/1734
f 1294/1/1734 1288/1/1734 1160/1/1734
f 1283/1/1735 1288/1/1735 1294/1/1735
f 1294/1/1735 1295/1/1735 1283/1/1735
f 1283/1/1736 1295/1/1736 1290/1/1736
f 1290/1/1736 1284/1/1736 1283/1/1736
f 1296/1/1737 1297/1/1737 1298/1/1737
f 1298/1/1737 1299/1/1737 1296/1/1737
f 1300/1/1738 1301/1/1739 1297/1/1738
f 1297/1/1738 1296/1/1738 1300/1/1738
f 1297/1/1740 1302/1/1740 1303/1/1740
f 1303/1/1740 1298/1/1740 1297/1/1740
f 1301/1/1741 1304/1/1742 1302/1/1743
f 1302/1/1743 1297/1/1743 1301/1/1741
f 49/1/1744 660/1/1744 1299/1/1744
f 1299/1/1744 1305/1/1744 49/1/1744
f 665/1/1745 1296/1/1745 1299/1/1746
f 1299/1/1746 660/1/1745 665/1/1745
f 665/1/1747 664/1/1748 1300/1/1747
f 1300/1/1747 1296/1/1747 665/1/1747
f 664/1/1749 641/1/1750 1306/1/1751
f 1306/1/1751 1300/1/1749 664/1/1749
f 1300/1/1752 1306/1/1753 1307/1/1752
f 1307/1/1752 1301/1/1752 1300/1/1752
f 1308/1/1754 1304/1/1754 1301/1/1754
f 1301/1/1754 1307/1/1754 1308/1/1754
f 1304/1/1755 1308/1/1755 1256/1/1756
f 1256/1/1756 1277/1/1755 1304/1/1755
f 1304/1/1757 1277/1/1757 1276/1/1757
f 1276/1/1757 1302/1/1757 1304/1/1757
f 1302/1/1758 1276/1/1759 1275/1/1759
f 1275/1/1759 1303/1/1759 1302/1/1758
f 1275/1/1760 15/1/1761 1309/1/1762
f 1309/1/1762 1303/1/1763 1275/1/1760
f 1303/1/1764 1309/1/1764 1310/1/1764
f 1310/1/1764 1298/1/1764 1303/1/1764
f 1298/1/1765 1310/1/1765 1305/1/1765
f 1305/1/1765 1299/1/1765 1298/1/1765
f 1311/1/1766 1312/1/1767 1313/1/1768
f 1313/1/1768 1314/1/1768 1311/1/1766
f 1315/1/1769 1316/1/1769 1312/1/1769
f 1312/1/1769 1311/1/1769 1315/1/1769
f 1312/1/1770 1317/1/1771 1318/1/1771
f 1318/1/1771 1313/1/1770 1312/1/1770
f 1312/1/1772 1316/1/1772 1319/1/1772
f 1319/1/1772 1317/1/1772 1312/1/1772
f 1314/1/1773 1320/1/1774 141/1/1774
f 141/1/1774 140/1/1773 1314/1/1773
f 1314/1/1775 140/1/1775 150/1/1775
f 150/1/1775 1311/1/1775 1314/1/1775
f 1315/1/1776 1311/1/1776 150/1/1776
f 150/1/1776 149/1/1776 1315/1/1776
f 149/1/1777 121/1/1778 1321/1/1778
f 1321/1/1778 1315/1/1777 149/1/1777
f 1315/1/1779 1321/1/1779 1322/1/1780
f 1322/1/1780 1316/1/1779 1315/1/1779
f 1323/1/1781 1319/1/1782 1316/1/1783
f 1316/1/1783 1322/1/1784 1323/1/1781
f 736/1/1785 759/1/1786 1319/1/1787
f 1319/1/1787 1323/1/1787 736/1/1785
f 1319/1/1788 759/1/1788 758/1/1788
f 758/1/1788 1317/1/1788 1319/1/1788
f 758/1/1789 757/1/1789 1318/1/1789
f 1318/1/1789 1317/1/1790 758/1/1789
f 757/1/1791 756/1/1791 1324/1/1791
f 1324/1/1791 1318/1/1791 757/1/1791
f 1325/1/1792 1313/1/1792 1318/1/1792
f 1318/1/1792 1324/1/1792 1325/1/1792
f 1313/1/1793 1325/1/1793 1320/1/1794
f 1320/1/1794 1314/1/1793 1313/1/1793
f 1326/1/1795 1327/1/1796 1328/1/1797
f 1328/1/1797 1329/1/1796 1326/1/1795
f 1330/1/1798 1331/1/1798 1327/1/1799
f 1327/1/1799 1326/1/1798 1330/1/1798
f 1327/1/1800 1332/1/1800 1333/1/1800
f 1333/1/1800 1328/1/1801 1327/1/1800
f 1334/1/1802 1332/1/1803 1327/1/1802
f 1327/1/1802 1331/1/1802 1334/1/1802
f 1329/1/1804 1291/1/1805 546/1/1804
f 546/1/1804 568/1/1804 1329/1/1804
f 1329/1/1806 568/1/1807 567/1/1808
f 567/1/1808 1326/1/1806 1329/1/1806
f 1330/1/1809 1326/1/1809 567/1/1810
f 567/1/1810 565/1/1811 1330/1/1809
f 1335/1/1812 1330/1/1812 565/1/1812
f 565/1/1812 566/1/1812 1335/1/1812
f 1335/1/1813 1336/1/1813 1331/1/1813
f 1331/1/1813 1330/1/1813 1335/1/1813
f 1337/1/1814 1334/1/1814 1331/1/1814
f 1331/1/1814 1336/1/1814 1337/1/1814
f 1334/1/1815 1337/1/1815 1183/1/1815
f 1183/1/1815 1182/1/1816 1334/1/1815
f 1334/1/1817 1182/1/1817 1181/1/1817
f 1181/1/1817 1332/1/1817 1334/1/1817
f 1181/1/1818 1180/1/1818 1333/1/1818
f 1333/1/1818 1332/1/1818 1181/1/1818
f 1163/1/1819 1293/1/1819 1333/1/1819
f 1333/1/1819 1180/1/1819 1163/1/1819
f 1328/1/1820 1333/1/1820 1293/1/1820
f 1293/1/1820 1292/1/1820 1328/1/1820
f 1329/1/1821 1328/1/1822 1292/1/1821
f 1292/1/1821 1291/1/1821 1329/1/1821
f 1338/1/1823 1339/1/1823 1340/1/1823
f 1340/1/1823 1341/1/1823 1338/1/1823
f 1342/1/1824 1343/1/1824 1339/1/1825
f 1339/1/1825 1338/1/1824 1342/1/1824
f 1339/1/1826 1344/1/1826 1345/1/1826
f 1345/1/1826 1340/1/1826 1339/1/1826
f 1343/1/1827 1346/1/1827 1344/1/1827
f 1344/1/1827 1339/1/1827 1343/1/1827
f 1347/1/1828 45/1/1828 43/1/1828
f 43/1/1828 1341/1/1828 1347/1/1828
f 42/1/1829 1338/1/1829 1341/1/1829
f 1341/1/1829 43/1/1829 42/1/1829
f 41/1/1830 1342/1/1831 1338/1/1831
f 1338/1/1831 42/1/1831 41/1/1830
f 1348/1/1832 1342/1/1832 41/1/1832
f 41/1/1832 40/1/1832 1348/1/1832
f 1348/1/1833 1349/1/1833 1343/1/1833
f 1343/1/1833 1342/1/1833 1348/1/1833
f 1350/1/1834 1346/1/1835 1343/1/1835
f 1343/1/1835 1349/1/1836 1350/1/1834
f 1350/1/1837 23/1/1838 22/1/1839
f 22/1/1839 1346/1/1840 1350/1/1837
f 1344/1/1841 1346/1/1842 22/1/1843
f 22/1/1843 21/1/1844 1344/1/1841
f 1345/1/1845 1344/1/1845 21/1/1845
f 21/1/1845 19/1/1845 1345/1/1845
f 19/1/1846 20/1/1846 1351/1/1846
f 1351/1/1846 1345/1/1846 19/1/1846
f 1340/1/1847 1345/1/1847 1351/1/1848
f 1351/1/1848 1352/1/1847 1340/1/1847
f 1352/1/1849 1347/1/1850 1341/1/1851
f 1341/1/1851 1340/1/1851 1352/1/1849
f 1353/1/1852 1354/1/1853 1355/1/1852
f 1355/1/1852 1356/1/1854 1353/1/1852
f 1357/1/1855 1358/1/1856 1354/1/1855
f 1354/1/1855 1353/1/1855 1357/1/1855
f 1354/1/1857 1359/1/1857 1360/1/1857
f 1360/1/1857 1355/1/1857 1354/1/1857
f 1358/1/1858 1361/1/1858 1359/1/1858
f 1359/1/1858 1354/1/1858 1358/1/1858
f 1362/1/1859 161/1/1859 160/1/1859
f 160/1/1859 1356/1/1859 1362/1/1859
f 170/1/1860 1353/1/1860 1356/1/1860
f 1356/1/1860 160/1/1860 170/1/1860
f 170/1/1861 169/1/1861 1357/1/1861
f 1357/1/1861 1353/1/1861 170/1/1861
f 1320/1/1862 1357/1/1862 169/1/1862
f 169/1/1862 141/1/1862 1320/1/1862
f 1358/1/1863 1357/1/1863 1320/1/1863
f 1320/1/1863 1325/1/1863 1358/1/1863
f 1358/1/1864 1325/1/1864 1324/1/1864
f 1324/1/1864 1361/1/1864 1358/1/1864
f 756/1/1865 779/1/1865 1361/1/1865
f 1361/1/1865 1324/1/1865 756/1/1865
f 1361/1/1866 779/1/1866 778/1/1866
f 778/1/1866 1359/1/1866 1361/1/1866
f 1359/1/1867 778/1/1868 777/1/1869
f 777/1/1869 1360/1/1870 1359/1/1867
f 776/1/1871 1363/1/1871 1360/1/1871
f 1360/1/1871 777/1/1872 776/1/1871
f 1364/1/1873 1355/1/1874 1360/1/1873
f 1360/1/1873 1363/1/1873 1364/1/1873
f 1364/1/1875 1362/1/1875 1356/1/1876
f 1356/1/1876 1355/1/1876 1364/1/1875
f 1365/1/1877 1366/1/1878 1367/1/1878
f 1367/1/1878 1368/1/1877 1365/1/1877
f 1369/1/1879 1370/1/1880 1366/1/1880
f 1366/1/1880 1365/1/1880 1369/1/1879
f 1366/1/1881 1371/1/1881 1372/1/1881
f 1372/1/1881 1367/1/1881 1366/1/1881
f 1373/1/1882 1371/1/1883 1366/1/1883
f 1366/1/1883 1370/1/1884 1373/1/1882
f 1335/1/1885 566/1/1886 588/1/1886
f 588/1/1886 1368/1/1886 1335/1/1885
f 1368/1/1887 588/1/1887 587/1/1887
f 587/1/1887 1365/1/1887 1368/1/1887
f 1369/1/1888 1365/1/1888 587/1/1888
f 587/1/1888 585/1/1888 1369/1/1888
f 1374/1/1889 1369/1/1889 585/1/1889
f 585/1/1889 586/1/1889 1374/1/1889
f 1374/1/1890 1375/1/1891 1370/1/1892
f 1370/1/1892 1369/1/1892 1374/1/1890
f 1375/1/1893 1376/1/1893 1373/1/1893
f 1373/1/1893 1370/1/1893 1375/1/1893
f 1373/1/1894 1376/1/1895 1203/1/1895
f 1203/1/1895 1202/1/1895 1373/1/1894
f 1373/1/1896 1202/1/1897 1201/1/1898
f 1201/1/1898 1371/1/1897 1373/1/1896
f 1201/1/1899 1200/1/1899 1372/1/1900
f 1372/1/1900 1371/1/1899 1201/1/1899
f 1200/1/1901 1183/1/1902 1337/1/1903
f 1337/1/1903 1372/1/1901 1200/1/1901
f 1337/1/1904 1336/1/1905 1367/1/1904
f 1367/1/1904 1372/1/1904 1337/1/1904
f 1335/1/1906 1368/1/1906 1367/1/1906
f 1367/1/1906 1336/1/1906 1335/1/1906
f 1377/1/1907 1378/1/1908 1379/1/1908
f 1379/1/1908 1380/1/1908 1377/1/1907
f 1381/1/1909 1382/1/1910 1378/1/1910
f 1378/1/1910 1377/1/1910 1381/1/1909
f 1378/1/1911 1383/1/1911 1384/1/1911
f 1384/1/1911 1379/1/1911 1378/1/1911
f 1382/1/1912 1385/1/1913 1383/1/1914
f 1383/1/1914 1378/1/1915 1382/1/1912
f 1348/1/1916 40/1/1916 68/1/1916
f 68/1/1916 1380/1/1916 1348/1/1916
f 67/1/1917 1377/1/1917 1380/1/1917
f 1380/1/1917 68/1/1917 67/1/1917
f 66/1/1918 1381/1/1919 1377/1/1919
f 1377/1/1919 67/1/1920 66/1/1918
f 66/1/1921 65/1/1921 1386/1/1922
f 1386/1/1922 1381/1/1923 66/1/1921
f 1386/1/1924 1387/1/1924 1382/1/1924
f 1382/1/1924 1381/1/1924 1386/1/1924
f 1388/1/1925 1385/1/1926 1382/1/1926
f 1382/1/1926 1387/1/1926 1388/1/1925
f 1385/1/1927 1388/1/1928 683/1/1928
f 683/1/1928 682/1/1928 1385/1/1927
f 1383/1/1929 1385/1/1929 682/1/1929
f 682/1/1929 681/1/1930 1383/1/1929
f 1384/1/1931 1383/1/1931 681/1/1931
f 681/1/1931 680/1/1931 1384/1/1931
f 680/1/1932 23/1/1932 1350/1/1932
f 1350/1/1932 1384/1/1932 680/1/1932
f 1349/1/1933 1379/1/1933 1384/1/1933
f 1384/1/1933 1350/1/1933 1349/1/1933
f 1380/1/1934 1379/1/1934 1349/1/1935
f 1349/1/1935 1348/1/1934 1380/1/1934
f 1389/1/1936 1390/1/1936 1391/1/1936
f 1391/1/1936 1392/1/1936 1389/1/1936
f 1393/1/1937 1394/1/1937 1390/1/1937
f 1390/1/1937 1389/1/1937 1393/1/1937
f 1390/1/1938 1395/1/1939 1396/1/1939
f 1396/1/1939 1391/1/1939 1390/1/1938
f 1394/1/1940 1397/1/1940 1395/1/1940
f 1395/1/1940 1390/1/1940 1394/1/1940
f 1392/1/1941 1398/1/1941 181/1/1941
f 181/1/1941 180/1/1942 1392/1/1941
f 190/1/1943 1389/1/1943 1392/1/1943
f 1392/1/1943 180/1/1944 190/1/1943
f 190/1/1945 189/1/1946 1393/1/1946
f 1393/1/1946 1389/1/1946 190/1/1945
f 161/1/1947 1362/1/1948 1393/1/1947
f 1393/1/1947 189/1/1949 161/1/1947
f 1362/1/1950 1364/1/1950 1394/1/1950
f 1394/1/1950 1393/1/1950 1362/1/1950
f 1397/1/1951 1394/1/1952 1364/1/1951
f 1364/1/1951 1363/1/1951 1397/1/1951
f 1397/1/1953 1363/1/1953 776/1/1953
f 776/1/1953 799/1/1954 1397/1/1953
f 1397/1/1955 799/1/1955 798/1/1955
f 798/1/1955 1395/1/1956 1397/1/1955
f 1395/1/1957 798/1/1958 797/1/1957
f 797/1/1957 1396/1/1957 1395/1/1957
f 797/1/1959 796/1/1960 1399/1/1960
f 1399/1/1960 1396/1/1960 797/1/1959
f 1391/1/1961 1396/1/1961 1399/1/1962
f 1399/1/1962 1400/1/1962 1391/1/1961
f 1400/1/1963 1398/1/1963 1392/1/1964
f 1392/1/1964 1391/1/1963 1400/1/1963
f 1401/1/1965 1402/1/1965 1403/1/1965
f 1403/1/1965 1404/1/1965 1401/1/1965
f 1405/1/1966 1406/1/1966 1402/1/1966
f 1402/1/1966 1401/1/1966 1405/1/1966
f 1402/1/1967 1407/1/1967 1408/1/1967
f 1408/1/1967 1403/1/1967 1402/1/1967
f 1409/1/1968 1407/1/1968 1402/1/1968
f 1402/1/1968 1406/1/1968 1409/1/1968
f 1374/1/1969 586/1/1970 608/1/1969
f 608/1/1969 1404/1/1971 1374/1/1969
f 1404/1/1972 608/1/1972 607/1/1973
f 607/1/1973 1401/1/1974 1404/1/1972
f 1405/1/1975 1401/1/1975 607/1/1976
f 607/1/1976 605/1/1975 1405/1/1975
f 1410/1/1977 1405/1/1978 605/1/1978
f 605/1/1978 606/1/1978 1410/1/1977
f 1410/1/1979 1411/1/1980 1406/1/1979
f 1406/1/1979 1405/1/1979 1410/1/1979
f 1409/1/1981 1406/1/1982 1411/1/1983
f 1411/1/1983 1412/1/1983 1409/1/1981
f 1409/1/1984 1412/1/1985 1223/1/1984
f 1223/1/1984 1222/1/1984 1409/1/1984
f 1409/1/1986 1222/1/1986 1221/1/1986
f 1221/1/1986 1407/1/1986 1409/1/1986
f 1221/1/1987 1220/1/1987 1408/1/1988
f 1408/1/1988 1407/1/1987 1221/1/1987
f 1203/1/1989 1376/1/1989 1408/1/1989
f 1408/1/1989 1220/1/1989 1203/1/1989
f 1375/1/1990 1403/1/1990 1408/1/1990
f 1408/1/1990 1376/1/1990 1375/1/1990
f 1404/1/1991 1403/1/1991 1375/1/1991
f 1375/1/1991 1374/1/1991 1404/1/1991
f 1413/1/1992 1414/1/1992 1415/1/1992
f 1415/1/1992 1416/1/1992 1413/1/1992
f 1417/1/1993 1418/1/1993 1414/1/1993
f 1414/1/1993 1413/1/1993 1417/1/1993
f 1414/1/1994 1419/1/1994 1420/1/1994
f 1420/1/1994 1415/1/1994 1414/1/1994
f 1418/1/1995 1421/1/1996 1419/1/1996
f 1419/1/1996 1414/1/1996 1418/1/1995
f 1386/1/1997 65/1/1997 88/1/1998
f 88/1/1998 1416/1/1997 1386/1/1997
f 1416/1/1999 88/1/1999 87/1/1999
f 87/1/1999 1413/1/1999 1416/1/1999
f 86/1/2000 1417/1/2001 1413/1/2000
f 1413/1/2000 87/1/2000 86/1/2000
f 86/1/2002 85/1/2003 1422/1/2003
f 1422/1/2003 1417/1/2003 86/1/2002
f 1422/1/2004 1423/1/2004 1418/1/2004
f 1418/1/2004 1417/1/2004 1422/1/2004
f 1421/1/2005 1418/1/2005 1423/1/2005
f 1423/1/2005 1424/1/2005 1421/1/2005
f 1421/1/2006 1424/1/2007 703/1/2007
f 703/1/2007 702/1/2008 1421/1/2006
f 1419/1/2009 1421/1/2009 702/1/2009
f 702/1/2009 701/1/2009 1419/1/2009
f 701/1/2010 700/1/2010 1420/1/2011
f 1420/1/2011 1419/1/2010 701/1/2010
f 700/1/2012 683/1/2012 1388/1/2012
f 1388/1/2012 1420/1/2012 700/1/2012
f 1387/1/2013 1415/1/2014 1420/1/2014
f 1420/1/2014 1388/1/2014 1387/1/2013
f 1415/1/2015 1387/1/2015 1386/1/2015
f 1386/1/2015 1416/1/2016 1415/1/2015
f 1425/1/2017 1426/1/2017 1427/1/2017
f 1427/1/2017 1428/1/2018 1425/1/2017
f 1429/1/2019 1430/1/2019 1426/1/2019
f 1426/1/2019 1425/1/2019 1429/1/2019
f 1426/1/2020 1431/1/2020 1432/1/2020
f 1432/1/2020 1427/1/2020 1426/1/2020
f 1430/1/2021 1433/1/2021 1431/1/2022
f 1431/1/2022 1426/1/2021 1430/1/2021
f 201/1/2023 200/1/2023 1428/1/2023
f 1428/1/2023 1434/1/2024 201/1/2023
f 210/1/2025 1425/1/2025 1428/1/2025
f 1428/1/2025 200/1/2025 210/1/2025
f 210/1/2026 209/1/2027 1429/1/2026
f 1429/1/2026 1425/1/2026 210/1/2026
f 1429/1/2028 209/1/2028 181/1/2028
f 181/1/2028 1398/1/2028 1429/1/2028
f 1430/1/2029 1429/1/2029 1398/1/2029
f 1398/1/2029 1400/1/2029 1430/1/2029
f 1399/1/2030 1433/1/2030 1430/1/2030
f 1430/1/2030 1400/1/2030 1399/1/2030
f 819/1/2031 1433/1/2031 1399/1/2031
f 1399/1/2031 796/1/2031 819/1/2031
f 1433/1/2032 819/1/2032 818/1/2032
f 818/1/2032 1431/1/2033 1433/1/2032
f 1431/1/2034 818/1/2034 817/1/2034
f 817/1/2034 1432/1/2034 1431/1/2034
f 817/1/2035 816/1/2035 1435/1/2035
f 1435/1/2035 1432/1/2036 817/1/2035
f 1427/1/2037 1432/1/2038 1435/1/2039
f 1435/1/2039 1436/1/2040 1427/1/2037
f 1436/1/2041 1434/1/2041 1428/1/2041
f 1428/1/2041 1427/1/2041 1436/1/2041
f 1437/1/2042 1438/1/2043 1439/1/2044
f 1439/1/2044 1440/1/2045 1437/1/2042
f 1441/1/2046 1442/1/2046 1438/1/2046
f 1438/1/2046 1437/1/2046 1441/1/2046
f 1438/1/2047 1443/1/2048 1444/1/2047
f 1444/1/2047 1439/1/2049 1438/1/2047
f 1445/1/2050 1443/1/2050 1438/1/2050
f 1438/1/2050 1442/1/2050 1445/1/2050
f 1410/1/2051 606/1/2052 628/1/2052
f 628/1/2052 1440/1/2052 1410/1/2051
f 1440/1/2053 628/1/2053 627/1/2053
f 627/1/2053 1437/1/2053 1440/1/2053
f 1441/1/2054 1437/1/2054 627/1/2054
f 627/1/2054 625/1/2055 1441/1/2054
f 1446/1/2056 1441/1/2056 625/1/2056
f 625/1/2056 626/1/2057 1446/1/2056
f 1446/1/2058 1447/1/2058 1442/1/2058
f 1442/1/2058 1441/1/2058 1446/1/2058
f 1445/1/2059 1442/1/2059 1447/1/2060
f 1447/1/2060 1448/1/2059 1445/1/2059
f 1445/1/2061 1448/1/2062 1243/1/2063
f 1243/1/2063 1242/1/2061 1445/1/2061
f 1445/1/2064 1242/1/2064 1241/1/2064
f 1241/1/2064 1443/1/2064 1445/1/2064
f 1241/1/2065 1240/1/2065 1444/1/2065
f 1444/1/2065 1443/1/2065 1241/1/2065
f 1240/1/2066 1223/1/2066 1412/1/2067
f 1412/1/2067 1444/1/2068 1240/1/2066
f 1439/1/2069 1444/1/2069 1412/1/2069
f 1412/1/2069 1411/1/2069 1439/1/2069
f 1440/1/2070 1439/1/2071 1411/1/2072
f 1411/1/2072 1410/1/2071 1440/1/2070
f 1449/1/2073 1450/1/2073 1451/1/2073
f 1451/1/2073 1452/1/2073 1449/1/2073
f 1453/1/2074 1454/1/2074 1450/1/2074
f 1450/1/2074 1449/1/2074 1453/1/2074
f 1450/1/2075 1455/1/2075 1456/1/2075
f 1456/1/2075 1451/1/2075 1450/1/2075
f 1454/1/2076 1457/1/2076 1455/1/2076
f 1455/1/2076 1450/1/2076 1454/1/2076
f 1452/1/2077 1422/1/2078 85/1/2077
f 85/1/2077 108/1/2077 1452/1/2077
f 107/1/2079 1449/1/2080 1452/1/2080
f 1452/1/2080 108/1/2080 107/1/2079
f 105/1/2081 1453/1/2082 1449/1/2082
f 1449/1/2082 107/1/2082 105/1/2081
f 1458/1/2083 1453/1/2083 105/1/2083
f 105/1/2083 106/1/2083 1458/1/2083
f 1458/1/2084 1459/1/2085 1454/1/2085
f 1454/1/2085 1453/1/2085 1458/1/2084
f 1457/1/2086 1454/1/2086 1459/1/2086
f 1459/1/2086 1460/1/2086 1457/1/2086
f 1457/1/2087 1460/1/2088 723/1/2087
f 723/1/2087 722/1/2087 1457/1/2087
f 1455/1/2089 1457/1/2090 722/1/2089
f 722/1/2089 721/1/2089 1455/1/2089
f 1456/1/2091 1455/1/2091 721/1/2092
f 721/1/2092 720/1/2091 1456/1/2091
f 720/1/2093 703/1/2094 1424/1/2095
f 1424/1/2095 1456/1/2096 720/1/2093
f 1423/1/2097 1451/1/2098 1456/1/2099
f 1456/1/2099 1424/1/2100 1423/1/2097
f 1452/1/2101 1451/1/2102 1423/1/2102
f 1423/1/2102 1422/1/2101 1452/1/2101
f 1461/1/1716 1462/1/1717 1463/1/1716
f 1463/1/1716 1464/1/2103 1461/1/1716
f 1465/1/1715 1466/1/1715 1462/1/1715
f 1462/1/1715 1461/1/1715 1465/1/1715
f 1462/1/1719 1467/1/1719 1468/1/1719
f 1468/1/1719 1463/1/1719 1462/1/1719
f 1466/1/2104 1469/1/1718 1467/1/1718
f 1467/1/1718 1462/1/1718 1466/1/2104
f 1464/1/1725 1470/1/1725 221/1/1725
f 221/1/1725 220/1/1725 1464/1/1725
f 230/1/1724 1461/1/1724 1464/1/1724
f 1464/1/1724 220/1/1724 230/1/1724
f 230/1/1723 229/1/1723 1465/1/1723
f 1465/1/1723 1461/1/1723 230/1/1723
f 1434/1/1722 1465/1/1722 229/1/2105
f 229/1/2105 201/1/1722 1434/1/1722
f 1466/1/1736 1465/1/1736 1434/1/1736
f 1434/1/1736 1436/1/1736 1466/1/1736
f 1435/1/1735 1469/1/1735 1466/1/1735
f 1466/1/1735 1436/1/1735 1435/1/1735
f 839/1/1734 1469/1/1734 1435/1/1734
f 1435/1/1734 816/1/1734 839/1/1734
f 1469/1/2106 839/1/2107 838/1/2108
f 838/1/2108 1467/1/2109 1469/1/2106
f 1467/1/1732 838/1/2110 837/1/1732
f 837/1/1732 1468/1/1732 1467/1/1732
f 837/1/1731 836/1/1731 1471/1/1731
f 1471/1/1731 1468/1/1731 837/1/1731
f 1463/1/1728 1468/1/1728 1471/1/1728
f 1471/1/1728 1472/1/1728 1463/1/1728
f 1472/1/1726 1470/1/1726 1464/1/1726
f 1464/1/1726 1463/1/1726 1472/1/1726
f 1473/1/2111 1474/1/2112 1475/1/2112
f 1475/1/2112 1476/1/2113 1473/1/2111
f 1477/1/2114 1478/1/2114 1474/1/2115
f 1474/1/2115 1473/1/2114 1477/1/2114
f 1474/1/2116 1479/1/2117 1480/1/2117
f 1480/1/2117 1475/1/2117 1474/1/2116
f 1481/1/2118 1479/1/2118 1474/1/2118
f 1474/1/2118 1478/1/2118 1481/1/2118
f 1446/1/2119 626/1/2120 648/1/2120
f 648/1/2120 1476/1/2120 1446/1/2119
f 1476/1/2121 648/1/2122 647/1/2122
f 647/1/2122 1473/1/2122 1476/1/2121
f 1477/1/2123 1473/1/2123 647/1/2123
f 647/1/2123 645/1/2123 1477/1/2123
f 1482/1/2124 1477/1/2124 645/1/2124
f 645/1/2124 646/1/2124 1482/1/2124
f 1482/1/2125 1483/1/2125 1478/1/2125
f 1478/1/2125 1477/1/2125 1482/1/2125
f 1481/1/2126 1478/1/2126 1483/1/2126
f 1483/1/2126 1484/1/2126 1481/1/2126
f 1481/1/2127 1484/1/2128 1263/1/2127
f 1263/1/2127 1262/1/2127 1481/1/2127
f 1481/1/2129 1262/1/2129 1261/1/2129
f 1261/1/2129 1479/1/2129 1481/1/2129
f 1261/1/2130 1260/1/2130 1480/1/2130
f 1480/1/2130 1479/1/2130 1261/1/2130
f 1260/1/2131 1243/1/2132 1448/1/2133
f 1448/1/2133 1480/1/2134 1260/1/2131
f 1475/1/2135 1480/1/2136 1448/1/2137
f 1448/1/2137 1447/1/2138 1475/1/2135
f 1476/1/2139 1475/1/2140 1447/1/2141
f 1447/1/2141 1446/1/2141 1476/1/2139
f 1485/1/2142 1486/1/2143 1487/1/2143
f 1487/1/2143 1488/1/2143 1485/1/2142
f 1489/1/2144 1490/1/2144 1486/1/2144
f 1486/1/2144 1485/1/2144 1489/1/2144
f 1486/1/2145 1491/1/2146 1492/1/2145
f 1492/1/2145 1487/1/2147 1486/1/2145
f 1490/1/2148 1493/1/2148 1491/1/2148
f 1491/1/2148 1486/1/2148 1490/1/2148
f 1458/1/2149 106/1/2149 128/1/2149
f 128/1/2149 1488/1/2149 1458/1/2149
f 127/1/2150 1485/1/2150 1488/1/2150
f 1488/1/2150 128/1/2150 127/1/2150
f 126/1/2151 1489/1/2151 1485/1/2152
f 1485/1/2152 127/1/2151 126/1/2151
f 1494/1/2153 1489/1/2153 126/1/2153
f 126/1/2153 125/1/2153 1494/1/2153
f 1494/1/2154 1495/1/2154 1490/1/2154
f 1490/1/2154 1489/1/2154 1494/1/2154
f 1493/1/2155 1490/1/2156 1495/1/2156
f 1495/1/2156 1496/1/2156 1493/1/2155
f 1493/1/2157 1496/1/2158 743/1/2158
f 743/1/2158 742/1/2158 1493/1/2157
f 1491/1/2159 1493/1/2159 742/1/2159
f 742/1/2159 741/1/2159 1491/1/2159
f 1492/1/2160 1491/1/2160 741/1/2161
f 741/1/2161 740/1/2160 1492/1/2160
f 740/1/2162 723/1/2162 1460/1/2162
f 1460/1/2162 1492/1/2162 740/1/2162
f 1459/1/2163 1487/1/2164 1492/1/2164
f 1492/1/2164 1460/1/2165 1459/1/2163
f 1488/1/2166 1487/1/2167 1459/1/2168
f 1459/1/2168 1458/1/2169 1488/1/2166
f 1497/1/2170 1498/1/2171 1499/1/2172
f 1499/1/2172 1500/1/2173 1497/1/2170
f 1501/1/2174 1502/1/2174 1498/1/2175
f 1498/1/2175 1497/1/2176 1501/1/2174
f 1498/1/1802 1503/1/1802 1504/1/2177
f 1504/1/2177 1499/1/2177 1498/1/1802
f 1502/1/2178 1505/1/1801 1503/1/2178
f 1503/1/2178 1498/1/1801 1502/1/2178
f 1500/1/1812 1506/1/1812 241/1/1812
f 241/1/1812 240/1/1812 1500/1/1812
f 250/1/1809 1497/1/1809 1500/1/1809
f 1500/1/1809 240/1/1809 250/1/1809
f 250/1/1807 249/1/1807 1501/1/1807
f 1501/1/1807 1497/1/1807 250/1/1807
f 1470/1/1805 1501/1/2179 249/1/2179
f 249/1/2179 221/1/2179 1470/1/1805
f 1502/1/1821 1501/1/1821 1470/1/1821
f 1470/1/1821 1472/1/1821 1502/1/1821
f 1471/1/1820 1505/1/1820 1502/1/1820
f 1502/1/1820 1472/1/1820 1471/1/1820
f 859/1/2180 1505/1/2180 1471/1/2180
f 1471/1/2180 836/1/2180 859/1/2180
f 1505/1/2181 859/1/2181 858/1/1818
f 858/1/1818 1503/1/1818 1505/1/2181
f 1503/1/1817 858/1/1817 857/1/1817
f 857/1/1817 1504/1/1817 1503/1/1817
f 857/1/2182 856/1/1816 1507/1/1816
f 1507/1/1816 1504/1/1816 857/1/2182
f 1499/1/1814 1504/1/2183 1507/1/1814
f 1507/1/1814 1508/1/2184 1499/1/1814
f 1508/1/1813 1506/1/1813 1500/1/1813
f 1500/1/1813 1499/1/1813 1508/1/1813
f 1509/1/2185 1510/1/2186 1511/1/2187
f 1511/1/2187 1512/1/2188 1509/1/2185
f 1513/1/2189 1514/1/2189 1510/1/2190
f 1510/1/2190 1509/1/2189 1513/1/2189
f 1510/1/2191 1515/1/2192 1516/1/2193
f 1516/1/2193 1511/1/2194 1510/1/2191
f 1517/1/2195 1515/1/2195 1510/1/2195
f 1510/1/2195 1514/1/2195 1517/1/2195
f 1482/1/2196 646/1/2196 663/1/2196
f 663/1/2196 1512/1/2196 1482/1/2196
f 1512/1/2197 663/1/2197 662/1/2197
f 662/1/2197 1509/1/2198 1512/1/2197
f 1513/1/2199 1509/1/2200 662/1/2201
f 662/1/2201 661/1/2199 1513/1/2199
f 1347/1/2202 1513/1/2203 661/1/2203
f 661/1/2203 45/1/2204 1347/1/2202
f 1352/1/2205 1514/1/2206 1513/1/2206
f 1513/1/2206 1347/1/2206 1352/1/2205
f 1351/1/2207 1517/1/2207 1514/1/2207
f 1514/1/2207 1352/1/2207 1351/1/2207
f 1517/1/2208 1351/1/2208 20/1/2208
f 20/1/2208 1280/1/2209 1517/1/2208
f 1517/1/2210 1280/1/2210 1279/1/2210
f 1279/1/2210 1515/1/2210 1517/1/2210
f 1279/1/2211 1278/1/2211 1516/1/2212
f 1516/1/2212 1515/1/2211 1279/1/2211
f 1278/1/2213 1263/1/2214 1484/1/2214
f 1484/1/2214 1516/1/2213 1278/1/2213
f 1511/1/2215 1516/1/2215 1484/1/2216
f 1484/1/2216 1483/1/2215 1511/1/2215
f 1512/1/2217 1511/1/2218 1483/1/2219
f 1483/1/2219 1482/1/2217 1512/1/2217
f 1518/1/2220 1519/1/2221 1520/1/2220
f 1520/1/2220 1521/1/2222 1518/1/2220
f 1522/1/2223 1523/1/2224 1519/1/2223
f 1519/1/2223 1518/1/2224 1522/1/2223
f 1519/1/2225 1524/1/2225 1525/1/2225
f 1525/1/2225 1520/1/2225 1519/1/2225
f 1523/1/2226 1526/1/2226 1524/1/2227
f 1524/1/2227 1519/1/2228 1523/1/2226
f 1494/1/2229 125/1/2229 148/1/2230
f 148/1/2230 1521/1/2229 1494/1/2229
f 147/1/2231 1518/1/2232 1521/1/2232
f 1521/1/2232 148/1/2232 147/1/2231
f 146/1/2233 1522/1/2234 1518/1/2235
f 1518/1/2235 147/1/2233 146/1/2233
f 146/1/2236 145/1/2236 1527/1/2236
f 1527/1/2236 1522/1/2236 146/1/2236
f 1527/1/2237 1528/1/2237 1523/1/2237
f 1523/1/2237 1522/1/2237 1527/1/2237
f 1523/1/2238 1528/1/2238 1529/1/2238
f 1529/1/2238 1526/1/2238 1523/1/2238
f 763/1/2239 762/1/2239 1526/1/2239
f 1526/1/2239 1529/1/2239 763/1/2239
f 1524/1/2240 1526/1/2240 762/1/2240
f 762/1/2240 761/1/2240 1524/1/2240
f 1525/1/2241 1524/1/2241 761/1/2242
f 761/1/2242 760/1/2242 1525/1/2241
f 760/1/2243 743/1/2243 1496/1/2243
f 1496/1/2243 1525/1/2243 760/1/2243
f 1495/1/2244 1520/1/2245 1525/1/2246
f 1525/1/2246 1496/1/2245 1495/1/2244
f 1521/1/2247 1520/1/2248 1495/1/2247
f 1495/1/2247 1494/1/2247 1521/1/2247
f 1530/1/2249 1531/1/2250 1532/1/2250
f 1532/1/2250 1533/1/2251 1530/1/2249
f 1534/1/2252 1535/1/1878 1531/1/1878
f 1531/1/1878 1530/1/1878 1534/1/2252
f 1531/1/1883 1536/1/1883 1537/1/1884
f 1537/1/1884 1532/1/1884 1531/1/1883
f 1535/1/1881 1538/1/1881 1536/1/1881
f 1536/1/1881 1531/1/1881 1535/1/1881
f 1533/1/2253 1539/1/2254 261/1/1889
f 261/1/1889 260/1/1889 1533/1/2253
f 270/1/1888 1530/1/1888 1533/1/2255
f 1533/1/2255 260/1/2256 270/1/1888
f 270/1/1887 269/1/1887 1534/1/1887
f 1534/1/1887 1530/1/1887 270/1/1887
f 1506/1/1886 1534/1/1886 269/1/1886
f 269/1/1886 241/1/1886 1506/1/1886
f 1535/1/2257 1534/1/1906 1506/1/2258
f 1506/1/2258 1508/1/1906 1535/1/2257
f 1507/1/2259 1538/1/2260 1535/1/2260
f 1535/1/2260 1508/1/2261 1507/1/2259
f 879/1/1901 1538/1/1901 1507/1/1903
f 1507/1/1903 856/1/1901 879/1/1901
f 1538/1/1899 879/1/1899 878/1/1899
f 878/1/1899 1536/1/1899 1538/1/1899
f 1536/1/1897 878/1/1897 877/1/1897
f 877/1/1897 1537/1/1897 1536/1/1897
f 1537/1/2262 877/1/2262 876/1/2262
f 876/1/2262 1540/1/2262 1537/1/2262
f 1537/1/1893 1540/1/2263 1541/1/1893
f 1541/1/1893 1532/1/1893 1537/1/1893
f 1532/1/1892 1541/1/1892 1539/1/1892
f 1539/1/1892 1533/1/1892 1532/1/1892
f 1542/1/2264 1543/1/2264 1544/1/2264
f 1544/1/2264 1545/1/2264 1542/1/2264
f 1546/1/2265 1547/1/2265 1543/1/2266
f 1543/1/2266 1542/1/2266 1546/1/2265
f 1543/1/2267 1548/1/2267 1549/1/2267
f 1549/1/2267 1544/1/2267 1543/1/2267
f 1550/1/2268 1548/1/2268 1543/1/2268
f 1543/1/2268 1547/1/2268 1550/1/2268
f 1527/1/2269 145/1/2269 168/1/2269
f 168/1/2269 1545/1/2269 1527/1/2269
f 1545/1/2270 168/1/2270 167/1/2271
f 167/1/2271 1542/1/2272 1545/1/2270
f 1546/1/2273 1542/1/2273 167/1/2273
f 167/1/2273 166/1/2273 1546/1/2273
f 1551/1/2274 1546/1/2274 166/1/2274
f 166/1/2274 165/1/2274 1551/1/2274
f 1551/1/2275 1552/1/2275 1547/1/2275
f 1547/1/2275 1546/1/2275 1551/1/2275
f 1550/1/2276 1547/1/2276 1552/1/2276
f 1552/1/2276 1553/1/2277 1550/1/2276
f 783/1/2278 782/1/2278 1550/1/2278
f 1550/1/2278 1553/1/2278 783/1/2278
f 1550/1/2279 782/1/2279 781/1/2279
f 781/1/2279 1548/1/2279 1550/1/2279
f 781/1/2280 780/1/2280 1549/1/2280
f 1549/1/2280 1548/1/2280 781/1/2280
f 780/1/2281 763/1/2282 1529/1/2282
f 1529/1/2282 1549/1/2282 780/1/2281
f 1544/1/2283 1549/1/2283 1529/1/2283
f 1529/1/2283 1528/1/2283 1544/1/2283
f 1545/1/2284 1544/1/2284 1528/1/2284
f 1528/1/2284 1527/1/2285 1545/1/2284
f 1554/1/1966 1555/1/1966 1556/1/1966
f 1556/1/1966 1557/1/1966 1554/1/1966
f 1558/1/1965 1559/1/1965 1555/1/1965
f 1555/1/1965 1554/1/1965 1558/1/1965
f 1555/1/2286 1560/1/1968 1561/1/1968
f 1561/1/1968 1556/1/1968 1555/1/2286
f 1559/1/1967 1562/1/1967 1560/1/1967
f 1560/1/1967 1555/1/1967 1559/1/1967
f 1557/1/1978 1563/1/1978 281/1/1978
f 281/1/1978 280/1/1978 1557/1/1978
f 290/1/1975 1554/1/1975 1557/1/1975
f 1557/1/1975 280/1/1975 290/1/1975
f 290/1/2287 289/1/2288 1558/1/2287
f 1558/1/2287 1554/1/2289 290/1/2287
f 289/1/2290 261/1/2291 1539/1/2291
f 1539/1/2291 1558/1/2290 289/1/2290
f 1559/1/1991 1558/1/1991 1539/1/1991
f 1539/1/1991 1541/1/1991 1559/1/1991
f 1540/1/1990 1562/1/1990 1559/1/1990
f 1559/1/1990 1541/1/1990 1540/1/1990
f 1540/1/2292 876/1/1989 899/1/2293
f 899/1/2293 1562/1/1989 1540/1/2292
f 1562/1/1987 899/1/1987 898/1/1988
f 898/1/1988 1560/1/1987 1562/1/1987
f 1560/1/2294 898/1/2295 897/1/2296
f 897/1/2296 1561/1/1986 1560/1/2294
f 1561/1/2297 897/1/1985 896/1/1985
f 896/1/1985 1564/1/1985 1561/1/2297
f 1565/1/1983 1556/1/1983 1561/1/1983
f 1561/1/1983 1564/1/1983 1565/1/1983
f 1556/1/2298 1565/1/1979 1563/1/1979
f 1563/1/1979 1557/1/2298 1556/1/2298
f 1566/1/2299 1567/1/2299 1568/1/2300
f 1568/1/2300 1569/1/2299 1566/1/2299
f 1570/1/2301 1571/1/2302 1567/1/2302
f 1567/1/2302 1566/1/2302 1570/1/2301
f 1567/1/2303 1572/1/2303 1573/1/2304
f 1573/1/2304 1568/1/2304 1567/1/2303
f 1574/1/2305 1572/1/2305 1567/1/2305
f 1567/1/2305 1571/1/2305 1574/1/2305
f 1551/1/2306 165/1/2307 188/1/2307
f 188/1/2307 1569/1/2308 1551/1/2306
f 1569/1/2309 188/1/2310 187/1/2310
f 187/1/2310 1566/1/2311 1569/1/2309
f 1570/1/2312 1566/1/2312 187/1/2313
f 187/1/2313 185/1/2312 1570/1/2312
f 1570/1/2314 185/1/2314 186/1/2314
f 186/1/2314 1575/1/2314 1570/1/2314
f 1575/1/2315 1576/1/2315 1571/1/2315
f 1571/1/2315 1570/1/2315 1575/1/2315
f 1574/1/2316 1571/1/2316 1576/1/2316
f 1576/1/2316 1577/1/2316 1574/1/2316
f 803/1/2317 802/1/2317 1574/1/2317
f 1574/1/2317 1577/1/2318 803/1/2317
f 1574/1/2319 802/1/2320 801/1/2321
f 801/1/2321 1572/1/2319 1574/1/2319
f 801/1/2322 800/1/2322 1573/1/2322
f 1573/1/2322 1572/1/2322 801/1/2322
f 800/1/2323 783/1/2323 1553/1/2323
f 1553/1/2323 1573/1/2323 800/1/2323
f 1552/1/2324 1568/1/2324 1573/1/2325
f 1573/1/2325 1553/1/2325 1552/1/2324
f 1568/1/2326 1552/1/2327 1551/1/2328
f 1551/1/2328 1569/1/2329 1568/1/2326
f 1578/1/2046 1579/1/2046 1580/1/2046
f 1580/1/2046 1581/1/2046 1578/1/2046
f 1582/1/2042 1583/1/2042 1579/1/2042
f 1579/1/2042 1578/1/2044 1582/1/2042
f 1579/1/2050 1584/1/2050 1585/1/2050
f 1585/1/2050 1580/1/2050 1579/1/2050
f 1583/1/2048 1586/1/2048 1584/1/2048
f 1584/1/2048 1579/1/2048 1583/1/2048
f 1581/1/2330 1587/1/2056 301/1/2330
f 301/1/2330 300/1/2331 1581/1/2330
f 310/1/2332 1578/1/2332 1581/1/2332
f 1581/1/2332 300/1/2332 310/1/2332
f 310/1/2333 309/1/2334 1582/1/2334
f 1582/1/2334 1578/1/2053 310/1/2333
f 309/1/2052 281/1/2052 1563/1/2052
f 1563/1/2052 1582/1/2052 309/1/2052
f 1583/1/2335 1582/1/2071 1563/1/2336
f 1563/1/2336 1565/1/2071 1583/1/2335
f 1564/1/2069 1586/1/2069 1583/1/2337
f 1583/1/2337 1565/1/2069 1564/1/2069
f 1564/1/2066 896/1/2066 919/1/2067
f 919/1/2067 1586/1/2066 1564/1/2066
f 1586/1/2338 919/1/2338 918/1/2338
f 918/1/2338 1584/1/2339 1586/1/2338
f 1584/1/2340 918/1/2341 917/1/2340
f 917/1/2340 1585/1/2064 1584/1/2340
f 1585/1/2061 917/1/2342 916/1/2342
f 916/1/2342 1588/1/2343 1585/1/2061
f 1589/1/2059 1580/1/2059 1585/1/2059
f 1585/1/2059 1588/1/2059 1589/1/2059
f 1580/1/2058 1589/1/2058 1587/1/2058
f 1587/1/2058 1581/1/2058 1580/1/2058
f 1590/1/2344 1591/1/2344 1592/1/2345
f 1592/1/2345 1593/1/2345 1590/1/2344
f 1594/1/2346 1595/1/2346 1591/1/2346
f 1591/1/2346 1590/1/2346 1594/1/2346
f 1591/1/2347 1596/1/2348 1597/1/2348
f 1597/1/2348 1592/1/2348 1591/1/2347
f 1598/1/2349 1596/1/2349 1591/1/2350
f 1591/1/2350 1595/1/2349 1598/1/2349
f 1575/1/2351 186/1/2351 208/1/2351
f 208/1/2351 1593/1/2351 1575/1/2351
f 1593/1/2352 208/1/2352 207/1/2353
f 207/1/2353 1590/1/2354 1593/1/2352
f 1594/1/2355 1590/1/2356 207/1/2357
f 207/1/2357 205/1/2357 1594/1/2355
f 1594/1/2358 205/1/2358 206/1/2358
f 206/1/2358 1599/1/2359 1594/1/2358
f 1599/1/2360 1600/1/2361 1595/1/2362
f 1595/1/2362 1594/1/2363 1599/1/2360
f 1598/1/2364 1595/1/2365 1600/1/2365
f 1600/1/2365 1601/1/2364 1598/1/2364
f 823/1/2366 822/1/2366 1598/1/2366
f 1598/1/2366 1601/1/2366 823/1/2366
f 1598/1/2367 822/1/2368 821/1/2368
f 821/1/2368 1596/1/2368 1598/1/2367
f 821/1/2369 820/1/2370 1597/1/2371
f 1597/1/2371 1596/1/2369 821/1/2369
f 820/1/2372 803/1/2373 1577/1/2373
f 1577/1/2373 1597/1/2373 820/1/2372
f 1576/1/2374 1592/1/2375 1597/1/2376
f 1597/1/2376 1577/1/2377 1576/1/2374
f 1575/1/2378 1593/1/2378 1592/1/2378
f 1592/1/2378 1576/1/2378 1575/1/2378
f 1602/1/2114 1603/1/2114 1604/1/2379
f 1604/1/2379 1605/1/2114 1602/1/2114
f 1606/1/2380 1607/1/2380 1603/1/2380
f 1603/1/2380 1602/1/2380 1606/1/2380
f 1603/1/2118 1608/1/2118 1609/1/2381
f 1609/1/2381 1604/1/2118 1603/1/2118
f 1607/1/2117 1610/1/2117 1608/1/2117
f 1608/1/2117 1603/1/2116 1607/1/2117
f 1605/1/2382 1611/1/2383 321/1/2384
f 321/1/2384 320/1/2385 1605/1/2382
f 330/1/2123 1602/1/2123 1605/1/2386
f 1605/1/2386 320/1/2387 330/1/2123
f 330/1/2122 329/1/2122 1606/1/2388
f 1606/1/2388 1602/1/2122 330/1/2122
f 329/1/2389 301/1/2390 1587/1/2391
f 1587/1/2391 1606/1/2390 329/1/2389
f 1607/1/2140 1606/1/2140 1587/1/2140
f 1587/1/2140 1589/1/2141 1607/1/2140
f 1588/1/2138 1610/1/2138 1607/1/2138
f 1607/1/2138 1589/1/2138 1588/1/2138
f 1588/1/2131 916/1/2131 939/1/2392
f 939/1/2392 1610/1/2131 1588/1/2131
f 1610/1/2393 939/1/2394 938/1/2393
f 938/1/2393 1608/1/2130 1610/1/2393
f 1608/1/2129 938/1/2129 937/1/2129
f 937/1/2129 1609/1/2129 1608/1/2129
f 1609/1/2127 937/1/2127 936/1/2127
f 936/1/2127 1612/1/2395 1609/1/2127
f 1609/1/2126 1612/1/2126 1613/1/2126
f 1613/1/2126 1604/1/2126 1609/1/2126
f 1604/1/2396 1613/1/2397 1611/1/2396
f 1611/1/2396 1605/1/2396 1604/1/2396
f 1614/1/2398 1615/1/2398 1616/1/2398
f 1616/1/2398 1617/1/2398 1614/1/2398
f 1618/1/2399 1619/1/2399 1615/1/2399
f 1615/1/2399 1614/1/2399 1618/1/2399
f 1615/1/2400 1620/1/2400 1621/1/2401
f 1621/1/2401 1616/1/2402 1615/1/2400
f 1622/1/2403 1620/1/2403 1615/1/2403
f 1615/1/2403 1619/1/2403 1622/1/2403
f 1599/1/2404 206/1/2404 228/1/2404
f 228/1/2404 1617/1/2404 1599/1/2404
f 1617/1/2405 228/1/2406 227/1/2407
f 227/1/2407 1614/1/2406 1617/1/2405
f 1618/1/2408 1614/1/2409 227/1/2409
f 227/1/2409 225/1/2409 1618/1/2408
f 1618/1/2410 225/1/2410 226/1/2410
f 226/1/2410 1623/1/2410 1618/1/2410
f 1623/1/2411 1624/1/2411 1619/1/2411
f 1619/1/2411 1618/1/2411 1623/1/2411
f 1622/1/2412 1619/1/2412 1624/1/2412
f 1624/1/2412 1625/1/2412 1622/1/2412
f 843/1/2413 842/1/2413 1622/1/2413
f 1622/1/2413 1625/1/2413 843/1/2413
f 1622/1/2414 842/1/2414 841/1/2414
f 841/1/2414 1620/1/2414 1622/1/2414
f 841/1/2415 840/1/2415 1621/1/2415
f 1621/1/2415 1620/1/2415 841/1/2415
f 840/1/2416 823/1/2416 1601/1/2416
f 1601/1/2416 1621/1/2416 840/1/2416
f 1600/1/2417 1616/1/2417 1621/1/2418
f 1621/1/2418 1601/1/2417 1600/1/2417
f 1616/1/2419 1600/1/2420 1599/1/2419
f 1599/1/2419 1617/1/2421 1616/1/2419
f 1626/1/2422 1627/1/2189 1628/1/2189
f 1628/1/2189 1629/1/2189 1626/1/2422
f 1630/1/2423 1631/1/2185 1627/1/2185
f 1627/1/2185 1626/1/2187 1630/1/2423
f 1627/1/2195 1632/1/2195 1633/1/2195
f 1633/1/2195 1628/1/2195 1627/1/2195
f 1631/1/2424 1634/1/2193 1632/1/2193
f 1632/1/2193 1627/1/2193 1631/1/2424
f 1629/1/2204 1635/1/2204 341/1/2204
f 341/1/2204 340/1/2204 1629/1/2204
f 350/1/2201 1626/1/2201 1629/1/2201
f 1629/1/2201 340/1/2201 350/1/2201
f 350/1/2425 349/1/2425 1630/1/2426
f 1630/1/2426 1626/1/2426 350/1/2425
f 349/1/2427 321/1/2427 1611/1/2428
f 1611/1/2428 1630/1/2427 349/1/2427
f 1631/1/2429 1630/1/2429 1611/1/2217
f 1611/1/2217 1613/1/2219 1631/1/2429
f 1612/1/2215 1634/1/2430 1631/1/2215
f 1631/1/2215 1613/1/2215 1612/1/2215
f 1612/1/2431 936/1/2431 959/1/2431
f 959/1/2431 1634/1/2431 1612/1/2431
f 1634/1/2432 959/1/2432 958/1/2432
f 958/1/2432 1632/1/2432 1634/1/2432
f 1632/1/2210 958/1/2210 957/1/2210
f 957/1/2210 1633/1/2210 1632/1/2210
f 1633/1/2208 957/1/2208 956/1/2208
f 956/1/2208 1636/1/2208 1633/1/2208
f 1637/1/2207 1628/1/2207 1633/1/2207
f 1633/1/2207 1636/1/2207 1637/1/2207
f 1628/1/2206 1637/1/2206 1635/1/2206
f 1635/1/2206 1629/1/2206 1628/1/2206
f 1638/1/2433 1639/1/2434 1640/1/2433
f 1640/1/2433 1641/1/2433 1638/1/2433
f 1642/1/2435 1643/1/2435 1639/1/2435
f 1639/1/2435 1638/1/2435 1642/1/2435
f 1639/1/2436 1644/1/2436 1645/1/2437
f 1645/1/2437 1640/1/2436 1639/1/2436
f 1646/1/2438 1644/1/2439 1639/1/2439
f 1639/1/2439 1643/1/2438 1646/1/2438
f 1623/1/2440 226/1/2440 248/1/2441
f 248/1/2441 1641/1/2441 1623/1/2440
f 1641/1/2442 248/1/2443 247/1/2443
f 247/1/2443 1638/1/2442 1641/1/2442
f 1642/1/2444 1638/1/2445 247/1/2444
f 247/1/2444 245/1/2446 1642/1/2444
f 1642/1/2447 245/1/2448 246/1/2447
f 246/1/2447 1647/1/2448 1642/1/2447
f 1647/1/2449 1648/1/2450 1643/1/2449
f 1643/1/2449 1642/1/2451 1647/1/2449
f 1646/1/2452 1643/1/2452 1648/1/2452
f 1648/1/2452 1649/1/2453 1646/1/2452
f 863/1/2454 862/1/2455 1646/1/2454
f 1646/1/2454 1649/1/2454 863/1/2454
f 1646/1/2456 862/1/2456 861/1/2456
f 861/1/2456 1644/1/2456 1646/1/2456
f 861/1/2457 860/1/2458 1645/1/2457
f 1645/1/2457 1644/1/2459 861/1/2457
f 860/1/2460 843/1/2460 1625/1/2460
f 1625/1/2460 1645/1/2460 860/1/2460
f 1624/1/2461 1640/1/2462 1645/1/2461
f 1645/1/2461 1625/1/2461 1624/1/2461
f 1640/1/2463 1624/1/2463 1623/1/2463
f 1623/1/2463 1641/1/2463 1640/1/2463
f 1650/1/1825 1651/1/2464 1652/1/1825
f 1652/1/1825 1653/1/2464 1650/1/1825
f 1654/1/1823 1655/1/1823 1651/1/2465
f 1651/1/2465 1650/1/1823 1654/1/1823
f 1651/1/1827 1656/1/2466 1657/1/2467
f 1657/1/2467 1652/1/2466 1651/1/1827
f 1655/1/1826 1658/1/1826 1656/1/2468
f 1656/1/2468 1651/1/2469 1655/1/1826
f 1653/1/1832 1659/1/2470 361/1/2471
f 361/1/2471 360/1/1832 1653/1/1832
f 370/1/1831 1650/1/1831 1653/1/1831
f 1653/1/1831 360/1/1831 370/1/1831
f 370/1/2472 369/1/1829 1654/1/1829
f 1654/1/1829 1650/1/1829 370/1/2472
f 369/1/1828 341/1/1828 1635/1/1828
f 1635/1/1828 1654/1/1828 369/1/1828
f 1655/1/1851 1654/1/1851 1635/1/1851
f 1635/1/1851 1637/1/1851 1655/1/1851
f 1636/1/1847 1658/1/1847 1655/1/1847
f 1655/1/1847 1637/1/1847 1636/1/1847
f 1636/1/1846 956/1/1846 979/1/1846
f 979/1/1846 1658/1/1846 1636/1/1846
f 1658/1/1845 979/1/1845 978/1/1845
f 978/1/1845 1656/1/1845 1658/1/1845
f 1656/1/2473 978/1/2474 977/1/2473
f 977/1/2473 1657/1/2475 1656/1/2473
f 1657/1/1839 977/1/1839 976/1/1839
f 976/1/1839 1660/1/1839 1657/1/1839
f 1661/1/1835 1652/1/1835 1657/1/1835
f 1657/1/1835 1660/1/1835 1661/1/1835
f 1652/1/2476 1661/1/1833 1659/1/1833
f 1659/1/1833 1653/1/1833 1652/1/2476
f 1662/1/2477 1663/1/2477 1664/1/2477
f 1664/1/2477 1665/1/2477 1662/1/2477
f 1666/1/2478 1667/1/2478 1663/1/2478
f 1663/1/2478 1662/1/2479 1666/1/2478
f 1663/1/2480 1668/1/2480 1669/1/2480
f 1669/1/2480 1664/1/2480 1663/1/2480
f 1670/1/2481 1668/1/2481 1663/1/2481
f 1663/1/2481 1667/1/2481 1670/1/2481
f 1647/1/2482 246/1/2482 268/1/2482
f 268/1/2482 1665/1/2482 1647/1/2482
f 1665/1/2483 268/1/2484 267/1/2485
f 267/1/2485 1662/1/2483 1665/1/2483
f 1666/1/2486 1662/1/2486 267/1/2486
f 267/1/2486 265/1/2487 1666/1/2486
f 1666/1/2488 265/1/2488 266/1/2488
f 266/1/2488 1671/1/2489 1666/1/2488
f 1671/1/2490 1672/1/2490 1667/1/2490
f 1667/1/2490 1666/1/2490 1671/1/2490
f 1670/1/2491 1667/1/2491 1672/1/2492
f 1672/1/2492 1673/1/2491 1670/1/2491
f 883/1/2493 882/1/2493 1670/1/2493
f 1670/1/2493 1673/1/2493 883/1/2493
f 1670/1/2494 882/1/2494 881/1/2494
f 881/1/2494 1668/1/2494 1670/1/2494
f 881/1/2495 880/1/2495 1669/1/2495
f 1669/1/2495 1668/1/2495 881/1/2495
f 880/1/2496 863/1/2496 1649/1/2496
f 1649/1/2496 1669/1/2496 880/1/2496
f 1648/1/2497 1664/1/2497 1669/1/2497
f 1669/1/2497 1649/1/2497 1648/1/2497
f 1647/1/2498 1665/1/2498 1664/1/2499
f 1664/1/2499 1648/1/2498 1647/1/2498
f 1674/1/1910 1675/1/2500 1676/1/2500
f 1676/1/2500 1677/1/1910 1674/1/1910
f 1678/1/1908 1679/1/1908 1675/1/1907
f 1675/1/1907 1674/1/1908 1678/1/1908
f 1675/1/1915 1680/1/1915 1681/1/1915
f 1681/1/1915 1676/1/1912 1675/1/1915
f 1679/1/2501 1682/1/2502 1680/1/2503
f 1680/1/2503 1675/1/2502 1679/1/2501
f 1677/1/2504 1683/1/2505 381/1/2504
f 381/1/2504 380/1/2506 1677/1/2504
f 390/1/2507 1674/1/2507 1677/1/2507
f 1677/1/2507 380/1/2507 390/1/2507
f 390/1/1917 389/1/1917 1678/1/1917
f 1678/1/1917 1674/1/1917 390/1/1917
f 389/1/1916 361/1/2508 1659/1/1916
f 1659/1/1916 1678/1/1916 389/1/1916
f 1679/1/2509 1678/1/1934 1659/1/1934
f 1659/1/1934 1661/1/2510 1679/1/2509
f 1660/1/2511 1682/1/1933 1679/1/2512
f 1679/1/2512 1661/1/2513 1660/1/2511
f 1660/1/2514 976/1/2515 999/1/2514
f 999/1/2514 1682/1/2516 1660/1/2514
f 1682/1/1931 999/1/1931 998/1/1931
f 998/1/1931 1680/1/1931 1682/1/1931
f 1680/1/1930 998/1/1930 997/1/1930
f 997/1/1930 1681/1/1930 1680/1/1930
f 1681/1/1927 997/1/1927 996/1/1927
f 996/1/1927 1684/1/1927 1681/1/1927
f 1685/1/2517 1676/1/2518 1681/1/2517
f 1681/1/2517 1684/1/2519 1685/1/2517
f 1676/1/2520 1685/1/1924 1683/1/2520
f 1683/1/2520 1677/1/2521 1676/1/2520
f 1686/1/2522 1687/1/2522 1688/1/2522
f 1688/1/2522 1689/1/2522 1686/1/2522
f 1690/1/2523 1691/1/2524 1687/1/2524
f 1687/1/2524 1686/1/2524 1690/1/2523
f 1687/1/2525 1692/1/2525 1693/1/2525
f 1693/1/2525 1688/1/2525 1687/1/2525
f 1694/1/2526 1692/1/2527 1687/1/2528
f 1687/1/2528 1691/1/2529 1694/1/2526
f 1671/1/2530 266/1/2530 288/1/2530
f 288/1/2530 1689/1/2530 1671/1/2530
f 1689/1/2531 288/1/2531 287/1/2531
f 287/1/2531 1686/1/2531 1689/1/2531
f 1690/1/2532 1686/1/2532 287/1/2533
f 287/1/2533 285/1/2532 1690/1/2532
f 1690/1/2534 285/1/2535 286/1/2536
f 286/1/2536 1695/1/2537 1690/1/2534
f 1695/1/2538 1696/1/2538 1691/1/2538
f 1691/1/2538 1690/1/2538 1695/1/2538
f 1694/1/2539 1691/1/2540 1696/1/2539
f 1696/1/2539 1697/1/2541 1694/1/2539
f 903/1/2542 902/1/2543 1694/1/2544
f 1694/1/2544 1697/1/2545 903/1/2542
f 1694/1/2546 902/1/2546 901/1/2546
f 901/1/2546 1692/1/2546 1694/1/2546
f 901/1/2547 900/1/2547 1693/1/2548
f 1693/1/2548 1692/1/2547 901/1/2547
f 900/1/2549 883/1/2550 1673/1/2551
f 1673/1/2551 1693/1/2549 900/1/2549
f 1672/1/2552 1688/1/2552 1693/1/2552
f 1693/1/2552 1673/1/2552 1672/1/2552
f 1671/1/2553 1689/1/2553 1688/1/2553
f 1688/1/2553 1672/1/2553 1671/1/2553
f 1698/1/1993 1699/1/1993 1700/1/1993
f 1700/1/1993 1701/1/1993 1698/1/1993
f 1702/1/2554 1703/1/1992 1699/1/2554
f 1699/1/2554 1698/1/2555 1702/1/2554
f 1699/1/1996 1704/1/1996 1705/1/2556
f 1705/1/2556 1700/1/1996 1699/1/1996
f 1703/1/1994 1706/1/1994 1704/1/1994
f 1704/1/1994 1699/1/1994 1703/1/1994
f 1701/1/2557 1707/1/2558 401/1/2557
f 401/1/2557 400/1/2003 1701/1/2557
f 410/1/2000 1698/1/2000 1701/1/2000
f 1701/1/2000 400/1/2559 410/1/2000
f 410/1/1999 409/1/1999 1702/1/1999
f 1702/1/1999 1698/1/1999 410/1/1999
f 409/1/1997 381/1/1997 1683/1/1997
f 1683/1/1997 1702/1/1997 409/1/1997
f 1703/1/2560 1702/1/2015 1683/1/2015
f 1683/1/2015 1685/1/2015 1703/1/2560
f 1684/1/2014 1706/1/2014 1703/1/2014
f 1703/1/2014 1685/1/2014 1684/1/2014
f 1684/1/2561 996/1/2561 1019/1/2561
f 1019/1/2561 1706/1/2012 1684/1/2561
f 1706/1/2562 1019/1/2010 1018/1/2011
f 1018/1/2011 1704/1/2010 1706/1/2562
f 1704/1/2563 1018/1/2564 1017/1/2565
f 1017/1/2565 1705/1/2566 1704/1/2563
f 1705/1/2007 1017/1/2007 1016/1/2007
f 1016/1/2007 1708/1/2007 1705/1/2007
f 1709/1/2567 1700/1/2568 1705/1/2569
f 1705/1/2569 1708/1/2005 1709/1/2567
f 1700/1/2570 1709/1/2004 1707/1/2571
f 1707/1/2571 1701/1/2004 1700/1/2570
f 1710/1/2572 1711/1/2573 1712/1/2572
f 1712/1/2572 1713/1/2574 1710/1/2572
f 1714/1/2575 1715/1/2575 1711/1/2575
f 1711/1/2575 1710/1/2575 1714/1/2575
f 1711/1/2576 1716/1/2576 1717/1/2576
f 1717/1/2576 1712/1/2576 1711/1/2576
f 1718/1/2577 1716/1/2577 1711/1/2577
f 1711/1/2577 1715/1/2577 1718/1/2577
f 1695/1/2578 286/1/2579 308/1/2580
f 308/1/2580 1713/1/2581 1695/1/2578
f 1713/1/2582 308/1/2583 307/1/2582
f 307/1/2582 1710/1/2582 1713/1/2582
f 1714/1/2584 1710/1/2584 307/1/2584
f 307/1/2584 305/1/2584 1714/1/2584
f 1714/1/2585 305/1/2586 306/1/2587
f 306/1/2587 1719/1/2585 1714/1/2585
f 1719/1/2588 1720/1/2588 1715/1/2588
f 1715/1/2588 1714/1/2588 1719/1/2588
f 1718/1/2589 1715/1/2589 1720/1/2589
f 1720/1/2589 1721/1/2589 1718/1/2589
f 923/1/2590 922/1/2591 1718/1/2592
f 1718/1/2592 1721/1/2591 923/1/2590
f 1718/1/2593 922/1/2593 921/1/2593
f 921/1/2593 1716/1/2593 1718/1/2593
f 921/1/2594 920/1/2595 1717/1/2594
f 1717/1/2594 1716/1/2595 921/1/2594
f 920/1/2596 903/1/2597 1697/1/2598
f 1697/1/2598 1717/1/2599 920/1/2596
f 1696/1/2600 1712/1/2600 1717/1/2601
f 1717/1/2601 1697/1/2600 1696/1/2600
f 1712/1/2602 1696/1/2602 1695/1/2602
f 1695/1/2602 1713/1/2602 1712/1/2602
f 1722/1/2074 1723/1/2074 1724/1/2074
f 1724/1/2074 1725/1/2074 1722/1/2074
f 1726/1/2603 1727/1/2603 1723/1/2073
f 1723/1/2073 1722/1/2073 1726/1/2603
f 1723/1/2076 1728/1/2076 1729/1/2076
f 1729/1/2076 1724/1/2076 1723/1/2076
f 1727/1/2075 1730/1/2075 1728/1/2075
f 1728/1/2075 1723/1/2075 1727/1/2075
f 1725/1/2083 1731/1/2083 421/1/2604
f 421/1/2604 420/1/2083 1725/1/2083
f 430/1/2082 1722/1/2082 1725/1/2082
f 1725/1/2082 420/1/2082 430/1/2082
f 430/1/2080 429/1/2080 1726/1/2080
f 1726/1/2080 1722/1/2080 430/1/2080
f 429/1/2077 401/1/2077 1707/1/2077
f 1707/1/2077 1726/1/2077 429/1/2077
f 1727/1/2101 1726/1/2101 1707/1/2101
f 1707/1/2101 1709/1/2101 1727/1/2101
f 1708/1/2605 1730/1/2605 1727/1/2605
f 1727/1/2605 1709/1/2605 1708/1/2605
f 1708/1/2096 1016/1/2096 1039/1/2096
f 1039/1/2096 1730/1/2096 1708/1/2096
f 1730/1/2091 1039/1/2091 1038/1/2091
f 1038/1/2091 1728/1/2091 1730/1/2091
f 1728/1/2606 1038/1/2090 1037/1/2606
f 1037/1/2606 1729/1/2606 1728/1/2606
f 1729/1/2607 1037/1/2607 1036/1/2607
f 1036/1/2607 1732/1/2607 1729/1/2607
f 1733/1/2608 1724/1/2086 1729/1/2086
f 1729/1/2086 1732/1/2609 1733/1/2608
f 1724/1/2085 1733/1/2085 1731/1/2610
f 1731/1/2610 1725/1/2085 1724/1/2085
f 1734/1/2611 1735/1/2611 1736/1/2611
f 1736/1/2611 1737/1/2611 1734/1/2611
f 1738/1/2612 1739/1/2612 1735/1/2613
f 1735/1/2613 1734/1/2612 1738/1/2612
f 1735/1/2614 1740/1/2615 1741/1/2614
f 1741/1/2614 1736/1/2616 1735/1/2614
f 1742/1/2617 1740/1/2617 1735/1/2617
f 1735/1/2617 1739/1/2617 1742/1/2617
f 1719/1/2618 306/1/2619 328/1/2619
f 328/1/2619 1737/1/2620 1719/1/2618
f 1737/1/2621 328/1/2622 327/1/2621
f 327/1/2621 1734/1/2621 1737/1/2621
f 1738/1/2623 1734/1/2623 327/1/2623
f 327/1/2623 325/1/2624 1738/1/2623
f 1738/1/2625 325/1/2625 326/1/2625
f 326/1/2625 1743/1/2625 1738/1/2625
f 1743/1/2626 1744/1/2626 1739/1/2626
f 1739/1/2626 1738/1/2626 1743/1/2626
f 1742/1/2627 1739/1/2627 1744/1/2627
f 1744/1/2627 1745/1/2627 1742/1/2627
f 943/1/2628 942/1/2628 1742/1/2628
f 1742/1/2628 1745/1/2628 943/1/2628
f 1742/1/2629 942/1/2629 941/1/2629
f 941/1/2629 1740/1/2629 1742/1/2629
f 941/1/2630 940/1/2630 1741/1/2630
f 1741/1/2630 1740/1/2631 941/1/2630
f 940/1/2632 923/1/2632 1721/1/2633
f 1721/1/2633 1741/1/2632 940/1/2632
f 1720/1/2634 1736/1/2634 1741/1/2634
f 1741/1/2634 1721/1/2634 1720/1/2634
f 1736/1/2635 1720/1/2636 1719/1/2636
f 1719/1/2636 1737/1/2636 1736/1/2635
f 1746/1/2144 1747/1/2144 1748/1/2144
f 1748/1/2144 1749/1/2144 1746/1/2144
f 1750/1/2142 1751/1/2142 1747/1/2142
f 1747/1/2142 1746/1/2142 1750/1/2142
f 1747/1/2148 1752/1/2148 1753/1/2148
f 1753/1/2148 1748/1/2148 1747/1/2148
f 1751/1/2637 1754/1/2637 1752/1/2637
f 1752/1/2637 1747/1/2146 1751/1/2637
f 1749/1/2638 1755/1/2639 441/1/2640
f 441/1/2640 440/1/2153 1749/1/2638
f 450/1/2151 1746/1/2151 1749/1/2641
f 1749/1/2641 440/1/2151 450/1/2151
f 450/1/2150 449/1/2150 1750/1/2150
f 1750/1/2150 1746/1/2150 450/1/2150
f 449/1/2149 421/1/2149 1731/1/2149
f 1731/1/2149 1750/1/2149 449/1/2149
f 1751/1/2169 1750/1/2169 1731/1/2167
f 1731/1/2167 1733/1/2169 1751/1/2169
f 1732/1/2164 1754/1/2164 1751/1/2642
f 1751/1/2642 1733/1/2164 1732/1/2164
f 1732/1/2643 1036/1/2643 1059/1/2643
f 1059/1/2643 1754/1/2643 1732/1/2643
f 1754/1/2161 1059/1/2161 1058/1/2161
f 1058/1/2161 1752/1/2161 1754/1/2161
f 1752/1/2159 1058/1/2159 1057/1/2159
f 1057/1/2159 1753/1/2159 1752/1/2159
f 1753/1/2158 1057/1/2158 1056/1/2158
f 1056/1/2158 1756/1/2158 1753/1/2158
f 1757/1/2644 1748/1/2156 1753/1/2645
f 1753/1/2645 1756/1/2156 1757/1/2644
f 1748/1/2646 1757/1/2646 1755/1/2646
f 1755/1/2646 1749/1/2646 1748/1/2646
f 1758/1/1738 1759/1/2647 1760/1/1738
f 1760/1/1738 1761/1/2648 1758/1/1738
f 1762/1/1737 1763/1/1737 1759/1/2649
f 1759/1/2649 1758/1/1737 1762/1/1737
f 1759/1/1743 1764/1/1743 1765/1/1743
f 1765/1/1743 1760/1/1743 1759/1/1743
f 1766/1/1740 1764/1/1740 1759/1/1740
f 1759/1/1740 1763/1/1740 1766/1/1740
f 1743/1/2650 326/1/2651 348/1/1751
f 348/1/1751 1761/1/1751 1743/1/2650
f 1761/1/2652 348/1/2652 347/1/2652
f 347/1/2652 1758/1/2652 1761/1/2652
f 1762/1/1745 1758/1/1745 347/1/1745
f 347/1/1745 345/1/1745 1762/1/1745
f 1762/1/1744 345/1/1744 346/1/2653
f 346/1/2653 1767/1/2654 1762/1/1744
f 1767/1/1765 1768/1/1765 1763/1/1765
f 1763/1/1765 1762/1/1765 1767/1/1765
f 1766/1/1764 1763/1/1764 1768/1/2655
f 1768/1/2655 1769/1/1764 1766/1/1764
f 963/1/2656 962/1/1761 1766/1/1761
f 1766/1/1761 1769/1/1761 963/1/2656
f 1766/1/1759 962/1/1759 961/1/2657
f 961/1/2657 1764/1/1759 1766/1/1759
f 961/1/1757 960/1/2658 1765/1/2659
f 1765/1/2659 1764/1/1757 961/1/1757
f 960/1/1755 943/1/1755 1745/1/1755
f 1745/1/1755 1765/1/1755 960/1/1755
f 1744/1/1754 1760/1/2660 1765/1/1754
f 1765/1/1754 1745/1/1754 1744/1/1754
f 1743/1/1752 1761/1/1752 1760/1/1752
f 1760/1/1752 1744/1/1752 1743/1/1752
f 1770/1/2661 1771/1/2224 1772/1/2661
f 1772/1/2661 1773/1/2224 1770/1/2661
f 1774/1/2662 1775/1/2662 1771/1/2663
f 1771/1/2663 1770/1/2662 1774/1/2662
f 1771/1/2228 1776/1/2664 1777/1/2665
f 1777/1/2665 1772/1/2665 1771/1/2228
f 1775/1/2666 1778/1/2667 1776/1/2668
f 1776/1/2668 1771/1/2669 1775/1/2666
f 1773/1/2236 1779/1/2236 461/1/2236
f 461/1/2236 460/1/2236 1773/1/2236
f 470/1/2233 1770/1/2233 1773/1/2233
f 1773/1/2233 460/1/2233 470/1/2233
f 470/1/2670 469/1/2232 1774/1/2671
f 1774/1/2671 1770/1/2672 470/1/2670
f 469/1/2230 441/1/2230 1755/1/2230
f 1755/1/2230 1774/1/2230 469/1/2230
f 1775/1/2247 1774/1/2248 1755/1/2673
f 1755/1/2673 1757/1/2247 1775/1/2247
f 1756/1/2245 1778/1/2245 1775/1/2674
f 1775/1/2674 1757/1/2245 1756/1/2245
f 1756/1/2243 1056/1/2243 1079/1/2675
f 1079/1/2675 1778/1/2243 1756/1/2243
f 1778/1/2241 1079/1/2241 1078/1/2241
f 1078/1/2241 1776/1/2241 1778/1/2241
f 1776/1/2240 1078/1/2240 1077/1/2240
f 1077/1/2240 1777/1/2240 1776/1/2240
f 1777/1/2676 1077/1/2239 1076/1/2239
f 1076/1/2239 1780/1/2239 1777/1/2676
f 1781/1/2238 1772/1/2238 1777/1/2238
f 1777/1/2238 1780/1/2238 1781/1/2238
f 1772/1/2237 1781/1/2237 1779/1/2677
f 1779/1/2677 1773/1/2237 1772/1/2237
f 1782/1/2678 1783/1/2678 1784/1/2678
f 1784/1/2678 1785/1/2678 1782/1/2678
f 1786/1/2679 1787/1/2679 1783/1/2679
f 1783/1/2679 1782/1/2679 1786/1/2679
f 1783/1/2680 1788/1/2680 1789/1/2680
f 1789/1/2680 1784/1/2680 1783/1/2680
f 1790/1/2681 1788/1/2682 1783/1/2681
f 1783/1/2681 1787/1/2681 1790/1/2681
f 1767/1/2683 346/1/2683 368/1/2683
f 368/1/2683 1785/1/2683 1767/1/2683
f 1785/1/2684 368/1/2684 367/1/2685
f 367/1/2685 1782/1/2685 1785/1/2684
f 1786/1/2686 1782/1/2687 367/1/2686
f 367/1/2686 365/1/2688 1786/1/2686
f 1786/1/2689 365/1/2690 366/1/2690
f 366/1/2690 1791/1/2690 1786/1/2689
f 1791/1/2691 1792/1/2691 1787/1/2691
f 1787/1/2691 1786/1/2691 1791/1/2691
f 1790/1/2692 1787/1/2692 1792/1/2692
f 1792/1/2692 1793/1/2692 1790/1/2692
f 983/1/2693 982/1/2693 1790/1/2693
f 1790/1/2693 1793/1/2693 983/1/2693
f 1790/1/2694 982/1/2695 981/1/2696
f 981/1/2696 1788/1/2695 1790/1/2694
f 981/1/2697 980/1/2697 1789/1/2697
f 1789/1/2697 1788/1/2697 981/1/2697
f 980/1/2698 963/1/2698 1769/1/2698
f 1769/1/2698 1789/1/2698 980/1/2698
f 1768/1/2699 1784/1/2700 1789/1/2700
f 1789/1/2700 1769/1/2700 1768/1/2699
f 1767/1/2701 1785/1/2701 1784/1/2701
f 1784/1/2701 1768/1/2701 1767/1/2701
f 1794/1/2266 1795/1/2266 1796/1/2266
f 1796/1/2266 1797/1/2266 1794/1/2266
f 1798/1/2702 1799/1/2702 1795/1/2264
f 1795/1/2264 1794/1/2702 1798/1/2702
f 1795/1/2703 1800/1/2268 1801/1/2704
f 1801/1/2704 1796/1/2705 1795/1/2703
f 1799/1/2267 1802/1/2267 1800/1/2267
f 1800/1/2267 1795/1/2267 1799/1/2267
f 1797/1/2274 1803/1/2274 481/1/2274
f 481/1/2274 480/1/2274 1797/1/2274
f 490/1/2273 1794/1/2706 1797/1/2706
f 1797/1/2706 480/1/2273 490/1/2273
f 490/1/2270 489/1/2270 1798/1/2270
f 1798/1/2270 1794/1/2270 490/1/2270
f 489/1/2269 461/1/2269 1779/1/2269
f 1779/1/2269 1798/1/2269 489/1/2269
f 1799/1/2284 1798/1/2284 1779/1/2284
f 1779/1/2284 1781/1/2284 1799/1/2284
f 1780/1/2283 1802/1/2283 1799/1/2283
f 1799/1/2283 1781/1/2283 1780/1/2283
f 1780/1/2282 1076/1/2282 1099/1/2282
f 1099/1/2282 1802/1/2282 1780/1/2282
f 1802/1/2707 1099/1/2707 1098/1/2707
f 1098/1/2707 1800/1/2707 1802/1/2707
f 1800/1/2279 1098/1/2279 1097/1/2279
f 1097/1/2279 1801/1/2279 1800/1/2279
f 1801/1/2278 1097/1/2278 1096/1/2278
f 1096/1/2278 1804/1/2278 1801/1/2278
f 1801/1/2276 1804/1/2276 1805/1/2708
f 1805/1/2708 1796/1/2276 1801/1/2276
f 1796/1/2275 1805/1/2275 1803/1/2275
f 1803/1/2275 1797/1/2275 1796/1/2275
f 1806/1/2709 1807/1/2709 1808/1/2709
f 1808/1/2709 1809/1/2709 1806/1/2709
f 1810/1/2710 1811/1/2711 1807/1/2712
f 1807/1/2712 1806/1/2713 1810/1/2710
f 1807/1/2714 1812/1/2715 1813/1/2715
f 1813/1/2715 1808/1/2715 1807/1/2714
f 1814/1/2716 1812/1/2717 1807/1/2718
f 1807/1/2718 1811/1/2719 1814/1/2716
f 1791/1/2720 366/1/2721 388/1/2720
f 388/1/2720 1809/1/2720 1791/1/2720
f 1809/1/2722 388/1/2722 387/1/2722
f 387/1/2722 1806/1/2722 1809/1/2722
f 1810/1/2723 1806/1/2723 387/1/2723
f 387/1/2723 385/1/2723 1810/1/2723
f 1810/1/2724 385/1/2724 386/1/2725
f 386/1/2725 1815/1/2726 1810/1/2724
f 1815/1/2727 1816/1/2727 1811/1/2727
f 1811/1/2727 1810/1/2727 1815/1/2727
f 1814/1/2728 1811/1/2728 1816/1/2728
f 1816/1/2728 1817/1/2728 1814/1/2728
f 1003/1/2729 1002/1/2730 1814/1/2730
f 1814/1/2730 1817/1/2729 1003/1/2729
f 1814/1/2731 1002/1/2732 1001/1/2732
f 1001/1/2732 1812/1/2732 1814/1/2731
f 1001/1/2733 1000/1/2733 1813/1/2733
f 1813/1/2733 1812/1/2733 1001/1/2733
f 1000/1/2734 983/1/2734 1793/1/2734
f 1793/1/2734 1813/1/2734 1000/1/2734
f 1792/1/2735 1808/1/2735 1813/1/2736
f 1813/1/2736 1793/1/2735 1792/1/2735
f 1808/1/2737 1792/1/2737 1791/1/2737
f 1791/1/2737 1809/1/2737 1808/1/2737
f 1818/1/2302 1819/1/2302 1820/1/2301
f 1820/1/2301 1821/1/2302 1818/1/2302
f 1822/1/2299 1823/1/2299 1819/1/2299
f 1819/1/2299 1818/1/2299 1822/1/2299
f 1819/1/2305 1824/1/2305 1825/1/2305
f 1825/1/2305 1820/1/2305 1819/1/2305
f 1823/1/2304 1826/1/2304 1824/1/2304
f 1824/1/2304 1819/1/2304 1823/1/2304
f 1821/1/2738 1827/1/2739 501/1/2314
f 501/1/2314 500/1/2314 1821/1/2738
f 510/1/2313 1818/1/2740 1821/1/2313
f 1821/1/2313 500/1/2312 510/1/2313
f 510/1/2741 509/1/2742 1822/1/2743
f 1822/1/2743 1818/1/2741 510/1/2741
f 509/1/2744 481/1/2307 1803/1/2745
f 1803/1/2745 1822/1/2746 509/1/2744
f 1823/1/2747 1822/1/2747 1803/1/2748
f 1803/1/2748 1805/1/2329 1823/1/2747
f 1804/1/2325 1826/1/2325 1823/1/2325
f 1823/1/2325 1805/1/2325 1804/1/2325
f 1804/1/2323 1096/1/2323 1119/1/2323
f 1119/1/2323 1826/1/2323 1804/1/2323
f 1826/1/2322 1119/1/2322 1118/1/2749
f 1118/1/2749 1824/1/2322 1826/1/2322
f 1824/1/2750 1118/1/2750 1117/1/2750
f 1117/1/2750 1825/1/2751 1824/1/2750
f 1825/1/2317 1117/1/2317 1116/1/2317
f 1116/1/2317 1828/1/2317 1825/1/2317
f 1825/1/2316 1828/1/2316 1829/1/2316
f 1829/1/2316 1820/1/2316 1825/1/2316
f 1820/1/2752 1829/1/2315 1827/1/2315
f 1827/1/2315 1821/1/2315 1820/1/2752
f 1830/1/2753 1831/1/2753 1832/1/2753
f 1832/1/2753 1833/1/2754 1830/1/2753
f 1834/1/2755 1835/1/2756 1831/1/2756
f 1831/1/2756 1830/1/2757 1834/1/2755
f 1831/1/2758 1836/1/2758 1837/1/2759
f 1837/1/2759 1832/1/2759 1831/1/2758
f 1838/1/2760 1836/1/2761 1831/1/2762
f 1831/1/2762 1835/1/2762 1838/1/2760
f 1815/1/2763 386/1/2764 408/1/2763
f 408/1/2763 1833/1/2765 1815/1/2763
f 1833/1/2766 408/1/2766 407/1/2766
f 407/1/2766 1830/1/2766 1833/1/2766
f 1834/1/2767 1830/1/2768 407/1/2768
f 407/1/2768 405/1/2768 1834/1/2767
f 1834/1/2769 405/1/2770 406/1/2769
f 406/1/2769 1839/1/2769 1834/1/2769
f 1839/1/2771 1840/1/2772 1835/1/2773
f 1835/1/2773 1834/1/2773 1839/1/2771
f 1838/1/2774 1835/1/2774 1840/1/2774
f 1840/1/2774 1841/1/2774 1838/1/2774
f 1023/1/2775 1022/1/2775 1838/1/2775
f 1838/1/2775 1841/1/2775 1023/1/2775
f 1838/1/2776 1022/1/2777 1021/1/2778
f 1021/1/2778 1836/1/2779 1838/1/2776
f 1021/1/2780 1020/1/2780 1837/1/2780
f 1837/1/2780 1836/1/2781 1021/1/2780
f 1020/1/2782 1003/1/2782 1817/1/2782
f 1817/1/2782 1837/1/2782 1020/1/2782
f 1816/1/2783 1832/1/2783 1837/1/2783
f 1837/1/2783 1817/1/2783 1816/1/2783
f 1815/1/2784 1833/1/2784 1832/1/2784
f 1832/1/2784 1816/1/2784 1815/1/2784
f 1842/1/2346 1843/1/2346 1844/1/2346
f 1844/1/2346 1845/1/2346 1842/1/2346
f 1846/1/2344 1847/1/2785 1843/1/2785
f 1843/1/2785 1842/1/2344 1846/1/2344
f 1843/1/2349 1848/1/2349 1849/1/2349
f 1849/1/2349 1844/1/2349 1843/1/2349
f 1847/1/2348 1850/1/2348 1848/1/2348
f 1848/1/2348 1843/1/2347 1847/1/2348
f 1845/1/2358 1851/1/2358 521/1/2359
f 521/1/2359 520/1/2359 1845/1/2358
f 530/1/2786 1842/1/2787 1845/1/2786
f 1845/1/2786 520/1/2788 530/1/2786
f 530/1/2354 529/1/2354 1846/1/2354
f 1846/1/2354 1842/1/2354 530/1/2354
f 529/1/2351 501/1/2351 1827/1/2351
f 1827/1/2351 1846/1/2351 529/1/2351
f 1847/1/2789 1846/1/2789 1827/1/2789
f 1827/1/2789 1829/1/2789 1847/1/2789
f 1828/1/2377 1850/1/2377 1847/1/2377
f 1847/1/2377 1829/1/2377 1828/1/2377
f 1828/1/2372 1116/1/2372 1139/1/2372
f 1139/1/2372 1850/1/2372 1828/1/2372
f 1850/1/2369 1139/1/2370 1138/1/2369
f 1138/1/2369 1848/1/2370 1850/1/2369
f 1848/1/2368 1138/1/2368 1137/1/2368
f 1137/1/2368 1849/1/2368 1848/1/2368
f 1849/1/2366 1137/1/2366 1136/1/2366
f 1136/1/2366 1852/1/2366 1849/1/2366
f 1853/1/2365 1844/1/2364 1849/1/2364
f 1849/1/2364 1852/1/2364 1853/1/2365
f 1844/1/2361 1853/1/2790 1851/1/2361
f 1851/1/2361 1845/1/2791 1844/1/2361
f 1854/1/2792 1855/1/2792 1856/1/2792
f 1856/1/2792 1857/1/2792 1854/1/2792
f 1858/1/2793 1859/1/2794 1855/1/2795
f 1855/1/2795 1854/1/2796 1858/1/2793
f 1855/1/2797 1860/1/2797 1861/1/2797
f 1861/1/2797 1856/1/2797 1855/1/2797
f 1862/1/2798 1860/1/2798 1855/1/2799
f 1855/1/2799 1859/1/2800 1862/1/2798
f 1839/1/2801 406/1/2801 428/1/2801
f 428/1/2801 1857/1/2801 1839/1/2801
f 1857/1/2802 428/1/2802 427/1/2802
f 427/1/2802 1854/1/2802 1857/1/2802
f 1858/1/2803 1854/1/2803 427/1/2804
f 427/1/2804 425/1/2803 1858/1/2803
f 1858/1/2805 425/1/2805 426/1/2806
f 426/1/2806 1863/1/2806 1858/1/2805
f 1863/1/2807 1864/1/2807 1859/1/2807
f 1859/1/2807 1858/1/2807 1863/1/2807
f 1862/1/2808 1859/1/2808 1864/1/2808
f 1864/1/2808 1865/1/2808 1862/1/2808
f 1043/1/2809 1042/1/2809 1862/1/2809
f 1862/1/2809 1865/1/2809 1043/1/2809
f 1862/1/2810 1042/1/2811 1041/1/2811
f 1041/1/2811 1860/1/2811 1862/1/2810
f 1041/1/2812 1040/1/2812 1861/1/2812
f 1861/1/2812 1860/1/2812 1041/1/2812
f 1040/1/2813 1023/1/2814 1841/1/2814
f 1841/1/2814 1861/1/2814 1040/1/2813
f 1840/1/2815 1856/1/2815 1861/1/2815
f 1861/1/2815 1841/1/2815 1840/1/2815
f 1839/1/2816 1857/1/2816 1856/1/2817
f 1856/1/2817 1840/1/2818 1839/1/2816
f 1866/1/2819 1867/1/2820 1868/1/2819
f 1868/1/2819 1869/1/2819 1866/1/2819
f 1870/1/2398 1871/1/2398 1867/1/2398
f 1867/1/2398 1866/1/2398 1870/1/2398
f 1867/1/2403 1872/1/2403 1873/1/2403
f 1873/1/2403 1868/1/2403 1867/1/2403
f 1871/1/2400 1874/1/2821 1872/1/2822
f 1872/1/2822 1867/1/2822 1871/1/2400
f 1869/1/2410 1875/1/2410 541/1/2410
f 541/1/2410 540/1/2410 1869/1/2410
f 550/1/2823 1866/1/2824 1869/1/2409
f 1869/1/2409 540/1/2409 550/1/2823
f 550/1/2406 549/1/2406 1870/1/2406
f 1870/1/2406 1866/1/2406 550/1/2406
f 549/1/2404 521/1/2404 1851/1/2404
f 1851/1/2404 1870/1/2404 549/1/2404
f 1871/1/2825 1870/1/2421 1851/1/2825
f 1851/1/2825 1853/1/2826 1871/1/2825
f 1852/1/2417 1874/1/2417 1871/1/2417
f 1871/1/2417 1853/1/2417 1852/1/2417
f 1852/1/2416 1136/1/2416 1159/1/2416
f 1159/1/2416 1874/1/2416 1852/1/2416
f 1874/1/2415 1159/1/2415 1158/1/2415
f 1158/1/2415 1872/1/2415 1874/1/2415
f 1872/1/2827 1158/1/2827 1157/1/2827
f 1157/1/2827 1873/1/2827 1872/1/2827
f 1873/1/2413 1157/1/2413 1156/1/2413
f 1156/1/2413 1876/1/2413 1873/1/2413
f 1877/1/2828 1868/1/2412 1873/1/2412
f 1873/1/2412 1876/1/2412 1877/1/2828
f 1868/1/2829 1877/1/2411 1875/1/2411
f 1875/1/2411 1869/1/2411 1868/1/2829
f 1878/1/2830 1879/1/2830 1880/1/2830
f 1880/1/2830 1881/1/2830 1878/1/2830
f 1882/1/2831 1883/1/2831 1879/1/2831
f 1879/1/2831 1878/1/2831 1882/1/2831
f 1879/1/2832 1884/1/2833 1885/1/2833
f 1885/1/2833 1880/1/2832 1879/1/2832
f 1886/1/2834 1884/1/2834 1879/1/2834
f 1879/1/2834 1883/1/2834 1886/1/2834
f 1863/1/2835 426/1/2835 448/1/2835
f 448/1/2835 1881/1/2835 1863/1/2835
f 1881/1/2836 448/1/2837 447/1/2836
f 447/1/2836 1878/1/2838 1881/1/2836
f 1882/1/2839 1878/1/2839 447/1/2839
f 447/1/2839 445/1/2839 1882/1/2839
f 1882/1/2840 445/1/2840 446/1/2840
f 446/1/2840 1887/1/2840 1882/1/2840
f 1887/1/2841 1888/1/2841 1883/1/2841
f 1883/1/2841 1882/1/2841 1887/1/2841
f 1886/1/2842 1883/1/2842 1888/1/2842
f 1888/1/2842 1889/1/2842 1886/1/2842
f 1063/1/2843 1062/1/2844 1886/1/2845
f 1886/1/2845 1889/1/2845 1063/1/2843
f 1886/1/2846 1062/1/2846 1061/1/2846
f 1061/1/2846 1884/1/2846 1886/1/2846
f 1061/1/2847 1060/1/2847 1885/1/2848
f 1885/1/2848 1884/1/2847 1061/1/2847
f 1060/1/2849 1043/1/2850 1865/1/2850
f 1865/1/2850 1885/1/2851 1060/1/2849
f 1864/1/2852 1880/1/2852 1885/1/2852
f 1885/1/2852 1865/1/2852 1864/1/2852
f 1880/1/2853 1864/1/2854 1863/1/2853
f 1863/1/2853 1881/1/2855 1880/1/2853
f 1890/1/2856 1891/1/2435 1892/1/2435
f 1892/1/2435 1893/1/2435 1890/1/2856
f 1894/1/2857 1895/1/2858 1891/1/2434
f 1891/1/2434 1890/1/2857 1894/1/2857
f 1891/1/2859 1896/1/2859 1897/1/2859
f 1897/1/2859 1892/1/2859 1891/1/2859
f 1895/1/2436 1898/1/2437 1896/1/2860
f 1896/1/2860 1891/1/2861 1895/1/2436
f 1893/1/2862 1899/1/2862 561/1/2862
f 561/1/2862 560/1/2862 1893/1/2862
f 570/1/2446 1890/1/2446 1893/1/2446
f 1893/1/2446 560/1/2446 570/1/2446
f 570/1/2863 569/1/2442 1894/1/2442
f 1894/1/2442 1890/1/2442 570/1/2863
f 569/1/2440 541/1/2440 1875/1/2440
f 1875/1/2440 1894/1/2440 569/1/2440
f 1895/1/2864 1894/1/2463 1875/1/2463
f 1875/1/2463 1877/1/2463 1895/1/2864
f 1876/1/2865 1898/1/2461 1895/1/2461
f 1895/1/2461 1877/1/2461 1876/1/2865
f 1876/1/2460 1156/1/2460 1179/1/2460
f 1179/1/2460 1898/1/2460 1876/1/2460
f 1898/1/2458 1179/1/2458 1178/1/2458
f 1178/1/2458 1896/1/2458 1898/1/2458
f 1896/1/2456 1178/1/2456 1177/1/2456
f 1177/1/2456 1897/1/2456 1896/1/2456
f 1897/1/2455 1177/1/2455 1176/1/2455
f 1176/1/2455 1900/1/2455 1897/1/2455
f 1897/1/2866 1900/1/2866 1901/1/2866
f 1901/1/2866 1892/1/2866 1897/1/2866
f 1892/1/2451 1901/1/2451 1899/1/2451
f 1899/1/2451 1893/1/2451 1892/1/2451
f 1902/1/2679 1903/1/2679 1904/1/2679
f 1904/1/2679 1905/1/2867 1902/1/2679
f 1906/1/2678 1907/1/2678 1903/1/2678
f 1903/1/2678 1902/1/2678 1906/1/2678
f 1903/1/2868 1908/1/2869 1909/1/2868
f 1909/1/2868 1904/1/2681 1903/1/2868
f 1903/1/2680 1907/1/2680 1910/1/2680
f 1910/1/2680 1908/1/2680 1903/1/2680
f 1905/1/2870 1911/1/2690 37/1/2690
f 37/1/2690 36/1/2690 1905/1/2870
f 1905/1/2871 36/1/2871 50/1/2871
f 50/1/2871 1902/1/2871 1905/1/2871
f 48/1/2872 1906/1/2873 1902/1/2872
f 1902/1/2872 50/1/2684 48/1/2872
f 1305/1/2874 1906/1/2875 48/1/2874
f 48/1/2874 49/1/2876 1305/1/2874
f 1906/1/2701 1305/1/2701 1310/1/2701
f 1310/1/2701 1907/1/2701 1906/1/2701
f 1907/1/2700 1310/1/2700 1309/1/2700
f 1309/1/2700 1910/1/2700 1907/1/2700
f 15/1/2877 14/1/2698 1910/1/2698
f 1910/1/2698 1309/1/2698 15/1/2877
f 1910/1/2697 14/1/2697 13/1/2697
f 13/1/2697 1908/1/2697 1910/1/2697
f 1909/1/2878 1908/1/2879 13/1/2878
f 13/1/2878 12/1/2878 1909/1/2878
f 12/1/2693 11/1/2693 1912/1/2880
f 1912/1/2880 1909/1/2693 12/1/2693
f 1904/1/2692 1909/1/2692 1912/1/2692
f 1912/1/2692 1913/1/2692 1904/1/2692
f 1904/1/2691 1913/1/2691 1911/1/2691
f 1911/1/2691 1905/1/2881 1904/1/2691
f 1914/1/2882 1915/1/2882 1916/1/2882
f 1916/1/2882 1917/1/2882 1914/1/2882
f 1918/1/2883 1919/1/2883 1915/1/2884
f 1915/1/2884 1914/1/2883 1918/1/2883
f 1915/1/2885 1920/1/2885 1921/1/2885
f 1921/1/2885 1916/1/2885 1915/1/2885
f 1922/1/2886 1920/1/2886 1915/1/2886
f 1915/1/2886 1919/1/1771 1922/1/2886
f 1887/1/1777 446/1/1777 468/1/1777
f 468/1/1777 1917/1/1777 1887/1/1777
f 1917/1/1776 468/1/1776 467/1/1776
f 467/1/1776 1914/1/1776 1917/1/1776
f 1918/1/2887 1914/1/1775 467/1/1775
f 467/1/1775 465/1/1775 1918/1/2887
f 1923/1/2888 1918/1/2888 465/1/2888
f 465/1/2888 466/1/1774 1923/1/2888
f 1923/1/1793 1924/1/1793 1919/1/1793
f 1919/1/1793 1918/1/1793 1923/1/1793
f 1922/1/2889 1919/1/2890 1924/1/1792
f 1924/1/1792 1925/1/1792 1922/1/2889
f 1922/1/2891 1925/1/2892 1083/1/2891
f 1083/1/2891 1082/1/2891 1922/1/2891
f 1922/1/1790 1082/1/1790 1081/1/1790
f 1081/1/1790 1920/1/1790 1922/1/1790
f 1081/1/1788 1080/1/1788 1921/1/1788
f 1921/1/1788 1920/1/1788 1081/1/1788
f 1080/1/2893 1063/1/2894 1889/1/2894
f 1889/1/2894 1921/1/2893 1080/1/2893
f 1889/1/1784 1888/1/1784 1916/1/1784
f 1916/1/1784 1921/1/1784 1889/1/1784
f 1887/1/2895 1917/1/1779 1916/1/1779
f 1916/1/1779 1888/1/1779 1887/1/2895
f 1926/1/2478 1927/1/2896 1928/1/2896
f 1928/1/2896 1929/1/2896 1926/1/2478
f 1930/1/2477 1931/1/2477 1927/1/2477
f 1927/1/2477 1926/1/2477 1930/1/2477
f 1927/1/2897 1932/1/2898 1933/1/2897
f 1933/1/2897 1928/1/2897 1927/1/2897
f 1931/1/2480 1934/1/2480 1932/1/2480
f 1932/1/2480 1927/1/2480 1931/1/2480
f 1929/1/2488 1935/1/2488 581/1/2488
f 581/1/2488 580/1/2488 1929/1/2488
f 590/1/2487 1926/1/2487 1929/1/2487
f 1929/1/2487 580/1/2487 590/1/2487
f 590/1/2899 589/1/2899 1930/1/2484
f 1930/1/2484 1926/1/2899 590/1/2899
f 589/1/2900 561/1/2482 1899/1/2901
f 1899/1/2901 1930/1/2482 589/1/2900
f 1931/1/2902 1930/1/2902 1899/1/2902
f 1899/1/2902 1901/1/2902 1931/1/2902
f 1900/1/2497 1934/1/2497 1931/1/2497
f 1931/1/2497 1901/1/2497 1900/1/2497
f 1900/1/2496 1176/1/2903 1199/1/2904
f 1199/1/2904 1934/1/2496 1900/1/2496
f 1934/1/2905 1199/1/2495 1198/1/2495
f 1198/1/2495 1932/1/2495 1934/1/2905
f 1932/1/2906 1198/1/2907 1197/1/2906
f 1197/1/2906 1933/1/2906 1932/1/2906
f 1197/1/2493 1196/1/2493 1936/1/2908
f 1936/1/2908 1933/1/2493 1197/1/2493
f 1928/1/2909 1933/1/2491 1936/1/2491
f 1936/1/2491 1937/1/2910 1928/1/2909
f 1929/1/2490 1928/1/2490 1937/1/2911
f 1937/1/2911 1935/1/2911 1929/1/2490
f 1938/1/2912 1939/1/2913 1940/1/2912
f 1940/1/2912 1941/1/2914 1938/1/2912
f 1942/1/2709 1943/1/2709 1939/1/2915
f 1939/1/2915 1938/1/2709 1942/1/2709
f 1939/1/2916 1944/1/2916 1945/1/2916
f 1945/1/2916 1940/1/2916 1939/1/2916
f 1939/1/2715 1943/1/2715 1946/1/2917
f 1946/1/2917 1944/1/2917 1939/1/2715
f 61/1/2724 60/1/2724 1941/1/2724
f 1941/1/2724 1947/1/2724 61/1/2724
f 1941/1/2723 60/1/2723 70/1/2918
f 70/1/2918 1938/1/2723 1941/1/2723
f 70/1/2919 69/1/2722 1942/1/2919
f 1942/1/2919 1938/1/2919 70/1/2919
f 1942/1/2720 69/1/2920 37/1/2921
f 37/1/2921 1911/1/2721 1942/1/2720
f 1913/1/2737 1943/1/2737 1942/1/2737
f 1942/1/2737 1911/1/2737 1913/1/2737
f 1912/1/2735 1946/1/2735 1943/1/2735
f 1943/1/2735 1913/1/2735 1912/1/2735
f 11/1/2922 679/1/2923 1946/1/2922
f 1946/1/2922 1912/1/2924 11/1/2922
f 1946/1/2925 679/1/2925 678/1/2733
f 678/1/2733 1944/1/2733 1946/1/2925
f 1945/1/2732 1944/1/2732 678/1/2926
f 678/1/2926 675/1/2732 1945/1/2732
f 675/1/2927 677/1/2927 1948/1/2927
f 1948/1/2927 1945/1/2927 675/1/2927
f 1940/1/2728 1945/1/2928 1948/1/2728
f 1948/1/2728 1949/1/2728 1940/1/2728
f 1940/1/2929 1949/1/2727 1947/1/2929
f 1947/1/2929 1941/1/2930 1940/1/2929
f 1950/1/1855 1951/1/2931 1952/1/1855
f 1952/1/1855 1953/1/1855 1950/1/1855
f 1954/1/1853 1955/1/2932 1951/1/1853
f 1951/1/1853 1950/1/1853 1954/1/1853
f 1951/1/2933 1956/1/2934 1957/1/2933
f 1957/1/2933 1952/1/2934 1951/1/2933
f 1958/1/1857 1956/1/1857 1951/1/1857
f 1951/1/1857 1955/1/1857 1958/1/1857
f 1923/1/1862 466/1/1862 488/1/2935
f 488/1/2935 1953/1/1862 1923/1/1862
f 1953/1/2936 488/1/2936 487/1/2936
f 487/1/2936 1950/1/2936 1953/1/2936
f 1954/1/1860 1950/1/1860 487/1/1860
f 487/1/1860 485/1/1860 1954/1/1860
f 1959/1/1859 1954/1/1859 485/1/1859
f 485/1/1859 486/1/2937 1959/1/1859
f 1959/1/1875 1960/1/1875 1955/1/1875
f 1955/1/1875 1954/1/1875 1959/1/1875
f 1958/1/1873 1955/1/1873 1960/1/1873
f 1960/1/1873 1961/1/1873 1958/1/1873
f 1958/1/1871 1961/1/1871 1103/1/2938
f 1103/1/2938 1102/1/1871 1958/1/1871
f 1958/1/2939 1102/1/2940 1101/1/2940
f 1101/1/2940 1956/1/2940 1958/1/2939
f 1101/1/1866 1100/1/1866 1957/1/1866
f 1957/1/1866 1956/1/1866 1101/1/1866
f 1100/1/1865 1083/1/1865 1925/1/1865
f 1925/1/1865 1957/1/1865 1100/1/1865
f 1952/1/2941 1957/1/1864 1925/1/2942
f 1925/1/2942 1924/1/1864 1952/1/2941
f 1953/1/1863 1952/1/1863 1924/1/1863
f 1924/1/1863 1923/1/1863 1953/1/1863
f 1962/1/2943 1963/1/2524 1964/1/2944
f 1964/1/2944 1965/1/2524 1962/1/2943
f 1966/1/2522 1967/1/2522 1963/1/2522
f 1963/1/2522 1962/1/2522 1966/1/2522
f 1963/1/2528 1968/1/2528 1969/1/2528
f 1969/1/2528 1964/1/2528 1963/1/2528
f 1967/1/2525 1970/1/2525 1968/1/2525
f 1968/1/2525 1963/1/2525 1967/1/2525
f 1965/1/2534 1971/1/2534 601/1/2534
f 601/1/2534 600/1/2534 1965/1/2534
f 610/1/2532 1962/1/2945 1965/1/2532
f 1965/1/2532 600/1/2532 610/1/2532
f 610/1/2531 609/1/2531 1966/1/2531
f 1966/1/2531 1962/1/2531 610/1/2531
f 609/1/2946 581/1/2530 1935/1/2947
f 1935/1/2947 1966/1/2530 609/1/2946
f 1966/1/2553 1935/1/2553 1937/1/2948
f 1937/1/2948 1967/1/2553 1966/1/2553
f 1936/1/2552 1970/1/2552 1967/1/2552
f 1967/1/2552 1937/1/2552 1936/1/2552
f 1219/1/2949 1970/1/2949 1936/1/2949
f 1936/1/2949 1196/1/2551 1219/1/2949
f 1970/1/2950 1219/1/2547 1218/1/2547
f 1218/1/2547 1968/1/2547 1970/1/2950
f 1968/1/2546 1218/1/2546 1217/1/2546
f 1217/1/2546 1969/1/2546 1968/1/2546
f 1217/1/2543 1216/1/2543 1972/1/2543
f 1972/1/2543 1969/1/2543 1217/1/2543
f 1964/1/2539 1969/1/2539 1972/1/2539
f 1972/1/2539 1973/1/2541 1964/1/2539
f 1965/1/2951 1964/1/2952 1973/1/2951
f 1973/1/2951 1971/1/2951 1965/1/2951
f 1974/1/2757 1975/1/2757 1976/1/2757
f 1976/1/2757 1977/1/2757 1974/1/2757
f 1978/1/2953 1979/1/2753 1975/1/2753
f 1975/1/2753 1974/1/2953 1978/1/2953
f 1975/1/2762 1980/1/2762 1981/1/2762
f 1981/1/2762 1976/1/2762 1975/1/2762
f 1975/1/2759 1979/1/2759 1982/1/2759
f 1982/1/2759 1980/1/2759 1975/1/2759
f 1977/1/2954 1983/1/2769 81/1/2769
f 81/1/2769 80/1/2769 1977/1/2954
f 1977/1/2955 80/1/2955 90/1/2768
f 90/1/2768 1974/1/2768 1977/1/2955
f 1974/1/2956 90/1/2956 89/1/2766
f 89/1/2766 1978/1/2766 1974/1/2956
f 89/1/2957 61/1/2765 1947/1/2958
f 1947/1/2958 1978/1/2765 89/1/2957
f 1949/1/2784 1979/1/2784 1978/1/2784
f 1978/1/2784 1947/1/2784 1949/1/2784
f 1948/1/2783 1982/1/2783 1979/1/2783
f 1979/1/2783 1949/1/2783 1948/1/2783
f 699/1/2782 1982/1/2782 1948/1/2782
f 1948/1/2782 677/1/2782 699/1/2782
f 1982/1/2780 699/1/2780 698/1/2780
f 698/1/2780 1980/1/2780 1982/1/2780
f 1981/1/2779 1980/1/2779 698/1/2779
f 698/1/2779 697/1/2779 1981/1/2779
f 697/1/2959 696/1/2775 1984/1/2775
f 1984/1/2775 1981/1/2959 697/1/2959
f 1976/1/2774 1981/1/2774 1984/1/2774
f 1984/1/2774 1985/1/2774 1976/1/2774
f 1976/1/2773 1985/1/2773 1983/1/2773
f 1983/1/2773 1977/1/2773 1976/1/2773
f 1986/1/2960 1987/1/1937 1988/1/2961
f 1988/1/2961 1989/1/1937 1986/1/2960
f 1990/1/2962 1991/1/1936 1987/1/2962
f 1987/1/2962 1986/1/1936 1990/1/2962
f 1987/1/1940 1992/1/2963 1993/1/2964
f 1993/1/2964 1988/1/1940 1987/1/1940
f 1994/1/1938 1992/1/1938 1987/1/1938
f 1987/1/1938 1991/1/1938 1994/1/1938
f 1959/1/1947 486/1/2965 508/1/1947
f 508/1/1947 1989/1/1949 1959/1/1947
f 1989/1/1946 508/1/1946 507/1/1946
f 507/1/1946 1986/1/1946 1989/1/1946
f 1990/1/2966 1986/1/2967 507/1/1944
f 507/1/1944 505/1/1944 1990/1/2966
f 1995/1/2968 1990/1/1941 505/1/1941
f 505/1/1941 506/1/1941 1995/1/2968
f 1995/1/1963 1996/1/1963 1991/1/1963
f 1991/1/1963 1990/1/1963 1995/1/1963
f 1994/1/1962 1991/1/1961 1996/1/1961
f 1996/1/1961 1997/1/1961 1994/1/1962
f 1994/1/1960 1997/1/1960 1123/1/1960
f 1123/1/1960 1122/1/1960 1994/1/1960
f 1994/1/1958 1122/1/2969 1121/1/1957
f 1121/1/1957 1992/1/1958 1994/1/1958
f 1121/1/2970 1120/1/2971 1993/1/2970
f 1993/1/2970 1992/1/1956 1121/1/2970
f 1120/1/2972 1103/1/2972 1961/1/2972
f 1961/1/2972 1993/1/1953 1120/1/2972
f 1988/1/2973 1993/1/2973 1961/1/2973
f 1961/1/2973 1960/1/2973 1988/1/2973
f 1989/1/1950 1988/1/1950 1960/1/1950
f 1960/1/1950 1959/1/1950 1989/1/1950
f 1998/1/2974 1999/1/2975 2000/1/2976
f 2000/1/2976 2001/1/2977 1998/1/2974
f 2002/1/2573 2003/1/2573 1999/1/2573
f 1999/1/2573 1998/1/2573 2002/1/2573
f 1999/1/2978 2004/1/2978 2005/1/2978
f 2005/1/2978 2000/1/2577 1999/1/2978
f 2003/1/2979 2006/1/2576 2004/1/2979
f 2004/1/2979 1999/1/2576 2003/1/2979
f 2001/1/2587 2007/1/2587 621/1/2587
f 621/1/2587 620/1/2587 2001/1/2587
f 630/1/2584 1998/1/2584 2001/1/2584
f 2001/1/2584 620/1/2584 630/1/2584
f 630/1/2582 629/1/2582 2002/1/2582
f 2002/1/2582 1998/1/2582 630/1/2582
f 629/1/2580 601/1/2580 1971/1/2580
f 1971/1/2580 2002/1/2980 629/1/2580
f 2002/1/2602 1971/1/2602 1973/1/2602
f 1973/1/2602 2003/1/2602 2002/1/2602
f 1972/1/2600 2006/1/2600 2003/1/2600
f 2003/1/2600 1973/1/2600 1972/1/2600
f 1239/1/2981 2006/1/2599 1972/1/2599
f 1972/1/2599 1216/1/2599 1239/1/2981
f 2006/1/2594 1239/1/2595 1238/1/2594
f 1238/1/2594 2004/1/2594 2006/1/2594
f 2004/1/2593 1238/1/2593 1237/1/2593
f 1237/1/2593 2005/1/2593 2004/1/2593
f 1237/1/2591 1236/1/2591 2008/1/2591
f 2008/1/2591 2005/1/2591 1237/1/2591
f 2000/1/2589 2005/1/2589 2008/1/2589
f 2008/1/2589 2009/1/2589 2000/1/2589
f 2001/1/2588 2000/1/2588 2009/1/2588
f 2009/1/2588 2007/1/2588 2001/1/2588
f 2010/1/2793 2011/1/2793 2012/1/2793
f 2012/1/2793 2013/1/2793 2010/1/2793
f 2014/1/2792 2015/1/2792 2011/1/2792
f 2011/1/2792 2010/1/2792 2014/1/2792
f 2011/1/2798 2016/1/2798 2017/1/2798
f 2017/1/2798 2012/1/2798 2011/1/2798
f 2011/1/2982 2015/1/2797 2018/1/2797
f 2018/1/2797 2016/1/2797 2011/1/2982
f 2013/1/2983 2019/1/2983 101/1/2984
f 101/1/2984 100/1/2985 2013/1/2983
f 2013/1/2803 100/1/2803 110/1/2803
f 110/1/2803 2010/1/2803 2013/1/2803
f 2014/1/2802 2010/1/2802 110/1/2802
f 110/1/2802 109/1/2802 2014/1/2802
f 109/1/2986 81/1/2801 1983/1/2801
f 1983/1/2801 2014/1/2801 109/1/2986
f 1985/1/2816 2015/1/2987 2014/1/2816
f 2014/1/2816 1983/1/2816 1985/1/2816
f 1984/1/2815 2018/1/2815 2015/1/2815
f 2015/1/2815 1985/1/2815 1984/1/2815
f 719/1/2814 2018/1/2814 1984/1/2814
f 1984/1/2814 696/1/2814 719/1/2814
f 2018/1/2988 719/1/2812 718/1/2989
f 718/1/2989 2016/1/2812 2018/1/2988
f 718/1/2811 717/1/2811 2017/1/2811
f 2017/1/2811 2016/1/2811 718/1/2811
f 717/1/2809 716/1/2809 2020/1/2809
f 2020/1/2809 2017/1/2809 717/1/2809
f 2012/1/2808 2017/1/2808 2020/1/2808
f 2020/1/2808 2021/1/2808 2012/1/2808
f 2012/1/2807 2021/1/2807 2019/1/2807
f 2019/1/2807 2013/1/2807 2012/1/2807
f 2022/1/2019 2023/1/2019 2024/1/2019
f 2024/1/2019 2025/1/2990 2022/1/2019
f 2026/1/2018 2027/1/2018 2023/1/2991
f 2023/1/2991 2022/1/2992 2026/1/2018
f 2023/1/2022 2028/1/2022 2029/1/2022
f 2029/1/2022 2024/1/2022 2023/1/2022
f 2030/1/2993 2028/1/2020 2023/1/2994
f 2023/1/2994 2027/1/2020 2030/1/2993
f 1995/1/2995 506/1/2996 528/1/2996
f 528/1/2996 2025/1/2997 1995/1/2995
f 2025/1/2027 528/1/2027 527/1/2998
f 527/1/2998 2022/1/2027 2025/1/2027
f 2026/1/2025 2022/1/2025 527/1/2025
f 527/1/2025 525/1/2025 2026/1/2025
f 525/1/2023 526/1/2999 1290/1/3000
f 1290/1/3000 2026/1/2023 525/1/2023
f 1295/1/3001 2027/1/2041 2026/1/3001
f 2026/1/3001 1290/1/2041 1295/1/3001
f 2030/1/3002 2027/1/3002 1295/1/3002
f 1295/1/3002 1294/1/2038 2030/1/3002
f 2030/1/2035 1294/1/2035 1143/1/2035
f 1143/1/2035 1142/1/3003 2030/1/2035
f 2030/1/3004 1142/1/3005 1141/1/3004
f 1141/1/3004 2028/1/2034 2030/1/3004
f 1141/1/3006 1140/1/3007 2029/1/2032
f 2029/1/2032 2028/1/2033 1141/1/3006
f 1140/1/2031 1123/1/3008 1997/1/3009
f 1997/1/3009 2029/1/2031 1140/1/2031
f 2024/1/2030 2029/1/2030 1997/1/3010
f 1997/1/3010 1996/1/2030 2024/1/2030
f 2025/1/3011 2024/1/2029 1996/1/2029
f 1996/1/2029 1995/1/2029 2025/1/3011
f 2031/1/2612 2032/1/3012 2033/1/2612
f 2033/1/2612 2034/1/2612 2031/1/2612
f 2035/1/2611 2036/1/2611 2032/1/2611
f 2032/1/2611 2031/1/2611 2035/1/2611
f 2032/1/3013 2037/1/2617 2038/1/3013
f 2038/1/3013 2033/1/2617 2032/1/3013
f 2036/1/3014 2039/1/3015 2037/1/3014
f 2037/1/3014 2032/1/2614 2036/1/3014
f 2034/1/3016 1306/1/2625 641/1/2625
f 641/1/2625 640/1/3016 2034/1/3016
f 650/1/3017 2031/1/2623 2034/1/2623
f 2034/1/2623 640/1/2623 650/1/3017
f 650/1/2621 649/1/2621 2035/1/2621
f 2035/1/2621 2031/1/2621 650/1/2621
f 649/1/3018 621/1/3018 2007/1/3018
f 2007/1/3018 2035/1/3018 649/1/3018
f 2035/1/2636 2007/1/2636 2009/1/2636
f 2009/1/2636 2036/1/2636 2035/1/2636
f 2008/1/2634 2039/1/3019 2036/1/2634
f 2036/1/2634 2009/1/2634 2008/1/2634
f 1259/1/2632 2039/1/2632 2008/1/2632
f 2008/1/2632 1236/1/2632 1259/1/2632
f 2039/1/2630 1259/1/2630 1258/1/2630
f 1258/1/2630 2037/1/2630 2039/1/2630
f 2037/1/2629 1258/1/2629 1257/1/2629
f 1257/1/2629 2038/1/2629 2037/1/2629
f 1257/1/3020 1256/1/3021 1308/1/3020
f 1308/1/3020 2038/1/3020 1257/1/3020
f 2038/1/2627 1308/1/2627 1307/1/2627
f 1307/1/2627 2033/1/2627 2038/1/2627
f 2034/1/2626 2033/1/2626 1307/1/2626
f 1307/1/2626 1306/1/2626 2034/1/2626
f 2040/1/2831 2041/1/2831 2042/1/2831
f 2042/1/2831 2043/1/2831 2040/1/2831
f 2044/1/3022 2045/1/2830 2041/1/2830
f 2041/1/2830 2040/1/3023 2044/1/3022
f 2041/1/3024 2046/1/2834 2047/1/2834
f 2047/1/2834 2042/1/2834 2041/1/3024
f 2041/1/2832 2045/1/2833 2048/1/2832
f 2048/1/2832 2046/1/2832 2041/1/2832
f 2043/1/2840 1321/1/2840 121/1/2840
f 121/1/2840 120/1/2840 2043/1/2840
f 2043/1/2839 120/1/2839 130/1/2839
f 130/1/2839 2040/1/2839 2043/1/2839
f 2044/1/3025 2040/1/2836 130/1/3025
f 130/1/3025 129/1/2838 2044/1/3025
f 129/1/3026 101/1/3026 2019/1/3027
f 2019/1/3027 2044/1/3028 129/1/3026
f 2021/1/3029 2045/1/3029 2044/1/2853
f 2044/1/2853 2019/1/2855 2021/1/3029
f 2020/1/2852 2048/1/2852 2045/1/2852
f 2045/1/2852 2021/1/2852 2020/1/2852
f 739/1/2850 2048/1/2850 2020/1/2850
f 2020/1/2850 716/1/3030 739/1/2850
f 2048/1/2847 739/1/2847 738/1/2847
f 738/1/2847 2046/1/2847 2048/1/2847
f 738/1/3031 737/1/2846 2047/1/3032
f 2047/1/3032 2046/1/2846 738/1/3031
f 737/1/3033 736/1/2844 1323/1/2844
f 1323/1/2844 2047/1/2844 737/1/3033
f 1323/1/2842 1322/1/2842 2042/1/2842
f 2042/1/2842 2047/1/2842 1323/1/2842
f 2043/1/3034 2042/1/2841 1322/1/2841
f 1322/1/2841 1321/1/2841 2043/1/3034
o C_rculo_006_C_rculo_007
v -0.395849 1.005244 -0.395821
v -0.323949 1.036044 -0.388121
v -0.254849 1.065544 -0.365321
v -0.191149 1.092844 -0.328321
v -0.135249 1.116744 -0.278421
v -0.089449 1.136344 -0.217721
v -0.055349 1.150944 -0.148421
v -0.034449 1.159844 -0.073221
v -0.027349 1.162944 0.004979
v -0.034449 1.159844 0.083179
v -0.055349 1.150944 0.158379
v -0.089449 1.136344 0.227679
v -0.135249 1.116744 0.288479
v -0.191149 1.092844 0.338279
v -0.254849 1.065544 0.375379
v -0.323949 1.036044 0.398179
v -0.395849 1.005244 0.405879
v -0.467749 0.974444 0.398179
v -0.536949 0.944944 0.375379
v -0.600649 0.917644 0.338279
v -0.656449 0.893744 0.288479
v -0.702349 0.874144 0.227679
v -0.736349 0.859544 0.158379
v -0.757349 0.850644 0.083179
v -0.764449 0.847544 0.004979
v -0.757349 0.850644 -0.073221
v -0.736349 0.859544 -0.148421
v -0.702349 0.874144 -0.217721
v -0.656449 0.893744 -0.278421
v -0.467749 0.974444 -0.388121
v -0.600649 0.917644 -0.328321
v -0.536949 0.944944 -0.365321
v -0.705649 0.729744 0.083179
v -0.659049 0.710544 0.076179
v -0.665449 0.707744 0.004979
v -0.712649 0.726644 0.004979
v -0.485149 0.824044 0.375379
v -0.548949 0.796744 0.338279
v -0.344149 0.884344 -0.395821
v -0.416049 0.853644 -0.388121
v -0.083549 0.995844 -0.278421
v -0.037749 1.015444 -0.217721
v -0.416049 0.853644 0.398179
v -0.485149 0.824044 -0.365321
v -0.139349 0.971944 -0.328321
v -0.344149 0.884344 0.405879
v -0.548949 0.796744 -0.328321
v -0.203149 0.944744 -0.365321
v -0.272249 0.915144 0.398179
v -0.604749 0.772844 -0.278421
v -0.272249 0.915143 -0.388121
v -0.203149 0.944744 0.375379
v -0.650549 0.753244 -0.217721
v -0.139349 0.971944 0.338279
v -0.684649 0.738644 -0.148421
v -0.083549 0.995844 0.288479
v -0.705649 0.729744 -0.073221
v -0.037749 1.015444 0.227679
v -0.003649 1.030044 0.158379
v 0.017351 1.039044 0.083179
v -0.684649 0.738644 0.158379
v 0.024351 1.042044 0.004979
v -0.650549 0.753244 0.227679
v 0.017351 1.039044 -0.073221
v -0.604749 0.772844 0.288479
v -0.003649 1.030044 -0.148421
v -0.567249 0.749844 0.263079
v -0.578849 0.723744 0.283979
v -0.623949 0.704444 0.224179
v -0.608949 0.731944 0.207779
v -0.000949 0.992044 0.076179
v -0.020049 0.983944 0.144679
v -0.639949 0.718644 0.144679
v 0.005451 0.994844 0.004979
v -0.000949 0.992044 -0.066121
v -0.020049 0.983944 -0.134621
v -0.516349 0.771544 0.308379
v -0.051049 0.970644 -0.197721
v -0.458349 0.796344 0.342179
v -0.395449 0.823244 -0.352921
v -0.330049 0.851244 -0.359921
v -0.092749 0.952744 -0.253021
v -0.395449 0.823244 0.362879
v -0.458349 0.796344 -0.332121
v -0.143649 0.931044 -0.298421
v -0.330049 0.851244 0.369879
v -0.516349 0.771544 -0.298421
v -0.201649 0.906244 -0.332121
v -0.264549 0.879344 0.362879
v -0.567249 0.749844 -0.253021
v -0.264549 0.879344 -0.352921
v -0.201649 0.906244 0.342179
v -0.608949 0.731944 -0.197721
v -0.143649 0.931044 0.308379
v -0.639949 0.718644 -0.134621
v -0.092749 0.952744 0.263079
v -0.659049 0.710544 -0.066121
v -0.051049 0.970644 0.207779
v -0.461149 0.774144 0.369479
v -0.393149 0.803244 0.391879
v -0.333549 0.663844 0.391879
v -0.401549 0.634744 0.369479
v 0.012651 0.976844 -0.145921
v 0.033351 0.985644 -0.071921
v -0.523849 0.747244 0.332979
v -0.020849 0.962444 -0.214121
v -0.393149 0.803244 -0.381821
v -0.322349 0.833444 -0.389421
v -0.065949 0.943144 -0.273921
v -0.461149 0.774144 -0.359421
v -0.120849 0.919644 -0.322921
v -0.322349 0.833444 0.399479
v -0.523849 0.747244 -0.322921
v -0.183549 0.892844 -0.359421
v -0.251649 0.863744 0.391879
v -0.578849 0.723744 -0.273921
v -0.251649 0.863744 -0.381821
v -0.183549 0.892844 0.369479
v -0.623949 0.704444 -0.214121
v -0.120849 0.919644 0.332979
v -0.657449 0.690144 -0.145921
v -0.065949 0.943144 0.283979
v -0.678049 0.681344 -0.071921
v -0.020849 0.962444 0.224179
v -0.685049 0.678344 0.004979
v 0.012651 0.976844 0.155979
v -0.678049 0.681344 0.081979
v 0.033351 0.985644 0.081979
v -0.657449 0.690144 0.155979
v 0.040251 0.988644 0.004979
v -0.123949 0.753444 0.369479
v -0.122449 0.708744 0.330479
v -0.183149 0.682744 0.350479
v -0.191949 0.724344 0.391879
v -0.401549 0.634744 -0.359421
v -0.333549 0.663844 -0.381821
v -0.061249 0.780344 -0.322921
v -0.006349 0.803844 -0.273921
v -0.262749 0.694144 0.399479
v -0.464249 0.607944 -0.322921
v -0.123949 0.753444 -0.359421
v -0.519149 0.584344 -0.273921
v -0.191949 0.724344 -0.381821
v -0.564249 0.565044 -0.214121
v -0.262749 0.694144 -0.389421
v -0.061249 0.780344 0.332979
v -0.597849 0.550744 -0.145921
v -0.006349 0.803844 0.283979
v -0.618449 0.541944 -0.071921
v 0.038751 0.823144 0.224179
v -0.625449 0.538944 0.004979
v 0.072351 0.837444 0.155979
v -0.618449 0.541944 0.081979
v 0.092951 0.846244 0.081979
v -0.597849 0.550744 0.155979
v 0.099951 0.849244 0.004979
v -0.564249 0.565044 0.224179
v 0.092951 0.846244 -0.071921
v -0.519149 0.584344 0.283979
v 0.072351 0.837444 -0.145921
v -0.464249 0.607944 0.332979
v 0.038751 0.823144 -0.214121
v 0.022951 0.770944 0.200679
v 0.073751 0.739244 0.223579
v 0.028751 0.720044 0.283179
v -0.017349 0.753744 0.254079
v -0.515649 0.540544 -0.190721
v -0.475349 0.557744 -0.244021
v -0.183149 0.682744 -0.340521
v -0.246349 0.655744 -0.347221
v -0.066449 0.732744 0.297879
v -0.545549 0.527744 -0.129821
v -0.563949 0.519844 -0.063721
v -0.570249 0.517244 0.004979
v 0.052851 0.783744 0.139779
v -0.563949 0.519844 0.073779
v 0.071251 0.791644 0.073779
v -0.545549 0.527744 0.139779
v 0.077551 0.794344 0.004979
v -0.515649 0.540544 0.200679
v 0.071251 0.791644 -0.063721
v -0.475349 0.557744 0.254079
v 0.052851 0.783744 -0.129821
v -0.426249 0.578744 0.297879
v 0.022951 0.770944 -0.190721
v -0.370249 0.602744 0.330479
v -0.309549 0.628744 -0.340521
v -0.017349 0.753744 -0.244021
v -0.309549 0.628744 0.350479
v -0.370249 0.602744 -0.320421
v -0.066449 0.732744 -0.287921
v -0.246349 0.655744 0.357279
v -0.426249 0.578744 -0.287921
v -0.122449 0.708744 -0.320421
v 0.193651 0.627644 0.004979
v 0.186651 0.624644 0.081779
v 0.127751 0.762344 0.081779
v 0.134651 0.765344 0.004979
v -0.581749 0.458844 -0.071721
v -0.588749 0.455844 0.004979
v 0.107151 0.753544 0.155579
v -0.581749 0.458844 0.081779
v -0.561249 0.467644 0.155579
v -0.527749 0.481944 0.223579
v 0.127751 0.762344 -0.071721
v -0.482749 0.501144 0.283179
v 0.107151 0.753544 -0.145521
v -0.427949 0.524644 0.332179
v 0.073751 0.739244 -0.213521
v -0.365449 0.551344 0.368479
v -0.297549 0.580444 -0.380821
v -0.227049 0.610544 -0.388421
v 0.028751 0.720044 -0.273221
v -0.297549 0.580444 0.390879
v -0.365449 0.551344 -0.358421
v -0.026049 0.696544 -0.322121
v -0.227049 0.610544 0.398479
v -0.427949 0.524644 -0.322121
v -0.088549 0.669844 -0.358421
v -0.156449 0.640744 0.390879
v -0.482749 0.501144 -0.273221
v -0.156449 0.640744 -0.380821
v -0.088549 0.669844 0.368479
v -0.527749 0.481944 -0.213521
v -0.026049 0.696544 0.332179
v -0.561249 0.467644 -0.145521
v 0.132651 0.601544 -0.213521
v 0.116651 0.521644 -0.182921
v 0.145951 0.532344 -0.124421
v 0.166051 0.615844 -0.145521
v -0.468849 0.344244 0.223579
v -0.502249 0.329944 0.155579
v 0.186651 0.624644 -0.071721
v -0.423849 0.363444 0.283179
v -0.369049 0.386944 0.332179
v -0.306549 0.413644 0.368479
v -0.238649 0.442644 -0.380821
v -0.168149 0.472844 -0.388421
v 0.087651 0.582344 -0.273221
v -0.238649 0.442644 0.390879
v -0.306549 0.413644 -0.358421
v 0.032851 0.558844 -0.322121
v -0.168149 0.472844 0.398479
v -0.369049 0.386944 -0.322121
v -0.029649 0.532144 -0.358421
v -0.097549 0.503044 0.390879
v -0.423849 0.363444 -0.273221
v -0.097549 0.503044 -0.380821
v -0.029649 0.532144 0.368479
v -0.468849 0.344244 -0.213521
v 0.032851 0.558844 0.332179
v -0.502249 0.329944 -0.145521
v 0.087651 0.582344 0.283179
v -0.522849 0.321144 -0.071721
v 0.132651 0.601544 0.223579
v -0.529849 0.318144 0.004979
v 0.166051 0.615844 0.155579
v -0.522849 0.321144 0.081779
v 0.225351 0.517544 0.080979
v 0.204551 0.509844 0.154079
v 0.145951 0.532344 0.134479
v 0.164051 0.538944 0.070979
v -0.269049 0.380144 0.317579
v -0.324049 0.360044 0.286379
v -0.209449 0.402044 -0.326821
v -0.147549 0.424744 -0.333321
v 0.077151 0.507144 -0.234221
v -0.209449 0.402044 0.336879
v -0.269049 0.380144 -0.307621
v 0.028951 0.489444 -0.276321
v -0.147549 0.424744 0.343379
v -0.324049 0.360044 -0.276321
v -0.025949 0.469344 -0.307621
v -0.085549 0.447444 0.336879
v -0.372149 0.342444 -0.234221
v -0.085549 0.447444 -0.326821
v -0.025949 0.469344 0.317579
v -0.411649 0.327944 -0.182921
v 0.028951 0.489444 0.286379
v -0.441049 0.317144 -0.124421
v 0.077151 0.507144 0.244279
v -0.459049 0.310544 -0.061021
v 0.116651 0.521644 0.192979
v -0.465149 0.308344 0.004979
v -0.459049 0.310544 0.070979
v -0.441049 0.317144 0.134479
v 0.170151 0.541244 0.004979
v -0.411649 0.327944 0.192979
v 0.164051 0.538944 -0.061021
v -0.372149 0.342444 0.244279
v 0.204551 0.509844 -0.144021
v 0.252851 0.377944 -0.144021
v 0.273651 0.385644 -0.070921
v 0.225351 0.517544 -0.070921
v -0.471149 0.262144 0.154079
v -0.491949 0.254544 0.080979
v 0.232351 0.520144 0.004979
v -0.437349 0.274544 0.221379
v -0.391849 0.291244 0.280379
v -0.336449 0.311544 0.328879
v 0.170751 0.497544 -0.211321
v -0.273249 0.334744 0.364879
v -0.204649 0.359844 -0.377021
v -0.133349 0.386044 -0.384421
v 0.125251 0.480844 -0.270421
v -0.204649 0.359844 0.386979
v -0.273249 0.334744 -0.354821
v 0.069851 0.460544 -0.318821
v -0.133349 0.386044 0.394479
v -0.336449 0.311544 -0.318821
v 0.006651 0.437344 -0.354821
v -0.061949 0.412144 0.386979
v -0.391849 0.291244 -0.270421
v -0.061949 0.412144 -0.377021
v 0.006651 0.437344 0.364879
v -0.437349 0.274544 -0.211321
v 0.069851 0.460544 0.328879
v -0.471149 0.262144 -0.144021
v 0.125251 0.480844 0.280379
v -0.491949 0.254544 -0.070921
v 0.170751 0.497544 0.221379
v -0.499049 0.251944 0.004979
v 0.161251 0.266444 -0.230821
v 0.173651 0.348944 -0.270421
v 0.118251 0.328544 -0.318821
v 0.112851 0.251844 -0.272221
v -0.288149 0.179644 0.328879
v -0.343549 0.159344 0.280379
v 0.219051 0.365544 -0.211321
v -0.224849 0.202844 0.364879
v -0.156249 0.227944 -0.377021
v -0.084949 0.254144 -0.384421
v -0.156249 0.227944 0.386979
v -0.224849 0.202844 -0.354821
v -0.084949 0.254144 0.394479
v -0.288149 0.179644 -0.318821
v 0.054951 0.305444 -0.354821
v -0.013649 0.280244 0.386979
v -0.343549 0.159344 -0.270421
v -0.013649 0.280244 -0.377021
v 0.054951 0.305444 0.364879
v -0.389049 0.142644 -0.211321
v 0.118251 0.328544 0.328879
v -0.422849 0.130244 -0.144021
v 0.173651 0.348944 0.280379
v -0.443649 0.122644 -0.070921
v 0.219051 0.365544 0.221379
v -0.450649 0.120044 0.004979
v 0.252851 0.377944 0.154079
v -0.443649 0.122644 0.080979
v 0.273651 0.385644 0.080979
v -0.422849 0.130244 0.154079
v 0.280751 0.388144 0.004979
v -0.389049 0.142644 0.221379
v -0.053149 0.160544 -0.372121
v 0.017351 0.181844 -0.364921
v -0.002249 0.217144 -0.322021
v -0.064549 0.198344 -0.328421
v -0.064549 0.198344 0.338479
v -0.126849 0.179644 0.332079
v -0.241949 0.144944 -0.272221
v -0.186749 0.161544 -0.303021
v 0.057651 0.235244 -0.303021
v -0.002249 0.217144 0.332079
v -0.290249 0.130344 -0.230821
v 0.057651 0.235244 0.313079
v -0.329949 0.118344 -0.180221
v 0.112851 0.251844 0.282279
v -0.359449 0.109444 -0.122621
v 0.161251 0.266444 0.240779
v -0.377649 0.104044 -0.060021
v 0.200951 0.278344 0.190279
v -0.383849 0.102144 0.004979
v 0.230451 0.287244 0.132579
v -0.377649 0.104044 0.070079
v 0.248651 0.292744 0.070079
v -0.359449 0.109444 0.132579
v 0.254751 0.294644 0.004979
v -0.329949 0.118344 0.190279
v 0.248651 0.292744 -0.060021
v -0.290249 0.130344 0.240779
v 0.230451 0.287244 -0.122621
v -0.241949 0.144944 0.282279
v 0.200951 0.278344 -0.180221
v -0.186749 0.161544 0.313079
v -0.126849 0.179644 -0.322021
v 0.280451 0.261144 0.149379
v 0.317751 0.137444 0.149379
v 0.284351 0.127344 0.214579
v 0.247151 0.251044 0.214579
v 0.147451 0.221044 0.318579
v 0.085051 0.202244 0.353479
v -0.353349 0.070044 -0.204521
v -0.386749 0.060044 -0.139321
v 0.202251 0.237544 0.271679
v -0.407249 0.053844 -0.068521
v -0.414249 0.051744 0.004979
v -0.407249 0.053844 0.078579
v 0.301051 0.267344 0.078579
v -0.386749 0.060044 0.149379
v 0.307951 0.269444 0.004979
v -0.353349 0.070044 0.214579
v 0.301051 0.267344 -0.068521
v -0.308449 0.083644 0.271679
v 0.280451 0.261144 -0.139321
v -0.253749 0.100144 0.318579
v 0.247151 0.251044 -0.204521
v -0.191349 0.118944 0.353479
v -0.123549 0.139344 -0.364921
v 0.202251 0.237544 -0.261621
v -0.123549 0.139344 0.374879
v -0.191349 0.118944 -0.343421
v 0.147451 0.221044 -0.308521
v -0.053149 0.160544 0.382179
v -0.253749 0.100144 -0.308521
v 0.085051 0.202244 -0.343421
v 0.017351 0.181844 0.374879
v -0.308449 0.083644 -0.261621
v 0.306351 0.058044 0.004979
v 0.345251 0.145744 0.004979
v 0.338351 0.143644 -0.068521
v 0.300451 0.056744 -0.056521
v -0.370049 -0.069856 0.078579
v -0.376949 -0.071956 0.004979
v 0.338351 0.143644 0.078579
v -0.349449 -0.063656 0.149379
v -0.316049 -0.053556 0.214579
v -0.271149 -0.040056 0.271679
v 0.317751 0.137444 -0.139321
v -0.216449 -0.023556 0.318579
v 0.284351 0.127344 -0.204521
v -0.154049 -0.004756 0.353479
v -0.015849 0.036844 -0.372121
v -0.086249 0.015644 -0.364921
v 0.239451 0.113844 -0.261621
v -0.086249 0.015644 0.374879
v -0.154049 -0.004756 -0.343421
v 0.184751 0.097344 -0.308521
v -0.015849 0.036844 0.382179
v -0.216449 -0.023556 -0.308521
v 0.122351 0.078544 -0.343421
v 0.054551 0.058144 0.374879
v -0.271149 -0.040056 -0.261621
v 0.054551 0.058144 -0.364921
v 0.122351 0.078544 0.353479
v -0.316049 -0.053556 -0.204521
v 0.184751 0.097344 0.318579
v -0.349449 -0.063656 -0.139321
v 0.239451 0.113844 0.271679
v -0.370049 -0.069856 -0.068521
v -0.002149 -0.008456 -0.310621
v -0.062349 -0.021456 -0.304521
v -0.059349 -0.081056 -0.352621
v 0.010251 -0.066056 -0.359621
v -0.220349 -0.055556 0.228179
v -0.258749 -0.063756 0.180379
v 0.282851 0.052944 -0.115721
v -0.173549 -0.045456 0.267479
v 0.254351 0.046844 -0.170321
v -0.120249 -0.033956 0.296579
v 0.215951 0.038544 -0.218121
v -0.062349 -0.021456 0.314579
v -0.120249 -0.033956 -0.286521
v 0.169251 0.028444 -0.257421
v -0.002149 -0.008456 0.320579
v -0.173549 -0.045456 -0.257421
v 0.115851 0.016944 -0.286521
v 0.058051 0.004444 0.314579
v -0.220349 -0.055556 -0.218121
v 0.058051 0.004444 -0.304521
v 0.115851 0.016944 0.296579
v -0.258749 -0.063756 -0.170321
v 0.169251 0.028444 0.267479
v -0.287249 -0.069956 -0.115721
v 0.215951 0.038544 0.228179
v -0.304749 -0.073756 -0.056521
v 0.254351 0.046844 0.180379
v -0.310649 -0.074956 0.004979
v 0.282851 0.052944 0.125779
v -0.304749 -0.073756 0.066579
v 0.300451 0.056744 0.066579
v -0.287249 -0.069956 0.125779
v -0.241849 -0.120356 -0.252821
v -0.214649 -0.246356 -0.252821
v -0.160649 -0.234756 -0.298221
v -0.187849 -0.108756 -0.298221
v 0.262351 -0.011656 -0.252821
v 0.306651 -0.002156 -0.197621
v -0.059349 -0.081056 0.362679
v -0.126149 -0.095456 0.341979
v -0.126149 -0.095456 -0.331921
v 0.208251 -0.023356 -0.298221
v 0.010251 -0.066056 0.369679
v 0.146651 -0.036656 -0.331921
v 0.079751 -0.051056 0.362679
v 0.079751 -0.051056 -0.352621
v 0.146651 -0.036656 0.341979
v -0.286149 -0.129956 -0.197621
v 0.208251 -0.023356 0.308279
v -0.319149 -0.137056 -0.134521
v 0.262351 -0.011656 0.262879
v -0.339449 -0.141456 -0.066121
v 0.306651 -0.002156 0.207579
v -0.346249 -0.142956 0.004979
v 0.339551 0.004944 0.144579
v -0.339449 -0.141456 0.076179
v 0.359851 0.009344 0.076179
v -0.319149 -0.137056 0.144579
v 0.366751 0.010844 0.004979
v -0.286149 -0.129956 0.207579
v 0.359851 0.009344 -0.066121
v -0.241849 -0.120356 0.262879
v 0.339551 0.004944 -0.134521
v -0.187849 -0.108756 0.308279
v -0.252449 -0.269056 -0.054621
v -0.235349 -0.266056 -0.111921
v -0.291949 -0.263056 -0.134521
v -0.312249 -0.267356 -0.066121
v 0.106951 -0.177056 -0.352621
v 0.173851 -0.162556 -0.331921
v 0.173851 -0.162556 0.341979
v 0.106951 -0.177056 0.362679
v -0.259049 -0.255956 -0.197621
v 0.037351 -0.192056 -0.359621
v 0.235451 -0.149256 0.308279
v 0.289451 -0.137656 0.262879
v 0.333851 -0.128056 0.207579
v -0.319149 -0.268856 0.004979
v 0.366751 -0.120956 0.144579
v -0.312249 -0.267356 0.076179
v 0.387051 -0.116656 0.076179
v -0.291949 -0.263056 0.144579
v 0.393851 -0.115156 0.004979
v -0.259049 -0.255956 0.207579
v 0.387051 -0.116656 -0.066121
v -0.214649 -0.246356 0.262879
v 0.366751 -0.120956 -0.134521
v -0.160649 -0.234756 0.308279
v 0.333851 -0.128056 -0.197621
v -0.099049 -0.221456 0.341979
v -0.032149 -0.206956 -0.352621
v 0.289451 -0.137656 -0.252821
v -0.032149 -0.206956 0.362679
v -0.099049 -0.221456 -0.331921
v 0.235451 -0.149256 -0.298221
v 0.037351 -0.192056 0.369679
v -0.235349 -0.266056 0.121979
v -0.275249 -0.306956 0.141179
v -0.295149 -0.310456 0.074479
v -0.252449 -0.269056 0.064679
v 0.293351 -0.174356 0.174879
v 0.255951 -0.180856 0.221179
v -0.258249 -0.270056 0.004979
v 0.321251 -0.169556 0.121979
v 0.338351 -0.166556 0.064679
v 0.344151 -0.165556 0.004979
v -0.207449 -0.261256 0.174879
v 0.338351 -0.166556 -0.054621
v -0.170049 -0.254756 0.221179
v 0.321251 -0.169556 -0.111921
v -0.124349 -0.246856 0.259179
v 0.293351 -0.174356 -0.164821
v -0.072349 -0.237756 0.287479
v -0.015849 -0.227956 -0.294821
v 0.042951 -0.217756 -0.300621
v 0.255951 -0.180856 -0.211121
v -0.015849 -0.227956 0.304879
v -0.072349 -0.237756 -0.277421
v 0.210251 -0.188756 -0.249121
v 0.042951 -0.217756 0.310679
v -0.124349 -0.246856 -0.249121
v 0.158251 -0.197856 -0.277421
v 0.101751 -0.207656 0.304879
v -0.170049 -0.254756 -0.211121
v 0.101751 -0.207656 -0.294821
v 0.158251 -0.197856 0.287479
v -0.207449 -0.261256 -0.164821
v 0.210251 -0.188756 0.259179
v -0.146049 -0.284556 0.300879
v -0.124449 -0.409556 0.300879
v -0.177549 -0.418756 0.256579
v -0.199249 -0.293856 0.256579
v 0.399251 -0.190056 0.004979
v 0.392551 -0.191156 0.074479
v -0.242849 -0.301356 0.202679
v 0.392551 -0.191156 -0.064421
v 0.372551 -0.194656 -0.131121
v 0.340151 -0.200256 -0.192621
v -0.085449 -0.274056 0.333779
v -0.019749 -0.262656 -0.343921
v 0.048651 -0.250856 -0.350821
v 0.296551 -0.207856 -0.246621
v -0.019749 -0.262656 0.353979
v -0.085449 -0.274056 -0.323721
v 0.243451 -0.217056 -0.290821
v 0.048651 -0.250856 0.360879
v -0.146049 -0.284556 -0.290821
v 0.182851 -0.227556 -0.323721
v 0.117051 -0.238956 0.353979
v -0.199249 -0.293856 -0.246621
v 0.117051 -0.238956 -0.343921
v 0.182851 -0.227556 0.333779
v -0.242849 -0.301356 -0.192621
v 0.243451 -0.217056 0.300879
v -0.275249 -0.306956 -0.131121
v 0.296551 -0.207856 0.256579
v -0.295149 -0.310456 -0.064421
v 0.340151 -0.200256 0.202679
v -0.301949 -0.311656 0.004979
v 0.372551 -0.194656 0.141179
v 0.070351 -0.375756 0.360879
v 0.078751 -0.424456 0.315079
v 0.018451 -0.427956 0.309079
v 0.001951 -0.387556 0.353979
v 0.361851 -0.325156 -0.192621
v 0.394251 -0.319556 -0.131121
v -0.063849 -0.398956 0.333779
v 0.001951 -0.387556 -0.343921
v 0.070351 -0.375756 -0.350821
v 0.318251 -0.332756 -0.246621
v -0.063849 -0.398956 -0.323721
v 0.265151 -0.341956 -0.290821
v -0.124449 -0.409556 -0.290821
v 0.204451 -0.352456 -0.323721
v 0.138751 -0.363856 0.353979
v -0.177549 -0.418756 -0.246621
v 0.138751 -0.363856 -0.343921
v 0.204451 -0.352456 0.333779
v -0.221149 -0.426256 -0.192621
v 0.265151 -0.341956 0.300879
v -0.253549 -0.431856 -0.131121
v 0.318251 -0.332756 0.256579
v -0.273549 -0.435356 -0.064421
v 0.361851 -0.325156 0.202679
v -0.280249 -0.436556 0.004979
v 0.394251 -0.319556 0.141179
v -0.273549 -0.435356 0.074479
v 0.414151 -0.316156 0.074479
v -0.253549 -0.431856 0.141179
v 0.420951 -0.314956 0.004979
v -0.221149 -0.426256 0.202679
v 0.414151 -0.316156 -0.064421
v 0.250751 -0.414756 0.262779
v 0.274851 -0.437056 0.296879
v 0.214251 -0.440456 0.329279
v 0.197251 -0.417756 0.291479
v -0.093149 -0.434256 -0.252821
v -0.039649 -0.431256 -0.281421
v 0.197251 -0.417756 -0.281421
v 0.250751 -0.414756 -0.252821
v 0.139151 -0.421056 0.309079
v -0.140049 -0.436956 -0.214221
v 0.139151 -0.421056 -0.299121
v -0.178549 -0.439156 -0.167221
v 0.078751 -0.424456 -0.305021
v -0.207149 -0.440756 -0.113621
v 0.297651 -0.412056 0.224279
v -0.224849 -0.441756 -0.055421
v 0.336151 -0.409856 0.177279
v -0.230749 -0.442156 0.004979
v 0.364751 -0.408256 0.123679
v -0.224849 -0.441756 0.065479
v 0.382351 -0.407256 0.065479
v -0.207149 -0.440756 0.123679
v 0.388351 -0.406856 0.004979
v -0.178549 -0.439156 0.177279
v 0.382351 -0.407256 -0.055421
v -0.140049 -0.436956 0.224279
v 0.364751 -0.408256 -0.113621
v -0.093149 -0.434256 0.262779
v 0.336151 -0.409856 -0.167221
v -0.039649 -0.431256 0.291479
v 0.018451 -0.427956 -0.299121
v 0.297651 -0.412056 -0.214221
v 0.403951 -0.429656 0.139379
v 0.410951 -0.552656 0.139379
v 0.378551 -0.554556 0.200079
v 0.371551 -0.431556 0.200079
v -0.211249 -0.464756 -0.190021
v -0.243649 -0.466556 -0.129321
v 0.327951 -0.434056 0.253279
v -0.263549 -0.467656 -0.063421
v -0.270349 -0.468056 0.004979
v -0.263549 -0.467656 0.073479
v 0.423851 -0.428556 0.073479
v -0.243649 -0.466556 0.139379
v 0.430551 -0.428156 0.004979
v -0.211249 -0.464756 0.200079
v 0.423851 -0.428556 -0.063421
v -0.167649 -0.462256 0.253279
v 0.403951 -0.429656 -0.129321
v -0.114549 -0.459256 0.296879
v 0.371551 -0.431556 -0.190021
v -0.053949 -0.455756 0.329279
v 0.011751 -0.452056 -0.339221
v 0.080151 -0.448156 -0.346021
v 0.327951 -0.434056 -0.243221
v 0.011751 -0.452056 0.349279
v -0.053949 -0.455756 -0.319321
v 0.274851 -0.437056 -0.286821
v 0.080151 -0.448156 0.356079
v -0.114549 -0.459256 -0.286821
v 0.214251 -0.440456 -0.319321
v 0.148551 -0.444256 0.349279
v -0.167649 -0.462256 -0.243221
v 0.148551 -0.444256 -0.339221
v 0.430851 -0.551556 -0.063421
v 0.395351 -0.606556 -0.055921
v 0.401351 -0.606556 0.004979
v 0.437651 -0.551156 0.004979
v -0.256549 -0.590656 0.073479
v -0.263349 -0.591056 0.004979
v 0.430851 -0.551556 0.073479
v -0.236649 -0.589556 0.139379
v -0.204249 -0.587756 0.200079
v -0.160649 -0.585256 0.253279
v 0.410951 -0.552656 -0.129321
v -0.107549 -0.582256 0.296879
v 0.378551 -0.554556 -0.190021
v -0.046949 -0.578756 0.329279
v 0.087151 -0.571156 -0.346021
v 0.018751 -0.575056 -0.339221
v 0.334951 -0.557056 -0.243221
v 0.018751 -0.575056 0.349279
v -0.046949 -0.578756 -0.319321
v 0.281851 -0.560056 -0.286821
v 0.087151 -0.571156 0.356079
v -0.107549 -0.582256 -0.286821
v 0.221251 -0.563456 -0.319321
v 0.155551 -0.567256 0.349279
v -0.160649 -0.585256 -0.243221
v 0.155551 -0.567256 -0.339221
v 0.221251 -0.563456 0.329279
v -0.204249 -0.587756 -0.190021
v 0.281851 -0.560056 0.296879
v -0.236649 -0.589556 -0.129321
v 0.334951 -0.557056 0.253279
v -0.256549 -0.590656 -0.063421
v 0.280751 -0.640456 0.291579
v 0.221151 -0.640656 0.323379
v 0.208651 -0.607056 0.293379
v 0.262651 -0.606956 0.264579
v -0.131549 -0.607956 0.225779
v -0.170349 -0.608056 0.178479
v 0.377551 -0.606656 -0.114421
v -0.084249 -0.607756 0.264579
v 0.348751 -0.606656 -0.168421
v -0.030249 -0.607656 0.293379
v 0.028351 -0.607556 -0.301121
v 0.089251 -0.607356 -0.307121
v 0.309951 -0.606756 -0.215721
v 0.028351 -0.607556 0.311179
v -0.030249 -0.607656 -0.283421
v 0.262651 -0.606956 -0.254521
v 0.089251 -0.607356 0.317179
v -0.084249 -0.607756 -0.254521
v 0.208651 -0.607056 -0.283421
v 0.150151 -0.607156 0.311179
v -0.131549 -0.607956 -0.215721
v 0.150151 -0.607156 -0.301121
v -0.170349 -0.608056 -0.168421
v -0.199149 -0.608056 -0.114421
v 0.309951 -0.606756 0.225779
v -0.216949 -0.608156 -0.055921
v 0.348751 -0.606656 0.178479
v -0.222949 -0.608156 0.004979
v 0.377551 -0.606656 0.124479
v -0.216949 -0.608156 0.065879
v 0.395351 -0.606556 0.065879
v -0.199149 -0.608056 0.124479
v 0.375851 -0.640256 0.196479
v 0.407651 -0.640156 0.136879
v 0.407951 -0.705756 0.136879
v 0.376151 -0.705856 0.196479
v -0.229149 -0.641756 -0.126821
v -0.197249 -0.641656 -0.186421
v 0.332951 -0.640356 0.248679
v -0.248749 -0.641856 -0.062221
v -0.255349 -0.641856 0.004979
v -0.248749 -0.641856 0.072279
v 0.427251 -0.640056 0.072279
v -0.229149 -0.641756 0.136879
v 0.433951 -0.640056 0.004979
v -0.197249 -0.641656 0.196479
v 0.427251 -0.640056 -0.062221
v -0.154349 -0.641556 0.248679
v 0.407651 -0.640156 -0.126821
v -0.102149 -0.641456 0.291579
v 0.375851 -0.640256 -0.186421
v -0.042549 -0.641256 0.323379
v 0.022051 -0.641156 -0.333021
v 0.089251 -0.640956 -0.339621
v 0.332951 -0.640356 -0.238621
v 0.022051 -0.641156 0.342979
v -0.042549 -0.641256 -0.313421
v 0.280751 -0.640456 -0.281521
v 0.089251 -0.640956 0.349679
v -0.102149 -0.641456 -0.281521
v 0.221151 -0.640656 -0.313421
v 0.156551 -0.640756 0.342979
v -0.154349 -0.641556 -0.238621
v 0.156551 -0.640756 -0.333021
v 0.022351 -0.706756 -0.333021
v -0.042349 -0.706956 -0.313421
v -0.101849 -0.707056 -0.281521
v -0.154149 -0.707256 -0.238621
v -0.196949 -0.707356 -0.186421
v -0.228849 -0.707456 -0.126821
v -0.248449 -0.707456 -0.062221
v -0.255049 -0.707456 0.004979
v -0.248449 -0.707456 0.072279
v -0.228849 -0.707456 0.136879
v -0.196949 -0.707356 0.196479
v -0.154149 -0.707256 0.248679
v -0.101849 -0.707056 0.291579
v -0.042349 -0.706956 0.323379
v 0.022351 -0.706756 0.342979
v 0.089551 -0.706656 0.349679
v 0.156851 -0.706456 0.342979
v 0.221451 -0.706256 0.323379
v 0.281051 -0.706156 0.291579
v 0.333251 -0.705956 0.248679
v 0.427551 -0.705756 0.072279
v 0.434251 -0.705756 0.004979
v 0.427551 -0.705756 -0.062221
v 0.407951 -0.705756 -0.126821
v 0.376151 -0.705856 -0.186421
v 0.333251 -0.705956 -0.238621
v 0.281051 -0.706156 -0.281521
v 0.221451 -0.706256 -0.313421
v 0.156851 -0.706456 -0.333021
v 0.089551 -0.706656 -0.339621
vn 0.3934 -0.9194 -0.0000
vn 0.3933 -0.9194 0.0001
vn 0.3933 -0.9194 -0.0000
vn 0.3934 -0.9194 0.0001
vn 0.3931 -0.9195 0.0002
vn 0.3930 -0.9195 -0.0000
vn 0.3931 -0.9195 -0.0002
vn 0.3934 -0.9194 -0.0001
vn 0.3933 -0.9194 -0.0001
vn 0.3933 -0.9194 0.0002
vn 0.3932 -0.9194 -0.0000
vn 0.3932 -0.9195 -0.0001
vn 0.3710 0.9260 -0.0698
vn 0.3712 0.9259 -0.0695
vn 0.3711 0.9260 -0.0696
vn 0.3708 0.9261 -0.0699
vn 0.4334 0.1853 -0.8819
vn 0.4334 0.1857 -0.8819
vn 0.4335 0.1853 -0.8819
vn 0.4335 0.1854 -0.8818
vn 0.0901 0.0385 0.9952
vn 0.0901 0.0386 0.9952
vn -0.7107 -0.3039 0.6344
vn 0.2667 0.1142 -0.9570
vn 0.2668 0.1142 -0.9570
vn 0.2666 0.1142 -0.9570
vn 0.2667 0.1142 0.9570
vn 0.2672 0.1143 0.9568
vn 0.2670 0.1142 0.9569
vn 0.2670 0.1141 0.9569
vn -0.5835 -0.2497 0.7728
vn -0.5833 -0.2495 0.7730
vn -0.5833 -0.2496 0.7729
vn 0.0901 0.0385 -0.9952
vn 0.4335 0.1854 0.8819
vn 0.4336 0.1854 0.8818
vn 0.4334 0.1854 0.8819
vn -0.4334 -0.1854 0.8819
vn -0.4332 -0.1854 0.8820
vn -0.4335 -0.1854 0.8819
vn -0.4336 -0.1854 0.8818
vn -0.0901 -0.0385 -0.9952
vn 0.5832 0.2495 0.7730
vn 0.5833 0.2495 0.7730
vn 0.5832 0.2495 0.7731
vn -0.2669 -0.1142 0.9569
vn -0.2669 -0.1141 0.9570
vn -0.2670 -0.1143 0.9569
vn -0.2669 -0.1142 -0.9569
vn -0.2668 -0.1142 -0.9570
vn -0.2670 -0.1142 -0.9569
vn 0.7105 0.3041 0.6346
vn 0.7105 0.3044 0.6344
vn 0.7107 0.3043 0.6343
vn 0.7105 0.3040 0.6346
vn -0.0901 -0.0385 0.9952
vn -0.4336 -0.1855 -0.8818
vn -0.4334 -0.1853 -0.8819
vn -0.4334 -0.1854 -0.8819
vn -0.4336 -0.1856 -0.8818
vn 0.8106 0.3471 0.4716
vn 0.8109 0.3469 0.4713
vn 0.8108 0.3470 0.4713
vn 0.8108 0.3469 0.4714
vn -0.5832 -0.2495 -0.7730
vn -0.5834 -0.2497 -0.7728
vn -0.5833 -0.2495 -0.7730
vn 0.8799 0.3763 0.2902
vn -0.7107 -0.3041 -0.6344
vn -0.7109 -0.3041 -0.6342
vn -0.7106 -0.3041 -0.6344
vn 0.9150 0.3915 0.0978
vn 0.9150 0.3914 0.0980
vn 0.9148 0.3917 0.0982
vn 0.9148 0.3917 0.0983
vn -0.8107 -0.3468 -0.4716
vn -0.8106 -0.3466 -0.4719
vn -0.8108 -0.3469 -0.4715
vn 0.9151 0.3912 -0.0980
vn 0.9150 0.3914 -0.0980
vn 0.9150 0.3915 -0.0980
vn 0.9151 0.3913 -0.0974
vn -0.8798 -0.3764 -0.2903
vn -0.8797 -0.3768 -0.2902
vn 0.8799 0.3763 -0.2902
vn -0.9149 -0.3916 -0.0980
vn -0.9150 -0.3914 -0.0980
vn -0.9150 -0.3915 -0.0980
vn -0.9148 -0.3917 -0.0982
vn 0.8108 0.3470 -0.4713
vn 0.8108 0.3469 -0.4715
vn 0.8108 0.3469 -0.4714
vn 0.8111 0.3468 -0.4710
vn -0.9149 -0.3916 0.0980
vn -0.9150 -0.3914 0.0980
vn -0.9150 -0.3914 0.0979
vn -0.9150 -0.3914 0.0978
vn 0.7107 0.3043 -0.6342
vn 0.7109 0.3041 -0.6342
vn 0.7110 0.3042 -0.6340
vn 0.7107 0.3041 -0.6344
vn -0.8798 -0.3765 0.2901
vn -0.8798 -0.3766 0.2899
vn -0.8798 -0.3766 0.2902
vn -0.8798 -0.3764 0.2903
vn 0.5832 0.2494 -0.7731
vn -0.8108 -0.3469 0.4714
vn -0.8108 -0.3469 0.4715
vn -0.8108 -0.3469 0.4713
vn -0.8109 -0.3470 0.4713
vn 0.7197 -0.6002 -0.3491
vn 0.7199 -0.5997 -0.3494
vn 0.7197 -0.6002 -0.3490
vn 0.7196 -0.6004 -0.3490
vn -0.9011 0.3816 -0.2061
vn -0.9011 0.3815 -0.2061
vn -0.9011 0.3817 -0.2060
vn -0.9010 0.3817 -0.2059
vn 0.3463 0.9153 -0.2056
vn 0.3463 0.9153 -0.2058
vn 0.3464 0.9153 -0.2055
vn 0.3464 0.9154 -0.2051
vn -0.9261 0.3709 -0.0694
vn -0.9261 0.3709 -0.0695
vn -0.9261 0.3709 -0.0698
vn 0.2974 0.8943 -0.3343
vn 0.2974 0.8944 -0.3342
vn 0.2975 0.8941 -0.3347
vn -0.9261 0.3709 0.0695
vn -0.9261 0.3709 0.0694
vn -0.9261 0.3709 0.0698
vn 0.2261 0.8641 -0.4497
vn 0.2266 0.8640 -0.4497
vn 0.2264 0.8640 -0.4497
vn -0.9010 0.3818 0.2058
vn -0.9010 0.3819 0.2059
vn -0.9011 0.3817 0.2058
vn 0.1359 0.8254 -0.5480
vn 0.1356 0.8255 -0.5479
vn 0.1360 0.8253 -0.5480
vn 0.1361 0.8253 -0.5480
vn -0.8522 0.4026 0.3341
vn -0.8525 0.4022 0.3340
vn -0.8521 0.4028 0.3342
vn -0.8521 0.4027 0.3342
vn 0.0298 0.7800 -0.6251
vn 0.0297 0.7799 -0.6252
vn 0.0296 0.7800 -0.6251
vn 0.0297 0.7800 -0.6250
vn -0.2135 0.6758 0.7055
vn -0.7813 0.4329 0.4497
vn -0.7812 0.4330 0.4497
vn -0.7813 0.4331 0.4495
vn -0.0882 0.7293 -0.6785
vn -0.0881 0.7294 0.6784
vn -0.0882 0.7294 0.6784
vn -0.6909 0.4716 0.5480
vn -0.6911 0.4714 0.5479
vn -0.6910 0.4715 0.5480
vn -0.2137 0.6759 -0.7054
vn -0.2139 0.6759 -0.7053
vn -0.2138 0.6759 -0.7054
vn -0.2135 0.6758 -0.7055
vn 0.0297 0.7797 0.6255
vn 0.0300 0.7797 0.6254
vn 0.0299 0.7799 0.6252
vn 0.0298 0.7799 0.6252
vn -0.5846 0.5169 0.6254
vn -0.5845 0.5167 0.6256
vn -0.5846 0.5168 0.6254
vn -0.5847 0.5170 0.6252
vn -0.3414 0.6212 -0.7054
vn -0.3415 0.6212 -0.7053
vn -0.3413 0.6211 -0.7055
vn 0.1361 0.8254 0.5479
vn 0.1361 0.8255 0.5478
vn -0.4666 0.5675 0.6784
vn -0.4665 0.5677 0.6783
vn -0.4664 0.5676 -0.6785
vn -0.4667 0.5675 -0.6783
vn -0.4666 0.5677 -0.6782
vn -0.4666 0.5675 -0.6785
vn 0.2263 0.8641 0.4496
vn 0.2264 0.8640 0.4497
vn 0.2260 0.8642 0.4495
vn -0.3413 0.6211 0.7055
vn -0.5846 0.5169 -0.6254
vn -0.5847 0.5171 -0.6251
vn -0.5847 0.5168 -0.6254
vn -0.5842 0.5168 -0.6257
vn 0.2970 0.8944 0.3345
vn 0.2969 0.8944 0.3344
vn 0.2974 0.8944 0.3342
vn -0.6909 0.4715 -0.5480
vn -0.6908 0.4717 -0.5480
vn 0.3463 0.9153 0.2058
vn 0.3463 0.9153 0.2056
vn 0.3463 0.9153 0.2059
vn 0.3463 0.9152 0.2060
vn -0.7813 0.4329 -0.4497
vn -0.7813 0.4328 -0.4497
vn 0.3712 0.9260 0.0695
vn 0.3708 0.9261 0.0698
vn 0.3709 0.9260 0.0699
vn -0.8524 0.4022 -0.3343
vn -0.8522 0.4025 -0.3344
vn -0.8523 0.4023 -0.3343
vn -0.8523 0.4022 -0.3344
vn 0.2670 0.1142 -0.9569
vn 0.2671 0.1142 -0.9569
vn 0.2669 0.1142 -0.9569
vn 0.2668 0.1141 -0.9570
vn -0.1558 -0.9748 0.1598
vn -0.1561 -0.9747 0.1597
vn -0.1559 -0.9748 0.1598
vn -0.1557 -0.9748 0.1598
vn 0.6493 -0.6304 -0.4254
vn 0.6494 -0.6303 -0.4254
vn 0.6494 -0.6304 -0.4254
vn -0.1177 -0.9586 0.2594
vn -0.1177 -0.9586 0.2593
vn 0.5669 -0.6657 -0.4853
vn 0.5669 -0.6657 -0.4852
vn 0.3779 -0.7466 0.5476
vn 0.3778 -0.7467 0.5475
vn 0.3779 -0.7465 0.5477
vn 0.3780 -0.7465 0.5476
vn -0.0624 -0.9350 0.3491
vn -0.0623 -0.9350 0.3492
vn -0.0625 -0.9350 0.3492
vn -0.0626 -0.9350 0.3492
vn 0.4753 -0.7049 -0.5266
vn 0.4753 -0.7049 -0.5265
vn 0.4753 -0.7048 0.5266
vn 0.4753 -0.7049 0.5265
vn 0.4754 -0.7049 0.5265
vn 0.0074 -0.9050 0.4254
vn 0.0075 -0.9050 0.4254
vn 0.0073 -0.9051 0.4252
vn 0.3780 -0.7465 -0.5476
vn 0.5671 -0.6656 0.4853
vn 0.5671 -0.6655 0.4853
vn 0.5669 -0.6657 0.4853
vn 0.0900 -0.8697 0.4853
vn 0.0899 -0.8697 0.4853
vn 0.2790 -0.7888 -0.5476
vn 0.2789 -0.7889 -0.5475
vn 0.2790 -0.7889 -0.5476
vn 0.2789 -0.7889 -0.5476
vn 0.6494 -0.6304 0.4254
vn 0.1816 -0.8305 0.5266
vn 0.1815 -0.8305 0.5266
vn 0.1816 -0.8305 -0.5266
vn 0.1816 -0.8305 -0.5265
vn 0.7194 -0.6006 0.3490
vn 0.7195 -0.6005 0.3488
vn 0.7196 -0.6004 0.3490
vn 0.7194 -0.6005 0.3491
vn 0.2789 -0.7889 0.5476
vn 0.0899 -0.8697 -0.4853
vn 0.0900 -0.8697 -0.4853
vn 0.7746 -0.5768 0.2594
vn 0.7746 -0.5769 0.2594
vn 0.7746 -0.5768 0.2595
vn 0.7746 -0.5768 0.2596
vn 0.0070 -0.9050 -0.4253
vn 0.0072 -0.9050 -0.4253
vn 0.0071 -0.9049 -0.4256
vn 0.0069 -0.9048 -0.4257
vn 0.8124 -0.5608 0.1597
vn 0.8127 -0.5605 0.1596
vn 0.8125 -0.5606 0.1597
vn 0.8125 -0.5607 0.1597
vn -0.0626 -0.9350 -0.3492
vn -0.0626 -0.9350 -0.3491
vn -0.0625 -0.9350 -0.3490
vn -0.0623 -0.9348 -0.3496
vn 0.8319 -0.5523 0.0539
vn 0.8318 -0.5525 0.0539
vn 0.8320 -0.5522 0.0538
vn -0.1177 -0.9586 -0.2594
vn 0.8319 -0.5523 -0.0539
vn 0.8320 -0.5521 -0.0541
vn 0.8319 -0.5522 -0.0540
vn -0.1556 -0.9748 -0.1596
vn -0.1555 -0.9748 -0.1597
vn -0.1556 -0.9748 -0.1597
vn -0.1556 -0.9748 -0.1598
vn 0.8125 -0.5605 -0.1600
vn 0.8126 -0.5606 -0.1597
vn 0.8123 -0.5609 -0.1600
vn 0.8125 -0.5605 -0.1603
vn -0.1749 -0.9831 -0.0541
vn -0.1751 -0.9831 -0.0540
vn -0.1748 -0.9831 -0.0541
vn -0.1747 -0.9831 -0.0540
vn 0.7745 -0.5769 -0.2593
vn 0.7746 -0.5768 -0.2594
vn -0.1750 -0.9831 0.0540
vn -0.1750 -0.9831 0.0539
vn -0.4672 0.5719 -0.6743
vn -0.4672 0.5723 -0.6739
vn -0.4672 0.5718 -0.6743
vn 0.2668 0.1141 0.9570
vn 0.2671 0.1143 0.9569
vn 0.2671 0.1142 0.9569
vn -0.5832 -0.2495 0.7731
vn 0.0900 0.0386 -0.9952
vn 0.0903 0.0387 -0.9952
vn 0.0903 0.0386 -0.9952
vn 0.4334 0.1854 0.8820
vn 0.4333 0.1854 0.8820
vn -0.4338 -0.1855 0.8817
vn -0.4333 -0.1854 0.8820
vn -0.0901 -0.0386 -0.9952
vn -0.0904 -0.0387 -0.9952
vn -0.0900 -0.0386 -0.9952
vn -0.0903 -0.0387 -0.9952
vn 0.5834 0.2495 0.7729
vn 0.5835 0.2495 0.7729
vn -0.2670 -0.1142 0.9569
vn -0.2671 -0.1142 0.9569
vn -0.2670 -0.1143 -0.9569
vn -0.2664 -0.1141 -0.9571
vn 0.7107 0.3041 0.6344
vn 0.7107 0.3039 0.6345
vn 0.7107 0.3044 0.6342
vn -0.0904 -0.0387 0.9952
vn -0.0901 -0.0386 0.9952
vn -0.0903 -0.0387 0.9952
vn -0.4331 -0.1854 -0.8821
vn 0.8108 0.3471 0.4714
vn 0.8108 0.3468 0.4716
vn 0.8107 0.3468 0.4717
vn -0.5832 -0.2495 -0.7731
vn 0.8799 0.3763 0.2900
vn 0.8800 0.3763 0.2897
vn 0.8798 0.3764 0.2903
vn -0.7108 -0.3041 -0.6342
vn 0.9150 0.3913 0.0982
vn 0.9150 0.3912 0.0986
vn -0.8108 -0.3469 -0.4714
vn -0.8109 -0.3468 -0.4714
vn -0.8109 -0.3469 -0.4713
vn -0.8109 -0.3469 -0.4712
vn 0.9150 0.3913 -0.0980
vn 0.9150 0.3915 -0.0977
vn -0.8798 -0.3763 -0.2905
vn -0.8797 -0.3761 -0.2908
vn 0.8799 0.3763 -0.2900
vn 0.8800 0.3763 -0.2897
vn -0.9150 -0.3914 -0.0981
vn -0.9150 -0.3913 -0.0980
vn 0.8108 0.3471 -0.4714
vn 0.8108 0.3473 -0.4711
vn 0.8108 0.3469 -0.4713
vn 0.8107 0.3468 -0.4716
vn -0.9150 -0.3914 0.0981
vn -0.9150 -0.3914 0.0977
vn 0.7107 0.3044 -0.6342
vn -0.8799 -0.3764 0.2901
vn -0.8800 -0.3763 0.2897
vn -0.8797 -0.3765 0.2905
vn -0.8795 -0.3767 0.2908
vn 0.5831 0.2495 -0.7731
vn 0.5832 0.2495 -0.7730
vn 0.5832 0.2495 -0.7731
vn 0.5830 0.2494 -0.7733
vn -0.8107 -0.3469 0.4717
vn 0.4334 0.1854 -0.8819
vn 0.4335 0.1854 -0.8819
vn 0.0903 0.0386 0.9952
vn 0.0903 0.0387 0.9952
vn -0.7108 -0.3041 0.6342
vn -0.2939 -0.8226 -0.4868
vn -0.2938 -0.8226 -0.4868
vn -0.2940 -0.8225 -0.4868
vn 0.2220 0.8666 0.4470
vn 0.2216 0.8666 0.4472
vn 0.2219 0.8666 0.4470
vn 0.2219 0.8665 0.4472
vn -0.3426 0.6252 0.7013
vn -0.3426 0.6252 0.7012
vn -0.3425 0.6252 0.7013
vn -0.5845 0.5217 -0.6215
vn 0.2922 0.8969 0.3320
vn 0.2923 0.8969 0.3320
vn -0.6900 0.4765 -0.5449
vn -0.6899 0.4766 -0.5448
vn -0.6900 0.4764 -0.5449
vn -0.6901 0.4765 -0.5447
vn 0.3411 0.9175 0.2048
vn 0.3412 0.9174 0.2046
vn 0.3410 0.9176 0.2043
vn 0.3409 0.9176 0.2046
vn -0.7799 0.4378 -0.4473
vn -0.7799 0.4379 -0.4472
vn -0.7800 0.4378 -0.4472
vn -0.7800 0.4380 -0.4469
vn 0.3654 0.9283 0.0690
vn 0.3655 0.9283 0.0689
vn 0.3655 0.9282 0.0691
vn 0.3657 0.9282 0.0691
vn -0.8505 0.4079 -0.3322
vn -0.8503 0.4079 -0.3325
vn 0.3655 0.9282 -0.0689
vn 0.3657 0.9282 -0.0691
vn 0.3658 0.9281 -0.0691
vn 0.3656 0.9282 -0.0692
vn -0.8991 0.3870 -0.2046
vn -0.8991 0.3871 -0.2046
vn 0.3410 0.9175 -0.2047
vn 0.3412 0.9174 -0.2049
vn 0.3411 0.9174 -0.2048
vn 0.3409 0.9176 -0.2046
vn -0.9238 0.3765 -0.0691
vn -0.9238 0.3766 -0.0692
vn -0.9239 0.3765 -0.0691
vn 0.2924 0.8967 -0.3323
vn 0.2923 0.8968 -0.3322
vn 0.2922 0.8968 -0.3321
vn 0.2921 0.8969 -0.3321
vn -0.9238 0.3765 0.0691
vn -0.9238 0.3766 0.0692
vn -0.9238 0.3767 0.0692
vn -0.9237 0.3767 0.0691
vn 0.2217 0.8667 -0.4470
vn 0.2217 0.8669 -0.4465
vn 0.2216 0.8667 -0.4469
vn 0.2217 0.8666 -0.4470
vn -0.8990 0.3872 0.2045
vn -0.8991 0.3871 0.2046
vn -0.8990 0.3872 0.2046
vn 0.1319 0.8282 -0.5447
vn 0.1318 0.8282 -0.5447
vn -0.8505 0.4078 0.3323
vn -0.8505 0.4079 0.3322
vn 0.0262 0.7830 -0.6215
vn 0.0264 0.7830 -0.6215
vn 0.0265 0.7830 -0.6215
vn -0.2156 0.6794 0.7013
vn -0.2156 0.6795 0.7013
vn -0.2156 0.6794 0.7014
vn -0.2153 0.6792 0.7017
vn -0.7799 0.4381 0.4470
vn -0.7800 0.4380 0.4471
vn -0.0915 0.7327 -0.6744
vn -0.0912 0.7328 -0.6743
vn -0.0910 0.7328 -0.6743
vn -0.0914 0.7326 -0.6745
vn -0.0910 0.7328 0.6744
vn -0.0912 0.7327 0.6744
vn -0.6901 0.4766 0.5447
vn -0.6901 0.4765 0.5447
vn -0.6903 0.4763 0.5447
vn -0.6901 0.4766 0.5446
vn -0.2152 0.6795 -0.7014
vn -0.2156 0.6795 -0.7013
vn -0.2155 0.6795 -0.7013
vn -0.2153 0.6792 -0.7017
vn 0.0264 0.7830 0.6215
vn 0.0263 0.7830 0.6215
vn 0.0264 0.7829 0.6216
vn -0.5844 0.5217 0.6216
vn -0.5845 0.5217 0.6215
vn -0.5844 0.5217 0.6215
vn -0.3423 0.6252 -0.7014
vn -0.3426 0.6253 -0.7012
vn -0.3426 0.6252 -0.7012
vn -0.3425 0.6252 -0.7013
vn 0.1319 0.8282 0.5447
vn -0.4672 0.5719 0.6743
vn -0.4670 0.5719 0.6744
vn -0.4675 0.5717 0.6742
vn -0.4671 0.5717 0.6745
vn -0.9149 -0.3915 -0.0983
vn -0.9148 -0.3918 -0.0979
vn -0.9148 -0.3920 -0.0975
vn 0.9546 -0.2881 0.0753
vn -0.3710 -0.8551 -0.3621
vn -0.3709 -0.8552 -0.3621
vn -0.3709 -0.8551 -0.3621
vn 0.9547 -0.2880 -0.0752
vn 0.9547 -0.2880 -0.0753
vn 0.9546 -0.2881 -0.0753
vn -0.4236 -0.8780 -0.2231
vn -0.4238 -0.8779 -0.2229
vn -0.4236 -0.8780 -0.2230
vn -0.4237 -0.8779 -0.2230
vn 0.9276 -0.2999 -0.2227
vn 0.9276 -0.2997 -0.2229
vn -0.4508 -0.8894 -0.0753
vn -0.4509 -0.8894 -0.0753
vn -0.4509 -0.8894 -0.0754
vn -0.4508 -0.8894 -0.0755
vn 0.8748 -0.3222 -0.3619
vn 0.8747 -0.3223 -0.3620
vn 0.8748 -0.3220 -0.3618
vn -0.4510 -0.8893 0.0758
vn -0.4506 -0.8895 0.0753
vn -0.4508 -0.8894 0.0754
vn -0.4509 -0.8894 0.0754
vn 0.7977 -0.3553 -0.4874
vn 0.7977 -0.3553 -0.4873
vn 0.7976 -0.3551 -0.4876
vn 0.7976 -0.3552 -0.4875
vn -0.4238 -0.8779 0.2229
vn -0.4237 -0.8779 0.2229
vn -0.4238 -0.8779 0.2230
vn 0.6998 -0.3970 -0.5939
vn 0.6999 -0.3971 -0.5937
vn 0.6997 -0.3969 -0.5941
vn -0.3710 -0.8551 0.3620
vn -0.3711 -0.8551 0.3621
vn -0.3710 -0.8552 0.3620
vn -0.3710 -0.8552 0.3619
vn 0.5848 -0.4463 -0.6773
vn 0.5848 -0.4464 -0.6773
vn 0.5851 -0.4462 -0.6772
vn 0.3211 -0.5593 0.7643
vn 0.3211 -0.5592 0.7643
vn 0.3212 -0.5594 0.7642
vn -0.2940 -0.8221 0.4876
vn -0.2939 -0.8223 0.4874
vn -0.2940 -0.8222 0.4874
vn -0.2941 -0.8220 0.4876
vn 0.4570 -0.5010 -0.7350
vn 0.4572 -0.5011 -0.7348
vn 0.4568 -0.5009 -0.7352
vn 0.4569 -0.5010 0.7350
vn 0.4568 -0.5011 0.7350
vn 0.4569 -0.5011 0.7350
vn -0.1962 -0.7803 0.5938
vn -0.1961 -0.7804 0.5937
vn -0.1962 -0.7804 0.5937
vn 0.3212 -0.5594 -0.7642
vn 0.5848 -0.4464 0.6773
vn 0.5850 -0.4464 0.6771
vn -0.0806 -0.7311 0.6775
vn -0.0806 -0.7316 0.6770
vn -0.0806 -0.7310 0.6776
vn -0.0810 -0.7312 0.6773
vn 0.1827 -0.6184 -0.7644
vn 0.1827 -0.6184 -0.7643
vn 0.7000 -0.3972 0.5936
vn 0.6999 -0.3971 0.5937
vn 0.7001 -0.3973 0.5933
vn 0.6999 -0.3971 0.5936
vn 0.0469 -0.6763 0.7351
vn 0.0469 -0.6762 0.7352
vn 0.0468 -0.6764 0.7350
vn 0.0467 -0.6769 0.7346
vn 0.0469 -0.6765 -0.7350
vn 0.0468 -0.6765 -0.7350
vn 0.0467 -0.6765 -0.7350
vn 0.7977 -0.3554 0.4873
vn 0.7976 -0.3554 0.4873
vn 0.7976 -0.3553 0.4874
vn 0.7977 -0.3553 0.4872
vn 0.1826 -0.6182 0.7645
vn 0.1827 -0.6184 0.7643
vn -0.0806 -0.7315 -0.6770
vn -0.0810 -0.7313 -0.6773
vn -0.0810 -0.7312 -0.6773
vn 0.8746 -0.3223 0.3621
vn 0.8746 -0.3224 0.3620
vn -0.1961 -0.7804 -0.5937
vn -0.1962 -0.7804 -0.5937
vn 0.9276 -0.2998 0.2226
vn 0.9277 -0.2997 0.2227
vn 0.9276 -0.2998 0.2227
vn 0.9276 -0.2999 0.2227
vn -0.8745 0.3110 0.3723
vn -0.8744 0.3110 0.3723
vn 0.8107 0.3470 -0.4716
vn 0.8107 0.3470 -0.4715
vn -0.9148 -0.3918 0.0980
vn -0.9149 -0.3915 0.0985
vn 0.7106 0.3040 -0.6345
vn -0.8798 -0.3763 0.2904
vn 0.5833 0.2495 -0.7730
vn 0.5834 0.2495 -0.7729
vn -0.8109 -0.3469 0.4713
vn -0.8106 -0.3470 0.4717
vn -0.8107 -0.3469 0.4715
vn 0.4332 0.1853 -0.8821
vn 0.0902 0.0386 0.9952
vn 0.0904 0.0387 0.9952
vn 0.2669 0.1141 -0.9569
vn 0.2669 0.1141 -0.9570
vn 0.2668 0.1140 -0.9570
vn 0.2669 0.1141 0.9569
vn 0.2668 0.1140 0.9570
vn 0.2669 0.1141 0.9570
vn 0.2669 0.1142 0.9569
vn -0.5830 -0.2494 0.7732
vn 0.0902 0.0386 -0.9952
vn 0.0907 0.0388 -0.9951
vn 0.4335 0.1855 0.8818
vn 0.4332 0.1853 0.8821
vn -0.4335 -0.1855 0.8818
vn -0.4332 -0.1853 0.8821
vn -0.4336 -0.1855 0.8818
vn -0.0902 -0.0386 -0.9952
vn 0.5830 0.2494 0.7732
vn -0.2668 -0.1141 0.9570
vn -0.2673 -0.1145 0.9568
vn -0.2671 -0.1143 0.9569
vn -0.2668 -0.1141 -0.9570
vn -0.2673 -0.1145 -0.9568
vn -0.2671 -0.1143 -0.9569
vn 0.7106 0.3041 0.6345
vn -0.0899 -0.0386 0.9952
vn -0.0902 -0.0386 0.9952
vn -0.4332 -0.1853 -0.8821
vn -0.4335 -0.1855 -0.8818
vn 0.8106 0.3472 0.4715
vn 0.8108 0.3469 0.4715
vn 0.8107 0.3474 0.4713
vn -0.5835 -0.2496 -0.7728
vn 0.8798 0.3763 0.2904
vn 0.8798 0.3765 0.2901
vn 0.8798 0.3766 0.2901
vn -0.7106 -0.3040 -0.6345
vn -0.7107 -0.3043 -0.6342
vn 0.9150 0.3914 0.0981
vn 0.9150 0.3914 0.0983
vn -0.8107 -0.3469 -0.4715
vn 0.9150 0.3914 -0.0981
vn 0.9150 0.3914 -0.0982
vn 0.9150 0.3914 -0.0983
vn -0.8798 -0.3763 -0.2904
vn 0.8798 0.3765 -0.2901
vn 0.8796 0.3769 -0.2905
vn 0.8797 0.3765 -0.2904
vn 0.8798 0.3764 -0.2903
vn -0.2982 -0.9368 -0.1829
vn -0.2983 -0.9367 -0.1832
vn -0.2979 -0.9369 -0.1829
vn -0.2983 -0.9368 -0.1828
vn -0.0225 0.8395 -0.5429
vn -0.2115 0.7087 0.6731
vn -0.7921 0.3575 0.4948
vn -0.1085 0.7781 -0.6187
vn -0.1083 0.7782 0.6186
vn -0.1085 0.7781 0.6187
vn -0.1084 0.7782 0.6186
vn -0.6898 0.4161 0.5925
vn -0.2115 0.7087 -0.6731
vn -0.2115 0.7090 -0.6728
vn -0.0225 0.8395 0.5429
vn -0.5737 0.4840 0.6608
vn -0.3275 0.6340 -0.7005
vn -0.3274 0.6340 -0.7006
vn 0.0446 0.8906 0.4526
vn 0.0445 0.8906 0.4525
vn 0.0446 0.8906 0.4525
vn -0.4505 0.5579 0.6970
vn -0.4505 0.5579 -0.6970
vn 0.0930 0.9306 0.3539
vn 0.0930 0.9306 0.3540
vn -0.3274 0.6340 0.7006
vn -0.5737 0.4840 -0.6608
vn 0.1251 0.9596 0.2522
vn -0.6898 0.4161 -0.5925
vn 0.1440 0.9781 0.1505
vn -0.7921 0.3575 -0.4948
vn 0.1526 0.9870 0.0499
vn 0.1526 0.9870 0.0500
vn 0.1526 0.9870 0.0501
vn -0.8745 0.3110 -0.3723
vn -0.8744 0.3110 -0.3723
vn 0.1528 0.9870 -0.0497
vn 0.1526 0.9870 -0.0500
vn 0.1524 0.9871 -0.0500
vn -0.9321 0.2789 -0.2311
vn -0.9321 0.2788 -0.2312
vn -0.9321 0.2788 -0.2313
vn 0.1441 0.9781 -0.1505
vn 0.1440 0.9781 -0.1505
vn -0.9617 0.2626 -0.0783
vn -0.9618 0.2623 -0.0784
vn -0.9618 0.2625 -0.0782
vn 0.1251 0.9596 -0.2522
vn -0.9618 0.2624 0.0785
vn -0.9618 0.2623 0.0784
vn -0.9618 0.2624 0.0784
vn 0.0930 0.9306 -0.3539
vn -0.9321 0.2788 0.2312
vn 0.0446 0.8907 -0.4525
vn 0.0445 0.8906 -0.4525
vn -0.8986 -0.3290 0.2903
vn 0.8332 -0.5219 -0.1827
vn 0.8332 -0.5218 -0.1828
vn 0.8331 -0.5220 -0.1828
vn -0.3209 -0.9451 -0.0617
vn -0.3206 -0.9452 -0.0619
vn -0.3210 -0.9451 -0.0617
vn 0.7888 -0.5382 -0.2968
vn 0.7888 -0.5383 -0.2967
vn 0.7888 -0.5383 -0.2968
vn -0.3210 -0.9451 0.0617
vn -0.3208 -0.9451 0.0617
vn -0.3209 -0.9451 0.0617
vn 0.7245 -0.5617 -0.3996
vn 0.7245 -0.5616 -0.3997
vn 0.7246 -0.5615 -0.3995
vn -0.2980 -0.9369 0.1830
vn -0.2981 -0.9369 0.1827
vn -0.2984 -0.9368 0.1828
vn -0.2983 -0.9367 0.1835
vn 0.6425 -0.5918 -0.4868
vn 0.6426 -0.5917 -0.4868
vn 0.6424 -0.5919 -0.4867
vn -0.2542 -0.9205 0.2966
vn -0.2546 -0.9206 0.2961
vn -0.2542 -0.9206 0.2966
vn -0.2541 -0.9206 0.2966
vn 0.5460 -0.6273 -0.5553
vn 0.5461 -0.6272 -0.5553
vn 0.3254 -0.7082 0.6266
vn 0.3255 -0.7082 0.6265
vn 0.3253 -0.7081 0.6267
vn -0.1897 -0.8969 0.3995
vn -0.1897 -0.8968 0.3996
vn 0.4390 -0.6665 -0.6026
vn 0.4389 -0.6664 -0.6027
vn 0.4390 -0.6664 -0.6026
vn 0.4390 -0.6664 -0.6027
vn 0.4389 -0.6667 0.6023
vn 0.4389 -0.6668 0.6023
vn 0.4390 -0.6666 0.6024
vn -0.1072 -0.8669 0.4868
vn -0.1076 -0.8669 0.4868
vn -0.1073 -0.8669 0.4868
vn 0.3254 -0.7080 -0.6268
vn 0.3252 -0.7081 -0.6267
vn 0.3253 -0.7081 -0.6267
vn 0.5461 -0.6273 0.5552
vn 0.5461 -0.6272 0.5553
vn 0.5460 -0.6272 0.5555
vn 0.5460 -0.6273 0.5553
vn -0.0113 -0.8314 0.5556
vn -0.0114 -0.8313 0.5557
vn -0.0115 -0.8317 0.5552
vn -0.0113 -0.8316 0.5552
vn 0.2093 -0.7506 -0.6268
vn 0.2093 -0.7506 -0.6267
vn 0.2092 -0.7505 -0.6269
vn 0.6425 -0.5914 0.4872
vn 0.6424 -0.5918 0.4869
vn 0.6425 -0.5918 0.4868
vn 0.6426 -0.5916 0.4869
vn 0.0959 -0.7922 0.6026
vn 0.0961 -0.7924 0.6024
vn 0.0958 -0.7923 0.6026
vn 0.0959 -0.7923 -0.6026
vn 0.0961 -0.7922 -0.6026
vn 0.0958 -0.7923 -0.6025
vn 0.7244 -0.5618 0.3995
vn 0.7245 -0.5617 0.3995
vn 0.2093 -0.7507 0.6265
vn 0.2094 -0.7506 0.6267
vn 0.2094 -0.7507 0.6265
vn 0.2092 -0.7507 0.6267
vn -0.0112 -0.8316 -0.5552
vn -0.0113 -0.8316 -0.5553
vn -0.0114 -0.8316 -0.5553
vn -0.0110 -0.8317 -0.5551
vn 0.7888 -0.5382 0.2969
vn 0.7888 -0.5381 0.2969
vn 0.7888 -0.5383 0.2968
vn -0.1077 -0.8669 -0.4868
vn -0.1074 -0.8669 -0.4868
vn -0.1078 -0.8668 -0.4868
vn 0.8332 -0.5220 0.1827
vn 0.8331 -0.5221 0.1827
vn 0.8332 -0.5219 0.1827
vn 0.8331 -0.5220 0.1828
vn -0.1895 -0.8968 -0.3998
vn -0.1895 -0.8967 -0.4000
vn -0.1894 -0.8969 -0.3997
vn -0.1896 -0.8969 -0.3995
vn 0.8558 -0.5137 0.0616
vn 0.8558 -0.5137 0.0614
vn 0.8558 -0.5136 0.0616
vn 0.8558 -0.5136 0.0617
vn -0.2541 -0.9205 -0.2968
vn -0.2541 -0.9206 -0.2966
vn -0.2541 -0.9205 -0.2967
vn -0.2540 -0.9205 -0.2968
vn 0.8557 -0.5138 -0.0618
vn 0.8557 -0.5137 -0.0618
vn 0.8557 -0.5138 -0.0619
vn 0.8556 -0.5139 -0.0618
vn -0.6722 0.4089 0.6172
vn 0.5957 0.2184 -0.7729
vn 0.5956 0.2184 -0.7730
vn 0.5959 0.2184 -0.7728
vn -0.8280 -0.3037 0.4714
vn -0.8280 -0.3036 0.4714
vn 0.4426 0.1622 -0.8819
vn 0.4422 0.1623 -0.8821
vn 0.4428 0.1621 -0.8818
vn 0.0919 0.0337 0.9952
vn 0.0920 0.0337 0.9952
vn 0.0921 0.0337 0.9952
vn -0.7258 -0.2661 0.6344
vn -0.7259 -0.2661 0.6343
vn 0.2725 0.0999 -0.9570
vn 0.2726 0.0999 -0.9569
vn 0.2724 0.0999 -0.9570
vn 0.2726 0.0999 0.9569
vn 0.2725 0.0999 0.9570
vn 0.2724 0.0999 0.9570
vn -0.5954 -0.2184 0.7732
vn -0.5952 -0.2183 0.7733
vn -0.5953 -0.2183 0.7733
vn -0.5954 -0.2185 0.7732
vn 0.0922 0.0338 -0.9952
vn 0.4424 0.1621 0.8820
vn 0.4427 0.1624 0.8818
vn 0.4426 0.1623 0.8819
vn 0.4423 0.1620 0.8821
vn -0.4427 -0.1622 0.8819
vn -0.4428 -0.1621 0.8818
vn -0.4425 -0.1622 0.8820
vn -0.4424 -0.1622 0.8820
vn -0.0922 -0.0338 -0.9952
vn -0.0923 -0.0338 -0.9952
vn 0.5955 0.2181 0.7732
vn -0.2726 -0.0999 0.9569
vn -0.2729 -0.0999 0.9568
vn -0.2725 -0.0999 0.9570
vn -0.2725 -0.0999 -0.9569
vn -0.2726 -0.0999 -0.9569
vn -0.2725 -0.0999 -0.9570
vn 0.7257 0.2662 0.6345
vn 0.7258 0.2661 0.6344
vn 0.7259 0.2660 0.6343
vn -0.0920 -0.0337 0.9952
vn -0.0919 -0.0337 0.9952
vn -0.4425 -0.1622 -0.8820
vn -0.4428 -0.1621 -0.8818
vn -0.4427 -0.1622 -0.8819
vn -0.4424 -0.1622 -0.8820
vn 0.8280 0.3036 0.4714
vn -0.5958 -0.2185 -0.7729
vn -0.5956 -0.2184 -0.7730
vn -0.5957 -0.2184 -0.7729
vn -0.5958 -0.2184 -0.7729
vn 0.8987 0.3291 0.2899
vn -0.7258 -0.2658 -0.6344
vn -0.7257 -0.2659 -0.6345
vn -0.7257 -0.2660 -0.6345
vn -0.7257 -0.2661 -0.6344
vn 0.9343 0.3426 0.0981
vn 0.9343 0.3428 0.0979
vn 0.9343 0.3426 0.0980
vn 0.9344 0.3425 0.0980
vn -0.8280 -0.3036 -0.4714
vn -0.8282 -0.3031 -0.4714
vn -0.8281 -0.3036 -0.4714
vn -0.8280 -0.3038 -0.4712
vn 0.9344 0.3425 -0.0980
vn 0.9344 0.3425 -0.0982
vn 0.9343 0.3426 -0.0982
vn 0.9344 0.3424 -0.0980
vn -0.8986 -0.3290 -0.2903
vn 0.8985 0.3293 -0.2902
vn -0.9344 -0.3425 -0.0980
vn -0.9344 -0.3426 -0.0978
vn -0.9344 -0.3424 -0.0983
vn 0.8280 0.3037 -0.4714
vn 0.8280 0.3036 -0.4714
vn 0.8280 0.3037 -0.4713
vn -0.9344 -0.3425 0.0980
vn -0.9344 -0.3426 0.0979
vn -0.9344 -0.3425 0.0982
vn -0.9344 -0.3425 0.0979
vn 0.7257 0.2660 -0.6345
vn 0.7258 0.2662 -0.6343
vn 0.7258 0.2661 -0.6344
vn 0.1505 -0.7276 0.6693
vn 0.1506 -0.7276 0.6692
vn -0.1561 0.6844 -0.7122
vn 0.0545 0.8122 0.5808
vn 0.0545 0.8123 0.5807
vn -0.5483 0.4720 0.6904
vn -0.5482 0.4720 0.6904
vn -0.2828 0.6131 -0.7377
vn 0.1311 0.8636 0.4869
vn 0.1313 0.8636 0.4867
vn 0.1314 0.8636 0.4867
vn -0.4159 0.5411 0.7309
vn -0.4159 0.5411 -0.7309
vn 0.1880 0.9046 0.3826
vn 0.1880 0.9046 0.3827
vn 0.1880 0.9045 0.3827
vn -0.2828 0.6131 0.7377
vn -0.5482 0.4720 -0.6904
vn 0.2264 0.9348 0.2737
vn 0.2266 0.9347 0.2739
vn 0.2264 0.9348 0.2738
vn -0.6722 0.4089 -0.6173
vn -0.6722 0.4089 -0.6172
vn -0.6721 0.4089 -0.6173
vn 0.2499 0.9543 0.1639
vn 0.2499 0.9543 0.1640
vn -0.7807 0.3549 -0.5143
vn 0.2606 0.9639 0.0547
vn 0.2606 0.9639 0.0546
vn 0.2605 0.9639 0.0548
vn -0.8679 0.3122 -0.3864
vn 0.2605 0.9639 -0.0550
vn 0.2606 0.9639 -0.0546
vn -0.9288 0.2828 -0.2396
vn -0.9288 0.2828 -0.2397
vn 0.2499 0.9543 -0.1640
vn 0.2499 0.9543 -0.1639
vn -0.9601 0.2675 -0.0814
vn -0.9601 0.2677 -0.0812
vn -0.9601 0.2676 -0.0814
vn 0.2267 0.9346 -0.2740
vn 0.2266 0.9347 -0.2739
vn -0.9601 0.2676 0.0812
vn -0.9601 0.2677 0.0812
vn -0.9601 0.2676 0.0813
vn -0.9601 0.2675 0.0812
vn 0.1877 0.9047 -0.3824
vn 0.1880 0.9045 -0.3827
vn 0.1878 0.9046 -0.3827
vn 0.1880 0.9046 -0.3827
vn -0.9288 0.2828 0.2396
vn 0.1313 0.8636 -0.4867
vn 0.1316 0.8637 -0.4865
vn -0.8679 0.3122 0.3864
vn 0.0545 0.8123 -0.5807
vn 0.0546 0.8123 -0.5807
vn -0.1562 0.6844 0.7122
vn -0.1561 0.6844 0.7122
vn -0.7807 0.3549 0.5143
vn -0.0421 0.7518 -0.6580
vn -0.0421 0.7518 0.6580
vn -0.0423 0.7518 0.6580
vn -0.8444 -0.2545 -0.4715
vn -0.8444 -0.2545 -0.4714
vn -0.8444 -0.2544 -0.4715
vn -0.0900 -0.8001 -0.5931
vn -0.0904 -0.8003 -0.5928
vn 0.7813 -0.5376 0.3170
vn 0.7814 -0.5375 0.3170
vn 0.7814 -0.5376 0.3170
vn -0.1947 -0.8318 -0.5199
vn -0.1950 -0.8317 -0.5199
vn -0.1947 -0.8317 -0.5199
vn -0.1949 -0.8317 -0.5199
vn 0.8296 -0.5232 0.1951
vn 0.8296 -0.5230 0.1953
vn 0.8296 -0.5231 0.1952
vn 0.8297 -0.5229 0.1952
vn -0.2841 -0.8587 -0.4264
vn -0.2842 -0.8586 -0.4266
vn -0.2842 -0.8586 -0.4267
vn -0.2841 -0.8587 -0.4265
vn 0.8544 -0.5154 0.0661
vn 0.8544 -0.5155 0.0659
vn 0.8544 -0.5153 0.0662
vn -0.3543 -0.8798 -0.3170
vn -0.3543 -0.8797 -0.3170
vn 0.8544 -0.5154 -0.0660
vn 0.8544 -0.5154 -0.0659
vn 0.8544 -0.5155 -0.0659
vn -0.4025 -0.8944 -0.1952
vn -0.4023 -0.8945 -0.1952
vn -0.4026 -0.8943 -0.1952
vn 0.8296 -0.5231 -0.1952
vn 0.8297 -0.5229 -0.1952
vn 0.8297 -0.5229 -0.1951
vn -0.4272 -0.9017 -0.0659
vn -0.4270 -0.9018 -0.0661
vn -0.4272 -0.9018 -0.0659
vn -0.4272 -0.9018 -0.0658
vn 0.7814 -0.5375 -0.3171
vn 0.7813 -0.5376 -0.3172
vn 0.7814 -0.5375 -0.3170
vn -0.4268 -0.9019 0.0661
vn -0.4269 -0.9019 0.0659
vn -0.4269 -0.9019 0.0662
vn -0.4271 -0.9017 0.0664
vn 0.7113 -0.5588 -0.4264
vn 0.7113 -0.5586 -0.4266
vn 0.7113 -0.5587 -0.4266
vn -0.4024 -0.8944 0.1952
vn -0.4026 -0.8943 0.1952
vn -0.4025 -0.8944 0.1952
vn 0.6222 -0.5854 -0.5198
vn 0.6223 -0.5852 -0.5199
vn 0.6222 -0.5854 -0.5199
vn 0.6220 -0.5855 -0.5199
vn -0.3543 -0.8798 0.3170
vn -0.3541 -0.8798 0.3170
vn 0.5171 -0.6174 -0.5929
vn 0.5172 -0.6173 -0.5929
vn 0.5170 -0.6173 -0.5930
vn 0.5169 -0.6171 -0.5933
vn 0.2765 -0.6897 0.6692
vn 0.2765 -0.6896 0.6693
vn 0.2766 -0.6896 0.6693
vn -0.2844 -0.8586 0.4265
vn -0.2846 -0.8585 0.4267
vn -0.2844 -0.8586 0.4266
vn -0.2842 -0.8586 0.4266
vn 0.4004 -0.6523 -0.6435
vn 0.4005 -0.6523 -0.6434
vn 0.4002 -0.6522 -0.6438
vn 0.4004 -0.6522 -0.6437
vn 0.4006 -0.6523 0.6435
vn 0.4005 -0.6525 0.6434
vn 0.4008 -0.6525 0.6432
vn 0.4007 -0.6522 0.6435
vn -0.1947 -0.8315 0.5204
vn -0.1949 -0.8317 0.5199
vn -0.1948 -0.8316 0.5200
vn 0.2765 -0.6895 -0.6694
vn 0.2771 -0.6898 -0.6689
vn 0.2763 -0.6894 -0.6696
vn 0.2766 -0.6895 -0.6694
vn 0.5171 -0.6170 0.5932
vn 0.5171 -0.6171 0.5931
vn 0.5171 -0.6173 0.5929
vn -0.0902 -0.8003 0.5928
vn -0.0902 -0.8002 0.5929
vn -0.0900 -0.8001 0.5931
vn 0.1507 -0.7278 -0.6691
vn 0.1506 -0.7277 -0.6691
vn 0.1508 -0.7278 -0.6690
vn 0.1505 -0.7276 -0.6693
vn 0.6223 -0.5852 0.5198
vn 0.6222 -0.5853 0.5198
vn 0.6224 -0.5851 0.5198
vn 0.0269 -0.7650 0.6435
vn 0.0267 -0.7649 0.6436
vn 0.0269 -0.7650 0.6434
vn 0.0271 -0.7651 0.6433
vn 0.0271 -0.7651 -0.6434
vn 0.0272 -0.7651 -0.6434
vn 0.7113 -0.5586 0.4266
vn 0.7113 -0.5586 0.4265
vn -0.9107 0.4060 0.0766
vn -0.9107 0.4059 0.0766
vn 0.9529 0.2871 -0.0980
vn 0.9528 0.2872 -0.0980
vn 0.9529 0.2868 -0.0984
vn 0.9528 0.2872 -0.0981
vn -0.9162 -0.2761 -0.2904
vn -0.9161 -0.2762 -0.2907
vn -0.9163 -0.2761 -0.2902
vn 0.9162 0.2761 -0.2903
vn 0.9161 0.2762 -0.2907
vn 0.9162 0.2760 -0.2903
vn 0.9163 0.2761 -0.2903
vn -0.9529 -0.2873 -0.0975
vn -0.9528 -0.2872 -0.0980
vn 0.8444 0.2545 -0.4714
vn 0.8443 0.2546 -0.4715
vn 0.8445 0.2544 -0.4713
vn -0.9528 -0.2872 0.0980
vn -0.9528 -0.2872 0.0982
vn 0.7398 0.2232 -0.6347
vn 0.7399 0.2233 -0.6346
vn 0.7398 0.2231 -0.6348
vn 0.7400 0.2231 -0.6346
vn -0.9162 -0.2761 0.2903
vn -0.9162 -0.2761 0.2904
vn -0.9163 -0.2761 0.2902
vn 0.6075 0.1832 -0.7729
vn -0.8444 -0.2544 0.4715
vn -0.8444 -0.2545 0.4714
vn 0.4516 0.1362 -0.8818
vn 0.4515 0.1361 -0.8818
vn 0.4514 0.1361 -0.8819
vn 0.0939 0.0283 0.9952
vn 0.0938 0.0283 0.9952
vn 0.0936 0.0282 0.9952
vn -0.7401 -0.2230 0.6344
vn -0.7401 -0.2232 0.6344
vn 0.2778 0.0838 -0.9570
vn 0.2779 0.0838 -0.9570
vn 0.2777 0.0838 0.9570
vn -0.6074 -0.1831 0.7730
vn -0.6075 -0.1832 0.7729
vn -0.6073 -0.1830 0.7731
vn 0.0938 0.0283 -0.9952
vn 0.0936 0.0283 -0.9952
vn 0.0939 0.0283 -0.9952
vn 0.4515 0.1361 0.8818
vn 0.4513 0.1360 0.8820
vn 0.4516 0.1361 0.8818
vn 0.4514 0.1361 0.8819
vn -0.4514 -0.1360 0.8819
vn -0.4513 -0.1360 0.8820
vn -0.4515 -0.1360 0.8819
vn -0.0938 -0.0283 -0.9952
vn -0.0939 -0.0283 -0.9952
vn 0.6075 0.1832 0.7729
vn -0.2778 -0.0838 0.9570
vn -0.2777 -0.0838 0.9570
vn -0.2779 -0.0838 0.9569
vn -0.2779 -0.0838 -0.9569
vn -0.2779 -0.0838 -0.9570
vn -0.2778 -0.0838 -0.9570
vn 0.7401 0.2232 0.6344
vn 0.7399 0.2233 0.6346
vn 0.7402 0.2231 0.6343
vn -0.0937 -0.0283 0.9952
vn -0.0938 -0.0283 0.9952
vn -0.0937 -0.0282 0.9952
vn -0.0936 -0.0283 0.9952
vn -0.4513 -0.1360 -0.8820
vn -0.4515 -0.1360 -0.8819
vn -0.4514 -0.1360 -0.8819
vn -0.4512 -0.1360 -0.8820
vn 0.8444 0.2545 0.4714
vn 0.8445 0.2544 0.4713
vn -0.6071 -0.1829 -0.7733
vn -0.6074 -0.1831 -0.7730
vn -0.6074 -0.1828 -0.7731
vn 0.9162 0.2761 0.2904
vn 0.9162 0.2761 0.2902
vn -0.7401 -0.2230 -0.6344
vn -0.7401 -0.2229 -0.6345
vn 0.9528 0.2873 0.0978
vn 0.9528 0.2873 0.0977
vn 0.9528 0.2874 0.0977
vn 0.9528 0.2872 0.0980
vn 0.2083 -0.6081 0.7661
vn 0.2083 -0.6081 0.7660
vn 0.0542 0.9682 -0.2441
vn -0.8789 0.4203 0.2255
vn -0.8790 0.4202 0.2255
vn 0.0372 0.9417 -0.3343
vn -0.8175 0.4482 0.3617
vn -0.0003 0.9041 -0.4274
vn -0.0003 0.9040 -0.4275
vn -0.1490 0.7969 0.5854
vn -0.7300 0.4889 0.4776
vn -0.0625 0.8552 -0.5146
vn -0.0625 0.8552 0.5145
vn -0.0625 0.8552 0.5146
vn -0.6223 0.5404 0.5663
vn -0.1490 0.7969 -0.5854
vn -0.1491 0.7969 -0.5854
vn -0.0000 0.9040 0.4275
vn -0.0003 0.9040 0.4275
vn -0.5016 0.6003 0.6229
vn -0.2561 0.7324 -0.6309
vn 0.0372 0.9417 0.3343
vn -0.3765 0.6655 0.6444
vn -0.3765 0.6655 -0.6444
vn 0.0542 0.9682 0.2441
vn -0.2561 0.7324 0.6309
vn -0.5016 0.6003 -0.6229
vn 0.0569 0.9850 0.1626
vn 0.0571 0.9850 0.1627
vn 0.0567 0.9850 0.1628
vn -0.6223 0.5404 -0.5663
vn 0.0535 0.9943 0.0920
vn -0.7300 0.4889 -0.4776
vn 0.0499 0.9983 0.0296
vn 0.0499 0.9983 0.0295
vn -0.8175 0.4482 -0.3617
vn 0.0499 0.9983 -0.0295
vn 0.0499 0.9983 -0.0296
vn -0.8790 0.4202 -0.2255
vn 0.0536 0.9943 -0.0920
vn 0.0535 0.9943 -0.0920
vn -0.9107 0.4059 -0.0766
vn 0.0572 0.9850 -0.1628
vn 0.0571 0.9850 -0.1627
vn 0.0573 0.9850 -0.1630
vn 0.6201 0.1337 0.7730
vn 0.6201 0.1337 0.7731
vn 0.6202 0.1337 0.7729
vn -0.4468 -0.7496 0.4883
vn -0.4471 -0.7495 0.4882
vn -0.4468 -0.7497 0.4882
vn -0.4470 -0.7493 0.4886
vn 0.3531 -0.5771 -0.7364
vn 0.3532 -0.5770 -0.7364
vn 0.3530 -0.5770 -0.7365
vn 0.3535 -0.5773 -0.7361
vn 0.3531 -0.5770 0.7365
vn 0.3528 -0.5772 0.7365
vn 0.3530 -0.5771 0.7364
vn 0.3535 -0.5767 0.7366
vn -0.3430 -0.7270 0.5949
vn -0.3426 -0.7271 0.5950
vn -0.3433 -0.7269 0.5948
vn 0.2082 -0.6082 -0.7660
vn 0.2081 -0.6082 -0.7660
vn 0.2083 -0.6081 -0.7660
vn 0.4888 -0.5480 0.6788
vn 0.4889 -0.5480 0.6788
vn -0.2201 -0.7005 0.6788
vn -0.2201 -0.7006 0.6788
vn -0.2200 -0.7006 0.6788
vn -0.2201 -0.7005 0.6789
vn 0.0609 -0.6400 -0.7660
vn 0.0608 -0.6399 -0.7660
vn 0.0609 -0.6399 -0.7660
vn 0.0610 -0.6400 -0.7660
vn 0.6119 -0.5211 0.5950
vn 0.6119 -0.5212 0.5949
vn -0.0837 -0.6714 0.7363
vn -0.0835 -0.6711 0.7367
vn -0.0837 -0.6710 0.7367
vn -0.0839 -0.6714 0.7363
vn -0.0838 -0.6713 -0.7364
vn -0.0838 -0.6712 -0.7366
vn -0.0837 -0.6714 -0.7364
vn -0.0842 -0.6712 -0.7365
vn 0.7163 -0.4986 0.4883
vn 0.7162 -0.4986 0.4883
vn 0.7162 -0.4986 0.4884
vn 0.7163 -0.4985 0.4883
vn 0.0608 -0.6399 0.7660
vn 0.0610 -0.6398 0.7661
vn -0.2200 -0.7005 -0.6788
vn -0.2202 -0.7005 -0.6789
vn -0.2200 -0.7005 -0.6789
vn -0.2202 -0.7005 -0.6788
vn 0.7981 -0.4810 0.3629
vn 0.7979 -0.4811 0.3632
vn 0.7981 -0.4809 0.3629
vn 0.7981 -0.4810 0.3628
vn -0.3426 -0.7271 -0.5949
vn -0.3425 -0.7268 -0.5954
vn -0.3426 -0.7272 -0.5948
vn -0.3428 -0.7270 -0.5950
vn 0.8546 -0.4688 0.2234
vn 0.8547 -0.4687 0.2234
vn 0.8546 -0.4689 0.2233
vn 0.8546 -0.4688 0.2235
vn -0.4471 -0.7496 -0.4882
vn -0.4471 -0.7494 -0.4883
vn -0.4473 -0.7495 -0.4881
vn 0.8832 -0.4629 0.0751
vn 0.8833 -0.4626 0.0754
vn 0.8832 -0.4628 0.0752
vn -0.5290 -0.7672 -0.3628
vn -0.5291 -0.7671 -0.3628
vn 0.8833 -0.4628 -0.0751
vn 0.8833 -0.4626 -0.0754
vn 0.8834 -0.4626 -0.0755
vn 0.8834 -0.4625 -0.0756
vn -0.5855 -0.7793 -0.2235
vn -0.5854 -0.7792 -0.2237
vn -0.5855 -0.7792 -0.2236
vn -0.5855 -0.7793 -0.2234
vn 0.8545 -0.4689 -0.2233
vn 0.8545 -0.4689 -0.2235
vn 0.8545 -0.4689 -0.2234
vn 0.8546 -0.4688 -0.2234
vn -0.6144 -0.7854 -0.0753
vn -0.6142 -0.7855 -0.0755
vn -0.6142 -0.7855 -0.0758
vn -0.6145 -0.7853 -0.0754
vn 0.7982 -0.4809 -0.3629
vn 0.7981 -0.4810 -0.3628
vn 0.7981 -0.4809 -0.3628
vn 0.7981 -0.4811 -0.3628
vn -0.6143 -0.7855 0.0755
vn -0.6143 -0.7855 0.0754
vn -0.6143 -0.7854 0.0754
vn -0.6144 -0.7854 0.0754
vn 0.7162 -0.4985 -0.4884
vn 0.7162 -0.4986 -0.4883
vn 0.7163 -0.4983 -0.4885
vn -0.5855 -0.7792 0.2240
vn -0.5855 -0.7793 0.2234
vn -0.5855 -0.7793 0.2235
vn -0.5854 -0.7792 0.2240
vn 0.6119 -0.5215 -0.5946
vn 0.6119 -0.5212 -0.5950
vn 0.6119 -0.5215 -0.5947
vn -0.5290 -0.7671 0.3629
vn -0.5290 -0.7671 0.3628
vn -0.5291 -0.7671 0.3628
vn 0.4888 -0.5480 -0.6788
vn 0.4889 -0.5480 -0.6788
vn 0.0213 0.9977 0.0644
vn 0.0211 0.9977 0.0645
vn 0.0212 0.9977 0.0645
vn -0.2836 -0.0612 0.9570
vn -0.2838 -0.0612 0.9569
vn -0.2835 -0.0612 0.9570
vn -0.2837 -0.0612 -0.9570
vn -0.2838 -0.0612 -0.9569
vn 0.7554 0.1630 0.6346
vn 0.7556 0.1629 0.6344
vn 0.7555 0.1630 0.6345
vn 0.7554 0.1631 0.6346
vn -0.0960 -0.0207 0.9952
vn -0.0960 -0.0208 0.9952
vn -0.0958 -0.0206 0.9952
vn -0.4609 -0.0996 -0.8818
vn 0.8622 0.1859 0.4713
vn 0.8621 0.1858 0.4715
vn 0.8622 0.1857 0.4714
vn 0.8622 0.1859 0.4712
vn -0.6201 -0.1333 -0.7731
vn -0.6201 -0.1337 -0.7730
vn -0.6200 -0.1337 -0.7731
vn -0.6202 -0.1336 -0.7730
vn 0.9353 0.2020 0.2905
vn 0.9355 0.2016 0.2903
vn 0.9353 0.2020 0.2904
vn 0.9353 0.2019 0.2906
vn -0.7557 -0.1628 -0.6344
vn -0.7556 -0.1628 -0.6345
vn -0.7556 -0.1629 -0.6344
vn 0.9728 0.2099 0.0979
vn 0.9728 0.2097 0.0981
vn 0.9728 0.2096 0.0984
vn 0.9728 0.2100 0.0977
vn -0.8621 -0.1863 -0.4712
vn 0.9728 0.2097 -0.0983
vn 0.9728 0.2096 -0.0982
vn 0.9728 0.2097 -0.0980
vn 0.9728 0.2099 -0.0978
vn -0.9354 -0.2018 -0.2903
vn -0.9354 -0.2019 -0.2903
vn -0.9354 -0.2020 -0.2904
vn -0.9354 -0.2018 -0.2904
vn 0.9355 0.2016 -0.2903
vn 0.9355 0.2014 -0.2903
vn 0.9355 0.2015 -0.2902
vn 0.9355 0.2016 -0.2902
vn -0.9729 -0.2098 -0.0978
vn -0.9728 -0.2098 -0.0978
vn -0.9728 -0.2097 -0.0980
vn -0.9729 -0.2096 -0.0981
vn 0.8620 0.1859 -0.4715
vn 0.8621 0.1859 -0.4714
vn 0.8621 0.1861 -0.4714
vn 0.8621 0.1859 -0.4715
vn -0.9728 -0.2097 0.0981
vn -0.9728 -0.2099 0.0978
vn -0.9728 -0.2098 0.0979
vn -0.9728 -0.2096 0.0983
vn 0.7556 0.1627 -0.6345
vn 0.7554 0.1625 -0.6347
vn 0.7558 0.1630 -0.6342
vn 0.7557 0.1630 -0.6343
vn -0.9353 -0.2020 0.2905
vn -0.9354 -0.2021 0.2903
vn -0.9353 -0.2020 0.2904
vn -0.9353 -0.2019 0.2906
vn 0.6202 0.1338 -0.7729
vn 0.6204 0.1339 -0.7728
vn 0.6201 0.1337 -0.7731
vn -0.8621 -0.1859 0.4714
vn -0.8621 -0.1859 0.4713
vn 0.4606 0.0993 -0.8820
vn 0.4610 0.0992 -0.8818
vn 0.4608 0.0992 -0.8819
vn 0.4607 0.0994 -0.8820
vn 0.0957 0.0206 0.9952
vn 0.0956 0.0207 0.9952
vn 0.0958 0.0206 0.9952
vn -0.7557 -0.1631 0.6342
vn -0.7556 -0.1629 0.6344
vn -0.7556 -0.1631 0.6344
vn -0.7555 -0.1632 0.6344
vn 0.2836 0.0612 -0.9570
vn 0.2836 0.0611 -0.9570
vn 0.2838 0.0612 -0.9569
vn 0.2835 0.0611 0.9570
vn 0.2836 0.0612 0.9570
vn 0.2836 0.0611 0.9570
vn 0.2834 0.0610 0.9571
vn -0.6202 -0.1336 0.7730
vn -0.6203 -0.1338 0.7729
vn -0.6202 -0.1338 0.7729
vn -0.6201 -0.1338 0.7730
vn 0.0957 0.0206 -0.9952
vn 0.0958 0.0206 -0.9952
vn 0.0956 0.0207 -0.9952
vn 0.4608 0.0992 0.8819
vn 0.4610 0.0992 0.8818
vn 0.4610 0.0993 0.8818
vn 0.4610 0.0994 0.8818
vn -0.4609 -0.0996 0.8818
vn -0.4607 -0.0992 0.8820
vn -0.0957 -0.0206 -0.9952
vn -0.0956 -0.0206 -0.9952
vn -0.0958 -0.0206 -0.9952
vn 0.6677 -0.7266 -0.1618
vn 0.6677 -0.7266 -0.1619
vn 0.6677 -0.7267 -0.1617
vn 0.6677 -0.7267 -0.1615
vn -0.5675 0.7507 -0.3383
vn 0.0211 0.9996 0.0210
vn 0.0210 0.9996 0.0210
vn -0.6358 0.7272 -0.2586
vn -0.6358 0.7273 -0.2585
vn 0.0210 0.9996 -0.0210
vn 0.0211 0.9996 -0.0210
vn -0.6844 0.7108 -0.1623
vn -0.6844 0.7108 -0.1622
vn 0.0210 0.9977 -0.0645
vn 0.0211 0.9977 -0.0645
vn 0.0211 0.9977 -0.0644
vn -0.7096 0.7025 -0.0549
vn -0.7098 0.7022 -0.0555
vn -0.7097 0.7023 -0.0551
vn -0.7097 0.7023 -0.0553
vn 0.0191 0.9935 -0.1123
vn 0.0188 0.9935 -0.1120
vn -0.7097 0.7023 0.0552
vn -0.7097 0.7023 0.0553
vn -0.7096 0.7025 0.0549
vn 0.0120 0.9861 -0.1655
vn -0.6845 0.7107 0.1623
vn -0.6844 0.7108 0.1622
vn -0.0042 0.9747 -0.2236
vn -0.6359 0.7272 0.2586
vn -0.6358 0.7273 0.2585
vn -0.6357 0.7273 0.2586
vn -0.0333 0.9583 -0.2838
vn -0.0335 0.9583 -0.2838
vn -0.0336 0.9583 -0.2838
vn -0.1393 0.9100 0.3904
vn -0.1394 0.9100 0.3904
vn -0.5675 0.7507 0.3383
vn -0.5675 0.7507 0.3382
vn -0.0783 0.9367 -0.3413
vn -0.0785 0.9367 -0.3413
vn -0.0783 0.9367 0.3413
vn -0.4848 0.7796 0.3965
vn -0.4847 0.7796 0.3966
vn -0.1392 0.9101 -0.3903
vn -0.1394 0.9100 -0.3904
vn -0.0335 0.9583 0.2838
vn -0.3940 0.8120 0.4306
vn -0.3941 0.8122 0.4302
vn -0.2152 0.8793 -0.4249
vn -0.0043 0.9747 0.2237
vn -0.0042 0.9747 0.2236
vn -0.3019 0.8459 0.4396
vn -0.3019 0.8460 0.4395
vn -0.3019 0.8459 -0.4396
vn -0.3019 0.8460 -0.4395
vn 0.0120 0.9861 0.1655
vn 0.0120 0.9861 0.1656
vn -0.2152 0.8793 0.4249
vn -0.3940 0.8120 -0.4306
vn 0.0191 0.9935 0.1122
vn 0.0191 0.9935 0.1123
vn -0.4848 0.7796 -0.3965
vn -0.4847 0.7796 -0.3966
vn -0.4847 0.7796 -0.3965
vn 0.6251 0.1084 -0.7730
vn 0.6249 0.1085 -0.7731
vn 0.6248 0.1086 -0.7732
vn -0.4051 -0.9127 -0.0546
vn -0.4052 -0.9126 -0.0545
vn -0.4051 -0.9127 -0.0545
vn -0.4048 -0.9128 -0.0547
vn 0.6265 -0.7338 -0.2629
vn 0.6260 -0.7341 -0.2630
vn 0.6264 -0.7338 -0.2629
vn -0.4051 -0.9126 0.0546
vn -0.4051 -0.9126 0.0547
vn 0.5664 -0.7443 -0.3539
vn 0.5665 -0.7441 -0.3541
vn 0.5664 -0.7444 -0.3538
vn 0.5666 -0.7442 -0.3538
vn -0.3840 -0.9090 0.1619
vn -0.3839 -0.9091 0.1619
vn -0.3841 -0.9090 0.1619
vn 0.4903 -0.7576 -0.4309
vn 0.4904 -0.7575 -0.4310
vn 0.4903 -0.7575 -0.4310
vn 0.4904 -0.7574 -0.4311
vn -0.3430 -0.9018 0.2628
vn -0.3430 -0.9019 0.2628
vn -0.3429 -0.9019 0.2627
vn 0.4009 -0.7729 -0.4919
vn 0.4009 -0.7729 -0.4918
vn 0.1957 -0.8085 0.5550
vn 0.1955 -0.8084 0.5552
vn -0.2828 -0.8916 0.3537
vn -0.2832 -0.8913 0.3541
vn -0.2831 -0.8914 0.3540
vn -0.2828 -0.8916 0.3536
vn 0.3013 -0.7901 -0.5338
vn 0.3013 -0.7902 -0.5337
vn 0.3013 -0.7901 -0.5337
vn 0.3014 -0.7899 0.5341
vn 0.3013 -0.7899 0.5341
vn 0.3014 -0.7900 0.5339
vn -0.2068 -0.8782 0.4313
vn -0.2069 -0.8782 0.4313
vn 0.1957 -0.8085 -0.5550
vn 0.1956 -0.8084 -0.5551
vn 0.1958 -0.8085 -0.5549
vn 0.4010 -0.7729 0.4919
vn 0.4009 -0.7729 0.4918
vn 0.4010 -0.7729 0.4918
vn 0.4011 -0.7728 0.4919
vn -0.1171 -0.8628 0.4918
vn -0.1172 -0.8628 0.4918
vn -0.1170 -0.8626 0.4923
vn 0.0880 -0.8271 -0.5552
vn 0.0879 -0.8270 -0.5553
vn 0.0880 -0.8271 -0.5551
vn 0.0880 -0.8272 -0.5550
vn 0.4904 -0.7575 0.4310
vn 0.4904 -0.7575 0.4309
vn 0.4904 -0.7574 0.4311
vn -0.0175 -0.8455 0.5337
vn -0.0173 -0.8455 0.5336
vn -0.0174 -0.8457 0.5334
vn -0.0177 -0.8455 0.5337
vn -0.0174 -0.8457 -0.5334
vn -0.0172 -0.8457 -0.5334
vn -0.0176 -0.8456 -0.5335
vn 0.5664 -0.7445 0.3535
vn 0.5668 -0.7442 0.3534
vn 0.5668 -0.7441 0.3536
vn 0.5666 -0.7442 0.3538
vn 0.0881 -0.8273 0.5549
vn 0.0880 -0.8273 0.5548
vn 0.0880 -0.8272 0.5550
vn -0.1171 -0.8628 -0.4918
vn -0.1172 -0.8627 -0.4919
vn 0.6263 -0.7339 0.2629
vn 0.6264 -0.7338 0.2629
vn 0.6265 -0.7338 0.2629
vn -0.2069 -0.8782 -0.4311
vn -0.2069 -0.8783 -0.4311
vn -0.2070 -0.8782 -0.4312
vn -0.2068 -0.8783 -0.4311
vn 0.6677 -0.7267 0.1617
vn 0.6677 -0.7267 0.1614
vn 0.6677 -0.7266 0.1618
vn 0.6677 -0.7267 0.1618
vn -0.2830 -0.8915 -0.3537
vn -0.2830 -0.8915 -0.3538
vn -0.2831 -0.8914 -0.3539
vn -0.2832 -0.8914 -0.3538
vn 0.6885 -0.7232 0.0549
vn 0.6885 -0.7231 0.0550
vn -0.3430 -0.9019 -0.2628
vn -0.3429 -0.9019 -0.2628
vn -0.3430 -0.9018 -0.2628
vn -0.3430 -0.9018 -0.2627
vn 0.6885 -0.7232 -0.0548
vn 0.6887 -0.7230 -0.0547
vn -0.3841 -0.9090 -0.1620
vn -0.3840 -0.9090 -0.1622
vn -0.3840 -0.9090 -0.1621
vn -0.3841 -0.9090 -0.1619
vn -0.0145 0.7110 -0.7030
vn -0.0146 0.7110 -0.7030
vn -0.8689 -0.1510 0.4715
vn -0.8690 -0.1507 0.4714
vn 0.4648 0.0803 -0.8818
vn 0.4647 0.0804 -0.8818
vn 0.4647 0.0803 -0.8818
vn 0.4645 0.0805 -0.8819
vn 0.0965 0.0167 0.9952
vn 0.0966 0.0167 0.9952
vn -0.7617 -0.1322 0.6342
vn 0.2855 0.0495 -0.9571
vn 0.2856 0.0496 -0.9571
vn 0.2858 0.0496 -0.9570
vn 0.2857 0.0496 0.9570
vn 0.2856 0.0496 0.9571
vn 0.2855 0.0495 0.9571
vn 0.2858 0.0496 0.9570
vn -0.6252 -0.1084 0.7729
vn -0.6251 -0.1083 0.7730
vn 0.0966 0.0167 -0.9952
vn 0.0965 0.0167 -0.9952
vn 0.4645 0.0806 0.8819
vn 0.4644 0.0807 0.8820
vn 0.4645 0.0805 0.8819
vn 0.4648 0.0803 0.8818
vn -0.4646 -0.0805 0.8819
vn -0.4648 -0.0804 0.8818
vn -0.4644 -0.0806 0.8820
vn -0.0966 -0.0167 -0.9952
vn 0.6251 0.1084 0.7730
vn 0.6252 0.1084 0.7729
vn 0.6250 0.1084 0.7731
vn -0.2855 -0.0495 0.9571
vn -0.2856 -0.0494 0.9571
vn -0.2857 -0.0496 0.9570
vn -0.2856 -0.0496 0.9571
vn -0.2854 -0.0494 -0.9571
vn -0.2858 -0.0496 -0.9570
vn -0.2855 -0.0495 -0.9571
vn -0.2856 -0.0496 -0.9571
vn 0.7616 0.1321 0.6344
vn -0.0966 -0.0167 0.9952
vn -0.4644 -0.0806 -0.8820
vn -0.4648 -0.0804 -0.8818
vn -0.4646 -0.0805 -0.8819
vn -0.4641 -0.0806 -0.8821
vn 0.8690 0.1506 0.4713
vn 0.8689 0.1510 0.4715
vn 0.8690 0.1507 0.4713
vn 0.8690 0.1507 0.4714
vn -0.6251 -0.1084 -0.7730
vn -0.6250 -0.1084 -0.7730
vn 0.9428 0.1636 0.2903
vn 0.9429 0.1635 0.2902
vn 0.9429 0.1635 0.2903
vn -0.7617 -0.1320 -0.6343
vn -0.7618 -0.1319 -0.6343
vn -0.7614 -0.1323 -0.6346
vn 0.9806 0.1700 0.0980
vn 0.9805 0.1701 0.0981
vn -0.8690 -0.1505 -0.4713
vn -0.8690 -0.1507 -0.4714
vn -0.8690 -0.1504 -0.4713
vn 0.9806 0.1701 -0.0979
vn 0.9806 0.1700 -0.0980
vn 0.9805 0.1701 -0.0979
vn 0.9805 0.1704 -0.0975
vn -0.9429 -0.1635 -0.2903
vn 0.9429 0.1635 -0.2903
vn 0.9429 0.1633 -0.2903
vn -0.9806 -0.1700 -0.0981
vn -0.9806 -0.1700 -0.0980
vn -0.9805 -0.1701 -0.0979
vn 0.8689 0.1510 -0.4715
vn 0.8690 0.1507 -0.4714
vn -0.9806 -0.1700 0.0980
vn -0.9806 -0.1700 0.0978
vn -0.9806 -0.1701 0.0979
vn 0.7616 0.1323 -0.6344
vn -0.9429 -0.1636 0.2902
vn -0.9429 -0.1635 0.2903
vn -0.9429 -0.1635 0.2902
vn -0.1871 -0.8769 -0.4427
vn 0.1644 0.8543 0.4931
vn -0.4563 0.4998 0.7362
vn -0.1507 0.6353 -0.7574
vn 0.1948 0.9100 0.3659
vn -0.3022 0.5638 0.7687
vn -0.3022 0.5638 -0.7687
vn 0.1909 0.9500 0.2471
vn -0.1507 0.6353 0.7574
vn -0.4563 0.4998 -0.7362
vn 0.1663 0.9747 0.1495
vn -0.6018 0.4452 -0.6631
vn 0.1377 0.9875 0.0767
vn -0.7292 0.4010 -0.5545
vn 0.1194 0.9926 0.0232
vn -0.8311 0.3677 -0.4173
vn 0.1193 0.9926 -0.0232
vn 0.1194 0.9926 -0.0232
vn -0.9020 0.3454 -0.2589
vn 0.1377 0.9875 -0.0767
vn -0.9384 0.3342 -0.0877
vn -0.9384 0.3343 -0.0877
vn 0.1663 0.9747 -0.1495
vn -0.9384 0.3342 0.0879
vn -0.9384 0.3342 0.0878
vn -0.9384 0.3342 0.0877
vn -0.9385 0.3341 0.0876
vn 0.1909 0.9500 -0.2471
vn -0.9020 0.3454 0.2589
vn 0.1948 0.9100 -0.3659
vn -0.8311 0.3677 0.4173
vn 0.1644 0.8543 -0.4931
vn -0.0146 0.7110 0.7030
vn -0.7292 0.4010 0.5545
vn 0.0936 0.7861 -0.6110
vn 0.0936 0.7861 0.6110
vn -0.6018 0.4452 0.6631
vn -0.8804 -0.0501 -0.4715
vn 0.4912 -0.8383 0.2366
vn 0.4913 -0.8383 0.2366
vn 0.4911 -0.8383 0.2368
vn 0.4909 -0.8384 0.2368
vn -0.2688 -0.8816 -0.3880
vn -0.2687 -0.8816 -0.3880
vn 0.5287 -0.8362 0.1458
vn 0.5288 -0.8362 0.1457
vn 0.5287 -0.8362 0.1461
vn 0.5285 -0.8363 0.1459
vn -0.3380 -0.8856 -0.3185
vn -0.3382 -0.8856 -0.3185
vn -0.3379 -0.8856 -0.3185
vn -0.3378 -0.8857 -0.3185
vn 0.5478 -0.8352 0.0491
vn 0.5479 -0.8351 0.0492
vn 0.5479 -0.8351 0.0491
vn -0.3928 -0.8886 -0.2367
vn -0.3928 -0.8887 -0.2366
vn -0.3928 -0.8886 -0.2368
vn 0.5479 -0.8351 -0.0492
vn 0.5482 -0.8349 -0.0494
vn -0.4303 -0.8909 -0.1456
vn -0.4304 -0.8908 -0.1457
vn -0.4303 -0.8909 -0.1457
vn 0.5287 -0.8361 -0.1460
vn 0.5285 -0.8363 -0.1456
vn 0.5288 -0.8361 -0.1458
vn 0.5288 -0.8362 -0.1458
vn -0.4496 -0.8919 -0.0492
vn -0.4496 -0.8919 -0.0491
vn -0.4494 -0.8920 -0.0492
vn 0.4912 -0.8383 -0.2366
vn 0.4911 -0.8383 -0.2367
vn -0.4495 -0.8919 0.0493
vn -0.4493 -0.8920 0.0492
vn -0.4496 -0.8919 0.0493
vn 0.4367 -0.8414 -0.3184
vn -0.4304 -0.8908 0.1457
vn -0.4303 -0.8908 0.1457
vn 0.3672 -0.8454 -0.3880
vn 0.3671 -0.8454 -0.3880
vn 0.3672 -0.8452 -0.3884
vn 0.3672 -0.8453 -0.3880
vn -0.3929 -0.8887 0.2366
vn -0.3928 -0.8887 0.2366
vn -0.3928 -0.8887 0.2365
vn 0.2856 -0.8500 -0.4427
vn 0.2858 -0.8499 -0.4427
vn 0.2856 -0.8499 -0.4428
vn 0.2854 -0.8500 -0.4428
vn 0.0983 -0.8606 0.4996
vn 0.0983 -0.8607 0.4996
vn -0.3380 -0.8856 0.3185
vn -0.3380 -0.8856 0.3186
vn -0.3380 -0.8856 0.3184
vn -0.3379 -0.8857 0.3183
vn 0.1945 -0.8552 -0.4804
vn 0.1947 -0.8552 -0.4804
vn 0.1943 -0.8552 -0.4805
vn 0.1944 -0.8553 -0.4803
vn 0.1947 -0.8552 0.4804
vn 0.1946 -0.8552 0.4804
vn 0.1945 -0.8551 0.4806
vn -0.2687 -0.8817 0.3879
vn -0.2687 -0.8816 0.3880
vn -0.2687 -0.8816 0.3881
vn 0.0984 -0.8606 -0.4996
vn 0.0983 -0.8607 -0.4996
vn 0.2854 -0.8499 0.4430
vn 0.2854 -0.8500 0.4427
vn -0.1872 -0.8770 0.4426
vn -0.1873 -0.8770 0.4424
vn -0.1871 -0.8769 0.4428
vn -0.0001 -0.8662 -0.4996
vn -0.0000 -0.8663 -0.4996
vn -0.0002 -0.8662 -0.4997
vn 0.3670 -0.8453 0.3883
vn 0.3667 -0.8453 0.3885
vn 0.3669 -0.8454 0.3882
vn 0.3671 -0.8454 0.3880
vn -0.0961 -0.8717 0.4805
vn -0.0963 -0.8718 0.4804
vn -0.0960 -0.8719 0.4802
vn -0.0963 -0.8717 0.4805
vn -0.0960 -0.8717 -0.4805
vn -0.0961 -0.8717 -0.4806
vn -0.0959 -0.8717 -0.4805
vn -0.0958 -0.8718 -0.4804
vn 0.4363 -0.8415 0.3186
vn 0.4363 -0.8415 0.3185
vn 0.4367 -0.8414 0.3184
vn -0.0000 -0.8662 0.4996
vn -0.0000 -0.8663 0.4996
vn -0.0000 -0.8662 0.4997
vn -0.8332 0.5471 0.0804
vn -0.8332 0.5471 0.0803
vn -0.8331 0.5472 0.0805
vn 0.9936 0.0566 -0.0980
vn -0.9554 -0.0544 -0.2904
vn 0.9554 0.0544 -0.2903
vn 0.9554 0.0544 -0.2902
vn -0.9936 -0.0568 -0.0980
vn -0.9936 -0.0566 -0.0981
vn -0.9936 -0.0567 -0.0981
vn -0.9936 -0.0566 -0.0980
vn 0.8805 0.0501 -0.4715
vn -0.9936 -0.0568 0.0981
vn -0.9936 -0.0566 0.0982
vn -0.9936 -0.0567 0.0982
vn -0.9936 -0.0566 0.0981
vn 0.7717 0.0439 -0.6345
vn 0.7720 0.0439 -0.6341
vn 0.7719 0.0439 -0.6342
vn -0.9554 -0.0544 0.2904
vn -0.9554 -0.0544 0.2903
vn 0.6330 0.0360 -0.7733
vn 0.6332 0.0361 -0.7731
vn 0.6333 0.0361 -0.7730
vn -0.8804 -0.0501 0.4715
vn 0.4704 0.0268 -0.8820
vn 0.4701 0.0268 -0.8822
vn 0.0981 0.0056 0.9952
vn 0.0980 0.0056 0.9952
vn 0.0979 0.0056 0.9952
vn -0.7717 -0.0439 0.6345
vn 0.2899 0.0165 -0.9569
vn 0.2900 0.0165 -0.9569
vn 0.2896 0.0165 -0.9570
vn 0.2900 0.0165 0.9569
vn 0.2899 0.0165 0.9569
vn -0.6333 -0.0361 0.7730
vn -0.6330 -0.0360 0.7733
vn -0.6334 -0.0361 0.7730
vn 0.0980 0.0056 -0.9952
vn 0.0978 0.0056 -0.9952
vn 0.0983 0.0056 -0.9951
vn 0.4707 0.0268 0.8819
vn 0.4713 0.0268 0.8816
vn -0.4707 -0.0268 0.8819
vn -0.4708 -0.0268 0.8818
vn -0.0980 -0.0056 -0.9952
vn -0.0981 -0.0056 -0.9952
vn -0.0978 -0.0056 -0.9952
vn 0.6330 0.0360 0.7733
vn 0.6332 0.0361 0.7731
vn 0.6333 0.0361 0.7730
vn -0.2898 -0.0165 0.9569
vn -0.2897 -0.0165 0.9570
vn -0.2900 -0.0165 -0.9569
vn 0.7717 0.0439 0.6345
vn -0.0981 -0.0056 0.9952
vn -0.0986 -0.0056 0.9951
vn -0.0983 -0.0056 0.9951
vn -0.0980 -0.0056 0.9952
vn -0.4702 -0.0268 -0.8822
vn 0.8805 0.0501 0.4715
vn -0.6333 -0.0361 -0.7730
vn -0.6330 -0.0360 -0.7733
vn 0.9554 0.0544 0.2904
vn 0.9554 0.0544 0.2902
vn 0.9554 0.0544 0.2903
vn -0.7719 -0.0439 -0.6342
vn -0.7720 -0.0439 -0.6341
vn -0.7717 -0.0439 -0.6345
vn 0.9936 0.0566 0.0982
vn 0.9935 0.0566 0.0983
vn -0.3379 -0.6941 -0.6356
vn -0.3380 -0.6941 -0.6356
vn -0.3381 -0.6941 -0.6355
vn 0.3555 0.8803 -0.3141
vn -0.7986 0.5533 0.2368
vn -0.7985 0.5534 0.2368
vn -0.7986 0.5534 0.2367
vn 0.3135 0.8544 -0.4143
vn -0.7311 0.5659 0.3810
vn -0.7311 0.5660 0.3810
vn -0.7312 0.5659 0.3811
vn 0.2478 0.8228 -0.5114
vn 0.0418 0.7486 0.6617
vn -0.6346 0.5847 0.5054
vn -0.6345 0.5849 0.5052
vn 0.1566 0.7869 -0.5969
vn 0.1566 0.7869 0.5969
vn -0.5149 0.6089 0.6034
vn -0.5147 0.6091 0.6034
vn 0.0418 0.7486 -0.6617
vn 0.2478 0.8228 0.5114
vn -0.3785 0.6387 0.6699
vn -0.3784 0.6387 0.6699
vn -0.3784 0.6387 0.6700
vn -0.0911 0.7099 -0.6984
vn 0.3135 0.8544 0.4143
vn -0.2342 0.6727 0.7018
vn -0.2342 0.6727 -0.7018
vn -0.2342 0.6727 -0.7019
vn 0.3555 0.8803 0.3141
vn -0.0911 0.7099 0.6984
vn -0.3784 0.6387 -0.6699
vn -0.3782 0.6389 -0.6700
vn 0.3785 0.8998 0.2172
vn -0.5147 0.6091 -0.6034
vn 0.3889 0.9125 0.1265
vn 0.3889 0.9126 0.1265
vn -0.6346 0.5848 -0.5053
vn -0.6346 0.5847 -0.5054
vn -0.6344 0.5848 -0.5055
vn 0.3924 0.9189 0.0414
vn -0.7311 0.5659 -0.3811
vn -0.7311 0.5660 -0.3810
vn 0.3924 0.9189 -0.0414
vn 0.3924 0.9189 -0.0412
vn -0.7985 0.5535 -0.2365
vn -0.7985 0.5535 -0.2368
vn -0.7984 0.5535 -0.2370
vn 0.3889 0.9125 -0.1265
vn -0.8331 0.5472 -0.0804
vn -0.8331 0.5472 -0.0802
vn -0.8332 0.5471 -0.0804
vn 0.3785 0.8998 -0.2172
vn -0.8820 -0.0039 -0.4713
vn -0.8820 -0.0039 -0.4712
vn 0.6373 -0.6917 0.3397
vn 0.6372 -0.6918 0.3397
vn 0.6370 -0.6920 0.3398
vn -0.4554 -0.6945 -0.5571
vn -0.4554 -0.6944 -0.5571
vn -0.4554 -0.6943 -0.5572
vn 0.6913 -0.6917 0.2090
vn 0.6912 -0.6918 0.2089
vn 0.6912 -0.6918 0.2088
vn 0.6914 -0.6915 0.2092
vn -0.5553 -0.6947 -0.4572
vn 0.7190 -0.6914 0.0707
vn 0.7191 -0.6913 0.0706
vn 0.7189 -0.6915 0.0707
vn 0.7188 -0.6916 0.0708
vn -0.6338 -0.6949 -0.3397
vn -0.6339 -0.6949 -0.3397
vn -0.6338 -0.6949 -0.3398
vn 0.7189 -0.6915 -0.0706
vn 0.7188 -0.6916 -0.0705
vn 0.7189 -0.6915 -0.0707
vn 0.7191 -0.6913 -0.0708
vn -0.6876 -0.6951 -0.2098
vn -0.6878 -0.6950 -0.2097
vn -0.6875 -0.6952 -0.2099
vn -0.6879 -0.6950 -0.2093
vn 0.6915 -0.6915 -0.2092
vn 0.6914 -0.6916 -0.2092
vn 0.6914 -0.6916 -0.2091
vn 0.6915 -0.6915 -0.2091
vn -0.7153 -0.6952 -0.0709
vn -0.7154 -0.6951 -0.0706
vn -0.7152 -0.6954 -0.0708
vn 0.6370 -0.6920 -0.3397
vn 0.6370 -0.6920 -0.3398
vn 0.6372 -0.6918 -0.3397
vn 0.6373 -0.6917 -0.3397
vn -0.7154 -0.6952 0.0708
vn -0.7153 -0.6952 0.0706
vn -0.7153 -0.6952 0.0707
vn 0.5591 -0.6917 -0.4570
vn 0.5590 -0.6918 -0.4571
vn 0.5592 -0.6916 -0.4572
vn 0.5594 -0.6913 -0.4574
vn -0.6879 -0.6950 0.2093
vn -0.6879 -0.6950 0.2092
vn 0.4590 -0.6921 -0.5571
vn 0.4589 -0.6921 -0.5571
vn 0.4591 -0.6920 -0.5571
vn 0.4592 -0.6919 -0.5571
vn -0.6338 -0.6949 0.3397
vn -0.6339 -0.6949 0.3396
vn -0.6338 -0.6949 0.3396
vn 0.3415 -0.6923 -0.6357
vn 0.3415 -0.6924 -0.6356
vn 0.3416 -0.6923 -0.6357
vn 0.0725 -0.6932 0.7171
vn 0.0724 -0.6931 0.7172
vn 0.0725 -0.6933 0.7170
vn -0.5553 -0.6947 0.4572
vn 0.2109 -0.6928 -0.6896
vn 0.2107 -0.6929 -0.6896
vn 0.2108 -0.6928 -0.6897
vn 0.2107 -0.6926 -0.6899
vn 0.2108 -0.6927 0.6897
vn 0.2103 -0.6928 0.6897
vn -0.4554 -0.6944 0.5571
vn -0.4554 -0.6945 0.5571
vn 0.0726 -0.6931 -0.7171
vn 0.0729 -0.6934 -0.7169
vn 0.0727 -0.6931 -0.7171
vn 0.0725 -0.6931 -0.7172
vn 0.3417 -0.6923 0.6356
vn 0.3415 -0.6924 0.6356
vn 0.3416 -0.6923 0.6356
vn 0.3417 -0.6924 0.6355
vn -0.3384 -0.6940 0.6355
vn -0.3377 -0.6945 0.6353
vn -0.3382 -0.6942 0.6354
vn -0.3382 -0.6940 0.6356
vn -0.0689 -0.6934 -0.7173
vn -0.0690 -0.6932 -0.7174
vn -0.0688 -0.6932 -0.7174
vn -0.0689 -0.6934 -0.7172
vn 0.4591 -0.6920 0.5571
vn 0.4590 -0.6921 0.5571
vn -0.2077 -0.6938 0.6896
vn -0.2074 -0.6938 0.6897
vn -0.2079 -0.6936 0.6897
vn -0.2074 -0.6940 0.6894
vn -0.2076 -0.6937 -0.6897
vn -0.2075 -0.6937 -0.6897
vn 0.5591 -0.6917 0.4572
vn 0.5587 -0.6919 0.4573
vn 0.5589 -0.6916 0.4574
vn 0.5591 -0.6915 0.4573
vn -0.0687 -0.6935 0.7172
vn -0.0684 -0.6936 0.7171
vn -0.0688 -0.6935 0.7172
vn -0.0689 -0.6934 0.7172
vn -0.0026 1.0000 -0.0000
vn -0.0026 1.0000 0.0001
vn -0.0028 1.0000 -0.0000
vn -0.0023 1.0000 0.0001
vn -0.0025 1.0000 -0.0000
vn -0.0027 1.0000 0.0001
vn -0.0024 1.0000 -0.0001
vn -0.0022 1.0000 -0.0004
vn -0.0029 1.0000 0.0002
vn -0.0027 1.0000 -0.0000
vn -0.0026 1.0000 -0.0001
vn -0.0028 1.0000 -0.0003
vn -0.0025 1.0000 -0.0004
vn -0.0027 1.0000 -0.0003
vn -0.0026 1.0000 -0.0002
vn 0.9952 0.0044 -0.0979
vn 0.9952 0.0043 -0.0980
vn -0.9569 -0.0044 -0.2903
vn 0.9569 0.0044 -0.2903
vn -0.9952 -0.0044 -0.0981
vn -0.9952 -0.0044 -0.0980
vn 0.8816 0.0040 -0.4719
vn 0.8818 0.0039 -0.4716
vn -0.9952 -0.0044 0.0981
vn -0.9952 -0.0044 0.0980
vn 0.7729 0.0029 -0.6345
vn 0.7730 0.0034 -0.6344
vn -0.9569 -0.0044 0.2903
vn 0.6342 0.0030 -0.7731
vn 0.6342 0.0029 -0.7732
vn 0.6343 0.0028 -0.7731
vn 0.6345 0.0027 -0.7729
vn -0.8820 -0.0039 0.4713
vn 0.4713 0.0020 -0.8820
vn 0.4712 0.0021 -0.8820
vn 0.4714 0.0021 -0.8819
vn 0.0977 0.0004 0.9952
vn 0.0981 0.0004 0.9952
vn -0.7726 -0.0035 0.6349
vn 0.2901 0.0011 -0.9570
vn 0.2902 0.0012 -0.9570
vn 0.2903 0.0013 -0.9569
vn 0.2901 0.0011 0.9570
vn 0.2902 0.0013 0.9570
vn 0.2903 0.0009 0.9569
vn -0.6344 -0.0028 0.7730
vn -0.6343 -0.0028 0.7731
vn -0.6345 -0.0028 0.7729
vn 0.0979 0.0004 -0.9952
vn 0.0980 0.0004 -0.9952
vn 0.4714 0.0021 0.8819
vn 0.4715 0.0021 0.8819
vn -0.4715 -0.0021 0.8819
vn -0.0980 -0.0004 -0.9952
vn -0.0979 -0.0004 -0.9952
vn 0.6346 0.0024 0.7729
vn 0.6346 0.0028 0.7729
vn 0.6344 0.0027 0.7730
vn -0.2903 -0.0013 0.9569
vn -0.2903 -0.0013 -0.9569
vn 0.7729 0.0034 0.6345
vn 0.7730 0.0032 0.6344
vn 0.7729 0.0033 0.6345
vn 0.7726 0.0035 0.6349
vn -0.0982 -0.0004 0.9952
vn -0.0979 -0.0004 0.9952
vn -0.0981 -0.0004 0.9952
vn -0.4714 -0.0021 -0.8819
vn -0.4715 -0.0021 -0.8818
vn 0.8816 0.0040 0.4719
vn 0.8819 0.0039 0.4714
vn 0.8818 0.0040 0.4716
vn -0.6344 -0.0028 -0.7730
vn -0.6343 -0.0028 -0.7731
vn -0.6345 -0.0028 -0.7729
vn 0.9569 0.0044 0.2903
vn -0.7728 -0.0034 -0.6347
vn -0.7726 -0.0035 -0.6349
vn 0.9952 0.0046 0.0977
vt 0.000000 0.000000
s 1
usemtl Goddard_None
f 2049/2/3035 2050/2/3036 2051/2/3036
f 2051/2/3036 2052/2/3037 2053/2/3038
f 2049/2/3035 2051/2/3036 2053/2/3038
f 2053/2/3038 2054/2/3037 2055/2/3039
f 2055/2/3039 2056/2/3037 2057/2/3040
f 2053/2/3038 2055/2/3039 2057/2/3040
f 2049/2/3035 2053/2/3038 2057/2/3040
f 2057/2/3040 2058/2/3037 2059/2/3041
f 2059/2/3041 2060/2/3037 2061/2/3042
f 2057/2/3040 2059/2/3041 2061/2/3042
f 2061/2/3042 2062/2/3037 2063/2/3043
f 2063/2/3043 2064/2/3037 2065/2/3042
f 2061/2/3042 2063/2/3043 2065/2/3042
f 2057/2/3040 2061/2/3042 2065/2/3042
f 2065/2/3042 2066/2/3037 2067/2/3037
f 2067/2/3037 2068/2/3037 2069/2/3044
f 2065/2/3042 2067/2/3037 2069/2/3044
f 2069/2/3044 2070/2/3037 2071/2/3042
f 2071/2/3042 2072/2/3037 2073/2/3045
f 2069/2/3044 2071/2/3042 2073/2/3045
f 2065/2/3042 2069/2/3044 2073/2/3045
f 2057/2/3040 2065/2/3042 2073/2/3045
f 2049/2/3035 2057/2/3040 2073/2/3045
f 2074/2/3037 2075/2/3037 2076/2/3035
f 2073/2/3045 2074/2/3037 2076/2/3035
f 2073/2/3045 2076/2/3035 2077/2/3046
f 2049/2/3035 2073/2/3045 2077/2/3046
f 2078/2/3038 2049/2/3035 2077/2/3046
f 2078/2/3038 2077/2/3046 2079/2/3037
f 2078/2/3038 2079/2/3037 2080/2/3037
f 2081/2/3047 2082/2/3048 2083/2/3049
f 2083/2/3049 2084/2/3050 2081/2/3047
f 2067/2/3051 2085/2/3052 2086/2/3053
f 2086/2/3053 2068/2/3054 2067/2/3051
f 2087/2/3055 2049/2/3055 2078/2/3055
f 2078/2/3055 2088/2/3056 2087/2/3055
f 2053/2/3057 2089/2/3057 2090/2/3057
f 2090/2/3057 2054/2/3057 2053/2/3057
f 2066/2/3058 2091/2/3059 2085/2/3059
f 2085/2/3059 2067/2/3060 2066/2/3058
f 2088/2/3061 2078/2/3062 2080/2/3063
f 2080/2/3063 2092/2/3064 2088/2/3061
f 2052/2/3065 2093/2/3066 2089/2/3067
f 2089/2/3067 2053/2/3066 2052/2/3065
f 2065/2/3068 2094/2/3068 2091/2/3068
f 2091/2/3068 2066/2/3068 2065/2/3068
f 2092/2/3069 2080/2/3070 2079/2/3070
f 2079/2/3070 2095/2/3071 2092/2/3069
f 2051/2/3072 2096/2/3073 2093/2/3074
f 2093/2/3074 2052/2/3075 2051/2/3072
f 2064/2/3076 2097/2/3076 2094/2/3076
f 2094/2/3076 2065/2/3076 2064/2/3076
f 2079/2/3077 2077/2/3078 2098/2/3079
f 2098/2/3079 2095/2/3079 2079/2/3077
f 2050/2/3080 2099/2/3081 2096/2/3080
f 2096/2/3080 2051/2/3082 2050/2/3080
f 2063/2/3083 2100/2/3084 2097/2/3083
f 2097/2/3083 2064/2/3085 2063/2/3083
f 2076/2/3086 2101/2/3087 2098/2/3088
f 2098/2/3088 2077/2/3089 2076/2/3086
f 2050/2/3090 2049/2/3090 2087/2/3090
f 2087/2/3090 2099/2/3090 2050/2/3090
f 2062/2/3091 2102/2/3092 2100/2/3093
f 2100/2/3093 2063/2/3094 2062/2/3091
f 2103/2/3095 2101/2/3096 2076/2/3097
f 2076/2/3097 2075/2/3098 2103/2/3095
f 2061/2/3099 2104/2/3100 2102/2/3101
f 2102/2/3101 2062/2/3099 2061/2/3099
f 2074/2/3102 2105/2/3102 2103/2/3102
f 2103/2/3102 2075/2/3102 2074/2/3102
f 2060/2/3103 2106/2/3104 2104/2/3105
f 2104/2/3105 2061/2/3103 2060/2/3103
f 2084/2/3106 2105/2/3107 2074/2/3108
f 2074/2/3108 2073/2/3109 2084/2/3106
f 2059/2/3110 2107/2/3111 2106/2/3112
f 2106/2/3112 2060/2/3111 2059/2/3110
f 2084/2/3113 2073/2/3114 2072/2/3115
f 2072/2/3115 2081/2/3116 2084/2/3113
f 2058/2/3117 2108/2/3117 2107/2/3118
f 2107/2/3118 2059/2/3117 2058/2/3117
f 2072/2/3119 2071/2/3119 2109/2/3119
f 2109/2/3119 2081/2/3119 2072/2/3119
f 2057/2/3120 2110/2/3121 2108/2/3122
f 2108/2/3122 2058/2/3123 2057/2/3120
f 2070/2/3124 2111/2/3125 2109/2/3126
f 2109/2/3126 2071/2/3127 2070/2/3124
f 2056/2/3128 2112/2/3129 2110/2/3130
f 2110/2/3130 2057/2/3131 2056/2/3128
f 2069/2/3132 2113/2/3133 2111/2/3134
f 2111/2/3134 2070/2/3135 2069/2/3132
f 2055/2/3136 2114/2/3137 2112/2/3138
f 2112/2/3138 2056/2/3139 2055/2/3136
f 2068/2/3140 2086/2/3140 2113/2/3140
f 2113/2/3140 2069/2/3140 2068/2/3140
f 2054/2/3141 2090/2/3142 2114/2/3143
f 2114/2/3143 2055/2/3144 2054/2/3141
f 2115/2/3145 2116/2/3146 2117/2/3147
f 2117/2/3147 2118/2/3148 2115/2/3145
f 2108/2/3149 2119/2/3150 2120/2/3151
f 2120/2/3151 2107/2/3152 2108/2/3149
f 2109/2/3153 2121/2/3154 2082/2/3155
f 2082/2/3155 2081/2/3156 2109/2/3153
f 2110/2/3157 2122/2/3157 2119/2/3158
f 2119/2/3158 2108/2/3159 2110/2/3157
f 2111/2/3160 2118/2/3161 2121/2/3160
f 2121/2/3160 2109/2/3162 2111/2/3160
f 2112/2/3163 2123/2/3164 2122/2/3163
f 2122/2/3163 2110/2/3165 2112/2/3163
f 2113/2/3166 2115/2/3166 2118/2/3167
f 2118/2/3167 2111/2/3168 2113/2/3166
f 2114/2/3169 2124/2/3170 2123/2/3171
f 2123/2/3171 2112/2/3170 2114/2/3169
f 2086/2/3172 2125/2/3173 2115/2/3174
f 2115/2/3174 2113/2/3175 2086/2/3172
f 2090/2/3176 2126/2/3177 2124/2/3178
f 2124/2/3178 2114/2/3179 2090/2/3176
f 2085/2/3180 2127/2/3181 2125/2/3182
f 2125/2/3182 2086/2/3183 2085/2/3180
f 2088/2/3184 2128/2/3184 2129/2/3184
f 2129/2/3184 2087/2/3184 2088/2/3184
f 2089/2/3185 2130/2/3186 2126/2/3185
f 2126/2/3185 2090/2/3187 2089/2/3185
f 2091/2/3188 2131/2/3188 2127/2/3188
f 2127/2/3188 2085/2/3188 2091/2/3188
f 2092/2/3189 2132/2/3189 2128/2/3190
f 2128/2/3190 2088/2/3190 2092/2/3189
f 2093/2/3191 2133/2/3191 2130/2/3192
f 2130/2/3192 2089/2/3193 2093/2/3191
f 2094/2/3194 2134/2/3195 2131/2/3196
f 2131/2/3196 2091/2/3197 2094/2/3194
f 2095/2/3198 2135/2/3199 2132/2/3200
f 2132/2/3200 2092/2/3201 2095/2/3198
f 2096/2/3202 2136/2/3203 2133/2/3204
f 2133/2/3204 2093/2/3205 2096/2/3202
f 2097/2/3206 2137/2/3207 2134/2/3208
f 2134/2/3208 2094/2/3208 2097/2/3206
f 2098/2/3209 2138/2/3209 2135/2/3209
f 2135/2/3209 2095/2/3210 2098/2/3209
f 2099/2/3211 2139/2/3212 2136/2/3211
f 2136/2/3211 2096/2/3211 2099/2/3211
f 2100/2/3213 2140/2/3214 2137/2/3215
f 2137/2/3215 2097/2/3216 2100/2/3213
f 2101/2/3217 2141/2/3218 2138/2/3218
f 2138/2/3218 2098/2/3219 2101/2/3217
f 2099/2/3220 2087/2/3220 2129/2/3220
f 2129/2/3220 2139/2/3220 2099/2/3220
f 2102/2/3221 2142/2/3222 2140/2/3223
f 2140/2/3223 2100/2/3224 2102/2/3221
f 2103/2/3225 2143/2/3226 2141/2/3225
f 2141/2/3225 2101/2/3227 2103/2/3225
f 2104/2/3228 2144/2/3228 2142/2/3229
f 2142/2/3229 2102/2/3228 2104/2/3228
f 2105/2/3230 2145/2/3231 2143/2/3232
f 2143/2/3232 2103/2/3233 2105/2/3230
f 2106/2/3234 2146/2/3235 2144/2/3234
f 2144/2/3234 2104/2/3235 2106/2/3234
f 2084/2/3236 2083/2/3237 2145/2/3236
f 2145/2/3236 2105/2/3238 2084/2/3236
f 2107/2/3239 2120/2/3240 2146/2/3241
f 2146/2/3241 2106/2/3242 2107/2/3239
f 2147/2/3243 2148/2/3244 2149/2/3245
f 2149/2/3245 2150/2/3246 2147/2/3243
f 2124/2/3247 2151/2/3248 2152/2/3249
f 2152/2/3249 2123/2/3250 2124/2/3247
f 2125/2/3251 2153/2/3252 2116/2/3252
f 2116/2/3252 2115/2/3253 2125/2/3251
f 2126/2/3254 2154/2/3254 2151/2/3255
f 2151/2/3255 2124/2/3254 2126/2/3254
f 2127/2/3256 2147/2/3256 2153/2/3257
f 2153/2/3257 2125/2/3257 2127/2/3256
f 2128/2/3258 2155/2/3259 2156/2/3260
f 2156/2/3260 2129/2/3261 2128/2/3258
f 2130/2/3262 2157/2/3263 2154/2/3264
f 2154/2/3264 2126/2/3265 2130/2/3262
f 2131/2/3266 2148/2/3267 2147/2/3267
f 2147/2/3267 2127/2/3267 2131/2/3266
f 2132/2/3268 2158/2/3268 2155/2/3269
f 2155/2/3269 2128/2/3270 2132/2/3268
f 2133/2/3271 2159/2/3272 2157/2/3272
f 2157/2/3272 2130/2/3273 2133/2/3271
f 2134/2/3274 2160/2/3274 2148/2/3274
f 2148/2/3274 2131/2/3274 2134/2/3274
f 2135/2/3275 2161/2/3276 2158/2/3277
f 2158/2/3277 2132/2/3277 2135/2/3275
f 2136/2/3278 2162/2/3278 2159/2/3279
f 2159/2/3279 2133/2/3278 2136/2/3278
f 2137/2/3280 2163/2/3281 2160/2/3282
f 2160/2/3282 2134/2/3283 2137/2/3280
f 2138/2/3284 2164/2/3284 2161/2/3284
f 2161/2/3284 2135/2/3284 2138/2/3284
f 2139/2/3285 2165/2/3285 2162/2/3285
f 2162/2/3285 2136/2/3286 2139/2/3285
f 2140/2/3287 2166/2/3288 2163/2/3288
f 2163/2/3288 2137/2/3288 2140/2/3287
f 2141/2/3289 2167/2/3290 2164/2/3291
f 2164/2/3291 2138/2/3292 2141/2/3289
f 2139/2/3293 2129/2/3293 2156/2/3293
f 2156/2/3293 2165/2/3293 2139/2/3293
f 2142/2/3294 2168/2/3294 2166/2/3294
f 2166/2/3294 2140/2/3295 2142/2/3294
f 2143/2/3296 2169/2/3297 2167/2/3298
f 2167/2/3298 2141/2/3299 2143/2/3296
f 2144/2/3300 2170/2/3301 2168/2/3302
f 2168/2/3302 2142/2/3303 2144/2/3300
f 2145/2/3304 2171/2/3305 2169/2/3306
f 2169/2/3306 2143/2/3307 2145/2/3304
f 2146/2/3308 2172/2/3309 2170/2/3310
f 2170/2/3310 2144/2/3311 2146/2/3308
f 2083/2/3312 2173/2/3313 2171/2/3312
f 2171/2/3312 2145/2/3314 2083/2/3312
f 2120/2/3315 2174/2/3315 2172/2/3315
f 2172/2/3315 2146/2/3315 2120/2/3315
f 2082/2/3316 2175/2/3317 2173/2/3318
f 2173/2/3318 2083/2/3316 2082/2/3316
f 2119/2/3319 2176/2/3320 2174/2/3321
f 2174/2/3321 2120/2/3322 2119/2/3319
f 2121/2/3323 2177/2/3324 2175/2/3325
f 2175/2/3325 2082/2/3326 2121/2/3323
f 2122/2/3327 2178/2/3328 2176/2/3329
f 2176/2/3329 2119/2/3330 2122/2/3327
f 2118/2/3331 2117/2/3332 2177/2/3332
f 2177/2/3332 2121/2/3332 2118/2/3331
f 2123/2/3333 2152/2/3334 2178/2/3334
f 2178/2/3334 2122/2/3333 2123/2/3333
f 2179/2/3335 2180/2/3336 2181/2/3337
f 2181/2/3337 2182/2/3337 2179/2/3335
f 2158/2/3063 2183/2/3338 2184/2/3339
f 2184/2/3339 2155/2/3340 2158/2/3063
f 2185/2/3341 2186/2/3341 2157/2/3341
f 2157/2/3341 2159/2/3341 2185/2/3341
f 2148/2/3342 2160/2/3343 2187/2/3344
f 2187/2/3344 2149/2/3344 2148/2/3342
f 2161/2/3071 2188/2/3345 2183/2/3346
f 2183/2/3346 2158/2/3071 2161/2/3071
f 2159/2/3074 2162/2/3072 2189/2/3347
f 2189/2/3347 2185/2/3348 2159/2/3074
f 2160/2/3349 2163/2/3350 2182/2/3351
f 2182/2/3351 2187/2/3352 2160/2/3349
f 2164/2/3353 2190/2/3078 2188/2/3078
f 2188/2/3078 2161/2/3354 2164/2/3353
f 2162/2/3355 2165/2/3355 2191/2/3356
f 2191/2/3356 2189/2/3356 2162/2/3355
f 2163/2/3083 2166/2/3357 2179/2/3083
f 2179/2/3083 2182/2/3358 2163/2/3083
f 2167/2/3359 2192/2/3360 2190/2/3361
f 2190/2/3361 2164/2/3359 2167/2/3359
f 2191/2/3362 2165/2/3363 2156/2/3363
f 2156/2/3363 2193/2/3364 2191/2/3362
f 2166/2/3093 2168/2/3093 2194/2/3093
f 2194/2/3093 2179/2/3365 2166/2/3093
f 2169/2/3366 2195/2/3367 2192/2/3368
f 2192/2/3368 2167/2/3097 2169/2/3366
f 2196/2/3369 2194/2/3369 2168/2/3369
f 2168/2/3369 2170/2/3369 2196/2/3369
f 2171/2/3370 2197/2/3371 2195/2/3371
f 2195/2/3371 2169/2/3372 2171/2/3370
f 2170/2/3373 2172/2/3373 2198/2/3373
f 2198/2/3373 2196/2/3373 2170/2/3373
f 2171/2/3374 2173/2/3375 2199/2/3375
f 2199/2/3375 2197/2/3375 2171/2/3374
f 2172/2/3376 2174/2/3377 2200/2/3378
f 2200/2/3378 2198/2/3379 2172/2/3376
f 2173/2/3114 2175/2/3380 2201/2/3114
f 2201/2/3114 2199/2/3381 2173/2/3114
f 2202/2/3117 2200/2/3117 2174/2/3382
f 2174/2/3382 2176/2/3383 2202/2/3117
f 2201/2/3384 2175/2/3385 2177/2/3384
f 2177/2/3384 2203/2/3385 2201/2/3384
f 2176/2/3121 2178/2/3121 2204/2/3386
f 2204/2/3386 2202/2/3387 2176/2/3121
f 2177/2/3388 2117/2/3389 2205/2/3390
f 2205/2/3390 2203/2/3391 2177/2/3388
f 2178/2/3392 2152/2/3393 2206/2/3130
f 2206/2/3130 2204/2/3131 2178/2/3392
f 2205/2/3394 2117/2/3394 2116/2/3394
f 2116/2/3394 2207/2/3394 2205/2/3394
f 2208/2/3395 2206/2/3396 2152/2/3397
f 2152/2/3397 2151/2/3398 2208/2/3395
f 2207/2/3399 2116/2/3400 2153/2/3401
f 2153/2/3401 2209/2/3402 2207/2/3399
f 2151/2/3403 2154/2/3142 2210/2/3142
f 2210/2/3142 2208/2/3142 2151/2/3403
f 2150/2/3404 2209/2/3404 2153/2/3405
f 2153/2/3405 2147/2/3404 2150/2/3404
f 2155/2/3406 2184/2/3406 2193/2/3406
f 2193/2/3406 2156/2/3407 2155/2/3406
f 2154/2/3408 2157/2/3408 2186/2/3408
f 2186/2/3408 2210/2/3408 2154/2/3408
f 2211/2/3409 2212/2/3410 2213/2/3409
f 2213/2/3409 2214/2/3411 2211/2/3409
f 2192/2/3412 2215/2/3413 2216/2/3414
f 2216/2/3414 2190/2/3415 2192/2/3412
f 2217/2/3416 2191/2/3417 2193/2/3417
f 2193/2/3417 2218/2/3418 2217/2/3416
f 2180/2/3419 2179/2/3419 2194/2/3419
f 2194/2/3419 2219/2/3419 2180/2/3419
f 2220/2/3420 2215/2/3421 2192/2/3420
f 2192/2/3420 2195/2/3420 2220/2/3420
f 2196/2/3422 2214/2/3423 2219/2/3424
f 2219/2/3424 2194/2/3425 2196/2/3422
f 2197/2/3426 2221/2/3427 2220/2/3428
f 2220/2/3428 2195/2/3429 2197/2/3426
f 2198/2/3430 2211/2/3431 2214/2/3432
f 2214/2/3432 2196/2/3433 2198/2/3430
f 2199/2/3434 2222/2/3435 2221/2/3436
f 2221/2/3436 2197/2/3437 2199/2/3434
f 2223/2/3438 2211/2/3438 2198/2/3439
f 2198/2/3439 2200/2/3438 2223/2/3438
f 2201/2/3440 2224/2/3441 2222/2/3442
f 2222/2/3442 2199/2/3443 2201/2/3440
f 2202/2/3444 2225/2/3445 2223/2/3444
f 2223/2/3444 2200/2/3445 2202/2/3444
f 2226/2/3446 2224/2/3447 2201/2/3448
f 2201/2/3448 2203/2/3449 2226/2/3446
f 2204/2/3450 2227/2/3451 2225/2/3450
f 2225/2/3450 2202/2/3452 2204/2/3450
f 2205/2/3453 2228/2/3454 2226/2/3455
f 2226/2/3455 2203/2/3456 2205/2/3453
f 2229/2/3457 2227/2/3458 2204/2/3459
f 2204/2/3459 2206/2/3460 2229/2/3457
f 2207/2/3461 2230/2/3462 2228/2/3463
f 2228/2/3463 2205/2/3464 2207/2/3461
f 2208/2/3465 2231/2/3466 2229/2/3465
f 2229/2/3465 2206/2/3467 2208/2/3465
f 2232/2/3468 2230/2/3469 2207/2/3468
f 2207/2/3468 2209/2/3468 2232/2/3468
f 2210/2/3470 2233/2/3471 2231/2/3471
f 2231/2/3471 2208/2/3471 2210/2/3470
f 2150/2/3472 2234/2/3472 2232/2/3473
f 2232/2/3473 2209/2/3474 2150/2/3472
f 2184/2/3475 2235/2/3476 2218/2/3477
f 2218/2/3477 2193/2/3478 2184/2/3475
f 2233/2/3479 2210/2/3480 2186/2/3479
f 2186/2/3479 2236/2/3479 2233/2/3479
f 2149/2/3481 2237/2/3482 2234/2/3483
f 2234/2/3483 2150/2/3484 2149/2/3481
f 2183/2/3485 2238/2/3486 2235/2/3485
f 2235/2/3485 2184/2/3485 2183/2/3485
f 2185/2/3487 2239/2/3488 2236/2/3489
f 2236/2/3489 2186/2/3490 2185/2/3487
f 2240/2/3491 2237/2/3492 2149/2/3493
f 2149/2/3493 2187/2/3494 2240/2/3491
f 2241/2/3495 2238/2/3496 2183/2/3497
f 2183/2/3497 2188/2/3496 2241/2/3495
f 2189/2/3498 2242/2/3499 2239/2/3499
f 2239/2/3499 2185/2/3500 2189/2/3498
f 2182/2/3501 2181/2/3502 2240/2/3503
f 2240/2/3503 2187/2/3504 2182/2/3501
f 2190/2/3505 2216/2/3505 2241/2/3505
f 2241/2/3505 2188/2/3505 2190/2/3505
f 2217/2/3506 2242/2/3507 2189/2/3508
f 2189/2/3508 2191/2/3509 2217/2/3506
f 2243/2/3510 2244/2/3121 2245/2/3511
f 2245/2/3511 2246/2/3512 2243/2/3510
f 2247/2/3513 2221/2/3513 2222/2/3513
f 2222/2/3513 2248/2/3513 2247/2/3513
f 2223/2/3514 2249/2/3514 2212/2/3515
f 2212/2/3515 2211/2/3516 2223/2/3514
f 2224/2/3517 2250/2/3517 2248/2/3518
f 2248/2/3518 2222/2/3519 2224/2/3517
f 2249/2/3520 2223/2/3521 2225/2/3522
f 2225/2/3522 2245/2/3523 2249/2/3520
f 2226/2/3524 2251/2/3525 2250/2/3524
f 2250/2/3524 2224/2/3524 2226/2/3524
f 2227/2/3526 2246/2/3527 2245/2/3528
f 2245/2/3528 2225/2/3529 2227/2/3526
f 2252/2/3530 2251/2/3531 2226/2/3530
f 2226/2/3530 2228/2/3532 2252/2/3530
f 2229/2/3533 2253/2/3534 2246/2/3535
f 2246/2/3535 2227/2/3536 2229/2/3533
f 2230/2/3537 2254/2/3538 2252/2/3539
f 2252/2/3539 2228/2/3540 2230/2/3537
f 2253/2/3541 2229/2/3542 2231/2/3541
f 2231/2/3541 2255/2/3543 2253/2/3541
f 2232/2/3544 2256/2/3545 2254/2/3544
f 2254/2/3544 2230/2/3546 2232/2/3544
f 2233/2/3547 2257/2/3548 2255/2/3549
f 2255/2/3549 2231/2/3550 2233/2/3547
f 2258/2/3551 2256/2/3552 2232/2/3551
f 2232/2/3551 2234/2/3553 2258/2/3551
f 2218/2/3554 2235/2/3555 2259/2/3554
f 2259/2/3554 2260/2/3556 2218/2/3554
f 2236/2/3557 2261/2/3558 2257/2/3559
f 2257/2/3559 2233/2/3560 2236/2/3557
f 2237/2/3561 2262/2/3562 2258/2/3561
f 2258/2/3561 2234/2/3563 2237/2/3561
f 2238/2/3564 2263/2/3565 2259/2/3566
f 2259/2/3566 2235/2/3566 2238/2/3564
f 2264/2/3567 2261/2/3568 2236/2/3569
f 2236/2/3569 2239/2/3568 2264/2/3567
f 2240/2/3570 2265/2/3570 2262/2/3570
f 2262/2/3570 2237/2/3570 2240/2/3570
f 2241/2/3571 2266/2/3571 2263/2/3571
f 2263/2/3571 2238/2/3572 2241/2/3571
f 2242/2/3573 2267/2/3574 2264/2/3575
f 2264/2/3575 2239/2/3576 2242/2/3573
f 2265/2/3577 2240/2/3578 2181/2/3577
f 2181/2/3577 2268/2/3578 2265/2/3577
f 2216/2/3579 2269/2/3580 2266/2/3581
f 2266/2/3581 2241/2/3582 2216/2/3579
f 2217/2/3583 2270/2/3584 2267/2/3585
f 2267/2/3585 2242/2/3586 2217/2/3583
f 2180/2/3587 2271/2/3588 2268/2/3587
f 2268/2/3587 2181/2/3589 2180/2/3587
f 2269/2/3590 2216/2/3591 2215/2/3592
f 2215/2/3592 2272/2/3593 2269/2/3590
f 2260/2/3594 2270/2/3595 2217/2/3595
f 2217/2/3595 2218/2/3595 2260/2/3594
f 2219/2/3596 2273/2/3597 2271/2/3598
f 2271/2/3598 2180/2/3598 2219/2/3596
f 2220/2/3599 2274/2/3599 2272/2/3600
f 2272/2/3600 2215/2/3599 2220/2/3599
f 2273/2/3601 2219/2/3601 2214/2/3602
f 2214/2/3602 2213/2/3601 2273/2/3601
f 2221/2/3603 2247/2/3604 2274/2/3605
f 2274/2/3605 2220/2/3606 2221/2/3603
f 2275/2/3607 2276/2/3607 2277/2/3607
f 2277/2/3607 2278/2/3608 2275/2/3607
f 2252/2/3609 2279/2/3609 2280/2/3610
f 2280/2/3610 2251/2/3125 2252/2/3609
f 2253/2/3611 2281/2/3392 2243/2/3612
f 2243/2/3612 2246/2/3129 2253/2/3611
f 2282/2/3613 2279/2/3613 2252/2/3613
f 2252/2/3613 2254/2/3613 2282/2/3613
f 2255/2/3614 2278/2/3614 2281/2/3614
f 2281/2/3614 2253/2/3614 2255/2/3614
f 2256/2/3615 2283/2/3615 2282/2/3616
f 2282/2/3616 2254/2/3615 2256/2/3615
f 2275/2/3617 2278/2/3618 2255/2/3617
f 2255/2/3617 2257/2/3619 2275/2/3617
f 2258/2/3620 2284/2/3620 2283/2/3620
f 2283/2/3620 2256/2/3620 2258/2/3620
f 2260/2/3621 2259/2/3621 2285/2/3056
f 2285/2/3056 2286/2/3622 2260/2/3621
f 2261/2/3408 2287/2/3408 2275/2/3408
f 2275/2/3408 2257/2/3408 2261/2/3408
f 2288/2/3623 2284/2/3245 2258/2/3624
f 2258/2/3624 2262/2/3625 2288/2/3623
f 2285/2/3626 2259/2/3627 2263/2/3628
f 2263/2/3628 2289/2/3629 2285/2/3626
f 2264/2/3630 2290/2/3630 2287/2/3630
f 2287/2/3630 2261/2/3630 2264/2/3630
f 2265/2/3631 2291/2/3632 2288/2/3631
f 2288/2/3631 2262/2/3631 2265/2/3631
f 2289/2/3071 2263/2/3633 2266/2/3634
f 2266/2/3634 2292/2/3071 2289/2/3071
f 2293/2/3635 2290/2/3636 2264/2/3072
f 2264/2/3072 2267/2/3637 2293/2/3635
f 2268/2/3638 2294/2/3349 2291/2/3351
f 2291/2/3351 2265/2/3349 2268/2/3638
f 2269/2/3078 2295/2/3078 2292/2/3639
f 2292/2/3639 2266/2/3639 2269/2/3078
f 2270/2/3640 2296/2/3641 2293/2/3642
f 2293/2/3642 2267/2/3640 2270/2/3640
f 2297/2/3643 2294/2/3644 2268/2/3645
f 2268/2/3645 2271/2/3643 2297/2/3643
f 2272/2/3359 2298/2/3646 2295/2/3359
f 2295/2/3359 2269/2/3359 2272/2/3359
f 2286/2/3647 2296/2/3363 2270/2/3363
f 2270/2/3363 2260/2/3648 2286/2/3647
f 2273/2/3093 2299/2/3093 2297/2/3649
f 2297/2/3649 2271/2/3650 2273/2/3093
f 2298/2/3651 2272/2/3652 2274/2/3652
f 2274/2/3652 2300/2/3653 2298/2/3651
f 2213/2/3101 2301/2/3101 2299/2/3101
f 2299/2/3101 2273/2/3654 2213/2/3101
f 2247/2/3372 2302/2/3655 2300/2/3656
f 2300/2/3656 2274/2/3657 2247/2/3372
f 2303/2/3658 2301/2/3659 2213/2/3658
f 2213/2/3658 2212/2/3658 2303/2/3658
f 2248/2/3660 2304/2/3661 2302/2/3107
f 2302/2/3107 2247/2/3107 2248/2/3660
f 2249/2/3378 2305/2/3662 2303/2/3378
f 2303/2/3378 2212/2/3378 2249/2/3378
f 2306/2/3663 2304/2/3114 2248/2/3664
f 2248/2/3664 2250/2/3665 2306/2/3663
f 2245/2/3666 2244/2/3666 2305/2/3666
f 2305/2/3666 2249/2/3666 2245/2/3666
f 2251/2/3667 2280/2/3668 2306/2/3669
f 2306/2/3669 2250/2/3670 2251/2/3667
f 2307/2/3671 2308/2/3672 2309/2/3673
f 2309/2/3673 2310/2/3674 2307/2/3671
f 2284/2/3675 2311/2/3675 2312/2/3675
f 2312/2/3675 2283/2/3675 2284/2/3675
f 2313/2/3676 2314/2/3676 2286/2/3676
f 2286/2/3676 2285/2/3676 2313/2/3676
f 2315/2/3677 2276/2/3677 2275/2/3677
f 2275/2/3677 2287/2/3677 2315/2/3677
f 2288/2/3678 2316/2/3678 2311/2/3678
f 2311/2/3678 2284/2/3678 2288/2/3678
f 2289/2/3679 2317/2/3680 2313/2/3681
f 2313/2/3681 2285/2/3680 2289/2/3679
f 2290/2/3682 2318/2/3682 2315/2/3682
f 2315/2/3682 2287/2/3682 2290/2/3682
f 2319/2/3683 2316/2/3683 2288/2/3684
f 2288/2/3684 2291/2/3683 2319/2/3683
f 2292/2/3685 2320/2/3685 2317/2/3685
f 2317/2/3685 2289/2/3685 2292/2/3685
f 2293/2/3686 2321/2/3686 2318/2/3686
f 2318/2/3686 2290/2/3686 2293/2/3686
f 2294/2/3687 2322/2/3688 2319/2/3688
f 2319/2/3688 2291/2/3688 2294/2/3687
f 2323/2/3689 2320/2/3690 2292/2/3691
f 2292/2/3691 2295/2/3690 2323/2/3689
f 2321/2/3692 2293/2/3692 2296/2/3692
f 2296/2/3692 2324/2/3692 2321/2/3692
f 2297/2/3693 2325/2/3693 2322/2/3693
f 2322/2/3693 2294/2/3693 2297/2/3693
f 2298/2/3694 2326/2/3694 2323/2/3695
f 2323/2/3695 2295/2/3694 2298/2/3694
f 2314/2/3696 2324/2/3696 2296/2/3696
f 2296/2/3696 2286/2/3696 2314/2/3696
f 2325/2/3697 2297/2/3697 2299/2/3697
f 2299/2/3697 2327/2/3697 2325/2/3697
f 2300/2/3698 2328/2/3698 2326/2/3698
f 2326/2/3698 2298/2/3698 2300/2/3698
f 2301/2/3699 2329/2/3699 2327/2/3699
f 2327/2/3699 2299/2/3699 2301/2/3699
f 2330/2/3700 2328/2/3700 2300/2/3700
f 2300/2/3700 2302/2/3700 2330/2/3700
f 2303/2/3701 2331/2/3701 2329/2/3701
f 2329/2/3701 2301/2/3701 2303/2/3701
f 2304/2/3702 2332/2/3703 2330/2/3704
f 2330/2/3704 2302/2/3703 2304/2/3702
f 2309/2/3705 2331/2/3706 2303/2/3706
f 2303/2/3706 2305/2/3705 2309/2/3705
f 2306/2/3707 2333/2/3708 2332/2/3709
f 2332/2/3709 2304/2/3708 2306/2/3707
f 2244/2/3710 2310/2/3711 2309/2/3712
f 2309/2/3712 2305/2/3711 2244/2/3710
f 2333/2/3713 2306/2/3714 2280/2/3714
f 2280/2/3714 2334/2/3714 2333/2/3713
f 2243/2/3715 2335/2/3716 2310/2/3716
f 2310/2/3716 2244/2/3717 2243/2/3715
f 2279/2/3718 2336/2/3718 2334/2/3718
f 2334/2/3718 2280/2/3718 2279/2/3718
f 2335/2/3719 2243/2/3720 2281/2/3721
f 2281/2/3721 2337/2/3720 2335/2/3719
f 2282/2/3722 2338/2/3722 2336/2/3722
f 2336/2/3722 2279/2/3722 2282/2/3722
f 2278/2/3723 2277/2/3723 2337/2/3723
f 2337/2/3723 2281/2/3723 2278/2/3723
f 2312/2/3724 2338/2/3725 2282/2/3725
f 2282/2/3725 2283/2/3725 2312/2/3724
f 2339/2/3726 2340/2/3726 2341/2/3726
f 2341/2/3726 2342/2/3726 2339/2/3726
f 2334/2/3727 2343/2/3728 2344/2/3727
f 2344/2/3727 2333/2/3729 2334/2/3727
f 2335/2/3730 2345/2/3731 2307/2/3732
f 2307/2/3732 2310/2/3732 2335/2/3730
f 2346/2/3733 2343/2/3734 2334/2/3733
f 2334/2/3733 2336/2/3735 2346/2/3733
f 2337/2/3736 2342/2/3737 2345/2/3738
f 2345/2/3738 2335/2/3736 2337/2/3736
f 2338/2/3739 2347/2/3740 2346/2/3739
f 2346/2/3739 2336/2/3741 2338/2/3739
f 2342/2/3742 2337/2/3743 2277/2/3744
f 2277/2/3744 2339/2/3745 2342/2/3742
f 2312/2/3746 2348/2/3747 2347/2/3746
f 2347/2/3746 2338/2/3748 2312/2/3746
f 2276/2/3749 2349/2/3750 2339/2/3751
f 2339/2/3751 2277/2/3752 2276/2/3749
f 2348/2/3753 2312/2/3754 2311/2/3753
f 2311/2/3753 2350/2/3754 2348/2/3753
f 2314/2/3755 2313/2/3756 2351/2/3755
f 2351/2/3755 2352/2/3757 2314/2/3755
f 2315/2/3758 2353/2/3758 2349/2/3758
f 2349/2/3758 2276/2/3759 2315/2/3758
f 2316/2/3760 2354/2/3761 2350/2/3762
f 2350/2/3762 2311/2/3763 2316/2/3760
f 2317/2/3764 2355/2/3765 2351/2/3764
f 2351/2/3764 2313/2/3766 2317/2/3764
f 2356/2/3767 2353/2/3768 2315/2/3769
f 2315/2/3769 2318/2/3769 2356/2/3767
f 2319/2/3770 2357/2/3771 2354/2/3770
f 2354/2/3770 2316/2/3772 2319/2/3770
f 2320/2/3773 2358/2/3774 2355/2/3775
f 2355/2/3775 2317/2/3776 2320/2/3773
f 2321/2/3777 2359/2/3778 2356/2/3779
f 2356/2/3779 2318/2/3780 2321/2/3777
f 2360/2/3781 2357/2/3782 2319/2/3781
f 2319/2/3781 2322/2/3783 2360/2/3781
f 2323/2/3784 2361/2/3785 2358/2/3786
f 2358/2/3786 2320/2/3787 2323/2/3784
f 2324/2/3788 2362/2/3789 2359/2/3790
f 2359/2/3790 2321/2/3790 2324/2/3788
f 2325/2/3791 2363/2/3792 2360/2/3793
f 2360/2/3793 2322/2/3793 2325/2/3791
f 2361/2/3794 2323/2/3795 2326/2/3794
f 2326/2/3794 2364/2/3794 2361/2/3794
f 2352/2/3796 2362/2/3797 2324/2/3798
f 2324/2/3798 2314/2/3799 2352/2/3796
f 2327/2/3800 2365/2/3801 2363/2/3802
f 2363/2/3802 2325/2/3803 2327/2/3800
f 2328/2/3804 2366/2/3805 2364/2/3804
f 2364/2/3804 2326/2/3806 2328/2/3804
f 2365/2/3807 2327/2/3808 2329/2/3809
f 2329/2/3809 2367/2/3807 2365/2/3807
f 2330/2/3810 2368/2/3811 2366/2/3812
f 2366/2/3812 2328/2/3813 2330/2/3810
f 2331/2/3814 2369/2/3815 2367/2/3816
f 2367/2/3816 2329/2/3817 2331/2/3814
f 2370/2/3818 2368/2/3819 2330/2/3820
f 2330/2/3820 2332/2/3821 2370/2/3818
f 2309/2/3822 2308/2/3823 2369/2/3824
f 2369/2/3824 2331/2/3825 2309/2/3822
f 2333/2/3826 2344/2/3827 2370/2/3828
f 2370/2/3828 2332/2/3829 2333/2/3826
f 2371/2/3830 2372/2/3830 2373/2/3830
f 2373/2/3830 2374/2/3830 2371/2/3830
f 2348/2/3831 2375/2/3832 2376/2/3831
f 2376/2/3831 2347/2/3833 2348/2/3831
f 2339/2/3834 2349/2/3835 2377/2/3835
f 2377/2/3835 2340/2/3835 2339/2/3834
f 2350/2/3836 2378/2/3837 2375/2/3838
f 2375/2/3838 2348/2/3838 2350/2/3836
f 2352/2/3839 2351/2/3840 2379/2/3839
f 2379/2/3839 2380/2/3841 2352/2/3839
f 2377/2/3842 2349/2/3842 2353/2/3843
f 2353/2/3843 2372/2/3842 2377/2/3842
f 2350/2/3844 2354/2/3845 2381/2/3846
f 2381/2/3846 2378/2/3844 2350/2/3844
f 2379/2/3847 2351/2/3848 2355/2/3847
f 2355/2/3847 2382/2/3849 2379/2/3847
f 2356/2/3850 2373/2/3851 2372/2/3852
f 2372/2/3852 2353/2/3853 2356/2/3850
f 2381/2/3854 2354/2/3854 2357/2/3854
f 2357/2/3854 2383/2/3854 2381/2/3854
f 2382/2/3855 2355/2/3856 2358/2/3857
f 2358/2/3857 2384/2/3858 2382/2/3855
f 2356/2/3859 2359/2/3860 2385/2/3861
f 2385/2/3861 2373/2/3862 2356/2/3859
f 2360/2/3863 2386/2/3864 2383/2/3864
f 2383/2/3864 2357/2/3863 2360/2/3863
f 2361/2/3865 2387/2/3865 2384/2/3865
f 2384/2/3865 2358/2/3865 2361/2/3865
f 2385/2/3866 2359/2/3867 2362/2/3866
f 2362/2/3866 2388/2/3868 2385/2/3866
f 2360/2/3869 2363/2/3870 2389/2/3871
f 2389/2/3871 2386/2/3869 2360/2/3869
f 2364/2/3872 2390/2/3873 2387/2/3874
f 2387/2/3874 2361/2/3873 2364/2/3872
f 2362/2/3875 2352/2/3875 2380/2/3875
f 2380/2/3875 2388/2/3876 2362/2/3875
f 2389/2/3877 2363/2/3878 2365/2/3879
f 2365/2/3879 2391/2/3880 2389/2/3877
f 2390/2/3881 2364/2/3881 2366/2/3881
f 2366/2/3881 2392/2/3881 2390/2/3881
f 2367/2/3882 2393/2/3883 2391/2/3884
f 2391/2/3884 2365/2/3885 2367/2/3882
f 2368/2/3886 2394/2/3886 2392/2/3886
f 2392/2/3886 2366/2/3886 2368/2/3886
f 2367/2/3887 2369/2/3888 2395/2/3889
f 2395/2/3889 2393/2/3890 2367/2/3887
f 2370/2/3891 2396/2/3892 2394/2/3893
f 2394/2/3893 2368/2/3894 2370/2/3891
f 2395/2/3895 2369/2/3896 2308/2/3897
f 2308/2/3897 2397/2/3898 2395/2/3895
f 2370/2/3899 2344/2/3900 2398/2/3901
f 2398/2/3901 2396/2/3902 2370/2/3899
f 2307/2/3903 2399/2/3903 2397/2/3903
f 2397/2/3903 2308/2/3903 2307/2/3903
f 2398/2/3904 2344/2/3904 2343/2/3904
f 2343/2/3904 2400/2/3904 2398/2/3904
f 2307/2/3905 2345/2/3906 2401/2/3905
f 2401/2/3905 2399/2/3907 2307/2/3905
f 2402/2/3908 2400/2/3909 2343/2/3909
f 2343/2/3909 2346/2/3910 2402/2/3908
f 2401/2/3911 2345/2/3912 2342/2/3913
f 2342/2/3913 2341/2/3914 2401/2/3911
f 2402/2/3915 2346/2/3916 2347/2/3915
f 2347/2/3915 2376/2/3917 2402/2/3915
f 2403/2/3918 2404/2/3918 2405/2/3918
f 2405/2/3918 2406/2/3919 2403/2/3918
f 2383/2/3920 2407/2/3920 2408/2/3920
f 2408/2/3920 2381/2/3920 2383/2/3920
f 2384/2/3921 2409/2/3922 2410/2/3922
f 2410/2/3922 2382/2/3922 2384/2/3921
f 2385/2/3923 2411/2/3924 2374/2/3924
f 2374/2/3924 2373/2/3924 2385/2/3923
f 2407/2/3925 2383/2/3925 2386/2/3925
f 2386/2/3925 2412/2/3925 2407/2/3925
f 2384/2/3926 2387/2/3927 2413/2/3928
f 2413/2/3928 2409/2/3927 2384/2/3926
f 2388/2/3929 2405/2/3929 2411/2/3929
f 2411/2/3929 2385/2/3929 2388/2/3929
f 2389/2/3930 2414/2/3930 2412/2/3930
f 2412/2/3930 2386/2/3930 2389/2/3930
f 2413/2/3931 2387/2/3932 2390/2/3933
f 2390/2/3933 2415/2/3932 2413/2/3931
f 2406/2/3934 2405/2/3934 2388/2/3934
f 2388/2/3934 2380/2/3934 2406/2/3934
f 2391/2/3935 2416/2/3935 2414/2/3935
f 2414/2/3935 2389/2/3935 2391/2/3935
f 2392/2/3936 2417/2/3937 2415/2/3938
f 2415/2/3938 2390/2/3937 2392/2/3936
f 2416/2/3939 2391/2/3940 2393/2/3940
f 2393/2/3940 2418/2/3941 2416/2/3939
f 2392/2/3942 2394/2/3943 2419/2/3943
f 2419/2/3943 2417/2/3943 2392/2/3942
f 2395/2/3944 2420/2/3944 2418/2/3944
f 2418/2/3944 2393/2/3944 2395/2/3944
f 2419/2/3945 2394/2/3946 2396/2/3947
f 2396/2/3947 2421/2/3946 2419/2/3945
f 2397/2/3948 2422/2/3948 2420/2/3948
f 2420/2/3948 2395/2/3948 2397/2/3948
f 2398/2/3949 2423/2/3950 2421/2/3950
f 2421/2/3950 2396/2/3950 2398/2/3949
f 2422/2/3951 2397/2/3951 2399/2/3952
f 2399/2/3952 2424/2/3951 2422/2/3951
f 2400/2/3953 2425/2/3953 2423/2/3954
f 2423/2/3954 2398/2/3953 2400/2/3953
f 2401/2/3955 2426/2/3956 2424/2/3957
f 2424/2/3957 2399/2/3957 2401/2/3955
f 2400/2/3958 2402/2/3959 2427/2/3959
f 2427/2/3959 2425/2/3959 2400/2/3958
f 2341/2/3960 2428/2/3961 2426/2/3962
f 2426/2/3962 2401/2/3963 2341/2/3960
f 2429/2/3964 2427/2/3965 2402/2/3966
f 2402/2/3966 2376/2/3967 2429/2/3964
f 2428/2/3968 2341/2/3968 2340/2/3968
f 2340/2/3968 2430/2/3968 2428/2/3968
f 2429/2/3969 2376/2/3969 2375/2/3970
f 2375/2/3970 2431/2/3969 2429/2/3969
f 2377/2/3971 2432/2/3971 2430/2/3971
f 2430/2/3971 2340/2/3971 2377/2/3971
f 2431/2/3972 2375/2/3972 2378/2/3973
f 2378/2/3973 2433/2/3972 2431/2/3972
f 2379/2/3974 2434/2/3975 2406/2/3975
f 2406/2/3975 2380/2/3975 2379/2/3974
f 2372/2/3976 2371/2/3976 2432/2/3976
f 2432/2/3976 2377/2/3976 2372/2/3976
f 2381/2/3977 2408/2/3977 2433/2/3977
f 2433/2/3977 2378/2/3977 2381/2/3977
f 2434/2/3978 2379/2/3978 2382/2/3979
f 2382/2/3979 2410/2/3978 2434/2/3978
f 2435/2/3980 2436/2/3981 2437/2/3982
f 2437/2/3982 2438/2/3980 2435/2/3980
f 2416/2/3983 2439/2/3984 2440/2/3983
f 2440/2/3983 2414/2/3983 2416/2/3983
f 2441/2/3985 2415/2/3986 2417/2/3987
f 2417/2/3987 2442/2/3985 2441/2/3985
f 2418/2/3988 2443/2/3989 2439/2/3990
f 2439/2/3990 2416/2/3991 2418/2/3988
f 2419/2/3992 2444/2/3993 2442/2/3994
f 2442/2/3994 2417/2/3995 2419/2/3992
f 2443/2/3996 2418/2/3997 2420/2/3998
f 2420/2/3998 2438/2/3999 2443/2/3996
f 2421/2/4000 2445/2/4001 2444/2/4000
f 2444/2/4000 2419/2/4002 2421/2/4000
f 2422/2/4003 2435/2/4003 2438/2/4003
f 2438/2/4003 2420/2/4004 2422/2/4003
f 2445/2/4005 2421/2/4005 2423/2/4006
f 2423/2/4006 2446/2/4007 2445/2/4005
f 2424/2/4008 2447/2/4009 2435/2/4008
f 2435/2/4008 2422/2/4010 2424/2/4008
f 2425/2/4011 2448/2/4012 2446/2/4011
f 2446/2/4011 2423/2/4013 2425/2/4011
f 2447/2/4014 2424/2/4015 2426/2/4016
f 2426/2/4016 2449/2/4017 2447/2/4014
f 2427/2/4018 2450/2/4019 2448/2/4020
f 2448/2/4020 2425/2/4020 2427/2/4018
f 2428/2/4021 2451/2/4022 2449/2/4023
f 2449/2/4023 2426/2/4024 2428/2/4021
f 2450/2/4025 2427/2/4026 2429/2/4027
f 2429/2/4027 2452/2/4026 2450/2/4025
f 2430/2/4028 2453/2/4029 2451/2/4030
f 2451/2/4030 2428/2/4029 2430/2/4028
f 2431/2/4031 2454/2/4032 2452/2/4033
f 2452/2/4033 2429/2/4034 2431/2/4031
f 2453/2/4035 2430/2/4036 2432/2/4035
f 2432/2/4035 2455/2/4036 2453/2/4035
f 2433/2/4037 2456/2/4038 2454/2/4039
f 2454/2/4039 2431/2/4040 2433/2/4037
f 2406/2/4041 2434/2/4042 2457/2/4043
f 2457/2/4043 2403/2/4043 2406/2/4041
f 2371/2/4044 2458/2/4045 2455/2/4046
f 2455/2/4046 2432/2/4047 2371/2/4044
f 2456/2/4048 2433/2/4049 2408/2/4050
f 2408/2/4050 2459/2/4051 2456/2/4048
f 2410/2/4052 2460/2/4053 2457/2/4054
f 2457/2/4054 2434/2/4055 2410/2/4052
f 2374/2/4056 2461/2/4057 2458/2/4058
f 2458/2/4058 2371/2/4057 2374/2/4056
f 2407/2/4059 2462/2/4060 2459/2/4061
f 2459/2/4061 2408/2/4062 2407/2/4059
f 2460/2/4063 2410/2/4064 2409/2/4065
f 2409/2/4065 2463/2/4064 2460/2/4063
f 2461/2/4066 2374/2/4067 2411/2/4068
f 2411/2/4068 2464/2/4068 2461/2/4066
f 2412/2/4069 2465/2/4070 2462/2/4071
f 2462/2/4071 2407/2/4072 2412/2/4069
f 2413/2/4073 2466/2/4074 2463/2/4073
f 2463/2/4073 2409/2/4075 2413/2/4073
f 2405/2/4076 2404/2/4077 2464/2/4078
f 2464/2/4078 2411/2/4079 2405/2/4076
f 2465/2/4080 2412/2/4080 2414/2/4080
f 2414/2/4080 2440/2/4081 2465/2/4080
f 2415/2/4082 2441/2/4082 2466/2/4083
f 2466/2/4083 2413/2/4082 2415/2/4082
f 2467/2/4084 2468/2/4085 2469/2/4085
f 2469/2/4085 2470/2/4085 2467/2/4084
f 2471/2/4086 2472/2/4087 2445/2/4088
f 2445/2/4088 2446/2/4089 2471/2/4086
f 2447/2/4090 2473/2/4091 2436/2/4091
f 2436/2/4091 2435/2/4092 2447/2/4090
f 2448/2/4093 2474/2/4094 2471/2/4095
f 2471/2/4095 2446/2/4096 2448/2/4093
f 2468/2/4097 2473/2/4098 2447/2/4098
f 2447/2/4098 2449/2/4098 2468/2/4097
f 2450/2/4099 2475/2/4100 2474/2/4099
f 2474/2/4099 2448/2/4101 2450/2/4099
f 2451/2/4102 2469/2/4102 2468/2/4102
f 2468/2/4102 2449/2/4103 2451/2/4102
f 2476/2/4104 2475/2/4105 2450/2/4106
f 2450/2/4106 2452/2/4107 2476/2/4104
f 2453/2/4108 2477/2/4109 2469/2/4110
f 2469/2/4110 2451/2/4110 2453/2/4108
f 2454/2/4111 2478/2/4111 2476/2/4111
f 2476/2/4111 2452/2/4111 2454/2/4111
f 2479/2/4112 2477/2/4113 2453/2/4113
f 2453/2/4113 2455/2/4113 2479/2/4112
f 2456/2/4114 2480/2/4115 2478/2/4116
f 2478/2/4116 2454/2/4116 2456/2/4114
f 2481/2/4117 2403/2/4118 2457/2/4119
f 2457/2/4119 2482/2/4118 2481/2/4117
f 2458/2/4120 2483/2/4121 2479/2/4121
f 2479/2/4121 2455/2/4121 2458/2/4120
f 2484/2/4122 2480/2/4122 2456/2/4122
f 2456/2/4122 2459/2/4123 2484/2/4122
f 2482/2/4124 2457/2/4124 2460/2/4124
f 2460/2/4124 2485/2/4124 2482/2/4124
f 2461/2/4125 2486/2/4126 2483/2/4126
f 2483/2/4126 2458/2/4127 2461/2/4125
f 2462/2/4128 2487/2/4129 2484/2/4128
f 2484/2/4128 2459/2/4130 2462/2/4128
f 2463/2/4131 2488/2/4132 2485/2/4133
f 2485/2/4133 2460/2/4134 2463/2/4131
f 2489/2/4135 2486/2/4136 2461/2/4137
f 2461/2/4137 2464/2/4137 2489/2/4135
f 2465/2/4138 2490/2/4139 2487/2/4138
f 2487/2/4138 2462/2/4139 2465/2/4138
f 2488/2/4140 2463/2/4140 2466/2/4140
f 2466/2/4140 2491/2/4140 2488/2/4140
f 2404/2/4141 2492/2/4142 2489/2/4141
f 2489/2/4141 2464/2/4143 2404/2/4141
f 2493/2/4144 2490/2/4145 2465/2/4146
f 2465/2/4146 2440/2/4145 2493/2/4144
f 2441/2/4147 2494/2/4148 2491/2/4147
f 2491/2/4147 2466/2/4149 2441/2/4147
f 2481/2/4150 2492/2/4151 2404/2/4152
f 2404/2/4152 2403/2/4153 2481/2/4150
f 2439/2/4154 2495/2/4155 2493/2/4156
f 2493/2/4156 2440/2/4157 2439/2/4154
f 2442/2/4158 2496/2/4158 2494/2/4158
f 2494/2/4158 2441/2/4159 2442/2/4158
f 2443/2/4160 2497/2/4161 2495/2/4162
f 2495/2/4162 2439/2/4161 2443/2/4160
f 2496/2/4163 2442/2/4163 2444/2/4164
f 2444/2/4164 2498/2/4163 2496/2/4163
f 2437/2/4165 2497/2/4166 2443/2/4165
f 2443/2/4165 2438/2/4165 2437/2/4165
f 2445/2/4167 2472/2/4168 2498/2/4169
f 2498/2/4169 2444/2/4170 2445/2/4167
f 2499/2/4171 2500/2/4172 2501/2/4172
f 2501/2/4172 2502/2/4172 2499/2/4171
f 2476/2/4173 2503/2/4173 2504/2/4173
f 2504/2/4173 2475/2/4173 2476/2/4173
f 2477/2/4174 2505/2/4175 2470/2/4175
f 2470/2/4175 2469/2/4175 2477/2/4174
f 2506/2/4176 2503/2/4176 2476/2/4176
f 2476/2/4176 2478/2/4176 2506/2/4176
f 2479/2/4177 2507/2/4177 2505/2/4177
f 2505/2/4177 2477/2/4177 2479/2/4177
f 2480/2/4178 2508/2/4179 2506/2/4179
f 2506/2/4179 2478/2/4179 2480/2/4178
f 2500/2/4180 2499/2/4180 2481/2/4180
f 2481/2/4180 2482/2/4180 2500/2/4180
f 2509/2/4181 2507/2/4181 2479/2/4181
f 2479/2/4181 2483/2/4181 2509/2/4181
f 2484/2/4182 2510/2/4182 2508/2/4182
f 2508/2/4182 2480/2/4182 2484/2/4182
f 2485/2/4183 2511/2/4184 2500/2/4184
f 2500/2/4184 2482/2/4184 2485/2/4183
f 2486/2/4185 2512/2/4185 2509/2/4185
f 2509/2/4185 2483/2/4185 2486/2/4185
f 2513/2/4186 2510/2/4186 2484/2/4187
f 2484/2/4187 2487/2/4186 2513/2/4186
f 2488/2/4188 2514/2/4189 2511/2/4189
f 2511/2/4189 2485/2/4189 2488/2/4188
f 2489/2/4190 2515/2/4190 2512/2/4190
f 2512/2/4190 2486/2/4190 2489/2/4190
f 2490/2/4191 2516/2/4191 2513/2/4191
f 2513/2/4191 2487/2/4191 2490/2/4191
f 2517/2/4192 2514/2/4192 2488/2/4192
f 2488/2/4192 2491/2/4192 2517/2/4192
f 2518/2/4193 2515/2/4193 2489/2/4193
f 2489/2/4193 2492/2/4193 2518/2/4193
f 2493/2/4194 2519/2/4194 2516/2/4194
f 2516/2/4194 2490/2/4194 2493/2/4194
f 2494/2/4195 2520/2/4195 2517/2/4195
f 2517/2/4195 2491/2/4195 2494/2/4195
f 2518/2/4196 2492/2/4196 2481/2/4196
f 2481/2/4196 2499/2/4196 2518/2/4196
f 2519/2/4197 2493/2/4197 2495/2/4197
f 2495/2/4197 2521/2/4197 2519/2/4197
f 2496/2/4198 2522/2/4199 2520/2/4200
f 2520/2/4200 2494/2/4199 2496/2/4198
f 2497/2/4201 2523/2/4201 2521/2/4201
f 2521/2/4201 2495/2/4201 2497/2/4201
f 2524/2/4202 2522/2/4202 2496/2/4202
f 2496/2/4202 2498/2/4202 2524/2/4202
f 2437/2/4203 2525/2/4203 2523/2/4203
f 2523/2/4203 2497/2/4203 2437/2/4203
f 2472/2/4204 2526/2/4204 2524/2/4205
f 2524/2/4205 2498/2/4204 2472/2/4204
f 2525/2/4206 2437/2/4206 2436/2/4206
f 2436/2/4206 2527/2/4206 2525/2/4206
f 2471/2/4207 2528/2/4208 2526/2/4207
f 2526/2/4207 2472/2/4208 2471/2/4207
f 2473/2/4209 2529/2/4209 2527/2/4209
f 2527/2/4209 2436/2/4209 2473/2/4209
f 2530/2/4210 2528/2/4211 2471/2/4211
f 2471/2/4211 2474/2/4211 2530/2/4210
f 2468/2/4212 2467/2/4212 2529/2/4212
f 2529/2/4212 2473/2/4212 2468/2/4212
f 2475/2/4213 2504/2/4214 2530/2/4215
f 2530/2/4215 2474/2/4214 2475/2/4213
f 2531/2/4216 2532/2/4217 2533/2/4216
f 2533/2/4216 2534/2/4218 2531/2/4216
f 2509/2/4219 2535/2/4220 2536/2/4221
f 2536/2/4221 2507/2/4222 2509/2/4219
f 2510/2/4223 2537/2/4224 2538/2/4225
f 2538/2/4225 2508/2/4226 2510/2/4223
f 2511/2/4227 2539/2/4228 2501/2/4229
f 2501/2/4229 2500/2/4230 2511/2/4227
f 2540/2/4231 2535/2/4232 2509/2/4231
f 2509/2/4231 2512/2/4233 2540/2/4231
f 2513/2/4234 2541/2/4235 2537/2/4234
f 2537/2/4234 2510/2/4236 2513/2/4234
f 2514/2/4237 2534/2/4238 2539/2/4238
f 2539/2/4238 2511/2/4237 2514/2/4237
f 2515/2/4239 2542/2/4240 2540/2/4241
f 2540/2/4241 2512/2/4242 2515/2/4239
f 2541/2/4243 2513/2/4244 2516/2/4245
f 2516/2/4245 2543/2/4246 2541/2/4243
f 2517/2/4247 2531/2/4247 2534/2/4248
f 2534/2/4248 2514/2/4247 2517/2/4247
f 2518/2/4249 2544/2/4250 2542/2/4251
f 2542/2/4251 2515/2/4252 2518/2/4249
f 2519/2/4253 2545/2/4254 2543/2/4255
f 2543/2/4255 2516/2/4256 2519/2/4253
f 2531/2/4257 2517/2/4258 2520/2/4259
f 2520/2/4259 2546/2/4260 2531/2/4257
f 2544/2/4261 2518/2/4262 2499/2/4261
f 2499/2/4261 2502/2/4261 2544/2/4261
f 2521/2/4263 2547/2/4264 2545/2/4265
f 2545/2/4265 2519/2/4266 2521/2/4263
f 2522/2/4267 2548/2/4268 2546/2/4269
f 2546/2/4269 2520/2/4270 2522/2/4267
f 2549/2/4271 2547/2/4272 2521/2/4273
f 2521/2/4273 2523/2/4274 2549/2/4271
f 2524/2/4275 2550/2/4276 2548/2/4277
f 2548/2/4277 2522/2/4278 2524/2/4275
f 2525/2/4279 2551/2/4280 2549/2/4281
f 2549/2/4281 2523/2/4280 2525/2/4279
f 2552/2/4282 2550/2/4283 2524/2/4284
f 2524/2/4284 2526/2/4283 2552/2/4282
f 2527/2/4285 2553/2/4286 2551/2/4286
f 2551/2/4286 2525/2/4285 2527/2/4285
f 2528/2/4287 2554/2/4288 2552/2/4289
f 2552/2/4289 2526/2/4290 2528/2/4287
f 2553/2/4291 2527/2/4292 2529/2/4293
f 2529/2/4293 2555/2/4294 2553/2/4291
f 2530/2/4295 2556/2/4296 2554/2/4297
f 2554/2/4297 2528/2/4298 2530/2/4295
f 2467/2/4299 2557/2/4300 2555/2/4301
f 2555/2/4301 2529/2/4302 2467/2/4299
f 2558/2/4303 2556/2/4304 2530/2/4305
f 2530/2/4305 2504/2/4306 2558/2/4303
f 2470/2/4307 2559/2/4308 2557/2/4309
f 2557/2/4309 2467/2/4310 2470/2/4307
f 2503/2/4311 2560/2/4312 2558/2/4313
f 2558/2/4313 2504/2/4312 2503/2/4311
f 2561/2/4314 2559/2/4315 2470/2/4316
f 2470/2/4316 2505/2/4317 2561/2/4314
f 2506/2/4318 2562/2/4318 2560/2/4319
f 2560/2/4319 2503/2/4320 2506/2/4318
f 2507/2/4321 2536/2/4322 2561/2/4323
f 2561/2/4323 2505/2/4321 2507/2/4321
f 2562/2/4324 2506/2/4324 2508/2/4324
f 2508/2/4324 2538/2/4325 2562/2/4324
f 2563/2/4326 2564/2/4327 2565/2/4328
f 2565/2/4328 2566/2/4327 2563/2/4326
f 2544/2/4329 2567/2/4330 2568/2/4329
f 2568/2/4329 2542/2/4331 2544/2/4329
f 2569/2/4332 2570/2/4333 2543/2/4333
f 2543/2/4333 2545/2/4333 2569/2/4332
f 2546/2/4334 2571/2/4335 2532/2/4336
f 2532/2/4336 2531/2/4337 2546/2/4334
f 2572/2/4338 2567/2/4339 2544/2/4339
f 2544/2/4339 2502/2/4340 2572/2/4338
f 2547/2/4341 2573/2/4341 2569/2/4341
f 2569/2/4341 2545/2/4341 2547/2/4341
f 2571/2/4342 2546/2/4343 2548/2/4344
f 2548/2/4344 2565/2/4345 2571/2/4342
f 2549/2/4346 2574/2/4347 2573/2/4348
f 2573/2/4348 2547/2/4349 2549/2/4346
f 2550/2/4350 2566/2/4351 2565/2/4352
f 2565/2/4352 2548/2/4353 2550/2/4350
f 2575/2/4354 2574/2/4355 2549/2/4356
f 2549/2/4356 2551/2/4356 2575/2/4354
f 2552/2/4357 2576/2/4358 2566/2/4359
f 2566/2/4359 2550/2/4360 2552/2/4357
f 2553/2/4361 2577/2/4361 2575/2/4361
f 2575/2/4361 2551/2/4361 2553/2/4361
f 2578/2/4362 2576/2/4363 2552/2/4364
f 2552/2/4364 2554/2/4365 2578/2/4362
f 2555/2/4366 2579/2/4367 2577/2/4368
f 2577/2/4368 2553/2/4369 2555/2/4366
f 2556/2/4370 2580/2/4371 2578/2/4372
f 2578/2/4372 2554/2/4373 2556/2/4370
f 2581/2/4374 2579/2/4375 2555/2/4376
f 2555/2/4376 2557/2/4377 2581/2/4374
f 2558/2/4378 2582/2/4379 2580/2/4380
f 2580/2/4380 2556/2/4381 2558/2/4378
f 2559/2/4382 2583/2/4383 2581/2/4384
f 2581/2/4384 2557/2/4385 2559/2/4382
f 2584/2/4386 2582/2/4387 2558/2/4388
f 2558/2/4388 2560/2/4389 2584/2/4386
f 2561/2/4390 2585/2/4391 2583/2/4392
f 2583/2/4392 2559/2/4393 2561/2/4390
f 2562/2/4394 2586/2/4395 2584/2/4396
f 2584/2/4396 2560/2/4396 2562/2/4394
f 2587/2/4397 2585/2/4397 2561/2/4398
f 2561/2/4398 2536/2/4398 2587/2/4397
f 2538/2/4399 2588/2/4400 2586/2/4401
f 2586/2/4401 2562/2/4402 2538/2/4399
f 2502/2/4403 2501/2/4404 2589/2/4405
f 2589/2/4405 2572/2/4405 2502/2/4403
f 2535/2/4406 2590/2/4407 2587/2/4408
f 2587/2/4408 2536/2/4409 2535/2/4406
f 2591/2/4410 2588/2/4411 2538/2/4410
f 2538/2/4410 2537/2/4412 2591/2/4410
f 2592/2/4413 2589/2/4414 2501/2/4415
f 2501/2/4415 2539/2/4416 2592/2/4413
f 2540/2/4417 2593/2/4418 2590/2/4419
f 2590/2/4419 2535/2/4420 2540/2/4417
f 2541/2/4421 2594/2/4422 2591/2/4422
f 2591/2/4422 2537/2/4423 2541/2/4421
f 2533/2/4424 2592/2/4425 2539/2/4426
f 2539/2/4426 2534/2/4427 2533/2/4424
f 2568/2/4428 2593/2/4429 2540/2/4428
f 2540/2/4428 2542/2/4428 2568/2/4428
f 2543/2/4430 2570/2/4431 2594/2/4430
f 2594/2/4430 2541/2/4432 2543/2/4430
f 2595/2/4433 2596/2/4434 2597/2/4435
f 2597/2/4435 2598/2/4436 2595/2/4433
f 2575/2/4437 2599/2/4437 2600/2/4437
f 2600/2/4437 2574/2/4437 2575/2/4437
f 2576/2/4438 2601/2/4438 2563/2/4439
f 2563/2/4439 2566/2/4438 2576/2/4438
f 2599/2/4440 2575/2/4441 2577/2/4441
f 2577/2/4441 2602/2/4441 2599/2/4440
f 2578/2/4442 2598/2/4443 2601/2/4442
f 2601/2/4442 2576/2/4443 2578/2/4442
f 2579/2/4444 2603/2/4445 2602/2/4445
f 2602/2/4445 2577/2/4445 2579/2/4444
f 2595/2/4446 2598/2/4447 2578/2/4448
f 2578/2/4448 2580/2/4447 2595/2/4446
f 2581/2/4449 2604/2/4450 2603/2/4451
f 2603/2/4451 2579/2/4452 2581/2/4449
f 2582/2/4453 2605/2/4453 2595/2/4454
f 2595/2/4454 2580/2/4453 2582/2/4453
f 2606/2/4455 2604/2/4456 2581/2/4457
f 2581/2/4457 2583/2/4456 2606/2/4455
f 2584/2/4458 2607/2/4458 2605/2/4458
f 2605/2/4458 2582/2/4458 2584/2/4458
f 2585/2/4459 2608/2/4460 2606/2/4460
f 2606/2/4460 2583/2/4460 2585/2/4459
f 2609/2/4461 2607/2/4461 2584/2/4461
f 2584/2/4461 2586/2/4461 2609/2/4461
f 2587/2/4462 2610/2/4463 2608/2/4464
f 2608/2/4464 2585/2/4463 2587/2/4462
f 2588/2/4465 2611/2/4466 2609/2/4467
f 2609/2/4467 2586/2/4466 2588/2/4465
f 2612/2/4468 2613/2/4469 2572/2/4469
f 2572/2/4469 2589/2/4469 2612/2/4468
f 2614/2/4470 2610/2/4470 2587/2/4471
f 2587/2/4471 2590/2/4470 2614/2/4470
f 2591/2/4472 2615/2/4472 2611/2/4473
f 2611/2/4473 2588/2/4472 2591/2/4472
f 2592/2/4474 2616/2/4474 2612/2/4474
f 2612/2/4474 2589/2/4474 2592/2/4474
f 2593/2/4475 2617/2/4476 2614/2/4476
f 2614/2/4476 2590/2/4476 2593/2/4475
f 2615/2/4477 2591/2/4478 2594/2/4478
f 2594/2/4478 2618/2/4478 2615/2/4477
f 2533/2/4479 2619/2/4479 2616/2/4479
f 2616/2/4479 2592/2/4479 2533/2/4479
f 2568/2/4480 2620/2/4480 2617/2/4481
f 2617/2/4481 2593/2/4480 2568/2/4480
f 2570/2/4482 2621/2/4482 2618/2/4482
f 2618/2/4482 2594/2/4482 2570/2/4482
f 2622/2/4483 2619/2/4484 2533/2/4484
f 2533/2/4484 2532/2/4484 2622/2/4483
f 2623/2/4485 2620/2/4486 2568/2/4486
f 2568/2/4486 2567/2/4486 2623/2/4485
f 2569/2/4487 2624/2/4488 2621/2/4488
f 2621/2/4488 2570/2/4488 2569/2/4487
f 2571/2/4489 2625/2/4489 2622/2/4490
f 2622/2/4490 2532/2/4489 2571/2/4489
f 2613/2/4491 2623/2/4491 2567/2/4491
f 2567/2/4491 2572/2/4491 2613/2/4491
f 2624/2/4492 2569/2/4492 2573/2/4492
f 2573/2/4492 2626/2/4492 2624/2/4492
f 2565/2/4493 2564/2/4494 2625/2/4494
f 2625/2/4494 2571/2/4494 2565/2/4493
f 2574/2/4495 2600/2/4496 2626/2/4497
f 2626/2/4497 2573/2/4496 2574/2/4495
f 2627/2/4498 2628/2/4498 2629/2/4499
f 2629/2/4499 2630/2/4500 2627/2/4498
f 2604/2/4501 2631/2/4502 2632/2/4503
f 2632/2/4503 2603/2/4504 2604/2/4501
f 2633/2/4505 2596/2/4506 2595/2/4507
f 2595/2/4507 2605/2/4505 2633/2/4505
f 2606/2/4508 2634/2/4509 2631/2/4508
f 2631/2/4508 2604/2/4509 2606/2/4508
f 2607/2/4510 2630/2/4511 2633/2/4512
f 2633/2/4512 2605/2/4513 2607/2/4510
f 2634/2/4514 2606/2/4515 2608/2/4514
f 2608/2/4514 2635/2/4516 2634/2/4514
f 2609/2/4517 2627/2/4518 2630/2/4519
f 2630/2/4519 2607/2/4520 2609/2/4517
f 2610/2/4521 2636/2/4521 2635/2/4522
f 2635/2/4522 2608/2/4523 2610/2/4521
f 2627/2/4524 2609/2/4524 2611/2/4525
f 2611/2/4525 2637/2/4524 2627/2/4524
f 2613/2/4526 2612/2/4527 2638/2/4526
f 2638/2/4526 2639/2/4527 2613/2/4526
f 2614/2/4528 2640/2/4529 2636/2/4530
f 2636/2/4530 2610/2/4531 2614/2/4528
f 2615/2/4532 2641/2/4533 2637/2/4534
f 2637/2/4534 2611/2/4532 2615/2/4532
f 2616/2/4535 2642/2/4536 2638/2/4535
f 2638/2/4535 2612/2/4537 2616/2/4535
f 2643/2/4538 2640/2/4539 2614/2/4539
f 2614/2/4539 2617/2/4538 2643/2/4538
f 2618/2/4540 2644/2/4540 2641/2/4541
f 2641/2/4541 2615/2/4542 2618/2/4540
f 2619/2/4543 2645/2/4544 2642/2/4545
f 2642/2/4545 2616/2/4546 2619/2/4543
f 2620/2/4547 2646/2/4548 2643/2/4547
f 2643/2/4547 2617/2/4549 2620/2/4547
f 2647/2/4550 2644/2/4551 2618/2/4552
f 2618/2/4552 2621/2/4553 2647/2/4550
f 2622/2/4554 2648/2/4555 2645/2/4554
f 2645/2/4554 2619/2/4556 2622/2/4554
f 2623/2/4557 2649/2/4558 2646/2/4559
f 2646/2/4559 2620/2/4560 2623/2/4557
f 2624/2/4561 2650/2/4562 2647/2/4561
f 2647/2/4561 2621/2/4563 2624/2/4561
f 2648/2/4564 2622/2/4565 2625/2/4566
f 2625/2/4566 2651/2/4567 2648/2/4564
f 2639/2/4568 2649/2/4569 2623/2/4568
f 2623/2/4568 2613/2/4570 2639/2/4568
f 2626/2/4571 2652/2/4572 2650/2/4571
f 2650/2/4571 2624/2/4571 2626/2/4571
f 2564/2/4573 2653/2/4573 2651/2/4574
f 2651/2/4574 2625/2/4575 2564/2/4573
f 2654/2/4576 2652/2/4577 2626/2/4578
f 2626/2/4578 2600/2/4579 2654/2/4576
f 2563/2/4580 2655/2/4581 2653/2/4582
f 2653/2/4582 2564/2/4583 2563/2/4580
f 2599/2/4584 2656/2/4585 2654/2/4586
f 2654/2/4586 2600/2/4587 2599/2/4584
f 2657/2/4588 2655/2/4589 2563/2/4588
f 2563/2/4588 2601/2/4588 2657/2/4588
f 2602/2/4590 2658/2/4591 2656/2/4592
f 2656/2/4592 2599/2/4593 2602/2/4590
f 2598/2/4594 2597/2/4595 2657/2/4594
f 2657/2/4594 2601/2/4594 2598/2/4594
f 2658/2/4596 2602/2/4597 2603/2/4598
f 2603/2/4598 2632/2/4599 2658/2/4596
f 2659/2/4600 2660/2/4601 2661/2/4600
f 2661/2/4600 2662/2/4601 2659/2/4600
f 2635/2/4602 2636/2/4602 2663/2/4602
f 2663/2/4602 2664/2/4603 2635/2/4602
f 2637/2/4604 2665/2/4605 2628/2/4606
f 2628/2/4606 2627/2/4607 2637/2/4604
f 2639/2/4608 2638/2/4609 2666/2/4609
f 2666/2/4609 2667/2/4609 2639/2/4608
f 2663/2/4610 2636/2/4610 2640/2/4610
f 2640/2/4610 2668/2/4610 2663/2/4610
f 2637/2/4611 2641/2/4612 2662/2/4613
f 2662/2/4613 2665/2/4613 2637/2/4611
f 2666/2/4614 2638/2/4615 2642/2/4616
f 2642/2/4616 2669/2/4617 2666/2/4614
f 2643/2/4618 2670/2/4619 2668/2/4618
f 2668/2/4618 2640/2/4618 2643/2/4618
f 2662/2/4620 2641/2/4621 2644/2/4620
f 2644/2/4620 2659/2/4620 2662/2/4620
f 2671/2/4622 2669/2/4623 2642/2/4624
f 2642/2/4624 2645/2/4625 2671/2/4622
f 2643/2/4626 2646/2/4627 2672/2/4628
f 2672/2/4628 2670/2/4626 2643/2/4626
f 2647/2/4629 2673/2/4629 2659/2/4629
f 2659/2/4629 2644/2/4629 2647/2/4629
f 2648/2/4630 2674/2/4631 2671/2/4630
f 2671/2/4630 2645/2/4632 2648/2/4630
f 2672/2/4633 2646/2/4634 2649/2/4635
f 2649/2/4635 2675/2/4636 2672/2/4633
f 2647/2/4637 2650/2/4638 2676/2/4639
f 2676/2/4639 2673/2/4640 2647/2/4637
f 2651/2/4641 2677/2/4641 2674/2/4641
f 2674/2/4641 2648/2/4641 2651/2/4641
f 2649/2/4642 2639/2/4642 2667/2/4642
f 2667/2/4642 2675/2/4642 2649/2/4642
f 2676/2/4643 2650/2/4644 2652/2/4645
f 2652/2/4645 2678/2/4646 2676/2/4643
f 2679/2/4647 2677/2/4648 2651/2/4649
f 2651/2/4649 2653/2/4650 2679/2/4647
f 2654/2/4651 2680/2/4651 2678/2/4652
f 2678/2/4652 2652/2/4651 2654/2/4651
f 2655/2/4653 2681/2/4654 2679/2/4654
f 2679/2/4654 2653/2/4655 2655/2/4653
f 2654/2/4656 2656/2/4657 2682/2/4656
f 2682/2/4656 2680/2/4658 2654/2/4656
f 2657/2/4659 2683/2/4659 2681/2/4660
f 2681/2/4660 2655/2/4659 2657/2/4659
f 2682/2/4661 2656/2/4662 2658/2/4661
f 2658/2/4661 2684/2/4663 2682/2/4661
f 2657/2/4664 2597/2/4665 2685/2/4666
f 2685/2/4666 2683/2/4667 2657/2/4664
f 2632/2/4668 2686/2/4668 2684/2/4668
f 2684/2/4668 2658/2/4668 2632/2/4668
f 2685/2/4669 2597/2/4669 2596/2/4670
f 2596/2/4670 2687/2/4669 2685/2/4669
f 2632/2/4671 2631/2/4672 2688/2/4673
f 2688/2/4673 2686/2/4671 2632/2/4671
f 2689/2/4674 2687/2/4674 2596/2/4674
f 2596/2/4674 2633/2/4675 2689/2/4674
f 2688/2/4676 2631/2/4677 2634/2/4678
f 2634/2/4678 2690/2/4676 2688/2/4676
f 2689/2/4679 2633/2/4679 2630/2/4679
f 2630/2/4679 2629/2/4679 2689/2/4679
f 2635/2/4680 2664/2/4681 2690/2/4682
f 2690/2/4682 2634/2/4681 2635/2/4680
f 2691/2/4683 2692/2/4683 2693/2/4683
f 2693/2/4683 2694/2/4683 2691/2/4683
f 2671/2/4684 2695/2/4684 2696/2/4684
f 2696/2/4684 2669/2/4684 2671/2/4684
f 2672/2/4685 2697/2/4685 2698/2/4685
f 2698/2/4685 2670/2/4685 2672/2/4685
f 2660/2/4686 2659/2/4686 2673/2/4686
f 2673/2/4686 2699/2/4686 2660/2/4686
f 2671/2/4687 2674/2/4687 2700/2/4687
f 2700/2/4687 2695/2/4687 2671/2/4687
f 2675/2/4688 2701/2/4688 2697/2/4688
f 2697/2/4688 2672/2/4688 2675/2/4688
f 2676/2/4689 2694/2/4689 2699/2/4689
f 2699/2/4689 2673/2/4689 2676/2/4689
f 2700/2/4690 2674/2/4690 2677/2/4690
f 2677/2/4690 2702/2/4690 2700/2/4690
f 2703/2/4691 2701/2/4691 2675/2/4691
f 2675/2/4691 2667/2/4691 2703/2/4691
f 2678/2/4692 2691/2/4692 2694/2/4692
f 2694/2/4692 2676/2/4692 2678/2/4692
f 2679/2/4693 2704/2/4693 2702/2/4693
f 2702/2/4693 2677/2/4693 2679/2/4693
f 2691/2/4694 2678/2/4694 2680/2/4694
f 2680/2/4694 2705/2/4694 2691/2/4694
f 2679/2/4695 2681/2/4695 2706/2/4695
f 2706/2/4695 2704/2/4695 2679/2/4695
f 2682/2/4696 2707/2/4696 2705/2/4696
f 2705/2/4696 2680/2/4696 2682/2/4696
f 2706/2/4697 2681/2/4697 2683/2/4697
f 2683/2/4697 2708/2/4697 2706/2/4697
f 2684/2/4698 2709/2/4698 2707/2/4698
f 2707/2/4698 2682/2/4698 2684/2/4698
f 2685/2/4699 2710/2/4700 2708/2/4700
f 2708/2/4700 2683/2/4700 2685/2/4699
f 2709/2/4701 2684/2/4701 2686/2/4701
f 2686/2/4701 2711/2/4701 2709/2/4701
f 2687/2/4702 2712/2/4702 2710/2/4702
f 2710/2/4702 2685/2/4702 2687/2/4702
f 2688/2/4703 2713/2/4703 2711/2/4704
f 2711/2/4704 2686/2/4704 2688/2/4703
f 2687/2/4705 2689/2/4705 2714/2/4705
f 2714/2/4705 2712/2/4705 2687/2/4705
f 2690/2/4706 2715/2/4707 2713/2/4708
f 2713/2/4708 2688/2/4709 2690/2/4706
f 2716/2/4710 2714/2/4710 2689/2/4710
f 2689/2/4710 2629/2/4710 2716/2/4710
f 2715/2/4711 2690/2/4711 2664/2/4711
f 2664/2/4711 2717/2/4711 2715/2/4711
f 2716/2/4712 2629/2/4712 2628/2/4712
f 2628/2/4712 2718/2/4712 2716/2/4712
f 2663/2/4713 2719/2/4713 2717/2/4713
f 2717/2/4713 2664/2/4713 2663/2/4713
f 2718/2/4714 2628/2/4714 2665/2/4714
f 2665/2/4714 2720/2/4714 2718/2/4714
f 2666/2/4715 2721/2/4715 2703/2/4715
f 2703/2/4715 2667/2/4715 2666/2/4715
f 2668/2/4716 2722/2/4716 2719/2/4716
f 2719/2/4716 2663/2/4716 2668/2/4716
f 2662/2/4717 2661/2/4717 2720/2/4717
f 2720/2/4717 2665/2/4717 2662/2/4717
f 2721/2/4718 2666/2/4718 2669/2/4718
f 2669/2/4718 2696/2/4718 2721/2/4718
f 2722/2/4719 2668/2/4719 2670/2/4719
f 2670/2/4719 2698/2/4719 2722/2/4719
f 2723/2/4720 2724/2/4720 2725/2/4720
f 2725/2/4720 2726/2/4720 2723/2/4720
f 2727/2/4721 2702/2/4722 2704/2/4723
f 2704/2/4723 2728/2/4724 2727/2/4721
f 2705/2/4725 2729/2/4725 2692/2/4726
f 2692/2/4726 2691/2/4725 2705/2/4725
f 2706/2/4727 2730/2/4728 2728/2/4729
f 2728/2/4729 2704/2/4730 2706/2/4727
f 2729/2/4731 2705/2/4732 2707/2/4733
f 2707/2/4733 2726/2/4734 2729/2/4731
f 2708/2/4735 2731/2/4736 2730/2/4736
f 2730/2/4736 2706/2/4737 2708/2/4735
f 2709/2/4738 2723/2/4739 2726/2/4738
f 2726/2/4738 2707/2/4740 2709/2/4738
f 2731/2/4741 2708/2/4741 2710/2/4741
f 2710/2/4741 2732/2/4742 2731/2/4741
f 2711/2/4743 2733/2/4744 2723/2/4745
f 2723/2/4745 2709/2/4745 2711/2/4743
f 2712/2/4746 2734/2/4747 2732/2/4748
f 2732/2/4748 2710/2/4749 2712/2/4746
f 2733/2/4750 2711/2/4750 2713/2/4751
f 2713/2/4751 2735/2/4752 2733/2/4750
f 2714/2/4753 2736/2/4753 2734/2/4754
f 2734/2/4754 2712/2/4753 2714/2/4753
f 2715/2/4755 2737/2/4756 2735/2/4755
f 2735/2/4755 2713/2/4757 2715/2/4755
f 2736/2/4758 2714/2/4758 2716/2/4758
f 2716/2/4758 2738/2/4758 2736/2/4758
f 2717/2/4759 2739/2/4759 2737/2/4760
f 2737/2/4760 2715/2/4759 2717/2/4759
f 2718/2/4761 2740/2/4762 2738/2/4763
f 2738/2/4763 2716/2/4764 2718/2/4761
f 2739/2/4765 2717/2/4766 2719/2/4767
f 2719/2/4767 2741/2/4767 2739/2/4765
f 2720/2/4768 2742/2/4769 2740/2/4770
f 2740/2/4770 2718/2/4771 2720/2/4768
f 2703/2/4772 2721/2/4772 2743/2/4773
f 2743/2/4773 2744/2/4773 2703/2/4772
f 2722/2/4774 2745/2/4775 2741/2/4776
f 2741/2/4776 2719/2/4777 2722/2/4774
f 2742/2/4778 2720/2/4779 2661/2/4780
f 2661/2/4780 2746/2/4781 2742/2/4778
f 2696/2/4782 2747/2/4783 2743/2/4784
f 2743/2/4784 2721/2/4782 2696/2/4782
f 2698/2/4785 2748/2/4785 2745/2/4786
f 2745/2/4786 2722/2/4787 2698/2/4785
f 2660/2/4788 2749/2/4789 2746/2/4789
f 2746/2/4789 2661/2/4789 2660/2/4788
f 2747/2/4790 2696/2/4791 2695/2/4791
f 2695/2/4791 2750/2/4791 2747/2/4790
f 2748/2/4792 2698/2/4793 2697/2/4792
f 2697/2/4792 2751/2/4794 2748/2/4792
f 2699/2/4795 2752/2/4796 2749/2/4795
f 2749/2/4795 2660/2/4797 2699/2/4795
f 2700/2/4798 2753/2/4799 2750/2/4800
f 2750/2/4800 2695/2/4801 2700/2/4798
f 2701/2/4802 2754/2/4803 2751/2/4804
f 2751/2/4804 2697/2/4805 2701/2/4802
f 2752/2/4806 2699/2/4807 2694/2/4808
f 2694/2/4808 2693/2/4809 2752/2/4806
f 2702/2/4810 2727/2/4811 2753/2/4812
f 2753/2/4812 2700/2/4812 2702/2/4810
f 2744/2/4813 2754/2/4814 2701/2/4814
f 2701/2/4814 2703/2/4815 2744/2/4813
f 2755/2/4816 2756/2/4817 2757/2/4818
f 2757/2/4818 2758/2/4817 2755/2/4816
f 2732/2/4819 2759/2/4819 2760/2/4819
f 2760/2/4819 2731/2/4819 2732/2/4819
f 2733/2/4820 2761/2/4820 2724/2/4820
f 2724/2/4820 2723/2/4820 2733/2/4820
f 2734/2/4821 2762/2/4821 2759/2/4821
f 2759/2/4821 2732/2/4822 2734/2/4821
f 2735/2/4823 2758/2/4824 2761/2/4825
f 2761/2/4825 2733/2/4826 2735/2/4823
f 2763/2/4827 2762/2/4827 2734/2/4827
f 2734/2/4827 2736/2/4827 2763/2/4827
f 2737/2/4828 2755/2/4829 2758/2/4830
f 2758/2/4830 2735/2/4831 2737/2/4828
f 2738/2/4832 2764/2/4832 2763/2/4833
f 2763/2/4833 2736/2/4834 2738/2/4832
f 2765/2/4835 2755/2/4835 2737/2/4836
f 2737/2/4836 2739/2/4835 2765/2/4835
f 2764/2/4837 2738/2/4838 2740/2/4838
f 2740/2/4838 2766/2/4839 2764/2/4837
f 2767/2/4840 2765/2/4840 2739/2/4840
f 2739/2/4840 2741/2/4840 2767/2/4840
f 2742/2/4841 2768/2/4841 2766/2/4842
f 2766/2/4842 2740/2/4841 2742/2/4841
f 2769/2/4843 2744/2/4844 2743/2/4845
f 2743/2/4845 2770/2/4844 2769/2/4843
f 2771/2/4846 2767/2/4846 2741/2/4846
f 2741/2/4846 2745/2/4846 2771/2/4846
f 2746/2/4847 2772/2/4848 2768/2/4847
f 2768/2/4847 2742/2/4849 2746/2/4847
f 2770/2/4850 2743/2/4851 2747/2/4851
f 2747/2/4851 2773/2/4851 2770/2/4850
f 2771/2/4852 2745/2/4853 2748/2/4852
f 2748/2/4852 2774/2/4854 2771/2/4852
f 2749/2/4855 2775/2/4856 2772/2/4855
f 2772/2/4855 2746/2/4857 2749/2/4855
f 2750/2/4858 2776/2/4859 2773/2/4858
f 2773/2/4858 2747/2/4858 2750/2/4858
f 2751/2/4860 2777/2/4861 2774/2/4860
f 2774/2/4860 2748/2/4861 2751/2/4860
f 2752/2/4862 2778/2/4863 2775/2/4862
f 2775/2/4862 2749/2/4864 2752/2/4862
f 2776/2/4865 2750/2/4866 2753/2/4866
f 2753/2/4866 2779/2/4867 2776/2/4865
f 2754/2/4868 2780/2/4868 2777/2/4868
f 2777/2/4868 2751/2/4869 2754/2/4868
f 2693/2/4870 2781/2/4870 2778/2/4870
f 2778/2/4870 2752/2/4870 2693/2/4870
f 2727/2/4871 2782/2/4871 2779/2/4871
f 2779/2/4871 2753/2/4871 2727/2/4871
f 2769/2/4872 2780/2/4873 2754/2/4874
f 2754/2/4874 2744/2/4875 2769/2/4872
f 2692/2/4876 2783/2/4876 2781/2/4876
f 2781/2/4876 2693/2/4876 2692/2/4876
f 2728/2/4877 2784/2/4877 2782/2/4877
f 2782/2/4877 2727/2/4877 2728/2/4877
f 2729/2/4878 2785/2/4879 2783/2/4879
f 2783/2/4879 2692/2/4878 2729/2/4878
f 2784/2/4880 2728/2/4881 2730/2/4882
f 2730/2/4882 2786/2/4880 2784/2/4880
f 2726/2/4883 2725/2/4884 2785/2/4885
f 2785/2/4885 2729/2/4885 2726/2/4883
f 2760/2/4886 2786/2/4886 2730/2/4886
f 2730/2/4886 2731/2/4887 2760/2/4886
f 2787/2/4888 2788/2/4889 2789/2/4890
f 2789/2/4890 2790/2/4889 2787/2/4888
f 2791/2/4891 2792/2/4891 2763/2/4891
f 2763/2/4891 2764/2/4891 2791/2/4891
f 2793/2/4892 2756/2/4893 2755/2/4894
f 2755/2/4894 2765/2/4893 2793/2/4892
f 2766/2/4895 2794/2/4895 2791/2/4895
f 2791/2/4895 2764/2/4895 2766/2/4895
f 2795/2/4896 2793/2/4897 2765/2/4898
f 2765/2/4898 2767/2/4897 2795/2/4896
f 2768/2/4899 2796/2/4899 2794/2/4899
f 2794/2/4899 2766/2/4899 2768/2/4899
f 2769/2/4900 2770/2/4900 2797/2/4900
f 2797/2/4900 2798/2/4900 2769/2/4900
f 2771/2/4901 2799/2/4901 2795/2/4902
f 2795/2/4902 2767/2/4901 2771/2/4901
f 2796/2/4903 2768/2/4903 2772/2/4903
f 2772/2/4903 2800/2/4903 2796/2/4903
f 2773/2/4904 2801/2/4904 2797/2/4904
f 2797/2/4904 2770/2/4904 2773/2/4904
f 2799/2/4905 2771/2/4906 2774/2/4906
f 2774/2/4906 2802/2/4906 2799/2/4905
f 2775/2/4907 2803/2/4907 2800/2/4907
f 2800/2/4907 2772/2/4907 2775/2/4907
f 2776/2/4908 2804/2/4908 2801/2/4908
f 2801/2/4908 2773/2/4908 2776/2/4908
f 2805/2/4909 2802/2/4910 2774/2/4911
f 2774/2/4911 2777/2/4910 2805/2/4909
f 2806/2/4912 2803/2/4912 2775/2/4912
f 2775/2/4912 2778/2/4912 2806/2/4912
f 2779/2/4913 2807/2/4913 2804/2/4913
f 2804/2/4913 2776/2/4913 2779/2/4913
f 2780/2/4914 2808/2/4914 2805/2/4914
f 2805/2/4914 2777/2/4914 2780/2/4914
f 2806/2/4915 2778/2/4915 2781/2/4916
f 2781/2/4916 2789/2/4915 2806/2/4915
f 2782/2/4917 2809/2/4917 2807/2/4917
f 2807/2/4917 2779/2/4917 2782/2/4917
f 2798/2/4918 2808/2/4918 2780/2/4918
f 2780/2/4918 2769/2/4918 2798/2/4918
f 2783/2/4919 2790/2/4919 2789/2/4920
f 2789/2/4920 2781/2/4919 2783/2/4919
f 2809/2/4921 2782/2/4921 2784/2/4921
f 2784/2/4921 2810/2/4921 2809/2/4921
f 2790/2/4922 2783/2/4922 2785/2/4922
f 2785/2/4922 2811/2/4922 2790/2/4922
f 2786/2/4923 2812/2/4923 2810/2/4924
f 2810/2/4924 2784/2/4923 2786/2/4923
f 2811/2/4925 2785/2/4926 2725/2/4927
f 2725/2/4927 2813/2/4926 2811/2/4925
f 2814/2/4928 2812/2/4928 2786/2/4928
f 2786/2/4928 2760/2/4928 2814/2/4928
f 2815/2/4929 2813/2/4930 2725/2/4930
f 2725/2/4930 2724/2/4930 2815/2/4929
f 2816/2/4931 2814/2/4931 2760/2/4932
f 2760/2/4932 2759/2/4931 2816/2/4931
f 2761/2/4933 2817/2/4934 2815/2/4935
f 2815/2/4935 2724/2/4934 2761/2/4933
f 2762/2/4936 2818/2/4936 2816/2/4936
f 2816/2/4936 2759/2/4936 2762/2/4936
f 2817/2/4937 2761/2/4938 2758/2/4937
f 2758/2/4937 2757/2/4939 2817/2/4937
f 2762/2/4940 2763/2/4940 2792/2/4940
f 2792/2/4940 2818/2/4940 2762/2/4940
f 2819/2/4941 2820/2/4941 2821/2/4942
f 2821/2/4942 2822/2/4941 2819/2/4941
f 2809/2/4943 2810/2/4943 2823/2/4944
f 2823/2/4944 2824/2/4945 2809/2/4943
f 2811/2/4946 2825/2/4947 2787/2/4948
f 2787/2/4948 2790/2/4947 2811/2/4946
f 2826/2/4949 2823/2/4950 2810/2/4951
f 2810/2/4951 2812/2/4952 2826/2/4949
f 2813/2/4953 2819/2/4953 2825/2/4953
f 2825/2/4953 2811/2/4953 2813/2/4953
f 2814/2/4954 2827/2/4955 2826/2/4956
f 2826/2/4956 2812/2/4957 2814/2/4954
f 2819/2/4958 2813/2/4958 2815/2/4959
f 2815/2/4959 2820/2/4960 2819/2/4958
f 2816/2/4961 2828/2/4962 2827/2/4963
f 2827/2/4963 2814/2/4964 2816/2/4961
f 2817/2/4965 2829/2/4966 2820/2/4967
f 2820/2/4967 2815/2/4968 2817/2/4965
f 2816/2/4969 2818/2/4970 2830/2/4971
f 2830/2/4971 2828/2/4972 2816/2/4969
f 2817/2/4973 2757/2/4974 2831/2/4975
f 2831/2/4975 2829/2/4974 2817/2/4973
f 2792/2/4976 2832/2/4977 2830/2/4978
f 2830/2/4978 2818/2/4979 2792/2/4976
f 2833/2/4980 2831/2/4981 2757/2/4982
f 2757/2/4982 2756/2/4981 2833/2/4980
f 2834/2/4983 2832/2/4984 2792/2/4985
f 2792/2/4985 2791/2/4986 2834/2/4983
f 2833/2/4987 2756/2/4987 2793/2/4987
f 2793/2/4987 2835/2/4988 2833/2/4987
f 2836/2/4989 2834/2/4990 2791/2/4991
f 2791/2/4991 2794/2/4992 2836/2/4989
f 2795/2/4993 2837/2/4993 2835/2/4994
f 2835/2/4994 2793/2/4995 2795/2/4993
f 2794/2/4996 2796/2/4997 2838/2/4996
f 2838/2/4996 2836/2/4998 2794/2/4996
f 2839/2/4999 2840/2/5000 2798/2/5001
f 2798/2/5001 2797/2/5000 2839/2/4999
f 2795/2/5002 2799/2/5002 2841/2/5002
f 2841/2/5002 2837/2/5002 2795/2/5002
f 2838/2/5003 2796/2/5004 2800/2/5005
f 2800/2/5005 2842/2/5006 2838/2/5003
f 2839/2/5007 2797/2/5007 2801/2/5007
f 2801/2/5007 2843/2/5008 2839/2/5007
f 2802/2/5009 2844/2/5009 2841/2/5010
f 2841/2/5010 2799/2/5009 2802/2/5009
f 2800/2/5011 2803/2/5012 2845/2/5013
f 2845/2/5013 2842/2/5014 2800/2/5011
f 2801/2/5015 2804/2/5016 2846/2/5017
f 2846/2/5017 2843/2/5018 2801/2/5015
f 2847/2/5019 2844/2/5020 2802/2/5021
f 2802/2/5021 2805/2/5022 2847/2/5019
f 2806/2/5023 2848/2/5024 2845/2/5025
f 2845/2/5025 2803/2/5026 2806/2/5023
f 2849/2/5027 2846/2/5028 2804/2/5028
f 2804/2/5028 2807/2/5027 2849/2/5027
f 2850/2/5029 2847/2/5030 2805/2/5031
f 2805/2/5031 2808/2/5032 2850/2/5029
f 2848/2/5033 2806/2/5034 2789/2/5034
f 2789/2/5034 2788/2/5033 2848/2/5033
f 2809/2/5035 2824/2/5036 2849/2/5037
f 2849/2/5037 2807/2/5038 2809/2/5035
f 2808/2/5039 2798/2/5040 2840/2/5041
f 2840/2/5041 2850/2/5042 2808/2/5039
f 2851/2/5043 2852/2/5043 2853/2/5044
f 2853/2/5044 2854/2/5043 2855/2/5045
f 2853/2/5044 2855/2/5045 2856/2/5046
f 2851/2/5043 2853/2/5044 2856/2/5046
f 2857/2/5043 2858/2/5043 2859/2/5047
f 2856/2/5046 2857/2/5043 2859/2/5047
f 2859/2/5047 2860/2/5043 2861/2/5048
f 2859/2/5047 2861/2/5048 2862/2/5043
f 2856/2/5046 2859/2/5047 2862/2/5043
f 2856/2/5046 2862/2/5043 2863/2/5049
f 2856/2/5046 2863/2/5049 2864/2/5050
f 2865/2/5043 2866/2/5043 2867/2/5044
f 2864/2/5050 2865/2/5043 2867/2/5044
f 2864/2/5050 2867/2/5044 2868/2/5043
f 2864/2/5050 2868/2/5043 2869/2/5051
f 2856/2/5046 2864/2/5050 2869/2/5051
f 2856/2/5046 2869/2/5051 2870/2/5052
f 2822/2/5053 2821/2/5043 2871/2/5054
f 2870/2/5052 2822/2/5053 2871/2/5054
f 2870/2/5052 2871/2/5054 2872/2/5049
f 2870/2/5052 2872/2/5049 2873/2/5043
f 2856/2/5046 2870/2/5052 2873/2/5043
f 2856/2/5046 2873/2/5043 2874/2/5044
f 2875/2/5045 2876/2/5043 2877/2/5043
f 2874/2/5044 2875/2/5045 2877/2/5043
f 2874/2/5044 2877/2/5043 2878/2/5055
f 2856/2/5046 2874/2/5044 2878/2/5055
f 2856/2/5046 2878/2/5055 2879/2/5056
f 2856/2/5046 2879/2/5056 2880/2/5057
f 2851/2/5043 2856/2/5046 2880/2/5057
f 2859/2/5058 2858/2/5059 2827/2/5058
f 2827/2/5058 2828/2/5059 2859/2/5058
f 2871/2/5060 2821/2/5060 2820/2/5060
f 2820/2/5060 2829/2/5060 2871/2/5060
f 2828/2/5061 2830/2/5061 2860/2/5061
f 2860/2/5061 2859/2/5061 2828/2/5061
f 2831/2/5062 2872/2/5063 2871/2/5062
f 2871/2/5062 2829/2/5063 2831/2/5062
f 2861/2/5064 2860/2/5064 2830/2/5064
f 2830/2/5064 2832/2/5065 2861/2/5064
f 2833/2/5066 2873/2/5066 2872/2/5067
f 2872/2/5067 2831/2/5066 2833/2/5066
f 2834/2/5068 2862/2/5069 2861/2/5069
f 2861/2/5069 2832/2/5069 2834/2/5068
f 2873/2/5070 2833/2/5070 2835/2/5070
f 2835/2/5070 2874/2/5070 2873/2/5070
f 2836/2/5071 2863/2/5072 2862/2/5073
f 2862/2/5073 2834/2/5074 2836/2/5071
f 2874/2/5075 2835/2/5075 2837/2/5075
f 2837/2/5075 2875/2/5075 2874/2/5075
f 2863/2/5076 2836/2/5077 2838/2/5078
f 2838/2/5078 2864/2/5078 2863/2/5076
f 2851/2/5079 2880/2/5080 2840/2/5080
f 2840/2/5080 2839/2/5079 2851/2/5079
f 2837/2/5081 2841/2/5081 2876/2/5081
f 2876/2/5081 2875/2/5081 2837/2/5081
f 2865/2/5082 2864/2/5083 2838/2/5082
f 2838/2/5082 2842/2/5084 2865/2/5082
f 2852/2/5085 2851/2/5086 2839/2/5085
f 2839/2/5085 2843/2/5087 2852/2/5085
f 2877/2/5088 2876/2/5089 2841/2/5088
f 2841/2/5088 2844/2/5090 2877/2/5088
f 2842/2/5091 2845/2/5091 2866/2/5092
f 2866/2/5092 2865/2/5092 2842/2/5091
f 2846/2/5093 2853/2/5094 2852/2/5093
f 2852/2/5093 2843/2/5093 2846/2/5093
f 2847/2/5095 2878/2/5095 2877/2/5095
f 2877/2/5095 2844/2/5095 2847/2/5095
f 2867/2/5096 2866/2/5097 2845/2/5097
f 2845/2/5097 2848/2/5096 2867/2/5096
f 2853/2/5098 2846/2/5099 2849/2/5100
f 2849/2/5100 2854/2/5100 2853/2/5098
f 2850/2/5101 2879/2/5101 2878/2/5101
f 2878/2/5101 2847/2/5101 2850/2/5101
f 2788/2/5102 2868/2/5102 2867/2/5102
f 2867/2/5102 2848/2/5102 2788/2/5102
f 2855/2/5103 2854/2/5104 2849/2/5105
f 2849/2/5105 2824/2/5106 2855/2/5103
f 2879/2/5107 2850/2/5107 2840/2/5108
f 2840/2/5108 2880/2/5109 2879/2/5107
f 2787/2/5110 2869/2/5110 2868/2/5110
f 2868/2/5110 2788/2/5111 2787/2/5110
f 2823/2/5112 2856/2/5113 2855/2/5114
f 2855/2/5114 2824/2/5112 2823/2/5112
f 2869/2/5115 2787/2/5116 2825/2/5117
f 2825/2/5117 2870/2/5115 2869/2/5115
f 2826/2/5118 2857/2/5118 2856/2/5118
f 2856/2/5118 2823/2/5118 2826/2/5118
f 2870/2/5119 2825/2/5120 2819/2/5119
f 2819/2/5119 2822/2/5120 2870/2/5119
f 2857/2/5121 2826/2/5121 2827/2/5121
f 2827/2/5121 2858/2/5121 2857/2/5121
o C_rculo_011_C_rculo_012
v 0.090851 -0.949056 -0.480821
v 0.184351 -0.949056 -0.471621
v 0.274251 -0.949056 -0.444321
v 0.357151 -0.949056 -0.400021
v 0.429751 -0.949056 -0.340421
v 0.489451 -0.949056 -0.267821
v 0.533651 -0.949056 -0.184921
v 0.560951 -0.949056 -0.095021
v 0.570151 -0.949056 -0.001521
v 0.560951 -0.949056 0.092079
v 0.533651 -0.949056 0.181979
v 0.489451 -0.949056 0.264779
v 0.429751 -0.949056 0.337479
v 0.357151 -0.949056 0.397079
v 0.274251 -0.949056 0.441379
v 0.184351 -0.949056 0.468679
v 0.090851 -0.949056 0.477879
v -0.002649 -0.949056 0.468679
v -0.092549 -0.949056 0.441379
v -0.175449 -0.949056 0.397079
v -0.248049 -0.949056 0.337479
v -0.307749 -0.949056 0.264779
v -0.352049 -0.949056 0.181979
v -0.379249 -0.949056 0.092079
v -0.388449 -0.949056 -0.001521
v -0.379249 -0.949056 -0.095021
v -0.352049 -0.949056 -0.184921
v -0.307749 -0.949056 -0.267821
v -0.248049 -0.949056 -0.340421
v -0.002649 -0.949056 -0.471621
v -0.175449 -0.949056 -0.400021
v -0.092549 -0.949056 -0.444321
v 0.595851 -0.970456 -0.101921
v 0.595851 -1.071256 -0.101921
v 0.605751 -1.071256 -0.001521
v 0.605751 -0.970456 -0.001521
v 0.287851 -0.970456 -0.477121
v 0.376851 -0.970456 -0.429621
v 0.191251 -0.970456 0.503479
v 0.090851 -0.970456 0.513379
v -0.273249 -0.970456 -0.365521
v -0.195149 -0.970456 -0.429621
v 0.191251 -0.970456 -0.506421
v 0.287851 -0.970456 0.474179
v -0.337249 -0.970456 -0.287521
v 0.090851 -0.970456 -0.516321
v 0.376851 -0.970456 0.426579
v -0.384849 -0.970456 -0.198521
v 0.454951 -0.970456 0.362579
v -0.414149 -0.970456 -0.101921
v 0.518951 -0.970456 0.284579
v -0.424049 -0.970456 -0.001521
v 0.566551 -0.970456 0.195579
v -0.414149 -0.970456 0.098979
v 0.595851 -0.970456 0.098979
v -0.384849 -0.970456 0.195579
v -0.337249 -0.970456 0.284579
v -0.273249 -0.970456 0.362579
v 0.566551 -0.970456 -0.198521
v -0.195149 -0.970456 0.426579
v 0.518951 -0.970456 -0.287521
v -0.106149 -0.970456 0.474179
v -0.009549 -0.970456 -0.506421
v 0.454951 -0.970456 -0.365521
v -0.009549 -0.970456 0.503479
v -0.106149 -0.970456 -0.477121
v -0.009549 -1.071256 -0.506421
v -0.106149 -1.071256 -0.477121
v -0.195149 -1.071256 -0.429621
v -0.273249 -1.071256 -0.365521
v -0.337249 -1.071256 -0.287521
v -0.384849 -1.071256 -0.198521
v -0.414149 -1.071256 -0.101921
v -0.424049 -1.071256 -0.001521
v -0.414149 -1.071256 0.098979
v -0.384849 -1.071256 0.195579
v -0.337249 -1.071256 0.284579
v -0.273249 -1.071256 0.362579
v -0.195149 -1.071256 0.426579
v -0.106149 -1.071256 0.474179
v -0.009549 -1.071256 0.503479
v 0.090851 -1.071256 0.513379
v 0.191251 -1.071256 0.503479
v 0.287851 -1.071256 0.474179
v 0.376851 -1.071256 0.426579
v 0.454951 -1.071256 0.362579
v 0.518951 -1.071256 0.284579
v 0.566551 -1.071256 0.195579
v 0.595851 -1.071256 0.098979
v 0.566551 -1.071256 -0.198521
v 0.518951 -1.071256 -0.287521
v 0.454951 -1.071256 -0.365521
v 0.376851 -1.071256 -0.429621
v 0.287851 -1.071256 -0.477121
v 0.191251 -1.071256 -0.506421
v 0.090851 -1.071256 -0.516321
vn -0.0000 -1.0000 -0.0000
vn -0.9952 -0.0000 0.0981
vn -0.2440 -0.8557 0.4564
vn -0.2440 -0.8556 0.4565
vn -0.2439 -0.8556 0.4565
vn -0.2439 -0.8557 0.4564
vn -0.0507 -0.8556 -0.5152
vn -0.0507 -0.8556 -0.5151
vn 0.3283 -0.8557 0.4000
vn 0.3283 -0.8557 0.3999
vn 0.3284 -0.8556 0.4001
vn -0.1502 -0.8557 0.4953
vn -0.1503 -0.8556 0.4954
vn -0.1502 -0.8557 -0.4953
vn -0.1502 -0.8556 -0.4953
vn -0.1502 -0.8556 -0.4954
vn 0.4001 -0.8556 0.3284
vn 0.4001 -0.8556 0.3283
vn 0.3999 -0.8556 0.3286
vn 0.3998 -0.8557 0.3284
vn -0.0507 -0.8556 0.5152
vn -0.0507 -0.8556 0.5151
vn -0.2441 -0.8556 -0.4566
vn -0.2440 -0.8557 -0.4564
vn -0.2440 -0.8556 -0.4566
vn 0.4565 -0.8556 0.2441
vn 0.4563 -0.8557 0.2440
vn 0.4569 -0.8554 0.2441
vn -0.3282 -0.8557 -0.4001
vn -0.3280 -0.8557 -0.4003
vn -0.3282 -0.8556 -0.4002
vn -0.3284 -0.8556 -0.4001
vn 0.4953 -0.8557 0.1501
vn 0.4951 -0.8558 0.1502
vn 0.4952 -0.8557 0.1502
vn 0.4951 -0.8557 0.1502
vn -0.4001 -0.8556 -0.3284
vn -0.3999 -0.8558 -0.3281
vn -0.3999 -0.8557 -0.3283
vn -0.3998 -0.8558 -0.3283
vn 0.5149 -0.8558 0.0508
vn 0.5147 -0.8558 0.0508
vn 0.5150 -0.8557 0.0508
vn 0.5150 -0.8557 0.0507
vn -0.4567 -0.8555 -0.2439
vn -0.4560 -0.8559 -0.2439
vn -0.4566 -0.8556 -0.2439
vn -0.4569 -0.8554 -0.2439
vn 0.5150 -0.8557 -0.0507
vn 0.5151 -0.8556 -0.0507
vn 0.5147 -0.8559 -0.0507
vn 0.5148 -0.8558 -0.0507
vn -0.4953 -0.8557 -0.1502
vn -0.4951 -0.8558 -0.1502
vn -0.4953 -0.8556 -0.1502
vn -0.4950 -0.8558 -0.1502
vn 0.4953 -0.8557 -0.1501
vn 0.4956 -0.8555 -0.1501
vn 0.4952 -0.8557 -0.1501
vn 0.4951 -0.8558 -0.1502
vn -0.5150 -0.8557 -0.0507
vn -0.5145 -0.8560 -0.0507
vn -0.5153 -0.8555 -0.0507
vn 0.4567 -0.8554 -0.2443
vn 0.4567 -0.8555 -0.2442
vn 0.4566 -0.8556 -0.2441
vn 0.4566 -0.8555 -0.2442
vn -0.5147 -0.8559 0.0507
vn -0.5147 -0.8558 0.0508
vn -0.5146 -0.8559 0.0507
vn -0.5145 -0.8560 0.0506
vn 0.4000 -0.8557 -0.3282
vn 0.3999 -0.8558 -0.3281
vn 0.4001 -0.8556 -0.3284
vn 0.4001 -0.8557 -0.3283
vn -0.4948 -0.8559 0.1501
vn -0.4951 -0.8557 0.1502
vn -0.4949 -0.8558 0.1503
vn -0.4950 -0.8558 0.1503
vn 0.3284 -0.8555 -0.4003
vn 0.3283 -0.8555 -0.4003
vn 0.3284 -0.8556 -0.4002
vn 0.3283 -0.8557 -0.3999
vn -0.4564 -0.8557 0.2440
vn -0.4565 -0.8556 0.2441
vn -0.4564 -0.8557 0.2439
vn -0.4564 -0.8557 0.2438
vn 0.2440 -0.8557 -0.4564
vn 0.2440 -0.8556 -0.4565
vn 0.0507 -0.8556 0.5151
vn 0.0507 -0.8557 0.5150
vn 0.0507 -0.8556 0.5152
vn -0.4000 -0.8556 0.3284
vn -0.4002 -0.8556 0.3284
vn -0.4001 -0.8557 0.3282
vn 0.1502 -0.8556 -0.4954
vn 0.1502 -0.8556 -0.4953
vn 0.1503 -0.8556 -0.4954
vn 0.1501 -0.8557 -0.4952
vn 0.1502 -0.8557 0.4953
vn 0.1502 -0.8556 0.4953
vn -0.3283 -0.8557 0.4000
vn -0.3284 -0.8556 0.4001
vn -0.3283 -0.8557 0.3999
vn 0.0507 -0.8555 -0.5154
vn 0.0508 -0.8553 -0.5156
vn 0.0507 -0.8555 -0.5153
vn 0.2440 -0.8555 0.4568
vn 0.2440 -0.8556 0.4565
vn 0.2438 -0.8556 0.4566
vn 0.2436 -0.8557 0.4565
vn -0.0000 1.0000 -0.0000
vn 0.7731 -0.0000 -0.6343
vn -0.9569 -0.0000 0.2903
vn 0.6342 -0.0000 -0.7732
vn -0.8818 -0.0000 0.4716
vn 0.4716 -0.0000 -0.8818
vn 0.0981 -0.0000 0.9952
vn -0.7731 -0.0000 0.6343
vn 0.2903 -0.0000 -0.9569
vn 0.2903 -0.0000 0.9569
vn -0.6344 -0.0000 0.7730
vn 0.0981 -0.0000 -0.9952
vn 0.4713 -0.0000 0.8820
vn 0.4711 -0.0000 0.8821
vn -0.4708 -0.0000 0.8822
vn -0.0981 -0.0000 -0.9952
vn 0.6344 -0.0000 0.7730
vn -0.2903 -0.0000 0.9569
vn -0.2903 -0.0000 -0.9569
vn 0.7731 -0.0000 0.6343
vn -0.0981 -0.0000 0.9952
vn -0.4716 -0.0000 -0.8818
vn 0.8818 -0.0000 0.4716
vn -0.6344 -0.0000 -0.7730
vn -0.6342 -0.0000 -0.7732
vn 0.9569 -0.0000 0.2903
vn -0.7731 -0.0000 -0.6343
vn 0.9952 -0.0000 0.0981
vn -0.8820 -0.0000 -0.4712
vn -0.8818 -0.0000 -0.4716
vn -0.8821 -0.0000 -0.4711
vn 0.9952 -0.0000 -0.0980
vn -0.9569 -0.0000 -0.2903
vn 0.9569 -0.0000 -0.2903
vn -0.9952 -0.0000 -0.0980
vn 0.8818 -0.0000 -0.4716
vn 0.8821 -0.0000 -0.4711
vn 0.8820 -0.0000 -0.4712
vt 0.000000 0.000000
s 1
usemtl Goddard_None
f 2881/3/5122 2882/3/5122 2883/3/5122
f 2883/3/5122 2884/3/5122 2885/3/5122
f 2881/3/5122 2883/3/5122 2885/3/5122
f 2885/3/5122 2886/3/5122 2887/3/5122
f 2887/3/5122 2888/3/5122 2889/3/5122
f 2885/3/5122 2887/3/5122 2889/3/5122
f 2881/3/5122 2885/3/5122 2889/3/5122
f 2889/3/5122 2890/3/5122 2891/3/5122
f 2891/3/5122 2892/3/5122 2893/3/5122
f 2889/3/5122 2891/3/5122 2893/3/5122
f 2893/3/5122 2894/3/5122 2895/3/5122
f 2895/3/5122 2896/3/5122 2897/3/5122
f 2893/3/5122 2895/3/5122 2897/3/5122
f 2889/3/5122 2893/3/5122 2897/3/5122
f 2897/3/5122 2898/3/5122 2899/3/5122
f 2899/3/5122 2900/3/5122 2901/3/5122
f 2897/3/5122 2899/3/5122 2901/3/5122
f 2901/3/5122 2902/3/5122 2903/3/5122
f 2903/3/5122 2904/3/5122 2905/3/5122
f 2901/3/5122 2903/3/5122 2905/3/5122
f 2897/3/5122 2901/3/5122 2905/3/5122
f 2889/3/5122 2897/3/5122 2905/3/5122
f 2881/3/5122 2889/3/5122 2905/3/5122
f 2906/3/5122 2907/3/5122 2908/3/5122
f 2905/3/5122 2906/3/5122 2908/3/5122
f 2905/3/5122 2908/3/5122 2909/3/5122
f 2881/3/5122 2905/3/5122 2909/3/5122
f 2910/3/5122 2881/3/5122 2909/3/5122
f 2910/3/5122 2909/3/5122 2911/3/5122
f 2910/3/5122 2911/3/5122 2912/3/5122
f 2913/3/5123 2914/3/5123 2915/3/5123
f 2915/3/5123 2916/3/5123 2913/3/5123
f 2883/3/5124 2917/3/5125 2918/3/5126
f 2918/3/5126 2884/3/5127 2883/3/5124
f 2896/3/5128 2919/3/5128 2920/3/5129
f 2920/3/5129 2897/3/5128 2896/3/5128
f 2911/3/5130 2909/3/5131 2921/3/5130
f 2921/3/5130 2922/3/5132 2911/3/5130
f 2882/3/5133 2923/3/5133 2917/3/5134
f 2917/3/5134 2883/3/5133 2882/3/5133
f 2895/3/5135 2924/3/5136 2919/3/5137
f 2919/3/5137 2896/3/5136 2895/3/5135
f 2908/3/5138 2925/3/5139 2921/3/5140
f 2921/3/5140 2909/3/5141 2908/3/5138
f 2882/3/5142 2881/3/5142 2926/3/5143
f 2926/3/5143 2923/3/5143 2882/3/5142
f 2894/3/5144 2927/3/5145 2924/3/5146
f 2924/3/5146 2895/3/5146 2894/3/5144
f 2928/3/5147 2925/3/5148 2908/3/5147
f 2908/3/5147 2907/3/5149 2928/3/5147
f 2893/3/5150 2929/3/5151 2927/3/5152
f 2927/3/5152 2894/3/5153 2893/3/5150
f 2906/3/5154 2930/3/5155 2928/3/5156
f 2928/3/5156 2907/3/5157 2906/3/5154
f 2892/3/5158 2931/3/5159 2929/3/5160
f 2929/3/5160 2893/3/5161 2892/3/5158
f 2932/3/5162 2930/3/5163 2906/3/5164
f 2906/3/5164 2905/3/5165 2932/3/5162
f 2891/3/5166 2933/3/5167 2931/3/5168
f 2931/3/5168 2892/3/5169 2891/3/5166
f 2932/3/5170 2905/3/5171 2904/3/5172
f 2904/3/5172 2934/3/5173 2932/3/5170
f 2890/3/5174 2935/3/5175 2933/3/5176
f 2933/3/5176 2891/3/5177 2890/3/5174
f 2904/3/5178 2903/3/5179 2936/3/5180
f 2936/3/5180 2934/3/5181 2904/3/5178
f 2889/3/5182 2916/3/5183 2935/3/5182
f 2935/3/5182 2890/3/5184 2889/3/5182
f 2902/3/5185 2937/3/5186 2936/3/5187
f 2936/3/5187 2903/3/5188 2902/3/5185
f 2888/3/5189 2913/3/5190 2916/3/5191
f 2916/3/5191 2889/3/5192 2888/3/5189
f 2901/3/5193 2938/3/5194 2937/3/5195
f 2937/3/5195 2902/3/5196 2901/3/5193
f 2887/3/5197 2939/3/5198 2913/3/5199
f 2913/3/5199 2888/3/5200 2887/3/5197
f 2900/3/5201 2940/3/5202 2938/3/5203
f 2938/3/5203 2901/3/5204 2900/3/5201
f 2886/3/5205 2941/3/5206 2939/3/5207
f 2939/3/5207 2887/3/5208 2886/3/5205
f 2899/3/5209 2942/3/5210 2940/3/5209
f 2940/3/5209 2900/3/5209 2899/3/5209
f 2926/3/5211 2881/3/5211 2910/3/5212
f 2910/3/5212 2943/3/5213 2926/3/5211
f 2885/3/5214 2944/3/5215 2941/3/5215
f 2941/3/5215 2886/3/5216 2885/3/5214
f 2898/3/5217 2945/3/5218 2942/3/5219
f 2942/3/5219 2899/3/5220 2898/3/5217
f 2943/3/5221 2910/3/5222 2912/3/5222
f 2912/3/5222 2946/3/5222 2943/3/5221
f 2884/3/5223 2918/3/5224 2944/3/5223
f 2944/3/5223 2885/3/5225 2884/3/5223
f 2897/3/5226 2920/3/5227 2945/3/5226
f 2945/3/5226 2898/3/5228 2897/3/5226
f 2946/3/5229 2912/3/5230 2911/3/5231
f 2911/3/5231 2922/3/5232 2946/3/5229
f 2947/3/5233 2948/3/5233 2949/3/5233
f 2949/3/5233 2950/3/5233 2951/3/5233
f 2947/3/5233 2949/3/5233 2951/3/5233
f 2951/3/5233 2952/3/5233 2953/3/5233
f 2951/3/5233 2953/3/5233 2954/3/5233
f 2947/3/5233 2951/3/5233 2954/3/5233
f 2947/3/5233 2954/3/5233 2955/3/5233
f 2955/3/5233 2956/3/5233 2957/3/5233
f 2957/3/5233 2958/3/5233 2959/3/5233
f 2955/3/5233 2957/3/5233 2959/3/5233
f 2959/3/5233 2960/3/5233 2961/3/5233
f 2961/3/5233 2962/3/5233 2963/3/5233
f 2959/3/5233 2961/3/5233 2963/3/5233
f 2955/3/5233 2959/3/5233 2963/3/5233
f 2963/3/5233 2964/3/5233 2965/3/5233
f 2965/3/5233 2966/3/5233 2967/3/5233
f 2963/3/5233 2965/3/5233 2967/3/5233
f 2967/3/5233 2968/3/5233 2969/3/5233
f 2969/3/5233 2915/3/5233 2914/3/5233
f 2967/3/5233 2969/3/5233 2914/3/5233
f 2963/3/5233 2967/3/5233 2914/3/5233
f 2955/3/5233 2963/3/5233 2914/3/5233
f 2914/3/5233 2970/3/5233 2971/3/5233
f 2971/3/5233 2972/3/5233 2973/3/5233
f 2914/3/5233 2971/3/5233 2973/3/5233
f 2973/3/5233 2974/3/5233 2975/3/5233
f 2973/3/5233 2975/3/5233 2976/3/5233
f 2914/3/5233 2973/3/5233 2976/3/5233
f 2955/3/5233 2914/3/5233 2976/3/5233
f 2947/3/5233 2955/3/5233 2976/3/5233
f 2938/3/5234 2958/3/5234 2957/3/5234
f 2957/3/5234 2937/3/5234 2938/3/5234
f 2939/3/5235 2970/3/5235 2914/3/5235
f 2914/3/5235 2913/3/5235 2939/3/5235
f 2940/3/5236 2959/3/5236 2958/3/5236
f 2958/3/5236 2938/3/5236 2940/3/5236
f 2941/3/5237 2971/3/5237 2970/3/5237
f 2970/3/5237 2939/3/5237 2941/3/5237
f 2942/3/5238 2960/3/5238 2959/3/5238
f 2959/3/5238 2940/3/5238 2942/3/5238
f 2943/3/5239 2947/3/5239 2976/3/5239
f 2976/3/5239 2926/3/5239 2943/3/5239
f 2944/3/5240 2972/3/5240 2971/3/5240
f 2971/3/5240 2941/3/5240 2944/3/5240
f 2945/3/5241 2961/3/5241 2960/3/5241
f 2960/3/5241 2942/3/5241 2945/3/5241
f 2946/3/5242 2948/3/5242 2947/3/5242
f 2947/3/5242 2943/3/5242 2946/3/5242
f 2918/3/5243 2973/3/5243 2972/3/5243
f 2972/3/5243 2944/3/5243 2918/3/5243
f 2920/3/5244 2962/3/5244 2961/3/5244
f 2961/3/5244 2945/3/5244 2920/3/5244
f 2922/3/5245 2949/3/5246 2948/3/5245
f 2948/3/5245 2946/3/5245 2922/3/5245
f 2917/3/5247 2974/3/5247 2973/3/5247
f 2973/3/5247 2918/3/5247 2917/3/5247
f 2919/3/5248 2963/3/5248 2962/3/5248
f 2962/3/5248 2920/3/5248 2919/3/5248
f 2921/3/5249 2950/3/5249 2949/3/5249
f 2949/3/5249 2922/3/5249 2921/3/5249
f 2923/3/5250 2975/3/5250 2974/3/5250
f 2974/3/5250 2917/3/5250 2923/3/5250
f 2924/3/5251 2964/3/5251 2963/3/5251
f 2963/3/5251 2919/3/5251 2924/3/5251
f 2925/3/5252 2951/3/5252 2950/3/5252
f 2950/3/5252 2921/3/5252 2925/3/5252
f 2923/3/5253 2926/3/5253 2976/3/5253
f 2976/3/5253 2975/3/5253 2923/3/5253
f 2927/3/5254 2965/3/5254 2964/3/5254
f 2964/3/5254 2924/3/5254 2927/3/5254
f 2928/3/5255 2952/3/5255 2951/3/5255
f 2951/3/5255 2925/3/5255 2928/3/5255
f 2929/3/5256 2966/3/5257 2965/3/5256
f 2965/3/5256 2927/3/5256 2929/3/5256
f 2930/3/5258 2953/3/5258 2952/3/5258
f 2952/3/5258 2928/3/5258 2930/3/5258
f 2931/3/5259 2967/3/5259 2966/3/5259
f 2966/3/5259 2929/3/5259 2931/3/5259
f 2932/3/5260 2954/3/5260 2953/3/5260
f 2953/3/5260 2930/3/5260 2932/3/5260
f 2933/3/5261 2968/3/5262 2967/3/5262
f 2967/3/5262 2931/3/5263 2933/3/5261
f 2934/3/5264 2955/3/5264 2954/3/5264
f 2954/3/5264 2932/3/5264 2934/3/5264
f 2935/3/5265 2969/3/5265 2968/3/5265
f 2968/3/5265 2933/3/5265 2935/3/5265
f 2936/3/5266 2956/3/5266 2955/3/5266
f 2955/3/5266 2934/3/5266 2936/3/5266
f 2916/3/5267 2915/3/5267 2969/3/5267
f 2969/3/5267 2935/3/5267 2916/3/5267
f 2937/3/5268 2957/3/5269 2956/3/5270
f 2956/3/5270 2936/3/5268 2937/3/5268
o C_rculo_012_C_rculo_013
v 0.089651 -0.771156 -0.379221
v 0.163251 -0.771156 -0.371921
v 0.234051 -0.771156 -0.350521
v 0.299251 -0.771156 -0.315621
v 0.356451 -0.771156 -0.268721
v 0.403351 -0.771156 -0.211521
v 0.438251 -0.771156 -0.146221
v 0.459751 -0.771156 -0.075421
v 0.466951 -0.771156 -0.001821
v 0.459751 -0.771156 0.071779
v 0.438251 -0.771156 0.142579
v 0.403351 -0.771156 0.207779
v 0.356451 -0.771156 0.264979
v 0.299251 -0.771156 0.311979
v 0.234051 -0.771156 0.346779
v 0.163251 -0.771156 0.368279
v 0.089651 -0.771156 0.375479
v 0.015951 -0.771156 0.368279
v -0.054849 -0.771156 0.346779
v -0.120049 -0.771156 0.311979
v -0.177249 -0.771156 0.264979
v -0.224149 -0.771156 0.207779
v -0.259049 -0.771156 0.142579
v -0.280549 -0.771156 0.071779
v -0.287749 -0.771156 -0.001821
v -0.280549 -0.771156 -0.075421
v -0.259049 -0.771156 -0.146221
v -0.224149 -0.771156 -0.211521
v -0.177249 -0.771156 -0.268721
v 0.015951 -0.771156 -0.371921
v -0.120049 -0.771156 -0.315621
v -0.054849 -0.771156 -0.350521
v -0.003449 -0.950356 -0.469521
v -0.092849 -0.950356 -0.442421
v -0.175349 -0.950356 -0.398321
v -0.247549 -0.950356 -0.339021
v -0.306849 -0.950356 -0.266821
v -0.350949 -0.950356 -0.184321
v -0.378049 -0.950356 -0.094921
v -0.387249 -0.950356 -0.001821
v -0.378049 -0.950356 0.091179
v -0.350949 -0.950356 0.180679
v -0.306849 -0.950356 0.263079
v -0.247549 -0.950356 0.335379
v -0.175349 -0.950356 0.394679
v -0.092849 -0.950356 0.438679
v -0.003449 -0.950356 0.465879
v 0.089651 -0.950356 0.474979
v 0.182651 -0.950356 0.465879
v 0.272051 -0.950356 0.438679
v 0.354551 -0.950356 0.394679
v 0.426751 -0.950356 0.335379
v 0.486151 -0.950356 0.263079
v 0.530151 -0.950356 0.180679
v 0.557351 -0.950356 0.091179
v 0.566451 -0.950356 -0.001821
v 0.557351 -0.950356 -0.094921
v 0.530151 -0.950356 -0.184321
v 0.486151 -0.950356 -0.266821
v 0.426751 -0.950356 -0.339021
v 0.354551 -0.950356 -0.398321
v 0.272051 -0.950356 -0.442421
v 0.182651 -0.950356 -0.469521
v 0.089651 -0.950356 -0.478721
vn -0.0000 -1.0000 -0.0000
vn -0.0000 1.0000 -0.0000
vn 0.8376 -0.4835 0.2542
vn 0.8375 -0.4837 0.2542
vn 0.8377 -0.4835 0.2540
vn 0.8376 -0.4836 0.2540
vn -0.6767 -0.4836 -0.5551
vn -0.6767 -0.4835 -0.5552
vn -0.6766 -0.4836 -0.5553
vn 0.8712 -0.4834 0.0859
vn 0.8712 -0.4834 0.0861
vn 0.8711 -0.4835 0.0860
vn 0.8711 -0.4836 0.0858
vn -0.7720 -0.4835 -0.4126
vn -0.7719 -0.4836 -0.4127
vn -0.7720 -0.4837 -0.4124
vn -0.7721 -0.4835 -0.4125
vn 0.8711 -0.4836 -0.0858
vn 0.8711 -0.4836 -0.0860
vn -0.8375 -0.4836 -0.2544
vn -0.8376 -0.4836 -0.2541
vn -0.8375 -0.4836 -0.2545
vn -0.8376 -0.4836 -0.2540
vn 0.8376 -0.4835 -0.2542
vn 0.8375 -0.4836 -0.2543
vn 0.8378 -0.4834 -0.2538
vn 0.8376 -0.4836 -0.2541
vn -0.8711 -0.4836 -0.0858
vn 0.7717 -0.4836 -0.4131
vn 0.7717 -0.4836 -0.4130
vn 0.7719 -0.4836 -0.4126
vn -0.8711 -0.4836 0.0858
vn -0.8711 -0.4836 0.0855
vn -0.8711 -0.4836 0.0856
vn -0.8711 -0.4836 0.0859
vn 0.6765 -0.4836 -0.5554
vn 0.6768 -0.4836 -0.5551
vn 0.6766 -0.4836 -0.5553
vn -0.8374 -0.4837 0.2544
vn -0.8376 -0.4836 0.2540
vn -0.8376 -0.4836 0.2541
vn 0.5556 -0.4836 -0.6763
vn 0.5555 -0.4836 -0.6764
vn 0.5553 -0.4836 -0.6766
vn 0.5557 -0.4837 -0.6763
vn -0.7720 -0.4835 0.4127
vn -0.7720 -0.4836 0.4124
vn -0.7720 -0.4836 0.4126
vn 0.4127 -0.4836 -0.7719
vn 0.4126 -0.4836 -0.7719
vn 0.4125 -0.4836 -0.7720
vn 0.0858 -0.4836 0.8711
vn 0.0859 -0.4836 0.8711
vn -0.6765 -0.4838 0.5552
vn -0.6766 -0.4836 0.5553
vn 0.2540 -0.4836 -0.8376
vn 0.2541 -0.4835 -0.8376
vn 0.2544 -0.4835 -0.8376
vn 0.2542 -0.4836 0.8375
vn 0.2541 -0.4836 0.8376
vn 0.2539 -0.4835 0.8377
vn -0.5552 -0.4834 0.6768
vn -0.5555 -0.4836 0.6764
vn -0.5554 -0.4835 0.6765
vn -0.5552 -0.4835 0.6767
vn 0.0857 -0.4836 -0.8711
vn 0.0858 -0.4836 -0.8711
vn 0.4127 -0.4835 0.7719
vn 0.4127 -0.4836 0.7719
vn 0.4130 -0.4835 0.7718
vn 0.4126 -0.4836 0.7719
vn -0.4126 -0.4835 0.7720
vn -0.4127 -0.4834 0.7720
vn -0.4125 -0.4836 0.7720
vn -0.4126 -0.4836 0.7719
vn -0.0857 -0.4836 -0.8711
vn -0.0856 -0.4836 -0.8711
vn -0.0858 -0.4836 -0.8711
vn 0.5552 -0.4834 0.6768
vn 0.5553 -0.4836 0.6766
vn 0.5554 -0.4835 0.6765
vn 0.5555 -0.4836 0.6764
vn -0.2540 -0.4836 0.8376
vn -0.2539 -0.4837 0.8376
vn -0.2538 -0.4836 0.8377
vn -0.2541 -0.4836 0.8376
vn -0.2544 -0.4836 -0.8375
vn -0.2543 -0.4836 -0.8375
vn -0.2543 -0.4837 -0.8375
vn 0.6765 -0.4837 0.5553
vn 0.6766 -0.4836 0.5553
vn 0.6765 -0.4835 0.5554
vn -0.0859 -0.4836 0.8711
vn -0.0857 -0.4836 0.8711
vn -0.0858 -0.4836 0.8711
vn -0.4127 -0.4836 -0.7719
vn -0.4125 -0.4836 -0.7720
vn 0.7719 -0.4836 0.4126
vn 0.7720 -0.4836 0.4126
vn -0.5556 -0.4836 -0.6763
vn -0.5555 -0.4836 -0.6764
vn -0.5556 -0.4836 -0.6764
vn -0.5557 -0.4836 -0.6763
vt 0.000000 0.000000
s 1
usemtl Goddard_None
f 2977/4/5271 2978/4/5271 2979/4/5271
f 2979/4/5271 2980/4/5271 2981/4/5271
f 2977/4/5271 2979/4/5271 2981/4/5271
f 2981/4/5271 2982/4/5271 2983/4/5271
f 2983/4/5271 2984/4/5271 2985/4/5271
f 2981/4/5271 2983/4/5271 2985/4/5271
f 2977/4/5271 2981/4/5271 2985/4/5271
f 2985/4/5271 2986/4/5271 2987/4/5271
f 2987/4/5271 2988/4/5271 2989/4/5271
f 2985/4/5271 2987/4/5271 2989/4/5271
f 2989/4/5271 2990/4/5271 2991/4/5271
f 2991/4/5271 2992/4/5271 2993/4/5271
f 2989/4/5271 2991/4/5271 2993/4/5271
f 2985/4/5271 2989/4/5271 2993/4/5271
f 2993/4/5271 2994/4/5271 2995/4/5271
f 2995/4/5271 2996/4/5271 2997/4/5271
f 2993/4/5271 2995/4/5271 2997/4/5271
f 2997/4/5271 2998/4/5271 2999/4/5271
f 2999/4/5271 3000/4/5271 3001/4/5271
f 2997/4/5271 2999/4/5271 3001/4/5271
f 2993/4/5271 2997/4/5271 3001/4/5271
f 2985/4/5271 2993/4/5271 3001/4/5271
f 2977/4/5271 2985/4/5271 3001/4/5271
f 3002/4/5271 3003/4/5271 3004/4/5271
f 3001/4/5271 3002/4/5271 3004/4/5271
f 3001/4/5271 3004/4/5271 3005/4/5271
f 2977/4/5271 3001/4/5271 3005/4/5271
f 3006/4/5271 2977/4/5271 3005/4/5271
f 3006/4/5271 3005/4/5271 3007/4/5271
f 3006/4/5271 3007/4/5271 3008/4/5271
f 3009/4/5272 3010/4/5272 3011/4/5272
f 3011/4/5272 3012/4/5272 3013/4/5272
f 3009/4/5272 3011/4/5272 3013/4/5272
f 3013/4/5272 3014/4/5272 3015/4/5272
f 3015/4/5272 3016/4/5272 3017/4/5272
f 3013/4/5272 3015/4/5272 3017/4/5272
f 3009/4/5272 3013/4/5272 3017/4/5272
f 3017/4/5272 3018/4/5272 3019/4/5272
f 3019/4/5272 3020/4/5272 3021/4/5272
f 3017/4/5272 3019/4/5272 3021/4/5272
f 3021/4/5272 3022/4/5272 3023/4/5272
f 3023/4/5272 3024/4/5272 3025/4/5272
f 3021/4/5272 3023/4/5272 3025/4/5272
f 3017/4/5272 3021/4/5272 3025/4/5272
f 3009/4/5272 3017/4/5272 3025/4/5272
f 3025/4/5272 3026/4/5272 3027/4/5272
f 3027/4/5272 3028/4/5272 3029/4/5272
f 3025/4/5272 3027/4/5272 3029/4/5272
f 3029/4/5272 3030/4/5272 3031/4/5272
f 3031/4/5272 3032/4/5272 3033/4/5272
f 3029/4/5272 3031/4/5272 3033/4/5272
f 3025/4/5272 3029/4/5272 3033/4/5272
f 3033/4/5272 3034/4/5272 3035/4/5272
f 3035/4/5272 3036/4/5272 3037/4/5272
f 3033/4/5272 3035/4/5272 3037/4/5272
f 3037/4/5272 3038/4/5272 3039/4/5272
f 3037/4/5272 3039/4/5272 3040/4/5272
f 3033/4/5272 3037/4/5272 3040/4/5272
f 3025/4/5272 3033/4/5272 3040/4/5272
f 3009/4/5272 3025/4/5272 3040/4/5272
f 3002/4/5273 3015/4/5274 3014/4/5275
f 3014/4/5275 3003/4/5276 3002/4/5273
f 2988/4/5277 3029/4/5278 3028/4/5279
f 3028/4/5279 2989/4/5279 2988/4/5277
f 3016/4/5280 3015/4/5281 3002/4/5282
f 3002/4/5282 3001/4/5283 3016/4/5280
f 2987/4/5284 3030/4/5285 3029/4/5286
f 3029/4/5286 2988/4/5287 2987/4/5284
f 3016/4/5288 3001/4/5288 3000/4/5289
f 3000/4/5289 3017/4/5288 3016/4/5288
f 2986/4/5290 3031/4/5291 3030/4/5292
f 3030/4/5292 2987/4/5293 2986/4/5290
f 3000/4/5294 2999/4/5295 3018/4/5296
f 3018/4/5296 3017/4/5297 3000/4/5294
f 2985/4/5298 3032/4/5298 3031/4/5298
f 3031/4/5298 2986/4/5298 2985/4/5298
f 2998/4/5299 3019/4/5300 3018/4/5300
f 3018/4/5300 2999/4/5301 2998/4/5299
f 2984/4/5302 3033/4/5303 3032/4/5304
f 3032/4/5304 2985/4/5305 2984/4/5302
f 2997/4/5306 3020/4/5306 3019/4/5307
f 3019/4/5307 2998/4/5308 2997/4/5306
f 2983/4/5309 3034/4/5310 3033/4/5310
f 3033/4/5310 2984/4/5311 2983/4/5309
f 2996/4/5312 3021/4/5313 3020/4/5314
f 3020/4/5314 2997/4/5315 2996/4/5312
f 2982/4/5316 3035/4/5317 3034/4/5318
f 3034/4/5318 2983/4/5318 2982/4/5316
f 2995/4/5319 3022/4/5320 3021/4/5321
f 3021/4/5321 2996/4/5320 2995/4/5319
f 3040/4/5322 2977/4/5322 3006/4/5323
f 3006/4/5323 3009/4/5322 3040/4/5322
f 2981/4/5324 3036/4/5325 3035/4/5325
f 3035/4/5325 2982/4/5325 2981/4/5324
f 2994/4/5326 3023/4/5326 3022/4/5327
f 3022/4/5327 2995/4/5328 2994/4/5326
f 3009/4/5329 3006/4/5330 3008/4/5330
f 3008/4/5330 3010/4/5331 3009/4/5329
f 2980/4/5332 3037/4/5333 3036/4/5334
f 3036/4/5334 2981/4/5335 2980/4/5332
f 2993/4/5336 3024/4/5337 3023/4/5337
f 3023/4/5337 2994/4/5337 2993/4/5336
f 3010/4/5338 3008/4/5339 3007/4/5340
f 3007/4/5340 3011/4/5341 3010/4/5338
f 2979/4/5342 3038/4/5343 3037/4/5344
f 3037/4/5344 2980/4/5345 2979/4/5342
f 2992/4/5346 3025/4/5347 3024/4/5348
f 3024/4/5348 2993/4/5348 2992/4/5346
f 3007/4/5349 3005/4/5350 3012/4/5351
f 3012/4/5351 3011/4/5352 3007/4/5349
f 2978/4/5353 3039/4/5354 3038/4/5355
f 3038/4/5355 2979/4/5356 2978/4/5353
f 2991/4/5357 3026/4/5358 3025/4/5357
f 3025/4/5357 2992/4/5359 2991/4/5357
f 3004/4/5360 3013/4/5361 3012/4/5362
f 3012/4/5362 3005/4/5361 3004/4/5360
f 2978/4/5363 2977/4/5364 3040/4/5365
f 3040/4/5365 3039/4/5363 2978/4/5363
f 2990/4/5366 3027/4/5366 3026/4/5366
f 3026/4/5366 2991/4/5367 2990/4/5366
f 3014/4/5368 3013/4/5368 3004/4/5368
f 3004/4/5368 3003/4/5369 3014/4/5368
f 2989/4/5370 3028/4/5371 3027/4/5372
f 3027/4/5372 2990/4/5373 2989/4/5370
o C_rculo_013_C_rculo_014
v 0.090251 -0.706556 -0.361721
v 0.160051 -0.706556 -0.354821
v 0.227251 -0.706556 -0.334421
v 0.289151 -0.706556 -0.301321
v 0.343451 -0.706556 -0.256821
v 0.388051 -0.706556 -0.202521
v 0.421151 -0.706556 -0.140621
v 0.441451 -0.706556 -0.073421
v 0.448351 -0.706556 -0.003521
v 0.441451 -0.706556 0.066379
v 0.421151 -0.706556 0.133579
v 0.388051 -0.706556 0.195479
v 0.343451 -0.706556 0.249779
v 0.289151 -0.706556 0.294279
v 0.227251 -0.706556 0.327379
v 0.160051 -0.706556 0.347779
v 0.090251 -0.706556 0.354679
v 0.020351 -0.706556 0.347779
v -0.046849 -0.706556 0.327379
v -0.108749 -0.706556 0.294279
v -0.163049 -0.706556 0.249779
v -0.207549 -0.706556 0.195479
v -0.240649 -0.706556 0.133579
v -0.261049 -0.706556 0.066379
v -0.267949 -0.706556 -0.003521
v -0.261049 -0.706556 -0.073421
v -0.240649 -0.706556 -0.140621
v -0.207549 -0.706556 -0.202521
v -0.163049 -0.706556 -0.256821
v 0.020351 -0.706556 -0.354821
v -0.108749 -0.706556 -0.301321
v -0.046849 -0.706556 -0.334421
v -0.177549 -0.737456 -0.271221
v -0.177549 -0.772256 -0.271221
v -0.120149 -0.772256 -0.318321
v -0.120149 -0.737456 -0.318321
v -0.288449 -0.737456 -0.003521
v -0.281149 -0.737456 0.070379
v 0.461551 -0.737456 0.070379
v 0.440051 -0.737456 0.141379
v -0.259649 -0.737456 0.141379
v 0.468851 -0.737456 -0.003521
v -0.224649 -0.737456 0.206879
v 0.461551 -0.737456 -0.077421
v -0.177549 -0.737456 0.264279
v 0.440051 -0.737456 -0.148421
v -0.120149 -0.737456 0.311279
v 0.405051 -0.737456 -0.213921
v -0.054649 -0.737456 0.346279
v 0.090251 -0.737456 -0.382221
v 0.016351 -0.737456 -0.374921
v 0.357951 -0.737456 -0.271221
v 0.016351 -0.737456 0.367879
v -0.054649 -0.737456 -0.353321
v 0.300551 -0.737456 -0.318321
v 0.090251 -0.737456 0.375179
v 0.235151 -0.737456 -0.353321
v 0.164051 -0.737456 0.367879
v 0.164051 -0.737456 -0.374921
v 0.235151 -0.737456 0.346279
v -0.224649 -0.737456 -0.213921
v 0.300551 -0.737456 0.311279
v -0.259649 -0.737456 -0.148421
v 0.357951 -0.737456 0.264279
v -0.281149 -0.737456 -0.077421
v 0.405051 -0.737456 0.206879
v 0.016351 -0.772256 -0.374921
v -0.054649 -0.772256 -0.353321
v -0.224649 -0.772256 -0.213921
v -0.259649 -0.772256 -0.148421
v -0.281149 -0.772256 -0.077421
v -0.288449 -0.772256 -0.003521
v -0.281149 -0.772256 0.070379
v -0.259649 -0.772256 0.141379
v -0.224649 -0.772256 0.206879
v -0.177549 -0.772256 0.264279
v -0.120149 -0.772256 0.311279
v -0.054649 -0.772256 0.346279
v 0.016351 -0.772256 0.367879
v 0.090251 -0.772256 0.375179
v 0.164051 -0.772256 0.367879
v 0.235151 -0.772256 0.346279
v 0.300551 -0.772256 0.311279
v 0.357951 -0.772256 0.264279
v 0.405051 -0.772256 0.206879
v 0.440051 -0.772256 0.141379
v 0.461551 -0.772256 0.070379
v 0.468851 -0.772256 -0.003521
v 0.461551 -0.772256 -0.077421
v 0.440051 -0.772256 -0.148421
v 0.405051 -0.772256 -0.213921
v 0.357951 -0.772256 -0.271221
v 0.300551 -0.772256 -0.318321
v 0.235151 -0.772256 -0.353321
v 0.164051 -0.772256 -0.374921
v 0.090251 -0.772256 -0.382221
vn -0.0000 -1.0000 -0.0000
vn 0.6343 -0.0000 0.7731
vn 0.8308 -0.5506 -0.0818
vn 0.8309 -0.5505 -0.0817
vn 0.8307 -0.5506 -0.0819
vn -0.7989 -0.5505 -0.2423
vn -0.7989 -0.5506 -0.2422
vn -0.7989 -0.5505 -0.2422
vn 0.7988 -0.5507 -0.2422
vn 0.7989 -0.5505 -0.2423
vn 0.7989 -0.5506 -0.2422
vn 0.7988 -0.5509 -0.2419
vn -0.8305 -0.5509 -0.0820
vn -0.8305 -0.5510 -0.0820
vn -0.8307 -0.5507 -0.0819
vn -0.8308 -0.5505 -0.0818
vn 0.7362 -0.5505 -0.3935
vn 0.7363 -0.5505 -0.3935
vn 0.7362 -0.5506 -0.3935
vn 0.7362 -0.5507 -0.3935
vn -0.8308 -0.5506 0.0818
vn -0.8308 -0.5505 0.0818
vn -0.8308 -0.5505 0.0817
vn 0.6453 -0.5506 -0.5296
vn 0.6452 -0.5507 -0.5295
vn 0.6453 -0.5505 -0.5296
vn -0.7989 -0.5505 0.2423
vn 0.5296 -0.5505 -0.6453
vn 0.5296 -0.5505 -0.6454
vn -0.7364 -0.5502 0.3936
vn -0.7361 -0.5507 0.3935
vn -0.7363 -0.5503 0.3936
vn -0.7364 -0.5503 0.3936
vn 0.3937 -0.5500 -0.7365
vn 0.3935 -0.5504 -0.7363
vn 0.3937 -0.5502 -0.7364
vn 0.3937 -0.5503 -0.7363
vn 0.0818 -0.5506 0.8308
vn 0.0817 -0.5505 0.8309
vn 0.0818 -0.5505 0.8308
vn -0.6453 -0.5504 0.5297
vn -0.6453 -0.5505 0.5297
vn -0.6453 -0.5505 0.5296
vn -0.6454 -0.5506 0.5293
vn 0.2424 -0.5505 -0.7989
vn 0.2423 -0.5505 -0.7989
vn 0.2427 -0.5503 -0.7989
vn 0.2426 -0.5500 -0.7991
vn 0.2422 -0.5505 0.7989
vn 0.2423 -0.5505 0.7989
vn -0.5296 -0.5506 0.6453
vn -0.5296 -0.5505 0.6454
vn -0.5296 -0.5505 0.6453
vn 0.0820 -0.5509 -0.8305
vn 0.0818 -0.5505 -0.8308
vn 0.0820 -0.5509 -0.8306
vn 0.3935 -0.5504 0.7363
vn 0.3936 -0.5503 0.7363
vn 0.3936 -0.5502 0.7364
vn 0.3935 -0.5503 0.7364
vn -0.3937 -0.5505 0.7362
vn -0.3936 -0.5506 0.7362
vn -0.3938 -0.5505 0.7362
vn -0.3937 -0.5503 0.7363
vn -0.0819 -0.5506 -0.8308
vn -0.0819 -0.5506 -0.8307
vn -0.0818 -0.5505 -0.8308
vn 0.5296 -0.5502 0.6456
vn 0.5296 -0.5505 0.6454
vn 0.5296 -0.5505 0.6453
vn -0.2423 -0.5505 0.7989
vn -0.2426 -0.5509 0.7986
vn -0.2422 -0.5505 0.7990
vn -0.2421 -0.5505 0.7990
vn -0.2426 -0.5507 -0.7987
vn -0.2427 -0.5506 -0.7987
vn -0.2425 -0.5504 -0.7989
vn -0.2423 -0.5505 -0.7989
vn 0.6453 -0.5505 0.5296
vn 0.6453 -0.5506 0.5296
vn 0.6455 -0.5505 0.5295
vn 0.6455 -0.5504 0.5296
vn -0.0819 -0.5506 0.8308
vn -0.0819 -0.5506 0.8307
vn -0.0822 -0.5509 0.8305
vn -0.3936 -0.5507 -0.7361
vn -0.3935 -0.5505 -0.7362
vn -0.3937 -0.5507 -0.7361
vn -0.3936 -0.5508 -0.7360
vn 0.7362 -0.5505 0.3935
vn 0.7363 -0.5505 0.3935
vn -0.5295 -0.5505 -0.6454
vn -0.5296 -0.5505 -0.6453
vn -0.5292 -0.5505 -0.6457
vn 0.7989 -0.5505 0.2424
vn 0.7989 -0.5504 0.2424
vn 0.7989 -0.5505 0.2423
vn 0.7988 -0.5506 0.2423
vn -0.6452 -0.5506 -0.5296
vn -0.6454 -0.5505 -0.5296
vn -0.6453 -0.5505 -0.5296
vn 0.8308 -0.5505 0.0818
vn -0.7365 -0.5500 -0.3937
vn -0.7364 -0.5502 -0.3936
vn -0.7364 -0.5502 -0.3937
vn -0.7363 -0.5503 -0.3937
vn -0.0000 1.0000 -0.0000
vn -0.2907 -0.0000 0.9568
vn -0.2907 -0.0000 -0.9568
vn 0.7731 -0.0000 0.6343
vn 0.7729 -0.0000 0.6345
vn -0.0984 -0.0000 0.9951
vn -0.0980 -0.0000 0.9952
vn -0.4718 -0.0000 -0.8817
vn 0.8820 -0.0000 0.4713
vn -0.6344 -0.0000 -0.7730
vn -0.6345 -0.0000 -0.7730
vn 0.9570 -0.0000 0.2901
vn 0.9571 -0.0000 0.2898
vn 0.9569 -0.0000 0.2903
vn -0.7731 -0.0000 -0.6343
vn 0.9952 -0.0000 0.0983
vn 0.9952 -0.0000 0.0978
vn -0.8820 -0.0000 -0.4713
vn 0.9952 -0.0000 -0.0983
vn 0.9952 -0.0000 -0.0980
vn -0.9571 -0.0000 -0.2898
vn 0.9569 -0.0000 -0.2903
vn -0.9952 -0.0000 -0.0983
vn -0.9952 -0.0000 -0.0980
vn 0.8820 -0.0000 -0.4713
vn -0.9952 -0.0000 0.0983
vn -0.9952 -0.0000 0.0980
vn 0.7731 -0.0000 -0.6343
vn -0.9570 -0.0000 0.2901
vn -0.9571 -0.0000 0.2898
vn -0.9569 -0.0000 0.2903
vn 0.6345 -0.0000 -0.7730
vn 0.6344 -0.0000 -0.7730
vn -0.8820 -0.0000 0.4713
vn 0.4713 -0.0000 -0.8820
vn 0.0983 -0.0000 0.9952
vn -0.7731 -0.0000 0.6343
vn -0.7729 -0.0000 0.6345
vn 0.2906 -0.0000 -0.9568
vn 0.2911 -0.0000 -0.9567
vn 0.2902 -0.0000 0.9570
vn 0.2903 -0.0000 0.9569
vn -0.6343 -0.0000 0.7731
vn 0.0983 -0.0000 -0.9952
vn 0.4713 -0.0000 0.8820
vn -0.4718 -0.0000 0.8817
vn -0.0981 -0.0000 -0.9952
vn -0.0984 -0.0000 -0.9951
vn -0.0980 -0.0000 -0.9952
vt 0.000000 0.000000
s 1
usemtl Goddard_None
f 3041/5/5374 3042/5/5374 3043/5/5374
f 3043/5/5374 3044/5/5374 3045/5/5374
f 3041/5/5374 3043/5/5374 3045/5/5374
f 3045/5/5374 3046/5/5374 3047/5/5374
f 3047/5/5374 3048/5/5374 3049/5/5374
f 3045/5/5374 3047/5/5374 3049/5/5374
f 3041/5/5374 3045/5/5374 3049/5/5374
f 3049/5/5374 3050/5/5374 3051/5/5374
f 3051/5/5374 3052/5/5374 3053/5/5374
f 3049/5/5374 3051/5/5374 3053/5/5374
f 3053/5/5374 3054/5/5374 3055/5/5374
f 3055/5/5374 3056/5/5374 3057/5/5374
f 3053/5/5374 3055/5/5374 3057/5/5374
f 3049/5/5374 3053/5/5374 3057/5/5374
f 3057/5/5374 3058/5/5374 3059/5/5374
f 3059/5/5374 3060/5/5374 3061/5/5374
f 3057/5/5374 3059/5/5374 3061/5/5374
f 3061/5/5374 3062/5/5374 3063/5/5374
f 3063/5/5374 3064/5/5374 3065/5/5374
f 3061/5/5374 3063/5/5374 3065/5/5374
f 3057/5/5374 3061/5/5374 3065/5/5374
f 3049/5/5374 3057/5/5374 3065/5/5374
f 3041/5/5374 3049/5/5374 3065/5/5374
f 3066/5/5374 3067/5/5374 3068/5/5374
f 3065/5/5374 3066/5/5374 3068/5/5374
f 3065/5/5374 3068/5/5374 3069/5/5374
f 3041/5/5374 3065/5/5374 3069/5/5374
f 3070/5/5374 3041/5/5374 3069/5/5374
f 3070/5/5374 3069/5/5374 3071/5/5374
f 3070/5/5374 3071/5/5374 3072/5/5374
f 3073/5/5375 3074/5/5375 3075/5/5375
f 3075/5/5375 3076/5/5375 3073/5/5375
f 3077/5/5376 3065/5/5377 3064/5/5376
f 3064/5/5376 3078/5/5378 3077/5/5376
f 3050/5/5379 3079/5/5380 3080/5/5381
f 3080/5/5381 3051/5/5379 3050/5/5379
f 3064/5/5382 3063/5/5383 3081/5/5384
f 3081/5/5384 3078/5/5385 3064/5/5382
f 3049/5/5386 3082/5/5387 3079/5/5388
f 3079/5/5388 3050/5/5389 3049/5/5386
f 3062/5/5390 3083/5/5391 3081/5/5392
f 3081/5/5392 3063/5/5393 3062/5/5390
f 3048/5/5394 3084/5/5395 3082/5/5394
f 3082/5/5394 3049/5/5396 3048/5/5394
f 3061/5/5397 3085/5/5398 3083/5/5397
f 3083/5/5397 3062/5/5399 3061/5/5397
f 3047/5/5400 3086/5/5400 3084/5/5400
f 3084/5/5400 3048/5/5400 3047/5/5400
f 3060/5/5401 3087/5/5402 3085/5/5401
f 3085/5/5401 3061/5/5401 3060/5/5401
f 3046/5/5403 3088/5/5404 3086/5/5405
f 3086/5/5405 3047/5/5406 3046/5/5403
f 3059/5/5407 3089/5/5408 3087/5/5409
f 3087/5/5409 3060/5/5410 3059/5/5407
f 3090/5/5411 3041/5/5412 3070/5/5411
f 3070/5/5411 3091/5/5413 3090/5/5411
f 3045/5/5414 3092/5/5415 3088/5/5416
f 3088/5/5416 3046/5/5417 3045/5/5414
f 3058/5/5418 3093/5/5419 3089/5/5420
f 3089/5/5420 3059/5/5421 3058/5/5418
f 3091/5/5422 3070/5/5423 3072/5/5423
f 3072/5/5423 3094/5/5423 3091/5/5422
f 3044/5/5424 3095/5/5425 3092/5/5426
f 3092/5/5426 3045/5/5424 3044/5/5424
f 3057/5/5427 3096/5/5428 3093/5/5427
f 3093/5/5427 3058/5/5429 3057/5/5427
f 3094/5/5430 3072/5/5431 3071/5/5432
f 3071/5/5432 3076/5/5433 3094/5/5430
f 3043/5/5434 3097/5/5435 3095/5/5436
f 3095/5/5436 3044/5/5437 3043/5/5434
f 3056/5/5438 3098/5/5438 3096/5/5439
f 3096/5/5439 3057/5/5440 3056/5/5438
f 3071/5/5441 3069/5/5442 3073/5/5443
f 3073/5/5443 3076/5/5442 3071/5/5441
f 3042/5/5444 3099/5/5445 3097/5/5446
f 3097/5/5446 3043/5/5447 3042/5/5444
f 3055/5/5448 3100/5/5449 3098/5/5450
f 3098/5/5450 3056/5/5451 3055/5/5448
f 3068/5/5452 3101/5/5453 3073/5/5454
f 3073/5/5454 3069/5/5455 3068/5/5452
f 3042/5/5456 3041/5/5457 3090/5/5457
f 3090/5/5457 3099/5/5458 3042/5/5456
f 3054/5/5459 3102/5/5460 3100/5/5461
f 3100/5/5461 3055/5/5462 3054/5/5459
f 3103/5/5463 3101/5/5464 3068/5/5463
f 3068/5/5463 3067/5/5463 3103/5/5463
f 3053/5/5465 3104/5/5466 3102/5/5465
f 3102/5/5465 3054/5/5467 3053/5/5465
f 3066/5/5468 3105/5/5469 3103/5/5470
f 3103/5/5470 3067/5/5471 3066/5/5468
f 3052/5/5472 3106/5/5473 3104/5/5474
f 3104/5/5474 3053/5/5472 3052/5/5472
f 3077/5/5475 3105/5/5475 3066/5/5475
f 3066/5/5475 3065/5/5475 3077/5/5475
f 3051/5/5476 3080/5/5477 3106/5/5478
f 3106/5/5478 3052/5/5479 3051/5/5476
f 3107/5/5480 3108/5/5480 3075/5/5480
f 3075/5/5480 3074/5/5480 3109/5/5480
f 3107/5/5480 3075/5/5480 3109/5/5480
f 3109/5/5480 3110/5/5480 3111/5/5480
f 3109/5/5480 3111/5/5480 3112/5/5480
f 3107/5/5480 3109/5/5480 3112/5/5480
f 3107/5/5480 3112/5/5480 3113/5/5480
f 3113/5/5480 3114/5/5480 3115/5/5480
f 3115/5/5480 3116/5/5480 3117/5/5480
f 3113/5/5480 3115/5/5480 3117/5/5480
f 3117/5/5480 3118/5/5480 3119/5/5480
f 3119/5/5480 3120/5/5480 3121/5/5480
f 3117/5/5480 3119/5/5480 3121/5/5480
f 3113/5/5480 3117/5/5480 3121/5/5480
f 3121/5/5480 3122/5/5480 3123/5/5480
f 3123/5/5480 3124/5/5480 3125/5/5480
f 3121/5/5480 3123/5/5480 3125/5/5480
f 3125/5/5480 3126/5/5480 3127/5/5480
f 3127/5/5480 3128/5/5480 3129/5/5480
f 3125/5/5480 3127/5/5480 3129/5/5480
f 3121/5/5480 3125/5/5480 3129/5/5480
f 3113/5/5480 3121/5/5480 3129/5/5480
f 3129/5/5480 3130/5/5480 3131/5/5480
f 3131/5/5480 3132/5/5480 3133/5/5480
f 3129/5/5480 3131/5/5480 3133/5/5480
f 3133/5/5480 3134/5/5480 3135/5/5480
f 3133/5/5480 3135/5/5480 3136/5/5480
f 3129/5/5480 3133/5/5480 3136/5/5480
f 3113/5/5480 3129/5/5480 3136/5/5480
f 3107/5/5480 3113/5/5480 3136/5/5480
f 3099/5/5481 3135/5/5481 3134/5/5481
f 3134/5/5481 3097/5/5481 3099/5/5481
f 3100/5/5482 3122/5/5482 3121/5/5482
f 3121/5/5482 3098/5/5482 3100/5/5482
f 3101/5/5483 3109/5/5483 3074/5/5483
f 3074/5/5483 3073/5/5484 3101/5/5483
f 3099/5/5485 3090/5/5485 3136/5/5485
f 3136/5/5485 3135/5/5486 3099/5/5485
f 3102/5/5487 3123/5/5487 3122/5/5487
f 3122/5/5487 3100/5/5487 3102/5/5487
f 3103/5/5488 3110/5/5488 3109/5/5488
f 3109/5/5488 3101/5/5488 3103/5/5488
f 3104/5/5489 3124/5/5489 3123/5/5490
f 3123/5/5490 3102/5/5489 3104/5/5489
f 3105/5/5491 3111/5/5492 3110/5/5492
f 3110/5/5492 3103/5/5493 3105/5/5491
f 3106/5/5494 3125/5/5494 3124/5/5494
f 3124/5/5494 3104/5/5494 3106/5/5494
f 3077/5/5495 3112/5/5496 3111/5/5495
f 3111/5/5495 3105/5/5495 3077/5/5495
f 3080/5/5497 3126/5/5497 3125/5/5497
f 3125/5/5497 3106/5/5497 3080/5/5497
f 3078/5/5498 3113/5/5499 3112/5/5498
f 3112/5/5498 3077/5/5498 3078/5/5498
f 3079/5/5500 3127/5/5500 3126/5/5500
f 3126/5/5500 3080/5/5500 3079/5/5500
f 3081/5/5501 3114/5/5501 3113/5/5501
f 3113/5/5501 3078/5/5501 3081/5/5501
f 3082/5/5502 3128/5/5503 3127/5/5502
f 3127/5/5502 3079/5/5503 3082/5/5502
f 3083/5/5504 3115/5/5504 3114/5/5504
f 3114/5/5504 3081/5/5504 3083/5/5504
f 3084/5/5505 3129/5/5505 3128/5/5505
f 3128/5/5505 3082/5/5506 3084/5/5505
f 3085/5/5507 3116/5/5507 3115/5/5507
f 3115/5/5507 3083/5/5507 3085/5/5507
f 3086/5/5508 3130/5/5509 3129/5/5509
f 3129/5/5509 3084/5/5510 3086/5/5508
f 3087/5/5511 3117/5/5512 3116/5/5512
f 3116/5/5512 3085/5/5512 3087/5/5511
f 3088/5/5513 3131/5/5513 3130/5/5513
f 3130/5/5513 3086/5/5513 3088/5/5513
f 3089/5/5514 3118/5/5514 3117/5/5514
f 3117/5/5514 3087/5/5514 3089/5/5514
f 3091/5/5515 3107/5/5515 3136/5/5515
f 3136/5/5515 3090/5/5515 3091/5/5515
f 3092/5/5516 3132/5/5517 3131/5/5516
f 3131/5/5516 3088/5/5516 3092/5/5516
f 3093/5/5518 3119/5/5519 3118/5/5518
f 3118/5/5518 3089/5/5518 3093/5/5518
f 3094/5/5520 3108/5/5521 3107/5/5521
f 3107/5/5521 3091/5/5520 3094/5/5520
f 3095/5/5522 3133/5/5522 3132/5/5522
f 3132/5/5522 3092/5/5522 3095/5/5522
f 3096/5/5523 3120/5/5523 3119/5/5523
f 3119/5/5523 3093/5/5523 3096/5/5523
f 3076/5/5524 3075/5/5524 3108/5/5524
f 3108/5/5524 3094/5/5524 3076/5/5524
f 3097/5/5525 3134/5/5525 3133/5/5525
f 3133/5/5525 3095/5/5525 3097/5/5525
f 3098/5/5526 3121/5/5527 3120/5/5526
f 3120/5/5526 3096/5/5528 3098/5/5526
o Cilindro_003
v 0.538351 -0.998156 -0.266921
v 0.542251 -0.998156 -0.268421
v 0.542251 -1.072556 -0.268421
v 0.538351 -1.072556 -0.266921
v 0.546351 -0.998156 -0.269121
v 0.546351 -1.072556 -0.269121
v 0.550551 -0.998156 -0.269021
v 0.550551 -1.072556 -0.269021
v 0.554651 -0.998156 -0.268121
v 0.554651 -1.072556 -0.268121
v 0.558451 -0.998156 -0.266321
v 0.558451 -1.072556 -0.266321
v 0.561851 -1.072556 -0.263921
v 0.561851 -0.998156 -0.263921
v 0.564751 -1.072556 -0.260921
v 0.564751 -0.998156 -0.260921
v 0.566951 -0.998156 -0.257321
v 0.566951 -1.072556 -0.257321
v 0.568451 -1.072556 -0.253421
v 0.568451 -0.998156 -0.253421
v 0.569151 -1.072556 -0.249321
v 0.569151 -0.998156 -0.249321
v 0.569051 -1.072556 -0.245121
v 0.569051 -0.998156 -0.245121
v 0.568051 -0.998156 -0.241021
v 0.568051 -1.072556 -0.241021
v 0.566351 -1.072556 -0.237221
v 0.566351 -0.998156 -0.237221
v 0.563951 -1.072556 -0.233821
v 0.563951 -0.998156 -0.233821
v 0.560851 -1.072556 -0.230921
v 0.560851 -0.998156 -0.230921
v 0.557351 -1.072556 -0.228721
v 0.557351 -0.998156 -0.228721
v 0.553451 -1.072556 -0.227221
v 0.553451 -0.998156 -0.227221
v 0.549351 -1.072556 -0.226521
v 0.549351 -0.998156 -0.226521
v 0.545151 -1.072556 -0.226621
v 0.545151 -0.998156 -0.226621
v 0.541051 -0.998156 -0.227621
v 0.541051 -1.072556 -0.227621
v 0.537251 -0.998156 -0.229321
v 0.537251 -1.072556 -0.229321
v 0.533851 -1.072556 -0.231721
v 0.533851 -0.998156 -0.231721
v 0.530951 -1.072556 -0.234821
v 0.530951 -0.998156 -0.234821
v 0.528751 -0.998156 -0.238321
v 0.528751 -1.072556 -0.238321
v 0.527251 -0.998156 -0.242221
v 0.527251 -1.072556 -0.242221
v 0.526551 -1.072556 -0.246421
v 0.526551 -0.998156 -0.246421
v 0.526651 -0.998156 -0.250521
v 0.526651 -1.072556 -0.250521
v 0.527651 -1.072556 -0.254621
v 0.527651 -0.998156 -0.254621
v 0.529351 -1.072556 -0.258421
v 0.529351 -0.998156 -0.258421
v 0.531751 -0.998156 -0.261821
v 0.531751 -1.072556 -0.261821
v 0.558451 -0.979756 -0.253121
v 0.559551 -0.979956 -0.250421
v 0.534851 -0.998156 -0.264721
v 0.534851 -1.072556 -0.264721
v 0.548251 -0.983756 -0.261821
v 0.533851 -0.972956 -0.254621
v 0.533951 -0.970956 -0.252621
v 0.550651 -0.982456 -0.260921
v 0.549851 -0.992156 -0.233621
v 0.552251 -0.990456 -0.233821
v 0.535351 -0.996156 -0.250821
v 0.535551 -0.996956 -0.248021
v 0.552951 -0.981256 -0.259521
v 0.557951 -0.985256 -0.237621
v 0.559151 -0.983756 -0.239721
v 0.538751 -0.997456 -0.240121
v 0.540551 -0.996956 -0.237921
v 0.541251 -0.988656 -0.261121
v 0.543451 -0.986956 -0.261821
v 0.539351 -0.990456 -0.259821
v 0.560151 -0.980456 -0.247621
v 0.547451 -0.993656 -0.233921
v 0.535751 -0.994956 -0.253521
v 0.555151 -0.980456 -0.257721
v 0.556351 -0.986956 -0.235921
v 0.537251 -0.997656 -0.242621
v 0.545851 -0.985256 -0.262121
v 0.560251 -0.981256 -0.244821
v 0.545051 -0.994956 -0.234721
v 0.536451 -0.993656 -0.255921
v 0.556951 -0.979956 -0.255621
v 0.554451 -0.988656 -0.234621
v 0.536151 -0.997456 -0.245321
v 0.559951 -0.982456 -0.242221
v 0.542751 -0.996156 -0.236121
v 0.537751 -0.992156 -0.258021
v 0.534851 -0.977856 -0.257621
v 0.535751 -0.980556 -0.258321
v 0.536951 -0.983156 -0.258621
v 0.538251 -0.985656 -0.258321
v 0.539851 -0.988056 -0.257621
v 0.541451 -0.990056 -0.256321
v 0.543051 -0.991756 -0.254621
v 0.544751 -0.993056 -0.252621
v 0.546251 -0.993756 -0.250221
v 0.547651 -0.994056 -0.247721
v 0.548851 -0.993756 -0.245121
v 0.549751 -0.993056 -0.242421
v 0.550351 -0.991756 -0.239921
v 0.550751 -0.990056 -0.237621
v 0.550751 -0.988056 -0.235521
v 0.550451 -0.985656 -0.233821
v 0.549851 -0.983156 -0.232621
v 0.548851 -0.980556 -0.231821
v 0.547751 -0.977856 -0.231621
v 0.546351 -0.975356 -0.231821
v 0.544851 -0.972956 -0.232621
v 0.543251 -0.970956 -0.233821
v 0.541551 -0.969256 -0.235521
v 0.539951 -0.967956 -0.237621
v 0.538351 -0.967256 -0.239921
v 0.536951 -0.966956 -0.242421
v 0.535851 -0.967256 -0.245121
v 0.534851 -0.967956 -0.247721
v 0.534251 -0.969256 -0.250221
v 0.534251 -0.975356 -0.256321
v 0.579651 -0.998156 0.191179
v 0.579651 -1.072556 0.191179
v 0.576751 -1.072556 0.188179
v 0.576751 -0.998156 0.188179
v 0.581951 -1.072556 0.194679
v 0.581951 -0.998156 0.194679
v 0.583551 -0.998156 0.198479
v 0.583551 -1.072556 0.198479
v 0.584251 -1.072556 0.202679
v 0.584251 -0.998156 0.202679
v 0.584251 -0.998156 0.206779
v 0.584251 -1.072556 0.206779
v 0.583351 -1.072556 0.210879
v 0.583351 -0.998156 0.210879
v 0.581751 -1.072556 0.214779
v 0.581751 -0.998156 0.214779
v 0.579351 -0.998156 0.218179
v 0.579351 -1.072556 0.218179
v 0.576351 -1.072556 0.221179
v 0.576351 -0.998156 0.221179
v 0.572851 -0.998156 0.223379
v 0.572851 -1.072556 0.223379
v 0.568951 -0.998156 0.224979
v 0.568951 -1.072556 0.224979
v 0.564851 -1.072556 0.225779
v 0.564851 -0.998156 0.225779
v 0.560651 -0.998156 0.225679
v 0.560651 -1.072556 0.225679
v 0.556551 -0.998156 0.224879
v 0.556551 -1.072556 0.224879
v 0.552751 -1.072556 0.223179
v 0.552751 -0.998156 0.223179
v 0.549251 -0.998156 0.220879
v 0.549251 -1.072556 0.220879
v 0.546351 -0.998156 0.217879
v 0.546351 -1.072556 0.217879
v 0.544051 -1.072556 0.214379
v 0.544051 -0.998156 0.214379
v 0.542551 -1.072556 0.210479
v 0.542551 -0.998156 0.210479
v 0.541751 -0.998156 0.206379
v 0.541751 -1.072556 0.206379
v 0.541751 -1.072556 0.202179
v 0.541751 -0.998156 0.202179
v 0.542651 -0.998156 0.198079
v 0.542651 -1.072556 0.198079
v 0.544351 -0.998156 0.194179
v 0.544351 -1.072556 0.194179
v 0.546651 -1.072556 0.190779
v 0.546651 -0.998156 0.190779
v 0.549651 -1.072556 0.187879
v 0.549651 -0.998156 0.187879
v 0.553151 -0.998156 0.185579
v 0.553151 -1.072556 0.185579
v 0.557051 -1.072556 0.183979
v 0.557051 -0.998156 0.183979
v 0.561151 -0.998156 0.183179
v 0.561151 -1.072556 0.183179
v 0.565351 -0.998156 0.183279
v 0.565351 -1.072556 0.183279
v 0.569451 -1.072556 0.184179
v 0.569451 -0.998156 0.184179
v 0.570051 -0.979956 0.214179
v 0.572051 -0.979756 0.212079
v 0.573251 -0.998156 0.185779
v 0.573251 -1.072556 0.185779
v 0.576151 -0.982456 0.201879
v 0.575951 -0.983756 0.199279
v 0.563651 -0.972956 0.188979
v 0.561751 -0.970956 0.189779
v 0.550751 -0.992156 0.212079
v 0.551951 -0.990456 0.214079
v 0.560751 -0.996156 0.191879
v 0.558251 -0.996956 0.193179
v 0.575851 -0.981256 0.204479
v 0.560151 -0.983756 0.218179
v 0.557651 -0.985256 0.217879
v 0.551051 -0.996956 0.201779
v 0.552251 -0.997456 0.199279
v 0.572551 -0.988656 0.193179
v 0.574151 -0.986956 0.194879
v 0.570551 -0.990456 0.191879
v 0.567751 -0.980456 0.215879
v 0.550051 -0.993656 0.209679
v 0.563351 -0.994956 0.191079
v 0.575051 -0.980456 0.207179
v 0.555451 -0.986956 0.217079
v 0.553951 -0.997656 0.196879
v 0.575251 -0.985256 0.196879
v 0.565251 -0.981256 0.217079
v 0.549851 -0.994956 0.207179
v 0.565851 -0.993656 0.190879
v 0.573751 -0.979956 0.209679
v 0.553551 -0.988656 0.215779
v 0.555951 -0.997456 0.194879
v 0.562651 -0.982456 0.217879
v 0.550251 -0.996156 0.204479
v 0.568351 -0.992156 0.191079
v 0.568551 -0.983156 0.190179
v 0.568851 -0.985656 0.191479
v 0.568751 -0.988056 0.193179
v 0.568251 -0.990056 0.195179
v 0.567351 -0.991756 0.197379
v 0.566151 -0.993056 0.199679
v 0.564651 -0.993756 0.202079
v 0.562851 -0.994056 0.204379
v 0.560851 -0.993756 0.206479
v 0.558851 -0.993056 0.208379
v 0.556751 -0.991756 0.209979
v 0.554751 -0.990056 0.211279
v 0.552951 -0.988056 0.212079
v 0.551251 -0.985656 0.212479
v 0.549851 -0.983156 0.212379
v 0.548751 -0.980556 0.211879
v 0.548051 -0.977856 0.210879
v 0.547751 -0.975356 0.209579
v 0.547851 -0.972956 0.207779
v 0.548351 -0.970956 0.205879
v 0.549251 -0.969256 0.203679
v 0.550451 -0.967956 0.201379
v 0.551951 -0.967256 0.198979
v 0.553751 -0.966956 0.196679
v 0.555651 -0.967256 0.194579
v 0.557751 -0.967956 0.192679
v 0.559751 -0.969256 0.191079
v 0.565351 -0.975356 0.188579
v 0.567751 -0.980556 0.189179
v 0.566751 -0.977856 0.188679
v 0.611351 -0.998156 -0.047121
v 0.611351 -1.072556 -0.047121
v 0.607151 -1.072556 -0.047321
v 0.607151 -0.998156 -0.047321
v 0.615351 -1.072556 -0.046021
v 0.615351 -0.998156 -0.046021
v 0.619151 -0.998156 -0.044221
v 0.619151 -1.072556 -0.044221
v 0.622451 -0.998156 -0.041721
v 0.622451 -1.072556 -0.041721
v 0.625251 -1.072556 -0.038521
v 0.625251 -0.998156 -0.038521
v 0.627351 -0.998156 -0.034921
v 0.627351 -1.072556 -0.034921
v 0.628751 -0.998156 -0.031021
v 0.628751 -1.072556 -0.031021
v 0.629251 -1.072556 -0.026821
v 0.629251 -0.998156 -0.026821
v 0.629051 -0.998156 -0.022621
v 0.629051 -1.072556 -0.022621
v 0.627951 -0.998156 -0.018621
v 0.627951 -1.072556 -0.018621
v 0.626151 -1.072556 -0.014821
v 0.626151 -0.998156 -0.014821
v 0.623551 -0.998156 -0.011521
v 0.623551 -1.072556 -0.011521
v 0.620451 -0.998156 -0.008721
v 0.620451 -1.072556 -0.008721
v 0.616851 -1.072556 -0.006621
v 0.616851 -0.998156 -0.006621
v 0.612851 -1.072556 -0.005221
v 0.612851 -0.998156 -0.005221
v 0.608751 -0.998156 -0.004721
v 0.608751 -1.072556 -0.004721
v 0.604551 -1.072556 -0.004921
v 0.604551 -0.998156 -0.004921
v 0.600551 -1.072556 -0.006021
v 0.600551 -0.998156 -0.006021
v 0.596751 -0.998156 -0.007821
v 0.596751 -1.072556 -0.007821
v 0.593451 -1.072556 -0.010321
v 0.593451 -0.998156 -0.010321
v 0.590651 -0.998156 -0.013521
v 0.590651 -1.072556 -0.013521
v 0.588551 -0.998156 -0.017121
v 0.588551 -1.072556 -0.017121
v 0.587151 -1.072556 -0.021021
v 0.587151 -0.998156 -0.021021
v 0.586651 -1.072556 -0.025221
v 0.586651 -0.998156 -0.025221
v 0.586851 -0.998156 -0.029421
v 0.586851 -1.072556 -0.029421
v 0.587951 -1.072556 -0.033421
v 0.587951 -0.998156 -0.033421
v 0.589751 -0.998156 -0.037221
v 0.589751 -1.072556 -0.037221
v 0.592251 -0.998156 -0.040521
v 0.592251 -1.072556 -0.040521
v 0.595451 -1.072556 -0.043321
v 0.595451 -0.998156 -0.043321
v 0.599051 -0.998156 -0.045421
v 0.599051 -1.072556 -0.045421
v 0.619751 -0.979756 -0.026421
v 0.619651 -0.979956 -0.023621
v 0.602951 -0.998156 -0.046821
v 0.602951 -1.072556 -0.046821
v 0.614051 -0.983756 -0.038521
v 0.598051 -0.972956 -0.037921
v 0.597151 -0.970956 -0.036121
v 0.615851 -0.982456 -0.036821
v 0.603951 -0.992156 -0.012221
v 0.606151 -0.990456 -0.011421
v 0.597851 -0.996156 -0.033821
v 0.596851 -0.996956 -0.031221
v 0.617451 -0.981256 -0.034621
v 0.614951 -0.983756 -0.014021
v 0.612951 -0.985256 -0.012521
v 0.597251 -0.996956 -0.019921
v 0.596451 -0.997456 -0.022721
v 0.609651 -0.986956 -0.040621
v 0.607351 -0.988656 -0.040821
v 0.605051 -0.990456 -0.040421
v 0.619051 -0.980456 -0.020821
v 0.601851 -0.993656 -0.013521
v 0.599151 -0.994956 -0.036121
v 0.618651 -0.980456 -0.032121
v 0.610751 -0.986956 -0.011621
v 0.596151 -0.997656 -0.025621
v 0.611951 -0.985256 -0.039821
v 0.618051 -0.981256 -0.018221
v 0.599951 -0.994956 -0.015221
v 0.600951 -0.993656 -0.038021
v 0.619451 -0.979956 -0.029321
v 0.608551 -0.988656 -0.011221
v 0.596251 -0.997456 -0.028421
v 0.616651 -0.982456 -0.015921
v 0.598451 -0.996156 -0.017421
v 0.602951 -0.992156 -0.039521
v 0.600051 -0.977856 -0.040221
v 0.601251 -0.980556 -0.040521
v 0.602351 -0.983156 -0.040321
v 0.603551 -0.985656 -0.039521
v 0.604651 -0.988056 -0.038221
v 0.605551 -0.990056 -0.036421
v 0.606351 -0.991756 -0.034221
v 0.607051 -0.993056 -0.031621
v 0.607451 -0.993756 -0.028921
v 0.607751 -0.994056 -0.026021
v 0.607751 -0.993756 -0.023121
v 0.607451 -0.993056 -0.020321
v 0.607051 -0.991756 -0.017721
v 0.606351 -0.990056 -0.015521
v 0.605551 -0.988056 -0.013621
v 0.604551 -0.985656 -0.012221
v 0.603451 -0.983156 -0.011321
v 0.602351 -0.980556 -0.011021
v 0.601151 -0.977856 -0.011221
v 0.600051 -0.975356 -0.012021
v 0.598951 -0.972956 -0.013321
v 0.597951 -0.970956 -0.015221
v 0.597151 -0.969256 -0.017421
v 0.596551 -0.967956 -0.019921
v 0.596051 -0.967256 -0.022721
v 0.595851 -0.966956 -0.025521
v 0.595851 -0.967256 -0.028421
v 0.596051 -0.967956 -0.031221
v 0.596551 -0.969256 -0.033821
v 0.598951 -0.975356 -0.039321
vn -0.3549 -0.0000 -0.9349
vn -0.1657 -0.0000 -0.9862
vn 0.0299 -0.0000 -0.9996
vn 0.2243 -0.0000 -0.9745
vn 0.4102 -0.0000 -0.9120
vn 0.4101 -0.0000 -0.9120
vn 0.5801 -0.0000 -0.8146
vn 0.5801 -0.0000 -0.8145
vn 0.7279 -0.0000 -0.6857
vn 0.8477 -0.0000 -0.5305
vn 0.9349 -0.0000 -0.3549
vn 0.9862 -0.0000 -0.1657
vn 0.9996 -0.0000 0.0299
vn 0.9745 -0.0000 0.2243
vn 0.9121 -0.0000 0.4100
vn 0.9120 -0.0000 0.4101
vn 0.8145 -0.0000 0.5802
vn 0.6857 -0.0000 0.7279
vn 0.5305 -0.0000 0.8477
vn 0.3549 -0.0000 0.9349
vn 0.3550 -0.0000 0.9349
vn 0.1657 -0.0000 0.9862
vn 0.1658 -0.0000 0.9862
vn -0.0299 -0.0000 0.9996
vn -0.2243 -0.0000 0.9745
vn -0.4101 -0.0000 0.9121
vn -0.4100 -0.0000 0.9121
vn -0.5802 -0.0000 0.8145
vn -0.7279 -0.0000 0.6857
vn -0.8477 -0.0000 0.5305
vn -0.9349 -0.0000 0.3550
vn -0.9349 -0.0000 0.3549
vn -0.9862 -0.0000 0.1657
vn -0.9862 -0.0000 0.1655
vn -0.9862 -0.0000 0.1656
vn -0.9996 -0.0000 -0.0299
vn -0.9745 -0.0000 -0.2243
vn -0.9121 -0.0000 -0.4101
vn -0.9120 -0.0000 -0.4101
vn -0.8145 -0.0000 -0.5802
vn 0.8312 0.4607 -0.3113
vn -0.6857 -0.0000 -0.7279
vn -0.5306 -0.0000 -0.8476
vn -0.5307 -0.0000 -0.8476
vn -0.5305 -0.0000 -0.8477
vn -0.0000 -1.0000 -0.0000
vn -0.0000 -1.0000 0.0003
vn -0.0000 -1.0000 0.0001
vn -0.0000 -1.0000 -0.0003
vn -0.0000 -1.0000 -0.0002
vn -0.0000 -1.0000 -0.0001
vn 0.0579 0.6232 -0.7799
vn 0.0579 0.6233 -0.7798
vn -0.0799 0.7022 0.7075
vn -0.0799 0.7021 0.7075
vn -0.1629 0.9797 0.1167
vn 0.3330 0.4516 -0.8277
vn 0.6770 0.4608 0.5738
vn -0.1180 0.9930 0.0100
vn -0.4226 0.5301 -0.7351
vn -0.5558 0.6037 -0.5715
vn -0.5559 0.6037 -0.5715
vn -0.5559 0.6037 -0.5714
vn 0.8785 0.4584 -0.1349
vn 0.8784 0.4584 -0.1349
vn -0.2241 0.8074 0.5457
vn -0.2240 0.8075 0.5457
vn -0.2241 0.8075 0.5457
vn -0.2242 0.8074 0.5457
vn -0.2940 0.9504 0.1014
vn 0.4980 0.4548 -0.7383
vn 0.5216 0.4843 0.7025
vn 0.5216 0.4843 0.7024
vn -0.0647 0.9978 0.0115
vn -0.2446 0.4843 -0.8400
vn -0.2447 0.4843 -0.8400
vn 0.8892 0.4548 0.0493
vn -0.2814 0.8945 0.3473
vn -0.2813 0.8945 0.3473
vn -0.4467 0.8946 0.0144
vn -0.4467 0.8946 0.0145
vn 0.6383 0.4584 -0.6184
vn 0.3304 0.5301 0.7809
vn -0.0482 0.9978 0.0446
vn -0.0482 0.4608 -0.8862
vn 0.8607 0.4517 0.2348
vn 0.8607 0.4517 0.2349
vn -0.2585 0.9504 0.1730
vn -0.2584 0.9504 0.1730
vn -0.5702 0.8075 -0.1511
vn -0.5708 0.8070 -0.1518
vn -0.5702 0.8075 -0.1510
vn 0.7503 0.4606 -0.4742
vn 0.7503 0.4607 -0.4742
vn 0.1194 0.6037 0.7882
vn 0.1196 0.6037 0.7882
vn 0.1195 0.6037 0.7882
vn -0.0792 0.9930 0.0880
vn 0.1484 0.4521 -0.8795
vn 0.1483 0.4521 -0.8796
vn 0.7905 0.4521 0.4132
vn -0.1914 0.9797 0.0593
vn -0.1915 0.9797 0.0593
vn -0.6121 0.7021 -0.3638
vn -0.6122 0.7021 -0.3638
vn -0.8203 -0.4014 0.4074
vn -0.8203 -0.4014 0.4073
vn -0.8202 -0.4014 0.4075
vn -0.8201 -0.4018 0.4073
vn -0.8203 -0.4015 0.4074
vn -0.8204 -0.4012 0.4073
vn -0.8204 -0.4014 0.4073
vn -0.8202 -0.4017 0.4073
vn -0.8206 -0.4007 0.4075
vn -0.8201 -0.4019 0.4074
vn -0.8204 -0.4011 0.4075
vn -0.8202 -0.4013 0.4076
vn -0.8204 -0.4010 0.4075
vn -0.8201 -0.4018 0.4074
vn -0.8203 -0.4013 0.4075
vn -0.9366 -0.1054 -0.3341
vn -0.9366 -0.1055 -0.3342
vn -0.9366 -0.1055 -0.3341
vn -0.2997 -0.1056 0.9482
vn -0.2998 -0.1054 0.9482
vn 0.1544 0.7313 -0.6643
vn 0.1544 0.7314 -0.6642
vn -0.5747 -0.0878 -0.8136
vn -0.5747 -0.0879 -0.8136
vn -0.5748 -0.0878 -0.8136
vn -0.8931 0.3342 0.3011
vn 0.2405 0.8072 -0.5390
vn -0.7743 0.6269 -0.0856
vn -0.7744 0.6269 -0.0858
vn -0.7744 0.6269 -0.0857
vn -0.7742 0.6271 -0.0857
vn 0.3184 0.8550 -0.4094
vn -0.6106 0.7776 -0.1501
vn -0.6106 0.7775 -0.1501
vn -0.6106 0.7776 -0.1502
vn 0.3901 0.8780 -0.2773
vn -0.4802 0.8702 -0.1105
vn -0.4802 0.8702 -0.1104
vn 0.4567 0.8780 -0.1432
vn -0.3773 0.9256 -0.0287
vn -0.3774 0.9256 -0.0287
vn 0.5186 0.8550 -0.0064
vn -0.2976 0.9518 0.0749
vn 0.5748 0.8072 0.1341
vn -0.2395 0.9518 0.1918
vn 0.6226 0.7314 0.2783
vn -0.2052 0.9256 0.3180
vn 0.6564 0.6232 0.4251
vn -0.2021 0.8702 0.4494
vn -0.2020 0.8702 0.4494
vn 0.6664 0.4793 0.5711
vn 0.6664 0.4794 0.5711
vn -0.3422 0.0998 -0.9343
vn -0.3423 0.1000 -0.9343
vn -0.3422 0.0999 -0.9343
vn -0.2494 0.7775 0.5773
vn -0.2494 0.7775 0.5774
vn 0.6363 0.3009 0.7103
vn 0.6363 0.3011 0.7102
vn -0.1816 0.3010 -0.9362
vn -0.1815 0.3010 -0.9362
vn -0.1816 0.3009 -0.9362
vn -0.3996 0.6270 0.6688
vn -0.3996 0.6269 0.6688
vn 0.5377 0.0998 0.8372
vn 0.5377 0.0999 0.8372
vn 0.5377 0.0997 0.8372
vn -0.0525 0.4793 -0.8761
vn -0.7795 0.3342 0.5297
vn -0.7795 0.3343 0.5297
vn -0.7796 0.3342 0.5297
vn -0.7796 0.3343 0.5296
vn 0.3010 -0.0878 0.9496
vn 0.3009 -0.0877 0.9496
vn 0.7148 -0.0000 -0.6994
vn 0.7147 -0.0000 -0.6994
vn 0.8375 -0.0000 -0.5465
vn 0.8374 -0.0000 -0.5466
vn 0.9280 -0.0000 -0.3726
vn 0.9828 -0.0000 -0.1844
vn 0.9999 -0.0000 0.0109
vn 0.9786 -0.0000 0.2058
vn 0.9197 -0.0000 0.3927
vn 0.8254 -0.0000 0.5646
vn 0.6993 -0.0000 0.7148
vn 0.5465 -0.0000 0.8375
vn 0.3726 -0.0000 0.9280
vn 0.1844 -0.0000 0.9829
vn 0.1844 -0.0000 0.9828
vn -0.0109 -0.0000 0.9999
vn -0.2058 -0.0000 0.9786
vn -0.3927 -0.0000 0.9197
vn -0.5646 -0.0000 0.8254
vn -0.7148 -0.0000 0.6994
vn -0.8375 -0.0000 0.5465
vn -0.9280 -0.0000 0.3726
vn -0.9829 -0.0000 0.1844
vn -0.9999 -0.0000 -0.0109
vn -0.9786 -0.0000 -0.2058
vn -0.9196 -0.0000 -0.3928
vn -0.8254 -0.0000 -0.5646
vn -0.6993 -0.0000 -0.7148
vn -0.5465 -0.0000 -0.8375
vn -0.3726 -0.0000 -0.9280
vn -0.1844 -0.0000 -0.9829
vn 0.0109 -0.0000 -0.9999
vn 0.2058 -0.0000 -0.9786
vn 0.6179 0.4607 0.6372
vn 0.6179 0.4606 0.6372
vn 0.3928 -0.0000 -0.9196
vn 0.5646 -0.0000 -0.8253
vn 0.5646 -0.0000 -0.8254
vn 0.5645 -0.0000 -0.8254
vn 0.7379 0.6232 -0.2591
vn 0.7379 0.6232 -0.2590
vn -0.6804 0.7021 0.2099
vn -0.1721 0.9797 -0.1026
vn 0.8918 0.4517 -0.0260
vn -0.2550 0.4607 0.8501
vn -0.0563 0.9930 -0.1042
vn 0.5046 0.5300 -0.6815
vn 0.5046 0.5300 -0.6816
vn 0.3013 0.6037 -0.7381
vn 0.3012 0.6037 -0.7381
vn 0.4751 0.4584 0.7511
vn -0.5897 0.8075 0.0129
vn -0.5897 0.8075 0.0130
vn -0.2105 0.9504 -0.2289
vn -0.2105 0.9504 -0.2288
vn 0.8759 0.4548 0.1610
vn -0.4351 0.4843 0.7591
vn -0.4350 0.4843 0.7591
vn -0.0364 0.9978 -0.0547
vn -0.0364 0.9978 -0.0548
vn 0.6720 0.4843 -0.5603
vn 0.6720 0.4843 -0.5602
vn 0.3106 0.4548 0.8347
vn -0.4308 0.8946 -0.1189
vn -0.1919 0.8946 -0.4036
vn -0.1918 0.8946 -0.4036
vn 0.8222 0.4583 0.3375
vn 0.8222 0.4584 0.3375
vn -0.5835 0.5300 0.6153
vn -0.5835 0.5301 0.6152
vn -0.5835 0.5301 0.6153
vn -0.0602 0.9978 -0.0263
vn 0.7929 0.4608 -0.3987
vn 0.1292 0.4517 0.8828
vn -0.2619 0.9504 -0.1677
vn -0.2619 0.9504 -0.1676
vn -0.0898 0.8075 -0.5830
vn -0.0896 0.8075 -0.5830
vn -0.0897 0.8075 -0.5830
vn 0.7348 0.4606 0.4978
vn -0.6745 0.6037 0.4249
vn -0.6746 0.6037 0.4249
vn -0.1124 0.9930 -0.0374
vn 0.8654 0.4521 -0.2160
vn -0.0624 0.4521 0.8898
vn -0.1309 0.9797 -0.1517
vn 0.0885 0.7021 -0.7065
vn -0.7016 -0.4014 -0.5887
vn -0.7017 -0.4011 -0.5889
vn -0.7016 -0.4013 -0.5887
vn -0.7018 -0.4008 -0.5889
vn -0.7018 -0.4011 -0.5888
vn -0.7016 -0.4013 -0.5888
vn -0.7017 -0.4012 -0.5887
vn -0.7016 -0.4015 -0.5887
vn -0.7017 -0.4012 -0.5888
vn -0.7017 -0.4014 -0.5887
vn -0.7015 -0.4016 -0.5888
vn -0.7018 -0.4012 -0.5887
vn -0.7016 -0.4018 -0.5885
vn -0.7015 -0.4014 -0.5888
vn -0.0686 -0.1055 -0.9921
vn -0.0686 -0.1054 -0.9921
vn -0.9889 -0.1054 0.1047
vn -0.9889 -0.1055 0.1047
vn 0.6706 0.7314 -0.1242
vn 0.5157 -0.0878 -0.8523
vn 0.5157 -0.0879 -0.8523
vn -0.6332 0.3342 -0.6981
vn -0.6333 0.3342 -0.6980
vn -0.6333 0.3341 -0.6980
vn -0.6333 0.3341 -0.6981
vn 0.5902 0.8072 0.0048
vn 0.5902 0.8073 0.0047
vn -0.2313 0.6269 -0.7440
vn -0.2312 0.6269 -0.7440
vn -0.2313 0.6268 -0.7440
vn 0.5026 0.8550 0.1280
vn 0.5025 0.8550 0.1280
vn -0.1068 0.7775 -0.6197
vn 0.4102 0.8781 0.2465
vn 0.4102 0.8780 0.2465
vn 0.4102 0.8781 0.2464
vn -0.0908 0.8702 -0.4843
vn 0.3140 0.8780 0.3612
vn 0.3141 0.8780 0.3612
vn -0.1247 0.9256 -0.3572
vn -0.1247 0.9257 -0.3572
vn -0.1247 0.9256 -0.3573
vn 0.2133 0.8550 0.4727
vn -0.1877 0.9518 -0.2427
vn 0.1071 0.8073 0.5804
vn 0.1071 0.8072 0.5804
vn -0.2717 0.9517 -0.1427
vn -0.0059 0.7314 0.6819
vn -0.0060 0.7314 0.6819
vn -0.3735 0.9256 -0.0608
vn -0.1270 0.6232 0.7717
vn -0.1269 0.6232 0.7717
vn -0.4927 0.8702 -0.0054
vn -0.2568 0.4793 0.8392
vn -0.2568 0.4794 0.8392
vn 0.7193 0.0998 -0.6875
vn 0.7193 0.0999 -0.6874
vn 0.7193 0.0999 -0.6875
vn -0.6288 0.7775 0.0024
vn -0.6288 0.7776 0.0025
vn -0.3964 0.3010 0.8674
vn -0.3963 0.3010 0.8674
vn -0.3964 0.3010 0.8673
vn 0.7853 0.3010 -0.5410
vn 0.7853 0.3011 -0.5410
vn -0.7728 0.6270 -0.0986
vn -0.7728 0.6269 -0.0985
vn -0.7726 0.6273 -0.0980
vn -0.7729 0.6269 -0.0985
vn -0.5522 0.0998 0.8277
vn -0.5521 0.0998 0.8278
vn 0.7819 0.4793 -0.3986
vn -0.7974 0.3343 -0.5024
vn -0.7498 -0.0878 0.6558
vn -0.7497 -0.0878 0.6559
vn -0.7496 -0.0878 0.6561
vn 0.0602 -0.0000 -0.9982
vn 0.2538 -0.0000 -0.9673
vn 0.4376 -0.0000 -0.8992
vn 0.6046 -0.0000 -0.7965
vn 0.6043 -0.0000 -0.7968
vn 0.6045 -0.0000 -0.7966
vn 0.6047 -0.0000 -0.7964
vn 0.7484 -0.0000 -0.6632
vn 0.8634 -0.0000 -0.5044
vn 0.8634 -0.0000 -0.5045
vn 0.9452 -0.0000 -0.3264
vn 0.9907 -0.0000 -0.1357
vn 0.9982 -0.0000 0.0602
vn 0.9673 -0.0000 0.2537
vn 0.8992 -0.0000 0.4376
vn 0.7965 -0.0000 0.6046
vn 0.6633 -0.0000 0.7484
vn 0.5044 -0.0000 0.8634
vn 0.5045 -0.0000 0.8634
vn 0.3264 -0.0000 0.9452
vn 0.3265 -0.0000 0.9452
vn 0.1357 -0.0000 0.9908
vn -0.0602 -0.0000 0.9982
vn -0.2538 -0.0000 0.9673
vn -0.4376 -0.0000 0.8992
vn -0.6045 -0.0000 0.7966
vn -0.6043 -0.0000 0.7968
vn -0.6046 -0.0000 0.7965
vn -0.6047 -0.0000 0.7964
vn -0.7484 -0.0000 0.6633
vn -0.7484 -0.0000 0.6632
vn -0.8634 -0.0000 0.5044
vn -0.8634 -0.0000 0.5045
vn -0.9452 -0.0000 0.3264
vn -0.9907 -0.0000 0.1357
vn -0.9982 -0.0000 -0.0602
vn -0.9673 -0.0000 -0.2538
vn -0.8992 -0.0000 -0.4376
vn -0.7966 -0.0000 -0.6046
vn -0.7968 -0.0000 -0.6042
vn -0.7965 -0.0000 -0.6046
vn -0.6633 -0.0000 -0.7484
vn -0.5044 -0.0000 -0.8635
vn -0.5045 -0.0000 -0.8634
vn -0.5042 -0.0000 -0.8636
vn 0.8857 0.4606 0.0574
vn -0.3264 -0.0000 -0.9452
vn -0.1357 -0.0000 -0.9907
vn -0.0000 -1.0000 0.0002
vn 0.3730 0.6232 -0.6874
vn 0.3730 0.6233 -0.6873
vn 0.3730 0.6232 -0.6873
vn -0.3634 0.7021 0.6124
vn -0.3635 0.7021 0.6124
vn -0.1964 0.9797 0.0395
vn -0.1964 0.9797 0.0396
vn 0.6435 0.4517 -0.6180
vn 0.3818 0.4608 0.8012
vn -0.1117 0.9930 -0.0394
vn -0.0836 0.5301 -0.8438
vn -0.2723 0.6037 -0.7493
vn -0.2724 0.6036 -0.7493
vn 0.8564 0.4584 0.2376
vn -0.4284 0.8075 0.4055
vn -0.3097 0.9504 -0.0283
vn -0.3097 0.9504 -0.0282
vn 0.7572 0.4548 -0.4688
vn 0.1872 0.4843 0.8547
vn 0.1872 0.4843 0.8546
vn 0.1871 0.4843 0.8547
vn -0.0637 0.9978 -0.0161
vn 0.1219 0.4843 -0.8664
vn 0.1218 0.4843 -0.8664
vn 0.7906 0.4548 0.4100
vn -0.3991 0.8946 0.2011
vn -0.4131 0.8946 -0.1703
vn -0.4132 0.8946 -0.1703
vn 0.8359 0.4584 -0.3018
vn -0.0194 0.5301 0.8477
vn -0.0623 0.9978 0.0209
vn 0.3199 0.4608 -0.8279
vn 0.3198 0.4608 -0.8279
vn 0.6884 0.4517 0.5675
vn -0.3067 0.9504 0.0516
vn -0.3066 0.9504 0.0517
vn -0.3067 0.9504 0.0517
vn -0.4579 0.8075 -0.3719
vn 0.8788 0.4606 -0.1244
vn 0.8788 0.4606 -0.1243
vn -0.2147 0.6037 0.7678
vn -0.2146 0.6037 0.7678
vn -0.2147 0.6037 0.7677
vn -0.1084 0.9930 0.0477
vn 0.4964 0.4521 -0.7411
vn 0.5511 0.4521 0.7013
vn 0.5512 0.4521 0.7013
vn 0.5511 0.4521 0.7014
vn -0.1989 0.9797 -0.0245
vn -0.4088 0.7022 -0.5830
vn -0.4087 0.7021 -0.5831
vn -0.4087 0.7022 -0.5831
vn -0.9152 -0.4014 0.0349
vn -0.9152 -0.4015 0.0347
vn -0.9152 -0.4014 0.0348
vn -0.9152 -0.4015 0.0348
vn -0.9153 -0.4013 0.0348
vn -0.9153 -0.4014 0.0349
vn -0.9151 -0.4017 0.0348
vn -0.9153 -0.4014 0.0348
vn -0.9151 -0.4016 0.0348
vn -0.9152 -0.4014 0.0347
vn -0.9153 -0.4013 0.0347
vn -0.9152 -0.4014 0.0351
vn -0.9154 -0.4011 0.0348
vn -0.9152 -0.4016 0.0348
vn -0.9151 -0.4018 0.0348
vn -0.7168 -0.1056 -0.6892
vn -0.7169 -0.1056 -0.6891
vn -0.6626 -0.1055 0.7415
vn 0.4136 0.7313 -0.5423
vn 0.4136 0.7314 -0.5423
vn -0.1901 -0.0878 -0.9778
vn -0.9380 0.3342 -0.0921
vn 0.4406 0.8072 -0.3928
vn -0.6709 0.6269 -0.3961
vn -0.6709 0.6269 -0.3960
vn 0.4584 0.8550 -0.2425
vn -0.4952 0.7775 -0.3876
vn -0.4952 0.7775 -0.3877
vn 0.4695 0.8780 -0.0928
vn -0.3925 0.8702 -0.2979
vn 0.4752 0.8780 0.0569
vn 0.4752 0.8780 0.0568
vn 0.4752 0.8780 0.0570
vn -0.3323 0.9256 -0.1811
vn 0.4755 0.8550 0.2071
vn -0.3021 0.9518 -0.0538
vn 0.4691 0.8072 0.3582
vn -0.2971 0.9518 0.0766
vn 0.4535 0.7313 0.5094
vn 0.4535 0.7314 0.5094
vn -0.3176 0.9256 0.2057
vn 0.4240 0.6232 0.6571
vn 0.4240 0.6232 0.6572
vn -0.3687 0.8702 0.3268
vn -0.3687 0.8702 0.3269
vn 0.3731 0.4794 0.7943
vn 0.0715 0.0998 -0.9924
vn -0.4644 0.7775 0.4240
vn 0.2885 0.3010 0.9089
vn 0.2886 0.3010 0.9089
vn 0.2188 0.3010 -0.9282
vn 0.2189 0.3010 -0.9282
vn -0.6390 0.6269 0.4457
vn -0.6391 0.6269 0.4456
vn 0.1465 0.0998 0.9842
vn 0.3118 0.4794 -0.8204
vn 0.3118 0.4793 -0.8204
vn 0.3118 0.4794 -0.8203
vn -0.9283 0.3342 0.1631
vn -0.9283 0.3341 0.1631
vn -0.1154 -0.0878 0.9894
vt 1.000000 1.000000
vt 0.968800 1.000000
vt 0.968800 0.500000
vt 1.000000 0.500000
vt 0.937500 1.000000
vt 0.937500 0.500000
vt 0.906200 1.000000
vt 0.906200 0.500000
vt 0.875000 1.000000
vt 0.875000 0.500000
vt 0.843800 1.000000
vt 0.843800 0.500000
vt 0.812500 0.500000
vt 0.812500 1.000000
vt 0.781200 0.500000
vt 0.781200 1.000000
vt 0.750000 1.000000
vt 0.750000 0.500000
vt 0.718800 0.500000
vt 0.718800 1.000000
vt 0.687500 0.500000
vt 0.687500 1.000000
vt 0.656200 0.500000
vt 0.656200 1.000000
vt 0.625000 1.000000
vt 0.625000 0.500000
vt 0.593800 0.500000
vt 0.593800 1.000000
vt 0.562500 0.500000
vt 0.562500 1.000000
vt 0.531200 0.500000
vt 0.531200 1.000000
vt 0.500000 0.500000
vt 0.500000 1.000000
vt 0.468800 0.500000
vt 0.468800 1.000000
vt 0.437500 0.500000
vt 0.437500 1.000000
vt 0.406200 0.500000
vt 0.406200 1.000000
vt 0.375000 1.000000
vt 0.375000 0.500000
vt 0.343800 1.000000
vt 0.343800 0.500000
vt 0.312500 0.500000
vt 0.312500 1.000000
vt 0.281200 0.500000
vt 0.281200 1.000000
vt 0.250000 1.000000
vt 0.250000 0.500000
vt 0.218800 1.000000
vt 0.218800 0.500000
vt 0.187500 0.500000
vt 0.187500 1.000000
vt 0.156200 1.000000
vt 0.156200 0.500000
vt 0.125000 0.500000
vt 0.125000 1.000000
vt 0.093800 0.500000
vt 0.093800 1.000000
vt 0.062500 1.000000
vt 0.062500 0.500000
vt 0.031200 1.000000
vt 0.031200 0.500000
vt 0.000000 1.000000
vt 0.000000 0.500000
vt 0.796800 0.485400
vt 0.841800 0.471700
vt 0.883300 0.449600
vt 0.919700 0.419700
vt 0.949600 0.383300
vt 0.971700 0.341800
vt 0.985400 0.296800
vt 0.990000 0.250000
vt 0.985400 0.203200
vt 0.971700 0.158200
vt 0.949600 0.116700
vt 0.919700 0.080300
vt 0.883300 0.050400
vt 0.841800 0.028300
vt 0.796800 0.014600
vt 0.750000 0.010000
vt 0.703200 0.014600
vt 0.658200 0.028300
vt 0.616700 0.050400
vt 0.580300 0.080300
vt 0.550400 0.116700
vt 0.528300 0.158200
vt 0.514600 0.203200
vt 0.510000 0.250000
vt 0.514600 0.296800
vt 0.528300 0.341800
vt 0.550400 0.383300
vt 0.580300 0.419700
vt 0.616700 0.449600
vt 0.658200 0.471700
vt 0.750000 0.490000
vt 0.703200 0.485400
vt 0.296800 0.485400
vt 0.250000 0.490000
vt 0.203200 0.485400
vt 0.158200 0.471700
vt 0.116700 0.449600
vt 0.080300 0.419700
vt 0.050400 0.383300
vt 0.028300 0.341800
vt 0.014600 0.296800
vt 0.010000 0.250000
vt 0.014600 0.203200
vt 0.028300 0.158200
vt 0.050400 0.116700
vt 0.080300 0.080300
vt 0.116700 0.050400
vt 0.158200 0.028300
vt 0.203200 0.014600
vt 0.250000 0.010000
vt 0.296800 0.014600
vt 0.341800 0.028300
vt 0.383300 0.050400
vt 0.419700 0.080300
vt 0.449600 0.116700
vt 0.471700 0.158200
vt 0.485400 0.203200
vt 0.490000 0.250000
vt 0.485400 0.296800
vt 0.471700 0.341800
vt 0.449600 0.383300
vt 0.419700 0.419700
vt 0.383300 0.449600
vt 0.341800 0.471700
s 1
usemtl Goddard_None
f 3137/6/5529 3138/7/5529 3139/8/5529
f 3139/8/5529 3140/9/5529 3137/6/5529
f 3138/7/5530 3141/10/5530 3142/11/5530
f 3142/11/5530 3139/8/5530 3138/7/5530
f 3141/10/5531 3143/12/5531 3144/13/5531
f 3144/13/5531 3142/11/5531 3141/10/5531
f 3143/12/5532 3145/14/5532 3146/15/5532
f 3146/15/5532 3144/13/5532 3143/12/5532
f 3147/16/5533 3148/17/5534 3146/15/5534
f 3146/15/5534 3145/14/5533 3147/16/5533
f 3149/18/5535 3148/17/5536 3147/16/5536
f 3147/16/5536 3150/19/5536 3149/18/5535
f 3151/20/5537 3149/18/5537 3150/19/5537
f 3150/19/5537 3152/21/5537 3151/20/5537
f 3153/22/5538 3154/23/5538 3151/20/5538
f 3151/20/5538 3152/21/5538 3153/22/5538
f 3155/24/5539 3154/23/5539 3153/22/5539
f 3153/22/5539 3156/25/5539 3155/24/5539
f 3157/26/5540 3155/24/5540 3156/25/5540
f 3156/25/5540 3158/27/5540 3157/26/5540
f 3159/28/5541 3157/26/5541 3158/27/5541
f 3158/27/5541 3160/29/5541 3159/28/5541
f 3161/30/5542 3162/31/5542 3159/28/5542
f 3159/28/5542 3160/29/5542 3161/30/5542
f 3163/32/5543 3162/31/5544 3161/30/5543
f 3161/30/5543 3164/33/5543 3163/32/5543
f 3165/34/5545 3163/32/5545 3164/33/5545
f 3164/33/5545 3166/35/5545 3165/34/5545
f 3167/36/5546 3165/34/5546 3166/35/5546
f 3166/35/5546 3168/37/5546 3167/36/5546
f 3169/38/5547 3167/36/5547 3168/37/5547
f 3168/37/5547 3170/39/5547 3169/38/5547
f 3171/40/5548 3169/38/5548 3170/39/5548
f 3170/39/5548 3172/41/5549 3171/40/5548
f 3173/42/5550 3171/40/5550 3172/41/5551
f 3172/41/5551 3174/43/5551 3173/42/5550
f 3175/44/5552 3173/42/5552 3174/43/5552
f 3174/43/5552 3176/45/5552 3175/44/5552
f 3177/46/5553 3178/47/5553 3175/44/5553
f 3175/44/5553 3176/45/5553 3177/46/5553
f 3177/46/5554 3179/48/5554 3180/49/5555
f 3180/49/5555 3178/47/5554 3177/46/5554
f 3181/50/5556 3180/49/5556 3179/48/5556
f 3179/48/5556 3182/51/5556 3181/50/5556
f 3183/52/5557 3181/50/5557 3182/51/5557
f 3182/51/5557 3184/53/5557 3183/52/5557
f 3185/54/5558 3186/55/5558 3183/52/5558
f 3183/52/5558 3184/53/5558 3185/54/5558
f 3187/56/5559 3188/57/5560 3186/55/5559
f 3186/55/5559 3185/54/5559 3187/56/5559
f 3189/58/5561 3188/57/5562 3187/56/5563
f 3187/56/5563 3190/59/5561 3189/58/5561
f 3191/60/5564 3192/61/5564 3189/58/5564
f 3189/58/5564 3190/59/5564 3191/60/5564
f 3193/62/5565 3192/61/5565 3191/60/5565
f 3191/60/5565 3194/63/5565 3193/62/5565
f 3195/64/5566 3193/62/5567 3194/63/5566
f 3194/63/5566 3196/65/5566 3195/64/5566
f 3197/66/5568 3198/67/5568 3195/64/5568
f 3195/64/5568 3196/65/5568 3197/66/5568
f 3153/22/5569 3199/22/5569 3200/25/5569
f 3200/25/5569 3156/25/5569 3153/22/5569
f 3201/68/5570 3202/69/5570 3198/67/5570
f 3198/67/5570 3197/66/5570 3201/68/5570
f 3202/69/5571 3201/68/5572 3137/70/5571
f 3137/70/5571 3140/71/5573 3202/69/5571
f 3139/72/5574 3142/73/5575 3144/74/5574
f 3139/72/5574 3144/74/5574 3146/75/5574
f 3146/75/5574 3148/76/5574 3149/77/5574
f 3149/77/5574 3151/78/5576 3154/79/5574
f 3154/79/5574 3155/80/5574 3157/81/5574
f 3149/77/5574 3154/79/5574 3157/81/5574
f 3146/75/5574 3149/77/5574 3157/81/5574
f 3157/81/5574 3159/82/5576 3162/83/5574
f 3162/83/5574 3163/84/5576 3165/85/5574
f 3157/81/5574 3162/83/5574 3165/85/5574
f 3165/85/5574 3167/86/5574 3169/87/5576
f 3169/87/5576 3171/88/5577 3173/89/5574
f 3165/85/5574 3169/87/5576 3173/89/5574
f 3173/89/5574 3175/90/5578 3178/91/5574
f 3178/91/5574 3180/92/5574 3181/93/5574
f 3173/89/5574 3178/91/5574 3181/93/5574
f 3181/93/5574 3183/94/5579 3186/95/5574
f 3186/95/5574 3188/96/5574 3189/97/5574
f 3181/93/5574 3186/95/5574 3189/97/5574
f 3173/89/5574 3181/93/5574 3189/97/5574
f 3165/85/5574 3173/89/5574 3189/97/5574
f 3157/81/5574 3165/85/5574 3189/97/5574
f 3146/75/5574 3157/81/5574 3189/97/5574
f 3189/97/5574 3192/98/5579 3193/99/5574
f 3193/99/5574 3195/100/5579 3198/101/5574
f 3189/97/5574 3193/99/5574 3198/101/5574
f 3146/75/5574 3189/97/5574 3198/101/5574
f 3139/72/5574 3146/75/5574 3198/101/5574
f 3140/102/5574 3139/72/5574 3198/101/5574
f 3140/102/5574 3198/101/5574 3202/103/5574
f 3203/12/5580 3204/12/5581 3205/14/5580
f 3205/14/5580 3206/14/5580 3203/12/5580
f 3207/43/5582 3174/43/5582 3172/41/5583
f 3172/41/5583 3208/41/5582 3207/43/5582
f 3209/60/5584 3191/60/5584 3190/59/5584
f 3190/59/5584 3210/59/5584 3209/60/5584
f 3211/16/5585 3147/16/5585 3145/14/5585
f 3145/14/5585 3206/14/5585 3211/16/5585
f 3212/35/5586 3166/35/5586 3164/33/5586
f 3164/33/5586 3213/33/5586 3212/35/5586
f 3214/53/5587 3184/53/5587 3182/51/5587
f 3182/51/5587 3215/51/5587 3214/53/5587
f 3138/7/5588 3137/6/5588 3216/6/5588
f 3216/6/5588 3217/7/5588 3138/7/5588
f 3201/68/5589 3218/68/5590 3216/70/5591
f 3216/70/5591 3137/70/5590 3201/68/5589
f 3219/27/5592 3158/27/5593 3156/25/5593
f 3156/25/5593 3200/25/5592 3219/27/5592
f 3220/45/5594 3176/45/5595 3174/43/5596
f 3174/43/5596 3207/43/5597 3220/45/5594
f 3209/60/5598 3221/63/5598 3194/63/5598
f 3194/63/5598 3191/60/5598 3209/60/5598
f 3222/19/5599 3150/19/5599 3147/16/5599
f 3147/16/5599 3211/16/5599 3222/19/5599
f 3223/37/5600 3168/37/5601 3166/35/5601
f 3166/35/5601 3212/35/5600 3223/37/5600
f 3224/54/5602 3185/54/5602 3184/53/5602
f 3184/53/5602 3214/53/5602 3224/54/5602
f 3217/7/5603 3225/10/5604 3141/10/5603
f 3141/10/5603 3138/7/5603 3217/7/5603
f 3226/29/5605 3160/29/5605 3158/27/5605
f 3158/27/5605 3219/27/5605 3226/29/5605
f 3220/45/5606 3227/46/5606 3177/46/5606
f 3177/46/5606 3176/45/5607 3220/45/5606
f 3196/65/5608 3194/63/5608 3221/63/5609
f 3221/63/5609 3228/65/5609 3196/65/5608
f 3229/21/5610 3152/21/5610 3150/19/5610
f 3150/19/5610 3222/19/5610 3229/21/5610
f 3230/39/5611 3170/39/5611 3168/37/5611
f 3168/37/5611 3223/37/5611 3230/39/5611
f 3231/56/5612 3187/56/5612 3185/54/5612
f 3185/54/5612 3224/54/5612 3231/56/5612
f 3203/12/5613 3143/12/5613 3141/10/5613
f 3141/10/5613 3225/10/5613 3203/12/5613
f 3232/30/5614 3161/30/5614 3160/29/5614
f 3160/29/5614 3226/29/5615 3232/30/5614
f 3233/48/5616 3179/48/5617 3177/46/5617
f 3177/46/5617 3227/46/5616 3233/48/5616
f 3197/66/5618 3196/65/5618 3228/65/5619
f 3228/65/5619 3234/66/5620 3197/66/5618
f 3152/21/5621 3229/21/5622 3199/22/5621
f 3199/22/5621 3153/22/5621 3152/21/5621
f 3208/41/5623 3172/41/5624 3170/39/5625
f 3170/39/5625 3230/39/5623 3208/41/5623
f 3210/59/5626 3190/59/5626 3187/56/5626
f 3187/56/5626 3231/56/5626 3210/59/5626
f 3145/14/5627 3143/12/5627 3203/12/5628
f 3203/12/5628 3206/14/5627 3145/14/5627
f 3213/33/5629 3164/33/5629 3161/30/5629
f 3161/30/5629 3232/30/5629 3213/33/5629
f 3215/51/5630 3182/51/5630 3179/48/5630
f 3179/48/5630 3233/48/5631 3215/51/5630
f 3201/68/5632 3197/66/5632 3234/66/5633
f 3234/66/5633 3218/68/5633 3201/68/5632
f 3235/104/5634 3236/105/5635 3237/106/5634
f 3237/106/5634 3238/107/5636 3239/108/5634
f 3235/104/5634 3237/106/5634 3239/108/5634
f 3239/108/5634 3240/109/5637 3241/110/5638
f 3241/110/5638 3242/111/5639 3243/112/5634
f 3239/108/5634 3241/110/5638 3243/112/5634
f 3243/112/5634 3244/113/5640 3245/114/5641
f 3245/114/5641 3246/115/5642 3247/116/5634
f 3243/112/5634 3245/114/5641 3247/116/5634
f 3239/108/5634 3243/112/5634 3247/116/5634
f 3247/116/5634 3248/117/5643 3249/118/5634
f 3249/118/5634 3250/119/5644 3251/120/5634
f 3247/116/5634 3249/118/5634 3251/120/5634
f 3251/120/5634 3252/121/5645 3253/122/5634
f 3253/122/5634 3254/123/5636 3255/124/5634
f 3251/120/5634 3253/122/5634 3255/124/5634
f 3247/116/5634 3251/120/5634 3255/124/5634
f 3239/108/5634 3247/116/5634 3255/124/5634
f 3255/124/5634 3256/125/5646 3257/126/5635
f 3257/126/5635 3258/127/5647 3259/128/5634
f 3255/124/5634 3257/126/5635 3259/128/5634
f 3255/124/5634 3259/128/5634 3260/129/5634
f 3239/108/5634 3255/124/5634 3260/129/5634
f 3260/129/5634 3261/130/5642 3262/131/5634
f 3262/131/5634 3263/132/5634 3205/133/5634
f 3260/129/5634 3262/131/5634 3205/133/5634
f 3239/108/5634 3260/129/5634 3205/133/5634
f 3235/104/5634 3239/108/5634 3205/133/5634
f 3235/104/5634 3205/133/5634 3204/134/5634
f 3235/104/5634 3204/134/5634 3264/135/5648
f 3234/66/5649 3238/66/5650 3237/68/5651
f 3237/68/5651 3218/68/5651 3234/66/5649
f 3208/41/5652 3251/41/5653 3250/43/5652
f 3250/43/5652 3207/43/5652 3208/41/5652
f 3206/14/5654 3205/14/5655 3263/16/5655
f 3263/16/5655 3211/16/5654 3206/14/5654
f 3218/68/5656 3237/68/5657 3236/70/5658
f 3236/70/5658 3216/70/5658 3218/68/5656
f 3207/43/5659 3250/43/5659 3249/45/5659
f 3249/45/5659 3220/45/5659 3207/43/5659
f 3211/16/5660 3263/16/5660 3262/19/5660
f 3262/19/5660 3222/19/5660 3211/16/5660
f 3220/45/5661 3249/45/5662 3248/46/5663
f 3248/46/5663 3227/46/5664 3220/45/5661
f 3222/19/5665 3262/19/5665 3261/21/5665
f 3261/21/5665 3229/21/5665 3222/19/5665
f 3227/46/5666 3248/46/5667 3247/48/5668
f 3247/48/5668 3233/48/5666 3227/46/5666
f 3199/22/5669 3229/21/5669 3261/21/5669
f 3261/21/5669 3260/22/5669 3199/22/5669
f 3233/48/5670 3247/48/5670 3246/51/5670
f 3246/51/5670 3215/51/5671 3233/48/5670
f 3199/22/5672 3260/22/5672 3259/25/5672
f 3259/25/5672 3200/25/5672 3199/22/5672
f 3215/51/5673 3246/51/5674 3245/53/5673
f 3245/53/5673 3214/53/5673 3215/51/5673
f 3200/25/5675 3259/25/5675 3258/27/5675
f 3258/27/5675 3219/27/5675 3200/25/5675
f 3214/53/5676 3245/53/5676 3244/54/5676
f 3244/54/5676 3224/54/5676 3214/53/5676
f 3219/27/5677 3258/27/5677 3257/29/5677
f 3257/29/5677 3226/29/5677 3219/27/5677
f 3224/54/5678 3244/54/5678 3243/56/5678
f 3243/56/5678 3231/56/5678 3224/54/5678
f 3226/29/5679 3257/29/5679 3256/30/5679
f 3256/30/5679 3232/30/5679 3226/29/5679
f 3231/56/5680 3243/56/5680 3242/59/5680
f 3242/59/5680 3210/59/5680 3231/56/5680
f 3232/30/5681 3256/30/5681 3255/33/5681
f 3255/33/5681 3213/33/5681 3232/30/5681
f 3210/59/5682 3242/59/5683 3241/60/5682
f 3241/60/5682 3209/60/5682 3210/59/5682
f 3213/33/5684 3255/33/5685 3254/35/5684
f 3254/35/5684 3212/35/5684 3213/33/5684
f 3216/6/5686 3236/6/5687 3235/7/5688
f 3235/7/5688 3217/7/5686 3216/6/5686
f 3209/60/5689 3241/60/5690 3240/63/5690
f 3240/63/5690 3221/63/5689 3209/60/5689
f 3212/35/5691 3254/35/5692 3253/37/5692
f 3253/37/5692 3223/37/5691 3212/35/5691
f 3217/7/5693 3235/7/5694 3264/10/5694
f 3264/10/5694 3225/10/5695 3217/7/5693
f 3221/63/5696 3240/63/5697 3239/65/5697
f 3239/65/5697 3228/65/5697 3221/63/5696
f 3223/37/5698 3253/37/5699 3252/39/5699
f 3252/39/5699 3230/39/5700 3223/37/5698
f 3225/10/5701 3264/10/5701 3204/12/5701
f 3204/12/5701 3203/12/5701 3225/10/5701
f 3228/65/5702 3239/65/5703 3238/66/5704
f 3238/66/5704 3234/66/5705 3228/65/5702
f 3230/39/5706 3252/39/5707 3251/41/5707
f 3251/41/5707 3208/41/5706 3230/39/5706
f 3265/7/5708 3266/8/5708 3267/9/5709
f 3267/9/5709 3268/6/5708 3265/7/5708
f 3269/11/5710 3266/8/5711 3265/7/5710
f 3265/7/5710 3270/10/5710 3269/11/5710
f 3271/12/5712 3272/13/5712 3269/11/5712
f 3269/11/5712 3270/10/5712 3271/12/5712
f 3273/15/5713 3272/13/5713 3271/12/5713
f 3271/12/5713 3274/14/5713 3273/15/5713
f 3275/16/5714 3276/17/5714 3273/15/5714
f 3273/15/5714 3274/14/5714 3275/16/5714
f 3277/18/5715 3276/17/5715 3275/16/5715
f 3275/16/5715 3278/19/5715 3277/18/5715
f 3279/20/5716 3277/18/5716 3278/19/5716
f 3278/19/5716 3280/21/5716 3279/20/5716
f 3281/22/5717 3282/23/5717 3279/20/5717
f 3279/20/5717 3280/21/5717 3281/22/5717
f 3283/24/5718 3282/23/5718 3281/22/5718
f 3281/22/5718 3284/25/5718 3283/24/5718
f 3285/27/5719 3286/26/5719 3283/24/5719
f 3283/24/5719 3284/25/5719 3285/27/5719
f 3287/29/5720 3288/28/5720 3286/26/5720
f 3286/26/5720 3285/27/5720 3287/29/5720
f 3289/31/5721 3288/28/5721 3287/29/5722
f 3287/29/5722 3290/30/5722 3289/31/5721
f 3291/33/5723 3292/32/5723 3289/31/5723
f 3289/31/5723 3290/30/5723 3291/33/5723
f 3293/35/5724 3294/34/5724 3292/32/5724
f 3292/32/5724 3291/33/5724 3293/35/5724
f 3295/36/5725 3294/34/5725 3293/35/5725
f 3293/35/5725 3296/37/5725 3295/36/5725
f 3296/37/5726 3297/39/5726 3298/38/5726
f 3298/38/5726 3295/36/5726 3296/37/5726
f 3299/41/5727 3300/40/5727 3298/38/5727
f 3298/38/5727 3297/39/5727 3299/41/5727
f 3301/42/5728 3300/40/5728 3299/41/5728
f 3299/41/5728 3302/43/5728 3301/42/5728
f 3303/44/5729 3301/42/5729 3302/43/5729
f 3302/43/5729 3304/45/5729 3303/44/5729
f 3305/46/5730 3306/47/5730 3303/44/5730
f 3303/44/5730 3304/45/5730 3305/46/5730
f 3307/49/5731 3306/47/5731 3305/46/5731
f 3305/46/5731 3308/48/5731 3307/49/5731
f 3309/51/5732 3310/50/5732 3307/49/5732
f 3307/49/5732 3308/48/5732 3309/51/5732
f 3311/53/5733 3312/52/5733 3310/50/5733
f 3310/50/5733 3309/51/5733 3311/53/5733
f 3313/55/5734 3312/52/5734 3311/53/5734
f 3311/53/5734 3314/54/5734 3313/55/5734
f 3315/57/5735 3313/55/5735 3314/54/5735
f 3314/54/5735 3316/56/5735 3315/57/5735
f 3317/59/5736 3318/58/5736 3315/57/5736
f 3315/57/5736 3316/56/5736 3317/59/5736
f 3319/61/5737 3318/58/5737 3317/59/5737
f 3317/59/5737 3320/60/5737 3319/61/5737
f 3321/63/5738 3322/62/5738 3319/61/5738
f 3319/61/5738 3320/60/5738 3321/63/5738
f 3323/65/5739 3324/64/5739 3322/62/5739
f 3322/62/5739 3321/63/5739 3323/65/5739
f 3325/67/5740 3324/64/5740 3323/65/5740
f 3323/65/5740 3326/66/5740 3325/67/5740
f 3327/25/5741 3284/25/5741 3281/22/5741
f 3281/22/5741 3328/22/5742 3327/25/5741
f 3329/68/5743 3330/69/5743 3325/67/5743
f 3325/67/5743 3326/66/5743 3329/68/5743
f 3329/68/5744 3268/70/5745 3267/71/5746
f 3267/71/5746 3330/69/5745 3329/68/5744
f 3267/102/5574 3266/72/5579 3269/73/5574
f 3269/73/5574 3272/74/5576 3273/75/5574
f 3267/102/5574 3269/73/5574 3273/75/5574
f 3276/76/5574 3277/77/5574 3279/78/5574
f 3273/75/5574 3276/76/5574 3279/78/5574
f 3273/75/5574 3279/78/5574 3282/79/5574
f 3282/79/5574 3283/80/5574 3286/81/5574
f 3273/75/5574 3282/79/5574 3286/81/5574
f 3273/75/5574 3286/81/5574 3288/82/5574
f 3288/82/5574 3289/83/5578 3292/84/5574
f 3273/75/5574 3288/82/5574 3292/84/5574
f 3273/75/5574 3292/84/5574 3294/85/5574
f 3294/85/5574 3295/86/5574 3298/87/5574
f 3273/75/5574 3294/85/5574 3298/87/5574
f 3273/75/5574 3298/87/5574 3300/88/5574
f 3300/88/5574 3301/89/5576 3303/90/5574
f 3273/75/5574 3300/88/5574 3303/90/5574
f 3273/75/5574 3303/90/5574 3306/91/5574
f 3306/91/5574 3307/92/5574 3310/93/5574
f 3273/75/5574 3306/91/5574 3310/93/5574
f 3273/75/5574 3310/93/5574 3312/94/5574
f 3312/94/5574 3313/95/5574 3315/96/5574
f 3273/75/5574 3312/94/5574 3315/96/5574
f 3273/75/5574 3315/96/5574 3318/97/5574
f 3318/97/5574 3319/98/5574 3322/99/5574
f 3273/75/5574 3318/97/5574 3322/99/5574
f 3273/75/5574 3322/99/5574 3324/100/5574
f 3267/102/5574 3273/75/5574 3324/100/5574
f 3267/102/5574 3324/100/5574 3325/101/5579
f 3267/102/5574 3325/101/5579 3330/103/5574
f 3331/14/5747 3332/12/5747 3333/12/5747
f 3333/12/5747 3334/14/5748 3331/14/5747
f 3335/43/5749 3302/43/5749 3299/41/5749
f 3299/41/5749 3336/41/5749 3335/43/5749
f 3337/60/5750 3320/60/5750 3317/59/5750
f 3317/59/5750 3338/59/5750 3337/60/5750
f 3274/14/5751 3331/14/5751 3339/16/5751
f 3339/16/5751 3275/16/5751 3274/14/5751
f 3291/33/5752 3340/33/5752 3341/35/5752
f 3341/35/5752 3293/35/5752 3291/33/5752
f 3311/53/5753 3309/51/5753 3342/51/5753
f 3342/51/5753 3343/53/5753 3311/53/5753
f 3268/6/5754 3344/6/5754 3345/7/5755
f 3345/7/5755 3265/7/5754 3268/6/5754
f 3268/70/5756 3329/68/5756 3346/68/5756
f 3346/68/5756 3344/70/5757 3268/70/5756
f 3327/25/5758 3347/27/5758 3285/27/5758
f 3285/27/5758 3284/25/5758 3327/25/5758
f 3335/43/5759 3348/45/5759 3304/45/5759
f 3304/45/5759 3302/43/5760 3335/43/5759
f 3337/60/5761 3349/63/5762 3321/63/5761
f 3321/63/5761 3320/60/5761 3337/60/5761
f 3350/19/5763 3278/19/5763 3275/16/5763
f 3275/16/5763 3339/16/5763 3350/19/5763
f 3351/37/5764 3296/37/5765 3293/35/5765
f 3293/35/5765 3341/35/5764 3351/37/5764
f 3352/54/5766 3314/54/5766 3311/53/5766
f 3311/53/5766 3343/53/5767 3352/54/5766
f 3353/10/5768 3270/10/5769 3265/7/5768
f 3265/7/5768 3345/7/5768 3353/10/5768
f 3285/27/5770 3347/27/5770 3354/29/5770
f 3354/29/5770 3287/29/5770 3285/27/5770
f 3305/46/5771 3304/45/5771 3348/45/5771
f 3348/45/5771 3355/46/5771 3305/46/5771
f 3323/65/5772 3321/63/5773 3349/63/5772
f 3349/63/5772 3356/65/5772 3323/65/5772
f 3350/19/5774 3357/21/5774 3280/21/5774
f 3280/21/5774 3278/19/5775 3350/19/5774
f 3351/37/5776 3358/39/5777 3297/39/5776
f 3297/39/5776 3296/37/5778 3351/37/5776
f 3352/54/5779 3359/56/5779 3316/56/5779
f 3316/56/5779 3314/54/5779 3352/54/5779
f 3270/10/5780 3353/10/5780 3332/12/5780
f 3332/12/5780 3271/12/5780 3270/10/5780
f 3360/30/5781 3290/30/5781 3287/29/5781
f 3287/29/5781 3354/29/5781 3360/30/5781
f 3361/48/5782 3308/48/5783 3305/46/5783
f 3305/46/5783 3355/46/5783 3361/48/5782
f 3362/66/5784 3326/66/5785 3323/65/5786
f 3323/65/5786 3356/65/5784 3362/66/5784
f 3280/21/5787 3357/21/5787 3328/22/5787
f 3328/22/5787 3281/22/5787 3280/21/5787
f 3297/39/5788 3358/39/5789 3336/41/5789
f 3336/41/5789 3299/41/5788 3297/39/5788
f 3317/59/5790 3316/56/5790 3359/56/5790
f 3359/56/5790 3338/59/5790 3317/59/5790
f 3331/14/5791 3274/14/5791 3271/12/5791
f 3271/12/5791 3332/12/5791 3331/14/5791
f 3360/30/5792 3340/33/5792 3291/33/5792
f 3291/33/5792 3290/30/5792 3360/30/5792
f 3361/48/5793 3342/51/5793 3309/51/5793
f 3309/51/5793 3308/48/5793 3361/48/5793
f 3362/66/5794 3346/68/5794 3329/68/5794
f 3329/68/5794 3326/66/5794 3362/66/5794
f 3363/106/5795 3364/107/5796 3365/108/5795
f 3363/106/5795 3365/108/5795 3366/109/5797
f 3366/109/5797 3367/110/5798 3368/111/5795
f 3363/106/5795 3366/109/5797 3368/111/5795
f 3363/106/5795 3368/111/5795 3369/112/5795
f 3369/112/5795 3370/113/5799 3371/114/5800
f 3363/106/5795 3369/112/5795 3371/114/5800
f 3363/106/5795 3371/114/5800 3372/115/5795
f 3372/115/5795 3373/116/5801 3374/117/5802
f 3363/106/5795 3372/115/5795 3374/117/5802
f 3363/106/5795 3374/117/5802 3375/118/5795
f 3375/118/5795 3376/119/5795 3377/120/5795
f 3363/106/5795 3375/118/5795 3377/120/5795
f 3363/106/5795 3377/120/5795 3378/121/5795
f 3378/121/5795 3379/122/5803 3380/123/5795
f 3363/106/5795 3378/121/5795 3380/123/5795
f 3363/106/5795 3380/123/5795 3381/124/5804
f 3381/124/5804 3382/125/5805 3383/126/5795
f 3363/106/5795 3381/124/5804 3383/126/5795
f 3363/106/5795 3383/126/5795 3384/127/5795
f 3384/127/5795 3385/128/5806 3386/129/5795
f 3363/106/5795 3384/127/5795 3386/129/5795
f 3386/129/5795 3387/130/5807 3388/131/5800
f 3386/129/5795 3388/131/5800 3389/132/5795
f 3363/106/5795 3386/129/5795 3389/132/5795
f 3363/106/5795 3389/132/5795 3334/133/5795
f 3334/133/5795 3333/134/5804 3390/135/5795
f 3363/106/5795 3334/133/5795 3390/135/5795
f 3391/105/5804 3363/106/5795 3390/135/5795
f 3392/104/5808 3391/105/5804 3390/135/5795
f 3346/68/5809 3362/66/5809 3364/66/5810
f 3364/66/5810 3363/68/5810 3346/68/5809
f 3377/41/5811 3376/43/5812 3335/43/5812
f 3335/43/5812 3336/41/5812 3377/41/5811
f 3339/16/5813 3331/14/5813 3334/14/5813
f 3334/14/5813 3389/16/5813 3339/16/5813
f 3344/70/5814 3346/68/5814 3363/68/5815
f 3363/68/5815 3391/70/5815 3344/70/5814
f 3348/45/5816 3335/43/5817 3376/43/5818
f 3376/43/5818 3375/45/5819 3348/45/5816
f 3388/19/5820 3350/19/5821 3339/16/5821
f 3339/16/5821 3389/16/5820 3388/19/5820
f 3355/46/5822 3348/45/5823 3375/45/5822
f 3375/45/5822 3374/46/5824 3355/46/5822
f 3357/21/5825 3350/19/5825 3388/19/5826
f 3388/19/5826 3387/21/5826 3357/21/5825
f 3374/46/5827 3373/48/5827 3361/48/5827
f 3361/48/5827 3355/46/5827 3374/46/5827
f 3328/22/5828 3357/21/5829 3387/21/5828
f 3387/21/5828 3386/22/5830 3328/22/5828
f 3342/51/5831 3361/48/5831 3373/48/5831
f 3373/48/5831 3372/51/5831 3342/51/5831
f 3386/22/5832 3385/25/5832 3327/25/5832
f 3327/25/5832 3328/22/5833 3386/22/5832
f 3343/53/5834 3342/51/5835 3372/51/5836
f 3372/51/5836 3371/53/5836 3343/53/5834
f 3347/27/5837 3327/25/5837 3385/25/5837
f 3385/25/5837 3384/27/5837 3347/27/5837
f 3371/53/5838 3370/54/5838 3352/54/5838
f 3352/54/5838 3343/53/5838 3371/53/5838
f 3354/29/5839 3347/27/5839 3384/27/5839
f 3384/27/5839 3383/29/5840 3354/29/5839
f 3359/56/5841 3352/54/5841 3370/54/5841
f 3370/54/5841 3369/56/5841 3359/56/5841
f 3383/29/5842 3382/30/5842 3360/30/5842
f 3360/30/5842 3354/29/5843 3383/29/5842
f 3338/59/5844 3359/56/5844 3369/56/5844
f 3369/56/5844 3368/59/5844 3338/59/5844
f 3340/33/5845 3360/30/5845 3382/30/5845
f 3382/30/5845 3381/33/5846 3340/33/5845
f 3368/59/5847 3367/60/5847 3337/60/5847
f 3337/60/5847 3338/59/5847 3368/59/5847
f 3341/35/5848 3340/33/5848 3381/33/5849
f 3381/33/5849 3380/35/5848 3341/35/5848
f 3344/6/5850 3391/6/5851 3392/7/5852
f 3392/7/5852 3345/7/5850 3344/6/5850
f 3349/63/5853 3337/60/5853 3367/60/5853
f 3367/60/5853 3366/63/5854 3349/63/5853
f 3380/35/5855 3379/37/5856 3351/37/5857
f 3351/37/5857 3341/35/5857 3380/35/5855
f 3390/10/5858 3353/10/5858 3345/7/5858
f 3345/7/5858 3392/7/5859 3390/10/5858
f 3356/65/5860 3349/63/5861 3366/63/5862
f 3366/63/5862 3365/65/5863 3356/65/5860
f 3358/39/5864 3351/37/5864 3379/37/5864
f 3379/37/5864 3378/39/5865 3358/39/5864
f 3333/12/5866 3332/12/5866 3353/10/5866
f 3353/10/5866 3390/10/5866 3333/12/5866
f 3365/65/5867 3364/66/5867 3362/66/5867
f 3362/66/5867 3356/65/5867 3365/65/5867
f 3336/41/5868 3358/39/5869 3378/39/5868
f 3378/39/5868 3377/41/5870 3336/41/5868
f 3393/7/5871 3394/8/5871 3395/9/5871
f 3395/9/5871 3396/6/5871 3393/7/5871
f 3397/11/5872 3394/8/5872 3393/7/5872
f 3393/7/5872 3398/10/5872 3397/11/5872
f 3399/12/5873 3400/13/5873 3397/11/5873
f 3397/11/5873 3398/10/5873 3399/12/5873
f 3401/14/5874 3402/15/5875 3400/13/5876
f 3400/13/5876 3399/12/5877 3401/14/5874
f 3403/17/5878 3402/15/5878 3401/14/5878
f 3401/14/5878 3404/16/5878 3403/17/5878
f 3405/19/5879 3406/18/5880 3403/17/5879
f 3403/17/5879 3404/16/5880 3405/19/5879
f 3407/21/5881 3408/20/5881 3406/18/5881
f 3406/18/5881 3405/19/5881 3407/21/5881
f 3409/23/5882 3408/20/5882 3407/21/5882
f 3407/21/5882 3410/22/5882 3409/23/5882
f 3411/25/5883 3412/24/5883 3409/23/5883
f 3409/23/5883 3410/22/5883 3411/25/5883
f 3413/27/5884 3414/26/5884 3412/24/5884
f 3412/24/5884 3411/25/5884 3413/27/5884
f 3415/28/5885 3414/26/5885 3413/27/5885
f 3413/27/5885 3416/29/5885 3415/28/5885
f 3417/30/5886 3418/31/5886 3415/28/5886
f 3415/28/5886 3416/29/5886 3417/30/5886
f 3419/33/5887 3420/32/5887 3418/31/5887
f 3418/31/5887 3417/30/5887 3419/33/5887
f 3421/34/5888 3420/32/5889 3419/33/5888
f 3419/33/5888 3422/35/5889 3421/34/5888
f 3423/36/5890 3421/34/5890 3422/35/5891
f 3422/35/5891 3424/37/5890 3423/36/5890
f 3425/39/5892 3426/38/5892 3423/36/5892
f 3423/36/5892 3424/37/5892 3425/39/5892
f 3427/40/5893 3426/38/5893 3425/39/5893
f 3425/39/5893 3428/41/5893 3427/40/5893
f 3429/42/5894 3427/40/5894 3428/41/5894
f 3428/41/5894 3430/43/5894 3429/42/5894
f 3431/45/5895 3432/44/5895 3429/42/5895
f 3429/42/5895 3430/43/5895 3431/45/5895
f 3433/47/5896 3432/44/5897 3431/45/5898
f 3431/45/5898 3434/46/5899 3433/47/5896
f 3435/48/5900 3436/49/5901 3433/47/5900
f 3433/47/5900 3434/46/5900 3435/48/5900
f 3437/51/5902 3438/50/5902 3436/49/5902
f 3436/49/5902 3435/48/5903 3437/51/5902
f 3439/52/5904 3438/50/5904 3437/51/5904
f 3437/51/5904 3440/53/5904 3439/52/5904
f 3441/55/5905 3439/52/5905 3440/53/5905
f 3440/53/5905 3442/54/5905 3441/55/5905
f 3443/56/5906 3444/57/5906 3441/55/5906
f 3441/55/5906 3442/54/5906 3443/56/5906
f 3445/58/5907 3444/57/5907 3443/56/5907
f 3443/56/5907 3446/59/5907 3445/58/5907
f 3447/60/5908 3448/61/5908 3445/58/5908
f 3445/58/5908 3446/59/5908 3447/60/5908
f 3449/63/5909 3450/62/5910 3448/61/5909
f 3448/61/5909 3447/60/5911 3449/63/5909
f 3451/64/5912 3450/62/5912 3449/63/5912
f 3449/63/5912 3452/65/5912 3451/64/5912
f 3453/66/5913 3454/67/5914 3451/64/5913
f 3451/64/5913 3452/65/5915 3453/66/5913
f 3410/22/5916 3455/22/5916 3456/25/5916
f 3456/25/5916 3411/25/5916 3410/22/5916
f 3457/68/5917 3458/69/5917 3454/67/5917
f 3454/67/5917 3453/66/5917 3457/68/5917
f 3457/68/5918 3396/70/5918 3395/71/5918
f 3395/71/5918 3458/69/5918 3457/68/5918
f 3394/72/5574 3397/73/5577 3400/74/5576
f 3395/102/5574 3394/72/5574 3400/74/5576
f 3395/102/5574 3400/74/5576 3402/75/5574
f 3402/75/5574 3403/76/5576 3406/77/5574
f 3395/102/5574 3402/75/5574 3406/77/5574
f 3395/102/5574 3406/77/5574 3408/78/5574
f 3408/78/5574 3409/79/5574 3412/80/5574
f 3395/102/5574 3408/78/5574 3412/80/5574
f 3395/102/5574 3412/80/5574 3414/81/5574
f 3414/81/5574 3415/82/5574 3418/83/5574
f 3395/102/5574 3414/81/5574 3418/83/5574
f 3395/102/5574 3418/83/5574 3420/84/5574
f 3420/84/5574 3421/85/5575 3423/86/5574
f 3395/102/5574 3420/84/5574 3423/86/5574
f 3395/102/5574 3423/86/5574 3426/87/5574
f 3426/87/5574 3427/88/5574 3429/89/5574
f 3395/102/5574 3426/87/5574 3429/89/5574
f 3395/102/5574 3429/89/5574 3432/90/5574
f 3432/90/5574 3433/91/5579 3436/92/5574
f 3395/102/5574 3432/90/5574 3436/92/5574
f 3395/102/5574 3436/92/5574 3438/93/5574
f 3438/93/5574 3439/94/5574 3441/95/5574
f 3395/102/5574 3438/93/5574 3441/95/5574
f 3395/102/5574 3441/95/5574 3444/96/5574
f 3444/96/5574 3445/97/5574 3448/98/5574
f 3395/102/5574 3444/96/5574 3448/98/5574
f 3395/102/5574 3448/98/5574 3450/99/5574
f 3450/99/5574 3451/100/5576 3454/101/5574
f 3395/102/5574 3450/99/5574 3454/101/5574
f 3395/102/5574 3454/101/5574 3458/103/5919
f 3459/12/5920 3460/12/5921 3461/14/5922
f 3461/14/5922 3462/14/5920 3459/12/5920
f 3463/43/5923 3430/43/5923 3428/41/5923
f 3428/41/5923 3464/41/5924 3463/43/5923
f 3465/60/5925 3447/60/5925 3446/59/5925
f 3446/59/5925 3466/59/5926 3465/60/5925
f 3401/14/5927 3462/14/5927 3467/16/5927
f 3467/16/5927 3404/16/5927 3401/14/5927
f 3422/35/5928 3419/33/5928 3468/33/5928
f 3468/33/5928 3469/35/5928 3422/35/5928
f 3440/53/5929 3437/51/5929 3470/51/5929
f 3470/51/5929 3471/53/5929 3440/53/5929
f 3472/7/5930 3393/7/5930 3396/6/5930
f 3396/6/5930 3473/6/5930 3472/7/5930
f 3474/68/5931 3473/70/5932 3396/70/5931
f 3396/70/5931 3457/68/5931 3474/68/5931
f 3411/25/5933 3456/25/5933 3475/27/5933
f 3475/27/5933 3413/27/5933 3411/25/5933
f 3476/45/5934 3431/45/5934 3430/43/5934
f 3430/43/5934 3463/43/5934 3476/45/5934
f 3477/63/5935 3449/63/5935 3447/60/5935
f 3447/60/5935 3465/60/5936 3477/63/5935
f 3404/16/5937 3467/16/5937 3478/19/5937
f 3478/19/5937 3405/19/5937 3404/16/5937
f 3479/37/5938 3424/37/5938 3422/35/5939
f 3422/35/5939 3469/35/5940 3479/37/5938
f 3480/54/5941 3442/54/5941 3440/53/5941
f 3440/53/5941 3471/53/5941 3480/54/5941
f 3393/7/5942 3472/7/5943 3481/10/5942
f 3481/10/5942 3398/10/5942 3393/7/5942
f 3475/27/5944 3482/29/5944 3416/29/5944
f 3416/29/5944 3413/27/5944 3475/27/5944
f 3434/46/5945 3431/45/5945 3476/45/5945
f 3476/45/5945 3483/46/5945 3434/46/5945
f 3452/65/5946 3449/63/5947 3477/63/5947
f 3477/63/5947 3484/65/5947 3452/65/5946
f 3405/19/5948 3478/19/5948 3485/21/5948
f 3485/21/5948 3407/21/5948 3405/19/5948
f 3486/39/5949 3425/39/5949 3424/37/5949
f 3424/37/5949 3479/37/5949 3486/39/5949
f 3487/56/5950 3443/56/5950 3442/54/5950
f 3442/54/5950 3480/54/5950 3487/56/5950
f 3398/10/5951 3481/10/5952 3459/12/5952
f 3459/12/5952 3399/12/5951 3398/10/5951
f 3482/29/5953 3488/30/5953 3417/30/5953
f 3417/30/5953 3416/29/5953 3482/29/5953
f 3489/48/5954 3435/48/5955 3434/46/5955
f 3434/46/5955 3483/46/5956 3489/48/5954
f 3490/66/5957 3453/66/5957 3452/65/5957
f 3452/65/5957 3484/65/5957 3490/66/5957
f 3407/21/5958 3485/21/5958 3455/22/5959
f 3455/22/5959 3410/22/5958 3407/21/5958
f 3428/41/5960 3425/39/5961 3486/39/5960
f 3486/39/5960 3464/41/5962 3428/41/5960
f 3446/59/5963 3443/56/5963 3487/56/5963
f 3487/56/5963 3466/59/5963 3446/59/5963
f 3399/12/5964 3459/12/5964 3462/14/5964
f 3462/14/5964 3401/14/5964 3399/12/5964
f 3419/33/5965 3417/30/5966 3488/30/5967
f 3488/30/5967 3468/33/5967 3419/33/5965
f 3470/51/5968 3437/51/5968 3435/48/5968
f 3435/48/5968 3489/48/5968 3470/51/5968
f 3474/68/5969 3457/68/5970 3453/66/5971
f 3453/66/5971 3490/66/5970 3474/68/5969
f 3491/104/5972 3492/105/5973 3493/106/5974
f 3493/106/5974 3494/107/5975 3495/108/5974
f 3491/104/5972 3493/106/5974 3495/108/5974
f 3496/109/5976 3497/110/5977 3498/111/5972
f 3495/108/5974 3496/109/5976 3498/111/5972
f 3491/104/5972 3495/108/5974 3498/111/5972
f 3499/112/5978 3500/113/5979 3501/114/5974
f 3498/111/5972 3499/112/5978 3501/114/5974
f 3502/115/5980 3503/116/5981 3504/117/5974
f 3501/114/5974 3502/115/5980 3504/117/5974
f 3498/111/5972 3501/114/5974 3504/117/5974
f 3491/104/5972 3498/111/5972 3504/117/5974
f 3505/118/5982 3506/119/5983 3507/120/5974
f 3504/117/5974 3505/118/5982 3507/120/5974
f 3508/121/5974 3509/122/5973 3510/123/5974
f 3507/120/5974 3508/121/5974 3510/123/5974
f 3504/117/5974 3507/120/5974 3510/123/5974
f 3511/124/5978 3512/125/5984 3513/126/5974
f 3510/123/5974 3511/124/5978 3513/126/5974
f 3514/127/5975 3515/128/5979 3516/129/5974
f 3513/126/5974 3514/127/5975 3516/129/5974
f 3510/123/5974 3513/126/5974 3516/129/5974
f 3504/117/5974 3510/123/5974 3516/129/5974
f 3491/104/5972 3504/117/5974 3516/129/5974
f 3517/130/5985 3518/131/5984 3519/132/5975
f 3516/129/5974 3517/130/5985 3519/132/5975
f 3461/133/5974 3460/134/5986 3520/135/5979
f 3519/132/5975 3461/133/5974 3520/135/5979
f 3516/129/5974 3519/132/5975 3520/135/5979
f 3491/104/5972 3516/129/5974 3520/135/5979
f 3490/66/5987 3494/66/5988 3493/68/5988
f 3493/68/5988 3474/68/5987 3490/66/5987
f 3463/43/5989 3464/41/5989 3507/41/5989
f 3507/41/5989 3506/43/5989 3463/43/5989
f 3519/16/5990 3467/16/5990 3462/14/5991
f 3462/14/5991 3461/14/5991 3519/16/5990
f 3493/68/5992 3492/70/5992 3473/70/5992
f 3473/70/5992 3474/68/5992 3493/68/5992
f 3463/43/5993 3506/43/5993 3505/45/5993
f 3505/45/5993 3476/45/5993 3463/43/5993
f 3478/19/5994 3467/16/5994 3519/16/5994
f 3519/16/5994 3518/19/5994 3478/19/5994
f 3504/46/5995 3483/46/5996 3476/45/5996
f 3476/45/5996 3505/45/5995 3504/46/5995
f 3478/19/5997 3518/19/5997 3517/21/5997
f 3517/21/5997 3485/21/5997 3478/19/5997
f 3489/48/5998 3483/46/5998 3504/46/5999
f 3504/46/5999 3503/48/5999 3489/48/5998
f 3516/22/6000 3455/22/6000 3485/21/6000
f 3485/21/6000 3517/21/6000 3516/22/6000
f 3489/48/6001 3503/48/6001 3502/51/6001
f 3502/51/6001 3470/51/6001 3489/48/6001
f 3456/25/6002 3455/22/6003 3516/22/6004
f 3516/22/6004 3515/25/6002 3456/25/6002
f 3501/53/6005 3471/53/6005 3470/51/6005
f 3470/51/6005 3502/51/6005 3501/53/6005
f 3456/25/6006 3515/25/6006 3514/27/6006
f 3514/27/6006 3475/27/6006 3456/25/6006
f 3480/54/6007 3471/53/6007 3501/53/6007
f 3501/53/6007 3500/54/6007 3480/54/6007
f 3475/27/6008 3514/27/6008 3513/29/6008
f 3513/29/6008 3482/29/6008 3475/27/6008
f 3480/54/6009 3500/54/6009 3499/56/6009
f 3499/56/6009 3487/56/6009 3480/54/6009
f 3513/29/6010 3512/30/6010 3488/30/6010
f 3488/30/6010 3482/29/6011 3513/29/6010
f 3498/59/6012 3466/59/6012 3487/56/6012
f 3487/56/6012 3499/56/6012 3498/59/6012
f 3511/33/6013 3468/33/6014 3488/30/6014
f 3488/30/6014 3512/30/6013 3511/33/6013
f 3465/60/6015 3466/59/6015 3498/59/6016
f 3498/59/6016 3497/60/6015 3465/60/6015
f 3510/35/6017 3469/35/6017 3468/33/6017
f 3468/33/6017 3511/33/6017 3510/35/6017
f 3472/7/6018 3473/6/6018 3492/6/6018
f 3492/6/6018 3491/7/6018 3472/7/6018
f 3465/60/6019 3497/60/6019 3496/63/6019
f 3496/63/6019 3477/63/6019 3465/60/6019
f 3479/37/6020 3469/35/6020 3510/35/6020
f 3510/35/6020 3509/37/6021 3479/37/6020
f 3520/10/6022 3481/10/6022 3472/7/6022
f 3472/7/6022 3491/7/6023 3520/10/6022
f 3495/65/6024 3484/65/6024 3477/63/6025
f 3477/63/6025 3496/63/6024 3495/65/6024
f 3479/37/6026 3509/37/6026 3508/39/6026
f 3508/39/6026 3486/39/6026 3479/37/6026
f 3459/12/6027 3481/10/6028 3520/10/6027
f 3520/10/6027 3460/12/6029 3459/12/6027
f 3490/66/6030 3484/65/6031 3495/65/6030
f 3495/65/6030 3494/66/6030 3490/66/6030
f 3507/41/6032 3464/41/6032 3486/39/6032
f 3486/39/6032 3508/39/6032 3507/41/6032
